t_s,estimator,maneuver,horizon_s,detect_hz,latency_s,jitter,meas_corr,predict_on,true_range_m,est_range_m,range_err_m,range_sigma_m,est_size_w_m,est_size_h_m,size_err_m,true_speed_mps,est_speed_mps,held_err_px,est_err_px,track_err_px,origin_hdg,origin_att,delayed_hdg,delayed_att,jittered_hdg,jittered_att,est_hdg,est_att,pred_hdg,pred_att,err_delayed_hdg,err_delayed_att,err_jittered_hdg,err_jittered_att,err_est_hdg,err_est_att,detect_count,detect_age_s,tracker_updates,tracker_rejects,imm_p0,imm_p1,imm_p2,chaser_vx,chaser_vy,chaser_vz,target_vx,target_vy,target_vz,timing_on,period_s,pkt_latency_s,meas_stamp_s,stamp_err_s,zoom,fov_deg,fx
0.0100,IMM-UKF,jink,0.500,4.00,0.050,1,0.600,1,19.4193,nan,nan,nan,nan,nan,nan,6.0000,nan,0.0000,0.0000,0.0000,18.5716,-11.7368,nan,nan,nan,nan,nan,nan,nan,nan,nan,nan,nan,nan,nan,nan,0,0.0000,0,0,0.0000,0.0000,0.0000,0.0666,0.1666,-0.0147,5.5437,2.2950,0.0000,1,0.2216,0.0453,0.0000,-0.0020,1.000,70.00,342.76
0.0200,IMM-UKF,jink,0.500,4.00,0.050,1,0.600,1,19.4549,nan,nan,nan,nan,nan,nan,6.0000,nan,0.0000,0.0000,0.0000,18.7056,-11.7142,nan,nan,nan,nan,nan,nan,nan,nan,nan,nan,nan,nan,nan,nan,0,0.0000,0,0,0.0000,0.0000,0.0000,0.1329,0.3314,-0.0292,5.5158,2.3614,0.0000,1,0.2216,0.0453,0.0000,-0.0020,1.000,70.00,342.76
0.0300,IMM-UKF,jink,0.500,4.00,0.050,1,0.600,1,19.4894,nan,nan,nan,nan,nan,nan,6.0000,nan,0.0000,0.0000,0.0000,18.8373,-11.6919,nan,nan,nan,nan,nan,nan,nan,nan,nan,nan,nan,nan,nan,nan,0,0.0000,0,0,0.0000,0.0000,0.0000,0.1987,0.4944,-0.0435,5.4870,2.4274,0.0000,1,0.2216,0.0453,0.0000,-0.0020,1.000,70.00,342.76
0.0400,IMM-UKF,jink,0.500,4.00,0.050,1,0.600,1,19.5227,nan,nan,nan,nan,nan,nan,6.0000,nan,0.0000,0.0000,0.0000,18.9668,-11.6699,nan,nan,nan,nan,nan,nan,nan,nan,nan,nan,nan,nan,nan,nan,0,0.0000,0,0,0.0000,0.0000,0.0000,0.2641,0.6558,-0.0576,5.4575,2.4931,0.0000,1,0.2216,0.0453,0.0000,-0.0020,1.000,70.00,342.76
0.0500,IMM-UKF,jink,0.500,4.00,0.050,1,0.600,1,19.5550,17.1345,-2.4206,8.6127,0.3600,0.1002,0.0187,6.0000,0.0000,1.5766,4.2615,0.1722,19.0940,-11.6483,18.4354,-11.7598,18.4936,-12.0174,18.4841,-12.0370,18.3901,-12.2310,-0.6586,-0.1116,-0.6004,-0.3692,-0.6099,-0.3888,1,0.0500,1,0,0.3333,0.3333,0.3333,0.3290,0.8154,-0.0715,5.4272,2.5584,0.0000,1,0.2216,0.0453,-0.0020,-0.0020,1.000,70.00,342.76
0.0600,IMM-UKF,jink,0.500,4.00,0.050,1,0.600,1,19.5862,17.1152,-2.4709,8.6223,0.3600,0.1002,0.0187,6.0000,0.0000,1.5762,4.9994,0.1717,19.2190,-11.6270,18.4354,-11.7598,18.4936,-12.0174,18.4799,-12.0454,18.3655,-12.2791,-0.7836,-0.1329,-0.7254,-0.3905,-0.7391,-0.4185,1,0.0600,1,0,0.3333,0.3333,0.3333,0.3936,0.9733,-0.0852,5.3961,2.6233,0.0000,1,0.2216,0.0453,-0.0020,-0.0020,1.000,70.00,342.76
0.0700,IMM-UKF,jink,0.500,4.00,0.050,1,0.600,1,19.6163,17.0927,-2.5235,8.6337,0.3600,0.1002,0.0187,6.0000,0.0000,1.5758,5.7437,0.1712,19.3418,-11.6060,18.4354,-11.7598,18.4936,-12.0174,18.4749,-12.0553,18.3396,-12.3290,-0.9064,-0.1539,-0.8482,-0.4115,-0.8668,-0.4493,1,0.0700,1,0,0.3333,0.3333,0.3333,0.4577,1.1296,-0.0987,5.3643,2.6879,0.0000,1,0.2216,0.0453,-0.0020,-0.0020,1.000,70.00,342.76
0.0800,IMM-UKF,jink,0.500,4.00,0.050,1,0.600,1,19.6452,17.0670,-2.5782,8.6467,0.3600,0.1002,0.0185,6.0000,0.0000,1.5754,6.4900,0.1707,19.4624,-11.5853,18.4354,-11.7598,18.4936,-12.0174,18.4691,-12.0666,18.3122,-12.3808,-1.0270,-0.1745,-0.9688,-0.4321,-0.9933,-0.4812,1,0.0800,1,0,0.3333,0.3333,0.3333,0.5213,1.2843,-0.1120,5.3316,2.7521,0.0000,1,0.2216,0.0453,-0.0020,-0.0020,1.000,70.00,342.76
0.0900,IMM-UKF,jink,0.500,4.00,0.050,1,0.600,1,19.6731,17.0382,-2.6350,8.6615,0.3600,0.1002,0.0183,6.0000,0.0000,1.5750,7.2359,0.1702,19.5808,-11.5650,18.4354,-11.7598,18.4936,-12.0174,18.4625,-12.0793,18.2834,-12.4346,-1.1454,-0.1948,-1.0872,-0.4525,-1.1183,-0.5143,1,0.0900,1,0,0.3333,0.3333,0.3333,0.5846,1.4373,-0.1250,5.2982,2.8158,0.0000,1,0.2216,0.0453,-0.0020,-0.0020,1.000,70.00,342.76
0.1000,IMM-UKF,jink,0.500,4.00,0.050,1,0.600,1,19.7000,17.0062,-2.6938,8.6779,0.3600,0.1002,0.0180,6.0000,0.0000,1.5746,7.9800,0.1696,19.6970,-11.5450,18.4354,-11.7598,18.4936,-12.0174,18.4550,-12.0935,18.2531,-12.4903,-1.2616,-0.2149,-1.2034,-0.4725,-1.2420,-0.5486,1,0.1000,1,0,0.3333,0.3333,0.3333,0.6474,1.5887,-0.1379,5.2640,2.8792,0.0000,1,0.2216,0.0453,-0.0020,-0.0020,1.000,70.00,342.76
0.1100,IMM-UKF,jink,0.500,4.00,0.050,1,0.600,1,19.7257,16.9711,-2.7546,8.6961,0.3600,0.1002,0.0177,6.0000,0.0000,1.5741,8.7215,0.1691,19.8110,-11.5253,18.4354,-11.7598,18.4936,-12.0174,18.4466,-12.1092,18.2213,-12.5482,-1.3756,-0.2346,-1.3174,-0.4922,-1.3644,-0.5840,1,0.1100,1,0,0.3333,0.3333,0.3333,0.7097,1.7386,-0.1506,5.2291,2.9422,0.0000,1,0.2216,0.0453,-0.0020,-0.0020,1.000,70.00,342.76
0.1200,IMM-UKF,jink,0.500,4.00,0.050,1,0.600,1,19.7504,16.9331,-2.8173,8.7159,0.3600,0.1002,0.0173,6.0000,0.0000,1.5737,9.4598,0.1686,19.9229,-11.5059,18.4354,-11.7598,18.4936,-12.0174,18.4373,-12.1264,18.1879,-12.6081,-1.4875,-0.2539,-1.4293,-0.5115,-1.4856,-0.6205,1,0.1200,1,0,0.3333,0.3333,0.3333,0.7716,1.8868,-0.1631,5.1934,3.0047,0.0000,1,0.2216,0.0453,-0.0020,-0.0020,1.000,70.00,342.76
0.1300,IMM-UKF,jink,0.500,4.00,0.050,1,0.600,1,19.7741,16.8920,-2.8820,8.7374,0.3600,0.1002,0.0168,6.0000,0.0000,1.5733,10.1947,0.1680,20.0326,-11.4868,18.4354,-11.7598,18.4936,-12.0174,18.4272,-12.1450,18.1530,-12.6702,-1.5972,-0.2730,-1.5390,-0.5306,-1.6054,-0.6582,1,0.1300,1,0,0.3333,0.3333,0.3333,0.8331,2.0336,-0.1754,5.1570,3.0668,0.0000,1,0.2216,0.0453,-0.0020,-0.0020,1.000,70.00,342.76
0.1400,IMM-UKF,jink,0.500,4.00,0.050,1,0.600,1,19.7967,16.8481,-2.9486,8.7607,0.3600,0.1002,0.0162,6.0000,0.0000,1.5728,10.9260,0.1675,20.1402,-11.4681,18.4354,-11.7598,18.4936,-12.0174,18.4161,-12.1651,18.1164,-12.7345,-1.7048,-0.2918,-1.6466,-0.5494,-1.7241,-0.6970,1,0.1400,1,0,0.3333,0.3333,0.3333,0.8941,2.1787,-0.1876,5.1198,3.1285,0.0000,1,0.2216,0.0453,-0.0020,-0.0020,1.000,70.00,342.76
0.1500,IMM-UKF,jink,0.500,4.00,0.050,1,0.600,1,19.8182,16.8013,-3.0169,8.7856,0.3600,0.1002,0.0156,6.0000,0.0000,1.5723,11.6536,0.1669,20.2456,-11.4496,18.4354,-11.7598,18.4936,-12.0174,18.4041,-12.1866,18.0781,-12.8011,-1.8102,-0.3102,-1.7520,-0.5678,-1.8415,-0.7370,1,0.1500,1,0,0.3333,0.3333,0.3333,0.9547,2.3224,-0.1995,5.0819,3.1897,0.0000,1,0.2216,0.0453,-0.0020,-0.0020,1.000,70.00,342.76
0.1600,IMM-UKF,jink,0.500,4.00,0.050,1,0.600,1,19.8387,16.7516,-3.0871,8.8121,0.3600,0.1002,0.0149,6.0000,0.0000,1.5718,12.3777,0.1663,20.3489,-11.4315,18.4354,-11.7598,18.4936,-12.0174,18.3912,-12.2097,18.0381,-12.8701,-1.9135,-0.3284,-1.8553,-0.5860,-1.9577,-0.7782,1,0.1600,1,0,0.3333,0.3333,0.3333,1.0148,2.4646,-0.2113,5.0433,3.2504,0.0000,1,0.2216,0.0453,-0.0020,-0.0020,1.000,70.00,342.76
0.1700,IMM-UKF,jink,0.500,4.00,0.050,1,0.600,1,19.8582,16.6991,-3.1590,8.8404,0.3600,0.1002,0.0141,6.0000,0.0000,1.5713,13.0981,0.1657,20.4501,-11.4136,18.4354,-11.7598,18.4936,-12.0174,18.3773,-12.2342,17.9963,-12.9414,-2.0147,-0.3462,-1.9565,-0.6038,-2.0728,-0.8206,1,0.1700,1,0,0.3333,0.3333,0.3333,1.0745,2.6053,-0.2228,5.0039,3.3107,0.0000,1,0.2216,0.0453,-0.0020,-0.0020,1.000,70.00,342.76
0.1800,IMM-UKF,jink,0.500,4.00,0.050,1,0.600,1,19.8766,16.6439,-3.2327,8.8703,0.3600,0.1002,0.0133,6.0000,0.0000,1.5708,13.8151,0.1651,20.5491,-11.3961,18.4354,-11.7598,18.4936,-12.0174,18.3624,-12.2602,17.9527,-13.0153,-2.1137,-0.3638,-2.0555,-0.6214,-2.1867,-0.8642,1,0.1800,1,0,0.3333,0.3333,0.3333,1.1338,2.7445,-0.2342,4.9638,3.3705,0.0000,1,0.2216,0.0453,-0.0020,-0.0020,1.000,70.00,342.76
0.1900,IMM-UKF,jink,0.500,4.00,0.050,1,0.600,1,19.8940,16.5860,-3.3080,8.9018,0.3600,0.1002,0.0124,6.0000,0.0000,1.5703,14.5288,0.1645,20.6461,-11.3788,18.4354,-11.7598,18.4936,-12.0174,18.3466,-12.2878,17.9073,-13.0918,-2.2107,-0.3810,-2.1525,-0.6386,-2.2995,-0.9090,1,0.1900,1,0,0.3333,0.3333,0.3333,1.1925,2.8823,-0.2455,4.9230,3.4299,0.0000,1,0.2216,0.0453,-0.0020,-0.0020,1.000,70.00,342.76
0.2000,IMM-UKF,jink,0.500,4.00,0.050,1,0.600,1,19.9104,16.5255,-3.3849,8.9350,0.3600,0.1002,0.0116,6.0000,0.0000,1.5694,15.2410,0.1639,20.7412,-11.3619,18.4354,-11.7598,18.4936,-12.0174,18.3297,-12.3169,17.8599,-13.1709,-2.3058,-0.3979,-2.2476,-0.6555,-2.4115,-0.9550,1,0.2000,1,0,0.3333,0.3333,0.3333,1.2508,3.0187,-0.2565,4.8815,3.4887,0.0000,1,0.2216,0.0453,-0.0020,-0.0020,1.000,70.00,342.76
0.2100,IMM-UKF,jink,0.500,4.00,0.050,1,0.600,1,19.9257,16.4623,-3.4634,8.9698,0.3600,0.1002,0.0109,6.0000,0.0000,1.5690,15.9501,0.1637,20.8341,-11.3452,18.4354,-11.7598,18.4936,-12.0174,18.3118,-12.3476,17.8105,-13.2527,-2.3987,-0.4147,-2.3405,-0.6723,-2.5224,-1.0024,1,0.2100,1,0,0.3333,0.3333,0.3333,1.3087,3.1536,-0.2674,4.8393,3.5470,0.0000,1,0.2216,0.0453,-0.0020,-0.0020,1.000,70.00,342.76
0.2200,IMM-UKF,jink,0.500,4.00,0.050,1,0.600,1,19.9401,16.3966,-3.5435,9.0062,0.3600,0.1002,0.0104,6.0000,0.0000,1.5689,16.6549,0.1636,20.9247,-11.3288,18.4354,-11.7598,18.4936,-12.0174,18.2928,-12.3798,17.7591,-13.3374,-2.4893,-0.4311,-2.4311,-0.6887,-2.6319,-1.0511,1,0.2200,1,0,0.3333,0.3333,0.3333,1.3661,3.2872,-0.2781,4.7964,3.6048,0.0000,1,0.2216,0.0453,-0.0020,-0.0020,1.000,70.00,342.76
0.2300,IMM-UKF,jink,0.500,4.00,0.050,1,0.600,1,19.9534,16.3283,-3.6251,9.0442,0.3600,0.1002,0.0098,6.0000,0.0000,1.5689,17.3571,0.1634,21.0132,-11.3126,18.4354,-11.7598,18.4936,-12.0174,18.2728,-12.4136,17.7056,-13.4250,-2.5778,-0.4472,-2.5196,-0.7048,-2.7404,-1.1010,1,0.2300,1,0,0.3333,0.3333,0.3333,1.4230,3.4193,-0.2886,4.7528,3.6621,0.0000,1,0.2956,0.0416,-0.0020,0.0000,1.000,70.00,342.76
0.2400,IMM-UKF,jink,0.500,4.00,0.050,1,0.600,1,19.9658,16.2575,-3.7082,9.0838,0.3600,0.1002,0.0092,6.0000,0.0000,1.5688,18.0569,0.1632,21.0996,-11.2968,18.4354,-11.7598,18.4936,-12.0174,18.2517,-12.4491,17.6500,-13.5156,-2.6642,-0.4630,-2.6060,-0.7206,-2.8479,-1.1523,1,0.2400,1,0,0.3333,0.3333,0.3333,1.4795,3.5501,-0.2990,4.7085,3.7189,0.0000,1,0.2956,0.0416,-0.0020,0.0000,1.000,70.00,342.76
0.2500,IMM-UKF,jink,0.500,4.00,0.050,1,0.600,1,19.9771,16.1843,-3.7927,9.1249,0.3600,0.1002,0.0084,6.0000,0.0000,1.5687,18.7545,0.1631,21.1839,-11.2813,18.4354,-11.7598,18.4936,-12.0174,18.2295,-12.4861,17.5921,-13.6094,-2.7485,-0.4785,-2.6903,-0.7361,-2.9543,-1.2048,1,0.2500,1,0,0.3333,0.3333,0.3333,1.5355,3.6796,-0.3091,4.6635,3.7751,0.0000,1,0.2956,0.0416,-0.0020,0.0000,1.000,70.00,342.76
0.2600,IMM-UKF,jink,0.500,4.00,0.050,1,0.600,1,19.9874,16.1087,-3.8787,9.1676,0.3600,0.1002,0.0076,6.0000,0.0000,1.5686,19.4501,0.1629,21.2661,-11.2661,18.4354,-11.7598,18.4936,-12.0174,18.2062,-12.5249,17.5320,-13.7064,-2.8307,-0.4937,-2.7725,-0.7514,-3.0598,-1.2588,1,0.2600,1,0,0.3333,0.3333,0.3333,1.5910,3.8077,-0.3192,4.6179,3.8308,0.0000,1,0.2956,0.0416,-0.0020,0.0000,1.000,70.00,342.76
0.2700,IMM-UKF,jink,0.500,4.00,0.050,1,0.600,1,19.9968,16.0307,-3.9660,9.2119,0.3600,0.1002,0.0068,6.0000,0.0000,1.5684,20.1440,0.1627,21.3462,-11.2512,18.4354,-11.7598,18.4936,-12.0174,18.1818,-12.5653,17.4695,-13.8068,-2.9108,-0.5087,-2.8526,-0.7663,-3.1643,-1.3141,1,0.2700,1,0,0.3333,0.3333,0.3333,1.6461,3.9345,-0.3290,4.5716,3.8859,0.0000,1,0.2956,0.0416,-0.0020,0.0000,1.000,70.00,342.76
0.2800,IMM-UKF,jink,0.500,4.00,0.050,1,0.600,1,20.0051,18.3609,-1.6442,6.1459,0.3596,0.0991,0.0063,6.0000,1.0207,2.9327,19.4383,0.1625,21.4242,-11.2365,21.0132,-11.3126,21.2937,-11.7185,18.2844,-12.2795,17.7707,-12.9463,-0.4110,-0.0761,-0.1305,-0.4820,-3.1397,-1.0429,2,0.0500,2,0,0.3586,0.3478,0.2937,1.7007,4.0601,-0.3387,4.5246,3.9405,0.0000,1,0.2956,0.0416,0.2300,0.0000,1.000,70.00,342.76
0.2900,IMM-UKF,jink,0.500,4.00,0.050,1,0.600,1,20.0125,18.3192,-1.6932,6.1871,0.3596,0.0991,0.0053,6.0000,1.0207,2.9327,19.9841,0.1622,21.5001,-11.2222,21.0132,-11.3126,21.2937,-11.7185,18.2727,-12.2952,17.7322,-13.0015,-0.4869,-0.0904,-0.2064,-0.4963,-3.2274,-1.0730,2,0.0600,2,0,0.3586,0.3478,0.2937,1.7549,4.1843,-0.3483,4.4770,3.9945,0.0000,1,0.2956,0.0416,0.2300,0.0000,1.000,70.00,342.76
0.3000,IMM-UKF,jink,0.500,4.00,0.050,1,0.600,1,20.0188,18.2750,-1.7439,6.2309,0.3596,0.0991,0.0043,6.0000,1.0207,2.9327,20.5248,0.1620,21.5740,-11.2082,21.0132,-11.3126,21.2937,-11.7185,18.2602,-12.3123,17.6923,-13.0587,-0.5608,-0.1044,-0.2803,-0.5103,-3.3138,-1.1041,2,0.0700,2,0,0.3586,0.3478,0.2937,1.8085,4.3073,-0.3576,4.4288,4.0480,0.0000,1,0.2956,0.0416,0.2300,0.0000,1.000,70.00,342.76
0.3100,IMM-UKF,jink,0.500,4.00,0.050,1,0.600,1,20.0242,18.2282,-1.7960,6.2771,0.3596,0.0991,0.0032,6.0000,1.0207,2.9327,21.0606,0.1618,21.6457,-11.1945,21.0132,-11.3126,21.2937,-11.7185,18.2467,-12.3306,17.6510,-13.1177,-0.6325,-0.1182,-0.3521,-0.5241,-3.3990,-1.1361,2,0.0800,2,0,0.3586,0.3478,0.2937,1.8617,4.4290,-0.3669,4.3799,4.1008,0.0000,1,0.2956,0.0416,0.2300,0.0000,1.000,70.00,342.76
0.3200,IMM-UKF,jink,0.500,4.00,0.050,1,0.600,1,20.0286,18.1789,-1.8497,6.3256,0.3596,0.0991,0.0020,6.0000,1.0207,2.9327,21.5916,0.1616,21.7154,-11.1810,21.0132,-11.3126,21.2937,-11.7185,18.2325,-12.3502,17.6083,-13.1788,-0.7022,-0.1316,-0.4217,-0.5375,-3.4830,-1.1692,2,0.0900,2,0,0.3586,0.3478,0.2937,1.9144,4.5495,-0.3759,4.3303,4.1531,0.0000,1,0.2956,0.0416,0.2300,0.0000,1.000,70.00,342.76
0.3300,IMM-UKF,jink,0.500,4.00,0.050,1,0.600,1,20.0321,18.1272,-1.9049,6.3765,0.3596,0.0991,0.0008,6.0000,1.0207,2.9326,22.1177,0.1613,21.7830,-11.1679,21.0132,-11.3126,21.2937,-11.7185,18.2174,-12.3711,17.5641,-13.2419,-0.7699,-0.1447,-0.4894,-0.5506,-3.5657,-1.2031,2,0.1000,2,0,0.3586,0.3478,0.2937,1.9667,4.6687,-0.3848,4.2802,4.2047,0.0000,1,0.2956,0.0416,0.2300,0.0000,1.000,70.00,342.76
0.3400,IMM-UKF,jink,0.500,4.00,0.050,1,0.600,1,20.0345,18.0730,-1.9615,6.4297,0.3596,0.0991,0.0005,6.0000,1.0207,2.9326,22.6392,0.1610,21.8486,-11.1551,21.0132,-11.3126,21.2937,-11.7185,18.2014,-12.3932,17.5185,-13.3071,-0.8354,-0.1575,-0.5549,-0.5634,-3.6472,-1.2381,2,0.1100,2,0,0.3586,0.3478,0.2937,2.0184,4.7868,-0.3936,4.2294,4.2558,0.0000,1,0.2956,0.0416,0.2300,0.0000,1.000,70.00,342.76
0.3500,IMM-UKF,jink,0.500,4.00,0.050,1,0.600,1,20.0360,18.0164,-2.0196,6.4851,0.3596,0.0991,0.0018,6.0000,1.0207,2.9325,23.1560,0.1608,21.9121,-11.1426,21.0132,-11.3126,21.2937,-11.7185,18.1845,-12.4167,17.4713,-13.3745,-0.8989,-0.1701,-0.6184,-0.5759,-3.7276,-1.2741,2,0.1200,2,0,0.3586,0.3478,0.2937,2.0697,4.9036,-0.4022,4.1781,4.3063,0.0000,1,0.2956,0.0416,0.2300,0.0000,1.000,70.00,342.76
0.3600,IMM-UKF,jink,0.500,4.00,0.050,1,0.600,1,20.0365,17.9575,-2.0790,6.5427,0.3596,0.0991,0.0032,6.0000,1.0207,2.9325,23.6683,0.1605,21.9734,-11.1304,21.0132,-11.3126,21.2937,-11.7185,18.1668,-12.4414,17.4226,-13.4440,-0.9603,-0.1823,-0.6798,-0.5882,-3.8067,-1.3110,2,0.1300,2,0,0.3586,0.3478,0.2937,2.1205,5.0193,-0.4107,4.1261,4.3561,0.0000,1,0.2956,0.0416,0.2300,0.0000,1.000,70.00,342.76
0.3700,IMM-UKF,jink,0.500,4.00,0.050,1,0.600,1,20.0361,17.8963,-2.1398,6.6025,0.3596,0.0991,0.0047,6.0000,1.0207,2.9324,24.1762,0.1602,22.0328,-11.1185,21.0132,-11.3126,21.2937,-11.7185,18.1481,-12.4675,17.3723,-13.5158,-1.0196,-0.1942,-0.7391,-0.6001,-3.8846,-1.3490,2,0.1400,2,0,0.3586,0.3478,0.2937,2.1709,5.1338,-0.4190,4.0735,4.4053,0.0000,1,0.2956,0.0416,0.2300,0.0000,1.000,70.00,342.76
0.3800,IMM-UKF,jink,0.500,4.00,0.050,1,0.600,1,20.0347,17.8328,-2.2019,6.6643,0.3596,0.0991,0.0062,6.0000,1.0207,2.9323,24.6797,0.1599,22.0900,-11.1068,21.0132,-11.3126,21.2937,-11.7185,18.1286,-12.4948,17.3204,-13.5899,-1.0768,-0.2058,-0.7963,-0.6117,-3.9614,-1.3880,2,0.1500,2,0,0.3586,0.3478,0.2937,2.2207,5.2472,-0.4272,4.0204,4.4538,0.0000,1,0.2956,0.0416,0.2300,0.0000,1.000,70.00,342.76
0.3900,IMM-UKF,jink,0.500,4.00,0.050,1,0.600,1,20.0323,17.7671,-2.2652,6.7282,0.3596,0.0991,0.0078,6.0000,1.0207,2.9322,25.1790,0.1596,22.1452,-11.0955,21.0132,-11.3126,21.2937,-11.7185,18.1082,-12.5236,17.2669,-13.6664,-1.1320,-0.2171,-0.8515,-0.6230,-4.0369,-1.4280,2,0.1600,2,0,0.3586,0.3478,0.2937,2.2701,5.3594,-0.4352,3.9666,4.5018,0.0000,1,0.2956,0.0416,0.2300,0.0000,1.000,70.00,342.76
0.4000,IMM-UKF,jink,0.500,4.00,0.050,1,0.600,1,20.0290,17.6991,-2.3299,6.7941,0.3596,0.0991,0.0094,6.0000,1.0207,2.9321,25.6742,0.1593,22.1983,-11.0846,21.0132,-11.3126,21.2937,-11.7185,18.0869,-12.5536,17.2118,-13.7454,-1.1851,-0.2281,-0.9046,-0.6340,-4.1113,-1.4691,2,0.1700,2,0,0.3586,0.3478,0.2937,2.3190,5.4705,-0.4431,3.9123,4.5490,0.0000,1,0.2956,0.0416,0.2300,0.0000,1.000,70.00,342.76
0.4100,IMM-UKF,jink,0.500,4.00,0.050,1,0.600,1,20.0247,17.6290,-2.3957,6.8619,0.3596,0.0991,0.0111,6.0000,1.0207,2.9320,26.1653,0.1590,22.2493,-11.0739,21.0132,-11.3126,21.2937,-11.7185,18.0648,-12.5851,17.1549,-13.8269,-1.2361,-0.2388,-0.9556,-0.6447,-4.1846,-1.5112,2,0.1800,2,0,0.3586,0.3478,0.2937,2.3674,5.5805,-0.4508,3.8575,4.5957,0.0000,1,0.2956,0.0416,0.2300,0.0000,1.000,70.00,342.76
0.4200,IMM-UKF,jink,0.500,4.00,0.050,1,0.600,1,20.0195,17.5568,-2.4627,6.9317,0.3596,0.0991,0.0128,6.0000,1.0207,2.9319,26.6526,0.1587,22.2983,-11.0635,21.0132,-11.3126,21.2937,-11.7185,18.0417,-12.6179,17.0964,-13.9110,-1.2851,-0.2491,-1.0046,-0.6550,-4.2566,-1.5544,2,0.1900,2,0,0.3586,0.3478,0.2937,2.4153,5.6894,-0.4584,3.8020,4.6416,0.0000,1,0.2956,0.0416,0.2300,0.0000,1.000,70.00,342.76
0.4300,IMM-UKF,jink,0.500,4.00,0.050,1,0.600,1,20.0133,17.4825,-2.5308,7.0032,0.3596,0.0991,0.0146,6.0000,1.0207,2.9318,27.1361,0.1584,22.3451,-11.0534,21.0132,-11.3126,21.2937,-11.7185,18.0177,-12.6521,17.0360,-13.9977,-1.3320,-0.2592,-1.0515,-0.6651,-4.3275,-1.5987,2,0.2000,2,0,0.3586,0.3478,0.2937,2.4627,5.7972,-0.4659,3.7461,4.6869,0.0000,1,0.2956,0.0416,0.2300,0.0000,1.000,70.00,342.76
0.4400,IMM-UKF,jink,0.500,4.00,0.050,1,0.600,1,20.0061,17.4061,-2.6001,7.0766,0.3596,0.0991,0.0164,6.0000,1.0207,2.9316,27.6159,0.1580,22.3900,-11.0437,21.0132,-11.3126,21.2937,-11.7185,17.9927,-12.6878,16.9739,-14.0873,-1.3768,-0.2689,-1.0963,-0.6748,-4.3972,-1.6441,2,0.2100,2,0,0.3586,0.3478,0.2937,2.5097,5.9040,-0.4732,3.6895,4.7315,0.0000,1,0.2956,0.0416,0.2300,0.0000,1.000,70.00,342.76
0.4500,IMM-UKF,jink,0.500,4.00,0.050,1,0.600,1,19.9980,17.3277,-2.6704,7.1518,0.3596,0.0991,0.0183,6.0000,1.0207,2.9315,28.0923,0.1577,22.4327,-11.0343,21.0132,-11.3126,21.2937,-11.7185,17.9669,-12.7249,16.9099,-14.1797,-1.4195,-0.2784,-1.1390,-0.6843,-4.4658,-1.6906,2,0.2200,2,0,0.3586,0.3478,0.2937,2.5561,6.0097,-0.4804,3.6325,4.7754,0.0000,1,0.2956,0.0416,0.2300,0.0000,1.000,70.00,342.76
0.4600,IMM-UKF,jink,0.500,4.00,0.050,1,0.600,1,19.9890,17.2472,-2.7418,7.2286,0.3596,0.0991,0.0202,6.0000,1.0207,2.9314,28.5653,0.1574,22.4734,-11.0252,21.0132,-11.3126,21.2937,-11.7185,17.9401,-12.7634,16.8441,-14.2751,-1.4602,-0.2875,-1.1797,-0.6934,-4.5332,-1.7383,2,0.2300,2,0,0.3586,0.3478,0.2937,2.6021,6.1143,-0.4874,3.5749,4.8187,0.0000,1,0.2956,0.0416,0.2300,0.0000,1.000,70.00,342.76
0.4700,IMM-UKF,jink,0.500,4.00,0.050,1,0.600,1,19.9790,17.1648,-2.8142,7.3071,0.3596,0.0991,0.0222,6.0000,1.0207,2.9312,29.0351,0.1570,22.5119,-11.0164,21.0132,-11.3126,21.2937,-11.7185,17.9125,-12.8035,16.7763,-14.3735,-1.4987,-0.2963,-1.2182,-0.7022,-4.5995,-1.7871,2,0.2400,2,0,0.3586,0.3478,0.2937,2.6475,6.2180,-0.4944,3.5169,4.8612,0.0000,1,0.2956,0.0416,0.2300,0.0000,1.000,70.00,342.76
0.4800,IMM-UKF,jink,0.500,4.00,0.050,1,0.600,1,19.9681,17.0805,-2.8876,7.3872,0.3596,0.0991,0.0242,6.0000,1.0207,2.9310,29.5018,0.1566,22.5484,-11.0079,21.0132,-11.3126,21.2937,-11.7185,17.8838,-12.8450,16.7066,-14.4750,-1.5352,-0.3047,-1.2548,-0.7106,-4.6646,-1.8371,2,0.2500,2,0,0.3586,0.3478,0.2937,2.6925,6.3206,-0.5012,3.4583,4.9031,0.0000,1,0.2956,0.0416,0.2300,0.0000,1.000,70.00,342.76
0.4900,IMM-UKF,jink,0.500,4.00,0.050,1,0.600,1,19.9562,16.9943,-2.9620,7.4689,0.3596,0.0991,0.0263,6.0000,1.0207,2.9308,29.9656,0.1563,22.5829,-10.9998,21.0132,-11.3126,21.2937,-11.7185,17.8543,-12.8881,16.6349,-14.5798,-1.5697,-0.3129,-1.2892,-0.7188,-4.7286,-1.8883,2,0.2600,2,0,0.3586,0.3478,0.2937,2.7370,6.4222,-0.5078,3.3992,4.9442,0.0000,1,0.2956,0.0416,0.2300,0.0000,1.000,70.00,342.76
0.5000,IMM-UKF,jink,0.500,4.00,0.050,1,0.600,1,19.9434,16.9062,-3.0372,7.5521,0.3596,0.0991,0.0282,6.0000,1.0207,2.9297,30.4282,0.1558,22.6155,-10.9919,21.0132,-11.3126,21.2937,-11.7185,17.8238,-12.9327,16.5611,-14.6880,-1.6023,-0.3207,-1.3218,-0.7266,-4.7917,-1.9408,2,0.2700,2,0,0.3586,0.3478,0.2937,2.7810,6.5228,-0.5144,3.3396,4.9847,0.0000,1,0.2956,0.0416,0.2300,0.0000,1.000,70.00,342.76
0.5100,IMM-UKF,jink,0.500,4.00,0.050,1,0.600,1,19.9296,16.8162,-3.1134,7.6368,0.3596,0.0991,0.0300,6.0000,1.0207,2.9291,30.8882,0.1558,22.6460,-10.9844,21.0132,-11.3126,21.2937,-11.7185,17.7924,-12.9790,16.4853,-14.7997,-1.6328,-0.3283,-1.3523,-0.7342,-4.8536,-1.9946,2,0.2800,2,0,0.3586,0.3478,0.2937,2.8245,6.6225,-0.5208,3.2796,5.0244,0.0000,1,0.2956,0.0416,0.2300,0.0000,1.000,70.00,342.76
0.5200,IMM-UKF,jink,0.500,4.00,0.050,1,0.600,1,19.9150,16.7245,-3.1905,7.7229,0.3596,0.0991,0.0317,6.0000,1.0207,2.9293,31.3445,0.1558,22.6742,-10.9771,21.0132,-11.3126,21.2937,-11.7185,17.7600,-13.0268,16.4072,-14.9149,-1.6610,-0.3355,-1.3805,-0.7414,-4.9141,-2.0497,2,0.2900,2,0,0.3586,0.3478,0.2937,2.8675,6.7211,-0.5271,3.2190,5.0634,0.0000,1,0.2956,0.0416,0.2300,0.0000,1.000,70.00,342.76
0.5300,IMM-UKF,jink,0.500,4.00,0.050,1,0.600,1,19.8993,16.6309,-3.2684,7.8104,0.3596,0.0991,0.0334,6.0000,1.0207,2.9295,31.7986,0.1559,22.7002,-10.9703,21.0132,-11.3126,21.2937,-11.7185,17.7267,-13.0763,16.3270,-15.0339,-1.6871,-0.3424,-1.4066,-0.7483,-4.9735,-2.1061,2,0.3000,2,0,0.3586,0.3478,0.2937,2.9100,6.8188,-0.5332,3.1580,5.1016,0.0000,1,0.2202,0.0590,0.2300,0.0017,1.000,70.00,342.76
0.5400,IMM-UKF,jink,0.500,4.00,0.050,1,0.600,1,19.8828,16.5357,-3.3471,7.8992,0.3596,0.0991,0.0352,6.0000,1.0207,2.9296,32.2507,0.1559,22.7242,-10.9637,21.0132,-11.3126,21.2937,-11.7185,17.6924,-13.1275,16.2445,-15.1568,-1.7111,-0.3489,-1.4306,-0.7548,-5.0318,-2.1638,2,0.3100,2,0,0.3586,0.3478,0.2937,2.9520,6.9156,-0.5392,3.0966,5.1392,0.0000,1,0.2202,0.0590,0.2300,0.0017,1.000,70.00,342.76
0.5500,IMM-UKF,jink,0.500,4.00,0.050,1,0.600,1,19.8653,16.4387,-3.4266,7.9894,0.3596,0.0991,0.0370,6.0000,1.0207,2.9297,32.7011,0.1559,22.7462,-10.9575,21.0132,-11.3126,21.2937,-11.7185,17.6572,-13.1804,16.1597,-15.2837,-1.7330,-0.3552,-1.4525,-0.7610,-5.0889,-2.2229,2,0.3200,2,0,0.3586,0.3478,0.2937,2.9935,7.0115,-0.5452,3.0347,5.1760,0.0000,1,0.2202,0.0590,0.2300,0.0017,1.000,70.00,342.76
0.5600,IMM-UKF,jink,0.500,4.00,0.050,1,0.600,1,19.8468,16.3400,-3.5069,8.0808,0.3596,0.0991,0.0389,6.0000,1.0207,2.9299,33.1499,0.1560,22.7660,-10.9516,21.0132,-11.3126,21.2937,-11.7185,17.6210,-13.2350,16.0726,-15.4148,-1.7528,-0.3610,-1.4723,-0.7669,-5.1449,-2.2834,2,0.3300,2,0,0.3586,0.3478,0.2937,3.0346,7.1064,-0.5509,2.9724,5.2120,0.0000,1,0.2202,0.0590,0.2300,0.0017,1.000,70.00,342.76
0.5700,IMM-UKF,jink,0.500,4.00,0.050,1,0.600,1,19.8275,16.2396,-3.5879,8.1735,0.3596,0.0991,0.0408,6.0000,1.0207,2.9300,33.5973,0.1560,22.7837,-10.9461,21.0132,-11.3126,21.2937,-11.7185,17.5839,-13.2915,15.9829,-15.5503,-1.7705,-0.3666,-1.4900,-0.7724,-5.1998,-2.3454,2,0.3400,2,0,0.3586,0.3478,0.2937,3.0751,7.2004,-0.5566,2.9096,5.2473,0.0000,1,0.2202,0.0590,0.2300,0.0017,1.000,70.00,342.76
0.5800,IMM-UKF,jink,0.500,4.00,0.050,1,0.600,1,19.8072,16.1376,-3.6695,8.2674,0.3596,0.0991,0.0427,6.0000,1.0207,2.9301,34.0437,0.1560,22.7993,-10.9409,21.0132,-11.3126,21.2937,-11.7185,17.5458,-13.3497,15.8908,-15.6902,-1.7861,-0.3717,-1.5056,-0.7776,-5.2535,-2.4088,2,0.3500,2,0,0.3586,0.3478,0.2937,3.1151,7.2936,-0.5622,2.8464,5.2818,0.0000,1,0.2202,0.0590,0.2300,0.0017,1.000,70.00,342.76
0.5900,IMM-UKF,jink,0.500,4.00,0.050,1,0.600,1,19.7859,18.4504,-1.3355,5.4239,0.3555,0.0985,0.0406,6.0000,3.5925,3.1360,16.2433,0.1560,22.8128,-10.9361,22.7002,-10.9703,22.8443,-11.4750,20.2637,-11.9947,22.0962,-12.1592,-0.1126,-0.0342,0.0314,-0.5389,-2.5491,-1.0586,3,0.0600,3,0,0.4912,0.3695,0.1393,3.1546,7.3858,-0.5676,2.7829,5.3156,0.0000,1,0.2202,0.0590,0.5317,0.0017,1.000,70.00,342.76
0.6000,IMM-UKF,jink,0.500,4.00,0.050,1,0.600,1,19.7638,18.3956,-1.3682,5.4919,0.3555,0.0985,0.0426,6.0000,3.5925,3.1360,16.1634,0.1560,22.8242,-10.9316,22.7002,-10.9703,22.8443,-11.4750,20.2946,-12.0009,22.1349,-12.1949,-0.1240,-0.0387,0.0200,-0.5434,-2.5297,-1.0693,3,0.0700,3,0,0.4912,0.3695,0.1393,3.1936,7.4772,-0.5729,2.7189,5.3486,0.0000,1,0.2202,0.0590,0.5317,0.0017,1.000,70.00,342.76
0.6100,IMM-UKF,jink,0.500,4.00,0.050,1,0.600,1,19.7407,18.3388,-1.4019,5.5616,0.3555,0.0985,0.0447,6.0000,3.5925,3.1361,16.0747,0.1560,22.8335,-10.9275,22.7002,-10.9703,22.8443,-11.4750,20.3254,-12.0082,22.1743,-12.2321,-0.1333,-0.0428,0.0107,-0.5475,-2.5082,-1.0807,3,0.0800,3,0,0.4912,0.3695,0.1393,3.2321,7.5677,-0.5781,2.6545,5.3809,0.0000,1,0.2202,0.0590,0.5317,0.0017,1.000,70.00,342.76
0.6200,IMM-UKF,jink,0.500,4.00,0.050,1,0.600,1,19.7167,18.2802,-1.4365,5.6329,0.3555,0.0985,0.0468,6.0000,3.5925,3.1361,15.9772,0.1559,22.8407,-10.9237,22.7002,-10.9703,22.8443,-11.4750,20.3561,-12.0164,22.2145,-12.2707,-0.1405,-0.0465,0.0035,-0.5513,-2.4846,-1.0926,3,0.0900,3,0,0.4912,0.3695,0.1393,3.2701,7.6574,-0.5832,2.5897,5.4123,0.0000,1,0.2202,0.0590,0.5317,0.0017,1.000,70.00,342.76
0.6300,IMM-UKF,jink,0.500,4.00,0.050,1,0.600,1,19.6917,18.2198,-1.4720,5.7058,0.3555,0.0985,0.0489,6.0000,3.5925,3.1361,15.8711,0.1559,22.8458,-10.9203,22.7002,-10.9703,22.8443,-11.4750,20.3868,-12.0256,22.2555,-12.3108,-0.1456,-0.0499,-0.0016,-0.5547,-2.4590,-1.1052,3,0.1000,3,0,0.4912,0.3695,0.1393,3.3076,7.7462,-0.5882,2.5246,5.4430,0.0000,1,0.2202,0.0590,0.5317,0.0017,1.000,70.00,342.76
0.6400,IMM-UKF,jink,0.500,4.00,0.050,1,0.600,1,19.6659,18.1575,-1.5083,5.7803,0.3555,0.0985,0.0511,6.0000,3.5925,3.1361,15.7562,0.1559,22.8488,-10.9173,22.7002,-10.9703,22.8443,-11.4750,20.4176,-12.0357,22.2974,-12.3523,-0.1485,-0.0529,-0.0045,-0.5577,-2.4312,-1.1184,3,0.1100,3,0,0.4912,0.3695,0.1393,3.3446,7.8342,-0.5931,2.4591,5.4729,0.0000,1,0.2202,0.0590,0.5317,0.0017,1.000,70.00,342.76
0.6500,IMM-UKF,jink,0.500,4.00,0.050,1,0.600,1,19.6391,18.0935,-1.5455,5.8563,0.3555,0.0985,0.0533,6.0000,3.5925,3.1361,15.6328,0.1559,22.8496,-10.9147,22.7002,-10.9703,22.8443,-11.4750,20.4483,-12.0469,22.3402,-12.3954,-0.1494,-0.0556,-0.0053,-0.5603,-2.4013,-1.1322,3,0.1200,3,0,0.4912,0.3695,0.1393,3.3810,7.9214,-0.5978,2.3933,5.5020,0.0000,1,0.2202,0.0590,0.5317,0.0017,1.000,70.00,342.76
0.6600,IMM-UKF,jink,0.500,4.00,0.050,1,0.600,1,19.6114,18.0278,-1.5836,5.9337,0.3555,0.0985,0.0540,6.0000,3.5925,3.1326,15.5129,0.1554,22.8506,-10.9124,22.7002,-10.9703,22.8443,-11.4750,20.4791,-12.0591,22.3839,-12.4401,-0.1504,-0.0578,-0.0063,-0.5626,-2.3715,-1.1467,3,0.1300,3,0,0.4912,0.3695,0.1393,3.4170,8.0077,-0.6025,2.3271,5.5304,0.0000,1,0.2202,0.0590,0.5317,0.0017,1.000,70.00,342.76
0.6700,IMM-UKF,jink,0.500,4.00,0.050,1,0.600,1,19.5827,17.9604,-1.6224,6.0125,0.3555,0.0985,0.0531,6.0000,3.5925,3.1299,15.3832,0.1563,22.8492,-10.9104,22.7002,-10.9703,22.8443,-11.4750,20.5101,-12.0722,22.4288,-12.4863,-0.1489,-0.0598,-0.0049,-0.5646,-2.3391,-1.1618,3,0.1400,3,0,0.4912,0.3695,0.1393,3.4525,8.0933,-0.6070,2.2605,5.5579,0.0000,1,0.2202,0.0590,0.5317,0.0017,1.000,70.00,342.76
0.6800,IMM-UKF,jink,0.500,4.00,0.050,1,0.600,1,19.5532,17.8912,-1.6620,6.0927,0.3555,0.0985,0.0509,6.0000,3.5925,3.1304,15.2350,0.1567,22.8436,-10.9089,22.7002,-10.9703,22.8443,-11.4750,20.5411,-12.0864,22.4747,-12.5342,-0.1434,-0.0614,0.0007,-0.5661,-2.3025,-1.1776,3,0.1500,3,0,0.4912,0.3695,0.1393,3.4874,8.1781,-0.6115,2.1937,5.5846,0.0000,1,0.2202,0.0590,0.5317,0.0017,1.000,70.00,342.76
0.6900,IMM-UKF,jink,0.500,4.00,0.050,1,0.600,1,19.5227,17.8204,-1.7023,6.1742,0.3555,0.0985,0.0488,6.0000,3.5925,3.1309,15.0789,0.1571,22.8359,-10.9077,22.7002,-10.9703,22.8443,-11.4750,20.5723,-12.1016,22.5218,-12.5838,-0.1357,-0.0626,0.0083,-0.5673,-2.2636,-1.1940,3,0.1600,3,0,0.4912,0.3695,0.1393,3.5218,8.2621,-0.6158,2.1265,5.6105,0.0000,1,0.2202,0.0590,0.5317,0.0017,1.000,70.00,342.76
0.7000,IMM-UKF,jink,0.500,4.00,0.050,1,0.600,1,19.4913,17.7480,-1.7433,6.2569,0.3555,0.0985,0.0467,6.0000,3.5925,3.1313,14.9151,0.1576,22.8261,-10.9068,22.7002,-10.9703,22.8443,-11.4750,20.6037,-12.1178,22.5702,-12.6351,-0.1258,-0.0634,0.0182,-0.5682,-2.2224,-1.2110,3,0.1700,3,0,0.4912,0.3695,0.1393,3.5557,8.3454,-0.6200,2.0590,5.6356,0.0000,1,0.2202,0.0590,0.5317,0.0017,1.000,70.00,342.76
0.7100,IMM-UKF,jink,0.500,4.00,0.050,1,0.600,1,19.4590,17.6739,-1.7850,6.3409,0.3555,0.0985,0.0446,6.0000,3.5925,3.1317,14.7440,0.1580,22.8141,-10.9064,22.7002,-10.9703,22.8443,-11.4750,20.6353,-12.1351,22.6200,-12.6882,-0.1139,-0.0638,0.0302,-0.5686,-2.1788,-1.2287,3,0.1800,3,0,0.4912,0.3695,0.1393,3.5891,8.4278,-0.6242,1.9912,5.6599,0.0000,1,0.2202,0.0590,0.5317,0.0017,1.000,70.00,342.76
0.7200,IMM-UKF,jink,0.500,4.00,0.050,1,0.600,1,19.4257,17.5983,-1.8274,6.4261,0.3555,0.0985,0.0426,6.0000,3.5925,3.1322,14.5658,0.1584,22.7999,-10.9064,22.7002,-10.9703,22.8443,-11.4750,20.6672,-12.1534,22.6711,-12.7430,-0.0997,-0.0638,0.0443,-0.5686,-2.1327,-1.2470,3,0.1900,3,0,0.4912,0.3695,0.1393,3.6220,8.5096,-0.6282,1.9232,5.6834,0.0000,1,0.2202,0.0590,0.5317,0.0017,1.000,70.00,342.76
0.7300,IMM-UKF,jink,0.500,4.00,0.050,1,0.600,1,19.3916,17.5211,-1.8705,6.5124,0.3555,0.0985,0.0407,6.0000,3.5925,3.1326,14.3812,0.1588,22.7836,-10.9068,22.7002,-10.9703,22.8443,-11.4750,20.6994,-12.1728,22.7238,-12.7998,-0.0834,-0.0634,0.0606,-0.5682,-2.0842,-1.2659,3,0.2000,3,0,0.4912,0.3695,0.1393,3.6544,8.5906,-0.6321,1.8549,5.7061,0.0000,1,0.2202,0.0590,0.5317,0.0017,1.000,70.00,342.76
0.7400,IMM-UKF,jink,0.500,4.00,0.050,1,0.600,1,19.3565,17.4424,-1.9141,6.5999,0.3555,0.0985,0.0388,6.0000,3.5925,3.1331,14.1905,0.1592,22.7652,-10.9077,22.7002,-10.9703,22.8443,-11.4750,20.7320,-12.1932,22.7780,-12.8584,-0.0649,-0.0626,0.0791,-0.5673,-2.0332,-1.2856,3,0.2100,3,0,0.4912,0.3695,0.1393,3.6862,8.6709,-0.6359,1.7862,5.7279,0.0000,1,0.2202,0.0590,0.5317,0.0017,1.000,70.00,342.76
0.7500,IMM-UKF,jink,0.500,4.00,0.050,1,0.600,1,19.3205,17.3622,-1.9584,6.6884,0.3555,0.0985,0.0369,6.0000,3.5925,3.1335,13.9943,0.1596,22.7445,-10.9089,22.7002,-10.9703,22.8443,-11.4750,20.7649,-12.2147,22.8340,-12.9190,-0.0442,-0.0614,0.0998,-0.5661,-1.9796,-1.3058,3,0.2200,3,0,0.4912,0.3695,0.1393,3.7176,8.7505,-0.6397,1.7174,5.7490,0.0000,1,0.2202,0.0590,0.5317,0.0017,1.000,70.00,342.76
0.7600,IMM-UKF,jink,0.500,4.00,0.050,1,0.600,1,19.2836,17.2804,-2.0032,6.7780,0.3555,0.0985,0.0351,6.0000,3.5925,3.1339,13.7935,0.1600,22.7217,-10.9105,22.7002,-10.9703,22.8443,-11.4750,20.7982,-12.2373,22.8917,-12.9816,-0.0214,-0.0597,0.1226,-0.5645,-1.9234,-1.3268,3,0.2300,3,0,0.4912,0.3695,0.1393,3.7484,8.8293,-0.6433,1.6483,5.7692,0.0000,1,0.2822,0.0435,0.5317,0.0005,1.000,70.00,342.76
0.7700,IMM-UKF,jink,0.500,4.00,0.050,1,0.600,1,19.2458,17.1973,-2.0486,6.8686,0.3555,0.0985,0.0334,6.0000,3.5925,3.1344,13.5888,0.1604,22.6966,-10.9126,22.7002,-10.9703,22.8443,-11.4750,20.8320,-12.2611,22.9514,-13.0463,0.0036,-0.0576,0.1476,-0.5624,-1.8646,-1.3484,3,0.2400,3,0,0.4912,0.3695,0.1393,3.7787,8.9075,-0.6468,1.5789,5.7885,0.0000,1,0.2822,0.0435,0.5317,0.0005,1.000,70.00,342.76
0.7800,IMM-UKF,jink,0.500,4.00,0.050,1,0.600,1,19.2071,17.1126,-2.0944,6.9601,0.3555,0.0985,0.0317,6.0000,3.5925,3.1348,13.3811,0.1607,22.6694,-10.9151,22.7002,-10.9703,22.8443,-11.4750,20.8664,-12.2859,23.0130,-13.1131,0.0308,-0.0551,0.1749,-0.5599,-1.8031,-1.3708,3,0.2500,3,0,0.4912,0.3695,0.1393,3.8084,8.9850,-0.6502,1.5094,5.8071,0.0000,1,0.2822,0.0435,0.5317,0.0005,1.000,70.00,342.76
0.7900,IMM-UKF,jink,0.500,4.00,0.050,1,0.600,1,19.1674,17.0266,-2.1408,7.0526,0.3555,0.0985,0.0300,6.0000,3.5925,3.1352,13.1716,0.1611,22.6400,-10.9181,22.7002,-10.9703,22.8443,-11.4750,20.9012,-12.3119,23.0767,-13.1821,0.0603,-0.0522,0.2043,-0.5569,-1.7388,-1.3938,3,0.2600,3,0,0.4912,0.3695,0.1393,3.8377,9.0618,-0.6536,1.4396,5.8247,0.0000,1,0.2822,0.0435,0.5317,0.0005,1.000,70.00,342.76
0.8000,IMM-UKF,jink,0.500,4.00,0.050,1,0.600,1,19.1269,16.9392,-2.1877,7.1461,0.3555,0.0985,0.0284,6.0000,3.5925,3.1357,12.9615,0.1615,22.6084,-10.9214,22.7002,-10.9703,22.8443,-11.4750,20.9367,-12.3390,23.1427,-13.2534,0.0919,-0.0488,0.2359,-0.5536,-1.6716,-1.4176,3,0.2700,3,0,0.4912,0.3695,0.1393,3.8664,9.1379,-0.6568,1.3696,5.8416,0.0000,1,0.2822,0.0435,0.5317,0.0005,1.000,70.00,342.76
0.8100,IMM-UKF,jink,0.500,4.00,0.050,1,0.600,1,19.0854,18.1885,-0.8970,4.8106,0.3431,0.0935,0.0145,6.0000,5.1654,2.0111,6.5821,0.1619,22.5745,-10.9253,22.7217,-10.9105,23.0558,-10.9829,21.4754,-10.7137,23.9241,-9.2865,0.1471,0.0147,0.4813,-0.0577,-1.0991,0.2116,4,0.0500,4,0,0.6028,0.3347,0.0625,3.8946,9.2133,-0.6600,1.2994,5.8576,0.0000,1,0.2822,0.0435,0.7605,0.0005,1.000,70.00,342.76
0.8200,IMM-UKF,jink,0.500,4.00,0.050,1,0.600,1,19.0431,18.1294,-0.9137,4.8748,0.3431,0.0935,0.0129,6.0000,5.1654,2.0114,6.1651,0.1623,22.5384,-10.9296,22.7217,-10.9105,23.0558,-10.9829,21.5177,-10.6917,23.9924,-9.2730,0.1832,0.0190,0.5174,-0.0534,-1.0207,0.2379,4,0.0600,4,0,0.6028,0.3347,0.0625,3.9222,9.2882,-0.6630,1.2290,5.8728,0.0000,1,0.2822,0.0435,0.7605,0.0005,1.000,70.00,342.76
0.8300,IMM-UKF,jink,0.500,4.00,0.050,1,0.600,1,18.9998,18.0688,-0.9310,4.9401,0.3431,0.0935,0.0113,6.0000,5.1654,2.0097,5.7457,0.1629,22.5005,-10.9343,22.7217,-10.9105,23.0558,-10.9829,21.5605,-10.6703,24.0624,-9.2600,0.2212,0.0238,0.5553,-0.0486,-0.9400,0.2640,4,0.0700,4,0,0.6028,0.3347,0.0625,3.9494,9.3623,-0.6660,1.1584,5.8871,0.0000,1,0.2822,0.0435,0.7605,0.0005,1.000,70.00,342.76
0.8400,IMM-UKF,jink,0.500,4.00,0.050,1,0.600,1,18.9556,18.0068,-0.9488,5.0065,0.3431,0.0935,0.0095,6.0000,5.1654,2.0088,5.3239,0.1638,22.4602,-10.9394,22.7217,-10.9105,23.0558,-10.9829,21.6037,-10.6494,24.1342,-9.2475,0.2615,0.0289,0.5956,-0.0435,-0.8565,0.2900,4,0.0800,4,0,0.6028,0.3347,0.0625,3.9760,9.4359,-0.6689,1.0877,5.9006,0.0000,1,0.2822,0.0435,0.7605,0.0005,1.000,70.00,342.76
0.8500,IMM-UKF,jink,0.500,4.00,0.050,1,0.600,1,18.9105,17.9433,-0.9673,5.0741,0.3431,0.0935,0.0076,6.0000,5.1654,2.0092,4.9034,0.1645,22.4174,-10.9450,22.7217,-10.9105,23.0558,-10.9829,21.6475,-10.6292,24.2080,-9.2355,0.3043,0.0345,0.6384,-0.0379,-0.7699,0.3159,4,0.0900,4,0,0.6028,0.3347,0.0625,4.0020,9.5088,-0.6716,1.0168,5.9132,0.0000,1,0.2822,0.0435,0.7605,0.0005,1.000,70.00,342.76
0.8600,IMM-UKF,jink,0.500,4.00,0.050,1,0.600,1,18.8645,17.8783,-0.9862,5.1427,0.3431,0.0935,0.0058,6.0000,5.1654,2.0095,4.4914,0.1653,22.3724,-10.9511,22.7217,-10.9105,23.0558,-10.9829,21.6918,-10.6095,24.2837,-9.2239,0.3493,0.0406,0.6835,-0.0318,-0.6805,0.3416,4,0.1000,4,0,0.6028,0.3347,0.0625,4.0276,9.5810,-0.6743,0.9458,5.9250,0.0000,1,0.2822,0.0435,0.7605,0.0005,1.000,70.00,342.76
0.8700,IMM-UKF,jink,0.500,4.00,0.050,1,0.600,1,18.8176,17.8119,-1.0057,5.2124,0.3431,0.0935,0.0041,6.0000,5.1654,2.0098,4.0966,0.1661,22.3250,-10.9577,22.7217,-10.9105,23.0558,-10.9829,21.7368,-10.5904,24.3616,-9.2128,0.3966,0.0472,0.7308,-0.0252,-0.5883,0.3673,4,0.1100,4,0,0.6028,0.3347,0.0625,4.0525,9.6527,-0.6769,0.8746,5.9359,0.0000,1,0.2822,0.0435,0.7605,0.0005,1.000,70.00,342.76
0.8800,IMM-UKF,jink,0.500,4.00,0.050,1,0.600,1,18.7698,17.7441,-1.0257,5.2830,0.3431,0.0935,0.0024,6.0000,5.1654,2.0102,3.7314,0.1669,22.2755,-10.9648,22.7217,-10.9105,23.0558,-10.9829,21.7824,-10.5718,24.4417,-9.2022,0.4462,0.0542,0.7804,-0.0182,-0.4931,0.3930,4,0.1200,4,0,0.6028,0.3347,0.0625,4.0770,9.7238,-0.6795,0.8033,5.9460,0.0000,1,0.2822,0.0435,0.7605,0.0005,1.000,70.00,342.76
0.8900,IMM-UKF,jink,0.500,4.00,0.050,1,0.600,1,18.7211,17.6750,-1.0462,5.3547,0.3431,0.0935,0.0007,6.0000,5.1654,2.0106,3.4138,0.1677,22.2236,-10.9723,22.7217,-10.9105,23.0558,-10.9829,21.8287,-10.5538,24.5241,-9.1920,0.4981,0.0618,0.8322,-0.0106,-0.3949,0.4185,4,0.1300,4,0,0.6028,0.3347,0.0625,4.1009,9.7943,-0.6819,0.7319,5.9552,0.0000,1,0.2822,0.0435,0.7605,0.0005,1.000,70.00,342.76
0.9000,IMM-UKF,jink,0.500,4.00,0.050,1,0.600,1,18.6715,17.6044,-1.0671,5.4273,0.3431,0.0935,0.0009,6.0000,5.1654,2.0109,3.1677,0.1685,22.1694,-10.9804,22.7217,-10.9105,23.0558,-10.9829,21.8758,-10.5364,24.6089,-9.1823,0.5522,0.0698,0.8864,-0.0025,-0.2936,0.4440,4,0.1400,4,0,0.6028,0.3347,0.0625,4.1243,9.8642,-0.6842,0.6604,5.9635,0.0000,1,0.2822,0.0435,0.7605,0.0005,1.000,70.00,342.76
0.9100,IMM-UKF,jink,0.500,4.00,0.050,1,0.600,1,18.6210,17.5326,-1.0884,5.5008,0.3431,0.0935,0.0024,6.0000,5.1654,2.0113,3.0209,0.1693,22.1130,-10.9890,22.7217,-10.9105,23.0558,-10.9829,21.9237,-10.5195,24.6962,-9.1732,0.6087,0.0784,0.9428,0.0060,-0.1893,0.4695,4,0.1500,4,0,0.6028,0.3347,0.0625,4.1472,9.9335,-0.6865,0.5888,5.9710,0.0000,1,0.2822,0.0435,0.7605,0.0005,1.000,70.00,342.76
0.9200,IMM-UKF,jink,0.500,4.00,0.050,1,0.600,1,18.5696,17.4595,-1.1102,5.5752,0.3431,0.0935,0.0040,6.0000,5.1654,2.0117,2.9995,0.1701,22.0542,-10.9980,22.7217,-10.9105,23.0558,-10.9829,21.9725,-10.5031,24.7862,-9.1645,0.6675,0.0875,1.0016,0.0151,-0.0817,0.4949,4,0.1600,4,0,0.6028,0.3347,0.0625,4.1695,10.0022,-0.6887,0.5171,5.9777,0.0000,1,0.2822,0.0435,0.7605,0.0005,1.000,70.00,342.76
0.9300,IMM-UKF,jink,0.500,4.00,0.050,1,0.600,1,18.5173,17.3850,-1.1323,5.6505,0.3431,0.0935,0.0054,6.0000,5.1654,2.0120,3.1175,0.1709,21.9931,-11.0077,22.7217,-10.9105,23.0558,-10.9829,22.0221,-10.4873,24.8790,-9.1563,0.7286,0.0971,1.0627,0.0247,0.0291,0.5203,4,0.1700,4,0,0.6028,0.3347,0.0625,4.1912,10.0704,-0.6908,0.4453,5.9835,0.0000,1,0.2822,0.0435,0.7605,0.0005,1.000,70.00,342.76
0.9400,IMM-UKF,jink,0.500,4.00,0.050,1,0.600,1,18.4641,17.3093,-1.1548,5.7267,0.3431,0.0935,0.0068,6.0000,5.1654,2.0125,3.3714,0.1717,21.9296,-11.0178,22.7217,-10.9105,23.0558,-10.9829,22.0728,-10.4721,24.9746,-9.1486,0.7920,0.1073,1.1262,0.0349,0.1432,0.5457,4,0.1800,4,0,0.6028,0.3347,0.0625,4.2124,10.1381,-0.6928,0.3735,5.9884,0.0000,1,0.2822,0.0435,0.7605,0.0005,1.000,70.00,342.76
0.9500,IMM-UKF,jink,0.500,4.00,0.050,1,0.600,1,18.4100,17.2324,-1.1777,5.8036,0.3431,0.0935,0.0082,6.0000,5.1654,2.0129,3.7443,0.1725,21.8638,-11.0285,22.7217,-10.9105,23.0558,-10.9829,22.1245,-10.4574,25.0733,-9.1414,0.8578,0.1180,1.1920,0.0456,0.2606,0.5711,4,0.1900,4,0,0.6028,0.3347,0.0625,4.2331,10.2051,-0.6947,0.3016,5.9924,0.0000,1,0.2822,0.0435,0.7605,0.0005,1.000,70.00,342.76
0.9600,IMM-UKF,jink,0.500,4.00,0.050,1,0.600,1,18.3551,17.1542,-1.2009,5.8814,0.3431,0.0935,0.0095,6.0000,5.1654,2.0132,4.2147,0.1733,21.7957,-11.0398,22.7217,-10.9105,23.0558,-10.9829,22.1772,-10.4433,25.1751,-9.1348,0.9260,0.1292,1.2602,0.0568,0.3816,0.5965,4,0.2000,4,0,0.6028,0.3347,0.0625,4.2532,10.2717,-0.6965,0.2297,5.9956,0.0000,1,0.2822,0.0435,0.7605,0.0005,1.000,70.00,342.76
0.9700,IMM-UKF,jink,0.500,4.00,0.050,1,0.600,1,18.2992,17.0748,-1.2244,5.9599,0.3431,0.0935,0.0108,6.0000,5.1654,2.0137,4.7631,0.1741,21.7251,-11.0516,22.7217,-10.9105,23.0558,-10.9829,22.2311,-10.4297,25.2803,-9.1286,0.9965,0.1410,1.3307,0.0686,0.5060,0.6219,4,0.2100,4,0,0.6028,0.3347,0.0625,4.2727,10.3377,-0.6983,0.1577,5.9979,0.0000,1,0.2822,0.0435,0.7605,0.0005,1.000,70.00,342.76
0.9800,IMM-UKF,jink,0.500,4.00,0.050,1,0.600,1,18.2424,16.9942,-1.2482,6.0392,0.3431,0.0935,0.0121,6.0000,5.1654,2.0141,5.3745,0.1749,21.6522,-11.0639,22.7217,-10.9105,23.0558,-10.9829,22.2862,-10.4167,25.3889,-9.1230,1.0695,0.1534,1.4036,0.0810,0.6340,0.6473,4,0.2200,4,0,0.6028,0.3347,0.0625,4.2917,10.4032,-0.7000,0.0857,5.9994,0.0000,1,0.2822,0.0435,0.7605,0.0005,1.000,70.00,342.76
0.9900,IMM-UKF,jink,0.500,4.00,0.050,1,0.600,1,18.1848,16.9125,-1.2723,6.1192,0.3431,0.0935,0.0132,6.0000,5.1654,2.0145,6.0381,0.1758,21.5769,-11.0769,22.7217,-10.9105,23.0558,-10.9829,22.3426,-10.4042,25.5011,-9.1179,1.1448,0.1663,1.4790,0.0940,0.7657,0.6727,4,0.2300,4,0,0.6028,0.3347,0.0625,4.3102,10.4681,-0.7016,0.0137,6.0000,0.0000,1,0.2822,0.0435,0.7605,0.0005,1.000,70.00,342.76
1.0000,IMM-UKF,jink,0.500,4.00,0.050,1,0.600,1,18.1263,16.8296,-1.2967,6.1999,0.3431,0.0935,0.0144,6.0000,5.1654,2.0149,6.7464,0.1766,21.4991,-11.0904,22.7217,-10.9105,23.0558,-10.9829,22.4003,-10.3922,25.6171,-9.1134,1.2225,0.1799,1.5567,0.1075,0.9012,0.6982,4,0.2400,4,0,0.6028,0.3347,0.0625,4.3281,10.5326,-0.7031,-0.0583,5.9997,0.0000,1,0.2822,0.0435,0.7605,0.0005,1.000,70.00,342.76
1.0100,IMM-UKF,jink,0.500,4.00,0.050,1,0.600,1,18.0669,16.7456,-1.3212,6.2813,0.3431,0.0935,0.0155,6.0000,5.1654,2.0154,7.4942,0.1774,21.4189,-11.1045,22.7217,-10.9105,23.0558,-10.9829,22.4595,-10.3808,25.7370,-9.1094,1.3027,0.1940,1.6369,0.1216,1.0405,0.7237,4,0.2500,4,0,0.6028,0.3347,0.0625,4.3454,10.5965,-0.7046,-0.1302,5.9986,0.0000,1,0.2822,0.0435,0.7605,0.0005,1.000,70.00,342.76
1.0200,IMM-UKF,jink,0.500,4.00,0.050,1,0.600,1,18.0066,16.6605,-1.3460,6.3634,0.3431,0.0935,0.0165,6.0000,5.1654,2.0158,8.2780,0.1783,21.3363,-11.1192,22.7217,-10.9105,23.0558,-10.9829,22.5201,-10.3700,25.8611,-9.1059,1.3854,0.2087,1.7195,0.1363,1.1838,0.7493,4,0.2600,4,0,0.6028,0.3347,0.0625,4.3622,10.6600,-0.7059,-0.2022,5.9966,0.0000,1,0.2822,0.0435,0.7605,0.0005,1.000,70.00,342.76
1.0300,IMM-UKF,jink,0.500,4.00,0.050,1,0.600,1,17.9454,16.5743,-1.3711,6.4462,0.3431,0.0935,0.0176,6.0000,5.1654,2.0163,9.0955,0.1791,21.2512,-11.1346,22.7217,-10.9105,23.0558,-10.9829,22.5823,-10.3597,25.9894,-9.1030,1.4704,0.2240,1.8046,0.1517,1.3311,0.7749,4,0.2700,4,0,0.6028,0.3347,0.0625,4.3784,10.7230,-0.7072,-0.2742,5.9937,0.0000,1,0.2822,0.0435,0.7605,0.0005,1.000,70.00,342.76
1.0400,IMM-UKF,jink,0.500,4.00,0.050,1,0.600,1,17.8833,16.4871,-1.3963,6.5295,0.3431,0.0935,0.0185,6.0000,5.1654,2.0168,9.9451,0.1800,21.1636,-11.1505,22.7217,-10.9105,23.0558,-10.9829,22.6461,-10.3499,26.1223,-9.1007,1.5580,0.2400,1.8922,0.1676,1.4824,0.8006,4,0.2800,4,0,0.6028,0.3347,0.0625,4.3940,10.7854,-0.7084,-0.3461,5.9900,0.0000,1,0.2822,0.0435,0.7605,0.0005,1.000,70.00,342.76
1.0500,IMM-UKF,jink,0.500,4.00,0.050,1,0.600,1,17.8204,16.3988,-1.4216,6.6135,0.3431,0.0935,0.0194,6.0000,5.1654,2.0172,10.8256,0.1809,21.0736,-11.1671,22.7217,-10.9105,23.0558,-10.9829,22.7116,-10.3407,26.2599,-9.0989,1.6481,0.2566,1.9822,0.1842,1.6380,0.8264,4,0.2900,4,0,0.6028,0.3347,0.0625,4.4091,10.8474,-0.7096,-0.4179,5.9854,0.0000,1,0.2495,0.0556,0.7605,0.0005,1.000,70.00,342.76
1.0600,IMM-UKF,jink,0.500,4.00,0.050,1,0.600,1,17.7566,16.3095,-1.4471,6.6981,0.3431,0.0935,0.0203,6.0000,5.1654,2.0177,11.7367,0.1817,20.9810,-11.1844,22.7217,-10.9105,23.0558,-10.9829,22.7789,-10.3321,26.4023,-9.0977,1.7406,0.2738,2.0748,0.2014,1.7979,0.8523,4,0.3000,4,0,0.6028,0.3347,0.0625,4.4236,10.9090,-0.7106,-0.4897,5.9800,0.0000,1,0.2495,0.0556,0.7605,0.0005,1.000,70.00,342.76
1.0700,IMM-UKF,jink,0.500,4.00,0.050,1,0.600,1,17.6919,16.2191,-1.4728,6.7833,0.3431,0.0935,0.0212,6.0000,5.1654,2.0182,12.6780,0.1826,20.8859,-11.2022,22.7217,-10.9105,23.0558,-10.9829,22.8481,-10.3240,26.5499,-9.0971,1.8357,0.2917,2.1699,0.2193,1.9622,0.8782,4,0.3100,4,0,0.6028,0.3347,0.0625,4.4375,10.9700,-0.7116,-0.5614,5.9737,0.0000,1,0.2495,0.0556,0.7605,0.0005,1.000,70.00,342.76
1.0800,IMM-UKF,jink,0.500,4.00,0.050,1,0.600,1,17.6264,16.1278,-1.4986,6.8690,0.3431,0.0935,0.0220,6.0000,5.1654,2.0187,13.6493,0.1835,20.7883,-11.2208,22.7217,-10.9105,23.0558,-10.9829,22.9193,-10.3165,26.7029,-9.0971,1.9334,0.3103,2.2675,0.2379,2.1310,0.9043,4,0.3200,4,0,0.6028,0.3347,0.0625,4.4509,11.0306,-0.7125,-0.6331,5.9665,0.0000,1,0.2495,0.0556,0.7605,0.0005,1.000,70.00,342.76
1.0900,IMM-UKF,jink,0.500,4.00,0.050,1,0.600,1,17.5600,16.0355,-1.5244,6.9553,0.3431,0.0935,0.0227,6.0000,5.1654,2.0192,14.6508,0.1844,20.6881,-11.2400,22.7217,-10.9105,23.0558,-10.9829,22.9925,-10.3095,26.8615,-9.0978,2.0336,0.3295,2.3677,0.2571,2.3044,0.9305,4,0.3300,4,0,0.6028,0.3347,0.0625,4.4637,11.0908,-0.7134,-0.7046,5.9585,0.0000,1,0.2495,0.0556,0.7605,0.0005,1.000,70.00,342.76
1.1000,IMM-UKF,jink,0.500,4.00,0.050,1,0.600,1,17.4927,15.9423,-1.5504,7.0421,0.3431,0.0935,0.0234,6.0000,5.1654,2.0197,15.6828,0.1853,20.5853,-11.2599,22.7217,-10.9105,23.0558,-10.9829,23.0679,-10.3032,27.0259,-9.0990,2.1364,0.3494,2.4705,0.2770,2.4826,0.9568,4,0.3400,4,0,0.6028,0.3347,0.0625,4.4759,11.1505,-0.7141,-0.7761,5.9496,0.0000,1,0.2495,0.0556,0.7605,0.0005,1.000,70.00,342.76
1.1100,IMM-UKF,jink,0.500,4.00,0.050,1,0.600,1,17.4245,16.7641,-0.6604,4.7161,0.3556,0.0913,0.0115,6.0000,5.3049,1.4475,4.5500,0.1862,20.4799,-11.2806,21.0736,-11.1671,21.0137,-11.4010,21.0962,-11.7429,22.7233,-13.5531,0.5937,0.1134,0.5338,-0.1205,0.6163,-0.4623,5,0.0600,5,0,0.7366,0.2379,0.0255,4.4875,11.2097,-0.7148,-0.8474,5.9399,0.0000,1,0.2495,0.0556,1.0505,0.0005,1.000,70.00,342.76
1.1200,IMM-UKF,jink,0.500,4.00,0.050,1,0.600,1,17.3555,16.6919,-0.6636,4.7736,0.3556,0.0913,0.0122,6.0000,5.3049,1.4483,5.2416,0.1872,20.3718,-11.3019,21.0736,-11.1671,21.0137,-11.4010,21.1247,-11.7747,22.7965,-13.6309,0.7017,0.1347,0.6418,-0.0991,0.7528,-0.4728,5,0.0700,5,0,0.7366,0.2379,0.0255,4.4985,11.2686,-0.7154,-0.9186,5.9293,0.0000,1,0.2495,0.0556,1.0505,0.0005,1.000,70.00,342.76
1.1300,IMM-UKF,jink,0.500,4.00,0.050,1,0.600,1,17.2857,16.6187,-0.6670,4.8318,0.3556,0.0913,0.0127,6.0000,5.3049,1.4492,5.9814,0.1881,20.2612,-11.3239,21.0736,-11.1671,21.0137,-11.4010,21.1544,-11.8075,22.8730,-13.7109,0.8124,0.1568,0.7525,-0.0771,0.8932,-0.4836,5,0.0800,5,0,0.7366,0.2379,0.0255,4.5089,11.3270,-0.7160,-0.9897,5.9178,0.0000,1,0.2495,0.0556,1.0505,0.0005,1.000,70.00,342.76
1.1400,IMM-UKF,jink,0.500,4.00,0.050,1,0.600,1,17.2150,16.5443,-0.6706,4.8906,0.3556,0.0913,0.0133,6.0000,5.3049,1.4500,6.7620,0.1891,20.1478,-11.3467,21.0736,-11.1671,21.0137,-11.4010,21.1852,-11.8414,22.9529,-13.7930,0.9258,0.1796,0.8658,-0.0543,1.0374,-0.4947,5,0.0900,5,0,0.7366,0.2379,0.0255,4.5188,11.3849,-0.7165,-1.0607,5.9055,0.0000,1,0.2495,0.0556,1.0505,0.0005,1.000,70.00,342.76
1.1500,IMM-UKF,jink,0.500,4.00,0.050,1,0.600,1,17.1434,16.4689,-0.6745,4.9500,0.3556,0.0913,0.0138,6.0000,5.3049,1.4509,7.5790,0.1900,20.0318,-11.3702,21.0736,-11.1671,21.0137,-11.4010,21.2174,-11.8763,23.0364,-13.8774,1.0418,0.2031,0.9819,-0.0308,1.1856,-0.5061,5,0.1000,5,0,0.7366,0.2379,0.0255,4.5280,11.4425,-0.7169,-1.1314,5.8924,0.0000,1,0.2495,0.0556,1.0505,0.0005,1.000,70.00,342.76
1.1600,IMM-UKF,jink,0.500,4.00,0.050,1,0.600,1,17.0710,16.3925,-0.6785,5.0101,0.3556,0.0913,0.0143,6.0000,5.3049,1.4518,8.4294,0.1910,19.9131,-11.3945,21.0736,-11.1671,21.0137,-11.4010,21.2508,-11.9124,23.1236,-13.9640,1.1605,0.2274,1.1006,-0.0065,1.3378,-0.5178,5,0.1100,5,0,0.7366,0.2379,0.0255,4.5367,11.4996,-0.7172,-1.2021,5.8784,0.0000,1,0.2495,0.0556,1.0505,0.0005,1.000,70.00,342.76
1.1700,IMM-UKF,jink,0.500,4.00,0.050,1,0.600,1,16.9977,16.3150,-0.6827,5.0707,0.3556,0.0913,0.0147,6.0000,5.3049,1.4527,9.3116,0.1920,19.7916,-11.4196,21.0736,-11.1671,21.0137,-11.4010,21.2857,-11.9495,23.2148,-14.0530,1.2820,0.2525,1.2221,0.0186,1.4941,-0.5299,5,0.1200,5,0,0.7366,0.2379,0.0255,4.5447,11.5564,-0.7175,-1.2725,5.8635,0.0000,1,0.2495,0.0556,1.0505,0.0005,1.000,70.00,342.76
1.1800,IMM-UKF,jink,0.500,4.00,0.050,1,0.600,1,16.9236,16.2365,-0.6871,5.1320,0.3556,0.0913,0.0151,6.0000,5.3049,1.4536,10.2243,0.1930,19.6673,-11.4455,21.0736,-11.1671,21.0137,-11.4010,21.3221,-11.9878,23.3102,-14.1443,1.4063,0.2784,1.3463,0.0445,1.6548,-0.5423,5,0.1300,5,0,0.7366,0.2379,0.0255,4.5522,11.6127,-0.7176,-1.3428,5.8478,0.0000,1,0.2495,0.0556,1.0505,0.0005,1.000,70.00,342.76
1.1900,IMM-UKF,jink,0.500,4.00,0.050,1,0.600,1,16.8486,16.1571,-0.6916,5.1938,0.3556,0.0913,0.0155,6.0000,5.3049,1.4545,11.1669,0.1941,19.5403,-11.4722,21.0736,-11.1671,21.0137,-11.4010,21.3600,-12.0272,23.4098,-14.2381,1.5333,0.3050,1.4734,0.0712,1.8197,-0.5551,5,0.1400,5,0,0.7366,0.2379,0.0255,4.5590,11.6686,-0.7178,-1.4129,5.8313,0.0000,1,0.2495,0.0556,1.0505,0.0005,1.000,70.00,342.76
1.2000,IMM-UKF,jink,0.500,4.00,0.050,1,0.600,1,16.7729,16.0767,-0.6962,5.2563,0.3556,0.0913,0.0160,6.0000,5.3049,1.4560,12.1372,0.1952,19.4108,-11.4997,21.0736,-11.1671,21.0137,-11.4010,21.3996,-12.0678,23.5140,-14.3345,1.6628,0.3325,1.6028,0.0987,1.9888,-0.5682,5,0.1500,5,0,0.7366,0.2379,0.0255,4.5652,11.7242,-0.7178,-1.4827,5.8139,0.0000,1,0.2495,0.0556,1.0505,0.0005,1.000,70.00,342.76
1.2100,IMM-UKF,jink,0.500,4.00,0.050,1,0.600,1,16.6962,15.9953,-0.7009,5.3192,0.3556,0.0913,0.0165,6.0000,5.3049,1.4578,13.1373,0.1967,19.2785,-11.5279,21.0736,-11.1671,21.0137,-11.4010,21.4409,-12.1096,23.6230,-14.4334,1.7951,0.3608,1.7352,0.1269,2.1624,-0.5817,5,0.1600,5,0,0.7366,0.2379,0.0255,4.5709,11.7793,-0.7178,-1.5524,5.7957,0.0000,1,0.2495,0.0556,1.0505,0.0005,1.000,70.00,342.76
1.2200,IMM-UKF,jink,0.500,4.00,0.050,1,0.600,1,16.6188,15.9130,-0.7058,5.3828,0.3556,0.0913,0.0171,6.0000,5.3049,1.4593,14.1688,0.1982,19.1430,-11.5570,21.0736,-11.1671,21.0137,-11.4010,21.4840,-12.1525,23.7369,-14.5350,1.9306,0.3899,1.8707,0.1560,2.3410,-0.5955,5,0.1700,5,0,0.7366,0.2379,0.0255,4.5759,11.8341,-0.7177,-1.6218,5.7766,0.0000,1,0.2495,0.0556,1.0505,0.0005,1.000,70.00,342.76
1.2300,IMM-UKF,jink,0.500,4.00,0.050,1,0.600,1,16.5405,15.8298,-0.7107,5.4469,0.3556,0.0913,0.0177,6.0000,5.3049,1.4607,15.2309,0.1997,19.0045,-11.5870,21.0736,-11.1671,21.0137,-11.4010,21.5290,-12.1967,23.8560,-14.6392,2.0691,0.4199,2.0092,0.1860,2.5244,-0.6097,5,0.1800,5,0,0.7366,0.2379,0.0255,4.5802,11.8885,-0.7175,-1.6910,5.7568,0.0000,1,0.2495,0.0556,1.0505,0.0005,1.000,70.00,342.76
1.2400,IMM-UKF,jink,0.500,4.00,0.050,1,0.600,1,16.4614,15.7457,-0.7157,5.5115,0.3556,0.0913,0.0183,6.0000,5.3049,1.4621,16.3236,0.2012,18.8631,-11.6179,21.0736,-11.1671,21.0137,-11.4010,21.5759,-12.2421,23.9806,-14.7463,2.2105,0.4508,2.1506,0.2169,2.7128,-0.6242,5,0.1900,5,0,0.7366,0.2379,0.0255,4.5840,11.9425,-0.7173,-1.7600,5.7361,0.0000,1,0.2495,0.0556,1.0505,0.0005,1.000,70.00,342.76
1.2500,IMM-UKF,jink,0.500,4.00,0.050,1,0.600,1,16.3815,15.6607,-0.7207,5.5766,0.3556,0.0913,0.0189,6.0000,5.3049,1.4635,17.4473,0.2028,18.7187,-11.6497,21.0736,-11.1671,21.0137,-11.4010,21.6250,-12.2888,24.1108,-14.8562,2.3549,0.4826,2.2949,0.2487,2.9063,-0.6391,5,0.2000,5,0,0.7366,0.2379,0.0255,4.5871,11.9962,-0.7170,-1.8287,5.7145,0.0000,1,0.2495,0.0556,1.0505,0.0005,1.000,70.00,342.76
1.2600,IMM-UKF,jink,0.500,4.00,0.050,1,0.600,1,16.3007,15.5749,-0.7258,5.6422,0.3556,0.0913,0.0194,6.0000,5.3049,1.4650,18.6026,0.2043,18.5714,-11.6824,21.0736,-11.1671,21.0137,-11.4010,21.6763,-12.3368,24.2471,-14.9690,2.5022,0.5153,2.4423,0.2814,3.1049,-0.6544,5,0.2100,5,0,0.7366,0.2379,0.0255,4.5896,12.0494,-0.7166,-1.8971,5.6922,0.0000,1,0.2495,0.0556,1.0505,0.0005,1.000,70.00,342.76
1.2700,IMM-UKF,jink,0.500,4.00,0.050,1,0.600,1,16.2192,15.4883,-0.7309,5.7083,0.3556,0.0913,0.0199,6.0000,5.3049,1.4665,19.7902,0.2060,18.4210,-11.7160,21.0736,-11.1671,21.0137,-11.4010,21.7298,-12.3861,24.3895,-15.0849,2.6526,0.5489,2.5927,0.3150,3.3088,-0.6700,5,0.2200,5,0,0.7366,0.2379,0.0255,4.5915,12.1024,-0.7162,-1.9653,5.6690,0.0000,1,0.2495,0.0556,1.0505,0.0005,1.000,70.00,342.76
1.2800,IMM-UKF,jink,0.500,4.00,0.050,1,0.600,1,16.1368,15.4008,-0.7360,5.7750,0.3556,0.0913,0.0203,6.0000,5.3049,1.4680,21.0109,0.2076,18.2675,-11.7507,21.0736,-11.1671,21.0137,-11.4010,21.7858,-12.4367,24.5386,-15.2038,2.8061,0.5835,2.7462,0.3497,3.5183,-0.6860,5,0.2300,5,0,0.7366,0.2379,0.0255,4.5927,12.1549,-0.7157,-2.0332,5.6450,0.0000,1,0.2495,0.0556,1.0505,0.0005,1.000,70.00,342.76
1.2900,IMM-UKF,jink,0.500,4.00,0.050,1,0.600,1,16.0536,15.3125,-0.7411,5.8421,0.3556,0.0913,0.0207,6.0000,5.3049,1.4695,22.2653,0.2092,18.1109,-11.7862,21.0736,-11.1671,21.0137,-11.4010,21.8442,-12.4886,24.6944,-15.3259,2.9627,0.6191,2.9027,0.3852,3.7333,-0.7024,5,0.2400,5,0,0.7366,0.2379,0.0255,4.5933,12.2072,-0.7151,-2.1008,5.6202,0.0000,1,0.2495,0.0556,1.0505,0.0005,1.000,70.00,342.76
1.3000,IMM-UKF,jink,0.500,4.00,0.050,1,0.600,1,15.9696,15.2235,-0.7462,5.9096,0.3556,0.0913,0.0211,6.0000,5.3049,1.4711,23.5544,0.2109,17.9512,-11.8228,21.0736,-11.1671,21.0137,-11.4010,21.9053,-12.5419,24.8575,-15.4512,3.1224,0.6557,3.0624,0.4218,3.9540,-0.7191,5,0.2500,5,0,0.7366,0.2379,0.0255,4.5932,12.2590,-0.7144,-2.1681,5.5946,0.0000,1,0.2835,0.0441,1.0505,0.0000,1.000,70.00,342.76
1.3100,IMM-UKF,jink,0.500,4.00,0.050,1,0.600,1,15.8849,15.1337,-0.7512,5.9776,0.3556,0.0913,0.0214,6.0000,5.3049,1.4726,24.8790,0.2126,17.7883,-11.8604,21.0736,-11.1671,21.0137,-11.4010,21.9690,-12.5967,25.0280,-15.5798,3.2852,0.6933,3.2253,0.4594,4.1807,-0.7362,5,0.2600,5,0,0.7366,0.2379,0.0255,4.5925,12.3106,-0.7137,-2.2350,5.5682,0.0000,1,0.2835,0.0441,1.0505,0.0000,1.000,70.00,342.76
1.3200,IMM-UKF,jink,0.500,4.00,0.050,1,0.600,1,15.7993,15.0431,-0.7562,6.0461,0.3556,0.0913,0.0217,6.0000,5.3049,1.4743,26.2400,0.2144,17.6222,-11.8991,21.0736,-11.1671,21.0137,-11.4010,22.0357,-12.6528,25.2064,-15.7119,3.4514,0.7320,3.3914,0.4981,4.4135,-0.7537,5,0.2700,5,0,0.7366,0.2379,0.0255,4.5911,12.3617,-0.7129,-2.3017,5.5410,0.0000,1,0.2835,0.0441,1.0505,0.0000,1.000,70.00,342.76
1.3300,IMM-UKF,jink,0.500,4.00,0.050,1,0.600,1,15.7130,14.9519,-0.7611,6.1150,0.3556,0.0913,0.0220,6.0000,5.3049,1.4759,27.6385,0.2161,17.4529,-11.9388,21.0736,-11.1671,21.0137,-11.4010,22.1053,-12.7104,25.3931,-15.8474,3.6207,0.7717,3.5608,0.5378,4.6525,-0.7716,5,0.2800,5,0,0.7366,0.2379,0.0255,4.5890,12.4126,-0.7120,-2.3680,5.5129,0.0000,1,0.2835,0.0441,1.0505,0.0000,1.000,70.00,342.76
1.3400,IMM-UKF,jink,0.500,4.00,0.050,1,0.600,1,15.6258,14.8599,-0.7659,6.1843,0.3556,0.0913,0.0222,6.0000,5.3049,1.4776,29.0755,0.2180,17.2802,-11.9796,21.0736,-11.1671,21.0137,-11.4010,22.1781,-12.7695,25.5884,-15.9865,3.7934,0.8125,3.7335,0.5786,4.8979,-0.7899,5,0.2900,5,0,0.7366,0.2379,0.0255,4.5863,12.4631,-0.7111,-2.4340,5.4841,0.0000,1,0.2835,0.0441,1.0505,0.0000,1.000,70.00,342.76
1.3500,IMM-UKF,jink,0.500,4.00,0.050,1,0.600,1,15.5379,15.0020,-0.5359,4.1414,0.3695,0.0873,0.0086,6.0000,5.2939,1.7170,8.2869,0.2198,17.1042,-12.0215,17.9512,-11.8228,17.8189,-12.0777,18.4812,-11.7020,18.0767,-12.7747,0.8470,0.1987,0.7147,-0.0561,1.3770,0.3196,6,0.0500,6,0,0.8254,0.1545,0.0201,4.5829,12.5133,-0.7101,-2.4996,5.4545,0.0000,1,0.2835,0.0441,1.3000,0.0000,1.000,70.00,342.76
1.3600,IMM-UKF,jink,0.500,4.00,0.050,1,0.600,1,15.4493,14.9179,-0.5314,4.1874,0.3695,0.0873,0.0088,6.0000,5.2939,1.7185,9.3362,0.2216,16.9248,-12.0646,17.9512,-11.8228,17.8189,-12.0777,18.4799,-11.7201,18.1243,-12.8378,1.0264,0.2418,0.8941,-0.0131,1.5551,0.3445,6,0.0600,6,0,0.8254,0.1545,0.0201,4.5788,12.5631,-0.7090,-2.5649,5.4241,0.0000,1,0.2835,0.0441,1.3000,0.0000,1.000,70.00,342.76
1.3700,IMM-UKF,jink,0.500,4.00,0.050,1,0.600,1,15.3598,14.8329,-0.5269,4.2339,0.3695,0.0873,0.0089,6.0000,5.2939,1.7200,10.4158,0.2236,16.7419,-12.1088,17.9512,-11.8228,17.8189,-12.0777,18.4803,-11.7392,18.1766,-12.9032,1.2093,0.2860,1.0770,0.0311,1.7384,0.3696,6,0.0700,6,0,0.8254,0.1545,0.0201,4.5741,12.6127,-0.7079,-2.6298,5.3930,0.0000,1,0.2835,0.0441,1.3000,0.0000,1.000,70.00,342.76
1.3800,IMM-UKF,jink,0.500,4.00,0.050,1,0.600,1,15.2696,14.7470,-0.5226,4.2810,0.3695,0.0873,0.0091,6.0000,5.2939,1.7216,11.5264,0.2255,16.5556,-12.1542,17.9512,-11.8228,17.8189,-12.0777,18.4825,-11.7593,18.2340,-12.9709,1.3956,0.3314,1.2633,0.0765,1.9269,0.3949,6,0.0800,6,0,0.8254,0.1545,0.0201,4.5686,12.6619,-0.7067,-2.6943,5.3610,0.0000,1,0.2835,0.0441,1.3000,0.0000,1.000,70.00,342.76
1.3900,IMM-UKF,jink,0.500,4.00,0.050,1,0.600,1,15.1786,14.6604,-0.5183,4.3285,0.3695,0.0873,0.0091,6.0000,5.2939,1.7232,12.6687,0.2275,16.3657,-12.2008,17.9512,-11.8228,17.8189,-12.0777,18.4866,-11.7805,18.2969,-13.0412,1.5855,0.3780,1.4532,0.1232,2.1209,0.4203,6,0.0900,6,0,0.8254,0.1545,0.0201,4.5625,12.7108,-0.7054,-2.7585,5.3283,0.0000,1,0.2835,0.0441,1.3000,0.0000,1.000,70.00,342.76
1.4000,IMM-UKF,jink,0.500,4.00,0.050,1,0.600,1,15.0869,14.5729,-0.5140,4.3766,0.3695,0.0873,0.0092,6.0000,5.2939,1.7248,13.8438,0.2295,16.1722,-12.2487,17.9512,-11.8228,17.8189,-12.0777,18.4927,-11.8027,18.3653,-13.1139,1.7790,0.4259,1.6467,0.1710,2.3204,0.4460,6,0.1000,6,0,0.8254,0.1545,0.0201,4.5556,12.7593,-0.7040,-2.8222,5.2948,0.0000,1,0.2835,0.0441,1.3000,0.0000,1.000,70.00,342.76
1.4100,IMM-UKF,jink,0.500,4.00,0.050,1,0.600,1,14.9945,14.4846,-0.5099,4.4252,0.3695,0.0873,0.0092,6.0000,5.2939,1.7264,15.0526,0.2316,15.9751,-12.2978,17.9512,-11.8228,17.8189,-12.0777,18.5009,-11.8260,18.4398,-13.1893,1.9761,0.4750,1.8438,0.2201,2.5257,0.4718,6,0.1100,6,0,0.8254,0.1545,0.0201,4.5481,12.8076,-0.7026,-2.8856,5.2606,0.0000,1,0.2835,0.0441,1.3000,0.0000,1.000,70.00,342.76
1.4200,IMM-UKF,jink,0.500,4.00,0.050,1,0.600,1,14.9013,14.3956,-0.5057,4.4743,0.3695,0.0873,0.0092,6.0000,5.2939,1.7281,16.2960,0.2337,15.7743,-12.3483,17.9512,-11.8228,17.8189,-12.0777,18.5112,-11.8504,18.5205,-13.2674,2.1769,0.5254,2.0446,0.2706,2.7369,0.4979,6,0.1200,6,0,0.8254,0.1545,0.0201,4.5398,12.8555,-0.7011,-2.9485,5.2256,0.0000,1,0.2835,0.0441,1.3000,0.0000,1.000,70.00,342.76
1.4300,IMM-UKF,jink,0.500,4.00,0.050,1,0.600,1,14.8073,14.3058,-0.5016,4.5239,0.3695,0.0873,0.0092,6.0000,5.2939,1.7298,17.5751,0.2358,15.5697,-12.4000,17.9512,-11.8228,17.8189,-12.0777,18.5239,-11.8759,18.6080,-13.3482,2.3815,0.5772,2.2492,0.3223,2.9542,0.5241,6,0.1300,6,0,0.8254,0.1545,0.0201,4.5308,12.9032,-0.6995,-3.0110,5.1898,0.0000,1,0.2835,0.0441,1.3000,0.0000,1.000,70.00,342.76
1.4400,IMM-UKF,jink,0.500,4.00,0.050,1,0.600,1,14.7127,14.2152,-0.4975,4.5740,0.3695,0.0873,0.0092,6.0000,5.2939,1.7316,18.8909,0.2380,15.3613,-12.4531,17.9512,-11.8228,17.8189,-12.0777,18.5391,-11.9025,18.7024,-13.4320,2.5899,0.6303,2.4576,0.3755,3.1777,0.5506,6,0.1400,6,0,0.8254,0.1545,0.0201,4.5211,12.9505,-0.6978,-3.0730,5.1533,0.0000,1,0.2835,0.0441,1.3000,0.0000,1.000,70.00,342.76
1.4500,IMM-UKF,jink,0.500,4.00,0.050,1,0.600,1,14.6173,14.1239,-0.4934,4.6245,0.3695,0.0873,0.0091,6.0000,5.2939,1.7334,20.2448,0.2402,15.1491,-12.5077,17.9512,-11.8228,17.8189,-12.0777,18.5568,-11.9303,18.8043,-13.5187,2.8022,0.6848,2.6698,0.4300,3.4078,0.5774,6,0.1500,6,0,0.8254,0.1545,0.0201,4.5107,12.9975,-0.6961,-3.1346,5.1161,0.0000,1,0.2835,0.0441,1.3000,0.0000,1.000,70.00,342.76
1.4600,IMM-UKF,jink,0.500,4.00,0.050,1,0.600,1,14.5212,14.0319,-0.4893,4.6756,0.3695,0.0873,0.0090,6.0000,5.2939,1.7352,21.6378,0.2425,14.9328,-12.5636,17.9512,-11.8228,17.8189,-12.0777,18.5773,-11.9592,18.9141,-13.6085,3.0184,0.7408,2.8861,0.4859,3.6445,0.6044,6,0.1600,6,0,0.8254,0.1545,0.0201,4.4995,13.0443,-0.6943,-3.1958,5.0781,0.0000,1,0.2835,0.0441,1.3000,0.0000,1.000,70.00,342.76
1.4700,IMM-UKF,jink,0.500,4.00,0.050,1,0.600,1,14.4244,13.9392,-0.4852,4.7272,0.3695,0.0873,0.0089,6.0000,5.2939,1.7371,23.0712,0.2449,14.7126,-12.6210,17.9512,-11.8228,17.8189,-12.0777,18.6006,-11.9894,19.0321,-13.7015,3.2386,0.7982,3.1063,0.5433,3.8880,0.6317,6,0.1700,6,0,0.8254,0.1545,0.0201,4.4876,13.0907,-0.6924,-3.2565,5.0394,0.0000,1,0.2835,0.0441,1.3000,0.0000,1.000,70.00,342.76
1.4800,IMM-UKF,jink,0.500,4.00,0.050,1,0.600,1,14.3269,13.8459,-0.4811,4.7792,0.3695,0.0873,0.0087,6.0000,5.2939,1.7390,24.5464,0.2473,14.4883,-12.6799,17.9512,-11.8228,17.8189,-12.0777,18.6269,-12.0207,19.1589,-13.7978,3.4630,0.8571,3.3306,0.6022,4.1387,0.6592,6,0.1800,6,0,0.8254,0.1545,0.0201,4.4749,13.1368,-0.6904,-3.3167,4.9999,0.0000,1,0.2835,0.0441,1.3000,0.0000,1.000,70.00,342.76
1.4900,IMM-UKF,jink,0.500,4.00,0.050,1,0.600,1,14.2287,13.7518,-0.4769,4.8317,0.3695,0.0873,0.0085,6.0000,5.2939,1.7410,26.0647,0.2497,14.2598,-12.7404,17.9512,-11.8228,17.8189,-12.0777,18.6564,-12.0533,19.2949,-13.8975,3.6915,0.9175,3.5591,0.6627,4.3966,0.6870,6,0.1900,6,0,0.8254,0.1545,0.0201,4.4615,13.1826,-0.6884,-3.3765,4.9598,0.0000,1,0.2835,0.0441,1.3000,0.0000,1.000,70.00,342.76
1.5000,IMM-UKF,jink,0.500,4.00,0.050,1,0.600,1,14.1299,13.6572,-0.4727,4.8846,0.3695,0.0873,0.0083,6.0000,5.2939,1.7430,27.6276,0.2522,14.0271,-12.8024,17.9512,-11.8228,17.8189,-12.0777,18.6891,-12.0872,19.4406,-14.0007,3.9242,0.9795,3.7919,0.7247,4.6621,0.7151,6,0.2000,6,0,0.8254,0.1545,0.0201,4.4472,13.2281,-0.6862,-3.4358,4.9189,0.0000,1,0.2835,0.0441,1.3000,0.0000,1.000,70.00,342.76
1.5100,IMM-UKF,jink,0.500,4.00,0.050,1,0.600,1,14.0303,13.5619,-0.4684,4.9381,0.3695,0.0873,0.0081,6.0000,5.2939,1.7450,29.2365,0.2548,13.7900,-12.8660,17.9512,-11.8228,17.8189,-12.0777,18.7254,-12.1224,19.5967,-14.1076,4.1612,1.0432,4.0289,0.7883,4.9354,0.7436,6,0.2100,6,0,0.8254,0.1545,0.0201,4.4323,13.2734,-0.6840,-3.4946,4.8773,0.0000,1,0.2835,0.0441,1.3000,0.0000,1.000,70.00,342.76
1.5200,IMM-UKF,jink,0.500,4.00,0.050,1,0.600,1,13.9312,13.4660,-0.4652,4.9919,0.3695,0.0873,0.0085,6.0000,5.2939,1.7481,30.8661,0.2577,13.5528,-12.9302,17.9512,-11.8228,17.8189,-12.0777,18.7650,-12.1590,19.7621,-14.2183,4.3984,1.1074,4.2661,0.8525,5.2121,0.7713,6,0.2200,6,0,0.8254,0.1545,0.0201,4.4168,13.3182,-0.6817,-3.4358,4.9189,0.0000,1,0.2835,0.0441,1.3000,0.0000,1.000,70.00,342.76
1.5300,IMM-UKF,jink,0.500,4.00,0.050,1,0.600,1,13.8324,13.3695,-0.4629,5.0463,0.3695,0.0873,0.0089,6.0000,5.2939,1.7511,32.5180,0.2606,13.3152,-12.9951,17.9512,-11.8228,17.8189,-12.0777,18.8080,-12.1969,19.9373,-14.3330,4.6360,1.1723,4.5037,0.9174,5.4928,0.7982,6,0.2300,6,0,0.8254,0.1545,0.0201,4.4009,13.3628,-0.6793,-3.3765,4.9598,0.0000,1,0.2835,0.0441,1.3000,0.0000,1.000,70.00,342.76
1.5400,IMM-UKF,jink,0.500,4.00,0.050,1,0.600,1,13.7340,13.2724,-0.4616,5.1010,0.3695,0.0873,0.0091,6.0000,5.2939,1.7541,34.1929,0.2635,13.0773,-13.0607,17.9512,-11.8228,17.8189,-12.0777,18.8546,-12.2363,20.1227,-14.4520,4.8739,1.2379,4.7416,0.9830,5.7773,0.8244,6,0.2400,6,0,0.8254,0.1545,0.0201,4.3845,13.4070,-0.6768,-3.3167,4.9999,0.0000,1,0.2835,0.0441,1.3000,0.0000,1.000,70.00,342.76
1.5500,IMM-UKF,jink,0.500,4.00,0.050,1,0.600,1,13.6360,13.1747,-0.4613,5.1562,0.3695,0.0873,0.0092,6.0000,5.2939,1.7572,35.8912,0.2664,12.8392,-13.1270,17.9512,-11.8228,17.8189,-12.0777,18.9049,-12.2771,20.3189,-14.5753,5.1121,1.3042,4.9797,1.0493,6.0657,0.8499,6,0.2500,6,0,0.8254,0.1545,0.0201,4.3677,13.4508,-0.6741,-3.2565,5.0394,0.0000,1,0.2835,0.0441,1.3000,0.0000,1.000,70.00,342.76
1.5600,IMM-UKF,jink,0.500,4.00,0.050,1,0.600,1,13.5384,13.0765,-0.4618,5.2119,0.3695,0.0873,0.0092,6.0000,5.2939,1.7602,37.6136,0.2693,12.6008,-13.1941,17.9512,-11.8228,17.8189,-12.0777,18.9590,-12.3194,20.5262,-14.7032,5.3504,1.3712,5.2181,1.1164,6.3582,0.8746,6,0.2600,6,0,0.8254,0.1545,0.0201,4.3505,13.4943,-0.6714,-3.1958,5.0781,0.0000,1,0.2835,0.0441,1.3000,0.0000,1.000,70.00,342.76
1.5700,IMM-UKF,jink,0.500,4.00,0.050,1,0.600,1,13.4411,12.9778,-0.4633,5.2680,0.3695,0.0873,0.0092,6.0000,5.2939,1.7633,39.3605,0.2721,12.3622,-13.2619,17.9512,-11.8228,17.8189,-12.0777,19.0171,-12.3633,20.7452,-14.8357,5.5890,1.4390,5.4567,1.1842,6.6549,0.8986,6,0.2700,6,0,0.8254,0.1545,0.0201,4.3329,13.5374,-0.6686,-3.1346,5.1161,0.0000,1,0.2835,0.0441,1.3000,0.0000,1.000,70.00,342.76
1.5800,IMM-UKF,jink,0.500,4.00,0.050,1,0.600,1,13.3442,12.8785,-0.4656,5.3245,0.3695,0.0873,0.0090,6.0000,5.2939,1.7664,41.1325,0.2750,12.1235,-13.3304,17.9512,-11.8228,17.8189,-12.0777,19.0792,-12.4088,20.9764,-14.9732,5.8277,1.5076,5.6954,1.2528,6.9557,0.9217,6,0.2800,6,0,0.8254,0.1545,0.0201,4.3148,13.5802,-0.6656,-3.0730,5.1533,0.0000,1,0.2835,0.0441,1.3000,0.0000,1.000,70.00,342.76
1.5900,IMM-UKF,jink,0.500,4.00,0.050,1,0.600,1,13.2476,12.7788,-0.4688,5.3814,0.3695,0.0873,0.0087,6.0000,5.2939,1.7694,42.9303,0.2779,11.8848,-13.3998,17.9512,-11.8228,17.8189,-12.0777,19.1455,-12.4559,21.2203,-15.1157,6.0664,1.5770,5.9341,1.3222,7.2607,0.9440,6,0.2900,6,0,0.8254,0.1545,0.0201,4.2963,13.6227,-0.6626,-3.0110,5.1898,0.0000,1,0.2940,0.0458,1.3000,0.0020,1.000,70.00,342.76
1.6000,IMM-UKF,jink,0.500,4.00,0.050,1,0.600,1,13.1514,12.6785,-0.4729,5.4387,0.3695,0.0873,0.0084,6.0000,5.2939,1.7725,44.7544,0.2808,11.6460,-13.4700,17.9512,-11.8228,17.8189,-12.0777,19.2162,-12.5046,21.4777,-15.2634,6.3052,1.6472,6.1729,1.3924,7.5702,0.9654,6,0.3000,6,0,0.8254,0.1545,0.0201,4.2774,13.6648,-0.6594,-2.9485,5.2256,0.0000,1,0.2940,0.0458,1.3000,0.0020,1.000,70.00,342.76
1.6100,IMM-UKF,jink,0.500,4.00,0.050,1,0.600,1,13.0556,12.5778,-0.4777,5.4965,0.3695,0.0873,0.0079,6.0000,5.2939,1.7756,46.6056,0.2836,11.4073,-13.5411,17.9512,-11.8228,17.8189,-12.0777,19.2913,-12.5551,21.7490,-15.4167,6.5439,1.7183,6.4116,1.4634,7.8840,0.9860,6,0.3100,6,0,0.8254,0.1545,0.0201,4.2582,13.7066,-0.6561,-2.8856,5.2606,0.0000,1,0.2940,0.0458,1.3000,0.0020,1.000,70.00,342.76
1.6200,IMM-UKF,jink,0.500,4.00,0.050,1,0.600,1,12.9600,12.4767,-0.4834,5.5546,0.3695,0.0873,0.0073,6.0000,5.2939,1.7786,48.4845,0.2865,11.1687,-13.6130,17.9512,-11.8228,17.8189,-12.0777,19.3711,-12.6074,22.0350,-15.5756,6.7826,1.7902,6.6502,1.5354,8.2024,1.0056,6,0.3200,6,0,0.8254,0.1545,0.0201,4.2385,13.7480,-0.6527,-2.8222,5.2948,0.0000,1,0.2940,0.0458,1.3000,0.0020,1.000,70.00,342.76
1.6300,IMM-UKF,jink,0.500,4.00,0.050,1,0.600,1,12.8648,12.3751,-0.4898,5.6131,0.3695,0.0873,0.0067,6.0000,5.2939,1.7817,50.3919,0.2893,10.9302,-13.6859,17.9512,-11.8228,17.8189,-12.0777,19.4557,-12.6615,22.3363,-15.7405,7.0210,1.8630,6.8887,1.6082,8.5255,1.0244,6,0.3300,6,0,0.8254,0.1545,0.0201,4.2185,13.7891,-0.6492,-2.7585,5.3283,0.0000,1,0.2940,0.0458,1.3000,0.0020,1.000,70.00,342.76
1.6400,IMM-UKF,jink,0.500,4.00,0.050,1,0.600,1,12.7699,12.2142,-0.5558,3.7289,0.3648,0.0770,0.0106,6.0000,4.9252,1.1296,9.3903,0.2922,10.6919,-13.7597,11.8848,-13.3998,12.0168,-13.5369,12.3069,-13.7188,5.0325,-20.5015,1.1929,0.3598,1.3249,0.2228,1.6150,0.0408,7,0.0500,7,0,0.8859,0.0981,0.0160,4.1982,13.8299,-0.6455,-2.6943,5.3610,0.0000,1,0.2940,0.0458,1.5920,0.0020,1.000,70.00,342.76
1.6500,IMM-UKF,jink,0.500,4.00,0.050,1,0.600,1,12.6753,12.1186,-0.5567,3.7656,0.3648,0.0770,0.0097,6.0000,4.9252,1.1308,10.3031,0.2950,10.4539,-13.8344,11.8848,-13.3998,12.0168,-13.5369,12.2268,-13.8087,4.8979,-20.7878,1.4309,0.4346,1.5629,0.2975,1.7729,0.0257,7,0.0600,7,0,0.8859,0.0981,0.0160,4.1775,13.8703,-0.6418,-2.6298,5.3930,0.0000,1,0.2940,0.0458,1.5920,0.0020,1.000,70.00,342.76
1.6600,IMM-UKF,jink,0.500,4.00,0.050,1,0.600,1,12.5811,12.0225,-0.5586,3.8027,0.3648,0.0770,0.0088,6.0000,4.9252,1.1320,11.2236,0.2978,10.2162,-13.9101,11.8848,-13.3998,12.0168,-13.5369,12.1483,-13.9012,4.7643,-21.0849,1.6686,0.5103,1.8006,0.3733,1.9321,0.0089,7,0.0700,7,0,0.8859,0.0981,0.0160,4.1564,13.9104,-0.6379,-2.5649,5.4241,0.0000,1,0.2940,0.0458,1.5920,0.0020,1.000,70.00,342.76
1.6700,IMM-UKF,jink,0.500,4.00,0.050,1,0.600,1,12.4871,11.9258,-0.5613,3.8402,0.3648,0.0770,0.0077,6.0000,4.9252,1.1332,12.1518,0.3007,9.9788,-13.9869,11.8848,-13.3998,12.0168,-13.5369,12.0714,-13.9963,4.6317,-21.3933,1.9059,0.5871,2.0380,0.4500,2.0925,-0.0094,7,0.0800,7,0,0.8859,0.0981,0.0160,4.1350,13.9502,-0.6339,-2.4996,5.4545,0.0000,1,0.2940,0.0458,1.5920,0.0020,1.000,70.00,342.76
1.6800,IMM-UKF,jink,0.500,4.00,0.050,1,0.600,1,12.3934,11.8286,-0.5648,3.8781,0.3648,0.0770,0.0069,6.0000,4.9252,1.1375,13.0926,0.3034,9.7411,-14.0647,11.8848,-13.3998,12.0168,-13.5369,11.9962,-14.0942,4.5003,-21.7135,2.1437,0.6649,2.2757,0.5279,2.2551,-0.0295,7,0.0900,7,0,0.8859,0.0981,0.0160,4.1133,13.9896,-0.6297,-2.4340,5.4841,0.0000,1,0.2940,0.0458,1.5920,0.0020,1.000,70.00,342.76
1.6900,IMM-UKF,jink,0.500,4.00,0.050,1,0.600,1,12.3000,11.7308,-0.5692,3.9164,0.3648,0.0770,0.0061,6.0000,4.9252,1.1421,14.0406,0.3072,9.5040,-14.1435,11.8848,-13.3998,12.0168,-13.5369,11.9228,-14.1949,4.3701,-22.0462,2.3808,0.7436,2.5128,0.6066,2.4188,-0.0514,7,0.1000,7,0,0.8859,0.0981,0.0160,4.0913,14.0286,-0.6254,-2.3680,5.5129,0.0000,1,0.2940,0.0458,1.5920,0.0020,1.000,70.00,342.76
1.7000,IMM-UKF,jink,0.500,4.00,0.050,1,0.600,1,12.2069,11.6325,-0.5744,3.9552,0.3648,0.0770,0.0054,6.0000,4.9252,1.1442,14.9927,0.3111,9.2681,-14.2233,11.8848,-13.3998,12.0168,-13.5369,11.8512,-14.2984,4.2411,-22.3919,2.6167,0.8235,2.7487,0.6865,2.5831,-0.0751,7,0.1100,7,0,0.8859,0.0981,0.0160,4.0689,14.0674,-0.6210,-2.3017,5.5410,0.0000,1,0.2940,0.0458,1.5920,0.0020,1.000,70.00,342.76
1.7100,IMM-UKF,jink,0.500,4.00,0.050,1,0.600,1,12.1140,11.5337,-0.5803,3.9944,0.3648,0.0770,0.0047,6.0000,4.9252,1.1462,15.9529,0.3150,9.0328,-14.3044,11.8848,-13.3998,12.0168,-13.5369,11.7815,-14.4050,4.1134,-22.7514,2.8520,0.9046,2.9840,0.7675,2.7487,-0.1007,7,0.1200,7,0,0.8859,0.0981,0.0160,4.0463,14.1058,-0.6165,-2.2350,5.5682,0.0000,1,0.2940,0.0458,1.5920,0.0020,1.000,70.00,342.76
1.7200,IMM-UKF,jink,0.500,4.00,0.050,1,0.600,1,12.0214,11.4343,-0.5871,4.0340,0.3648,0.0770,0.0038,6.0000,4.9252,1.1482,16.9213,0.3190,8.7981,-14.3866,11.8848,-13.3998,12.0168,-13.5369,11.7138,-14.5148,3.9871,-23.1253,3.0867,0.9868,3.2187,0.8498,2.9157,-0.1281,7,0.1300,7,0,0.8859,0.0981,0.0160,4.0234,14.1439,-0.6118,-2.1681,5.5946,0.0000,1,0.2940,0.0458,1.5920,0.0020,1.000,70.00,342.76
1.7300,IMM-UKF,jink,0.500,4.00,0.050,1,0.600,1,11.9290,11.3345,-0.5945,4.0740,0.3648,0.0770,0.0029,6.0000,4.9252,1.1502,17.8981,0.3230,8.5642,-14.4701,11.8848,-13.3998,12.0168,-13.5369,11.6481,-14.6277,3.8622,-23.5144,3.3206,1.0703,3.4526,0.9333,3.0839,-0.1576,7,0.1400,7,0,0.8859,0.0981,0.0160,4.0002,14.1816,-0.6070,-2.1008,5.6202,0.0000,1,0.2940,0.0458,1.5920,0.0020,1.000,70.00,342.76
1.7400,IMM-UKF,jink,0.500,4.00,0.050,1,0.600,1,11.8369,11.2341,-0.6027,4.1144,0.3648,0.0770,0.0018,6.0000,4.9252,1.1522,18.8833,0.3270,8.3310,-14.5549,11.8848,-13.3998,12.0168,-13.5369,11.5845,-14.7440,3.7387,-23.9196,3.5538,1.1551,3.6858,1.0181,3.2535,-0.1890,7,0.1500,7,0,0.8859,0.0981,0.0160,3.9768,14.2190,-0.6020,-2.0332,5.6450,0.0000,1,0.2940,0.0458,1.5920,0.0020,1.000,70.00,342.76
1.7500,IMM-UKF,jink,0.500,4.00,0.050,1,0.600,1,11.7449,11.1334,-0.6116,4.1552,0.3648,0.0770,0.0007,6.0000,4.9252,1.1543,19.8773,0.3310,8.0986,-14.6411,11.8848,-13.3998,12.0168,-13.5369,11.5231,-14.8637,3.6168,-24.3416,3.7861,1.2412,3.9181,1.1042,3.4245,-0.2226,7,0.1600,7,0,0.8859,0.0981,0.0160,3.9531,14.2561,-0.5969,-1.9653,5.6690,0.0000,1,0.2940,0.0458,1.5920,0.0020,1.000,70.00,342.76
1.7600,IMM-UKF,jink,0.500,4.00,0.050,1,0.600,1,11.6532,11.0321,-0.6211,4.1964,0.3648,0.0770,0.0005,6.0000,4.9252,1.1563,20.8802,0.3351,7.8672,-14.7286,11.8848,-13.3998,12.0168,-13.5369,11.4640,-14.9870,3.4966,-24.7814,4.0176,1.3288,4.1496,1.1917,3.5968,-0.2584,7,0.1700,7,0,0.8859,0.0981,0.0160,3.9291,14.2929,-0.5917,-1.8971,5.6922,0.0000,1,0.2940,0.0458,1.5920,0.0020,1.000,70.00,342.76
1.7700,IMM-UKF,jink,0.500,4.00,0.050,1,0.600,1,11.5618,10.9304,-0.6313,4.2381,0.3648,0.0770,0.0018,6.0000,4.9252,1.1583,21.8923,0.3392,7.6367,-14.8176,11.8848,-13.3998,12.0168,-13.5369,11.4072,-15.1140,3.3779,-25.2399,4.2481,1.4177,4.3801,1.2807,3.7705,-0.2964,7,0.1800,7,0,0.8859,0.0981,0.0160,3.9050,14.3293,-0.5862,-1.8287,5.7145,0.0000,1,0.2940,0.0458,1.5920,0.0020,1.000,70.00,342.76
1.7800,IMM-UKF,jink,0.500,4.00,0.050,1,0.600,1,11.4705,10.8283,-0.6422,4.2801,0.3648,0.0770,0.0032,6.0000,4.9252,1.1604,22.9137,0.3432,7.4071,-14.9080,11.8848,-13.3998,12.0168,-13.5369,11.3528,-15.2448,3.2611,-25.7183,4.4776,1.5082,4.6097,1.3712,3.9456,-0.3368,7,0.1900,7,0,0.8859,0.0981,0.0160,3.8806,14.3654,-0.5807,-1.7600,5.7361,0.0000,1,0.2940,0.0458,1.5920,0.0020,1.000,70.00,342.76
1.7900,IMM-UKF,jink,0.500,4.00,0.050,1,0.600,1,11.3794,10.7257,-0.6536,4.3226,0.3648,0.0770,0.0047,6.0000,4.9252,1.1625,23.9446,0.3474,7.1787,-15.0000,11.8848,-13.3998,12.0168,-13.5369,11.3008,-15.3797,3.1461,-26.2175,4.7061,1.6002,4.8381,1.4632,4.1222,-0.3796,7,0.2000,7,0,0.8859,0.0981,0.0160,3.8560,14.4012,-0.5749,-1.6910,5.7568,0.0000,1,0.2940,0.0458,1.5920,0.0020,1.000,70.00,342.76
1.8000,IMM-UKF,jink,0.500,4.00,0.050,1,0.600,1,11.2884,10.6228,-0.6656,4.3654,0.3648,0.0770,0.0063,6.0000,4.9252,1.1645,24.9854,0.3515,6.9513,-15.0936,11.8848,-13.3998,12.0168,-13.5369,11.2515,-15.5186,3.0330,-26.7389,4.9335,1.6938,5.0655,1.5568,4.3002,-0.4250,7,0.2100,7,0,0.8859,0.0981,0.0160,3.8312,14.4367,-0.5691,-1.6218,5.7766,0.0000,1,0.2940,0.0458,1.5920,0.0020,1.000,70.00,342.76
1.8100,IMM-UKF,jink,0.500,4.00,0.050,1,0.600,1,11.1977,10.5195,-0.6782,4.4087,0.3648,0.0770,0.0080,6.0000,4.9252,1.1666,26.0365,0.3556,6.7252,-15.1889,11.8848,-13.3998,12.0168,-13.5369,11.2048,-15.6618,2.9218,-27.2836,5.1596,1.7891,5.2916,1.6520,4.4796,-0.4730,7,0.2200,7,0,0.8859,0.0981,0.0160,3.8062,14.4718,-0.5630,-1.5524,5.7957,0.0000,1,0.2940,0.0458,1.5920,0.0020,1.000,70.00,342.76
1.8200,IMM-UKF,jink,0.500,4.00,0.050,1,0.600,1,11.1071,10.4158,-0.6913,4.4523,0.3648,0.0770,0.0097,6.0000,4.9252,1.1687,27.0980,0.3598,6.5002,-15.2859,11.8848,-13.3998,12.0168,-13.5369,11.1608,-15.8095,2.8128,-27.8529,5.3846,1.8860,5.5166,1.7490,4.6606,-0.5237,7,0.2300,7,0,0.8859,0.0981,0.0160,3.7810,14.5066,-0.5568,-1.4827,5.8139,0.0000,1,0.2940,0.0458,1.5920,0.0020,1.000,70.00,342.76
1.8300,IMM-UKF,jink,0.500,4.00,0.050,1,0.600,1,11.0166,10.3117,-0.7049,4.4963,0.3648,0.0770,0.0116,6.0000,4.9252,1.1708,28.1703,0.3640,6.2766,-15.3846,11.8848,-13.3998,12.0168,-13.5369,11.1197,-15.9618,2.7059,-28.4484,5.6082,1.9848,5.7402,1.8478,4.8431,-0.5772,7,0.2400,7,0,0.8859,0.0981,0.0160,3.7557,14.5411,-0.5504,-1.4129,5.8313,0.0000,1,0.2940,0.0458,1.5920,0.0020,1.000,70.00,342.76
1.8400,IMM-UKF,jink,0.500,4.00,0.050,1,0.600,1,10.9263,10.2073,-0.7190,4.5407,0.3648,0.0770,0.0135,6.0000,4.9252,1.1729,29.2538,0.3683,6.0543,-15.4852,11.8848,-13.3998,12.0168,-13.5369,11.0814,-16.1189,2.6012,-29.0716,5.8305,2.0854,5.9625,1.9484,5.0271,-0.6337,7,0.2500,7,0,0.8859,0.0981,0.0160,3.7302,14.5753,-0.5438,-1.3428,5.8478,0.0000,1,0.2940,0.0458,1.5920,0.0020,1.000,70.00,342.76
1.8500,IMM-UKF,jink,0.500,4.00,0.050,1,0.600,1,10.8361,10.1025,-0.7336,4.5855,0.3648,0.0770,0.0155,6.0000,4.9252,1.1751,30.3488,0.3725,5.8334,-15.5878,11.8848,-13.3998,12.0168,-13.5369,11.0462,-16.2810,2.4989,-29.7239,6.0513,2.1879,6.1834,2.0509,5.2128,-0.6933,7,0.2600,7,0,0.8859,0.0981,0.0160,3.7045,14.6092,-0.5370,-1.2725,5.8635,0.0000,1,0.2940,0.0458,1.5920,0.0020,1.000,70.00,342.76
1.8600,IMM-UKF,jink,0.500,4.00,0.050,1,0.600,1,10.7460,9.9974,-0.7486,4.6306,0.3648,0.0770,0.0176,6.0000,4.9252,1.1772,31.4560,0.3768,5.6140,-15.6923,11.8848,-13.3998,12.0168,-13.5369,11.0141,-16.4483,2.3991,-30.4074,6.2707,2.2925,6.4028,2.1554,5.4000,-0.7560,7,0.2700,7,0,0.8859,0.0981,0.0160,3.6787,14.6427,-0.5300,-1.2021,5.8784,0.0000,1,0.2940,0.0458,1.5920,0.0020,1.000,70.00,342.76
1.8700,IMM-UKF,jink,0.500,4.00,0.050,1,0.600,1,10.6561,9.8921,-0.7640,4.6761,0.3648,0.0770,0.0198,6.0000,4.9252,1.1794,32.5757,0.3811,5.3962,-15.7989,11.8848,-13.3998,12.0168,-13.5369,10.9851,-16.6210,2.3018,-31.1236,6.4886,2.3990,6.6206,2.2620,5.5890,-0.8221,7,0.2800,7,0,0.8859,0.0981,0.0160,3.6528,14.6760,-0.5229,-1.1314,5.8924,0.0000,1,0.2940,0.0458,1.5920,0.0020,1.000,70.00,342.76
1.8800,IMM-UKF,jink,0.500,4.00,0.050,1,0.600,1,10.5662,9.7864,-0.7798,4.7219,0.3648,0.0770,0.0221,6.0000,4.9252,1.1816,33.7083,0.3854,5.1799,-15.9076,11.8848,-13.3998,12.0168,-13.5369,10.9595,-16.7993,2.2072,-31.8746,6.7049,2.5078,6.8369,2.3707,5.7796,-0.8917,7,0.2900,7,0,0.8859,0.0981,0.0160,3.6268,14.7089,-0.5155,-1.0607,5.9055,0.0000,1,0.2940,0.0458,1.5920,0.0020,1.000,70.00,342.76
1.8900,IMM-UKF,jink,0.500,4.00,0.050,1,0.600,1,10.4764,9.6805,-0.7960,4.7681,0.3648,0.0770,0.0244,6.0000,4.9252,1.1839,34.8545,0.3898,4.9653,-16.0185,11.8848,-13.3998,12.0168,-13.5369,10.9372,-16.9834,2.1155,-32.6625,6.9195,2.6187,7.0515,2.4817,5.9720,-0.9649,7,0.3000,7,0,0.8859,0.0981,0.0160,3.6007,14.7415,-0.5079,-0.9897,5.9178,0.0000,1,0.2054,0.0508,1.5920,0.0010,1.000,70.00,342.76
1.9000,IMM-UKF,jink,0.500,4.00,0.050,1,0.600,1,10.3867,9.5743,-0.8125,4.8146,0.3648,0.0770,0.0269,6.0000,4.9252,1.1861,36.0148,0.3942,4.7524,-16.1318,11.8848,-13.3998,12.0168,-13.5369,10.9185,-17.1737,2.0267,-33.4895,7.1324,2.7320,7.2644,2.5949,6.1661,-1.0419,7,0.3100,7,0,0.8859,0.0981,0.0160,3.5745,14.7738,-0.5002,-0.9186,5.9293,0.0000,1,0.2054,0.0508,1.5920,0.0010,1.000,70.00,342.76
1.9100,IMM-UKF,jink,0.500,4.00,0.050,1,0.600,1,10.2971,9.4678,-0.8293,4.8614,0.3648,0.0770,0.0294,6.0000,4.9252,1.1884,37.1899,0.3986,4.5412,-16.2475,11.8848,-13.3998,12.0168,-13.5369,10.9034,-17.3703,1.9411,-34.3578,7.3436,2.8476,7.4756,2.7106,6.3622,-1.1228,7,0.3200,7,0,0.8859,0.0981,0.0160,3.5482,14.8058,-0.4921,-0.8474,5.9399,0.0000,1,0.2054,0.0508,1.5920,0.0010,1.000,70.00,342.76
1.9200,IMM-UKF,jink,0.500,4.00,0.050,1,0.600,1,10.2075,9.3612,-0.8464,4.9086,0.3648,0.0770,0.0318,6.0000,4.9252,1.1922,38.3827,0.4028,4.3315,-16.3656,11.8848,-13.3998,12.0168,-13.5369,10.8920,-17.5735,1.8587,-35.2701,7.5533,2.9658,7.6853,2.8288,6.5605,-1.2079,7,0.3300,7,0,0.8859,0.0981,0.0160,3.5219,14.8374,-0.4839,-0.7761,5.9496,0.0000,1,0.2054,0.0508,1.5920,0.0010,1.000,70.00,342.76
1.9300,IMM-UKF,jink,0.500,4.00,0.050,1,0.600,1,10.1180,9.2543,-0.8637,4.9560,0.3648,0.0770,0.0341,6.0000,4.9252,1.1985,39.5950,0.4074,4.1231,-16.4863,11.8848,-13.3998,12.0168,-13.5369,10.8844,-17.7837,1.7798,-36.2287,7.7617,3.0865,7.8937,2.9494,6.7613,-1.2974,7,0.3400,7,0,0.8859,0.0981,0.0160,3.4955,14.8688,-0.4754,-0.7046,5.9585,0.0000,1,0.2054,0.0508,1.5920,0.0010,1.000,70.00,342.76
1.9400,IMM-UKF,jink,0.500,4.00,0.050,1,0.600,1,10.0285,9.1473,-0.8812,5.0037,0.3648,0.0770,0.0364,6.0000,4.9252,1.2042,40.8221,0.4132,3.9170,-16.6095,11.8848,-13.3998,12.0168,-13.5369,10.8808,-18.0011,1.7046,-37.2365,7.9677,3.2096,8.0998,3.0726,6.9638,-1.3916,7,0.3500,7,0,0.8859,0.0981,0.0160,3.4690,14.8999,-0.4667,-0.6331,5.9665,0.0000,1,0.2054,0.0508,1.5920,0.0010,1.000,70.00,342.76
1.9500,IMM-UKF,jink,0.500,4.00,0.050,1,0.600,1,9.9391,9.3485,-0.5906,3.2493,0.3597,0.0738,0.0335,6.0000,5.2614,1.9323,15.3737,0.4193,3.7136,-16.7354,4.9653,-16.0185,5.2920,-16.0888,6.3727,-16.4188,-10.6770,-29.5946,1.2517,0.7169,1.5784,0.6466,2.6591,0.3167,8,0.0600,8,0,0.9101,0.0762,0.0137,3.4426,14.9306,-0.4577,-0.5614,5.9737,0.0000,1,0.2054,0.0508,1.8910,0.0010,1.000,70.00,342.76
1.9600,IMM-UKF,jink,0.500,4.00,0.050,1,0.600,1,9.8497,9.2494,-0.6003,3.2787,0.3597,0.0738,0.0357,6.0000,5.2614,1.9320,15.6764,0.4256,3.5122,-16.8643,4.9653,-16.0185,5.2920,-16.0888,6.2287,-16.5669,-11.2582,-30.2438,1.4531,0.8458,1.7798,0.7755,2.7165,0.2974,8,0.0700,8,0,0.9101,0.0762,0.0137,3.4161,14.9611,-0.4485,-0.4897,5.9800,0.0000,1,0.2054,0.0508,1.8910,0.0010,1.000,70.00,342.76
1.9700,IMM-UKF,jink,0.500,4.00,0.050,1,0.600,1,9.7603,9.1499,-0.6103,3.3085,0.3597,0.0738,0.0380,6.0000,5.2614,1.9317,15.9689,0.4319,3.3130,-16.9962,4.9653,-16.0185,5.2920,-16.0888,6.0853,-16.7204,-11.8651,-30.9239,1.6523,0.9777,1.9790,0.9074,2.7723,0.2759,8,0.0800,8,0,0.9101,0.0762,0.0137,3.3896,14.9913,-0.4389,-0.4179,5.9854,0.0000,1,0.2054,0.0508,1.8910,0.0010,1.000,70.00,342.76
1.9800,IMM-UKF,jink,0.500,4.00,0.050,1,0.600,1,9.6708,9.0502,-0.6207,3.3385,0.3597,0.0738,0.0403,6.0000,5.2614,1.9314,16.2510,0.4384,3.1159,-17.1313,4.9653,-16.0185,5.2920,-16.0888,5.9423,-16.8793,-12.4999,-31.6365,1.8493,1.1128,2.1761,1.0425,2.8264,0.2519,8,0.0900,8,0,0.9101,0.0762,0.0137,3.3631,15.0211,-0.4291,-0.3461,5.9900,0.0000,1,0.2054,0.0508,1.8910,0.0010,1.000,70.00,342.76
1.9900,IMM-UKF,jink,0.500,4.00,0.050,1,0.600,1,9.5814,8.9501,-0.6313,3.3689,0.3597,0.0738,0.0428,6.0000,5.2614,1.9312,16.5224,0.4449,2.9211,-17.2696,4.9653,-16.0185,5.2920,-16.0888,5.7998,-17.0441,-13.1653,-32.3833,2.0441,1.2511,2.3708,1.1808,2.8786,0.2255,8,0.1000,8,0,0.9101,0.0762,0.0137,3.3366,15.0507,-0.4190,-0.2742,5.9937,0.0000,1,0.2054,0.0508,1.8910,0.0010,1.000,70.00,342.76
2.0000,IMM-UKF,jink,0.500,4.00,0.050,1,0.600,1,9.4920,8.8497,-0.6423,3.3997,0.3597,0.0738,0.0453,6.0000,5.2614,1.9311,16.7829,0.4515,2.7287,-17.4114,4.9653,-16.0185,5.2920,-16.0888,5.6577,-17.2149,-13.8643,-33.1661,2.2366,1.3928,2.5633,1.3225,2.9290,0.1964,8,0.1100,8,0,0.9101,0.0762,0.0137,3.3102,15.0799,-0.4085,-0.2022,5.9966,0.0000,1,0.2054,0.0508,1.8910,0.0010,1.000,70.00,342.76
2.0100,IMM-UKF,jink,0.500,4.00,0.050,1,0.600,1,9.4025,8.7491,-0.6534,3.4308,0.3597,0.0738,0.0478,6.0000,5.2614,1.9309,17.0323,0.4583,2.5386,-17.5566,4.9653,-16.0185,5.2920,-16.0888,5.5161,-17.3921,-14.6001,-33.9865,2.4267,1.5381,2.7534,1.4678,2.9775,0.1646,8,0.1200,8,0,0.9101,0.0762,0.0137,3.2838,15.1089,-0.3977,-0.1302,5.9986,0.0000,1,0.2054,0.0508,1.8910,0.0010,1.000,70.00,342.76
2.0200,IMM-UKF,jink,0.500,4.00,0.050,1,0.600,1,9.3130,8.6482,-0.6648,3.4622,0.3597,0.0738,0.0505,6.0000,5.2614,1.9308,17.2704,0.4651,2.3510,-17.7056,4.9653,-16.0185,5.2920,-16.0888,5.3748,-17.5759,-15.3765,-34.8464,2.6143,1.6871,2.9410,1.6168,3.0238,0.1297,8,0.1300,8,0,0.9101,0.0762,0.0137,3.2575,15.1375,-0.3866,-0.0583,5.9997,0.0000,1,0.2054,0.0508,1.8910,0.0010,1.000,70.00,342.76
2.0300,IMM-UKF,jink,0.500,4.00,0.050,1,0.600,1,9.2235,8.5471,-0.6764,3.4940,0.3597,0.0738,0.0531,6.0000,5.2614,1.9308,17.4971,0.4721,2.1659,-17.8585,4.9653,-16.0185,5.2920,-16.0888,5.2338,-17.7667,-16.1976,-35.7476,2.7994,1.8399,3.1261,1.7696,3.0679,0.0918,8,0.1400,8,0,0.9101,0.0762,0.0137,3.2312,15.1659,-0.3750,0.0137,6.0000,0.0000,1,0.2054,0.0508,1.8910,0.0010,1.000,70.00,342.76
2.0400,IMM-UKF,jink,0.500,4.00,0.050,1,0.600,1,9.1339,8.4458,-0.6882,3.5261,0.3597,0.0738,0.0559,6.0000,5.2614,1.9308,17.7124,0.4792,1.9833,-18.0153,4.9653,-16.0185,5.2920,-16.0888,5.0932,-17.9648,-17.0683,-36.6917,2.9819,1.9968,3.3086,1.9265,3.1098,0.0505,8,0.1500,8,0,0.9101,0.0762,0.0137,3.2050,15.1939,-0.3631,0.0857,5.9994,0.0000,1,0.2054,0.0508,1.8910,0.0010,1.000,70.00,342.76
2.0500,IMM-UKF,jink,0.500,4.00,0.050,1,0.600,1,9.0443,8.3442,-0.7001,3.5585,0.3597,0.0738,0.0567,6.0000,5.2614,1.9681,17.9548,0.4834,1.7967,-18.1764,4.9653,-16.0185,5.2920,-16.0888,4.9527,-18.1706,-17.9939,-37.6805,3.1686,2.1578,3.4953,2.0875,3.1561,0.0058,8,0.1600,8,0,0.9101,0.0762,0.0137,3.1790,15.2217,-0.3508,0.1577,5.9979,0.0000,1,0.2054,0.0508,1.8910,0.0010,1.000,70.00,342.76
2.0600,IMM-UKF,jink,0.500,4.00,0.050,1,0.600,1,8.9546,8.2425,-0.7121,3.5912,0.3597,0.0738,0.0567,6.0000,5.2614,2.0224,18.2031,0.4928,1.6096,-18.3416,4.9653,-16.0185,5.2920,-16.0888,4.8125,-18.3845,-18.9804,-38.7153,3.3556,2.3230,3.6823,2.2528,3.2029,-0.0429,8,0.1700,8,0,0.9101,0.0762,0.0137,3.1530,15.2491,-0.3380,0.2297,5.9956,0.0000,1,0.2054,0.0508,1.8910,0.0010,1.000,70.00,342.76
2.0700,IMM-UKF,jink,0.500,4.00,0.050,1,0.600,1,8.8649,8.1407,-0.7242,3.6242,0.3597,0.0738,0.0550,6.0000,5.2614,2.0454,18.4076,0.5040,1.4311,-18.5112,4.9653,-16.0185,5.2920,-16.0888,4.6724,-18.6069,-20.0347,-39.7976,3.5342,2.4927,3.8609,2.4224,3.2413,-0.0957,8,0.1800,8,0,0.9101,0.0762,0.0137,3.1271,15.2763,-0.3247,0.3016,5.9924,0.0000,1,0.2054,0.0508,1.8910,0.0010,1.000,70.00,342.76
2.0800,IMM-UKF,jink,0.500,4.00,0.050,1,0.600,1,8.7751,8.0387,-0.7364,3.6575,0.3597,0.0738,0.0523,6.0000,5.2614,2.0480,18.5802,0.5133,1.2592,-18.6857,4.9653,-16.0185,5.2920,-16.0888,4.5323,-18.8383,-21.1648,-40.9283,3.7061,2.6671,4.0328,2.5968,3.2731,-0.1527,8,0.1900,8,0,0.9101,0.0762,0.0137,3.1014,15.3031,-0.3109,0.3735,5.9884,0.0000,1,0.2054,0.0508,1.8910,0.0010,1.000,70.00,342.76
2.0900,IMM-UKF,jink,0.500,4.00,0.050,1,0.600,1,8.6852,7.9366,-0.7486,3.6912,0.3597,0.0738,0.0497,6.0000,5.2614,2.0507,18.7423,0.5228,1.0901,-18.8650,4.9653,-16.0185,5.2920,-16.0888,4.3922,-19.0792,-22.3795,-42.1080,3.8751,2.8465,4.2018,2.7762,3.3020,-0.2142,8,0.2000,8,0,0.9101,0.0762,0.0137,3.0759,15.3296,-0.2966,0.4453,5.9835,0.0000,1,0.2054,0.0508,1.8910,0.0010,1.000,70.00,342.76
2.1000,IMM-UKF,jink,0.500,4.00,0.050,1,0.600,1,8.5952,7.8344,-0.7608,3.7250,0.3597,0.0738,0.0471,6.0000,5.2614,2.0534,18.8947,0.5326,0.9241,-19.0496,4.9653,-16.0185,5.2920,-16.0888,4.2519,-19.3302,-23.6891,-43.3369,4.0412,3.0311,4.3679,2.9608,3.3278,-0.2805,8,0.2100,8,0,0.9101,0.0762,0.0137,3.0505,15.3559,-0.2817,0.5171,5.9777,0.0000,1,0.2575,0.0559,1.8910,0.0016,1.000,70.00,342.76
2.1100,IMM-UKF,jink,0.500,4.00,0.050,1,0.600,1,8.5051,7.7321,-0.7730,3.7591,0.3597,0.0738,0.0447,6.0000,5.2614,2.0547,19.0377,0.5373,0.7611,-19.2405,4.9653,-16.0185,5.2920,-16.0888,4.1114,-19.5917,-25.1052,-44.6144,4.2041,3.2220,4.5308,3.1517,3.3503,-0.3512,8,0.2200,8,0,0.9101,0.0762,0.0137,3.0253,15.3818,-0.2662,0.5888,5.9710,0.0000,1,0.2575,0.0559,1.8910,0.0016,1.000,70.00,342.76
2.1200,IMM-UKF,jink,0.500,4.00,0.050,1,0.600,1,8.4150,7.6299,-0.7851,3.7935,0.3597,0.0738,0.0423,6.0000,5.2614,2.0556,19.1727,0.5410,0.6013,-19.4373,4.9653,-16.0185,5.2920,-16.0888,3.9706,-19.8645,-26.6413,-45.9391,4.3640,3.4188,4.6907,3.3485,3.3694,-0.4272,8,0.2300,8,0,0.9101,0.0762,0.0137,3.0003,15.4074,-0.2499,0.6604,5.9635,0.0000,1,0.2575,0.0559,1.8910,0.0016,1.000,70.00,342.76
2.1300,IMM-UKF,jink,0.500,4.00,0.050,1,0.600,1,8.3247,7.5276,-0.7971,3.8281,0.3597,0.0738,0.0400,6.0000,5.2614,2.0566,19.3014,0.5447,0.4447,-19.6401,4.9653,-16.0185,5.2920,-16.0888,3.8294,-20.1493,-28.3123,-47.3085,4.5206,3.6215,4.8473,3.5512,3.3847,-0.5092,8,0.2400,8,0,0.9101,0.0762,0.0137,2.9755,15.4326,-0.2329,0.7319,5.9552,0.0000,1,0.2575,0.0559,1.8910,0.0016,1.000,70.00,342.76
2.1400,IMM-UKF,jink,0.500,4.00,0.050,1,0.600,1,8.2344,7.4254,-0.8090,3.8628,0.3597,0.0738,0.0377,6.0000,5.2614,2.0574,19.4257,0.5484,0.2913,-19.8491,4.9653,-16.0185,5.2920,-16.0888,3.6876,-20.4468,-30.1356,-48.7191,4.6739,3.8306,5.0007,3.7603,3.3962,-0.5976,8,0.2500,8,0,0.9101,0.0762,0.0137,2.9509,15.4576,-0.2151,0.8033,5.9460,0.0000,1,0.2575,0.0559,1.8910,0.0016,1.000,70.00,342.76
2.1500,IMM-UKF,jink,0.500,4.00,0.050,1,0.600,1,8.1440,7.3233,-0.8206,3.8978,0.3597,0.0738,0.0356,6.0000,5.2614,2.0583,19.5482,0.5522,0.1413,-20.0647,4.9653,-16.0185,5.2920,-16.0888,3.5450,-20.7578,-32.1307,-50.1655,4.8239,4.0462,5.1506,3.9759,3.4036,-0.6931,8,0.2600,8,0,0.9101,0.0762,0.0137,2.9266,15.4822,-0.1963,0.8746,5.9359,0.0000,1,0.2575,0.0559,1.8910,0.0016,1.000,70.00,342.76
2.1600,IMM-UKF,jink,0.500,4.00,0.050,1,0.600,1,8.0534,8.0368,-0.0167,2.5749,0.3511,0.0667,0.0249,6.0000,5.9233,2.3873,5.2260,0.5560,-0.0052,-20.2873,0.9241,-19.0496,1.2367,-19.3144,0.5801,-20.9677,-31.9983,-44.0347,0.9293,1.2376,1.2419,0.9729,0.5853,-0.6804,9,0.0600,9,0,0.9044,0.0790,0.0166,2.9025,15.5064,-0.1766,0.9458,5.9250,0.0000,1,0.2575,0.0559,2.1016,0.0016,1.000,70.00,342.76
2.1700,IMM-UKF,jink,0.500,4.00,0.050,1,0.600,1,7.9628,7.9469,-0.0159,2.5963,0.3511,0.0667,0.0229,6.0000,5.9233,2.3896,5.1623,0.5598,-0.1482,-20.5170,0.9241,-19.0496,1.2367,-19.3144,0.3291,-21.2557,-33.4198,-44.9213,1.0723,1.4674,1.3849,1.2026,0.4774,-0.7387,9,0.0700,9,0,0.9044,0.0790,0.0166,2.8787,15.5302,-0.1557,1.0168,5.9132,0.0000,1,0.2575,0.0559,2.1016,0.0016,1.000,70.00,342.76
2.1800,IMM-UKF,jink,0.500,4.00,0.050,1,0.600,1,7.8721,7.8572,-0.0149,2.6179,0.3511,0.0667,0.0207,6.0000,5.9233,2.3956,5.1994,0.5641,-0.2885,-20.7544,0.9241,-19.0496,1.2367,-19.3144,0.0750,-21.5547,-34.9147,-45.8222,1.2126,1.7048,1.5252,1.4401,0.3635,-0.8003,9,0.0800,9,0,0.9044,0.0790,0.0166,2.8552,15.5537,-0.1336,1.0877,5.9006,0.0000,1,0.2575,0.0559,2.1016,0.0016,1.000,70.00,342.76
2.1900,IMM-UKF,jink,0.500,4.00,0.050,1,0.600,1,7.7814,7.7676,-0.0137,2.6398,0.3511,0.0667,0.0185,6.0000,5.9233,2.4029,5.3508,0.5686,-0.4255,-20.9999,0.9241,-19.0496,1.2367,-19.3144,-0.1826,-21.8652,-36.4873,-46.7354,1.3496,1.9503,1.6621,1.6855,0.2428,-0.8654,9,0.0900,9,0,0.9044,0.0790,0.0166,2.8319,15.5767,-0.1100,1.1584,5.8871,0.0000,1,0.2575,0.0559,2.1016,0.0016,1.000,70.00,342.76
2.2000,IMM-UKF,jink,0.500,4.00,0.050,1,0.600,1,7.6905,7.6783,-0.0122,2.6619,0.3511,0.0667,0.0165,6.0000,5.9233,2.4103,5.6260,0.5731,-0.5587,-21.2538,0.9241,-19.0496,1.2367,-19.3144,-0.4439,-22.1882,-38.1419,-47.6591,1.4828,2.2042,1.7953,1.9394,0.1147,-0.9343,9,0.1000,9,0,0.9044,0.0790,0.0166,2.8090,15.5992,-0.0847,1.2290,5.8728,0.0000,1,0.2575,0.0559,2.1016,0.0016,1.000,70.00,342.76
2.2100,IMM-UKF,jink,0.500,4.00,0.050,1,0.600,1,7.5996,7.5893,-0.0103,2.6842,0.3511,0.0667,0.0142,6.0000,5.9233,2.4129,6.0297,0.5767,-0.6868,-21.5167,0.9241,-19.0496,1.2367,-19.3144,-0.7092,-22.5243,-39.8824,-48.5907,1.6110,2.4671,1.9235,2.2023,-0.0224,-1.0076,9,0.1100,9,0,0.9044,0.0790,0.0166,2.7865,15.6212,-0.0576,1.2994,5.8576,0.0000,1,0.2575,0.0559,2.1016,0.0016,1.000,70.00,342.76
2.2200,IMM-UKF,jink,0.500,4.00,0.050,1,0.600,1,7.5086,7.5006,-0.0080,2.7066,0.3511,0.0667,0.0119,6.0000,5.9233,2.4153,6.5621,0.5803,-0.8110,-21.7890,0.9241,-19.0496,1.2367,-19.3144,-0.9788,-22.8748,-41.7124,-49.5280,1.7351,2.7394,2.0477,2.4746,-0.1678,-1.0858,9,0.1200,9,0,0.9044,0.0790,0.0166,2.7643,15.6426,-0.0282,1.3696,5.8416,0.0000,1,0.2575,0.0559,2.1016,0.0016,1.000,70.00,342.76
2.2300,IMM-UKF,jink,0.500,4.00,0.050,1,0.600,1,7.4176,7.4124,-0.0052,2.7292,0.3511,0.0667,0.0098,6.0000,5.9233,2.4176,7.2190,0.5839,-0.9311,-22.0714,0.9241,-19.0496,1.2367,-19.3144,-1.2529,-23.2408,-43.6346,-50.4683,1.8552,3.0217,2.1677,2.7570,-0.3218,-1.1695,9,0.1300,9,0,0.9044,0.0790,0.0166,2.7424,15.6632,0.0039,1.4396,5.8247,0.0000,1,0.2575,0.0559,2.1016,0.0016,1.000,70.00,342.76
2.2400,IMM-UKF,jink,0.500,4.00,0.050,1,0.600,1,7.3266,7.3249,-0.0017,2.7519,0.3511,0.0667,0.0077,6.0000,5.9233,2.4198,7.9953,0.5874,-1.0470,-22.3644,0.9241,-19.0496,1.2367,-19.3144,-1.5320,-23.6239,-45.6504,-51.4092,1.9711,3.3147,2.2836,3.0500,-0.4850,-1.2595,9,0.1400,9,0,0.9044,0.0790,0.0166,2.7209,15.6830,0.0391,1.5094,5.8071,0.0000,1,0.2575,0.0559,2.1016,0.0016,1.000,70.00,342.76
2.2500,IMM-UKF,jink,0.500,4.00,0.050,1,0.600,1,7.2356,7.2381,0.0025,2.7747,0.3511,0.0667,0.0057,6.0000,5.9233,2.4219,8.8875,0.5908,-1.1585,-22.6687,0.9241,-19.0496,1.2367,-19.3144,-1.8163,-24.0258,-47.7591,-52.3486,2.0826,3.6191,2.3952,3.3543,-0.6578,-1.3571,9,0.1500,9,0,0.9044,0.0790,0.0166,2.6998,15.7016,0.0783,1.5789,5.7885,0.0000,1,0.2575,0.0559,2.1016,0.0016,1.000,70.00,342.76
2.2600,IMM-UKF,jink,0.500,4.00,0.050,1,0.600,1,7.1447,7.1524,0.0077,2.7975,0.3511,0.0667,0.0038,6.0000,5.9233,2.4239,9.8947,0.5942,-1.2656,-22.9853,0.9241,-19.0496,1.2367,-19.3144,-2.1063,-24.4489,-49.9565,-53.2850,2.1898,3.9356,2.5023,3.6709,-0.8406,-1.4636,9,0.1600,9,0,0.9044,0.0790,0.0166,2.6791,15.7188,0.1226,1.6483,5.7692,0.0000,1,0.2575,0.0559,2.1016,0.0016,1.000,70.00,342.76
2.2700,IMM-UKF,jink,0.500,4.00,0.050,1,0.600,1,7.0538,7.0680,0.0142,2.8202,0.3511,0.0667,0.0020,6.0000,5.9233,2.4258,11.0200,0.5975,-1.3682,-23.3149,0.9241,-19.0496,1.2367,-19.3144,-2.4021,-24.8963,-52.2329,-54.2182,2.2923,4.2653,2.6049,4.0005,-1.0339,-1.5814,9,0.1700,9,0,0.9044,0.0790,0.0166,2.6588,15.7338,0.1734,1.7174,5.7490,0.0000,1,0.2575,0.0559,2.1016,0.0016,1.000,70.00,342.76
2.2800,IMM-UKF,jink,0.500,4.00,0.050,1,0.600,1,6.9632,6.9857,0.0225,2.8428,0.3511,0.0667,0.0002,6.0000,5.9233,2.4275,12.2714,0.6006,-1.4660,-23.6587,0.9241,-19.0496,1.2367,-19.3144,-2.7041,-25.3722,-54.5676,-55.1502,2.3902,4.6091,2.7027,4.3443,-1.2380,-1.7135,9,0.1800,9,0,0.9044,0.0790,0.0166,2.6388,15.7455,0.2332,1.7862,5.7279,0.0000,1,0.2575,0.0559,2.1016,0.0016,1.000,70.00,342.76
2.2900,IMM-UKF,jink,0.500,4.00,0.050,1,0.600,1,6.8728,6.9062,0.0334,2.8652,0.3511,0.0667,0.0015,6.0000,5.9233,2.4291,13.6639,0.6037,-1.5590,-24.0181,0.9241,-19.0496,1.2367,-19.3144,-3.0120,-25.8827,-56.9182,-56.0866,2.4831,4.9685,2.7957,4.7037,-1.4531,-1.8646,9,0.1900,9,0,0.9044,0.0790,0.0166,2.6191,15.7516,0.3056,1.8548,5.7061,0.0000,1,0.2575,0.0559,2.1016,0.0016,1.000,70.00,342.76
2.3000,IMM-UKF,jink,0.500,4.00,0.050,1,0.600,1,6.7830,6.8316,0.0486,2.8871,0.3511,0.0667,0.0031,6.0000,5.9233,2.4305,15.2200,0.6065,-1.6468,-24.3948,0.9241,-19.0496,1.2367,-19.3144,-3.3253,-26.4362,-59.1903,-57.0362,2.5709,5.3452,2.8835,5.0804,-1.6784,-2.0414,9,0.2000,9,0,0.9044,0.0790,0.0166,2.5995,15.7472,0.3971,1.9232,5.6834,0.0000,1,0.2575,0.0559,2.1016,0.0016,1.000,70.00,342.76
2.3100,IMM-UKF,jink,0.500,4.00,0.050,1,0.600,1,6.6939,6.7658,0.0719,2.9084,0.3511,0.0667,0.0046,6.0000,5.9233,2.4317,16.9582,0.6091,-1.7292,-24.7909,0.9241,-19.0496,1.2367,-19.3144,-3.6407,-27.0423,-61.1463,-58.0033,2.6533,5.7413,2.9659,5.4765,-1.9115,-2.2514,9,0.2100,9,0,0.9044,0.0790,0.0166,2.5793,15.7193,0.5179,1.9912,5.6599,0.0000,1,0.2575,0.0559,2.1016,0.0016,1.000,70.00,342.76
2.3200,IMM-UKF,jink,0.500,4.00,0.050,1,0.600,1,6.6064,6.7176,0.1112,2.9292,0.3511,0.0667,0.0060,6.0000,5.9233,2.4325,18.7851,0.6114,-1.8055,-25.2081,0.9241,-19.0496,1.2367,-19.3144,-3.9484,-27.6905,-62.1637,-58.9192,2.7296,6.1585,3.0422,5.8937,-2.1429,-2.4824,9,0.2200,9,0,0.9044,0.0790,0.0166,2.5568,15.6336,0.6779,2.0590,5.6356,0.0000,1,0.2575,0.0559,2.1016,0.0016,1.000,70.00,342.76
2.3300,IMM-UKF,jink,0.500,4.00,0.050,1,0.600,1,6.5215,6.6941,0.1727,2.9511,0.3511,0.0667,0.0074,6.0000,5.9233,2.4329,20.1828,0.6133,-1.8747,-25.6434,0.9241,-19.0496,1.2367,-19.3144,-4.2330,-28.2780,-61.4535,-59.4698,2.7988,6.5938,3.1114,6.3290,-2.3583,-2.6346,9,0.2300,9,0,0.9044,0.0790,0.0166,2.5303,15.4467,0.8418,2.1265,5.6105,0.0000,1,0.2575,0.0559,2.1016,0.0016,1.000,70.00,342.76
2.3400,IMM-UKF,jink,0.500,4.00,0.050,1,0.600,1,6.4391,6.6775,0.2384,2.9755,0.3511,0.0667,0.0087,6.0000,5.9233,2.4331,20.8970,0.6149,-1.9363,-26.0906,0.9241,-19.0496,1.2367,-19.3144,-4.5087,-28.7290,-60.0491,-59.5479,2.8604,7.0410,3.1730,6.7762,-2.5723,-2.6384,9,0.2400,9,0,0.9044,0.0790,0.0166,2.5044,15.2202,0.9443,2.1937,5.5846,0.0000,1,0.2575,0.0559,2.1016,0.0016,1.000,70.00,342.76
2.3500,IMM-UKF,jink,0.500,4.00,0.050,1,0.600,1,6.3593,6.6646,0.3052,3.0018,0.3511,0.0667,0.0100,6.0000,5.9233,2.4329,21.2191,0.6161,-1.9899,-26.5461,0.9241,-19.0496,1.2367,-19.3144,-4.7759,-29.0921,-58.3858,-59.3660,2.9140,7.4964,3.2266,7.2317,-2.7860,-2.5460,9,0.2500,9,0,0.9044,0.0790,0.0166,2.4782,14.9799,1.0081,2.2605,5.5579,0.0000,1,0.2575,0.0559,2.1016,0.0016,1.000,70.00,342.76
2.3600,IMM-UKF,jink,0.500,4.00,0.050,1,0.600,1,6.2821,6.6551,0.3730,3.0295,0.3511,0.0667,0.0111,6.0000,5.9233,2.4324,21.3421,0.6170,-2.0349,-27.0076,0.9241,-19.0496,1.2367,-19.3144,-5.0347,-29.3971,-56.6216,-59.0327,2.9590,7.9580,3.2716,7.6932,-2.9998,-2.3896,9,0.2600,9,0,0.9044,0.0790,0.0166,2.4516,14.7348,1.0497,2.3271,5.5304,0.0000,1,0.2359,0.0582,2.1016,0.0008,1.000,70.00,342.76
2.3700,IMM-UKF,jink,0.500,4.00,0.050,1,0.600,1,6.2073,6.6490,0.4418,3.0584,0.3511,0.0667,0.0122,6.0000,5.9233,2.4316,21.3757,0.6177,-2.0709,-27.4737,0.9241,-19.0496,1.2367,-19.3144,-5.2846,-29.6583,-54.8133,-58.5960,2.9951,8.4240,3.3076,8.1593,-3.2136,-2.1847,9,0.2700,9,0,0.9044,0.0790,0.0166,2.4247,14.4878,1.0775,2.3933,5.5020,0.0000,1,0.2359,0.0582,2.1016,0.0008,1.000,70.00,342.76
2.3800,IMM-UKF,jink,0.500,4.00,0.050,1,0.600,1,6.1349,6.6466,0.5118,3.0885,0.3511,0.0667,0.0132,6.0000,5.9233,2.4305,21.3947,0.6180,-2.0974,-27.9432,0.9241,-19.0496,1.2367,-19.3144,-5.5247,-29.8824,-52.9872,-58.0794,3.0215,8.8936,3.3341,8.6288,-3.4273,-1.9392,9,0.2800,9,0,0.9044,0.0790,0.0166,2.3973,14.2400,1.0960,2.4591,5.4729,0.0000,1,0.2359,0.0582,2.1016,0.0008,1.000,70.00,342.76
2.3900,IMM-UKF,jink,0.500,4.00,0.050,1,0.600,1,6.0648,6.6479,0.5831,3.1197,0.3511,0.0667,0.0142,6.0000,5.9233,2.4292,21.4595,0.6180,-2.1139,-28.4153,0.9241,-19.0496,1.2367,-19.3144,-5.7542,-30.0731,-51.1588,-57.4959,3.0380,9.3656,3.3505,9.1009,-3.6404,-1.6579,9,0.2900,9,0,0.9044,0.0790,0.0166,2.3694,13.9918,1.1077,2.5246,5.4430,0.0000,1,0.2359,0.0582,2.1016,0.0008,1.000,70.00,342.76
2.4000,IMM-UKF,jink,0.500,4.00,0.050,1,0.600,1,5.9971,6.6530,0.6558,3.1520,0.3511,0.0667,0.0150,6.0000,5.9233,2.4275,21.6246,0.6179,-2.1197,-28.8890,0.9241,-19.0496,1.2367,-19.3144,-5.9724,-30.2325,-49.3392,-56.8537,3.0438,9.8394,3.3564,9.5746,-3.8526,-1.3435,9,0.3000,9,0,0.9044,0.0790,0.0166,2.3411,13.7435,1.1144,2.5897,5.4123,0.0000,1,0.2359,0.0582,2.1016,0.0008,1.000,70.00,342.76
2.4100,IMM-UKF,jink,0.500,4.00,0.050,1,0.600,1,5.9317,6.6618,0.7301,3.1855,0.3511,0.0667,0.0158,6.0000,5.9233,2.4257,21.9399,0.6174,-2.1145,-29.3636,0.9241,-19.0496,1.2367,-19.3144,-6.1783,-30.3620,-47.5366,-56.1587,3.0386,10.3140,3.3512,10.0493,-4.0638,-0.9984,9,0.3100,9,0,0.9044,0.0790,0.0166,2.3122,13.4952,1.1171,2.6545,5.3809,0.0000,1,0.2359,0.0582,2.1016,0.0008,1.000,70.00,342.76
2.4200,IMM-UKF,jink,0.500,4.00,0.050,1,0.600,1,5.8685,6.3792,0.5107,2.0625,0.3570,0.1026,0.0107,6.0000,6.0340,1.3173,4.3745,0.6167,-2.0977,-29.8385,-2.0349,-27.0076,-1.9056,-27.1964,-2.9143,-29.6599,-30.2230,-59.2181,0.0627,2.8309,0.1921,2.6420,-0.8167,0.1786,10,0.0600,10,0,0.9367,0.0539,0.0094,2.2827,13.2470,1.1165,2.7189,5.3486,0.0000,1,0.2359,0.0582,2.3608,0.0008,1.000,70.00,342.76
2.4300,IMM-UKF,jink,0.500,4.00,0.050,1,0.600,1,5.8076,6.3375,0.5299,2.0787,0.3570,0.1026,0.0114,6.0000,6.0340,1.3154,5.6537,0.6158,-2.0686,-30.3128,-2.0349,-27.0076,-1.9056,-27.1964,-3.0957,-29.9898,-29.3401,-58.6103,0.0337,3.3052,0.1630,3.1164,-1.0271,0.3230,10,0.0700,10,0,0.9367,0.0539,0.0094,2.2526,12.9988,1.1132,2.7829,5.3156,0.0000,1,0.2359,0.0582,2.3608,0.0008,1.000,70.00,342.76
2.4400,IMM-UKF,jink,0.500,4.00,0.050,1,0.600,1,5.7488,6.3001,0.5513,2.0956,0.3570,0.1026,0.0120,6.0000,6.0340,1.3132,7.0398,0.6146,-2.0268,-30.7859,-2.0349,-27.0076,-1.9056,-27.1964,-3.2707,-30.2994,-28.4237,-57.9555,-0.0081,3.7783,0.1212,3.5895,-1.2439,0.4865,10,0.0800,10,0,0.9367,0.0539,0.0094,2.2218,12.7508,1.1075,2.8464,5.2818,0.0000,1,0.2359,0.0582,2.3608,0.0008,1.000,70.00,342.76
2.4500,IMM-UKF,jink,0.500,4.00,0.050,1,0.600,1,5.6922,6.2670,0.5748,2.1131,0.3570,0.1026,0.0125,6.0000,6.0340,1.3109,8.5299,0.6133,-1.9717,-31.2571,-2.0349,-27.0076,-1.9056,-27.1964,-3.4386,-30.5872,-27.4805,-57.2557,-0.0632,4.2495,0.0661,4.0606,-1.4669,0.6698,10,0.0900,10,0,0.9367,0.0539,0.0094,2.1903,12.5029,1.0997,2.9096,5.2473,0.0000,1,0.2359,0.0582,2.3608,0.0008,1.000,70.00,342.76
2.4600,IMM-UKF,jink,0.500,4.00,0.050,1,0.600,1,5.6377,6.2382,0.6004,2.1315,0.3570,0.1026,0.0131,6.0000,6.0340,1.3083,10.1246,0.6117,-1.9027,-31.7257,-2.0349,-27.0076,-1.9056,-27.1964,-3.5985,-30.8523,-26.5170,-56.5130,-0.1322,4.7181,-0.0029,4.5292,-1.6957,0.8734,10,0.1000,10,0,0.9367,0.0539,0.0094,2.1580,12.2552,1.0902,2.9724,5.2120,0.0000,1,0.2359,0.0582,2.3608,0.0008,1.000,70.00,342.76
2.4700,IMM-UKF,jink,0.500,4.00,0.050,1,0.600,1,5.5854,6.2135,0.6281,2.1506,0.3570,0.1026,0.0135,6.0000,6.0340,1.3058,11.8246,0.6100,-1.8194,-32.1910,-2.0349,-27.0076,-1.9056,-27.1964,-3.7493,-31.0935,-25.5390,-55.7291,-0.2155,5.1834,-0.0861,4.9945,-1.9299,1.0975,10,0.1100,10,0,0.9367,0.0539,0.0094,2.1250,12.0076,1.0791,3.0347,5.1760,0.0000,1,0.2359,0.0582,2.3608,0.0008,1.000,70.00,342.76
2.4800,IMM-UKF,jink,0.500,4.00,0.050,1,0.600,1,5.5350,6.1929,0.6578,2.1705,0.3570,0.1026,0.0142,6.0000,6.0340,1.3065,13.6274,0.6086,-1.7224,-32.6523,-2.0349,-27.0076,-1.9056,-27.1964,-3.8904,-31.3099,-24.5518,-54.9062,-0.3126,5.6447,-0.1832,5.4559,-2.1680,1.3424,10,0.1200,10,0,0.9367,0.0539,0.0094,2.0911,11.7602,1.0667,3.0966,5.1392,0.0000,1,0.2359,0.0582,2.3608,0.0008,1.000,70.00,342.76
2.4900,IMM-UKF,jink,0.500,4.00,0.050,1,0.600,1,5.4867,6.1763,0.6896,2.1913,0.3570,0.1026,0.0147,6.0000,6.0340,1.3070,15.5399,0.6070,-1.6097,-33.1090,-2.0349,-27.0076,-1.9056,-27.1964,-4.0207,-31.5008,-23.5604,-54.0466,-0.4252,6.1014,-0.2958,5.9125,-2.4110,1.6082,10,0.1300,10,0,0.9367,0.0539,0.0094,2.0564,11.5130,1.0529,3.1580,5.1016,0.0000,1,0.2359,0.0582,2.3608,0.0008,1.000,70.00,342.76
2.5000,IMM-UKF,jink,0.500,4.00,0.050,1,0.600,1,5.4404,6.1637,0.7233,2.2130,0.3570,0.1026,0.0153,6.0000,6.0340,1.3071,17.5636,0.6051,-1.4810,-33.5603,-2.0349,-27.0076,-1.9056,-27.1964,-4.1395,-31.6655,-22.5688,-53.1525,-0.5540,6.5527,-0.4246,6.3639,-2.6585,1.8948,10,0.1400,10,0,0.9367,0.0539,0.0094,2.0208,11.2660,1.0380,3.2190,5.0634,0.0000,1,0.2359,0.0582,2.3608,0.0008,1.000,70.00,342.76
2.5100,IMM-UKF,jink,0.500,4.00,0.050,1,0.600,1,5.3961,6.1551,0.7590,2.2356,0.3570,0.1026,0.0157,6.0000,6.0340,1.3069,19.6997,0.6029,-1.3355,-34.0056,-2.0349,-27.0076,-1.9056,-27.1964,-4.2459,-31.8034,-21.5811,-52.2265,-0.6995,6.9980,-0.5701,6.8092,-2.9104,2.2023,10,0.1500,10,0,0.9367,0.0539,0.0094,1.9843,11.0192,1.0220,3.2796,5.0244,0.0000,1,0.2359,0.0582,2.3608,0.0008,1.000,70.00,342.76
2.5200,IMM-UKF,jink,0.500,4.00,0.050,1,0.600,1,5.3538,6.1504,0.7966,2.2592,0.3570,0.1026,0.0162,6.0000,6.0340,1.3066,21.9485,0.6005,-1.1728,-34.4442,-2.0349,-27.0076,-1.9056,-27.1964,-4.3392,-31.9140,-20.6003,-51.2712,-0.8622,7.4366,-0.7328,7.2478,-3.1664,2.5302,10,0.1600,10,0,0.9367,0.0539,0.0094,1.9468,10.7726,1.0050,3.3396,4.9847,0.0000,1,0.2359,0.0582,2.3608,0.0008,1.000,70.00,342.76
2.5300,IMM-UKF,jink,0.500,4.00,0.050,1,0.600,1,5.3133,6.1495,0.8362,2.2838,0.3570,0.1026,0.0166,6.0000,6.0340,1.3055,24.3106,0.5980,-0.9921,-34.8753,-2.0349,-27.0076,-1.9056,-27.1964,-4.4187,-31.9971,-19.6292,-50.2893,-1.0429,7.8677,-0.9135,7.6789,-3.4266,2.8782,10,0.1700,10,0,0.9367,0.0539,0.0094,1.9084,10.5262,0.9872,3.3992,4.9442,0.0000,1,0.2359,0.0582,2.3608,0.0008,1.000,70.00,342.76
2.5400,IMM-UKF,jink,0.500,4.00,0.050,1,0.600,1,5.2747,6.1524,0.8777,2.3094,0.3570,0.1026,0.0171,6.0000,6.0340,1.3018,26.7881,0.5949,-0.7921,-35.2983,-2.0349,-27.0076,-1.9056,-27.1964,-4.4837,-32.0524,-18.6703,-49.2836,-1.2428,8.2907,-1.1134,8.1018,-3.6915,3.2459,10,0.1800,10,0,0.9367,0.0539,0.0094,1.8689,10.2801,0.9684,3.4583,4.9031,0.0000,1,0.2359,0.0582,2.3608,0.0008,1.000,70.00,342.76
2.5500,IMM-UKF,jink,0.500,4.00,0.050,1,0.600,1,5.2380,6.1591,0.9211,2.3360,0.3570,0.1026,0.0176,6.0000,6.0340,1.2980,29.3761,0.5917,-0.5735,-35.7124,-2.0349,-27.0076,-1.9056,-27.1964,-4.5336,-32.0798,-17.7254,-48.2572,-1.4614,8.7048,-1.3321,8.5159,-3.9601,3.6326,10,0.1900,10,0,0.9367,0.0539,0.0094,1.8284,10.0342,0.9489,3.5169,4.8612,0.0000,1,0.2359,0.0582,2.3608,0.0008,1.000,70.00,342.76
2.5600,IMM-UKF,jink,0.500,4.00,0.050,1,0.600,1,5.2032,6.1696,0.9664,2.3636,0.3570,0.1026,0.0180,6.0000,6.0340,1.2942,32.0731,0.5885,-0.3357,-36.1169,-2.0349,-27.0076,-1.9056,-27.1964,-4.5679,-32.0793,-16.7960,-47.2128,-1.6993,9.1093,-1.5699,8.9205,-4.2322,4.0376,10,0.2000,10,0,0.9367,0.0539,0.0094,1.7867,9.7885,0.9286,3.5749,4.8187,0.0000,1,0.2359,0.0582,2.3608,0.0008,1.000,70.00,342.76
2.5700,IMM-UKF,jink,0.500,4.00,0.050,1,0.600,1,5.1702,6.1838,1.0136,2.3923,0.3570,0.1026,0.0184,6.0000,6.0340,1.2904,34.8768,0.5853,-0.0783,-36.5112,-2.0349,-27.0076,-1.9056,-27.1964,-4.5861,-32.0510,-15.8833,-46.1536,-1.9567,9.5036,-1.8273,9.3147,-4.5079,4.4601,10,0.2100,10,0,0.9367,0.0539,0.0094,1.7439,9.5431,0.9076,3.6325,4.7754,0.0000,1,0.2359,0.0582,2.3608,0.0008,1.000,70.00,342.76
2.5800,IMM-UKF,jink,0.500,4.00,0.050,1,0.600,1,5.1389,6.2017,1.0628,2.4221,0.3570,0.1026,0.0187,6.0000,6.0340,1.2867,37.7844,0.5820,0.1991,-36.8944,-2.0349,-27.0076,-1.9056,-27.1964,-4.5879,-31.9952,-14.9881,-45.0826,-2.2341,9.8868,-2.1047,9.6980,-4.7870,4.8992,10,0.2200,10,0,0.9367,0.0539,0.0094,1.6999,9.2980,0.8859,3.6895,4.7315,0.0000,1,0.2359,0.0582,2.3608,0.0008,1.000,70.00,342.76
2.5900,IMM-UKF,jink,0.500,4.00,0.050,1,0.600,1,5.1095,6.2234,1.1139,2.4529,0.3570,0.1026,0.0191,6.0000,6.0340,1.2829,40.7929,0.5788,0.4968,-37.2660,-2.0349,-27.0076,-1.9056,-27.1964,-4.5729,-31.9120,-14.1111,-44.0025,-2.5318,10.2584,-2.4024,10.0695,-5.0697,5.3539,10,0.2300,10,0,0.9367,0.0539,0.0094,1.6547,9.0531,0.8635,3.7461,4.6869,0.0000,1,0.2359,0.0582,2.3608,0.0008,1.000,70.00,342.76
2.6000,IMM-UKF,jink,0.500,4.00,0.050,1,0.600,1,5.0817,6.2482,1.1665,2.4848,0.3570,0.1026,0.0193,6.0000,6.0340,1.2792,43.8886,0.5756,0.8151,-37.6253,-2.0349,-27.0076,-1.9056,-27.1964,-4.5425,-31.8051,-13.2630,-42.9295,-2.8501,10.6178,-2.7207,10.4289,-5.3577,5.8202,10,0.2400,10,0,0.9367,0.0539,0.0094,1.6087,8.8109,0.8407,3.8020,4.6416,0.0000,1,0.2954,0.0499,2.3608,0.0013,1.000,70.00,342.76
2.6100,IMM-UKF,jink,0.500,4.00,0.050,1,0.600,1,5.0557,6.2762,1.2205,2.5176,0.3570,0.1026,0.0196,6.0000,6.0340,1.2756,47.0625,0.5724,1.1541,-37.9721,-2.0349,-27.0076,-1.9056,-27.1964,-4.4975,-31.6764,-12.4462,-41.8702,-3.1891,10.9645,-3.0597,10.7756,-5.6516,6.2956,10,0.2500,10,0,0.9367,0.0539,0.0094,1.5620,8.5723,0.8177,3.8575,4.5957,0.0000,1,0.2954,0.0499,2.3608,0.0013,1.000,70.00,342.76
2.6200,IMM-UKF,jink,0.500,4.00,0.050,1,0.600,1,5.0313,6.3071,1.2758,2.5514,0.3570,0.1026,0.0198,6.0000,6.0340,1.2721,50.3094,0.5694,1.5140,-38.3058,-2.0349,-27.0076,-1.9056,-27.1964,-4.4380,-31.5269,-11.6586,-40.8260,-3.5490,11.2982,-3.4196,11.1093,-5.9520,6.7789,10,0.2600,10,0,0.9367,0.0539,0.0094,1.5146,8.3372,0.7944,3.9123,4.5490,0.0000,1,0.2954,0.0499,2.3608,0.0013,1.000,70.00,342.76
2.6300,IMM-UKF,jink,0.500,4.00,0.050,1,0.600,1,5.0085,6.3409,1.3324,2.5862,0.3570,0.1026,0.0200,6.0000,6.0340,1.2686,53.6238,0.5663,1.8949,-38.6260,-2.0349,-27.0076,-1.9056,-27.1964,-4.3641,-31.3573,-10.8983,-39.7982,-3.9298,11.6184,-3.8005,11.4296,-6.2590,7.2687,10,0.2700,10,0,0.9367,0.0539,0.0094,1.4665,8.1054,0.7708,3.9666,4.5018,0.0000,1,0.2954,0.0499,2.3608,0.0013,1.000,70.00,342.76
2.6400,IMM-UKF,jink,0.500,4.00,0.050,1,0.600,1,4.9873,6.3776,1.3903,2.6219,0.3570,0.1026,0.0202,6.0000,6.0340,1.2652,57.0002,0.5633,2.2967,-38.9324,-2.0349,-27.0076,-1.9056,-27.1964,-4.2762,-31.1687,-10.1633,-38.7877,-4.3316,11.9249,-4.2023,11.7360,-6.5729,7.7637,10,0.2800,10,0,0.9367,0.0539,0.0094,1.4176,7.8771,0.7471,4.0204,4.4538,0.0000,1,0.2954,0.0499,2.3608,0.0013,1.000,70.00,342.76
2.6500,IMM-UKF,jink,0.500,4.00,0.050,1,0.600,1,4.9677,5.8331,0.8654,1.7254,0.3075,0.1466,0.0698,6.0000,6.7249,0.8377,86.2741,0.5605,2.7195,-39.2246,0.8151,-37.6253,0.6481,-37.6692,1.5836,-25.1344,8.1449,-27.8015,-1.9044,1.5993,-2.0714,1.5555,-1.1360,14.0903,11,0.0500,11,0,0.9528,0.0416,0.0056,1.3680,7.6520,0.7231,4.0735,4.4053,0.0000,1,0.2954,0.0499,2.6013,0.0013,1.000,70.00,342.76
2.6600,IMM-UKF,jink,0.500,4.00,0.050,1,0.600,1,4.9495,5.8314,0.8819,1.7434,0.3075,0.1466,0.0700,6.0000,6.7249,0.8384,88.2687,0.5577,3.1632,-39.5023,0.8151,-37.6253,0.6481,-37.6692,1.7262,-25.1173,8.4159,-27.0907,-2.3481,1.8769,-2.5151,1.8331,-1.4370,14.3850,11,0.0600,11,0,0.9528,0.0416,0.0056,1.3176,7.4301,0.6990,4.1261,4.3561,0.0000,1,0.2954,0.0499,2.6013,0.0013,1.000,70.00,342.76
2.6700,IMM-UKF,jink,0.500,4.00,0.050,1,0.600,1,4.9328,5.8335,0.9006,1.7621,0.3075,0.1466,0.0701,6.0000,6.7249,0.8390,90.3436,0.5551,3.6277,-39.7650,0.8151,-37.6253,0.6481,-37.6692,1.8790,-25.0780,8.6864,-26.3858,-2.8126,2.1397,-2.9796,2.0959,-1.7487,14.6871,11,0.0700,11,0,0.9528,0.0416,0.0056,1.2664,7.2114,0.6748,4.1781,4.3063,0.0000,1,0.2954,0.0499,2.6013,0.0013,1.000,70.00,342.76
2.6800,IMM-UKF,jink,0.500,4.00,0.050,1,0.600,1,4.9176,5.8391,0.9214,1.7816,0.3075,0.1466,0.0702,6.0000,6.7249,0.8395,92.4957,0.5525,4.1128,-40.0125,0.8151,-37.6253,0.6481,-37.6692,2.0417,-25.0168,8.9567,-25.6877,-3.2976,2.3872,-3.4647,2.3433,-2.0710,14.9957,11,0.0800,11,0,0.9528,0.0416,0.0056,1.2144,6.9958,0.6504,4.2294,4.2558,0.0000,1,0.2954,0.0499,2.6013,0.0013,1.000,70.00,342.76
2.6900,IMM-UKF,jink,0.500,4.00,0.050,1,0.600,1,4.9039,5.8482,0.9444,1.8018,0.3075,0.1466,0.0703,6.0000,6.7249,0.8399,94.7215,0.5501,4.6182,-40.2444,0.8151,-37.6253,0.6481,-37.6692,2.2143,-24.9343,9.2266,-24.9975,-3.8031,2.6191,-3.9701,2.5753,-2.4038,15.3102,11,0.0900,11,0,0.9528,0.0416,0.0056,1.1616,6.7833,0.6258,4.2802,4.2047,0.0000,1,0.2954,0.0499,2.6013,0.0013,1.000,70.00,342.76
2.7000,IMM-UKF,jink,0.500,4.00,0.050,1,0.600,1,4.8915,5.8609,0.9694,1.8227,0.3075,0.1466,0.0704,6.0000,6.7249,0.8403,97.0174,0.5478,5.1436,-40.4606,0.8151,-37.6253,0.6481,-37.6692,2.3967,-24.8310,9.4964,-24.3159,-4.3285,2.8352,-4.4955,2.7914,-2.7470,15.6296,11,0.1000,11,0,0.9528,0.0416,0.0056,1.1079,6.5738,0.6012,4.3303,4.1531,0.0000,1,0.2954,0.0499,2.6013,0.0013,1.000,70.00,342.76
2.7100,IMM-UKF,jink,0.500,4.00,0.050,1,0.600,1,4.8805,5.8769,0.9964,1.8444,0.3075,0.1466,0.0704,6.0000,6.7249,0.8406,99.3793,0.5457,5.6888,-40.6606,0.8151,-37.6253,0.6481,-37.6692,2.5886,-24.7074,9.7662,-23.6437,-4.8737,3.0352,-5.0407,2.9914,-3.1002,15.9531,11,0.1100,11,0,0.9528,0.0416,0.0056,1.0533,6.3673,0.5765,4.3799,4.1008,0.0000,1,0.2954,0.0499,2.6013,0.0013,1.000,70.00,342.76
2.7200,IMM-UKF,jink,0.500,4.00,0.050,1,0.600,1,4.8709,5.8963,1.0254,1.8669,0.3075,0.1466,0.0705,6.0000,6.7249,0.8409,101.8026,0.5437,6.2532,-40.8442,0.8151,-37.6253,0.6481,-37.6692,2.7899,-24.5643,10.0359,-22.9815,-5.4381,3.2188,-5.6051,3.1750,-3.4633,16.2799,11,0.1200,11,0,0.9528,0.0416,0.0056,0.9979,6.1637,0.5516,4.4288,4.0480,0.0000,1,0.2954,0.0499,2.6013,0.0013,1.000,70.00,342.76
2.7300,IMM-UKF,jink,0.500,4.00,0.050,1,0.600,1,4.8627,5.9190,1.0564,1.8902,0.3075,0.1466,0.0705,6.0000,6.7249,0.8410,104.2829,0.5419,6.8364,-41.0112,0.8151,-37.6253,0.6481,-37.6692,3.0004,-24.4024,10.3057,-22.3298,-6.0213,3.3859,-6.1884,3.3420,-3.8361,16.6088,11,0.1300,11,0,0.9528,0.0416,0.0056,0.9415,5.9629,0.5267,4.4770,3.9945,0.0000,1,0.2954,0.0499,2.6013,0.0013,1.000,70.00,342.76
2.7400,IMM-UKF,jink,0.500,4.00,0.050,1,0.600,1,4.8557,5.9450,1.0893,1.9142,0.3075,0.1466,0.0706,6.0000,6.7249,0.8411,106.8155,0.5402,7.4379,-41.1614,0.8151,-37.6253,0.6481,-37.6692,3.2198,-24.2223,10.5756,-21.6890,-6.6228,3.5361,-6.7899,3.4922,-4.2182,16.9391,11,0.1400,11,0,0.9528,0.0416,0.0056,0.8843,5.7650,0.5017,4.5246,3.9405,0.0000,1,0.2954,0.0499,2.6013,0.0013,1.000,70.00,342.76
2.7500,IMM-UKF,jink,0.500,4.00,0.050,1,0.600,1,4.8502,5.9742,1.1241,1.9390,0.3075,0.1466,0.0706,6.0000,6.7249,0.8411,109.3953,0.5387,8.0572,-41.2946,0.8151,-37.6253,0.6481,-37.6692,3.4478,-24.0249,10.8458,-21.0595,-7.2420,3.6692,-7.4091,3.6254,-4.6093,17.2697,11,0.1500,11,0,0.9528,0.0416,0.0056,0.8261,5.5698,0.4766,4.5716,3.8859,0.0000,1,0.2954,0.0499,2.6013,0.0013,1.000,70.00,342.76
2.7600,IMM-UKF,jink,0.500,4.00,0.050,1,0.600,1,4.8459,6.0066,1.1607,1.9646,0.3075,0.1466,0.0706,6.0000,6.7249,0.8411,112.0174,0.5373,8.6934,-41.4106,0.8151,-37.6253,0.6481,-37.6692,3.6844,-23.8109,11.1164,-20.4417,-7.8783,3.7852,-8.0453,3.7414,-5.0090,17.5997,11,0.1600,11,0,0.9528,0.0416,0.0056,0.7670,5.3774,0.4515,4.6179,3.8308,0.0000,1,0.2954,0.0499,2.6013,0.0013,1.000,70.00,342.76
2.7700,IMM-UKF,jink,0.500,4.00,0.050,1,0.600,1,4.8429,6.0421,1.1992,1.9910,0.3075,0.1466,0.0706,6.0000,6.7249,0.8411,114.6766,0.5361,9.3461,-41.5093,0.8151,-37.6253,0.6481,-37.6692,3.9291,-23.5812,11.3873,-19.8356,-8.5309,3.8839,-8.6980,3.8401,-5.4170,17.9280,11,0.1700,11,0,0.9528,0.0416,0.0056,0.7069,5.1876,0.4263,4.6635,3.7751,0.0000,1,0.2954,0.0499,2.6013,0.0013,1.000,70.00,342.76
2.7800,IMM-UKF,jink,0.500,4.00,0.050,1,0.600,1,4.8412,6.0808,1.2396,2.0182,0.3075,0.1466,0.0706,6.0000,6.7249,0.8409,117.3676,0.5351,10.0143,-41.5905,0.8151,-37.6253,0.6481,-37.6692,4.1816,-23.3367,11.6588,-19.2414,-9.1992,3.9651,-9.3662,3.9213,-5.8327,18.2538,11,0.1800,11,0,0.9528,0.0416,0.0056,0.6458,5.0006,0.4010,4.7085,3.7189,0.0000,1,0.2954,0.0499,2.6013,0.0013,1.000,70.00,342.76
2.7900,IMM-UKF,jink,0.500,4.00,0.050,1,0.600,1,4.8409,6.1225,1.2817,2.0461,0.3075,0.1466,0.0706,6.0000,6.7249,0.8407,120.0854,0.5343,10.6974,-41.6542,0.8151,-37.6253,0.6481,-37.6692,4.4418,-23.0781,11.9308,-18.6593,-9.8823,4.0288,-10.0493,3.9850,-6.2556,18.5760,11,0.1900,11,0,0.9528,0.0416,0.0056,0.5838,4.8161,0.3757,4.7528,3.6621,0.0000,1,0.2954,0.0499,2.6013,0.0013,1.000,70.00,342.76
2.8000,IMM-UKF,jink,0.500,4.00,0.050,1,0.600,1,4.8418,6.1673,1.3256,2.0747,0.3075,0.1466,0.0706,6.0000,6.7249,0.8405,122.8247,0.5336,11.3945,-41.7002,0.8151,-37.6253,0.6481,-37.6692,4.7092,-22.8064,12.2034,-18.0893,-10.5794,4.0749,-10.7464,4.0311,-6.6853,18.8938,11,0.2000,11,0,0.9528,0.0416,0.0056,0.5208,4.6342,0.3504,4.7964,3.6048,0.0000,1,0.2954,0.0499,2.6013,0.0013,1.000,70.00,342.76
2.8100,IMM-UKF,jink,0.500,4.00,0.050,1,0.600,1,4.8440,6.2152,1.3712,2.1041,0.3075,0.1466,0.0706,6.0000,6.7249,0.8403,125.5801,0.5332,12.1048,-41.7286,0.8151,-37.6253,0.6481,-37.6692,4.9836,-22.5224,12.4767,-17.5314,-11.2897,4.1033,-11.4567,4.0595,-7.1212,19.2062,11,0.2100,11,0,0.9528,0.0416,0.0056,0.4568,4.4549,0.3249,4.8393,3.5470,0.0000,1,0.2954,0.0499,2.6013,0.0013,1.000,70.00,342.76
2.8200,IMM-UKF,jink,0.500,4.00,0.050,1,0.600,1,4.8475,6.2660,1.4185,2.1343,0.3075,0.1466,0.0706,6.0000,6.7249,0.8400,128.3466,0.5328,12.8274,-41.7394,0.8151,-37.6253,0.6481,-37.6692,5.2647,-22.2270,12.7507,-16.9855,-12.0123,4.1141,-12.1793,4.0702,-7.5627,19.5124,11,0.2200,11,0,0.9528,0.0416,0.0056,0.3918,4.2780,0.2995,4.8815,3.4887,0.0000,1,0.2954,0.0499,2.6013,0.0013,1.000,70.00,342.76
2.8300,IMM-UKF,jink,0.500,4.00,0.050,1,0.600,1,4.8522,6.3198,1.4676,2.1651,0.3075,0.1466,0.0706,6.0000,6.7249,0.8397,131.1191,0.5327,13.5613,-41.7325,0.8151,-37.6253,0.6481,-37.6692,5.5522,-21.9210,13.0255,-16.4515,-12.7462,4.1072,-12.9132,4.0634,-8.0091,19.8116,11,0.2300,11,0,0.9528,0.0416,0.0056,0.3258,4.1037,0.2740,4.9230,3.4299,0.0000,1,0.2954,0.0499,2.6013,0.0013,1.000,70.00,342.76
2.8400,IMM-UKF,jink,0.500,4.00,0.050,1,0.600,1,4.8583,6.3766,1.5183,2.1967,0.3075,0.1466,0.0706,6.0000,6.7249,0.8394,133.8925,0.5327,14.3056,-41.7081,0.8151,-37.6253,0.6481,-37.6692,5.8457,-21.6052,13.3012,-15.9294,-13.4905,4.0827,-13.6575,4.0389,-8.4598,20.1029,11,0.2400,11,0,0.9528,0.0416,0.0056,0.2588,3.9317,0.2485,4.9638,3.3705,0.0000,1,0.2954,0.0499,2.6013,0.0013,1.000,70.00,342.76
2.8500,IMM-UKF,jink,0.500,4.00,0.050,1,0.600,1,4.8656,6.4362,1.5707,2.2289,0.3075,0.1466,0.0705,6.0000,6.7249,0.8390,136.6619,0.5329,15.0593,-41.6661,0.8151,-37.6253,0.6481,-37.6692,6.1451,-21.2805,13.5777,-15.4190,-14.2442,4.0408,-14.4112,3.9970,-8.9142,20.3856,11,0.2500,11,0,0.9528,0.0416,0.0056,0.1908,3.7622,0.2229,5.0039,3.3107,0.0000,1,0.2954,0.0499,2.6013,0.0013,1.000,70.00,342.76
2.8600,IMM-UKF,jink,0.500,4.00,0.050,1,0.600,1,4.8742,6.4989,1.6247,2.2618,0.3075,0.1466,0.0705,6.0000,6.7249,0.8387,139.4223,0.5333,15.8215,-41.6067,0.8151,-37.6253,0.6481,-37.6692,6.4500,-20.9477,13.8552,-14.9202,-15.0064,3.9814,-15.1734,3.9376,-9.3715,20.6590,11,0.2600,11,0,0.9528,0.0416,0.0056,0.1218,3.5951,0.1973,5.0433,3.2504,0.0000,1,0.2954,0.0499,2.6013,0.0013,1.000,70.00,342.76
2.8700,IMM-UKF,jink,0.500,4.00,0.050,1,0.600,1,4.8841,6.5644,1.6802,2.2954,0.3075,0.1466,0.0705,6.0000,6.7249,0.8384,142.1694,0.5338,16.5911,-41.5301,0.8151,-37.6253,0.6481,-37.6692,6.7600,-20.6076,14.1336,-14.4327,-15.7760,3.9048,-15.9431,3.8610,-9.8311,20.9225,11,0.2700,11,0,0.9528,0.0416,0.0056,0.0517,3.4302,0.1716,5.0819,3.1897,0.0000,1,0.2954,0.0499,2.6013,0.0013,1.000,70.00,342.76
2.8800,IMM-UKF,jink,0.500,4.00,0.050,1,0.600,1,4.8953,6.6327,1.7374,2.3296,0.3075,0.1466,0.0704,6.0000,6.7249,0.8381,144.8984,0.5345,17.3673,-41.4364,0.8151,-37.6253,0.6481,-37.6692,7.0751,-20.2609,14.4130,-13.9563,-16.5521,3.8111,-16.7192,3.7673,-10.2922,21.1755,11,0.2800,11,0,0.9528,0.0416,0.0056,-0.0194,3.2677,0.1459,5.1198,3.1285,0.0000,1,0.2954,0.0499,2.6013,0.0013,1.000,70.00,342.76
2.8900,IMM-UKF,jink,0.500,4.00,0.050,1,0.600,1,4.9078,6.7040,1.7962,2.3645,0.3075,0.1466,0.0704,6.0000,6.7249,0.8378,147.6049,0.5353,18.1488,-41.3258,0.8151,-37.6253,0.6481,-37.6692,7.3948,-19.9084,14.6934,-13.4909,-17.3337,3.7005,-17.5007,3.6567,-10.7541,21.4174,11,0.2900,11,0,0.9528,0.0416,0.0056,-0.0916,3.1074,0.1202,5.1570,3.0668,0.0000,1,0.2954,0.0499,2.6013,0.0013,1.000,70.00,342.76
2.9000,IMM-UKF,jink,0.500,4.00,0.050,1,0.600,1,4.9216,6.7781,1.8564,2.4000,0.3075,0.1466,0.0703,6.0000,6.7249,0.8375,150.2849,0.5363,18.9349,-41.1986,0.8151,-37.6253,0.6481,-37.6692,7.7188,-19.5508,14.9748,-13.0362,-18.1198,3.5733,-18.2868,3.5295,-11.2161,21.6478,11,0.3000,11,0,0.9528,0.0416,0.0056,-0.1647,2.9494,0.0944,5.1934,3.0047,0.0000,1,0.2939,0.0555,2.6013,-0.0003,1.000,70.00,342.76
2.9100,IMM-UKF,jink,0.500,4.00,0.050,1,0.600,1,4.9368,6.8550,1.9182,2.4361,0.3075,0.1466,0.0703,6.0000,6.7249,0.8372,152.9341,0.5374,19.7245,-41.0550,0.8151,-37.6253,0.6481,-37.6692,8.0471,-19.1887,15.2573,-12.5919,-18.9094,3.4297,-19.0764,3.3859,-11.6774,21.8663,11,0.3100,11,0,0.9528,0.0416,0.0056,-0.2390,2.7936,0.0685,5.2291,2.9422,0.0000,1,0.2939,0.0555,2.6013,-0.0003,1.000,70.00,342.76
2.9200,IMM-UKF,jink,0.500,4.00,0.050,1,0.600,1,4.9532,6.9347,1.9815,2.4727,0.3075,0.1466,0.0702,6.0000,6.7249,0.8370,155.5491,0.5386,20.5166,-40.8954,0.8151,-37.6253,0.6481,-37.6692,8.3793,-18.8229,15.5409,-12.1579,-19.7015,3.2700,-19.8685,3.2262,-12.1374,22.0725,11,0.3200,11,0,0.9528,0.0416,0.0056,-0.3142,2.6399,0.0426,5.2640,2.8792,0.0000,1,0.2939,0.0555,2.6013,-0.0003,1.000,70.00,342.76
2.9300,IMM-UKF,jink,0.500,4.00,0.050,1,0.600,1,4.9710,7.0172,2.0462,2.5100,0.3075,0.1466,0.0702,6.0000,6.7249,0.8368,158.1258,0.5400,21.3104,-40.7199,0.8151,-37.6253,0.6481,-37.6692,8.7151,-18.4538,15.8255,-11.7338,-20.4953,3.0946,-20.6623,3.0507,-12.5953,22.2661,11,0.3300,11,0,0.9528,0.0416,0.0056,-0.3905,2.4884,0.0166,5.2982,2.8158,0.0000,1,0.2939,0.0555,2.6013,-0.0003,1.000,70.00,342.76
2.9400,IMM-UKF,jink,0.500,4.00,0.050,1,0.600,1,4.9901,7.1025,2.1124,2.5478,0.3075,0.1466,0.0701,6.0000,6.7249,0.8367,160.6611,0.5414,22.1048,-40.5290,0.8151,-37.6253,0.6481,-37.6692,9.0544,-18.0822,16.1112,-11.3194,-21.2897,2.9037,-21.4568,2.8599,-13.0504,22.4469,11,0.3400,11,0,0.9528,0.0416,0.0056,-0.4679,2.3390,-0.0094,5.3316,2.7521,0.0000,1,0.2939,0.0555,2.6013,-0.0003,1.000,70.00,342.76
2.9500,IMM-UKF,jink,0.500,4.00,0.050,1,0.600,1,5.0105,7.1906,2.1801,2.5862,0.3075,0.1466,0.0701,6.0000,6.7249,0.8366,163.1517,0.5429,22.8991,-40.3231,0.8151,-37.6253,0.6481,-37.6692,9.3969,-17.7085,16.3981,-10.9144,-22.0840,2.6978,-22.2510,2.6539,-13.5022,22.6146,11,0.3500,11,0,0.9528,0.0416,0.0056,-0.5463,2.1916,-0.0355,5.3643,2.6879,0.0000,1,0.2939,0.0555,2.6013,-0.0003,1.000,70.00,342.76
2.9600,IMM-UKF,jink,0.500,4.00,0.050,1,0.600,1,5.0324,6.8552,1.8229,1.5537,0.3012,0.1722,0.0763,6.0000,6.4233,1.0702,136.0467,0.5446,23.6923,-40.1025,18.9349,-41.1986,18.8090,-41.0453,9.4084,-22.1708,17.3554,-16.1729,-4.7574,-1.0961,-4.8834,-0.9427,-14.2840,17.9317,12,0.0600,12,0,0.9855,0.0138,0.0007,-0.6258,2.0463,-0.0617,5.3961,2.6233,0.0000,1,0.2939,0.0555,2.8997,-0.0003,1.000,70.00,342.76
2.9700,IMM-UKF,jink,0.500,4.00,0.050,1,0.600,1,5.0555,6.9042,1.8487,1.5727,0.3012,0.1722,0.0763,6.0000,6.4233,1.0685,137.7709,0.5463,24.4837,-39.8677,18.9349,-41.1986,18.8090,-41.0453,9.6565,-21.9723,17.5979,-15.8285,-5.5488,-1.3309,-5.6748,-1.1776,-14.8273,17.8954,12,0.0700,12,0,0.9855,0.0138,0.0007,-0.7063,1.9030,-0.0880,5.4272,2.5584,0.0000,1,0.2939,0.0555,2.8997,-0.0003,1.000,70.00,342.76
2.9800,IMM-UKF,jink,0.500,4.00,0.050,1,0.600,1,5.0801,6.9560,1.8759,1.5923,0.3012,0.1722,0.0762,6.0000,6.4233,1.0667,139.5235,0.5481,25.2725,-39.6191,18.9349,-41.1986,18.8090,-41.0453,9.9111,-21.7630,17.8432,-15.4861,-6.3376,-1.5795,-6.4635,-1.4262,-15.3614,17.8561,12,0.0800,12,0,0.9855,0.0138,0.0007,-0.7878,1.7617,-0.1144,5.4575,2.4931,0.0000,1,0.2939,0.0555,2.8997,-0.0003,1.000,70.00,342.76
2.9900,IMM-UKF,jink,0.500,4.00,0.050,1,0.600,1,5.1060,7.0104,1.9044,1.6124,0.3012,0.1722,0.0762,6.0000,6.4233,1.0650,141.2996,0.5499,26.0579,-39.3571,18.9349,-41.1986,18.8090,-41.0453,10.1720,-21.5437,18.0910,-15.1458,-7.1230,-1.8415,-7.2489,-1.6881,-15.8859,17.8134,12,0.0900,12,0,0.9855,0.0138,0.0007,-0.8705,1.6223,-0.1408,5.4870,2.4274,0.0000,1,0.2939,0.0555,2.8997,-0.0003,1.000,70.00,342.76
3.0000,IMM-UKF,jink,0.500,4.00,0.050,1,0.600,1,5.1333,7.0676,1.9343,1.6332,0.3012,0.1722,0.0761,6.0000,6.4233,1.0632,143.0945,0.5518,26.8392,-39.0823,18.9349,-41.1986,18.8090,-41.0453,10.4391,-21.3148,18.3415,-14.8079,-7.9043,-2.1163,-8.0302,-1.9629,-16.4001,17.7675,12,0.1000,12,0,0.9855,0.0138,0.0007,-0.9542,1.4848,-0.1674,5.5158,2.3614,0.0000,1,0.2939,0.0555,2.8997,-0.0003,1.000,70.00,342.76
3.0100,IMM-UKF,jink,0.500,4.00,0.050,1,0.600,1,5.1620,7.1274,1.9654,1.6546,0.3012,0.1722,0.0761,6.0000,6.4233,1.0615,144.9036,0.5536,27.6157,-38.7951,18.9349,-41.1986,18.8090,-41.0453,10.7122,-21.0769,18.5946,-14.4724,-8.6808,-2.4035,-8.8068,-2.2501,-16.9036,17.7183,12,0.1100,12,0,0.9855,0.0138,0.0007,-1.0389,1.3492,-0.1941,5.5437,2.2950,0.0000,1,0.2939,0.0555,2.8997,-0.0003,1.000,70.00,342.76
3.0200,IMM-UKF,jink,0.500,4.00,0.050,1,0.600,1,5.1929,7.1900,1.9972,1.6767,0.3012,0.1722,0.0751,6.0000,6.4233,1.0544,146.6270,0.5572,28.3693,-38.4896,18.9349,-41.1986,18.8090,-41.0453,10.9902,-20.8301,18.8468,-14.1384,-9.4344,-2.7090,-9.5603,-2.5557,-17.3791,17.6595,12,0.1200,12,0,0.9855,0.0138,0.0007,-1.1240,1.2148,-0.2212,5.5158,2.3614,0.0000,1,0.2939,0.0555,2.8997,-0.0003,1.000,70.00,342.76
3.0300,IMM-UKF,jink,0.500,4.00,0.050,1,0.600,1,5.2258,7.2553,2.0295,1.6993,0.3012,0.1722,0.0739,6.0000,6.4233,1.0474,148.2672,0.5611,29.1010,-38.1668,18.9349,-41.1986,18.8090,-41.0453,11.2727,-20.5750,19.0980,-13.8058,-10.1661,-3.0318,-10.2920,-2.8784,-17.8282,17.5918,12,0.1300,12,0,0.9855,0.0138,0.0007,-1.2094,1.0817,-0.2487,5.4870,2.4274,0.0000,1,0.2939,0.0555,2.8997,-0.0003,1.000,70.00,342.76
3.0400,IMM-UKF,jink,0.500,4.00,0.050,1,0.600,1,5.2608,7.3233,2.0625,1.7226,0.3012,0.1722,0.0725,6.0000,6.4233,1.0404,149.8205,0.5653,29.8102,-37.8280,18.9349,-41.1986,18.8090,-41.0453,11.5595,-20.3119,19.3481,-13.4746,-10.8753,-3.3707,-11.0013,-3.2173,-18.2508,17.5161,12,0.1400,12,0,0.9855,0.0138,0.0007,-1.2950,0.9497,-0.2766,5.4575,2.4931,0.0000,1,0.2939,0.0555,2.8997,-0.0003,1.000,70.00,342.76
3.0500,IMM-UKF,jink,0.500,4.00,0.050,1,0.600,1,5.2979,7.3940,2.0961,1.7466,0.3012,0.1722,0.0713,6.0000,6.4233,1.0403,151.2938,0.5683,30.4994,-37.4740,18.9349,-41.1986,18.8090,-41.0453,11.8499,-20.0412,19.5970,-13.1447,-11.5645,-3.7247,-11.6905,-3.5713,-18.6495,17.4328,12,0.1500,12,0,0.9855,0.0138,0.0007,-1.3810,0.8187,-0.3050,5.4272,2.5584,0.0000,1,0.2939,0.0555,2.8997,-0.0003,1.000,70.00,342.76
3.0600,IMM-UKF,jink,0.500,4.00,0.050,1,0.600,1,5.3370,7.4674,2.1304,1.7711,0.3012,0.1722,0.0701,6.0000,6.4233,1.0426,152.6776,0.5705,31.1660,-37.1060,18.9349,-41.1986,18.8090,-41.0453,12.1438,-19.7632,19.8445,-12.8160,-12.2311,-4.0926,-12.3570,-3.9393,-19.0221,17.3428,12,0.1600,12,0,0.9855,0.0138,0.0007,-1.4673,0.6888,-0.3339,5.3961,2.6233,0.0000,1,0.2939,0.0555,2.8997,-0.0003,1.000,70.00,342.76
3.0700,IMM-UKF,jink,0.500,4.00,0.050,1,0.600,1,5.3782,7.5435,2.1654,1.7964,0.3012,0.1722,0.0688,6.0000,6.4233,1.0412,153.9619,0.5732,31.8076,-36.7250,18.9349,-41.1986,18.8090,-41.0453,12.4408,-19.4783,20.0906,-12.4884,-12.8727,-4.4736,-12.9986,-4.3202,-19.3668,17.2468,12,0.1700,12,0,0.9855,0.0138,0.0007,-1.5539,0.5597,-0.3634,5.3643,2.6879,0.0000,1,0.2939,0.0555,2.8997,-0.0003,1.000,70.00,342.76
3.0800,IMM-UKF,jink,0.500,4.00,0.050,1,0.600,1,5.4213,7.6224,2.2011,1.8222,0.3012,0.1722,0.0677,6.0000,6.4233,1.0353,155.1436,0.5765,32.4238,-36.3319,18.9349,-41.1986,18.8090,-41.0453,12.7404,-19.1867,20.3352,-12.1617,-13.4889,-4.8667,-13.6148,-4.7133,-19.6834,17.1452,12,0.1800,12,0,0.9855,0.0138,0.0007,-1.6409,0.4315,-0.3937,5.3316,2.7521,0.0000,1,0.2939,0.0555,2.8997,-0.0003,1.000,70.00,342.76
3.0900,IMM-UKF,jink,0.500,4.00,0.050,1,0.600,1,5.4665,7.7040,2.2375,1.8488,0.3012,0.1722,0.0664,6.0000,6.4233,1.0295,156.2287,0.5798,33.0165,-35.9277,18.9349,-41.1986,18.8090,-41.0453,13.0422,-18.8888,20.5781,-11.8358,-14.0816,-5.2709,-14.2075,-5.1176,-19.9742,17.0389,12,0.1900,12,0,0.9855,0.0138,0.0007,-1.7281,0.3042,-0.4246,5.2982,2.8158,0.0000,1,0.2939,0.0555,2.8997,-0.0003,1.000,70.00,342.76
3.1000,IMM-UKF,jink,0.500,4.00,0.050,1,0.600,1,5.5137,7.7884,2.2747,1.8759,0.3012,0.1722,0.0650,6.0000,6.4233,1.0239,157.2169,0.5833,33.5858,-35.5132,18.9349,-41.1986,18.8090,-41.0453,13.3461,-18.5847,20.8193,-11.5104,-14.6509,-5.6854,-14.7768,-5.5320,-20.2397,16.9285,12,0.2000,12,0,0.9855,0.0138,0.0007,-1.8156,0.1776,-0.4564,5.2640,2.8792,0.0000,1,0.2939,0.0555,2.8997,-0.0003,1.000,70.00,342.76
3.1100,IMM-UKF,jink,0.500,4.00,0.050,1,0.600,1,5.5628,7.8755,2.3127,1.9037,0.3012,0.1722,0.0634,6.0000,6.4233,1.0187,158.1086,0.5866,34.1319,-35.0895,18.9349,-41.1986,18.8090,-41.0453,13.6515,-18.2747,21.0586,-11.1851,-15.1970,-6.1092,-15.3229,-5.9558,-20.4804,16.8147,12,0.2100,12,0,0.9855,0.0138,0.0007,-1.9034,0.0517,-0.4891,5.2291,2.9422,0.0000,1,0.2939,0.0555,2.8997,-0.0003,1.000,70.00,342.76
3.1200,IMM-UKF,jink,0.500,4.00,0.050,1,0.600,1,5.6139,7.9653,2.3514,1.9322,0.3012,0.1722,0.0617,6.0000,6.4233,1.0136,158.9044,0.5899,34.6550,-34.6572,18.9349,-41.1986,18.8090,-41.0453,13.9582,-17.9589,21.2959,-10.8597,-15.7201,-6.5414,-15.8460,-6.3880,-20.6968,16.6983,12,0.2200,12,0,0.9855,0.0138,0.0007,-1.9915,-0.0736,-0.5229,5.1934,3.0047,0.0000,1,0.2939,0.0555,2.8997,-0.0003,1.000,70.00,342.76
3.1300,IMM-UKF,jink,0.500,4.00,0.050,1,0.600,1,5.6669,8.0580,2.3910,1.9613,0.3012,0.1722,0.0598,6.0000,6.4233,1.0090,159.6058,0.5931,35.1553,-34.2174,18.9349,-41.1986,18.8090,-41.0453,14.2658,-17.6374,21.5312,-10.5337,-16.2204,-6.9812,-16.3464,-6.8279,-20.8895,16.5800,12,0.2300,12,0,0.9855,0.0138,0.0007,-2.0798,-0.1982,-0.5579,5.1570,3.0668,0.0000,1,0.2939,0.0555,2.8997,-0.0003,1.000,70.00,342.76
3.1400,IMM-UKF,jink,0.500,4.00,0.050,1,0.600,1,5.7219,8.1534,2.4315,1.9910,0.3012,0.1722,0.0579,6.0000,6.4233,1.0046,160.2147,0.5962,35.6333,-33.7707,18.9349,-41.1986,18.8090,-41.0453,14.5740,-17.3101,21.7643,-10.2067,-16.6984,-7.4280,-16.8244,-7.2746,-21.0593,16.4605,12,0.2400,12,0,0.9855,0.0138,0.0007,-2.1684,-0.3223,-0.5942,5.1198,3.1285,0.0000,1,0.2939,0.0555,2.8997,-0.0003,1.000,70.00,342.76
3.1500,IMM-UKF,jink,0.500,4.00,0.050,1,0.600,1,5.7787,8.2515,2.4728,2.0214,0.3012,0.1722,0.0558,6.0000,6.4233,1.0006,160.7342,0.5990,36.0894,-33.3178,18.9349,-41.1986,18.8090,-41.0453,14.8825,-16.9771,21.9951,-9.8780,-17.1545,-7.8808,-17.2804,-7.7275,-21.2069,16.3407,12,0.2500,12,0,0.9855,0.0138,0.0007,-2.2572,-0.4457,-0.6320,5.0819,3.1897,0.0000,1,0.2939,0.0555,2.8997,-0.0003,1.000,70.00,342.76
3.1600,IMM-UKF,jink,0.500,4.00,0.050,1,0.600,1,5.8374,8.3524,2.5150,2.0524,0.3012,0.1722,0.0536,6.0000,6.4233,0.9969,161.1674,0.6017,36.5239,-32.8595,18.9349,-41.1986,18.8090,-41.0453,15.1908,-16.6380,22.2235,-9.5467,-17.5890,-8.3392,-17.7149,-8.1858,-21.3331,16.2214,12,0.2600,12,0,0.9855,0.0138,0.0007,-2.3462,-0.5686,-0.6717,5.0433,3.2504,0.0000,1,0.2939,0.0555,2.8997,-0.0003,1.000,70.00,342.76
3.1700,IMM-UKF,jink,0.500,4.00,0.050,1,0.600,1,5.8980,8.4560,2.5580,2.0841,0.3012,0.1722,0.0514,6.0000,6.4233,0.9936,161.5190,0.6041,36.9374,-32.3963,18.9349,-41.1986,18.8090,-41.0453,15.4987,-16.2927,22.4492,-9.2121,-18.0025,-8.8024,-18.1284,-8.6490,-21.4387,16.1036,12,0.2700,12,0,0.9855,0.0138,0.0007,-2.4353,-0.6909,-0.7134,5.0039,3.3107,0.0000,1,0.2939,0.0555,2.8997,-0.0003,1.000,70.00,342.76
3.1800,IMM-UKF,jink,0.500,4.00,0.050,1,0.600,1,5.9604,8.5622,2.6019,2.1164,0.3012,0.1722,0.0490,6.0000,6.4233,0.9906,161.7944,0.6063,37.3303,-31.9288,18.9349,-41.1986,18.8090,-41.0453,15.8058,-15.9406,22.6722,-8.8727,-18.3954,-9.2698,-18.5213,-9.1165,-21.5245,15.9882,12,0.2800,12,0,0.9855,0.0138,0.0007,-2.5244,-0.8126,-0.7576,4.9638,3.3705,0.0000,1,0.2939,0.0555,2.8997,-0.0003,1.000,70.00,342.76
3.1900,IMM-UKF,jink,0.500,4.00,0.050,1,0.600,1,6.0245,8.6709,2.6463,2.1493,0.3012,0.1722,0.0466,6.0000,6.4233,0.9881,162.0003,0.6082,37.7031,-31.4576,18.9349,-41.1986,18.8090,-41.0453,16.1109,-15.5818,22.8911,-8.5285,-18.7682,-9.7410,-18.8942,-9.5877,-21.5922,15.8758,12,0.2900,12,0,0.9855,0.0138,0.0007,-2.6129,-0.9329,-0.8046,4.9230,3.4299,0.0000,1,0.2939,0.0555,2.8997,-0.0003,1.000,70.00,342.76
3.2000,IMM-UKF,jink,0.500,4.00,0.050,1,0.600,1,6.0905,8.7816,2.6911,2.1829,0.3012,0.1722,0.0441,6.0000,6.4233,0.9859,162.1449,0.6098,38.0564,-30.9832,18.9349,-41.1986,18.8090,-41.0453,16.4127,-15.2164,23.1046,-8.1789,-19.1215,-10.2154,-19.2475,-10.0620,-21.6437,15.7668,12,0.3000,12,0,0.9855,0.0138,0.0007,-2.6999,-1.0510,-0.8545,4.8815,3.4887,0.0000,1,0.2710,0.0466,2.8997,-0.0015,1.000,70.00,342.76
3.2100,IMM-UKF,jink,0.500,4.00,0.050,1,0.600,1,6.1581,8.8941,2.7360,2.2171,0.3012,0.1722,0.0415,6.0000,6.4233,0.9841,162.2401,0.6112,38.3908,-30.5061,18.9349,-41.1986,18.8090,-41.0453,16.7106,-14.8431,23.3123,-7.8213,-19.4559,-10.6925,-19.5818,-10.5391,-21.6802,15.6630,12,0.3100,12,0,0.9855,0.0138,0.0007,-2.7852,-1.1667,-0.9082,4.8393,3.5470,0.0000,1,0.2710,0.0466,2.8997,-0.0015,1.000,70.00,342.76
3.2200,IMM-UKF,jink,0.500,4.00,0.050,1,0.600,1,6.2274,9.0081,2.7807,2.2520,0.3012,0.1722,0.0389,6.0000,6.4233,0.9826,162.3020,0.6122,38.7067,-30.0267,18.9349,-41.1986,18.8090,-41.0453,17.0038,-14.4598,23.5136,-7.4516,-19.7718,-11.1720,-19.8977,-11.0186,-21.7029,15.5668,12,0.3200,12,0,0.9855,0.0138,0.0007,-2.8683,-1.2795,-0.9668,4.7964,3.6048,0.0000,1,0.2710,0.0466,2.8997,-0.0015,1.000,70.00,342.76
3.2300,IMM-UKF,jink,0.500,4.00,0.050,1,0.600,1,6.2983,9.1232,2.8249,2.2875,0.3012,0.1722,0.0362,6.0000,6.4233,0.9815,162.3535,0.6130,39.0047,-29.5451,18.9349,-41.1986,18.8090,-41.0453,17.2911,-14.0634,23.7074,-7.0642,-20.0698,-11.6535,-20.1957,-11.5002,-21.7136,15.4818,12,0.3300,12,0,0.9855,0.0138,0.0007,-2.9487,-1.3887,-1.0322,4.7528,3.6621,0.0000,1,0.2710,0.0466,2.8997,-0.0015,1.000,70.00,342.76
3.2400,IMM-UKF,jink,0.500,4.00,0.050,1,0.600,1,6.3706,9.2383,2.8677,2.3238,0.3012,0.1722,0.0336,6.0000,6.4233,0.9816,162.4317,0.6132,39.2857,-29.0615,18.9349,-41.1986,18.8090,-41.0453,17.5708,-13.6485,23.8919,-6.6499,-20.3508,-12.1372,-20.4767,-11.9838,-21.7149,15.4130,12,0.3400,12,0,0.9855,0.0138,0.0007,-3.0250,-1.4930,-1.1069,4.7085,3.7189,0.0000,1,0.2710,0.0466,2.8997,-0.0015,1.000,70.00,342.76
3.2500,IMM-UKF,jink,0.500,4.00,0.050,1,0.600,1,6.4442,7.4262,0.9819,1.5307,0.3220,0.1730,0.0104,6.0000,5.3997,1.8799,54.8213,0.6120,39.5514,-28.5756,38.0564,-30.9832,37.9520,-30.6818,30.7070,-24.1243,41.6509,-15.2330,-1.4949,-2.4076,-1.5994,-2.1062,-8.8444,4.4513,13,0.0500,13,0,0.9510,0.0412,0.0079,-3.0947,-1.5897,-1.1956,4.6635,3.7751,0.0000,1,0.2710,0.0466,3.1985,-0.0015,1.000,70.00,342.76
3.2600,IMM-UKF,jink,0.500,4.00,0.050,1,0.600,1,6.5189,7.4992,0.9803,1.5502,0.3220,0.1730,0.0079,6.0000,5.3997,1.8827,53.9970,0.6105,39.8008,-28.0870,38.0564,-30.9832,37.9520,-30.6818,31.0544,-23.8042,41.7500,-14.7375,-1.7443,-2.8962,-1.8488,-2.5948,-8.7463,4.2829,13,0.0600,13,0,0.9510,0.0412,0.0079,-3.1517,-1.6719,-1.3063,4.6179,3.8308,0.0000,1,0.2710,0.0466,3.1985,-0.0015,1.000,70.00,342.76
3.2700,IMM-UKF,jink,0.500,4.00,0.050,1,0.600,1,6.5940,7.5697,0.9757,1.5702,0.3220,0.1730,0.0055,6.0000,5.3997,1.8845,53.2174,0.6094,40.0335,-27.5954,38.0564,-30.9832,37.9520,-30.6818,31.3897,-23.4611,41.8456,-14.1783,-1.9771,-3.3878,-2.0816,-3.0864,-8.6438,4.1343,13,0.0700,13,0,0.9510,0.0412,0.0079,-3.1790,-1.7207,-1.4502,4.5716,3.8859,0.0000,1,0.2710,0.0466,3.1985,-0.0015,1.000,70.00,342.76
3.2800,IMM-UKF,jink,0.500,4.00,0.050,1,0.600,1,6.6686,7.6323,0.9637,1.5909,0.3220,0.1730,0.0033,6.0000,5.3997,1.8848,52.4723,0.6089,40.2499,-27.1034,38.0564,-30.9832,37.9520,-30.6818,31.7046,-23.1134,41.9386,-13.6250,-2.1935,-3.8798,-2.2979,-3.5784,-8.5453,3.9900,13,0.0800,13,0,0.9510,0.0412,0.0079,-3.1368,-1.6919,-1.6151,4.5246,3.9405,0.0000,1,0.2710,0.0466,3.1985,-0.0015,1.000,70.00,342.76
3.2900,IMM-UKF,jink,0.500,4.00,0.050,1,0.600,1,6.7419,7.6860,0.9441,1.6120,0.3220,0.1730,0.0011,6.0000,5.3997,1.8852,51.6614,0.6083,40.4513,-26.6190,38.0564,-30.9832,37.9520,-30.6818,31.9957,-22.8109,42.0303,-13.2786,-2.3949,-4.3642,-2.4994,-4.0628,-8.4556,3.8081,13,0.0900,13,0,0.9510,0.0412,0.0079,-3.0223,-1.5824,-1.7291,4.4770,3.9945,0.0000,1,0.2710,0.0466,3.1985,-0.0015,1.000,70.00,342.76
3.3000,IMM-UKF,jink,0.500,4.00,0.050,1,0.600,1,6.8139,7.7351,0.9213,1.6336,0.3220,0.1730,0.0012,6.0000,5.3997,1.8857,50.7708,0.6076,40.6385,-26.1475,38.0564,-30.9832,37.9520,-30.6818,32.2702,-22.5561,42.1218,-13.1186,-2.5821,-4.8357,-2.6866,-4.5342,-8.3684,3.5914,13,0.1000,13,0,0.9510,0.0412,0.0079,-2.8824,-1.4444,-1.7855,4.4288,4.0480,0.0000,1,0.2710,0.0466,3.1985,-0.0015,1.000,70.00,342.76
3.3100,IMM-UKF,jink,0.500,4.00,0.050,1,0.600,1,6.8845,7.7810,0.8966,1.6556,0.3220,0.1730,0.0036,6.0000,5.3997,1.8863,49.8380,0.6069,40.8123,-25.6912,38.0564,-30.9832,37.9520,-30.6818,32.5320,-22.3356,42.2132,-13.0643,-2.7559,-5.2920,-2.8604,-4.9906,-8.2803,3.3555,13,0.1100,13,0,0.9510,0.0412,0.0079,-2.7364,-1.2995,-1.8081,4.3799,4.1008,0.0000,1,0.2710,0.0466,3.1985,-0.0015,1.000,70.00,342.76
3.3200,IMM-UKF,jink,0.500,4.00,0.050,1,0.600,1,6.9537,7.8241,0.8704,1.6781,0.3220,0.1730,0.0059,6.0000,5.3997,1.8871,48.8870,0.6060,40.9734,-25.2508,38.0564,-30.9832,37.9520,-30.6818,32.7829,-22.1421,42.3049,-13.0735,-2.9170,-5.7325,-3.0214,-5.4310,-8.1905,3.1086,13,0.1200,13,0,0.9510,0.0412,0.0079,-2.5896,-1.1534,-1.8108,4.3303,4.1531,0.0000,1,0.2710,0.0466,3.1985,-0.0015,1.000,70.00,342.76
3.3300,IMM-UKF,jink,0.500,4.00,0.050,1,0.600,1,7.0216,7.8643,0.8427,1.7012,0.3220,0.1730,0.0083,6.0000,5.3997,1.8880,47.9314,0.6050,41.1224,-24.8265,38.0564,-30.9832,37.9520,-30.6818,33.0239,-21.9718,42.3970,-13.1259,-3.0660,-6.1567,-3.1705,-5.8553,-8.0985,2.8547,13,0.1300,13,0,0.9510,0.0412,0.0079,-2.4436,-1.0080,-1.8011,4.2802,4.2047,0.0000,1,0.2710,0.0466,3.1985,-0.0015,1.000,70.00,342.76
3.3400,IMM-UKF,jink,0.500,4.00,0.050,1,0.600,1,7.0882,7.9017,0.8135,1.7249,0.3220,0.1730,0.0107,6.0000,5.3997,1.8890,46.9797,0.6040,41.2600,-24.4182,38.0564,-30.9832,37.9520,-30.6818,33.2558,-21.8225,42.4895,-13.2102,-3.2036,-6.5650,-3.3081,-6.2635,-8.0042,2.5958,13,0.1400,13,0,0.9510,0.0412,0.0079,-2.2991,-0.8639,-1.7828,4.2294,4.2558,0.0000,1,0.2710,0.0466,3.1985,-0.0015,1.000,70.00,342.76
3.3500,IMM-UKF,jink,0.500,4.00,0.050,1,0.600,1,7.1535,7.9363,0.7828,1.7491,0.3220,0.1730,0.0132,6.0000,5.3997,1.8901,46.0380,0.6028,41.3868,-24.0258,38.0564,-30.9832,37.9520,-30.6818,33.4793,-21.6927,42.5826,-13.3200,-3.3303,-6.9574,-3.4348,-6.6560,-7.9075,2.3331,13,0.1500,13,0,0.9510,0.0412,0.0079,-2.1561,-0.7212,-1.7584,4.1781,4.3063,0.0000,1,0.2710,0.0466,3.1985,-0.0015,1.000,70.00,342.76
3.3600,IMM-UKF,jink,0.500,4.00,0.050,1,0.600,1,7.2174,7.9682,0.7507,1.7740,0.3220,0.1730,0.0157,6.0000,5.3997,1.8912,45.1111,0.6016,41.5032,-23.6487,38.0564,-30.9832,37.9520,-30.6818,33.6949,-21.5813,42.6765,-13.4513,-3.4467,-7.3345,-3.5512,-7.0331,-7.8082,2.0674,13,0.1600,13,0,0.9510,0.0412,0.0079,-2.0148,-0.5801,-1.7296,4.1261,4.3561,0.0000,1,0.2710,0.0466,3.1985,-0.0015,1.000,70.00,342.76
3.3700,IMM-UKF,jink,0.500,4.00,0.050,1,0.600,1,7.2801,7.9973,0.7172,1.7994,0.3220,0.1730,0.0182,6.0000,5.3997,1.8925,44.2034,0.6003,41.6097,-23.2867,38.0564,-30.9832,37.9520,-30.6818,33.9033,-21.4876,42.7714,-13.6013,-3.5533,-7.6966,-3.6577,-7.3951,-7.7064,1.7991,13,0.1700,13,0,0.9510,0.0412,0.0079,-1.8752,-0.4405,-1.6973,4.0735,4.4053,0.0000,1,0.2710,0.0466,3.1985,-0.0015,1.000,70.00,342.76
3.3800,IMM-UKF,jink,0.500,4.00,0.050,1,0.600,1,7.3413,8.0237,0.6823,1.8255,0.3220,0.1730,0.0184,6.0000,5.3997,1.9109,43.3742,0.5938,41.7171,-22.9391,38.0564,-30.9832,37.9520,-30.6818,34.1050,-21.4108,42.8673,-13.7682,-3.6606,-8.0441,-3.7651,-7.7427,-7.6121,1.5283,13,0.1800,13,0,0.9510,0.0412,0.0079,-1.7373,-0.3024,-1.6625,4.0204,4.4538,0.0000,1,0.2710,0.0466,3.1985,-0.0015,1.000,70.00,342.76
3.3900,IMM-UKF,jink,0.500,4.00,0.050,1,0.600,1,7.4013,8.0474,0.6461,1.8521,0.3220,0.1730,0.0184,6.0000,5.3997,1.9326,42.5751,0.5917,41.8158,-22.6059,38.0564,-30.9832,37.9520,-30.6818,34.3004,-21.3505,42.9646,-13.9508,-3.7593,-8.3773,-3.8638,-8.0759,-7.5154,1.2554,13,0.1900,13,0,0.9510,0.0412,0.0079,-1.6011,-0.1657,-1.6255,3.9666,4.5018,0.0000,1,0.2710,0.0466,3.1985,-0.0015,1.000,70.00,342.76
3.4000,IMM-UKF,jink,0.500,4.00,0.050,1,0.600,1,7.4598,8.0684,0.6086,1.8794,0.3220,0.1730,0.0180,6.0000,5.3997,1.9523,41.7963,0.5932,41.9038,-22.2865,38.0564,-30.9832,37.9520,-30.6818,34.4900,-21.3060,43.0633,-14.1480,-3.8473,-8.6968,-3.9518,-8.3953,-7.4138,0.9805,13,0.2000,13,0,0.9510,0.0412,0.0079,-1.4665,-0.0305,-1.5869,3.9123,4.5490,0.0000,1,0.2710,0.0466,3.1985,-0.0015,1.000,70.00,342.76
3.4100,IMM-UKF,jink,0.500,4.00,0.050,1,0.600,1,7.5170,8.0868,0.5698,1.9074,0.3220,0.1730,0.0156,6.0000,5.3997,1.9543,41.0036,0.5900,41.9745,-21.9802,38.0564,-30.9832,37.9520,-30.6818,34.6743,-21.2770,43.1636,-14.3593,-3.9180,-9.0030,-4.0225,-8.7016,-7.3002,0.7032,13,0.2100,13,0,0.9510,0.0412,0.0079,-1.3335,0.1033,-1.5470,3.8575,4.5957,0.0000,1,0.2710,0.0466,3.1985,-0.0015,1.000,70.00,342.76
3.4200,IMM-UKF,jink,0.500,4.00,0.050,1,0.600,1,7.5728,8.1027,0.5298,1.9359,0.3220,0.1730,0.0133,6.0000,5.3997,1.9562,40.2502,0.5868,42.0372,-21.6868,38.0564,-30.9832,37.9520,-30.6818,34.8536,-21.2631,43.2657,-14.5841,-3.9808,-9.2964,-4.0853,-8.9950,-7.1837,0.4237,13,0.2200,13,0,0.9510,0.0412,0.0079,-1.2021,0.2358,-1.5061,3.8020,4.6416,0.0000,1,0.2710,0.0466,3.1985,-0.0015,1.000,70.00,342.76
3.4300,IMM-UKF,jink,0.500,4.00,0.050,1,0.600,1,7.6273,8.1159,0.4887,1.9651,0.3220,0.1730,0.0111,6.0000,5.3997,1.9580,39.5412,0.5838,42.0923,-21.4057,38.0564,-30.9832,37.9520,-30.6818,35.0284,-21.2639,43.3698,-14.8222,-4.0359,-9.5775,-4.1404,-9.2761,-7.0640,0.1418,13,0.2300,13,0,0.9510,0.0412,0.0079,-1.0724,0.3669,-1.4643,3.7461,4.6869,0.0000,1,0.2710,0.0466,3.1985,-0.0015,1.000,70.00,342.76
3.4400,IMM-UKF,jink,0.500,4.00,0.050,1,0.600,1,7.6803,8.1267,0.4464,1.9949,0.3220,0.1730,0.0089,6.0000,5.3997,1.9598,38.8815,0.5809,42.1401,-21.1366,38.0564,-30.9832,37.9520,-30.6818,35.1990,-21.2792,43.4762,-15.0733,-4.0837,-9.8466,-4.1881,-9.5452,-6.9411,-0.1426,13,0.2400,13,0,0.9510,0.0412,0.0079,-0.9442,0.4968,-1.4219,3.6895,4.7315,0.0000,1,0.2710,0.0466,3.1985,-0.0015,1.000,70.00,342.76
3.4500,IMM-UKF,jink,0.500,4.00,0.050,1,0.600,1,7.7319,8.1349,0.4031,2.0254,0.3220,0.1730,0.0068,6.0000,5.3997,1.9615,38.2766,0.5780,42.1807,-20.8791,38.0564,-30.9832,37.9520,-30.6818,35.3658,-21.3087,43.5850,-15.3372,-4.1243,-10.1041,-4.2288,-9.8027,-6.8149,-0.4296,13,0.2500,13,0,0.9510,0.0412,0.0079,-0.8176,0.6254,-1.3789,3.6325,4.7754,0.0000,1,0.2710,0.0466,3.1985,-0.0015,1.000,70.00,342.76
3.4600,IMM-UKF,jink,0.500,4.00,0.050,1,0.600,1,7.7820,8.1407,0.3587,2.0565,0.3220,0.1730,0.0047,6.0000,5.3997,1.9632,37.7323,0.5752,42.2144,-20.6328,38.0564,-30.9832,37.9520,-30.6818,35.5291,-21.3522,43.6964,-15.6140,-4.1580,-10.3505,-4.2625,-10.0490,-6.6853,-0.7194,13,0.2600,13,0,0.9510,0.0412,0.0079,-0.6925,0.7528,-1.3355,3.5749,4.8187,0.0000,1,0.2710,0.0466,3.1985,-0.0015,1.000,70.00,342.76
3.4700,IMM-UKF,jink,0.500,4.00,0.050,1,0.600,1,7.8308,8.1441,0.3133,2.0882,0.3220,0.1730,0.0028,6.0000,5.3997,1.9648,37.2545,0.5726,42.2415,-20.3973,38.0564,-30.9832,37.9520,-30.6818,35.6894,-21.4094,43.8106,-15.9035,-4.1851,-10.5859,-4.2896,-10.2845,-6.5522,-1.0121,13,0.2700,13,0,0.9510,0.0412,0.0079,-0.5690,0.8790,-1.2918,3.5169,4.8612,0.0000,1,0.2710,0.0466,3.1985,-0.0015,1.000,70.00,342.76
3.4800,IMM-UKF,jink,0.500,4.00,0.050,1,0.600,1,7.8781,8.1452,0.2670,2.1205,0.3220,0.1730,0.0009,6.0000,5.3997,1.9663,36.8496,0.5700,42.2622,-20.1723,38.0564,-30.9832,37.9520,-30.6818,35.8468,-21.4802,43.9280,-16.2059,-4.2058,-10.8109,-4.3102,-10.5094,-6.4154,-1.3079,13,0.2800,13,0,0.9510,0.0412,0.0079,-0.4470,1.0040,-1.2479,3.4583,4.9031,0.0000,1,0.2894,0.0598,3.1985,-0.0015,1.000,70.00,342.76
3.4900,IMM-UKF,jink,0.500,4.00,0.050,1,0.600,1,7.9240,8.1439,0.2199,2.1535,0.3220,0.1730,0.0010,6.0000,5.3997,1.9678,36.5240,0.5675,42.2766,-19.9576,38.0564,-30.9832,37.9520,-30.6818,36.0017,-21.5645,44.0487,-16.5213,-4.2202,-11.0256,-4.3246,-10.7242,-6.2749,-1.6069,13,0.2900,13,0,0.9510,0.0412,0.0079,-0.3265,1.1279,-1.2039,3.3992,4.9442,0.0000,1,0.2894,0.0598,3.1985,-0.0015,1.000,70.00,342.76
3.5000,IMM-UKF,jink,0.500,4.00,0.050,1,0.600,1,7.9684,8.1403,0.1719,2.1870,0.3220,0.1730,0.0027,6.0000,5.3997,1.9692,36.2841,0.5651,42.2849,-19.7527,38.0564,-30.9832,37.9520,-30.6818,36.1545,-21.6620,44.1731,-16.8497,-4.2285,-11.2306,-4.3330,-10.9291,-6.1305,-1.9094,13,0.3000,13,0,0.9510,0.0412,0.0079,-0.2074,1.2507,-1.1597,3.3396,4.9847,0.0000,1,0.2894,0.0598,3.1985,-0.0015,1.000,70.00,342.76
3.5100,IMM-UKF,jink,0.500,4.00,0.050,1,0.600,1,8.0114,8.1345,0.1231,2.2212,0.3220,0.1730,0.0044,6.0000,5.3997,1.9705,36.1364,0.5628,42.2874,-19.5573,38.0564,-30.9832,37.9520,-30.6818,36.3053,-21.7728,44.3013,-17.1912,-4.2309,-11.4259,-4.3354,-11.1245,-5.9820,-2.2155,13,0.3100,13,0,0.9510,0.0412,0.0079,-0.0899,1.3724,-1.1156,3.2796,5.0244,0.0000,1,0.2894,0.0598,3.1985,-0.0015,1.000,70.00,342.76
3.5200,IMM-UKF,jink,0.500,4.00,0.050,1,0.600,1,8.0530,8.1265,0.0735,2.2560,0.3220,0.1730,0.0061,6.0000,5.3997,1.9718,36.0871,0.5606,42.2840,-19.3713,38.0564,-30.9832,37.9520,-30.6818,36.4547,-21.8967,44.4337,-17.5462,-4.2276,-11.6119,-4.3321,-11.3105,-5.8294,-2.5254,13,0.3200,13,0,0.9510,0.0412,0.0079,0.0261,1.4931,-1.0714,3.2190,5.0634,0.0000,1,0.2894,0.0598,3.1985,-0.0015,1.000,70.00,342.76
3.5300,IMM-UKF,jink,0.500,4.00,0.050,1,0.600,1,8.0931,8.1164,0.0233,2.2913,0.3220,0.1730,0.0078,6.0000,5.3997,1.9740,36.1446,0.5587,42.2757,-19.1943,38.0564,-30.9832,37.9520,-30.6818,36.6027,-22.0337,44.5706,-17.9147,-4.2192,-11.7890,-4.3237,-11.4875,-5.6730,-2.8394,13,0.3300,13,0,0.9510,0.0412,0.0079,0.1407,1.6126,-1.0273,3.1580,5.1016,0.0000,1,0.2894,0.0598,3.1985,-0.0015,1.000,70.00,342.76
3.5400,IMM-UKF,jink,0.500,4.00,0.050,1,0.600,1,8.1317,8.2950,0.1633,1.6111,0.3310,0.1661,0.0006,6.0000,6.0855,2.9362,13.6040,0.5572,42.2622,-19.0260,42.2622,-20.1723,42.0418,-19.7293,40.2059,-17.8596,49.7351,-10.6864,-0.0001,-1.1464,-0.2204,-0.7033,-2.0564,1.1664,14,0.0600,14,0,0.9731,0.0257,0.0012,0.2538,1.7312,-0.9833,3.0966,5.1392,0.0000,1,0.2894,0.0598,3.4785,-0.0015,1.000,70.00,342.76
3.5500,IMM-UKF,jink,0.500,4.00,0.050,1,0.600,1,8.1689,8.3200,0.1511,1.6300,0.3310,0.1661,0.0023,6.0000,6.0855,2.9394,12.2745,0.5557,42.2435,-18.8663,42.2622,-20.1723,42.0418,-19.7293,40.4423,-17.7340,49.9416,-10.8021,0.0187,-1.3061,-0.2016,-0.8630,-1.8011,1.1323,14,0.0700,14,0,0.9731,0.0257,0.0012,0.3655,1.8488,-0.9394,3.0347,5.1760,0.0000,1,0.2894,0.0598,3.4785,-0.0015,1.000,70.00,342.76
3.5600,IMM-UKF,jink,0.500,4.00,0.050,1,0.600,1,8.2046,8.3425,0.1379,1.6494,0.3310,0.1661,0.0041,6.0000,6.0855,2.9431,10.9477,0.5529,42.2192,-18.7150,42.2622,-20.1723,42.0418,-19.7293,40.6761,-17.6209,50.1527,-10.9252,0.0430,-1.4573,-0.1774,-1.0143,-1.5431,1.0941,14,0.0800,14,0,0.9731,0.0257,0.0012,0.4757,1.9654,-0.8956,2.9724,5.2120,0.0000,1,0.2894,0.0598,3.4785,-0.0015,1.000,70.00,342.76
3.5700,IMM-UKF,jink,0.500,4.00,0.050,1,0.600,1,8.2389,8.3625,0.1237,1.6693,0.3310,0.1661,0.0059,6.0000,6.0855,2.9463,9.6324,0.5484,42.1892,-18.5720,42.2622,-20.1723,42.0418,-19.7293,40.9077,-17.5201,50.3687,-11.0561,0.0730,-1.6003,-0.1474,-1.1572,-1.2815,1.0519,14,0.0900,14,0,0.9731,0.0257,0.0012,0.5845,2.0810,-0.8520,2.9096,5.2473,0.0000,1,0.2894,0.0598,3.4785,-0.0015,1.000,70.00,342.76
3.5800,IMM-UKF,jink,0.500,4.00,0.050,1,0.600,1,8.2717,8.3801,0.1084,1.6896,0.3310,0.1661,0.0077,6.0000,6.0855,2.9493,8.3494,0.5442,42.1542,-18.4369,42.2622,-20.1723,42.0418,-19.7293,41.1374,-17.4312,50.5899,-11.1945,0.1080,-1.7355,-0.1123,-1.2924,-1.0168,1.0056,14,0.1000,14,0,0.9731,0.0257,0.0012,0.6919,2.1957,-0.8086,2.8464,5.2818,0.0000,1,0.2894,0.0598,3.4785,-0.0015,1.000,70.00,342.76
3.5900,IMM-UKF,jink,0.500,4.00,0.050,1,0.600,1,8.3031,8.3952,0.0922,1.7105,0.3310,0.1661,0.0094,6.0000,6.0855,2.9520,7.1315,0.5402,42.1142,-18.3094,42.2622,-20.1723,42.0418,-19.7293,41.3655,-17.3540,50.8165,-11.3406,0.1480,-1.8630,-0.0724,-1.4199,-0.7487,0.9554,14,0.1100,14,0,0.9731,0.0257,0.0012,0.7979,2.3095,-0.7654,2.7829,5.3156,0.0000,1,0.2894,0.0598,3.4785,-0.0015,1.000,70.00,342.76
3.6000,IMM-UKF,jink,0.500,4.00,0.050,1,0.600,1,8.3330,8.4079,0.0750,1.7319,0.3310,0.1661,0.0111,6.0000,6.0855,2.9546,6.0376,0.5364,42.0694,-18.1893,42.2622,-20.1723,42.0418,-19.7293,41.5925,-17.2881,51.0489,-11.4944,0.1928,-1.9831,-0.0276,-1.5400,-0.4769,0.9011,14,0.1200,14,0,0.9731,0.0257,0.0012,0.9025,2.4224,-0.7225,2.7189,5.3486,0.0000,1,0.2894,0.0598,3.4785,-0.0015,1.000,70.00,342.76
3.6100,IMM-UKF,jink,0.500,4.00,0.050,1,0.600,1,8.3614,8.4183,0.0569,1.7539,0.3310,0.1661,0.0128,6.0000,6.0855,2.9571,5.1728,0.5329,42.0199,-18.0765,42.2622,-20.1723,42.0418,-19.7293,41.8187,-17.2334,51.2873,-11.6559,0.2423,-2.0959,0.0219,-1.6528,-0.2012,0.8431,14,0.1300,14,0,0.9731,0.0257,0.0012,1.0056,2.5344,-0.6798,2.6545,5.3809,0.0000,1,0.2894,0.0598,3.4785,-0.0015,1.000,70.00,342.76
3.6200,IMM-UKF,jink,0.500,4.00,0.050,1,0.600,1,8.3884,8.4263,0.0379,1.7765,0.3310,0.1661,0.0143,6.0000,6.0855,2.9593,4.6956,0.5295,41.9657,-17.9707,42.2622,-20.1723,42.0418,-19.7293,42.0445,-17.1895,51.5321,-11.8253,0.2965,-2.2016,0.0761,-1.7586,0.0788,0.7813,14,0.1400,14,0,0.9731,0.0257,0.0012,1.1074,2.6455,-0.6373,2.5897,5.4123,0.0000,1,0.2894,0.0598,3.4785,-0.0015,1.000,70.00,342.76
3.6300,IMM-UKF,jink,0.500,4.00,0.050,1,0.600,1,8.4139,8.4321,0.0181,1.7996,0.3310,0.1661,0.0158,6.0000,6.0855,2.9614,4.7569,0.5263,41.9069,-17.8719,42.2622,-20.1723,42.0418,-19.7293,42.2701,-17.1562,51.7836,-12.0025,0.3553,-2.3004,0.1349,-1.8574,0.3632,0.7157,14,0.1500,14,0,0.9731,0.0257,0.0012,1.2078,2.7558,-0.5951,2.5246,5.4430,0.0000,1,0.2894,0.0598,3.4785,-0.0015,1.000,70.00,342.76
3.6400,IMM-UKF,jink,0.500,4.00,0.050,1,0.600,1,8.4380,8.4356,-0.0025,1.8233,0.3310,0.1661,0.0173,6.0000,6.0855,2.9633,5.3685,0.5234,41.8436,-17.7799,42.2622,-20.1723,42.0418,-19.7293,42.4959,-17.1334,52.0420,-12.1877,0.4186,-2.3924,0.1982,-1.9494,0.6523,0.6465,14,0.1600,14,0,0.9731,0.0257,0.0012,1.3068,2.8652,-0.5532,2.4591,5.4729,0.0000,1,0.2894,0.0598,3.4785,-0.0015,1.000,70.00,342.76
3.6500,IMM-UKF,jink,0.500,4.00,0.050,1,0.600,1,8.4607,8.4368,-0.0239,1.8476,0.3310,0.1661,0.0187,6.0000,6.0855,2.9650,6.4012,0.5206,41.7758,-17.6945,42.2622,-20.1723,42.0418,-19.7293,42.7222,-17.1208,52.3079,-12.3808,0.4864,-2.4778,0.2660,-2.0348,0.9464,0.5737,14,0.1700,14,0,0.9731,0.0257,0.0012,1.4044,2.9738,-0.5115,2.3933,5.5020,0.0000,1,0.2894,0.0598,3.4785,-0.0015,1.000,70.00,342.76
3.6600,IMM-UKF,jink,0.500,4.00,0.050,1,0.600,1,8.4819,8.4359,-0.0460,1.8725,0.3310,0.1661,0.0201,6.0000,6.0855,2.9666,7.7114,0.5180,41.7036,-17.6156,42.2622,-20.1723,42.0418,-19.7293,42.9494,-17.1184,52.5816,-12.5821,0.5586,-2.5567,0.3383,-2.1137,1.2458,0.4972,14,0.1800,14,0,0.9731,0.0257,0.0012,1.5007,3.0816,-0.4702,2.3271,5.5304,0.0000,1,0.2894,0.0598,3.4785,-0.0015,1.000,70.00,342.76
3.6700,IMM-UKF,jink,0.500,4.00,0.050,1,0.600,1,8.5017,8.4329,-0.0688,1.8980,0.3310,0.1661,0.0214,6.0000,6.0855,2.9680,9.2031,0.5157,41.6270,-17.5431,42.2622,-20.1723,42.0418,-19.7293,43.1778,-17.1259,52.8633,-12.7916,0.6352,-2.6292,0.4149,-2.1862,1.5508,0.4173,14,0.1900,14,0,0.9731,0.0257,0.0012,1.5956,3.1887,-0.4292,2.2605,5.5579,0.0000,1,0.2894,0.0598,3.4785,-0.0015,1.000,70.00,342.76
3.6800,IMM-UKF,jink,0.500,4.00,0.050,1,0.600,1,8.5200,8.4277,-0.0923,1.9242,0.3310,0.1661,0.0227,6.0000,6.0855,2.9693,10.8213,0.5135,41.5461,-17.4769,42.2622,-20.1723,42.0418,-19.7293,43.4076,-17.1432,53.1536,-13.0093,0.7161,-2.6955,0.4958,-2.2524,1.8615,0.3337,14,0.2000,14,0,0.9731,0.0257,0.0012,1.6891,3.2949,-0.3884,2.1937,5.5846,0.0000,1,0.2894,0.0598,3.4785,-0.0015,1.000,70.00,342.76
3.6900,IMM-UKF,jink,0.500,4.00,0.050,1,0.600,1,8.5369,8.4205,-0.1164,1.9510,0.3310,0.1661,0.0239,6.0000,6.0855,2.9704,12.5354,0.5115,41.4608,-17.4168,42.2622,-20.1723,42.0418,-19.7293,43.6392,-17.1701,53.4529,-13.2355,0.8014,-2.7556,0.5810,-2.3125,2.1784,0.2467,14,0.2100,14,0,0.9731,0.0257,0.0012,1.7813,3.4004,-0.3480,2.1265,5.6105,0.0000,1,0.2894,0.0598,3.4785,-0.0015,1.000,70.00,342.76
3.7000,IMM-UKF,jink,0.500,4.00,0.050,1,0.600,1,8.5524,8.4113,-0.1411,1.9783,0.3310,0.1661,0.0251,6.0000,6.0855,2.9713,14.3284,0.5096,41.3714,-17.3627,42.2622,-20.1723,42.0418,-19.7293,43.8730,-17.2066,53.7616,-13.4701,0.8908,-2.8096,0.6705,-2.3666,2.5017,0.1561,14,0.2200,14,0,0.9731,0.0257,0.0012,1.8721,3.5052,-0.3079,2.0590,5.6356,0.0000,1,0.2894,0.0598,3.4785,-0.0015,1.000,70.00,342.76
3.7100,IMM-UKF,jink,0.500,4.00,0.050,1,0.600,1,8.5665,8.4001,-0.1664,2.0064,0.3310,0.1661,0.0262,6.0000,6.0855,2.9721,16.1904,0.5079,41.2777,-17.3146,42.2622,-20.1723,42.0418,-19.7293,44.1093,-17.2526,54.0800,-13.7132,0.9845,-2.8578,0.7641,-2.4147,2.8316,0.0620,14,0.2300,14,0,0.9731,0.0257,0.0012,1.9616,3.6092,-0.2682,1.9912,5.6599,0.0000,1,0.2894,0.0598,3.4785,-0.0015,1.000,70.00,342.76
3.7200,IMM-UKF,jink,0.500,4.00,0.050,1,0.600,1,8.5792,8.3870,-0.1922,2.0350,0.3310,0.1661,0.0273,6.0000,6.0855,2.9728,18.1159,0.5065,41.1798,-17.2723,42.2622,-20.1723,42.0418,-19.7293,44.3483,-17.3079,54.4088,-13.9651,1.0824,-2.9001,0.8620,-2.4570,3.1685,-0.0356,14,0.2400,14,0,0.9731,0.0257,0.0012,2.0498,3.7125,-0.2288,1.9232,5.6834,0.0000,1,0.2894,0.0598,3.4785,-0.0015,1.000,70.00,342.76
3.7300,IMM-UKF,jink,0.500,4.00,0.050,1,0.600,1,8.5904,8.3720,-0.2185,2.0643,0.3310,0.1661,0.0283,6.0000,6.0855,2.9733,20.1018,0.5052,41.0778,-17.2357,42.2622,-20.1723,42.0418,-19.7293,44.5904,-17.3725,54.7484,-14.2257,1.1844,-2.9366,0.9641,-2.4935,3.5126,-0.1368,14,0.2500,14,0,0.9731,0.0257,0.0012,2.1366,3.8151,-0.1897,1.8548,5.7061,0.0000,1,0.2894,0.0598,3.4785,-0.0015,1.000,70.00,342.76
3.7400,IMM-UKF,jink,0.500,4.00,0.050,1,0.600,1,8.6003,8.3551,-0.2452,2.0942,0.3310,0.1661,0.0293,6.0000,6.0855,2.9736,22.1465,0.5041,40.9716,-17.2049,42.2622,-20.1723,42.0418,-19.7293,44.8360,-17.4464,55.0993,-14.4952,1.2906,-2.9675,1.0703,-2.5244,3.8644,-0.2415,14,0.2600,14,0,0.9731,0.0257,0.0012,2.2221,3.9171,-0.1509,1.7862,5.7279,0.0000,1,0.2894,0.0598,3.4785,-0.0015,1.000,70.00,342.76
3.7500,IMM-UKF,jink,0.500,4.00,0.050,1,0.600,1,8.6088,8.3364,-0.2723,2.1247,0.3310,0.1661,0.0302,6.0000,6.0855,2.9738,24.2494,0.5031,40.8613,-17.1796,42.2622,-20.1723,42.0418,-19.7293,45.0854,-17.5293,55.4620,-14.7737,1.4009,-2.9927,1.1806,-2.5496,4.2241,-0.3497,14,0.2700,14,0,0.9731,0.0257,0.0012,2.3062,4.0183,-0.1125,1.7174,5.7490,0.0000,1,0.2894,0.0598,3.4785,-0.0015,1.000,70.00,342.76
3.7600,IMM-UKF,jink,0.500,4.00,0.050,1,0.600,1,8.6159,8.3160,-0.2998,2.1558,0.3310,0.1661,0.0311,6.0000,6.0855,2.9739,26.4111,0.5023,40.7468,-17.1599,42.2622,-20.1723,42.0418,-19.7293,45.3389,-17.6214,55.8371,-15.0613,1.5154,-3.0124,1.2950,-2.5694,4.5920,-0.4615,14,0.2800,14,0,0.9731,0.0257,0.0012,2.3891,4.1189,-0.0744,1.6483,5.7692,0.0000,1,0.2894,0.0598,3.4785,-0.0015,1.000,70.00,342.76
3.7700,IMM-UKF,jink,0.500,4.00,0.050,1,0.600,1,8.6216,8.2939,-0.3277,2.1876,0.3310,0.1661,0.0320,6.0000,6.0855,2.9738,28.6320,0.5017,40.6283,-17.1457,42.2622,-20.1723,42.0418,-19.7293,45.5969,-17.7226,56.2252,-15.3580,1.6339,-3.0267,1.4135,-2.5836,4.9686,-0.5769,14,0.2900,14,0,0.9731,0.0257,0.0012,2.4706,4.2189,-0.0367,1.5789,5.7885,0.0000,1,0.2633,0.0505,3.4785,-0.0001,1.000,70.00,342.76
3.7800,IMM-UKF,jink,0.500,4.00,0.050,1,0.600,1,8.6259,8.2701,-0.3558,2.2199,0.3310,0.1661,0.0328,6.0000,6.0855,2.9736,30.9134,0.5012,40.5057,-17.1369,42.2622,-20.1723,42.0418,-19.7293,45.8597,-17.8328,56.6268,-15.6641,1.7565,-3.0355,1.5362,-2.5924,5.3540,-0.6959,14,0.3000,14,0,0.9731,0.0257,0.0012,2.5508,4.3182,0.0007,1.5094,5.8071,0.0000,1,0.2633,0.0505,3.4785,-0.0001,1.000,70.00,342.76
3.7900,IMM-UKF,jink,0.500,4.00,0.050,1,0.600,1,8.6289,8.2447,-0.3842,2.2529,0.3310,0.1661,0.0336,6.0000,6.0855,2.9732,33.2567,0.5009,40.3790,-17.1334,42.2622,-20.1723,42.0418,-19.7293,46.1278,-17.9519,57.0426,-15.9795,1.8832,-3.0389,1.6629,-2.5959,5.7488,-0.8186,14,0.3100,14,0,0.9731,0.0257,0.0012,2.6297,4.4169,0.0377,1.4396,5.8247,0.0000,1,0.2633,0.0505,3.4785,-0.0001,1.000,70.00,342.76
3.8000,IMM-UKF,jink,0.500,4.00,0.050,1,0.600,1,8.6305,8.2177,-0.4128,2.2864,0.3310,0.1661,0.0343,6.0000,6.0855,2.9727,35.6636,0.5007,40.2482,-17.1353,42.2622,-20.1723,42.0418,-19.7293,46.4015,-18.0801,57.4733,-16.3044,2.0140,-3.0371,1.7937,-2.5940,6.1533,-0.9449,14,0.3200,14,0,0.9731,0.0257,0.0012,2.7073,4.5150,0.0744,1.3696,5.8416,0.0000,1,0.2633,0.0505,3.4785,-0.0001,1.000,70.00,342.76
3.8100,IMM-UKF,jink,0.500,4.00,0.050,1,0.600,1,8.6308,8.1892,-0.4415,2.3206,0.3310,0.1661,0.0350,6.0000,6.0855,2.9720,38.1359,0.5008,40.1133,-17.1424,42.2622,-20.1723,42.0418,-19.7293,46.6811,-18.2172,57.9195,-16.6388,2.1489,-3.0300,1.9286,-2.5869,6.5679,-1.0749,14,0.3300,14,0,0.9731,0.0257,0.0012,2.7836,4.6124,0.1107,1.2994,5.8576,0.0000,1,0.2633,0.0505,3.4785,-0.0001,1.000,70.00,342.76
3.8200,IMM-UKF,jink,0.500,4.00,0.050,1,0.600,1,8.6297,8.1593,-0.4704,2.3553,0.3310,0.1661,0.0357,6.0000,6.0855,2.9713,40.6757,0.5010,39.9743,-17.1547,42.2622,-20.1723,42.0418,-19.7293,46.9672,-18.3633,58.3819,-16.9828,2.2879,-3.0176,2.0676,-2.5746,6.9930,-1.2086,14,0.3400,14,0,0.9731,0.0257,0.0012,2.8586,4.7093,0.1466,1.2290,5.8728,0.0000,1,0.2633,0.0505,3.4785,-0.0001,1.000,70.00,342.76
3.8300,IMM-UKF,jink,0.500,4.00,0.050,1,0.600,1,8.6273,8.8551,0.2278,1.5164,0.3370,0.1658,0.0303,6.0000,6.3363,0.3959,17.3340,0.5013,39.8312,-17.1723,40.6283,-17.1457,40.6950,-17.1340,42.8083,-17.7344,50.1095,-17.4938,0.7971,0.0266,0.8638,0.0383,2.9772,-0.5622,15,0.0600,15,0,0.9860,0.0128,0.0011,2.9323,4.8057,0.1822,1.1584,5.8871,0.0000,1,0.2633,0.0505,3.7699,-0.0001,1.000,70.00,342.76
3.8400,IMM-UKF,jink,0.500,4.00,0.050,1,0.600,1,8.6236,8.8553,0.2318,1.5335,0.3370,0.1658,0.0309,6.0000,6.3363,0.3972,19.0591,0.5018,39.6840,-17.1950,40.6283,-17.1457,40.6950,-17.1340,42.9671,-17.7639,50.3493,-17.7294,0.9443,0.0493,1.0110,0.0610,3.2831,-0.5689,15,0.0700,15,0,0.9860,0.0128,0.0011,3.0046,4.9014,0.2175,1.0877,5.9006,0.0000,1,0.2633,0.0505,3.7699,-0.0001,1.000,70.00,342.76
3.8500,IMM-UKF,jink,0.500,4.00,0.050,1,0.600,1,8.6185,8.8536,0.2351,1.5511,0.3370,0.1658,0.0314,6.0000,6.3363,0.3983,20.8262,0.5025,39.5327,-17.2229,40.6283,-17.1457,40.6950,-17.1340,43.1279,-17.8019,50.5974,-17.9731,1.0956,0.0772,1.1624,0.0889,3.5953,-0.5790,15,0.0800,15,0,0.9860,0.0128,0.0011,3.0757,4.9966,0.2523,1.0168,5.9132,0.0000,1,0.2633,0.0505,3.7699,-0.0001,1.000,70.00,342.76
3.8600,IMM-UKF,jink,0.500,4.00,0.050,1,0.600,1,8.6122,8.8501,0.2379,1.5692,0.3370,0.1658,0.0319,6.0000,6.3363,0.3995,22.6354,0.5034,39.3772,-17.2559,40.6283,-17.1457,40.6950,-17.1340,43.2911,-17.8483,50.8542,-18.2248,1.2511,0.1102,1.3178,0.1219,3.9139,-0.5925,15,0.0900,15,0,0.9860,0.0128,0.0011,3.1455,5.0913,0.2868,0.9458,5.9250,0.0000,1,0.2633,0.0505,3.7699,-0.0001,1.000,70.00,342.76
3.8700,IMM-UKF,jink,0.500,4.00,0.050,1,0.600,1,8.6045,8.8447,0.2401,1.5878,0.3370,0.1658,0.0324,6.0000,6.3363,0.4006,24.4869,0.5044,39.2176,-17.2940,40.6283,-17.1457,40.6950,-17.1340,43.4568,-17.9031,51.1201,-18.4846,1.4107,0.1483,1.4774,0.1600,4.2393,-0.6091,15,0.1000,15,0,0.9860,0.0128,0.0011,3.2140,5.1854,0.3210,0.8746,5.9359,0.0000,1,0.2633,0.0505,3.7699,-0.0001,1.000,70.00,342.76
3.8800,IMM-UKF,jink,0.500,4.00,0.050,1,0.600,1,8.5956,8.8375,0.2419,1.6070,0.3370,0.1658,0.0329,6.0000,6.3363,0.4017,26.3819,0.5055,39.0538,-17.3372,40.6283,-17.1457,40.6950,-17.1340,43.6254,-17.9661,51.3954,-18.7526,1.5745,0.1915,1.6413,0.2032,4.5716,-0.6289,15,0.1100,15,0,0.9860,0.0128,0.0011,3.2812,5.2791,0.3547,0.8033,5.9460,0.0000,1,0.2633,0.0505,3.7699,-0.0001,1.000,70.00,342.76
3.8900,IMM-UKF,jink,0.500,4.00,0.050,1,0.600,1,8.5854,8.8285,0.2431,1.6267,0.3370,0.1658,0.0333,6.0000,6.3363,0.4028,28.3210,0.5069,38.8858,-17.3854,40.6283,-17.1457,40.6950,-17.1340,43.7971,-18.0372,51.6808,-19.0287,1.7425,0.2398,1.8093,0.2515,4.9113,-0.6517,15,0.1200,15,0,0.9860,0.0128,0.0011,3.3471,5.3722,0.3881,0.7319,5.9552,0.0000,1,0.2633,0.0505,3.7699,-0.0001,1.000,70.00,342.76
3.9000,IMM-UKF,jink,0.500,4.00,0.050,1,0.600,1,8.5739,8.8179,0.2439,1.6470,0.3370,0.1658,0.0336,6.0000,6.3363,0.4039,30.3057,0.5083,38.7135,-17.4388,40.6283,-17.1457,40.6950,-17.1340,43.9721,-18.1163,51.9766,-19.3131,1.9148,0.2931,1.9815,0.3048,5.2586,-0.6775,15,0.1300,15,0,0.9860,0.0128,0.0011,3.4118,5.4648,0.4212,0.6604,5.9635,0.0000,1,0.2633,0.0505,3.7699,-0.0001,1.000,70.00,342.76
3.9100,IMM-UKF,jink,0.500,4.00,0.050,1,0.600,1,8.5612,8.8056,0.2444,1.6679,0.3370,0.1658,0.0341,6.0000,6.3363,0.4024,32.3349,0.5101,38.5374,-17.4973,40.6283,-17.1457,40.6950,-17.1340,44.1507,-18.2034,52.2833,-19.6058,2.0909,0.3516,2.1576,0.3633,5.6133,-0.7061,15,0.1400,15,0,0.9860,0.0128,0.0011,3.4751,5.5569,0.4538,0.5888,5.9710,0.0000,1,0.2633,0.0505,3.7699,-0.0001,1.000,70.00,342.76
3.9200,IMM-UKF,jink,0.500,4.00,0.050,1,0.600,1,8.5473,8.7916,0.2444,1.6894,0.3370,0.1658,0.0346,6.0000,6.3363,0.3996,34.4113,0.5120,38.3573,-17.5608,40.6283,-17.1457,40.6950,-17.1340,44.3333,-18.2984,52.6014,-19.9067,2.2710,0.4152,2.3378,0.4269,5.9760,-0.7376,15,0.1500,15,0,0.9860,0.0128,0.0011,3.5371,5.6486,0.4861,0.5171,5.9777,0.0000,1,0.2633,0.0505,3.7699,-0.0001,1.000,70.00,342.76
3.9300,IMM-UKF,jink,0.500,4.00,0.050,1,0.600,1,8.5321,8.7761,0.2440,1.7114,0.3370,0.1658,0.0351,6.0000,6.3363,0.3967,36.5379,0.5145,38.1728,-17.6294,40.6283,-17.1457,40.6950,-17.1340,44.5200,-18.4013,52.9315,-20.2159,2.4555,0.4837,2.5223,0.4955,6.3473,-0.7718,15,0.1600,15,0,0.9860,0.0128,0.0011,3.5979,5.7398,0.5180,0.4453,5.9835,0.0000,1,0.2633,0.0505,3.7699,-0.0001,1.000,70.00,342.76
3.9400,IMM-UKF,jink,0.500,4.00,0.050,1,0.600,1,8.5156,8.7590,0.2434,1.7341,0.3370,0.1658,0.0355,6.0000,6.3363,0.3938,38.7165,0.5179,37.9839,-17.7030,40.6283,-17.1457,40.6950,-17.1340,44.7113,-18.5118,53.2741,-20.5334,2.6444,0.5573,2.7111,0.5691,6.7274,-0.8088,15,0.1700,15,0,0.9860,0.0128,0.0011,3.6573,5.8305,0.5495,0.3735,5.9884,0.0000,1,0.2633,0.0505,3.7699,-0.0001,1.000,70.00,342.76
3.9500,IMM-UKF,jink,0.500,4.00,0.050,1,0.600,1,8.4980,8.7404,0.2424,1.7574,0.3370,0.1658,0.0359,6.0000,6.3363,0.3909,40.9490,0.5215,37.7906,-17.7817,40.6283,-17.1457,40.6950,-17.1340,44.9072,-18.6302,53.6298,-20.8592,2.8377,0.6360,2.9045,0.6478,7.1167,-0.8484,15,0.1800,15,0,0.9860,0.0128,0.0011,3.7155,5.9208,0.5806,0.3016,5.9924,0.0000,1,0.2633,0.0505,3.7699,-0.0001,1.000,70.00,342.76
3.9600,IMM-UKF,jink,0.500,4.00,0.050,1,0.600,1,8.4791,8.7204,0.2412,1.7813,0.3370,0.1658,0.0364,6.0000,6.3363,0.3913,43.2405,0.5250,37.5922,-17.8656,40.6283,-17.1457,40.6950,-17.1340,45.1083,-18.7561,53.9991,-21.1932,3.0361,0.7199,3.1028,0.7316,7.5161,-0.8905,15,0.1900,15,0,0.9860,0.0128,0.0011,3.7724,6.0107,0.6114,0.2297,5.9956,0.0000,1,0.2633,0.0505,3.7699,-0.0001,1.000,70.00,342.76
3.9700,IMM-UKF,jink,0.500,4.00,0.050,1,0.600,1,8.4591,8.6989,0.2398,1.8059,0.3370,0.1658,0.0370,6.0000,6.3363,0.3921,45.5901,0.5288,37.3893,-17.9546,40.6283,-17.1457,40.6950,-17.1340,45.3148,-18.8897,54.3826,-21.5354,3.2390,0.8090,3.3058,0.8207,7.9256,-0.9350,15,0.2000,15,0,0.9860,0.0128,0.0011,3.8280,6.1001,0.6417,0.1577,5.9979,0.0000,1,0.2633,0.0505,3.7699,-0.0001,1.000,70.00,342.76
3.9800,IMM-UKF,jink,0.500,4.00,0.050,1,0.600,1,8.4379,8.6761,0.2382,1.8311,0.3370,0.1658,0.0374,6.0000,6.3363,0.3931,47.9993,0.5302,37.1817,-18.0493,40.6283,-17.1457,40.6950,-17.1340,45.5270,-19.0308,54.7811,-21.8858,3.4466,0.9036,3.5133,0.9153,8.3453,-0.9815,15,0.2100,15,0,0.9860,0.0128,0.0011,3.8823,6.1891,0.6716,0.0857,5.9994,0.0000,1,0.2633,0.0505,3.7699,-0.0001,1.000,70.00,342.76
3.9900,IMM-UKF,jink,0.500,4.00,0.050,1,0.600,1,8.4155,8.6519,0.2364,1.8569,0.3370,0.1658,0.0379,6.0000,6.3363,0.3943,50.4706,0.5307,36.9696,-18.1494,40.6283,-17.1457,40.6950,-17.1340,45.7453,-19.1794,55.1952,-22.2442,3.6587,1.0037,3.7254,1.0154,8.7757,-1.0300,15,0.2200,15,0,0.9860,0.0128,0.0011,3.9353,6.2778,0.7012,0.0137,6.0000,0.0000,1,0.2633,0.0505,3.7699,-0.0001,1.000,70.00,342.76
4.0000,IMM-UKF,jink,0.500,4.00,0.050,1,0.600,1,8.3920,8.6265,0.2345,1.8834,0.3370,0.1658,0.0383,6.0000,6.3363,0.3954,53.0064,0.5313,36.7527,-18.2547,40.6283,-17.1457,40.6950,-17.1340,45.9699,-19.3354,55.6255,-22.6106,3.8756,1.1091,3.9423,1.1208,9.2172,-1.0807,15,0.2300,15,0,0.9860,0.0128,0.0011,3.9870,6.3660,0.7303,-0.0583,5.9997,0.0000,1,0.2633,0.0505,3.7699,-0.0001,1.000,70.00,342.76
4.0100,IMM-UKF,jink,0.500,4.00,0.050,1,0.600,1,8.3673,8.5998,0.2324,1.9105,0.3370,0.1658,0.0387,6.0000,6.3363,0.3965,55.6095,0.5319,36.5311,-18.3654,40.6283,-17.1457,40.6950,-17.1340,46.2014,-19.4989,56.0727,-22.9849,4.0972,1.2197,4.1639,1.2315,9.6703,-1.1335,15,0.2400,15,0,0.9860,0.0128,0.0011,4.0374,6.4538,0.7590,-0.1302,5.9986,0.0000,1,0.2633,0.0505,3.7699,-0.0001,1.000,70.00,342.76
4.0200,IMM-UKF,jink,0.500,4.00,0.050,1,0.600,1,8.3415,8.5719,0.2304,1.9383,0.3370,0.1658,0.0391,6.0000,6.3363,0.3976,58.2822,0.5326,36.3047,-18.4815,40.6283,-17.1457,40.6950,-17.1340,46.4399,-19.6697,56.5377,-23.3668,4.3236,1.3358,4.3903,1.3475,10.1352,-1.1882,15,0.2500,15,0,0.9860,0.0128,0.0011,4.0865,6.5413,0.7873,-0.2022,5.9966,0.0000,1,0.2633,0.0505,3.7699,-0.0001,1.000,70.00,342.76
4.0300,IMM-UKF,jink,0.500,4.00,0.050,1,0.600,1,8.3146,8.5429,0.2282,1.9667,0.3370,0.1658,0.0395,6.0000,6.3363,0.3988,61.0273,0.5332,36.0734,-18.6030,40.6283,-17.1457,40.6950,-17.1340,46.6860,-19.8479,57.0211,-23.7562,4.5549,1.4573,4.6217,1.4690,10.6126,-1.2449,15,0.2600,15,0,0.9860,0.0128,0.0011,4.1342,6.6284,0.8152,-0.2742,5.9937,0.0000,1,0.2633,0.0505,3.7699,-0.0001,1.000,70.00,342.76
4.0400,IMM-UKF,jink,0.500,4.00,0.050,1,0.600,1,8.2866,8.5127,0.2261,1.9957,0.3370,0.1658,0.0398,6.0000,6.3363,0.3999,63.8477,0.5340,35.8371,-18.7299,40.6283,-17.1457,40.6950,-17.1340,46.9399,-20.0332,57.5237,-24.1529,4.7912,1.5843,4.8580,1.5960,11.1029,-1.3033,15,0.2700,15,0,0.9860,0.0128,0.0011,4.1807,6.7152,0.8426,-0.3461,5.9900,0.0000,1,0.2178,0.0514,3.7699,0.0004,1.000,70.00,342.76
4.0500,IMM-UKF,jink,0.500,4.00,0.050,1,0.600,1,8.2575,8.4816,0.2241,2.0253,0.3370,0.1658,0.0401,6.0000,6.3363,0.4010,66.7465,0.5348,35.5957,-18.8624,40.6283,-17.1457,40.6950,-17.1340,47.2022,-20.2258,58.0464,-24.5565,5.0326,1.7167,5.0993,1.7285,11.6065,-1.3634,15,0.2800,15,0,0.9860,0.0128,0.0011,4.2259,6.8016,0.8696,-0.4179,5.9854,0.0000,1,0.2178,0.0514,3.7699,0.0004,1.000,70.00,342.76
4.0600,IMM-UKF,jink,0.500,4.00,0.050,1,0.600,1,8.2273,8.4494,0.2221,2.0555,0.3370,0.1658,0.0403,6.0000,6.3363,0.4021,69.7268,0.5356,35.3492,-19.0005,40.6283,-17.1457,40.6950,-17.1340,47.4732,-20.4255,58.5899,-24.9668,5.2791,1.8548,5.3458,1.8665,12.1240,-1.4250,15,0.2900,15,0,0.9860,0.0128,0.0011,4.2698,6.8877,0.8961,-0.4897,5.9800,0.0000,1,0.2178,0.0514,3.7699,0.0004,1.000,70.00,342.76
4.0700,IMM-UKF,jink,0.500,4.00,0.050,1,0.600,1,8.1961,8.4163,0.2202,2.0864,0.3370,0.1658,0.0406,6.0000,6.3363,0.4032,72.7920,0.5365,35.0975,-19.1442,40.6283,-17.1457,40.6950,-17.1340,47.7534,-20.6322,59.1552,-25.3835,5.5308,1.9985,5.5975,2.0102,12.6559,-1.4880,15,0.3000,15,0,0.9860,0.0128,0.0011,4.3123,6.9734,0.9221,-0.5614,5.9737,0.0000,1,0.2178,0.0514,3.7699,0.0004,1.000,70.00,342.76
4.0800,IMM-UKF,jink,0.500,4.00,0.050,1,0.600,1,8.1638,8.3823,0.2185,2.1179,0.3370,0.1658,0.0408,6.0000,6.3363,0.4044,75.9456,0.5373,34.8405,-19.2936,40.6283,-17.1457,40.6950,-17.1340,48.0431,-20.8458,59.7430,-25.8060,5.7878,2.1479,5.8546,2.1596,13.2027,-1.5522,15,0.3100,15,0,0.9860,0.0128,0.0011,4.3535,7.0589,0.9477,-0.6331,5.9665,0.0000,1,0.2178,0.0514,3.7699,0.0004,1.000,70.00,342.76
4.0900,IMM-UKF,jink,0.500,4.00,0.050,1,0.600,1,8.1305,8.3474,0.2169,2.1500,0.3370,0.1658,0.0410,6.0000,6.3363,0.4055,79.1914,0.5382,34.5780,-19.4488,40.6283,-17.1457,40.6950,-17.1340,48.3430,-21.0664,60.3542,-26.2339,6.0503,2.3031,6.1170,2.3148,13.7650,-1.6175,15,0.3200,15,0,0.9860,0.0128,0.0011,4.3934,7.1440,0.9727,-0.7046,5.9585,0.0000,1,0.2178,0.0514,3.7699,0.0004,1.000,70.00,342.76
4.1000,IMM-UKF,jink,0.500,4.00,0.050,1,0.600,1,8.0961,8.9495,0.8534,1.4761,0.3381,0.1600,0.0400,6.0000,7.5336,0.8116,28.1534,0.5392,34.3100,-19.6098,35.8371,-18.7299,35.6950,-18.7540,39.1377,-18.5018,39.0035,-21.6158,1.5270,0.8799,1.3849,0.8559,4.8277,1.1080,16,0.0600,16,0,0.9581,0.0355,0.0064,4.4320,7.2288,0.9972,-0.7761,5.9496,0.0000,1,0.2178,0.0514,4.0404,0.0004,1.000,70.00,342.76
4.1100,IMM-UKF,jink,0.500,4.00,0.050,1,0.600,1,8.0608,8.9371,0.8763,1.4939,0.3381,0.1600,0.0402,6.0000,7.5336,0.8106,29.8159,0.5402,34.0364,-19.7768,35.8371,-18.7299,35.6950,-18.7540,39.1467,-18.5845,39.1004,-21.8910,1.8007,1.0468,1.6586,1.0228,5.1103,1.1923,16,0.0700,16,0,0.9581,0.0355,0.0064,4.4692,7.3134,1.0212,-0.8474,5.9399,0.0000,1,0.2178,0.0514,4.0404,0.0004,1.000,70.00,342.76
4.1200,IMM-UKF,jink,0.500,4.00,0.050,1,0.600,1,8.0245,8.9232,0.8988,1.5123,0.3381,0.1600,0.0403,6.0000,7.5336,0.8096,31.5288,0.5412,33.7571,-19.9497,35.8371,-18.7299,35.6950,-18.7540,39.1595,-18.6736,39.2061,-22.1731,2.0800,1.2198,1.9379,1.1958,5.4025,1.2761,16,0.0800,16,0,0.9581,0.0355,0.0064,4.5051,7.3977,1.0445,-0.9186,5.9293,0.0000,1,0.2178,0.0514,4.0404,0.0004,1.000,70.00,342.76
4.1300,IMM-UKF,jink,0.500,4.00,0.050,1,0.600,1,7.9872,8.9079,0.9208,1.5312,0.3381,0.1600,0.0404,6.0000,7.5336,0.8086,33.2940,0.5422,33.4718,-20.1287,35.8371,-18.7299,35.6950,-18.7540,39.1764,-18.7689,39.3210,-22.4621,2.3652,1.3988,2.2231,1.3748,5.7046,1.3599,16,0.0900,16,0,0.9581,0.0355,0.0064,4.5396,7.4817,1.0673,-0.9897,5.9178,0.0000,1,0.2178,0.0514,4.0404,0.0004,1.000,70.00,342.76
4.1400,IMM-UKF,jink,0.500,4.00,0.050,1,0.600,1,7.9489,8.8913,0.9423,1.5507,0.3381,0.1600,0.0405,6.0000,7.5336,0.8077,35.1135,0.5433,33.1806,-20.3139,35.8371,-18.7299,35.6950,-18.7540,39.1976,-18.8703,39.4457,-22.7577,2.6564,1.5840,2.5143,1.5600,6.0169,1.4436,16,0.1000,16,0,0.9581,0.0355,0.0064,4.5727,7.5655,1.0895,-1.0607,5.9055,0.0000,1,0.2178,0.0514,4.0404,0.0004,1.000,70.00,342.76
4.1500,IMM-UKF,jink,0.500,4.00,0.050,1,0.600,1,7.9097,8.8732,0.9635,1.5709,0.3381,0.1600,0.0406,6.0000,7.5336,0.8067,36.9893,0.5444,32.8833,-20.5053,35.8371,-18.7299,35.6950,-18.7540,39.2232,-18.9777,39.5807,-23.0600,2.9538,1.7754,2.8116,1.7514,6.3399,1.5276,16,0.1100,16,0,0.9581,0.0355,0.0064,4.6045,7.6490,1.1109,-1.1314,5.8924,0.0000,1,0.2178,0.0514,4.0404,0.0004,1.000,70.00,342.76
4.1600,IMM-UKF,jink,0.500,4.00,0.050,1,0.600,1,7.8696,8.8538,0.9842,1.5917,0.3381,0.1600,0.0406,6.0000,7.5336,0.8057,38.9238,0.5455,32.5797,-20.7030,35.8371,-18.7299,35.6950,-18.7540,39.2536,-19.0910,39.7265,-23.3686,3.2573,1.9731,3.1152,1.9491,6.6739,1.6120,16,0.1200,16,0,0.9581,0.0355,0.0064,4.6350,7.7323,1.1316,-1.2021,5.8784,0.0000,1,0.2178,0.0514,4.0404,0.0004,1.000,70.00,342.76
4.1700,IMM-UKF,jink,0.500,4.00,0.050,1,0.600,1,7.8286,8.8331,1.0045,1.6131,0.3381,0.1600,0.0406,6.0000,7.5336,0.8047,40.9194,0.5466,32.2698,-20.9071,35.8371,-18.7299,35.6950,-18.7540,39.2890,-19.2100,39.8838,-23.6833,3.5673,2.1772,3.4252,2.1532,7.0193,1.6972,16,0.1300,16,0,0.9581,0.0355,0.0064,4.6640,7.8154,1.1516,-1.2725,5.8635,0.0000,1,0.2178,0.0514,4.0404,0.0004,1.000,70.00,342.76
4.1800,IMM-UKF,jink,0.500,4.00,0.050,1,0.600,1,7.7867,8.8111,1.0244,1.6352,0.3381,0.1600,0.0406,6.0000,7.5336,0.8038,42.9785,0.5478,31.9532,-21.1177,35.8371,-18.7299,35.6950,-18.7540,39.3298,-19.3345,40.0533,-24.0038,3.8838,2.3878,3.7417,2.3638,7.3765,1.7833,16,0.1400,16,0,0.9581,0.0355,0.0064,4.6917,7.8983,1.1707,-1.3428,5.8478,0.0000,1,0.2178,0.0514,4.0404,0.0004,1.000,70.00,342.76
4.1900,IMM-UKF,jink,0.500,4.00,0.050,1,0.600,1,7.7439,8.7878,1.0439,1.6580,0.3381,0.1600,0.0406,6.0000,7.5336,0.8028,45.1043,0.5490,31.6300,-21.3349,35.8371,-18.7299,35.6950,-18.7540,39.3761,-19.4643,40.2356,-24.3296,4.2071,2.6050,4.0650,2.5810,7.7461,1.8706,16,0.1500,16,0,0.9581,0.0355,0.0064,4.7180,7.9811,1.1889,-1.4129,5.8313,0.0000,1,0.2178,0.0514,4.0404,0.0004,1.000,70.00,342.76
4.2000,IMM-UKF,jink,0.500,4.00,0.050,1,0.600,1,7.7002,8.7633,1.0630,1.6815,0.3381,0.1600,0.0406,6.0000,7.5336,0.8019,47.2994,0.5501,31.2998,-21.5587,35.8371,-18.7299,35.6950,-18.7540,39.4282,-19.5992,40.4315,-24.6604,4.5372,2.8288,4.3951,2.8048,8.1284,1.9595,16,0.1600,16,0,0.9581,0.0355,0.0064,4.7429,8.0636,1.2060,-1.4827,5.8139,0.0000,1,0.2178,0.0514,4.0404,0.0004,1.000,70.00,342.76
4.2100,IMM-UKF,jink,0.500,4.00,0.050,1,0.600,1,7.6558,8.7375,1.0818,1.7057,0.3381,0.1600,0.0406,6.0000,7.5336,0.8009,49.5670,0.5513,30.9627,-21.7893,35.8371,-18.7299,35.6950,-18.7540,39.4866,-19.7390,40.6417,-24.9954,4.8744,3.0594,4.7323,3.0354,8.5239,2.0503,16,0.1700,16,0,0.9581,0.0355,0.0064,4.7664,8.1460,1.2221,-1.5524,5.7957,0.0000,1,0.2178,0.0514,4.0404,0.0004,1.000,70.00,342.76
4.2200,IMM-UKF,jink,0.500,4.00,0.050,1,0.600,1,7.6104,8.7106,1.1001,1.7306,0.3381,0.1600,0.0406,6.0000,7.5336,0.8000,51.9108,0.5525,30.6182,-22.0267,35.8371,-18.7299,35.6950,-18.7540,39.5515,-19.8832,40.8671,-25.3339,5.2188,3.2967,5.0767,3.2727,8.9332,2.1435,16,0.1800,16,0,0.9581,0.0355,0.0064,4.7884,8.2283,1.2369,-1.6218,5.7766,0.0000,1,0.2178,0.0514,4.0404,0.0004,1.000,70.00,342.76
4.2300,IMM-UKF,jink,0.500,4.00,0.050,1,0.600,1,7.5643,8.6824,1.1181,1.7562,0.3381,0.1600,0.0405,6.0000,7.5336,0.7990,54.3343,0.5537,30.2664,-22.2709,35.8371,-18.7299,35.6950,-18.7540,39.6232,-20.0316,41.1085,-25.6749,5.5707,3.5410,5.4286,3.5170,9.3568,2.2394,16,0.1900,16,0,0.9581,0.0355,0.0064,4.8090,8.3105,1.2502,-1.6910,5.7568,0.0000,1,0.2178,0.0514,4.0404,0.0004,1.000,70.00,342.76
4.2400,IMM-UKF,jink,0.500,4.00,0.050,1,0.600,1,7.5174,8.6530,1.1357,1.7825,0.3381,0.1600,0.0404,6.0000,7.5336,0.7981,56.8417,0.5549,29.9069,-22.5221,35.8371,-18.7299,35.6950,-18.7540,39.7022,-20.1835,41.3669,-26.0172,5.9301,3.7922,5.7880,3.7682,9.7953,2.3386,16,0.2000,16,0,0.9581,0.0355,0.0064,4.8282,8.3926,1.2619,-1.7600,5.7361,0.0000,1,0.2178,0.0514,4.0404,0.0004,1.000,70.00,342.76
4.2500,IMM-UKF,jink,0.500,4.00,0.050,1,0.600,1,7.4697,8.6225,1.1528,1.8096,0.3381,0.1600,0.0404,6.0000,7.5336,0.7972,59.4376,0.5562,29.5396,-22.7803,35.8371,-18.7299,35.6950,-18.7540,39.7889,-20.3383,41.6433,-26.3590,6.2975,4.0503,6.1554,4.0263,10.2493,2.4419,16,0.2100,16,0,0.9581,0.0355,0.0064,4.8460,8.4746,1.2717,-1.8287,5.7145,0.0000,1,0.2178,0.0514,4.0404,0.0004,1.000,70.00,342.76
4.2600,IMM-UKF,jink,0.500,4.00,0.050,1,0.600,1,7.4212,8.5907,1.1695,1.8374,0.3381,0.1600,0.0403,6.0000,7.5336,0.7962,62.1271,0.5574,29.1642,-23.0454,35.8371,-18.7299,35.6950,-18.7540,39.8836,-20.4953,41.9388,-26.6982,6.6729,4.3155,6.5308,4.2915,10.7194,2.5501,16,0.2200,16,0,0.9581,0.0355,0.0064,4.8623,8.5566,1.2791,-1.8971,5.6922,0.0000,1,0.2220,0.0503,4.0404,0.0001,1.000,70.00,342.76
4.2700,IMM-UKF,jink,0.500,4.00,0.050,1,0.600,1,7.3719,8.5576,1.1857,1.8659,0.3381,0.1600,0.0402,6.0000,7.5336,0.7953,64.9161,0.5586,28.7805,-23.3176,35.8371,-18.7299,35.6950,-18.7540,39.9868,-20.6532,42.2543,-27.0317,7.0566,4.5876,6.9145,4.5636,11.2063,2.6643,16,0.2300,16,0,0.9581,0.0355,0.0064,4.8771,8.6385,1.2838,-1.9653,5.6690,0.0000,1,0.2220,0.0503,4.0404,0.0001,1.000,70.00,342.76
4.2800,IMM-UKF,jink,0.500,4.00,0.050,1,0.600,1,7.3220,8.5232,1.2013,1.8952,0.3381,0.1600,0.0401,6.0000,7.5336,0.7944,67.8114,0.5598,28.3883,-23.5966,35.8371,-18.7299,35.6950,-18.7540,40.0989,-20.8105,42.5912,-27.3554,7.4488,4.8666,7.3067,4.8426,11.7106,2.7861,16,0.2400,16,0,0.9581,0.0355,0.0064,4.8904,8.7205,1.2849,-2.0332,5.6450,0.0000,1,0.2220,0.0503,4.0404,0.0001,1.000,70.00,342.76
4.2900,IMM-UKF,jink,0.500,4.00,0.050,1,0.600,1,7.2712,8.4875,1.2163,1.9252,0.3381,0.1600,0.0400,6.0000,7.5336,0.7935,70.8218,0.5609,27.9872,-23.8824,35.8371,-18.7299,35.6950,-18.7540,40.2204,-20.9648,42.9505,-27.6630,7.8498,5.1525,7.7077,5.1285,12.2332,2.9176,16,0.2500,16,0,0.9581,0.0355,0.0064,4.9023,8.8025,1.2815,-2.1008,5.6202,0.0000,1,0.2220,0.0503,4.0404,0.0001,1.000,70.00,342.76
4.3000,IMM-UKF,jink,0.500,4.00,0.050,1,0.600,1,7.2197,8.4501,1.2304,1.9559,0.3381,0.1600,0.0398,6.0000,7.5336,0.7925,73.9581,0.5621,27.5771,-24.1748,35.8371,-18.7299,35.6950,-18.7540,40.3518,-21.1126,43.3333,-27.9446,8.2599,5.4448,8.1178,5.4208,12.7747,3.0622,16,0.2600,16,0,0.9581,0.0355,0.0064,4.9125,8.8844,1.2720,-2.1681,5.5946,0.0000,1,0.2220,0.0503,4.0404,0.0001,1.000,70.00,342.76
4.3100,IMM-UKF,jink,0.500,4.00,0.050,1,0.600,1,7.1675,8.4110,1.2436,1.9874,0.3381,0.1600,0.0397,6.0000,7.5336,0.7916,77.2357,0.5633,27.1576,-24.4732,35.8371,-18.7299,35.6950,-18.7540,40.4933,-21.2478,43.7400,-28.1836,8.6794,5.7432,8.5373,5.7192,13.3357,3.2253,16,0.2700,16,0,0.9581,0.0355,0.0064,4.9211,8.9660,1.2536,-2.2350,5.5682,0.0000,1,0.2220,0.0503,4.0404,0.0001,1.000,70.00,342.76
4.3200,IMM-UKF,jink,0.500,4.00,0.050,1,0.600,1,7.1144,7.8435,0.7291,1.4776,0.3297,0.1493,0.0479,6.0000,7.5254,0.9521,30.3851,0.5645,26.7285,-24.7768,29.1642,-23.0454,29.3285,-23.0902,32.2986,-24.5613,22.0425,-36.9911,2.4357,1.7313,2.6001,1.6866,5.5701,0.2155,17,0.0600,17,0,0.9404,0.0495,0.0101,4.9277,9.0463,1.2216,-2.3017,5.5410,0.0000,1,0.2220,0.0503,4.2601,0.0001,1.000,70.00,342.76
4.3300,IMM-UKF,jink,0.500,4.00,0.050,1,0.600,1,7.0606,7.8159,0.7553,1.4958,0.3297,0.1493,0.0478,6.0000,7.5254,0.9535,31.9865,0.5657,26.2893,-25.0838,29.1642,-23.0454,29.3285,-23.0902,32.1592,-24.7755,21.9276,-37.2522,2.8749,2.0384,3.0393,1.9937,5.8699,0.3083,17,0.0700,17,0,0.9404,0.0495,0.0101,4.9313,9.1223,1.1658,-2.3680,5.5129,0.0000,1,0.2220,0.0503,4.2601,0.0001,1.000,70.00,342.76
4.3400,IMM-UKF,jink,0.500,4.00,0.050,1,0.600,1,7.0059,7.7866,0.7807,1.5147,0.3297,0.1493,0.0477,6.0000,7.5254,0.9550,33.6767,0.5670,25.8394,-25.3903,29.1642,-23.0454,29.3285,-23.0902,32.0218,-24.9573,21.8137,-37.2737,3.3248,2.3448,3.4892,2.3001,6.1824,0.4330,17,0.0800,17,0,0.9404,0.0495,0.0101,4.9275,9.1790,1.0622,-2.4340,5.4841,0.0000,1,0.2220,0.0503,4.2601,0.0001,1.000,70.00,342.76
4.3500,IMM-UKF,jink,0.500,4.00,0.050,1,0.600,1,6.9509,7.7605,0.8096,1.5342,0.3297,0.1493,0.0476,6.0000,7.5254,0.9565,35.4215,0.5683,25.3771,-25.6869,29.1642,-23.0454,29.3285,-23.0902,31.8704,-25.0561,21.6561,-36.6872,3.7871,2.6415,3.9514,2.5968,6.4932,0.6309,17,0.0900,17,0,0.9404,0.0495,0.0101,4.8946,9.1425,0.8811,-2.4996,5.4545,0.0000,1,0.2220,0.0503,4.2601,0.0001,1.000,70.00,342.76
4.3600,IMM-UKF,jink,0.500,4.00,0.050,1,0.600,1,6.8970,7.7471,0.8502,1.5543,0.3297,0.1493,0.0474,6.0000,7.5254,0.9579,37.1454,0.5697,24.9001,-25.9698,29.1642,-23.0454,29.3285,-23.0902,31.6869,-25.0970,21.4149,-35.7111,4.2641,2.9244,4.4284,2.8796,6.7868,0.8728,17,0.1000,17,0,0.9404,0.0495,0.0101,4.8218,8.9666,0.7191,-2.5649,5.4241,0.0000,1,0.2220,0.0503,4.2601,0.0001,1.000,70.00,342.76
4.3700,IMM-UKF,jink,0.500,4.00,0.050,1,0.600,1,6.8446,7.7417,0.8970,1.5749,0.3297,0.1493,0.0473,6.0000,7.5254,0.9593,38.8983,0.5710,24.4077,-26.2410,29.1642,-23.0454,29.3285,-23.0902,31.4869,-25.1318,21.1446,-34.8208,4.7565,3.1955,4.9209,3.1508,7.0793,1.1091,17,0.1100,17,0,0.9404,0.0495,0.0101,4.7423,8.7563,0.6098,-2.6298,5.3930,0.0000,1,0.2220,0.0503,4.2601,0.0001,1.000,70.00,342.76
4.3800,IMM-UKF,jink,0.500,4.00,0.050,1,0.600,1,6.7941,7.7417,0.9476,1.5961,0.3297,0.1493,0.0472,6.0000,7.5254,0.9607,40.7086,0.5724,23.8994,-26.5015,29.1642,-23.0454,29.3285,-23.0902,31.2751,-25.1545,20.8661,-33.9868,5.2648,3.4561,5.4291,3.4113,7.3757,1.3470,17,0.1200,17,0,0.9404,0.0495,0.0101,4.6617,8.5350,0.5259,-2.6943,5.3610,0.0000,1,0.2220,0.0503,4.2601,0.0001,1.000,70.00,342.76
4.3900,IMM-UKF,jink,0.500,4.00,0.050,1,0.600,1,6.7455,7.7466,1.0011,1.6180,0.3297,0.1493,0.0471,6.0000,7.5254,0.9620,42.5854,0.5736,23.3754,-26.7517,29.1642,-23.0454,29.3285,-23.0902,31.0525,-25.1618,20.5846,-33.1865,5.7888,3.7063,5.9532,3.6615,7.6772,1.5899,17,0.1300,17,0,0.9404,0.0495,0.0101,4.5816,8.3087,0.4562,-2.7585,5.3283,0.0000,1,0.2220,0.0503,4.2601,0.0001,1.000,70.00,342.76
4.4000,IMM-UKF,jink,0.500,4.00,0.050,1,0.600,1,6.6988,7.7560,1.0572,1.6405,0.3297,0.1493,0.0470,6.0000,7.5254,0.9632,44.5323,0.5748,22.8354,-26.9917,29.1642,-23.0454,29.3285,-23.0902,30.8197,-25.1522,20.3020,-32.4083,6.3288,3.9462,6.4931,3.9015,7.9843,1.8395,17,0.1400,17,0,0.9404,0.0495,0.0101,4.5027,8.0794,0.3955,-2.8222,5.2948,0.0000,1,0.2220,0.0503,4.2601,0.0001,1.000,70.00,342.76
4.4100,IMM-UKF,jink,0.500,4.00,0.050,1,0.600,1,6.6542,7.7698,1.1156,1.6636,0.3297,0.1493,0.0469,6.0000,7.5254,0.9643,46.5512,0.5760,22.2796,-27.2213,29.1642,-23.0454,29.3285,-23.0902,30.5768,-25.1251,20.0188,-31.6462,6.8846,4.1759,7.0489,4.1311,8.2972,2.0962,17,0.1500,17,0,0.9404,0.0495,0.0101,4.4251,7.8480,0.3411,-2.8856,5.2606,0.0000,1,0.2220,0.0503,4.2601,0.0001,1.000,70.00,342.76
4.4200,IMM-UKF,jink,0.500,4.00,0.050,1,0.600,1,6.6116,7.7881,1.1765,1.6874,0.3297,0.1493,0.0468,6.0000,7.5254,0.9653,48.6424,0.5771,21.7081,-27.4404,29.1642,-23.0454,29.3285,-23.0902,30.3239,-25.0802,19.7354,-30.8972,7.4561,4.3950,7.6205,4.3502,8.6159,2.3602,17,0.1600,17,0,0.9404,0.0495,0.0101,4.3491,7.6151,0.2914,-2.9485,5.2256,0.0000,1,0.2220,0.0503,4.2601,0.0001,1.000,70.00,342.76
4.4300,IMM-UKF,jink,0.500,4.00,0.050,1,0.600,1,6.5711,7.8107,1.2396,1.7119,0.3297,0.1493,0.0468,6.0000,7.5254,0.9663,50.8058,0.5781,21.1209,-27.6487,29.1642,-23.0454,29.3285,-23.0902,30.0613,-25.0176,19.4519,-30.1597,8.0433,4.6032,8.2076,4.5585,8.9404,2.6311,17,0.1700,17,0,0.9404,0.0495,0.0101,4.2748,7.3809,0.2454,-3.0110,5.1898,0.0000,1,0.2220,0.0503,4.2601,0.0001,1.000,70.00,342.76
4.4400,IMM-UKF,jink,0.500,4.00,0.050,1,0.600,1,6.5327,7.8376,1.3049,1.7370,0.3297,0.1493,0.0467,6.0000,7.5254,0.9672,53.0401,0.5791,20.5183,-27.8459,29.1642,-23.0454,29.3285,-23.0902,29.7891,-24.9375,19.1682,-29.4328,8.6459,4.8004,8.8102,4.7557,9.2708,2.9084,17,0.1800,17,0,0.9404,0.0495,0.0101,4.2023,7.1455,0.2023,-3.0730,5.1533,0.0000,1,0.2220,0.0503,4.2601,0.0001,1.000,70.00,342.76
4.4500,IMM-UKF,jink,0.500,4.00,0.050,1,0.600,1,6.4965,7.8689,1.3724,1.7628,0.3297,0.1493,0.0466,6.0000,7.5254,0.9680,55.3439,0.5800,19.9005,-28.0316,29.1642,-23.0454,29.3285,-23.0902,29.5074,-24.8401,18.8843,-28.7163,9.2637,4.9862,9.4280,4.9414,9.6069,3.1915,17,0.1900,17,0,0.9404,0.0495,0.0101,4.1316,6.9092,0.1616,-3.1346,5.1161,0.0000,1,0.2220,0.0503,4.2601,0.0001,1.000,70.00,342.76
4.4600,IMM-UKF,jink,0.500,4.00,0.050,1,0.600,1,6.4624,7.9045,1.4422,1.7893,0.3297,0.1493,0.0466,6.0000,7.5254,0.9687,57.7151,0.5808,19.2677,-28.2056,29.1642,-23.0454,29.3285,-23.0902,29.2164,-24.7259,18.6000,-28.0103,9.8965,5.1602,10.0608,5.1154,9.9486,3.4797,17,0.2000,17,0,0.9404,0.0495,0.0101,4.0629,6.6719,0.1231,-3.1958,5.0781,0.0000,1,0.2220,0.0503,4.2601,0.0001,1.000,70.00,342.76
4.4700,IMM-UKF,jink,0.500,4.00,0.050,1,0.600,1,6.4304,7.9445,1.5141,1.8164,0.3297,0.1493,0.0466,6.0000,7.5254,0.9694,60.1509,0.5816,18.6204,-28.3675,29.1642,-23.0454,29.3285,-23.0902,28.9162,-24.5952,18.3153,-27.3151,10.5438,5.3220,10.7081,5.2773,10.2958,3.7722,17,0.2100,17,0,0.9404,0.0495,0.0101,3.9962,6.4338,0.0864,-3.2565,5.0394,0.0000,1,0.2220,0.0503,4.2601,0.0001,1.000,70.00,342.76
4.4800,IMM-UKF,jink,0.500,4.00,0.050,1,0.600,1,6.4007,7.9889,1.5882,1.8442,0.3297,0.1493,0.0466,6.0000,7.5254,0.9699,62.6483,0.5823,17.9588,-28.5168,29.1642,-23.0454,29.3285,-23.0902,28.6071,-24.4486,18.0299,-26.6309,11.2054,5.4714,11.3697,5.4267,10.6483,4.0682,17,0.2200,17,0,0.9404,0.0495,0.0101,3.9315,6.1949,0.0512,-3.3167,4.9999,0.0000,1,0.2220,0.0503,4.2601,0.0001,1.000,70.00,342.76
4.4900,IMM-UKF,jink,0.500,4.00,0.050,1,0.600,1,6.3732,8.0373,1.6641,1.8726,0.3297,0.1493,0.0465,6.0000,7.5254,0.9704,65.2036,0.5830,17.2835,-28.6536,29.1642,-23.0454,29.3285,-23.0902,28.2903,-24.2887,17.7446,-25.9646,11.8807,5.6081,12.0450,5.5634,11.0068,4.3649,17,0.2300,17,0,0.9404,0.0495,0.0101,3.8696,5.9574,0.0178,-3.3765,4.9598,0.0000,1,0.2077,0.0584,4.2601,0.0018,1.000,70.00,342.76
4.5000,IMM-UKF,jink,0.500,4.00,0.050,1,0.600,1,6.3479,8.0896,1.7416,1.9017,0.3297,0.1493,0.0466,6.0000,7.5254,0.9708,67.8126,0.5836,16.5949,-28.7774,29.1642,-23.0454,29.3285,-23.0902,27.9662,-24.1165,17.4592,-25.3171,12.5693,5.7320,12.7336,5.6872,11.3713,4.6609,17,0.2400,17,0,0.9404,0.0495,0.0101,3.8105,5.7218,-0.0140,-3.4358,4.9189,0.0000,1,0.2077,0.0584,4.2601,0.0018,1.000,70.00,342.76
4.5100,IMM-UKF,jink,0.500,4.00,0.050,1,0.600,1,6.3258,8.1455,1.8197,1.9315,0.3297,0.1493,0.0475,6.0000,7.5254,0.9649,70.4181,0.5833,15.9042,-28.8833,29.1642,-23.0454,29.3285,-23.0902,27.6368,-23.9311,17.1779,-24.6837,13.2600,5.8379,13.4243,5.7931,11.7326,4.9522,17,0.2500,17,0,0.9404,0.0495,0.0101,3.7535,5.4884,-0.0452,-3.3765,4.9598,0.0000,1,0.2077,0.0584,4.2601,0.0018,1.000,70.00,342.76
4.5200,IMM-UKF,jink,0.500,4.00,0.050,1,0.600,1,6.3068,8.2052,1.8984,1.9619,0.3297,0.1493,0.0482,6.0000,7.5254,0.9589,73.0189,0.5831,15.2115,-28.9710,29.1642,-23.0454,29.3285,-23.0902,27.3025,-23.7334,16.9006,-24.0645,13.9527,5.9256,14.1170,5.8808,12.0910,5.2376,17,0.2600,17,0,0.9404,0.0495,0.0101,3.6985,5.2571,-0.0760,-3.3167,4.9999,0.0000,1,0.2077,0.0584,4.2601,0.0018,1.000,70.00,342.76
4.5300,IMM-UKF,jink,0.500,4.00,0.050,1,0.600,1,6.2909,8.2686,1.9777,1.9929,0.3297,0.1493,0.0487,6.0000,7.5254,0.9528,75.6083,0.5830,14.5179,-29.0404,29.1642,-23.0454,29.3285,-23.0902,26.9640,-23.5239,16.6274,-23.4595,14.6463,5.9950,14.8106,5.9502,12.4461,5.5165,17,0.2700,17,0,0.9404,0.0495,0.0101,3.6455,5.0279,-0.1064,-3.2565,5.0394,0.0000,1,0.2077,0.0584,4.2601,0.0018,1.000,70.00,342.76
4.5400,IMM-UKF,jink,0.500,4.00,0.050,1,0.600,1,6.2781,8.3355,2.0575,2.0246,0.3297,0.1493,0.0490,6.0000,7.5254,0.9466,78.1800,0.5832,13.8247,-29.0914,29.1642,-23.0454,29.3285,-23.0902,26.6217,-23.3036,16.3581,-22.8684,15.3395,6.0460,15.5038,6.0013,12.7970,5.7879,17,0.2800,17,0,0.9404,0.0495,0.0101,3.5945,4.8010,-0.1363,-3.1958,5.0781,0.0000,1,0.2077,0.0584,4.2601,0.0018,1.000,70.00,342.76
4.5500,IMM-UKF,jink,0.500,4.00,0.050,1,0.600,1,6.2683,6.6142,0.3459,1.4254,0.3155,0.1464,0.0633,6.0000,6.1297,0.6463,36.6155,0.5835,13.1331,-29.1241,17.2835,-28.6536,17.3950,-28.7092,20.0958,-28.8259,-0.5515,-32.3548,4.1504,0.4706,4.2619,0.4150,6.9627,0.2982,18,0.0600,18,0,0.9538,0.0419,0.0042,3.5454,4.5761,-0.1659,-3.1346,5.1161,0.0000,1,0.2077,0.0584,4.4918,0.0018,1.000,70.00,342.76
4.5600,IMM-UKF,jink,0.500,4.00,0.050,1,0.600,1,6.2614,6.6321,0.3706,1.4425,0.3155,0.1464,0.0631,6.0000,6.1297,0.6409,37.8838,0.5840,12.4442,-29.1386,17.2835,-28.6536,17.3950,-28.7092,19.6491,-28.8556,-0.6689,-31.7510,4.8393,0.4851,4.9508,0.4294,7.2049,0.2830,18,0.0700,18,0,0.9538,0.0419,0.0042,3.4982,4.3534,-0.1951,-3.0730,5.1533,0.0000,1,0.2077,0.0584,4.4918,0.0018,1.000,70.00,342.76
4.5700,IMM-UKF,jink,0.500,4.00,0.050,1,0.600,1,6.2575,6.6537,0.3962,1.4601,0.3155,0.1464,0.0627,6.0000,6.1297,0.6357,39.1194,0.5848,11.7593,-29.1350,17.2835,-28.6536,17.3950,-28.7092,19.1983,-28.8616,-0.7817,-31.1506,5.5242,0.4814,5.6357,0.4258,7.4390,0.2734,18,0.0800,18,0,0.9538,0.0419,0.0042,3.4528,4.1328,-0.2240,-3.0110,5.1898,0.0000,1,0.2077,0.0584,4.4918,0.0018,1.000,70.00,342.76
4.5800,IMM-UKF,jink,0.500,4.00,0.050,1,0.600,1,6.2565,6.6792,0.4227,1.4782,0.3155,0.1464,0.0621,6.0000,6.1297,0.6305,40.3206,0.5857,11.0794,-29.1135,17.2835,-28.6536,17.3950,-28.7092,18.7440,-28.8443,-0.8903,-30.5544,6.2041,0.4599,6.3156,0.4043,7.6646,0.2692,18,0.0900,18,0,0.9538,0.0419,0.0042,3.4091,3.9144,-0.2526,-2.9485,5.2256,0.0000,1,0.2077,0.0584,4.4918,0.0018,1.000,70.00,342.76
4.5900,IMM-UKF,jink,0.500,4.00,0.050,1,0.600,1,6.2584,6.7084,0.4500,1.4969,0.3155,0.1464,0.0613,6.0000,6.1297,0.6255,41.4861,0.5868,10.4058,-29.0744,17.2835,-28.6536,17.3950,-28.7092,18.2872,-28.8043,-0.9949,-29.9632,6.8777,0.4208,6.9892,0.3652,7.8814,0.2700,18,0.1000,18,0,0.9538,0.0419,0.0042,3.3671,3.6981,-0.2810,-2.8856,5.2606,0.0000,1,0.2077,0.0584,4.4918,0.0018,1.000,70.00,342.76
4.6000,IMM-UKF,jink,0.500,4.00,0.050,1,0.600,1,6.2631,6.7412,0.4781,1.5162,0.3155,0.1464,0.0603,6.0000,6.1297,0.6207,42.6147,0.5880,9.7394,-29.0179,17.2835,-28.6536,17.3950,-28.7092,17.8286,-28.7424,-1.0958,-29.3775,7.5441,0.3644,7.6556,0.3087,8.0892,0.2755,18,0.1100,18,0,0.9538,0.0419,0.0042,3.3268,3.4839,-0.3091,-2.8222,5.2948,0.0000,1,0.2077,0.0584,4.4918,0.0018,1.000,70.00,342.76
4.6100,IMM-UKF,jink,0.500,4.00,0.050,1,0.600,1,6.2705,6.7776,0.5071,1.5360,0.3155,0.1464,0.0591,6.0000,6.1297,0.6162,43.7054,0.5894,9.0814,-28.9446,17.2835,-28.6536,17.3950,-28.7092,17.3691,-28.6592,-1.1933,-28.7977,8.2021,0.2910,8.3136,0.2354,8.2877,0.2854,18,0.1200,18,0,0.9538,0.0419,0.0042,3.2881,3.2719,-0.3371,-2.7585,5.3283,0.0000,1,0.2077,0.0584,4.4918,0.0018,1.000,70.00,342.76
4.6200,IMM-UKF,jink,0.500,4.00,0.050,1,0.600,1,6.2807,6.8176,0.5369,1.5564,0.3155,0.1464,0.0577,6.0000,6.1297,0.6129,44.7587,0.5909,8.4324,-28.8547,17.2835,-28.6536,17.3950,-28.7092,16.9095,-28.5554,-1.2877,-28.2244,8.8511,0.2011,8.9626,0.1455,8.4771,0.2993,18,0.1300,18,0,0.9538,0.0419,0.0042,3.2510,3.0619,-0.3649,-2.6943,5.3610,0.0000,1,0.2077,0.0584,4.4918,0.0018,1.000,70.00,342.76
4.6300,IMM-UKF,jink,0.500,4.00,0.050,1,0.600,1,6.2936,6.8612,0.5676,1.5774,0.3155,0.1464,0.0566,6.0000,6.1297,0.6199,45.7845,0.5915,7.7913,-28.7488,17.2835,-28.6536,17.3950,-28.7092,16.4505,-28.4318,-1.3791,-27.6578,9.4922,0.0952,9.6037,0.0396,8.6592,0.3170,18,0.1400,18,0,0.9538,0.0419,0.0042,3.2153,2.8541,-0.3926,-2.6298,5.3930,0.0000,1,0.2077,0.0584,4.4918,0.0018,1.000,70.00,342.76
4.6400,IMM-UKF,jink,0.500,4.00,0.050,1,0.600,1,6.3092,6.9082,0.5990,1.5991,0.3155,0.1464,0.0553,6.0000,6.1297,0.6267,46.7698,0.5916,7.1613,-28.6274,17.2835,-28.6536,17.3950,-28.7092,15.9929,-28.2892,-1.4677,-27.0981,10.1222,-0.0262,10.2337,-0.0818,8.8316,0.3382,18,0.1500,18,0,0.9538,0.0419,0.0042,3.1811,2.6484,-0.4203,-2.5649,5.4241,0.0000,1,0.2077,0.0584,4.4918,0.0018,1.000,70.00,342.76
4.6500,IMM-UKF,jink,0.500,4.00,0.050,1,0.600,1,6.3273,6.9586,0.6313,1.6213,0.3155,0.1464,0.0542,6.0000,6.1297,0.6240,47.7027,0.5925,6.5454,-28.4909,17.2835,-28.6536,17.3950,-28.7092,15.5375,-28.1283,-1.5537,-26.5456,10.7381,-0.1626,10.8496,-0.2182,8.9921,0.3626,18,0.1600,18,0,0.9538,0.0419,0.0042,3.1483,2.4447,-0.4480,-2.4996,5.4545,0.0000,1,0.2077,0.0584,4.4918,0.0018,1.000,70.00,342.76
4.6600,IMM-UKF,jink,0.500,4.00,0.050,1,0.600,1,6.3481,7.0125,0.6644,1.6441,0.3155,0.1464,0.0531,6.0000,6.1297,0.6198,48.5921,0.5934,5.9425,-28.3400,17.2835,-28.6536,17.3950,-28.7092,15.0849,-27.9500,-1.6372,-26.0003,11.3410,-0.3135,11.4525,-0.3692,9.1424,0.3900,18,0.1700,18,0,0.9538,0.0419,0.0042,3.1168,2.2432,-0.4758,-2.4340,5.4841,0.0000,1,0.2077,0.0584,4.4918,0.0018,1.000,70.00,342.76
4.6700,IMM-UKF,jink,0.500,4.00,0.050,1,0.600,1,6.3713,7.0697,0.6984,1.6676,0.3155,0.1464,0.0517,6.0000,6.1297,0.6158,49.4399,0.5945,5.3528,-28.1752,17.2835,-28.6536,17.3950,-28.7092,14.6357,-27.7550,-1.7183,-25.4619,11.9307,-0.4784,12.0422,-0.5340,9.2829,0.4202,18,0.1800,18,0,0.9538,0.0419,0.0042,3.0866,2.0438,-0.5038,-2.3680,5.5129,0.0000,1,0.2077,0.0584,4.4918,0.0018,1.000,70.00,342.76
4.6800,IMM-UKF,jink,0.500,4.00,0.050,1,0.600,1,6.3971,7.1302,0.7331,1.6917,0.3155,0.1464,0.0502,6.0000,6.1297,0.6121,50.2458,0.5956,4.7771,-27.9970,17.2835,-28.6536,17.3950,-28.7092,14.1906,-27.5440,-1.7972,-24.9303,12.5065,-0.6566,12.6180,-0.7122,9.4136,0.4529,18,0.1900,18,0,0.9538,0.0419,0.0042,3.0577,1.8465,-0.5321,-2.3017,5.5410,0.0000,1,0.2077,0.0584,4.4918,0.0018,1.000,70.00,342.76
4.6900,IMM-UKF,jink,0.500,4.00,0.050,1,0.600,1,6.4253,7.1939,0.7686,1.7165,0.3155,0.1464,0.0486,6.0000,6.1297,0.6085,51.0096,0.5967,4.2157,-27.8061,17.2835,-28.6536,17.3950,-28.7092,13.7503,-27.3177,-1.8739,-24.4049,13.0679,-0.8475,13.1794,-0.9031,9.5346,0.4884,18,0.2000,18,0,0.9538,0.0419,0.0042,3.0299,1.6513,-0.5609,-2.2350,5.5682,0.0000,1,0.2077,0.0584,4.4918,0.0018,1.000,70.00,342.76
4.7000,IMM-UKF,jink,0.500,4.00,0.050,1,0.600,1,6.4559,7.2608,0.8049,1.7418,0.3155,0.1464,0.0467,6.0000,6.1297,0.6052,51.7318,0.5978,3.6691,-27.6029,17.2835,-28.6536,17.3950,-28.7092,13.3151,-27.0764,-1.9485,-23.8848,13.6144,-1.0506,13.7259,-1.1062,9.6460,0.5266,18,0.2100,18,0,0.9538,0.0419,0.0042,3.0032,1.4583,-0.5906,-2.1681,5.5946,0.0000,1,0.2917,0.0547,4.4918,-0.0014,1.000,70.00,342.76
4.7100,IMM-UKF,jink,0.500,4.00,0.050,1,0.600,1,6.4889,7.3307,0.8418,1.7678,0.3155,0.1464,0.0448,6.0000,6.1297,0.6021,52.4128,0.5989,3.1378,-27.3882,17.2835,-28.6536,17.3950,-28.7092,12.8858,-26.8202,-2.0211,-23.3683,14.1457,-1.2653,14.2572,-1.3210,9.7480,0.5680,18,0.2200,18,0,0.9538,0.0419,0.0042,2.9777,1.2676,-0.6217,-2.1008,5.6202,0.0000,1,0.2917,0.0547,4.4918,-0.0014,1.000,70.00,342.76
4.7200,IMM-UKF,jink,0.500,4.00,0.050,1,0.600,1,6.5242,7.4035,0.8793,1.7945,0.3155,0.1464,0.0427,6.0000,6.1297,0.5993,53.0543,0.6000,2.6220,-27.1624,17.2835,-28.6536,17.3950,-28.7092,12.4627,-26.5488,-2.0917,-22.8524,14.6615,-1.4912,14.7730,-1.5468,9.8407,0.6136,18,0.2300,18,0,0.9538,0.0419,0.0042,2.9531,1.0794,-0.6548,-2.0332,5.6450,0.0000,1,0.2917,0.0547,4.4918,-0.0014,1.000,70.00,342.76
4.7300,IMM-UKF,jink,0.500,4.00,0.050,1,0.600,1,6.5617,7.4787,0.9171,1.8218,0.3155,0.1464,0.0405,6.0000,6.1297,0.5966,53.6597,0.6009,2.1220,-26.9258,17.2835,-28.6536,17.3950,-28.7092,12.0466,-26.2599,-2.1604,-22.3304,15.1615,-1.7278,15.2730,-1.7834,9.9246,0.6659,18,0.2400,18,0,0.9538,0.0419,0.0042,2.9295,0.8941,-0.6921,-1.9653,5.6690,0.0000,1,0.2917,0.0547,4.4918,-0.0014,1.000,70.00,342.76
4.7400,IMM-UKF,jink,0.500,4.00,0.050,1,0.600,1,6.6013,7.5555,0.9542,1.8497,0.3155,0.1464,0.0381,6.0000,6.1297,0.5942,54.2400,0.6018,1.6381,-26.6785,17.2835,-28.6536,17.3950,-28.7092,11.6386,-25.9463,-2.2272,-21.7841,15.6454,-1.9750,15.7569,-2.0307,10.0005,0.7322,18,0.2500,18,0,0.9538,0.0419,0.0042,2.9067,0.7134,-0.7386,-1.8971,5.6922,0.0000,1,0.2917,0.0547,4.4918,-0.0014,1.000,70.00,342.76
4.7500,IMM-UKF,jink,0.500,4.00,0.050,1,0.600,1,6.6427,7.6267,0.9840,1.8782,0.3155,0.1464,0.0357,6.0000,6.1297,0.5919,54.8710,0.6026,1.1704,-26.4189,17.2835,-28.6536,17.3950,-28.7092,11.2468,-25.5673,-2.2920,-21.1161,16.1131,-2.2347,16.2246,-2.2903,10.0764,0.8515,18,0.2600,18,0,0.9538,0.0419,0.0042,2.8841,0.5524,-0.8244,-1.8287,5.7145,0.0000,1,0.2917,0.0547,4.4918,-0.0014,1.000,70.00,342.76
4.7600,IMM-UKF,jink,0.500,4.00,0.050,1,0.600,1,6.6831,6.5012,-0.1819,1.3405,0.3116,0.1466,0.0370,6.0000,5.4660,1.0663,19.4153,0.6034,0.7209,-26.1638,3.6691,-27.6029,3.6344,-27.4275,4.3162,-26.5257,-13.5731,-19.9760,2.9482,-1.4391,2.9136,-1.2637,3.5953,-0.3618,19,0.0600,19,0,0.9764,0.0214,0.0023,2.8473,0.7215,-0.8593,-1.7600,5.7361,0.0000,1,0.2917,0.0547,4.6986,-0.0014,1.000,70.00,342.76
4.7700,IMM-UKF,jink,0.500,4.00,0.050,1,0.600,1,6.7227,6.5270,-0.1957,1.3563,0.3116,0.1466,0.0343,6.0000,5.4660,1.0664,19.4338,0.6042,0.2888,-25.9173,3.6691,-27.6029,3.6344,-27.4275,3.8582,-26.4376,-13.8418,-20.1476,3.3803,-1.6856,3.3456,-1.5102,3.5694,-0.5203,19,0.0700,19,0,0.9764,0.0214,0.0023,2.8101,0.8939,-0.8438,-1.6910,5.7568,0.0000,1,0.2917,0.0547,4.6986,-0.0014,1.000,70.00,342.76
4.7800,IMM-UKF,jink,0.500,4.00,0.050,1,0.600,1,6.7615,6.5509,-0.2106,1.3727,0.3116,0.1466,0.0316,6.0000,5.4660,1.0664,19.4939,0.6050,-0.1265,-25.6800,3.6691,-27.6029,3.6344,-27.4275,3.4138,-26.3702,-14.1114,-20.3647,3.7956,-1.9230,3.7609,-1.7475,3.5402,-0.6902,19,0.0800,19,0,0.9764,0.0214,0.0023,2.7727,1.0639,-0.8180,-1.6218,5.7766,0.0000,1,0.2917,0.0547,4.6986,-0.0014,1.000,70.00,342.76
4.7900,IMM-UKF,jink,0.500,4.00,0.050,1,0.600,1,6.7994,6.5726,-0.2269,1.3896,0.3116,0.1466,0.0287,6.0000,5.4660,1.0665,19.6013,0.6057,-0.5255,-25.4519,3.6691,-27.6029,3.6344,-27.4275,2.9822,-26.3211,-14.3822,-20.6073,4.1946,-2.1510,4.1599,-1.9756,3.5077,-0.8692,19,0.0900,19,0,0.9764,0.0214,0.0023,2.7351,1.2317,-0.7880,-1.5524,5.7957,0.0000,1,0.2917,0.0547,4.6986,-0.0014,1.000,70.00,342.76
4.8000,IMM-UKF,jink,0.500,4.00,0.050,1,0.600,1,6.8366,6.5922,-0.2444,1.4072,0.3116,0.1466,0.0258,6.0000,5.4660,1.0666,19.7619,0.6063,-0.9089,-25.2331,3.6691,-27.6029,3.6344,-27.4275,2.5626,-26.2894,-14.6548,-20.8687,4.5780,-2.3698,4.5433,-2.1944,3.4714,-1.0563,19,0.1000,19,0,0.9764,0.0214,0.0023,2.6974,1.3974,-0.7560,-1.4827,5.8139,0.0000,1,0.2917,0.0547,4.6986,-0.0014,1.000,70.00,342.76
4.8100,IMM-UKF,jink,0.500,4.00,0.050,1,0.600,1,6.8728,6.6096,-0.2632,1.4254,0.3116,0.1466,0.0229,6.0000,5.4660,1.0664,19.9824,0.6066,-1.2774,-25.0235,3.6691,-27.6029,3.6344,-27.4275,2.1542,-26.2743,-14.9293,-21.1463,4.9465,-2.5795,4.9119,-2.4040,3.4316,-1.2508,19,0.1100,19,0,0.9764,0.0214,0.0023,2.6597,1.5613,-0.7228,-1.4129,5.8313,0.0000,1,0.2917,0.0547,4.6986,-0.0014,1.000,70.00,342.76
4.8200,IMM-UKF,jink,0.500,4.00,0.050,1,0.600,1,6.9082,6.6249,-0.2832,1.4443,0.3116,0.1466,0.0203,6.0000,5.4660,1.0646,20.2732,0.6058,-1.6329,-24.8229,3.6691,-27.6029,3.6344,-27.4275,1.7563,-26.2755,-15.2064,-21.4384,5.3020,-2.7800,5.2673,-2.6046,3.3892,-1.4526,19,0.1200,19,0,0.9764,0.0214,0.0023,2.6218,1.7234,-0.6891,-1.3428,5.8478,0.0000,1,0.2917,0.0547,4.6986,-0.0014,1.000,70.00,342.76
4.8300,IMM-UKF,jink,0.500,4.00,0.050,1,0.600,1,6.9426,6.6381,-0.3045,1.4638,0.3116,0.1466,0.0175,6.0000,5.4660,1.0632,20.6307,0.6047,-1.9742,-24.6313,3.6691,-27.6029,3.6344,-27.4275,1.3683,-26.2926,-15.4862,-21.7443,5.6433,-2.9716,5.6086,-2.7962,3.3425,-1.6613,19,0.1300,19,0,0.9764,0.0214,0.0023,2.5840,1.8837,-0.6551,-1.2725,5.8635,0.0000,1,0.2917,0.0547,4.6986,-0.0014,1.000,70.00,342.76
4.8400,IMM-UKF,jink,0.500,4.00,0.050,1,0.600,1,6.9762,6.6493,-0.3269,1.4840,0.3116,0.1466,0.0150,6.0000,5.4660,1.0632,21.0528,0.6046,-2.3005,-24.4485,3.6691,-27.6029,3.6344,-27.4275,0.9896,-26.3251,-15.7692,-22.0634,5.9696,-3.1545,5.9349,-2.9790,3.2901,-1.8767,19,0.1400,19,0,0.9764,0.0214,0.0023,2.5461,2.0423,-0.6210,-1.2021,5.8784,0.0000,1,0.2917,0.0547,4.6986,-0.0014,1.000,70.00,342.76
4.8500,IMM-UKF,jink,0.500,4.00,0.050,1,0.600,1,7.0088,6.6583,-0.3505,1.5049,0.3116,0.1466,0.0126,6.0000,5.4660,1.0637,21.5470,0.6047,-2.6132,-24.2742,3.6691,-27.6029,3.6344,-27.4275,0.6194,-26.3729,-16.0557,-22.3957,6.2823,-3.3288,6.2476,-3.1533,3.2326,-2.0987,19,0.1500,19,0,0.9764,0.0214,0.0023,2.5082,2.1993,-0.5871,-1.1314,5.8924,0.0000,1,0.2917,0.0547,4.6986,-0.0014,1.000,70.00,342.76
4.8600,IMM-UKF,jink,0.500,4.00,0.050,1,0.600,1,7.0404,6.6653,-0.3751,1.5265,0.3116,0.1466,0.0100,6.0000,5.4660,1.0641,22.1178,0.6048,-2.9131,-24.1083,3.6691,-27.6029,3.6344,-27.4275,0.2573,-26.4356,-16.3462,-22.7409,6.5822,-3.4946,6.5475,-3.3192,3.1704,-2.3273,19,0.1600,19,0,0.9764,0.0214,0.0023,2.4704,2.3547,-0.5532,-1.0607,5.9055,0.0000,1,0.2917,0.0547,4.6986,-0.0014,1.000,70.00,342.76
4.8700,IMM-UKF,jink,0.500,4.00,0.050,1,0.600,1,7.0710,6.6702,-0.4008,1.5488,0.3116,0.1466,0.0074,6.0000,5.4660,1.0645,22.7670,0.6048,-3.2007,-23.9507,3.6691,-27.6029,3.6344,-27.4275,-0.0973,-26.5130,-16.6410,-23.0990,6.8698,-3.6522,6.8351,-3.4768,3.1034,-2.5622,19,0.1700,19,0,0.9764,0.0214,0.0023,2.4326,2.5085,-0.5197,-0.9897,5.9178,0.0000,1,0.2917,0.0547,4.6986,-0.0014,1.000,70.00,342.76
4.8800,IMM-UKF,jink,0.500,4.00,0.050,1,0.600,1,7.1006,6.6731,-0.4275,1.5718,0.3116,0.1466,0.0047,6.0000,5.4660,1.0648,23.4956,0.6049,-3.4763,-23.8012,3.6691,-27.6029,3.6344,-27.4275,-0.4450,-26.6049,-16.9406,-23.4701,7.1454,-3.8017,7.1107,-3.6263,3.0313,-2.8036,19,0.1800,19,0,0.9764,0.0214,0.0023,2.3950,2.6607,-0.4864,-0.9186,5.9293,0.0000,1,0.2917,0.0547,4.6986,-0.0014,1.000,70.00,342.76
4.8900,IMM-UKF,jink,0.500,4.00,0.050,1,0.600,1,7.1292,6.6741,-0.4551,1.5956,0.3116,0.1466,0.0020,6.0000,5.4660,1.0652,24.3043,0.6050,-3.7402,-23.6597,3.6691,-27.6029,3.6344,-27.4275,-0.7862,-26.7110,-17.2454,-23.8541,7.4093,-3.9433,7.3746,-3.7678,2.9540,-3.0514,19,0.1900,19,0,0.9764,0.0214,0.0023,2.3574,2.8113,-0.4535,-0.8474,5.9399,0.0000,1,0.2917,0.0547,4.6986,-0.0014,1.000,70.00,342.76
4.9000,IMM-UKF,jink,0.500,4.00,0.050,1,0.600,1,7.1567,6.6731,-0.4836,1.6201,0.3116,0.1466,0.0008,6.0000,5.4660,1.0655,25.1934,0.6051,-3.9929,-23.5259,3.6691,-27.6029,3.6344,-27.4275,-1.1216,-26.8314,-17.5559,-24.2514,7.6620,-4.0771,7.6273,-3.9016,2.8713,-3.3055,19,0.2000,19,0,0.9764,0.0214,0.0023,2.3200,2.9605,-0.4209,-0.7761,5.9496,0.0000,1,0.2917,0.0547,4.6986,-0.0014,1.000,70.00,342.76
4.9100,IMM-UKF,jink,0.500,4.00,0.050,1,0.600,1,7.1832,6.6702,-0.5130,1.6453,0.3116,0.1466,0.0036,6.0000,5.4660,1.0658,26.1625,0.6052,-4.2346,-23.3997,3.6691,-27.6029,3.6344,-27.4275,-1.4515,-26.9658,-17.8725,-24.6620,7.9037,-4.2032,7.8690,-4.0278,2.7831,-3.5660,19,0.2100,19,0,0.9764,0.0214,0.0023,2.2827,3.1081,-0.3887,-0.7046,5.9585,0.0000,1,0.2917,0.0547,4.6986,-0.0014,1.000,70.00,342.76
4.9200,IMM-UKF,jink,0.500,4.00,0.050,1,0.600,1,7.2086,6.6653,-0.5433,1.6713,0.3116,0.1466,0.0065,6.0000,5.4660,1.0660,27.2116,0.6053,-4.4656,-23.2811,3.6691,-27.6029,3.6344,-27.4275,-1.7764,-27.1141,-18.1959,-25.0860,8.1347,-4.3219,8.1000,-4.1464,2.6892,-3.8330,19,0.2200,19,0,0.9764,0.0214,0.0023,2.2457,3.2543,-0.3570,-0.6331,5.9665,0.0000,1,0.2917,0.0547,4.6986,-0.0014,1.000,70.00,342.76
4.9300,IMM-UKF,jink,0.500,4.00,0.050,1,0.600,1,7.2329,6.6587,-0.5742,1.6980,0.3116,0.1466,0.0080,6.0000,5.4660,1.0601,28.3564,0.6016,-4.6923,-23.1697,3.6691,-27.6029,3.6344,-27.4275,-2.0969,-27.2762,-18.5264,-25.5238,8.3614,-4.4332,8.3268,-4.2578,2.5954,-4.1065,19,0.2300,19,0,0.9764,0.0214,0.0023,2.2088,3.3990,-0.3257,-0.5614,5.9737,0.0000,1,0.2917,0.0547,4.6986,-0.0014,1.000,70.00,342.76
4.9400,IMM-UKF,jink,0.500,4.00,0.050,1,0.600,1,7.2561,6.6501,-0.6060,1.7254,0.3116,0.1466,0.0080,6.0000,5.4660,1.0513,29.5934,0.5991,-4.9156,-23.0657,3.6691,-27.6029,3.6344,-27.4275,-2.4133,-27.4521,-18.8649,-25.9754,8.5847,-4.5372,8.5500,-4.3618,2.5023,-4.3864,19,0.2400,19,0,0.9764,0.0214,0.0023,2.1721,3.5423,-0.2949,-0.4897,5.9800,0.0000,1,0.2917,0.0547,4.6986,-0.0014,1.000,70.00,342.76
4.9500,IMM-UKF,jink,0.500,4.00,0.050,1,0.600,1,7.2782,6.6398,-0.6384,1.7536,0.3116,0.1466,0.0079,6.0000,5.4660,1.0486,30.9005,0.6026,-5.1283,-22.9690,3.6691,-27.6029,3.6344,-27.4275,-2.7262,-27.6417,-19.2117,-26.4412,8.7974,-4.6339,8.7628,-4.4585,2.4022,-4.6727,19,0.2500,19,0,0.9764,0.0214,0.0023,2.1357,3.6842,-0.2645,-0.4179,5.9854,0.0000,1,0.2917,0.0547,4.6986,-0.0014,1.000,70.00,342.76
4.9600,IMM-UKF,jink,0.500,4.00,0.050,1,0.600,1,7.2992,6.6278,-0.6714,1.7825,0.3116,0.1466,0.0051,6.0000,5.4660,1.0507,32.2554,0.6004,-5.3193,-22.8792,3.6691,-27.6029,3.6344,-27.4275,-3.0359,-27.8450,-19.5677,-26.9212,8.9884,-4.7237,8.9537,-4.5483,2.2833,-4.9657,19,0.2600,19,0,0.9764,0.0214,0.0023,2.0996,3.8247,-0.2346,-0.3461,5.9900,0.0000,1,0.2917,0.0547,4.6986,-0.0014,1.000,70.00,342.76
4.9700,IMM-UKF,jink,0.500,4.00,0.050,1,0.600,1,7.3190,6.6140,-0.7050,1.8121,0.3116,0.1466,0.0025,6.0000,5.4660,1.0526,33.6881,0.5983,-5.5008,-22.7963,3.6691,-27.6029,3.6344,-27.4275,-3.3430,-28.0619,-19.9334,-27.4159,9.1699,-4.8067,9.1352,-4.6312,2.1578,-5.2657,19,0.2700,19,0,0.9764,0.0214,0.0023,2.0637,3.9637,-0.2051,-0.2742,5.9937,0.0000,1,0.2917,0.0547,4.6986,-0.0014,1.000,70.00,342.76
4.9800,IMM-UKF,jink,0.500,4.00,0.050,1,0.600,1,7.3377,6.5985,-0.7392,1.8424,0.3116,0.1466,0.0001,6.0000,5.4660,1.0544,35.1985,0.5963,-5.6732,-22.7200,3.6691,-27.6029,3.6344,-27.4275,-3.6479,-28.2926,-20.3096,-27.9254,9.3423,-4.8829,9.3076,-4.7075,2.0253,-5.5725,19,0.2800,19,0,0.9764,0.0214,0.0023,2.0281,4.1014,-0.1761,-0.2022,5.9966,0.0000,1,0.2917,0.0547,4.6986,-0.0014,1.000,70.00,342.76
4.9900,IMM-UKF,jink,0.500,4.00,0.050,1,0.600,1,7.3552,6.5814,-0.7738,1.8734,0.3116,0.1466,0.0026,6.0000,5.4660,1.0562,36.7864,0.5944,-5.8366,-22.6504,3.6691,-27.6029,3.6344,-27.4275,-3.9509,-28.5369,-20.6972,-28.4500,9.5057,-4.9526,9.4710,-4.7771,1.8857,-5.8866,19,0.2900,19,0,0.9764,0.0214,0.0023,1.9928,4.2378,-0.1477,-0.1302,5.9986,0.0000,1,0.2917,0.0547,4.6986,-0.0014,1.000,70.00,342.76
5.0000,IMM-UKF,jink,0.500,4.00,0.050,1,0.600,1,7.3716,6.5627,-0.8089,1.9051,0.3116,0.1466,0.0050,6.0000,5.4660,1.0579,38.4521,0.5926,-5.9913,-22.5872,3.6691,-27.6029,3.6344,-27.4275,-4.2527,-28.7950,-21.0968,-28.9899,9.6604,-5.0158,9.6258,-4.8403,1.7386,-6.2078,19,0.3000,19,0,0.9764,0.0214,0.0023,1.9579,4.3728,-0.1197,-0.0583,5.9997,0.0000,1,0.2780,0.0582,4.6986,0.0018,1.000,70.00,342.76
5.0100,IMM-UKF,jink,0.500,4.00,0.050,1,0.600,1,7.3868,6.5425,-0.8444,1.9375,0.3116,0.1466,0.0073,6.0000,5.4660,1.0596,40.1959,0.5908,-6.1375,-22.5304,3.6691,-27.6029,3.6344,-27.4275,-4.5536,-29.0669,-21.5096,-29.5453,9.8066,-5.0725,9.7719,-4.8971,1.5839,-6.5365,19,0.3100,19,0,0.9764,0.0214,0.0023,1.9233,4.5065,-0.0922,0.0137,6.0000,0.0000,1,0.2780,0.0582,4.6986,0.0018,1.000,70.00,342.76
5.0200,IMM-UKF,jink,0.500,4.00,0.050,1,0.600,1,7.4009,6.5207,-0.8802,1.9706,0.3116,0.1466,0.0095,6.0000,5.4660,1.0611,42.0184,0.5891,-6.2753,-22.4799,3.6691,-27.6029,3.6344,-27.4275,-4.8541,-29.3527,-21.9363,-30.1165,9.9444,-5.1230,9.9098,-4.9476,1.4212,-6.8728,19,0.3200,19,0,0.9764,0.0214,0.0023,1.8890,4.6389,-0.0652,0.0857,5.9994,0.0000,1,0.2780,0.0582,4.6986,0.0018,1.000,70.00,342.76
5.0300,IMM-UKF,jink,0.500,4.00,0.050,1,0.600,1,7.4137,6.4974,-0.9163,2.0043,0.3116,0.1466,0.0117,6.0000,5.4660,1.0626,43.9202,0.5875,-6.4050,-22.4356,3.6691,-27.6029,3.6344,-27.4275,-5.1547,-29.6525,-22.3780,-30.7038,10.0741,-5.1673,10.0394,-4.9919,1.2503,-7.2169,19,0.3300,19,0,0.9764,0.0214,0.0023,1.8552,4.7700,-0.0386,0.1577,5.9979,0.0000,1,0.2780,0.0582,4.6986,0.0018,1.000,70.00,342.76
5.0400,IMM-UKF,jink,0.500,4.00,0.050,1,0.600,1,7.4254,6.4727,-0.9527,2.0386,0.3116,0.1466,0.0137,6.0000,5.4660,1.0640,45.9023,0.5860,-6.5266,-22.3974,3.6691,-27.6029,3.6344,-27.4275,-5.4558,-29.9663,-22.8359,-31.3072,10.1957,-5.2055,10.1610,-5.0300,1.0707,-7.5689,19,0.3400,19,0,0.9764,0.0214,0.0023,1.8217,4.8999,-0.0126,0.2297,5.9956,0.0000,1,0.2780,0.0582,4.6986,0.0018,1.000,70.00,342.76
5.0500,IMM-UKF,jink,0.500,4.00,0.050,1,0.600,1,7.4358,6.4466,-0.9893,2.0736,0.3116,0.1466,0.0157,6.0000,5.4660,1.0653,47.9659,0.5846,-6.6403,-22.3653,3.6691,-27.6029,3.6344,-27.4275,-5.7580,-30.2943,-23.3110,-31.9271,10.3094,-5.2376,10.2747,-5.0622,0.8822,-7.9290,19,0.3500,19,0,0.9764,0.0214,0.0023,1.7886,5.0285,0.0129,0.3016,5.9924,0.0000,1,0.2780,0.0582,4.6986,0.0018,1.000,70.00,342.76
5.0600,IMM-UKF,jink,0.500,4.00,0.050,1,0.600,1,7.4451,6.7617,-0.6834,1.1666,0.3157,0.1476,0.0136,6.0000,6.6366,0.8201,7.3534,0.5834,-6.7466,-22.3392,-5.9913,-22.5872,-6.0122,-22.7240,-7.7694,-23.1271,-23.3010,-17.4408,0.7553,-0.2480,0.7345,-0.3849,-1.0227,-0.7879,20,0.0600,20,0,0.9876,0.0107,0.0017,1.7560,5.1558,0.0379,0.3735,5.9884,0.0000,1,0.2780,0.0582,5.0018,0.0018,1.000,70.00,342.76
5.0700,IMM-UKF,jink,0.500,4.00,0.050,1,0.600,1,7.4532,6.7658,-0.6874,1.1818,0.3157,0.1476,0.0157,6.0000,6.6366,0.8183,8.2999,0.5830,-6.8463,-22.3189,-5.9913,-22.5872,-6.0122,-22.7240,-8.1180,-23.0589,-23.6572,-17.5951,0.8549,-0.2683,0.8341,-0.4051,-1.2717,-0.7400,20,0.0700,20,0,0.9876,0.0107,0.0017,1.7238,5.2819,0.0624,0.4453,5.9835,0.0000,1,0.2780,0.0582,5.0018,0.0018,1.000,70.00,342.76
5.0800,IMM-UKF,jink,0.500,4.00,0.050,1,0.600,1,7.4601,6.7679,-0.6921,1.1976,0.3157,0.1476,0.0177,6.0000,6.6366,0.8165,9.3989,0.5824,-6.9384,-22.3045,-5.9913,-22.5872,-6.0122,-22.7240,-8.4636,-23.0019,-24.0211,-17.7561,0.9471,-0.2827,0.9263,-0.4195,-1.5252,-0.6974,20,0.0800,20,0,0.9876,0.0107,0.0017,1.6921,5.4068,0.0864,0.5171,5.9777,0.0000,1,0.2780,0.0582,5.0018,0.0018,1.000,70.00,342.76
5.0900,IMM-UKF,jink,0.500,4.00,0.050,1,0.600,1,7.4657,6.7682,-0.6975,1.2140,0.3157,0.1476,0.0197,6.0000,6.6366,0.8149,10.6138,0.5817,-7.0229,-22.2959,-5.9913,-22.5872,-6.0122,-22.7240,-8.8066,-22.9556,-24.3934,-17.9238,1.0315,-0.2913,1.0107,-0.4281,-1.7838,-0.6597,20,0.0900,20,0,0.9876,0.0107,0.0017,1.6608,5.5305,0.1099,0.5888,5.9710,0.0000,1,0.2780,0.0582,5.0018,0.0018,1.000,70.00,342.76
5.1000,IMM-UKF,jink,0.500,4.00,0.050,1,0.600,1,7.4702,6.7666,-0.7036,1.2311,0.3157,0.1476,0.0219,6.0000,6.6366,0.8141,11.9219,0.5804,-7.0992,-22.2930,-5.9913,-22.5872,-6.0122,-22.7240,-9.1476,-22.9198,-24.7745,-18.0983,1.1079,-0.2942,1.0871,-0.4310,-2.0484,-0.6268,20,0.1000,20,0,0.9876,0.0107,0.0017,1.6300,5.6530,0.1329,0.6604,5.9635,0.0000,1,0.2780,0.0582,5.0018,0.0018,1.000,70.00,342.76
5.1100,IMM-UKF,jink,0.500,4.00,0.050,1,0.600,1,7.4734,6.7632,-0.7103,1.2488,0.3157,0.1476,0.0239,6.0000,6.6366,0.8134,13.3024,0.5792,-7.1685,-22.2958,-5.9913,-22.5872,-6.0122,-22.7240,-9.4870,-22.8942,-25.1650,-18.2794,1.1771,-0.2914,1.1563,-0.4282,-2.3185,-0.5984,20,0.1100,20,0,0.9876,0.0107,0.0017,1.5997,5.7744,0.1553,0.7319,5.9552,0.0000,1,0.2780,0.0582,5.0018,0.0018,1.000,70.00,342.76
5.1200,IMM-UKF,jink,0.500,4.00,0.050,1,0.600,1,7.4755,6.7579,-0.7175,1.2673,0.3157,0.1476,0.0259,6.0000,6.6366,0.8127,14.7449,0.5780,-7.2307,-22.3042,-5.9913,-22.5872,-6.0122,-22.7240,-9.8252,-22.8787,-25.5653,-18.4672,1.2393,-0.2829,1.2185,-0.4198,-2.5945,-0.5745,20,0.1200,20,0,0.9876,0.0107,0.0017,1.5699,5.8946,0.1772,0.8033,5.9460,0.0000,1,0.2780,0.0582,5.0018,0.0018,1.000,70.00,342.76
5.1300,IMM-UKF,jink,0.500,4.00,0.050,1,0.600,1,7.4763,6.7509,-0.7254,1.2864,0.3157,0.1476,0.0278,6.0000,6.6366,0.8121,16.2429,0.5770,-7.2859,-22.3183,-5.9913,-22.5872,-6.0122,-22.7240,-10.1627,-22.8730,-25.9761,-18.6617,1.2946,-0.2689,1.2738,-0.4058,-2.8767,-0.5548,20,0.1300,20,0,0.9876,0.0107,0.0017,1.5406,6.0136,0.1987,0.8746,5.9359,0.0000,1,0.2780,0.0582,5.0018,0.0018,1.000,70.00,342.76
5.1400,IMM-UKF,jink,0.500,4.00,0.050,1,0.600,1,7.4759,6.7421,-0.7338,1.3063,0.3157,0.1476,0.0296,6.0000,6.6366,0.8116,17.7926,0.5760,-7.3343,-22.3378,-5.9913,-22.5872,-6.0122,-22.7240,-10.4999,-22.8769,-26.3979,-18.8626,1.3430,-0.2493,1.3222,-0.3862,-3.1656,-0.5391,20,0.1400,20,0,0.9876,0.0107,0.0017,1.5119,6.1315,0.2195,0.9458,5.9250,0.0000,1,0.2780,0.0582,5.0018,0.0018,1.000,70.00,342.76
5.1500,IMM-UKF,jink,0.500,4.00,0.050,1,0.600,1,7.4743,6.7316,-0.7427,1.3269,0.3157,0.1476,0.0314,6.0000,6.6366,0.8111,19.3920,0.5750,-7.3760,-22.3629,-5.9913,-22.5872,-6.0122,-22.7240,-10.8374,-22.8902,-26.8313,-19.0701,1.3846,-0.2243,1.3638,-0.3611,-3.4615,-0.5273,20,0.1500,20,0,0.9876,0.0107,0.0017,1.4837,6.2483,0.2399,1.0168,5.9132,0.0000,1,0.2780,0.0582,5.0018,0.0018,1.000,70.00,342.76
5.1600,IMM-UKF,jink,0.500,4.00,0.050,1,0.600,1,7.4715,6.7193,-0.7521,1.3482,0.3157,0.1476,0.0331,6.0000,6.6366,0.8108,21.0401,0.5742,-7.4109,-22.3935,-5.9913,-22.5872,-6.0122,-22.7240,-11.1756,-22.9127,-27.2771,-19.2841,1.4196,-0.1937,1.3987,-0.3305,-3.7647,-0.5192,20,0.1600,20,0,0.9876,0.0107,0.0017,1.4560,6.3640,0.2597,1.0877,5.9006,0.0000,1,0.2780,0.0582,5.0018,0.0018,1.000,70.00,342.76
5.1700,IMM-UKF,jink,0.500,4.00,0.050,1,0.600,1,7.4674,6.7054,-0.7620,1.3703,0.3157,0.1476,0.0347,6.0000,6.6366,0.8105,22.7372,0.5734,-7.4392,-22.4296,-5.9913,-22.5872,-6.0122,-22.7240,-11.5149,-22.9441,-27.7358,-19.5044,1.4478,-0.1576,1.4270,-0.2945,-4.0757,-0.5146,20,0.1700,20,0,0.9876,0.0107,0.0017,1.4289,6.4786,0.2790,1.1584,5.8871,0.0000,1,0.2780,0.0582,5.0018,0.0018,1.000,70.00,342.76
5.1800,IMM-UKF,jink,0.500,4.00,0.050,1,0.600,1,7.4622,6.6898,-0.7724,1.3932,0.3157,0.1476,0.0363,6.0000,6.6366,0.8102,24.4836,0.5727,-7.4609,-22.4711,-5.9913,-22.5872,-6.0122,-22.7240,-11.8557,-22.9844,-28.2082,-19.7310,1.4695,-0.1161,1.4487,-0.2529,-4.3949,-0.5133,20,0.1800,20,0,0.9876,0.0107,0.0017,1.4025,6.5921,0.2977,1.2290,5.8728,0.0000,1,0.2780,0.0582,5.0018,0.0018,1.000,70.00,342.76
5.1900,IMM-UKF,jink,0.500,4.00,0.050,1,0.600,1,7.4558,6.6726,-0.7831,1.4168,0.3157,0.1476,0.0377,6.0000,6.6366,0.8101,26.2806,0.5720,-7.4761,-22.5181,-5.9913,-22.5872,-6.0122,-22.7240,-12.1987,-23.0334,-28.6950,-19.9637,1.4847,-0.0691,1.4639,-0.2060,-4.7226,-0.5153,20,0.1900,20,0,0.9876,0.0107,0.0017,1.3766,6.7045,0.3158,1.2994,5.8576,0.0000,1,0.2780,0.0582,5.0018,0.0018,1.000,70.00,342.76
5.2000,IMM-UKF,jink,0.500,4.00,0.050,1,0.600,1,7.4481,6.6538,-0.7943,1.4412,0.3157,0.1476,0.0391,6.0000,6.6366,0.8099,28.1295,0.5714,-7.4848,-22.5704,-5.9913,-22.5872,-6.0122,-22.7240,-12.5441,-23.0908,-29.1970,-20.2025,1.4934,-0.0167,1.4726,-0.1536,-5.0594,-0.5204,20,0.2000,20,0,0.9876,0.0107,0.0017,1.3513,6.8159,0.3334,1.3696,5.8416,0.0000,1,0.2780,0.0582,5.0018,0.0018,1.000,70.00,342.76
5.2100,IMM-UKF,jink,0.500,4.00,0.050,1,0.600,1,7.4392,6.6334,-0.8059,1.4664,0.3157,0.1476,0.0405,6.0000,6.6366,0.8099,30.0321,0.5709,-7.4871,-22.6283,-5.9913,-22.5872,-6.0122,-22.7240,-12.8926,-23.1566,-29.7150,-20.4471,1.4957,0.0411,1.4749,-0.0958,-5.4056,-0.5284,20,0.2100,20,0,0.9876,0.0107,0.0017,1.3267,6.9262,0.3504,1.4396,5.8247,0.0000,1,0.2780,0.0582,5.0018,0.0018,1.000,70.00,342.76
5.2200,IMM-UKF,jink,0.500,4.00,0.050,1,0.600,1,7.4292,6.6114,-0.8177,1.4923,0.3157,0.1476,0.0418,6.0000,6.6366,0.8100,31.9902,0.5704,-7.4830,-22.6915,-5.9913,-22.5872,-6.0122,-22.7240,-13.2446,-23.2306,-30.2498,-20.6974,1.4916,0.1043,1.4708,-0.0325,-5.7617,-0.5391,20,0.2200,20,0,0.9876,0.0107,0.0017,1.3026,7.0356,0.3667,1.5094,5.8071,0.0000,1,0.2780,0.0582,5.0018,0.0018,1.000,70.00,342.76
5.2300,IMM-UKF,jink,0.500,4.00,0.050,1,0.600,1,7.4179,6.5880,-0.8300,1.5190,0.3157,0.1476,0.0430,6.0000,6.6366,0.8100,34.0061,0.5701,-7.4725,-22.7601,-5.9913,-22.5872,-6.0122,-22.7240,-13.6006,-23.3125,-30.8023,-20.9531,1.4812,0.1729,1.4603,0.0361,-6.1281,-0.5524,20,0.2300,20,0,0.9876,0.0107,0.0017,1.2793,7.1438,0.3825,1.5789,5.7885,0.0000,1,0.2780,0.0582,5.0018,0.0018,1.000,70.00,342.76
5.2400,IMM-UKF,jink,0.500,4.00,0.050,1,0.600,1,7.4055,6.5630,-0.8425,1.5465,0.3157,0.1476,0.0442,6.0000,6.6366,0.8102,36.0820,0.5697,-7.4557,-22.8342,-5.9913,-22.5872,-6.0122,-22.7240,-13.9612,-23.4022,-31.3733,-21.2140,1.4644,0.2470,1.4436,0.1101,-6.5055,-0.5680,20,0.2400,20,0,0.9876,0.0107,0.0017,1.2566,7.2511,0.3976,1.6483,5.7692,0.0000,1,0.2780,0.0582,5.0018,0.0018,1.000,70.00,342.76
5.2500,IMM-UKF,jink,0.500,4.00,0.050,1,0.600,1,7.3918,6.5366,-0.8552,1.5747,0.3157,0.1476,0.0453,6.0000,6.6366,0.8105,38.2205,0.5695,-7.4326,-22.9137,-5.9913,-22.5872,-6.0122,-22.7240,-14.3268,-23.4996,-31.9640,-21.4797,1.4413,0.3265,1.4205,0.1896,-6.8942,-0.5859,20,0.2500,20,0,0.9876,0.0107,0.0017,1.2345,7.3574,0.4121,1.7174,5.7490,0.0000,1,0.2780,0.0582,5.0018,0.0018,1.000,70.00,342.76
5.2600,IMM-UKF,jink,0.500,4.00,0.050,1,0.600,1,7.3770,6.5087,-0.8682,1.6036,0.3157,0.1476,0.0463,6.0000,6.6366,0.8107,40.4242,0.5693,-7.4032,-22.9986,-5.9913,-22.5872,-6.0122,-22.7240,-14.6980,-23.6044,-32.5752,-21.7499,1.4119,0.4114,1.3911,0.2746,-7.2948,-0.6059,20,0.2600,20,0,0.9876,0.0107,0.0017,1.2132,7.4627,0.4259,1.7862,5.7279,0.0000,1,0.2780,0.0582,5.0018,0.0018,1.000,70.00,342.76
5.2700,IMM-UKF,jink,0.500,4.00,0.050,1,0.600,1,7.3609,6.4795,-0.8814,1.6333,0.3157,0.1476,0.0473,6.0000,6.6366,0.8110,42.6961,0.5691,-7.3676,-23.0890,-5.9913,-22.5872,-6.0122,-22.7240,-15.0754,-23.7165,-33.2079,-22.0241,1.3762,0.5018,1.3554,0.3649,-7.7078,-0.6276,20,0.2700,20,0,0.9876,0.0107,0.0017,1.1925,7.5671,0.4390,1.8548,5.7061,0.0000,1,0.2780,0.0582,5.0018,0.0018,1.000,70.00,342.76
5.2800,IMM-UKF,jink,0.500,4.00,0.050,1,0.600,1,7.3437,6.4489,-0.8949,1.6637,0.3157,0.1476,0.0482,6.0000,6.6366,0.8114,45.0391,0.5690,-7.3256,-23.1848,-5.9913,-22.5872,-6.0122,-22.7240,-15.4595,-23.8356,-33.8632,-22.3018,1.3343,0.5976,1.3134,0.4608,-8.1339,-0.6509,20,0.2800,20,0,0.9876,0.0107,0.0017,1.1726,7.6704,0.4513,1.9232,5.6834,0.0000,1,0.2624,0.0488,5.0018,0.0011,1.000,70.00,342.76
5.2900,IMM-UKF,jink,0.500,4.00,0.050,1,0.600,1,7.3253,6.4169,-0.9084,1.6949,0.3157,0.1476,0.0491,6.0000,6.6366,0.8119,47.4565,0.5690,-7.2774,-23.2861,-5.9913,-22.5872,-6.0122,-22.7240,-15.8510,-23.9615,-34.5423,-22.5824,1.2860,0.6989,1.2652,0.5621,-8.5736,-0.6754,20,0.2900,20,0,0.9876,0.0107,0.0017,1.1533,7.7729,0.4629,1.9912,5.6599,0.0000,1,0.2624,0.0488,5.0018,0.0011,1.000,70.00,342.76
5.3000,IMM-UKF,jink,0.500,4.00,0.050,1,0.600,1,7.3058,6.3836,-0.9221,1.7267,0.3157,0.1476,0.0499,6.0000,6.6366,0.8124,49.9516,0.5690,-7.2229,-23.3929,-5.9913,-22.5872,-6.0122,-22.7240,-16.2505,-24.0940,-35.2462,-22.8651,1.2315,0.8057,1.2107,0.6689,-9.0276,-0.7010,20,0.3000,20,0,0.9876,0.0107,0.0017,1.1349,7.8743,0.4736,2.0590,5.6356,0.0000,1,0.2624,0.0488,5.0018,0.0011,1.000,70.00,342.76
5.3100,IMM-UKF,jink,0.500,4.00,0.050,1,0.600,1,7.2850,6.3491,-0.9360,1.7593,0.3157,0.1476,0.0507,6.0000,6.6366,0.8130,52.5280,0.5691,-7.1621,-23.5052,-5.9913,-22.5872,-6.0122,-22.7240,-16.6586,-24.2326,-35.9762,-23.1492,1.1707,0.9181,1.1499,0.7812,-9.4965,-0.7273,20,0.3100,20,0,0.9876,0.0107,0.0017,1.1171,7.9749,0.4834,2.1265,5.6105,0.0000,1,0.2624,0.0488,5.0018,0.0011,1.000,70.00,342.76
5.3200,IMM-UKF,jink,0.500,4.00,0.050,1,0.600,1,7.2632,6.3133,-0.9499,1.7925,0.3157,0.1476,0.0514,6.0000,6.6366,0.8136,55.1897,0.5693,-7.0950,-23.6231,-5.9913,-22.5872,-6.0122,-22.7240,-17.0760,-24.3770,-36.7333,-23.4335,1.1036,1.0359,1.0828,0.8991,-9.9811,-0.7539,20,0.3200,20,0,0.9876,0.0107,0.0017,1.1002,8.0745,0.4923,2.1937,5.5846,0.0000,1,0.2624,0.0488,5.0018,0.0011,1.000,70.00,342.76
5.3300,IMM-UKF,jink,0.500,4.00,0.050,1,0.600,1,7.2401,6.4613,-0.7788,1.1007,0.3160,0.1452,0.0517,6.0000,6.8681,1.4688,17.2760,0.5695,-7.0215,-23.7465,-7.3256,-23.1848,-7.0691,-23.1111,-10.1320,-23.3078,-19.6458,-23.2923,-0.3041,0.5617,-0.0476,0.6354,-3.1105,0.4387,21,0.0500,21,0,0.9925,0.0065,0.0010,1.0840,8.1732,0.5002,2.2605,5.5579,0.0000,1,0.2624,0.0488,5.2812,0.0011,1.000,70.00,342.76
5.3400,IMM-UKF,jink,0.500,4.00,0.050,1,0.600,1,7.2159,6.4446,-0.7713,1.1153,0.3160,0.1452,0.0524,6.0000,6.8681,1.4668,18.7519,0.5697,-6.9417,-23.8755,-7.3256,-23.1848,-7.0691,-23.1111,-10.3082,-23.3364,-19.9626,-23.5282,-0.3839,0.6907,-0.1274,0.7644,-3.3665,0.5390,21,0.0600,21,0,0.9925,0.0065,0.0010,1.0686,8.2711,0.5070,2.3271,5.5304,0.0000,1,0.2624,0.0488,5.2812,0.0011,1.000,70.00,342.76
5.3500,IMM-UKF,jink,0.500,4.00,0.050,1,0.600,1,7.1905,6.4262,-0.7644,1.1305,0.3160,0.1452,0.0529,6.0000,6.8681,1.4649,20.2756,0.5700,-6.8555,-24.0100,-7.3256,-23.1848,-7.0691,-23.1111,-10.4863,-23.3722,-20.2936,-23.7681,-0.4700,0.8252,-0.2136,0.8989,-3.6308,0.6378,21,0.0700,21,0,0.9925,0.0065,0.0010,1.0540,8.3680,0.5125,2.3933,5.5020,0.0000,1,0.2624,0.0488,5.2812,0.0011,1.000,70.00,342.76
5.3600,IMM-UKF,jink,0.500,4.00,0.050,1,0.600,1,7.1640,6.4061,-0.7579,1.1463,0.3160,0.1452,0.0535,6.0000,6.8681,1.4629,21.8478,0.5704,-6.7629,-24.1502,-7.3256,-23.1848,-7.0691,-23.1111,-10.6667,-23.4147,-20.6398,-24.0111,-0.5627,0.9654,-0.3062,1.0391,-3.9038,0.7354,21,0.0800,21,0,0.9925,0.0065,0.0010,1.0402,8.4640,0.5167,2.4591,5.4729,0.0000,1,0.2624,0.0488,5.2812,0.0011,1.000,70.00,342.76
5.3700,IMM-UKF,jink,0.500,4.00,0.050,1,0.600,1,7.1363,6.3844,-0.7520,1.1627,0.3160,0.1452,0.0539,6.0000,6.8681,1.4609,23.4696,0.5709,-6.6638,-24.2959,-7.3256,-23.1848,-7.0691,-23.1111,-10.8499,-23.4634,-21.0022,-24.2558,-0.6618,1.1111,-0.4053,1.1848,-4.1860,0.8325,21,0.0900,21,0,0.9925,0.0065,0.0010,1.0272,8.5592,0.5194,2.5246,5.4430,0.0000,1,0.2624,0.0488,5.2812,0.0011,1.000,70.00,342.76
5.3800,IMM-UKF,jink,0.500,4.00,0.050,1,0.600,1,7.1075,6.3610,-0.7466,1.1798,0.3160,0.1452,0.0544,6.0000,6.8681,1.4588,25.1432,0.5713,-6.5582,-24.4472,-7.3256,-23.1848,-7.0691,-23.1111,-11.0361,-23.5178,-21.3820,-24.5005,-0.7674,1.2624,-0.5109,1.3361,-4.4779,0.9295,21,0.1000,21,0,0.9925,0.0065,0.0010,1.0151,8.6535,0.5202,2.5897,5.4123,0.0000,1,0.2624,0.0488,5.2812,0.0011,1.000,70.00,342.76
5.3900,IMM-UKF,jink,0.500,4.00,0.050,1,0.600,1,7.0776,6.3360,-0.7416,1.1976,0.3160,0.1452,0.0549,6.0000,6.8681,1.4596,26.8684,0.5719,-6.4465,-24.6041,-7.3256,-23.1848,-7.0691,-23.1111,-11.2258,-23.5770,-21.7802,-24.7429,-0.8791,1.4193,-0.6227,1.4930,-4.7794,1.0271,21,0.1100,21,0,0.9925,0.0065,0.0010,1.0038,8.7469,0.5190,2.6545,5.3809,0.0000,1,0.2624,0.0488,5.2812,0.0011,1.000,70.00,342.76
5.4000,IMM-UKF,jink,0.500,4.00,0.050,1,0.600,1,7.0465,6.3093,-0.7373,1.2161,0.3160,0.1452,0.0555,6.0000,6.8681,1.4625,28.6492,0.5728,-6.3285,-24.7664,-7.3256,-23.1848,-7.0691,-23.1111,-11.4196,-23.6401,-22.1982,-24.9797,-0.9971,1.5816,-0.7406,1.6553,-5.0910,1.1263,21,0.1200,21,0,0.9925,0.0065,0.0010,0.9935,8.8395,0.5153,2.7189,5.3486,0.0000,1,0.2624,0.0488,5.2812,0.0011,1.000,70.00,342.76
5.4100,IMM-UKF,jink,0.500,4.00,0.050,1,0.600,1,7.0143,6.2809,-0.7334,1.2354,0.3160,0.1452,0.0560,6.0000,6.8681,1.4655,30.4920,0.5736,-6.2039,-24.9341,-7.3256,-23.1848,-7.0691,-23.1111,-11.6177,-23.7059,-22.6370,-25.2063,-1.1217,1.7493,-0.8653,1.8230,-5.4138,1.2282,21,0.1300,21,0,0.9925,0.0065,0.0010,0.9840,8.9311,0.5084,2.7829,5.3156,0.0000,1,0.2624,0.0488,5.2812,0.0011,1.000,70.00,342.76
5.4200,IMM-UKF,jink,0.500,4.00,0.050,1,0.600,1,6.9809,6.2507,-0.7302,1.2553,0.3160,0.1452,0.0565,6.0000,6.8681,1.4684,32.4025,0.5743,-6.0724,-25.1071,-7.3256,-23.1848,-7.0691,-23.1111,-11.8206,-23.7724,-23.0979,-25.4156,-1.2532,1.9223,-0.9967,1.9960,-5.7483,1.3347,21,0.1400,21,0,0.9925,0.0065,0.0010,0.9754,9.0216,0.4976,2.8464,5.2818,0.0000,1,0.2624,0.0488,5.2812,0.0011,1.000,70.00,342.76
5.4300,IMM-UKF,jink,0.500,4.00,0.050,1,0.600,1,6.9464,6.2188,-0.7276,1.2761,0.3160,0.1452,0.0569,6.0000,6.8681,1.4714,34.3875,0.5751,-5.9340,-25.2850,-7.3256,-23.1848,-7.0691,-23.1111,-12.0288,-23.8367,-23.5817,-25.5965,-1.3916,2.1002,-1.1351,2.1740,-6.0949,1.4483,21,0.1500,21,0,0.9925,0.0065,0.0010,0.9677,9.1111,0.4814,2.9096,5.2473,0.0000,1,0.2624,0.0488,5.2812,0.0011,1.000,70.00,342.76
5.4400,IMM-UKF,jink,0.500,4.00,0.050,1,0.600,1,6.9107,6.1849,-0.7258,1.2976,0.3160,0.1452,0.0575,6.0000,6.8681,1.4713,36.4607,0.5757,-5.7880,-25.4674,-7.3256,-23.1848,-7.0691,-23.1111,-12.2427,-23.8938,-24.0885,-25.7293,-1.5376,2.2826,-1.2811,2.3563,-6.4547,1.5736,21,0.1600,21,0,0.9925,0.0065,0.0010,0.9610,9.1989,0.4574,2.9724,5.2120,0.0000,1,0.2624,0.0488,5.2812,0.0011,1.000,70.00,342.76
5.4500,IMM-UKF,jink,0.500,4.00,0.050,1,0.600,1,6.8738,6.1490,-0.7249,1.3199,0.3160,0.1452,0.0580,6.0000,6.8681,1.4694,38.6380,0.5763,-5.6345,-25.6534,-7.3256,-23.1848,-7.0691,-23.1111,-12.4621,-23.9341,-24.6154,-25.7755,-1.6911,2.4687,-1.4346,2.5424,-6.8276,1.7193,21,0.1700,21,0,0.9925,0.0065,0.0010,0.9552,9.2841,0.4211,3.0347,5.1760,0.0000,1,0.2624,0.0488,5.2812,0.0011,1.000,70.00,342.76
5.4600,IMM-UKF,jink,0.500,4.00,0.050,1,0.600,1,6.8357,6.1106,-0.7251,1.3430,0.3160,0.1452,0.0586,6.0000,6.8681,1.4676,40.9530,0.5770,-5.4737,-25.8412,-7.3256,-23.1848,-7.0691,-23.1111,-12.6856,-23.9347,-25.1479,-25.6413,-1.8519,2.6564,-1.5954,2.7301,-7.2119,1.9065,21,0.1800,21,0,0.9925,0.0065,0.0010,0.9501,9.3624,0.3616,3.0966,5.1392,0.0000,1,0.2624,0.0488,5.2812,0.0011,1.000,70.00,342.76
5.4700,IMM-UKF,jink,0.500,4.00,0.050,1,0.600,1,6.7964,6.0713,-0.7251,1.3670,0.3160,0.1452,0.0591,6.0000,6.8681,1.4657,43.4945,0.5778,-5.3051,-26.0258,-7.3256,-23.1848,-7.0691,-23.1111,-12.9018,-23.8223,-25.5930,-25.0241,-2.0205,2.8410,-1.7640,2.9147,-7.5967,2.2035,21,0.1900,21,0,0.9925,0.0065,0.0010,0.9452,9.4115,0.2482,3.1580,5.1016,0.0000,1,0.2624,0.0488,5.2812,0.0011,1.000,70.00,342.76
5.4800,IMM-UKF,jink,0.500,4.00,0.050,1,0.600,1,6.7570,6.0546,-0.7024,1.3918,0.3160,0.1452,0.0595,6.0000,6.8681,1.4637,46.2232,0.5787,-5.1266,-26.1957,-7.3256,-23.1848,-7.0691,-23.1111,-13.0325,-23.4529,-25.3664,-23.3840,-2.1990,3.0109,-1.9425,3.0846,-7.9059,2.7428,21,0.2000,21,0,0.9925,0.0065,0.0010,0.9348,9.2920,0.0676,3.2190,5.0634,0.0000,1,0.2624,0.0488,5.2812,0.0011,1.000,70.00,342.76
5.4900,IMM-UKF,jink,0.500,4.00,0.050,1,0.600,1,6.7190,6.0661,-0.6530,1.4174,0.3160,0.1452,0.0599,6.0000,6.8681,1.4617,48.6896,0.5797,-4.9368,-26.3529,-7.3256,-23.1848,-7.0691,-23.1111,-13.0924,-23.1093,-24.6942,-22.0178,-2.3888,3.1682,-2.1323,3.2419,-8.1556,3.2437,21,0.2100,21,0,0.9925,0.0065,0.0010,0.9199,9.0625,-0.0305,3.2796,5.0244,0.0000,1,0.2624,0.0488,5.2812,0.0011,1.000,70.00,342.76
5.5000,IMM-UKF,jink,0.500,4.00,0.050,1,0.600,1,6.6826,6.0870,-0.5956,1.4438,0.3160,0.1452,0.0603,6.0000,6.8681,1.4597,51.0763,0.5807,-4.7354,-26.4998,-7.3256,-23.1848,-7.0691,-23.1111,-13.1285,-22.8009,-23.9758,-20.9271,-2.5902,3.3150,-2.3338,3.3887,-8.3931,3.6989,21,0.2200,21,0,0.9925,0.0065,0.0010,0.9037,8.8198,-0.0880,3.3396,4.9847,0.0000,1,0.2624,0.0488,5.2812,0.0011,1.000,70.00,342.76
5.5100,IMM-UKF,jink,0.500,4.00,0.050,1,0.600,1,6.6479,6.1142,-0.5337,1.4709,0.3160,0.1452,0.0606,6.0000,6.8681,1.4577,53.4516,0.5816,-4.5222,-26.6372,-7.3256,-23.1848,-7.0691,-23.1111,-13.1454,-22.5013,-23.2523,-19.9777,-2.8034,3.4524,-2.5469,3.5261,-8.6232,4.1359,21,0.2300,21,0,0.9925,0.0065,0.0010,0.8864,8.5735,-0.1275,3.3992,4.9442,0.0000,1,0.2624,0.0488,5.2812,0.0011,1.000,70.00,342.76
5.5200,IMM-UKF,jink,0.500,4.00,0.050,1,0.600,1,6.6149,6.1469,-0.4681,1.4989,0.3160,0.1452,0.0609,6.0000,6.8681,1.4557,55.8356,0.5825,-4.2974,-26.7656,-7.3256,-23.1848,-7.0691,-23.1111,-13.1442,-22.2010,-22.5332,-19.1187,-3.0282,3.5808,-2.7717,3.6546,-8.8468,4.5646,21,0.2400,21,0,0.9925,0.0065,0.0010,0.8680,8.3259,-0.1567,3.4583,4.9031,0.0000,1,0.2624,0.0488,5.2812,0.0011,1.000,70.00,342.76
5.5300,IMM-UKF,jink,0.500,4.00,0.050,1,0.600,1,6.5838,6.1845,-0.3993,1.5276,0.3160,0.1452,0.0612,6.0000,6.8681,1.4538,58.2341,0.5834,-4.0607,-26.8853,-7.3256,-23.1848,-7.0691,-23.1111,-13.1253,-21.8965,-21.8220,-18.3260,-3.2649,3.7006,-3.0084,3.7743,-9.0646,4.9889,21,0.2500,21,0,0.9925,0.0065,0.0010,0.8486,8.0777,-0.1792,3.5169,4.8612,0.0000,1,0.2624,0.0488,5.2812,0.0011,1.000,70.00,342.76
5.5400,IMM-UKF,jink,0.500,4.00,0.050,1,0.600,1,6.5545,6.2271,-0.3274,1.5570,0.3160,0.1452,0.0615,6.0000,6.8681,1.4518,60.6479,0.5843,-3.8123,-26.9964,-7.3256,-23.1848,-7.0691,-23.1111,-13.0889,-21.5862,-21.1204,-17.5865,-3.5133,3.8116,-3.2568,3.8853,-9.2767,5.4103,21,0.2600,21,0,0.9925,0.0065,0.0010,0.8280,7.8292,-0.1971,3.5749,4.8187,0.0000,1,0.2624,0.0488,5.2812,0.0011,1.000,70.00,342.76
5.5500,IMM-UKF,jink,0.500,4.00,0.050,1,0.600,1,6.5270,6.2744,-0.2526,1.5873,0.3160,0.1452,0.0617,6.0000,6.8681,1.4499,63.0753,0.5852,-3.5520,-27.0989,-7.3256,-23.1848,-7.0691,-23.1111,-13.0353,-21.2696,-20.4293,-16.8921,-3.7736,3.9141,-3.5171,3.9878,-9.4833,5.8293,21,0.2700,21,0,0.9925,0.0065,0.0010,0.8064,7.5805,-0.2113,3.6325,4.7754,0.0000,1,0.2684,0.0469,5.2812,-0.0017,1.000,70.00,342.76
5.5600,IMM-UKF,jink,0.500,4.00,0.050,1,0.600,1,6.5014,6.3265,-0.1748,1.6182,0.3160,0.1452,0.0619,6.0000,6.8681,1.4480,65.5135,0.5860,-3.2800,-27.1929,-7.3256,-23.1848,-7.0691,-23.1111,-12.9648,-20.9470,-19.7491,-16.2374,-4.0456,4.0081,-3.7891,4.0818,-9.6847,6.2459,21,0.2800,21,0,0.9925,0.0065,0.0010,0.7836,7.3318,-0.2226,3.6895,4.7315,0.0000,1,0.2684,0.0469,5.2812,-0.0017,1.000,70.00,342.76
5.5700,IMM-UKF,jink,0.500,4.00,0.050,1,0.600,1,6.4776,6.3834,-0.0942,1.6500,0.3160,0.1452,0.0620,6.0000,6.8681,1.4461,67.9586,0.5867,-2.9964,-27.2782,-7.3256,-23.1848,-7.0691,-23.1111,-12.8776,-20.6187,-19.0802,-15.6185,-4.3292,4.0934,-4.0727,4.1671,-9.8812,6.6595,21,0.2900,21,0,0.9925,0.0065,0.0010,0.7596,7.0831,-0.2316,3.7461,4.6869,0.0000,1,0.2684,0.0469,5.2812,-0.0017,1.000,70.00,342.76
5.5800,IMM-UKF,jink,0.500,4.00,0.050,1,0.600,1,6.4557,6.4449,-0.0107,1.6824,0.3160,0.1452,0.0622,6.0000,6.8681,1.4443,70.4064,0.5875,-2.7011,-27.3548,-7.3256,-23.1848,-7.0691,-23.1111,-12.7741,-20.2853,-18.4227,-15.0325,-4.6245,4.1701,-4.3680,4.2438,-10.0729,7.0695,21,0.3000,21,0,0.9925,0.0065,0.0010,0.7344,6.8345,-0.2386,3.8020,4.6416,0.0000,1,0.2684,0.0469,5.2812,-0.0017,1.000,70.00,342.76
5.5900,IMM-UKF,jink,0.500,4.00,0.050,1,0.600,1,6.4357,6.5109,0.0752,1.7156,0.3160,0.1452,0.0623,6.0000,6.8681,1.4425,72.8532,0.5881,-2.3944,-27.4229,-7.3256,-23.1848,-7.0691,-23.1111,-12.6560,-19.9489,-17.7806,-14.4793,-4.9312,4.2381,-4.6747,4.3118,-10.2615,7.4740,21,0.3100,21,0,0.9925,0.0065,0.0010,0.7081,6.5873,-0.2438,3.8575,4.5957,0.0000,1,0.2684,0.0469,5.2812,-0.0017,1.000,70.00,342.76
5.6000,IMM-UKF,jink,0.500,4.00,0.050,1,0.600,1,6.4175,5.9588,-0.4587,1.0455,0.2966,0.1381,0.0818,6.0000,6.5892,2.2914,6.2944,0.5888,-2.0764,-27.4823,-3.5520,-27.0989,-3.1228,-27.1409,-3.2503,-27.6368,3.1245,-32.5994,-1.4756,0.3834,-1.0463,0.3414,-1.1739,-0.1545,22,0.0500,22,0,0.9715,0.0258,0.0026,0.6808,6.3427,-0.2474,3.9123,4.5490,0.0000,1,0.2684,0.0469,5.5483,-0.0017,1.000,70.00,342.76
5.6100,IMM-UKF,jink,0.500,4.00,0.050,1,0.600,1,6.4012,5.9750,-0.4262,1.0597,0.2966,0.1381,0.0819,6.0000,6.5892,2.2898,7.2075,0.5894,-1.7474,-27.5332,-3.5520,-27.0989,-3.1228,-27.1409,-3.0973,-27.6748,3.3416,-32.0092,-1.8047,0.4342,-1.3754,0.3923,-1.3500,-0.1416,22,0.0600,22,0,0.9715,0.0258,0.0026,0.6525,6.1006,-0.2497,3.9666,4.5018,0.0000,1,0.2684,0.0469,5.5483,-0.0017,1.000,70.00,342.76
5.6200,IMM-UKF,jink,0.500,4.00,0.050,1,0.600,1,6.3868,5.9954,-0.3914,1.0746,0.2966,0.1381,0.0820,6.0000,6.5892,2.2883,8.1305,0.5900,-1.4074,-27.5756,-3.5520,-27.0989,-3.1228,-27.1409,-2.9356,-27.6923,3.5577,-31.4299,-2.1446,0.4766,-1.7153,0.4347,-1.5282,-0.1167,22,0.0700,22,0,0.9715,0.0258,0.0026,0.6232,5.8611,-0.2507,4.0204,4.4538,0.0000,1,0.2684,0.0469,5.5483,-0.0017,1.000,70.00,342.76
5.6300,IMM-UKF,jink,0.500,4.00,0.050,1,0.600,1,6.3742,6.0198,-0.3543,1.0901,0.2966,0.1381,0.0820,6.0000,6.5892,2.2869,9.0679,0.5906,-1.0569,-27.6095,-3.5520,-27.0989,-3.1228,-27.1409,-2.7653,-27.6899,3.7730,-30.8617,-2.4951,0.5106,-2.0659,0.4686,-1.7084,-0.0804,22,0.0800,22,0,0.9715,0.0258,0.0026,0.5928,5.6241,-0.2507,4.0735,4.4053,0.0000,1,0.2684,0.0469,5.5483,-0.0017,1.000,70.00,342.76
5.6400,IMM-UKF,jink,0.500,4.00,0.050,1,0.600,1,6.3634,6.0483,-0.3151,1.1064,0.2966,0.1381,0.0821,6.0000,6.5892,2.2854,10.0239,0.5911,-0.6960,-27.6351,-3.5520,-27.0989,-3.1228,-27.1409,-2.5868,-27.6685,3.9874,-30.3052,-2.8561,0.5362,-2.4268,0.4942,-1.8908,-0.0334,22,0.0900,22,0,0.9715,0.0258,0.0026,0.5614,5.3897,-0.2496,4.1261,4.3561,0.0000,1,0.2684,0.0469,5.5483,-0.0017,1.000,70.00,342.76
5.6500,IMM-UKF,jink,0.500,4.00,0.050,1,0.600,1,6.3544,6.0808,-0.2736,1.1234,0.2966,0.1381,0.0821,6.0000,6.5892,2.2840,11.0019,0.5916,-0.3250,-27.6524,-3.5520,-27.0989,-3.1228,-27.1409,-2.4001,-27.6289,4.2012,-29.7607,-3.2271,0.5534,-2.7978,0.5115,-2.0752,0.0235,22,0.1000,22,0,0.9715,0.0258,0.0026,0.5289,5.1578,-0.2476,4.1781,4.3063,0.0000,1,0.2684,0.0469,5.5483,-0.0017,1.000,70.00,342.76
5.6600,IMM-UKF,jink,0.500,4.00,0.050,1,0.600,1,6.3472,6.1172,-0.2300,1.1412,0.2966,0.1381,0.0821,6.0000,6.5892,2.2826,12.0047,0.5920,0.0558,-27.6614,-3.5520,-27.0989,-3.1228,-27.1409,-2.2058,-27.5717,4.4143,-29.2285,-3.6078,0.5625,-3.1786,0.5205,-2.2616,0.0896,22,0.1100,22,0,0.9715,0.0258,0.0026,0.4954,4.9285,-0.2447,4.2294,4.2558,0.0000,1,0.2684,0.0469,5.5483,-0.0017,1.000,70.00,342.76
5.6700,IMM-UKF,jink,0.500,4.00,0.050,1,0.600,1,6.3418,6.1575,-0.1843,1.1597,0.2966,0.1381,0.0821,6.0000,6.5892,2.2812,13.0344,0.5924,0.4461,-27.6623,-3.5520,-27.0989,-3.1228,-27.1409,-2.0040,-27.4981,4.6269,-28.7087,-3.9981,0.5633,-3.5689,0.5214,-2.4500,0.1642,22,0.1200,22,0,0.9715,0.0258,0.0026,0.4609,4.7016,-0.2409,4.2802,4.2047,0.0000,1,0.2684,0.0469,5.5483,-0.0017,1.000,70.00,342.76
5.6800,IMM-UKF,jink,0.500,4.00,0.050,1,0.600,1,6.3383,6.2017,-0.1366,1.1791,0.2966,0.1381,0.0821,6.0000,6.5892,2.2799,14.0925,0.5927,0.8455,-27.6551,-3.5520,-27.0989,-3.1228,-27.1409,-1.7951,-27.4087,4.8390,-28.2018,-4.3975,0.5562,-3.9683,0.5142,-2.6405,0.2464,22,0.1300,22,0,0.9715,0.0258,0.0026,0.4253,4.4773,-0.2365,4.3303,4.1531,0.0000,1,0.2684,0.0469,5.5483,-0.0017,1.000,70.00,342.76
5.6900,IMM-UKF,jink,0.500,4.00,0.050,1,0.600,1,6.3365,6.2497,-0.0868,1.1993,0.2966,0.1381,0.0821,6.0000,6.5892,2.2786,15.1797,0.5930,1.2537,-27.6400,-3.5520,-27.0989,-3.1228,-27.1409,-1.5794,-27.3046,5.0506,-27.7077,-4.8057,0.5410,-4.3765,0.4991,-2.8330,0.3353,22,0.1400,22,0,0.9715,0.0258,0.0026,0.3886,4.2555,-0.2313,4.3799,4.1008,0.0000,1,0.2684,0.0469,5.5483,-0.0017,1.000,70.00,342.76
5.7000,IMM-UKF,jink,0.500,4.00,0.050,1,0.600,1,6.3364,6.3015,-0.0350,1.2202,0.2966,0.1381,0.0821,6.0000,6.5892,2.2774,16.2962,0.5932,1.6703,-27.6170,-3.5520,-27.0989,-3.1228,-27.1409,-1.3573,-27.1867,5.2619,-27.2265,-5.2223,0.5181,-4.7931,0.4761,-3.0276,0.4303,22,0.1500,22,0,0.9715,0.0258,0.0026,0.3509,4.0362,-0.2254,4.4288,4.0480,0.0000,1,0.2684,0.0469,5.5483,-0.0017,1.000,70.00,342.76
5.7100,IMM-UKF,jink,0.500,4.00,0.050,1,0.600,1,6.3382,6.3570,0.0188,1.2420,0.2966,0.1381,0.0820,6.0000,6.5892,2.2762,17.4417,0.5934,2.0950,-27.5864,-3.5520,-27.0989,-3.1228,-27.1409,-1.1291,-27.0559,5.4730,-26.7584,-5.6471,0.4874,-5.2178,0.4455,-3.2241,0.5304,22,0.1600,22,0,0.9715,0.0258,0.0026,0.3122,3.8194,-0.2189,4.4770,3.9945,0.0000,1,0.2684,0.0469,5.5483,-0.0017,1.000,70.00,342.76
5.7200,IMM-UKF,jink,0.500,4.00,0.050,1,0.600,1,6.3417,6.4162,0.0745,1.2647,0.2966,0.1381,0.0820,6.0000,6.5892,2.2750,18.6153,0.5936,2.5274,-27.5481,-3.5520,-27.0989,-3.1228,-27.1409,-0.8952,-26.9132,5.6837,-26.3033,-6.0794,0.4492,-5.6502,0.4073,-3.4226,0.6349,22,0.1700,22,0,0.9715,0.0258,0.0026,0.2724,3.6050,-0.2117,4.5246,3.9405,0.0000,1,0.2684,0.0469,5.5483,-0.0017,1.000,70.00,342.76
5.7300,IMM-UKF,jink,0.500,4.00,0.050,1,0.600,1,6.3469,6.4790,0.1321,1.2881,0.2966,0.1381,0.0819,6.0000,6.5892,2.2739,19.8158,0.5937,2.9671,-27.5025,-3.5520,-27.0989,-3.1228,-27.1409,-0.6559,-26.7595,5.8944,-25.8613,-6.5191,0.4036,-6.0899,0.3616,-3.6230,0.7430,22,0.1800,22,0,0.9715,0.0258,0.0026,0.2315,3.3931,-0.2038,4.5716,3.8859,0.0000,1,0.2684,0.0469,5.5483,-0.0017,1.000,70.00,342.76
5.7400,IMM-UKF,jink,0.500,4.00,0.050,1,0.600,1,6.3539,6.5455,0.1916,1.3124,0.2966,0.1381,0.0819,6.0000,6.5892,2.2728,21.0416,0.5937,3.4137,-27.4496,-3.5520,-27.0989,-3.1228,-27.1409,-0.4117,-26.5958,6.1048,-25.4322,-6.9657,0.3507,-6.5365,0.3087,-3.8253,0.8538,22,0.1900,22,0,0.9715,0.0258,0.0026,0.1896,3.1837,-0.1954,4.6179,3.8308,0.0000,1,0.2684,0.0469,5.5483,-0.0017,1.000,70.00,342.76
5.7500,IMM-UKF,jink,0.500,4.00,0.050,1,0.600,1,6.3627,6.6156,0.2529,1.3376,0.2966,0.1381,0.0818,6.0000,6.5892,2.2717,22.2909,0.5937,3.8668,-27.3896,-3.5520,-27.0989,-3.1228,-27.1409,-0.1628,-26.4230,6.3152,-25.0161,-7.4188,0.2907,-6.9896,0.2487,-4.0295,0.9666,22,0.2000,22,0,0.9715,0.0258,0.0026,0.1467,2.9768,-0.1864,4.6635,3.7751,0.0000,1,0.2684,0.0469,5.5483,-0.0017,1.000,70.00,342.76
5.7600,IMM-UKF,jink,0.500,4.00,0.050,1,0.600,1,6.3732,6.6891,0.3160,1.3635,0.2966,0.1381,0.0818,6.0000,6.5892,2.2706,23.5615,0.5936,4.3259,-27.3227,-3.5520,-27.0989,-3.1228,-27.1409,0.0904,-26.2420,6.5255,-24.6129,-7.8780,0.2238,-7.4487,0.1818,-4.2355,1.0807,22,0.2100,22,0,0.9715,0.0258,0.0026,0.1027,2.7723,-0.1768,4.7085,3.7189,0.0000,1,0.2684,0.0469,5.5483,-0.0017,1.000,70.00,342.76
5.7700,IMM-UKF,jink,0.500,4.00,0.050,1,0.600,1,6.3854,6.7662,0.3809,1.3903,0.2966,0.1381,0.0817,6.0000,6.5892,2.2696,24.8512,0.5935,4.7908,-27.2491,-3.5520,-27.0989,-3.1228,-27.1409,0.3475,-26.0538,6.7358,-24.2224,-8.3428,0.1501,-7.9135,0.1082,-4.4432,1.1952,22,0.2200,22,0,0.9715,0.0258,0.0026,0.0577,2.5702,-0.1666,4.7528,3.6621,0.0000,1,0.2684,0.0469,5.5483,-0.0017,1.000,70.00,342.76
5.7800,IMM-UKF,jink,0.500,4.00,0.050,1,0.600,1,6.3993,6.8468,0.4475,1.4179,0.2966,0.1381,0.0816,6.0000,6.5892,2.2686,26.1578,0.5933,5.2608,-27.1689,-3.5520,-27.0989,-3.1228,-27.1409,0.6083,-25.8593,6.9461,-23.8445,-8.8129,0.0700,-8.3836,0.0280,-4.6526,1.3096,22,0.2300,22,0,0.9715,0.0258,0.0026,0.0117,2.3706,-0.1557,4.7964,3.6048,0.0000,1,0.2684,0.0469,5.5483,-0.0017,1.000,70.00,342.76
5.7900,IMM-UKF,jink,0.500,4.00,0.050,1,0.600,1,6.4150,6.9308,0.5158,1.4463,0.2966,0.1381,0.0816,6.0000,6.5892,2.2677,27.4789,0.5930,5.7357,-27.0825,-3.5520,-27.0989,-3.1228,-27.1409,0.8723,-25.6593,7.1564,-23.4792,-9.2878,-0.0165,-8.8585,-0.0584,-4.8635,1.4232,22,0.2400,22,0,0.9715,0.0258,0.0026,-0.0352,2.1734,-0.1443,4.8393,3.5470,0.0000,1,0.2684,0.0469,5.5483,-0.0017,1.000,70.00,342.76
5.8000,IMM-UKF,jink,0.500,4.00,0.050,1,0.600,1,6.4323,7.0182,0.5859,1.4755,0.2966,0.1381,0.0815,6.0000,6.5892,2.2667,28.8119,0.5927,6.2151,-26.9899,-3.5520,-27.0989,-3.1228,-27.1409,1.1393,-25.4546,7.3668,-23.1264,-9.7671,-0.1090,-9.3378,-0.1510,-5.0758,1.5353,22,0.2500,22,0,0.9715,0.0258,0.0026,-0.0832,1.9786,-0.1322,4.8815,3.4887,0.0000,1,0.2684,0.0469,5.5483,-0.0017,1.000,70.00,342.76
5.8100,IMM-UKF,jink,0.500,4.00,0.050,1,0.600,1,6.4514,7.1090,0.6576,1.5055,0.2966,0.1381,0.0814,6.0000,6.5892,2.2658,30.1546,0.5923,6.6984,-26.8915,-3.5520,-27.0989,-3.1228,-27.1409,1.4089,-25.2463,7.5772,-22.7858,-10.2504,-0.2074,-9.8212,-0.2494,-5.2895,1.6452,22,0.2600,22,0,0.9715,0.0258,0.0026,-0.1322,1.7862,-0.1195,4.9230,3.4299,0.0000,1,0.2684,0.0469,5.5483,-0.0017,1.000,70.00,342.76
5.8200,IMM-UKF,jink,0.500,4.00,0.050,1,0.600,1,6.4722,7.2030,0.7309,1.5363,0.2966,0.1381,0.0813,6.0000,6.5892,2.2650,31.5044,0.5918,7.1853,-26.7875,-3.5520,-27.0989,-3.1228,-27.1409,1.6809,-25.0350,7.7876,-22.4576,-10.7373,-0.3115,-10.3081,-0.3534,-5.5043,1.7525,22,0.2700,22,0,0.9715,0.0258,0.0026,-0.1821,1.5962,-0.1061,4.9638,3.3705,0.0000,1,0.2029,0.0468,5.5483,-0.0017,1.000,70.00,342.76
5.8300,IMM-UKF,jink,0.500,4.00,0.050,1,0.600,1,6.4946,7.3004,0.8058,1.5678,0.2966,0.1381,0.0812,6.0000,6.5892,2.2641,32.8591,0.5912,7.6754,-26.6781,-3.5520,-27.0989,-3.1228,-27.1409,1.9551,-24.8215,7.9981,-22.1416,-11.2274,-0.4209,-10.7981,-0.4628,-5.7203,1.8565,22,0.2800,22,0,0.9715,0.0258,0.0026,-0.2330,1.4086,-0.0920,5.0039,3.3107,0.0000,1,0.2029,0.0468,5.5483,-0.0017,1.000,70.00,342.76
5.8400,IMM-UKF,jink,0.500,4.00,0.050,1,0.600,1,6.5188,7.4011,0.8823,1.6001,0.2966,0.1381,0.0812,6.0000,6.5892,2.2633,34.2163,0.5906,8.1682,-26.5635,-3.5520,-27.0989,-3.1228,-27.1409,2.2310,-24.6068,8.2087,-21.8378,-11.7203,-0.5354,-11.2910,-0.5773,-5.9372,1.9567,22,0.2900,22,0,0.9715,0.0258,0.0026,-0.2848,1.2234,-0.0772,5.0433,3.2504,0.0000,1,0.2029,0.0468,5.5483,-0.0017,1.000,70.00,342.76
5.8500,IMM-UKF,jink,0.500,4.00,0.050,1,0.600,1,6.5446,7.5049,0.9604,1.6332,0.2966,0.1381,0.0811,6.0000,6.5892,2.2625,35.5737,0.5899,8.6635,-26.4442,-3.5520,-27.0989,-3.1228,-27.1409,2.5085,-24.3916,8.4193,-21.5462,-12.2155,-0.6548,-11.7863,-0.6967,-6.1549,2.0526,22,0.3000,22,0,0.9715,0.0258,0.0026,-0.3375,1.0406,-0.0615,5.0819,3.1897,0.0000,1,0.2029,0.0468,5.5483,-0.0017,1.000,70.00,342.76
5.8600,IMM-UKF,jink,0.500,4.00,0.050,1,0.600,1,6.5721,7.6120,1.0399,1.6670,0.2966,0.1381,0.0810,6.0000,6.5892,2.2617,36.9291,0.5891,9.1607,-26.3203,-3.5520,-27.0989,-3.1228,-27.1409,2.7874,-24.1767,8.6300,-21.2669,-12.7127,-0.7787,-12.2835,-0.8206,-6.3733,2.1436,22,0.3100,22,0,0.9715,0.0258,0.0026,-0.3911,0.8602,-0.0449,5.1198,3.1285,0.0000,1,0.2029,0.0468,5.5483,-0.0017,1.000,70.00,342.76
5.8700,IMM-UKF,jink,0.500,4.00,0.050,1,0.600,1,6.6012,6.4329,-0.1684,1.0882,0.2895,0.1341,0.0880,6.0000,5.7937,2.3158,5.2751,0.5882,9.6596,-26.1921,7.1853,-26.7875,7.5202,-27.0351,8.8570,-25.6856,18.7151,-22.1600,-2.4743,-0.5954,-2.1393,-0.8430,-0.8026,0.5065,23,0.0500,23,0,0.9792,0.0203,0.0006,-0.4456,0.6822,-0.0273,5.1570,3.0668,0.0000,1,0.2029,0.0468,5.8183,-0.0017,1.000,70.00,342.76
5.8800,IMM-UKF,jink,0.500,4.00,0.050,1,0.600,1,6.6321,6.4899,-0.1422,1.1049,0.2895,0.1341,0.0879,6.0000,5.7937,2.3147,6.1978,0.5873,10.1597,-26.0599,7.1853,-26.7875,7.5202,-27.0351,9.1491,-25.5645,18.8358,-21.9198,-2.9744,-0.7275,-2.6394,-0.9752,-1.0106,0.4955,23,0.0600,23,0,0.9792,0.0203,0.0006,-0.5009,0.5066,-0.0086,5.1934,3.0047,0.0000,1,0.2029,0.0468,5.8183,-0.0017,1.000,70.00,342.76
5.8900,IMM-UKF,jink,0.500,4.00,0.050,1,0.600,1,6.6645,6.5504,-0.1141,1.1221,0.2895,0.1341,0.0878,6.0000,5.7937,2.3135,7.1955,0.5862,10.6607,-25.9241,7.1853,-26.7875,7.5202,-27.0351,9.4414,-25.4354,18.9574,-21.6881,-3.4754,-0.8633,-3.1404,-1.1110,-1.2193,0.4887,23,0.0700,23,0,0.9792,0.0203,0.0006,-0.5570,0.3334,0.0114,5.2291,2.9422,0.0000,1,0.2029,0.0468,5.8183,-0.0017,1.000,70.00,342.76
5.9000,IMM-UKF,jink,0.500,4.00,0.050,1,0.600,1,6.6987,6.6145,-0.0842,1.1399,0.2895,0.1341,0.0877,6.0000,5.7937,2.3123,8.2411,0.5851,11.1622,-25.7850,7.1853,-26.7875,7.5202,-27.0351,9.7336,-25.2997,19.0801,-21.4658,-3.9769,-1.0025,-3.6420,-1.2501,-1.4286,0.4854,23,0.0800,23,0,0.9792,0.0203,0.0006,-0.6140,0.1627,0.0329,5.2640,2.8792,0.0000,1,0.2029,0.0468,5.8183,-0.0017,1.000,70.00,342.76
5.9100,IMM-UKF,jink,0.500,4.00,0.050,1,0.600,1,6.7345,6.6819,-0.0525,1.1583,0.2895,0.1341,0.0875,6.0000,5.7937,2.3110,9.3183,0.5838,11.6639,-25.6429,7.1853,-26.7875,7.5202,-27.0351,10.0256,-25.1584,19.2039,-21.2541,-4.4787,-1.1445,-4.1437,-1.3921,-1.6384,0.4846,23,0.0900,23,0,0.9792,0.0203,0.0006,-0.6716,-0.0056,0.0563,5.2982,2.8158,0.0000,1,0.2029,0.0468,5.8183,-0.0017,1.000,70.00,342.76
5.9200,IMM-UKF,jink,0.500,4.00,0.050,1,0.600,1,6.7719,6.7528,-0.0190,1.1774,0.2895,0.1341,0.0874,6.0000,5.7937,2.3098,10.4168,0.5826,12.1655,-25.4983,7.1853,-26.7875,7.5202,-27.0351,10.3171,-25.0130,19.3288,-21.0548,-4.9803,-1.2891,-4.6453,-1.5367,-1.8484,0.4853,23,0.1000,23,0,0.9792,0.0203,0.0006,-0.7299,-0.1713,0.0820,5.3316,2.7521,0.0000,1,0.2029,0.0468,5.8183,-0.0017,1.000,70.00,342.76
5.9300,IMM-UKF,jink,0.500,4.00,0.050,1,0.600,1,6.8109,6.8272,0.0163,1.1970,0.2895,0.1341,0.0873,6.0000,5.7937,2.3085,11.5294,0.5812,12.6667,-25.3516,7.1853,-26.7875,7.5202,-27.0351,10.6080,-24.8653,19.4548,-20.8704,-5.4814,-1.4358,-5.1465,-1.6834,-2.0587,0.4863,23,0.1100,23,0,0.9792,0.0203,0.0006,-0.7889,-0.3343,0.1106,5.3643,2.6879,0.0000,1,0.2029,0.0468,5.8183,-0.0017,1.000,70.00,342.76
5.9400,IMM-UKF,jink,0.500,4.00,0.050,1,0.600,1,6.8516,6.9050,0.0534,1.2174,0.2895,0.1341,0.0872,6.0000,5.7937,2.3071,12.6505,0.5797,13.1671,-25.2034,7.1853,-26.7875,7.5202,-27.0351,10.8980,-24.7176,19.5819,-20.7050,-5.9818,-1.5841,-5.6469,-1.8317,-2.2691,0.4857,23,0.1200,23,0,0.9792,0.0203,0.0006,-0.8483,-0.4945,0.1434,5.3961,2.6233,0.0000,1,0.2029,0.0468,5.8183,-0.0017,1.000,70.00,342.76
5.9500,IMM-UKF,jink,0.500,4.00,0.050,1,0.600,1,6.8939,6.9862,0.0923,1.2384,0.2895,0.1341,0.0871,6.0000,5.7937,2.3057,13.7752,0.5780,13.6665,-25.0543,7.1853,-26.7875,7.5202,-27.0351,11.1868,-24.5735,19.7099,-20.5657,-6.4812,-1.7332,-6.1462,-1.9808,-2.4796,0.4808,23,0.1300,23,0,0.9792,0.0203,0.0006,-0.9079,-0.6512,0.1822,5.4272,2.5584,0.0000,1,0.2029,0.0468,5.8183,-0.0017,1.000,70.00,342.76
5.9600,IMM-UKF,jink,0.500,4.00,0.050,1,0.600,1,6.9379,7.0710,0.1332,1.2601,0.2895,0.1341,0.0869,6.0000,5.7937,2.3042,14.8983,0.5763,14.1645,-24.9053,7.1853,-26.7875,7.5202,-27.0351,11.4740,-24.4394,19.8385,-20.4673,-6.9792,-1.8822,-6.6443,-2.1298,-2.6905,0.4659,23,0.1400,23,0,0.9792,0.0203,0.0006,-0.9672,-0.8033,0.2310,5.4575,2.4931,0.0000,1,0.2029,0.0468,5.8183,-0.0017,1.000,70.00,342.76
5.9700,IMM-UKF,jink,0.500,4.00,0.050,1,0.600,1,6.9834,7.1593,0.1759,1.2826,0.2895,0.1341,0.0868,6.0000,5.7937,2.3027,16.0136,0.5745,14.6608,-24.7584,7.1853,-26.7875,7.5202,-27.0351,11.7579,-24.3310,19.9664,-20.4483,-7.4755,-2.0291,-7.1406,-2.2767,-2.9029,0.4274,23,0.1500,23,0,0.9792,0.0203,0.0006,-1.0243,-0.9467,0.2997,5.4870,2.4274,0.0000,1,0.2029,0.0468,5.8183,-0.0017,1.000,70.00,342.76
5.9800,IMM-UKF,jink,0.500,4.00,0.050,1,0.600,1,7.0306,7.2491,0.2186,1.3059,0.2895,0.1341,0.0866,6.0000,5.7937,2.3011,17.1327,0.5725,15.1547,-24.6189,7.1853,-26.7875,7.5202,-27.0351,12.0295,-24.3079,20.0854,-20.6591,-7.9694,-2.1685,-7.6345,-2.4161,-3.1252,0.3110,23,0.1600,23,0,0.9792,0.0203,0.0006,-1.0668,-1.0544,0.4226,5.5158,2.3614,0.0000,1,0.2029,0.0468,5.8183,-0.0017,1.000,70.00,342.76
5.9900,IMM-UKF,jink,0.500,4.00,0.050,1,0.600,1,7.0771,7.3069,0.2298,1.3302,0.2895,0.1341,0.0865,6.0000,5.7937,2.2994,18.6381,0.5704,15.6427,-24.4960,7.1853,-26.7875,7.5202,-27.0351,12.2234,-24.4443,20.1333,-21.2305,-8.4574,-2.2915,-8.1224,-2.5391,-3.4193,0.0517,23,0.1700,23,0,0.9792,0.0203,0.0006,-1.0108,-0.9454,0.5621,5.5437,2.2950,0.0000,1,0.2029,0.0468,5.8183,-0.0017,1.000,70.00,342.76
6.0000,IMM-UKF,jink,0.500,4.00,0.050,1,0.600,1,7.1221,7.3461,0.2240,1.3554,0.2895,0.1341,0.0863,6.0000,5.7937,2.2978,20.3960,0.5684,16.1242,-24.3841,7.1853,-26.7875,7.5202,-27.0351,12.3859,-24.5157,20.1545,-21.5700,-8.9389,-2.4034,-8.6040,-2.6510,-3.7383,-0.1316,23,0.1800,23,0,0.9792,0.0203,0.0006,-0.9268,-0.7785,0.6031,5.5709,2.2283,0.0000,1,0.2029,0.0468,5.8183,-0.0017,1.000,70.00,342.76
6.0100,IMM-UKF,jink,0.500,4.00,0.050,1,0.600,1,7.1664,7.3791,0.2127,1.3813,0.2895,0.1341,0.0872,6.0000,5.7937,2.2997,22.1787,0.5657,16.5909,-24.2771,7.1853,-26.7875,7.5202,-27.0351,12.5367,-24.5607,20.1693,-21.8132,-9.4057,-2.5103,-9.0707,-2.7580,-4.0543,-0.2836,23,0.1900,23,0,0.9792,0.0203,0.0006,-0.8405,-0.6086,0.6108,5.5437,2.2950,0.0000,1,0.2029,0.0468,5.8183,-0.0017,1.000,70.00,342.76
6.0200,IMM-UKF,jink,0.500,4.00,0.050,1,0.600,1,7.2098,7.4082,0.1983,1.4080,0.2895,0.1341,0.0879,6.0000,5.7937,2.3017,23.9658,0.5631,17.0442,-24.1741,7.1853,-26.7875,7.5202,-27.0351,12.6776,-24.6016,20.1794,-22.0266,-9.8590,-2.6134,-9.5240,-2.8610,-4.3666,-0.4275,23,0.2000,23,0,0.9792,0.0203,0.0006,-0.7542,-0.4403,0.6075,5.5158,2.3614,0.0000,1,0.2029,0.0468,5.8183,-0.0017,1.000,70.00,342.76
6.0300,IMM-UKF,jink,0.500,4.00,0.050,1,0.600,1,7.2525,7.4339,0.1814,1.4355,0.2895,0.1341,0.0884,6.0000,5.7937,2.3036,25.7521,0.5607,17.4845,-24.0745,7.1853,-26.7875,7.5202,-27.0351,12.8092,-24.6441,20.1849,-22.2276,-10.2992,-2.7129,-9.9643,-2.9606,-4.6753,-0.5696,23,0.2100,23,0,0.9792,0.0203,0.0006,-0.6682,-0.2739,0.5989,5.4870,2.4274,0.0000,1,0.2855,0.0509,5.8183,-0.0009,1.000,70.00,342.76
6.0400,IMM-UKF,jink,0.500,4.00,0.050,1,0.600,1,7.2942,7.4563,0.1621,1.4637,0.2895,0.1341,0.0888,6.0000,5.7937,2.3055,27.5356,0.5585,17.9121,-23.9782,7.1853,-26.7875,7.5202,-27.0351,12.9317,-24.6904,20.1859,-22.4233,-10.7268,-2.8093,-10.3918,-3.0569,-4.9804,-0.7122,23,0.2200,23,0,0.9792,0.0203,0.0006,-0.5824,-0.1096,0.5872,5.4575,2.4931,0.0000,1,0.2855,0.0509,5.8183,-0.0009,1.000,70.00,342.76
6.0500,IMM-UKF,jink,0.500,4.00,0.050,1,0.600,1,7.3352,7.4757,0.1406,1.4928,0.2895,0.1341,0.0891,6.0000,5.7937,2.3075,29.3156,0.5564,18.3273,-23.8848,7.1853,-26.7875,7.5202,-27.0351,13.0454,-24.7414,20.1822,-22.6176,-11.1421,-2.9026,-10.8071,-3.1502,-5.2819,-0.8566,23,0.2300,23,0,0.9792,0.0203,0.0006,-0.4969,0.0527,0.5735,5.4272,2.5584,0.0000,1,0.2855,0.0509,5.8183,-0.0009,1.000,70.00,342.76
6.0600,IMM-UKF,jink,0.500,4.00,0.050,1,0.600,1,7.3752,7.4921,0.1169,1.5227,0.2895,0.1341,0.0892,6.0000,5.7937,2.3093,31.0921,0.5544,18.7307,-23.7944,7.1853,-26.7875,7.5202,-27.0351,13.1506,-24.7978,20.1740,-22.8125,-11.5454,-2.9931,-11.2104,-3.2407,-5.5800,-1.0034,23,0.2400,23,0,0.9792,0.0203,0.0006,-0.4118,0.2131,0.5584,5.3961,2.6233,0.0000,1,0.2855,0.0509,5.8183,-0.0009,1.000,70.00,342.76
6.0700,IMM-UKF,jink,0.500,4.00,0.050,1,0.600,1,7.4143,7.5056,0.0913,1.5533,0.2895,0.1341,0.0892,6.0000,5.7937,2.3112,32.8653,0.5526,19.1224,-23.7067,7.1853,-26.7875,7.5202,-27.0351,13.2475,-24.8597,20.1610,-23.0095,-11.9371,-3.0808,-11.6021,-3.3284,-5.8749,-1.1531,23,0.2500,23,0,0.9792,0.0203,0.0006,-0.3270,0.3715,0.5424,5.3643,2.6879,0.0000,1,0.2855,0.0509,5.8183,-0.0009,1.000,70.00,342.76
6.0800,IMM-UKF,jink,0.500,4.00,0.050,1,0.600,1,7.4525,7.5161,0.0636,1.5847,0.2895,0.1341,0.0890,6.0000,5.7937,2.3131,34.6357,0.5509,19.5027,-23.6216,7.1853,-26.7875,7.5202,-27.0351,13.3362,-24.9275,20.1434,-23.2095,-12.3175,-3.1658,-11.9825,-3.4134,-6.1666,-1.3059,23,0.2600,23,0,0.9792,0.0203,0.0006,-0.2425,0.5281,0.5256,5.3316,2.7521,0.0000,1,0.2855,0.0509,5.8183,-0.0009,1.000,70.00,342.76
6.0900,IMM-UKF,jink,0.500,4.00,0.050,1,0.600,1,7.4898,7.1529,-0.3369,1.1593,0.2891,0.1315,0.0892,6.0000,5.6335,2.5422,12.5308,0.5494,19.8721,-23.5392,17.4845,-24.0745,17.7279,-24.4363,17.7619,-24.3545,27.8196,-22.3028,-2.3876,-0.5354,-2.1442,-0.8972,-2.1102,-0.8154,24,0.0600,24,0,0.9756,0.0207,0.0037,-0.1585,0.6828,0.5084,5.2982,2.8158,0.0000,1,0.2855,0.0509,6.0291,-0.0009,1.000,70.00,342.76
6.1000,IMM-UKF,jink,0.500,4.00,0.050,1,0.600,1,7.5261,7.1857,-0.3404,1.1776,0.2891,0.1315,0.0888,6.0000,5.6335,2.5428,13.2450,0.5480,20.2307,-23.4592,17.4845,-24.0745,17.7279,-24.4363,18.0100,-24.3398,27.9589,-22.4398,-2.7463,-0.6153,-2.5028,-0.9771,-2.2207,-0.8806,24,0.0700,24,0,0.9756,0.0207,0.0037,-0.0748,0.8356,0.4909,5.2640,2.8792,0.0000,1,0.2855,0.0509,6.0291,-0.0009,1.000,70.00,342.76
6.1100,IMM-UKF,jink,0.500,4.00,0.050,1,0.600,1,7.5615,7.2155,-0.3460,1.1966,0.2891,0.1315,0.0882,6.0000,5.6335,2.5434,13.9606,0.5467,20.5789,-23.3817,17.4845,-24.0745,17.7279,-24.4363,18.2502,-24.3329,28.0979,-22.5810,-3.0944,-0.6928,-2.8510,-1.0546,-2.3287,-0.9512,24,0.0800,24,0,0.9756,0.0207,0.0037,0.0084,0.9867,0.4731,5.2291,2.9422,0.0000,1,0.2855,0.0509,6.0291,-0.0009,1.000,70.00,342.76
6.1200,IMM-UKF,jink,0.500,4.00,0.050,1,0.600,1,7.5959,7.2422,-0.3537,1.2162,0.2891,0.1315,0.0876,6.0000,5.6335,2.5441,14.6773,0.5455,20.9169,-23.3066,17.4845,-24.0745,17.7279,-24.4363,18.4828,-24.3336,28.2366,-22.7267,-3.4324,-0.7679,-3.1889,-1.1298,-2.4340,-1.0270,24,0.0900,24,0,0.9756,0.0207,0.0037,0.0913,1.1361,0.4551,5.1934,3.0047,0.0000,1,0.2855,0.0509,6.0291,-0.0009,1.000,70.00,342.76
6.1300,IMM-UKF,jink,0.500,4.00,0.050,1,0.600,1,7.6294,7.2661,-0.3633,1.2364,0.2891,0.1315,0.0868,6.0000,5.6335,2.5447,15.3947,0.5443,21.2449,-23.2338,17.4845,-24.0745,17.7279,-24.4363,18.7084,-24.3415,28.3751,-22.8773,-3.7604,-0.8407,-3.5170,-1.2025,-2.5366,-1.1077,24,0.1000,24,0,0.9756,0.0207,0.0037,0.1737,1.2837,0.4371,5.1570,3.0668,0.0000,1,0.2855,0.0509,6.0291,-0.0009,1.000,70.00,342.76
6.1400,IMM-UKF,jink,0.500,4.00,0.050,1,0.600,1,7.6619,7.2870,-0.3749,1.2572,0.2891,0.1315,0.0860,6.0000,5.6335,2.5454,16.1127,0.5433,21.5632,-23.1634,17.4845,-24.0745,17.7279,-24.4363,18.9271,-24.3566,28.5136,-23.0329,-4.0788,-0.9111,-3.8353,-1.2729,-2.6361,-1.1932,24,0.1100,24,0,0.9756,0.0207,0.0037,0.2556,1.4296,0.4190,5.1198,3.1285,0.0000,1,0.2855,0.0509,6.0291,-0.0009,1.000,70.00,342.76
6.1500,IMM-UKF,jink,0.500,4.00,0.050,1,0.600,1,7.6934,7.3050,-0.3884,1.2787,0.2891,0.1315,0.0850,6.0000,5.6335,2.5461,16.8313,0.5424,21.8721,-23.0952,17.4845,-24.0745,17.7279,-24.4363,19.1395,-24.3787,28.6522,-23.1939,-4.3876,-0.9793,-4.1441,-1.3411,-2.7326,-1.2835,24,0.1200,24,0,0.9756,0.0207,0.0037,0.3371,1.5739,0.4009,5.0819,3.1897,0.0000,1,0.2855,0.0509,6.0291,-0.0009,1.000,70.00,342.76
6.1600,IMM-UKF,jink,0.500,4.00,0.050,1,0.600,1,7.7239,7.3202,-0.4037,1.3010,0.2891,0.1315,0.0839,6.0000,5.6335,2.5468,17.5506,0.5416,22.1716,-23.0293,17.4845,-24.0745,17.7279,-24.4363,19.3458,-24.4077,28.7911,-23.3605,-4.6872,-1.0452,-4.4437,-1.4070,-2.8258,-1.3784,24,0.1300,24,0,0.9756,0.0207,0.0037,0.4181,1.7166,0.3828,5.0433,3.2504,0.0000,1,0.2855,0.0509,6.0291,-0.0009,1.000,70.00,342.76
6.1700,IMM-UKF,jink,0.500,4.00,0.050,1,0.600,1,7.7535,7.3327,-0.4208,1.3239,0.2891,0.1315,0.0831,6.0000,5.6335,2.5432,18.2779,0.5404,22.4636,-22.9656,17.4845,-24.0745,17.7279,-24.4363,19.5463,-24.4435,28.9304,-23.5329,-4.9791,-1.1089,-4.7357,-1.4708,-2.9173,-1.4779,24,0.1400,24,0,0.9756,0.0207,0.0037,0.4986,1.8576,0.3648,5.0039,3.3107,0.0000,1,0.2855,0.0509,6.0291,-0.0009,1.000,70.00,342.76
6.1800,IMM-UKF,jink,0.500,4.00,0.050,1,0.600,1,7.7820,7.3423,-0.4397,1.3475,0.2891,0.1315,0.0822,6.0000,5.6335,2.5396,19.0063,0.5392,22.7467,-22.9041,17.4845,-24.0745,17.7279,-24.4363,19.7414,-24.4859,29.0702,-23.7114,-5.2622,-1.1705,-5.0187,-1.5323,-3.0053,-1.5819,24,0.1500,24,0,0.9756,0.0207,0.0037,0.5786,1.9970,0.3468,4.9638,3.3705,0.0000,1,0.2855,0.0509,6.0291,-0.0009,1.000,70.00,342.76
6.1900,IMM-UKF,jink,0.500,4.00,0.050,1,0.600,1,7.8095,7.3493,-0.4603,1.3718,0.2891,0.1315,0.0813,6.0000,5.6335,2.5377,19.7334,0.5381,23.0205,-22.8447,17.4845,-24.0745,17.7279,-24.4363,19.9313,-24.5350,29.2108,-23.8962,-5.5360,-1.2298,-5.2925,-1.5916,-3.0892,-1.6902,24,0.1600,24,0,0.9756,0.0207,0.0037,0.6581,2.1349,0.3290,4.9230,3.4299,0.0000,1,0.2855,0.0509,6.0291,-0.0009,1.000,70.00,342.76
6.2000,IMM-UKF,jink,0.500,4.00,0.050,1,0.600,1,7.8361,7.3536,-0.4825,1.3969,0.2891,0.1315,0.0806,6.0000,5.6335,2.5384,20.4587,0.5373,23.2849,-22.7875,17.4845,-24.0745,17.7279,-24.4363,20.1162,-24.5906,29.3522,-24.0876,-5.8004,-1.2870,-5.5569,-1.6488,-3.1687,-1.8030,24,0.1700,24,0,0.9756,0.0207,0.0037,0.7371,2.2713,0.3113,4.8815,3.4887,0.0000,1,0.2855,0.0509,6.0291,-0.0009,1.000,70.00,342.76
6.2100,IMM-UKF,jink,0.500,4.00,0.050,1,0.600,1,7.8616,7.3553,-0.5064,1.4227,0.2891,0.1315,0.0797,6.0000,5.6335,2.5391,21.1869,0.5366,23.5410,-22.7324,17.4845,-24.0745,17.7279,-24.4363,20.2965,-24.6527,29.4948,-24.2858,-6.0565,-1.3421,-5.8130,-1.7039,-3.2445,-1.9203,24,0.1800,24,0,0.9756,0.0207,0.0037,0.8155,2.4062,0.2937,4.8393,3.5470,0.0000,1,0.2855,0.0509,6.0291,-0.0009,1.000,70.00,342.76
6.2200,IMM-UKF,jink,0.500,4.00,0.050,1,0.600,1,7.8861,7.3543,-0.5318,1.4492,0.2891,0.1315,0.0788,6.0000,5.6335,2.5399,21.9187,0.5360,23.7889,-22.6794,17.4845,-24.0745,17.7279,-24.4363,20.4724,-24.7213,29.6386,-24.4911,-6.3044,-1.3951,-6.0610,-1.7569,-3.3165,-2.0419,24,0.1900,24,0,0.9756,0.0207,0.0037,0.8934,2.5395,0.2763,4.7964,3.6048,0.0000,1,0.2855,0.0509,6.0291,-0.0009,1.000,70.00,342.76
6.2300,IMM-UKF,jink,0.500,4.00,0.050,1,0.600,1,7.9096,7.3509,-0.5587,1.4765,0.2891,0.1315,0.0778,6.0000,5.6335,2.5407,22.6550,0.5354,24.0288,-22.6284,17.4845,-24.0745,17.7279,-24.4363,20.6441,-24.7964,29.7839,-24.7039,-6.5444,-1.4461,-6.3009,-1.8079,-3.3847,-2.1680,24,0.2000,24,0,0.9756,0.0207,0.0037,0.9707,2.6715,0.2590,4.7528,3.6621,0.0000,1,0.2855,0.0509,6.0291,-0.0009,1.000,70.00,342.76
6.2400,IMM-UKF,jink,0.500,4.00,0.050,1,0.600,1,7.9321,7.3449,-0.5872,1.5045,0.2891,0.1315,0.0767,6.0000,5.6335,2.5415,23.3966,0.5349,24.2609,-22.5795,17.4845,-24.0745,17.7279,-24.4363,20.8118,-24.8781,29.9309,-24.9244,-6.7764,-1.4950,-6.5330,-1.8568,-3.4491,-2.2986,24,0.2100,24,0,0.9756,0.0207,0.0037,1.0474,2.8020,0.2419,4.7085,3.7189,0.0000,1,0.2855,0.0509,6.0291,-0.0009,1.000,70.00,342.76
6.2500,IMM-UKF,jink,0.500,4.00,0.050,1,0.600,1,7.9535,7.3365,-0.6171,1.5332,0.2891,0.1315,0.0755,6.0000,5.6335,2.5423,24.1443,0.5345,24.4853,-22.5327,17.4845,-24.0745,17.7279,-24.4363,20.9758,-24.9662,30.0797,-25.1528,-7.0008,-1.5419,-6.7573,-1.9037,-3.5094,-2.4336,24,0.2200,24,0,0.9756,0.0207,0.0037,1.1236,2.9311,0.2250,4.6635,3.7751,0.0000,1,0.2855,0.0509,6.0291,-0.0009,1.000,70.00,342.76
6.2600,IMM-UKF,jink,0.500,4.00,0.050,1,0.600,1,7.9739,7.3256,-0.6484,1.5627,0.2891,0.1315,0.0742,6.0000,5.6335,2.5431,24.8993,0.5342,24.7020,-22.4878,17.4845,-24.0745,17.7279,-24.4363,21.1364,-25.0610,30.2307,-25.3896,-7.2176,-1.5867,-6.9741,-1.9485,-3.5657,-2.5732,24,0.2300,24,0,0.9756,0.0207,0.0037,1.1992,3.0588,0.2082,4.6179,3.8308,0.0000,1,0.2855,0.0509,6.0291,-0.0009,1.000,70.00,342.76
6.2700,IMM-UKF,jink,0.500,4.00,0.050,1,0.600,1,7.9933,7.3124,-0.6810,1.5929,0.2891,0.1315,0.0729,6.0000,5.6335,2.5440,25.6627,0.5340,24.9114,-22.4450,17.4845,-24.0745,17.7279,-24.4363,21.2936,-25.1623,30.3842,-25.6351,-7.4269,-1.6295,-7.1834,-1.9914,-3.6178,-2.7174,24,0.2400,24,0,0.9756,0.0207,0.0037,1.2741,3.1851,0.1917,4.5716,3.8859,0.0000,1,0.2855,0.0509,6.0291,-0.0009,1.000,70.00,342.76
6.2800,IMM-UKF,jink,0.500,4.00,0.050,1,0.600,1,8.0117,7.2968,-0.7149,1.6238,0.2891,0.1315,0.0715,6.0000,5.6335,2.5449,26.4357,0.5338,25.1134,-22.4041,17.4845,-24.0745,17.7279,-24.4363,21.4477,-25.2704,30.5402,-25.8896,-7.6289,-1.6704,-7.3854,-2.0322,-3.6657,-2.8662,24,0.2500,24,0,0.9756,0.0207,0.0037,1.3485,3.3101,0.1753,4.5246,3.9405,0.0000,1,0.2855,0.0509,6.0291,-0.0009,1.000,70.00,342.76
6.2900,IMM-UKF,jink,0.500,4.00,0.050,1,0.600,1,8.0290,7.2789,-0.7501,1.6555,0.2891,0.1315,0.0700,6.0000,5.6335,2.5458,27.2195,0.5337,25.3082,-22.3653,17.4845,-24.0745,17.7279,-24.4363,21.5989,-25.3852,30.6993,-26.1535,-7.8237,-1.7092,-7.5802,-2.0710,-3.7093,-3.0199,24,0.2600,24,0,0.9756,0.0207,0.0037,1.4222,3.4338,0.1591,4.4770,3.9945,0.0000,1,0.2855,0.0509,6.0291,-0.0009,1.000,70.00,342.76
6.3000,IMM-UKF,jink,0.500,4.00,0.050,1,0.600,1,8.0453,7.2587,-0.7866,1.6878,0.2891,0.1315,0.0684,6.0000,5.6335,2.5468,28.0156,0.5337,25.4959,-22.3284,17.4845,-24.0745,17.7279,-24.4363,21.7474,-25.5068,30.8616,-26.4272,-8.0114,-1.7461,-7.7679,-2.1079,-3.7485,-3.1784,24,0.2700,24,0,0.9756,0.0207,0.0037,1.4954,3.5562,0.1432,4.4288,4.0480,0.0000,1,0.2855,0.0509,6.0291,-0.0009,1.000,70.00,342.76
6.3100,IMM-UKF,jink,0.500,4.00,0.050,1,0.600,1,8.0606,7.2364,-0.8242,1.7209,0.2891,0.1315,0.0668,6.0000,5.6335,2.5478,28.8254,0.5337,25.6766,-22.2935,17.4845,-24.0745,17.7279,-24.4363,21.8934,-25.6354,31.0274,-26.7111,-8.1921,-1.7810,-7.9487,-2.1428,-3.7832,-3.3418,24,0.2800,24,0,0.9756,0.0207,0.0037,1.5678,3.6773,0.1274,4.3799,4.1008,0.0000,1,0.2855,0.0509,6.0291,-0.0009,1.000,70.00,342.76
6.3200,IMM-UKF,jink,0.500,4.00,0.050,1,0.600,1,8.0748,7.2118,-0.8629,1.7547,0.2891,0.1315,0.0651,6.0000,5.6335,2.5487,29.6505,0.5339,25.8505,-22.2606,17.4845,-24.0745,17.7279,-24.4363,22.0372,-25.7710,31.1972,-27.0056,-8.3660,-1.8139,-8.1225,-2.1757,-3.8133,-3.5104,24,0.2900,24,0,0.9756,0.0207,0.0037,1.6397,3.7972,0.1119,4.3303,4.1531,0.0000,1,0.2374,0.0598,6.0291,0.0012,1.000,70.00,342.76
6.3300,IMM-UKF,jink,0.500,4.00,0.050,1,0.600,1,8.0879,7.1851,-0.9028,1.7892,0.2891,0.1315,0.0633,6.0000,5.6335,2.5497,30.4925,0.5340,26.0175,-22.2297,17.4845,-24.0745,17.7279,-24.4363,22.1788,-25.9139,31.3714,-27.3113,-8.5331,-1.8448,-8.2896,-2.2066,-3.8387,-3.6842,24,0.3000,24,0,0.9756,0.0207,0.0037,1.7109,3.9158,0.0966,4.2802,4.2047,0.0000,1,0.2374,0.0598,6.0291,0.0012,1.000,70.00,342.76
6.3401,IMM-UKF,jink,0.500,4.00,0.050,1,0.600,1,8.1000,7.1564,-0.9437,1.8244,0.2891,0.1315,0.0614,6.0000,5.6335,2.5508,31.3533,0.5342,26.1779,-22.2007,17.4845,-24.0745,17.7279,-24.4363,22.3186,-26.0640,31.5502,-27.6285,-8.6934,-1.8738,-8.4500,-2.2356,-3.8594,-3.8633,24,0.3100,24,0,0.9756,0.0207,0.0037,1.7814,4.0333,0.0815,4.2294,4.2558,0.0000,1,0.2374,0.0598,6.0291,0.0012,1.000,70.00,342.76
6.3501,IMM-UKF,jink,0.500,4.00,0.050,1,0.600,1,8.1111,7.1255,-0.9856,1.8602,0.2891,0.1315,0.0595,6.0000,5.6335,2.5518,32.2346,0.5346,26.3317,-22.1737,17.4845,-24.0745,17.7279,-24.4363,22.4566,-26.2217,31.7342,-27.9579,-8.8472,-1.9008,-8.6037,-2.2627,-3.8751,-4.0480,24,0.3200,24,0,0.9756,0.0207,0.0037,1.8513,4.1495,0.0666,4.1781,4.3063,0.0000,1,0.2374,0.0598,6.0291,0.0012,1.000,70.00,342.76
6.3601,IMM-UKF,jink,0.500,4.00,0.050,1,0.600,1,8.1212,7.0927,-1.0285,1.8968,0.2891,0.1315,0.0576,6.0000,5.6335,2.5529,33.1383,0.5349,26.4790,-22.1486,17.4845,-24.0745,17.7279,-24.4363,22.5931,-26.3870,31.9238,-28.2999,-8.9945,-1.9259,-8.7510,-2.2877,-3.8858,-4.2383,24,0.3300,24,0,0.9756,0.0207,0.0037,1.9205,4.2645,0.0519,4.1261,4.3561,0.0000,1,0.2374,0.0598,6.0291,0.0012,1.000,70.00,342.76
6.3701,IMM-UKF,jink,0.500,4.00,0.050,1,0.600,1,8.1302,7.0578,-1.0723,1.9340,0.2891,0.1315,0.0556,6.0000,5.6335,2.5540,34.0667,0.5353,26.6198,-22.1255,17.4845,-24.0745,17.7279,-24.4363,22.7284,-26.5601,32.1195,-28.6551,-9.1353,-1.9490,-8.8918,-2.3108,-3.8914,-4.4346,24,0.3400,24,0,0.9756,0.0207,0.0037,1.9890,4.3785,0.0375,4.0735,4.4053,0.0000,1,0.2374,0.0598,6.0291,0.0012,1.000,70.00,342.76
6.3801,IMM-UKF,jink,0.500,4.00,0.050,1,0.600,1,8.1381,7.6988,-0.4393,1.3552,0.2952,0.1338,0.0474,6.0000,6.9354,1.2366,6.6296,0.5358,26.7542,-22.1044,25.8505,-22.2606,26.0704,-22.2363,25.5980,-22.3918,36.1761,-19.3228,-0.9038,-0.1562,-0.6838,-0.1319,-1.1563,-0.2874,25,0.0600,25,0,0.9842,0.0155,0.0003,2.0569,4.4912,0.0233,4.0204,4.4538,0.0000,1,0.2374,0.0598,6.3213,0.0012,1.000,70.00,342.76
6.3901,IMM-UKF,jink,0.500,4.00,0.050,1,0.600,1,8.1450,7.7019,-0.4431,1.3738,0.2952,0.1338,0.0453,6.0000,6.9354,1.2380,6.0639,0.5363,26.8824,-22.0853,25.8505,-22.2606,26.0704,-22.2363,25.8258,-22.3509,36.4142,-19.3766,-1.0319,-0.1754,-0.8120,-0.1511,-1.0566,-0.2656,25,0.0700,25,0,0.9842,0.0155,0.0003,2.1240,4.6029,0.0093,3.9666,4.5018,0.0000,1,0.2374,0.0598,6.3213,0.0012,1.000,70.00,342.76
6.4001,IMM-UKF,jink,0.500,4.00,0.050,1,0.600,1,8.1509,7.7027,-0.4481,1.3929,0.2952,0.1338,0.0431,6.0000,6.9354,1.2395,5.4804,0.5369,27.0043,-22.0681,25.8505,-22.2606,26.0704,-22.2363,26.0516,-22.3149,36.6572,-19.4340,-1.1539,-0.1925,-0.9339,-0.1682,-0.9527,-0.2468,25,0.0800,25,0,0.9842,0.0155,0.0003,2.1905,4.7135,-0.0045,3.9123,4.5490,0.0000,1,0.2374,0.0598,6.3213,0.0012,1.000,70.00,342.76
6.4101,IMM-UKF,jink,0.500,4.00,0.050,1,0.600,1,8.1557,7.7013,-0.4544,1.4125,0.2952,0.1338,0.0409,6.0000,6.9354,1.2408,4.8785,0.5376,27.1201,-22.0529,25.8505,-22.2606,26.0704,-22.2363,26.2756,-22.2839,36.9053,-19.4952,-1.2696,-0.2077,-1.0497,-0.1834,-0.8445,-0.2310,25,0.0900,25,0,0.9842,0.0155,0.0003,2.2562,4.8230,-0.0180,3.8575,4.5957,0.0000,1,0.2374,0.0598,6.3213,0.0012,1.000,70.00,342.76
6.4201,IMM-UKF,jink,0.500,4.00,0.050,1,0.600,1,8.1594,7.6976,-0.4618,1.4326,0.2952,0.1338,0.0387,6.0000,6.9354,1.2402,4.2602,0.5381,27.2301,-22.0397,25.8505,-22.2606,26.0704,-22.2363,26.4982,-22.2576,37.1588,-19.5602,-1.3797,-0.2210,-1.1597,-0.1966,-0.7320,-0.2179,25,0.1000,25,0,0.9842,0.0155,0.0003,2.3212,4.9314,-0.0313,3.8020,4.6416,0.0000,1,0.2374,0.0598,6.3213,0.0012,1.000,70.00,342.76
6.4301,IMM-UKF,jink,0.500,4.00,0.050,1,0.600,1,8.1621,7.6917,-0.4704,1.4532,0.2952,0.1338,0.0367,6.0000,6.9354,1.2353,3.6294,0.5381,27.3349,-22.0285,25.8505,-22.2606,26.0704,-22.2363,26.7195,-22.2360,37.4182,-19.6292,-1.4844,-0.2322,-1.2645,-0.2079,-0.6154,-0.2076,25,0.1100,25,0,0.9842,0.0155,0.0003,2.3855,5.0388,-0.0443,3.7461,4.6869,0.0000,1,0.2374,0.0598,6.3213,0.0012,1.000,70.00,342.76
6.4401,IMM-UKF,jink,0.500,4.00,0.050,1,0.600,1,8.1638,7.6837,-0.4801,1.4745,0.2952,0.1338,0.0346,6.0000,6.9354,1.2305,2.9864,0.5381,27.4336,-22.0193,25.8505,-22.2606,26.0704,-22.2363,26.9398,-22.2192,37.6837,-19.7021,-1.5831,-0.2413,-1.3632,-0.2170,-0.4938,-0.1999,25,0.1200,25,0,0.9842,0.0155,0.0003,2.4491,5.1452,-0.0572,3.6895,4.7315,0.0000,1,0.2374,0.0598,6.3213,0.0012,1.000,70.00,342.76
6.4501,IMM-UKF,jink,0.500,4.00,0.050,1,0.600,1,8.1644,7.6735,-0.4909,1.4963,0.2952,0.1338,0.0326,6.0000,6.9354,1.2293,2.3407,0.5385,27.5257,-22.0121,25.8505,-22.2606,26.0704,-22.2363,27.1595,-22.2070,37.9558,-19.7791,-1.6753,-0.2485,-1.4553,-0.2242,-0.3662,-0.1948,25,0.1300,25,0,0.9842,0.0155,0.0003,2.5120,5.2506,-0.0698,3.6325,4.7754,0.0000,1,0.2374,0.0598,6.3213,0.0012,1.000,70.00,342.76
6.4601,IMM-UKF,jink,0.500,4.00,0.050,1,0.600,1,8.1640,7.6612,-0.5028,1.5187,0.2952,0.1338,0.0308,6.0000,6.9354,1.2306,1.7286,0.5392,27.6115,-22.0070,25.8505,-22.2606,26.0704,-22.2363,27.3787,-22.1994,38.2348,-19.8602,-1.7610,-0.2536,-1.5410,-0.2293,-0.2327,-0.1924,25,0.1400,25,0,0.9842,0.0155,0.0003,2.5741,5.3550,-0.0821,3.5749,4.8187,0.0000,1,0.2374,0.0598,6.3213,0.0012,1.000,70.00,342.76
6.4701,IMM-UKF,jink,0.500,4.00,0.050,1,0.600,1,8.1625,7.6469,-0.5156,1.5418,0.2952,0.1338,0.0289,6.0000,6.9354,1.2319,1.2622,0.5400,27.6913,-22.0039,25.8505,-22.2606,26.0704,-22.2363,27.5978,-22.1963,38.5213,-19.9457,-1.8409,-0.2567,-1.6209,-0.2324,-0.0935,-0.1924,25,0.1500,25,0,0.9842,0.0155,0.0003,2.6355,5.4584,-0.0943,3.5169,4.8612,0.0000,1,0.2374,0.0598,6.3213,0.0012,1.000,70.00,342.76
6.4801,IMM-UKF,jink,0.500,4.00,0.050,1,0.600,1,8.1600,7.6305,-0.5295,1.5655,0.2952,0.1338,0.0269,6.0000,6.9354,1.2332,1.2005,0.5409,27.7654,-22.0029,25.8505,-22.2606,26.0704,-22.2363,27.8170,-22.1978,38.8156,-20.0355,-1.9149,-0.2577,-1.6950,-0.2334,0.0516,-0.1949,25,0.1600,25,0,0.9842,0.0155,0.0003,2.6961,5.5609,-0.1061,3.4583,4.9031,0.0000,1,0.2374,0.0598,6.3213,0.0012,1.000,70.00,342.76
6.4901,IMM-UKF,jink,0.500,4.00,0.050,1,0.600,1,8.1565,7.6122,-0.5443,1.5898,0.2952,0.1338,0.0249,6.0000,6.9354,1.2344,1.6416,0.5418,27.8337,-22.0040,25.8505,-22.2606,26.0704,-22.2363,28.0366,-22.2038,39.1182,-20.1299,-1.9832,-0.2567,-1.7633,-0.2323,0.2029,-0.1999,25,0.1700,25,0,0.9842,0.0155,0.0003,2.7560,5.6624,-0.1178,3.3992,4.9442,0.0000,1,0.2374,0.0598,6.3213,0.0012,1.000,70.00,342.76
6.5001,IMM-UKF,jink,0.500,4.00,0.050,1,0.600,1,8.1519,7.5918,-0.5601,1.6148,0.2952,0.1338,0.0228,6.0000,6.9354,1.2356,2.3522,0.5428,27.8962,-22.0071,25.8505,-22.2606,26.0704,-22.2363,28.2568,-22.2144,39.4296,-20.2289,-2.0457,-0.2535,-1.8258,-0.2292,0.3606,-0.2073,25,0.1800,25,0,0.9842,0.0155,0.0003,2.8152,5.7630,-0.1292,3.3396,4.9847,0.0000,1,0.2374,0.0598,6.3213,0.0012,1.000,70.00,342.76
6.5101,IMM-UKF,jink,0.500,4.00,0.050,1,0.600,1,8.1463,7.5696,-0.5767,1.6404,0.2952,0.1338,0.0208,6.0000,6.9354,1.2367,3.1864,0.5438,27.9530,-22.0124,25.8505,-22.2606,26.0704,-22.2363,28.4780,-22.2295,39.7504,-20.3327,-2.1025,-0.2482,-1.8826,-0.2239,0.5250,-0.2171,25,0.1900,25,0,0.9842,0.0155,0.0003,2.8735,5.8628,-0.1404,3.2796,5.0244,0.0000,1,0.2374,0.0598,6.3213,0.0012,1.000,70.00,342.76
6.5201,IMM-UKF,jink,0.500,4.00,0.050,1,0.600,1,8.1396,7.5454,-0.5942,1.6667,0.2952,0.1338,0.0187,6.0000,6.9354,1.2378,4.0953,0.5449,28.0041,-22.0198,25.8505,-22.2606,26.0704,-22.2363,28.7004,-22.2491,40.0812,-20.4414,-2.1536,-0.2408,-1.9337,-0.2165,0.6963,-0.2293,25,0.2000,25,0,0.9842,0.0155,0.0003,2.9311,5.9616,-0.1513,3.2190,5.0634,0.0000,1,0.2374,0.0598,6.3213,0.0012,1.000,70.00,342.76
6.5301,IMM-UKF,jink,0.500,4.00,0.050,1,0.600,1,8.1319,7.5194,-0.6125,1.6937,0.2952,0.1338,0.0165,6.0000,6.9354,1.2389,5.0623,0.5461,28.0495,-22.0294,25.8505,-22.2606,26.0704,-22.2363,28.9243,-22.2733,40.4224,-20.5550,-2.1991,-0.2313,-1.9791,-0.2070,0.8748,-0.2440,25,0.2100,25,0,0.9842,0.0155,0.0003,2.9879,6.0596,-0.1620,3.1580,5.1016,0.0000,1,0.2374,0.0598,6.3213,0.0012,1.000,70.00,342.76
6.5401,IMM-UKF,jink,0.500,4.00,0.050,1,0.600,1,8.1232,7.4916,-0.6316,1.7213,0.2952,0.1338,0.0143,6.0000,6.9354,1.2399,6.0808,0.5473,28.0893,-22.0411,25.8505,-22.2606,26.0704,-22.2363,29.1500,-22.3021,40.7748,-20.6739,-2.2389,-0.2195,-2.0189,-0.1952,1.0607,-0.2610,25,0.2200,25,0,0.9842,0.0155,0.0003,3.0439,6.1567,-0.1724,3.0966,5.1392,0.0000,1,0.2374,0.0598,6.3213,0.0012,1.000,70.00,342.76
6.5501,IMM-UKF,jink,0.500,4.00,0.050,1,0.600,1,8.1134,7.4619,-0.6515,1.7497,0.2952,0.1338,0.0121,6.0000,6.9354,1.2409,7.1486,0.5485,28.1235,-22.0550,25.8505,-22.2606,26.0704,-22.2363,29.3778,-22.3355,41.1390,-20.7981,-2.2730,-0.2056,-2.0531,-0.1813,1.2544,-0.2805,25,0.2300,25,0,0.9842,0.0155,0.0003,3.0992,6.2530,-0.1826,3.0347,5.1760,0.0000,1,0.2374,0.0598,6.3213,0.0012,1.000,70.00,342.76
6.5601,IMM-UKF,jink,0.500,4.00,0.050,1,0.600,1,8.1026,7.4305,-0.6721,1.7787,0.2952,0.1338,0.0098,6.0000,6.9354,1.2419,8.2654,0.5499,28.1520,-22.0712,25.8505,-22.2606,26.0704,-22.2363,29.6081,-22.3736,41.5156,-20.9278,-2.3015,-0.1894,-2.0816,-0.1651,1.4561,-0.3023,25,0.2400,25,0,0.9842,0.0155,0.0003,3.1536,6.3484,-0.1925,2.9724,5.2120,0.0000,1,0.2661,0.0569,6.3213,-0.0004,1.000,70.00,342.76
6.5701,IMM-UKF,jink,0.500,4.00,0.050,1,0.600,1,8.0908,7.3974,-0.6934,1.8084,0.2952,0.1338,0.0081,6.0000,6.9354,1.2314,9.4205,0.5500,28.1770,-22.0897,25.8505,-22.2606,26.0704,-22.2363,29.8410,-22.4163,41.9055,-21.0631,-2.3265,-0.1710,-2.1066,-0.1467,1.6641,-0.3267,25,0.2500,25,0,0.9842,0.0155,0.0003,3.2073,6.4431,-0.2022,2.9096,5.2473,0.0000,1,0.2661,0.0569,6.3213,-0.0004,1.000,70.00,342.76
6.5801,IMM-UKF,jink,0.500,4.00,0.050,1,0.600,1,8.0779,7.3626,-0.7153,1.8388,0.2952,0.1338,0.0081,6.0000,6.9354,1.1828,10.5885,0.5484,28.2032,-22.1104,25.8505,-22.2606,26.0704,-22.2363,30.0770,-22.4638,42.3094,-21.2042,-2.3528,-0.1502,-2.1328,-0.1259,1.8738,-0.3534,25,0.2600,25,0,0.9842,0.0155,0.0003,3.2601,6.5370,-0.2117,2.8464,5.2818,0.0000,1,0.2661,0.0569,6.3213,-0.0004,1.000,70.00,342.76
6.5901,IMM-UKF,jink,0.500,4.00,0.050,1,0.600,1,8.0640,7.3261,-0.7379,1.8698,0.2952,0.1338,0.0081,6.0000,6.9354,1.1346,11.8084,0.5501,28.2239,-22.1336,25.8505,-22.2606,26.0704,-22.2363,30.3165,-22.5161,42.7282,-21.3512,-2.3734,-0.1270,-2.1535,-0.1027,2.0926,-0.3825,25,0.2700,25,0,0.9842,0.0155,0.0003,3.3122,6.6301,-0.2209,2.7829,5.3156,0.0000,1,0.2661,0.0569,6.3213,-0.0004,1.000,70.00,342.76
6.6001,IMM-UKF,jink,0.500,4.00,0.050,1,0.600,1,8.0492,7.2880,-0.7611,1.9016,0.2952,0.1338,0.0090,6.0000,6.9354,1.1069,13.1019,0.5531,28.2352,-22.1593,25.8505,-22.2606,26.0704,-22.2363,30.5596,-22.5733,43.1627,-21.5044,-2.3847,-0.1014,-2.1648,-0.0771,2.3244,-0.4141,25,0.2800,25,0,0.9842,0.0155,0.0003,3.3634,6.7224,-0.2298,2.7189,5.3486,0.0000,1,0.2661,0.0569,6.3213,-0.0004,1.000,70.00,342.76
6.6101,IMM-UKF,jink,0.500,4.00,0.050,1,0.600,1,8.0332,7.2484,-0.7849,1.9340,0.2952,0.1338,0.0112,6.0000,6.9354,1.1074,14.4787,0.5532,28.2358,-22.1873,25.8505,-22.2606,26.0704,-22.2363,30.8070,-22.6355,43.6138,-21.6639,-2.3853,-0.0734,-2.1653,-0.0490,2.5712,-0.4482,25,0.2900,25,0,0.9842,0.0155,0.0003,3.4138,6.8140,-0.2384,2.6545,5.3809,0.0000,1,0.2661,0.0569,6.3213,-0.0004,1.000,70.00,342.76
6.6201,IMM-UKF,jink,0.500,4.00,0.050,1,0.600,1,8.0163,8.0627,0.0464,1.3619,0.2942,0.1348,0.0143,6.0000,7.7243,1.5016,8.3906,0.5534,28.2307,-22.2177,28.1520,-22.0712,28.2242,-22.3177,29.7386,-22.3586,39.6727,-21.4694,-0.0787,0.1465,-0.0065,-0.0999,1.5079,-0.1408,26,0.0600,26,0,0.9842,0.0139,0.0019,3.4633,6.9048,-0.2468,2.5897,5.4123,0.0000,1,0.2661,0.0569,6.5597,-0.0004,1.000,70.00,342.76
6.6301,IMM-UKF,jink,0.500,4.00,0.050,1,0.600,1,7.9984,8.0520,0.0536,1.3796,0.2942,0.1348,0.0163,6.0000,7.7243,1.5021,9.5282,0.5537,28.2200,-22.2507,28.1520,-22.0712,28.2242,-22.3177,29.9369,-22.3626,39.9618,-21.5656,-0.0680,0.1794,0.0042,-0.0670,1.7169,-0.1120,26,0.0700,26,0,0.9842,0.0139,0.0019,3.5120,6.9950,-0.2550,2.5246,5.4430,0.0000,1,0.2661,0.0569,6.5597,-0.0004,1.000,70.00,342.76
6.6401,IMM-UKF,jink,0.500,4.00,0.050,1,0.600,1,7.9794,8.0395,0.0601,1.3979,0.2942,0.1348,0.0183,6.0000,7.7243,1.5025,10.7108,0.5540,28.2037,-22.2861,28.1520,-22.0712,28.2242,-22.3177,30.1365,-22.3708,40.2594,-21.6663,-0.0517,0.2149,0.0205,-0.0316,1.9328,-0.0847,26,0.0800,26,0,0.9842,0.0139,0.0019,3.5599,7.0844,-0.2628,2.4591,5.4729,0.0000,1,0.2661,0.0569,6.5597,-0.0004,1.000,70.00,342.76
6.6501,IMM-UKF,jink,0.500,4.00,0.050,1,0.600,1,7.9595,8.0253,0.0658,1.4167,0.2942,0.1348,0.0203,6.0000,7.7243,1.5031,11.9374,0.5543,28.1818,-22.3241,28.1520,-22.0712,28.2242,-22.3177,30.3376,-22.3832,40.5660,-21.7717,-0.0298,0.2529,0.0424,0.0064,2.1558,-0.0591,26,0.0900,26,0,0.9842,0.0139,0.0019,3.6070,7.1731,-0.2704,2.3933,5.5020,0.0000,1,0.2661,0.0569,6.5597,-0.0004,1.000,70.00,342.76
6.6601,IMM-UKF,jink,0.500,4.00,0.050,1,0.600,1,7.9385,8.0094,0.0708,1.4360,0.2942,0.1348,0.0221,6.0000,7.7243,1.5038,13.2078,0.5548,28.1542,-22.3647,28.1520,-22.0712,28.2242,-22.3177,30.5404,-22.3997,40.8821,-21.8817,-0.0022,0.2935,0.0700,0.0470,2.3863,-0.0350,26,0.1000,26,0,0.9842,0.0139,0.0019,3.6531,7.2612,-0.2777,2.3271,5.5304,0.0000,1,0.2661,0.0569,6.5597,-0.0004,1.000,70.00,342.76
6.6701,IMM-UKF,jink,0.500,4.00,0.050,1,0.600,1,7.9166,7.9917,0.0751,1.4559,0.2942,0.1348,0.0240,6.0000,7.7243,1.5045,14.5226,0.5553,28.1209,-22.4080,28.1520,-22.0712,28.2242,-22.3177,30.7453,-22.4204,41.2082,-21.9965,0.0311,0.3367,0.1033,0.0903,2.6244,-0.0125,26,0.1100,26,0,0.9842,0.0139,0.0019,3.6984,7.3486,-0.2848,2.2605,5.5579,0.0000,1,0.2661,0.0569,6.5597,-0.0004,1.000,70.00,342.76
6.6801,IMM-UKF,jink,0.500,4.00,0.050,1,0.600,1,7.8937,7.9724,0.0788,1.4764,0.2942,0.1348,0.0257,6.0000,7.7243,1.5052,15.8825,0.5558,28.0819,-22.4539,28.1520,-22.0712,28.2242,-22.3177,30.9525,-22.4454,41.5449,-22.1163,0.0701,0.3827,0.1423,0.1363,2.8706,0.0086,26,0.1200,26,0,0.9842,0.0139,0.0019,3.7429,7.4354,-0.2915,2.1937,5.5846,0.0000,1,0.2661,0.0569,6.5597,-0.0004,1.000,70.00,342.76
6.6901,IMM-UKF,jink,0.500,4.00,0.050,1,0.600,1,7.8697,7.9515,0.0818,1.4974,0.2942,0.1348,0.0274,6.0000,7.7243,1.5061,17.2886,0.5564,28.0371,-22.5026,28.1520,-22.0712,28.2242,-22.3177,31.1622,-22.4745,41.8926,-22.2410,0.1149,0.4314,0.1871,0.1850,3.1251,0.0281,26,0.1300,26,0,0.9842,0.0139,0.0019,3.7865,7.5215,-0.2979,2.1265,5.6105,0.0000,1,0.2661,0.0569,6.5597,-0.0004,1.000,70.00,342.76
6.7001,IMM-UKF,jink,0.500,4.00,0.050,1,0.600,1,7.8448,7.9290,0.0842,1.5191,0.2942,0.1348,0.0291,6.0000,7.7243,1.5070,18.7423,0.5571,27.9866,-22.5542,28.1520,-22.0712,28.2242,-22.3177,31.3748,-22.5078,42.2520,-22.3710,0.1653,0.4830,0.2376,0.2365,3.3882,0.0463,26,0.1400,26,0,0.9842,0.0139,0.0019,3.8292,7.6070,-0.3040,2.0590,5.6356,0.0000,1,0.2661,0.0569,6.5597,-0.0004,1.000,70.00,342.76
6.7101,IMM-UKF,jink,0.500,4.00,0.050,1,0.600,1,7.8189,7.9050,0.0860,1.5414,0.2942,0.1348,0.0307,6.0000,7.7243,1.5079,20.2450,0.5578,27.9304,-22.6086,28.1520,-22.0712,28.2242,-22.3177,31.5906,-22.5455,42.6238,-22.5062,0.2216,0.5374,0.2938,0.2909,3.6602,0.0631,26,0.1500,26,0,0.9842,0.0139,0.0019,3.8710,7.6919,-0.3099,1.9912,5.6599,0.0000,1,0.2661,0.0569,6.5597,-0.0004,1.000,70.00,342.76
6.7201,IMM-UKF,jink,0.500,4.00,0.050,1,0.600,1,7.7921,7.8794,0.0873,1.5643,0.2942,0.1348,0.0322,6.0000,7.7243,1.5089,21.7984,0.5585,27.8682,-22.6659,28.1520,-22.0712,28.2242,-22.3177,31.8098,-22.5875,43.0084,-22.6468,0.2838,0.5947,0.3560,0.3483,3.9416,0.0785,26,0.1600,26,0,0.9842,0.0139,0.0019,3.9119,7.7761,-0.3154,1.9232,5.6834,0.0000,1,0.2661,0.0569,6.5597,-0.0004,1.000,70.00,342.76
6.7301,IMM-UKF,jink,0.500,4.00,0.050,1,0.600,1,7.7643,7.8523,0.0881,1.5879,0.2942,0.1348,0.0337,6.0000,7.7243,1.5100,23.4043,0.5594,27.8002,-22.7263,28.1520,-22.0712,28.2242,-22.3177,32.0327,-22.6338,43.4067,-22.7930,0.3518,0.6551,0.4240,0.4086,4.2325,0.0925,26,0.1700,26,0,0.9842,0.0139,0.0019,3.9519,7.8598,-0.3205,1.8548,5.7061,0.0000,1,0.2661,0.0569,6.5597,-0.0004,1.000,70.00,342.76
6.7401,IMM-UKF,jink,0.500,4.00,0.050,1,0.600,1,7.7355,7.8238,0.0884,1.6121,0.2942,0.1348,0.0353,6.0000,7.7243,1.5106,25.0622,0.5605,27.7267,-22.7897,28.1520,-22.0712,28.2242,-22.3177,32.2598,-22.6846,43.8192,-22.9448,0.4253,0.7185,0.4975,0.4721,4.5331,0.1051,26,0.1800,26,0,0.9842,0.0139,0.0019,3.9910,7.9430,-0.3253,1.7862,5.7279,0.0000,1,0.2661,0.0569,6.5597,-0.0004,1.000,70.00,342.76
6.7501,IMM-UKF,jink,0.500,4.00,0.050,1,0.600,1,7.7057,7.7939,0.0882,1.6370,0.2942,0.1348,0.0369,6.0000,7.7243,1.5109,26.7736,0.5620,27.6478,-22.8563,28.1520,-22.0712,28.2242,-22.3177,32.4912,-22.7399,44.2469,-23.1026,0.5042,0.7851,0.5764,0.5386,4.8435,0.1164,26,0.1900,26,0,0.9842,0.0139,0.0019,4.0291,8.0256,-0.3298,1.7174,5.7490,0.0000,1,0.2661,0.0569,6.5597,-0.0004,1.000,70.00,342.76
6.7601,IMM-UKF,jink,0.500,4.00,0.050,1,0.600,1,7.6750,7.7626,0.0876,1.6626,0.2942,0.1348,0.0385,6.0000,7.7243,1.5111,28.5437,0.5635,27.5628,-22.9261,28.1520,-22.0712,28.2242,-22.3177,32.7274,-22.7997,44.6903,-23.2663,0.5892,0.8549,0.6614,0.6084,5.1647,0.1264,26,0.2000,26,0,0.9842,0.0139,0.0019,4.0664,8.1076,-0.3339,1.6483,5.7692,0.0000,1,0.2661,0.0569,6.5597,-0.0004,1.000,70.00,342.76
6.7701,IMM-UKF,jink,0.500,4.00,0.050,1,0.600,1,7.6434,7.7300,0.0866,1.6888,0.2942,0.1348,0.0400,6.0000,7.7243,1.5113,30.3744,0.5650,27.4717,-22.9992,28.1520,-22.0712,28.2242,-22.3177,32.9688,-22.8643,45.1503,-23.4362,0.6803,0.9280,0.7525,0.6816,5.4971,0.1349,26,0.2100,26,0,0.9842,0.0139,0.0019,4.1027,8.1891,-0.3376,1.5789,5.7885,0.0000,1,0.2661,0.0569,6.5597,-0.0004,1.000,70.00,342.76
6.7801,IMM-UKF,jink,0.500,4.00,0.050,1,0.600,1,7.6108,7.6961,0.0853,1.7157,0.2942,0.1348,0.0416,6.0000,7.7243,1.5122,32.2717,0.5662,27.3739,-23.0757,28.1520,-22.0712,28.2242,-22.3177,33.2155,-22.9336,45.6278,-23.6124,0.7781,1.0045,0.8503,0.7581,5.8417,0.1421,26,0.2200,26,0,0.9842,0.0139,0.0019,4.1380,8.2700,-0.3409,1.5094,5.8071,0.0000,1,0.2661,0.0569,6.5597,-0.0004,1.000,70.00,342.76
6.7901,IMM-UKF,jink,0.500,4.00,0.050,1,0.600,1,7.5773,7.6609,0.0836,1.7432,0.2942,0.1348,0.0432,6.0000,7.7243,1.5134,34.2360,0.5672,27.2695,-23.1557,28.1520,-22.0712,28.2242,-22.3177,33.4682,-23.0078,46.1235,-23.7952,0.8825,1.0845,0.9547,0.8381,6.1986,0.1479,26,0.2300,26,0,0.9842,0.0139,0.0019,4.1724,8.3505,-0.3438,1.4396,5.8247,0.0000,1,0.2661,0.0569,6.5597,-0.0004,1.000,70.00,342.76
6.8001,IMM-UKF,jink,0.500,4.00,0.050,1,0.600,1,7.5429,7.6245,0.0817,1.7715,0.2942,0.1348,0.0448,6.0000,7.7243,1.5146,36.2684,0.5682,27.1589,-23.2393,28.1520,-22.0712,28.2242,-22.3177,33.7271,-23.0870,46.6386,-23.9847,0.9931,1.1681,1.0653,0.9216,6.5682,0.1523,26,0.2400,26,0,0.9842,0.0139,0.0019,4.2059,8.4304,-0.3463,1.3696,5.8416,0.0000,1,0.2661,0.0569,6.5597,-0.0004,1.000,70.00,342.76
6.8101,IMM-UKF,jink,0.500,4.00,0.050,1,0.600,1,7.5075,7.5870,0.0794,1.8004,0.2942,0.1348,0.0463,6.0000,7.7243,1.5159,38.3718,0.5693,27.0419,-23.3265,28.1520,-22.0712,28.2242,-22.3177,33.9926,-23.1714,47.1738,-24.1812,1.1100,1.2553,1.1822,1.0089,6.9507,0.1551,26,0.2500,26,0,0.9842,0.0139,0.0019,4.2383,8.5099,-0.3482,1.2994,5.8576,0.0000,1,0.2661,0.0569,6.5597,-0.0004,1.000,70.00,342.76
6.8201,IMM-UKF,jink,0.500,4.00,0.050,1,0.600,1,7.4713,7.5483,0.0770,1.8299,0.2942,0.1348,0.0478,6.0000,7.7243,1.5172,40.5489,0.5705,26.9185,-23.4175,28.1520,-22.0712,28.2242,-22.3177,34.2653,-23.2611,47.7301,-24.3849,1.2335,1.3463,1.3057,1.0999,7.3468,0.1565,26,0.2600,26,0,0.9842,0.0139,0.0019,4.2698,8.5888,-0.3497,1.2290,5.8728,0.0000,1,0.2661,0.0569,6.5597,-0.0004,1.000,70.00,342.76
6.8301,IMM-UKF,jink,0.500,4.00,0.050,1,0.600,1,7.4341,7.5086,0.0744,1.8601,0.2942,0.1348,0.0492,6.0000,7.7243,1.5186,42.8028,0.5717,26.7886,-23.5124,28.1520,-22.0712,28.2242,-22.3177,34.5455,-23.3562,48.3087,-24.5960,1.3634,1.4412,1.4356,1.1948,7.7570,0.1562,26,0.2700,26,0,0.9842,0.0139,0.0019,4.3003,8.6673,-0.3506,1.1584,5.8871,0.0000,1,0.2678,0.0544,6.5597,0.0004,1.000,70.00,342.76
6.8401,IMM-UKF,jink,0.500,4.00,0.050,1,0.600,1,7.3961,7.4678,0.0717,1.8910,0.2942,0.1348,0.0506,6.0000,7.7243,1.5200,45.1366,0.5729,26.6520,-23.6113,28.1520,-22.0712,28.2242,-22.3177,34.8338,-23.4571,48.9104,-24.8148,1.5000,1.5401,1.5722,1.2937,8.1817,0.1542,26,0.2800,26,0,0.9842,0.0139,0.0019,4.3298,8.7454,-0.3510,1.0877,5.9006,0.0000,1,0.2678,0.0544,6.5597,0.0004,1.000,70.00,342.76
6.8501,IMM-UKF,jink,0.500,4.00,0.050,1,0.600,1,7.3572,7.4260,0.0688,1.9225,0.2942,0.1348,0.0519,6.0000,7.7243,1.5215,47.5536,0.5742,26.5087,-23.7144,28.1520,-22.0712,28.2242,-22.3177,35.1305,-23.5639,49.5365,-25.0417,1.6433,1.6432,1.7155,1.3967,8.6218,0.1504,26,0.2900,26,0,0.9842,0.0139,0.0019,4.3583,8.8230,-0.3507,1.0168,5.9132,0.0000,1,0.2678,0.0544,6.5597,0.0004,1.000,70.00,342.76
6.8601,IMM-UKF,jink,0.500,4.00,0.050,1,0.600,1,7.3174,7.3834,0.0660,1.9546,0.2942,0.1348,0.0532,6.0000,7.7243,1.5230,50.0573,0.5755,26.3586,-23.8217,28.1520,-22.0712,28.2242,-22.3177,35.4362,-23.6770,50.1881,-25.2771,1.7934,1.7505,1.8656,1.5040,9.0776,0.1447,26,0.3000,26,0,0.9842,0.0139,0.0019,4.3857,8.9001,-0.3497,0.9458,5.9250,0.0000,1,0.2678,0.0544,6.5597,0.0004,1.000,70.00,342.76
6.8701,IMM-UKF,jink,0.500,4.00,0.050,1,0.600,1,7.2768,7.3399,0.0631,1.9874,0.2942,0.1348,0.0544,6.0000,7.7243,1.5246,52.6515,0.5769,26.2015,-23.9334,28.1520,-22.0712,28.2242,-22.3177,35.7514,-23.7966,50.8662,-25.5213,1.9505,1.8622,2.0227,1.6158,9.5499,0.1368,26,0.3100,26,0,0.9842,0.0139,0.0019,4.4121,8.9768,-0.3480,0.8746,5.9359,0.0000,1,0.2678,0.0544,6.5597,0.0004,1.000,70.00,342.76
6.8801,IMM-UKF,jink,0.500,4.00,0.050,1,0.600,1,7.2353,7.2955,0.0602,2.0208,0.2942,0.1348,0.0556,6.0000,7.7243,1.5262,55.3398,0.5783,26.0374,-24.0497,28.1520,-22.0712,28.2242,-22.3177,36.0768,-23.9231,51.5721,-25.7751,2.1146,1.9785,2.1868,1.7321,10.0394,0.1266,26,0.3200,26,0,0.9842,0.0139,0.0019,4.4375,9.0531,-0.3454,0.8033,5.9460,0.0000,1,0.2678,0.0544,6.5597,0.0004,1.000,70.00,342.76
6.8901,IMM-UKF,jink,0.500,4.00,0.050,1,0.600,1,7.1930,7.2461,0.0531,1.3828,0.2956,0.1359,0.0554,6.0000,7.4900,0.9393,26.8570,0.5797,25.8661,-24.1708,26.7886,-23.5124,26.8802,-23.6432,30.6027,-23.0579,37.6077,-24.7740,0.9225,0.6584,1.0141,0.5275,4.7366,1.1129,27,0.0600,27,0,0.9819,0.0169,0.0012,4.4617,9.1290,-0.3418,0.7319,5.9552,0.0000,1,0.2678,0.0544,6.8304,0.0004,1.000,70.00,342.76
6.9001,IMM-UKF,jink,0.500,4.00,0.050,1,0.600,1,7.1499,7.2140,0.0642,1.4002,0.2956,0.1359,0.0565,6.0000,7.4900,0.9411,28.5717,0.5812,25.6875,-24.2968,26.7886,-23.5124,26.8802,-23.6432,30.7270,-23.1075,37.9533,-25.0082,1.1011,0.7843,1.1927,0.6535,5.0395,1.1893,27,0.0700,27,0,0.9819,0.0169,0.0012,4.4849,9.2044,-0.3372,0.6604,5.9635,0.0000,1,0.2678,0.0544,6.8304,0.0004,1.000,70.00,342.76
6.9101,IMM-UKF,jink,0.500,4.00,0.050,1,0.600,1,7.1059,7.1807,0.0748,1.4183,0.2956,0.1359,0.0576,6.0000,7.4900,0.9428,30.3488,0.5827,25.5014,-24.4279,26.7886,-23.5124,26.8802,-23.6432,30.8563,-23.1634,38.3177,-25.2577,1.2872,0.9155,1.3787,0.7846,5.3548,1.2645,27,0.0800,27,0,0.9819,0.0169,0.0012,4.5071,9.2794,-0.3312,0.5888,5.9710,0.0000,1,0.2678,0.0544,6.8304,0.0004,1.000,70.00,342.76
6.9201,IMM-UKF,jink,0.500,4.00,0.050,1,0.600,1,7.0612,7.1462,0.0850,1.4368,0.2956,0.1359,0.0586,6.0000,7.4900,0.9446,32.1904,0.5842,25.3078,-24.5644,26.7886,-23.5124,26.8802,-23.6432,30.9908,-23.2262,38.7022,-25.5244,1.4808,1.0519,1.5724,0.9211,5.6831,1.3382,27,0.0900,27,0,0.9819,0.0169,0.0012,4.5280,9.3540,-0.3238,0.5171,5.9777,0.0000,1,0.2678,0.0544,6.8304,0.0004,1.000,70.00,342.76
6.9301,IMM-UKF,jink,0.500,4.00,0.050,1,0.600,1,7.0157,7.1106,0.0949,1.4559,0.2956,0.1359,0.0596,6.0000,7.4900,0.9464,34.0986,0.5858,25.1064,-24.7065,26.7886,-23.5124,26.8802,-23.6432,31.1311,-23.2963,39.1079,-25.8106,1.6822,1.1940,1.7738,1.0632,6.0247,1.4102,27,0.1000,27,0,0.9819,0.0169,0.0012,4.5479,9.4282,-0.3146,0.4453,5.9835,0.0000,1,0.2678,0.0544,6.8304,0.0004,1.000,70.00,342.76
6.9401,IMM-UKF,jink,0.500,4.00,0.050,1,0.600,1,6.9695,7.0739,0.1045,1.4756,0.2956,0.1359,0.0605,6.0000,7.4900,0.9482,36.0755,0.5874,24.8970,-24.8545,26.7886,-23.5124,26.8802,-23.6432,31.2775,-23.3746,39.5361,-26.1194,1.8915,1.3421,1.9831,1.2113,6.3804,1.4799,27,0.1100,27,0,0.9819,0.0169,0.0012,4.5666,9.5019,-0.3031,0.3735,5.9884,0.0000,1,0.2678,0.0544,6.8304,0.0004,1.000,70.00,342.76
6.9501,IMM-UKF,jink,0.500,4.00,0.050,1,0.600,1,6.9225,7.0364,0.1138,1.4960,0.2956,0.1359,0.0614,6.0000,7.4900,0.9501,38.1227,0.5890,24.6796,-25.0088,26.7886,-23.5124,26.8802,-23.6432,31.4303,-23.4621,39.9880,-26.4553,2.1090,1.4963,2.2005,1.3655,6.7507,1.5467,27,0.1200,27,0,0.9819,0.0169,0.0012,4.5841,9.5750,-0.2888,0.3016,5.9924,0.0000,1,0.2678,0.0544,6.8304,0.0004,1.000,70.00,342.76
6.9601,IMM-UKF,jink,0.500,4.00,0.050,1,0.600,1,6.8749,6.9980,0.1231,1.5169,0.2956,0.1359,0.0623,6.0000,7.4900,0.9519,40.2415,0.5907,24.4539,-25.1697,26.7886,-23.5124,26.8802,-23.6432,31.5900,-23.5604,40.4647,-26.8248,2.3347,1.6573,2.4262,1.5265,7.1361,1.6093,27,0.1300,27,0,0.9819,0.0169,0.0012,4.6003,9.6475,-0.2707,0.2297,5.9956,0.0000,1,0.2678,0.0544,6.8304,0.0004,1.000,70.00,342.76
6.9701,IMM-UKF,jink,0.500,4.00,0.050,1,0.600,1,6.8266,6.9590,0.1324,1.5385,0.2956,0.1359,0.0631,6.0000,7.4900,0.9538,42.4316,0.5923,24.2197,-25.3380,26.7886,-23.5124,26.8802,-23.6432,31.7570,-23.6720,40.9670,-27.2382,2.5688,1.8255,2.6604,1.6947,7.5373,1.6659,27,0.1400,27,0,0.9819,0.0169,0.0012,4.6152,9.7192,-0.2471,0.1577,5.9979,0.0000,1,0.2678,0.0544,6.8304,0.0004,1.000,70.00,342.76
6.9801,IMM-UKF,jink,0.500,4.00,0.050,1,0.600,1,6.7777,6.9199,0.1421,1.5608,0.2956,0.1359,0.0638,6.0000,7.4900,0.9556,44.6898,0.5939,23.9769,-25.5142,26.7886,-23.5124,26.8802,-23.6432,31.9315,-23.8013,41.4943,-27.7136,2.8117,2.0018,2.9033,1.8709,7.9546,1.7129,27,0.1500,27,0,0.9819,0.0169,0.0012,4.6284,9.7893,-0.2152,0.0857,5.9994,0.0000,1,0.2678,0.0544,6.8304,0.0004,1.000,70.00,342.76
6.9901,IMM-UKF,jink,0.500,4.00,0.050,1,0.600,1,6.7284,6.8814,0.1530,1.5837,0.2956,0.1359,0.0646,6.0000,7.4900,0.9575,47.0049,0.5955,23.7251,-25.6996,26.7886,-23.5124,26.8802,-23.6432,32.1133,-23.9568,42.0418,-28.2870,3.0634,2.1872,3.1550,2.0564,8.3882,1.7428,27,0.1600,27,0,0.9819,0.0169,0.0012,4.6395,9.8562,-0.1687,0.0137,6.0000,0.0000,1,0.2678,0.0544,6.8304,0.0004,1.000,70.00,342.76
7.0001,IMM-UKF,jink,0.500,4.00,0.050,1,0.600,1,6.6788,6.8463,0.1675,1.6073,0.2956,0.1359,0.0653,6.0000,7.4900,0.9593,49.3358,0.5971,23.4641,-25.8965,26.7886,-23.5124,26.8802,-23.6432,32.2996,-24.1592,42.5815,-29.0437,3.3245,2.3840,3.4160,2.2532,8.8355,1.7372,27,0.1700,27,0,0.9819,0.0169,0.0012,4.6456,9.9119,-0.0906,-0.0583,5.9997,0.0000,1,0.2678,0.0544,6.8304,0.0004,1.000,70.00,342.76
7.0101,IMM-UKF,jink,0.500,4.00,0.050,1,0.600,1,6.6301,6.8300,0.2000,1.6316,0.2956,0.1359,0.0660,6.0000,7.4900,0.9609,51.4932,0.5984,23.1930,-26.1084,26.7886,-23.5124,26.8802,-23.6432,32.4620,-24.4434,42.8666,-30.0813,3.5956,2.5959,3.6872,2.4651,9.2690,1.6649,27,0.1800,27,0,0.9819,0.0169,0.0012,4.6254,9.8913,0.0702,-0.1302,5.9986,0.0000,1,0.2678,0.0544,6.8304,0.0004,1.000,70.00,342.76
7.0201,IMM-UKF,jink,0.500,4.00,0.050,1,0.600,1,6.5838,6.8449,0.2611,1.6564,0.2956,0.1359,0.0666,6.0000,7.4900,0.9624,53.5004,0.5995,22.9099,-26.3245,26.7886,-23.5124,26.8802,-23.6432,32.5404,-24.5612,42.4571,-30.1890,3.8787,2.8121,3.9703,2.6813,9.6305,1.7634,27,0.1900,27,0,0.9819,0.0169,0.0012,4.5450,9.6848,0.1860,-0.2022,5.9966,0.0000,1,0.2678,0.0544,6.8304,0.0004,1.000,70.00,342.76
7.0301,IMM-UKF,jink,0.500,4.00,0.050,1,0.600,1,6.5400,6.8635,0.3235,1.6820,0.2956,0.1359,0.0672,6.0000,7.4900,0.9637,55.6130,0.6005,22.6144,-26.5391,26.7886,-23.5124,26.8802,-23.6432,32.5970,-24.5725,41.9590,-29.8367,4.1742,3.0267,4.2658,2.8958,9.9826,1.9665,27,0.2000,27,0,0.9819,0.0169,0.0012,4.4594,9.4563,0.2403,-0.2742,5.9937,0.0000,1,0.2678,0.0544,6.8304,0.0004,1.000,70.00,342.76
7.0401,IMM-UKF,jink,0.500,4.00,0.050,1,0.600,1,6.4984,6.8856,0.3872,1.7082,0.2956,0.1359,0.0677,6.0000,7.4900,0.9650,57.8003,0.6014,22.3065,-26.7498,26.7886,-23.5124,26.8802,-23.6432,32.6398,-24.5380,41.4448,-29.3389,4.4821,3.2374,4.5737,3.1066,10.3333,2.2118,27,0.2100,27,0,0.9819,0.0169,0.0012,4.3737,9.2237,0.2725,-0.3461,5.9900,0.0000,1,0.2678,0.0544,6.8304,0.0004,1.000,70.00,342.76
7.0501,IMM-UKF,jink,0.500,4.00,0.050,1,0.600,1,6.4591,6.9115,0.4524,1.7352,0.2956,0.1359,0.0683,6.0000,7.4900,0.9662,60.0518,0.6021,21.9861,-26.9554,26.7886,-23.5124,26.8802,-23.6432,32.6695,-24.4728,40.9258,-28.7744,4.8025,3.4430,4.8940,3.3122,10.6834,2.4826,27,0.2200,27,0,0.9819,0.0169,0.0012,4.2888,8.9895,0.2936,-0.4179,5.9854,0.0000,1,0.2678,0.0544,6.8304,0.0004,1.000,70.00,342.76
7.0601,IMM-UKF,jink,0.500,4.00,0.050,1,0.600,1,6.4221,6.9415,0.5194,1.7628,0.2956,0.1359,0.0688,6.0000,7.4900,0.9672,62.3631,0.6027,21.6532,-27.1551,26.7886,-23.5124,26.8802,-23.6432,32.6862,-24.3828,40.4054,-28.1738,5.1353,3.6427,5.2269,3.5119,11.0330,2.7723,27,0.2300,27,0,0.9819,0.0169,0.0012,4.2049,8.7544,0.3079,-0.4897,5.9800,0.0000,1,0.2678,0.0544,6.8304,0.0004,1.000,70.00,342.76
7.0701,IMM-UKF,jink,0.500,4.00,0.050,1,0.600,1,6.3873,6.9756,0.5883,1.7912,0.2956,0.1359,0.0692,6.0000,7.4900,0.9682,64.7312,0.6032,21.3079,-27.3480,26.7886,-23.5124,26.8802,-23.6432,32.6898,-24.2711,39.8854,-27.5525,5.4807,3.8356,5.5723,3.7048,11.3819,3.0770,27,0.2400,27,0,0.9819,0.0169,0.0012,4.1221,8.5187,0.3176,-0.5614,5.9737,0.0000,1,0.2678,0.0544,6.8304,0.0004,1.000,70.00,342.76
7.0801,IMM-UKF,jink,0.500,4.00,0.050,1,0.600,1,6.3547,7.0138,0.6591,1.8202,0.2956,0.1359,0.0697,6.0000,7.4900,0.9691,67.1539,0.6036,20.9502,-27.5336,26.7886,-23.5124,26.8802,-23.6432,32.6802,-24.1394,39.3668,-26.9191,5.8384,4.0212,5.9300,3.8904,11.7300,3.3943,27,0.2500,27,0,0.9819,0.0169,0.0012,4.0405,8.2825,0.3238,-0.6331,5.9665,0.0000,1,0.2678,0.0544,6.8304,0.0004,1.000,70.00,342.76
7.0901,IMM-UKF,jink,0.500,4.00,0.050,1,0.600,1,6.3243,7.0562,0.7319,1.8499,0.2956,0.1359,0.0701,6.0000,7.4900,0.9700,69.6289,0.6039,20.5802,-27.7113,26.7886,-23.5124,26.8802,-23.6432,32.6573,-23.9891,38.8502,-26.2797,6.2084,4.1989,6.3000,4.0681,12.0771,3.7223,27,0.2600,27,0,0.9819,0.0169,0.0012,3.9602,8.0458,0.3274,-0.7046,5.9585,0.0000,1,0.2678,0.0544,6.8304,0.0004,1.000,70.00,342.76
7.1001,IMM-UKF,jink,0.500,4.00,0.050,1,0.600,1,6.2961,7.1028,0.8067,1.8804,0.2956,0.1359,0.0705,6.0000,7.4900,0.9707,72.1540,0.6041,20.1980,-27.8806,26.7886,-23.5124,26.8802,-23.6432,32.6209,-23.8212,38.3362,-25.6381,6.5905,4.3682,6.6821,4.2374,12.4229,4.0594,27,0.2700,27,0,0.9819,0.0169,0.0012,3.8811,7.8086,0.3288,-0.7761,5.9496,0.0000,1,0.2771,0.0528,6.8304,0.0014,1.000,70.00,342.76
7.1101,IMM-UKF,jink,0.500,4.00,0.050,1,0.600,1,6.2701,7.1536,0.8835,1.9115,0.2956,0.1359,0.0708,6.0000,7.4900,0.9714,74.7265,0.6042,19.8038,-28.0410,26.7886,-23.5124,26.8802,-23.6432,32.5711,-23.6367,37.8253,-24.9973,6.9847,4.5285,7.0763,4.3977,12.7673,4.4042,27,0.2800,27,0,0.9819,0.0169,0.0012,3.8034,7.5710,0.3284,-0.8474,5.9399,0.0000,1,0.2771,0.0528,6.8304,0.0014,1.000,70.00,342.76
7.1201,IMM-UKF,jink,0.500,4.00,0.050,1,0.600,1,6.2463,7.2087,0.9624,1.9432,0.2956,0.1359,0.0711,6.0000,7.4900,0.9720,77.3434,0.6043,19.3978,-28.1919,26.7886,-23.5124,26.8802,-23.6432,32.5079,-23.4365,37.3178,-24.3597,7.3907,4.6795,7.4823,4.5487,13.1100,4.7554,27,0.2900,27,0,0.9819,0.0169,0.0012,3.7270,7.3330,0.3264,-0.9186,5.9293,0.0000,1,0.2771,0.0528,6.8304,0.0014,1.000,70.00,342.76
7.1301,IMM-UKF,jink,0.500,4.00,0.050,1,0.600,1,6.2246,7.2680,1.0434,1.9757,0.2956,0.1359,0.0715,6.0000,7.4900,0.9726,80.0015,0.6044,18.9803,-28.3331,26.7886,-23.5124,26.8802,-23.6432,32.4313,-23.2213,36.8138,-23.7270,7.8083,4.8207,7.8999,4.6899,13.4510,5.1118,27,0.3000,27,0,0.9819,0.0169,0.0012,3.6521,7.0945,0.3230,-0.9897,5.9178,0.0000,1,0.2771,0.0528,6.8304,0.0014,1.000,70.00,342.76
7.1401,IMM-UKF,jink,0.500,4.00,0.050,1,0.600,1,6.2051,7.3315,1.1265,2.0087,0.2956,0.1359,0.0717,6.0000,7.4900,0.9732,82.6976,0.6043,18.5513,-28.4641,26.7886,-23.5124,26.8802,-23.6432,32.3414,-22.9920,36.3136,-23.1005,8.2373,4.9517,8.3288,4.8209,13.7901,5.4721,27,0.3100,27,0,0.9819,0.0169,0.0012,3.5785,6.8556,0.3184,-1.0607,5.9055,0.0000,1,0.2771,0.0528,6.8304,0.0014,1.000,70.00,342.76
7.1501,IMM-UKF,jink,0.500,4.00,0.050,1,0.600,1,6.1878,7.3994,1.2116,2.0425,0.2956,0.1359,0.0720,6.0000,7.4900,0.9736,85.4277,0.6042,18.1113,-28.5846,26.7886,-23.5124,26.8802,-23.6432,32.2385,-22.7493,35.8174,-22.4815,8.6772,5.0721,8.7688,4.9413,14.1272,5.8353,27,0.3200,27,0,0.9819,0.0169,0.0012,3.5065,6.6163,0.3127,-1.1314,5.8924,0.0000,1,0.2771,0.0528,6.8304,0.0014,1.000,70.00,342.76
7.1601,IMM-UKF,jink,0.500,4.00,0.050,1,0.600,1,6.1726,6.6267,0.4541,1.3296,0.2941,0.1380,0.0737,6.0000,6.4959,1.1716,44.0297,0.6041,17.6606,-28.6941,20.1980,-27.8806,19.9920,-27.8063,25.9898,-28.4152,20.9728,-34.3609,2.5374,0.8135,2.3314,0.8878,8.3292,0.2789,28,0.0600,28,0,0.9794,0.0195,0.0011,3.4360,6.3765,0.3060,-1.2021,5.8784,0.0000,1,0.2771,0.0528,7.1015,0.0014,1.000,70.00,342.76
7.1701,IMM-UKF,jink,0.500,4.00,0.050,1,0.600,1,6.1596,6.6394,0.4799,1.3454,0.2941,0.1380,0.0740,6.0000,6.4959,1.1708,45.8182,0.6039,17.1995,-28.7923,20.1980,-27.8806,19.9920,-27.8063,25.8673,-28.4612,20.7416,-33.7617,2.9985,0.9117,2.7925,0.9860,8.6678,0.3311,28,0.0700,28,0,0.9794,0.0195,0.0011,3.3671,6.1363,0.2983,-1.2725,5.8635,0.0000,1,0.2771,0.0528,7.1015,0.0014,1.000,70.00,342.76
7.1801,IMM-UKF,jink,0.500,4.00,0.050,1,0.600,1,6.1487,6.6562,0.5075,1.3618,0.2941,0.1380,0.0742,6.0000,6.4959,1.1701,47.6243,0.6036,16.7284,-28.8791,20.1980,-27.8806,19.9920,-27.8063,25.7360,-28.4859,20.5090,-33.1621,3.4696,0.9985,3.2636,1.0728,9.0076,0.3932,28,0.0800,28,0,0.9794,0.0195,0.0011,3.3004,5.8981,0.2897,-1.3428,5.8478,0.0000,1,0.2771,0.0528,7.1015,0.0014,1.000,70.00,342.76
7.1901,IMM-UKF,jink,0.500,4.00,0.050,1,0.600,1,6.1400,6.6769,0.5370,1.3788,0.2941,0.1380,0.0744,6.0000,6.4959,1.1694,49.4478,0.6034,16.2478,-28.9543,20.1980,-27.8806,19.9920,-27.8063,25.5959,-28.4897,20.2751,-32.5636,3.9502,1.0737,3.7442,1.1481,9.3481,0.4646,28,0.0900,28,0,0.9794,0.0195,0.0011,3.2361,5.6620,0.2804,-1.4129,5.8313,0.0000,1,0.2771,0.0528,7.1015,0.0014,1.000,70.00,342.76
7.2001,IMM-UKF,jink,0.500,4.00,0.050,1,0.600,1,6.1333,6.7016,0.5683,1.3963,0.2941,0.1380,0.0746,6.0000,6.4959,1.1687,51.2886,0.6030,15.7580,-29.0178,20.1980,-27.8806,19.9920,-27.8063,25.4471,-28.4729,20.0401,-31.9674,4.4400,1.1372,4.2340,1.2116,9.6891,0.5449,28,0.1000,28,0,0.9794,0.0195,0.0011,3.1740,5.4280,0.2704,-1.4827,5.8139,0.0000,1,0.2771,0.0528,7.1015,0.0014,1.000,70.00,342.76
7.2101,IMM-UKF,jink,0.500,4.00,0.050,1,0.600,1,6.1287,6.7300,0.6013,1.4145,0.2941,0.1380,0.0748,6.0000,6.4959,1.1680,53.1464,0.6027,15.2595,-29.0696,20.1980,-27.8806,19.9920,-27.8063,25.2897,-28.4360,19.8040,-31.3743,4.9385,1.1890,4.7325,1.2633,10.0302,0.6336,28,0.1100,28,0,0.9794,0.0195,0.0011,3.1143,5.1961,0.2597,-1.5524,5.7957,0.0000,1,0.2771,0.0528,7.1015,0.0014,1.000,70.00,342.76
7.2201,IMM-UKF,jink,0.500,4.00,0.050,1,0.600,1,6.1262,6.7622,0.6360,1.4334,0.2941,0.1380,0.0749,6.0000,6.4959,1.1674,55.0206,0.6023,14.7528,-29.1094,20.1980,-27.8806,19.9920,-27.8063,25.1239,-28.3795,19.5668,-30.7852,5.4452,1.2288,5.2392,1.3032,10.3710,0.7300,28,0.1200,28,0,0.9794,0.0195,0.0011,3.0568,4.9663,0.2484,-1.6218,5.7766,0.0000,1,0.2771,0.0528,7.1015,0.0014,1.000,70.00,342.76
7.2301,IMM-UKF,jink,0.500,4.00,0.050,1,0.600,1,6.1257,6.7980,0.6723,1.4528,0.2941,0.1380,0.0751,6.0000,6.4959,1.1667,56.9108,0.6019,14.2385,-29.1374,20.1980,-27.8806,19.9920,-27.8063,24.9497,-28.3039,19.3287,-30.2009,5.9596,1.2568,5.7536,1.3311,10.7112,0.8335,28,0.1300,28,0,0.9794,0.0195,0.0011,3.0016,4.7385,0.2365,-1.6910,5.7568,0.0000,1,0.2771,0.0528,7.1015,0.0014,1.000,70.00,342.76
7.2401,IMM-UKF,jink,0.500,4.00,0.050,1,0.600,1,6.1272,6.8375,0.7103,1.4730,0.2941,0.1380,0.0752,6.0000,6.4959,1.1661,58.8165,0.6015,13.7169,-29.1534,20.1980,-27.8806,19.9920,-27.8063,24.7674,-28.2098,19.0897,-29.6218,6.4811,1.2728,6.2751,1.3471,11.0505,0.9436,28,0.1400,28,0,0.9794,0.0195,0.0011,2.9487,4.5129,0.2240,-1.7600,5.7361,0.0000,1,0.2771,0.0528,7.1015,0.0014,1.000,70.00,342.76
7.2501,IMM-UKF,jink,0.500,4.00,0.050,1,0.600,1,6.1308,6.8805,0.7498,1.4938,0.2941,0.1380,0.0754,6.0000,6.4959,1.1656,60.7370,0.6010,13.1886,-29.1576,20.1980,-27.8806,19.9920,-27.8063,24.5771,-28.0979,18.8499,-29.0487,7.0094,1.2770,6.8034,1.3513,11.3885,1.0596,28,0.1500,28,0,0.9794,0.0195,0.0011,2.8981,4.2893,0.2109,-1.8287,5.7145,0.0000,1,0.2771,0.0528,7.1015,0.0014,1.000,70.00,342.76
7.2601,IMM-UKF,jink,0.500,4.00,0.050,1,0.600,1,6.1363,6.9271,0.7908,1.5153,0.2941,0.1380,0.0755,6.0000,6.4959,1.1650,62.6713,0.6005,12.6542,-29.1499,20.1980,-27.8806,19.9920,-27.8063,24.3792,-27.9690,18.6092,-28.4819,7.5438,1.2693,7.3378,1.3436,11.7250,1.1809,28,0.1600,28,0,0.9794,0.0195,0.0011,2.8497,4.0679,0.1972,-1.8971,5.6922,0.0000,1,0.2771,0.0528,7.1015,0.0014,1.000,70.00,342.76
7.2701,IMM-UKF,jink,0.500,4.00,0.050,1,0.600,1,6.1438,6.9770,0.8332,1.5375,0.2941,0.1380,0.0756,6.0000,6.4959,1.1645,64.6186,0.6000,12.1142,-29.1304,20.1980,-27.8806,19.9920,-27.8063,24.1740,-27.8235,18.3679,-27.9219,8.0838,1.2498,7.8778,1.3241,12.0597,1.3069,28,0.1700,28,0,0.9794,0.0195,0.0011,2.8036,3.8485,0.1829,-1.9653,5.6690,0.0000,1,0.2771,0.0528,7.1015,0.0014,1.000,70.00,342.76
7.2801,IMM-UKF,jink,0.500,4.00,0.050,1,0.600,1,6.1532,7.0303,0.8771,1.5604,0.2941,0.1380,0.0758,6.0000,6.4959,1.1640,66.5778,0.5995,11.5691,-29.0992,20.1980,-27.8806,19.9920,-27.8063,23.9615,-27.6624,18.1258,-27.3689,8.6289,1.2186,8.4229,1.2929,12.3924,1.4368,28,0.1800,28,0,0.9794,0.0195,0.0011,2.7597,3.6312,0.1681,-2.0332,5.6450,0.0000,1,0.2771,0.0528,7.1015,0.0014,1.000,70.00,342.76
7.2901,IMM-UKF,jink,0.500,4.00,0.050,1,0.600,1,6.1646,7.0870,0.9224,1.5840,0.2941,0.1380,0.0759,6.0000,6.4959,1.1635,68.5476,0.5989,11.0195,-29.0564,20.1980,-27.8806,19.9920,-27.8063,23.7422,-27.4863,17.8831,-26.8231,9.1785,1.1758,8.9725,1.2502,12.7228,1.5702,28,0.1900,28,0,0.9794,0.0195,0.0011,2.7180,3.4159,0.1528,-2.1008,5.6202,0.0000,1,0.2771,0.0528,7.1015,0.0014,1.000,70.00,342.76
7.3001,IMM-UKF,jink,0.500,4.00,0.050,1,0.600,1,6.1779,7.1469,0.9689,1.6084,0.2941,0.1380,0.0760,6.0000,6.4959,1.1630,70.5268,0.5983,10.4659,-29.0022,20.1980,-27.8806,19.9920,-27.8063,23.5164,-27.2959,17.6399,-26.2847,9.7321,1.1216,9.5262,1.1960,13.0505,1.7064,28,0.2000,28,0,0.9794,0.0195,0.0011,2.6784,3.2028,0.1368,-2.1681,5.5946,0.0000,1,0.2771,0.0528,7.1015,0.0014,1.000,70.00,342.76
7.3101,IMM-UKF,jink,0.500,4.00,0.050,1,0.600,1,6.1931,7.2100,1.0168,1.6334,0.2941,0.1380,0.0761,6.0000,6.4959,1.1625,72.5138,0.5977,9.9088,-28.9367,20.1980,-27.8806,19.9920,-27.8063,23.2844,-27.0919,17.3961,-25.7538,10.2892,1.0561,10.0832,1.1305,13.3755,1.8448,28,0.2100,28,0,0.9794,0.0195,0.0011,2.6411,2.9917,0.1202,-2.2350,5.5682,0.0000,1,0.2771,0.0528,7.1015,0.0014,1.000,70.00,342.76
7.3201,IMM-UKF,jink,0.500,4.00,0.050,1,0.600,1,6.2102,7.2762,1.0660,1.6591,0.2941,0.1380,0.0762,6.0000,6.4959,1.1621,74.5073,0.5971,9.3489,-28.8601,20.1980,-27.8806,19.9920,-27.8063,23.0464,-26.8751,17.1519,-25.2304,10.8491,0.9795,10.6431,1.0538,13.6975,1.9850,28,0.2200,28,0,0.9794,0.0195,0.0011,2.6059,2.7827,0.1030,-2.3017,5.5410,0.0000,1,0.2771,0.0528,7.1015,0.0014,1.000,70.00,342.76
7.3301,IMM-UKF,jink,0.500,4.00,0.050,1,0.600,1,6.2292,7.3456,1.1164,1.6855,0.2941,0.1380,0.0763,6.0000,6.4959,1.1617,76.5057,0.5964,8.7866,-28.7725,20.1980,-27.8806,19.9920,-27.8063,22.8029,-26.6462,16.9073,-24.7145,11.4114,0.8919,11.2055,0.9663,14.0163,2.1264,28,0.2300,28,0,0.9794,0.0195,0.0011,2.5728,2.5758,0.0852,-2.3680,5.5129,0.0000,1,0.2771,0.0528,7.1015,0.0014,1.000,70.00,342.76
7.3401,IMM-UKF,jink,0.500,4.00,0.050,1,0.600,1,6.2501,7.4180,1.1680,1.7127,0.2941,0.1380,0.0763,6.0000,6.4959,1.1613,78.5074,0.5957,8.2224,-28.6743,20.1980,-27.8806,19.9920,-27.8063,22.5541,-26.4057,16.6623,-24.2059,11.9756,0.7937,11.7696,0.8680,14.3316,2.2685,28,0.2400,28,0,0.9794,0.0195,0.0011,2.5418,2.3710,0.0666,-2.4340,5.4841,0.0000,1,0.2771,0.0528,7.1015,0.0014,1.000,70.00,342.76
7.3501,IMM-UKF,jink,0.500,4.00,0.050,1,0.600,1,6.2728,7.4934,1.2207,1.7405,0.2941,0.1380,0.0764,6.0000,6.4959,1.1610,80.5108,0.5950,7.6570,-28.5655,20.1980,-27.8806,19.9920,-27.8063,22.3003,-26.1544,16.4171,-23.7045,12.5410,0.6849,12.3351,0.7592,14.6434,2.4111,28,0.2500,28,0,0.9794,0.0195,0.0011,2.5129,2.1683,0.0473,-2.4996,5.4545,0.0000,1,0.2771,0.0528,7.1015,0.0014,1.000,70.00,342.76
7.3601,IMM-UKF,jink,0.500,4.00,0.050,1,0.600,1,6.2973,7.5718,1.2745,1.7690,0.2941,0.1380,0.0766,6.0000,6.4959,1.1617,82.5135,0.5943,7.0909,-28.4464,20.1980,-27.8806,19.9920,-27.8063,22.0420,-25.8928,16.1717,-23.2100,13.1071,0.5658,12.9012,0.6402,14.9511,2.5536,28,0.2600,28,0,0.9794,0.0195,0.0011,2.4861,1.9677,0.0272,-2.5649,5.4241,0.0000,1,0.2771,0.0528,7.1015,0.0014,1.000,70.00,342.76
7.3701,IMM-UKF,jink,0.500,4.00,0.050,1,0.600,1,6.3237,7.6530,1.3294,1.7982,0.2941,0.1380,0.0767,6.0000,6.4959,1.1624,84.5153,0.5935,6.5244,-28.3174,20.1980,-27.8806,19.9920,-27.8063,21.7794,-25.6214,15.9261,-22.7219,13.6736,0.4368,13.4676,0.5111,15.2550,2.6960,28,0.2700,28,0,0.9794,0.0195,0.0011,2.4613,1.7692,0.0062,-2.6298,5.3930,0.0000,1,0.2771,0.0528,7.1015,0.0014,1.000,70.00,342.76
7.3801,IMM-UKF,jink,0.500,4.00,0.050,1,0.600,1,6.3518,7.7371,1.3852,1.8281,0.2941,0.1380,0.0768,6.0000,6.4959,1.1631,86.5146,0.5927,5.9581,-28.1785,20.1980,-27.8806,19.9920,-27.8063,21.5130,-25.3407,15.6805,-22.2399,14.2399,0.2979,14.0339,0.3723,15.5548,2.8378,28,0.2800,28,0,0.9794,0.0195,0.0011,2.4384,1.5729,-0.0158,-2.6943,5.3610,0.0000,1,0.2191,0.0478,7.1015,0.0001,1.000,70.00,342.76
7.3901,IMM-UKF,jink,0.500,4.00,0.050,1,0.600,1,6.3818,7.8239,1.4421,1.8587,0.2941,0.1380,0.0769,6.0000,6.4959,1.1638,88.5106,0.5919,5.3924,-28.0302,20.1980,-27.8806,19.9920,-27.8063,21.2429,-25.0511,15.4349,-21.7633,14.8056,0.1496,14.5996,0.2239,15.8505,2.9791,28,0.2900,28,0,0.9794,0.0195,0.0011,2.4176,1.3787,-0.0390,-2.7585,5.3283,0.0000,1,0.2191,0.0478,7.1015,0.0001,1.000,70.00,342.76
7.4001,IMM-UKF,jink,0.500,4.00,0.050,1,0.600,1,6.4135,7.9133,1.4998,1.8899,0.2941,0.1380,0.0771,6.0000,6.4959,1.1646,90.5025,0.5910,4.8277,-27.8725,20.1980,-27.8806,19.9920,-27.8063,20.9696,-24.7526,15.1895,-21.2913,15.3704,-0.0081,15.1644,0.0663,16.1420,3.1199,28,0.3000,28,0,0.9794,0.0195,0.0011,2.3986,1.1867,-0.0636,-2.8222,5.2948,0.0000,1,0.2191,0.0478,7.1015,0.0001,1.000,70.00,342.76
7.4101,IMM-UKF,jink,0.500,4.00,0.050,1,0.600,1,6.4470,8.0053,1.5583,1.9218,0.2941,0.1380,0.0772,6.0000,6.4959,1.1653,92.4897,0.5900,4.2644,-27.7059,20.1980,-27.8806,19.9920,-27.8063,20.6934,-24.4456,14.9443,-20.8229,15.9336,-0.1747,15.7277,-0.1004,16.4291,3.2603,28,0.3100,28,0,0.9794,0.0195,0.0011,2.3816,0.9970,-0.0897,-2.8856,5.2606,0.0000,1,0.2191,0.0478,7.1015,0.0001,1.000,70.00,342.76
7.4201,IMM-UKF,jink,0.500,4.00,0.050,1,0.600,1,6.4822,8.0998,1.6176,1.9543,0.2941,0.1380,0.0773,6.0000,6.4959,1.1661,94.4726,0.5891,3.7029,-27.5304,20.1980,-27.8806,19.9920,-27.8063,20.4147,-24.1296,14.6996,-20.3566,16.4951,-0.3502,16.2891,-0.2759,16.7118,3.4008,28,0.3200,28,0,0.9794,0.0195,0.0011,2.3664,0.8096,-0.1177,-2.9485,5.2256,0.0000,1,0.2191,0.0478,7.1015,0.0001,1.000,70.00,342.76
7.4301,IMM-UKF,jink,0.500,4.00,0.050,1,0.600,1,6.5190,6.3543,-0.1647,1.3670,0.2881,0.1361,0.0835,6.0000,4.9301,0.4984,28.1766,0.5880,3.1437,-27.3463,5.9581,-28.1785,5.9481,-28.2621,8.3223,-28.4124,-5.5478,-25.4650,2.8144,-0.8322,2.8044,-0.9158,5.1786,-1.0661,29,0.0500,29,0,0.9734,0.0249,0.0017,2.3531,0.6246,-0.1481,-3.0110,5.1898,0.0000,1,0.2191,0.0478,7.3801,0.0001,1.000,70.00,342.76
7.4401,IMM-UKF,jink,0.500,4.00,0.050,1,0.600,1,6.5576,6.4002,-0.1574,1.3826,0.2881,0.1361,0.0836,6.0000,4.9301,0.4973,29.2331,0.5870,2.5871,-27.1538,5.9581,-28.1785,5.9481,-28.2621,7.9429,-28.2910,-5.6252,-25.0068,3.3710,-1.0247,3.3610,-1.1083,5.3558,-1.1372,29,0.0600,29,0,0.9734,0.0249,0.0017,2.3415,0.4422,-0.1816,-3.0730,5.1533,0.0000,1,0.2191,0.0478,7.3801,0.0001,1.000,70.00,342.76
7.4501,IMM-UKF,jink,0.500,4.00,0.050,1,0.600,1,6.5978,6.4488,-0.1490,1.3987,0.2881,0.1361,0.0837,6.0000,4.9301,0.4962,30.2785,0.5859,2.0334,-26.9530,5.9581,-28.1785,5.9481,-28.2621,7.5663,-28.1483,-5.7037,-24.5380,3.9247,-1.2255,3.9147,-1.3091,5.5329,-1.1953,29,0.0700,29,0,0.9734,0.0249,0.0017,2.3316,0.2627,-0.2193,-3.1346,5.1161,0.0000,1,0.2191,0.0478,7.3801,0.0001,1.000,70.00,342.76
7.4601,IMM-UKF,jink,0.500,4.00,0.050,1,0.600,1,6.6396,6.5001,-0.1395,1.4152,0.2881,0.1361,0.0838,6.0000,4.9301,0.4951,31.3115,0.5847,1.4829,-26.7438,5.9581,-28.1785,5.9481,-28.2621,7.1929,-27.9834,-5.7833,-24.0530,4.4752,-1.4347,4.4652,-1.5183,5.7100,-1.2396,29,0.0800,29,0,0.9734,0.0249,0.0017,2.3233,0.0867,-0.2631,-3.1958,5.0781,0.0000,1,0.2191,0.0478,7.3801,0.0001,1.000,70.00,342.76
7.4701,IMM-UKF,jink,0.500,4.00,0.050,1,0.600,1,6.6829,6.5535,-0.1294,1.4322,0.2881,0.1361,0.0840,6.0000,4.9301,0.4940,32.3307,0.5835,0.9360,-26.5260,5.9581,-28.1785,5.9481,-28.2621,6.8232,-27.7941,-5.8642,-23.5410,5.0221,-1.6525,5.0120,-1.7361,5.8872,-1.2681,29,0.0900,29,0,0.9734,0.0249,0.0017,2.3164,-0.0844,-0.3168,-3.2565,5.0394,0.0000,1,0.2191,0.0478,7.3801,0.0001,1.000,70.00,342.76
7.4801,IMM-UKF,jink,0.500,4.00,0.050,1,0.600,1,6.7275,6.6080,-0.1195,1.4498,0.2881,0.1361,0.0841,6.0000,4.9301,0.4927,33.3358,0.5822,0.3930,-26.2989,5.9581,-28.1785,5.9481,-28.2621,6.4586,-27.5745,-5.9463,-22.9781,5.5651,-1.8797,5.5550,-1.9633,6.0655,-1.2756,29,0.1000,29,0,0.9734,0.0249,0.0017,2.3103,-0.2461,-0.3889,-3.3167,4.9999,0.0000,1,0.2191,0.0478,7.3801,0.0001,1.000,70.00,342.76
7.4901,IMM-UKF,jink,0.500,4.00,0.050,1,0.600,1,6.7730,6.6599,-0.1131,1.4680,0.2881,0.1361,0.0842,6.0000,4.9301,0.4915,34.3417,0.5810,-0.1455,-26.0606,5.9581,-28.1785,5.9481,-28.2621,6.1046,-27.3101,-6.0285,-22.3040,6.1036,-2.1180,6.0936,-2.2016,6.2501,-1.2496,29,0.1100,29,0,0.9734,0.0249,0.0017,2.3025,-0.3771,-0.5049,-3.3765,4.9598,0.0000,1,0.2191,0.0478,7.3801,0.0001,1.000,70.00,342.76
7.5001,IMM-UKF,jink,0.500,4.00,0.050,1,0.600,1,6.8175,6.6912,-0.1263,1.4869,0.2881,0.1361,0.0843,6.0000,4.9301,0.4904,35.6196,0.5799,-0.6776,-25.8142,5.9581,-28.1785,5.9481,-28.2621,5.8022,-27.0576,-6.0987,-21.7009,6.6357,-2.3644,6.6256,-2.4480,6.4798,-1.2434,29,0.1200,29,0,0.9734,0.0249,0.0017,2.2735,-0.3247,-0.6731,-3.4358,4.9189,0.0000,1,0.2191,0.0478,7.3801,0.0001,1.000,70.00,342.76
7.5101,IMM-UKF,jink,0.500,4.00,0.050,1,0.600,1,6.8612,6.7138,-0.1474,1.5068,0.2881,0.1361,0.0832,6.0000,4.9301,0.4892,37.2303,0.5791,-1.1925,-25.5704,5.9581,-28.1785,5.9481,-28.2621,5.5444,-26.9664,-6.1549,-21.7104,7.1506,-2.6081,7.1406,-2.6917,6.7369,-1.3960,29,0.1300,29,0,0.9734,0.0249,0.0017,2.2288,-0.1505,-0.7184,-3.3765,4.9598,0.0000,1,0.2191,0.0478,7.3801,0.0001,1.000,70.00,342.76
7.5201,IMM-UKF,jink,0.500,4.00,0.050,1,0.600,1,6.9042,6.7347,-0.1695,1.5273,0.2881,0.1361,0.0822,6.0000,4.9301,0.4884,38.8896,0.5784,-1.6886,-25.3324,5.9581,-28.1785,5.9481,-28.2621,5.3024,-26.9207,-6.2057,-21.8606,7.6468,-2.8462,7.6367,-2.9298,6.9910,-1.5883,29,0.1400,29,0,0.9734,0.0249,0.0017,2.1830,0.0285,-0.7292,-3.3167,4.9999,0.0000,1,0.2191,0.0478,7.3801,0.0001,1.000,70.00,342.76
7.5301,IMM-UKF,jink,0.500,4.00,0.050,1,0.600,1,6.9464,6.7535,-0.1929,1.5485,0.2881,0.1361,0.0812,6.0000,4.9301,0.4882,40.5707,0.5780,-2.1663,-25.1008,5.9581,-28.1785,5.9481,-28.2621,5.0742,-26.9010,-6.2514,-22.0703,8.1244,-3.0777,8.1144,-3.1613,7.2405,-1.8002,29,0.1500,29,0,0.9734,0.0249,0.0017,2.1368,0.2065,-0.7268,-3.2565,5.0394,0.0000,1,0.2191,0.0478,7.3801,0.0001,1.000,70.00,342.76
7.5401,IMM-UKF,jink,0.500,4.00,0.050,1,0.600,1,6.9878,6.7701,-0.2178,1.5704,0.2881,0.1361,0.0801,6.0000,4.9301,0.4882,42.2751,0.5777,-2.6273,-24.8762,5.9581,-28.1785,5.9481,-28.2621,4.8591,-26.9021,-6.2922,-22.3165,8.5854,-3.3024,8.5753,-3.3860,7.4863,-2.0259,29,0.1600,29,0,0.9734,0.0249,0.0017,2.0904,0.3827,-0.7174,-3.1958,5.0781,0.0000,1,0.2191,0.0478,7.3801,0.0001,1.000,70.00,342.76
7.5501,IMM-UKF,jink,0.500,4.00,0.050,1,0.600,1,7.0285,6.7844,-0.2442,1.5931,0.2881,0.1361,0.0789,6.0000,4.9301,0.4881,44.0014,0.5774,-3.0722,-24.6587,5.9581,-28.1785,5.9481,-28.2621,4.6565,-26.9214,-6.3281,-22.5899,9.0303,-3.5199,9.0202,-3.6035,7.7287,-2.2627,29,0.1700,29,0,0.9734,0.0249,0.0017,2.0438,0.5569,-0.7038,-3.1346,5.1161,0.0000,1,0.2191,0.0478,7.3801,0.0001,1.000,70.00,342.76
7.5601,IMM-UKF,jink,0.500,4.00,0.050,1,0.600,1,7.0685,6.7964,-0.2721,1.6166,0.2881,0.1361,0.0775,6.0000,4.9301,0.4882,45.7497,0.5773,-3.5015,-24.4483,5.9581,-28.1785,5.9481,-28.2621,4.4661,-26.9577,-6.3591,-22.8858,9.4596,-3.7302,9.4495,-3.8138,7.9675,-2.5094,29,0.1800,29,0,0.9734,0.0249,0.0017,1.9970,0.7291,-0.6874,-3.0730,5.1533,0.0000,1,0.2191,0.0478,7.3801,0.0001,1.000,70.00,342.76
7.5701,IMM-UKF,jink,0.500,4.00,0.050,1,0.600,1,7.1076,6.8061,-0.3015,1.6408,0.2881,0.1361,0.0761,6.0000,4.9301,0.4882,47.5204,0.5771,-3.9157,-24.2452,5.9581,-28.1785,5.9481,-28.2621,4.2873,-27.0104,-6.3851,-23.2017,9.8739,-3.9333,9.8638,-4.0169,8.2031,-2.7652,29,0.1900,29,0,0.9734,0.0249,0.0017,1.9501,0.8995,-0.6691,-3.0110,5.1898,0.0000,1,0.2191,0.0478,7.3801,0.0001,1.000,70.00,342.76
7.5801,IMM-UKF,jink,0.500,4.00,0.050,1,0.600,1,7.1459,6.8135,-0.3324,1.6658,0.2881,0.1361,0.0745,6.0000,4.9301,0.4882,49.3144,0.5769,-4.3155,-24.0492,5.9581,-28.1785,5.9481,-28.2621,4.1200,-27.0787,-6.4062,-23.5361,10.2736,-4.1293,10.2635,-4.2129,8.4355,-3.0294,29,0.2000,29,0,0.9734,0.0249,0.0017,1.9032,1.0679,-0.6495,-2.9485,5.2256,0.0000,1,0.2191,0.0478,7.3801,0.0001,1.000,70.00,342.76
7.5901,IMM-UKF,jink,0.500,4.00,0.050,1,0.600,1,7.1834,6.8187,-0.3648,1.6915,0.2881,0.1361,0.0728,6.0000,4.9301,0.4883,51.1327,0.5768,-4.7011,-23.8604,5.9581,-28.1785,5.9481,-28.2621,3.9637,-27.1623,-6.4223,-23.8882,10.6592,-4.3181,10.6492,-4.4017,8.6648,-3.3019,29,0.2100,29,0,0.9734,0.0249,0.0017,1.8562,1.2345,-0.6289,-2.8856,5.2606,0.0000,1,0.2191,0.0478,7.3801,0.0001,1.000,70.00,342.76
7.6001,IMM-UKF,jink,0.500,4.00,0.050,1,0.600,1,7.2201,6.8216,-0.3985,1.7180,0.2881,0.1361,0.0710,6.0000,4.9301,0.4884,52.9762,0.5767,-5.0731,-23.6786,5.9581,-28.1785,5.9481,-28.2621,3.8182,-27.2609,-6.4334,-24.2574,11.0312,-4.4999,11.0212,-4.5835,8.8913,-3.5823,29,0.2200,29,0,0.9734,0.0249,0.0017,1.8091,1.3992,-0.6075,-2.8222,5.2948,0.0000,1,0.2036,0.0516,7.3801,-0.0013,1.000,70.00,342.76
7.6101,IMM-UKF,jink,0.500,4.00,0.050,1,0.600,1,7.2559,6.8224,-0.4335,1.7453,0.2881,0.1361,0.0692,6.0000,4.9301,0.4885,54.8462,0.5766,-5.4319,-23.5037,5.9581,-28.1785,5.9481,-28.2621,3.6832,-27.3742,-6.4394,-24.6435,11.3900,-4.6748,11.3799,-4.7584,9.1150,-3.8705,29,0.2300,29,0,0.9734,0.0249,0.0017,1.7621,1.5622,-0.5856,-2.7585,5.3283,0.0000,1,0.2036,0.0516,7.3801,-0.0013,1.000,70.00,342.76
7.6201,IMM-UKF,jink,0.500,4.00,0.050,1,0.600,1,7.2908,6.8209,-0.4698,1.7734,0.2881,0.1361,0.0672,6.0000,4.9301,0.4886,56.7441,0.5766,-5.7778,-23.3358,5.9581,-28.1785,5.9481,-28.2621,3.5584,-27.5021,-6.4403,-25.0464,11.7360,-4.8428,11.7259,-4.9264,9.3362,-4.1664,29,0.2400,29,0,0.9734,0.0249,0.0017,1.7151,1.7234,-0.5633,-2.6943,5.3610,0.0000,1,0.2036,0.0516,7.3801,-0.0013,1.000,70.00,342.76
7.6301,IMM-UKF,jink,0.500,4.00,0.050,1,0.600,1,7.3248,6.8174,-0.5074,1.8022,0.2881,0.1361,0.0651,6.0000,4.9301,0.4887,58.6714,0.5765,-6.1114,-23.1745,5.9581,-28.1785,5.9481,-28.2621,3.4436,-27.6444,-6.4360,-25.4662,12.0695,-5.0040,12.0594,-5.0876,9.5549,-4.4699,29,0.2500,29,0,0.9734,0.0249,0.0017,1.6682,1.8829,-0.5408,-2.6298,5.3930,0.0000,1,0.2036,0.0516,7.3801,-0.0013,1.000,70.00,342.76
7.6401,IMM-UKF,jink,0.500,4.00,0.050,1,0.600,1,7.3579,6.8118,-0.5461,1.8318,0.2881,0.1361,0.0630,6.0000,4.9301,0.4889,60.6296,0.5765,-6.4328,-23.0200,5.9581,-28.1785,5.9481,-28.2621,3.3386,-27.8011,-6.4265,-25.9031,12.3909,-5.1586,12.3809,-5.2422,9.7714,-4.7811,29,0.2600,29,0,0.9734,0.0249,0.0017,1.6213,2.0406,-0.5180,-2.5649,5.4241,0.0000,1,0.2036,0.0516,7.3801,-0.0013,1.000,70.00,342.76
7.6501,IMM-UKF,jink,0.500,4.00,0.050,1,0.600,1,7.3900,6.8041,-0.5859,1.8622,0.2881,0.1361,0.0607,6.0000,4.9301,0.4890,62.6203,0.5765,-6.7425,-22.8719,5.9581,-28.1785,5.9481,-28.2621,3.2433,-27.9719,-6.4117,-26.3572,12.7007,-5.3066,12.6906,-5.3902,9.9859,-5.1000,29,0.2700,29,0,0.9734,0.0249,0.0017,1.5745,2.1967,-0.4952,-2.4996,5.4545,0.0000,1,0.2036,0.0516,7.3801,-0.0013,1.000,70.00,342.76
7.6601,IMM-UKF,jink,0.500,4.00,0.050,1,0.600,1,7.4212,6.4711,-0.9501,1.1785,0.2842,0.1344,0.0623,6.0000,5.2448,0.9424,20.2246,0.5765,-7.0409,-22.7304,-5.0731,-23.6786,-5.0489,-23.8352,-3.4395,-23.3808,-15.5063,-17.0551,1.9678,-0.9482,1.9920,-1.1048,3.6014,-0.6504,30,0.0600,30,0,0.9773,0.0214,0.0012,1.5279,2.3512,-0.4723,-2.4340,5.4841,0.0000,1,0.2036,0.0516,7.5987,-0.0013,1.000,70.00,342.76
7.6701,IMM-UKF,jink,0.500,4.00,0.050,1,0.600,1,7.4515,6.4851,-0.9664,1.1938,0.2842,0.1344,0.0599,6.0000,5.2448,0.9420,20.3574,0.5765,-7.3282,-22.5951,-5.0731,-23.6786,-5.0489,-23.8352,-3.7153,-23.2916,-15.6802,-17.2334,2.2551,-1.0835,2.2792,-1.2401,3.6128,-0.6965,30,0.0700,30,0,0.9773,0.0214,0.0012,1.4814,2.5040,-0.4493,-2.3680,5.5129,0.0000,1,0.2036,0.0516,7.5987,-0.0013,1.000,70.00,342.76
7.6801,IMM-UKF,jink,0.500,4.00,0.050,1,0.600,1,7.4807,6.4966,-0.9841,1.2096,0.2842,0.1344,0.0575,6.0000,5.2448,0.9415,20.4892,0.5765,-7.6047,-22.4661,-5.0731,-23.6786,-5.0489,-23.8352,-3.9828,-23.2164,-15.8551,-17.4221,2.5316,-1.2125,2.5557,-1.3691,3.6218,-0.7503,30,0.0800,30,0,0.9773,0.0214,0.0012,1.4351,2.6552,-0.4265,-2.3017,5.5410,0.0000,1,0.2036,0.0516,7.5987,-0.0013,1.000,70.00,342.76
7.6901,IMM-UKF,jink,0.500,4.00,0.050,1,0.600,1,7.5090,6.5057,-1.0033,1.2262,0.2842,0.1344,0.0550,6.0000,5.2448,0.9412,20.6206,0.5766,-7.8706,-22.3432,-5.0731,-23.6786,-5.0489,-23.8352,-4.2425,-23.1549,-16.0313,-17.6214,2.7975,-1.3354,2.8217,-1.4920,3.6282,-0.8117,30,0.0900,30,0,0.9773,0.0214,0.0012,1.3889,2.8049,-0.4036,-2.2350,5.5682,0.0000,1,0.2036,0.0516,7.5987,-0.0013,1.000,70.00,342.76
7.7001,IMM-UKF,jink,0.500,4.00,0.050,1,0.600,1,7.5362,6.5124,-1.0238,1.2434,0.2842,0.1344,0.0524,6.0000,5.2448,0.9409,20.7526,0.5767,-8.1264,-22.2264,-5.0731,-23.6786,-5.0489,-23.8352,-4.4946,-23.1067,-16.2089,-17.8313,3.0533,-1.4522,3.0775,-1.6088,3.6318,-0.8803,30,0.1000,30,0,0.9773,0.0214,0.0012,1.3430,2.9530,-0.3809,-2.1681,5.5946,0.0000,1,0.2036,0.0516,7.5987,-0.0013,1.000,70.00,342.76
7.7101,IMM-UKF,jink,0.500,4.00,0.050,1,0.600,1,7.5625,6.5168,-1.0457,1.2613,0.2842,0.1344,0.0498,6.0000,5.2448,0.9409,20.8890,0.5764,-8.3727,-22.1154,-5.0731,-23.6786,-5.0489,-23.8352,-4.7398,-23.0716,-16.3883,-18.0522,3.2996,-1.5632,3.3238,-1.7197,3.6329,-0.9562,30,0.1100,30,0,0.9773,0.0214,0.0012,1.2973,3.0995,-0.3583,-2.1008,5.6202,0.0000,1,0.2036,0.0516,7.5987,-0.0013,1.000,70.00,342.76
7.7201,IMM-UKF,jink,0.500,4.00,0.050,1,0.600,1,7.5877,6.5189,-1.0688,1.2800,0.2842,0.1344,0.0474,6.0000,5.2448,0.9415,21.0340,0.5755,-8.6102,-22.0103,-5.0731,-23.6786,-5.0489,-23.8352,-4.9783,-23.0494,-16.5696,-18.2841,3.5371,-1.6683,3.5612,-1.8248,3.6318,-1.0391,30,0.1200,30,0,0.9773,0.0214,0.0012,1.2518,3.2445,-0.3359,-2.0332,5.6450,0.0000,1,0.2036,0.0516,7.5987,-0.0013,1.000,70.00,342.76
7.7301,IMM-UKF,jink,0.500,4.00,0.050,1,0.600,1,7.6119,6.5187,-1.0932,1.2994,0.2842,0.1344,0.0450,6.0000,5.2448,0.9420,21.1841,0.5745,-8.8381,-21.9110,-5.0731,-23.6786,-5.0489,-23.8352,-5.2107,-23.0398,-16.7533,-18.5273,3.7650,-1.7676,3.7892,-1.9242,3.6275,-1.1288,30,0.1300,30,0,0.9773,0.0214,0.0012,1.2066,3.3881,-0.3136,-1.9653,5.6690,0.0000,1,0.2036,0.0516,7.5987,-0.0013,1.000,70.00,342.76
7.7401,IMM-UKF,jink,0.500,4.00,0.050,1,0.600,1,7.6350,6.5163,-1.1188,1.3196,0.2842,0.1344,0.0428,6.0000,5.2448,0.9418,21.3356,0.5743,-9.0557,-21.8173,-5.0731,-23.6786,-5.0489,-23.8352,-5.4372,-23.0427,-16.9396,-18.7820,3.9826,-1.8613,4.0068,-2.0179,3.6185,-1.2254,30,0.1400,30,0,0.9773,0.0214,0.0012,1.1617,3.5302,-0.2915,-1.8971,5.6922,0.0000,1,0.2036,0.0516,7.5987,-0.0013,1.000,70.00,342.76
7.7501,IMM-UKF,jink,0.500,4.00,0.050,1,0.600,1,7.6571,6.5116,-1.1455,1.3406,0.2842,0.1344,0.0406,6.0000,5.2448,0.9414,21.4957,0.5742,-9.2639,-21.7292,-5.0731,-23.6786,-5.0489,-23.8352,-5.6582,-23.0579,-17.1288,-19.0487,4.1908,-1.9494,4.2150,-2.1060,3.6057,-1.3287,30,0.1500,30,0,0.9773,0.0214,0.0012,1.1170,3.6708,-0.2696,-1.8287,5.7145,0.0000,1,0.2036,0.0516,7.5987,-0.0013,1.000,70.00,342.76
7.7601,IMM-UKF,jink,0.500,4.00,0.050,1,0.600,1,7.6781,6.5047,-1.1734,1.3624,0.2842,0.1344,0.0383,6.0000,5.2448,0.9410,21.6683,0.5742,-9.4633,-21.6465,-5.0731,-23.6786,-5.0489,-23.8352,-5.8741,-23.0852,-17.3212,-19.3274,4.3902,-2.0321,4.4144,-2.1887,3.5892,-1.4387,30,0.1600,30,0,0.9773,0.0214,0.0012,1.0727,3.8100,-0.2479,-1.7600,5.7361,0.0000,1,0.2036,0.0516,7.5987,-0.0013,1.000,70.00,342.76
7.7701,IMM-UKF,jink,0.500,4.00,0.050,1,0.600,1,7.6981,6.4956,-1.2024,1.3849,0.2842,0.1344,0.0360,6.0000,5.2448,0.9407,21.8562,0.5743,-9.6541,-21.5693,-5.0731,-23.6786,-5.0489,-23.8352,-6.0852,-23.1246,-17.5173,-19.6187,4.5810,-2.1093,4.6052,-2.2659,3.5689,-1.5554,30,0.1700,30,0,0.9773,0.0214,0.0012,1.0287,3.9478,-0.2264,-1.6910,5.7568,0.0000,1,0.2036,0.0516,7.5987,-0.0013,1.000,70.00,342.76
7.7801,IMM-UKF,jink,0.500,4.00,0.050,1,0.600,1,7.7169,6.4844,-1.2325,1.4083,0.2842,0.1344,0.0336,6.0000,5.2448,0.9405,22.0625,0.5743,-9.8364,-21.4973,-5.0731,-23.6786,-5.0489,-23.8352,-6.2919,-23.1759,-17.7174,-19.9229,4.7633,-2.1813,4.7875,-2.3379,3.5445,-1.6787,30,0.1800,30,0,0.9773,0.0214,0.0012,0.9851,4.0841,-0.2051,-1.6218,5.7766,0.0000,1,0.2036,0.0516,7.5987,-0.0013,1.000,70.00,342.76
7.7901,IMM-UKF,jink,0.500,4.00,0.050,1,0.600,1,7.7347,6.4711,-1.2636,1.4325,0.2842,0.1344,0.0312,6.0000,5.2448,0.9403,22.2905,0.5744,-10.0104,-21.4305,-5.0731,-23.6786,-5.0489,-23.8352,-6.4944,-23.2391,-17.9220,-20.2403,4.9373,-2.2481,4.9615,-2.4046,3.5160,-1.8086,30,0.1900,30,0,0.9773,0.0214,0.0012,0.9418,4.2191,-0.1841,-1.5524,5.7957,0.0000,1,0.2036,0.0516,7.5987,-0.0013,1.000,70.00,342.76
7.8001,IMM-UKF,jink,0.500,4.00,0.050,1,0.600,1,7.7514,6.4557,-1.2956,1.4575,0.2842,0.1344,0.0288,6.0000,5.2448,0.9401,22.5433,0.5746,-10.1763,-21.3690,-5.0731,-23.6786,-5.0489,-23.8352,-6.6931,-23.3142,-18.1314,-20.5714,5.1032,-2.3096,5.1274,-2.4662,3.4832,-1.9452,30,0.2000,30,0,0.9773,0.0214,0.0012,0.8989,4.3528,-0.1633,-1.4827,5.8139,0.0000,1,0.2036,0.0516,7.5987,-0.0013,1.000,70.00,342.76
7.8101,IMM-UKF,jink,0.500,4.00,0.050,1,0.600,1,7.7669,6.4383,-1.3286,1.4833,0.2842,0.1344,0.0262,6.0000,5.2448,0.9400,22.8246,0.5747,-10.3342,-21.3125,-5.0731,-23.6786,-5.0489,-23.8352,-6.8883,-23.4010,-18.3461,-20.9166,5.2611,-2.3661,5.2853,-2.5227,3.4459,-2.0885,30,0.2100,30,0,0.9773,0.0214,0.0012,0.8563,4.4851,-0.1428,-1.4129,5.8313,0.0000,1,0.2538,0.0410,7.5987,0.0011,1.000,70.00,342.76
7.8201,IMM-UKF,jink,0.500,4.00,0.050,1,0.600,1,7.7814,6.4189,-1.3625,1.5100,0.2842,0.1344,0.0237,6.0000,5.2448,0.9400,23.1381,0.5750,-10.4843,-21.2610,-5.0731,-23.6786,-5.0489,-23.8352,-7.0803,-23.4996,-18.5666,-21.2764,5.4112,-2.4176,5.4354,-2.5742,3.4040,-2.2385,30,0.2200,30,0,0.9773,0.0214,0.0012,0.8142,4.6161,-0.1225,-1.3428,5.8478,0.0000,1,0.2538,0.0410,7.5987,0.0011,1.000,70.00,342.76
7.8301,IMM-UKF,jink,0.500,4.00,0.050,1,0.600,1,7.7947,6.3975,-1.3973,1.5375,0.2842,0.1344,0.0211,6.0000,5.2448,0.9400,23.4876,0.5752,-10.6267,-21.2145,-5.0731,-23.6786,-5.0489,-23.8352,-7.2693,-23.6099,-18.7936,-21.6513,5.5536,-2.4641,5.5778,-2.6207,3.3574,-2.3954,30,0.2300,30,0,0.9773,0.0214,0.0012,0.7725,4.7458,-0.1024,-1.2725,5.8635,0.0000,1,0.2538,0.0410,7.5987,0.0011,1.000,70.00,342.76
7.8401,IMM-UKF,jink,0.500,4.00,0.050,1,0.600,1,7.8070,6.3741,-1.4329,1.5657,0.2842,0.1344,0.0193,6.0000,5.2448,0.9424,23.8905,0.5735,-10.7648,-21.1729,-5.0731,-23.6786,-5.0489,-23.8352,-7.4557,-23.7321,-19.0274,-22.0418,5.6917,-2.5056,5.7158,-2.6622,3.3090,-2.5592,30,0.2400,30,0,0.9773,0.0214,0.0012,0.7312,4.8741,-0.0826,-1.2021,5.8784,0.0000,1,0.2538,0.0410,7.5987,0.0011,1.000,70.00,342.76
7.8501,IMM-UKF,jink,0.500,4.00,0.050,1,0.600,1,7.8181,6.3489,-1.4692,1.5948,0.2842,0.1344,0.0193,6.0000,5.2448,0.9524,24.3664,0.5709,-10.9029,-21.1362,-5.0731,-23.6786,-5.0489,-23.8352,-7.6399,-23.8662,-19.2689,-22.4485,5.8297,-2.5423,5.8539,-2.6989,3.2630,-2.7300,30,0.2500,30,0,0.9773,0.0214,0.0012,0.6904,5.0013,-0.0631,-1.1314,5.8924,0.0000,1,0.2538,0.0410,7.5987,0.0011,1.000,70.00,342.76
7.8601,IMM-UKF,jink,0.500,4.00,0.050,1,0.600,1,7.8281,6.5017,-1.3264,0.9865,0.2789,0.1317,0.0245,6.0000,5.9959,1.3947,3.1504,0.5728,-11.0335,-21.1046,-10.3342,-21.3125,-10.4260,-21.5369,-11.4589,-21.4512,-25.3841,-17.1718,0.6993,-0.2079,0.6075,-0.4323,-0.4254,-0.3466,31,0.0500,31,0,0.9795,0.0189,0.0016,0.6500,5.1271,-0.0439,-1.0607,5.9055,0.0000,1,0.2538,0.0410,7.8112,0.0011,1.000,70.00,342.76
7.8701,IMM-UKF,jink,0.500,4.00,0.050,1,0.600,1,7.8370,6.5008,-1.3361,1.0011,0.2789,0.1317,0.0265,6.0000,5.9959,1.3903,3.9094,0.5730,-11.1488,-21.0777,-10.3342,-21.3125,-10.4260,-21.5369,-11.7553,-21.4055,-25.7200,-17.3431,0.8146,-0.2348,0.7229,-0.4592,-0.6065,-0.3278,31,0.0600,31,0,0.9795,0.0189,0.0016,0.6101,5.2518,-0.0249,-0.9897,5.9178,0.0000,1,0.2538,0.0410,7.8112,0.0011,1.000,70.00,342.76
7.8801,IMM-UKF,jink,0.500,4.00,0.050,1,0.600,1,7.8447,6.4979,-1.3468,1.0163,0.2789,0.1317,0.0290,6.0000,5.9959,1.3896,4.8153,0.5718,-11.2546,-21.0555,-10.3342,-21.3125,-10.4260,-21.5369,-12.0492,-21.3703,-26.0645,-17.5228,0.9204,-0.2570,0.8287,-0.4814,-0.7946,-0.3148,31,0.0700,31,0,0.9795,0.0189,0.0016,0.5707,5.3752,-0.0062,-0.9186,5.9293,0.0000,1,0.2538,0.0410,7.8112,0.0011,1.000,70.00,342.76
7.8901,IMM-UKF,jink,0.500,4.00,0.050,1,0.600,1,7.8513,6.4929,-1.3584,1.0322,0.2789,0.1317,0.0314,6.0000,5.9959,1.3889,5.8083,0.5706,-11.3535,-21.0379,-10.3342,-21.3125,-10.4260,-21.5369,-12.3412,-21.3454,-26.4181,-17.7111,1.0193,-0.2745,0.9275,-0.4990,-0.9877,-0.3075,31,0.0800,31,0,0.9795,0.0189,0.0016,0.5317,5.4974,0.0122,-0.8474,5.9399,0.0000,1,0.2538,0.0410,7.8112,0.0011,1.000,70.00,342.76
7.9001,IMM-UKF,jink,0.500,4.00,0.050,1,0.600,1,7.8568,6.4859,-1.3709,1.0488,0.2789,0.1317,0.0337,6.0000,5.9959,1.3884,6.8646,0.5695,-11.4455,-21.0250,-10.3342,-21.3125,-10.4260,-21.5369,-12.6315,-21.3306,-26.7813,-17.9080,1.1113,-0.2874,1.0195,-0.5119,-1.1860,-0.3056,31,0.0900,31,0,0.9795,0.0189,0.0016,0.4933,5.6184,0.0304,-0.7761,5.9496,0.0000,1,0.2538,0.0410,7.8112,0.0011,1.000,70.00,342.76
7.9101,IMM-UKF,jink,0.500,4.00,0.050,1,0.600,1,7.8612,6.4770,-1.3842,1.0661,0.2789,0.1317,0.0359,6.0000,5.9959,1.3878,7.9726,0.5685,-11.5306,-21.0167,-10.3342,-21.3125,-10.4260,-21.5369,-12.9206,-21.3258,-27.1548,-18.1138,1.1965,-0.2957,1.1047,-0.5202,-1.3900,-0.3091,31,0.1000,31,0,0.9795,0.0189,0.0016,0.4554,5.7382,0.0482,-0.7046,5.9585,0.0000,1,0.2538,0.0410,7.8112,0.0011,1.000,70.00,342.76
7.9201,IMM-UKF,jink,0.500,4.00,0.050,1,0.600,1,7.8644,6.4661,-1.3983,1.0842,0.2789,0.1317,0.0381,6.0000,5.9959,1.3874,9.1269,0.5675,-11.6091,-21.0130,-10.3342,-21.3125,-10.4260,-21.5369,-13.2090,-21.3308,-27.5392,-18.3284,1.2749,-0.2995,1.1832,-0.5239,-1.5998,-0.3179,31,0.1100,31,0,0.9795,0.0189,0.0016,0.4180,5.8569,0.0658,-0.6331,5.9665,0.0000,1,0.2538,0.0410,7.8112,0.0011,1.000,70.00,342.76
7.9301,IMM-UKF,jink,0.500,4.00,0.050,1,0.600,1,7.8664,6.4533,-1.4131,1.1030,0.2789,0.1317,0.0402,6.0000,5.9959,1.3870,10.3251,0.5666,-11.6810,-21.0138,-10.3342,-21.3125,-10.4260,-21.5369,-13.4969,-21.3455,-27.9353,-18.5521,1.3468,-0.2987,1.2550,-0.5231,-1.8159,-0.3318,31,0.1200,31,0,0.9795,0.0189,0.0016,0.3812,5.9744,0.0831,-0.5614,5.9737,0.0000,1,0.2538,0.0410,7.8112,0.0011,1.000,70.00,342.76
7.9401,IMM-UKF,jink,0.500,4.00,0.050,1,0.600,1,7.8673,6.4386,-1.4288,1.1226,0.2789,0.1317,0.0422,6.0000,5.9959,1.3868,11.5668,0.5658,-11.7463,-21.0191,-10.3342,-21.3125,-10.4260,-21.5369,-13.7850,-21.3698,-28.3437,-18.7850,1.4121,-0.2934,1.3204,-0.5178,-2.0386,-0.3507,31,0.1300,31,0,0.9795,0.0189,0.0016,0.3449,6.0908,0.1001,-0.4897,5.9800,0.0000,1,0.2538,0.0410,7.8112,0.0011,1.000,70.00,342.76
7.9501,IMM-UKF,jink,0.500,4.00,0.050,1,0.600,1,7.8671,6.4220,-1.4451,1.1430,0.2789,0.1317,0.0442,6.0000,5.9959,1.3865,12.8523,0.5650,-11.8052,-21.0289,-10.3342,-21.3125,-10.4260,-21.5369,-14.0734,-21.4036,-28.7653,-19.0273,1.4710,-0.2835,1.3792,-0.5080,-2.2683,-0.3746,31,0.1400,31,0,0.9795,0.0189,0.0016,0.3092,6.2061,0.1168,-0.4179,5.9854,0.0000,1,0.2538,0.0410,7.8112,0.0011,1.000,70.00,342.76
7.9601,IMM-UKF,jink,0.500,4.00,0.050,1,0.600,1,7.8658,6.4036,-1.4622,1.1642,0.2789,0.1317,0.0461,6.0000,5.9959,1.3864,14.1829,0.5643,-11.8576,-21.0432,-10.3342,-21.3125,-10.4260,-21.5369,-14.3628,-21.4467,-29.2008,-19.2790,1.5234,-0.2692,1.4316,-0.4937,-2.5052,-0.4035,31,0.1500,31,0,0.9795,0.0189,0.0016,0.2740,6.3203,0.1332,-0.3461,5.9900,0.0000,1,0.2538,0.0410,7.8112,0.0011,1.000,70.00,342.76
7.9701,IMM-UKF,jink,0.500,4.00,0.050,1,0.600,1,7.8633,6.3834,-1.4799,1.1862,0.2789,0.1317,0.0479,6.0000,5.9959,1.3863,15.5597,0.5636,-11.9037,-21.0620,-10.3342,-21.3125,-10.4260,-21.5369,-14.6534,-21.4992,-29.6512,-19.5404,1.5695,-0.2505,1.4777,-0.4749,-2.7497,-0.4372,31,0.1600,31,0,0.9795,0.0189,0.0016,0.2395,6.4334,0.1493,-0.2742,5.9937,0.0000,1,0.2538,0.0410,7.8112,0.0011,1.000,70.00,342.76
7.9801,IMM-UKF,jink,0.500,4.00,0.050,1,0.600,1,7.8597,6.3615,-1.4982,1.2091,0.2789,0.1317,0.0496,6.0000,5.9959,1.3862,16.9847,0.5631,-11.9435,-21.0852,-10.3342,-21.3125,-10.4260,-21.5369,-14.9458,-21.5609,-30.1172,-19.8116,1.6093,-0.2273,1.5175,-0.4517,-3.0023,-0.4757,31,0.1700,31,0,0.9795,0.0189,0.0016,0.2055,6.5454,0.1652,-0.2022,5.9966,0.0000,1,0.2538,0.0410,7.8112,0.0011,1.000,70.00,342.76
7.9901,IMM-UKF,jink,0.500,4.00,0.050,1,0.600,1,7.8549,6.3378,-1.5171,1.2327,0.2789,0.1317,0.0515,6.0000,5.9959,1.3849,18.4547,0.5631,-11.9779,-21.1129,-10.3342,-21.3125,-10.4260,-21.5369,-15.2403,-21.6318,-30.6000,-20.0927,1.6437,-0.1996,1.5519,-0.4240,-3.2624,-0.5190,31,0.1800,31,0,0.9795,0.0189,0.0016,0.1721,6.6564,0.1807,-0.1302,5.9986,0.0000,1,0.2538,0.0410,7.8112,0.0011,1.000,70.00,342.76
8.0001,IMM-UKF,jink,0.500,4.00,0.050,1,0.600,1,7.8490,6.3124,-1.5366,1.2571,0.2789,0.1317,0.0534,6.0000,5.9959,1.3833,19.9758,0.5632,-12.0063,-21.1450,-10.3342,-21.3125,-10.4260,-21.5369,-15.5374,-21.7119,-31.1004,-20.3839,1.6721,-0.1675,1.5803,-0.3919,-3.5311,-0.5669,31,0.1900,31,0,0.9795,0.0189,0.0016,0.1394,6.7663,0.1959,-0.0583,5.9997,0.0000,1,0.2538,0.0410,7.8112,0.0011,1.000,70.00,342.76
8.0101,IMM-UKF,jink,0.500,4.00,0.050,1,0.600,1,7.8420,6.2854,-1.5566,1.2824,0.2789,0.1317,0.0552,6.0000,5.9959,1.3817,21.5512,0.5633,-12.0285,-21.1815,-10.3342,-21.3125,-10.4260,-21.5369,-15.8375,-21.8011,-31.6197,-20.6853,1.6943,-0.1309,1.6026,-0.3554,-3.8090,-0.6196,31,0.2000,31,0,0.9795,0.0189,0.0016,0.1073,6.8752,0.2108,0.0137,6.0000,0.0000,1,0.2538,0.0410,7.8112,0.0011,1.000,70.00,342.76
8.0201,IMM-UKF,jink,0.500,4.00,0.050,1,0.600,1,7.8338,6.2567,-1.5771,1.3084,0.2789,0.1317,0.0571,6.0000,5.9959,1.3812,23.1870,0.5631,-12.0439,-21.2225,-10.3342,-21.3125,-10.4260,-21.5369,-16.1412,-21.8995,-32.1590,-20.9970,1.7097,-0.0899,1.6180,-0.3144,-4.0973,-0.6769,31,0.2100,31,0,0.9795,0.0189,0.0016,0.0758,6.9831,0.2253,0.0857,5.9994,0.0000,1,0.2538,0.0410,7.8112,0.0011,1.000,70.00,342.76
8.0301,IMM-UKF,jink,0.500,4.00,0.050,1,0.600,1,7.8245,6.2265,-1.5981,1.3353,0.2789,0.1317,0.0590,6.0000,5.9959,1.3812,24.8835,0.5626,-12.0529,-21.2680,-10.3342,-21.3125,-10.4260,-21.5369,-16.4489,-22.0070,-32.7194,-21.3191,1.7187,-0.0445,1.6270,-0.2689,-4.3960,-0.7390,31,0.2200,31,0,0.9795,0.0189,0.0016,0.0450,7.0899,0.2396,0.1577,5.9979,0.0000,1,0.2538,0.0410,7.8112,0.0011,1.000,70.00,342.76
8.0401,IMM-UKF,jink,0.500,4.00,0.050,1,0.600,1,7.8141,6.1946,-1.6195,1.3629,0.2789,0.1317,0.0609,6.0000,5.9959,1.3814,26.6417,0.5622,-12.0559,-21.3179,-10.3342,-21.3125,-10.4260,-21.5369,-16.7612,-22.1235,-33.3023,-21.6518,1.7217,0.0054,1.6299,-0.2190,-4.7053,-0.8056,31,0.2300,31,0,0.9795,0.0189,0.0016,0.0148,7.1958,0.2535,0.2297,5.9956,0.0000,1,0.2538,0.0410,7.8112,0.0011,1.000,70.00,342.76
8.0501,IMM-UKF,jink,0.500,4.00,0.050,1,0.600,1,7.8025,6.1613,-1.6413,1.3914,0.2789,0.1317,0.0627,6.0000,5.9959,1.3815,28.4643,0.5619,-12.0528,-21.3723,-10.3342,-21.3125,-10.4260,-21.5369,-17.0784,-22.2492,-33.9090,-21.9950,1.7186,0.0598,1.6268,-0.1646,-5.0256,-0.8770,31,0.2400,31,0,0.9795,0.0189,0.0016,-0.0147,7.3007,0.2672,0.3016,5.9924,0.0000,1,0.2538,0.0410,7.8112,0.0011,1.000,70.00,342.76
8.0601,IMM-UKF,jink,0.500,4.00,0.050,1,0.600,1,7.7899,6.1264,-1.6634,1.4206,0.2789,0.1317,0.0645,6.0000,5.9959,1.3817,30.3539,0.5616,-12.0437,-21.4311,-10.3342,-21.3125,-10.4260,-21.5369,-17.4013,-22.3841,-34.5410,-22.3488,1.7095,0.1186,1.6177,-0.1058,-5.3576,-0.9530,31,0.2500,31,0,0.9795,0.0189,0.0016,-0.0435,7.4046,0.2804,0.3735,5.9884,0.0000,1,0.2538,0.0410,7.8112,0.0011,1.000,70.00,342.76
8.0701,IMM-UKF,jink,0.500,4.00,0.050,1,0.600,1,7.7761,6.0901,-1.6859,1.4506,0.2789,0.1317,0.0661,6.0000,5.9959,1.3820,32.3137,0.5614,-12.0286,-21.4944,-10.3342,-21.3125,-10.4260,-21.5369,-17.7302,-22.5281,-35.1997,-22.7132,1.6944,0.1820,1.6026,-0.0425,-5.7017,-1.0336,31,0.2600,31,0,0.9795,0.0189,0.0016,-0.0717,7.5076,0.2934,0.4453,5.9835,0.0000,1,0.2218,0.0538,7.8112,-0.0001,1.000,70.00,342.76
8.0801,IMM-UKF,jink,0.500,4.00,0.050,1,0.600,1,7.7612,6.0524,-1.7088,1.4813,0.2789,0.1317,0.0678,6.0000,5.9959,1.3824,34.3468,0.5612,-12.0074,-21.5623,-10.3342,-21.3125,-10.4260,-21.5369,-18.0660,-22.6812,-35.8870,-23.0882,1.6733,0.2498,1.5815,0.0254,-6.0585,-1.1189,31,0.2700,31,0,0.9795,0.0189,0.0016,-0.0991,7.6096,0.3060,0.5171,5.9777,0.0000,1,0.2218,0.0538,7.8112,-0.0001,1.000,70.00,342.76
8.0901,IMM-UKF,jink,0.500,4.00,0.050,1,0.600,1,7.7452,6.0133,-1.7318,1.5128,0.2789,0.1317,0.0693,6.0000,5.9959,1.3828,36.4564,0.5611,-11.9803,-21.6347,-10.3342,-21.3125,-10.4260,-21.5369,-18.4090,-22.8436,-36.6043,-23.4736,1.6461,0.3222,1.5544,0.0978,-6.4287,-1.2090,31,0.2800,31,0,0.9795,0.0189,0.0016,-0.1258,7.7107,0.3183,0.5888,5.9710,0.0000,1,0.2218,0.0538,7.8112,-0.0001,1.000,70.00,342.76
8.1001,IMM-UKF,jink,0.500,4.00,0.050,1,0.600,1,7.7280,5.9729,-1.7551,1.5450,0.2789,0.1317,0.0708,6.0000,5.9959,1.3832,38.6460,0.5610,-11.9472,-21.7116,-10.3342,-21.3125,-10.4260,-21.5369,-18.7600,-23.0152,-37.3535,-23.8693,1.6131,0.3991,1.5213,0.1747,-6.8128,-1.3036,31,0.2900,31,0,0.9795,0.0189,0.0016,-0.1518,7.8109,0.3302,0.6604,5.9635,0.0000,1,0.2218,0.0538,7.8112,-0.0001,1.000,70.00,342.76
8.1101,IMM-UKF,jink,0.500,4.00,0.050,1,0.600,1,7.7098,5.9312,-1.7786,1.5779,0.2789,0.1317,0.0723,6.0000,5.9959,1.3837,40.9192,0.5610,-11.9082,-21.7932,-10.3342,-21.3125,-10.4260,-21.5369,-19.1197,-23.1962,-38.1366,-24.2750,1.5740,0.4807,1.4822,0.2563,-7.2115,-1.4030,31,0.3000,31,0,0.9795,0.0189,0.0016,-0.1771,7.9102,0.3417,0.7319,5.9552,0.0000,1,0.2218,0.0538,7.8112,-0.0001,1.000,70.00,342.76
8.1201,IMM-UKF,jink,0.500,4.00,0.050,1,0.600,1,7.6905,5.8882,-1.8023,1.6115,0.2789,0.1317,0.0736,6.0000,5.9959,1.3843,43.2800,0.5611,-11.8631,-21.8793,-10.3342,-21.3125,-10.4260,-21.5369,-19.4887,-23.3864,-38.9554,-24.6905,1.5289,0.5668,1.4371,0.3424,-7.6257,-1.5071,31,0.3100,31,0,0.9795,0.0189,0.0016,-0.2016,8.0086,0.3528,0.8033,5.9460,0.0000,1,0.2218,0.0538,7.8112,-0.0001,1.000,70.00,342.76
8.1301,IMM-UKF,jink,0.500,4.00,0.050,1,0.600,1,7.6701,6.2783,-1.3918,1.0555,0.2816,0.1314,0.0723,6.0000,6.5627,0.6566,20.9613,0.5612,-11.8120,-21.9701,-12.0286,-21.4944,-12.0085,-21.3859,-15.5266,-21.3939,-26.0565,-20.7899,-0.2166,0.4757,-0.1965,0.5842,-3.7146,0.5762,32,0.0600,32,0,0.9863,0.0130,0.0006,-0.2254,8.1060,0.3636,0.8746,5.9359,0.0000,1,0.2218,0.0538,8.0700,-0.0001,1.000,70.00,342.76
8.1401,IMM-UKF,jink,0.500,4.00,0.050,1,0.600,1,7.6486,6.2571,-1.3915,1.0716,0.2816,0.1314,0.0735,6.0000,6.5627,0.6561,22.3897,0.5613,-11.7549,-22.0656,-12.0286,-21.4944,-12.0085,-21.3859,-15.7177,-21.4183,-26.4302,-21.0281,-0.2737,0.5712,-0.2536,0.6797,-3.9629,0.6473,32,0.0700,32,0,0.9863,0.0130,0.0006,-0.2484,8.2027,0.3740,0.9458,5.9250,0.0000,1,0.2218,0.0538,8.0700,-0.0001,1.000,70.00,342.76
8.1501,IMM-UKF,jink,0.500,4.00,0.050,1,0.600,1,7.6260,6.2343,-1.3917,1.0884,0.2816,0.1314,0.0747,6.0000,6.5627,0.6556,23.8626,0.5615,-11.6917,-22.1659,-12.0286,-21.4944,-12.0085,-21.3859,-15.9115,-21.4505,-26.8205,-21.2753,-0.3368,0.6715,-0.3168,0.7800,-4.2198,0.7154,32,0.0800,32,0,0.9863,0.0130,0.0006,-0.2706,8.2984,0.3839,1.0168,5.9132,0.0000,1,0.2218,0.0538,8.0700,-0.0001,1.000,70.00,342.76
8.1601,IMM-UKF,jink,0.500,4.00,0.050,1,0.600,1,7.6023,6.2098,-1.3925,1.1058,0.2816,0.1314,0.0759,6.0000,6.5627,0.6549,25.3813,0.5618,-11.6225,-22.2709,-12.0286,-21.4944,-12.0085,-21.3859,-16.1082,-21.4905,-27.2286,-21.5315,-0.4061,0.7765,-0.3860,0.8850,-4.4857,0.7805,32,0.0900,32,0,0.9863,0.0130,0.0006,-0.2920,8.3933,0.3935,1.0877,5.9006,0.0000,1,0.2218,0.0538,8.0700,-0.0001,1.000,70.00,342.76
8.1701,IMM-UKF,jink,0.500,4.00,0.050,1,0.600,1,7.5776,6.1837,-1.3938,1.1239,0.2816,0.1314,0.0770,6.0000,6.5627,0.6543,26.9477,0.5621,-11.5472,-22.3808,-12.0286,-21.4944,-12.0085,-21.3859,-16.3084,-21.5380,-27.6556,-21.7966,-0.4814,0.8863,-0.4614,0.9948,-4.7612,0.8428,32,0.1000,32,0,0.9863,0.0130,0.0006,-0.3127,8.4873,0.4025,1.1584,5.8871,0.0000,1,0.2218,0.0538,8.0700,-0.0001,1.000,70.00,342.76
8.1801,IMM-UKF,jink,0.500,4.00,0.050,1,0.600,1,7.5518,6.1561,-1.3956,1.1427,0.2816,0.1314,0.0781,6.0000,6.5627,0.6536,28.5641,0.5625,-11.4657,-22.4955,-12.0286,-21.4944,-12.0085,-21.3859,-16.5123,-21.5930,-28.1029,-22.0707,-0.5629,1.0011,-0.5428,1.1096,-5.0466,0.9025,32,0.1100,32,0,0.9863,0.0130,0.0006,-0.3325,8.5805,0.4111,1.2290,5.8728,0.0000,1,0.2218,0.0538,8.0700,-0.0001,1.000,70.00,342.76
8.1901,IMM-UKF,jink,0.500,4.00,0.050,1,0.600,1,7.5249,6.1270,-1.3979,1.1622,0.2816,0.1314,0.0791,6.0000,6.5627,0.6528,30.2329,0.5629,-11.3781,-22.6152,-12.0286,-21.4944,-12.0085,-21.3859,-16.7205,-21.6553,-28.5717,-22.3535,-0.6505,1.1207,-0.6304,1.2292,-5.3424,0.9598,32,0.1200,32,0,0.9863,0.0130,0.0006,-0.3515,8.6729,0.4193,1.2994,5.8576,0.0000,1,0.2218,0.0538,8.0700,-0.0001,1.000,70.00,342.76
8.2001,IMM-UKF,jink,0.500,4.00,0.050,1,0.600,1,7.4970,6.0963,-1.4007,1.1825,0.2816,0.1314,0.0800,6.0000,6.5627,0.6521,31.9566,0.5633,-11.2842,-22.7398,-12.0286,-21.4944,-12.0085,-21.3859,-16.9333,-21.7249,-29.0636,-22.6451,-0.7444,1.2454,-0.7243,1.3539,-5.6491,1.0149,32,0.1300,32,0,0.9863,0.0130,0.0006,-0.3697,8.7645,0.4269,1.3696,5.8416,0.0000,1,0.2218,0.0538,8.0700,-0.0001,1.000,70.00,342.76
8.2101,IMM-UKF,jink,0.500,4.00,0.050,1,0.600,1,7.4680,6.0642,-1.4038,1.2035,0.2816,0.1314,0.0809,6.0000,6.5627,0.6513,33.7383,0.5638,-11.1841,-22.8695,-12.0286,-21.4944,-12.0085,-21.3859,-17.1513,-21.8016,-29.5800,-22.9452,-0.8445,1.3750,-0.8244,1.4835,-5.9673,1.0678,32,0.1400,32,0,0.9863,0.0130,0.0006,-0.3870,8.8553,0.4339,1.4396,5.8247,0.0000,1,0.2218,0.0538,8.0700,-0.0001,1.000,70.00,342.76
8.2201,IMM-UKF,jink,0.500,4.00,0.050,1,0.600,1,7.4380,6.0306,-1.4074,1.2253,0.2816,0.1314,0.0818,6.0000,6.5627,0.6504,35.5810,0.5643,-11.0776,-23.0042,-12.0286,-21.4944,-12.0085,-21.3859,-17.3749,-21.8853,-30.1226,-23.2534,-0.9510,1.5098,-0.9309,1.6183,-6.2973,1.1190,32,0.1500,32,0,0.9863,0.0130,0.0006,-0.4034,8.9452,0.4404,1.5094,5.8071,0.0000,1,0.2218,0.0538,8.0700,-0.0001,1.000,70.00,342.76
8.2301,IMM-UKF,jink,0.500,4.00,0.050,1,0.600,1,7.4069,5.9956,-1.4114,1.2479,0.2816,0.1314,0.0826,6.0000,6.5627,0.6495,37.4880,0.5649,-10.9647,-23.1441,-12.0286,-21.4944,-12.0085,-21.3859,-17.6047,-21.9757,-30.6933,-23.5694,-1.0638,1.6497,-1.0438,1.7582,-6.6399,1.1684,32,0.1600,32,0,0.9863,0.0130,0.0006,-0.4190,9.0344,0.4463,1.5789,5.7885,0.0000,1,0.2218,0.0538,8.0700,-0.0001,1.000,70.00,342.76
8.2401,IMM-UKF,jink,0.500,4.00,0.050,1,0.600,1,7.3749,5.9591,-1.4157,1.2713,0.2816,0.1314,0.0834,6.0000,6.5627,0.6486,39.4628,0.5656,-10.8454,-23.2892,-12.0286,-21.4944,-12.0085,-21.3859,-17.8410,-22.0728,-31.2937,-23.8926,-1.1831,1.7948,-1.1631,1.9033,-6.9956,1.2165,32,0.1700,32,0,0.9863,0.0130,0.0006,-0.4337,9.1228,0.4514,1.6483,5.7692,0.0000,1,0.2218,0.0538,8.0700,-0.0001,1.000,70.00,342.76
8.2501,IMM-UKF,jink,0.500,4.00,0.050,1,0.600,1,7.3418,5.9213,-1.4204,1.2954,0.2816,0.1314,0.0841,6.0000,6.5627,0.6476,41.5092,0.5662,-10.7196,-23.4396,-12.0286,-21.4944,-12.0085,-21.3859,-18.0846,-22.1762,-31.9261,-24.2224,-1.3090,1.9452,-1.2890,2.0537,-7.3650,1.2634,32,0.1800,32,0,0.9863,0.0130,0.0006,-0.4476,9.2104,0.4559,1.7174,5.7490,0.0000,1,0.2218,0.0538,8.0700,-0.0001,1.000,70.00,342.76
8.2601,IMM-UKF,jink,0.500,4.00,0.050,1,0.600,1,7.3077,5.8822,-1.4255,1.3204,0.2816,0.1314,0.0848,6.0000,6.5627,0.6466,43.6311,0.5669,-10.5871,-23.5953,-12.0286,-21.4944,-12.0085,-21.3859,-18.3360,-22.2857,-32.5925,-24.5578,-1.4415,2.1009,-1.4214,2.2094,-7.7489,1.3096,32,0.1900,32,0,0.9863,0.0130,0.0006,-0.4605,9.2973,0.4595,1.7862,5.7279,0.0000,1,0.2218,0.0538,8.0700,-0.0001,1.000,70.00,342.76
8.2701,IMM-UKF,jink,0.500,4.00,0.050,1,0.600,1,7.2726,5.8417,-1.4309,1.3461,0.2816,0.1314,0.0854,6.0000,6.5627,0.6455,45.8331,0.5677,-10.4479,-23.7564,-12.0286,-21.4944,-12.0085,-21.3859,-18.5957,-22.4011,-33.2950,-24.8978,-1.5806,2.2620,-1.5606,2.3705,-8.1478,1.3554,32,0.2000,32,0,0.9863,0.0130,0.0006,-0.4724,9.3834,0.4622,1.8548,5.7061,0.0000,1,0.2218,0.0538,8.0700,-0.0001,1.000,70.00,342.76
8.2801,IMM-UKF,jink,0.500,4.00,0.050,1,0.600,1,7.2364,5.7999,-1.4366,1.3727,0.2816,0.1314,0.0860,6.0000,6.5627,0.6444,48.1196,0.5685,-10.3019,-23.9230,-12.0286,-21.4944,-12.0085,-21.3859,-18.8645,-22.5218,-34.0363,-25.2407,-1.7266,2.4285,-1.7066,2.5370,-8.5625,1.4011,32,0.2100,32,0,0.9863,0.0130,0.0006,-0.4835,9.4688,0.4639,1.9232,5.6834,0.0000,1,0.2218,0.0538,8.0700,-0.0001,1.000,70.00,342.76
8.2901,IMM-UKF,jink,0.500,4.00,0.050,1,0.600,1,7.1993,5.7568,-1.4426,1.4000,0.2816,0.1314,0.0866,6.0000,6.5627,0.6433,50.4957,0.5693,-10.1491,-24.0950,-12.0286,-21.4944,-12.0085,-21.3859,-19.1430,-22.6474,-34.8187,-25.5848,-1.8795,2.6005,-1.8594,2.7090,-8.9939,1.4476,32,0.2200,32,0,0.9863,0.0130,0.0006,-0.4936,9.5534,0.4644,1.9912,5.6599,0.0000,1,0.2218,0.0538,8.0700,-0.0001,1.000,70.00,342.76
8.3001,IMM-UKF,jink,0.500,4.00,0.050,1,0.600,1,7.1613,5.7124,-1.4489,1.4281,0.2816,0.1314,0.0871,6.0000,6.5627,0.6422,52.9668,0.5702,-9.9892,-24.2725,-12.0286,-21.4944,-12.0085,-21.3859,-19.4319,-22.7772,-35.6449,-25.9275,-2.0393,2.7781,-2.0193,2.8866,-9.4427,1.4953,32,0.2300,32,0,0.9863,0.0130,0.0006,-0.5027,9.6373,0.4637,2.0590,5.6356,0.0000,1,0.2077,0.0455,8.0700,-0.0012,1.000,70.00,342.76
8.3101,IMM-UKF,jink,0.500,4.00,0.050,1,0.600,1,7.1222,5.6667,-1.4555,1.4570,0.2816,0.1314,0.0876,6.0000,6.5627,0.6410,55.5392,0.5711,-9.8223,-24.4556,-12.0286,-21.4944,-12.0085,-21.3859,-19.7320,-22.9103,-36.5178,-26.2654,-2.2063,2.9611,-2.1863,3.0696,-9.9098,1.5453,32,0.2400,32,0,0.9863,0.0130,0.0006,-0.5108,9.7204,0.4613,2.1265,5.6105,0.0000,1,0.2077,0.0455,8.0700,-0.0012,1.000,70.00,342.76
8.3201,IMM-UKF,jink,0.500,4.00,0.050,1,0.600,1,7.0821,5.6198,-1.4624,1.4867,0.2816,0.1314,0.0880,6.0000,6.5627,0.6398,58.2196,0.5720,-9.6480,-24.6442,-12.0286,-21.4944,-12.0085,-21.3859,-20.0442,-23.0455,-37.4400,-26.5940,-2.3806,3.1497,-2.3605,3.2582,-10.3961,1.5987,32,0.2500,32,0,0.9863,0.0130,0.0006,-0.5180,9.8028,0.4570,2.1937,5.5846,0.0000,1,0.2077,0.0455,8.0700,-0.0012,1.000,70.00,342.76
8.3301,IMM-UKF,jink,0.500,4.00,0.050,1,0.600,1,7.0411,5.5715,-1.4696,1.5171,0.2816,0.1314,0.0885,6.0000,6.5627,0.6386,61.0157,0.5730,-9.4664,-24.8383,-12.0286,-21.4944,-12.0085,-21.3859,-20.3691,-23.1810,-38.4146,-26.9071,-2.5622,3.3439,-2.5421,3.4524,-10.9027,1.6573,32,0.2600,32,0,0.9863,0.0130,0.0006,-0.5241,9.8844,0.4504,2.2605,5.5579,0.0000,1,0.2077,0.0455,8.0700,-0.0012,1.000,70.00,342.76
8.3401,IMM-UKF,jink,0.500,4.00,0.050,1,0.600,1,6.9991,5.5219,-1.4772,1.5483,0.2816,0.1314,0.0888,6.0000,6.5627,0.6373,63.9363,0.5740,-9.2773,-25.0379,-12.0286,-21.4944,-12.0085,-21.3859,-20.7076,-23.3143,-39.4443,-27.1957,-2.7513,3.5435,-2.7312,3.6520,-11.4303,1.7235,32,0.2700,32,0,0.9863,0.0130,0.0006,-0.5292,9.9652,0.4407,2.3271,5.5304,0.0000,1,0.2077,0.0455,8.0700,-0.0012,1.000,70.00,342.76
8.3501,IMM-UKF,jink,0.500,4.00,0.050,1,0.600,1,6.9562,5.4721,-1.4841,1.0004,0.2762,0.1297,0.0946,6.0000,6.5833,1.4124,26.1327,0.5752,-9.0809,-25.2428,-9.9892,-24.2725,-9.7365,-24.2161,-13.8914,-25.0304,-17.8281,-35.9492,-0.9084,0.9703,-0.6556,1.0267,-4.8105,0.2124,33,0.0500,33,0,0.9863,0.0127,0.0009,-0.5332,10.0450,0.4270,2.3933,5.5020,0.0000,1,0.2077,0.0455,8.2989,-0.0012,1.000,70.00,342.76
8.3601,IMM-UKF,jink,0.500,4.00,0.050,1,0.600,1,6.9122,5.4362,-1.4760,1.0150,0.2762,0.1297,0.0951,6.0000,6.5833,1.4151,27.5544,0.5764,-8.8771,-25.4526,-9.9892,-24.2725,-9.7365,-24.2161,-13.9545,-25.2000,-18.1688,-36.4839,-1.1121,1.1801,-0.8594,1.2366,-5.0774,0.2526,33,0.0600,33,0,0.9863,0.0127,0.0009,-0.5361,10.1237,0.4073,2.4591,5.4729,0.0000,1,0.2077,0.0455,8.2989,-0.0012,1.000,70.00,342.76
8.3701,IMM-UKF,jink,0.500,4.00,0.050,1,0.600,1,6.8673,5.3985,-1.4687,1.0302,0.2762,0.1297,0.0956,6.0000,6.5833,1.4177,29.0474,0.5778,-8.6653,-25.6669,-9.9892,-24.2725,-9.7365,-24.2161,-14.0230,-25.3681,-18.5399,-36.9714,-1.3239,1.3944,-1.0712,1.4508,-5.3577,0.2988,33,0.0700,33,0,0.9863,0.0127,0.0009,-0.5379,10.2006,0.3783,2.5246,5.4430,0.0000,1,0.2077,0.0455,8.2989,-0.0012,1.000,70.00,342.76
8.3801,IMM-UKF,jink,0.500,4.00,0.050,1,0.600,1,6.8213,5.3591,-1.4622,1.0460,0.2762,0.1297,0.0960,6.0000,6.5833,1.4204,30.6183,0.5791,-8.4453,-25.8843,-9.9892,-24.2725,-9.7365,-24.2161,-14.0969,-25.5248,-18.9370,-37.3401,-1.5440,1.6118,-1.2912,1.6682,-5.6516,0.3595,33,0.0800,33,0,0.9863,0.0127,0.0009,-0.5385,10.2735,0.3322,2.5897,5.4123,0.0000,1,0.2077,0.0455,8.2989,-0.0012,1.000,70.00,342.76
8.3901,IMM-UKF,jink,0.500,4.00,0.050,1,0.600,1,6.7742,5.3177,-1.4565,1.0626,0.2762,0.1297,0.0964,6.0000,6.5833,1.4229,32.2756,0.5804,-8.2166,-26.1013,-9.9892,-24.2725,-9.7365,-24.2161,-14.1734,-25.6386,-19.3186,-37.3401,-1.7726,1.8288,-1.5198,1.8853,-5.9568,0.4628,33,0.0900,33,0,0.9863,0.0127,0.0009,-0.5376,10.3301,0.2454,2.6545,5.3809,0.0000,1,0.2077,0.0455,8.2989,-0.0012,1.000,70.00,342.76
8.4001,IMM-UKF,jink,0.500,4.00,0.050,1,0.600,1,6.7269,5.2827,-1.4442,1.0800,0.2762,0.1297,0.0968,6.0000,6.5833,1.4254,33.9546,0.5819,-7.9777,-26.3057,-9.9892,-24.2725,-9.7365,-24.2161,-14.2186,-25.5857,-19.2303,-35.8694,-2.0115,2.0332,-1.7588,2.0897,-6.2409,0.7201,33,0.1000,33,0,0.9863,0.0127,0.0009,-0.5328,10.2502,0.0645,2.7189,5.3486,0.0000,1,0.2077,0.0455,8.2989,-0.0012,1.000,70.00,342.76
8.4101,IMM-UKF,jink,0.500,4.00,0.050,1,0.600,1,6.6810,5.2665,-1.4145,1.0981,0.2762,0.1297,0.0972,6.0000,6.5833,1.4262,35.5037,0.5833,-7.7262,-26.4981,-9.9892,-24.2725,-9.7365,-24.2161,-14.2135,-25.5069,-18.5858,-34.1992,-2.2630,2.2256,-2.0102,2.2821,-6.4873,0.9912,33,0.1100,33,0,0.9863,0.0127,0.0009,-0.5258,10.0188,-0.0298,2.7829,5.3156,0.0000,1,0.2077,0.0455,8.2989,-0.0012,1.000,70.00,342.76
8.4201,IMM-UKF,jink,0.500,4.00,0.050,1,0.600,1,6.6369,5.2572,-1.3797,1.1169,0.2762,0.1297,0.0977,6.0000,6.5833,1.4247,37.0629,0.5844,-7.4618,-26.6810,-9.9892,-24.2725,-9.7365,-24.2161,-14.1902,-25.4328,-17.9022,-32.7934,-2.5275,2.4085,-2.2747,2.4649,-6.7285,1.2482,33,0.1200,33,0,0.9863,0.0127,0.0009,-0.5197,9.7740,-0.0804,2.8464,5.2818,0.0000,1,0.2077,0.0455,8.2989,-0.0012,1.000,70.00,342.76
8.4301,IMM-UKF,jink,0.500,4.00,0.050,1,0.600,1,6.5946,5.2531,-1.3416,1.1365,0.2762,0.1297,0.0981,6.0000,6.5833,1.4232,38.6555,0.5856,-7.1847,-26.8552,-9.9892,-24.2725,-9.7365,-24.2161,-14.1510,-25.3466,-17.2207,-31.5147,-2.8045,2.5827,-2.5518,2.6391,-6.9663,1.5085,33,0.1300,33,0,0.9863,0.0127,0.0009,-0.5147,9.5264,-0.1140,2.9096,5.2473,0.0000,1,0.2077,0.0455,8.2989,-0.0012,1.000,70.00,342.76
8.4401,IMM-UKF,jink,0.500,4.00,0.050,1,0.600,1,6.5543,5.2537,-1.3006,1.1569,0.2762,0.1297,0.0985,6.0000,6.5833,1.4217,40.2898,0.5866,-6.8949,-27.0210,-9.9892,-24.2725,-9.7365,-24.2161,-14.0961,-25.2434,-16.5494,-30.3162,-3.0943,2.7485,-2.8416,2.8049,-7.2012,1.7776,33,0.1400,33,0,0.9863,0.0127,0.0009,-0.5109,9.2776,-0.1385,2.9724,5.2120,0.0000,1,0.2077,0.0455,8.2989,-0.0012,1.000,70.00,342.76
8.4501,IMM-UKF,jink,0.500,4.00,0.050,1,0.600,1,6.5158,5.2589,-1.2569,1.1780,0.2762,0.1297,0.0988,6.0000,6.5833,1.4202,41.9702,0.5877,-6.5924,-27.1785,-9.9892,-24.2725,-9.7365,-24.2161,-14.0253,-25.1213,-15.8909,-29.1783,-3.3968,2.9060,-3.1441,2.9624,-7.4329,2.0572,33,0.1500,33,0,0.9863,0.0127,0.0009,-0.5083,9.0283,-0.1572,3.0347,5.1760,0.0000,1,0.2077,0.0455,8.2989,-0.0012,1.000,70.00,342.76
8.4601,IMM-UKF,jink,0.500,4.00,0.050,1,0.600,1,6.4793,5.2686,-1.2107,1.2000,0.2762,0.1297,0.0992,6.0000,6.5833,1.4187,43.6989,0.5887,-6.2771,-27.3277,-9.9892,-24.2725,-9.7365,-24.2161,-13.9385,-24.9797,-15.2463,-28.0914,-3.7121,3.0552,-3.4593,3.1116,-7.6614,2.3480,33,0.1600,33,0,0.9863,0.0127,0.0009,-0.5069,8.7787,-0.1720,3.0966,5.1392,0.0000,1,0.2077,0.0455,8.2989,-0.0012,1.000,70.00,342.76
8.4701,IMM-UKF,jink,0.500,4.00,0.050,1,0.600,1,6.4448,5.2829,-1.1619,1.2227,0.2762,0.1297,0.0995,6.0000,6.5833,1.4172,45.4778,0.5896,-5.9491,-27.4686,-9.9892,-24.2725,-9.7365,-24.2161,-13.8357,-24.8188,-14.6160,-27.0502,-4.0401,3.1961,-3.7874,3.2525,-7.8866,2.6498,33,0.1700,33,0,0.9863,0.0127,0.0009,-0.5067,8.5290,-0.1837,3.1580,5.1016,0.0000,1,0.2077,0.0455,8.2989,-0.0012,1.000,70.00,342.76
8.4801,IMM-UKF,jink,0.500,4.00,0.050,1,0.600,1,6.4122,5.3017,-1.1106,1.2463,0.2762,0.1297,0.0998,6.0000,6.5833,1.4158,47.3075,0.5905,-5.6084,-27.6009,-9.9892,-24.2725,-9.7365,-24.2161,-13.7169,-24.6387,-14.0002,-26.0517,-4.3809,3.3284,-4.1281,3.3848,-8.1086,2.9622,33,0.1800,33,0,0.9863,0.0127,0.0009,-0.5079,8.2792,-0.1932,3.2190,5.0634,0.0000,1,0.2077,0.0455,8.2989,-0.0012,1.000,70.00,342.76
8.4901,IMM-UKF,jink,0.500,4.00,0.050,1,0.600,1,6.3816,5.3249,-1.0567,1.2707,0.2762,0.1297,0.1000,6.0000,6.5833,1.4144,49.1879,0.5913,-5.2550,-27.7246,-9.9892,-24.2725,-9.7365,-24.2161,-13.5822,-24.4402,-13.3988,-25.0940,-4.7342,3.4521,-4.4815,3.5085,-8.3272,3.2844,33,0.1900,33,0,0.9863,0.0127,0.0009,-0.5104,8.0293,-0.2007,3.2796,5.0244,0.0000,1,0.2077,0.0455,8.2989,-0.0012,1.000,70.00,342.76
8.5001,IMM-UKF,jink,0.500,4.00,0.050,1,0.600,1,6.3531,5.3528,-1.0003,1.2959,0.2762,0.1297,0.1003,6.0000,6.5833,1.4130,51.1182,0.5921,-4.8891,-27.8395,-9.9892,-24.2725,-9.7365,-24.2161,-13.4316,-24.2239,-12.8115,-24.1754,-5.1001,3.5670,-4.8473,3.6234,-8.5425,3.6156,33,0.2000,33,0,0.9863,0.0127,0.0009,-0.5143,7.7794,-0.2067,3.3396,4.9847,0.0000,1,0.2077,0.0455,8.2989,-0.0012,1.000,70.00,342.76
8.5101,IMM-UKF,jink,0.500,4.00,0.050,1,0.600,1,6.3265,5.3851,-0.9414,1.3219,0.2762,0.1297,0.1005,6.0000,6.5833,1.4116,53.0971,0.5928,-4.5108,-27.9454,-9.9892,-24.2725,-9.7365,-24.2161,-13.2655,-23.9907,-12.2380,-23.2948,-5.4784,3.6729,-5.2257,3.7293,-8.7547,3.9547,33,0.2100,33,0,0.9863,0.0127,0.0009,-0.5196,7.5295,-0.2113,3.3992,4.9442,0.0000,1,0.2371,0.0572,8.2989,-0.0009,1.000,70.00,342.76
8.5201,IMM-UKF,jink,0.500,4.00,0.050,1,0.600,1,6.3019,5.4220,-0.8799,1.3486,0.2762,0.1297,0.1007,6.0000,6.5833,1.4103,55.1221,0.5935,-4.1203,-28.0421,-9.9892,-24.2725,-9.7365,-24.2161,-13.0840,-23.7414,-11.6778,-22.4512,-5.8689,3.7696,-5.6162,3.8260,-8.9637,4.3007,33,0.2200,33,0,0.9863,0.0127,0.0009,-0.5263,7.2796,-0.2146,3.4583,4.9031,0.0000,1,0.2371,0.0572,8.2989,-0.0009,1.000,70.00,342.76
8.5301,IMM-UKF,jink,0.500,4.00,0.050,1,0.600,1,6.2794,5.4635,-0.8159,1.3762,0.2762,0.1297,0.1009,6.0000,6.5833,1.4090,57.1904,0.5942,-3.7177,-28.1296,-9.9892,-24.2725,-9.7365,-24.2161,-12.8876,-23.4772,-11.1306,-21.6436,-6.2715,3.8571,-6.0188,3.9135,-9.1699,4.6524,33,0.2300,33,0,0.9863,0.0127,0.0009,-0.5346,7.0298,-0.2170,3.5169,4.8612,0.0000,1,0.2371,0.0572,8.2989,-0.0009,1.000,70.00,342.76
8.5401,IMM-UKF,jink,0.500,4.00,0.050,1,0.600,1,6.2589,5.5095,-0.7494,1.4045,0.2762,0.1297,0.1010,6.0000,6.5833,1.4077,59.2987,0.5947,-3.3033,-28.2075,-9.9892,-24.2725,-9.7365,-24.2161,-12.6768,-23.1992,-10.5961,-20.8714,-6.6860,3.9350,-6.4332,3.9914,-9.3735,5.0084,33,0.2400,33,0,0.9863,0.0127,0.0009,-0.5443,6.7802,-0.2183,3.5749,4.8187,0.0000,1,0.2371,0.0572,8.2989,-0.0009,1.000,70.00,342.76
8.5501,IMM-UKF,jink,0.500,4.00,0.050,1,0.600,1,6.2404,5.5597,-0.6808,1.4336,0.2762,0.1297,0.1012,6.0000,6.5833,1.4065,61.4431,0.5953,-2.8773,-28.2760,-9.9892,-24.2725,-9.7365,-24.2161,-12.4537,-22.9109,-10.0781,-20.1400,-7.1119,4.0035,-6.8592,4.0599,-9.5764,5.3651,33,0.2500,33,0,0.9863,0.0127,0.0009,-0.5556,6.5331,-0.2188,3.6325,4.7754,0.0000,1,0.2371,0.0572,8.2989,-0.0009,1.000,70.00,342.76
8.5601,IMM-UKF,jink,0.500,4.00,0.050,1,0.600,1,6.2240,5.6138,-0.6102,1.4634,0.2762,0.1297,0.1013,6.0000,6.5833,1.4053,63.6188,0.5958,-2.4401,-28.3349,-9.9892,-24.2725,-9.7365,-24.2161,-12.2190,-22.6135,-9.5756,-19.4470,-7.5491,4.0624,-7.2964,4.1188,-9.7789,5.7214,33,0.2600,33,0,0.9863,0.0127,0.0009,-0.5683,6.2888,-0.2184,3.6895,4.7315,0.0000,1,0.2371,0.0572,8.2989,-0.0009,1.000,70.00,342.76
8.5701,IMM-UKF,jink,0.500,4.00,0.050,1,0.600,1,6.2095,5.0103,-1.1992,0.9222,0.2684,0.1282,0.1093,6.0000,6.1648,0.3274,16.8398,0.5963,-1.9920,-28.3842,-4.5108,-27.9454,-4.4482,-27.9368,-5.1827,-28.6031,8.8105,-33.0029,-2.5188,0.4388,-2.4563,0.4474,-3.1908,-0.2189,34,0.0600,34,0,0.9734,0.0248,0.0018,-0.5824,6.0470,-0.2174,3.7461,4.6869,0.0000,1,0.2371,0.0572,8.5092,-0.0009,1.000,70.00,342.76
8.5801,IMM-UKF,jink,0.500,4.00,0.050,1,0.600,1,6.1971,5.0260,-1.1710,0.9365,0.2684,0.1282,0.1094,6.0000,6.1648,0.3263,17.6210,0.5967,-1.5333,-28.4240,-4.5108,-27.9454,-4.4482,-27.9368,-4.8756,-28.6170,8.9277,-32.2772,-2.9775,0.4786,-2.9149,0.4872,-3.3423,-0.1930,34,0.0700,34,0,0.9734,0.0248,0.0018,-0.5980,5.8078,-0.2156,3.8020,4.6416,0.0000,1,0.2371,0.0572,8.5092,-0.0009,1.000,70.00,342.76
8.5901,IMM-UKF,jink,0.500,4.00,0.050,1,0.600,1,6.1866,5.0459,-1.1407,0.9515,0.2684,0.1282,0.1095,6.0000,6.1648,0.3253,18.4118,0.5971,-1.0644,-28.4542,-4.5108,-27.9454,-4.4482,-27.9368,-4.5601,-28.6064,9.0457,-31.5688,-3.4464,0.5088,-3.3838,0.5174,-3.4956,-0.1522,34,0.0800,34,0,0.9734,0.0248,0.0018,-0.6151,5.5712,-0.2132,3.8575,4.5957,0.0000,1,0.2371,0.0572,8.5092,-0.0009,1.000,70.00,342.76
8.6001,IMM-UKF,jink,0.500,4.00,0.050,1,0.600,1,6.1781,5.0698,-1.1083,0.9672,0.2684,0.1282,0.1096,6.0000,6.1648,0.3243,19.2177,0.5974,-0.5858,-28.4748,-4.5108,-27.9454,-4.4482,-27.9368,-4.2367,-28.5721,9.1650,-30.8780,-3.9250,0.5294,-3.8624,0.5380,-3.6509,-0.0973,34,0.0900,34,0,0.9734,0.0248,0.0018,-0.6337,5.3372,-0.2102,3.9123,4.5490,0.0000,1,0.2371,0.0572,8.5092,-0.0009,1.000,70.00,342.76
8.6101,IMM-UKF,jink,0.500,4.00,0.050,1,0.600,1,6.1716,5.0977,-1.0739,0.9837,0.2684,0.1282,0.1097,6.0000,6.1648,0.3233,20.0438,0.5977,-0.0978,-28.4859,-4.5108,-27.9454,-4.4482,-27.9368,-3.9061,-28.5150,9.2858,-30.2053,-4.4130,0.5405,-4.3504,0.5491,-3.8083,-0.0291,34,0.1000,34,0,0.9734,0.0248,0.0018,-0.6537,5.1057,-0.2067,3.9666,4.5018,0.0000,1,0.2371,0.0572,8.5092,-0.0009,1.000,70.00,342.76
8.6201,IMM-UKF,jink,0.500,4.00,0.050,1,0.600,1,6.1670,5.1296,-1.0374,1.0010,0.2684,0.1282,0.1097,6.0000,6.1648,0.3223,20.8955,0.5979,0.3991,-28.4876,-4.5108,-27.9454,-4.4482,-27.9368,-3.5688,-28.4362,9.4083,-29.5510,-4.9099,0.5422,-4.8474,0.5508,-3.9680,0.0514,34,0.1100,34,0,0.9734,0.0248,0.0018,-0.6752,4.8769,-0.2027,4.0204,4.4538,0.0000,1,0.2371,0.0572,8.5092,-0.0009,1.000,70.00,342.76
8.6301,IMM-UKF,jink,0.500,4.00,0.050,1,0.600,1,6.1644,5.1654,-0.9989,1.0191,0.2684,0.1282,0.1098,6.0000,6.1648,0.3214,21.7774,0.5981,0.9045,-28.4799,-4.5108,-27.9454,-4.4482,-27.9368,-3.2256,-28.3366,9.5327,-28.9154,-5.4153,0.5345,-5.3528,0.5431,-4.1302,0.1432,34,0.1200,34,0,0.9734,0.0248,0.0018,-0.6981,4.6506,-0.1981,4.0735,4.4053,0.0000,1,0.2371,0.0572,8.5092,-0.0009,1.000,70.00,342.76
8.6401,IMM-UKF,jink,0.500,4.00,0.050,1,0.600,1,6.1637,5.2052,-0.9585,1.0380,0.2684,0.1282,0.1099,6.0000,6.1648,0.3206,22.6937,0.5983,1.4179,-28.4629,-4.5108,-27.9454,-4.4482,-27.9368,-2.8771,-28.2175,9.6592,-28.2983,-5.9287,0.5175,-5.8662,0.5261,-4.2950,0.2454,34,0.1300,34,0,0.9734,0.0248,0.0018,-0.7225,4.4269,-0.1930,4.1261,4.3561,0.0000,1,0.2371,0.0572,8.5092,-0.0009,1.000,70.00,342.76
8.6501,IMM-UKF,jink,0.500,4.00,0.050,1,0.600,1,6.1649,5.2487,-0.9162,1.0578,0.2684,0.1282,0.1099,6.0000,6.1648,0.3197,23.6474,0.5984,1.9388,-28.4366,-4.5108,-27.9454,-4.4482,-27.9368,-2.5237,-28.0799,9.7879,-27.7000,-6.4496,0.4913,-6.3871,0.4998,-4.4626,0.3567,34,0.1400,34,0,0.9734,0.0248,0.0018,-0.7483,4.2057,-0.1875,4.1781,4.3063,0.0000,1,0.2371,0.0572,8.5092,-0.0009,1.000,70.00,342.76
8.6601,IMM-UKF,jink,0.500,4.00,0.050,1,0.600,1,6.1681,5.2961,-0.8720,1.0784,0.2684,0.1282,0.1100,6.0000,6.1648,0.3189,24.6410,0.5985,2.4667,-28.4013,-4.5108,-27.9454,-4.4482,-27.9368,-2.1663,-27.9251,9.9190,-27.1204,-6.9775,0.4560,-6.9150,0.4645,-4.6330,0.4763,34,0.1500,34,0,0.9734,0.0248,0.0018,-0.7756,3.9871,-0.1815,4.2294,4.2558,0.0000,1,0.2371,0.0572,8.5092,-0.0009,1.000,70.00,342.76
8.6701,IMM-UKF,jink,0.500,4.00,0.050,1,0.600,1,6.1732,5.3473,-0.8260,1.0999,0.2684,0.1282,0.1100,6.0000,6.1648,0.3182,25.6761,0.5985,3.0012,-28.3571,-4.5108,-27.9454,-4.4482,-27.9368,-1.8053,-27.7543,10.0524,-26.5592,-7.5120,0.4117,-7.4494,0.4203,-4.8065,0.6028,34,0.1600,34,0,0.9734,0.0248,0.0018,-0.8043,3.7710,-0.1751,4.2802,4.2047,0.0000,1,0.2371,0.0572,8.5092,-0.0009,1.000,70.00,342.76
8.6801,IMM-UKF,jink,0.500,4.00,0.050,1,0.600,1,6.1802,5.4021,-0.7781,1.1222,0.2684,0.1282,0.1100,6.0000,6.1648,0.3174,26.7529,0.5984,3.5416,-28.3041,-4.5108,-27.9454,-4.4482,-27.9368,-1.4413,-27.5688,10.1884,-26.0164,-8.0525,0.3587,-7.9899,0.3673,-4.9830,0.7353,34,0.1700,34,0,0.9734,0.0248,0.0018,-0.8344,3.5575,-0.1683,4.3303,4.1531,0.0000,1,0.2371,0.0572,8.5092,-0.0009,1.000,70.00,342.76
8.6901,IMM-UKF,jink,0.500,4.00,0.050,1,0.600,1,6.1892,5.4607,-0.7285,1.1454,0.2684,0.1282,0.1101,6.0000,6.1648,0.3167,27.8710,0.5983,4.0876,-28.2425,-4.5108,-27.9454,-4.4482,-27.9368,-1.0749,-27.3698,10.3268,-25.4917,-8.5984,0.2971,-8.5358,0.3057,-5.1625,0.8727,34,0.1800,34,0,0.9734,0.0248,0.0018,-0.8659,3.3464,-0.1609,4.3799,4.1008,0.0000,1,0.2371,0.0572,8.5092,-0.0009,1.000,70.00,342.76
8.7001,IMM-UKF,jink,0.500,4.00,0.050,1,0.600,1,6.2000,5.5229,-0.6771,1.1694,0.2684,0.1282,0.1101,6.0000,6.1648,0.3160,29.0293,0.5982,4.6385,-28.1725,-4.5108,-27.9454,-4.4482,-27.9368,-0.7066,-27.1586,10.4678,-24.9849,-9.1493,0.2271,-9.0868,0.2357,-5.3451,1.0139,34,0.1900,34,0,0.9734,0.0248,0.0018,-0.8988,3.1380,-0.1532,4.4288,4.0480,0.0000,1,0.2371,0.0572,8.5092,-0.0009,1.000,70.00,342.76
8.7101,IMM-UKF,jink,0.500,4.00,0.050,1,0.600,1,6.2127,5.5888,-0.6239,1.1943,0.2684,0.1282,0.1101,6.0000,6.1648,0.3154,30.2258,0.5980,5.1939,-28.0942,-4.5108,-27.9454,-4.4482,-27.9368,-0.3368,-26.9363,10.6112,-24.4957,-9.7047,0.1488,-9.6421,0.1574,-5.5307,1.1579,34,0.2000,34,0,0.9734,0.0248,0.0018,-0.9331,2.9320,-0.1450,4.4770,3.9945,0.0000,1,0.2371,0.0572,8.5092,-0.0009,1.000,70.00,342.76
8.7201,IMM-UKF,jink,0.500,4.00,0.050,1,0.600,1,6.2274,5.6582,-0.5691,1.2200,0.2684,0.1282,0.1102,6.0000,6.1648,0.3148,31.4582,0.5977,5.7532,-28.0080,-4.5108,-27.9454,-4.4482,-27.9368,0.0339,-26.7044,10.7572,-24.0238,-10.2641,0.0626,-10.2015,0.0712,-5.7193,1.3036,34,0.2100,34,0,0.9734,0.0248,0.0018,-0.9687,2.7285,-0.1364,4.5246,3.9405,0.0000,1,0.2371,0.0572,8.5092,-0.0009,1.000,70.00,342.76
8.7301,IMM-UKF,jink,0.500,4.00,0.050,1,0.600,1,6.2438,5.7312,-0.5126,1.2466,0.2684,0.1282,0.1102,6.0000,6.1648,0.3142,32.7235,0.5973,6.3160,-27.9140,-4.5108,-27.9454,-4.4482,-27.9368,0.4051,-26.4638,10.9056,-23.5689,-10.8268,-0.0314,-10.7642,-0.0228,-5.9109,1.4501,34,0.2200,34,0,0.9734,0.0248,0.0018,-1.0057,2.5275,-0.1273,4.5716,3.8859,0.0000,1,0.2371,0.0572,8.5092,-0.0009,1.000,70.00,342.76
8.7401,IMM-UKF,jink,0.500,4.00,0.050,1,0.600,1,6.2622,5.8077,-0.4545,1.2740,0.2684,0.1282,0.1102,6.0000,6.1648,0.3136,34.0183,0.5969,6.8817,-27.8125,-4.5108,-27.9454,-4.4482,-27.9368,0.7765,-26.2159,11.0565,-23.1307,-11.3925,-0.1329,-11.3299,-0.1243,-6.1052,1.5965,34,0.2300,34,0,0.9734,0.0248,0.0018,-1.0439,2.3291,-0.1178,4.6179,3.8308,0.0000,1,0.2371,0.0572,8.5092,-0.0009,1.000,70.00,342.76
8.7501,IMM-UKF,jink,0.500,4.00,0.050,1,0.600,1,6.2825,5.8877,-0.3947,1.3022,0.2684,0.1282,0.1102,6.0000,6.1648,0.3131,35.3393,0.5965,7.4498,-27.7037,-4.5108,-27.9454,-4.4482,-27.9368,1.1476,-25.9619,11.2098,-22.7089,-11.9606,-0.2417,-11.8980,-0.2331,-6.3022,1.7418,34,0.2400,34,0,0.9734,0.0248,0.0018,-1.0835,2.1331,-0.1077,4.6635,3.7751,0.0000,1,0.2436,0.0557,8.5092,-0.0017,1.000,70.00,342.76
8.7601,IMM-UKF,jink,0.500,4.00,0.050,1,0.600,1,6.3046,5.9711,-0.3334,1.3312,0.2684,0.1282,0.1103,6.0000,6.1648,0.3125,36.6826,0.5960,8.0198,-27.5879,-4.5108,-27.9454,-4.4482,-27.9368,1.5181,-25.7027,11.3654,-22.3032,-12.5306,-0.3574,-12.4680,-0.3488,-6.5017,1.8853,34,0.2500,34,0,0.9734,0.0248,0.0018,-1.1244,1.9396,-0.0972,4.7085,3.7189,0.0000,1,0.2436,0.0557,8.5092,-0.0017,1.000,70.00,342.76
8.7701,IMM-UKF,jink,0.500,4.00,0.050,1,0.600,1,6.3285,6.0580,-0.2705,1.3610,0.2684,0.1282,0.1103,6.0000,6.1648,0.3121,38.0444,0.5953,8.5913,-27.4655,-4.5108,-27.9454,-4.4482,-27.9368,1.8877,-25.4396,11.5233,-21.9134,-13.1021,-0.4799,-13.0395,-0.4713,-6.7036,2.0260,34,0.2600,34,0,0.9734,0.0248,0.0018,-1.1665,1.7486,-0.0861,4.7528,3.6621,0.0000,1,0.2436,0.0557,8.5092,-0.0017,1.000,70.00,342.76
8.7801,IMM-UKF,jink,0.500,4.00,0.050,1,0.600,1,6.3543,6.1482,-0.2061,1.3916,0.2684,0.1282,0.1103,6.0000,6.1648,0.3116,39.4211,0.5946,9.1637,-27.3367,-4.5108,-27.9454,-4.4482,-27.9368,2.2561,-25.1735,11.6834,-21.5392,-13.6745,-0.6087,-13.6120,-0.6001,-6.9076,2.1632,34,0.2700,34,0,0.9734,0.0248,0.0018,-1.2098,1.5601,-0.0744,4.7964,3.6048,0.0000,1,0.2436,0.0557,8.5092,-0.0017,1.000,70.00,342.76
8.7901,IMM-UKF,jink,0.500,4.00,0.050,1,0.600,1,6.3819,6.2417,-0.1402,1.4230,0.2684,0.1282,0.1103,6.0000,6.1648,0.3111,40.8087,0.5939,9.7367,-27.2018,-4.5108,-27.9454,-4.4482,-27.9368,2.6231,-24.9057,11.8456,-21.1804,-14.2475,-0.7435,-14.1849,-0.7350,-7.1136,2.2962,34,0.2800,34,0,0.9734,0.0248,0.0018,-1.2544,1.3740,-0.0621,4.8393,3.5470,0.0000,1,0.2436,0.0557,8.5092,-0.0017,1.000,70.00,342.76
8.8001,IMM-UKF,jink,0.500,4.00,0.050,1,0.600,1,6.4114,6.3386,-0.0728,1.4552,0.2684,0.1282,0.1103,6.0000,6.1648,0.3107,42.2035,0.5930,10.3097,-27.0612,-4.5108,-27.9454,-4.4482,-27.9368,2.9884,-24.6370,12.0099,-20.8368,-14.8205,-0.8842,-14.7579,-0.8756,-7.3213,2.4242,34,0.2900,34,0,0.9734,0.0248,0.0018,-1.3001,1.1904,-0.0491,4.8815,3.4887,0.0000,1,0.2436,0.0557,8.5092,-0.0017,1.000,70.00,342.76
8.8101,IMM-UKF,jink,0.500,4.00,0.050,1,0.600,1,6.4427,5.2440,-1.1987,0.9297,0.2626,0.1278,0.1161,6.0000,5.2181,0.9134,5.1427,0.5921,10.8824,-26.9152,7.4498,-27.7037,7.5019,-27.8502,9.9769,-26.6230,24.1817,-22.1361,-3.4326,-0.7885,-3.3804,-0.9350,-0.9054,0.2922,35,0.0600,35,0,0.9788,0.0205,0.0007,-1.3470,1.0093,-0.0353,4.9230,3.4299,0.0000,1,0.2436,0.0557,8.7484,-0.0017,1.000,70.00,342.76
8.8201,IMM-UKF,jink,0.500,4.00,0.050,1,0.600,1,6.4758,5.2963,-1.1795,0.9453,0.2626,0.1278,0.1161,6.0000,5.2181,0.9122,5.9176,0.5910,11.4542,-26.7641,7.4498,-27.7037,7.5019,-27.8502,10.4005,-26.4628,24.2320,-21.8280,-4.0045,-0.9396,-3.9523,-1.0861,-1.0537,0.3013,35,0.0700,35,0,0.9788,0.0205,0.0007,-1.3950,0.8306,-0.0207,4.9638,3.3705,0.0000,1,0.2436,0.0557,8.7484,-0.0017,1.000,70.00,342.76
8.8301,IMM-UKF,jink,0.500,4.00,0.050,1,0.600,1,6.5107,5.3523,-1.1584,0.9616,0.2626,0.1278,0.1161,6.0000,5.2181,0.9110,6.7303,0.5899,12.0249,-26.6083,7.4498,-27.7037,7.5019,-27.8502,10.8194,-26.2914,24.2847,-21.5305,-4.5751,-1.0954,-4.5230,-1.2419,-1.2055,0.3168,35,0.0800,35,0,0.9788,0.0205,0.0007,-1.4440,0.6544,-0.0050,5.0039,3.3107,0.0000,1,0.2436,0.0557,8.7484,-0.0017,1.000,70.00,342.76
8.8401,IMM-UKF,jink,0.500,4.00,0.050,1,0.600,1,6.5474,5.4118,-1.1356,0.9785,0.2626,0.1278,0.1161,6.0000,5.2181,0.9097,7.5750,0.5887,12.5941,-26.4481,7.4498,-27.7037,7.5019,-27.8502,11.2333,-26.1104,24.3399,-21.2444,-5.1443,-1.2555,-5.0921,-1.4020,-1.3608,0.3377,35,0.0900,35,0,0.9788,0.0205,0.0007,-1.4941,0.4807,0.0118,5.0433,3.2504,0.0000,1,0.2436,0.0557,8.7484,-0.0017,1.000,70.00,342.76
8.8501,IMM-UKF,jink,0.500,4.00,0.050,1,0.600,1,6.5859,5.4748,-1.1111,0.9962,0.2626,0.1278,0.1161,6.0000,5.2181,0.9083,8.4477,0.5874,13.1613,-26.2841,7.4498,-27.7037,7.5019,-27.8502,11.6419,-25.9213,24.3978,-20.9707,-5.7115,-1.4196,-5.6594,-1.5661,-1.5194,0.3628,35,0.1000,35,0,0.9788,0.0205,0.0007,-1.5453,0.3094,0.0300,5.0819,3.1897,0.0000,1,0.2436,0.0557,8.7484,-0.0017,1.000,70.00,342.76
8.8601,IMM-UKF,jink,0.500,4.00,0.050,1,0.600,1,6.6262,5.5413,-1.0848,1.0146,0.2626,0.1278,0.1161,6.0000,5.2181,0.9068,9.3449,0.5860,13.7263,-26.1165,7.4498,-27.7037,7.5019,-27.8502,12.0451,-25.7257,24.4584,-20.7108,-6.2765,-1.5872,-6.2243,-1.7336,-1.6812,0.3909,35,0.1100,35,0,0.9788,0.0205,0.0007,-1.5974,0.1407,0.0499,5.1198,3.1285,0.0000,1,0.2436,0.0557,8.7484,-0.0017,1.000,70.00,342.76
8.8701,IMM-UKF,jink,0.500,4.00,0.050,1,0.600,1,6.6682,5.6114,-1.0569,1.0337,0.2626,0.1278,0.1161,6.0000,5.2181,0.9052,10.2634,0.5845,14.2886,-25.9459,7.4498,-27.7037,7.5019,-27.8502,12.4427,-25.5255,24.5218,-20.4666,-6.8388,-1.7578,-6.7867,-1.9043,-1.8459,0.4204,35,0.1200,35,0,0.9788,0.0205,0.0007,-1.6503,-0.0254,0.0720,5.1570,3.0668,0.0000,1,0.2436,0.0557,8.7484,-0.0017,1.000,70.00,342.76
8.8801,IMM-UKF,jink,0.500,4.00,0.050,1,0.600,1,6.7120,5.6849,-1.0272,1.0536,0.2626,0.1278,0.1161,6.0000,5.2181,0.9035,11.1995,0.5829,14.8481,-25.7727,7.4498,-27.7037,7.5019,-27.8502,12.8345,-25.3233,24.5880,-20.2413,-7.3983,-1.9310,-7.3462,-2.0774,-2.0136,0.4494,35,0.1300,35,0,0.9788,0.0205,0.0007,-1.7041,-0.1888,0.0971,5.1934,3.0047,0.0000,1,0.2436,0.0557,8.7484,-0.0017,1.000,70.00,342.76
8.8901,IMM-UKF,jink,0.500,4.00,0.050,1,0.600,1,6.7576,5.7619,-0.9958,1.0743,0.2626,0.1278,0.1161,6.0000,5.2181,0.9018,12.1487,0.5813,15.4044,-25.5976,7.4498,-27.7037,7.5019,-27.8502,13.2204,-25.1222,24.6570,-20.0398,-7.9546,-2.1061,-7.9025,-2.2525,-2.1840,0.4754,35,0.1400,35,0,0.9788,0.0205,0.0007,-1.7586,-0.3493,0.1264,5.2291,2.9422,0.0000,1,0.2436,0.0557,8.7484,-0.0017,1.000,70.00,342.76
8.9001,IMM-UKF,jink,0.500,4.00,0.050,1,0.600,1,6.8050,5.8424,-0.9626,1.0958,0.2626,0.1278,0.1161,6.0000,5.2181,0.8999,13.1049,0.5795,15.9572,-25.4214,7.4498,-27.7037,7.5019,-27.8502,13.6001,-24.9275,24.7288,-19.8720,-8.5074,-2.2823,-8.4553,-2.4288,-2.3570,0.4939,35,0.1500,35,0,0.9788,0.0205,0.0007,-1.8135,-0.5064,0.1621,5.2640,2.8792,0.0000,1,0.2436,0.0557,8.7484,-0.0017,1.000,70.00,342.76
8.9101,IMM-UKF,jink,0.500,4.00,0.050,1,0.600,1,6.8541,5.9266,-0.9275,1.1181,0.2626,0.1278,0.1161,6.0000,5.2181,0.8979,14.0585,0.5775,16.5062,-25.2453,7.4498,-27.7037,7.5019,-27.8502,13.9731,-24.7497,24.8034,-19.7598,-9.0564,-2.4584,-9.0043,-2.6049,-2.5332,0.4955,35,0.1600,35,0,0.9788,0.0205,0.0007,-1.8680,-0.6586,0.2095,5.2982,2.8158,0.0000,1,0.2436,0.0557,8.7484,-0.0017,1.000,70.00,342.76
8.9201,IMM-UKF,jink,0.500,4.00,0.050,1,0.600,1,6.9050,6.0145,-0.8905,1.1412,0.2626,0.1278,0.1161,6.0000,5.2181,0.8958,14.9921,0.5755,17.0512,-25.0717,7.4498,-27.7037,7.5019,-27.8502,14.3367,-24.6189,24.8802,-19.7709,-9.6014,-2.6320,-9.5493,-2.7784,-2.7145,0.4529,35,0.1700,35,0,0.9788,0.0205,0.0007,-1.9190,-0.7996,0.2833,5.3316,2.7521,0.0000,1,0.2436,0.0557,8.7484,-0.0017,1.000,70.00,342.76
8.9301,IMM-UKF,jink,0.500,4.00,0.050,1,0.600,1,6.9572,6.0980,-0.8592,1.1654,0.2626,0.1278,0.1161,6.0000,5.2181,0.8935,15.9674,0.5733,17.5907,-24.9105,7.4498,-27.7037,7.5019,-27.8502,14.6628,-24.6880,24.9536,-20.2479,-10.1409,-2.7932,-10.0888,-2.9397,-2.9280,0.2224,35,0.1800,35,0,0.9788,0.0205,0.0007,-1.9329,-0.8600,0.4436,5.3643,2.6879,0.0000,1,0.2436,0.0557,8.7484,-0.0017,1.000,70.00,342.76
8.9401,IMM-UKF,jink,0.500,4.00,0.050,1,0.600,1,7.0083,6.1375,-0.8708,1.1908,0.2626,0.1278,0.1161,6.0000,5.2181,0.8911,17.5688,0.5710,18.1219,-24.7633,7.4498,-27.7037,7.5019,-27.8502,14.8903,-24.8198,25.0033,-20.7613,-10.6721,-2.9404,-10.6200,-3.0868,-3.2316,-0.0565,35,0.1900,35,0,0.9788,0.0205,0.0007,-1.8432,-0.7090,0.5238,5.3961,2.6233,0.0000,1,0.2436,0.0557,8.7484,-0.0017,1.000,70.00,342.76
8.9501,IMM-UKF,jink,0.500,4.00,0.050,1,0.600,1,7.0579,6.1671,-0.8908,1.2170,0.2626,0.1278,0.1161,6.0000,5.2181,0.8888,19.3651,0.5688,18.6449,-24.6265,7.4498,-27.7037,7.5019,-27.8502,15.0961,-24.8953,25.0432,-21.0983,-11.1952,-3.0772,-11.1430,-3.2237,-3.5489,-0.2689,35,0.2000,35,0,0.9788,0.0205,0.0007,-1.7447,-0.5435,0.5487,5.4272,2.5584,0.0000,1,0.2436,0.0557,8.7484,-0.0017,1.000,70.00,342.76
8.9601,IMM-UKF,jink,0.500,4.00,0.050,1,0.600,1,7.1058,6.1919,-0.9139,1.2440,0.2626,0.1278,0.1160,6.0000,5.2181,0.8866,21.2523,0.5666,19.1604,-24.4983,7.4498,-27.7037,7.5019,-27.8502,15.2866,-24.9557,25.0746,-21.3752,-11.7106,-3.2054,-11.6585,-3.3519,-3.8738,-0.4574,35,0.2100,35,0,0.9788,0.0205,0.0007,-1.6449,-0.3784,0.5551,5.4575,2.4931,0.0000,1,0.2436,0.0557,8.7484,-0.0017,1.000,70.00,342.76
8.9701,IMM-UKF,jink,0.500,4.00,0.050,1,0.600,1,7.1520,6.2131,-0.9390,1.2719,0.2626,0.1278,0.1160,6.0000,5.2181,0.8844,23.2069,0.5645,19.6688,-24.3779,7.4498,-27.7037,7.5019,-27.8502,15.4629,-25.0126,25.0972,-21.6249,-12.2191,-3.3258,-12.1669,-3.4723,-4.2060,-0.6348,35,0.2200,35,0,0.9788,0.0205,0.0007,-1.5446,-0.2154,0.5525,5.4870,2.4274,0.0000,1,0.2436,0.0557,8.7484,-0.0017,1.000,70.00,342.76
8.9801,IMM-UKF,jink,0.500,4.00,0.050,1,0.600,1,7.1965,6.2308,-0.9657,1.3007,0.2626,0.1278,0.1160,6.0000,5.2181,0.8823,25.2204,0.5625,20.1707,-24.2646,7.4498,-27.7037,7.5019,-27.8502,15.6251,-25.0707,25.1109,-21.8607,-12.7209,-3.4391,-12.6688,-3.5856,-4.5455,-0.8061,35,0.2300,35,0,0.9788,0.0205,0.0007,-1.4440,-0.0547,0.5447,5.5158,2.3614,0.0000,1,0.2436,0.0557,8.7484,-0.0017,1.000,70.00,342.76
8.9901,IMM-UKF,jink,0.500,4.00,0.050,1,0.600,1,7.2393,6.2454,-0.9940,1.3303,0.2626,0.1278,0.1159,6.0000,5.2181,0.8802,27.2887,0.5605,20.6664,-24.1579,7.4498,-27.7037,7.5019,-27.8502,15.7736,-25.1320,25.1152,-22.0893,-13.2166,-3.5458,-13.1644,-3.6923,-4.8927,-0.9741,35,0.2400,35,0,0.9788,0.0205,0.0007,-1.3430,0.1036,0.5333,5.5437,2.2950,0.0000,1,0.2436,0.0557,8.7484,-0.0017,1.000,70.00,342.76
9.0001,IMM-UKF,jink,0.500,4.00,0.050,1,0.600,1,7.2804,6.2569,-1.0236,1.3608,0.2626,0.1278,0.1159,6.0000,5.2181,0.8782,29.4107,0.5587,21.1563,-24.0574,7.4498,-27.7037,7.5019,-27.8502,15.9084,-25.1976,25.1098,-22.3144,-13.7065,-3.6463,-13.6544,-3.7927,-5.2479,-1.1402,35,0.2500,35,0,0.9788,0.0205,0.0007,-1.2418,0.2595,0.5194,5.5709,2.2283,0.0000,1,0.2100,0.0560,8.7484,-0.0015,1.000,70.00,342.76
9.0101,IMM-UKF,jink,0.500,4.00,0.050,1,0.600,1,7.3207,6.2654,-1.0553,1.3921,0.2626,0.1278,0.1161,6.0000,5.2181,0.8777,31.5349,0.5567,21.6317,-23.9596,7.4498,-27.7037,7.5019,-27.8502,16.0313,-25.2698,25.0978,-22.5417,-14.1819,-3.7441,-14.1297,-3.8906,-5.6004,-1.3102,35,0.2600,35,0,0.9788,0.0205,0.0007,-1.1410,0.4133,0.5043,5.5437,2.2950,0.0000,1,0.2100,0.0560,8.7484,-0.0015,1.000,70.00,342.76
9.0201,IMM-UKF,jink,0.500,4.00,0.050,1,0.600,1,7.3603,6.2711,-1.0892,1.4243,0.2626,0.1278,0.1161,6.0000,5.2181,0.8772,33.6675,0.5549,22.0937,-23.8643,7.4498,-27.7037,7.5019,-27.8502,16.1424,-25.3491,25.0791,-22.7730,-14.6439,-3.8394,-14.5917,-3.9859,-5.9512,-1.4848,35,0.2700,35,0,0.9788,0.0205,0.0007,-1.0405,0.5652,0.4885,5.5158,2.3614,0.0000,1,0.2100,0.0560,8.7484,-0.0015,1.000,70.00,342.76
9.0301,IMM-UKF,jink,0.500,4.00,0.050,1,0.600,1,7.3990,6.2739,-1.1250,1.4572,0.2626,0.1278,0.1160,6.0000,5.2181,0.8768,35.8095,0.5532,22.5427,-23.7714,7.4498,-27.7037,7.5019,-27.8502,16.2421,-25.4359,25.0535,-23.0097,-15.0929,-3.9323,-15.0408,-4.0787,-6.3006,-1.6645,35,0.2800,35,0,0.9788,0.0205,0.0007,-0.9404,0.7152,0.4722,5.4870,2.4274,0.0000,1,0.2100,0.0560,8.7484,-0.0015,1.000,70.00,342.76
9.0401,IMM-UKF,jink,0.500,4.00,0.050,1,0.600,1,7.4368,6.2741,-1.1628,1.4910,0.2626,0.1278,0.1158,6.0000,5.2181,0.8765,37.9624,0.5516,22.9791,-23.6810,7.4498,-27.7037,7.5019,-27.8502,16.3305,-25.5304,25.0209,-23.2527,-15.5293,-4.0227,-15.4771,-4.1692,-6.6485,-1.8494,35,0.2900,35,0,0.9788,0.0205,0.0007,-0.8406,0.8633,0.4555,5.4575,2.4931,0.0000,1,0.2100,0.0560,8.7484,-0.0015,1.000,70.00,342.76
9.0501,IMM-UKF,jink,0.500,4.00,0.050,1,0.600,1,7.4739,6.2715,-1.2024,1.5255,0.2626,0.1278,0.1154,6.0000,5.2181,0.8763,40.1274,0.5502,23.4031,-23.5929,7.4498,-27.7037,7.5019,-27.8502,16.4078,-25.6328,24.9810,-23.5028,-15.9534,-4.1107,-15.9012,-4.2572,-6.9954,-2.0399,35,0.3000,35,0,0.9788,0.0205,0.0007,-0.7413,1.0095,0.4387,5.4272,2.5584,0.0000,1,0.2100,0.0560,8.7484,-0.0015,1.000,70.00,342.76
9.0601,IMM-UKF,jink,0.500,4.00,0.050,1,0.600,1,7.5101,6.1245,-1.3856,1.0223,0.2601,0.1262,0.1173,6.0000,5.1630,1.1659,15.0654,0.5489,23.8153,-23.5073,21.1563,-24.0574,21.3216,-24.1774,21.0981,-23.8864,32.1156,-20.6855,-2.6589,-0.5502,-2.4936,-0.6702,-2.7172,-0.3792,36,0.0600,36,0,0.9856,0.0139,0.0006,-0.6425,1.1540,0.4217,5.3961,2.6233,0.0000,1,0.2100,0.0560,8.9986,-0.0015,1.000,70.00,342.76
9.0701,IMM-UKF,jink,0.500,4.00,0.050,1,0.600,1,7.5454,6.1524,-1.3930,1.0394,0.2601,0.1262,0.1167,6.0000,5.1630,1.1679,15.8183,0.5477,24.2157,-23.4239,21.1563,-24.0574,21.3216,-24.1774,21.3684,-23.8463,32.2436,-20.8135,-3.0594,-0.6335,-2.8941,-0.7535,-2.8473,-0.4224,36,0.0700,36,0,0.9856,0.0139,0.0006,-0.5440,1.2966,0.4047,5.3643,2.6879,0.0000,1,0.2100,0.0560,8.9986,-0.0015,1.000,70.00,342.76
9.0801,IMM-UKF,jink,0.500,4.00,0.050,1,0.600,1,7.5798,6.1773,-1.4025,1.0572,0.2601,0.1262,0.1159,6.0000,5.1630,1.1699,16.5758,0.5466,24.6047,-23.3428,21.1563,-24.0574,21.3216,-24.1774,21.6281,-23.8153,32.3702,-20.9470,-3.4484,-0.7146,-3.2831,-0.8346,-2.9767,-0.4725,36,0.0800,36,0,0.9856,0.0139,0.0006,-0.4461,1.4375,0.3877,5.3316,2.7521,0.0000,1,0.2100,0.0560,8.9986,-0.0015,1.000,70.00,342.76
9.0901,IMM-UKF,jink,0.500,4.00,0.050,1,0.600,1,7.6133,6.1993,-1.4141,1.0756,0.2601,0.1262,0.1150,6.0000,5.1630,1.1719,17.3369,0.5456,24.9827,-23.2641,21.1563,-24.0574,21.3216,-24.1774,21.8776,-23.7932,32.4953,-21.0862,-3.8264,-0.7934,-3.6611,-0.9133,-3.1051,-0.5291,36,0.0900,36,0,0.9856,0.0139,0.0006,-0.3486,1.5767,0.3707,5.2982,2.8158,0.0000,1,0.2100,0.0560,8.9986,-0.0015,1.000,70.00,342.76
9.1001,IMM-UKF,jink,0.500,4.00,0.050,1,0.600,1,7.6460,6.2183,-1.4276,1.0947,0.2601,0.1262,0.1139,6.0000,5.1630,1.1738,18.1015,0.5447,25.3498,-23.1876,21.1563,-24.0574,21.3216,-24.1774,22.1174,-23.7797,32.6190,-21.2315,-4.1935,-0.8699,-4.0282,-0.9898,-3.2324,-0.5921,36,0.1000,36,0,0.9856,0.0139,0.0006,-0.2516,1.7142,0.3538,5.2640,2.8792,0.0000,1,0.2100,0.0560,8.9986,-0.0015,1.000,70.00,342.76
9.1101,IMM-UKF,jink,0.500,4.00,0.050,1,0.600,1,7.6777,6.2345,-1.4431,1.1144,0.2601,0.1262,0.1128,6.0000,5.1630,1.1750,18.8701,0.5439,25.7065,-23.1133,21.1563,-24.0574,21.3216,-24.1774,22.3481,-23.7745,32.7416,-21.3832,-4.5502,-0.9441,-4.3849,-1.0641,-3.3584,-0.6612,36,0.1100,36,0,0.9856,0.0139,0.0006,-0.1552,1.8500,0.3370,5.2291,2.9422,0.0000,1,0.2100,0.0560,8.9986,-0.0015,1.000,70.00,342.76
9.1201,IMM-UKF,jink,0.500,4.00,0.050,1,0.600,1,7.7085,6.2479,-1.4605,1.1349,0.2601,0.1262,0.1119,6.0000,5.1630,1.1700,19.6491,0.5427,26.0543,-23.0413,21.1563,-24.0574,21.3216,-24.1774,22.5700,-23.7777,32.8630,-21.5414,-4.8979,-1.0161,-4.7326,-1.1361,-3.4843,-0.7364,36,0.1200,36,0,0.9856,0.0139,0.0006,-0.0593,1.9842,0.3203,5.1934,3.0047,0.0000,1,0.2100,0.0560,8.9986,-0.0015,1.000,70.00,342.76
9.1301,IMM-UKF,jink,0.500,4.00,0.050,1,0.600,1,7.7383,6.2585,-1.4798,1.1562,0.2601,0.1262,0.1110,6.0000,5.1630,1.1650,20.4311,0.5414,26.3919,-22.9715,21.1563,-24.0574,21.3216,-24.1774,22.7835,-23.7889,32.9834,-21.7066,-5.2356,-1.0859,-5.0703,-1.2059,-3.6084,-0.8173,36,0.1300,36,0,0.9856,0.0139,0.0006,0.0361,2.1168,0.3038,5.1570,3.0668,0.0000,1,0.2100,0.0560,8.9986,-0.0015,1.000,70.00,342.76
9.1401,IMM-UKF,jink,0.500,4.00,0.050,1,0.600,1,7.7672,6.2663,-1.5009,1.1781,0.2601,0.1262,0.1101,6.0000,5.1630,1.1642,21.2111,0.5404,26.7187,-22.9040,21.1563,-24.0574,21.3216,-24.1774,22.9890,-23.8080,33.1030,-21.8789,-5.5623,-1.1534,-5.3971,-1.2734,-3.7297,-0.9040,36,0.1400,36,0,0.9856,0.0139,0.0006,0.1309,2.2478,0.2874,5.1198,3.1285,0.0000,1,0.2100,0.0560,8.9986,-0.0015,1.000,70.00,342.76
9.1501,IMM-UKF,jink,0.500,4.00,0.050,1,0.600,1,7.7952,6.2715,-1.5237,1.2009,0.2601,0.1262,0.1093,6.0000,5.1630,1.1660,21.9915,0.5395,27.0352,-22.8387,21.1563,-24.0574,21.3216,-24.1774,23.1868,-23.8351,33.2219,-22.0588,-5.8789,-1.2188,-5.7136,-1.3388,-3.8484,-0.9964,36,0.1500,36,0,0.9856,0.0139,0.0006,0.2252,2.3773,0.2712,5.0819,3.1897,0.0000,1,0.2100,0.0560,8.9986,-0.0015,1.000,70.00,342.76
9.1601,IMM-UKF,jink,0.500,4.00,0.050,1,0.600,1,7.8222,6.2739,-1.5482,1.2244,0.2601,0.1262,0.1084,6.0000,5.1630,1.1678,22.7758,0.5388,27.3423,-22.7755,21.1563,-24.0574,21.3216,-24.1774,23.3773,-23.8699,33.3401,-22.2465,-6.1859,-1.2819,-6.0207,-1.4019,-3.9650,-1.0944,36,0.1600,36,0,0.9856,0.0139,0.0006,0.3188,2.5053,0.2551,5.0433,3.2504,0.0000,1,0.2100,0.0560,8.9986,-0.0015,1.000,70.00,342.76
9.1701,IMM-UKF,jink,0.500,4.00,0.050,1,0.600,1,7.8482,6.2737,-1.5745,1.2487,0.2601,0.1262,0.1074,6.0000,5.1630,1.1695,23.5646,0.5382,27.6401,-22.7145,21.1563,-24.0574,21.3216,-24.1774,23.5607,-23.9125,33.4579,-22.4423,-6.4838,-1.3430,-6.3185,-1.4629,-4.0794,-1.1980,36,0.1700,36,0,0.9856,0.0139,0.0006,0.4118,2.6318,0.2393,5.0039,3.3107,0.0000,1,0.2100,0.0560,8.9986,-0.0015,1.000,70.00,342.76
9.1801,IMM-UKF,jink,0.500,4.00,0.050,1,0.600,1,7.8732,6.2709,-1.6023,1.2737,0.2601,0.1262,0.1062,6.0000,5.1630,1.1712,24.3584,0.5376,27.9289,-22.6556,21.1563,-24.0574,21.3216,-24.1774,23.7373,-23.9628,33.5754,-22.6466,-6.7726,-1.4018,-6.6073,-1.5218,-4.1916,-1.3072,36,0.1800,36,0,0.9856,0.0139,0.0006,0.5043,2.7568,0.2236,4.9638,3.3705,0.0000,1,0.2100,0.0560,8.9986,-0.0015,1.000,70.00,342.76
9.1901,IMM-UKF,jink,0.500,4.00,0.050,1,0.600,1,7.8973,6.2656,-1.6317,1.2996,0.2601,0.1262,0.1050,6.0000,5.1630,1.1729,25.1580,0.5372,28.2088,-22.5989,21.1563,-24.0574,21.3216,-24.1774,23.9075,-24.0209,33.6927,-22.8599,-7.0525,-1.4585,-6.8872,-1.5785,-4.3013,-1.4219,36,0.1900,36,0,0.9856,0.0139,0.0006,0.5961,2.8804,0.2081,4.9230,3.4299,0.0000,1,0.2100,0.0560,8.9986,-0.0015,1.000,70.00,342.76
9.2001,IMM-UKF,jink,0.500,4.00,0.050,1,0.600,1,7.9203,6.2578,-1.6626,1.3262,0.2601,0.1262,0.1037,6.0000,5.1630,1.1746,25.9641,0.5368,28.4800,-22.5444,21.1563,-24.0574,21.3216,-24.1774,24.0714,-24.0866,33.8101,-23.0824,-7.3237,-1.5130,-7.1584,-1.6330,-4.4086,-1.5422,36,0.2000,36,0,0.9856,0.0139,0.0006,0.6872,3.0025,0.1928,4.8815,3.4887,0.0000,1,0.2100,0.0560,8.9986,-0.0015,1.000,70.00,342.76
9.2101,IMM-UKF,jink,0.500,4.00,0.050,1,0.600,1,7.9424,6.2474,-1.6950,1.3536,0.2601,0.1262,0.1023,6.0000,5.1630,1.1763,26.7775,0.5365,28.7427,-22.4920,21.1563,-24.0574,21.3216,-24.1774,24.2293,-24.1601,33.9277,-23.3147,-7.5864,-1.5654,-7.4211,-1.6854,-4.5134,-1.6682,36,0.2100,36,0,0.9856,0.0139,0.0006,0.7777,3.1233,0.1778,4.8393,3.5470,0.0000,1,0.2011,0.0492,8.9986,0.0005,1.000,70.00,342.76
9.2201,IMM-UKF,jink,0.500,4.00,0.050,1,0.600,1,7.9635,6.2347,-1.7288,1.3818,0.2601,0.1262,0.1008,6.0000,5.1630,1.1779,27.5991,0.5362,28.9970,-22.4417,21.1563,-24.0574,21.3216,-24.1774,24.3814,-24.2414,34.0456,-23.5571,-7.8407,-1.6157,-7.6754,-1.7357,-4.6156,-1.7997,36,0.2200,36,0,0.9856,0.0139,0.0006,0.8676,3.2427,0.1629,4.7964,3.6048,0.0000,1,0.2011,0.0492,8.9986,0.0005,1.000,70.00,342.76
9.2301,IMM-UKF,jink,0.500,4.00,0.050,1,0.600,1,7.9836,6.2195,-1.7641,1.4108,0.2601,0.1262,0.0993,6.0000,5.1630,1.1796,28.4302,0.5361,29.2431,-22.3935,21.1563,-24.0574,21.3216,-24.1774,24.5279,-24.3306,34.1642,-23.8103,-8.0868,-1.6639,-7.9215,-1.7839,-4.7152,-1.9371,36,0.2300,36,0,0.9856,0.0139,0.0006,0.9568,3.3608,0.1482,4.7528,3.6621,0.0000,1,0.2011,0.0492,8.9986,0.0005,1.000,70.00,342.76
9.2401,IMM-UKF,jink,0.500,4.00,0.050,1,0.600,1,8.0026,6.2020,-1.8007,1.4406,0.2601,0.1262,0.0976,6.0000,5.1630,1.1811,29.2717,0.5360,29.4812,-22.3475,21.1563,-24.0574,21.3216,-24.1774,24.6691,-24.4277,34.2835,-24.0745,-8.3248,-1.7100,-8.1596,-1.8299,-4.8120,-2.0802,36,0.2400,36,0,0.9856,0.0139,0.0006,1.0453,3.4776,0.1338,4.7085,3.7189,0.0000,1,0.2011,0.0492,8.9986,0.0005,1.000,70.00,342.76
9.2501,IMM-UKF,jink,0.500,4.00,0.050,1,0.600,1,8.0207,6.1821,-1.8385,1.4711,0.2601,0.1262,0.0959,6.0000,5.1630,1.1827,30.1250,0.5360,29.7113,-22.3035,21.1563,-24.0574,21.3216,-24.1774,24.8052,-24.5328,34.4039,-24.3506,-8.5550,-1.7539,-8.3897,-1.8739,-4.9061,-2.2293,36,0.2500,36,0,0.9856,0.0139,0.0006,1.1331,3.5931,0.1196,4.6635,3.7751,0.0000,1,0.2011,0.0492,8.9986,0.0005,1.000,70.00,342.76
9.2601,IMM-UKF,jink,0.500,4.00,0.050,1,0.600,1,8.0377,6.4864,-1.5513,1.1244,0.2635,0.1278,0.0907,6.0000,5.9432,1.1029,9.8101,0.5360,29.9336,-22.2617,28.7427,-22.4920,28.5574,-22.4196,28.1682,-22.4072,40.0840,-19.2552,-1.1909,-0.2303,-1.3763,-0.1579,-1.7654,-0.1455,37,0.0500,37,0,0.9813,0.0164,0.0022,1.2203,3.7073,0.1056,4.6179,3.8308,0.0000,1,0.2011,0.0492,9.2106,0.0005,1.000,70.00,342.76
9.2701,IMM-UKF,jink,0.500,4.00,0.050,1,0.600,1,8.0537,6.4936,-1.5601,1.1414,0.2635,0.1278,0.0888,6.0000,5.9432,1.1012,9.5506,0.5361,30.1483,-22.2220,28.7427,-22.4920,28.5574,-22.4196,28.4303,-22.3667,40.3194,-19.3405,-1.4056,-0.2700,-1.5909,-0.1976,-1.7179,-0.1447,37,0.0600,37,0,0.9813,0.0164,0.0022,1.3067,3.8202,0.0918,4.5716,3.8859,0.0000,1,0.2011,0.0492,9.2106,0.0005,1.000,70.00,342.76
9.2801,IMM-UKF,jink,0.500,4.00,0.050,1,0.600,1,8.0687,6.4983,-1.5703,1.1589,0.2635,0.1278,0.0869,6.0000,5.9432,1.0995,9.2785,0.5363,30.3554,-22.1844,28.7427,-22.4920,28.5574,-22.4196,28.6877,-22.3329,40.5589,-19.4310,-1.6128,-0.3076,-1.7981,-0.2352,-1.6678,-0.1485,37,0.0700,37,0,0.9813,0.0164,0.0022,1.3924,3.9319,0.0782,4.5246,3.9405,0.0000,1,0.2011,0.0492,9.2106,0.0005,1.000,70.00,342.76
9.2901,IMM-UKF,jink,0.500,4.00,0.050,1,0.600,1,8.0826,6.5006,-1.5820,1.1770,0.2635,0.1278,0.0849,6.0000,5.9432,1.0978,8.9926,0.5365,30.5552,-22.1489,28.7427,-22.4920,28.5574,-22.4196,28.9405,-22.3055,40.8027,-19.5269,-1.8125,-0.3431,-1.9978,-0.2707,-1.6147,-0.1567,37,0.0800,37,0,0.9813,0.0164,0.0022,1.4774,4.0425,0.0648,4.4770,3.9945,0.0000,1,0.2011,0.0492,9.2106,0.0005,1.000,70.00,342.76
9.3001,IMM-UKF,jink,0.500,4.00,0.050,1,0.600,1,8.0955,6.5004,-1.5950,1.1956,0.2635,0.1278,0.0828,6.0000,5.9432,1.0961,8.6923,0.5368,30.7476,-22.1155,28.7427,-22.4920,28.5574,-22.4196,29.1893,-22.2846,41.0512,-19.6284,-2.0049,-0.3765,-2.1902,-0.3041,-1.5584,-0.1692,37,0.0900,37,0,0.9813,0.0164,0.0022,1.5617,4.1518,0.0517,4.4288,4.0480,0.0000,1,0.2011,0.0492,9.2106,0.0005,1.000,70.00,342.76
9.3101,IMM-UKF,jink,0.500,4.00,0.050,1,0.600,1,8.1074,6.4979,-1.6095,1.2149,0.2635,0.1278,0.0807,6.0000,5.9432,1.0945,8.3775,0.5371,30.9329,-22.0842,28.7427,-22.4920,28.5574,-22.4196,29.4343,-22.2701,41.3048,-19.7356,-2.1902,-0.4078,-2.3755,-0.3354,-1.4986,-0.1859,37,0.1000,37,0,0.9813,0.0164,0.0022,1.6452,4.2600,0.0388,4.3799,4.1008,0.0000,1,0.2011,0.0492,9.2106,0.0005,1.000,70.00,342.76
9.3201,IMM-UKF,jink,0.500,4.00,0.050,1,0.600,1,8.1182,6.4930,-1.6252,1.2348,0.2635,0.1278,0.0785,6.0000,5.9432,1.0930,8.0484,0.5375,31.1110,-22.0550,28.7427,-22.4920,28.5574,-22.4196,29.6759,-22.2618,41.5640,-19.8487,-2.3683,-0.4370,-2.5536,-0.3646,-1.4352,-0.2068,37,0.1100,37,0,0.9813,0.0164,0.0022,1.7280,4.3671,0.0261,4.3303,4.1531,0.0000,1,0.2011,0.0492,9.2106,0.0005,1.000,70.00,342.76
9.3301,IMM-UKF,jink,0.500,4.00,0.050,1,0.600,1,8.1280,6.4858,-1.6422,1.2553,0.2635,0.1278,0.0762,6.0000,5.9432,1.0914,7.7060,0.5380,31.2822,-22.0279,28.7427,-22.4920,28.5574,-22.4196,29.9144,-22.2597,41.8290,-19.9679,-2.5395,-0.4641,-2.7248,-0.3916,-1.3678,-0.2317,37,0.1200,37,0,0.9813,0.0164,0.0022,1.8101,4.4730,0.0136,4.2802,4.2047,0.0000,1,0.2011,0.0492,9.2106,0.0005,1.000,70.00,342.76
9.3401,IMM-UKF,jink,0.500,4.00,0.050,1,0.600,1,8.1367,6.4763,-1.6604,1.2765,0.2635,0.1278,0.0739,6.0000,5.9432,1.0899,7.3518,0.5385,31.4465,-22.0030,28.7427,-22.4920,28.5574,-22.4196,30.1502,-22.2637,42.1005,-20.0935,-2.7038,-0.4890,-2.8891,-0.4166,-1.2963,-0.2607,37,0.1300,37,0,0.9813,0.0164,0.0022,1.8914,4.5779,0.0014,4.2294,4.2558,0.0000,1,0.2011,0.0492,9.2106,0.0005,1.000,70.00,342.76
9.3501,IMM-UKF,jink,0.500,4.00,0.050,1,0.600,1,8.1444,6.4645,-1.6799,1.2984,0.2635,0.1278,0.0715,6.0000,5.9432,1.0884,6.9885,0.5391,31.6040,-21.9802,28.7427,-22.4920,28.5574,-22.4196,30.3836,-22.2739,42.3789,-20.2256,-2.8613,-0.5118,-3.0466,-0.4394,-1.2204,-0.2938,37,0.1400,37,0,0.9813,0.0164,0.0022,1.9719,4.6817,-0.0107,4.1781,4.3063,0.0000,1,0.2011,0.0492,9.2106,0.0005,1.000,70.00,342.76
9.3601,IMM-UKF,jink,0.500,4.00,0.050,1,0.600,1,8.1510,6.4506,-1.7005,1.3209,0.2635,0.1278,0.0693,6.0000,5.9432,1.0916,6.6252,0.5391,31.7556,-21.9595,28.7427,-22.4920,28.5574,-22.4196,30.6148,-22.2902,42.6646,-20.3645,-3.0129,-0.5325,-3.1983,-0.4601,-1.1408,-0.3308,37,0.1500,37,0,0.9813,0.0164,0.0022,2.0517,4.7844,-0.0225,4.1261,4.3561,0.0000,1,0.2011,0.0492,9.2106,0.0005,1.000,70.00,342.76
9.3701,IMM-UKF,jink,0.500,4.00,0.050,1,0.600,1,8.1566,6.4344,-1.7222,1.3442,0.2635,0.1278,0.0672,6.0000,5.9432,1.0962,6.2640,0.5389,31.9009,-21.9409,28.7427,-22.4920,28.5574,-22.4196,30.8443,-22.3127,42.9584,-20.5104,-3.1582,-0.5511,-3.3436,-0.4787,-1.0566,-0.3717,37,0.1600,37,0,0.9813,0.0164,0.0022,2.1307,4.8861,-0.0341,4.0735,4.4053,0.0000,1,0.2011,0.0492,9.2106,0.0005,1.000,70.00,342.76
9.3801,IMM-UKF,jink,0.500,4.00,0.050,1,0.600,1,8.1611,6.4161,-1.7450,1.3682,0.2635,0.1278,0.0650,6.0000,5.9432,1.0996,5.9107,0.5389,32.0394,-21.9245,28.7427,-22.4920,28.5574,-22.4196,31.0724,-22.3412,43.2607,-20.6636,-3.2967,-0.5674,-3.4820,-0.4950,-0.9670,-0.4167,37,0.1700,37,0,0.9813,0.0164,0.0022,2.2089,4.9867,-0.0454,4.0204,4.4538,0.0000,1,0.2011,0.0492,9.2106,0.0005,1.000,70.00,342.76
9.3901,IMM-UKF,jink,0.500,4.00,0.050,1,0.600,1,8.1646,6.3957,-1.7689,1.3929,0.2635,0.1278,0.0630,6.0000,5.9432,1.0981,5.5737,0.5395,32.1704,-21.9103,28.7427,-22.4920,28.5574,-22.4196,31.2992,-22.3760,43.5722,-20.8243,-3.4277,-0.5817,-3.6131,-0.5093,-0.8712,-0.4656,37,0.1800,37,0,0.9813,0.0164,0.0022,2.2863,5.0864,-0.0566,3.9666,4.5018,0.0000,1,0.2011,0.0492,9.2106,0.0005,1.000,70.00,342.76
9.4001,IMM-UKF,jink,0.500,4.00,0.050,1,0.600,1,8.1670,6.3732,-1.7939,1.4184,0.2635,0.1278,0.0610,6.0000,5.9432,1.0966,5.2742,0.5402,32.2950,-21.8983,28.7427,-22.4920,28.5574,-22.4196,31.5253,-22.4169,43.8936,-20.9930,-3.5523,-0.5937,-3.7376,-0.5213,-0.7697,-0.5186,37,0.1900,37,0,0.9813,0.0164,0.0022,2.3629,5.1851,-0.0675,3.9123,4.5490,0.0000,1,0.2011,0.0492,9.2106,0.0005,1.000,70.00,342.76
9.4101,IMM-UKF,jink,0.500,4.00,0.050,1,0.600,1,8.1684,6.3486,-1.8198,1.4445,0.2635,0.1278,0.0590,6.0000,5.9432,1.0951,5.0328,0.5409,32.4133,-21.8884,28.7427,-22.4920,28.5574,-22.4196,31.7508,-22.4640,44.2255,-21.1698,-3.6706,-0.6036,-3.8559,-0.5312,-0.6624,-0.5757,37,0.2000,37,0,0.9813,0.0164,0.0022,2.4387,5.2829,-0.0782,3.8575,4.5957,0.0000,1,0.2011,0.0492,9.2106,0.0005,1.000,70.00,342.76
9.4201,IMM-UKF,jink,0.500,4.00,0.050,1,0.600,1,8.1687,6.3221,-1.8467,1.4714,0.2635,0.1278,0.0569,6.0000,5.9432,1.0937,4.8747,0.5416,32.5252,-21.8807,28.7427,-22.4920,28.5574,-22.4196,31.9762,-22.5175,44.5688,-21.3551,-3.7825,-0.6113,-3.9678,-0.5389,-0.5490,-0.6368,37,0.2100,37,0,0.9813,0.0164,0.0022,2.5138,5.3797,-0.0887,3.8020,4.6416,0.0000,1,0.2490,0.0409,9.2106,0.0004,1.000,70.00,342.76
9.4301,IMM-UKF,jink,0.500,4.00,0.050,1,0.600,1,8.1680,6.2935,-1.8745,1.4991,0.2635,0.1278,0.0547,6.0000,5.9432,1.0921,4.8264,0.5425,32.6309,-21.8752,28.7427,-22.4920,28.5574,-22.4196,32.2017,-22.5773,44.9244,-21.5493,-3.8882,-0.6168,-4.0735,-0.5444,-0.4292,-0.7021,37,0.2200,37,0,0.9813,0.0164,0.0022,2.5880,5.4755,-0.0989,3.7461,4.6869,0.0000,1,0.2490,0.0409,9.2106,0.0004,1.000,70.00,342.76
9.4401,IMM-UKF,jink,0.500,4.00,0.050,1,0.600,1,8.1662,6.2630,-1.9031,1.5275,0.2635,0.1278,0.0525,6.0000,5.9432,1.0907,4.9115,0.5433,32.7304,-21.8720,28.7427,-22.4920,28.5574,-22.4196,32.4277,-22.6436,45.2930,-21.7528,-3.9877,-0.6200,-4.1730,-0.5476,-0.3027,-0.7717,37,0.2300,37,0,0.9813,0.0164,0.0022,2.6614,5.5705,-0.1089,3.6895,4.7315,0.0000,1,0.2490,0.0409,9.2106,0.0004,1.000,70.00,342.76
9.4501,IMM-UKF,jink,0.500,4.00,0.050,1,0.600,1,8.1633,6.2306,-1.9327,1.5566,0.2635,0.1278,0.0503,6.0000,5.9432,1.0893,5.1447,0.5443,32.8238,-21.8709,28.7427,-22.4920,28.5574,-22.4196,32.6545,-22.7165,45.6757,-21.9660,-4.0811,-0.6211,-4.2664,-0.5486,-0.1693,-0.8456,37,0.2400,37,0,0.9813,0.0164,0.0022,2.7340,5.6646,-0.1187,3.6325,4.7754,0.0000,1,0.2490,0.0409,9.2106,0.0004,1.000,70.00,342.76
9.4601,IMM-UKF,jink,0.500,4.00,0.050,1,0.600,1,8.1594,6.1964,-1.9630,1.5864,0.2635,0.1278,0.0480,6.0000,5.9432,1.0878,5.5294,0.5453,32.9110,-21.8722,28.7427,-22.4920,28.5574,-22.4196,32.8825,-22.7960,46.0736,-22.1892,-4.1684,-0.6198,-4.3537,-0.5474,-0.0285,-0.9239,37,0.2500,37,0,0.9813,0.0164,0.0022,2.8057,5.7579,-0.1283,3.5749,4.8187,0.0000,1,0.2490,0.0409,9.2106,0.0004,1.000,70.00,342.76
9.4701,IMM-UKF,jink,0.500,4.00,0.050,1,0.600,1,8.1544,6.8676,-1.2868,1.1518,0.2640,0.1294,0.0452,6.0000,6.8187,1.2091,1.6075,0.5463,32.9923,-21.8757,32.5252,-21.8807,32.4342,-22.0641,33.0190,-22.1433,44.5254,-20.8636,-0.4671,-0.0050,-0.5581,-0.1884,0.0267,-0.2676,38,0.0500,38,0,0.9841,0.0142,0.0016,2.8767,5.8502,-0.1376,3.5169,4.8612,0.0000,1,0.2490,0.0409,9.4205,0.0004,1.000,70.00,342.76
9.4801,IMM-UKF,jink,0.500,4.00,0.050,1,0.600,1,8.1484,6.8612,-1.2872,1.1679,0.2640,0.1294,0.0429,6.0000,6.8187,1.2095,1.8596,0.5475,33.0675,-21.8815,32.5252,-21.8807,32.4342,-22.0641,33.2494,-22.1427,44.8201,-20.9794,-0.5423,0.0009,-0.6333,-0.1826,0.1819,-0.2611,38,0.0600,38,0,0.9841,0.0142,0.0016,2.9468,5.9418,-0.1468,3.4583,4.9031,0.0000,1,0.2490,0.0409,9.4205,0.0004,1.000,70.00,342.76
9.4901,IMM-UKF,jink,0.500,4.00,0.050,1,0.600,1,8.1413,6.8528,-1.2884,1.1845,0.2640,0.1294,0.0405,6.0000,6.8187,1.2100,2.4454,0.5486,33.1368,-21.8897,32.5252,-21.8807,32.4342,-22.0641,33.4790,-22.1474,45.1229,-21.1010,-0.6116,0.0090,-0.7025,-0.1744,0.3423,-0.2577,38,0.0700,38,0,0.9841,0.0142,0.0016,3.0160,6.0325,-0.1557,3.3992,4.9442,0.0000,1,0.2490,0.0409,9.4205,0.0004,1.000,70.00,342.76
9.5001,IMM-UKF,jink,0.500,4.00,0.050,1,0.600,1,8.1331,6.8425,-1.2907,1.2017,0.2640,0.1294,0.0393,6.0000,6.8187,1.2215,3.1875,0.5472,33.2048,-21.9002,32.5252,-21.8807,32.4342,-22.0641,33.7081,-22.1575,45.4344,-21.2285,-0.6796,0.0195,-0.7705,-0.1639,0.5033,-0.2573,38,0.0800,38,0,0.9841,0.0142,0.0016,3.0844,6.1225,-0.1643,3.3396,4.9847,0.0000,1,0.2490,0.0409,9.4205,0.0004,1.000,70.00,342.76
9.5101,IMM-UKF,jink,0.500,4.00,0.050,1,0.600,1,8.1239,6.8301,-1.2938,1.2195,0.2640,0.1294,0.0393,6.0000,6.8187,1.2450,4.0034,0.5466,33.2716,-21.9131,32.5252,-21.8807,32.4342,-22.0641,33.9369,-22.1730,45.7551,-21.3622,-0.7464,0.0325,-0.8373,-0.1510,0.6653,-0.2599,38,0.0900,38,0,0.9841,0.0142,0.0016,3.1520,6.2116,-0.1728,3.2796,5.0244,0.0000,1,0.2490,0.0409,9.4205,0.0004,1.000,70.00,342.76
9.5201,IMM-UKF,jink,0.500,4.00,0.050,1,0.600,1,8.1137,6.8159,-1.2978,1.2378,0.2640,0.1294,0.0393,6.0000,6.8187,1.2691,4.8849,0.5498,33.3324,-21.9286,32.5252,-21.8807,32.4342,-22.0641,34.1657,-22.1938,46.0855,-21.5021,-0.8073,0.0480,-0.8982,-0.1355,0.8333,-0.2652,38,0.1000,38,0,0.9841,0.0142,0.0016,3.2187,6.3000,-0.1810,3.2190,5.0634,0.0000,1,0.2490,0.0409,9.4205,0.0004,1.000,70.00,342.76
9.5301,IMM-UKF,jink,0.500,4.00,0.050,1,0.600,1,8.1023,6.7997,-1.3026,1.2568,0.2640,0.1294,0.0413,6.0000,6.8187,1.2725,5.8624,0.5505,33.3795,-21.9466,32.5252,-21.8807,32.4342,-22.0641,34.3950,-22.2200,46.4264,-21.6486,-0.8543,0.0659,-0.9453,-0.1175,1.0155,-0.2734,38,0.1100,38,0,0.9841,0.0142,0.0016,3.2845,6.3877,-0.1890,3.1580,5.1016,0.0000,1,0.2490,0.0409,9.4205,0.0004,1.000,70.00,342.76
9.5401,IMM-UKF,jink,0.500,4.00,0.050,1,0.600,1,8.0900,6.7817,-1.3083,1.2764,0.2640,0.1294,0.0436,6.0000,6.8187,1.2721,6.8958,0.5504,33.4194,-21.9670,32.5252,-21.8807,32.4342,-22.0641,34.6249,-22.2515,46.7784,-21.8016,-0.8942,0.0863,-0.9851,-0.0971,1.2056,-0.2845,38,0.1200,38,0,0.9841,0.0142,0.0016,3.3495,6.4746,-0.1967,3.0966,5.1392,0.0000,1,0.2490,0.0409,9.4205,0.0004,1.000,70.00,342.76
9.5501,IMM-UKF,jink,0.500,4.00,0.050,1,0.600,1,8.0766,6.7618,-1.3147,1.2967,0.2640,0.1294,0.0458,6.0000,6.8187,1.2718,7.9752,0.5504,33.4534,-21.9899,32.5252,-21.8807,32.4342,-22.0641,34.8559,-22.2883,47.1421,-21.9616,-0.9282,0.1092,-1.0192,-0.0742,1.4025,-0.2984,38,0.1300,38,0,0.9841,0.0142,0.0016,3.4136,6.5608,-0.2043,3.0347,5.1760,0.0000,1,0.2490,0.0409,9.4205,0.0004,1.000,70.00,342.76
9.5601,IMM-UKF,jink,0.500,4.00,0.050,1,0.600,1,8.0621,6.7402,-1.3219,1.3177,0.2640,0.1294,0.0479,6.0000,6.8187,1.2715,9.1001,0.5505,33.4816,-22.0154,32.5252,-21.8807,32.4342,-22.0641,35.0882,-22.3306,47.5184,-22.1286,-0.9564,0.1347,-1.0474,-0.0488,1.6066,-0.3153,38,0.1400,38,0,0.9841,0.0142,0.0016,3.4769,6.6463,-0.2115,2.9724,5.2120,0.0000,1,0.2490,0.0409,9.4205,0.0004,1.000,70.00,342.76
9.5701,IMM-UKF,jink,0.500,4.00,0.050,1,0.600,1,8.0466,6.7168,-1.3298,1.3393,0.2640,0.1294,0.0500,6.0000,6.8187,1.2713,10.2704,0.5506,33.5040,-22.0434,32.5252,-21.8807,32.4342,-22.0641,35.3222,-22.3784,47.9079,-22.3028,-0.9788,0.1627,-1.0698,-0.0207,1.8182,-0.3350,38,0.1500,38,0,0.9841,0.0142,0.0016,3.5392,6.7311,-0.2186,2.9096,5.2473,0.0000,1,0.2490,0.0409,9.4205,0.0004,1.000,70.00,342.76
9.5801,IMM-UKF,jink,0.500,4.00,0.050,1,0.600,1,8.0300,6.6917,-1.3384,1.3617,0.2640,0.1294,0.0520,6.0000,6.8187,1.2711,11.4871,0.5507,33.5206,-22.0740,32.5252,-21.8807,32.4342,-22.0641,35.5582,-22.4316,48.3115,-22.4846,-0.9954,0.1933,-1.0864,0.0099,2.0377,-0.3576,38,0.1600,38,0,0.9841,0.0142,0.0016,3.6007,6.8152,-0.2254,2.8464,5.2818,0.0000,1,0.2490,0.0409,9.4205,0.0004,1.000,70.00,342.76
9.5901,IMM-UKF,jink,0.500,4.00,0.050,1,0.600,1,8.0125,6.6649,-1.3476,1.3848,0.2640,0.1294,0.0540,6.0000,6.8187,1.2709,12.7516,0.5510,33.5314,-22.1073,32.5252,-21.8807,32.4342,-22.0641,35.7967,-22.4905,48.7302,-22.6740,-1.0062,0.2266,-1.0971,0.0432,2.2653,-0.3832,38,0.1700,38,0,0.9841,0.0142,0.0016,3.6612,6.8987,-0.2320,2.7829,5.3156,0.0000,1,0.2490,0.0409,9.4205,0.0004,1.000,70.00,342.76
9.6001,IMM-UKF,jink,0.500,4.00,0.050,1,0.600,1,7.9938,6.6364,-1.3575,1.4085,0.2640,0.1294,0.0559,6.0000,6.8187,1.2709,14.0652,0.5513,33.5364,-22.1433,32.5252,-21.8807,32.4342,-22.0641,36.0378,-22.5549,49.1648,-22.8714,-1.0112,0.2626,-1.1021,0.0791,2.5015,-0.4116,38,0.1800,38,0,0.9841,0.0142,0.0016,3.7209,6.9816,-0.2383,2.7189,5.3486,0.0000,1,0.2490,0.0409,9.4205,0.0004,1.000,70.00,342.76
9.6101,IMM-UKF,jink,0.500,4.00,0.050,1,0.600,1,7.9742,6.6063,-1.3679,1.4331,0.2640,0.1294,0.0577,6.0000,6.8187,1.2708,15.4299,0.5516,33.5355,-22.1820,32.5252,-21.8807,32.4342,-22.0641,36.2821,-22.6251,49.6163,-23.0770,-1.0103,0.3013,-1.1013,0.1179,2.7465,-0.4431,38,0.1900,38,0,0.9841,0.0142,0.0016,3.7797,7.0638,-0.2443,2.6545,5.3809,0.0000,1,0.2490,0.0409,9.4205,0.0004,1.000,70.00,342.76
9.6201,IMM-UKF,jink,0.500,4.00,0.050,1,0.600,1,7.9535,6.5746,-1.3789,1.4583,0.2640,0.1294,0.0595,6.0000,6.8187,1.2708,16.8476,0.5520,33.5289,-22.2235,32.5252,-21.8807,32.4342,-22.0641,36.5298,-22.7010,50.0858,-23.2909,-1.0037,0.3428,-1.0947,0.1594,3.0009,-0.4776,38,0.2000,38,0,0.9841,0.0142,0.0016,3.8375,7.1454,-0.2502,2.5897,5.4123,0.0000,1,0.2490,0.0409,9.4205,0.0004,1.000,70.00,342.76
9.6301,IMM-UKF,jink,0.500,4.00,0.050,1,0.600,1,7.9318,6.5413,-1.3904,1.4843,0.2640,0.1294,0.0612,6.0000,6.8187,1.2708,18.3203,0.5525,33.5164,-22.2678,32.5252,-21.8807,32.4342,-22.0641,36.7815,-22.7829,50.5744,-23.5136,-0.9912,0.3872,-1.0822,0.2037,3.2651,-0.5151,38,0.2100,38,0,0.9841,0.0142,0.0016,3.8945,7.2264,-0.2557,2.5246,5.4430,0.0000,1,0.2490,0.0409,9.4205,0.0004,1.000,70.00,342.76
9.6401,IMM-UKF,jink,0.500,4.00,0.050,1,0.600,1,7.9090,6.5066,-1.4024,1.5110,0.2640,0.1294,0.0628,6.0000,6.8187,1.2709,19.8504,0.5530,33.4982,-22.3151,32.5252,-21.8807,32.4342,-22.0641,37.0375,-22.8708,51.0833,-23.7451,-0.9730,0.4344,-1.0639,0.2509,3.5394,-0.5557,38,0.2200,38,0,0.9841,0.0142,0.0016,3.9505,7.3069,-0.2610,2.4591,5.4729,0.0000,1,0.2490,0.0409,9.4205,0.0004,1.000,70.00,342.76
9.6501,IMM-UKF,jink,0.500,4.00,0.050,1,0.600,1,7.8852,6.4703,-1.4149,1.5384,0.2640,0.1294,0.0644,6.0000,6.8187,1.2710,21.4401,0.5536,33.4740,-22.3653,32.5252,-21.8807,32.4342,-22.0641,37.2983,-22.9648,51.6137,-23.9858,-0.9488,0.4846,-1.0398,0.3011,3.8242,-0.5995,38,0.2300,38,0,0.9841,0.0142,0.0016,4.0056,7.3868,-0.2660,2.3933,5.5020,0.0000,1,0.2490,0.0409,9.4205,0.0004,1.000,70.00,342.76
9.6601,IMM-UKF,jink,0.500,4.00,0.050,1,0.600,1,7.8605,6.4326,-1.4278,1.5666,0.2640,0.1294,0.0661,6.0000,6.8187,1.2731,23.0882,0.5547,33.4447,-22.4185,32.5252,-21.8807,32.4342,-22.0641,37.5642,-23.0650,52.1670,-24.2358,-0.9196,0.5378,-1.0105,0.3543,4.1195,-0.6465,38,0.2400,38,0,0.9841,0.0142,0.0016,4.0597,7.4661,-0.2708,2.3271,5.5304,0.0000,1,0.2490,0.0409,9.4205,0.0004,1.000,70.00,342.76
9.6701,IMM-UKF,jink,0.500,4.00,0.050,1,0.600,1,7.8347,6.3936,-1.4411,1.5955,0.2640,0.1294,0.0678,6.0000,6.8187,1.2760,24.7999,0.5559,33.4098,-22.4747,32.5252,-21.8807,32.4342,-22.0641,37.8359,-23.1717,52.7447,-24.4955,-0.8846,0.5941,-0.9756,0.4106,4.4260,-0.6969,38,0.2500,38,0,0.9841,0.0142,0.0016,4.1130,7.5449,-0.2753,2.2605,5.5579,0.0000,1,0.2633,0.0447,9.4205,0.0003,1.000,70.00,342.76
9.6801,IMM-UKF,jink,0.500,4.00,0.050,1,0.600,1,7.8079,6.3531,-1.4548,1.6251,0.2640,0.1294,0.0695,6.0000,6.8187,1.2789,26.5793,0.5572,33.3690,-22.5342,32.5252,-21.8807,32.4342,-22.0641,38.1137,-23.2849,53.3481,-24.7651,-0.8438,0.6535,-0.9348,0.4700,4.7447,-0.7507,38,0.2600,38,0,0.9841,0.0142,0.0016,4.1652,7.6231,-0.2794,2.1937,5.5846,0.0000,1,0.2633,0.0447,9.4205,0.0003,1.000,70.00,342.76
9.6901,IMM-UKF,jink,0.500,4.00,0.050,1,0.600,1,7.7801,6.3113,-1.4687,1.6554,0.2640,0.1294,0.0712,6.0000,6.8187,1.2810,28.4309,0.5583,33.3219,-22.5968,32.5252,-21.8807,32.4342,-22.0641,38.3982,-23.4048,53.9790,-25.0448,-0.7967,0.7161,-0.8877,0.5327,5.0763,-0.8080,38,0.2700,38,0,0.9841,0.0142,0.0016,4.2166,7.7009,-0.2833,2.1265,5.6105,0.0000,1,0.2633,0.0447,9.4205,0.0003,1.000,70.00,342.76
9.7001,IMM-UKF,jink,0.500,4.00,0.050,1,0.600,1,7.7512,6.2683,-1.4830,1.6864,0.2640,0.1294,0.0730,6.0000,6.8187,1.2813,30.3601,0.5590,33.2682,-22.6627,32.5252,-21.8807,32.4342,-22.0641,38.6899,-23.5316,54.6390,-25.3348,-0.7430,0.7820,-0.8340,0.5986,5.4217,-0.8689,38,0.2800,38,0,0.9841,0.0142,0.0016,4.2669,7.7781,-0.2869,2.0590,5.6356,0.0000,1,0.2633,0.0447,9.4205,0.0003,1.000,70.00,342.76
9.7101,IMM-UKF,jink,0.500,4.00,0.050,1,0.600,1,7.7215,6.2240,-1.4975,1.7181,0.2640,0.1294,0.0747,6.0000,6.8187,1.2817,32.3667,0.5598,33.2084,-22.7320,32.5252,-21.8807,32.4342,-22.0641,38.9894,-23.6656,55.3300,-25.6354,-0.6832,0.8513,-0.7742,0.6678,5.7810,-0.9336,38,0.2900,38,0,0.9841,0.0142,0.0016,4.3163,7.8549,-0.2902,1.9912,5.6599,0.0000,1,0.2633,0.0447,9.4205,0.0003,1.000,70.00,342.76
9.7201,IMM-UKF,jink,0.500,4.00,0.050,1,0.600,1,7.6907,6.9097,-0.7809,1.1536,0.2664,0.1310,0.0739,6.0000,7.6081,1.8879,11.5128,0.5606,33.1426,-22.8047,33.4098,-22.4747,33.0696,-22.4899,35.2111,-22.5627,43.0962,-23.2627,0.2673,0.3299,-0.0730,0.3147,2.0685,0.2420,39,0.0500,39,0,0.9849,0.0141,0.0009,4.3648,7.9312,-0.2931,1.9232,5.6834,0.0000,1,0.2633,0.0447,9.6704,0.0003,1.000,70.00,342.76
9.7301,IMM-UKF,jink,0.500,4.00,0.050,1,0.600,1,7.6589,6.8903,-0.7686,1.1691,0.2664,0.1310,0.0755,6.0000,7.6081,1.8872,12.7273,0.5615,33.0706,-22.8809,33.4098,-22.4747,33.0696,-22.4899,35.3553,-22.5946,43.3703,-23.4413,0.3392,0.4062,-0.0010,0.3910,2.2847,0.2863,39,0.0600,39,0,0.9849,0.0141,0.0009,4.4122,8.0070,-0.2957,1.8548,5.7061,0.0000,1,0.2633,0.0447,9.6704,0.0003,1.000,70.00,342.76
9.7401,IMM-UKF,jink,0.500,4.00,0.050,1,0.600,1,7.6262,6.8693,-0.7568,1.1851,0.2664,0.1310,0.0771,6.0000,7.6081,1.8864,13.9859,0.5624,32.9925,-22.9607,33.4098,-22.4747,33.0696,-22.4899,35.5018,-22.6319,43.6564,-23.6286,0.4174,0.4860,0.0772,0.4708,2.5094,0.3288,39,0.0700,39,0,0.9849,0.0141,0.0009,4.4587,8.0824,-0.2979,1.7862,5.7279,0.0000,1,0.2633,0.0447,9.6704,0.0003,1.000,70.00,342.76
9.7501,IMM-UKF,jink,0.500,4.00,0.050,1,0.600,1,7.5925,6.8468,-0.7457,1.2016,0.2664,0.1310,0.0786,6.0000,7.6081,1.8856,15.2902,0.5633,32.9080,-23.0442,33.4098,-22.4747,33.0696,-22.4899,35.6508,-22.6746,43.9553,-23.8249,0.5018,0.5695,0.1616,0.5543,2.7428,0.3696,39,0.0800,39,0,0.9849,0.0141,0.0009,4.5041,8.1574,-0.2997,1.7174,5.7490,0.0000,1,0.2633,0.0447,9.6704,0.0003,1.000,70.00,342.76
9.7601,IMM-UKF,jink,0.500,4.00,0.050,1,0.600,1,7.5578,6.8228,-0.7350,1.2188,0.2664,0.1310,0.0800,6.0000,7.6081,1.8848,16.6415,0.5644,32.8173,-23.1315,33.4098,-22.4747,33.0696,-22.4899,35.8026,-22.7229,44.2677,-24.0306,0.5925,0.6568,0.2523,0.6416,2.9853,0.4087,39,0.0900,39,0,0.9849,0.0141,0.0009,4.5486,8.2319,-0.3012,1.6483,5.7692,0.0000,1,0.2633,0.0447,9.6704,0.0003,1.000,70.00,342.76
9.7701,IMM-UKF,jink,0.500,4.00,0.050,1,0.600,1,7.5222,6.7973,-0.7248,1.2367,0.2664,0.1310,0.0814,6.0000,7.6081,1.8840,18.0417,0.5654,32.7203,-23.2228,33.4098,-22.4747,33.0696,-22.4899,35.9575,-22.7768,44.5947,-24.2461,0.6896,0.7480,0.3494,0.7328,3.2373,0.4460,39,0.1000,39,0,0.9849,0.0141,0.0009,4.5920,8.3061,-0.3022,1.5789,5.7885,0.0000,1,0.2633,0.0447,9.6704,0.0003,1.000,70.00,342.76
9.7801,IMM-UKF,jink,0.500,4.00,0.050,1,0.600,1,7.4856,6.7704,-0.7152,1.2551,0.2664,0.1310,0.0828,6.0000,7.6081,1.8831,19.4930,0.5666,32.6167,-23.3180,33.4098,-22.4747,33.0696,-22.4899,36.1159,-22.8364,44.9372,-24.4718,0.7931,0.8433,0.4529,0.8281,3.4992,0.4816,39,0.1100,39,0,0.9849,0.0141,0.0009,4.6344,8.3798,-0.3027,1.5094,5.8071,0.0000,1,0.2633,0.0447,9.6704,0.0003,1.000,70.00,342.76
9.7901,IMM-UKF,jink,0.500,4.00,0.050,1,0.600,1,7.4481,6.7422,-0.7059,1.2743,0.2664,0.1310,0.0841,6.0000,7.6081,1.8823,20.9974,0.5678,32.5067,-23.4173,33.4098,-22.4747,33.0696,-22.4899,36.2781,-22.9020,45.2960,-24.7084,0.9032,0.9426,0.5630,0.9274,3.7715,0.5153,39,0.1200,39,0,0.9849,0.0141,0.0009,4.6758,8.4532,-0.3028,1.4396,5.8247,0.0000,1,0.2633,0.0447,9.6704,0.0003,1.000,70.00,342.76
9.8001,IMM-UKF,jink,0.500,4.00,0.050,1,0.600,1,7.4097,6.7126,-0.6971,1.2942,0.2664,0.1310,0.0853,6.0000,7.6081,1.8815,22.5570,0.5690,32.3900,-23.5210,33.4098,-22.4747,33.0696,-22.4899,36.4445,-22.9737,45.6724,-24.9563,1.0198,1.0462,0.6796,1.0310,4.0545,0.5473,39,0.1300,39,0,0.9849,0.0141,0.0009,4.7161,8.5261,-0.3023,1.3696,5.8416,0.0000,1,0.2633,0.0447,9.6704,0.0003,1.000,70.00,342.76
9.8101,IMM-UKF,jink,0.500,4.00,0.050,1,0.600,1,7.3703,6.6816,-0.6887,1.3147,0.2664,0.1310,0.0865,6.0000,7.6081,1.8806,24.1744,0.5702,32.2667,-23.6290,33.4098,-22.4747,33.0696,-22.4899,36.6154,-23.0516,46.0674,-25.2161,1.1432,1.1542,0.8030,1.1390,4.3488,0.5773,39,0.1400,39,0,0.9849,0.0141,0.0009,4.7554,8.5987,-0.3013,1.2994,5.8576,0.0000,1,0.2633,0.0447,9.6704,0.0003,1.000,70.00,342.76
9.8201,IMM-UKF,jink,0.500,4.00,0.050,1,0.600,1,7.3301,6.6494,-0.6806,1.3361,0.2664,0.1310,0.0877,6.0000,7.6081,1.8797,25.8521,0.5715,32.1365,-23.7415,33.4098,-22.4747,33.0696,-22.4899,36.7913,-23.1361,46.4822,-25.4886,1.2733,1.2667,0.9331,1.2515,4.6548,0.6054,39,0.1500,39,0,0.9849,0.0141,0.0009,4.7936,8.6710,-0.2996,1.2290,5.8728,0.0000,1,0.2633,0.0447,9.6704,0.0003,1.000,70.00,342.76
9.8301,IMM-UKF,jink,0.500,4.00,0.050,1,0.600,1,7.2889,6.6160,-0.6729,1.3581,0.2664,0.1310,0.0888,6.0000,7.6081,1.8788,27.5925,0.5729,31.9994,-23.8587,33.4098,-22.4747,33.0696,-22.4899,36.9725,-23.2274,46.9181,-25.7746,1.4104,1.3839,1.0702,1.3687,4.9731,0.6313,39,0.1600,39,0,0.9849,0.0141,0.0009,4.8308,8.7429,-0.2972,1.1584,5.8871,0.0000,1,0.2633,0.0447,9.6704,0.0003,1.000,70.00,342.76
9.8401,IMM-UKF,jink,0.500,4.00,0.050,1,0.600,1,7.2469,6.5814,-0.6655,1.3809,0.2664,0.1310,0.0898,6.0000,7.6081,1.8780,29.3985,0.5743,31.8554,-23.9807,33.4098,-22.4747,33.0696,-22.4899,37.1595,-23.3257,47.3765,-26.0750,1.5544,1.5060,1.2142,1.4908,5.3041,0.6549,39,0.1700,39,0,0.9849,0.0141,0.0009,4.8668,8.8145,-0.2940,1.0877,5.9006,0.0000,1,0.2633,0.0447,9.6704,0.0003,1.000,70.00,342.76
9.8501,IMM-UKF,jink,0.500,4.00,0.050,1,0.600,1,7.2040,6.5457,-0.6583,1.4045,0.2664,0.1310,0.0908,6.0000,7.6081,1.8770,31.2729,0.5757,31.7042,-24.1077,33.4098,-22.4747,33.0696,-22.4899,37.3527,-23.4316,47.8587,-26.3909,1.7056,1.6330,1.3654,1.6178,5.6486,0.6761,39,0.1800,39,0,0.9849,0.0141,0.0009,4.9018,8.8857,-0.2900,1.0168,5.9132,0.0000,1,0.2633,0.0447,9.6704,0.0003,1.000,70.00,342.76
9.8601,IMM-UKF,jink,0.500,4.00,0.050,1,0.600,1,7.1602,6.5089,-0.6513,1.4288,0.2664,0.1310,0.0918,6.0000,7.6081,1.8762,33.2186,0.5772,31.5458,-24.2400,33.4098,-22.4747,33.0696,-22.4899,37.5527,-23.5455,48.3662,-26.7236,1.8641,1.7653,1.5239,1.7501,6.0069,0.6945,39,0.1900,39,0,0.9849,0.0141,0.0009,4.9356,8.9567,-0.2849,0.9458,5.9250,0.0000,1,0.2633,0.0447,9.6704,0.0003,1.000,70.00,342.76
9.8701,IMM-UKF,jink,0.500,4.00,0.050,1,0.600,1,7.1156,6.4711,-0.6444,1.4539,0.2664,0.1310,0.0927,6.0000,7.6081,1.8752,35.2388,0.5787,31.3799,-24.3777,33.4098,-22.4747,33.0696,-22.4899,37.7598,-23.6680,48.9007,-27.0749,2.0299,1.9029,1.6897,1.8877,6.3799,0.7097,39,0.2000,39,0,0.9849,0.0141,0.0009,4.9683,9.0273,-0.2786,0.8746,5.9359,0.0000,1,0.2633,0.0447,9.6704,0.0003,1.000,70.00,342.76
9.8801,IMM-UKF,jink,0.500,4.00,0.050,1,0.600,1,7.0701,6.4324,-0.6377,1.4797,0.2664,0.1310,0.0936,6.0000,7.6081,1.8743,37.3363,0.5802,31.2066,-24.5210,33.4098,-22.4747,33.0696,-22.4899,37.9746,-23.7998,49.4638,-27.4467,2.2033,2.0463,1.8630,2.0311,6.7680,0.7212,39,0.2100,39,0,0.9849,0.0141,0.0009,4.9999,9.0975,-0.2709,0.8033,5.9460,0.0000,1,0.2633,0.0447,9.6704,0.0003,1.000,70.00,342.76
9.8901,IMM-UKF,jink,0.500,4.00,0.050,1,0.600,1,7.0239,6.3929,-0.6310,1.5063,0.2664,0.1310,0.0945,6.0000,7.6081,1.8734,39.5144,0.5818,31.0256,-24.6702,33.4098,-22.4747,33.0696,-22.4899,38.1977,-23.9420,50.0572,-27.8419,2.3843,2.1955,2.0441,2.1803,7.1721,0.7283,39,0.2200,39,0,0.9849,0.0141,0.0009,5.0303,9.1675,-0.2614,0.7319,5.9552,0.0000,1,0.2633,0.0447,9.6704,0.0003,1.000,70.00,342.76
9.9001,IMM-UKF,jink,0.500,4.00,0.050,1,0.600,1,6.9768,6.3526,-0.6242,1.5337,0.2664,0.1310,0.0953,6.0000,7.6081,1.8724,41.7760,0.5834,30.8367,-24.8257,33.4098,-22.4747,33.0696,-22.4899,38.4296,-24.0958,50.6826,-28.2642,2.5731,2.3510,2.2329,2.3358,7.5928,0.7299,39,0.2300,39,0,0.9849,0.0141,0.0009,5.0594,9.2370,-0.2497,0.6604,5.9635,0.0000,1,0.2633,0.0447,9.6704,0.0003,1.000,70.00,342.76
9.9101,IMM-UKF,jink,0.500,4.00,0.050,1,0.600,1,6.9290,6.3118,-0.6173,1.5619,0.2664,0.1310,0.0960,6.0000,7.6081,1.8715,44.1239,0.5850,30.6399,-24.9878,33.4098,-22.4747,33.0696,-22.4899,38.6708,-24.2634,51.3416,-28.7191,2.7699,2.5131,2.4297,2.4979,8.0309,0.7244,39,0.2400,39,0,0.9849,0.0141,0.0009,5.0874,9.3062,-0.2352,0.5888,5.9710,0.0000,1,0.2633,0.0447,9.6704,0.0003,1.000,70.00,342.76
9.9201,IMM-UKF,jink,0.500,4.00,0.050,1,0.600,1,6.8805,6.2706,-0.6099,1.5908,0.2664,0.1310,0.0967,6.0000,7.6081,1.8706,46.5600,0.5866,30.4349,-25.1569,33.4098,-22.4747,33.0696,-22.4899,38.9219,-24.4475,52.0355,-29.2153,2.9749,2.6822,2.6347,2.6670,8.4870,0.7094,39,0.2500,39,0,0.9849,0.0141,0.0009,5.1139,9.3748,-0.2167,0.5171,5.9777,0.0000,1,0.2633,0.0447,9.6704,0.0003,1.000,70.00,342.76
9.9301,IMM-UKF,jink,0.500,4.00,0.050,1,0.600,1,6.8312,6.2295,-0.6018,1.6204,0.2664,0.1310,0.0974,6.0000,7.6081,1.8696,49.0850,0.5883,30.2215,-25.3337,33.4098,-22.4747,33.0696,-22.4899,39.1833,-24.6532,52.7649,-29.7671,3.1883,2.8589,2.8481,2.8438,8.9618,0.6805,39,0.2600,39,0,0.9849,0.0141,0.0009,5.1391,9.4426,-0.1924,0.4453,5.9835,0.0000,1,0.2633,0.0447,9.6704,0.0003,1.000,70.00,342.76
9.9401,IMM-UKF,jink,0.500,4.00,0.050,1,0.600,1,6.7814,6.1892,-0.5923,1.6508,0.2664,0.1310,0.0981,6.0000,7.6081,1.8686,51.6950,0.5899,29.9996,-25.5190,33.4098,-22.4747,33.0696,-22.4899,39.4550,-24.8898,53.5272,-30.4019,3.4103,3.0442,3.0701,3.0290,9.4555,0.6292,39,0.2700,39,0,0.9849,0.0141,0.0009,5.1623,9.5088,-0.1585,0.3735,5.9884,0.0000,1,0.2493,0.0575,9.6704,-0.0003,1.000,70.00,342.76
9.9501,IMM-UKF,jink,0.500,4.00,0.050,1,0.600,1,6.7311,6.1517,-0.5793,1.6819,0.2664,0.1310,0.0987,6.0000,7.6081,1.8677,54.3714,0.5915,29.7688,-25.7142,33.4098,-22.4747,33.0696,-22.4899,39.7353,-25.1782,54.3073,-31.1815,3.6410,3.2395,3.3008,3.2243,9.9665,0.5361,39,0.2800,39,0,0.9849,0.0141,0.0009,5.1825,9.5707,-0.1058,0.3016,5.9924,0.0000,1,0.2493,0.0575,9.6704,-0.0003,1.000,70.00,342.76
9.9601,IMM-UKF,jink,0.500,4.00,0.050,1,0.600,1,6.6807,6.1264,-0.5543,1.7136,0.2664,0.1310,0.0993,6.0000,7.6081,1.8667,57.0066,0.5930,29.5287,-25.9227,33.4098,-22.4747,33.0696,-22.4899,40.0083,-25.5773,54.9942,-32.2709,3.8811,3.4479,3.5409,3.4327,10.4795,0.3454,39,0.2900,39,0,0.9849,0.0141,0.0009,5.1917,9.6106,-0.0034,0.2297,5.9956,0.0000,1,0.2493,0.0575,9.6704,-0.0003,1.000,70.00,342.76
9.9701,IMM-UKF,jink,0.500,4.00,0.050,1,0.600,1,6.6325,6.1638,-0.4688,1.7461,0.2664,0.1310,0.0998,6.0000,7.6081,1.8656,58.8054,0.5942,29.2774,-26.1422,33.4098,-22.4747,33.0696,-22.4899,40.1127,-25.9322,54.5397,-33.0256,4.1325,3.6674,3.7922,3.6523,10.8353,0.2100,39,0.3000,39,0,0.9849,0.0141,0.0009,5.1174,9.4640,0.1679,0.1577,5.9979,0.0000,1,0.2493,0.0575,9.6704,-0.0003,1.000,70.00,342.76
9.9801,IMM-UKF,jink,0.500,4.00,0.050,1,0.600,1,6.5866,6.2117,-0.3749,1.7797,0.2664,0.1310,0.1003,6.0000,7.6081,1.8646,60.3646,0.5953,29.0137,-26.3616,33.4098,-22.4747,33.0696,-22.4899,40.1337,-25.9347,53.6540,-32.6345,4.3961,3.8868,4.0559,3.8716,11.1200,0.4269,39,0.3100,39,0,0.9849,0.0141,0.0009,5.0139,9.2462,0.2336,0.0857,5.9994,0.0000,1,0.2493,0.0575,9.6704,-0.0003,1.000,70.00,342.76
9.9901,IMM-UKF,jink,0.500,4.00,0.050,1,0.600,1,6.5430,6.2617,-0.2813,1.8140,0.2664,0.1310,0.1008,6.0000,7.6081,1.8635,61.9607,0.5963,28.7375,-26.5779,33.4098,-22.4747,33.0696,-22.4899,40.1322,-25.8390,52.7547,-31.9891,4.6723,4.1031,4.3321,4.0879,11.3947,0.7389,39,0.3200,39,0,0.9849,0.0141,0.0009,4.9088,9.0219,0.2679,0.0137,6.0000,0.0000,1,0.2493,0.0575,9.6704,-0.0003,1.000,70.00,342.76
10.0001,IMM-UKF,jink,0.500,4.00,0.050,1,0.600,1,6.5016,5.8698,-0.6318,1.1440,0.2635,0.1308,0.1041,6.0000,7.5979,1.7124,32.2417,0.5971,28.4488,-26.7896,29.9996,-25.5190,29.8000,-25.7412,34.2914,-25.6070,35.2048,-32.3357,1.5507,1.2707,1.3512,1.0484,5.8426,1.1826,40,0.0600,40,0,0.9864,0.0131,0.0005,4.8042,8.7958,0.2888,-0.0583,5.9997,0.0000,1,0.2493,0.0575,9.9399,-0.0003,1.000,70.00,342.76
10.0101,IMM-UKF,jink,0.500,4.00,0.050,1,0.600,1,6.4624,5.8643,-0.5981,1.1592,0.2635,0.1308,0.1045,6.0000,7.5979,1.7123,33.9220,0.5978,28.1475,-26.9960,29.9996,-25.5190,29.8000,-25.7412,34.2734,-25.6530,34.8688,-31.7007,1.8521,1.4770,1.6525,1.2547,6.1259,1.3430,40,0.0700,40,0,0.9864,0.0131,0.0005,4.7004,8.5688,0.3022,-0.1302,5.9986,0.0000,1,0.2493,0.0575,9.9399,-0.0003,1.000,70.00,342.76
10.0201,IMM-UKF,jink,0.500,4.00,0.050,1,0.600,1,6.4254,5.8632,-0.5622,1.1750,0.2635,0.1308,0.1049,6.0000,7.5979,1.7121,35.6512,0.5984,27.8335,-27.1961,29.9996,-25.5190,29.8000,-25.7412,34.2451,-25.6770,34.5300,-31.0373,2.1661,1.6771,1.9665,1.4548,6.4116,1.5190,40,0.0800,40,0,0.9864,0.0131,0.0005,4.5976,8.3410,0.3108,-0.2022,5.9966,0.0000,1,0.2493,0.0575,9.9399,-0.0003,1.000,70.00,342.76
10.0301,IMM-UKF,jink,0.500,4.00,0.050,1,0.600,1,6.3906,5.8665,-0.5240,1.1914,0.2635,0.1308,0.1053,6.0000,7.5979,1.7119,37.4308,0.5990,27.5069,-27.3894,29.9996,-25.5190,29.8000,-25.7412,34.2063,-25.6791,34.1892,-30.3554,2.4927,1.8704,2.2931,1.6481,6.6994,1.7103,40,0.0900,40,0,0.9864,0.0131,0.0005,4.4960,8.1127,0.3159,-0.2742,5.9937,0.0000,1,0.2493,0.0575,9.9399,-0.0003,1.000,70.00,342.76
10.0401,IMM-UKF,jink,0.500,4.00,0.050,1,0.600,1,6.3578,5.8741,-0.4837,1.2084,0.2635,0.1308,0.1056,6.0000,7.5979,1.7115,39.2623,0.5994,27.1677,-27.5753,29.9996,-25.5190,29.8000,-25.7412,34.1566,-25.6590,33.8471,-29.6615,2.8319,2.0563,2.6323,1.8340,6.9889,1.9163,40,0.1000,40,0,0.9864,0.0131,0.0005,4.3954,7.8838,0.3185,-0.3461,5.9900,0.0000,1,0.2493,0.0575,9.9399,-0.0003,1.000,70.00,342.76
10.0501,IMM-UKF,jink,0.500,4.00,0.050,1,0.600,1,6.3272,5.8861,-0.4411,1.2262,0.2635,0.1308,0.1059,6.0000,7.5979,1.7111,41.1467,0.5997,26.8160,-27.7533,29.9996,-25.5190,29.8000,-25.7412,34.0958,-25.6168,33.5041,-28.9604,3.1836,2.2343,2.9841,2.0121,7.2799,2.1365,40,0.1100,40,0,0.9864,0.0131,0.0005,4.2961,7.6544,0.3189,-0.4179,5.9854,0.0000,1,0.2493,0.0575,9.9399,-0.0003,1.000,70.00,342.76
10.0601,IMM-UKF,jink,0.500,4.00,0.050,1,0.600,1,6.2987,5.9024,-0.3963,1.2446,0.2635,0.1308,0.1062,6.0000,7.5979,1.7106,43.0850,0.6000,26.4518,-27.9230,29.9996,-25.5190,29.8000,-25.7412,34.0237,-25.5525,33.1607,-28.2557,3.5478,2.4040,3.3483,2.1817,7.5720,2.3705,40,0.1200,40,0,0.9864,0.0131,0.0005,4.1979,7.4245,0.3176,-0.4897,5.9800,0.0000,1,0.2493,0.0575,9.9399,-0.0003,1.000,70.00,342.76
10.0701,IMM-UKF,jink,0.500,4.00,0.050,1,0.600,1,6.2724,5.9230,-0.3493,1.2637,0.2635,0.1308,0.1064,6.0000,7.5979,1.7102,45.0772,0.6003,26.0752,-28.0838,29.9996,-25.5190,29.8000,-25.7412,33.9401,-25.4664,32.8173,-27.5503,3.9243,2.5649,3.7248,2.3426,7.8649,2.6174,40,0.1300,40,0,0.9864,0.0131,0.0005,4.1011,7.1940,0.3149,-0.5614,5.9737,0.0000,1,0.2493,0.0575,9.9399,-0.0003,1.000,70.00,342.76
10.0801,IMM-UKF,jink,0.500,4.00,0.050,1,0.600,1,6.2481,5.9480,-0.3002,1.2835,0.2635,0.1308,0.1066,6.0000,7.5979,1.7096,47.1235,0.6004,25.6865,-28.2354,29.9996,-25.5190,29.8000,-25.7412,33.8450,-25.3587,32.4740,-26.8467,4.3130,2.7164,4.1135,2.4942,8.1584,2.8767,40,0.1400,40,0,0.9864,0.0131,0.0005,4.0055,6.9630,0.3109,-0.6331,5.9665,0.0000,1,0.2493,0.0575,9.9399,-0.0003,1.000,70.00,342.76
10.0901,IMM-UKF,jink,0.500,4.00,0.050,1,0.600,1,6.2260,5.9772,-0.2487,1.3040,0.2635,0.1308,0.1069,6.0000,7.5979,1.7090,49.2231,0.6005,25.2859,-28.3774,29.9996,-25.5190,29.8000,-25.7412,33.7381,-25.2299,32.1311,-26.1468,4.7137,2.8584,4.5141,2.6361,8.4523,3.1475,40,0.1500,40,0,0.9864,0.0131,0.0005,3.9113,6.7315,0.3058,-0.7046,5.9585,0.0000,1,0.2493,0.0575,9.9399,-0.0003,1.000,70.00,342.76
10.1001,IMM-UKF,jink,0.500,4.00,0.050,1,0.600,1,6.2059,6.0108,-0.1951,1.3252,0.2635,0.1308,0.1071,6.0000,7.5979,1.7088,51.3748,0.6006,24.8736,-28.5093,29.9996,-25.5190,29.8000,-25.7412,33.6197,-25.0804,31.7889,-25.4525,5.1260,2.9903,4.9265,2.7681,8.7461,3.4289,40,0.1600,40,0,0.9864,0.0131,0.0005,3.8185,6.4995,0.2997,-0.7761,5.9496,0.0000,1,0.2493,0.0575,9.9399,-0.0003,1.000,70.00,342.76
10.1101,IMM-UKF,jink,0.500,4.00,0.050,1,0.600,1,6.1880,6.0487,-0.1392,1.3472,0.2635,0.1308,0.1074,6.0000,7.5979,1.7099,53.5754,0.6007,24.4501,-28.6309,29.9996,-25.5190,29.8000,-25.7412,33.4895,-24.9107,31.4475,-24.7650,5.5494,3.1119,5.3499,2.8896,9.0394,3.7202,40,0.1700,40,0,0.9864,0.0131,0.0005,3.7271,6.2669,0.2927,-0.8474,5.9399,0.0000,1,0.2493,0.0575,9.9399,-0.0003,1.000,70.00,342.76
10.1201,IMM-UKF,jink,0.500,4.00,0.050,1,0.600,1,6.1721,6.0910,-0.0811,1.3700,0.2635,0.1308,0.1076,6.0000,7.5979,1.7108,55.8251,0.6008,24.0155,-28.7417,29.9996,-25.5190,29.8000,-25.7412,33.3479,-24.7215,31.1070,-24.0858,5.9840,3.2228,5.7845,3.0005,9.3324,4.0202,40,0.1800,40,0,0.9864,0.0131,0.0005,3.6371,6.0338,0.2849,-0.9186,5.9293,0.0000,1,0.2493,0.0575,9.9399,-0.0003,1.000,70.00,342.76
10.1301,IMM-UKF,jink,0.500,4.00,0.050,1,0.600,1,6.1584,6.1374,-0.0210,1.3934,0.2635,0.1308,0.1079,6.0000,7.5979,1.7118,58.1212,0.6009,23.5700,-28.8416,29.9996,-25.5190,29.8000,-25.7412,33.1953,-24.5144,30.7687,-23.4185,6.4296,3.3227,6.2301,3.1004,9.6253,4.3272,40,0.1900,40,0,0.9864,0.0131,0.0005,3.5491,5.8011,0.2763,-0.9897,5.9178,0.0000,1,0.2493,0.0575,9.9399,-0.0003,1.000,70.00,342.76
10.1401,IMM-UKF,jink,0.500,4.00,0.050,1,0.600,1,6.1467,6.1877,0.0411,1.4176,0.2635,0.1308,0.1081,6.0000,7.5979,1.7126,60.4607,0.6008,23.1139,-28.9304,29.9996,-25.5190,29.8000,-25.7412,33.0326,-24.2914,30.4343,-22.7676,6.8857,3.4114,6.6862,3.1891,9.9187,4.6390,40,0.2000,40,0,0.9864,0.0131,0.0005,3.4635,5.5703,0.2670,-1.0607,5.9055,0.0000,1,0.2493,0.0575,9.9399,-0.0003,1.000,70.00,342.76
10.1501,IMM-UKF,jink,0.500,4.00,0.050,1,0.600,1,6.1370,6.2419,0.1048,1.4426,0.2635,0.1308,0.1083,6.0000,7.5979,1.7133,62.8397,0.6008,22.6476,-29.0079,29.9996,-25.5190,29.8000,-25.7412,32.8602,-24.0535,30.1036,-22.1333,7.3520,3.4889,7.1524,3.2666,10.2126,4.9543,40,0.2100,40,0,0.9864,0.0131,0.0005,3.3803,5.3414,0.2572,-1.1314,5.8924,0.0000,1,0.2493,0.0575,9.9399,-0.0003,1.000,70.00,342.76
10.1601,IMM-UKF,jink,0.500,4.00,0.050,1,0.600,1,6.1294,6.2998,0.1704,1.4683,0.2635,0.1308,0.1085,6.0000,7.5979,1.7140,65.2544,0.6007,22.1716,-29.0739,29.9996,-25.5190,29.8000,-25.7412,32.6785,-23.8018,29.7766,-21.5153,7.8280,3.5550,7.6285,3.3327,10.5069,5.2722,40,0.2200,40,0,0.9864,0.0131,0.0005,3.2996,5.1144,0.2467,-1.2021,5.8784,0.0000,1,0.2493,0.0575,9.9399,-0.0003,1.000,70.00,342.76
10.1701,IMM-UKF,jink,0.500,4.00,0.050,1,0.600,1,6.1238,6.3615,0.2377,1.4947,0.2635,0.1308,0.1087,6.0000,7.5979,1.7145,67.7011,0.6005,21.6862,-29.1285,29.9996,-25.5190,29.8000,-25.7412,32.4878,-23.5372,29.4529,-20.9138,8.3134,3.6096,8.1139,3.3873,10.8017,5.5913,40,0.2300,40,0,0.9864,0.0131,0.0005,3.2212,4.8893,0.2358,-1.2725,5.8635,0.0000,1,0.2493,0.0575,9.9399,-0.0003,1.000,70.00,342.76
10.1801,IMM-UKF,jink,0.500,4.00,0.050,1,0.600,1,6.1202,6.4269,0.3067,1.5218,0.2635,0.1308,0.1089,6.0000,7.5979,1.7150,70.1752,0.6002,21.1919,-29.1716,29.9996,-25.5190,29.8000,-25.7412,32.2886,-23.2608,29.1325,-20.3284,8.8076,3.6526,8.6081,3.4304,11.0967,5.9108,40,0.2400,40,0,0.9864,0.0131,0.0005,3.1453,4.6660,0.2244,-1.3428,5.8478,0.0000,1,0.2493,0.0575,9.9399,-0.0003,1.000,70.00,342.76
10.1901,IMM-UKF,jink,0.500,4.00,0.050,1,0.600,1,6.1186,6.4959,0.3773,1.5497,0.2635,0.1308,0.1090,6.0000,7.5979,1.7154,72.6723,0.6000,20.6893,-29.2031,29.9996,-25.5190,29.8000,-25.7412,32.0813,-22.9735,28.8152,-19.7589,9.3103,3.6841,9.1107,3.4618,11.3920,6.2295,40,0.2500,40,0,0.9864,0.0131,0.0005,3.0719,4.4446,0.2125,-1.4129,5.8313,0.0000,1,0.2558,0.0451,9.9399,-0.0018,1.000,70.00,342.76
10.2001,IMM-UKF,jink,0.500,4.00,0.050,1,0.600,1,6.1189,6.5685,0.4496,1.5783,0.2635,0.1308,0.1092,6.0000,7.5979,1.7157,75.1885,0.5996,20.1787,-29.2230,29.9996,-25.5190,29.8000,-25.7412,31.8663,-22.6765,28.5007,-19.2050,9.8208,3.7040,9.6213,3.4817,11.6876,6.5465,40,0.2600,40,0,0.9864,0.0131,0.0005,3.0008,4.2250,0.2002,-1.4827,5.8139,0.0000,1,0.2558,0.0451,9.9399,-0.0018,1.000,70.00,342.76
10.2101,IMM-UKF,jink,0.500,4.00,0.050,1,0.600,1,6.1211,6.6446,0.5235,1.6076,0.2635,0.1308,0.1093,6.0000,7.5979,1.7160,77.7192,0.5993,19.6607,-29.2313,29.9996,-25.5190,29.8000,-25.7412,31.6440,-22.3705,28.1891,-18.6664,10.3388,3.7123,10.1393,3.4900,11.9832,6.8608,40,0.2700,40,0,0.9864,0.0131,0.0005,2.9321,4.0073,0.1874,-1.5524,5.7957,0.0000,1,0.2558,0.0451,9.9399,-0.0018,1.000,70.00,342.76
10.2201,IMM-UKF,jink,0.500,4.00,0.050,1,0.600,1,6.1253,6.7243,0.5990,1.6376,0.2635,0.1308,0.1094,6.0000,7.5979,1.7162,80.2599,0.5990,19.1358,-29.2280,29.9996,-25.5190,29.8000,-25.7412,31.4148,-22.0565,27.8801,-18.1427,10.8637,3.7090,10.6642,3.4867,12.2789,7.1714,40,0.2800,40,0,0.9864,0.0131,0.0005,2.8658,3.7914,0.1742,-1.6218,5.7766,0.0000,1,0.2558,0.0451,9.9399,-0.0018,1.000,70.00,342.76
10.2301,IMM-UKF,jink,0.500,4.00,0.050,1,0.600,1,6.1314,6.8074,0.6760,1.6683,0.2635,0.1308,0.1096,6.0000,7.5979,1.7164,82.8066,0.5986,18.6045,-29.2132,29.9996,-25.5190,29.8000,-25.7412,31.1791,-21.7355,27.5736,-17.6335,11.3950,3.6943,11.1955,3.4720,12.5746,7.4777,40,0.2900,40,0,0.9864,0.0131,0.0005,2.8019,3.5774,0.1605,-1.6910,5.7568,0.0000,1,0.2558,0.0451,9.9399,-0.0018,1.000,70.00,342.76
10.2401,IMM-UKF,jink,0.500,4.00,0.050,1,0.600,1,6.1394,5.9118,-0.2277,1.1464,0.2677,0.1366,0.1055,6.0000,5.9015,0.7186,35.0112,0.5982,18.0674,-29.1870,20.6893,-29.2031,20.8253,-29.2262,24.6533,-30.3469,13.3343,-34.5835,2.6219,-0.0160,2.7579,-0.0391,6.5860,-1.1599,41,0.0500,41,0,0.9375,0.0541,0.0084,2.7403,3.3652,0.1465,-1.7600,5.7361,0.0000,1,0.2558,0.0451,10.1883,-0.0018,1.000,70.00,342.76
10.2501,IMM-UKF,jink,0.500,4.00,0.050,1,0.600,1,6.1493,5.9441,-0.2052,1.1621,0.2677,0.1366,0.1056,6.0000,5.9015,0.7179,36.4559,0.5978,17.5249,-29.1496,20.6893,-29.2031,20.8253,-29.2262,24.3739,-30.3862,13.1914,-34.0376,3.1644,-0.0535,3.3004,-0.0766,6.8490,-1.2367,41,0.0600,41,0,0.9375,0.0541,0.0084,2.6811,3.1549,0.1320,-1.8287,5.7145,0.0000,1,0.2558,0.0451,10.1883,-0.0018,1.000,70.00,342.76
10.2601,IMM-UKF,jink,0.500,4.00,0.050,1,0.600,1,6.1611,5.9800,-0.1811,1.1784,0.2677,0.1366,0.1057,6.0000,5.9015,0.7185,37.8915,0.5972,16.9774,-29.1009,20.6893,-29.2031,20.8253,-29.2262,24.0890,-30.4018,13.0470,-33.4932,3.7120,-0.1022,3.8479,-0.1253,7.1117,-1.3009,41,0.0700,41,0,0.9375,0.0541,0.0084,2.6242,2.9464,0.1171,-1.8971,5.6922,0.0000,1,0.2558,0.0451,10.1883,-0.0018,1.000,70.00,342.76
10.2701,IMM-UKF,jink,0.500,4.00,0.050,1,0.600,1,6.1747,6.0193,-0.1554,1.1954,0.2677,0.1366,0.1059,6.0000,5.9015,0.7192,39.3166,0.5966,16.4256,-29.0412,20.6893,-29.2031,20.8253,-29.2262,23.7992,-30.3943,12.9010,-32.9511,4.2638,-0.1619,4.3997,-0.1850,7.3736,-1.3531,41,0.0800,41,0,0.9375,0.0541,0.0084,2.5696,2.7397,0.1018,-1.9653,5.6690,0.0000,1,0.2558,0.0451,10.1883,-0.0018,1.000,70.00,342.76
10.2801,IMM-UKF,jink,0.500,4.00,0.050,1,0.600,1,6.1902,6.0620,-0.1282,1.2132,0.2677,0.1366,0.1060,6.0000,5.9015,0.7199,40.7311,0.5960,15.8700,-28.9706,20.6893,-29.2031,20.8253,-29.2262,23.5046,-30.3643,12.7534,-32.4117,4.8193,-0.2325,4.9552,-0.2556,7.6346,-1.3937,41,0.0900,41,0,0.9375,0.0541,0.0084,2.5173,2.5349,0.0861,-2.0332,5.6450,0.0000,1,0.2558,0.0451,10.1883,-0.0018,1.000,70.00,342.76
10.2901,IMM-UKF,jink,0.500,4.00,0.050,1,0.600,1,6.2075,6.1080,-0.0995,1.2316,0.2677,0.1366,0.1062,6.0000,5.9015,0.7206,42.1354,0.5953,15.3114,-28.8893,20.6893,-29.2031,20.8253,-29.2262,23.2058,-30.3127,12.6040,-31.8757,5.3779,-0.3138,5.5139,-0.3369,7.8945,-1.4234,41,0.1000,41,0,0.9375,0.0541,0.0084,2.4673,2.3320,0.0699,-2.1008,5.6202,0.0000,1,0.2558,0.0451,10.1883,-0.0018,1.000,70.00,342.76
10.3001,IMM-UKF,jink,0.500,4.00,0.050,1,0.600,1,6.2266,6.1572,-0.0694,1.2508,0.2677,0.1366,0.1063,6.0000,5.9015,0.7213,43.5302,0.5946,14.7500,-28.7975,20.6893,-29.2031,20.8253,-29.2262,22.9031,-30.2401,12.4528,-31.3434,5.9393,-0.4056,6.0753,-0.4287,8.1530,-1.4426,41,0.1100,41,0,0.9375,0.0541,0.0084,2.4195,2.1309,0.0532,-2.1681,5.5946,0.0000,1,0.2558,0.0451,10.1883,-0.0018,1.000,70.00,342.76
10.3101,IMM-UKF,jink,0.500,4.00,0.050,1,0.600,1,6.2476,6.2097,-0.0379,1.2707,0.2677,0.1366,0.1064,6.0000,5.9015,0.7220,44.9164,0.5940,14.1866,-28.6955,20.6893,-29.2031,20.8253,-29.2262,22.5967,-30.1474,12.2997,-30.8152,6.5027,-0.5076,6.6387,-0.5307,8.4101,-1.4520,41,0.1200,41,0,0.9375,0.0541,0.0084,2.3740,1.9316,0.0360,-2.2350,5.5682,0.0000,1,0.2558,0.0451,10.1883,-0.0018,1.000,70.00,342.76
10.3201,IMM-UKF,jink,0.500,4.00,0.050,1,0.600,1,6.2703,6.2652,-0.0051,1.2914,0.2677,0.1366,0.1065,6.0000,5.9015,0.7226,46.2951,0.5932,13.6215,-28.5834,20.6893,-29.2031,20.8253,-29.2262,22.2871,-30.0354,12.1449,-30.2914,7.0678,-0.6197,7.2038,-0.6428,8.6656,-1.4520,41,0.1300,41,0,0.9375,0.0541,0.0084,2.3306,1.7342,0.0183,-2.3017,5.5410,0.0000,1,0.2558,0.0451,10.1883,-0.0018,1.000,70.00,342.76
10.3301,IMM-UKF,jink,0.500,4.00,0.050,1,0.600,1,6.2948,6.3239,0.0291,1.3129,0.2677,0.1366,0.1067,6.0000,5.9015,0.7233,47.6669,0.5924,13.0553,-28.4615,20.6893,-29.2031,20.8253,-29.2262,21.9747,-29.9048,11.9882,-29.7721,7.6340,-0.7416,7.7700,-0.7647,8.9194,-1.4433,41,0.1400,41,0,0.9375,0.0541,0.0084,2.2895,1.5387,-0.0000,-2.3680,5.5129,0.0000,1,0.2558,0.0451,10.1883,-0.0018,1.000,70.00,342.76
10.3401,IMM-UKF,jink,0.500,4.00,0.050,1,0.600,1,6.3211,6.3856,0.0645,1.3351,0.2677,0.1366,0.1068,6.0000,5.9015,0.7240,49.0331,0.5916,12.4884,-28.3300,20.6893,-29.2031,20.8253,-29.2262,21.6597,-29.7564,11.8297,-29.2575,8.2009,-0.8731,8.3369,-0.8962,9.1713,-1.4264,41,0.1500,41,0,0.9375,0.0541,0.0084,2.2505,1.3450,-0.0190,-2.4340,5.4841,0.0000,1,0.2558,0.0451,10.1883,-0.0018,1.000,70.00,342.76
10.3501,IMM-UKF,jink,0.500,4.00,0.050,1,0.600,1,6.3492,6.4502,0.1011,1.3581,0.2677,0.1366,0.1069,6.0000,5.9015,0.7247,50.3944,0.5908,11.9214,-28.1892,20.6893,-29.2031,20.8253,-29.2262,21.3425,-29.5911,11.6694,-28.7475,8.7679,-1.0139,8.9039,-1.0370,9.4211,-1.4018,41,0.1600,41,0,0.9375,0.0541,0.0084,2.2136,1.1532,-0.0386,-2.4996,5.4545,0.0000,1,0.2558,0.0451,10.1883,-0.0018,1.000,70.00,342.76
10.3601,IMM-UKF,jink,0.500,4.00,0.050,1,0.600,1,6.3789,6.5178,0.1389,1.3820,0.2677,0.1366,0.1070,6.0000,5.9015,0.7254,51.7517,0.5899,11.3546,-28.0394,20.6893,-29.2031,20.8253,-29.2262,21.0235,-29.4095,11.5073,-28.2421,9.3347,-1.1637,9.4707,-1.1868,9.6689,-1.3701,41,0.1700,41,0,0.9375,0.0541,0.0084,2.1788,0.9634,-0.0591,-2.5649,5.4241,0.0000,1,0.2558,0.0451,10.1883,-0.0018,1.000,70.00,342.76
10.3701,IMM-UKF,jink,0.500,4.00,0.050,1,0.600,1,6.4105,6.5882,0.1777,1.4066,0.2677,0.1366,0.1071,6.0000,5.9015,0.7261,53.1054,0.5890,10.7886,-27.8808,20.6893,-29.2031,20.8253,-29.2262,20.7030,-29.2124,11.3436,-27.7410,9.9007,-1.3222,10.0367,-1.3453,9.9144,-1.3316,41,0.1800,41,0,0.9375,0.0541,0.0084,2.1462,0.7754,-0.0805,-2.6298,5.3930,0.0000,1,0.2558,0.0451,10.1883,-0.0018,1.000,70.00,342.76
10.3801,IMM-UKF,jink,0.500,4.00,0.050,1,0.600,1,6.4437,6.6614,0.2177,1.4320,0.2677,0.1366,0.1072,6.0000,5.9015,0.7268,54.4563,0.5880,10.2237,-27.7137,20.6893,-29.2031,20.8253,-29.2262,20.3812,-29.0004,11.1781,-27.2438,10.4656,-1.4893,10.6016,-1.5124,10.1576,-1.2866,41,0.1900,41,0,0.9375,0.0541,0.0084,2.1155,0.5894,-0.1029,-2.6943,5.3610,0.0000,1,0.2558,0.0451,10.1883,-0.0018,1.000,70.00,342.76
10.3901,IMM-UKF,jink,0.500,4.00,0.050,1,0.600,1,6.4786,6.7373,0.2586,1.4582,0.2677,0.1366,0.1074,6.0000,5.9015,0.7275,55.8047,0.5870,9.6603,-27.5384,20.6893,-29.2031,20.8253,-29.2262,20.0586,-28.7739,11.0112,-26.7500,11.0290,-1.6647,11.1650,-1.6878,10.3983,-1.2355,41,0.2000,41,0,0.9375,0.0541,0.0084,2.0869,0.4054,-0.1266,-2.7585,5.3283,0.0000,1,0.2558,0.0451,10.1883,-0.0018,1.000,70.00,342.76
10.4001,IMM-UKF,jink,0.500,4.00,0.050,1,0.600,1,6.5153,6.8158,0.3005,1.4851,0.2677,0.1366,0.1075,6.0000,5.9015,0.7282,57.1512,0.5859,9.0988,-27.3551,20.6893,-29.2031,20.8253,-29.2262,19.7354,-28.5334,10.8427,-26.2586,11.5905,-1.8480,11.7265,-1.8711,10.6365,-1.1783,41,0.2100,41,0,0.9375,0.0541,0.0084,2.0602,0.2234,-0.1518,-2.8222,5.2948,0.0000,1,0.2558,0.0451,10.1883,-0.0018,1.000,70.00,342.76
10.4101,IMM-UKF,jink,0.500,4.00,0.050,1,0.600,1,6.5535,6.8968,0.3433,1.5129,0.2677,0.1366,0.1076,6.0000,5.9015,0.7289,58.4963,0.5848,8.5396,-27.1640,20.6893,-29.2031,20.8253,-29.2262,19.4119,-28.2789,10.6730,-25.7683,12.1497,-2.0391,12.2857,-2.0622,10.8723,-1.1149,41,0.2200,41,0,0.9375,0.0541,0.0084,2.0355,0.0435,-0.1789,-2.8856,5.2606,0.0000,1,0.2558,0.0451,10.1883,-0.0018,1.000,70.00,342.76
10.4201,IMM-UKF,jink,0.500,4.00,0.050,1,0.600,1,6.5934,6.9802,0.3867,1.5414,0.2677,0.1366,0.1077,6.0000,5.9015,0.7296,59.8403,0.5836,7.9831,-26.9653,20.6893,-29.2031,20.8253,-29.2262,19.0885,-28.0102,10.5020,-25.2772,12.7062,-2.2378,12.8422,-2.2609,11.1054,-1.0449,41,0.2300,41,0,0.9375,0.0541,0.0084,2.0127,-0.1342,-0.2085,-2.9485,5.2256,0.0000,1,0.2558,0.0451,10.1883,-0.0018,1.000,70.00,342.76
10.4301,IMM-UKF,jink,0.500,4.00,0.050,1,0.600,1,6.6349,7.0657,0.4308,1.5707,0.2677,0.1366,0.1078,6.0000,5.9015,0.7303,61.1844,0.5824,7.4295,-26.7591,20.6893,-29.2031,20.8253,-29.2262,18.7656,-27.7265,10.3302,-24.7821,13.2598,-2.4440,13.3958,-2.4671,11.3362,-0.9674,41,0.2400,41,0,0.9375,0.0541,0.0084,1.9918,-0.3094,-0.2415,-3.0110,5.1898,0.0000,1,0.2558,0.0451,10.1883,-0.0018,1.000,70.00,342.76
10.4401,IMM-UKF,jink,0.500,4.00,0.050,1,0.600,1,6.6780,7.1530,0.4750,1.6008,0.2677,0.1366,0.1079,6.0000,5.9015,0.7310,62.5304,0.5812,6.8791,-26.5456,20.6893,-29.2031,20.8253,-29.2262,18.4438,-27.4257,10.1579,-24.2777,13.8102,-2.6575,13.9462,-2.6806,11.5647,-0.8802,41,0.2500,41,0,0.9375,0.0541,0.0084,1.9727,-0.4818,-0.2793,-3.0730,5.1533,0.0000,1,0.2558,0.0451,10.1883,-0.0018,1.000,70.00,342.76
10.4501,IMM-UKF,jink,0.500,4.00,0.050,1,0.600,1,6.7226,7.2415,0.5189,1.6316,0.2677,0.1366,0.1081,6.0000,5.9015,0.7317,63.8831,0.5798,6.3323,-26.3244,20.6893,-29.2031,20.8253,-29.2262,18.1240,-27.1035,9.9860,-23.7542,14.3570,-2.8786,14.4930,-2.9017,11.7917,-0.7791,41,0.2600,41,0,0.9375,0.0541,0.0084,1.9554,-0.6503,-0.3250,-3.1346,5.1161,0.0000,1,0.2803,0.0410,10.1883,-0.0014,1.000,70.00,342.76
10.4601,IMM-UKF,jink,0.500,4.00,0.050,1,0.600,1,6.7685,7.3295,0.5609,1.6632,0.2677,0.1366,0.1082,6.0000,5.9015,0.7324,65.2563,0.5785,5.7893,-26.0952,20.6893,-29.2031,20.8253,-29.2262,17.8086,-26.7494,9.8172,-23.1894,14.9000,-3.1078,15.0359,-3.1309,12.0193,-0.6541,41,0.2700,41,0,0.9375,0.0541,0.0084,1.9397,-0.8122,-0.3851,-3.1958,5.0781,0.0000,1,0.2803,0.0410,10.1883,-0.0014,1.000,70.00,342.76
10.4701,IMM-UKF,jink,0.500,4.00,0.050,1,0.600,1,6.8155,7.4108,0.5953,1.6957,0.2677,0.1366,0.1083,6.0000,5.9015,0.7332,66.7173,0.5772,5.2507,-25.8563,20.6893,-29.2031,20.8253,-29.2262,17.5090,-26.3334,9.6641,-22.5213,15.4386,-3.3468,15.5746,-3.3699,12.2583,-0.4770,41,0.2800,41,0,0.9375,0.0541,0.0084,1.9251,-0.9540,-0.4807,-3.2565,5.0394,0.0000,1,0.2803,0.0410,10.1883,-0.0014,1.000,70.00,342.76
10.4801,IMM-UKF,jink,0.500,4.00,0.050,1,0.600,1,6.8618,7.4439,0.5821,1.7296,0.2677,0.1366,0.1084,6.0000,5.9015,0.7339,68.9413,0.5760,4.7183,-25.6079,20.6893,-29.2031,20.8253,-29.2262,17.3459,-25.8944,9.6645,-21.7940,15.9710,-3.5952,16.1070,-3.6183,12.6275,-0.2865,41,0.2900,41,0,0.9375,0.0541,0.0084,1.9054,-0.9330,-0.6555,-3.3167,4.9999,0.0000,1,0.2803,0.0410,10.1883,-0.0014,1.000,70.00,342.76
10.4901,IMM-UKF,jink,0.500,4.00,0.050,1,0.600,1,6.9064,7.4511,0.5447,1.7642,0.2677,0.1366,0.1085,6.0000,5.9015,0.7347,71.9133,0.5748,4.1938,-25.3646,20.6893,-29.2031,20.8253,-29.2262,17.3282,-25.8329,9.8292,-21.7849,16.4955,-3.8385,16.6315,-3.8616,13.1344,-0.4684,41,0.3000,41,0,0.9375,0.0541,0.0084,1.8779,-0.7549,-0.7111,-3.3765,4.9598,0.0000,1,0.2803,0.0410,10.1883,-0.0014,1.000,70.00,342.76
10.5001,IMM-UKF,jink,0.500,4.00,0.050,1,0.600,1,6.9495,6.3059,-0.6437,1.1910,0.2706,0.1364,0.1058,6.0000,4.8733,1.4003,21.5570,0.5737,3.6768,-25.1297,6.3323,-26.3244,6.3972,-26.5520,7.6517,-25.1170,-4.3160,-17.7161,2.6555,-1.1947,2.7204,-1.4223,3.9749,0.0127,42,0.0500,42,0,0.9698,0.0293,0.0009,1.8487,-0.5687,-0.7231,-3.4358,4.9189,0.0000,1,0.2803,0.0410,10.4487,-0.0014,1.000,70.00,342.76
10.5101,IMM-UKF,jink,0.500,4.00,0.050,1,0.600,1,6.9920,6.3402,-0.6518,1.2075,0.2706,0.1364,0.1049,6.0000,4.8733,1.3987,22.6154,0.5734,3.1778,-24.9011,6.3323,-26.3244,6.3972,-26.5520,7.3403,-24.9717,-4.4186,-17.8320,3.1545,-1.4233,3.2194,-1.6508,4.1625,-0.0706,42,0.0600,42,0,0.9698,0.0293,0.0009,1.8190,-0.3834,-0.7181,-3.3765,4.9598,0.0000,1,0.2803,0.0410,10.4487,-0.0014,1.000,70.00,342.76
10.5201,IMM-UKF,jink,0.500,4.00,0.050,1,0.600,1,7.0337,6.3719,-0.6619,1.2246,0.2706,0.1364,0.1038,6.0000,4.8733,1.3972,23.6772,0.5731,2.6954,-24.6793,6.3323,-26.3244,6.3972,-26.5520,7.0435,-24.8454,-4.5180,-17.9811,3.6369,-1.6451,3.7018,-1.8727,4.3481,-0.1661,42,0.0700,42,0,0.9698,0.0293,0.0009,1.7887,-0.2000,-0.7060,-3.3167,4.9999,0.0000,1,0.2803,0.0410,10.4487,-0.0014,1.000,70.00,342.76
10.5301,IMM-UKF,jink,0.500,4.00,0.050,1,0.600,1,7.0748,6.4008,-0.6740,1.2424,0.2706,0.1364,0.1025,6.0000,4.8733,1.3958,24.7442,0.5729,2.2290,-24.4645,6.3323,-26.3244,6.3972,-26.5520,6.7606,-24.7371,-4.6141,-18.1528,4.1033,-1.8600,4.1682,-2.0875,4.5317,-0.2727,42,0.0800,42,0,0.9698,0.0293,0.0009,1.7581,-0.0187,-0.6899,-3.2565,5.0394,0.0000,1,0.2803,0.0410,10.4487,-0.0014,1.000,70.00,342.76
10.5401,IMM-UKF,jink,0.500,4.00,0.050,1,0.600,1,7.1152,6.4271,-0.6881,1.2607,0.2706,0.1364,0.1016,6.0000,4.8733,1.3969,25.8277,0.5721,1.7761,-24.2566,6.3323,-26.3244,6.3972,-26.5520,6.4908,-24.6461,-4.7071,-18.3427,4.5562,-2.0678,4.6211,-2.2954,4.7147,-0.3895,42,0.0900,42,0,0.9698,0.0293,0.0009,1.7271,0.1606,-0.6715,-3.1958,5.0781,0.0000,1,0.2803,0.0410,10.4487,-0.0014,1.000,70.00,342.76
10.5501,IMM-UKF,jink,0.500,4.00,0.050,1,0.600,1,7.1549,6.4508,-0.7041,1.2797,0.2706,0.1364,0.1005,6.0000,4.8733,1.3978,26.9187,0.5710,1.3383,-24.0558,6.3323,-26.3244,6.3972,-26.5520,6.2336,-24.5717,-4.7970,-18.5483,4.9940,-2.2686,5.0589,-2.4962,4.8953,-0.5159,42,0.1000,42,0,0.9698,0.0293,0.0009,1.6957,0.3380,-0.6516,-3.1346,5.1161,0.0000,1,0.2803,0.0410,10.4487,-0.0014,1.000,70.00,342.76
10.5601,IMM-UKF,jink,0.500,4.00,0.050,1,0.600,1,7.1939,6.4718,-0.7220,1.2994,0.2706,0.1364,0.0996,6.0000,4.8733,1.3971,28.0124,0.5702,0.9161,-23.8620,6.3323,-26.3244,6.3972,-26.5520,5.9883,-24.5134,-4.8839,-18.7684,5.4162,-2.4625,5.4811,-2.6900,5.0723,-0.6515,42,0.1100,42,0,0.9698,0.0293,0.0009,1.6640,0.5134,-0.6306,-3.0730,5.1533,0.0000,1,0.2803,0.0410,10.4487,-0.0014,1.000,70.00,342.76
10.5701,IMM-UKF,jink,0.500,4.00,0.050,1,0.600,1,7.2320,6.4903,-0.7418,1.3199,0.2706,0.1364,0.0987,6.0000,4.8733,1.3955,29.1126,0.5697,0.5086,-23.6750,6.3323,-26.3244,6.3972,-26.5520,5.7545,-24.4709,-4.9679,-19.0021,5.8237,-2.6495,5.8886,-2.8770,5.2459,-0.7959,42,0.1200,42,0,0.9698,0.0293,0.0009,1.6321,0.6870,-0.6090,-3.0110,5.1898,0.0000,1,0.2803,0.0410,10.4487,-0.0014,1.000,70.00,342.76
10.5801,IMM-UKF,jink,0.500,4.00,0.050,1,0.600,1,7.2695,6.5061,-0.7633,1.3410,0.2706,0.1364,0.0976,6.0000,4.8733,1.3939,30.2243,0.5691,0.1148,-23.4948,6.3323,-26.3244,6.3972,-26.5520,5.5316,-24.4437,-5.0490,-19.2491,6.2175,-2.8296,6.2824,-3.0572,5.4168,-0.9489,42,0.1300,42,0,0.9698,0.0293,0.0009,1.5999,0.8587,-0.5868,-2.9485,5.2256,0.0000,1,0.2803,0.0410,10.4487,-0.0014,1.000,70.00,342.76
10.5901,IMM-UKF,jink,0.500,4.00,0.050,1,0.600,1,7.3061,6.5195,-0.7866,1.3629,0.2706,0.1364,0.0965,6.0000,4.8733,1.3925,31.3488,0.5687,-0.2658,-23.3213,6.3323,-26.3244,6.3972,-26.5520,5.3192,-24.4315,-5.1272,-19.5092,6.5981,-3.0031,6.6630,-3.2306,5.5851,-1.1102,42,0.1400,42,0,0.9698,0.0293,0.0009,1.5675,1.0286,-0.5644,-2.8856,5.2606,0.0000,1,0.2803,0.0410,10.4487,-0.0014,1.000,70.00,342.76
10.6001,IMM-UKF,jink,0.500,4.00,0.050,1,0.600,1,7.3419,6.5303,-0.8116,1.3855,0.2706,0.1364,0.0952,6.0000,4.8733,1.3911,32.4874,0.5683,-0.6337,-23.1545,6.3323,-26.3244,6.3972,-26.5520,5.1169,-24.4339,-5.2027,-19.7822,6.9660,-3.1700,7.0309,-3.3975,5.7506,-1.2794,42,0.1500,42,0,0.9698,0.0293,0.0009,1.5349,1.1967,-0.5418,-2.8222,5.2948,0.0000,1,0.2803,0.0410,10.4487,-0.0014,1.000,70.00,342.76
10.6101,IMM-UKF,jink,0.500,4.00,0.050,1,0.600,1,7.3768,6.5386,-0.8382,1.4089,0.2706,0.1364,0.0938,6.0000,4.8733,1.3898,33.6410,0.5679,-0.9891,-22.9941,6.3323,-26.3244,6.3972,-26.5520,4.9243,-24.4507,-5.2755,-20.0682,7.3214,-3.3303,7.3863,-3.5579,5.9135,-1.4566,42,0.1600,42,0,0.9698,0.0293,0.0009,1.5022,1.3630,-0.5191,-2.7585,5.3283,0.0000,1,0.2803,0.0410,10.4487,-0.0014,1.000,70.00,342.76
10.6201,IMM-UKF,jink,0.500,4.00,0.050,1,0.600,1,7.4110,6.5445,-0.8665,1.4331,0.2706,0.1364,0.0924,6.0000,4.8733,1.3885,34.8110,0.5676,-1.3325,-22.8401,6.3323,-26.3244,6.3972,-26.5520,4.7410,-24.4816,-5.3457,-20.3674,7.6648,-3.4843,7.7297,-3.7119,6.0735,-1.6415,42,0.1700,42,0,0.9698,0.0293,0.0009,1.4694,1.5277,-0.4963,-2.6943,5.3610,0.0000,1,0.2803,0.0410,10.4487,-0.0014,1.000,70.00,342.76
10.6301,IMM-UKF,jink,0.500,4.00,0.050,1,0.600,1,7.4442,6.5480,-0.8962,1.4580,0.2706,0.1364,0.0908,6.0000,4.8733,1.3874,35.9988,0.5673,-1.6642,-22.6924,6.3323,-26.3244,6.3972,-26.5520,4.5668,-24.5264,-5.4133,-20.6798,7.9964,-3.6320,8.0614,-3.8595,6.2309,-1.8340,42,0.1800,42,0,0.9698,0.0293,0.0009,1.4364,1.6906,-0.4736,-2.6298,5.3930,0.0000,1,0.2803,0.0410,10.4487,-0.0014,1.000,70.00,342.76
10.6401,IMM-UKF,jink,0.500,4.00,0.050,1,0.600,1,7.4766,6.5491,-0.9275,1.4838,0.2706,0.1364,0.0891,6.0000,4.8733,1.3863,37.2055,0.5670,-1.9844,-22.5509,6.3323,-26.3244,6.3972,-26.5520,4.4012,-24.5849,-5.4784,-21.0057,8.3167,-3.7736,8.3816,-4.0011,6.3856,-2.0340,42,0.1900,42,0,0.9698,0.0293,0.0009,1.4033,1.8518,-0.4510,-2.5649,5.4241,0.0000,1,0.2803,0.0410,10.4487,-0.0014,1.000,70.00,342.76
10.6501,IMM-UKF,jink,0.500,4.00,0.050,1,0.600,1,7.5080,6.5478,-0.9602,1.5103,0.2706,0.1364,0.0874,6.0000,4.8733,1.3852,38.4324,0.5668,-2.2935,-22.4154,6.3323,-26.3244,6.3972,-26.5520,4.2440,-24.6570,-5.5410,-21.3455,8.6258,-3.9090,8.6907,-4.1365,6.5375,-2.2415,42,0.2000,42,0,0.9698,0.0293,0.0009,1.3703,2.0114,-0.4284,-2.4996,5.4545,0.0000,1,0.2803,0.0410,10.4487,-0.0014,1.000,70.00,342.76
10.6601,IMM-UKF,jink,0.500,4.00,0.050,1,0.600,1,7.5386,6.5443,-0.9943,1.5377,0.2706,0.1364,0.0855,6.0000,4.8733,1.3843,39.6810,0.5666,-2.5919,-22.2859,6.3323,-26.3244,6.3972,-26.5520,4.0949,-24.7425,-5.6013,-21.6994,8.9242,-4.0385,8.9891,-4.2660,6.6868,-2.4565,42,0.2100,42,0,0.9698,0.0293,0.0009,1.3371,2.1693,-0.4061,-2.4340,5.4841,0.0000,1,0.2803,0.0410,10.4487,-0.0014,1.000,70.00,342.76
10.6701,IMM-UKF,jink,0.500,4.00,0.050,1,0.600,1,7.5682,6.5385,-1.0298,1.5658,0.2706,0.1364,0.0836,6.0000,4.8733,1.3834,40.9528,0.5665,-2.8797,-22.1623,6.3323,-26.3244,6.3972,-26.5520,3.9538,-24.8413,-5.6593,-22.0678,9.2120,-4.1622,9.2769,-4.3897,6.8335,-2.6790,42,0.2200,42,0,0.9698,0.0293,0.0009,1.3040,2.3256,-0.3838,-2.3680,5.5129,0.0000,1,0.2803,0.0410,10.4487,-0.0014,1.000,70.00,342.76
10.6801,IMM-UKF,jink,0.500,4.00,0.050,1,0.600,1,7.5969,6.5304,-1.0665,1.5947,0.2706,0.1364,0.0816,6.0000,4.8733,1.3825,42.2492,0.5663,-3.1573,-22.0444,6.3323,-26.3244,6.3972,-26.5520,3.8203,-24.9533,-5.7150,-22.4511,9.4896,-4.2800,9.5545,-4.5076,6.9776,-2.9089,42,0.2300,42,0,0.9698,0.0293,0.0009,1.2709,2.4803,-0.3618,-2.3017,5.5410,0.0000,1,0.2803,0.0410,10.4487,-0.0014,1.000,70.00,342.76
10.6901,IMM-UKF,jink,0.500,4.00,0.050,1,0.600,1,7.6246,6.5202,-1.1045,1.6245,0.2706,0.1364,0.0795,6.0000,4.8733,1.3817,43.5719,0.5663,-3.4249,-21.9321,6.3323,-26.3244,6.3972,-26.5520,3.6942,-25.0785,-5.7685,-22.8497,9.7571,-4.3923,9.8220,-4.6198,7.1191,-3.1464,42,0.2400,42,0,0.9698,0.0293,0.0009,1.2378,2.6334,-0.3400,-2.2350,5.5682,0.0000,1,0.2803,0.0410,10.4487,-0.0014,1.000,70.00,342.76
10.7001,IMM-UKF,jink,0.500,4.00,0.050,1,0.600,1,7.6514,6.5078,-1.1436,1.6550,0.2706,0.1364,0.0774,6.0000,4.8733,1.3810,44.9226,0.5662,-3.6827,-21.8254,6.3323,-26.3244,6.3972,-26.5520,3.5754,-25.2169,-5.8199,-23.2642,10.0150,-4.4990,10.0799,-4.7265,7.2581,-3.3915,42,0.2500,42,0,0.9698,0.0293,0.0009,1.2048,2.7849,-0.3184,-2.1681,5.5946,0.0000,1,0.2803,0.0410,10.4487,-0.0014,1.000,70.00,342.76
10.7101,IMM-UKF,jink,0.500,4.00,0.050,1,0.600,1,7.6772,6.4932,-1.1839,1.6863,0.2706,0.1364,0.0751,6.0000,4.8733,1.3804,46.3028,0.5662,-3.9310,-21.7242,6.3323,-26.3244,6.3972,-26.5520,3.4637,-25.3684,-5.8693,-23.6951,10.2633,-4.6002,10.3282,-4.8278,7.3947,-3.6442,42,0.2600,42,0,0.9698,0.0293,0.0009,1.1719,2.9349,-0.2970,-2.1008,5.6202,0.0000,1,0.2803,0.0410,10.4487,-0.0014,1.000,70.00,342.76
10.7201,IMM-UKF,jink,0.500,4.00,0.050,1,0.600,1,7.7019,6.4767,-1.2253,1.7184,0.2706,0.1364,0.0728,6.0000,4.8733,1.3798,47.7146,0.5662,-4.1700,-21.6283,6.3323,-26.3244,6.3972,-26.5520,3.3588,-25.5332,-5.9168,-24.1428,10.5023,-4.6961,10.5672,-4.9236,7.5288,-3.9048,42,0.2700,42,0,0.9698,0.0293,0.0009,1.1390,3.0834,-0.2759,-2.0332,5.6450,0.0000,1,0.2803,0.0410,10.4487,-0.0014,1.000,70.00,342.76
10.7302,IMM-UKF,jink,0.500,4.00,0.050,1,0.600,1,7.7257,6.4580,-1.2677,1.7513,0.2706,0.1364,0.0705,6.0000,4.8733,1.3792,49.1597,0.5662,-4.3999,-21.5377,6.3323,-26.3244,6.3972,-26.5520,3.2606,-25.7111,-5.9624,-24.6081,10.7322,-4.7867,10.7971,-5.0143,7.6606,-4.1734,42,0.2800,42,0,0.9698,0.0293,0.0009,1.1063,3.2304,-0.2551,-1.9653,5.6690,0.0000,1,0.2803,0.0410,10.4487,-0.0014,1.000,70.00,342.76
10.7402,IMM-UKF,jink,0.500,4.00,0.050,1,0.600,1,7.7485,6.4374,-1.3111,1.7850,0.2706,0.1364,0.0681,6.0000,4.8733,1.3787,50.6401,0.5662,-4.6210,-21.4523,6.3323,-26.3244,6.3972,-26.5520,3.1691,-25.9023,-6.0062,-25.0915,10.9532,-4.8721,11.0182,-5.0997,7.7900,-4.4500,42,0.2900,42,0,0.9698,0.0293,0.0009,1.0737,3.3759,-0.2344,-1.8971,5.6922,0.0000,1,0.2273,0.0508,10.4487,-0.0018,1.000,70.00,342.76
10.7502,IMM-UKF,jink,0.500,4.00,0.050,1,0.600,1,7.7703,6.4148,-1.3555,1.8194,0.2706,0.1364,0.0656,6.0000,4.8733,1.3783,52.1581,0.5663,-4.8333,-21.3720,6.3323,-26.3244,6.3972,-26.5520,3.0839,-26.1069,-6.0483,-25.5937,11.1656,-4.9525,11.2305,-5.1800,7.9172,-4.7349,42,0.3000,42,0,0.9698,0.0293,0.0009,1.0413,3.5199,-0.2141,-1.8287,5.7145,0.0000,1,0.2273,0.0508,10.4487,-0.0018,1.000,70.00,342.76
10.7602,IMM-UKF,jink,0.500,4.00,0.050,1,0.600,1,7.7899,6.4883,-1.3017,1.8527,0.2706,0.1364,0.0631,6.0000,4.8733,1.3786,51.3002,0.5661,-5.0428,-21.2997,6.3323,-26.3244,6.3972,-26.5520,2.7829,-25.8934,-6.2041,-25.0991,11.3751,-5.0247,11.4400,-5.2522,7.8257,-4.5936,42,0.3100,42,0,0.9698,0.0293,0.0009,1.0632,3.3084,-0.1955,-1.7600,-5.7361,0.0000,1,0.2273,0.0508,10.4487,-0.0018,1.000,70.00,342.76
10.7702,IMM-UKF,jink,0.500,4.00,0.050,1,0.600,1,7.7101,6.5651,-1.1450,1.8866,0.2706,0.1364,0.0888,6.0000,4.8733,1.4049,49.9561,0.5589,-5.3582,-21.5190,6.3323,-26.3244,6.3972,-26.5520,2.4790,-25.6725,-6.3641,-24.6190,11.6905,-4.8054,11.7554,-5.0329,7.8372,-4.1534,42,0.3200,42,0,0.9698,0.0293,0.0009,1.0868,3.0993,-0.1776,-1.8287,-5.7145,0.0000,1,0.2273,0.0508,10.4487,-0.0018,1.000,70.00,342.76
10.7802,IMM-UKF,jink,0.500,4.00,0.050,1,0.600,1,7.6328,6.6452,-0.9875,1.9211,0.2706,0.1364,0.0904,6.0000,4.8733,1.4071,48.6587,0.5616,-5.6648,-21.7357,6.3323,-26.3244,6.3972,-26.5520,2.1723,-25.4450,-6.5285,-24.1534,11.9971,-4.5888,12.0620,-4.8163,7.8371,-3.7093,42,0.3300,42,0,0.9698,0.0293,0.0009,1.1120,2.8927,-0.1603,-1.8971,-5.6922,0.0000,1,0.2273,0.0508,10.4487,-0.0018,1.000,70.00,342.76
10.7902,IMM-UKF,jink,0.500,4.00,0.050,1,0.600,1,7.5580,6.7287,-0.8294,1.9563,0.2706,0.1364,0.0920,6.0000,4.8733,1.4091,47.5230,0.5643,-5.9845,-21.9506,6.3323,-26.3244,6.3972,-26.5520,1.8628,-25.2117,-6.6974,-23.7020,12.3167,-4.3738,12.3817,-4.6014,7.8473,-3.2611,42,0.3400,42,0,0.9698,0.0293,0.0009,1.1389,2.6885,-0.1434,-1.9653,-5.6690,0.0000,1,0.2273,0.0508,10.4487,-0.0018,1.000,70.00,342.76
10.8002,IMM-UKF,jink,0.500,4.00,0.050,1,0.600,1,7.4859,6.1277,-1.3582,1.0924,0.2681,0.1318,0.0960,6.0000,5.4305,1.5504,11.4364,0.5668,-6.3173,-22.1636,-4.6210,-21.4523,-4.7788,-21.6770,-4.6254,-21.0783,-16.9117,-14.0989,1.6964,0.7113,1.5385,0.4866,1.6920,1.0853,43,0.0600,43,0,0.9938,0.0052,0.0010,1.1675,2.4867,-0.1271,-2.0332,-5.6450,0.0000,1,0.2273,0.0508,10.7384,-0.0018,1.000,70.00,342.76
10.8102,IMM-UKF,jink,0.500,4.00,0.050,1,0.600,1,7.4162,6.1643,-1.2519,1.1077,0.2681,0.1318,0.0974,6.0000,5.4305,1.5539,13.0957,0.5692,-6.6636,-22.3742,-4.6210,-21.4523,-4.7788,-21.6770,-4.9423,-20.8819,-16.9721,-13.8391,2.0427,0.9219,1.8848,0.6972,1.7213,1.4923,43,0.0700,43,0,0.9938,0.0052,0.0010,1.1978,2.2874,-0.1113,-2.1008,-5.6202,0.0000,1,0.2273,0.0508,10.7384,-0.0018,1.000,70.00,342.76
10.8202,IMM-UKF,jink,0.500,4.00,0.050,1,0.600,1,7.3491,6.2049,-1.1442,1.1236,0.2681,0.1318,0.0987,6.0000,5.4305,1.5574,15.0497,0.5714,-7.0236,-22.5822,-4.6210,-21.4523,-4.7788,-21.6770,-5.2587,-20.6772,-17.0365,-13.5844,2.4026,1.1299,2.2448,0.9052,1.7649,1.9050,43,0.0800,43,0,0.9938,0.0052,0.0010,1.2300,2.0906,-0.0958,-2.1681,-5.5946,0.0000,1,0.2273,0.0508,10.7384,-0.0018,1.000,70.00,342.76
10.8302,IMM-UKF,jink,0.500,4.00,0.050,1,0.600,1,7.2846,6.2494,-1.0352,1.1401,0.2681,0.1318,0.0998,6.0000,5.4305,1.5610,17.2129,0.5736,-7.3974,-22.7872,-4.6210,-21.4523,-4.7788,-21.6770,-5.5745,-20.4649,-17.1052,-13.3348,2.7764,1.3349,2.6186,1.1102,1.8229,2.3223,43,0.0900,43,0,0.9938,0.0052,0.0010,1.2640,1.8964,-0.0808,-2.2350,-5.5682,0.0000,1,0.2273,0.0508,10.7384,-0.0018,1.000,70.00,342.76
10.8402,IMM-UKF,jink,0.500,4.00,0.050,1,0.600,1,7.2226,6.2977,-0.9249,1.1572,0.2681,0.1318,0.1009,6.0000,5.4305,1.5645,19.5266,0.5757,-7.7852,-22.9889,-4.6210,-21.4523,-4.7788,-21.6770,-5.8897,-20.2456,-17.1786,-13.0905,3.1642,1.5366,3.0064,1.3119,1.8955,2.7433,43,0.1000,43,0,0.9938,0.0052,0.0010,1.2998,1.7046,-0.0661,-2.3017,-5.5410,0.0000,1,0.2273,0.0508,10.7384,-0.0018,1.000,70.00,342.76
10.8502,IMM-UKF,jink,0.500,4.00,0.050,1,0.600,1,7.1631,6.3497,-0.8134,1.1749,0.2681,0.1318,0.1018,6.0000,5.4305,1.5682,21.9513,0.5777,-8.1871,-23.1868,-4.6210,-21.4523,-4.7788,-21.6770,-6.2044,-20.0201,-17.2569,-12.8515,3.5661,1.7345,3.4083,1.5099,1.9827,3.1668,43,0.1100,43,0,0.9938,0.0052,0.0010,1.3374,1.5154,-0.0518,-2.3680,-5.5129,0.0000,1,0.2273,0.0508,10.7384,-0.0018,1.000,70.00,342.76
10.8602,IMM-UKF,jink,0.500,4.00,0.050,1,0.600,1,7.1062,6.4054,-0.7008,1.1932,0.2681,0.1318,0.1027,6.0000,5.4305,1.5710,24.4603,0.5796,-8.6035,-23.3808,-4.6210,-21.4523,-4.7788,-21.6770,-6.5185,-19.7889,-17.3405,-12.6178,3.9826,1.9285,3.8247,1.7038,2.0850,3.5919,43,0.1200,43,0,0.9938,0.0052,0.0010,1.3770,1.3287,-0.0379,-2.4340,-5.4841,0.0000,1,0.2273,0.0508,10.7384,-0.0018,1.000,70.00,342.76
10.8702,IMM-UKF,jink,0.500,4.00,0.050,1,0.600,1,7.0518,6.4648,-0.5870,1.2123,0.2681,0.1318,0.1038,6.0000,5.4305,1.5696,27.0370,0.5819,-9.0359,-23.5703,-4.6210,-21.4523,-4.7788,-21.6770,-6.8323,-19.5528,-17.4295,-12.3895,4.4149,2.1180,4.2571,1.8933,2.2036,4.0175,43,0.1300,43,0,0.9938,0.0052,0.0010,1.4184,1.1446,-0.0243,-2.4996,-5.4545,0.0000,1,0.2273,0.0508,10.7384,-0.0018,1.000,70.00,342.76
10.8802,IMM-UKF,jink,0.500,4.00,0.050,1,0.600,1,7.0000,6.5278,-0.4723,1.2320,0.2681,0.1318,0.1048,6.0000,5.4305,1.5677,29.6630,0.5838,-9.4827,-23.7551,-4.6210,-21.4523,-4.7788,-21.6770,-7.1458,-19.3125,-17.5242,-12.1665,4.8618,2.3028,4.7039,2.0781,2.3369,4.4426,43,0.1400,43,0,0.9938,0.0052,0.0010,1.4617,0.9631,-0.0109,-2.5649,-5.4241,0.0000,1,0.2273,0.0508,10.7384,-0.0018,1.000,70.00,342.76
10.8902,IMM-UKF,jink,0.500,4.00,0.050,1,0.600,1,6.9508,6.5942,-0.3565,1.2524,0.2681,0.1318,0.1059,6.0000,5.4305,1.5693,32.3234,0.5852,-9.9427,-23.9347,-4.6210,-21.4523,-4.7788,-21.6770,-7.4591,-19.0685,-17.6247,-11.9489,5.3217,2.4824,5.1639,2.2577,2.4836,4.8662,43,0.1500,43,0,0.9938,0.0052,0.0010,1.5070,0.7842,0.0021,-2.6298,-5.3930,0.0000,1,0.2273,0.0508,10.7384,-0.0018,1.000,70.00,342.76
10.9002,IMM-UKF,jink,0.500,4.00,0.050,1,0.600,1,6.9040,6.6642,-0.2398,1.2735,0.2681,0.1318,0.1071,6.0000,5.4305,1.5724,35.0108,0.5863,-10.4164,-24.1088,-4.6210,-21.4523,-4.7788,-21.6770,-7.7723,-18.8215,-17.7312,-11.7366,5.7955,2.6565,5.6376,2.4318,2.6441,5.2873,43,0.1600,43,0,0.9938,0.0052,0.0010,1.5542,0.6079,0.0149,-2.6943,-5.3610,0.0000,1,0.2273,0.0508,10.7384,-0.0018,1.000,70.00,342.76
10.9102,IMM-UKF,jink,0.500,4.00,0.050,1,0.600,1,6.8599,6.7376,-0.1223,1.2954,0.2681,0.1318,0.1081,6.0000,5.4305,1.5757,37.7189,0.5873,-10.9045,-24.2770,-4.6210,-21.4523,-4.7788,-21.6770,-8.0855,-18.5721,-17.8438,-11.5296,6.2835,2.8247,6.1257,2.6001,2.8190,5.7049,43,0.1700,43,0,0.9938,0.0052,0.0010,1.6033,0.4343,0.0273,-2.7585,-5.3283,0.0000,1,0.2273,0.0508,10.7384,-0.0018,1.000,70.00,342.76
10.9202,IMM-UKF,jink,0.500,4.00,0.050,1,0.600,1,6.8183,6.8143,-0.0040,1.3180,0.2681,0.1318,0.1089,6.0000,5.4305,1.5790,40.4412,0.5883,-11.4068,-24.4390,-4.6210,-21.4523,-4.7788,-21.6770,-8.3988,-18.3209,-17.9624,-11.3277,6.7859,2.9867,6.6280,2.7620,3.0080,6.1180,43,0.1800,43,0,0.9938,0.0052,0.0010,1.6543,0.2634,0.0396,-2.8222,-5.2948,0.0000,1,0.2273,0.0508,10.7384,-0.0018,1.000,70.00,342.76
10.9302,IMM-UKF,jink,0.500,4.00,0.050,1,0.600,1,6.7793,6.8943,0.1150,1.3413,0.2681,0.1318,0.1096,6.0000,5.4305,1.5823,43.1719,0.5892,-11.9233,-24.5943,-4.6210,-21.4523,-4.7788,-21.6770,-8.7125,-18.0685,-18.0873,-11.1311,7.3023,3.1420,7.1445,2.9173,3.2108,6.5258,43,0.1900,43,0,0.9938,0.0052,0.0010,1.7072,0.0952,0.0516,-2.8856,-5.2606,0.0000,1,0.2273,0.0508,10.7384,-0.0018,1.000,70.00,342.76
10.9402,IMM-UKF,jink,0.500,4.00,0.050,1,0.600,1,6.7428,6.9775,0.2348,1.3653,0.2681,0.1318,0.1101,6.0000,5.4305,1.5858,45.9059,0.5902,-12.4536,-24.7426,-4.6210,-21.4523,-4.7788,-21.6770,-9.0265,-17.8153,-18.2184,-10.9394,7.8326,3.2903,7.6748,3.0656,3.4271,6.9273,43,0.2000,43,0,0.9938,0.0052,0.0010,1.7620,-0.0703,0.0633,-2.9485,-5.2256,0.0000,1,0.2273,0.0508,10.7384,-0.0018,1.000,70.00,342.76
10.9502,IMM-UKF,jink,0.500,4.00,0.050,1,0.600,1,6.7089,7.0640,0.3551,1.3901,0.2681,0.1318,0.1105,6.0000,5.4305,1.5893,48.6387,0.5911,-12.9977,-24.8835,-4.6210,-21.4523,-4.7788,-21.6770,-9.3410,-17.5618,-18.3556,-10.7528,8.3767,3.4312,8.2189,3.2065,3.6567,7.3217,43,0.2100,43,0,0.9938,0.0052,0.0010,1.8187,-0.2331,0.0748,-3.0110,-5.1898,0.0000,1,0.2273,0.0508,10.7384,-0.0018,1.000,70.00,342.76
10.9602,IMM-UKF,jink,0.500,4.00,0.050,1,0.600,1,6.6776,7.1535,0.4759,1.4157,0.2681,0.1318,0.1106,6.0000,5.4305,1.5929,51.3662,0.5921,-13.5552,-25.0167,-4.6210,-21.4523,-4.7788,-21.6770,-9.6561,-17.3085,-18.4990,-10.5711,8.9343,3.5644,8.7764,3.3398,3.8992,7.7082,43,0.2200,43,0,0.9938,0.0052,0.0010,1.8772,-0.3932,0.0861,-3.0730,-5.1533,0.0000,1,0.2273,0.0508,10.7384,-0.0018,1.000,70.00,342.76
10.9702,IMM-UKF,jink,0.500,4.00,0.050,1,0.600,1,6.6489,7.2461,0.5972,1.4419,0.2681,0.1318,0.1107,6.0000,5.4305,1.5965,54.0845,0.5931,-14.1259,-25.1419,-4.6210,-21.4523,-4.7788,-21.6770,-9.9718,-17.0559,-18.6485,-10.3942,9.5050,3.6896,9.3471,3.4649,4.1541,8.0860,43,0.2300,43,0,0.9938,0.0052,0.0010,1.9376,-0.5505,0.0972,-3.1346,-5.1161,0.0000,1,0.2686,0.0512,10.7384,0.0005,1.000,70.00,342.76
10.9802,IMM-UKF,jink,0.500,4.00,0.050,1,0.600,1,6.6227,7.3417,0.7190,1.4690,0.2681,0.1318,0.1105,6.0000,5.4305,1.6002,56.7904,0.5941,-14.7094,-25.2587,-4.6210,-21.4523,-4.7788,-21.6770,-10.2883,-16.8043,-18.8040,-10.2221,10.0885,3.8064,9.9306,3.5817,4.4211,8.4544,43,0.2400,43,0,0.9938,0.0052,0.0010,1.9997,-0.7050,0.1080,-3.1958,-5.0781,0.0000,1,0.2686,0.0512,10.7384,0.0005,1.000,70.00,342.76
10.9902,IMM-UKF,jink,0.500,4.00,0.050,1,0.600,1,6.5992,7.4402,0.8410,1.4967,0.2681,0.1318,0.1101,6.0000,5.4305,1.6040,59.4805,0.5952,-15.3053,-25.3669,-4.6210,-21.4523,-4.7788,-21.6770,-10.6057,-16.5541,-18.9653,-10.0545,10.6844,3.9146,10.5265,3.6899,4.6997,8.8128,43,0.2500,43,0,0.9938,0.0052,0.0010,2.0636,-0.8568,0.1187,-3.2565,-5.0394,0.0000,1,0.2686,0.0512,10.7384,0.0005,1.000,70.00,342.76
11.0002,IMM-UKF,jink,0.500,4.00,0.050,1,0.600,1,6.5783,7.5416,0.9634,1.5252,0.2681,0.1318,0.1095,6.0000,5.4305,1.6079,62.1519,0.5964,-15.9132,-25.4660,-4.6210,-21.4523,-4.7788,-21.6770,-10.9239,-16.3056,-19.1325,-9.8915,11.2923,4.0137,11.1345,3.7890,4.9893,9.1604,43,0.2600,43,0,0.9938,0.0052,0.0010,2.1293,-1.0058,0.1292,-3.3167,-4.9999,0.0000,1,0.2686,0.0512,10.7384,0.0005,1.000,70.00,342.76
11.0102,IMM-UKF,jink,0.500,4.00,0.050,1,0.600,1,6.5599,7.6459,1.0859,1.5545,0.2681,0.1318,0.1088,6.0000,5.4305,1.6117,64.8021,0.5976,-16.5327,-25.5559,-4.6210,-21.4523,-4.7788,-21.6770,-11.2431,-16.0593,-19.3052,-9.7329,11.9117,4.1036,11.7539,3.8790,5.2896,9.4967,43,0.2700,43,0,0.9938,0.0052,0.0010,2.1966,-1.1519,0.1394,-3.3765,-4.9598,0.0000,1,0.2686,0.0512,10.7384,0.0005,1.000,70.00,342.76
11.0202,IMM-UKF,jink,0.500,4.00,0.050,1,0.600,1,6.5442,7.7529,1.2086,1.5844,0.2681,0.1318,0.1078,6.0000,5.4305,1.6157,67.4284,0.5989,-17.1630,-25.6364,-4.6210,-21.4523,-4.7788,-21.6770,-11.5632,-15.8152,-19.4835,-9.5786,12.5421,4.1841,12.3842,3.9594,5.5998,9.8212,43,0.2800,43,0,0.9938,0.0052,0.0010,2.2656,-1.2953,0.1495,-3.4358,-4.9189,0.0000,1,0.2686,0.0512,10.7384,0.0005,1.000,70.00,342.76
11.0302,IMM-UKF,jink,0.500,4.00,0.050,1,0.600,1,6.5312,7.5888,1.0577,1.2932,0.2767,0.1348,0.0980,6.0000,5.2803,1.3361,22.3570,0.6003,-17.8038,-25.7071,-14.1259,-25.1419,-14.2744,-25.3148,-13.6669,-25.5699,-25.1581,-28.9572,3.6779,0.5652,3.5294,0.3923,4.1369,0.1372,44,0.0600,44,0,0.3626,0.4069,0.2304,2.3361,-1.4360,0.1594,-3.4946,-4.8773,0.0000,1,0.2686,0.0512,10.9706,0.0005,1.000,70.00,342.76
11.0402,IMM-UKF,jink,0.500,4.00,0.050,1,0.600,1,6.5207,7.6614,1.1407,1.3268,0.2767,0.1348,0.0966,6.0000,5.2803,1.3406,24.0352,0.6017,-18.4543,-25.7679,-14.1259,-25.1419,-14.2744,-25.3148,-14.0042,-25.6490,-25.3416,-28.7999,4.3284,0.6260,4.1800,0.4530,4.4501,0.1189,44,0.0700,44,0,0.3626,0.4069,0.2304,2.4082,-1.5738,0.1692,-3.5528,-4.8350,0.0000,1,0.2686,0.0512,10.9706,0.0005,1.000,70.00,342.76
11.0502,IMM-UKF,jink,0.500,4.00,0.050,1,0.600,1,6.5129,7.7368,1.2239,1.3616,0.2767,0.1348,0.0954,6.0000,5.2803,1.3369,25.7711,0.6023,-19.1164,-25.8185,-14.1259,-25.1419,-14.2744,-25.3148,-14.3429,-25.7180,-25.5290,-28.6420,4.9905,0.6766,4.8421,0.5037,4.7736,0.1006,44,0.0800,44,0,0.3626,0.4069,0.2304,2.4818,-1.7088,0.1788,-3.6106,-4.7920,0.0000,1,0.2686,0.0512,10.9706,0.0005,1.000,70.00,342.76
11.0602,IMM-UKF,jink,0.500,4.00,0.050,1,0.600,1,6.5077,7.8150,1.3073,1.3976,0.2767,0.1348,0.0941,6.0000,5.2803,1.3326,27.5482,0.6025,-19.7870,-25.8591,-14.1259,-25.1419,-14.2744,-25.3148,-14.6829,-25.7771,-25.7200,-28.4838,5.6611,0.7171,5.5127,0.5442,5.1042,0.0819,44,0.0900,44,0,0.3626,0.4069,0.2304,2.5567,-1.8411,0.1882,-3.6678,-4.7484,0.0000,1,0.2686,0.0512,10.9706,0.0005,1.000,70.00,342.76
11.0702,IMM-UKF,jink,0.500,4.00,0.050,1,0.600,1,6.5052,7.8960,1.3909,1.4347,0.2767,0.1348,0.0930,6.0000,5.2803,1.3352,29.3515,0.6032,-20.4633,-25.8892,-14.1259,-25.1419,-14.2744,-25.3148,-15.0243,-25.8269,-25.9148,-28.3255,6.3373,0.7473,6.1889,0.5744,5.4390,0.0623,44,0.1000,44,0,0.3626,0.4069,0.2304,2.6331,-1.9707,0.1975,-3.7246,-4.7040,0.0000,1,0.2686,0.0512,10.9706,0.0005,1.000,70.00,342.76
11.0802,IMM-UKF,jink,0.500,4.00,0.050,1,0.600,1,6.5053,7.9797,1.4744,1.4729,0.2767,0.1348,0.0917,6.0000,5.2803,1.3393,31.1865,0.6041,-21.1460,-25.9088,-14.1259,-25.1419,-14.2744,-25.3148,-15.3669,-25.8677,-26.1131,-28.1672,7.0201,0.7669,6.8716,0.5940,5.7790,0.0412,44,0.1100,44,0,0.3626,0.4069,0.2304,2.7107,-2.0975,0.2066,-3.7807,-4.6590,0.0000,1,0.2686,0.0512,10.9706,0.0005,1.000,70.00,342.76
11.0902,IMM-UKF,jink,0.500,4.00,0.050,1,0.600,1,6.5080,8.0660,1.5579,1.5122,0.2767,0.1348,0.0903,6.0000,5.2803,1.3433,33.0519,0.6050,-21.8349,-25.9180,-14.1259,-25.1419,-14.2744,-25.3148,-15.7110,-25.8998,-26.3149,-28.0092,7.7090,0.7761,7.5605,0.6031,6.1239,0.0181,44,0.1200,44,0,0.3626,0.4069,0.2304,2.7896,-2.2216,0.2156,-3.8364,-4.6133,0.0000,1,0.2686,0.0512,10.9706,0.0005,1.000,70.00,342.76
11.1002,IMM-UKF,jink,0.500,4.00,0.050,1,0.600,1,6.5135,8.1549,1.6414,1.5525,0.2767,0.1348,0.0886,6.0000,5.2803,1.3472,34.9442,0.6060,-22.5291,-25.9165,-14.1259,-25.1419,-14.2744,-25.3148,-16.0562,-25.9238,-26.5200,-27.8516,8.4032,0.7746,8.2548,0.6017,6.4729,-0.0072,44,0.1300,44,0,0.3626,0.4069,0.2304,2.8697,-2.3430,0.2244,-3.8914,-4.5669,0.0000,1,0.2686,0.0512,10.9706,0.0005,1.000,70.00,342.76
11.1102,IMM-UKF,jink,0.500,4.00,0.050,1,0.600,1,6.5216,8.2463,1.7247,1.5937,0.2767,0.1348,0.0867,6.0000,5.2803,1.3511,36.8602,0.6071,-23.2280,-25.9046,-14.1259,-25.1419,-14.2744,-25.3148,-16.4027,-25.9399,-26.7285,-27.6946,9.1020,0.7626,8.9536,0.5897,6.8253,-0.0354,44,0.1400,44,0,0.3626,0.4069,0.2304,2.9508,-2.4617,0.2331,-3.9460,-4.5199,0.0000,1,0.2686,0.0512,10.9706,0.0005,1.000,70.00,342.76
11.1202,IMM-UKF,jink,0.500,4.00,0.050,1,0.600,1,6.5323,8.3401,1.8078,1.6358,0.2767,0.1348,0.0846,6.0000,5.2803,1.3549,38.7961,0.6082,-23.9305,-25.8820,-14.1259,-25.1419,-14.2744,-25.3148,-16.7503,-25.9486,-26.9400,-27.5384,9.8046,0.7401,9.6561,0.5672,7.1802,-0.0666,44,0.1500,44,0,0.3626,0.4069,0.2304,3.0330,-2.5778,0.2417,-3.9999,-4.4722,0.0000,1,0.2686,0.0512,10.9706,0.0005,1.000,70.00,342.76
11.1302,IMM-UKF,jink,0.500,4.00,0.050,1,0.600,1,6.5457,8.4364,1.8907,1.6788,0.2767,0.1348,0.0822,6.0000,5.2803,1.3586,40.7486,0.6093,-24.6359,-25.8491,-14.1259,-25.1419,-14.2744,-25.3148,-17.0990,-25.9503,-27.1545,-27.3829,10.5100,0.7072,10.3616,0.5342,7.5369,-0.1012,44,0.1600,44,0,0.3626,0.4069,0.2304,3.1162,-2.6913,0.2502,-4.0533,-4.4239,0.0000,1,0.2686,0.0512,10.9706,0.0005,1.000,70.00,342.76
11.1402,IMM-UKF,jink,0.500,4.00,0.050,1,0.600,1,6.5618,8.5351,1.9733,1.7227,0.2767,0.1348,0.0797,6.0000,5.2803,1.3621,42.7142,0.6104,-25.3433,-25.8057,-14.1259,-25.1419,-14.2744,-25.3148,-17.4487,-25.9452,-27.3718,-27.2285,11.2174,0.6638,11.0690,0.4909,7.8947,-0.1395,44,0.1700,44,0,0.3626,0.4069,0.2304,3.2003,-2.8022,0.2586,-4.1061,-4.3749,0.0000,1,0.2686,0.0512,10.9706,0.0005,1.000,70.00,342.76
11.1502,IMM-UKF,jink,0.500,4.00,0.050,1,0.600,1,6.5806,8.6361,2.0556,1.7673,0.2767,0.1348,0.0769,6.0000,5.2803,1.3654,44.6895,0.6114,-26.0519,-25.7522,-14.1259,-25.1419,-14.2744,-25.3148,-17.7992,-25.9339,-27.5918,-27.0751,11.9260,0.6103,11.7776,0.4374,8.2527,-0.1817,44,0.1800,44,0,0.3626,0.4069,0.2304,3.2852,-2.9106,0.2668,-4.1583,-4.3253,0.0000,1,0.2686,0.0512,10.9706,0.0005,1.000,70.00,342.76
11.1602,IMM-UKF,jink,0.500,4.00,0.050,1,0.600,1,6.6020,8.7394,2.1374,1.8128,0.2767,0.1348,0.0739,6.0000,5.2803,1.3685,46.6711,0.6125,-26.7609,-25.6886,-14.1259,-25.1419,-14.2744,-25.3148,-18.1505,-25.9167,-27.8142,-26.9230,12.6349,0.5467,12.4865,0.3738,8.6103,-0.2281,44,0.1900,44,0,0.3626,0.4069,0.2304,3.3710,-3.0165,0.2750,-4.2099,-4.2751,0.0000,1,0.2686,0.0512,10.9706,0.0005,1.000,70.00,342.76
11.1702,IMM-UKF,jink,0.500,4.00,0.050,1,0.600,1,6.6261,8.8449,2.2189,1.8590,0.2767,0.1348,0.0707,6.0000,5.2803,1.3715,48.6556,0.6134,-27.4692,-25.6151,-14.1259,-25.1419,-14.2744,-25.3148,-18.5025,-25.8938,-28.0389,-26.7721,13.3433,0.4732,13.1949,0.3003,8.9667,-0.2787,44,0.2000,44,0,0.3626,0.4069,0.2304,3.4574,-3.1199,0.2831,-4.2609,-4.2243,0.0000,1,0.2686,0.0512,10.9706,0.0005,1.000,70.00,342.76
11.1802,IMM-UKF,jink,0.500,4.00,0.050,1,0.600,1,6.6528,8.9527,2.2999,1.9059,0.2767,0.1348,0.0674,6.0000,5.2803,1.3741,50.6400,0.6143,-28.1763,-25.5320,-14.1259,-25.1419,-14.2744,-25.3148,-18.8550,-25.8657,-28.2657,-26.6226,14.0504,0.3901,13.9020,0.2172,9.3213,-0.3337,44,0.2100,44,0,0.3626,0.4069,0.2304,3.5445,-3.2209,0.2911,-4.3113,-4.1729,0.0000,1,0.2686,0.0512,10.9706,0.0005,1.000,70.00,342.76
11.1902,IMM-UKF,jink,0.500,4.00,0.050,1,0.600,1,6.6822,9.0626,2.3804,1.9536,0.2767,0.1348,0.0638,6.0000,5.2803,1.3765,52.6209,0.6151,-28.8812,-25.4395,-14.1259,-25.1419,-14.2744,-25.3148,-19.2079,-25.8327,-28.4944,-26.4746,14.7553,0.2976,14.6068,0.1247,9.6733,-0.3931,44,0.2200,44,0,0.3626,0.4069,0.2304,3.6322,-3.3195,0.2991,-4.3610,-4.1208,0.0000,1,0.2686,0.0512,10.9706,0.0005,1.000,70.00,342.76
11.2002,IMM-UKF,jink,0.500,4.00,0.050,1,0.600,1,6.7142,9.1746,2.4604,2.0019,0.2767,0.1348,0.0600,6.0000,5.2803,1.3786,54.5953,0.6157,-29.5831,-25.3379,-14.1259,-25.1419,-14.2744,-25.3148,-19.5611,-25.7950,-28.7249,-26.3280,15.4572,0.1960,15.3088,0.0231,10.0220,-0.4571,44,0.2300,44,0,0.3626,0.4069,0.2304,3.7205,-3.4158,0.3070,-4.4102,-4.0682,0.0000,1,0.2686,0.0512,10.9706,0.0005,1.000,70.00,342.76
11.2102,IMM-UKF,jink,0.500,4.00,0.050,1,0.600,1,6.7489,9.2887,2.5398,2.0508,0.2767,0.1348,0.0563,6.0000,5.2803,1.3755,56.5676,0.6151,-30.2827,-25.2274,-14.1259,-25.1419,-14.2744,-25.3148,-19.9144,-25.7531,-28.9570,-26.1832,16.1568,0.0855,16.0084,-0.0874,10.3683,-0.5257,44,0.2400,44,0,0.3626,0.4069,0.2304,3.8092,-3.5098,0.3148,-4.4587,-4.0150,0.0000,1,0.2686,0.0512,10.9706,0.0005,1.000,70.00,342.76
11.2202,IMM-UKF,jink,0.500,4.00,0.050,1,0.600,1,6.7862,9.4049,2.6186,2.1004,0.2767,0.1348,0.0527,6.0000,5.2803,1.3685,58.5326,0.6134,-30.9788,-25.1086,-14.1259,-25.1419,-14.2744,-25.3148,-20.2677,-25.7073,-29.1905,-26.0400,16.8529,-0.0334,16.7044,-0.2063,10.7110,-0.5987,44,0.2500,44,0,0.3626,0.4069,0.2304,3.8983,-3.6016,0.3226,-4.5065,-3.9612,0.0000,1,0.2686,0.0512,10.9706,0.0005,1.000,70.00,342.76
11.2302,IMM-UKF,jink,0.500,4.00,0.050,1,0.600,1,6.8262,9.5230,2.6968,2.1506,0.2767,0.1348,0.0493,6.0000,5.2803,1.3677,60.4721,0.6128,-31.6678,-24.9815,-14.1259,-25.1419,-14.2744,-25.3148,-20.6209,-25.6577,-29.4252,-25.8985,17.5419,-0.1604,17.3935,-0.3333,11.0469,-0.6762,44,0.2600,44,0,0.3626,0.4069,0.2304,3.9878,-3.6911,0.3305,-4.5537,-3.9068,0.0000,1,0.2686,0.0512,10.9706,0.0005,1.000,70.00,342.76
11.2402,IMM-UKF,jink,0.500,4.00,0.050,1,0.600,1,6.8688,9.6432,2.7744,2.2014,0.2767,0.1348,0.0458,6.0000,5.2803,1.3687,62.3904,0.6123,-32.3503,-24.8467,-14.1259,-25.1419,-14.2744,-25.3148,-20.9738,-25.6048,-29.6609,-25.7589,18.2244,-0.2952,18.0760,-0.4682,11.3765,-0.7582,44,0.2700,44,0,0.3626,0.4069,0.2304,4.0776,-3.7786,0.3383,-4.6003,-3.8519,0.0000,1,0.2070,0.0428,10.9706,-0.0008,1.000,70.00,342.76
11.2502,IMM-UKF,jink,0.500,4.00,0.050,1,0.600,1,6.9139,9.7653,2.8514,2.2528,0.2767,0.1348,0.0422,6.0000,5.2803,1.3695,64.2879,0.6118,-33.0263,-24.7044,-14.1259,-25.1419,-14.2744,-25.3148,-21.3263,-25.5489,-29.8975,-25.6213,18.9004,-0.4375,18.7520,-0.6105,11.7001,-0.8445,44,0.2800,44,0,0.3626,0.4069,0.2304,4.1677,-3.8639,0.3462,-4.6462,-3.7964,0.0000,1,0.2070,0.0428,10.9706,-0.0008,1.000,70.00,342.76
11.2602,IMM-UKF,jink,0.500,4.00,0.050,1,0.600,1,6.9617,9.8894,2.9277,2.3047,0.2767,0.1348,0.0384,6.0000,5.2803,1.3699,66.1623,0.6111,-33.6952,-24.5550,-14.1259,-25.1419,-14.2744,-25.3148,-21.6782,-25.4901,-30.1348,-25.4856,19.5693,-0.5869,19.4208,-0.7598,12.0170,-0.9351,44,0.2900,44,0,0.3626,0.4069,0.2304,4.2580,-3.9471,0.3541,-4.6914,-3.7404,0.0000,1,0.2070,0.0428,10.9706,-0.0008,1.000,70.00,342.76
11.2702,IMM-UKF,jink,0.500,4.00,0.050,1,0.600,1,7.0120,10.0153,3.0033,2.3571,0.2767,0.1348,0.0344,6.0000,5.2803,1.3700,68.0115,0.6102,-34.3563,-24.3990,-14.1259,-25.1419,-14.2744,-25.3148,-22.0293,-25.4288,-30.3726,-25.3522,20.2304,-0.7429,20.0820,-0.9158,12.3270,-1.0298,44,0.3000,44,0,0.3626,0.4069,0.2304,4.3484,-4.0284,0.3622,-4.7360,-3.6838,0.0000,1,0.2070,0.0428,10.9706,-0.0008,1.000,70.00,342.76
11.2802,IMM-UKF,jink,0.500,4.00,0.050,1,0.600,1,7.0650,10.1432,3.0782,2.4101,0.2767,0.1348,0.0303,6.0000,5.2803,1.3698,69.8331,0.6091,-35.0093,-24.2368,-14.1259,-25.1419,-14.2744,-25.3148,-22.3796,-25.3654,-30.6108,-25.2210,20.8833,-0.9051,20.7349,-1.0780,12.6296,-1.1286,44,0.3100,44,0,0.3626,0.4069,0.2304,4.4389,-4.1077,0.3704,-4.7798,-3.6268,0.0000,1,0.2070,0.0428,10.9706,-0.0008,1.000,70.00,342.76
11.2902,IMM-UKF,jink,0.500,4.00,0.050,1,0.600,1,7.1204,9.0506,1.9302,1.5580,0.2915,0.1415,0.0122,6.0000,5.4042,1.9854,22.0528,0.6051,-35.6574,-24.0687,-32.3503,-24.8467,-32.2081,-25.1525,-31.7236,-23.3101,-45.7940,-19.3184,3.3070,-0.7780,3.4492,-1.0837,3.9338,0.7586,45,0.0500,45,0,0.4982,0.4864,0.0154,4.5295,-4.1851,0.3789,-4.8230,-3.5691,0.0000,1,0.2070,0.0428,11.2393,-0.0008,1.000,70.00,342.76
11.3002,IMM-UKF,jink,0.500,4.00,0.050,1,0.600,1,7.1784,9.1413,1.9629,1.5901,0.2915,0.1415,0.0122,6.0000,5.4042,2.0259,23.1511,0.6000,-36.3114,-23.8954,-32.3503,-24.8467,-32.2081,-25.1525,-32.1658,-23.1958,-45.9939,-19.1878,3.9610,-0.9512,4.1032,-1.2570,4.1455,0.6996,45,0.0600,45,0,0.4982,0.4864,0.0154,4.6201,-4.2606,0.3876,-4.8655,-3.5110,0.0000,1,0.2070,0.0428,11.2393,-0.0008,1.000,70.00,342.76
11.3102,IMM-UKF,jink,0.500,4.00,0.050,1,0.600,1,7.2390,9.2346,1.9956,1.6228,0.2915,0.1415,0.0144,6.0000,5.4042,2.0415,24.1768,0.5996,-36.9449,-23.7175,-32.3503,-24.8467,-32.2081,-25.1525,-32.6039,-23.0786,-46.1928,-19.0596,4.5946,-1.1291,4.7368,-1.4349,4.3410,0.6390,45,0.0700,45,0,0.4982,0.4864,0.0154,4.7106,-4.3343,0.3969,-4.9073,-3.4524,0.0000,1,0.2070,0.0428,11.2393,-0.0008,1.000,70.00,342.76
11.3202,IMM-UKF,jink,0.500,4.00,0.050,1,0.600,1,7.3020,9.3304,2.0284,1.6560,0.2915,0.1415,0.0184,6.0000,5.4042,2.0356,25.1366,0.5944,-37.5597,-23.5350,-32.3503,-24.8467,-32.2081,-25.1525,-33.0377,-22.9588,-46.3907,-18.9342,5.2093,-1.3116,5.3515,-1.6174,4.5219,0.5762,45,0.0800,45,0,0.4982,0.4864,0.0154,4.8011,-4.4062,0.4068,-4.9483,-3.3932,0.0000,1,0.2070,0.0428,11.2393,-0.0008,1.000,70.00,342.76
11.3302,IMM-UKF,jink,0.500,4.00,0.050,1,0.600,1,7.3675,9.4286,2.0611,1.6898,0.2915,0.1415,0.0223,6.0000,5.4042,2.0296,26.0752,0.5891,-38.1640,-23.3485,-32.3503,-24.8467,-32.2081,-25.1525,-33.4672,-22.8371,-46.5875,-18.8126,5.8136,-1.4982,5.9558,-1.8040,4.6968,0.5113,45,0.0900,45,0,0.4982,0.4864,0.0154,4.8914,-4.4764,0.4177,-4.9887,-3.3336,0.0000,1,0.2070,0.0428,11.2393,-0.0008,1.000,70.00,342.76
11.3402,IMM-UKF,jink,0.500,4.00,0.050,1,0.600,1,7.4355,9.5294,2.0939,1.7240,0.2915,0.1415,0.0259,6.0000,5.4042,2.0236,26.9906,0.5838,-38.7577,-23.1584,-32.3503,-24.8467,-32.2081,-25.1525,-33.8922,-22.7144,-46.7832,-18.6964,6.4073,-1.6883,6.5495,-1.9941,4.8655,0.4440,45,0.1000,45,0,0.4982,0.4864,0.0154,4.9814,-4.5448,0.4303,-5.0283,-3.2735,0.0000,1,0.2070,0.0428,11.2393,-0.0008,1.000,70.00,342.76
11.3502,IMM-UKF,jink,0.500,4.00,0.050,1,0.600,1,7.5060,9.6327,2.1267,1.7588,0.2915,0.1415,0.0294,6.0000,5.4042,2.0176,27.8810,0.5785,-39.3404,-22.9653,-32.3503,-24.8467,-32.2081,-25.1525,-34.3126,-22.5919,-46.9776,-18.5893,6.9901,-1.8814,7.1323,-2.1872,5.0278,0.3733,45,0.1100,45,0,0.4982,0.4864,0.0154,5.0711,-4.6113,0.4461,-5.0673,-3.2129,0.0000,1,0.2070,0.0428,11.2393,-0.0008,1.000,70.00,342.76
11.3602,IMM-UKF,jink,0.500,4.00,0.050,1,0.600,1,7.5789,9.7386,2.1598,1.7941,0.2915,0.1415,0.0326,6.0000,5.4042,2.0117,28.7444,0.5733,-39.9120,-22.7702,-32.3503,-24.8467,-32.2081,-25.1525,-34.7283,-22.4740,-47.1708,-18.5031,7.5616,-2.0765,7.7038,-2.3822,5.1837,0.2962,45,0.1200,45,0,0.4982,0.4864,0.0154,5.1597,-4.6757,0.4701,-5.1054,-3.1519,0.0000,1,0.2070,0.0428,11.2393,-0.0008,1.000,70.00,342.76
11.3702,IMM-UKF,jink,0.500,4.00,0.050,1,0.600,1,7.6543,9.8476,2.1933,1.8301,0.2915,0.1415,0.0357,6.0000,5.4042,2.0056,29.5884,0.5680,-40.4719,-22.5775,-32.3503,-24.8467,-32.2081,-25.1525,-35.1353,-22.3972,-47.3592,-18.5502,8.1216,-2.2692,8.2638,-2.5749,5.3366,0.1803,45,0.1300,45,0,0.4982,0.4864,0.0154,5.2348,-4.7282,0.5459,-5.1429,-3.0904,0.0000,1,0.2070,0.0428,11.2393,-0.0008,1.000,70.00,342.76
11.3802,IMM-UKF,jink,0.500,4.00,0.050,1,0.600,1,7.7288,9.9138,2.1850,1.8673,0.2915,0.1415,0.0388,6.0000,5.4042,2.0020,30.8590,0.5635,-41.0157,-22.3930,-32.3503,-24.8467,-32.2081,-25.1525,-35.4513,-22.3845,-47.4739,-18.7363,8.6654,-2.4536,8.8076,-2.7594,5.5644,0.0086,45,0.1400,45,0,0.4982,0.4864,0.0154,5.0416,-4.5719,0.5665,-5.1796,-3.0285,0.0000,1,0.2070,0.0428,11.2393,-0.0008,1.000,70.00,342.76
11.3902,IMM-UKF,jink,0.500,4.00,0.050,1,0.600,1,7.8024,9.9748,2.1724,1.9050,0.2915,0.1415,0.0420,6.0000,5.4042,2.0008,32.1524,0.5596,-41.5442,-22.2151,-32.3503,-24.8467,-32.2081,-25.1525,-35.7542,-22.3662,-47.5856,-18.8787,9.1938,-2.6316,9.3360,-2.9373,5.7900,-0.1511,45,0.1500,45,0,0.4982,0.4864,0.0154,4.8482,-4.4169,0.5652,-5.2156,-2.9661,0.0000,1,0.2070,0.0428,11.2393,-0.0008,1.000,70.00,342.76
11.4002,IMM-UKF,jink,0.500,4.00,0.050,1,0.600,1,7.8750,10.0317,2.1567,1.9434,0.2915,0.1415,0.0452,6.0000,5.4042,1.9967,33.4474,0.5550,-42.0558,-22.0431,-32.3503,-24.8467,-32.2081,-25.1525,-36.0449,-22.3522,-47.6946,-19.0124,9.7055,-2.8035,9.8477,-3.1093,6.0110,-0.3091,45,0.1600,45,0,0.4982,0.4864,0.0154,4.6561,-4.2642,0.5584,-5.2508,-2.9033,0.0000,1,0.2070,0.0428,11.2393,-0.0008,1.000,70.00,342.76
11.4102,IMM-UKF,jink,0.500,4.00,0.050,1,0.600,1,7.9466,10.0847,2.1380,1.9825,0.2915,0.1415,0.0485,6.0000,5.4042,1.9911,34.7436,0.5501,-42.5519,-21.8767,-32.3503,-24.8467,-32.2081,-25.1525,-36.3241,-22.3441,-47.8011,-19.1445,10.2015,-2.9700,10.3437,-3.2758,6.2278,-0.4674,45,0.1700,45,0,0.4982,0.4864,0.0154,4.4654,-4.1138,0.5491,-5.2853,-2.8401,0.0000,1,0.2070,0.0428,11.2393,-0.0008,1.000,70.00,342.76
11.4202,IMM-UKF,jink,0.500,4.00,0.050,1,0.600,1,8.0172,10.1338,2.1165,2.0221,0.2915,0.1415,0.0515,6.0000,5.4042,1.9858,36.0434,0.5454,-43.0335,-21.7155,-32.3503,-24.8467,-32.2081,-25.1525,-36.5923,-22.3424,-47.9052,-19.2774,10.6832,-3.1311,10.8254,-3.4369,6.4412,-0.6269,45,0.1800,45,0,0.4982,0.4864,0.0154,4.2761,-3.9657,0.5384,-5.3190,-2.7765,0.0000,1,0.2070,0.0428,11.2393,-0.0008,1.000,70.00,342.76
11.4302,IMM-UKF,jink,0.500,4.00,0.050,1,0.600,1,8.0868,10.1791,2.0923,2.0624,0.2915,0.1415,0.0544,6.0000,5.4042,1.9805,37.3457,0.5409,-43.5014,-21.5594,-32.3503,-24.8467,-32.2081,-25.1525,-36.8501,-22.3472,-48.0069,-19.4123,11.1510,-3.2873,11.2932,-3.5931,6.6513,-0.7878,45,0.1900,45,0,0.4982,0.4864,0.0154,4.0882,-3.8198,0.5269,-5.3519,-2.7124,0.0000,1,0.2070,0.0428,11.2393,-0.0008,1.000,70.00,342.76
11.4402,IMM-UKF,jink,0.500,4.00,0.050,1,0.600,1,8.1552,10.2206,2.0654,2.1034,0.2915,0.1415,0.0571,6.0000,5.4042,1.9754,38.6499,0.5366,-43.9560,-21.4081,-32.3503,-24.8467,-32.2081,-25.1525,-37.0979,-22.3586,-48.1063,-19.5501,11.6057,-3.4386,11.7479,-3.7444,6.8581,-0.9505,45,0.2000,45,0,0.4982,0.4864,0.0154,3.9017,-3.6760,0.5148,-5.3841,-2.6480,0.0000,1,0.2070,0.0428,11.2393,-0.0008,1.000,70.00,342.76
11.4502,IMM-UKF,jink,0.500,4.00,0.050,1,0.600,1,8.2227,10.2585,2.0359,2.1449,0.2915,0.1415,0.0596,6.0000,5.4042,1.9705,39.9555,0.5324,-44.3980,-21.2614,-32.3503,-24.8467,-32.2081,-25.1525,-37.3361,-22.3764,-48.2033,-19.6912,12.0476,-3.5853,12.1898,-3.8911,7.0618,-1.1150,45,0.2100,45,0,0.4982,0.4864,0.0154,3.7166,-3.5344,0.5024,-5.4154,-2.5832,0.0000,1,0.2496,0.0511,11.2393,-0.0005,1.000,70.00,342.76
11.4602,IMM-UKF,jink,0.500,4.00,0.050,1,0.600,1,8.2890,10.2928,2.0038,2.1871,0.2915,0.1415,0.0620,6.0000,5.4042,1.9657,41.2620,0.5285,-44.8276,-21.1192,-32.3503,-24.8467,-32.2081,-25.1525,-37.5652,-22.4006,-48.2982,-19.8360,12.4773,-3.7275,12.6195,-4.0333,7.2624,-1.2814,45,0.2200,45,0,0.4982,0.4864,0.0154,3.5328,-3.3948,0.4898,-5.4460,-2.5180,0.0000,1,0.2496,0.0511,11.2393,-0.0005,1.000,70.00,342.76
11.4702,IMM-UKF,jink,0.500,4.00,0.050,1,0.600,1,8.3543,10.3235,1.9693,2.2299,0.2915,0.1415,0.0642,6.0000,5.4042,1.9611,42.5693,0.5247,-45.2455,-20.9812,-32.3503,-24.8467,-32.2081,-25.1525,-37.7855,-22.4310,-48.3908,-19.9846,12.8952,-3.8654,13.0374,-4.1712,7.4600,-1.4498,45,0.2300,45,0,0.4982,0.4864,0.0154,3.3505,-3.2572,0.4771,-5.4759,-2.4525,0.0000,1,0.2496,0.0511,11.2393,-0.0005,1.000,70.00,342.76
11.4802,IMM-UKF,jink,0.500,4.00,0.050,1,0.600,1,8.4185,10.3508,1.9323,2.2733,0.2915,0.1415,0.0663,6.0000,5.4042,1.9566,43.8776,0.5210,-45.6520,-20.8475,-32.3503,-24.8467,-32.2081,-25.1525,-37.9973,-22.4677,-48.4813,-20.1375,13.3017,-3.9992,13.4439,-4.3050,7.6547,-1.6203,45,0.2400,45,0,0.4982,0.4864,0.0154,3.1696,-3.1216,0.4643,-5.5049,-2.3866,0.0000,1,0.2496,0.0511,11.2393,-0.0005,1.000,70.00,342.76
11.4902,IMM-UKF,jink,0.500,4.00,0.050,1,0.600,1,8.4815,10.3745,1.8930,2.3174,0.2915,0.1415,0.0682,6.0000,5.4042,1.9523,45.1869,0.5175,-46.0476,-20.7177,-32.3503,-24.8467,-32.2081,-25.1525,-38.2011,-22.5106,-48.5698,-20.2947,13.6973,-4.1290,13.8395,-4.4348,7.8465,-1.7929,45,0.2500,45,0,0.4982,0.4864,0.0154,2.9902,-2.9880,0.4514,-5.5332,-2.3204,0.0000,1,0.2496,0.0511,11.2393,-0.0005,1.000,70.00,342.76
11.5002,IMM-UKF,jink,0.500,4.00,0.050,1,0.600,1,8.5435,10.3949,1.8513,2.3621,0.2915,0.1415,0.0699,6.0000,5.4042,1.9481,46.4973,0.5141,-46.4326,-20.5918,-32.3503,-24.8467,-32.2081,-25.1525,-38.3970,-22.5596,-48.6562,-20.4564,14.0822,-4.2549,14.2244,-4.5607,8.0355,-1.9678,45,0.2600,45,0,0.4982,0.4864,0.0154,2.8121,-2.8562,0.4386,-5.5606,-2.2538,0.0000,1,0.2496,0.0511,11.2393,-0.0005,1.000,70.00,342.76
11.5102,IMM-UKF,jink,0.500,4.00,0.050,1,0.600,1,8.6044,9.1177,0.5133,1.6135,0.2961,0.1435,0.0669,6.0000,6.0890,1.9875,7.2822,0.5109,-46.8073,-20.4696,-44.3980,-21.2614,-44.0465,-21.1934,-45.5991,-20.9212,-60.1489,-17.0919,2.4094,-0.7918,2.7608,-0.7238,1.2082,-0.4516,46,0.0600,46,0,0.7196,0.2719,0.0084,2.6354,-2.7263,0.4258,-5.5872,-2.1869,0.0000,1,0.2496,0.0511,11.4497,-0.0005,1.000,70.00,342.76
11.5202,IMM-UKF,jink,0.500,4.00,0.050,1,0.600,1,8.6642,9.1549,0.4907,1.6421,0.2961,0.1435,0.0684,6.0000,6.0890,1.9852,7.3887,0.5078,-47.1722,-20.3510,-44.3980,-21.2614,-44.0465,-21.1934,-45.9726,-20.8650,-60.4304,-17.1653,2.7742,-0.9104,3.1257,-0.8424,1.1996,-0.5140,46,0.0700,46,0,0.7196,0.2719,0.0084,2.4602,-2.5983,0.4131,-5.6131,-2.1197,0.0000,1,0.2496,0.0511,11.4497,-0.0005,1.000,70.00,342.76
11.5302,IMM-UKF,jink,0.500,4.00,0.050,1,0.600,1,8.7229,9.1886,0.4656,1.6712,0.2961,0.1435,0.0698,6.0000,6.0890,1.9831,7.5115,0.5048,-47.5275,-20.2359,-44.3980,-21.2614,-44.0465,-21.1934,-46.3387,-20.8162,-60.7149,-17.2425,3.1295,-1.0255,3.4810,-0.9575,1.1888,-0.5803,46,0.0800,46,0,0.7196,0.2719,0.0084,2.2864,-2.4720,0.4004,-5.6381,-2.0522,0.0000,1,0.2496,0.0511,11.4497,-0.0005,1.000,70.00,342.76
11.5402,IMM-UKF,jink,0.500,4.00,0.050,1,0.600,1,8.7805,9.2186,0.4381,1.7008,0.2961,0.1435,0.0710,6.0000,6.0890,1.9809,7.6520,0.5020,-47.8735,-20.1243,-44.3980,-21.2614,-44.0465,-21.1934,-46.6982,-20.7745,-61.0024,-17.3234,3.4755,-1.1371,3.8270,-1.0691,1.1754,-0.6502,46,0.0900,46,0,0.7196,0.2719,0.0084,2.1139,-2.3475,0.3878,-5.6623,-1.9844,0.0000,1,0.2496,0.0511,11.4497,-0.0005,1.000,70.00,342.76
11.5502,IMM-UKF,jink,0.500,4.00,0.050,1,0.600,1,8.8370,9.2452,0.4082,1.7310,0.2961,0.1435,0.0721,6.0000,6.0890,1.9789,7.8121,0.4993,-48.2106,-20.0159,-44.3980,-21.2614,-44.0465,-21.1934,-47.0513,-20.7397,-61.2933,-17.4081,3.8126,-1.2455,4.1640,-1.1775,1.1592,-0.7238,46,0.1000,46,0,0.7196,0.2719,0.0084,1.9429,-2.2247,0.3753,-5.6857,-1.9163,0.0000,1,0.2496,0.0511,11.4497,-0.0005,1.000,70.00,342.76
11.5602,IMM-UKF,jink,0.500,4.00,0.050,1,0.600,1,8.8924,9.2683,0.3760,1.7617,0.2961,0.1435,0.0731,6.0000,6.0890,1.9768,7.9932,0.4967,-48.5389,-19.9107,-44.3980,-21.2614,-44.0465,-21.1934,-47.3988,-20.7116,-61.5877,-17.4967,4.1409,-1.3507,4.4924,-1.2827,1.1401,-0.8009,46,0.1100,46,0,0.7196,0.2719,0.0084,1.7733,-2.1036,0.3629,-5.7083,-1.8480,0.0000,1,0.2496,0.0511,11.4497,-0.0005,1.000,70.00,342.76
11.5702,IMM-UKF,jink,0.500,4.00,0.050,1,0.600,1,8.9466,9.2880,0.3414,1.7930,0.2961,0.1435,0.0739,6.0000,6.0890,1.9748,8.1972,0.4942,-48.8588,-19.8085,-44.3980,-21.2614,-44.0465,-21.1934,-47.7409,-20.6901,-61.8860,-17.5893,4.4608,-1.4529,4.8122,-1.3849,1.1179,-0.8815,46,0.1200,46,0,0.7196,0.2719,0.0084,1.6051,-1.9841,0.3507,-5.7301,-1.7793,0.0000,1,0.2496,0.0511,11.4497,-0.0005,1.000,70.00,342.76
11.5802,IMM-UKF,jink,0.500,4.00,0.050,1,0.600,1,8.9998,9.3044,0.3046,1.8248,0.2961,0.1435,0.0746,6.0000,6.0890,1.9728,8.4258,0.4918,-49.1704,-19.7094,-44.3980,-21.2614,-44.0465,-21.1934,-48.0781,-20.6749,-62.1883,-17.6859,4.7725,-1.5520,5.1239,-1.4840,1.0923,-0.9655,46,0.1300,46,0,0.7196,0.2719,0.0084,1.4383,-1.8663,0.3385,-5.7510,-1.7105,0.0000,1,0.2496,0.0511,11.4497,-0.0005,1.000,70.00,342.76
11.5902,IMM-UKF,jink,0.500,4.00,0.050,1,0.600,1,9.0518,9.3174,0.2656,1.8572,0.2961,0.1435,0.0756,6.0000,6.0890,1.9775,8.6851,0.4898,-49.4753,-19.6132,-44.3980,-21.2614,-44.0465,-21.1934,-48.4109,-20.6660,-62.4949,-17.7867,5.0773,-1.6482,5.4288,-1.5802,1.0644,-1.0528,46,0.1400,46,0,0.7196,0.2719,0.0084,1.2729,-1.7501,0.3264,-5.7711,-1.6413,0.0000,1,0.2496,0.0511,11.4497,-0.0005,1.000,70.00,342.76
11.6002,IMM-UKF,jink,0.500,4.00,0.050,1,0.600,1,9.1028,9.3271,0.2244,1.8901,0.2961,0.1435,0.0765,6.0000,6.0890,1.9823,8.9715,0.4877,-49.7724,-19.5199,-44.3980,-21.2614,-44.0465,-21.1934,-48.7396,-20.6633,-62.8062,-17.8917,5.3745,-1.7415,5.7259,-1.6735,1.0328,-1.1434,46,0.1500,46,0,0.7196,0.2719,0.0084,1.1090,-1.6354,0.3145,-5.7904,-1.5720,0.0000,1,0.2496,0.0511,11.4497,-0.0005,1.000,70.00,342.76
11.6102,IMM-UKF,jink,0.500,4.00,0.050,1,0.600,1,9.1526,9.3337,0.1810,1.9236,0.2961,0.1435,0.0775,6.0000,6.0890,1.9824,9.2834,0.4855,-50.0611,-19.4293,-44.3980,-21.2614,-44.0465,-21.1934,-49.0646,-20.6666,-63.1223,-18.0010,5.6631,-1.8321,6.0146,-1.7641,0.9965,-1.2373,46,0.1600,46,0,0.7196,0.2719,0.0084,0.9464,-1.5222,0.3027,-5.8089,-1.5024,0.0000,1,0.2496,0.0511,11.4497,-0.0005,1.000,70.00,342.76
11.6202,IMM-UKF,jink,0.500,4.00,0.050,1,0.600,1,9.2014,9.3370,0.1357,1.9576,0.2961,0.1435,0.0785,6.0000,6.0890,1.9804,9.6245,0.4833,-50.3420,-19.3414,-44.3980,-21.2614,-44.0465,-21.1934,-49.3863,-20.6759,-63.4436,-18.1147,5.9441,-1.9200,6.2955,-1.8520,0.9557,-1.3345,46,0.1700,46,0,0.7196,0.2719,0.0084,0.7852,-1.4106,0.2911,-5.8265,-1.4325,0.0000,1,0.2496,0.0511,11.4497,-0.0005,1.000,70.00,342.76
11.6302,IMM-UKF,jink,0.500,4.00,0.050,1,0.600,1,9.2490,9.3372,0.0882,1.9921,0.2961,0.1435,0.0794,6.0000,6.0890,1.9786,9.9976,0.4812,-50.6158,-19.2561,-44.3980,-21.2614,-44.0465,-21.1934,-49.7050,-20.6910,-63.7704,-18.2329,6.2178,-2.0053,6.5693,-1.9373,0.9108,-1.4349,46,0.1800,46,0,0.7196,0.2719,0.0084,0.6253,-1.3004,0.2796,-5.8432,-1.3625,0.0000,1,0.2496,0.0511,11.4497,-0.0005,1.000,70.00,342.76
11.6402,IMM-UKF,jink,0.500,4.00,0.050,1,0.600,1,9.2955,9.3343,0.0389,2.0272,0.2961,0.1435,0.0801,6.0000,6.0890,1.9767,10.4039,0.4791,-50.8826,-19.1733,-44.3980,-21.2614,-44.0465,-21.1934,-50.0211,-20.7119,-64.1031,-18.3558,6.4846,-2.0881,6.8360,-2.0201,0.8614,-1.5386,46,0.1900,46,0,0.7196,0.2719,0.0084,0.4669,-1.1916,0.2682,-5.8592,-1.2923,0.0000,1,0.2496,0.0511,11.4497,-0.0005,1.000,70.00,342.76
11.6502,IMM-UKF,jink,0.500,4.00,0.050,1,0.600,1,9.3409,9.3284,-0.0125,2.0629,0.2961,0.1435,0.0808,6.0000,6.0890,1.9750,10.8445,0.4772,-51.1425,-19.0931,-44.3980,-21.2614,-44.0465,-21.1934,-50.3349,-20.7386,-64.4418,-18.4833,6.7445,-2.1683,7.0960,-2.1003,0.8076,-1.6455,46,0.2000,46,0,0.7196,0.2719,0.0084,0.3098,-1.0843,0.2569,-5.8743,-1.2219,0.0000,1,0.2496,0.0511,11.4497,-0.0005,1.000,70.00,342.76
11.6602,IMM-UKF,jink,0.500,4.00,0.050,1,0.600,1,9.3852,9.3196,-0.0657,2.0991,0.2961,0.1435,0.0813,6.0000,6.0890,1.9732,11.3206,0.4753,-51.3957,-19.0152,-44.3980,-21.2614,-44.0465,-21.1934,-50.6468,-20.7710,-64.7871,-18.6157,6.9977,-2.2462,7.3492,-2.1782,0.7489,-1.7558,46,0.2100,46,0,0.7196,0.2719,0.0084,0.1542,-0.9784,0.2458,-5.8885,-1.1513,0.0000,1,0.2496,0.0511,11.4497,-0.0005,1.000,70.00,342.76
11.6702,IMM-UKF,jink,0.500,4.00,0.050,1,0.600,1,9.4284,9.3077,-0.1207,2.1358,0.2961,0.1435,0.0818,6.0000,6.0890,1.9715,11.8334,0.4736,-51.6424,-18.9397,-44.3980,-21.2614,-44.0465,-21.1934,-50.9570,-20.8091,-65.1392,-18.7530,7.2444,-2.3217,7.5959,-2.2537,0.6854,-1.8694,46,0.2200,46,0,0.7196,0.2719,0.0084,-0.0002,-0.8738,0.2348,-5.9019,-1.0806,0.0000,1,0.2496,0.0511,11.4497,-0.0005,1.000,70.00,342.76
11.6802,IMM-UKF,jink,0.500,4.00,0.050,1,0.600,1,9.4706,9.2930,-0.1775,2.1730,0.2961,0.1435,0.0822,6.0000,6.0890,1.9697,12.3838,0.4719,-51.8827,-18.8665,-44.3980,-21.2614,-44.0465,-21.1934,-51.2659,-20.8528,-65.4986,-18.8954,7.4847,-2.3949,7.8362,-2.3269,0.6169,-1.9863,46,0.2300,46,0,0.7196,0.2719,0.0084,-0.1531,-0.7705,0.2240,-5.9144,-1.0097,0.0000,1,0.2496,0.0511,11.4497,-0.0005,1.000,70.00,342.76
11.6902,IMM-UKF,jink,0.500,4.00,0.050,1,0.600,1,9.5116,9.2755,-0.2361,2.2108,0.2961,0.1435,0.0824,6.0000,6.0890,1.9681,12.9730,0.4703,-52.1168,-18.7955,-44.3980,-21.2614,-44.0465,-21.1934,-51.5737,-20.9021,-65.8657,-19.0430,7.7188,-2.4659,8.0702,-2.3979,0.5431,-2.1066,46,0.2400,46,0,0.7196,0.2719,0.0084,-0.3047,-0.6686,0.2133,-5.9261,-0.9386,0.0000,1,0.2496,0.0511,11.4497,-0.0005,1.000,70.00,342.76
11.7002,IMM-UKF,jink,0.500,4.00,0.050,1,0.600,1,9.5515,9.2552,-0.2964,2.2490,0.2961,0.1435,0.0825,6.0000,6.0890,1.9664,13.6020,0.4688,-52.3447,-18.7267,-44.3980,-21.2614,-44.0465,-21.1934,-51.8809,-20.9571,-66.2409,-19.1959,7.9467,-2.5347,8.2982,-2.4667,0.4638,-2.2304,46,0.2500,46,0,0.7196,0.2719,0.0084,-0.4549,-0.5679,0.2027,-5.9370,-0.8675,0.0000,1,0.2897,0.0445,11.4497,-0.0013,1.000,70.00,342.76
11.7102,IMM-UKF,jink,0.500,4.00,0.050,1,0.600,1,9.5904,9.2321,-0.3583,2.2878,0.2961,0.1435,0.0826,6.0000,6.0890,1.9647,14.2717,0.4674,-52.5666,-18.6601,-44.3980,-21.2614,-44.0465,-21.1934,-52.1877,-21.0178,-66.6246,-19.3543,8.1687,-2.6013,8.5201,-2.5333,0.3790,-2.3577,46,0.2600,46,0,0.7196,0.2719,0.0084,-0.6038,-0.4685,0.1923,-5.9469,-0.7962,0.0000,1,0.2897,0.0445,11.4497,-0.0013,1.000,70.00,342.76
11.7202,IMM-UKF,jink,0.500,4.00,0.050,1,0.600,1,9.6281,9.2063,-0.4218,2.3271,0.2961,0.1435,0.0826,6.0000,6.0890,1.9631,14.9834,0.4661,-52.7827,-18.5956,-44.3980,-21.2614,-44.0465,-21.1934,-52.4944,-21.0841,-67.0173,-19.5183,8.3847,-2.6658,8.7362,-2.5978,0.2883,-2.4885,46,0.2700,46,0,0.7196,0.2719,0.0084,-0.7514,-0.3703,0.1820,-5.9561,-0.7247,0.0000,1,0.2897,0.0445,11.4497,-0.0013,1.000,70.00,342.76
11.7302,IMM-UKF,jink,0.500,4.00,0.050,1,0.600,1,9.6648,9.1779,-0.4869,2.3669,0.2961,0.1435,0.0824,6.0000,6.0890,1.9616,15.7379,0.4648,-52.9930,-18.5331,-44.3980,-21.2614,-44.0465,-21.1934,-52.8013,-21.1560,-67.4195,-19.6881,8.5950,-2.7283,8.9464,-2.6603,0.1917,-2.6229,46,0.2800,46,0,0.7196,0.2719,0.0084,-0.8976,-0.2734,0.1719,-5.9643,-0.6532,0.0000,1,0.2897,0.0445,11.4497,-0.0013,1.000,70.00,342.76
11.7402,IMM-UKF,jink,0.500,4.00,0.050,1,0.600,1,9.7004,9.1469,-0.5535,2.4072,0.2961,0.1435,0.0822,6.0000,6.0890,1.9600,16.5365,0.4636,-53.1976,-18.4727,-44.3980,-21.2614,-44.0465,-21.1934,-53.1087,-21.2337,-67.8317,-19.8638,8.7996,-2.7887,9.1510,-2.7208,0.0889,-2.7611,46,0.2900,46,0,0.7196,0.2719,0.0084,-1.0425,-0.1776,0.1619,-5.9717,-0.5816,0.0000,1,0.2897,0.0445,11.4497,-0.0013,1.000,70.00,342.76
11.7502,IMM-UKF,jink,0.500,4.00,0.050,1,0.600,1,9.7348,9.2738,-0.4610,1.4158,0.2987,0.1431,0.0793,6.0000,5.6607,1.6024,4.1748,0.4624,-53.3966,-18.4142,-52.3447,-18.7267,-52.0987,-18.8630,-52.8399,-18.8710,-65.2299,-15.7204,1.0519,-0.3126,1.2979,-0.4488,0.5568,-0.4568,47,0.0500,47,0,0.9855,0.0138,0.0008,-1.1861,-0.0830,0.1521,-5.9783,-0.5099,0.0000,1,0.2897,0.0445,11.6989,-0.0013,1.000,70.00,342.76
11.7602,IMM-UKF,jink,0.500,4.00,0.050,1,0.600,1,9.7683,9.2783,-0.4900,1.4358,0.2987,0.1431,0.0789,6.0000,5.6607,1.6003,3.9115,0.4614,-53.5902,-18.3576,-52.3447,-18.7267,-52.0987,-18.8630,-53.1109,-18.8278,-65.5339,-15.7712,1.2455,-0.3691,1.4915,-0.5054,0.4793,-0.4702,47,0.0600,47,0,0.9855,0.0138,0.0008,-1.3283,0.0105,0.1423,-5.9840,-0.4381,0.0000,1,0.2897,0.0445,11.6989,-0.0013,1.000,70.00,342.76
11.7702,IMM-UKF,jink,0.500,4.00,0.050,1,0.600,1,9.8006,9.2797,-0.5209,1.4563,0.2987,0.1431,0.0784,6.0000,5.6607,1.5983,3.6856,0.4604,-53.7784,-18.3030,-52.3447,-18.7267,-52.0987,-18.8630,-53.3801,-18.7898,-65.8437,-15.8254,1.4337,-0.4238,1.6797,-0.5600,0.3983,-0.4868,47,0.0700,47,0,0.9855,0.0138,0.0008,-1.4693,0.1028,0.1328,-5.9888,-0.3663,0.0000,1,0.2897,0.0445,11.6989,-0.0013,1.000,70.00,342.76
11.7802,IMM-UKF,jink,0.500,4.00,0.050,1,0.600,1,9.8319,9.2783,-0.5536,1.4773,0.2987,0.1431,0.0779,6.0000,5.6607,1.5962,3.5132,0.4594,-53.9613,-18.2502,-52.3447,-18.7267,-52.0987,-18.8630,-53.6479,-18.7567,-66.1597,-15.8830,1.6166,-0.4766,1.8626,-0.6128,0.3134,-0.5065,47,0.0800,47,0,0.9855,0.0138,0.0008,-1.6089,0.1941,0.1233,-5.9928,-0.2944,0.0000,1,0.2897,0.0445,11.6989,-0.0013,1.000,70.00,342.76
11.7902,IMM-UKF,jink,0.500,4.00,0.050,1,0.600,1,9.8621,9.2739,-0.5881,1.4988,0.2987,0.1431,0.0772,6.0000,5.6607,1.5943,3.4130,0.4585,-54.1390,-18.1992,-52.3447,-18.7267,-52.0987,-18.8630,-53.9145,-18.7285,-66.4822,-15.9441,1.7943,-0.5275,2.0403,-0.6637,0.2245,-0.5293,47,0.0900,47,0,0.9855,0.0138,0.0008,-1.7472,0.2843,0.1140,-5.9959,-0.2225,0.0000,1,0.2897,0.0445,11.6989,-0.0013,1.000,70.00,342.76
11.8002,IMM-UKF,jink,0.500,4.00,0.050,1,0.600,1,9.8912,9.2667,-0.6244,1.5208,0.2987,0.1431,0.0765,6.0000,5.6607,1.5924,3.4031,0.4577,-54.3116,-18.1501,-52.3447,-18.7267,-52.0987,-18.8630,-54.1802,-18.7051,-66.8116,-16.0088,1.9669,-0.5767,2.2129,-0.7129,0.1314,-0.5550,47,0.1000,47,0,0.9855,0.0138,0.0008,-1.8843,0.3734,0.1049,-5.9981,-0.1505,0.0000,1,0.2897,0.0445,11.6989,-0.0013,1.000,70.00,342.76
11.8102,IMM-UKF,jink,0.500,4.00,0.050,1,0.600,1,9.9192,9.2567,-0.6625,1.5433,0.2987,0.1431,0.0757,6.0000,5.6607,1.5906,3.4974,0.4570,-54.4791,-18.1027,-52.3447,-18.7267,-52.0987,-18.8630,-54.4452,-18.6864,-67.1483,-16.0770,2.1344,-0.6240,2.3804,-0.7603,0.0339,-0.5837,47,0.1100,47,0,0.9855,0.0138,0.0008,-2.0200,0.4615,0.0958,-5.9995,-0.0785,0.0000,1,0.2897,0.0445,11.6989,-0.0013,1.000,70.00,342.76
11.8202,IMM-UKF,jink,0.500,4.00,0.050,1,0.600,1,9.9462,9.2440,-0.7022,1.5664,0.2987,0.1431,0.0748,6.0000,5.6607,1.5888,3.7012,0.4560,-54.6417,-18.0571,-52.3447,-18.7267,-52.0987,-18.8630,-54.7098,-18.6724,-67.4926,-16.1489,2.2969,-0.6696,2.5430,-0.8059,-0.0682,-0.6153,47,0.1200,47,0,0.9855,0.0138,0.0008,-2.1545,0.5486,0.0869,-6.0000,-0.0065,0.0000,1,0.2897,0.0445,11.6989,-0.0013,1.000,70.00,342.76
11.8302,IMM-UKF,jink,0.500,4.00,0.050,1,0.600,1,9.9721,9.2286,-0.7436,1.5901,0.2987,0.1431,0.0739,6.0000,5.6607,1.5870,4.0098,0.4531,-54.7995,-18.0135,-52.3447,-18.7267,-52.0987,-18.8630,-54.9743,-18.6629,-67.8449,-16.2244,2.4548,-0.7132,2.7008,-0.8494,-0.1748,-0.6494,47,0.1300,47,0,0.9855,0.0138,0.0008,-2.2877,0.6348,0.0782,-5.9996,0.0655,0.0000,1,0.2897,0.0445,11.6989,-0.0013,1.000,70.00,342.76
11.8402,IMM-UKF,jink,0.500,4.00,0.050,1,0.600,1,9.9970,9.2105,-0.7865,1.6144,0.2987,0.1431,0.0731,6.0000,5.6607,1.5890,4.4149,0.4502,-54.9532,-17.9717,-52.3447,-18.7267,-52.0987,-18.8630,-55.2388,-18.6580,-68.2057,-16.3038,2.6085,-0.7551,2.8545,-0.8913,-0.2856,-0.6864,47,0.1400,47,0,0.9855,0.0138,0.0008,-2.4196,0.7199,0.0696,-5.9984,0.1375,0.0000,1,0.2897,0.0445,11.6989,-0.0013,1.000,70.00,342.76
11.8502,IMM-UKF,jink,0.500,4.00,0.050,1,0.600,1,10.0208,9.1897,-0.8310,1.6393,0.2987,0.1431,0.0723,6.0000,5.6607,1.5917,4.9081,0.4488,-55.1021,-17.9312,-52.3447,-18.7267,-52.0987,-18.8630,-55.5037,-18.6576,-68.5754,-16.3871,2.7574,-0.7955,3.0034,-0.9318,-0.4016,-0.7264,47,0.1500,47,0,0.9855,0.0138,0.0008,-2.5503,0.8041,0.0611,-5.9963,0.2094,0.0000,1,0.2897,0.0445,11.6989,-0.0013,1.000,70.00,342.76
11.8602,IMM-UKF,jink,0.500,4.00,0.050,1,0.600,1,10.0435,9.1664,-0.8771,1.6648,0.2987,0.1431,0.0717,6.0000,5.6607,1.5906,5.4801,0.4476,-55.2455,-17.8924,-52.3447,-18.7267,-52.0987,-18.8630,-55.7692,-18.6617,-68.9545,-16.4742,2.9008,-0.8343,3.1468,-0.9706,-0.5237,-0.7692,47,0.1600,47,0,0.9855,0.0138,0.0008,-2.6797,0.8874,0.0527,-5.9934,0.2814,0.0000,1,0.2897,0.0445,11.6989,-0.0013,1.000,70.00,342.76
11.8702,IMM-UKF,jink,0.500,4.00,0.050,1,0.600,1,10.0652,9.1406,-0.9246,1.6909,0.2987,0.1431,0.0711,6.0000,5.6607,1.5887,6.1213,0.4464,-55.3840,-17.8553,-52.3447,-18.7267,-52.0987,-18.8630,-56.0356,-18.6701,-69.3435,-16.5654,3.0393,-0.8715,3.2853,-1.0077,-0.6516,-0.8149,47,0.1700,47,0,0.9855,0.0138,0.0008,-2.8079,0.9697,0.0445,-5.9896,0.3533,0.0000,1,0.2897,0.0445,11.6989,-0.0013,1.000,70.00,342.76
11.8802,IMM-UKF,jink,0.500,4.00,0.050,1,0.600,1,10.0859,9.1123,-0.9736,1.7176,0.2987,0.1431,0.0703,6.0000,5.6607,1.5868,6.8248,0.4452,-55.5180,-17.8197,-52.3447,-18.7267,-52.0987,-18.8630,-56.3031,-18.6830,-69.7428,-16.6607,3.1733,-0.9070,3.4193,-1.0433,-0.7851,-0.8633,47,0.1800,47,0,0.9855,0.0138,0.0008,-2.9349,1.0512,0.0364,-5.9849,0.4251,0.0000,1,0.2897,0.0445,11.6989,-0.0013,1.000,70.00,342.76
11.8902,IMM-UKF,jink,0.500,4.00,0.050,1,0.600,1,10.1054,9.0815,-1.0239,1.7450,0.2987,0.1431,0.0696,6.0000,5.6607,1.5849,7.5860,0.4440,-55.6473,-17.7858,-52.3447,-18.7267,-52.0987,-18.8630,-56.5720,-18.7003,-70.1531,-16.7602,3.3026,-0.9410,3.5486,-1.0772,-0.9247,-0.9145,47,0.1900,47,0,0.9855,0.0138,0.0008,-3.0606,1.1318,0.0284,-5.9794,0.4969,0.0000,1,0.2897,0.0445,11.6989,-0.0013,1.000,70.00,342.76
11.9002,IMM-UKF,jink,0.500,4.00,0.050,1,0.600,1,10.1240,9.0483,-1.0756,1.7730,0.2987,0.1431,0.0687,6.0000,5.6607,1.5830,8.4015,0.4428,-55.7721,-17.7534,-52.3447,-18.7267,-52.0987,-18.8630,-56.8425,-18.7219,-70.5748,-16.8639,3.4274,-0.9734,3.6734,-1.1096,-1.0704,-0.9686,47,0.2000,47,0,0.9855,0.0138,0.0008,-3.1850,1.2115,0.0206,-5.9730,0.5686,0.0000,1,0.2897,0.0445,11.6989,-0.0013,1.000,70.00,342.76
11.9102,IMM-UKF,jink,0.500,4.00,0.050,1,0.600,1,10.1415,9.0128,-1.1287,1.8016,0.2987,0.1431,0.0678,6.0000,5.6607,1.5812,9.2690,0.4417,-55.8925,-17.7226,-52.3447,-18.7267,-52.0987,-18.8630,-57.1150,-18.7480,-71.0087,-16.9720,3.5478,-1.0042,3.7938,-1.1404,-1.2225,-1.0254,47,0.2100,47,0,0.9855,0.0138,0.0008,-3.3083,1.2905,0.0129,-5.9657,0.6403,0.0000,1,0.2897,0.0445,11.6989,-0.0013,1.000,70.00,342.76
11.9202,IMM-UKF,jink,0.500,4.00,0.050,1,0.600,1,10.1579,8.9749,-1.1830,1.8309,0.2987,0.1431,0.0668,6.0000,5.6607,1.5794,10.1875,0.4406,-56.0084,-17.6933,-52.3447,-18.7267,-52.0987,-18.8630,-57.3896,-18.7784,-71.4554,-17.0846,3.6637,-1.0335,3.9097,-1.1697,-1.3813,-1.0852,47,0.2200,47,0,0.9855,0.0138,0.0008,-3.4303,1.3686,0.0053,-5.9576,0.7118,0.0000,1,0.2897,0.0445,11.6989,-0.0013,1.000,70.00,342.76
11.9302,IMM-UKF,jink,0.500,4.00,0.050,1,0.600,1,10.1734,8.9348,-1.2385,1.8608,0.2987,0.1431,0.0657,6.0000,5.6607,1.5776,11.1564,0.4394,-56.1199,-17.6655,-52.3447,-18.7267,-52.0987,-18.8630,-57.6668,-18.8133,-71.9155,-17.2017,3.7752,-1.0612,4.0212,-1.1974,-1.5469,-1.1478,47,0.2300,47,0,0.9855,0.0138,0.0008,-3.5512,1.4459,-0.0021,-5.9487,0.7832,0.0000,1,0.2897,0.0445,11.6989,-0.0013,1.000,70.00,342.76
11.9402,IMM-UKF,jink,0.500,4.00,0.050,1,0.600,1,10.1877,8.8924,-1.2953,1.8914,0.2987,0.1431,0.0646,6.0000,5.6607,1.5759,12.1754,0.4383,-56.2270,-17.6393,-52.3447,-18.7267,-52.0987,-18.8630,-57.9467,-18.8526,-72.3897,-17.3235,3.8823,-1.0874,4.1283,-1.2237,-1.7196,-1.2133,47,0.2400,47,0,0.9855,0.0138,0.0008,-3.6708,1.5224,-0.0095,-5.9388,0.8546,0.0000,1,0.2897,0.0445,11.6989,-0.0013,1.000,70.00,342.76
11.9502,IMM-UKF,jink,0.500,4.00,0.050,1,0.600,1,10.2011,8.8479,-1.3532,1.9226,0.2987,0.1431,0.0634,6.0000,5.6607,1.5742,13.2451,0.4372,-56.3298,-17.6146,-52.3447,-18.7267,-52.0987,-18.8630,-58.2296,-18.8963,-72.8789,-17.4501,3.9851,-1.1121,4.2312,-1.2484,-1.8998,-1.2817,47,0.2500,47,0,0.9855,0.0138,0.0008,-3.7892,1.5981,-0.0167,-5.9281,0.9258,0.0000,1,0.2897,0.0445,11.6989,-0.0013,1.000,70.00,342.76
11.9602,IMM-UKF,jink,0.500,4.00,0.050,1,0.600,1,10.2134,8.8012,-1.4122,1.9544,0.2987,0.1431,0.0622,6.0000,5.6607,1.5726,14.3658,0.4361,-56.4284,-17.5914,-52.3447,-18.7267,-52.0987,-18.8630,-58.5159,-18.9445,-73.3838,-17.5815,4.0837,-1.1354,4.3297,-1.2716,-2.0875,-1.3532,47,0.2600,47,0,0.9855,0.0138,0.0008,-3.9065,1.6731,-0.0237,-5.9166,0.9968,0.0000,1,0.2897,0.0445,11.6989,-0.0013,1.000,70.00,342.76
11.9702,IMM-UKF,jink,0.500,4.00,0.050,1,0.600,1,10.2247,8.7524,-1.4723,1.9869,0.2987,0.1431,0.0609,6.0000,5.6607,1.5709,15.5385,0.4350,-56.5226,-17.5696,-52.3447,-18.7267,-52.0987,-18.8630,-58.8059,-18.9973,-73.9052,-17.7179,4.1779,-1.1571,4.4239,-1.2933,-2.2833,-1.4276,47,0.2700,47,0,0.9855,0.0138,0.0008,-4.0225,1.7474,-0.0307,-5.9042,1.0678,0.0000,1,0.2897,0.0445,11.6989,-0.0013,1.000,70.00,342.76
11.9802,IMM-UKF,jink,0.500,4.00,0.050,1,0.600,1,10.2349,8.7015,-1.5334,2.0200,0.2987,0.1431,0.0595,6.0000,5.6607,1.5693,16.7643,0.4340,-56.6127,-17.5494,-52.3447,-18.7267,-52.0987,-18.8630,-59.0999,-19.0546,-74.4441,-17.8593,4.2680,-1.1774,4.5140,-1.3136,-2.4872,-1.5052,47,0.2800,47,0,0.9855,0.0138,0.0008,-4.1374,1.8210,-0.0375,-5.8910,1.1385,0.0000,1,0.2897,0.0445,11.6989,-0.0013,1.000,70.00,342.76
11.9902,IMM-UKF,jink,0.500,4.00,0.050,1,0.600,1,10.2441,8.6486,-1.5956,2.0538,0.2987,0.1431,0.0581,6.0000,5.6607,1.5677,18.0446,0.4329,-56.6985,-17.5306,-52.3447,-18.7267,-52.0987,-18.8630,-59.3982,-19.1165,-75.0013,-18.0059,4.3538,-1.1962,4.5998,-1.3324,-2.6997,-1.5859,47,0.2900,47,0,0.9855,0.0138,0.0008,-4.2511,1.8939,-0.0442,-5.8769,1.2091,0.0000,1,0.2735,0.0431,11.6989,0.0017,1.000,70.00,342.76
12.0002,IMM-UKF,jink,0.500,4.00,0.050,1,0.600,1,10.2523,8.5937,-1.6586,2.0882,0.2987,0.1431,0.0566,6.0000,5.6607,1.5662,19.3807,0.4318,-56.7802,-17.5132,-52.3447,-18.7267,-52.0987,-18.8630,-59.7012,-19.1831,-75.5780,-18.1578,4.4355,-1.2135,4.6815,-1.3497,-2.9210,-1.6699,47,0.3000,47,0,0.9855,0.0138,0.0008,-4.3637,1.9661,-0.0508,-5.8620,1.2796,0.0000,1,0.2735,0.0431,11.6989,0.0017,1.000,70.00,342.76
12.0102,IMM-UKF,jink,0.500,4.00,0.050,1,0.600,1,10.2590,8.5369,-1.7221,2.1232,0.2987,0.1431,0.0578,6.0000,5.6607,1.5669,20.7257,0.4316,-56.8659,-17.4981,-52.3447,-18.7267,-52.0987,-18.8630,-60.0080,-19.2544,-76.1716,-18.3151,4.5212,-1.2287,4.7672,-1.3649,-3.1421,-1.7564,47,0.3100,47,0,0.9855,0.0138,0.0008,-4.4754,2.0371,-0.0573,-5.8769,1.2091,0.0000,1,0.2735,0.0431,11.6989,0.0017,1.000,70.00,342.76
12.0202,IMM-UKF,jink,0.500,4.00,0.050,1,0.600,1,10.2642,8.4782,-1.7860,2.1588,0.2987,0.1431,0.0589,6.0000,5.6607,1.5677,22.0813,0.4314,-56.9553,-17.4852,-52.3447,-18.7267,-52.0987,-18.8630,-60.3187,-19.3305,-76.7831,-18.4781,4.6106,-1.2416,4.8566,-1.3778,-3.3634,-1.8453,47,0.3200,47,0,0.9855,0.0138,0.0008,-4.5862,2.1070,-0.0637,-5.8910,1.1385,0.0000,1,0.2735,0.0431,11.6989,0.0017,1.000,70.00,342.76
12.0302,IMM-UKF,jink,0.500,4.00,0.050,1,0.600,1,10.2679,8.4177,-1.8503,2.1950,0.2987,0.1431,0.0600,6.0000,5.6607,1.5685,23.4479,0.4313,-57.0484,-17.4746,-52.3447,-18.7267,-52.0987,-18.8630,-60.6336,-19.4114,-77.4132,-18.6469,4.7037,-1.2522,4.9497,-1.3884,-3.5852,-1.9369,47,0.3300,47,0,0.9855,0.0138,0.0008,-4.6962,2.1758,-0.0700,-5.9042,1.0678,0.0000,1,0.2735,0.0431,11.6989,0.0017,1.000,70.00,342.76
12.0402,IMM-UKF,jink,0.500,4.00,0.050,1,0.600,1,10.2701,9.0154,-1.2547,1.4713,0.2992,0.1403,0.0605,6.0000,5.4897,0.8833,3.7657,0.4312,-57.1451,-17.4662,-56.6985,-17.5306,-56.5686,-17.4512,-57.7829,-17.3058,-68.3383,-13.9406,0.4466,-0.0644,0.5765,0.0150,-0.6378,0.1605,48,0.0500,48,0,0.9910,0.0082,0.0008,-4.8053,2.2434,-0.0762,-5.9166,0.9968,0.0000,1,0.2735,0.0431,11.9919,0.0017,1.000,70.00,342.76
12.0502,IMM-UKF,jink,0.500,4.00,0.050,1,0.600,1,10.2709,8.9915,-1.2794,1.4899,0.2992,0.1403,0.0615,6.0000,5.4897,0.8840,4.3592,0.4312,-57.2455,-17.4601,-56.6985,-17.5306,-56.5686,-17.4512,-57.9797,-17.2605,-68.6514,-13.9561,0.5470,-0.0705,0.6769,0.0089,-0.7342,0.1996,48,0.0600,48,0,0.9910,0.0082,0.0008,-4.9136,2.3098,-0.0823,-5.9281,0.9258,0.0000,1,0.2735,0.0431,11.9919,0.0017,1.000,70.00,342.76
12.0602,IMM-UKF,jink,0.500,4.00,0.050,1,0.600,1,10.2701,8.9653,-1.3049,1.5089,0.2992,0.1403,0.0624,6.0000,5.4897,0.8848,4.9353,0.4313,-57.3495,-17.4562,-56.6985,-17.5306,-56.5686,-17.4512,-58.1771,-17.2187,-68.9707,-13.9740,0.6510,-0.0744,0.7809,0.0050,-0.8276,0.2375,48,0.0700,48,0,0.9910,0.0082,0.0008,-5.0211,2.3752,-0.0883,-5.9388,0.8546,0.0000,1,0.2735,0.0431,11.9919,0.0017,1.000,70.00,342.76
12.0702,IMM-UKF,jink,0.500,4.00,0.050,1,0.600,1,10.2679,8.9368,-1.3311,1.5283,0.2992,0.1403,0.0633,6.0000,5.4897,0.8855,5.4938,0.4314,-57.4572,-17.4545,-56.6985,-17.5306,-56.5686,-17.4512,-58.3752,-17.1804,-69.2965,-13.9945,0.7587,-0.0760,0.8886,0.0033,-0.9180,0.2741,48,0.0800,48,0,0.9910,0.0082,0.0008,-5.1278,2.4393,-0.0943,-5.9487,0.7832,0.0000,1,0.2735,0.0431,11.9919,0.0017,1.000,70.00,342.76
12.0802,IMM-UKF,jink,0.500,4.00,0.050,1,0.600,1,10.2643,8.9061,-1.3581,1.5483,0.2992,0.1403,0.0642,6.0000,5.4897,0.8862,6.0349,0.4316,-57.5685,-17.4551,-56.6985,-17.5306,-56.5686,-17.4512,-58.5740,-17.1455,-69.6291,-14.0177,0.8700,-0.0755,0.9999,0.0039,-1.0055,0.3096,48,0.0900,48,0,0.9910,0.0082,0.0008,-5.2338,2.5023,-0.1001,-5.9576,0.7118,0.0000,1,0.2735,0.0431,11.9919,0.0017,1.000,70.00,342.76
12.0902,IMM-UKF,jink,0.500,4.00,0.050,1,0.600,1,10.2592,8.8733,-1.3859,1.5687,0.2992,0.1403,0.0650,6.0000,5.4897,0.8868,6.5587,0.4319,-57.6835,-17.4578,-56.6985,-17.5306,-56.5686,-17.4512,-58.7736,-17.1139,-69.9685,-14.0435,0.9850,-0.0728,1.1149,0.0066,-1.0901,0.3439,48,0.1000,48,0,0.9910,0.0082,0.0008,-5.3389,2.5642,-0.1058,-5.9657,0.6403,0.0000,1,0.2735,0.0431,11.9919,0.0017,1.000,70.00,342.76
12.1002,IMM-UKF,jink,0.500,4.00,0.050,1,0.600,1,10.2527,8.8383,-1.4143,1.5897,0.2992,0.1403,0.0657,6.0000,5.4897,0.8874,7.0654,0.4322,-57.8021,-17.4627,-56.6985,-17.5306,-56.5686,-17.4512,-58.9740,-17.0856,-70.3152,-14.0720,1.1036,-0.0679,1.2335,0.0115,-1.1719,0.3771,48,0.1100,48,0,0.9910,0.0082,0.0008,-5.4433,2.6250,-0.1115,-5.9730,0.5686,0.0000,1,0.2735,0.0431,11.9919,0.0017,1.000,70.00,342.76
12.1102,IMM-UKF,jink,0.500,4.00,0.050,1,0.600,1,10.2447,8.8013,-1.4434,1.6112,0.2992,0.1403,0.0665,6.0000,5.4897,0.8879,7.5553,0.4326,-57.9244,-17.4698,-56.6985,-17.5306,-56.5686,-17.4512,-59.1753,-17.0606,-70.6692,-14.1033,1.2259,-0.0607,1.3557,0.0187,-1.2510,0.4093,48,0.1200,48,0,0.9910,0.0082,0.0008,-5.5469,2.6846,-0.1170,-5.9794,0.4969,0.0000,1,0.2735,0.0431,11.9919,0.0017,1.000,70.00,342.76
12.1202,IMM-UKF,jink,0.500,4.00,0.050,1,0.600,1,10.2353,8.7621,-1.4732,1.6333,0.2992,0.1403,0.0672,6.0000,5.4897,0.8885,8.0282,0.4331,-58.0503,-17.4791,-56.6985,-17.5306,-56.5686,-17.4512,-59.3775,-17.0388,-71.0310,-14.1375,1.3518,-0.0514,1.4817,0.0280,-1.3272,0.4403,48,0.1300,48,0,0.9910,0.0082,0.0008,-5.6498,2.7430,-0.1225,-5.9849,0.4251,0.0000,1,0.2735,0.0431,11.9919,0.0017,1.000,70.00,342.76
12.1302,IMM-UKF,jink,0.500,4.00,0.050,1,0.600,1,10.2245,8.7210,-1.5036,1.6560,0.2992,0.1403,0.0678,6.0000,5.4897,0.8890,8.4845,0.4337,-58.1799,-17.4907,-56.6985,-17.5306,-56.5686,-17.4512,-59.5807,-17.0203,-71.4007,-14.1746,1.4814,-0.0399,1.6113,0.0395,-1.4008,0.4704,48,0.1400,48,0,0.9910,0.0082,0.0008,-5.7520,2.8004,-0.1278,-5.9896,0.3533,0.0000,1,0.2735,0.0431,11.9919,0.0017,1.000,70.00,342.76
12.1402,IMM-UKF,jink,0.500,4.00,0.050,1,0.600,1,10.2124,8.6778,-1.5345,1.6792,0.2992,0.1403,0.0684,6.0000,5.4897,0.8894,8.9244,0.4343,-58.3132,-17.5043,-56.6985,-17.5306,-56.5686,-17.4512,-59.7848,-17.0050,-71.7788,-14.2147,1.6147,-0.0262,1.7446,0.0532,-1.4716,0.4994,48,0.1500,48,0,0.9910,0.0082,0.0008,-5.8534,2.8566,-0.1331,-5.9934,0.2814,0.0000,1,0.2735,0.0431,11.9919,0.0017,1.000,70.00,342.76
12.1502,IMM-UKF,jink,0.500,4.00,0.050,1,0.600,1,10.1988,8.6327,-1.5661,1.7030,0.2992,0.1403,0.0690,6.0000,5.4897,0.8898,9.3477,0.4350,-58.4502,-17.5202,-56.6985,-17.5306,-56.5686,-17.4512,-59.9900,-16.9928,-72.1654,-14.2579,1.7517,-0.0103,1.8816,0.0690,-1.5398,0.5274,48,0.1600,48,0,0.9910,0.0082,0.0008,-5.9541,2.9116,-0.1383,-5.9963,0.2094,0.0000,1,0.2735,0.0431,11.9919,0.0017,1.000,70.00,342.76
12.1602,IMM-UKF,jink,0.500,4.00,0.050,1,0.600,1,10.1838,8.5857,-1.5982,1.7275,0.2992,0.1403,0.0695,6.0000,5.4897,0.8902,9.7547,0.4357,-58.5909,-17.5383,-56.6985,-17.5306,-56.5686,-17.4512,-60.1962,-16.9839,-72.5610,-14.3043,1.8924,0.0078,2.0223,0.0871,-1.6053,0.5545,48,0.1700,48,0,0.9910,0.0082,0.0008,-6.0542,2.9655,-0.1434,-5.9984,0.1375,0.0000,1,0.2735,0.0431,11.9919,0.0017,1.000,70.00,342.76
12.1702,IMM-UKF,jink,0.500,4.00,0.050,1,0.600,1,10.1675,8.5367,-1.6308,1.7525,0.2992,0.1403,0.0700,6.0000,5.4897,0.8905,10.1454,0.4366,-58.7353,-17.5586,-56.6985,-17.5306,-56.5686,-17.4512,-60.4035,-16.9781,-72.9658,-14.3540,2.0368,0.0281,2.1667,0.1074,-1.6681,0.5805,48,0.1800,48,0,0.9910,0.0082,0.0008,-6.1535,3.0183,-0.1485,-5.9996,0.0655,0.0000,1,0.2735,0.0431,11.9919,0.0017,1.000,70.00,342.76
12.1802,IMM-UKF,jink,0.500,4.00,0.050,1,0.600,1,10.1498,8.4859,-1.6639,1.7782,0.2992,0.1403,0.0705,6.0000,5.4897,0.8909,10.5198,0.4375,-58.8836,-17.5811,-56.6985,-17.5306,-56.5686,-17.4512,-60.6119,-16.9755,-73.3803,-14.4071,2.1851,0.0506,2.3149,0.1300,-1.7283,0.6056,48,0.1900,48,0,0.9910,0.0082,0.0008,-6.2522,3.0699,-0.1534,-6.0000,-0.0065,0.0000,1,0.2735,0.0431,11.9919,0.0017,1.000,70.00,342.76
12.1902,IMM-UKF,jink,0.500,4.00,0.050,1,0.600,1,10.1307,8.4333,-1.6975,1.8046,0.2992,0.1403,0.0709,6.0000,5.4897,0.8911,10.8778,0.4385,-59.0355,-17.6059,-56.6985,-17.5306,-56.5686,-17.4512,-60.8214,-16.9761,-73.8049,-14.4636,2.3370,0.0753,2.4669,0.1547,-1.7859,0.6298,48,0.2000,48,0,0.9910,0.0082,0.0008,-6.3502,3.1204,-0.1582,-5.9995,-0.0785,0.0000,1,0.2735,0.0431,11.9919,0.0017,1.000,70.00,342.76
12.2002,IMM-UKF,jink,0.500,4.00,0.050,1,0.600,1,10.1103,8.3788,-1.7315,1.8316,0.2992,0.1403,0.0713,6.0000,5.4897,0.8913,11.2196,0.4396,-59.1913,-17.6329,-56.6985,-17.5306,-56.5686,-17.4512,-61.0321,-16.9799,-74.2399,-14.5239,2.4928,0.1023,2.6227,0.1817,-1.8408,0.6530,48,0.2100,48,0,0.9910,0.0082,0.0008,-6.4475,3.1698,-0.1630,-5.9981,-0.1505,0.0000,1,0.2735,0.0431,11.9919,0.0017,1.000,70.00,342.76
12.2102,IMM-UKF,jink,0.500,4.00,0.050,1,0.600,1,10.0886,8.3226,-1.7660,1.8592,0.2992,0.1403,0.0717,6.0000,5.4897,0.8914,11.5451,0.4407,-59.3509,-17.6621,-56.6985,-17.5306,-56.5686,-17.4512,-61.2439,-16.9869,-74.6859,-14.5879,2.6524,0.1315,2.7823,0.2109,-1.8930,0.6752,48,0.2200,48,0,0.9910,0.0082,0.0008,-6.5442,3.2180,-0.1677,-5.9959,-0.2225,0.0000,1,0.2735,0.0431,11.9919,0.0017,1.000,70.00,342.76
12.2202,IMM-UKF,jink,0.500,4.00,0.050,1,0.600,1,10.0655,8.2646,-1.8009,1.8875,0.2992,0.1403,0.0722,6.0000,5.4897,0.8887,11.8570,0.4420,-59.5138,-17.6936,-56.6985,-17.5306,-56.5686,-17.4512,-61.4570,-16.9972,-75.1433,-14.6558,2.8153,0.1630,2.9452,0.2424,-1.9432,0.6964,48,0.2300,48,0,0.9910,0.0082,0.0008,-6.6403,3.2651,-0.1723,-5.9928,-0.2944,0.0000,1,0.2735,0.0431,11.9919,0.0017,1.000,70.00,342.76
12.2302,IMM-UKF,jink,0.500,4.00,0.050,1,0.600,1,10.0411,8.2050,-1.8361,1.9164,0.2992,0.1403,0.0727,6.0000,5.4897,0.8859,12.1521,0.4435,-59.6806,-17.7274,-56.6985,-17.5306,-56.5686,-17.4512,-61.6712,-17.0108,-75.6126,-14.7278,2.9821,0.1968,3.1120,0.2762,-1.9906,0.7166,48,0.2400,48,0,0.9910,0.0082,0.0008,-6.7357,3.3110,-0.1768,-5.9888,-0.3663,0.0000,1,0.2735,0.0431,11.9919,0.0017,1.000,70.00,342.76
12.2402,IMM-UKF,jink,0.500,4.00,0.050,1,0.600,1,10.0154,8.1436,-1.8718,1.9460,0.2992,0.1403,0.0732,6.0000,5.4897,0.8826,12.4301,0.4460,-59.8513,-17.7633,-56.6985,-17.5306,-56.5686,-17.4512,-61.8867,-17.0276,-76.0944,-14.8040,3.1528,0.2327,3.2827,0.3121,-2.0353,0.7357,48,0.2500,48,0,0.9910,0.0082,0.0008,-6.8305,3.3558,-0.1812,-5.9840,-0.4381,0.0000,1,0.2735,0.0431,11.9919,0.0017,1.000,70.00,342.76
12.2502,IMM-UKF,jink,0.500,4.00,0.050,1,0.600,1,9.9884,8.0806,-1.9078,1.9763,0.2992,0.1403,0.0736,6.0000,5.4897,0.8797,12.6903,0.4486,-60.0261,-17.8016,-56.6985,-17.5306,-56.5686,-17.4512,-62.1033,-17.0478,-76.5892,-14.8847,3.3276,0.2710,3.4575,0.3504,-2.0772,0.7538,48,0.2600,48,0,0.9910,0.0082,0.0008,-6.9247,3.3994,-0.1856,-5.9783,-0.5099,0.0000,1,0.2735,0.0431,11.9919,0.0017,1.000,70.00,342.76
12.2602,IMM-UKF,jink,0.500,4.00,0.050,1,0.600,1,9.9601,8.0160,-1.9441,2.0072,0.2992,0.1403,0.0742,6.0000,5.4897,0.8791,12.9307,0.4511,-60.2054,-17.8422,-56.6985,-17.5306,-56.5686,-17.4512,-62.3212,-17.0714,-77.0977,-14.9700,3.5069,0.3116,3.6368,0.3910,-2.1158,0.7708,48,0.2700,48,0,0.9910,0.0082,0.0008,-7.0183,3.4419,-0.1898,-5.9717,-0.5816,0.0000,1,0.2735,0.0431,11.9919,0.0017,1.000,70.00,342.76
12.2702,IMM-UKF,jink,0.500,4.00,0.050,1,0.600,1,9.9305,7.9498,-1.9807,2.0388,0.2992,0.1403,0.0747,6.0000,5.4897,0.8785,13.1534,0.4537,-60.3887,-17.8851,-56.6985,-17.5306,-56.5686,-17.4512,-62.5402,-17.0984,-77.6206,-15.0601,3.6902,0.3546,3.8201,0.4340,-2.1515,0.7867,48,0.2800,48,0,0.9910,0.0082,0.0008,-7.1112,3.4832,-0.1940,-5.9643,-0.6532,0.0000,1,0.2275,0.0580,11.9919,0.0012,1.000,70.00,342.76
12.2802,IMM-UKF,jink,0.500,4.00,0.050,1,0.600,1,9.8997,7.8821,-2.0176,2.0711,0.2992,0.1403,0.0753,6.0000,5.4897,0.8779,13.3580,0.4563,-60.5761,-17.9305,-56.6985,-17.5306,-56.5686,-17.4512,-62.7605,-17.1290,-78.1585,-15.1553,3.8776,0.3999,4.0075,0.4793,-2.1844,0.8015,48,0.2900,48,0,0.9910,0.0082,0.0008,-7.2036,3.5234,-0.1981,-5.9561,-0.7247,0.0000,1,0.2275,0.0580,11.9919,0.0012,1.000,70.00,342.76
12.2902,IMM-UKF,jink,0.500,4.00,0.050,1,0.600,1,9.8676,7.8128,-2.0548,2.1040,0.2992,0.1403,0.0757,6.0000,5.4897,0.8772,13.5441,0.4591,-60.7677,-17.9783,-56.6985,-17.5306,-56.5686,-17.4512,-62.9819,-17.1631,-78.7123,-15.2558,4.0692,0.4477,4.1991,0.5271,-2.2142,0.8152,48,0.3000,48,0,0.9910,0.0082,0.0008,-7.2955,3.5625,-0.2021,-5.9469,-0.7962,0.0000,1,0.2275,0.0580,11.9919,0.0012,1.000,70.00,342.76
12.3002,IMM-UKF,jink,0.500,4.00,0.050,1,0.600,1,9.8342,7.7420,-2.0922,2.1376,0.2992,0.1403,0.0762,6.0000,5.4897,0.8771,13.7119,0.4607,-60.9634,-18.0288,-56.6985,-17.5306,-56.5686,-17.4512,-63.2046,-17.2008,-79.2827,-15.3619,4.2649,0.4982,4.3948,0.5776,-2.2411,0.8279,48,0.3100,48,0,0.9910,0.0082,0.0008,-7.3867,3.6003,-0.2060,-5.9370,-0.8675,0.0000,1,0.2275,0.0580,11.9919,0.0012,1.000,70.00,342.76
12.3102,IMM-UKF,jink,0.500,4.00,0.050,1,0.600,1,9.7996,7.6697,-2.1299,2.1718,0.2992,0.1403,0.0766,6.0000,5.4897,0.8773,13.8603,0.4618,-61.1634,-18.0818,-56.6985,-17.5306,-56.5686,-17.4512,-63.4283,-17.2423,-79.8708,-15.4739,4.4649,0.5512,4.5948,0.6306,-2.2649,0.8395,48,0.3200,48,0,0.9910,0.0082,0.0008,-7.4774,3.6371,-0.2098,-5.9261,-0.9386,0.0000,1,0.2275,0.0580,11.9919,0.0012,1.000,70.00,342.76
12.3202,IMM-UKF,jink,0.500,4.00,0.050,1,0.600,1,9.7638,7.5960,-2.1678,2.2067,0.2992,0.1403,0.0770,6.0000,5.4897,0.8775,13.9889,0.4630,-61.3677,-18.1374,-56.6985,-17.5306,-56.5686,-17.4512,-63.6532,-17.2876,-80.4773,-15.5920,4.6692,0.6068,4.7991,0.6862,-2.2855,0.8498,48,0.3300,48,0,0.9910,0.0082,0.0008,-7.5675,3.6726,-0.2135,-5.9144,-1.0097,0.0000,1,0.2275,0.0580,11.9919,0.0012,1.000,70.00,342.76
12.3302,IMM-UKF,jink,0.500,4.00,0.050,1,0.600,1,9.7268,8.1143,-1.6125,1.3801,0.3010,0.1395,0.0755,6.0000,5.2520,0.8172,1.0776,0.4643,-61.5764,-18.1955,-60.3887,-17.8851,-60.2881,-17.9799,-61.3892,-18.1673,-71.6212,-19.3045,1.1877,0.3104,1.2883,0.2156,0.1873,0.0282,49,0.0600,49,0,0.9898,0.0098,0.0004,-7.6571,3.7070,-0.2172,-5.9019,-1.0806,0.0000,1,0.2275,0.0580,12.2714,0.0012,1.000,70.00,342.76
12.3402,IMM-UKF,jink,0.500,4.00,0.050,1,0.600,1,9.6885,8.0677,-1.6208,1.3971,0.3010,0.1395,0.0758,6.0000,5.2520,0.8187,1.4703,0.4655,-61.7895,-18.2562,-60.3887,-17.8851,-60.2881,-17.9799,-61.5372,-18.2015,-71.9138,-19.4768,1.4008,0.3711,1.5014,0.2763,0.2523,0.0547,49,0.0700,49,0,0.9898,0.0098,0.0004,-7.7461,3.7402,-0.2208,-5.8885,-1.1513,0.0000,1,0.2275,0.0580,12.2714,0.0012,1.000,70.00,342.76
12.3502,IMM-UKF,jink,0.500,4.00,0.050,1,0.600,1,9.6491,8.0194,-1.6296,1.4147,0.3010,0.1395,0.0761,6.0000,5.2520,0.8204,1.8930,0.4669,-62.0071,-18.3196,-60.3887,-17.8851,-60.2881,-17.9799,-61.6847,-18.2395,-72.2109,-19.6579,1.6184,0.4345,1.7190,0.3397,0.3224,0.0801,49,0.0800,49,0,0.9898,0.0098,0.0004,-7.8347,3.7722,-0.2242,-5.8743,-1.2219,0.0000,1,0.2275,0.0580,12.2714,0.0012,1.000,70.00,342.76
12.3602,IMM-UKF,jink,0.500,4.00,0.050,1,0.600,1,9.6085,7.9695,-1.6389,1.4328,0.3010,0.1395,0.0764,6.0000,5.2520,0.8221,2.3437,0.4683,-62.2293,-18.3856,-60.3887,-17.8851,-60.2881,-17.9799,-61.8314,-18.2815,-72.5125,-19.8483,1.8405,0.5005,1.9412,0.4058,0.3979,0.1042,49,0.0900,49,0,0.9898,0.0098,0.0004,-7.9226,3.8031,-0.2276,-5.8592,-1.2923,0.0000,1,0.2275,0.0580,12.2714,0.0012,1.000,70.00,342.76
12.3702,IMM-UKF,jink,0.500,4.00,0.050,1,0.600,1,9.5667,7.9180,-1.6487,1.4514,0.3010,0.1395,0.0766,6.0000,5.2520,0.8238,2.8221,0.4698,-62.4560,-18.4544,-60.3887,-17.8851,-60.2881,-17.9799,-61.9773,-18.3274,-72.8187,-20.0484,2.0673,0.5693,2.1679,0.4745,0.4788,0.1270,49,0.1000,49,0,0.9898,0.0098,0.0004,-8.0101,3.8327,-0.2309,-5.8432,-1.3625,0.0000,1,0.2275,0.0580,12.2714,0.0012,1.000,70.00,342.76
12.3802,IMM-UKF,jink,0.500,4.00,0.050,1,0.600,1,9.5237,7.8648,-1.6589,1.4706,0.3010,0.1395,0.0768,6.0000,5.2520,0.8255,3.3289,0.4713,-62.6875,-18.5260,-60.3887,-17.8851,-60.2881,-17.9799,-62.1222,-18.3774,-73.1297,-20.2589,2.2988,0.6408,2.3994,0.5461,0.5653,0.1486,49,0.1100,49,0,0.9898,0.0098,0.0004,-8.0971,3.8612,-0.2342,-5.8265,-1.4325,0.0000,1,0.2275,0.0580,12.2714,0.0012,1.000,70.00,342.76
12.3902,IMM-UKF,jink,0.500,4.00,0.050,1,0.600,1,9.4796,7.8101,-1.6694,1.4904,0.3010,0.1395,0.0770,6.0000,5.2520,0.8273,3.8653,0.4729,-62.9237,-18.6003,-60.3887,-17.8851,-60.2881,-17.9799,-62.2661,-18.4314,-73.4456,-20.4802,2.5350,0.7152,2.6356,0.6205,0.6577,0.1689,49,0.1200,49,0,0.9898,0.0098,0.0004,-8.1835,3.8885,-0.2373,-5.8089,-1.5024,0.0000,1,0.2275,0.0580,12.2714,0.0012,1.000,70.00,342.76
12.4002,IMM-UKF,jink,0.500,4.00,0.050,1,0.600,1,9.4343,7.7539,-1.6804,1.5108,0.3010,0.1395,0.0772,6.0000,5.2520,0.8291,4.4326,0.4745,-63.1649,-18.6776,-60.3887,-17.8851,-60.2881,-17.9799,-62.4087,-18.4897,-73.7664,-20.7131,2.7761,0.7925,2.8768,0.6977,0.7561,0.1879,49,0.1300,49,0,0.9898,0.0098,0.0004,-8.2695,3.9146,-0.2403,-5.7904,-1.5720,0.0000,1,0.2275,0.0580,12.2714,0.0012,1.000,70.00,342.76
12.4102,IMM-UKF,jink,0.500,4.00,0.050,1,0.600,1,9.3879,7.6961,-1.6918,1.5318,0.3010,0.1395,0.0773,6.0000,5.2520,0.8310,5.0323,0.4762,-63.4109,-18.7578,-60.3887,-17.8851,-60.2881,-17.9799,-62.5501,-18.5522,-74.0923,-20.9582,3.0222,0.8726,3.1229,0.7779,0.8609,0.2056,49,0.1400,49,0,0.9898,0.0098,0.0004,-8.3549,3.9394,-0.2433,-5.7711,-1.6413,0.0000,1,0.2275,0.0580,12.2714,0.0012,1.000,70.00,342.76
12.4202,IMM-UKF,jink,0.500,4.00,0.050,1,0.600,1,9.3404,7.6369,-1.7035,1.5535,0.3010,0.1395,0.0775,6.0000,5.2520,0.8329,5.6657,0.4780,-63.6621,-18.8409,-60.3887,-17.8851,-60.2881,-17.9799,-62.6900,-18.6190,-74.4233,-21.2162,3.2734,0.9558,3.3740,0.8611,0.9721,0.2219,49,0.1500,49,0,0.9898,0.0098,0.0004,-8.4399,3.9631,-0.2461,-5.7510,-1.7105,0.0000,1,0.2275,0.0580,12.2714,0.0012,1.000,70.00,342.76
12.4302,IMM-UKF,jink,0.500,4.00,0.050,1,0.600,1,9.2918,7.5763,-1.7156,1.5758,0.3010,0.1395,0.0775,6.0000,5.2520,0.8349,6.3344,0.4798,-63.9183,-18.9272,-60.3887,-17.8851,-60.2881,-17.9799,-62.8282,-18.6903,-74.7596,-21.4880,3.5296,1.0420,3.6303,0.9473,1.0901,0.2369,49,0.1600,49,0,0.9898,0.0098,0.0004,-8.5244,3.9855,-0.2489,-5.7301,-1.7793,0.0000,1,0.2275,0.0580,12.2714,0.0012,1.000,70.00,342.76
12.4402,IMM-UKF,jink,0.500,4.00,0.050,1,0.600,1,9.2422,7.5142,-1.7280,1.5988,0.3010,0.1395,0.0776,6.0000,5.2520,0.8369,7.0401,0.4816,-64.1798,-19.0165,-60.3887,-17.8851,-60.2881,-17.9799,-62.9646,-18.7662,-75.1013,-21.7744,3.7911,1.1313,3.8918,1.0366,1.2152,0.2503,49,0.1700,49,0,0.9898,0.0098,0.0004,-8.6084,4.0067,-0.2515,-5.7083,-1.8480,0.0000,1,0.2275,0.0580,12.2714,0.0012,1.000,70.00,342.76
12.4502,IMM-UKF,jink,0.500,4.00,0.050,1,0.600,1,9.1914,7.4507,-1.7407,1.6224,0.3010,0.1395,0.0777,6.0000,5.2520,0.8390,7.7847,0.4836,-64.4467,-19.1090,-60.3887,-17.8851,-60.2881,-17.9799,-63.0991,-18.8467,-75.4486,-22.0765,4.0580,1.2238,4.1586,1.1291,1.3476,0.2623,49,0.1800,49,0,0.9898,0.0098,0.0004,-8.6919,4.0267,-0.2541,-5.6857,-1.9163,0.0000,1,0.2275,0.0580,12.2714,0.0012,1.000,70.00,342.76
12.4602,IMM-UKF,jink,0.500,4.00,0.050,1,0.600,1,9.1396,7.3858,-1.7537,1.6467,0.3010,0.1395,0.0777,6.0000,5.2520,0.8411,8.5700,0.4855,-64.7190,-19.2047,-60.3887,-17.8851,-60.2881,-17.9799,-63.2313,-18.9320,-75.8015,-22.3952,4.3303,1.3196,4.4309,1.2248,1.4877,0.2727,49,0.1900,49,0,0.9898,0.0098,0.0004,-8.7750,4.0454,-0.2565,-5.6623,-1.9844,0.0000,1,0.2275,0.0580,12.2714,0.0012,1.000,70.00,342.76
12.4702,IMM-UKF,jink,0.500,4.00,0.050,1,0.600,1,9.0867,7.3196,-1.7671,1.6718,0.3010,0.1395,0.0777,6.0000,5.2520,0.8432,9.3979,0.4875,-64.9969,-19.3038,-60.3887,-17.8851,-60.2881,-17.9799,-63.3612,-19.0223,-76.1602,-22.7317,4.6082,1.4186,4.7088,1.3239,1.6358,0.2815,49,0.2000,49,0,0.9898,0.0098,0.0004,-8.8576,4.0629,-0.2588,-5.6381,-2.0522,0.0000,1,0.2275,0.0580,12.2714,0.0012,1.000,70.00,342.76
12.4802,IMM-UKF,jink,0.500,4.00,0.050,1,0.600,1,9.0328,7.2522,-1.7806,1.6975,0.3010,0.1395,0.0777,6.0000,5.2520,0.8454,10.2704,0.4896,-65.2805,-19.4062,-60.3887,-17.8851,-60.2881,-17.9799,-63.4883,-19.1176,-76.5249,-23.0873,4.8918,1.5211,4.9924,1.4264,1.7922,0.2887,49,0.2100,49,0,0.9898,0.0098,0.0004,-8.9397,4.0791,-0.2611,-5.6131,-2.1197,0.0000,1,0.2275,0.0580,12.2714,0.0012,1.000,70.00,342.76
12.4902,IMM-UKF,jink,0.500,4.00,0.050,1,0.600,1,8.9779,7.1834,-1.7945,1.7239,0.3010,0.1395,0.0777,6.0000,5.2520,0.8477,11.1898,0.4918,-65.5699,-19.5122,-60.3887,-17.8851,-60.2881,-17.9799,-63.6126,-19.2181,-76.8956,-23.4634,5.1812,1.6270,5.2818,1.5323,1.9573,0.2940,49,0.2200,49,0,0.9898,0.0098,0.0004,-9.0214,4.0940,-0.2632,-5.5872,-2.1869,0.0000,1,0.2275,0.0580,12.2714,0.0012,1.000,70.00,342.76
12.5002,IMM-UKF,jink,0.500,4.00,0.050,1,0.600,1,8.9219,7.1134,-1.8086,1.7510,0.3010,0.1395,0.0776,6.0000,5.2520,0.8499,12.1583,0.4940,-65.8652,-19.6216,-60.3887,-17.8851,-60.2881,-17.9799,-63.7336,-19.3241,-77.2726,-23.8615,5.4765,1.7365,5.5771,1.6417,2.1316,0.2975,49,0.2300,49,0,0.9898,0.0098,0.0004,-9.1027,4.1076,-0.2652,-5.5606,-2.2538,0.0000,1,0.2490,0.0467,12.2714,-0.0002,1.000,70.00,342.76
12.5102,IMM-UKF,jink,0.500,4.00,0.050,1,0.600,1,8.8650,7.0421,-1.8229,1.7789,0.3010,0.1395,0.0776,6.0000,5.2520,0.8522,13.1783,0.4962,-66.1666,-19.7347,-60.3887,-17.8851,-60.2881,-17.9799,-63.8512,-19.4357,-77.6561,-24.2834,5.7779,1.8496,5.8786,1.7548,2.3154,0.2991,49,0.2400,49,0,0.9898,0.0098,0.0004,-9.1835,4.1200,-0.2671,-5.5332,-2.3204,0.0000,1,0.2490,0.0467,12.2714,-0.0002,1.000,70.00,342.76
12.5202,IMM-UKF,jink,0.500,4.00,0.050,1,0.600,1,8.8071,6.9697,-1.8374,1.8074,0.3010,0.1395,0.0775,6.0000,5.2520,0.8546,14.2525,0.4985,-66.4743,-19.8515,-60.3887,-17.8851,-60.2881,-17.9799,-63.9650,-19.5530,-78.0462,-24.7308,6.0856,1.9664,6.1862,1.8717,2.5092,0.2985,49,0.2500,49,0,0.9898,0.0098,0.0004,-9.2638,4.1311,-0.2688,-5.5049,-2.3866,0.0000,1,0.2490,0.0467,12.2714,-0.0002,1.000,70.00,342.76
12.5302,IMM-UKF,jink,0.500,4.00,0.050,1,0.600,1,8.7482,6.8961,-1.8521,1.8366,0.3010,0.1395,0.0774,6.0000,5.2520,0.8571,15.3837,0.5009,-66.7883,-19.9722,-60.3887,-17.8851,-60.2881,-17.9799,-64.0747,-19.6763,-78.4430,-25.2059,6.3996,2.0870,6.5002,1.9923,2.7136,0.2958,49,0.2600,49,0,0.9898,0.0098,0.0004,-9.3437,4.1408,-0.2704,-5.4759,-2.4525,0.0000,1,0.2490,0.0467,12.2714,-0.0002,1.000,70.00,342.76
12.5402,IMM-UKF,jink,0.500,4.00,0.050,1,0.600,1,8.6884,6.8214,-1.8670,1.8665,0.3010,0.1395,0.0773,6.0000,5.2520,0.8595,16.5749,0.5033,-67.1089,-20.0967,-60.3887,-17.8851,-60.2881,-17.9799,-64.1798,-19.8059,-78.8469,-25.7110,6.7202,2.2116,6.8208,2.1169,2.9290,0.2908,49,0.2700,49,0,0.9898,0.0098,0.0004,-9.4232,4.1492,-0.2719,-5.4460,-2.5180,0.0000,1,0.2490,0.0467,12.2714,-0.0002,1.000,70.00,342.76
12.5502,IMM-UKF,jink,0.500,4.00,0.050,1,0.600,1,8.6277,6.8345,-1.7931,1.1892,0.3016,0.1385,0.0766,6.0000,5.7144,0.0974,3.4771,0.5058,-67.4361,-20.2253,-65.8652,-19.6216,-65.8627,-19.6037,-67.1912,-19.6916,-90.6908,-24.0957,1.5709,0.6037,1.5734,0.6216,0.2449,0.5337,50,0.0500,50,0,0.9873,0.0118,0.0009,-9.5023,4.1563,-0.2732,-5.4154,-2.5832,0.0000,1,0.2490,0.0467,12.5000,-0.0002,1.000,70.00,342.76
12.5602,IMM-UKF,jink,0.500,4.00,0.050,1,0.600,1,8.5660,6.7742,-1.7918,1.2043,0.3016,0.1385,0.0765,6.0000,5.7144,0.0951,3.8721,0.5084,-67.7703,-20.3580,-65.8652,-19.6216,-65.8627,-19.6037,-67.4623,-19.7790,-91.5016,-24.4087,1.9051,0.7364,1.9076,0.7543,0.3079,0.5790,50,0.0600,50,0,0.9873,0.0118,0.0009,-9.5809,4.1620,-0.2744,-5.3841,-2.6480,0.0000,1,0.2490,0.0467,12.5000,-0.0002,1.000,70.00,342.76
12.5702,IMM-UKF,jink,0.500,4.00,0.050,1,0.600,1,8.5035,6.7127,-1.7907,1.2200,0.3016,0.1385,0.0763,6.0000,5.7144,0.0929,4.2908,0.5109,-68.1115,-20.4949,-65.8652,-19.6216,-65.8627,-19.6037,-67.7335,-19.8716,-92.3380,-24.7376,2.2463,0.8733,2.2488,0.8912,0.3780,0.6233,50,0.0700,50,0,0.9873,0.0118,0.0009,-9.6590,4.1664,-0.2754,-5.3519,-2.7124,0.0000,1,0.2490,0.0467,12.5000,-0.0002,1.000,70.00,342.76
12.5802,IMM-UKF,jink,0.500,4.00,0.050,1,0.600,1,8.4400,6.6501,-1.7900,1.2362,0.3016,0.1385,0.0762,6.0000,5.7144,0.0906,4.7365,0.5136,-68.4599,-20.6362,-65.8652,-19.6216,-65.8627,-19.6037,-68.0046,-19.9696,-93.2016,-25.0832,2.5947,1.0146,2.5972,1.0325,0.4553,0.6667,50,0.0800,50,0,0.9873,0.0118,0.0009,-9.7368,4.1694,-0.2762,-5.3190,-2.7765,0.0000,1,0.2490,0.0467,12.5000,-0.0002,1.000,70.00,342.76
12.5902,IMM-UKF,jink,0.500,4.00,0.050,1,0.600,1,8.3757,6.5863,-1.7895,1.2530,0.3016,0.1385,0.0760,6.0000,5.7144,0.0883,5.2120,0.5163,-68.8158,-20.7820,-65.8652,-19.6216,-65.8627,-19.6037,-68.2754,-20.0731,-94.0940,-25.4467,2.9506,1.1604,2.9531,1.1783,0.5404,0.7089,50,0.0900,50,0,0.9873,0.0118,0.0009,-9.8141,4.1710,-0.2768,-5.2853,-2.8401,0.0000,1,0.2490,0.0467,12.5000,-0.0002,1.000,70.00,342.76
12.6002,IMM-UKF,jink,0.500,4.00,0.050,1,0.600,1,8.3106,6.5213,-1.7893,1.2705,0.3016,0.1385,0.0759,6.0000,5.7144,0.0860,5.7205,0.5190,-69.1793,-20.9323,-65.8652,-19.6216,-65.8627,-19.6037,-68.5458,-20.1824,-95.0169,-25.8291,3.3141,1.3107,3.3166,1.3286,0.6336,0.7499,50,0.1000,50,0,0.9873,0.0118,0.0009,-9.8910,4.1712,-0.2773,-5.2508,-2.9033,0.0000,1,0.2490,0.0467,12.5000,-0.0002,1.000,70.00,342.76
12.6102,IMM-UKF,jink,0.500,4.00,0.050,1,0.600,1,8.2447,6.4553,-1.7893,1.2885,0.3016,0.1385,0.0757,6.0000,5.7144,0.0837,6.2650,0.5218,-69.5507,-21.0874,-65.8652,-19.6216,-65.8627,-19.6037,-68.8155,-20.2978,-95.9722,-26.2317,3.6855,1.4658,3.6880,1.4837,0.7352,0.7896,50,0.1100,50,0,0.9873,0.0118,0.0009,-9.9674,4.1699,-0.2775,-5.2156,-2.9661,0.0000,1,0.2490,0.0467,12.5000,-0.0002,1.000,70.00,342.76
12.6202,IMM-UKF,jink,0.500,4.00,0.050,1,0.600,1,8.1779,6.3882,-1.7897,1.3073,0.3016,0.1385,0.0755,6.0000,5.7144,0.0814,6.8488,0.5247,-69.9302,-21.2473,-65.8652,-19.6216,-65.8627,-19.6037,-69.0844,-20.4194,-96.9620,-26.6558,4.0650,1.6257,4.0675,1.6436,0.8458,0.8279,50,0.1200,50,0,0.9873,0.0118,0.0009,-10.0435,4.1673,-0.2774,-5.1796,-3.0285,0.0000,1,0.2490,0.0467,12.5000,-0.0002,1.000,70.00,342.76
12.6302,IMM-UKF,jink,0.500,4.00,0.050,1,0.600,1,8.1104,6.3201,-1.7903,1.3267,0.3016,0.1385,0.0753,6.0000,5.7144,0.0791,7.4751,0.5276,-70.3180,-21.4123,-65.8652,-19.6216,-65.8627,-19.6037,-69.3522,-20.5476,-97.9887,-27.1029,4.4528,1.7907,4.4553,1.8086,0.9658,0.8647,50,0.1300,50,0,0.9873,0.0118,0.0009,-10.1191,4.1631,-0.2771,-5.1429,-3.0904,0.0000,1,0.2490,0.0467,12.5000,-0.0002,1.000,70.00,342.76
12.6402,IMM-UKF,jink,0.500,4.00,0.050,1,0.600,1,8.0421,6.2510,-1.7911,1.3468,0.3016,0.1385,0.0751,6.0000,5.7144,0.0769,8.1474,0.5305,-70.7144,-21.5824,-65.8652,-19.6216,-65.8627,-19.6037,-69.6188,-20.6826,-99.0547,-27.5746,4.8492,1.9608,4.8518,1.9787,1.0957,0.8998,50,0.1400,50,0,0.9873,0.0118,0.0009,-10.1942,4.1575,-0.2764,-5.1054,-3.1519,0.0000,1,0.2490,0.0467,12.5000,-0.0002,1.000,70.00,342.76
12.6502,IMM-UKF,jink,0.500,4.00,0.050,1,0.600,1,7.9730,6.1809,-1.7921,1.3676,0.3016,0.1385,0.0749,6.0000,5.7144,0.0746,8.8688,0.5335,-71.1197,-21.7579,-65.8652,-19.6216,-65.8627,-19.6037,-69.8837,-20.8249,-100.1629,-28.0727,5.2545,2.1363,5.2570,2.1542,1.2360,0.9330,50,0.1500,50,0,0.9873,0.0118,0.0009,-10.2689,4.1504,-0.2755,-5.0673,-3.2129,0.0000,1,0.2490,0.0467,12.5000,-0.0002,1.000,70.00,342.76
12.6602,IMM-UKF,jink,0.500,4.00,0.050,1,0.600,1,7.9033,6.1099,-1.7934,1.3891,0.3016,0.1385,0.0747,6.0000,5.7144,0.0724,9.6426,0.5365,-71.5341,-21.9388,-65.8652,-19.6216,-65.8627,-19.6037,-70.1467,-20.9747,-101.3164,-28.5992,5.6689,2.3172,5.6714,2.3351,1.3874,0.9641,50,0.1600,50,0,0.9873,0.0118,0.0009,-10.3432,4.1418,-0.2741,-5.0283,-3.2735,0.0000,1,0.2490,0.0467,12.5000,-0.0002,1.000,70.00,342.76
12.6702,IMM-UKF,jink,0.500,4.00,0.050,1,0.600,1,7.8328,6.0379,-1.7949,1.4113,0.3016,0.1385,0.0745,6.0000,5.7144,0.0703,10.4727,0.5396,-71.9579,-22.1255,-65.8652,-19.6216,-65.8627,-19.6037,-70.4075,-21.1327,-102.5184,-29.1564,6.0927,2.5039,6.0952,2.5218,1.5504,0.9928,50,0.1700,50,0,0.9873,0.0118,0.0009,-10.4170,4.1316,-0.2723,-4.9887,-3.3336,0.0000,1,0.2490,0.0467,12.5000,-0.0002,1.000,70.00,342.76
12.6802,IMM-UKF,jink,0.500,4.00,0.050,1,0.600,1,7.7617,5.9651,-1.7966,1.4343,0.3016,0.1385,0.0743,6.0000,5.7144,0.0682,11.3625,0.5427,-72.3915,-22.3180,-65.8652,-19.6216,-65.8627,-19.6037,-70.6657,-21.2992,-103.7729,-29.7469,6.5262,2.6964,6.5288,2.7143,1.7257,1.0187,50,0.1800,50,0,0.9873,0.0118,0.0009,-10.4904,4.1199,-0.2699,-4.9483,-3.3932,0.0000,1,0.2490,0.0467,12.5000,-0.0002,1.000,70.00,342.76
12.6902,IMM-UKF,jink,0.500,4.00,0.050,1,0.600,1,7.6900,5.8915,-1.7985,1.4580,0.3016,0.1385,0.0741,6.0000,5.7144,0.0662,12.3157,0.5458,-72.8350,-22.5166,-65.8652,-19.6216,-65.8627,-19.6037,-70.9209,-21.4750,-105.0839,-30.3736,6.9698,2.8949,6.9723,2.9129,1.9141,1.0415,50,0.1900,50,0,0.9873,0.0118,0.0009,-10.5633,4.1066,-0.2669,-4.9073,-3.4524,0.0000,1,0.2490,0.0467,12.5000,-0.0002,1.000,70.00,342.76
12.7002,IMM-UKF,jink,0.500,4.00,0.050,1,0.600,1,7.6176,5.8170,-1.8005,1.4824,0.3016,0.1385,0.0739,6.0000,5.7144,0.0642,13.3363,0.5490,-73.2890,-22.7214,-65.8652,-19.6216,-65.8627,-19.6037,-71.1726,-21.6608,-106.4561,-31.0401,7.4238,3.0998,7.4263,3.1177,2.1164,1.0606,50,0.2000,50,0,0.9873,0.0118,0.0009,-10.6358,4.0917,-0.2631,-4.8655,-3.5110,0.0000,1,0.2490,0.0467,12.5000,-0.0002,1.000,70.00,342.76
12.7102,IMM-UKF,jink,0.500,4.00,0.050,1,0.600,1,7.5446,5.7419,-1.8027,1.5076,0.3016,0.1385,0.0737,6.0000,5.7144,0.0624,14.4280,0.5522,-73.7537,-22.9328,-65.8652,-19.6216,-65.8627,-19.6037,-71.4204,-21.8576,-107.8948,-31.7508,7.8884,3.3112,7.8910,3.3291,2.3333,1.0752,50,0.2100,50,0,0.9873,0.0118,0.0009,-10.7078,4.0752,-0.2584,-4.8230,-3.5691,0.0000,1,0.2490,0.0467,12.5000,-0.0002,1.000,70.00,342.76
12.7202,IMM-UKF,jink,0.500,4.00,0.050,1,0.600,1,7.4711,5.6661,-1.8051,1.5335,0.3016,0.1385,0.0735,6.0000,5.7144,0.0607,15.5944,0.5554,-74.2294,-23.1511,-65.8652,-19.6216,-65.8627,-19.6037,-71.6637,-22.0666,-109.4055,-32.5112,8.3642,3.5294,8.3668,3.5474,2.5658,1.0844,50,0.2200,50,0,0.9873,0.0118,0.0009,-10.7792,4.0570,-0.2524,-4.7798,-3.6268,0.0000,1,0.2490,0.0467,12.5000,-0.0002,1.000,70.00,342.76
12.7302,IMM-UKF,jink,0.500,4.00,0.050,1,0.600,1,7.3971,5.5897,-1.8074,1.5602,0.3016,0.1385,0.0733,6.0000,5.7144,0.0591,16.8394,0.5586,-74.7167,-23.3764,-65.8652,-19.6216,-65.8627,-19.6037,-71.9019,-22.2896,-110.9947,-33.3288,8.8515,3.7548,8.8540,3.7727,2.8148,1.0868,50,0.2300,50,0,0.9873,0.0118,0.0009,-10.8502,4.0372,-0.2448,-4.7360,-3.6838,0.0000,1,0.2490,0.0467,12.5000,-0.0002,1.000,70.00,342.76
12.7402,IMM-UKF,jink,0.500,4.00,0.050,1,0.600,1,7.3226,5.5128,-1.8098,1.5876,0.3016,0.1385,0.0732,6.0000,5.7144,0.0577,18.1655,0.5618,-75.2159,-23.6092,-65.8652,-19.6216,-65.8627,-19.6037,-72.1345,-22.5291,-112.6692,-34.2149,9.3507,3.9876,9.3532,4.0055,3.0814,1.0801,50,0.2400,50,0,0.9873,0.0118,0.0009,-10.9205,4.0156,-0.2348,-4.6914,-3.7404,0.0000,1,0.2490,0.0467,12.5000,-0.0002,1.000,70.00,342.76
12.7502,IMM-UKF,jink,0.500,4.00,0.050,1,0.600,1,7.2476,5.4357,-1.8119,1.6157,0.3016,0.1385,0.0730,6.0000,5.7144,0.0564,19.5739,0.5650,-75.7275,-23.8499,-65.8652,-19.6216,-65.8627,-19.6037,-72.3608,-22.7894,-114.4359,-35.1877,9.8623,4.2283,9.8648,4.2462,3.3667,1.0605,50,0.2500,50,0,0.9873,0.0118,0.0009,-10.9902,3.9923,-0.2213,-4.6462,-3.7964,0.0000,1,0.2425,0.0489,12.5000,0.0002,1.000,70.00,342.76
12.7602,IMM-UKF,jink,0.500,4.00,0.050,1,0.600,1,7.1723,5.3588,-1.8134,1.6445,0.3016,0.1385,0.0728,6.0000,5.7144,0.0554,21.0604,0.5683,-76.2519,-24.0992,-65.8652,-19.6216,-65.8627,-19.6037,-72.5802,-23.0790,-116.3002,-36.2834,10.3867,4.4776,10.3892,4.4955,3.6717,1.0202,50,0.2600,50,0,0.9873,0.0118,0.0009,-11.0588,3.9672,-0.2014,-4.6003,-3.8519,0.0000,1,0.2425,0.0489,12.5000,0.0002,1.000,70.00,342.76
12.7702,IMM-UKF,jink,0.500,4.00,0.050,1,0.600,1,7.0967,5.2835,-1.8132,1.6740,0.3016,0.1385,0.0727,6.0000,5.7144,0.0545,22.6026,0.5715,-76.7896,-24.3583,-65.8652,-19.6216,-65.8627,-19.6037,-72.7930,-23.4193,-118.2551,-37.5934,10.9244,4.7367,10.9269,4.7546,3.9966,0.9390,50,0.2700,50,0,0.9873,0.0118,0.0009,-11.1250,3.9402,-0.1678,-4.5537,-3.9068,0.0000,1,0.2425,0.0489,12.5000,0.0002,1.000,70.00,342.76
12.7802,IMM-UKF,jink,0.500,4.00,0.050,1,0.600,1,7.0212,5.2183,-1.8030,1.7039,0.3016,0.1385,0.0725,6.0000,5.7144,0.0538,24.0497,0.5745,-77.3414,-24.6308,-65.8652,-19.6216,-65.8627,-19.6037,-73.0112,-23.9045,-120.1101,-39.4816,11.4761,5.0092,11.4787,5.0271,4.3302,0.7262,50,0.2800,50,0,0.9873,0.0118,0.0009,-11.1726,3.9103,-0.0820,-4.5065,-3.9612,0.0000,1,0.2425,0.0489,12.5000,0.0002,1.000,70.00,342.76
12.7902,IMM-UKF,jink,0.500,4.00,0.050,1,0.600,1,6.9485,5.2253,-1.7232,1.7343,0.3016,0.1385,0.0724,6.0000,5.7144,0.0534,24.7164,0.5774,-77.9121,-24.9083,-65.8652,-19.6216,-65.8627,-19.6037,-73.4656,-24.1060,-118.8396,-39.0582,12.0469,5.2867,12.0494,5.3046,4.4465,0.8023,50,0.2900,50,0,0.9873,0.0118,0.0009,-10.9459,3.8695,0.0153,-4.4587,-4.0150,0.0000,1,0.2425,0.0489,12.5000,0.0002,1.000,70.00,342.76
12.8002,IMM-UKF,jink,0.500,4.00,0.050,1,0.600,1,6.8783,5.2899,-1.5884,1.0480,0.3001,0.1351,0.0738,6.0000,6.3415,1.7405,7.7844,0.5801,-78.5024,-25.1853,-75.7275,-23.8499,-75.9803,-23.6699,-77.5727,-24.1958,-127.0800,-33.2331,2.7749,1.3354,2.5221,1.5154,0.9297,0.9895,51,0.0500,51,0,0.9863,0.0120,0.0018,-10.7014,3.8308,0.0496,-4.4102,-4.0682,0.0000,1,0.2425,0.0489,12.7504,0.0002,1.000,70.00,342.76
12.8102,IMM-UKF,jink,0.500,4.00,0.050,1,0.600,1,6.8107,5.2498,-1.5609,1.0617,0.3001,0.1351,0.0737,6.0000,6.3415,1.7383,8.4876,0.5826,-79.1125,-25.4602,-75.7275,-23.8499,-75.9803,-23.6699,-78.1298,-24.3568,-126.5938,-32.5122,3.3850,1.6103,3.1322,1.7904,0.9828,1.1034,51,0.0600,51,0,0.9863,0.0120,0.0018,-10.4549,3.7941,0.0699,-4.3610,-4.1208,0.0000,1,0.2425,0.0489,12.7504,0.0002,1.000,70.00,342.76
12.8202,IMM-UKF,jink,0.500,4.00,0.050,1,0.600,1,6.7457,5.2148,-1.5310,1.0760,0.3001,0.1351,0.0737,6.0000,6.3415,1.7361,9.3062,0.5850,-79.7426,-25.7320,-75.7275,-23.8499,-75.9803,-23.6699,-78.7015,-24.4950,-126.0857,-31.7447,4.0151,1.8821,3.7623,2.0622,1.0411,1.2370,51,0.0700,51,0,0.9863,0.0120,0.0018,-10.2077,3.7594,0.0840,-4.3113,-4.1729,0.0000,1,0.2425,0.0489,12.7504,0.0002,1.000,70.00,342.76
12.8302,IMM-UKF,jink,0.500,4.00,0.050,1,0.600,1,6.6833,5.1847,-1.4986,1.0908,0.3001,0.1351,0.0736,6.0000,6.3415,1.7342,10.2448,0.5872,-80.3927,-25.9999,-75.7275,-23.8499,-75.9803,-23.6699,-79.2872,-24.6100,-125.5625,-30.9529,4.6652,2.1500,4.4124,2.3301,1.1055,1.3900,51,0.0800,51,0,0.9863,0.0120,0.0018,-9.9601,3.7267,0.0946,-4.2609,-4.2243,0.0000,1,0.2425,0.0489,12.7504,0.0002,1.000,70.00,342.76
12.8402,IMM-UKF,jink,0.500,4.00,0.050,1,0.600,1,6.6236,5.1597,-1.4639,1.1061,0.3001,0.1351,0.0736,6.0000,6.3415,1.7324,11.3077,0.5893,-81.0629,-26.2631,-75.7275,-23.8499,-75.9803,-23.6699,-79.8857,-24.7008,-125.0294,-30.1479,5.3354,2.4132,5.0826,2.5933,1.1772,1.5623,51,0.0900,51,0,0.9863,0.0120,0.0018,-9.7121,3.6961,0.1029,-4.2099,-4.2751,0.0000,1,0.2425,0.0489,12.7504,0.0002,1.000,70.00,342.76
12.8502,IMM-UKF,jink,0.500,4.00,0.050,1,0.600,1,6.5664,5.1396,-1.4268,1.1221,0.3001,0.1351,0.0736,6.0000,6.3415,1.7308,12.4988,0.5911,-81.7532,-26.5209,-75.7275,-23.8499,-75.9803,-23.6699,-80.4963,-24.7668,-124.4912,-29.3366,6.0257,2.6710,5.7729,2.8511,1.2570,1.7542,51,0.1000,51,0,0.9863,0.0120,0.0018,-9.4638,3.6677,0.1095,-4.1583,-4.3253,0.0000,1,0.2425,0.0489,12.7504,0.0002,1.000,70.00,342.76
12.8602,IMM-UKF,jink,0.500,4.00,0.050,1,0.600,1,6.5119,5.1246,-1.3873,1.1387,0.3001,0.1351,0.0736,6.0000,6.3415,1.7294,13.8204,0.5929,-82.4635,-26.7726,-75.7275,-23.8499,-75.9803,-23.6699,-81.1177,-24.8073,-123.9517,-28.5237,6.7360,2.9227,6.4832,3.1028,1.3459,1.9654,51,0.1100,51,0,0.9863,0.0120,0.0018,-9.2153,3.6414,0.1148,-4.1061,-4.3749,0.0000,1,0.2425,0.0489,12.7504,0.0002,1.000,70.00,342.76
12.8702,IMM-UKF,jink,0.500,4.00,0.050,1,0.600,1,6.4600,5.1146,-1.3454,1.1559,0.3001,0.1351,0.0737,6.0000,6.3415,1.7281,15.2737,0.5944,-83.1937,-27.0175,-75.7275,-23.8499,-75.9803,-23.6699,-81.7488,-24.8219,-123.4146,-27.7129,7.4662,3.1676,7.2134,3.3477,1.4449,2.1956,51,0.1200,51,0,0.9863,0.0120,0.0018,-8.9665,3.6174,0.1192,-4.0533,-4.4239,0.0000,1,0.2425,0.0489,12.7504,0.0002,1.000,70.00,342.76
12.8802,IMM-UKF,jink,0.500,4.00,0.050,1,0.600,1,6.4109,5.1097,-1.3012,1.1738,0.3001,0.1351,0.0737,6.0000,6.3415,1.7271,16.8590,0.5958,-83.9436,-27.2549,-75.7275,-23.8499,-75.9803,-23.6699,-82.3886,-24.8102,-122.8833,-26.9074,8.2161,3.4050,7.9632,3.5850,1.5550,2.4447,51,0.1300,51,0,0.9863,0.0120,0.0018,-8.7174,3.5958,0.1228,-3.9999,-4.4722,0.0000,1,0.2425,0.0489,12.7504,0.0002,1.000,70.00,342.76
12.8902,IMM-UKF,jink,0.500,4.00,0.050,1,0.600,1,6.3644,5.1098,-1.2547,1.1924,0.3001,0.1351,0.0738,6.0000,6.3415,1.7262,18.5756,0.5971,-84.7129,-27.4840,-75.7275,-23.8499,-75.9803,-23.6699,-83.0357,-24.7721,-122.3604,-26.1095,8.9854,3.6341,8.7326,3.8142,1.6772,2.7120,51,0.1400,51,0,0.9863,0.0120,0.0018,-8.4682,3.5765,0.1256,-3.9460,-4.5199,0.0000,1,0.2425,0.0489,12.7504,0.0002,1.000,70.00,342.76
12.9002,IMM-UKF,jink,0.500,4.00,0.050,1,0.600,1,6.3207,5.1149,-1.2058,1.2116,0.3001,0.1351,0.0739,6.0000,6.3415,1.7255,20.4214,0.5982,-85.5013,-27.7042,-75.7275,-23.8499,-75.9803,-23.6699,-83.6889,-24.7075,-121.8485,-25.3215,9.7738,3.8543,9.5210,4.0344,1.8124,2.9967,51,0.1500,51,0,0.9863,0.0120,0.0018,-8.2187,3.5597,0.1279,-3.8914,-4.5669,0.0000,1,0.2425,0.0489,12.7504,0.0002,1.000,70.00,342.76
12.9102,IMM-UKF,jink,0.500,4.00,0.050,1,0.600,1,6.2797,5.1251,-1.1546,1.2315,0.3001,0.1351,0.0741,6.0000,6.3415,1.7250,22.3935,0.5992,-86.3084,-27.9148,-75.7275,-23.8499,-75.9803,-23.6699,-84.3469,-24.6166,-121.3498,-24.5451,10.5809,4.0649,10.3280,4.2450,1.9614,3.2982,51,0.1600,51,0,0.9863,0.0120,0.0018,-7.9692,3.5455,0.1297,-3.8364,-4.6133,0.0000,1,0.2425,0.0489,12.7504,0.0002,1.000,70.00,342.76
12.9202,IMM-UKF,jink,0.500,4.00,0.050,1,0.600,1,6.2415,5.1404,-1.1011,1.2521,0.3001,0.1351,0.0742,6.0000,6.3415,1.7246,24.4886,0.6000,-87.1336,-28.1151,-75.7275,-23.8499,-75.9803,-23.6699,-85.0086,-24.4998,-120.8660,-23.7818,11.4061,4.2652,11.1533,4.4452,2.1251,3.6153,51,0.1700,51,0,0.9863,0.0120,0.0018,-7.7194,3.5338,0.1310,-3.7807,-4.6590,0.0000,1,0.2425,0.0489,12.7504,0.0002,1.000,70.00,342.76
12.9302,IMM-UKF,jink,0.500,4.00,0.050,1,0.600,1,6.2061,5.1608,-1.0453,1.2734,0.3001,0.1351,0.0744,6.0000,6.3415,1.7244,26.7021,0.6007,-87.9765,-28.3044,-75.7275,-23.8499,-75.9803,-23.6699,-85.6725,-24.3575,-120.3988,-23.0331,12.2490,4.4545,11.9961,4.6345,2.3040,3.9469,51,0.1800,51,0,0.9863,0.0120,0.0018,-7.4696,3.5248,0.1319,-3.7246,-4.7040,0.0000,1,0.2425,0.0489,12.7504,0.0002,1.000,70.00,342.76
12.9402,IMM-UKF,jink,0.500,4.00,0.050,1,0.600,1,6.1735,5.1863,-0.9872,1.2954,0.3001,0.1351,0.0745,6.0000,6.3415,1.7245,29.0289,0.6012,-88.8363,-28.4821,-75.7275,-23.8499,-75.9803,-23.6699,-86.3376,-24.1904,-119.9494,-22.3001,13.1088,4.6322,12.8559,4.8122,2.4987,4.2917,51,0.1900,51,0,0.9863,0.0120,0.0018,-7.2197,3.5184,0.1324,-3.6678,-4.7484,0.0000,1,0.2425,0.0489,12.7504,0.0002,1.000,70.00,342.76
12.9502,IMM-UKF,jink,0.500,4.00,0.050,1,0.600,1,6.1437,5.2168,-0.9269,1.3181,0.3001,0.1351,0.0747,6.0000,6.3415,1.7246,31.4604,0.6016,-89.7123,-28.6475,-75.7275,-23.8499,-75.9803,-23.6699,-87.0025,-23.9997,-119.5213,-21.5849,13.9848,4.7976,13.7320,4.9776,2.7098,4.6478,51,0.2000,51,0,0.9863,0.0120,0.0018,-6.9703,3.5149,0.1325,-3.6106,-4.7920,0.0000,1,0.2425,0.0489,12.7504,0.0002,1.000,70.00,342.76
12.9602,IMM-UKF,jink,0.500,4.00,0.050,1,0.600,1,6.1167,5.2519,-0.8648,1.3415,0.3001,0.1351,0.0749,6.0000,6.3415,1.7249,33.9792,0.6020,-90.6038,-28.8002,-75.7275,-23.8499,-75.9803,-23.6699,-87.6661,-23.7887,-119.1246,-20.8939,14.8763,4.9503,14.6235,5.1303,2.9378,5.0114,51,0.2100,51,0,0.9863,0.0120,0.0018,-6.7239,3.5141,0.1323,-3.5528,-4.8350,0.0000,1,0.2425,0.0489,12.7504,0.0002,1.000,70.00,342.76
12.9702,IMM-UKF,jink,0.500,4.00,0.050,1,0.600,1,6.0926,5.2916,-0.8010,1.3656,0.3001,0.1351,0.0751,6.0000,6.3415,1.7254,36.5775,0.6022,-91.5099,-28.9397,-75.7275,-23.8499,-75.9803,-23.6699,-88.3272,-23.5587,-118.7583,-20.2269,15.7824,5.0898,15.5295,5.2698,3.1827,5.3810,51,0.2200,51,0,0.9863,0.0120,0.0018,-6.4806,3.5162,0.1318,-3.4946,-4.8773,0.0000,1,0.2425,0.0489,12.7504,0.0002,1.000,70.00,342.76
12.9802,IMM-UKF,jink,0.500,4.00,0.050,1,0.600,1,6.0713,5.3357,-0.7356,1.3904,0.3001,0.1351,0.0753,6.0000,6.3415,1.7260,39.2474,0.6023,-92.4296,-29.0656,-75.7275,-23.8499,-75.9803,-23.6699,-88.9849,-23.3110,-118.4214,-19.5835,16.7021,5.2157,16.4492,5.3958,3.4446,5.7546,51,0.2300,51,0,0.9863,0.0120,0.0018,-6.2403,3.5211,0.1310,-3.4358,-4.9189,0.0000,1,0.2425,0.0489,12.7504,0.0002,1.000,70.00,342.76
12.9902,IMM-UKF,jink,0.500,4.00,0.050,1,0.600,1,6.0527,5.3841,-0.6686,1.4159,0.3001,0.1351,0.0755,6.0000,6.3415,1.7268,41.9812,0.6024,-93.3618,-29.1776,-75.7275,-23.8499,-75.9803,-23.6699,-89.6386,-23.0470,-118.1128,-18.9632,17.6343,5.3277,17.3815,5.5078,3.7233,6.1307,51,0.2400,51,0,0.9863,0.0120,0.0018,-6.0030,3.5287,0.1299,-3.3765,-4.9598,0.0000,1,0.2425,0.0489,12.7504,0.0002,1.000,70.00,342.76
13.0002,IMM-UKF,jink,0.500,4.00,0.050,1,0.600,1,6.0370,5.4369,-0.6001,1.4420,0.3001,0.1351,0.0757,6.0000,6.3415,1.7276,44.7709,0.6023,-94.3057,-29.2754,-75.7275,-23.8499,-75.9803,-23.6699,-90.2873,-22.7680,-117.8314,-18.3656,18.5782,5.4255,18.3254,5.6055,4.0184,6.5074,51,0.2500,51,0,0.9863,0.0120,0.0018,-5.7689,3.5391,0.1286,-3.3167,-4.9999,0.0000,1,0.2407,0.0576,12.7504,0.0003,1.000,70.00,342.76
13.0102,IMM-UKF,jink,0.500,4.00,0.050,1,0.600,1,6.0241,5.4940,-0.5301,1.4689,0.3001,0.1351,0.0760,6.0000,6.3415,1.7286,47.6087,0.6022,-95.2601,-29.3586,-75.7275,-23.8499,-75.9803,-23.6699,-90.9305,-22.4756,-117.5763,-17.7901,19.5326,5.5087,19.2797,5.6888,4.3295,6.8830,51,0.2600,51,0,0.9863,0.0120,0.0018,-5.5379,3.5522,0.1271,-3.2565,-5.0394,0.0000,1,0.2407,0.0576,12.7504,0.0003,1.000,70.00,342.76
13.0202,IMM-UKF,jink,0.500,4.00,0.050,1,0.600,1,6.0139,5.5553,-0.4586,1.4964,0.3001,0.1351,0.0762,6.0000,6.3415,1.7297,50.4872,0.6021,-96.2238,-29.4271,-75.7275,-23.8499,-75.9803,-23.6699,-91.5676,-22.1710,-117.3464,-17.2359,20.4963,5.5772,20.2434,5.7572,4.6562,7.2561,51,0.2700,51,0,0.9863,0.0120,0.0018,-5.3100,3.5680,0.1253,-3.1958,-5.0781,0.0000,1,0.2407,0.0576,12.7504,0.0003,1.000,70.00,342.76
13.0302,IMM-UKF,jink,0.500,4.00,0.050,1,0.600,1,6.0065,5.6207,-0.3858,1.5245,0.3001,0.1351,0.0764,6.0000,6.3415,1.7309,53.3987,0.6018,-97.1957,-29.4807,-75.7275,-23.8499,-75.9803,-23.6699,-92.1981,-21.8557,-117.1404,-16.7024,21.4682,5.6308,21.2153,5.8108,4.9975,7.6250,51,0.2800,51,0,0.9863,0.0120,0.0018,-5.0852,3.5865,0.1233,-3.1346,-5.1161,0.0000,1,0.2407,0.0576,12.7504,0.0003,1.000,70.00,342.76
13.0402,IMM-UKF,jink,0.500,4.00,0.050,1,0.600,1,6.0018,5.6901,-0.3117,1.5534,0.3001,0.1351,0.0766,6.0000,6.3415,1.7322,56.3362,0.6015,-98.1745,-29.5192,-75.7275,-23.8499,-75.9803,-23.6699,-92.8216,-21.5309,-116.9576,-16.1890,22.4470,5.6693,22.1942,5.8494,5.3529,7.9883,51,0.2900,51,0,0.9863,0.0120,0.0018,-4.8636,3.6075,0.1210,-3.0730,-5.1533,0.0000,1,0.2407,0.0576,12.7504,0.0003,1.000,70.00,342.76
13.0502,IMM-UKF,jink,0.500,4.00,0.050,1,0.600,1,5.9999,5.7637,-0.2363,1.5828,0.3001,0.1351,0.0768,6.0000,6.3415,1.7335,59.2927,0.6012,-99.1592,-29.5427,-75.7275,-23.8499,-75.9803,-23.6699,-93.4378,-21.1980,-116.7967,-15.6948,23.4317,5.6928,23.1788,5.8728,5.7214,8.3446,51,0.3000,51,0,0.9863,0.0120,0.0018,-4.6451,3.6311,0.1186,-3.0110,-5.1898,0.0000,1,0.2407,0.0576,12.7504,0.0003,1.000,70.00,342.76
13.0602,IMM-UKF,jink,0.500,4.00,0.050,1,0.600,1,6.0007,5.6360,-0.3647,0.8944,0.3026,0.1379,0.0744,6.0000,5.7743,1.2942,36.9279,0.6008,-100.1483,-29.5510,-94.3057,-29.2754,-94.5428,-29.3345,-93.2656,-28.3107,-117.7226,-29.1031,5.8426,0.2756,5.6055,0.2165,6.8827,1.2403,52,0.0600,52,0,0.9842,0.0145,0.0013,-4.4299,3.6573,0.1159,-2.9485,-5.2256,0.0000,1,0.2407,0.0576,13.0005,0.0003,1.000,70.00,342.76
13.0702,IMM-UKF,jink,0.500,4.00,0.050,1,0.600,1,6.0043,5.6675,-0.3368,0.9082,0.3026,0.1379,0.0746,6.0000,5.7743,1.2956,38.9745,0.6004,-101.1407,-29.5443,-94.3057,-29.2754,-94.5428,-29.3345,-93.8632,-28.3089,-117.7164,-28.6244,6.8350,0.2689,6.5979,0.2097,7.2775,1.2354,52,0.0700,52,0,0.9842,0.0145,0.0013,-4.2178,3.6859,0.1130,-2.8856,-5.2606,0.0000,1,0.2407,0.0576,13.0005,0.0003,1.000,70.00,342.76
13.0802,IMM-UKF,jink,0.500,4.00,0.050,1,0.600,1,6.0105,5.7029,-0.3076,0.9227,0.3026,0.1379,0.0748,6.0000,5.7743,1.2971,41.0627,0.6000,-102.1352,-29.5226,-94.3057,-29.2754,-94.5428,-29.3345,-94.4593,-28.2847,-117.7162,-28.1509,7.8295,0.2472,7.5924,0.1880,7.6759,1.2379,52,0.0800,52,0,0.9842,0.0145,0.0013,-4.0089,3.7169,0.1099,-2.8222,-5.2948,0.0000,1,0.2407,0.0576,13.0005,0.0003,1.000,70.00,342.76
13.0902,IMM-UKF,jink,0.500,4.00,0.050,1,0.600,1,6.0194,5.7423,-0.2771,0.9379,0.3026,0.1379,0.0750,6.0000,5.7743,1.2985,43.1882,0.5995,-103.1305,-29.4860,-94.3057,-29.2754,-94.5428,-29.3345,-95.0532,-28.2389,-117.7222,-27.6832,8.8248,0.2106,8.5877,0.1515,8.0773,1.2472,52,0.0900,52,0,0.9842,0.0145,0.0013,-3.8033,3.7503,0.1066,-2.7585,-5.3283,0.0000,1,0.2407,0.0576,13.0005,0.0003,1.000,70.00,342.76
13.1002,IMM-UKF,jink,0.500,4.00,0.050,1,0.600,1,6.0310,5.7855,-0.2455,0.9538,0.3026,0.1379,0.0751,6.0000,5.7743,1.3000,45.3472,0.5990,-104.1254,-29.4349,-94.3057,-29.2754,-94.5428,-29.3345,-95.6443,-28.1724,-117.7349,-27.2217,9.8197,0.1595,9.5826,0.1004,8.4811,1.2625,52,0.1000,52,0,0.9842,0.0145,0.0013,-3.6008,3.7861,0.1031,-2.6943,-5.3610,0.0000,1,0.2407,0.0576,13.0005,0.0003,1.000,70.00,342.76
13.1102,IMM-UKF,jink,0.500,4.00,0.050,1,0.600,1,6.0453,5.8325,-0.2127,0.9706,0.3026,0.1379,0.0753,6.0000,5.7743,1.3014,47.5359,0.5984,-105.1187,-29.3694,-94.3057,-29.2754,-94.5428,-29.3345,-96.2321,-28.0860,-117.7542,-26.7667,10.8130,0.0940,10.5759,0.0348,8.8866,1.2833,52,0.1100,52,0,0.9842,0.0145,0.0013,-3.4016,3.8240,0.0994,-2.6298,-5.3930,0.0000,1,0.2407,0.0576,13.0005,0.0003,1.000,70.00,342.76
13.1202,IMM-UKF,jink,0.500,4.00,0.050,1,0.600,1,6.0621,5.8832,-0.1789,0.9881,0.3026,0.1379,0.0754,6.0000,5.7743,1.3028,49.7507,0.5978,-106.1093,-29.2898,-94.3057,-29.2754,-94.5428,-29.3345,-96.8160,-27.9809,-117.7804,-26.3184,11.8036,0.0144,11.5665,-0.0447,9.2933,1.3089,52,0.1200,52,0,0.9842,0.0145,0.0013,-3.2056,3.8642,0.0954,-2.5649,-5.4241,0.0000,1,0.2407,0.0576,13.0005,0.0003,1.000,70.00,342.76
13.1302,IMM-UKF,jink,0.500,4.00,0.050,1,0.600,1,6.0816,5.9375,-0.1441,1.0065,0.3026,0.1379,0.0755,6.0000,5.7743,1.3042,51.9883,0.5972,-107.0960,-29.1965,-94.3057,-29.2754,-94.5428,-29.3345,-97.3955,-27.8579,-117.8134,-25.8770,12.7903,-0.0789,12.5532,-0.1381,9.7004,1.3385,52,0.1300,52,0,0.9842,0.0145,0.0013,-3.0128,3.9066,0.0912,-2.4996,-5.4545,0.0000,1,0.2407,0.0576,13.0005,0.0003,1.000,70.00,342.76
13.1402,IMM-UKF,jink,0.500,4.00,0.050,1,0.600,1,6.1036,5.9954,-0.1083,1.0257,0.3026,0.1379,0.0756,6.0000,5.7743,1.3056,54.2448,0.5965,-108.0777,-29.0898,-94.3057,-29.2754,-94.5428,-29.3345,-97.9703,-27.7182,-117.8534,-25.4428,13.7720,-0.1856,13.5349,-0.2447,10.1075,1.3716,52,0.1400,52,0,0.9842,0.0145,0.0013,-2.8232,3.9509,0.0867,-2.4340,-5.4841,0.0000,1,0.2407,0.0576,13.0005,0.0003,1.000,70.00,342.76
13.1502,IMM-UKF,jink,0.500,4.00,0.050,1,0.600,1,6.1283,6.0567,-0.0715,1.0458,0.3026,0.1379,0.0757,6.0000,5.7743,1.3069,56.5171,0.5958,-109.0535,-28.9702,-94.3057,-29.2754,-94.5428,-29.3345,-98.5398,-27.5626,-117.9002,-25.0158,14.7478,-0.3052,14.5107,-0.3644,10.5137,1.4076,52,0.1500,52,0,0.9842,0.0145,0.0013,-2.6369,3.9973,0.0820,-2.3680,-5.5129,0.0000,1,0.2407,0.0576,13.0005,0.0003,1.000,70.00,342.76
13.1602,IMM-UKF,jink,0.500,4.00,0.050,1,0.600,1,6.1554,6.1215,-0.0339,1.0667,0.3026,0.1379,0.0758,6.0000,5.7743,1.3081,58.8016,0.5950,-110.0223,-28.8380,-94.3057,-29.2754,-94.5428,-29.3345,-99.1039,-27.3922,-117.9538,-24.5961,15.7166,-0.4373,15.4795,-0.4965,10.9185,1.4459,52,0.1600,52,0,0.9842,0.0145,0.0013,-2.4537,4.0457,0.0770,-2.3017,-5.5410,0.0000,1,0.2407,0.0576,13.0005,0.0003,1.000,70.00,342.76
13.1702,IMM-UKF,jink,0.500,4.00,0.050,1,0.600,1,6.1851,6.1897,0.0046,1.0884,0.3026,0.1379,0.0759,6.0000,5.7743,1.3092,61.0948,0.5941,-110.9833,-28.6939,-94.3057,-29.2754,-94.5428,-29.3345,-99.6621,-27.2080,-118.0141,-24.1837,16.6776,-0.5815,16.4405,-0.6406,11.3213,1.4859,52,0.1700,52,0,0.9842,0.0145,0.0013,-2.2738,4.0959,0.0718,-2.2351,-5.5682,0.0000,1,0.2407,0.0576,13.0005,0.0003,1.000,70.00,342.76
13.1802,IMM-UKF,jink,0.500,4.00,0.050,1,0.600,1,6.2173,6.2612,0.0439,1.1110,0.3026,0.1379,0.0759,6.0000,5.7743,1.3104,63.3935,0.5932,-111.9356,-28.5383,-94.3057,-29.2754,-94.5428,-29.3345,-100.2142,-27.0110,-118.0810,-23.7785,17.6299,-0.7371,17.3928,-0.7963,11.7214,1.5272,52,0.1800,52,0,0.9842,0.0145,0.0013,-2.0970,4.1479,0.0661,-2.1681,-5.5946,0.0000,1,0.2407,0.0576,13.0005,0.0003,1.000,70.00,342.76
13.1902,IMM-UKF,jink,0.500,4.00,0.050,1,0.600,1,6.2519,6.3359,0.0840,1.1345,0.3026,0.1379,0.0760,6.0000,5.7743,1.3114,65.6942,0.5922,-112.8783,-28.3716,-94.3057,-29.2754,-94.5428,-29.3345,-100.7601,-26.8022,-118.1543,-23.3803,18.5726,-0.9038,18.3355,-0.9629,12.1182,1.5695,52,0.1900,52,0,0.9842,0.0145,0.0013,-1.9234,4.2017,0.0602,-2.1008,-5.6202,0.0000,1,0.2407,0.0576,13.0005,0.0003,1.000,70.00,342.76
13.2002,IMM-UKF,jink,0.500,4.00,0.050,1,0.600,1,6.2889,6.4138,0.1249,1.1588,0.3026,0.1379,0.0760,6.0000,5.7743,1.3123,67.9938,0.5912,-113.8108,-28.1945,-94.3057,-29.2754,-94.5428,-29.3345,-101.2995,-26.5823,-118.2339,-22.9892,19.5051,-1.0809,19.2680,-1.1400,12.5113,1.6122,52,0.2000,52,0,0.9842,0.0145,0.0013,-1.7529,4.2572,0.0538,-2.0332,-5.6450,0.0000,1,0.2407,0.0576,13.0005,0.0003,1.000,70.00,342.76
13.2102,IMM-UKF,jink,0.500,4.00,0.050,1,0.600,1,6.3283,6.4948,0.1665,1.1839,0.3026,0.1379,0.0760,6.0000,5.7743,1.3132,70.2889,0.5901,-114.7324,-28.0075,-94.3057,-29.2754,-94.5428,-29.3345,-101.8323,-26.3523,-118.3195,-22.6047,20.4267,-1.2679,20.1896,-1.3271,12.9001,1.6552,52,0.2100,52,0,0.9842,0.0145,0.0013,-1.5856,4.3142,0.0469,-1.9653,-5.6690,0.0000,1,0.2407,0.0576,13.0005,0.0003,1.000,70.00,342.76
13.2202,IMM-UKF,jink,0.500,4.00,0.050,1,0.600,1,6.3702,6.5789,0.2087,1.2099,0.3026,0.1379,0.0761,6.0000,5.7743,1.3139,72.5770,0.5889,-115.6425,-27.8111,-94.3057,-29.2754,-94.5428,-29.3345,-102.3584,-26.1130,-118.4111,-22.2266,21.3367,-1.4643,21.0996,-1.5235,13.2841,1.6981,52,0.2200,52,0,0.9842,0.0145,0.0013,-1.4214,4.3728,0.0395,-1.8971,-5.6922,0.0000,1,0.2407,0.0576,13.0005,0.0003,1.000,70.00,342.76
13.2302,IMM-UKF,jink,0.500,4.00,0.050,1,0.600,1,6.4143,6.6659,0.2516,1.2367,0.3026,0.1379,0.0761,6.0000,5.7743,1.3146,74.8548,0.5876,-116.5404,-27.6058,-94.3057,-29.2754,-94.5428,-29.3345,-102.8776,-25.8649,-118.5082,-21.8545,22.2347,-1.6696,21.9976,-1.7287,13.6628,1.7409,52,0.2300,52,0,0.9842,0.0145,0.0013,-1.2603,4.4328,0.0315,-1.8287,-5.7145,0.0000,1,0.2407,0.0576,13.0005,0.0003,1.000,70.00,342.76
13.2402,IMM-UKF,jink,0.500,4.00,0.050,1,0.600,1,6.4607,6.7558,0.2951,1.2643,0.3026,0.1379,0.0761,6.0000,5.7743,1.3152,77.1204,0.5863,-117.4259,-27.3923,-94.3057,-29.2754,-94.5428,-29.3345,-103.3900,-25.6088,-118.6109,-21.4878,23.1202,-1.8831,22.8831,-1.9422,14.0359,1.7835,52,0.2400,52,0,0.9842,0.0145,0.0013,-1.1023,4.4943,0.0228,-1.7600,-5.7361,0.0000,1,0.2407,0.0576,13.0005,0.0003,1.000,70.00,342.76
13.2502,IMM-UKF,jink,0.500,4.00,0.050,1,0.600,1,6.5094,6.8486,0.3392,1.2928,0.3026,0.1379,0.0761,6.0000,5.7743,1.3156,79.3710,0.5848,-118.2984,-27.1710,-94.3057,-29.2754,-94.5428,-29.3345,-103.8954,-25.3450,-118.7187,-21.1258,23.9926,-2.1044,23.7556,-2.1635,14.4030,1.8260,52,0.2500,52,0,0.9842,0.0145,0.0013,-0.9474,4.5571,0.0132,-1.6910,-5.7568,0.0000,1,0.2108,0.0520,13.0005,0.0010,1.000,70.00,342.76
13.2602,IMM-UKF,jink,0.500,4.00,0.050,1,0.600,1,6.5604,6.9441,0.3837,1.3220,0.3026,0.1379,0.0761,6.0000,5.7743,1.3160,81.6048,0.5833,-119.1575,-26.9425,-94.3057,-29.2754,-94.5428,-29.3345,-104.3939,-25.0738,-118.8316,-20.7675,24.8518,-2.3329,24.6147,-2.3921,14.7637,1.8686,52,0.2600,52,0,0.9842,0.0145,0.0013,-0.7955,4.6211,0.0024,-1.6218,-5.7766,0.0000,1,0.2108,0.0520,13.0005,0.0010,1.000,70.00,342.76
13.2702,IMM-UKF,jink,0.500,4.00,0.050,1,0.600,1,6.6135,7.0422,0.4288,1.3520,0.3026,0.1379,0.0761,6.0000,5.7743,1.3162,83.8208,0.5816,-120.0031,-26.7072,-94.3057,-29.2754,-94.5428,-29.3345,-104.8854,-24.7951,-118.9492,-20.4114,25.6974,-2.5682,25.4603,-2.6274,15.1178,1.9120,52,0.2700,52,0,0.9842,0.0145,0.0013,-0.6467,4.6862,-0.0099,-1.5524,-5.7957,0.0000,1,0.2108,0.0520,13.0005,0.0010,1.000,70.00,342.76
13.2802,IMM-UKF,jink,0.500,4.00,0.050,1,0.600,1,6.6687,7.1428,0.4741,1.3828,0.3026,0.1379,0.0761,6.0000,5.7743,1.3164,86.0182,0.5799,-120.8348,-26.4655,-94.3057,-29.2754,-94.5428,-29.3345,-105.3698,-24.5083,-119.0712,-20.0552,26.5291,-2.8099,26.2920,-2.8690,15.4650,1.9572,52,0.2800,52,0,0.9842,0.0145,0.0013,-0.5009,4.7525,-0.0243,-1.4827,-5.8139,0.0000,1,0.2108,0.0520,13.0005,0.0010,1.000,70.00,342.76
13.2902,IMM-UKF,jink,0.500,4.00,0.050,1,0.600,1,6.7261,7.2457,0.5196,1.4144,0.3026,0.1379,0.0761,6.0000,5.7743,1.3164,88.1987,0.5781,-121.6525,-26.2178,-94.3057,-29.2754,-94.5428,-29.3345,-105.8472,-24.2118,-119.1974,-19.6951,27.3467,-3.0576,27.1097,-3.1167,15.8053,2.0060,52,0.2900,52,0,0.9842,0.0145,0.0013,-0.3583,4.8196,-0.0417,-1.4129,-5.8313,0.0000,1,0.2108,0.0520,13.0005,0.0010,1.000,70.00,342.76
13.3002,IMM-UKF,jink,0.500,4.00,0.050,1,0.600,1,6.7855,7.3504,0.5649,1.4468,0.3026,0.1379,0.0761,6.0000,5.7743,1.3165,90.3678,0.5761,-122.4559,-25.9644,-94.3057,-29.2754,-94.5428,-29.3345,-106.3171,-23.9018,-119.3272,-19.3232,28.1502,-3.3110,27.9131,-3.3702,16.1388,2.0626,52,0.3000,52,0,0.9842,0.0145,0.0013,-0.2190,4.8874,-0.0643,-1.3428,-5.8478,0.0000,1,0.2108,0.0520,13.0005,0.0010,1.000,70.00,342.76
13.3102,IMM-UKF,jink,0.500,4.00,0.050,1,0.600,1,6.8468,6.4044,-0.4424,0.9579,0.3090,0.1415,0.0697,6.0000,4.9728,2.1379,22.1087,0.5741,-123.2451,-25.7049,-118.2984,-27.1710,-118.6878,-27.0881,-119.1845,-25.2732,-135.8734,-18.1347,4.9467,-1.4661,4.5573,-1.3832,4.0606,0.4317,53,0.0600,53,0,0.9720,0.0248,0.0033,-0.0838,4.9550,-0.0972,-1.2725,-5.8635,0.0000,1,0.2108,0.0520,13.2512,0.0010,1.000,70.00,342.76
13.3202,IMM-UKF,jink,0.500,4.00,0.050,1,0.600,1,6.9098,6.4793,-0.4306,0.9749,0.3090,0.1415,0.0697,6.0000,4.9728,2.1387,23.4199,0.5721,-124.0198,-25.4380,-118.2984,-27.1710,-118.6878,-27.0881,-119.7253,-25.0064,-135.9122,-17.7184,5.7214,-1.7330,5.3320,-1.6501,4.2945,0.4317,53,0.0700,53,0,0.9720,0.0248,0.0033,0.0420,5.0177,-0.1611,-1.2021,-5.8784,0.0000,1,0.2108,0.0520,13.2512,0.0010,1.000,70.00,342.76
13.3302,IMM-UKF,jink,0.500,4.00,0.050,1,0.600,1,6.9720,6.5363,-0.4356,0.9926,0.3090,0.1415,0.0697,6.0000,4.9728,2.1394,24.9422,0.5701,-124.7770,-25.1655,-118.2984,-27.1710,-118.6878,-27.0881,-120.2115,-24.7314,-136.0004,-17.2369,6.4787,-2.0055,6.0892,-1.9226,4.5655,0.4341,53,0.0800,53,0,0.9720,0.0248,0.0033,-0.0144,4.9161,-0.3226,-1.1314,-5.8924,0.0000,1,0.2108,0.0520,13.2512,0.0010,1.000,70.00,342.76
13.3402,IMM-UKF,jink,0.500,4.00,0.050,1,0.600,1,7.0327,6.5876,-0.4452,1.0110,0.3090,0.1415,0.0697,6.0000,4.9728,2.1400,26.5322,0.5682,-125.5164,-24.9001,-118.2984,-27.1710,-118.6878,-27.0881,-120.6572,-24.5607,-136.0996,-17.2268,7.2180,-2.2709,6.8286,-2.1880,4.8592,0.3394,53,0.0900,53,0,0.9720,0.0248,0.0033,-0.1422,4.7465,-0.3585,-1.0607,-5.9055,0.0000,1,0.2108,0.0520,13.2512,0.0010,1.000,70.00,342.76
13.3502,IMM-UKF,jink,0.500,4.00,0.050,1,0.600,1,7.0923,6.6361,-0.4561,1.0302,0.3090,0.1415,0.0697,6.0000,4.9728,2.1406,28.1806,0.5663,-126.2388,-24.6434,-118.2984,-27.1710,-118.6878,-27.0881,-121.0780,-24.4181,-136.1911,-17.2947,7.9405,-2.5276,7.5510,-2.4447,5.1608,0.2253,53,0.1000,53,0,0.9720,0.0248,0.0033,-0.2699,4.5747,-0.3714,-0.9897,-5.9178,0.0000,1,0.2108,0.0520,13.2512,0.0010,1.000,70.00,342.76
13.3602,IMM-UKF,jink,0.500,4.00,0.050,1,0.600,1,7.1505,6.6819,-0.4686,1.0501,0.3090,0.1415,0.0697,6.0000,4.9728,2.1411,29.8924,0.5644,-126.9454,-24.3958,-118.2984,-27.1710,-118.6878,-27.0881,-121.4754,-24.2952,-136.2742,-17.3962,8.6470,-2.7752,8.2576,-2.6924,5.4700,0.1006,53,0.1100,53,0,0.9720,0.0248,0.0033,-0.3954,4.4028,-0.3754,-0.9186,-5.9293,0.0000,1,0.2108,0.0520,13.2512,0.0010,1.000,70.00,342.76
13.3702,IMM-UKF,jink,0.500,4.00,0.050,1,0.600,1,7.2075,6.7248,-0.4827,1.0707,0.3090,0.1415,0.0697,6.0000,4.9728,2.1414,31.6686,0.5625,-127.6369,-24.1572,-118.2984,-27.1710,-118.6878,-27.0881,-121.8504,-24.1895,-136.3486,-17.5187,9.3385,-3.0138,8.9491,-2.9309,5.7865,-0.0323,53,0.1200,53,0,0.9720,0.0248,0.0033,-0.5183,4.2311,-0.3748,-0.8474,-5.9399,0.0000,1,0.2108,0.0520,13.2512,0.0010,1.000,70.00,342.76
13.3802,IMM-UKF,jink,0.500,4.00,0.050,1,0.600,1,7.2632,6.7649,-0.4983,1.0921,0.3090,0.1415,0.0697,6.0000,4.9728,2.1418,33.5088,0.5607,-128.3142,-23.9278,-118.2984,-27.1710,-118.6878,-27.0881,-122.2039,-24.0997,-136.4141,-17.6570,10.0158,-3.2432,9.6264,-3.1603,6.1104,-0.1719,53,0.1300,53,0,0.9720,0.0248,0.0033,-0.6386,4.0598,-0.3713,-0.7761,-5.9496,0.0000,1,0.2108,0.0520,13.2512,0.0010,1.000,70.00,342.76
13.3902,IMM-UKF,jink,0.500,4.00,0.050,1,0.600,1,7.3175,6.8021,-0.5155,1.1143,0.3090,0.1415,0.0697,6.0000,4.9728,2.1421,35.4129,0.5588,-128.9782,-23.7072,-118.2984,-27.1710,-118.6878,-27.0881,-122.5366,-24.0248,-136.4706,-17.8086,10.6798,-3.4638,10.2904,-3.3809,6.4416,-0.3176,53,0.1400,53,0,0.9720,0.0248,0.0033,-0.7563,3.8888,-0.3659,-0.7046,-5.9585,0.0000,1,0.2108,0.0520,13.2512,0.0010,1.000,70.00,342.76
13.4002,IMM-UKF,jink,0.500,4.00,0.050,1,0.600,1,7.3706,6.8364,-0.5342,1.1373,0.3090,0.1415,0.0697,6.0000,4.9728,2.1424,37.3805,0.5570,-129.6296,-23.4953,-118.2984,-27.1710,-118.6878,-27.0881,-122.8493,-23.9643,-136.5177,-17.9720,11.3312,-3.6757,10.9417,-3.5928,6.7803,-0.4691,53,0.1500,53,0,0.9720,0.0248,0.0033,-0.8714,3.7182,-0.3591,-0.6331,-5.9665,0.0000,1,0.2108,0.0520,13.2512,0.0010,1.000,70.00,342.76
13.4102,IMM-UKF,jink,0.500,4.00,0.050,1,0.600,1,7.4223,6.8679,-0.5544,1.1611,0.3090,0.1415,0.0697,6.0000,4.9728,2.1426,39.4115,0.5552,-130.2690,-23.2919,-118.2984,-27.1710,-118.6878,-27.0881,-123.1425,-23.9176,-136.5552,-18.1464,11.9707,-3.8791,11.5812,-3.7962,7.1265,-0.6258,53,0.1600,53,0,0.9720,0.0248,0.0033,-0.9840,3.5481,-0.3512,-0.5614,-5.9737,0.0000,1,0.2108,0.0520,13.2512,0.0010,1.000,70.00,342.76
13.4202,IMM-UKF,jink,0.500,4.00,0.050,1,0.600,1,7.4726,6.8966,-0.5761,1.1858,0.3090,0.1415,0.0697,6.0000,4.9728,2.1429,41.5059,0.5535,-130.8973,-23.0967,-118.2984,-27.1710,-118.6878,-27.0881,-123.4168,-23.8843,-136.5828,-18.3312,12.5989,-4.0743,12.2095,-3.9914,7.4805,-0.7875,53,0.1700,53,0,0.9720,0.0248,0.0033,-1.0940,3.3785,-0.3426,-0.4897,-5.9800,0.0000,1,0.2108,0.0520,13.2512,0.0010,1.000,70.00,342.76
13.4302,IMM-UKF,jink,0.500,4.00,0.050,1,0.600,1,7.5216,6.9225,-0.5991,1.2113,0.3090,0.1415,0.0697,6.0000,4.9728,2.1431,43.6637,0.5517,-131.5150,-22.9097,-118.2984,-27.1710,-118.6878,-27.0881,-123.6726,-23.8639,-136.6003,-18.5261,13.2166,-4.2613,12.8271,-4.1784,7.8424,-0.9542,53,0.1800,53,0,0.9720,0.0248,0.0033,-1.2016,3.2093,-0.3334,-0.4179,-5.9854,0.0000,1,0.2108,0.0520,13.2512,0.0010,1.000,70.00,342.76
13.4402,IMM-UKF,jink,0.500,4.00,0.050,1,0.600,1,7.5692,6.9457,-0.6235,1.2376,0.3090,0.1415,0.0697,6.0000,4.9728,2.1431,45.8856,0.5501,-132.1226,-22.7305,-118.2984,-27.1710,-118.6878,-27.0881,-123.9103,-23.8560,-136.6073,-18.7310,13.8243,-4.4405,13.4348,-4.3576,8.2123,-1.1255,53,0.1900,53,0,0.9720,0.0248,0.0033,-1.3067,3.0407,-0.3238,-0.3461,-5.9900,0.0000,1,0.2108,0.0520,13.2512,0.0010,1.000,70.00,342.76
13.4502,IMM-UKF,jink,0.500,4.00,0.050,1,0.600,1,7.6155,6.9662,-0.6492,1.2647,0.3090,0.1415,0.0697,6.0000,4.9728,2.1433,48.1722,0.5484,-132.7209,-22.5589,-118.2984,-27.1710,-118.6878,-27.0881,-124.1303,-23.8604,-136.6035,-18.9457,14.4225,-4.6121,14.0331,-4.5292,8.5906,-1.3015,53,0.2000,53,0,0.9720,0.0248,0.0033,-1.4094,2.8727,-0.3137,-0.2742,-5.9937,0.0000,1,0.2108,0.0520,13.2512,0.0010,1.000,70.00,342.76
13.4602,IMM-UKF,jink,0.500,4.00,0.050,1,0.600,1,7.6603,6.9841,-0.6762,1.2927,0.3090,0.1415,0.0697,6.0000,4.9728,2.1434,50.5243,0.5468,-133.3103,-22.3948,-118.2984,-27.1710,-118.6878,-27.0881,-124.3329,-23.8768,-136.5884,-19.1702,15.0119,-4.7762,14.6225,-4.6933,8.9774,-1.4820,53,0.2100,53,0,0.9720,0.0248,0.0033,-1.5097,2.7052,-0.3034,-0.2022,-5.9966,0.0000,1,0.2108,0.0520,13.2512,0.0010,1.000,70.00,342.76
13.4702,IMM-UKF,jink,0.500,4.00,0.050,1,0.600,1,7.7037,6.9993,-0.7044,1.3215,0.3090,0.1415,0.0697,6.0000,4.9728,2.1434,52.9430,0.5452,-133.8913,-22.2379,-118.2984,-27.1710,-118.6878,-27.0881,-124.5182,-23.9049,-136.5618,-19.4046,15.5929,-4.9331,15.2035,-4.8502,9.3731,-1.6670,53,0.2200,53,0,0.9720,0.0248,0.0033,-1.6077,2.5382,-0.2928,-0.1303,-5.9986,0.0000,1,0.2867,0.0592,13.2512,0.0013,1.000,70.00,342.76
13.4802,IMM-UKF,jink,0.500,4.00,0.050,1,0.600,1,7.7457,7.0120,-0.7337,1.3512,0.3090,0.1415,0.0697,6.0000,4.9728,2.1434,55.4296,0.5437,-134.4644,-22.0880,-118.2984,-27.1710,-118.6878,-27.0881,-124.6866,-23.9445,-136.5231,-19.6489,16.1660,-5.0830,15.7766,-5.0001,9.7779,-1.8564,53,0.2300,53,0,0.9720,0.0248,0.0033,-1.7033,2.3719,-0.2820,-0.0583,-5.9997,0.0000,1,0.2867,0.0592,13.2512,0.0013,1.000,70.00,342.76
13.4902,IMM-UKF,jink,0.500,4.00,0.050,1,0.600,1,7.7863,7.0222,-0.7642,1.3817,0.3090,0.1415,0.0697,6.0000,4.9728,2.1434,57.9856,0.5422,-135.0301,-21.9450,-118.2984,-27.1710,-118.6878,-27.0881,-124.8380,-23.9953,-136.4720,-19.9032,16.7317,-5.2260,16.3423,-5.1431,10.1921,-2.0503,53,0.2400,53,0,0.9720,0.0248,0.0033,-1.7966,2.2062,-0.2711,0.0137,-6.0000,0.0000,1,0.2867,0.0592,13.2512,0.0013,1.000,70.00,342.76
13.5002,IMM-UKF,jink,0.500,4.00,0.050,1,0.600,1,7.8255,7.0298,-0.7957,1.4130,0.3090,0.1415,0.0697,6.0000,4.9728,2.1433,60.6128,0.5407,-135.5888,-21.8087,-118.2984,-27.1710,-118.6878,-27.0881,-124.9727,-24.0572,-136.4078,-20.1677,17.2904,-5.3623,16.9009,-5.2794,10.6161,-2.2485,53,0.2500,53,0,0.9720,0.0248,0.0033,-1.8876,2.0411,-0.2601,0.0857,-5.9994,0.0000,1,0.2867,0.0592,13.2512,0.0013,1.000,70.00,342.76
13.5102,IMM-UKF,jink,0.500,4.00,0.050,1,0.600,1,7.8642,7.0350,-0.8292,1.4452,0.3090,0.1415,0.0697,6.0000,4.9728,2.1475,63.2614,0.5393,-136.1320,-21.6762,-118.2984,-27.1710,-118.6878,-27.0881,-125.0920,-24.1298,-136.3333,-20.4418,17.8337,-5.4948,17.4442,-5.4119,11.0400,-2.4536,53,0.2600,53,0,0.9720,0.0248,0.0033,-1.9768,1.8770,-0.2492,0.0137,-6.0000,0.0000,1,0.2867,0.0592,13.2512,0.0013,1.000,70.00,342.76
13.5202,IMM-UKF,jink,0.500,4.00,0.050,1,0.600,1,7.9023,7.0377,-0.8646,1.4781,0.3090,0.1415,0.0695,6.0000,4.9728,2.1516,65.9371,0.5381,-136.6611,-21.5474,-118.2984,-27.1710,-118.6878,-27.0881,-125.1962,-24.2130,-136.2480,-20.7258,18.3628,-5.6236,17.9733,-5.5407,11.4649,-2.6656,53,0.2700,53,0,0.9720,0.0248,0.0033,-2.0644,1.7140,-0.2384,-0.0583,-5.9997,0.0000,1,0.2867,0.0592,13.2512,0.0013,1.000,70.00,342.76
13.5302,IMM-UKF,jink,0.500,4.00,0.050,1,0.600,1,7.9399,6.7499,-1.1901,1.0289,0.3019,0.1397,0.0762,6.0000,5.2136,2.1928,17.1261,0.5369,-137.1763,-21.4223,-133.8913,-22.2379,-134.1643,-21.9756,-134.1049,-21.3615,-149.1390,-14.9204,3.2850,-0.8156,3.0121,-0.5533,3.0714,0.0607,54,0.0600,54,0,0.9630,0.0319,0.0051,-2.1502,1.5520,-0.2277,-0.1303,-5.9986,0.0000,1,0.2867,0.0592,13.4715,0.0013,1.000,70.00,342.76
13.5402,IMM-UKF,jink,0.500,4.00,0.050,1,0.600,1,7.9770,6.7791,-1.1979,1.0472,0.3019,0.1397,0.0756,6.0000,5.2136,2.1961,17.8335,0.5357,-137.6781,-21.3009,-133.8913,-22.2379,-134.1643,-21.9756,-134.4822,-21.2496,-149.3149,-15.0224,3.7867,-0.9370,3.5138,-0.6747,3.1958,0.0513,54,0.0700,54,0,0.9630,0.0319,0.0051,-2.2345,1.3910,-0.2172,-0.2022,-5.9966,0.0000,1,0.2867,0.0592,13.4715,0.0013,1.000,70.00,342.76
13.5502,IMM-UKF,jink,0.500,4.00,0.050,1,0.600,1,8.0134,6.8056,-1.2079,1.0660,0.3019,0.1397,0.0749,6.0000,5.2136,2.1994,18.5451,0.5347,-138.1665,-21.1831,-133.8913,-22.2379,-134.1643,-21.9756,-134.8456,-21.1494,-149.4885,-15.1304,4.2752,-1.0547,4.0023,-0.7925,3.3209,0.0338,54,0.0800,54,0,0.9630,0.0319,0.0051,-2.3171,1.2311,-0.2068,-0.2742,-5.9937,0.0000,1,0.2867,0.0592,13.4715,0.0013,1.000,70.00,342.76
13.5602,IMM-UKF,jink,0.500,4.00,0.050,1,0.600,1,8.0493,6.8294,-1.2199,1.0855,0.3019,0.1397,0.0741,6.0000,5.2136,2.2025,19.2596,0.5337,-138.6422,-21.0691,-133.8913,-22.2379,-134.1643,-21.9756,-135.1957,-21.0606,-149.6598,-15.2446,4.7509,-1.1688,4.4779,-0.9066,3.4464,0.0085,54,0.0900,54,0,0.9630,0.0319,0.0051,-2.3983,1.0723,-0.1966,-0.3461,-5.9900,0.0000,1,0.2867,0.0592,13.4715,0.0013,1.000,70.00,342.76
13.5702,IMM-UKF,jink,0.500,4.00,0.050,1,0.600,1,8.0844,6.8504,-1.2340,1.1056,0.3019,0.1397,0.0731,6.0000,5.2136,2.2055,19.9762,0.5329,-139.1052,-20.9586,-133.8913,-22.2379,-134.1643,-21.9756,-135.5331,-20.9828,-149.8290,-15.3650,5.2139,-1.2793,4.9409,-1.0170,3.5721,-0.0242,54,0.1000,54,0,0.9630,0.0319,0.0051,-2.4779,0.9146,-0.1865,-0.4179,-5.9854,0.0000,1,0.2867,0.0592,13.4715,0.0013,1.000,70.00,342.76
13.5802,IMM-UKF,jink,0.500,4.00,0.050,1,0.600,1,8.1190,6.8688,-1.2502,1.1264,0.3019,0.1397,0.0719,6.0000,5.2136,2.2083,20.6946,0.5321,-139.5560,-20.8517,-133.8913,-22.2379,-134.1643,-21.9756,-135.8584,-20.9158,-149.9961,-15.4918,5.6646,-1.3862,5.3917,-1.1239,3.6975,-0.0641,54,0.1100,54,0,0.9630,0.0319,0.0051,-2.5560,0.7580,-0.1766,-0.4897,-5.9800,0.0000,1,0.2867,0.0592,13.4715,0.0013,1.000,70.00,342.76
13.5902,IMM-UKF,jink,0.500,4.00,0.050,1,0.600,1,8.1528,6.8845,-1.2683,1.1480,0.3019,0.1397,0.0708,6.0000,5.2136,2.2093,21.4170,0.5312,-139.9952,-20.7484,-133.8913,-22.2379,-134.1643,-21.9756,-136.1721,-20.8591,-150.1613,-15.6250,6.1039,-1.4895,5.8310,-1.2272,3.8231,-0.1108,54,0.1200,54,0,0.9630,0.0319,0.0051,-2.6327,0.6026,-0.1668,-0.5614,-5.9737,0.0000,1,0.2867,0.0592,13.4715,0.0013,1.000,70.00,342.76
13.6002,IMM-UKF,jink,0.500,4.00,0.050,1,0.600,1,8.1859,6.8976,-1.2883,1.1702,0.3019,0.1397,0.0698,6.0000,5.2136,2.2059,22.1466,0.5300,-140.4238,-20.6486,-133.8913,-22.2379,-134.1643,-21.9756,-136.4748,-20.8127,-150.3246,-15.7648,6.5325,-1.5893,6.2596,-1.3270,3.9491,-0.1641,54,0.1300,54,0,0.9630,0.0319,0.0051,-2.7080,0.4482,-0.1572,-0.6331,-5.9665,0.0000,1,0.2867,0.0592,13.4715,0.0013,1.000,70.00,342.76
13.6102,IMM-UKF,jink,0.500,4.00,0.050,1,0.600,1,8.2183,6.9081,-1.3102,1.1931,0.3019,0.1397,0.0688,6.0000,5.2136,2.2033,22.8760,0.5288,-140.8408,-20.5523,-133.8913,-22.2379,-134.1643,-21.9756,-136.7668,-20.7761,-150.4863,-15.9114,6.9494,-1.6856,6.6765,-1.4233,4.0740,-0.2238,54,0.1400,54,0,0.9630,0.0319,0.0051,-2.7820,0.2950,-0.1477,-0.7046,-5.9585,0.0000,1,0.2867,0.0592,13.4715,0.0013,1.000,70.00,342.76
13.6202,IMM-UKF,jink,0.500,4.00,0.050,1,0.600,1,8.2499,6.9160,-1.3339,1.2168,0.3019,0.1397,0.0679,6.0000,5.2136,2.2060,23.5991,0.5279,-141.2451,-20.4595,-133.8913,-22.2379,-134.1643,-21.9756,-137.0485,-20.7492,-150.6463,-16.0649,7.3538,-1.7784,7.0808,-1.5162,4.1966,-0.2898,54,0.1500,54,0,0.9630,0.0319,0.0051,-2.8546,0.1428,-0.1384,-0.7761,-5.9496,0.0000,1,0.2867,0.0592,13.4715,0.0013,1.000,70.00,342.76
13.6302,IMM-UKF,jink,0.500,4.00,0.050,1,0.600,1,8.2808,6.9214,-1.3594,1.2412,0.3019,0.1397,0.0670,6.0000,5.2136,2.2087,24.3236,0.5271,-141.6385,-20.3701,-133.8913,-22.2379,-134.1643,-21.9756,-137.3205,-20.7319,-150.8049,-16.2254,7.7472,-1.8678,7.4742,-1.6056,4.3180,-0.3618,54,0.1600,54,0,0.9630,0.0319,0.0051,-2.9260,-0.0081,-0.1293,-0.8474,-5.9399,0.0000,1,0.2867,0.0592,13.4715,0.0013,1.000,70.00,342.76
13.6402,IMM-UKF,jink,0.500,4.00,0.050,1,0.600,1,8.3109,6.9242,-1.3867,1.2664,0.3019,0.1397,0.0659,6.0000,5.2136,2.2112,25.0499,0.5263,-142.0212,-20.2840,-133.8913,-22.2379,-134.1643,-21.9756,-137.5831,-20.7238,-150.9622,-16.3932,8.1299,-1.9539,7.8570,-1.6916,4.4381,-0.4398,54,0.1700,54,0,0.9630,0.0319,0.0051,-2.9961,-0.1579,-0.1202,-0.9186,-5.9293,0.0000,1,0.2867,0.0592,13.4715,0.0013,1.000,70.00,342.76
13.6502,IMM-UKF,jink,0.500,4.00,0.050,1,0.600,1,8.3401,6.9245,-1.4156,1.2923,0.3019,0.1397,0.0647,6.0000,5.2136,2.2137,25.7782,0.5257,-142.3934,-20.2014,-133.8913,-22.2379,-134.1643,-21.9756,-137.8367,-20.7250,-151.1181,-16.5684,8.5021,-2.0365,8.2292,-1.7743,4.5568,-0.5236,54,0.1800,54,0,0.9630,0.0319,0.0051,-3.0649,-0.3066,-0.1114,-0.9897,-5.9178,0.0000,1,0.2867,0.0592,13.4715,0.0013,1.000,70.00,342.76
13.6602,IMM-UKF,jink,0.500,4.00,0.050,1,0.600,1,8.3686,6.9224,-1.4462,1.3190,0.3019,0.1397,0.0634,6.0000,5.2136,2.2160,26.5090,0.5250,-142.7554,-20.1220,-133.8913,-22.2379,-134.1643,-21.9756,-138.0815,-20.7351,-151.2731,-16.7513,8.8641,-2.1159,8.5912,-1.8536,4.6740,-0.6132,54,0.1900,54,0,0.9630,0.0319,0.0051,-3.1326,-0.4541,-0.1027,-1.0607,-5.9055,0.0000,1,0.2867,0.0592,13.4715,0.0013,1.000,70.00,342.76
13.6702,IMM-UKF,jink,0.500,4.00,0.050,1,0.600,1,8.3962,6.9178,-1.4784,1.3465,0.3019,0.1397,0.0620,6.0000,5.2136,2.2182,27.2430,0.5245,-143.1074,-20.0459,-133.8913,-22.2379,-134.1643,-21.9756,-138.3178,-20.7542,-151.4270,-16.9421,9.2161,-2.1920,8.9431,-1.9297,4.7896,-0.7083,54,0.2000,54,0,0.9630,0.0319,0.0051,-3.1991,-0.6005,-0.0941,-1.1314,-5.8924,0.0000,1,0.2867,0.0592,13.4715,0.0013,1.000,70.00,342.76
13.6802,IMM-UKF,jink,0.500,4.00,0.050,1,0.600,1,8.4230,6.9108,-1.5121,1.3747,0.3019,0.1397,0.0605,6.0000,5.2136,2.2203,27.9806,0.5240,-143.4495,-19.9731,-133.8913,-22.2379,-134.1643,-21.9756,-138.5461,-20.7822,-151.5802,-17.1410,9.5582,-2.2648,9.2853,-2.0025,4.9034,-0.8091,54,0.2100,54,0,0.9630,0.0319,0.0051,-3.2645,-0.7457,-0.0857,-1.2021,-5.8784,0.0000,1,0.2867,0.0592,13.4715,0.0013,1.000,70.00,342.76
13.6902,IMM-UKF,jink,0.500,4.00,0.050,1,0.600,1,8.4489,6.9014,-1.5474,1.4037,0.3019,0.1397,0.0589,6.0000,5.2136,2.2223,28.7224,0.5235,-143.7821,-19.9035,-133.8913,-22.2379,-134.1643,-21.9756,-138.7665,-20.8189,-151.7326,-17.3483,9.8907,-2.3344,9.6178,-2.0722,5.0155,-0.9154,54,0.2200,54,0,0.9630,0.0319,0.0051,-3.3287,-0.8897,-0.0775,-1.2725,-5.8635,0.0000,1,0.2867,0.0592,13.4715,0.0013,1.000,70.00,342.76
13.7002,IMM-UKF,jink,0.500,4.00,0.050,1,0.600,1,8.4739,6.8897,-1.5841,1.4334,0.3019,0.1397,0.0572,6.0000,5.2136,2.2242,29.4692,0.5232,-144.1052,-19.8370,-133.8913,-22.2379,-134.1643,-21.9756,-138.9794,-20.8643,-151.8845,-17.5644,10.2139,-2.4009,9.9409,-2.1386,5.1258,-1.0272,54,0.2300,54,0,0.9630,0.0319,0.0051,-3.3920,-1.0326,-0.0693,-1.3428,-5.8478,0.0000,1,0.2867,0.0592,13.4715,0.0013,1.000,70.00,342.76
13.7102,IMM-UKF,jink,0.500,4.00,0.050,1,0.600,1,8.4980,6.8757,-1.6223,1.4639,0.3019,0.1397,0.0554,6.0000,5.2136,2.2260,30.2217,0.5228,-144.4191,-19.7737,-133.8913,-22.2379,-134.1643,-21.9756,-139.1849,-20.9183,-152.0361,-17.7894,10.5278,-2.4641,10.2548,-2.2019,5.2342,-1.1446,54,0.2400,54,0,0.9630,0.0319,0.0051,-3.4541,-1.1743,-0.0614,-1.4129,-5.8313,0.0000,1,0.2867,0.0592,13.4715,0.0013,1.000,70.00,342.76
13.7202,IMM-UKF,jink,0.500,4.00,0.050,1,0.600,1,8.5212,6.8594,-1.6618,1.4952,0.3019,0.1397,0.0535,6.0000,5.2136,2.2278,30.9807,0.5226,-144.7239,-19.7136,-133.8913,-22.2379,-134.1643,-21.9756,-139.3833,-20.9810,-152.1875,-18.0238,10.8326,-2.5243,10.5596,-2.2620,5.3406,-1.2674,54,0.2500,54,0,0.9630,0.0319,0.0051,-3.5153,-1.3149,-0.0536,-1.4827,-5.8139,0.0000,1,0.2867,0.0592,13.4715,0.0013,1.000,70.00,342.76
13.7302,IMM-UKF,jink,0.500,4.00,0.050,1,0.600,1,8.5435,6.8409,-1.7026,1.5272,0.3019,0.1397,0.0515,6.0000,5.2136,2.2293,31.7471,0.5223,-145.0199,-19.6565,-133.8913,-22.2379,-134.1643,-21.9756,-139.5749,-21.0523,-152.3389,-18.2679,11.1285,-2.5814,10.8556,-2.3191,5.4450,-1.3958,54,0.2600,54,0,0.9630,0.0319,0.0051,-3.5754,-1.4542,-0.0459,-1.5524,-5.7957,0.0000,1,0.2867,0.0592,13.4715,0.0013,1.000,70.00,342.76
13.7402,IMM-UKF,jink,0.500,4.00,0.050,1,0.600,1,8.5649,6.8202,-1.7448,1.5599,0.3019,0.1397,0.0495,6.0000,5.2136,2.2309,32.5220,0.5221,-145.3071,-19.6025,-133.8913,-22.2379,-134.1643,-21.9756,-139.7598,-21.1323,-152.4905,-18.5220,11.4158,-2.6353,11.1429,-2.3731,5.5473,-1.5297,54,0.2700,54,0,0.9630,0.0319,0.0051,-3.6347,-1.5924,-0.0384,-1.6218,-5.7766,0.0000,1,0.2867,0.0592,13.4715,0.0013,1.000,70.00,342.76
13.7502,IMM-UKF,jink,0.500,4.00,0.050,1,0.600,1,8.5854,6.7972,-1.7881,1.5934,0.3019,0.1397,0.0473,6.0000,5.2136,2.2324,33.3064,0.5220,-145.5858,-19.5516,-133.8913,-22.2379,-134.1643,-21.9756,-139.9382,-21.2209,-152.6424,-18.7867,11.6945,-2.6863,11.4216,-2.4240,5.6476,-1.6693,54,0.2800,54,0,0.9630,0.0319,0.0051,-3.6929,-1.7295,-0.0310,-1.6910,-5.7568,0.0000,1,0.2867,0.0592,13.4715,0.0013,1.000,70.00,342.76
13.7602,IMM-UKF,jink,0.500,4.00,0.050,1,0.600,1,8.6049,6.7722,-1.8327,1.6276,0.3019,0.1397,0.0451,6.0000,5.2136,2.2337,34.1014,0.5219,-145.8562,-19.5036,-133.8913,-22.2379,-134.1643,-21.9756,-140.1104,-21.3182,-152.7949,-19.0622,11.9649,-2.7343,11.6919,-2.4720,5.7458,-1.8146,54,0.2900,54,0,0.9630,0.0319,0.0051,-3.7503,-1.8653,-0.0237,-1.7600,-5.7361,0.0000,1,0.2449,0.0475,13.4715,0.0018,1.000,70.00,342.76
13.7702,IMM-UKF,jink,0.500,4.00,0.050,1,0.600,1,8.6234,6.7450,-1.8784,1.6626,0.3019,0.1397,0.0428,6.0000,5.2136,2.2349,34.9082,0.5219,-146.1183,-19.4587,-133.8913,-22.2379,-134.1643,-21.9756,-140.2765,-21.4243,-152.9483,-19.3491,12.2270,-2.7792,11.9540,-2.5170,5.8418,-1.9656,54,0.3000,54,0,0.9630,0.0319,0.0051,-3.8068,-2.0000,-0.0166,-1.8287,-5.7145,0.0000,1,0.2449,0.0475,13.4715,0.0018,1.000,70.00,342.76
13.7802,IMM-UKF,jink,0.500,4.00,0.050,1,0.600,1,8.6410,6.7157,-1.9252,1.6982,0.3019,0.1397,0.0404,6.0000,5.2136,2.2362,35.7281,0.5219,-146.3723,-19.4167,-133.8913,-22.2379,-134.1643,-21.9756,-140.4367,-21.5392,-153.1027,-19.6478,12.4810,-2.8212,12.2081,-2.5590,5.9356,-2.1225,54,0.3100,54,0,0.9630,0.0319,0.0051,-3.8625,-2.1336,-0.0097,-1.8971,-5.6922,0.0000,1,0.2449,0.0475,13.4715,0.0018,1.000,70.00,342.76
13.7902,IMM-UKF,jink,0.500,4.00,0.050,1,0.600,1,8.6576,6.6844,-1.9731,1.7345,0.3019,0.1397,0.0380,6.0000,5.2136,2.2373,36.5626,0.5219,-146.6184,-19.3776,-133.8913,-22.2379,-134.1643,-21.9756,-140.5912,-21.6631,-153.2584,-19.9589,12.7271,-2.8603,12.4542,-2.5980,6.0272,-2.2855,54,0.3200,54,0,0.9630,0.0319,0.0051,-3.9173,-2.2659,-0.0028,-1.9653,-5.6690,0.0000,1,0.2449,0.0475,13.4715,0.0018,1.000,70.00,342.76
13.8002,IMM-UKF,jink,0.500,4.00,0.050,1,0.600,1,8.6732,6.6511,-2.0220,1.7716,0.3019,0.1397,0.0354,6.0000,5.2136,2.2383,37.4130,0.5220,-146.8567,-19.3414,-133.8913,-22.2379,-134.1643,-21.9756,-140.7401,-21.7960,-153.4157,-20.2830,12.9654,-2.8964,12.6925,-2.6342,6.1167,-2.4545,54,0.3300,54,0,0.9630,0.0319,0.0051,-3.9713,-2.3971,0.0039,-2.0332,-5.6450,0.0000,1,0.2449,0.0475,13.4715,0.0018,1.000,70.00,342.76
13.8102,IMM-UKF,jink,0.500,4.00,0.050,1,0.600,1,8.6878,7.3593,-1.3285,1.1428,0.3018,0.1372,0.0330,6.0000,6.6629,0.9244,9.1409,0.5221,-147.0873,-19.3082,-145.8562,-19.5036,-146.0073,-19.4467,-145.4809,-19.5027,-160.0728,-15.6897,1.2311,-0.1954,1.0801,-0.1385,1.6065,-0.1945,55,0.0500,55,0,0.9807,0.0188,0.0005,-4.0246,-2.5271,0.0104,-2.1008,-5.6202,0.0000,1,0.2449,0.0475,13.7620,0.0018,1.000,70.00,342.76
13.8202,IMM-UKF,jink,0.500,4.00,0.050,1,0.600,1,8.7014,7.3689,-1.3324,1.1600,0.3018,0.1372,0.0306,6.0000,6.6629,0.9202,8.5649,0.5217,-147.3114,-19.2778,-145.8562,-19.5036,-146.0073,-19.4467,-145.8054,-19.4517,-160.3413,-15.7810,1.4552,-0.2258,1.3041,-0.1689,1.5060,-0.1739,55,0.0600,55,0,0.9807,0.0188,0.0005,-4.0771,-2.6560,0.0168,-2.1681,-5.5946,0.0000,1,0.2449,0.0475,13.7620,0.0018,1.000,70.00,342.76
13.8302,IMM-UKF,jink,0.500,4.00,0.050,1,0.600,1,8.7140,7.3764,-1.3376,1.1776,0.3018,0.1372,0.0282,6.0000,6.6629,0.9153,7.9828,0.5211,-147.5282,-19.2503,-145.8562,-19.5036,-146.0073,-19.4467,-146.1242,-19.4080,-160.6128,-15.8770,1.6720,-0.2533,1.5209,-0.1964,1.4040,-0.1576,55,0.0700,55,0,0.9807,0.0188,0.0005,-4.1289,-2.7837,0.0231,-2.2351,-5.5682,0.0000,1,0.2449,0.0475,13.7620,0.0018,1.000,70.00,342.76
13.8402,IMM-UKF,jink,0.500,4.00,0.050,1,0.600,1,8.7256,7.3816,-1.3440,1.1958,0.3018,0.1372,0.0260,6.0000,6.6629,0.9140,7.3882,0.5210,-147.7370,-19.2257,-145.8562,-19.5036,-146.0073,-19.4467,-146.4377,-19.3713,-160.8875,-15.9780,1.8808,-0.2779,1.7297,-0.2210,1.2992,-0.1456,55,0.0800,55,0,0.9807,0.0188,0.0005,-4.1799,-2.9102,0.0293,-2.3017,-5.5410,0.0000,1,0.2449,0.0475,13.7620,0.0018,1.000,70.00,342.76
13.8502,IMM-UKF,jink,0.500,4.00,0.050,1,0.600,1,8.7361,7.3847,-1.3515,1.2145,0.3018,0.1372,0.0238,6.0000,6.6629,0.9152,6.7805,0.5211,-147.9380,-19.2039,-145.8562,-19.5036,-146.0073,-19.4467,-146.7463,-19.3416,-161.1658,-16.0838,2.0818,-0.2997,1.9308,-0.2428,1.1917,-0.1377,55,0.0900,55,0,0.9807,0.0188,0.0005,-4.2303,-3.0356,0.0353,-2.3680,-5.5129,0.0000,1,0.2449,0.0475,13.7620,0.0018,1.000,70.00,342.76
13.8602,IMM-UKF,jink,0.500,4.00,0.050,1,0.600,1,8.7456,7.3855,-1.3601,1.2339,0.3018,0.1372,0.0216,6.0000,6.6629,0.9163,6.1616,0.5213,-148.1320,-19.1849,-145.8562,-19.5036,-146.0073,-19.4467,-147.0503,-19.3186,-161.4479,-16.1947,2.2758,-0.3187,2.1247,-0.2618,1.0817,-0.1337,55,0.1000,55,0,0.9807,0.0188,0.0005,-4.2800,-3.1598,0.0412,-2.4340,-5.4841,0.0000,1,0.2449,0.0475,13.7620,0.0018,1.000,70.00,342.76
13.8702,IMM-UKF,jink,0.500,4.00,0.050,1,0.600,1,8.7541,7.3843,-1.3698,1.2538,0.3018,0.1372,0.0193,6.0000,6.6629,0.9175,5.5307,0.5215,-148.3190,-19.1687,-145.8562,-19.5036,-146.0073,-19.4467,-147.3501,-19.3022,-161.7341,-16.3105,2.4628,-0.3349,2.3117,-0.2780,0.9689,-0.1335,55,0.1100,55,0,0.9807,0.0188,0.0005,-4.3291,-3.2829,0.0470,-2.4996,-5.4545,0.0000,1,0.2449,0.0475,13.7620,0.0018,1.000,70.00,342.76
13.8802,IMM-UKF,jink,0.500,4.00,0.050,1,0.600,1,8.7616,7.3810,-1.3806,1.2743,0.3018,0.1372,0.0170,6.0000,6.6629,0.9185,4.8881,0.5218,-148.4991,-19.1553,-145.8562,-19.5036,-146.0073,-19.4467,-147.6460,-19.2923,-162.0248,-16.4315,2.6429,-0.3483,2.4918,-0.2915,0.8530,-0.1371,55,0.1200,55,0,0.9807,0.0188,0.0005,-4.3775,-3.4048,0.0526,-2.5649,-5.4241,0.0000,1,0.2449,0.0475,13.7620,0.0018,1.000,70.00,342.76
13.8902,IMM-UKF,jink,0.500,4.00,0.050,1,0.600,1,8.7680,7.3756,-1.3924,1.2955,0.3018,0.1372,0.0146,6.0000,6.6629,0.9195,4.2352,0.5222,-148.6723,-19.1447,-145.8562,-19.5036,-146.0073,-19.4467,-147.9384,-19.2889,-162.3203,-16.5577,2.8162,-0.3589,2.6651,-0.3021,0.7340,-0.1443,55,0.1300,55,0,0.9807,0.0188,0.0005,-4.4254,-3.5256,0.0582,-2.6298,-5.3930,0.0000,1,0.2449,0.0475,13.7620,0.0018,1.000,70.00,342.76
13.9002,IMM-UKF,jink,0.500,4.00,0.050,1,0.600,1,8.7733,7.3682,-1.4052,1.3173,0.3018,0.1372,0.0122,6.0000,6.6629,0.9203,3.5765,0.5225,-148.8389,-19.1368,-145.8562,-19.5036,-146.0073,-19.4467,-148.2275,-19.2918,-162.6208,-16.6892,2.9827,-0.3668,2.8316,-0.3099,0.6115,-0.1550,55,0.1400,55,0,0.9807,0.0188,0.0005,-4.4727,-3.6452,0.0635,-2.6943,-5.3610,0.0000,1,0.2449,0.0475,13.7620,0.0018,1.000,70.00,342.76
13.9102,IMM-UKF,jink,0.500,4.00,0.050,1,0.600,1,8.7776,7.3587,-1.4190,1.3398,0.3018,0.1372,0.0097,6.0000,6.6629,0.9212,2.9219,0.5230,-148.9988,-19.1317,-145.8562,-19.5036,-146.0073,-19.4467,-148.5136,-19.3010,-162.9269,-16.8261,3.1427,-0.3719,2.9916,-0.3150,0.4852,-0.1692,55,0.1500,55,0,0.9807,0.0188,0.0005,-4.5194,-3.7637,0.0688,-2.7585,-5.3283,0.0000,1,0.2449,0.0475,13.7620,0.0018,1.000,70.00,342.76
13.9202,IMM-UKF,jink,0.500,4.00,0.050,1,0.600,1,8.7809,7.3472,-1.4336,1.3630,0.3018,0.1372,0.0072,6.0000,6.6629,0.9222,2.2956,0.5227,-149.1523,-19.1295,-145.8562,-19.5036,-146.0073,-19.4467,-148.7972,-19.3163,-163.2389,-16.9684,3.2961,-0.3741,3.1450,-0.3172,0.3550,-0.1868,55,0.1600,55,0,0.9807,0.0188,0.0005,-4.5656,-3.8810,0.0740,-2.8222,-5.2948,0.0000,1,0.2449,0.0475,13.7620,0.0018,1.000,70.00,342.76
13.9302,IMM-UKF,jink,0.500,4.00,0.050,1,0.600,1,8.7831,7.3338,-1.4492,1.3868,0.3018,0.1372,0.0046,6.0000,6.6629,0.9234,1.7593,0.5220,-149.2992,-19.1302,-145.8562,-19.5036,-146.0073,-19.4467,-149.0785,-19.3377,-163.5571,-17.1163,3.4430,-0.3734,3.2919,-0.3166,0.2207,-0.2076,55,0.1700,55,0,0.9807,0.0188,0.0005,-4.6112,-3.9972,0.0790,-2.8856,-5.2606,0.0000,1,0.2449,0.0475,13.7620,0.0018,1.000,70.00,342.76
13.9402,IMM-UKF,jink,0.500,4.00,0.050,1,0.600,1,8.7842,7.3185,-1.4657,1.4114,0.3018,0.1372,0.0019,6.0000,6.6629,0.9245,1.4608,0.5214,-149.4397,-19.1336,-145.8562,-19.5036,-146.0073,-19.4467,-149.3578,-19.3652,-163.8820,-17.2699,3.5835,-0.3700,3.4325,-0.3132,0.0819,-0.2316,55,0.1800,55,0,0.9807,0.0188,0.0005,-4.6564,-4.1122,0.0839,-2.9485,-5.2256,0.0000,1,0.2449,0.0475,13.7620,0.0018,1.000,70.00,342.76
13.9502,IMM-UKF,jink,0.500,4.00,0.050,1,0.600,1,8.7842,7.3012,-1.4830,1.4367,0.3018,0.1372,0.0014,6.0000,6.6629,0.8878,1.5791,0.5177,-149.5812,-19.1397,-145.8562,-19.5036,-146.0073,-19.4467,-149.6355,-19.3987,-164.2141,-17.4293,3.7250,-0.3639,3.5739,-0.3070,-0.0543,-0.2589,55,0.1900,55,0,0.9807,0.0188,0.0005,-4.7011,-4.2262,0.0887,-3.0110,-5.1898,0.0000,1,0.2449,0.0475,13.7620,0.0018,1.000,70.00,342.76
13.9602,IMM-UKF,jink,0.500,4.00,0.050,1,0.600,1,8.7832,7.2821,-1.5011,1.4626,0.3018,0.1372,0.0014,6.0000,6.6629,0.8399,2.0478,0.5189,-149.7185,-19.1485,-145.8562,-19.5036,-146.0073,-19.4467,-149.9117,-19.4381,-164.5538,-17.5945,3.8623,-0.3552,3.7112,-0.2983,-0.1932,-0.2897,55,0.2000,55,0,0.9807,0.0188,0.0005,-4.7454,-4.3390,0.0933,-3.0730,-5.1533,0.0000,1,0.2449,0.0475,13.7620,0.0018,1.000,70.00,342.76
13.9702,IMM-UKF,jink,0.500,4.00,0.050,1,0.600,1,8.7811,7.2611,-1.5199,1.4893,0.3018,0.1372,0.0026,6.0000,6.6629,0.8164,2.7347,0.5223,-149.8449,-19.1598,-145.8562,-19.5036,-146.0073,-19.4467,-150.1869,-19.4835,-164.9016,-17.7658,3.9887,-0.3438,3.8376,-0.2869,-0.3420,-0.3237,55,0.2100,55,0,0.9807,0.0188,0.0005,-4.7892,-4.4506,0.0978,-3.1346,-5.1161,0.0000,1,0.2449,0.0475,13.7620,0.0018,1.000,70.00,342.76
13.9802,IMM-UKF,jink,0.500,4.00,0.050,1,0.600,1,8.7779,7.2383,-1.5395,1.5167,0.3018,0.1372,0.0052,6.0000,6.6629,0.8166,3.5570,0.5234,-149.9606,-19.1740,-145.8562,-19.5036,-146.0073,-19.4467,-150.4614,-19.5349,-165.2580,-17.9433,4.1044,-0.3296,3.9533,-0.2728,-0.5008,-0.3609,55,0.2200,55,0,0.9807,0.0188,0.0005,-4.8325,-4.5612,0.1023,-3.1958,-5.0781,0.0000,1,0.2449,0.0475,13.7620,0.0018,1.000,70.00,342.76
13.9902,IMM-UKF,jink,0.500,4.00,0.050,1,0.600,1,8.7736,7.2137,-1.5598,1.5448,0.3018,0.1372,0.0076,6.0000,6.6629,0.8174,4.4552,0.5235,-150.0701,-19.1911,-145.8562,-19.5036,-146.0073,-19.4467,-150.7354,-19.5921,-165.6236,-18.1270,4.2139,-0.3125,4.0629,-0.2557,-0.6653,-0.4010,55,0.2300,55,0,0.9807,0.0188,0.0005,-4.8755,-4.6706,0.1066,-3.2565,-5.0394,0.0000,1,0.2449,0.0475,13.7620,0.0018,1.000,70.00,342.76
14.0002,IMM-UKF,jink,0.500,4.00,0.050,1,0.600,1,8.7682,7.1874,-1.5808,1.5737,0.3018,0.1372,0.0100,6.0000,6.6629,0.8183,5.4117,0.5230,-150.1737,-19.2111,-145.8562,-19.5036,-146.0073,-19.4467,-151.0092,-19.6553,-165.9989,-18.3172,4.3175,-0.2926,4.1664,-0.2357,-0.8356,-0.4442,55,0.2400,55,0,0.9807,0.0188,0.0005,-4.9181,-4.7789,0.1107,-3.3168,-4.9999,0.0000,1,0.2449,0.0475,13.7620,0.0018,1.000,70.00,342.76
14.0102,IMM-UKF,jink,0.500,4.00,0.050,1,0.600,1,8.7618,7.1593,-1.6025,1.6032,0.3018,0.1372,0.0123,6.0000,6.6629,0.8192,6.4186,0.5227,-150.2713,-19.2338,-145.8562,-19.5036,-146.0073,-19.4467,-151.2833,-19.7243,-166.3845,-18.5139,4.4151,-0.2698,4.2640,-0.2129,-1.0121,-0.4905,55,0.2500,55,0,0.9807,0.0188,0.0005,-4.9604,-4.8861,0.1148,-3.3765,-4.9598,0.0000,1,0.2907,0.0565,13.7620,-0.0004,1.000,70.00,342.76
14.0202,IMM-UKF,jink,0.500,4.00,0.050,1,0.600,1,8.7543,7.1296,-1.6247,1.6334,0.3018,0.1372,0.0145,6.0000,6.6629,0.8202,7.4727,0.5224,-150.3629,-19.2593,-145.8562,-19.5036,-146.0073,-19.4467,-151.5579,-19.7993,-166.7812,-18.7173,4.5067,-0.2443,4.3557,-0.1874,-1.1950,-0.5400,55,0.2600,55,0,0.9807,0.0188,0.0005,-5.0022,-4.9921,0.1188,-3.4358,-4.9189,0.0000,1,0.2907,0.0565,13.7620,-0.0004,1.000,70.00,342.76
14.0302,IMM-UKF,jink,0.500,4.00,0.050,1,0.600,1,8.7456,7.0981,-1.6475,1.6644,0.3018,0.1372,0.0167,6.0000,6.6629,0.8212,8.5728,0.5222,-150.4487,-19.2877,-145.8562,-19.5036,-146.0073,-19.4467,-151.8333,-19.8803,-167.1895,-18.9275,4.5925,-0.2159,4.4414,-0.1590,-1.3846,-0.5926,55,0.2700,55,0,0.9807,0.0188,0.0005,-5.0438,-5.0971,0.1226,-3.4946,-4.8773,0.0000,1,0.2907,0.0565,13.7620,-0.0004,1.000,70.00,342.76
14.0402,IMM-UKF,jink,0.500,4.00,0.050,1,0.600,1,8.7359,7.0650,-1.6709,1.6961,0.3018,0.1372,0.0188,6.0000,6.6629,0.8221,9.7186,0.5220,-150.5287,-19.3189,-145.8562,-19.5036,-146.0073,-19.4467,-152.1099,-19.9672,-167.6102,-19.1448,4.6725,-0.1847,4.5214,-0.1279,-1.5812,-0.6483,55,0.2800,55,0,0.9807,0.0188,0.0005,-5.0850,-5.2010,0.1263,-3.5528,-4.8350,0.0000,1,0.2907,0.0565,13.7620,-0.0004,1.000,70.00,342.76
14.0502,IMM-UKF,jink,0.500,4.00,0.050,1,0.600,1,8.7251,7.0303,-1.6948,1.7284,0.3018,0.1372,0.0208,6.0000,6.6629,0.8230,10.9110,0.5219,-150.6028,-19.3529,-145.8562,-19.5036,-146.0073,-19.4467,-152.3880,-20.0601,-168.0440,-19.3692,4.7466,-0.1507,4.5955,-0.0938,-1.7852,-0.7072,55,0.2900,55,0,0.9807,0.0188,0.0005,-5.1260,-5.3037,0.1299,-3.6106,-4.7920,0.0000,1,0.2907,0.0565,13.7620,-0.0004,1.000,70.00,342.76
14.0602,IMM-UKF,jink,0.500,4.00,0.050,1,0.600,1,8.7133,6.9941,-1.7192,1.7614,0.3018,0.1372,0.0227,6.0000,6.6629,0.8240,12.1508,0.5218,-150.6712,-19.3898,-145.8562,-19.5036,-146.0073,-19.4467,-152.6679,-20.1591,-168.4918,-19.6008,4.8150,-0.1138,4.6639,-0.0570,-1.9967,-0.7693,55,0.3000,55,0,0.9807,0.0188,0.0005,-5.1667,-5.4053,0.1334,-3.6678,-4.7484,0.0000,1,0.2907,0.0565,13.7620,-0.0004,1.000,70.00,342.76
14.0702,IMM-UKF,jink,0.500,4.00,0.050,1,0.600,1,8.7003,7.9450,-0.7552,1.2561,0.3022,0.1371,0.0241,6.0000,7.8086,1.2427,9.5876,0.5218,-150.7339,-19.4295,-150.2713,-19.2338,-150.1239,-19.3891,-152.4327,-19.4104,-165.5161,-18.4401,0.4626,0.1957,0.6099,0.0405,-1.6988,0.0192,56,0.0600,56,0,0.9833,0.0149,0.0018,-5.2071,-5.5059,0.1367,-3.7246,-4.7040,0.0000,1,0.2907,0.0565,14.0098,-0.0004,1.000,70.00,342.76
14.0802,IMM-UKF,jink,0.500,4.00,0.050,1,0.600,1,8.6862,7.9415,-0.7447,1.2741,0.3022,0.1371,0.0259,6.0000,7.8086,1.2421,10.7784,0.5218,-150.7908,-19.4722,-150.2713,-19.2338,-150.1239,-19.3891,-152.7001,-19.4193,-165.8227,-18.5578,0.5196,0.2384,0.6669,0.0831,-1.9093,0.0530,56,0.0700,56,0,0.9833,0.0149,0.0018,-5.2472,-5.6053,0.1400,-3.7807,-4.6590,0.0000,1,0.2907,0.0565,14.0098,-0.0004,1.000,70.00,342.76
14.0902,IMM-UKF,jink,0.500,4.00,0.050,1,0.600,1,8.6711,7.9362,-0.7348,1.2926,0.3022,0.1371,0.0278,6.0000,7.8086,1.2433,11.9945,0.5222,-150.8426,-19.5178,-150.2713,-19.2338,-150.1239,-19.3891,-152.9665,-19.4331,-166.1355,-18.6797,0.5713,0.2840,0.7187,0.1287,-2.1239,0.0847,56,0.0800,56,0,0.9833,0.0149,0.0018,-5.2872,-5.7037,0.1431,-3.8364,-4.6133,0.0000,1,0.2907,0.0565,14.0098,-0.0004,1.000,70.00,342.76
14.1002,IMM-UKF,jink,0.500,4.00,0.050,1,0.600,1,8.6548,7.9292,-0.7256,1.3116,0.3022,0.1371,0.0297,6.0000,7.8086,1.2464,13.2362,0.5228,-150.8892,-19.5663,-150.2713,-19.2338,-150.1239,-19.3891,-153.2322,-19.4517,-166.4549,-18.8056,0.6179,0.3325,0.7653,0.1773,-2.3430,0.1146,56,0.0900,56,0,0.9833,0.0149,0.0018,-5.3269,-5.8010,0.1461,-3.8914,-4.5669,0.0000,1,0.2907,0.0565,14.0098,-0.0004,1.000,70.00,342.76
14.1102,IMM-UKF,jink,0.500,4.00,0.050,1,0.600,1,8.6375,7.9205,-0.7170,1.3312,0.3022,0.1371,0.0316,6.0000,7.8086,1.2495,14.5068,0.5235,-150.9302,-19.6179,-150.2713,-19.2338,-150.1239,-19.3891,-153.4975,-19.4751,-166.7812,-18.9356,0.6590,0.3841,0.8063,0.2288,-2.5673,0.1428,56,0.1000,56,0,0.9833,0.0149,0.0018,-5.3664,-5.8971,0.1490,-3.9460,-4.5199,0.0000,1,0.2907,0.0565,14.0098,-0.0004,1.000,70.00,342.76
14.1202,IMM-UKF,jink,0.500,4.00,0.050,1,0.600,1,8.6191,7.9101,-0.7089,1.3513,0.3022,0.1371,0.0336,6.0000,7.8086,1.2502,15.8112,0.5238,-150.9650,-19.6724,-150.2713,-19.2338,-150.1239,-19.3891,-153.7626,-19.5032,-167.1149,-19.0697,0.6937,0.4386,0.8410,0.2833,-2.7976,0.1692,56,0.1100,56,0,0.9833,0.0149,0.0018,-5.4057,-5.9922,0.1518,-3.9999,-4.4722,0.0000,1,0.2907,0.0565,14.0098,-0.0004,1.000,70.00,342.76
14.1302,IMM-UKF,jink,0.500,4.00,0.050,1,0.600,1,8.5996,7.8981,-0.7015,1.3721,0.3022,0.1371,0.0356,6.0000,7.8086,1.2498,17.1487,0.5240,-150.9938,-19.7300,-150.2713,-19.2338,-150.1239,-19.3891,-154.0278,-19.5360,-167.4564,-19.2080,0.7225,0.4962,0.8699,0.3409,-3.0340,0.1940,56,0.1200,56,0,0.9833,0.0149,0.0018,-5.4449,-6.0862,0.1545,-4.0533,-4.4239,0.0000,1,0.2907,0.0565,14.0098,-0.0004,1.000,70.00,342.76
14.1402,IMM-UKF,jink,0.500,4.00,0.050,1,0.600,1,8.5790,7.8844,-0.6946,1.3935,0.3022,0.1371,0.0375,6.0000,7.8086,1.2494,18.5187,0.5242,-151.0170,-19.7907,-150.2713,-19.2338,-150.1239,-19.3891,-154.2935,-19.5734,-167.8060,-19.3503,0.7458,0.5569,0.8931,0.4016,-3.2764,0.2173,56,0.1300,56,0,0.9833,0.0149,0.0018,-5.4839,-6.1791,0.1570,-4.1061,-4.3749,0.0000,1,0.2907,0.0565,14.0098,-0.0004,1.000,70.00,342.76
14.1502,IMM-UKF,jink,0.500,4.00,0.050,1,0.600,1,8.5573,7.8691,-0.6881,1.4155,0.3022,0.1371,0.0393,6.0000,7.8086,1.2490,19.9229,0.5245,-151.0347,-19.8544,-150.2713,-19.2338,-150.1239,-19.3891,-154.5598,-19.6153,-168.1642,-19.4968,0.7635,0.6206,0.9108,0.4654,-3.5251,0.2392,56,0.1400,56,0,0.9833,0.0149,0.0018,-5.5228,-6.2709,0.1594,-4.1583,-4.3253,0.0000,1,0.2907,0.0565,14.0098,-0.0004,1.000,70.00,342.76
14.1602,IMM-UKF,jink,0.500,4.00,0.050,1,0.600,1,8.5345,7.8523,-0.6822,1.4382,0.3022,0.1371,0.0411,6.0000,7.8086,1.2487,21.3628,0.5248,-151.0468,-19.9214,-150.2713,-19.2338,-150.1239,-19.3891,-154.8271,-19.6616,-168.5314,-19.6473,0.7756,0.6876,0.9229,0.5323,-3.7803,0.2597,56,0.1500,56,0,0.9833,0.0149,0.0018,-5.5616,-6.3617,0.1617,-4.2099,-4.2751,0.0000,1,0.2907,0.0565,14.0098,-0.0004,1.000,70.00,342.76
14.1702,IMM-UKF,jink,0.500,4.00,0.050,1,0.600,1,8.5107,7.8339,-0.6767,1.4615,0.3022,0.1371,0.0429,6.0000,7.8086,1.2484,22.8398,0.5252,-151.0533,-19.9915,-150.2713,-19.2338,-150.1239,-19.3891,-155.0957,-19.7125,-168.9082,-19.8020,0.7821,0.7577,0.9294,0.6024,-4.0423,0.2790,56,0.1600,56,0,0.9833,0.0149,0.0018,-5.6002,-6.4514,0.1639,-4.2609,-4.2243,0.0000,1,0.2907,0.0565,14.0098,-0.0004,1.000,70.00,342.76
14.1802,IMM-UKF,jink,0.500,4.00,0.050,1,0.600,1,8.4858,7.8141,-0.6717,1.4855,0.3022,0.1371,0.0445,6.0000,7.8086,1.2481,24.3557,0.5257,-151.0542,-20.0648,-150.2713,-19.2338,-150.1239,-19.3891,-155.3658,-19.7677,-169.2949,-19.9607,0.7830,0.8310,0.9303,0.6757,-4.3116,0.2971,56,0.1700,56,0,0.9833,0.0149,0.0018,-5.6388,-6.5399,0.1660,-4.3113,-4.1729,0.0000,1,0.2907,0.0565,14.0098,-0.0004,1.000,70.00,342.76
14.1902,IMM-UKF,jink,0.500,4.00,0.050,1,0.600,1,8.4598,7.7927,-0.6671,1.5102,0.3022,0.1371,0.0462,6.0000,7.8086,1.2478,25.9121,0.5262,-151.0496,-20.1414,-150.2713,-19.2338,-150.1239,-19.3891,-155.6378,-19.8273,-169.6922,-20.1235,0.7784,0.9076,0.9257,0.7523,-4.5882,0.3141,56,0.1800,56,0,0.9833,0.0149,0.0018,-5.6773,-6.6275,0.1679,-4.3610,-4.1208,0.0000,1,0.2907,0.0565,14.0098,-0.0004,1.000,70.00,342.76
14.2002,IMM-UKF,jink,0.500,4.00,0.050,1,0.600,1,8.4327,7.7699,-0.6628,1.5356,0.3022,0.1371,0.0477,6.0000,7.8086,1.2476,27.5110,0.5267,-151.0394,-20.2214,-150.2713,-19.2338,-150.1239,-19.3891,-155.9120,-19.8912,-170.1005,-20.2904,0.7681,0.9876,0.9155,0.8323,-4.8727,0.3302,56,0.1900,56,0,0.9833,0.0149,0.0018,-5.7158,-6.7139,0.1697,-4.4102,-4.0682,0.0000,1,0.2907,0.0565,14.0098,-0.0004,1.000,70.00,342.76
14.2102,IMM-UKF,jink,0.500,4.00,0.050,1,0.600,1,8.4046,7.7457,-0.6589,1.5616,0.3022,0.1371,0.0492,6.0000,7.8086,1.2474,29.1541,0.5273,-151.0236,-20.3047,-150.2713,-19.2338,-150.1239,-19.3891,-156.1887,-19.9594,-170.5203,-20.4612,0.7523,1.0709,0.8996,0.9156,-5.1652,0.3453,56,0.2000,56,0,0.9833,0.0149,0.0018,-5.7542,-6.7993,0.1714,-4.4587,-4.0150,0.0000,1,0.2907,0.0565,14.0098,-0.0004,1.000,70.00,342.76
14.2202,IMM-UKF,jink,0.500,4.00,0.050,1,0.600,1,8.3754,7.7201,-0.6553,1.5884,0.3022,0.1371,0.0506,6.0000,7.8086,1.2472,30.8435,0.5280,-151.0021,-20.3914,-150.2713,-19.2338,-150.1239,-19.3891,-156.4682,-20.0319,-170.9523,-20.6360,0.7308,1.1576,0.8782,1.0023,-5.4662,0.3596,56,0.2100,56,0,0.9833,0.0149,0.0018,-5.7926,-6.8836,0.1729,-4.5065,-3.9612,0.0000,1,0.2907,0.0565,14.0098,-0.0004,1.000,70.00,342.76
14.2302,IMM-UKF,jink,0.500,4.00,0.050,1,0.600,1,8.3452,7.6931,-0.6520,1.6158,0.3022,0.1371,0.0520,6.0000,7.8086,1.2470,32.5810,0.5287,-150.9750,-20.4817,-150.2713,-19.2338,-150.1239,-19.3891,-156.7509,-20.1085,-171.3971,-20.8147,0.7037,1.2479,0.8511,1.0926,-5.7759,0.3731,56,0.2200,56,0,0.9833,0.0149,0.0018,-5.8309,-6.9668,0.1743,-4.5537,-3.9068,0.0000,1,0.2907,0.0565,14.0098,-0.0004,1.000,70.00,342.76
14.2402,IMM-UKF,jink,0.500,4.00,0.050,1,0.600,1,8.3139,7.6649,-0.6490,1.6439,0.3022,0.1371,0.0533,6.0000,7.8086,1.2469,34.3688,0.5295,-150.9422,-20.5754,-150.2713,-19.2338,-150.1239,-19.3891,-157.0371,-20.1894,-171.8552,-20.9973,0.6710,1.3416,0.8183,1.1863,-6.0948,0.3860,56,0.2300,56,0,0.9833,0.0149,0.0018,-5.8693,-7.0489,0.1756,-4.6003,-3.8519,0.0000,1,0.2907,0.0565,14.0098,-0.0004,1.000,70.00,342.76
14.2502,IMM-UKF,jink,0.500,4.00,0.050,1,0.600,1,8.2815,7.6353,-0.6462,1.6727,0.3022,0.1371,0.0545,6.0000,7.8086,1.2468,36.2091,0.5303,-150.9038,-20.6728,-150.2713,-19.2338,-150.1239,-19.3891,-157.3270,-20.2745,-172.3273,-21.1836,0.6325,1.4390,0.7799,1.2837,-6.4233,0.3983,56,0.2400,56,0,0.9833,0.0149,0.0018,-5.9077,-7.1300,0.1767,-4.6462,-3.7964,0.0000,1,0.2907,0.0565,14.0098,-0.0004,1.000,70.00,342.76
14.2602,IMM-UKF,jink,0.500,4.00,0.050,1,0.600,1,8.2481,7.6044,-0.6437,1.7022,0.3022,0.1371,0.0557,6.0000,7.8086,1.2468,38.1040,0.5311,-150.8596,-20.7739,-150.2713,-19.2338,-150.1239,-19.3891,-157.6212,-20.3637,-172.8140,-21.3735,0.5884,1.5401,0.7357,1.3848,-6.7616,0.4102,56,0.2500,56,0,0.9833,0.0149,0.0018,-5.9461,-7.2100,0.1777,-4.6914,-3.7404,0.0000,1,0.2907,0.0565,14.0098,-0.0004,1.000,70.00,342.76
14.2702,IMM-UKF,jink,0.500,4.00,0.050,1,0.600,1,8.2137,7.5724,-0.6413,1.7324,0.3022,0.1371,0.0568,6.0000,7.8086,1.2468,40.0560,0.5321,-150.8097,-20.8786,-150.2713,-19.2338,-150.1239,-19.3891,-157.9200,-20.4570,-173.3160,-21.5670,0.5384,1.6448,0.6858,1.4896,-7.1103,0.4217,56,0.2600,56,0,0.9833,0.0149,0.0018,-5.9845,-7.2889,0.1786,-4.7360,-3.6838,0.0000,1,0.2907,0.0565,14.0098,-0.0004,1.000,70.00,342.76
14.2802,IMM-UKF,jink,0.500,4.00,0.050,1,0.600,1,8.1782,7.5391,-0.6391,1.7632,0.3022,0.1371,0.0579,6.0000,7.8086,1.2467,42.0675,0.5330,-150.7540,-20.9872,-150.2713,-19.2338,-150.1239,-19.3891,-158.2236,-20.5543,-173.8341,-21.7639,0.4827,1.7534,0.6301,1.5981,-7.4697,0.4329,56,0.2700,56,0,0.9833,0.0149,0.0018,-6.0230,-7.3667,0.1793,-4.7798,-3.6267,0.0000,1,0.2907,0.0565,14.0098,-0.0004,1.000,70.00,342.76
14.2902,IMM-UKF,jink,0.500,4.00,0.050,1,0.600,1,8.1416,7.5046,-0.6370,1.7948,0.3022,0.1371,0.0590,6.0000,7.8086,1.2468,44.1411,0.5340,-150.6924,-21.0997,-150.2713,-19.2338,-150.1239,-19.3891,-158.5327,-20.6557,-174.3689,-21.9641,0.4212,1.8659,0.5685,1.7106,-7.8402,0.4440,56,0.2800,56,0,0.9833,0.0149,0.0018,-6.0616,-7.4435,0.1798,-4.8230,-3.5691,0.0000,1,0.2907,0.0565,14.0098,-0.0004,1.000,70.00,342.76
14.3002,IMM-UKF,jink,0.500,4.00,0.050,1,0.600,1,8.1041,7.4691,-0.6350,1.8270,0.3022,0.1371,0.0599,6.0000,7.8086,1.2469,46.2793,0.5351,-150.6250,-21.2161,-150.2713,-19.2338,-150.1239,-19.3891,-158.8474,-20.7611,-174.9213,-22.1673,0.3537,1.9823,0.5011,1.8270,-8.2224,0.4550,56,0.2900,56,0,0.9833,0.0149,0.0018,-6.1003,-7.5192,0.1802,-4.8655,-3.5110,0.0000,1,0.2907,0.0565,14.0098,-0.0004,1.000,70.00,342.76
14.3102,IMM-UKF,jink,0.500,4.00,0.050,1,0.600,1,8.0655,7.4324,-0.6331,1.8598,0.3022,0.1371,0.0609,6.0000,7.8086,1.2469,48.4852,0.5362,-150.5516,-21.3366,-150.2713,-19.2338,-150.1239,-19.3891,-159.1683,-20.8704,-175.4919,-22.3734,0.2803,2.1028,0.4277,1.9475,-8.6167,0.4661,56,0.3000,56,0,0.9833,0.0149,0.0018,-6.1391,-7.5938,0.1804,-4.9073,-3.4524,0.0000,1,0.2938,0.0410,14.0098,-0.0014,1.000,70.00,342.76
14.3202,IMM-UKF,jink,0.500,4.00,0.050,1,0.600,1,8.0259,7.3947,-0.6313,1.8934,0.3022,0.1371,0.0617,6.0000,7.8086,1.2470,50.7616,0.5374,-150.4722,-21.4612,-150.2713,-19.2338,-150.1239,-19.3891,-159.4958,-20.9837,-176.0816,-22.5820,0.2010,2.2274,0.3483,2.0721,-9.0236,0.4775,56,0.3100,56,0,0.9833,0.0149,0.0018,-6.1780,-7.6673,0.1804,-4.9483,-3.3932,0.0000,1,0.2938,0.0410,14.0098,-0.0014,1.000,70.00,342.76
14.3302,IMM-UKF,jink,0.500,4.00,0.050,1,0.600,1,7.9853,7.3559,-0.6294,1.9275,0.3022,0.1371,0.0626,6.0000,7.8086,1.2471,53.1116,0.5386,-150.3868,-21.5900,-150.2713,-19.2338,-150.1239,-19.3891,-159.8304,-21.1007,-176.6912,-22.7930,0.1156,2.3562,0.2629,2.2009,-9.4436,0.4892,56,0.3200,56,0,0.9833,0.0149,0.0018,-6.2170,-7.7397,0.1802,-4.9887,-3.3336,0.0000,1,0.2938,0.0410,14.0098,-0.0014,1.000,70.00,342.76
14.3402,IMM-UKF,jink,0.500,4.00,0.050,1,0.600,1,7.9437,7.3162,-0.6276,1.9623,0.3022,0.1371,0.0633,6.0000,7.8086,1.2473,55.5385,0.5399,-150.2953,-21.7230,-150.2713,-19.2338,-150.1239,-19.3891,-160.1725,-21.2216,-177.3215,-23.0060,0.0240,2.4892,0.1714,2.3339,-9.8772,0.5015,56,0.3300,56,0,0.9833,0.0149,0.0018,-6.2562,-7.8111,0.1799,-5.0283,-3.2735,0.0000,1,0.2938,0.0410,14.0098,-0.0014,1.000,70.00,342.76
14.3502,IMM-UKF,jink,0.500,4.00,0.050,1,0.600,1,7.9011,7.2755,-0.6257,1.9978,0.3022,0.1371,0.0641,6.0000,7.8086,1.2475,58.0458,0.5412,-150.1976,-21.8605,-150.2713,-19.2338,-150.1239,-19.3891,-160.5225,-21.3461,-177.9734,-23.2206,-0.0737,2.6267,0.0736,2.4714,-10.3250,0.5144,56,0.3400,56,0,0.9833,0.0149,0.0018,-6.2955,-7.8814,0.1793,-5.0673,-3.2129,0.0000,1,0.2938,0.0410,14.0098,-0.0014,1.000,70.00,342.76
14.3602,IMM-UKF,jink,0.500,4.00,0.050,1,0.600,1,7.8575,7.2054,-0.6521,1.3496,0.3013,0.1371,0.0657,6.0000,7.6279,0.3992,27.8605,0.5426,-150.0936,-22.0025,-150.5516,-21.3366,-150.4854,-21.3636,-155.0555,-21.4162,-165.4200,-24.8618,-0.4581,0.6659,-0.3919,0.6389,-4.9619,0.5862,57,0.0500,57,0,0.9841,0.0155,0.0004,-6.3350,-7.9505,0.1785,-5.1054,-3.1519,0.0000,1,0.2938,0.0410,14.3089,-0.0014,1.000,70.00,342.76
14.3702,IMM-UKF,jink,0.500,4.00,0.050,1,0.600,1,7.8130,7.1798,-0.6331,1.3671,0.3013,0.1371,0.0663,6.0000,7.6279,0.3986,29.4950,0.5441,-149.9832,-22.1490,-150.5516,-21.3366,-150.4854,-21.3636,-155.2343,-21.4950,-165.7887,-25.0939,-0.5684,0.8124,-0.5022,0.7854,-5.2511,0.6540,57,0.0600,57,0,0.9841,0.0155,0.0004,-6.3747,-8.0186,0.1775,-5.1429,-3.0904,0.0000,1,0.2938,0.0410,14.3089,-0.0014,1.000,70.00,342.76
14.3802,IMM-UKF,jink,0.500,4.00,0.050,1,0.600,1,7.7674,7.1529,-0.6145,1.3851,0.3013,0.1371,0.0669,6.0000,7.6279,0.3979,31.1820,0.5455,-149.8664,-22.3002,-150.5516,-21.3366,-150.4854,-21.3636,-155.4163,-21.5783,-166.1728,-25.3315,-0.6852,0.9636,-0.6190,0.9366,-5.5499,0.7219,57,0.0700,57,0,0.9841,0.0155,0.0004,-6.4146,-8.0856,0.1762,-5.1796,-3.0285,0.0000,1,0.2938,0.0410,14.3089,-0.0014,1.000,70.00,342.76
14.3902,IMM-UKF,jink,0.500,4.00,0.050,1,0.600,1,7.7209,7.1247,-0.5962,1.4035,0.3013,0.1371,0.0675,6.0000,7.6279,0.3974,32.9237,0.5471,-149.7430,-22.4562,-150.5516,-21.3366,-150.4854,-21.3636,-155.6018,-21.6660,-166.5733,-25.5744,-0.8086,1.1197,-0.7424,1.0926,-5.8588,0.7902,57,0.0800,57,0,0.9841,0.0155,0.0004,-6.4548,-8.1514,0.1746,-5.2156,-2.9661,0.0000,1,0.2938,0.0410,14.3089,-0.0014,1.000,70.00,342.76
14.4002,IMM-UKF,jink,0.500,4.00,0.050,1,0.600,1,7.6735,7.0952,-0.5782,1.4225,0.3013,0.1371,0.0680,6.0000,7.6279,0.3968,34.7223,0.5486,-149.6131,-22.6172,-150.5516,-21.3366,-150.4854,-21.3636,-155.7912,-21.7582,-166.9911,-25.8226,-0.9386,1.2806,-0.8724,1.2536,-6.1782,0.8590,57,0.0900,57,0,0.9841,0.0155,0.0004,-6.4951,-8.2162,0.1728,-5.2508,-2.9033,0.0000,1,0.2938,0.0410,14.3089,-0.0014,1.000,70.00,342.76
14.4102,IMM-UKF,jink,0.500,4.00,0.050,1,0.600,1,7.6251,7.0645,-0.5606,1.4421,0.3013,0.1371,0.0685,6.0000,7.6279,0.3962,36.5805,0.5503,-149.4763,-22.7831,-150.5516,-21.3366,-150.4854,-21.3636,-155.9849,-21.8546,-167.4272,-26.0758,-1.0753,1.4465,-1.0091,1.4195,-6.5086,0.9285,57,0.1000,57,0,0.9841,0.0155,0.0004,-6.5357,-8.2798,0.1706,-5.2853,-2.8401,0.0000,1,0.2938,0.0410,14.3089,-0.0014,1.000,70.00,342.76
14.4202,IMM-UKF,jink,0.500,4.00,0.050,1,0.600,1,7.5757,7.0325,-0.5432,1.4622,0.3013,0.1371,0.0689,6.0000,7.6279,0.3957,38.5010,0.5519,-149.3327,-22.9542,-150.5516,-21.3366,-150.4854,-21.3636,-156.1833,-21.9552,-167.8828,-26.3335,-1.2189,1.6176,-1.1527,1.5906,-6.8506,0.9990,57,0.1100,57,0,0.9841,0.0155,0.0004,-6.5766,-8.3424,0.1680,-5.3190,-2.7765,0.0000,1,0.2938,0.0410,14.3089,-0.0014,1.000,70.00,342.76
14.4302,IMM-UKF,jink,0.500,4.00,0.050,1,0.600,1,7.5254,6.9993,-0.5261,1.4829,0.3013,0.1371,0.0693,6.0000,7.6279,0.3952,40.4865,0.5536,-149.1821,-23.1306,-150.5516,-21.3366,-150.4854,-21.3636,-156.3867,-22.0599,-168.3588,-26.5954,-1.3695,1.7940,-1.3033,1.7670,-7.2045,1.0706,57,0.1200,57,0,0.9841,0.0155,0.0004,-6.6177,-8.4037,0.1651,-5.3519,-2.7124,0.0000,1,0.2938,0.0410,14.3089,-0.0014,1.000,70.00,342.76
14.4402,IMM-UKF,jink,0.500,4.00,0.050,1,0.600,1,7.4742,6.9649,-0.5093,1.5043,0.3013,0.1371,0.0698,6.0000,7.6279,0.3976,42.5369,0.5555,-149.0250,-23.3123,-150.5516,-21.3366,-150.4854,-21.3636,-156.5955,-22.1686,-168.8565,-26.8610,-1.5266,1.9757,-1.4604,1.9487,-7.5705,1.1437,57,0.1300,57,0,0.9841,0.0155,0.0004,-6.6592,-8.4640,0.1617,-5.3841,-2.6480,0.0000,1,0.2938,0.0410,14.3089,-0.0014,1.000,70.00,342.76
14.4502,IMM-UKF,jink,0.500,4.00,0.050,1,0.600,1,7.4221,6.9294,-0.4927,1.5262,0.3013,0.1371,0.0703,6.0000,7.6279,0.4012,44.6576,0.5575,-148.8609,-23.4995,-150.5516,-21.3366,-150.4854,-21.3636,-156.8102,-22.2811,-169.3772,-27.1295,-1.6907,2.1629,-1.6246,2.1359,-7.9494,1.2184,57,0.1400,57,0,0.9841,0.0155,0.0004,-6.7009,-8.5231,0.1577,-5.4154,-2.5832,0.0000,1,0.2938,0.0410,14.3089,-0.0014,1.000,70.00,342.76
14.4602,IMM-UKF,jink,0.500,4.00,0.050,1,0.600,1,7.3691,6.8928,-0.4763,1.5488,0.3013,0.1371,0.0708,6.0000,7.6279,0.4048,46.8533,0.5595,-148.6893,-23.6924,-150.5516,-21.3366,-150.4854,-21.3636,-157.0313,-22.3972,-169.9220,-27.4001,-1.8623,2.3558,-1.7961,2.3288,-8.3420,1.2952,57,0.1500,57,0,0.9841,0.0155,0.0004,-6.7430,-8.5810,0.1532,-5.4461,-2.5180,0.0000,1,0.2938,0.0410,14.3089,-0.0014,1.000,70.00,342.76
14.4702,IMM-UKF,jink,0.500,4.00,0.050,1,0.600,1,7.3152,6.8550,-0.4602,1.5720,0.3013,0.1371,0.0712,6.0000,7.6279,0.4083,49.1280,0.5613,-148.5102,-23.8910,-150.5516,-21.3366,-150.4854,-21.3636,-157.2592,-22.5165,-170.4924,-27.6718,-2.0414,2.5544,-1.9752,2.5274,-8.7490,1.3745,57,0.1600,57,0,0.9841,0.0155,0.0004,-6.7854,-8.6378,0.1479,-5.4759,-2.4525,0.0000,1,0.2938,0.0410,14.3089,-0.0014,1.000,70.00,342.76
14.4802,IMM-UKF,jink,0.500,4.00,0.050,1,0.600,1,7.2604,6.8162,-0.4442,1.5959,0.3013,0.1371,0.0717,6.0000,7.6279,0.4119,51.4859,0.5633,-148.3233,-24.0955,-150.5516,-21.3366,-150.4854,-21.3636,-157.4944,-22.6388,-171.0898,-27.9429,-2.2283,2.7589,-2.1621,2.7319,-9.1710,1.4567,57,0.1700,57,0,0.9841,0.0155,0.0004,-6.8281,-8.6933,0.1417,-5.5049,-2.3866,0.0000,1,0.2938,0.0410,14.3089,-0.0014,1.000,70.00,342.76
14.4902,IMM-UKF,jink,0.500,4.00,0.050,1,0.600,1,7.2047,6.7762,-0.4285,1.6204,0.3013,0.1371,0.0721,6.0000,7.6279,0.4132,53.9339,0.5651,-148.1281,-24.3060,-150.5516,-21.3366,-150.4854,-21.3636,-157.7374,-22.7635,-171.7154,-28.2116,-2.4235,2.9694,-2.3573,2.9424,-9.6093,1.5425,57,0.1800,57,0,0.9841,0.0155,0.0004,-6.8712,-8.7477,0.1345,-5.5332,-2.3204,0.0000,1,0.2938,0.0410,14.3089,-0.0014,1.000,70.00,342.76
14.5002,IMM-UKF,jink,0.500,4.00,0.050,1,0.600,1,7.1482,6.7352,-0.4129,1.6456,0.3013,0.1371,0.0727,6.0000,7.6279,0.4130,56.4766,0.5669,-147.9244,-24.5225,-150.5516,-21.3366,-150.4854,-21.3636,-157.9887,-22.8899,-172.3708,-28.4749,-2.6272,3.1859,-2.5610,3.1589,-10.0643,1.6326,57,0.1900,57,0,0.9841,0.0155,0.0004,-6.9146,-8.8008,0.1259,-5.5606,-2.2538,0.0000,1,0.2938,0.0410,14.3089,-0.0014,1.000,70.00,342.76
14.5102,IMM-UKF,jink,0.500,4.00,0.050,1,0.600,1,7.0908,6.6932,-0.3976,1.6715,0.3013,0.1371,0.0731,6.0000,7.6279,0.4128,59.1179,0.5687,-147.7124,-24.7451,-150.5516,-21.3366,-150.4854,-21.3636,-158.2488,-23.0168,-173.0574,-28.7289,-2.8392,3.4086,-2.7731,3.3815,-10.5365,1.7283,57,0.2000,57,0,0.9841,0.0155,0.0004,-6.9584,-8.8527,0.1155,-5.5872,-2.1869,0.0000,1,0.2938,0.0410,14.3089,-0.0014,1.000,70.00,342.76
14.5202,IMM-UKF,jink,0.500,4.00,0.050,1,0.600,1,7.0325,6.6500,-0.3825,1.6981,0.3013,0.1371,0.0736,6.0000,7.6279,0.4125,61.8648,0.5704,-147.4918,-24.9739,-150.5516,-21.3366,-150.4854,-21.3636,-158.5184,-23.1425,-173.7763,-28.9670,-3.0598,3.6373,-2.9936,3.6103,-11.0266,1.8314,57,0.2100,57,0,0.9841,0.0155,0.0004,-7.0025,-8.9032,0.1025,-5.6131,-2.1197,0.0000,1,0.2938,0.0410,14.3089,-0.0014,1.000,70.00,342.76
14.5302,IMM-UKF,jink,0.500,4.00,0.050,1,0.600,1,6.9734,6.6057,-0.3678,1.7253,0.3013,0.1371,0.0740,6.0000,7.6279,0.4123,64.7265,0.5722,-147.2625,-25.2087,-150.5516,-21.3366,-150.4854,-21.3636,-158.7979,-23.2638,-174.5283,-29.1775,-3.2891,3.8721,-3.2229,3.8451,-11.5354,1.9449,57,0.2200,57,0,0.9841,0.0155,0.0004,-7.0468,-8.9523,0.0857,-5.6381,-2.0522,0.0000,1,0.2938,0.0410,14.3089,-0.0014,1.000,70.00,342.76
14.5402,IMM-UKF,jink,0.500,4.00,0.050,1,0.600,1,6.9135,6.5599,-0.3536,1.7533,0.3013,0.1371,0.0744,6.0000,7.6279,0.4121,67.7162,0.5741,-147.0241,-25.4492,-150.5516,-21.3366,-150.4854,-21.3636,-159.0876,-23.3739,-175.3125,-29.3364,-3.5275,4.1126,-3.4613,4.0856,-12.0635,2.0753,57,0.2300,57,0,0.9841,0.0155,0.0004,-7.0911,-8.9996,0.0620,-5.6623,-1.9844,0.0000,1,0.2938,0.0410,14.3089,-0.0014,1.000,70.00,342.76
14.5502,IMM-UKF,jink,0.500,4.00,0.050,1,0.600,1,6.8527,6.5124,-0.3402,1.7819,0.3013,0.1371,0.0748,6.0000,7.6279,0.4119,70.8595,0.5759,-146.7764,-25.6945,-150.5516,-21.3366,-150.4854,-21.3636,-159.3867,-23.4540,-176.1199,-29.3763,-3.7752,4.3579,-3.7090,4.3309,-12.6102,2.2404,57,0.2400,57,0,0.9841,0.0155,0.0004,-7.1342,-9.0436,0.0237,-5.6857,-1.9163,0.0000,1,0.2938,0.0410,14.3089,-0.0014,1.000,70.00,342.76
14.5602,IMM-UKF,jink,0.500,4.00,0.050,1,0.600,1,6.7909,6.4632,-0.3277,1.8114,0.3013,0.1371,0.0751,6.0000,7.6279,0.4117,74.2307,0.5779,-146.5189,-25.9398,-150.5516,-21.3366,-150.4854,-21.3636,-159.6796,-23.4045,-176.8392,-28.9360,-4.0327,4.6032,-3.9665,4.5762,-13.1607,2.5353,57,0.2500,57,0,0.9841,0.0155,0.0004,-7.1641,-9.0705,-0.0682,-5.7083,-1.8480,0.0000,1,0.2938,0.0410,14.3089,-0.0014,1.000,70.00,342.76
14.5702,IMM-UKF,jink,0.500,4.00,0.050,1,0.600,1,6.7306,6.4729,-0.2577,1.8417,0.3013,0.1371,0.0754,6.0000,7.6279,0.4116,76.8287,0.5799,-146.2479,-26.1748,-150.5516,-21.3366,-150.4854,-21.3636,-159.7359,-23.0994,-175.9541,-27.5579,-4.3037,4.8382,-4.2376,4.8112,-13.4881,3.0754,57,0.2600,57,0,0.9841,0.0155,0.0004,-7.0162,-8.8936,-0.1649,-5.7301,-1.7793,0.0000,1,0.2938,0.0410,14.3089,-0.0014,1.000,70.00,342.76
14.5802,IMM-UKF,jink,0.500,4.00,0.050,1,0.600,1,6.6722,6.4969,-0.1753,1.8727,0.3013,0.1371,0.0757,6.0000,7.6279,0.4115,79.2097,0.5818,-145.9628,-26.4035,-150.5516,-21.3366,-150.4854,-21.3636,-159.7574,-22.8948,-174.9720,-26.6230,-4.5888,5.0669,-4.5226,5.0399,-13.7946,3.5087,57,0.2700,57,0,0.9841,0.0155,0.0004,-6.8558,-8.7044,-0.1959,-5.7510,-1.7105,0.0000,1,0.2938,0.0410,14.3089,-0.0014,1.000,70.00,342.76
14.5902,IMM-UKF,jink,0.500,4.00,0.050,1,0.600,1,6.6158,6.5269,-0.0889,1.9043,0.3013,0.1371,0.0759,6.0000,7.6279,0.4113,81.5792,0.5836,-145.6637,-26.6265,-150.5516,-21.3366,-150.4854,-21.3636,-159.7582,-22.7040,-173.9938,-25.8050,-4.8880,5.2899,-4.8218,5.2629,-14.0945,3.9225,57,0.2800,57,0,0.9841,0.0155,0.0004,-6.6935,-8.5149,-0.2120,-5.7711,-1.6413,0.0000,1,0.2938,0.0410,14.3089,-0.0014,1.000,70.00,342.76
14.6002,IMM-UKF,jink,0.500,4.00,0.050,1,0.600,1,6.5614,6.5619,0.0005,1.9366,0.3013,0.1371,0.0761,6.0000,7.6279,0.4111,83.9658,0.5853,-145.3500,-26.8439,-150.5516,-21.3366,-150.4854,-21.3636,-159.7391,-22.5123,-173.0272,-25.0454,-5.2016,5.5073,-5.1354,5.4803,-14.3891,4.3317,57,0.2900,57,0,0.9841,0.0155,0.0004,-6.5301,-8.3259,-0.2216,-5.7904,-1.5720,0.0000,1,0.2938,0.0410,14.3089,-0.0014,1.000,70.00,342.76
14.6102,IMM-UKF,jink,0.500,4.00,0.050,1,0.600,1,6.5090,6.6015,0.0925,1.9696,0.3013,0.1371,0.0763,6.0000,7.6279,0.4109,86.3778,0.5870,-145.0219,-27.0557,-150.5516,-21.3366,-150.4854,-21.3636,-159.7004,-22.3150,-172.0744,-24.3245,-5.5298,5.7192,-5.4636,5.6921,-14.6785,4.7407,57,0.3000,57,0,0.9841,0.0155,0.0004,-6.3657,-8.1377,-0.2274,-5.8089,-1.5024,0.0000,1,0.2457,0.0553,14.3089,-0.0017,1.000,70.00,342.76
14.6202,IMM-UKF,jink,0.500,4.00,0.050,1,0.600,1,6.4587,6.6457,0.1870,2.0033,0.3013,0.1371,0.0765,6.0000,7.6279,0.4106,88.8186,0.5886,-144.6790,-27.2617,-150.5516,-21.3366,-150.4854,-21.3636,-159.6422,-22.1106,-171.1363,-23.6337,-5.8726,5.9251,-5.8065,5.8981,-14.9632,5.1512,57,0.3100,57,0,0.9841,0.0155,0.0004,-6.2003,-7.9503,-0.2307,-5.8265,-1.4325,0.0000,1,0.2457,0.0553,14.3089,-0.0017,1.000,70.00,342.76
14.6302,IMM-UKF,jink,0.500,4.00,0.050,1,0.600,1,6.4104,6.6943,0.2840,2.0377,0.3013,0.1371,0.0766,6.0000,7.6279,0.4103,91.2893,0.5901,-144.3213,-27.4616,-150.5516,-21.3366,-150.4854,-21.3636,-159.5647,-21.8983,-170.2137,-22.9684,-6.2303,6.1251,-6.1642,6.0980,-15.2435,5.5633,57,0.3200,57,0,0.9841,0.0155,0.0004,-6.0339,-7.7637,-0.2323,-5.8432,-1.3625,0.0000,1,0.2457,0.0553,14.3089,-0.0017,1.000,70.00,342.76
14.6402,IMM-UKF,jink,0.500,4.00,0.050,1,0.600,1,6.3641,6.7474,0.3833,2.0727,0.3013,0.1371,0.0768,6.0000,7.6279,0.4101,93.7899,0.5915,-143.9487,-27.6552,-150.5516,-21.3366,-150.4854,-21.3636,-159.4682,-21.6783,-169.3068,-22.3260,-6.6030,6.3186,-6.5368,6.2916,-15.5195,5.9769,57,0.3300,57,0,0.9841,0.0155,0.0004,-5.8665,-7.5780,-0.2325,-5.8592,-1.2923,0.0000,1,0.2457,0.0553,14.3089,-0.0017,1.000,70.00,342.76
14.6502,IMM-UKF,jink,0.500,4.00,0.050,1,0.600,1,6.3200,6.8049,0.4849,2.1084,0.3013,0.1371,0.0769,6.0000,7.6279,0.4098,96.3203,0.5928,-143.5611,-27.8421,-150.5516,-21.3366,-150.4854,-21.3636,-159.3529,-21.4506,-168.4160,-21.7050,-6.9905,6.5055,-6.9244,6.4785,-15.7918,6.3915,57,0.3400,57,0,0.9841,0.0155,0.0004,-5.6980,-7.3933,-0.2317,-5.8743,-1.2219,0.0000,1,0.2457,0.0553,14.3089,-0.0017,1.000,70.00,342.76
14.6602,IMM-UKF,jink,0.500,4.00,0.050,1,0.600,1,6.2779,6.8668,0.5889,2.1447,0.3013,0.1371,0.0770,6.0000,7.6279,0.4094,98.8791,0.5941,-143.1585,-28.0220,-150.5516,-21.3366,-150.4854,-21.3636,-159.2191,-21.2157,-167.5413,-21.1044,-7.3931,6.6854,-7.3270,6.6584,-16.0607,6.8064,57,0.3500,57,0,0.9841,0.0155,0.0004,-5.5285,-7.2096,-0.2300,-5.8885,-1.1513,0.0000,1,0.2457,0.0553,14.3089,-0.0017,1.000,70.00,342.76
14.6702,IMM-UKF,jink,0.500,4.00,0.050,1,0.600,1,6.2379,5.9153,-0.3225,1.2464,0.2981,0.1359,0.0802,6.0000,6.7791,1.0936,56.4773,0.5953,-142.7409,-28.1947,-145.0219,-27.0557,-145.0322,-26.8718,-153.3238,-27.7227,-153.1068,-37.2805,-2.2810,1.1389,-2.2913,1.3229,-10.5829,0.4720,58,0.0600,58,0,0.9817,0.0177,0.0006,-5.3578,-7.0269,-0.2275,-5.9019,-1.0806,0.0000,1,0.2457,0.0553,14.6086,-0.0017,1.000,70.00,342.76
14.6802,IMM-UKF,jink,0.500,4.00,0.050,1,0.600,1,6.1999,5.9149,-0.2850,1.2618,0.2981,0.1359,0.0803,6.0000,6.7791,1.0925,58.4497,0.5964,-142.3083,-28.3597,-145.0219,-27.0557,-145.0322,-26.8718,-153.2639,-27.8146,-152.5546,-36.6095,-2.7135,1.3039,-2.7238,1.4878,-10.9556,0.5450,58,0.0700,58,0,0.9817,0.0177,0.0006,-5.1861,-6.8453,-0.2245,-5.9144,-1.0097,0.0000,1,0.2457,0.0553,14.6086,-0.0017,1.000,70.00,342.76
14.6902,IMM-UKF,jink,0.500,4.00,0.050,1,0.600,1,6.1641,5.9188,-0.2453,1.2779,0.2981,0.1359,0.0804,6.0000,6.7791,1.0915,60.4234,0.5974,-141.8609,-28.5167,-145.0219,-27.0557,-145.0322,-26.8718,-153.1869,-27.8859,-152.0024,-35.9354,-3.1609,1.4609,-3.1712,1.6449,-11.3260,0.6308,58,0.0800,58,0,0.9817,0.0177,0.0006,-5.0131,-6.6648,-0.2209,-5.9261,-0.9386,0.0000,1,0.2457,0.0553,14.6086,-0.0017,1.000,70.00,342.76
14.7002,IMM-UKF,jink,0.500,4.00,0.050,1,0.600,1,6.1304,5.9269,-0.2035,1.2945,0.2981,0.1359,0.0804,6.0000,6.7791,1.0906,62.3984,0.5984,-141.3987,-28.6654,-145.0219,-27.0557,-145.0322,-26.8718,-153.0924,-27.9365,-151.4512,-35.2600,-3.6231,1.6096,-3.6334,1.7935,-11.6937,0.7288,58,0.0900,58,0,0.9817,0.0177,0.0006,-4.8390,-6.4854,-0.2168,-5.9370,-0.8675,0.0000,1,0.2457,0.0553,14.6086,-0.0017,1.000,70.00,342.76
14.7102,IMM-UKF,jink,0.500,4.00,0.050,1,0.600,1,6.0989,5.9393,-0.1595,1.3118,0.2981,0.1359,0.0805,6.0000,6.7791,1.0897,64.3747,0.5993,-140.9219,-28.8054,-145.0219,-27.0557,-145.0322,-26.8718,-152.9802,-27.9667,-150.9018,-34.5849,-4.0999,1.7497,-4.1102,1.9336,-12.0583,0.8387,58,0.1000,58,0,0.9817,0.0177,0.0006,-4.6637,-6.3072,-0.2122,-5.9469,-0.7962,0.0000,1,0.2457,0.0553,14.6086,-0.0017,1.000,70.00,342.76
14.7202,IMM-UKF,jink,0.500,4.00,0.050,1,0.600,1,6.0694,5.9560,-0.1135,1.3297,0.2981,0.1359,0.0805,6.0000,6.7791,1.0889,66.3525,0.6002,-140.4307,-28.9365,-145.0219,-27.0557,-145.0322,-26.8718,-152.8501,-27.9765,-150.3546,-33.9117,-4.5911,1.8807,-4.6014,2.0647,-12.4194,0.9600,58,0.1100,58,0,0.9817,0.0177,0.0006,-4.4872,-6.1303,-0.2073,-5.9561,-0.7247,0.0000,1,0.2457,0.0553,14.6086,-0.0017,1.000,70.00,342.76
14.7302,IMM-UKF,jink,0.500,4.00,0.050,1,0.600,1,6.0421,5.9768,-0.0653,1.3483,0.2981,0.1359,0.0805,6.0000,6.7791,1.0882,68.3323,0.6010,-139.9253,-29.0582,-145.0219,-27.0557,-145.0322,-26.8718,-152.7021,-27.9662,-149.8104,-33.2418,-5.0966,2.0025,-5.1069,2.1864,-12.7768,1.0920,58,0.1200,58,0,0.9817,0.0177,0.0006,-4.3095,-5.9546,-0.2019,-5.9643,-0.6532,0.0000,1,0.2457,0.0553,14.6086,-0.0017,1.000,70.00,342.76
14.7402,IMM-UKF,jink,0.500,4.00,0.050,1,0.600,1,6.0170,6.0019,-0.0151,1.3676,0.2981,0.1359,0.0806,6.0000,6.7791,1.0875,70.3141,0.6017,-139.4060,-29.1703,-145.0219,-27.0557,-145.0322,-26.8718,-152.5360,-27.9362,-149.2695,-32.5766,-5.6159,2.1146,-5.6262,2.2985,-13.1301,1.2341,58,0.1300,58,0,0.9817,0.0177,0.0006,-4.1304,-5.7802,-0.1963,-5.9717,-0.5816,0.0000,1,0.2457,0.0553,14.6086,-0.0017,1.000,70.00,342.76
14.7502,IMM-UKF,jink,0.500,4.00,0.050,1,0.600,1,5.9940,6.0312,0.0372,1.3876,0.2981,0.1359,0.0806,6.0000,6.7791,1.0869,72.2998,0.6023,-138.8731,-29.2725,-145.0219,-27.0557,-145.0322,-26.8718,-152.3524,-27.8871,-148.7334,-31.9192,-6.1487,2.2168,-6.1590,2.4007,-13.4793,1.3854,58,0.1400,58,0,0.9817,0.0177,0.0006,-3.9506,-5.6075,-0.1903,-5.9783,-0.5099,0.0000,1,0.2457,0.0553,14.6086,-0.0017,1.000,70.00,342.76
14.7602,IMM-UKF,jink,0.500,4.00,0.050,1,0.600,1,5.9732,6.0644,0.0912,1.4083,0.2981,0.1359,0.0806,6.0000,6.7791,1.0863,74.2939,0.6030,-138.3270,-29.3647,-145.0219,-27.0557,-145.0322,-26.8718,-152.1523,-27.8209,-148.2059,-31.2764,-6.6948,2.3089,-6.7051,2.4928,-13.8253,1.5438,58,0.1500,58,0,0.9817,0.0177,0.0006,-3.7713,-5.4381,-0.1841,-5.9840,-0.4381,0.0000,1,0.2457,0.0553,14.6086,-0.0017,1.000,70.00,342.76
14.7702,IMM-UKF,jink,0.500,4.00,0.050,1,0.600,1,5.9545,6.1014,0.1469,1.4298,0.2981,0.1359,0.0806,6.0000,6.7791,1.0858,76.2976,0.6035,-137.7681,-29.4465,-145.0219,-27.0557,-145.0322,-26.8718,-151.9364,-27.7381,-147.6868,-30.6486,-7.2537,2.3908,-7.2640,2.5747,-14.1682,1.7085,58,0.1600,58,0,0.9817,0.0177,0.0006,-3.5926,-5.2719,-0.1776,-5.9888,-0.3663,0.0000,1,0.2457,0.0553,14.6086,-0.0017,1.000,70.00,342.76
14.7802,IMM-UKF,jink,0.500,4.00,0.050,1,0.600,1,5.9379,6.1421,0.2042,1.4519,0.2981,0.1359,0.0806,6.0000,6.7791,1.0854,78.3112,0.6040,-137.1970,-29.5180,-145.0219,-27.0557,-145.0322,-26.8718,-151.7050,-27.6396,-147.1759,-30.0360,-7.8249,2.4623,-7.8352,2.6462,-14.5080,1.8784,58,0.1700,58,0,0.9817,0.0177,0.0006,-3.4146,-5.1088,-0.1710,-5.9928,-0.2944,0.0000,1,0.2457,0.0553,14.6086,-0.0017,1.000,70.00,342.76
14.7902,IMM-UKF,jink,0.500,4.00,0.050,1,0.600,1,5.9235,6.1866,0.2631,1.4748,0.2981,0.1359,0.0806,6.0000,6.7791,1.0850,80.3361,0.6044,-136.6140,-29.5791,-145.0219,-27.0557,-145.0322,-26.8718,-151.4589,-27.5264,-146.6733,-29.4393,-8.4079,2.5233,-8.4182,2.7073,-14.8450,2.0527,58,0.1800,58,0,0.9817,0.0177,0.0006,-3.2372,-4.9491,-0.1641,-5.9959,-0.2225,0.0000,1,0.2457,0.0553,14.6086,-0.0017,1.000,70.00,342.76
14.8002,IMM-UKF,jink,0.500,4.00,0.050,1,0.600,1,5.9112,6.2347,0.3235,1.4984,0.2981,0.1359,0.0806,6.0000,6.7791,1.0846,82.3730,0.6048,-136.0196,-29.6295,-145.0219,-27.0557,-145.0322,-26.8718,-151.1990,-27.3995,-146.1792,-28.8592,-9.0022,2.5738,-9.0125,2.7577,-15.1794,2.2300,58,0.1900,58,0,0.9817,0.0177,0.0006,-3.0608,-4.7927,-0.1571,-5.9981,-0.1505,0.0000,1,0.2457,0.0553,14.6086,-0.0017,1.000,70.00,342.76
14.8102,IMM-UKF,jink,0.500,4.00,0.050,1,0.600,1,5.9010,6.2863,0.3854,1.5227,0.2981,0.1359,0.0806,6.0000,6.7791,1.0842,84.4221,0.6052,-135.4146,-29.6694,-145.0219,-27.0557,-145.0322,-26.8718,-150.9258,-27.2597,-145.6933,-28.2956,-9.6073,2.6136,-9.6176,2.7976,-15.5112,2.4096,58,0.2000,58,0,0.9817,0.0177,0.0006,-2.8853,-4.6398,-0.1500,-5.9995,-0.0785,0.0000,1,0.2457,0.0553,14.6086,-0.0017,1.000,70.00,342.76
14.8202,IMM-UKF,jink,0.500,4.00,0.050,1,0.600,1,5.8928,6.3415,0.4486,1.5478,0.2981,0.1359,0.0806,6.0000,6.7791,1.0840,86.4829,0.6055,-134.7994,-29.6985,-145.0219,-27.0557,-145.0322,-26.8718,-150.6399,-27.1080,-145.2151,-27.7481,-10.2225,2.6428,-10.2328,2.8267,-15.8406,2.5906,58,0.2100,58,0,0.9817,0.0177,0.0006,-2.7107,-4.4902,-0.1426,-6.0000,-0.0065,0.0000,1,0.2457,0.0553,14.6086,-0.0017,1.000,70.00,342.76
14.8302,IMM-UKF,jink,0.500,4.00,0.050,1,0.600,1,5.8868,6.4001,0.5133,1.5736,0.2981,0.1359,0.0806,6.0000,6.7791,1.0837,88.5544,0.6058,-134.1746,-29.7170,-145.0219,-27.0557,-145.0322,-26.8718,-150.3421,-26.9450,-144.7442,-27.2166,-10.8473,2.6613,-10.8576,2.8452,-16.1675,2.7720,58,0.2200,58,0,0.9817,0.0177,0.0006,-2.5368,-4.3439,-0.1352,-5.9996,0.0655,0.0000,1,0.2457,0.0553,14.6086,-0.0017,1.000,70.00,342.76
14.8402,IMM-UKF,jink,0.500,4.00,0.050,1,0.600,1,5.8828,6.4621,0.5793,1.6002,0.2981,0.1359,0.0806,6.0000,6.7791,1.0835,90.6358,0.6060,-133.5408,-29.7249,-145.0219,-27.0557,-145.0322,-26.8718,-150.0329,-26.7718,-144.2801,-26.7006,-11.4810,2.6691,-11.4913,2.8530,-16.4920,2.9531,58,0.2300,58,0,0.9817,0.0177,0.0006,-2.3637,-4.2008,-0.1276,-5.9984,0.1375,0.0000,1,0.2457,0.0553,14.6086,-0.0017,1.000,70.00,342.76
14.8502,IMM-UKF,jink,0.500,4.00,0.050,1,0.600,1,5.8809,6.5275,0.6466,1.6274,0.2981,0.1359,0.0806,6.0000,6.7791,1.0834,92.7258,0.6062,-132.8988,-29.7220,-145.0219,-27.0557,-145.0322,-26.8718,-149.7129,-26.5890,-143.8225,-26.1999,-12.1230,2.6663,-12.1333,2.8502,-16.8141,3.1331,58,0.2400,58,0,0.9817,0.0177,0.0006,-2.1914,-4.0609,-0.1199,-5.9963,0.2094,0.0000,1,0.2457,0.0553,14.6086,-0.0017,1.000,70.00,342.76
14.8602,IMM-UKF,jink,0.500,4.00,0.050,1,0.600,1,5.8811,6.5963,0.7152,1.6554,0.2981,0.1359,0.0806,6.0000,6.7791,1.0833,94.8230,0.6063,-132.2491,-29.7086,-145.0219,-27.0557,-145.0322,-26.8718,-149.3829,-26.3974,-143.3710,-25.7142,-12.7727,2.6529,-12.7830,2.8368,-17.1338,3.3112,58,0.2500,58,0,0.9817,0.0177,0.0006,-2.0197,-3.9241,-0.1121,-5.9934,0.2814,0.0000,1,0.2963,0.0536,14.6086,0.0009,1.000,70.00,342.76
14.8702,IMM-UKF,jink,0.500,4.00,0.050,1,0.600,1,5.8833,6.6684,0.7851,1.6841,0.2981,0.1359,0.0806,6.0000,6.7791,1.0831,96.9253,0.6064,-131.5925,-29.6847,-145.0219,-27.0557,-145.0322,-26.8718,-149.0434,-26.1979,-142.9252,-25.2431,-13.4294,2.6289,-13.4397,2.8129,-17.4509,3.4867,58,0.2600,58,0,0.9817,0.0177,0.0006,-1.8486,-3.7904,-0.1041,-5.9896,0.3533,0.0000,1,0.2963,0.0536,14.6086,0.0009,1.000,70.00,342.76
14.8802,IMM-UKF,jink,0.500,4.00,0.050,1,0.600,1,5.8875,6.7437,0.8562,1.7135,0.2981,0.1359,0.0806,6.0000,6.7791,1.0831,99.0310,0.6064,-130.9295,-29.6503,-145.0219,-27.0557,-145.0322,-26.8718,-148.6950,-25.9913,-142.4847,-24.7861,-14.0923,2.5945,-14.1026,2.7785,-17.7654,3.6590,58,0.2700,58,0,0.9817,0.0177,0.0006,-1.6781,-3.6598,-0.0960,-5.9849,0.4251,0.0000,1,0.2963,0.0536,14.6086,0.0009,1.000,70.00,342.76
14.8902,IMM-UKF,jink,0.500,4.00,0.050,1,0.600,1,5.8938,6.8224,0.9286,1.7436,0.2981,0.1359,0.0806,6.0000,6.7791,1.0832,101.1381,0.6064,-130.2609,-29.6056,-145.0219,-27.0557,-145.0322,-26.8718,-148.3383,-25.7781,-142.0493,-24.3431,-14.7609,2.5498,-14.7712,2.7337,-18.0773,3.8274,58,0.2800,58,0,0.9817,0.0177,0.0006,-1.5082,-3.5321,-0.0877,-5.9794,0.4969,0.0000,1,0.2963,0.0536,14.6086,0.0009,1.000,70.00,342.76
14.9002,IMM-UKF,jink,0.500,4.00,0.050,1,0.600,1,5.9021,6.9042,1.0021,1.7744,0.2981,0.1359,0.0806,6.0000,6.7791,1.0832,103.2442,0.6064,-129.5874,-29.5507,-145.0219,-27.0557,-145.0322,-26.8718,-147.9738,-25.5593,-141.6186,-23.9135,-15.4344,2.4949,-15.4447,2.6788,-18.3864,3.9914,58,0.2900,58,0,0.9817,0.0177,0.0006,-1.3387,-3.4075,-0.0794,-5.9730,0.5686,0.0000,1,0.2963,0.0536,14.6086,0.0009,1.000,70.00,342.76
14.9102,IMM-UKF,jink,0.500,4.00,0.050,1,0.600,1,5.9124,6.9893,1.0769,1.8059,0.2981,0.1359,0.0806,6.0000,6.7791,1.0833,105.3469,0.6063,-128.9097,-29.4857,-145.0219,-27.0557,-145.0322,-26.8718,-147.6022,-25.3353,-141.1922,-23.4970,-16.1122,2.4300,-16.1225,2.6139,-18.6925,4.1504,58,0.3000,58,0,0.9817,0.0177,0.0006,-1.1698,-3.2857,-0.0708,-5.9657,0.6403,0.0000,1,0.2963,0.0536,14.6086,0.0009,1.000,70.00,342.76
14.9202,IMM-UKF,jink,0.500,4.00,0.050,1,0.600,1,5.9248,5.2562,-0.6686,1.1200,0.2926,0.1345,0.0862,6.0000,5.5352,1.9975,35.7624,0.6061,-128.2283,-29.4110,-132.2491,-29.7086,-132.2811,-29.3759,-135.0438,-29.0630,-118.6686,-26.9336,-4.0208,-0.2977,-4.0528,0.0350,-6.8154,0.3479,59,0.0600,59,0,0.9685,0.0273,0.0041,-1.0012,-3.1668,-0.0622,-5.9576,0.7118,0.0000,1,0.2963,0.0536,14.8612,0.0009,1.000,70.00,342.76
14.9302,IMM-UKF,jink,0.500,4.00,0.050,1,0.600,1,5.9392,5.2923,-0.6469,1.1340,0.2926,0.1345,0.0862,6.0000,5.5352,1.9978,37.0577,0.6059,-127.5441,-29.3265,-132.2491,-29.7086,-132.2811,-29.3759,-134.5985,-28.9668,-118.5378,-26.4818,-4.7050,-0.3821,-4.7370,-0.0494,-7.0543,0.3597,59,0.0700,59,0,0.9685,0.0273,0.0041,-0.8331,-3.0508,-0.0534,-5.9487,0.7832,0.0000,1,0.2963,0.0536,14.8612,0.0009,1.000,70.00,342.76
14.9402,IMM-UKF,jink,0.500,4.00,0.050,1,0.600,1,5.9556,5.3322,-0.6234,1.1486,0.2926,0.1345,0.0862,6.0000,5.5352,1.9980,38.3597,0.6056,-126.8577,-29.2327,-132.2491,-29.7086,-132.2811,-29.3759,-134.1500,-28.8523,-118.4051,-26.0385,-5.3914,-0.4760,-5.4234,-0.1433,-7.2923,0.3804,59,0.0800,59,0,0.9685,0.0273,0.0041,-0.6653,-2.9375,-0.0444,-5.9388,0.8546,0.0000,1,0.2963,0.0536,14.8612,0.0009,1.000,70.00,342.76
14.9502,IMM-UKF,jink,0.500,4.00,0.050,1,0.600,1,5.9740,5.3758,-0.5983,1.1637,0.2926,0.1345,0.0862,6.0000,5.5352,1.9983,39.6688,0.6053,-126.1697,-29.1296,-132.2491,-29.7086,-132.2811,-29.3759,-133.6991,-28.7205,-118.2703,-25.6045,-6.0794,-0.5790,-6.1114,-0.2463,-7.5294,0.4092,59,0.0900,59,0,0.9685,0.0273,0.0041,-0.4981,-2.8271,-0.0353,-5.9281,0.9258,0.0000,1,0.2963,0.0536,14.8612,0.0009,1.000,70.00,342.76
14.9602,IMM-UKF,jink,0.500,4.00,0.050,1,0.600,1,5.9944,5.4229,-0.5715,1.1795,0.2926,0.1345,0.0862,6.0000,5.5352,1.9987,40.9850,0.6049,-125.4808,-29.0177,-132.2491,-29.7086,-132.2811,-29.3759,-133.2464,-28.5725,-118.1332,-25.1803,-6.7683,-0.6909,-6.8003,-0.3582,-7.7656,0.4452,59,0.1000,59,0,0.9685,0.0273,0.0041,-0.3317,-2.7197,-0.0260,-5.9166,0.9968,0.0000,1,0.2963,0.0536,14.8612,0.0009,1.000,70.00,342.76
14.9702,IMM-UKF,jink,0.500,4.00,0.050,1,0.600,1,6.0169,5.4736,-0.5432,1.1960,0.2926,0.1345,0.0862,6.0000,5.5352,1.9992,42.3085,0.6044,-124.7916,-28.8972,-132.2491,-29.7086,-132.2811,-29.3759,-132.7926,-28.4094,-117.9938,-24.7661,-7.4575,-0.8114,-7.4895,-0.4787,-8.0010,0.4878,59,0.1100,59,0,0.9685,0.0273,0.0041,-0.1661,-2.6152,-0.0166,-5.9042,1.0678,0.0000,1,0.2963,0.0536,14.8612,0.0009,1.000,70.00,342.76
14.9802,IMM-UKF,jink,0.500,4.00,0.050,1,0.600,1,6.0412,5.5279,-0.5133,1.2130,0.2926,0.1345,0.0862,6.0000,5.5352,1.9998,43.6390,0.6039,-124.1028,-28.7684,-132.2491,-29.7086,-132.2811,-29.3759,-132.3382,-28.2323,-117.8520,-24.3621,-8.1463,-0.9403,-8.1783,-0.6076,-8.2354,0.5360,59,0.1200,59,0,0.9685,0.0273,0.0041,-0.0013,-2.5136,-0.0070,-5.8910,1.1385,0.0000,1,0.2963,0.0536,14.8612,0.0009,1.000,70.00,342.76
14.9902,IMM-UKF,jink,0.500,4.00,0.050,1,0.600,1,6.0676,5.5857,-0.4820,1.2308,0.2926,0.1345,0.0862,6.0000,5.5352,2.0003,44.9763,0.6033,-123.4150,-28.6316,-132.2491,-29.7086,-132.2811,-29.3759,-131.8837,-28.0424,-117.7078,-23.9682,-8.8341,-1.0770,-8.8661,-0.7443,-8.4687,0.5892,59,0.1300,59,0,0.9685,0.0273,0.0041,0.1627,-2.4149,0.0027,-5.8769,1.2091,0.0000,1,0.2963,0.0536,14.8612,0.0009,1.000,70.00,342.76
15.0002,IMM-UKF,jink,0.500,4.00,0.050,1,0.600,1,6.0959,5.6469,-0.4491,1.2493,0.2926,0.1345,0.0862,6.0000,5.5352,2.0010,46.3199,0.6026,-122.7287,-28.4872,-132.2491,-29.7086,-132.2811,-29.3759,-131.4297,-27.8407,-117.5612,-23.5847,-9.5204,-1.2215,-9.5524,-0.8888,-8.7009,0.6464,59,0.1400,59,0,0.9685,0.0273,0.0041,0.3259,-2.3190,0.0127,-5.8620,1.2796,0.0000,1,0.2963,0.0536,14.8612,0.0009,1.000,70.00,342.76
15.0102,IMM-UKF,jink,0.500,4.00,0.050,1,0.600,1,6.1271,5.7115,-0.4156,1.2685,0.2926,0.1345,0.0861,6.0000,5.5352,2.0012,47.6091,0.6019,-122.0569,-28.3310,-132.2491,-29.7086,-132.2811,-29.3759,-130.9779,-27.6286,-117.4163,-23.2125,-10.1923,-1.3776,-10.2243,-1.0449,-8.9210,0.7025,59,0.1500,59,0,0.9685,0.0273,0.0041,0.4878,-2.2251,0.0231,-5.8769,1.2091,0.0000,1,0.2963,0.0536,14.8612,0.0009,1.000,70.00,342.76
15.0202,IMM-UKF,jink,0.500,4.00,0.050,1,0.600,1,6.1611,5.7796,-0.3814,1.2884,0.2926,0.1345,0.0858,6.0000,5.5352,2.0013,48.8494,0.6014,-121.3989,-28.1638,-132.2491,-29.7086,-132.2811,-29.3759,-130.5292,-27.4071,-117.2733,-22.8519,-10.8503,-1.5448,-10.8823,-1.2121,-9.1303,0.7567,59,0.1600,59,0,0.9685,0.0273,0.0041,0.6486,-2.1333,0.0341,-5.8910,1.1385,0.0000,1,0.2963,0.0536,14.8612,0.0009,1.000,70.00,342.76
15.0302,IMM-UKF,jink,0.500,4.00,0.050,1,0.600,1,6.1978,5.8512,-0.3467,1.3090,0.2926,0.1345,0.0853,6.0000,5.5352,2.0015,50.0395,0.6009,-120.7554,-27.9862,-132.2491,-29.7086,-132.2811,-29.3759,-130.0841,-27.1777,-117.1322,-22.5031,-11.4937,-1.7224,-11.5257,-1.3897,-9.3287,0.8086,59,0.1700,59,0,0.9685,0.0273,0.0041,0.8081,-2.0433,0.0456,-5.9042,1.0678,0.0000,1,0.2963,0.0536,14.8612,0.0009,1.000,70.00,342.76
15.0402,IMM-UKF,jink,0.500,4.00,0.050,1,0.600,1,6.2373,5.9261,-0.3112,1.3305,0.2926,0.1345,0.0846,6.0000,5.5352,2.0017,51.1783,0.6005,-120.1270,-27.7991,-132.2491,-29.7086,-132.2811,-29.3759,-129.6432,-26.9414,-116.9929,-22.1666,-12.1221,-1.9095,-12.1541,-1.5768,-9.5162,0.8576,59,0.1800,59,0,0.9685,0.0273,0.0041,0.9663,-1.9552,0.0579,-5.9166,0.9968,0.0000,1,0.2963,0.0536,14.8612,0.0009,1.000,70.00,342.76
15.0502,IMM-UKF,jink,0.500,4.00,0.050,1,0.600,1,6.2795,6.0044,-0.2751,1.3526,0.2926,0.1345,0.0837,6.0000,5.5352,2.0019,52.2646,0.6001,-119.5143,-27.6030,-132.2491,-29.7086,-132.2811,-29.3759,-129.2072,-26.6998,-116.8557,-21.8429,-12.7348,-2.1056,-12.7668,-1.7729,-9.6928,0.9032,59,0.1900,59,0,0.9685,0.0273,0.0041,1.1232,-1.8690,0.0712,-5.9281,0.9258,0.0000,1,0.2963,0.0536,14.8612,0.0009,1.000,70.00,342.76
15.0602,IMM-UKF,jink,0.500,4.00,0.050,1,0.600,1,6.3243,6.0861,-0.2382,1.3756,0.2926,0.1345,0.0826,6.0000,5.5352,2.0023,53.2972,0.5997,-118.9176,-27.3989,-132.2491,-29.7086,-132.2811,-29.3759,-128.7764,-26.4543,-116.7204,-21.5328,-13.3315,-2.3097,-13.3635,-1.9770,-9.8588,0.9446,59,0.2000,59,0,0.9685,0.0273,0.0041,1.2789,-1.7845,0.0855,-5.9388,0.8546,0.0000,1,0.2963,0.0536,14.8612,0.0009,1.000,70.00,342.76
15.0702,IMM-UKF,jink,0.500,4.00,0.050,1,0.600,1,6.3717,6.1711,-0.2006,1.3993,0.2926,0.1345,0.0813,6.0000,5.5352,2.0027,54.2750,0.5993,-118.3374,-27.1875,-132.2491,-29.7086,-132.2811,-29.3759,-128.3515,-26.2065,-116.5871,-21.2376,-13.9117,-2.5211,-13.9437,-2.1884,-10.0141,0.9810,59,0.2100,59,0,0.9685,0.0273,0.0041,1.4332,-1.7018,0.1013,-5.9487,0.7832,0.0000,1,0.2963,0.0536,14.8612,0.0009,1.000,70.00,342.76
15.0802,IMM-UKF,jink,0.500,4.00,0.050,1,0.600,1,6.4217,6.2595,-0.1622,1.4238,0.2926,0.1345,0.0802,6.0000,5.5352,2.0036,55.2034,0.5984,-117.7727,-26.9696,-132.2491,-29.7086,-132.2811,-29.3759,-127.9328,-25.9584,-116.4560,-20.9590,-14.4764,-2.7390,-14.5084,-2.4063,-10.1601,1.0112,59,0.2200,59,0,0.9685,0.0273,0.0041,1.5860,-1.6207,0.1190,-5.9576,0.7118,0.0000,1,0.2963,0.0536,14.8612,0.0009,1.000,70.00,342.76
15.0903,IMM-UKF,jink,0.500,4.00,0.050,1,0.600,1,6.4743,6.3513,-0.1229,1.4491,0.2926,0.1345,0.0791,6.0000,5.5352,2.0052,56.0796,0.5969,-117.2239,-26.7461,-132.2491,-29.7086,-132.2811,-29.3759,-127.5209,-25.7127,-116.3270,-20.7004,-15.0253,-2.9625,-15.0573,-2.6298,-10.2970,1.0334,59,0.2300,59,0,0.9685,0.0273,0.0041,1.7373,-1.5414,0.1395,-5.9657,0.6403,0.0000,1,0.2963,0.0536,14.8612,0.0009,1.000,70.00,342.76
15.1003,IMM-UKF,jink,0.500,4.00,0.050,1,0.600,1,6.5294,6.4467,-0.0827,1.4753,0.2926,0.1345,0.0779,6.0000,5.5352,2.0071,56.8944,0.5950,-116.6925,-26.5181,-132.2491,-29.7086,-132.2811,-29.3759,-127.1161,-25.4734,-116.2005,-20.4673,-15.5566,-3.1905,-15.5886,-2.8578,-10.4236,1.0447,59,0.2400,59,0,0.9685,0.0273,0.0041,1.8868,-1.4637,0.1640,-5.9730,0.5686,0.0000,1,0.2963,0.0536,14.8612,0.0009,1.000,70.00,342.76
15.1103,IMM-UKF,jink,0.500,4.00,0.050,1,0.600,1,6.5869,6.5456,-0.0413,1.5022,0.2926,0.1345,0.0769,6.0000,5.5352,2.0084,57.6352,0.5936,-116.1804,-26.2866,-132.2491,-29.7086,-132.2811,-29.3759,-126.7192,-25.2481,-116.0765,-20.2721,-16.0687,-3.4220,-16.1008,-3.0893,-10.5388,1.0386,59,0.2500,59,0,0.9685,0.0273,0.0041,2.0340,-1.3880,0.1955,-5.9794,0.4969,0.0000,1,0.2963,0.0536,14.8612,0.0009,1.000,70.00,342.76
15.1203,IMM-UKF,jink,0.500,4.00,0.050,1,0.600,1,6.6470,6.6485,0.0015,1.5300,0.2926,0.1345,0.0758,6.0000,5.5352,2.0098,58.3068,0.5922,-115.6855,-26.0535,-132.2491,-29.7086,-132.2811,-29.3759,-126.3319,-25.0550,-115.9564,-20.1473,-16.5636,-3.6551,-16.5956,-3.3224,-10.6464,0.9985,59,0.2600,59,0,0.9685,0.0273,0.0041,2.1768,-1.3148,0.2413,-5.9849,0.4251,0.0000,1,0.2963,0.0536,14.8612,0.0009,1.000,70.00,342.76
15.1303,IMM-UKF,jink,0.500,4.00,0.050,1,0.600,1,6.7095,6.7551,0.0455,1.5589,0.2926,0.1345,0.0746,6.0000,5.5352,2.0115,58.9106,0.5905,-115.2080,-25.8233,-132.2491,-29.7086,-132.2811,-29.3759,-125.9653,-24.9726,-115.8475,-20.2353,-17.0411,-3.8853,-17.0731,-3.5526,-10.7573,0.8507,59,0.2700,59,0,0.9685,0.0273,0.0041,2.3006,-1.2493,0.3309,-5.9896,0.3533,0.0000,1,0.2963,0.0536,14.8612,0.0009,1.000,70.00,342.76
15.1403,IMM-UKF,jink,0.500,4.00,0.050,1,0.600,1,6.7724,6.8084,0.0360,1.5904,0.2926,0.1345,0.0732,6.0000,5.5352,2.0132,60.2836,0.5888,-114.7500,-25.6100,-132.2491,-29.7086,-132.2811,-29.3759,-125.7917,-25.2580,-115.8710,-20.9408,-17.4992,-4.0986,-17.5312,-3.7659,-11.0417,0.3520,59,0.2800,59,0,0.9685,0.0273,0.0041,2.1796,-1.2716,0.4746,-5.9934,0.2814,0.0000,1,0.2963,0.0536,14.8612,0.0009,1.000,70.00,342.76
15.1503,IMM-UKF,jink,0.500,4.00,0.050,1,0.600,1,6.8345,6.8307,-0.0038,1.6228,0.2926,0.1345,0.0718,6.0000,5.5352,2.0150,62.0922,0.5871,-114.3112,-25.4078,-132.2491,-29.7086,-132.2811,-29.3759,-125.6822,-25.4090,-115.9372,-21.3414,-17.9379,-4.3008,-17.9699,-3.9681,-11.3710,-0.0012,59,0.2900,59,0,0.9685,0.0273,0.0041,1.9931,-1.3169,0.5135,-5.9963,0.2094,0.0000,1,0.2963,0.0536,14.8612,0.0009,1.000,70.00,342.76
15.1603,IMM-UKF,jink,0.500,4.00,0.050,1,0.600,1,6.8955,6.8464,-0.0491,1.6560,0.2926,0.1345,0.0702,6.0000,5.5352,2.0168,63.9676,0.5854,-113.8910,-25.2148,-132.2491,-29.7086,-132.2811,-29.3759,-125.5893,-25.5245,-116.0126,-21.6583,-18.3581,-4.4939,-18.3901,-4.1612,-11.6983,-0.3097,59,0.3000,59,0,0.9685,0.0273,0.0041,1.8042,-1.3626,0.5278,-5.9984,0.1375,0.0000,1,0.2499,0.0431,14.8612,-0.0007,1.000,70.00,342.76
15.1703,IMM-UKF,jink,0.500,4.00,0.050,1,0.600,1,6.9556,6.8581,-0.0975,1.6901,0.2926,0.1345,0.0685,6.0000,5.5352,2.0186,65.8721,0.5837,-113.4884,-25.0299,-132.2491,-29.7086,-132.2811,-29.3759,-125.5101,-25.6297,-116.0956,-21.9436,-18.7607,-4.6787,-18.7927,-4.3460,-12.0217,-0.5998,59,0.3100,59,0,0.9685,0.0273,0.0041,1.6163,-1.4076,0.5319,-5.9996,0.0655,0.0000,1,0.2499,0.0431,14.8612,-0.0007,1.000,70.00,342.76
15.1803,IMM-UKF,jink,0.500,4.00,0.050,1,0.600,1,7.0145,6.8663,-0.1482,1.7250,0.2926,0.1345,0.0667,6.0000,5.5352,2.0203,67.7954,0.5821,-113.1028,-24.8526,-132.2491,-29.7086,-132.2811,-29.3759,-125.4438,-25.7330,-116.1860,-22.2146,-19.1463,-4.8561,-19.1783,-4.5234,-12.3410,-0.8804,59,0.3200,59,0,0.9685,0.0273,0.0041,1.4298,-1.4518,0.5306,-6.0000,-0.0065,0.0000,1,0.2499,0.0431,14.8612,-0.0007,1.000,70.00,342.76
15.1903,IMM-UKF,jink,0.500,4.00,0.050,1,0.600,1,7.0722,6.8714,-0.2008,1.7608,0.2926,0.1345,0.0648,6.0000,5.5352,2.0219,69.7336,0.5806,-112.7335,-24.6823,-132.2491,-29.7086,-132.2811,-29.3759,-125.3901,-25.8381,-116.2837,-22.4795,-19.5157,-5.0263,-19.5477,-4.6936,-12.6566,-1.1558,59,0.3300,59,0,0.9685,0.0273,0.0041,1.2451,-1.4952,0.5259,-5.9995,-0.0785,0.0000,1,0.2499,0.0431,14.8612,-0.0007,1.000,70.00,342.76
15.2003,IMM-UKF,jink,0.500,4.00,0.050,1,0.600,1,7.1288,6.8735,-0.2553,1.7974,0.2926,0.1345,0.0628,6.0000,5.5352,2.0236,71.6854,0.5791,-112.3797,-24.5187,-132.2491,-29.7086,-132.2811,-29.3759,-125.3486,-25.9469,-116.3890,-22.7424,-19.8694,-5.1899,-19.9015,-4.8572,-12.9689,-1.4282,59,0.3400,59,0,0.9685,0.0273,0.0041,1.0620,-1.5376,0.5189,-5.9981,-0.1505,0.0000,1,0.2499,0.0431,14.8612,-0.0007,1.000,70.00,342.76
15.2103,IMM-UKF,jink,0.500,4.00,0.050,1,0.600,1,7.1842,6.0151,-1.1691,1.0698,0.2900,0.1332,0.0632,6.0000,4.7982,1.9265,3.7937,0.5776,-112.0409,-24.3615,-113.8910,-25.2148,-113.7754,-24.9125,-112.6810,-24.6121,-99.9008,-20.7800,-1.8502,-0.8532,-1.7345,-0.5510,-0.6401,-0.2506,60,0.0500,60,0,0.9857,0.0139,0.0004,0.8807,-1.5793,0.5102,-5.9959,-0.2225,0.0000,1,0.2499,0.0431,15.1596,-0.0007,1.000,70.00,342.76
15.2203,IMM-UKF,jink,0.500,4.00,0.050,1,0.600,1,7.2383,6.0515,-1.1868,1.0852,0.2900,0.1332,0.0611,6.0000,4.7982,1.9287,3.9491,0.5762,-111.7164,-24.2104,-113.8910,-25.2148,-113.7754,-24.9125,-112.3330,-24.5574,-99.6881,-20.9309,-2.1746,-1.0043,-2.0590,-0.7021,-0.6166,-0.3470,60,0.0600,60,0,0.9857,0.0139,0.0004,0.7012,-1.6202,0.5004,-5.9928,-0.2944,0.0000,1,0.2499,0.0431,15.1596,-0.0007,1.000,70.00,342.76
15.2303,IMM-UKF,jink,0.500,4.00,0.050,1,0.600,1,7.2912,6.0848,-1.2064,1.1012,0.2900,0.1332,0.0589,6.0000,4.7982,1.9309,4.1896,0.5748,-111.4058,-24.0652,-113.8910,-25.2148,-113.7754,-24.9125,-111.9956,-24.5140,-99.4731,-21.0849,-2.4852,-1.1495,-2.3696,-0.8473,-0.5898,-0.4488,60,0.0700,60,0,0.9857,0.0139,0.0004,0.5233,-1.6603,0.4895,-5.9888,-0.3663,0.0000,1,0.2499,0.0431,15.1596,-0.0007,1.000,70.00,342.76
15.2403,IMM-UKF,jink,0.500,4.00,0.050,1,0.600,1,7.3429,6.1151,-1.2278,1.1178,0.2900,0.1332,0.0566,6.0000,4.7982,1.9329,4.5141,0.5735,-111.1084,-23.9257,-113.8910,-25.2148,-113.7754,-24.9125,-111.6680,-24.4815,-99.2553,-21.2427,-2.7826,-1.2891,-2.6669,-0.9869,-0.5595,-0.5558,60,0.0800,60,0,0.9857,0.0139,0.0004,0.3471,-1.6998,0.4780,-5.9840,-0.4381,0.0000,1,0.2499,0.0431,15.1596,-0.0007,1.000,70.00,342.76
15.2503,IMM-UKF,jink,0.500,4.00,0.050,1,0.600,1,7.3932,6.1423,-1.2510,1.1350,0.2900,0.1332,0.0542,6.0000,4.7982,1.9348,4.9181,0.5722,-110.8239,-23.7915,-113.8910,-25.2148,-113.7754,-24.9125,-111.3494,-24.4592,-99.0347,-21.4049,-3.0671,-1.4232,-2.9514,-1.1210,-0.5254,-0.6677,60,0.0900,60,0,0.9857,0.0139,0.0004,0.1727,-1.7385,0.4658,-5.9783,-0.5099,0.0000,1,0.2499,0.0431,15.1596,-0.0007,1.000,70.00,342.76
15.2603,IMM-UKF,jink,0.500,4.00,0.050,1,0.600,1,7.4423,6.1664,-1.2759,1.1530,0.2900,0.1332,0.0517,6.0000,4.7982,1.9367,5.3951,0.5709,-110.5518,-23.6626,-113.8910,-25.2148,-113.7754,-24.9125,-111.0391,-24.4470,-98.8107,-21.5719,-3.3392,-1.5521,-3.2236,-1.2499,-0.4873,-0.7844,60,0.1000,60,0,0.9857,0.0139,0.0004,-0.0001,-1.7766,0.4532,-5.9717,-0.5816,0.0000,1,0.2499,0.0431,15.1596,-0.0007,1.000,70.00,342.76
15.2703,IMM-UKF,jink,0.500,4.00,0.050,1,0.600,1,7.4901,6.1876,-1.3025,1.1716,0.2900,0.1332,0.0492,6.0000,4.7982,1.9384,5.9387,0.5697,-110.2915,-23.5389,-113.8910,-25.2148,-113.7754,-24.9125,-110.7365,-24.4444,-98.5832,-21.7440,-3.5995,-1.6759,-3.4838,-1.3737,-0.4450,-0.9056,60,0.1100,60,0,0.9857,0.0139,0.0004,-0.1712,-1.8141,0.4403,-5.9643,-0.6532,0.0000,1,0.2499,0.0431,15.1596,-0.0007,1.000,70.00,342.76
15.2803,IMM-UKF,jink,0.500,4.00,0.050,1,0.600,1,7.5366,6.2059,-1.3307,1.1909,0.2900,0.1332,0.0467,6.0000,4.7982,1.9400,6.5427,0.5685,-110.0428,-23.4200,-113.8910,-25.2148,-113.7754,-24.9125,-110.4410,-24.4512,-98.3517,-21.9218,-3.8482,-1.7948,-3.7326,-1.4925,-0.3982,-1.0312,60,0.1200,60,0,0.9857,0.0139,0.0004,-0.3407,-1.8510,0.4270,-5.9561,-0.7247,0.0000,1,0.2499,0.0431,15.1596,-0.0007,1.000,70.00,342.76
15.2903,IMM-UKF,jink,0.500,4.00,0.050,1,0.600,1,7.5817,6.2212,-1.3605,1.2109,0.2900,0.1332,0.0441,6.0000,4.7982,1.9409,7.2028,0.5672,-109.8048,-23.3059,-113.8910,-25.2148,-113.7754,-24.9125,-110.1520,-24.4672,-98.1159,-22.1054,-4.0862,-1.9089,-3.9705,-1.6066,-0.3471,-1.1613,60,0.1300,60,0,0.9857,0.0139,0.0004,-0.5085,-1.8873,0.4136,-5.9469,-0.7962,0.0000,1,0.2499,0.0431,15.1596,-0.0007,1.000,70.00,342.76
15.3003,IMM-UKF,jink,0.500,4.00,0.050,1,0.600,1,7.6255,6.2337,-1.3918,1.2317,0.2900,0.1332,0.0418,6.0000,4.7982,1.9399,7.9154,0.5652,-109.5766,-23.1964,-113.8910,-25.2148,-113.7754,-24.9125,-109.8688,-24.4921,-97.8754,-22.2952,-4.3144,-2.0184,-4.1987,-1.7161,-0.2922,-1.2957,60,0.1400,60,0,0.9857,0.0139,0.0004,-0.6746,-1.9230,0.3999,-5.9370,-0.8675,0.0000,1,0.2499,0.0431,15.1596,-0.0007,1.000,70.00,342.76
15.3103,IMM-UKF,jink,0.500,4.00,0.050,1,0.600,1,7.6680,6.2434,-1.4247,1.2532,0.2900,0.1332,0.0394,6.0000,4.7982,1.9391,8.6754,0.5630,-109.3589,-23.0915,-113.8910,-25.2148,-113.7754,-24.9125,-109.5910,-24.5258,-97.6298,-22.4915,-4.5321,-2.1233,-4.4165,-1.8210,-0.2321,-1.4343,60,0.1500,60,0,0.9857,0.0139,0.0004,-0.8391,-1.9583,0.3861,-5.9261,-0.9386,0.0000,1,0.2499,0.0431,15.1596,-0.0007,1.000,70.00,342.76
15.3203,IMM-UKF,jink,0.500,4.00,0.050,1,0.600,1,7.7091,6.2502,-1.4589,1.2755,0.2900,0.1332,0.0372,6.0000,4.7982,1.9401,9.4807,0.5617,-109.1523,-22.9909,-113.8910,-25.2148,-113.7754,-24.9125,-109.3181,-24.5681,-97.3788,-22.6947,-4.7387,-2.2239,-4.6231,-1.9216,-0.1658,-1.5772,60,0.1600,60,0,0.9857,0.0139,0.0004,-1.0021,-1.9930,0.3722,-5.9144,-1.0097,0.0000,1,0.2499,0.0431,15.1596,-0.0007,1.000,70.00,342.76
15.3303,IMM-UKF,jink,0.500,4.00,0.050,1,0.600,1,7.7489,6.2543,-1.4946,1.2986,0.2900,0.1332,0.0350,6.0000,4.7982,1.9416,10.3308,0.5606,-108.9559,-22.8946,-113.8910,-25.2148,-113.7754,-24.9125,-109.0496,-24.6189,-97.1217,-22.9051,-4.9351,-2.3202,-4.8195,-2.0180,-0.0937,-1.7243,60,0.1700,60,0,0.9857,0.0139,0.0004,-1.1634,-2.0273,0.3582,-5.9019,-1.0806,0.0000,1,0.2499,0.0431,15.1596,-0.0007,1.000,70.00,342.76
15.3403,IMM-UKF,jink,0.500,4.00,0.050,1,0.600,1,7.7873,6.2557,-1.5316,1.3224,0.2900,0.1332,0.0328,6.0000,4.7982,1.9431,11.2252,0.5595,-108.7690,-22.8024,-113.8910,-25.2148,-113.7754,-24.9125,-108.7849,-24.6782,-96.8583,-23.1229,-5.1221,-2.4124,-5.0064,-2.1101,-0.0160,-1.8758,60,0.1800,60,0,0.9857,0.0139,0.0004,-1.3231,-2.0612,0.3442,-5.8885,-1.1513,0.0000,1,0.2499,0.0431,15.1596,-0.0007,1.000,70.00,342.76
15.3503,IMM-UKF,jink,0.500,4.00,0.050,1,0.600,1,7.8244,6.2545,-1.5699,1.3470,0.2900,0.1332,0.0305,6.0000,4.7982,1.9445,12.1634,0.5585,-108.5913,-22.7142,-113.8910,-25.2148,-113.7754,-24.9125,-108.5237,-24.7458,-96.5879,-23.3485,-5.2998,-2.5006,-5.1841,-2.1983,0.0676,-2.0316,60,0.1900,60,0,0.9857,0.0139,0.0004,-1.4812,-2.0946,0.3301,-5.8743,-1.2219,0.0000,1,0.2499,0.0431,15.1596,-0.0007,1.000,70.00,342.76
15.3603,IMM-UKF,jink,0.500,4.00,0.050,1,0.600,1,7.8601,6.2506,-1.6095,1.3724,0.2900,0.1332,0.0282,6.0000,4.7982,1.9458,13.1453,0.5576,-108.4226,-22.6300,-113.8910,-25.2148,-113.7754,-24.9125,-108.2654,-24.8217,-96.3101,-23.5822,-5.4685,-2.5848,-5.3528,-2.2825,0.1572,-2.1917,60,0.2000,60,0,0.9857,0.0139,0.0004,-1.6378,-2.1277,0.3160,-5.8592,-1.2923,0.0000,1,0.2499,0.0431,15.1596,-0.0007,1.000,70.00,342.76
15.3703,IMM-UKF,jink,0.500,4.00,0.050,1,0.600,1,7.8944,6.2441,-1.6503,1.3985,0.2900,0.1332,0.0258,6.0000,4.7982,1.9470,14.1712,0.5567,-108.2626,-22.5496,-113.8910,-25.2148,-113.7754,-24.9125,-108.0097,-24.9060,-96.0242,-23.8243,-5.6284,-2.6652,-5.5128,-2.3629,0.2529,-2.3564,60,0.2100,60,0,0.9857,0.0139,0.0004,-1.7928,-2.1604,0.3019,-5.8432,-1.3625,0.0000,1,0.2499,0.0431,15.1596,-0.0007,1.000,70.00,342.76
15.3803,IMM-UKF,jink,0.500,4.00,0.050,1,0.600,1,7.9274,6.2351,-1.6923,1.4255,0.2900,0.1332,0.0234,6.0000,4.7982,1.9481,15.2417,0.5560,-108.1111,-22.4730,-113.8910,-25.2148,-113.7754,-24.9125,-107.7560,-24.9985,-95.7297,-24.0753,-5.7799,-2.7418,-5.6642,-2.4395,0.3551,-2.5255,60,0.2200,60,0,0.9857,0.0139,0.0004,-1.9462,-2.1927,0.2879,-5.8265,-1.4325,0.0000,1,0.2499,0.0431,15.1596,-0.0007,1.000,70.00,342.76
15.3903,IMM-UKF,jink,0.500,4.00,0.050,1,0.600,1,7.9590,6.2236,-1.7354,1.4532,0.2900,0.1332,0.0209,6.0000,4.7982,1.9492,16.3575,0.5552,-107.9679,-22.4000,-113.8910,-25.2148,-113.7754,-24.9125,-107.5040,-25.0993,-95.4259,-24.3354,-5.9231,-2.8147,-5.8074,-2.5125,0.4639,-2.6993,60,0.2300,60,0,0.9857,0.0139,0.0004,-2.0981,-2.2247,0.2738,-5.8089,-1.5024,0.0000,1,0.2499,0.0431,15.1596,-0.0007,1.000,70.00,342.76
15.4003,IMM-UKF,jink,0.500,4.00,0.050,1,0.600,1,7.9892,6.2096,-1.7795,1.4816,0.2900,0.1332,0.0184,6.0000,4.7982,1.9501,17.5198,0.5545,-107.8328,-22.3307,-113.8910,-25.2148,-113.7754,-24.9125,-107.2532,-25.2085,-95.1122,-24.6051,-6.0582,-2.8841,-5.9425,-2.5818,0.5796,-2.8779,60,0.2400,60,0,0.9857,0.0139,0.0004,-2.2485,-2.2564,0.2598,-5.7904,-1.5720,0.0000,1,0.2499,0.0431,15.1596,-0.0007,1.000,70.00,342.76
15.4103,IMM-UKF,jink,0.500,4.00,0.050,1,0.600,1,8.0180,6.1932,-1.8247,1.5109,0.2900,0.1332,0.0159,6.0000,4.7982,1.9510,18.7296,0.5539,-107.7056,-22.2648,-113.8910,-25.2148,-113.7754,-24.9125,-107.0032,-25.3262,-94.7877,-24.8847,-6.1854,-2.9499,-6.0697,-2.6477,0.7024,-3.0613,60,0.2500,60,0,0.9857,0.0139,0.0004,-2.3974,-2.2878,0.2459,-5.7711,-1.6413,0.0000,1,0.2491,0.0562,15.1596,0.0019,1.000,70.00,342.76
15.4203,IMM-UKF,jink,0.500,4.00,0.050,1,0.600,1,8.0454,6.1745,-1.8709,1.5408,0.2900,0.1332,0.0133,6.0000,4.7982,1.9518,19.9884,0.5533,-107.5861,-22.2024,-113.8910,-25.2148,-113.7754,-24.9125,-106.7536,-25.4523,-94.4517,-25.1747,-6.3049,-3.0123,-6.1893,-2.7101,0.8325,-3.2498,60,0.2600,60,0,0.9857,0.0139,0.0004,-2.5447,-2.3189,0.2320,-5.7510,-1.7105,0.0000,1,0.2491,0.0562,15.1596,0.0019,1.000,70.00,342.76
15.4303,IMM-UKF,jink,0.500,4.00,0.050,1,0.600,1,8.0715,6.1534,-1.9181,1.5716,0.2900,0.1332,0.0133,6.0000,4.7982,1.9351,21.2842,0.5487,-107.4642,-22.1434,-113.8910,-25.2148,-113.7754,-24.9125,-106.5039,-25.5869,-94.1034,-25.4755,-6.4268,-3.0713,-6.3111,-2.7691,0.9604,-3.4435,60,0.2700,60,0,0.9857,0.0139,0.0004,-2.6906,-2.3498,0.2182,-5.7301,-1.7793,0.0000,1,0.2491,0.0562,15.1596,0.0019,1.000,70.00,342.76
15.4403,IMM-UKF,jink,0.500,4.00,0.050,1,0.600,1,8.0962,6.1301,-1.9661,1.6030,0.2900,0.1332,0.0133,6.0000,4.7982,1.9206,22.6291,0.5484,-107.3496,-22.0879,-113.8910,-25.2148,-113.7754,-24.9125,-106.2536,-25.7303,-93.7418,-25.7875,-6.5414,-3.1268,-6.4257,-2.8246,1.0960,-3.6424,60,0.2800,60,0,0.9857,0.0139,0.0004,-2.8349,-2.3804,0.2044,-5.7083,-1.8480,0.0000,1,0.2491,0.0562,15.1596,0.0019,1.000,70.00,342.76
15.4503,IMM-UKF,jink,0.500,4.00,0.050,1,0.600,1,8.1195,6.1045,-2.0150,1.6352,0.2900,0.1332,0.0145,6.0000,4.7982,1.9151,24.0336,0.5491,-107.2473,-22.0357,-113.8910,-25.2148,-113.7754,-24.9125,-106.0024,-25.8825,-93.3659,-26.1113,-6.6437,-3.1790,-6.5281,-2.8768,1.2449,-3.8468,60,0.2900,60,0,0.9857,0.0139,0.0004,-2.9778,-2.4109,0.1907,-5.6857,-1.9163,0.0000,1,0.2491,0.0562,15.1596,0.0019,1.000,70.00,342.76
15.4603,IMM-UKF,jink,0.500,4.00,0.050,1,0.600,1,8.1414,6.0767,-2.0647,1.6681,0.2900,0.1332,0.0169,6.0000,4.7982,1.9171,25.5020,0.5472,-107.1571,-21.9868,-113.8910,-25.2148,-113.7754,-24.9125,-105.7497,-26.0437,-92.9747,-26.4471,-6.7339,-3.2280,-6.6182,-2.9257,1.4074,-4.0569,60,0.3000,60,0,0.9857,0.0139,0.0004,-3.1192,-2.4411,0.1771,-5.6623,-1.9844,0.0000,1,0.2491,0.0562,15.1596,0.0019,1.000,70.00,342.76
15.4703,IMM-UKF,jink,0.500,4.00,0.050,1,0.600,1,8.1619,6.7284,-1.4335,0.9676,0.2927,0.1317,0.0166,6.0000,5.8320,0.6555,9.1627,0.5455,-107.0739,-21.9410,-107.7056,-22.2648,-107.5715,-22.2262,-105.5643,-22.5680,-94.7662,-19.4977,-0.6318,-0.3239,-0.4976,-0.2852,1.5095,-0.6270,61,0.0600,61,0,0.9888,0.0105,0.0007,-3.2592,-2.4712,0.1636,-5.6381,-2.0522,0.0000,1,0.2491,0.0562,15.4121,0.0019,1.000,70.00,342.76
15.4803,IMM-UKF,jink,0.500,4.00,0.050,1,0.600,1,8.1811,6.7367,-1.4444,0.9833,0.2927,0.1317,0.0189,6.0000,5.8320,0.6573,10.0420,0.5437,-106.9975,-21.8983,-107.7056,-22.2648,-107.5715,-22.2262,-105.3180,-22.5300,-94.4996,-19.5834,-0.7082,-0.3666,-0.5740,-0.3279,1.6794,-0.6317,61,0.0700,61,0,0.9888,0.0105,0.0007,-3.3977,-2.5011,0.1502,-5.6131,-2.1197,0.0000,1,0.2491,0.0562,15.4121,0.0019,1.000,70.00,342.76
15.4903,IMM-UKF,jink,0.500,4.00,0.050,1,0.600,1,8.1989,6.7425,-1.4563,0.9997,0.2927,0.1317,0.0211,6.0000,5.8320,0.6590,10.9644,0.5421,-106.9277,-21.8586,-107.7056,-22.2648,-107.5715,-22.2262,-105.0737,-22.4986,-94.2258,-19.6735,-0.7779,-0.4062,-0.6438,-0.3675,1.8540,-0.6399,61,0.0800,61,0,0.9888,0.0105,0.0007,-3.5348,-2.5308,0.1368,-5.5872,-2.1869,0.0000,1,0.2491,0.0562,15.4121,0.0019,1.000,70.00,342.76
15.5003,IMM-UKF,jink,0.500,4.00,0.050,1,0.600,1,8.2153,6.7459,-1.4694,1.0167,0.2927,0.1317,0.0233,6.0000,5.8320,0.6608,11.9279,0.5406,-106.8645,-21.8220,-107.7056,-22.2648,-107.5715,-22.2262,-104.8307,-22.4735,-93.9445,-19.7679,-0.8411,-0.4428,-0.7070,-0.4041,2.0337,-0.6514,61,0.0900,61,0,0.9888,0.0105,0.0007,-3.6705,-2.5605,0.1236,-5.5606,-2.2538,0.0000,1,0.2491,0.0562,15.4121,0.0019,1.000,70.00,342.76
15.5103,IMM-UKF,jink,0.500,4.00,0.050,1,0.600,1,8.2303,6.7468,-1.4835,1.0344,0.2927,0.1317,0.0254,6.0000,5.8320,0.6625,12.9317,0.5392,-106.8078,-21.7885,-107.7056,-22.2648,-107.5715,-22.2262,-104.5890,-22.4546,-93.6551,-19.8668,-0.8979,-0.4764,-0.7637,-0.4377,2.2188,-0.6662,61,0.1000,61,0,0.9888,0.0105,0.0007,-3.8047,-2.5900,0.1105,-5.5332,-2.3204,0.0000,1,0.2491,0.0562,15.4121,0.0019,1.000,70.00,342.76
15.5203,IMM-UKF,jink,0.500,4.00,0.050,1,0.600,1,8.2440,6.7453,-1.4987,1.0529,0.2927,0.1317,0.0274,6.0000,5.8320,0.6642,13.9749,0.5378,-106.7573,-21.7578,-107.7056,-22.2648,-107.5715,-22.2262,-104.3479,-22.4419,-93.3571,-19.9703,-0.9483,-0.5070,-0.8141,-0.4683,2.4094,-0.6840,61,0.1100,61,0,0.9888,0.0105,0.0007,-3.9375,-2.6194,0.0975,-5.5049,-2.3866,0.0000,1,0.2491,0.0562,15.4121,0.0019,1.000,70.00,342.76
15.5303,IMM-UKF,jink,0.500,4.00,0.050,1,0.600,1,8.2563,6.7415,-1.5148,1.0721,0.2927,0.1317,0.0293,6.0000,5.8320,0.6659,15.0579,0.5366,-106.7132,-21.7301,-107.7056,-22.2648,-107.5715,-22.2262,-104.1072,-22.4351,-93.0502,-20.0785,-0.9924,-0.5347,-0.8583,-0.4960,2.6059,-0.7049,61,0.1200,61,0,0.9888,0.0105,0.0007,-4.0689,-2.6488,0.0845,-5.4759,-2.4525,0.0000,1,0.2491,0.0562,15.4121,0.0019,1.000,70.00,342.76
15.5403,IMM-UKF,jink,0.500,4.00,0.050,1,0.600,1,8.2672,6.7353,-1.5319,1.0922,0.2927,0.1317,0.0312,6.0000,5.8320,0.6675,16.1813,0.5354,-106.6752,-21.7053,-107.7056,-22.2648,-107.5715,-22.2262,-103.8666,-22.4341,-92.7335,-20.1914,-1.0304,-0.5595,-0.8962,-0.5208,2.8087,-0.7288,61,0.1300,61,0,0.9888,0.0105,0.0007,-4.1990,-2.6780,0.0717,-5.4461,-2.5180,0.0000,1,0.2491,0.0562,15.4121,0.0019,1.000,70.00,342.76
15.5503,IMM-UKF,jink,0.500,4.00,0.050,1,0.600,1,8.2768,6.7269,-1.5499,1.1130,0.2927,0.1317,0.0330,6.0000,5.8320,0.6692,17.3457,0.5344,-106.6433,-21.6834,-107.7056,-22.2648,-107.5715,-22.2262,-103.6255,-22.4390,-92.4067,-20.3091,-1.0623,-0.5814,-0.9281,-0.5428,3.0179,-0.7556,61,0.1400,61,0,0.9888,0.0105,0.0007,-4.3276,-2.7073,0.0590,-5.4154,-2.5832,0.0000,1,0.2491,0.0562,15.4121,0.0019,1.000,70.00,342.76
15.5603,IMM-UKF,jink,0.500,4.00,0.050,1,0.600,1,8.2850,6.7162,-1.5688,1.1346,0.2927,0.1317,0.0347,6.0000,5.8320,0.6707,18.5522,0.5334,-106.6175,-21.6643,-107.7056,-22.2648,-107.5715,-22.2262,-103.3836,-22.4497,-92.0690,-20.4318,-1.0882,-0.6005,-0.9540,-0.5618,3.2338,-0.7853,61,0.1500,61,0,0.9888,0.0105,0.0007,-4.4549,-2.7365,0.0464,-5.3841,-2.6480,0.0000,1,0.2491,0.0562,15.4121,0.0019,1.000,70.00,342.76
15.5703,IMM-UKF,jink,0.500,4.00,0.050,1,0.600,1,8.2918,6.7033,-1.5885,1.1570,0.2927,0.1317,0.0364,6.0000,5.8320,0.6717,19.8010,0.5326,-106.5974,-21.6481,-107.7056,-22.2648,-107.5715,-22.2262,-103.1407,-22.4660,-91.7198,-20.5596,-1.1083,-0.6167,-0.9741,-0.5780,3.4567,-0.8178,61,0.1600,61,0,0.9888,0.0105,0.0007,-4.5808,-2.7656,0.0340,-5.3519,-2.7124,0.0000,1,0.2491,0.0562,15.4121,0.0019,1.000,70.00,342.76
15.5803,IMM-UKF,jink,0.500,4.00,0.050,1,0.600,1,8.2973,6.6882,-1.6091,1.1802,0.2927,0.1317,0.0383,6.0000,5.8320,0.6680,21.0897,0.5323,-106.5823,-21.6347,-107.7056,-22.2648,-107.5715,-22.2262,-102.8962,-22.4879,-91.3585,-20.6925,-1.1233,-0.6301,-0.9892,-0.5914,3.6861,-0.8531,61,0.1700,61,0,0.9888,0.0105,0.0007,-4.7054,-2.7948,0.0216,-5.3190,-2.7765,0.0000,1,0.2491,0.0562,15.4121,0.0019,1.000,70.00,342.76
15.5903,IMM-UKF,jink,0.500,4.00,0.050,1,0.600,1,8.3015,6.6711,-1.6304,1.2043,0.2927,0.1317,0.0401,6.0000,5.8320,0.6646,22.4245,0.5320,-106.5730,-21.6241,-107.7056,-22.2648,-107.5715,-22.2262,-102.6498,-22.5154,-90.9842,-20.8307,-1.1326,-0.6407,-0.9985,-0.6020,3.9232,-0.8912,61,0.1800,61,0,0.9888,0.0105,0.0007,-4.8286,-2.8240,0.0094,-5.2853,-2.8401,0.0000,1,0.2491,0.0562,15.4121,0.0019,1.000,70.00,342.76
15.6003,IMM-UKF,jink,0.500,4.00,0.050,1,0.600,1,8.3043,6.6518,-1.6525,1.2291,0.2927,0.1317,0.0419,6.0000,5.8320,0.6614,23.8073,0.5317,-106.5695,-21.6164,-107.7056,-22.2648,-107.5715,-22.2262,-102.4011,-22.5484,-90.5962,-20.9743,-1.1361,-0.6485,-1.0019,-0.6098,4.1684,-0.9320,61,0.1900,61,0,0.9888,0.0105,0.0007,-4.9505,-2.8532,-0.0027,-5.2508,-2.9033,0.0000,1,0.2491,0.0562,15.4121,0.0019,1.000,70.00,342.76
15.6103,IMM-UKF,jink,0.500,4.00,0.050,1,0.600,1,8.3057,6.6305,-1.6752,1.2548,0.2927,0.1317,0.0438,6.0000,5.8320,0.6628,25.2440,0.5310,-106.5727,-21.6114,-107.7056,-22.2648,-107.5715,-22.2262,-102.1497,-22.5870,-90.1937,-21.1234,-1.1330,-0.6534,-0.9988,-0.6148,4.4229,-0.9756,61,0.2000,61,0,0.9888,0.0105,0.0007,-5.0710,-2.8824,-0.0147,-5.2156,-2.9661,0.0000,1,0.2491,0.0562,15.4121,0.0019,1.000,70.00,342.76
15.6203,IMM-UKF,jink,0.500,4.00,0.050,1,0.600,1,8.3058,6.6071,-1.6987,1.2813,0.2927,0.1317,0.0457,6.0000,5.8320,0.6640,26.7320,0.5304,-106.5814,-21.6092,-107.7056,-22.2648,-107.5715,-22.2262,-101.8953,-22.6310,-89.7757,-21.2781,-1.1242,-0.6556,-0.9901,-0.6170,4.6861,-1.0219,61,0.2100,61,0,0.9888,0.0105,0.0007,-5.1903,-2.9117,-0.0266,-5.1796,-3.0285,0.0000,1,0.2491,0.0562,15.4121,0.0019,1.000,70.00,342.76
15.6303,IMM-UKF,jink,0.500,4.00,0.050,1,0.600,1,8.3046,6.5818,-1.7228,1.3087,0.2927,0.1317,0.0475,6.0000,5.8320,0.6654,28.2730,0.5297,-106.5957,-21.6098,-107.7056,-22.2648,-107.5715,-22.2262,-101.6373,-22.6806,-89.3415,-21.4386,-1.1099,-0.6551,-0.9757,-0.6164,4.9585,-1.0709,61,0.2200,61,0,0.9888,0.0105,0.0007,-5.3082,-2.9411,-0.0383,-5.1429,-3.0904,0.0000,1,0.2491,0.0562,15.4121,0.0019,1.000,70.00,342.76
15.6403,IMM-UKF,jink,0.500,4.00,0.050,1,0.600,1,8.3021,6.5546,-1.7475,1.3368,0.2927,0.1317,0.0492,6.0000,5.8320,0.6666,29.8694,0.5292,-106.6156,-21.6131,-107.7056,-22.2648,-107.5715,-22.2262,-101.3754,-22.7358,-88.8899,-21.6049,-1.0900,-0.6517,-0.9558,-0.6131,5.2403,-1.1227,61,0.2300,61,0,0.9888,0.0105,0.0007,-5.4248,-2.9705,-0.0499,-5.1054,-3.1519,0.0000,1,0.2491,0.0562,15.4121,0.0019,1.000,70.00,342.76
15.6503,IMM-UKF,jink,0.500,4.00,0.050,1,0.600,1,8.2982,6.5254,-1.7728,1.3658,0.2927,0.1317,0.0509,6.0000,5.8320,0.6679,31.5234,0.5288,-106.6411,-21.6192,-107.7056,-22.2648,-107.5715,-22.2262,-101.1090,-22.7964,-88.4199,-21.7772,-1.0645,-0.6456,-0.9304,-0.6069,5.5321,-1.1772,61,0.2400,61,0,0.9888,0.0105,0.0007,-5.5401,-3.0000,-0.0614,-5.0673,-3.2129,0.0000,1,0.2491,0.0562,15.4121,0.0019,1.000,70.00,342.76
15.6603,IMM-UKF,jink,0.500,4.00,0.050,1,0.600,1,8.2930,6.4945,-1.7986,1.3955,0.2927,0.1317,0.0526,6.0000,5.8320,0.6691,33.2371,0.5284,-106.6720,-21.6281,-107.7056,-22.2648,-107.5715,-22.2262,-100.8379,-22.8627,-87.9305,-21.9555,-1.0336,-0.6367,-0.8994,-0.5980,5.8342,-1.2345,61,0.2500,61,0,0.9888,0.0105,0.0007,-5.6541,-3.0297,-0.0728,-5.0283,-3.2735,0.0000,1,0.2500,0.0449,15.4121,-0.0014,1.000,70.00,342.76
15.6703,IMM-UKF,jink,0.500,4.00,0.050,1,0.600,1,8.2865,6.4617,-1.8248,1.4260,0.2927,0.1317,0.0541,6.0000,5.8320,0.6704,35.0131,0.5281,-106.7084,-21.6398,-107.7056,-22.2648,-107.5715,-22.2262,-100.5614,-22.9345,-87.4205,-22.1400,-0.9972,-0.6250,-0.8630,-0.5864,6.1470,-1.2947,61,0.2600,61,0,0.9888,0.0105,0.0007,-5.7668,-3.0594,-0.0841,-4.9887,-3.3336,0.0000,1,0.2500,0.0449,15.4121,-0.0014,1.000,70.00,342.76
15.6803,IMM-UKF,jink,0.500,4.00,0.050,1,0.600,1,8.2787,6.4271,-1.8516,1.4574,0.2927,0.1317,0.0557,6.0000,5.8320,0.6715,36.8542,0.5279,-106.7503,-21.6543,-107.7056,-22.2648,-107.5715,-22.2262,-100.2791,-23.0119,-86.8885,-22.3308,-0.9553,-0.6106,-0.8212,-0.5719,6.4712,-1.3577,61,0.2700,61,0,0.9888,0.0105,0.0007,-5.8783,-3.0893,-0.0952,-4.9483,-3.3932,0.0000,1,0.2500,0.0449,15.4121,-0.0014,1.000,70.00,342.76
15.6903,IMM-UKF,jink,0.500,4.00,0.050,1,0.600,1,8.2696,6.3908,-1.8788,1.4894,0.2927,0.1317,0.0571,6.0000,5.8320,0.6727,38.7629,0.5278,-106.7976,-21.6715,-107.7056,-22.2648,-107.5715,-22.2262,-99.9904,-23.0950,-86.3334,-22.5278,-0.9081,-0.5933,-0.7739,-0.5546,6.8071,-1.4235,61,0.2800,61,0,0.9888,0.0105,0.0007,-5.9884,-3.1193,-0.1061,-4.9073,-3.4524,0.0000,1,0.2500,0.0449,15.4121,-0.0014,1.000,70.00,342.76
15.7003,IMM-UKF,jink,0.500,4.00,0.050,1,0.600,1,8.2592,6.3528,-1.9064,1.5223,0.2927,0.1317,0.0585,6.0000,5.8320,0.6739,40.7425,0.5277,-106.8503,-21.6916,-107.7056,-22.2648,-107.5715,-22.2262,-99.6950,-23.1839,-85.7537,-22.7313,-0.8554,-0.5732,-0.7212,-0.5345,7.1553,-1.4923,61,0.2900,61,0,0.9888,0.0105,0.0007,-6.0973,-3.1495,-0.1170,-4.8655,-3.5110,0.0000,1,0.2500,0.0449,15.4121,-0.0014,1.000,70.00,342.76
15.7103,IMM-UKF,jink,0.500,4.00,0.050,1,0.600,1,8.2475,6.6768,-1.5706,1.0006,0.2858,0.1257,0.0668,6.0000,6.4708,1.3888,3.5576,0.5277,-106.9083,-21.7145,-106.6720,-21.6281,-106.8317,-21.8076,-106.2806,-21.8319,-103.0099,-20.7549,0.2363,0.0864,0.0766,-0.0931,0.6278,-0.1174,62,0.0500,62,0,0.9838,0.0153,0.0009,-6.2050,-3.1799,-0.1277,-4.8230,-3.5691,0.0000,1,0.2500,0.0449,15.6589,-0.0014,1.000,70.00,342.76
15.7203,IMM-UKF,jink,0.500,4.00,0.050,1,0.600,1,8.2345,6.6649,-1.5696,1.0162,0.2858,0.1257,0.0681,6.0000,6.4708,1.3882,4.2236,0.5277,-106.9718,-21.7403,-106.6720,-21.6281,-106.8317,-21.8076,-106.2174,-21.8283,-102.9102,-20.8798,0.2998,0.1122,0.1401,-0.0673,0.7544,-0.0880,62,0.0600,62,0,0.9838,0.0153,0.0009,-6.3114,-3.2104,-0.1383,-4.7798,-3.6267,0.0000,1,0.2500,0.0449,15.6589,-0.0014,1.000,70.00,342.76
15.7303,IMM-UKF,jink,0.500,4.00,0.050,1,0.600,1,8.2202,6.6509,-1.5693,1.0325,0.2858,0.1257,0.0693,6.0000,6.4708,1.3876,4.9399,0.5279,-107.0407,-21.7689,-106.6720,-21.6281,-106.8317,-21.8076,-106.1538,-21.8299,-102.8044,-21.0111,0.3687,0.1408,0.2090,-0.0387,0.8869,-0.0610,62,0.0700,62,0,0.9838,0.0153,0.0009,-6.4165,-3.2412,-0.1488,-4.7360,-3.6838,0.0000,1,0.2500,0.0449,15.6589,-0.0014,1.000,70.00,342.76
15.7403,IMM-UKF,jink,0.500,4.00,0.050,1,0.600,1,8.2047,6.6349,-1.5698,1.0494,0.2858,0.1257,0.0705,6.0000,6.4708,1.3870,5.7002,0.5281,-107.1149,-21.8004,-106.6720,-21.6281,-106.8317,-21.8076,-106.0894,-21.8366,-102.6920,-21.1491,0.4429,0.1723,0.2832,-0.0072,1.0256,-0.0362,62,0.0800,62,0,0.9838,0.0153,0.0009,-6.5204,-3.2721,-0.1591,-4.6914,-3.7404,0.0000,1,0.2500,0.0449,15.6589,-0.0014,1.000,70.00,342.76
15.7503,IMM-UKF,jink,0.500,4.00,0.050,1,0.600,1,8.1879,6.6169,-1.5709,1.0670,0.2858,0.1257,0.0716,6.0000,6.4708,1.3865,6.5015,0.5284,-107.1946,-21.8348,-106.6720,-21.6281,-106.8317,-21.8076,-106.0240,-21.8484,-102.5726,-21.2939,0.5226,0.2067,0.3629,0.0272,1.1706,-0.0136,62,0.0900,62,0,0.9838,0.0153,0.0009,-6.6231,-3.3033,-0.1692,-4.6462,-3.7964,0.0000,1,0.2500,0.0449,15.6589,-0.0014,1.000,70.00,342.76
15.7603,IMM-UKF,jink,0.500,4.00,0.050,1,0.600,1,8.1698,6.5970,-1.5728,1.0853,0.2858,0.1257,0.0727,6.0000,6.4708,1.3861,7.3425,0.5287,-107.2797,-21.8722,-106.6720,-21.6281,-106.8317,-21.8076,-105.9574,-21.8653,-102.4456,-21.4459,0.6077,0.2441,0.4480,0.0646,1.3223,0.0069,62,0.1000,62,0,0.9838,0.0153,0.0009,-6.7245,-3.3347,-0.1793,-4.6003,-3.8519,0.0000,1,0.2500,0.0449,15.6589,-0.0014,1.000,70.00,342.76
15.7703,IMM-UKF,jink,0.500,4.00,0.050,1,0.600,1,8.1505,6.5751,-1.5753,1.1043,0.2858,0.1257,0.0738,6.0000,6.4708,1.3857,8.2231,0.5292,-107.3703,-21.9125,-106.6720,-21.6281,-106.8317,-21.8076,-105.8893,-21.8873,-102.3102,-21.6053,0.6982,0.2844,0.5386,0.1049,1.4810,0.0252,62,0.1100,62,0,0.9838,0.0153,0.0009,-6.8247,-3.3663,-0.1892,-4.5537,-3.9068,0.0000,1,0.2500,0.0449,15.6589,-0.0014,1.000,70.00,342.76
15.7803,IMM-UKF,jink,0.500,4.00,0.050,1,0.600,1,8.1299,6.5514,-1.5785,1.1241,0.2858,0.1257,0.0748,6.0000,6.4708,1.3853,9.1437,0.5297,-107.4662,-21.9559,-106.6720,-21.6281,-106.8317,-21.8076,-105.8195,-21.9143,-102.1660,-21.7724,0.7942,0.3278,0.6346,0.1483,1.6468,0.0416,62,0.1200,62,0,0.9838,0.0153,0.0009,-6.9237,-3.3982,-0.1989,-4.5065,-3.9612,0.0000,1,0.2500,0.0449,15.6589,-0.0014,1.000,70.00,342.76
15.7903,IMM-UKF,jink,0.500,4.00,0.050,1,0.600,1,8.1081,6.5258,-1.5823,1.1446,0.2858,0.1257,0.0757,6.0000,6.4708,1.3850,10.1052,0.5302,-107.5677,-22.0023,-106.6720,-21.6281,-106.8317,-21.8076,-105.7477,-21.9464,-102.0121,-21.9475,0.8956,0.3741,0.7360,0.1947,1.8200,0.0558,62,0.1300,62,0,0.9838,0.0153,0.0009,-7.0215,-3.4304,-0.2086,-4.4587,-4.0150,0.0000,1,0.2500,0.0449,15.6589,-0.0014,1.000,70.00,342.76
15.8003,IMM-UKF,jink,0.500,4.00,0.050,1,0.600,1,8.0851,6.4984,-1.5867,1.1659,0.2858,0.1257,0.0766,6.0000,6.4708,1.3848,11.1089,0.5309,-107.6746,-22.0517,-106.6720,-21.6281,-106.8317,-21.8076,-105.6736,-21.9836,-101.8478,-22.1311,1.0026,0.4236,0.8429,0.2441,2.0010,0.0681,62,0.1400,62,0,0.9838,0.0153,0.0009,-7.1180,-3.4628,-0.2180,-4.4102,-4.0682,0.0000,1,0.2500,0.0449,15.6589,-0.0014,1.000,70.00,342.76
15.8103,IMM-UKF,jink,0.500,4.00,0.050,1,0.600,1,8.0608,6.4693,-1.5916,1.1880,0.2858,0.1257,0.0775,6.0000,6.4708,1.3846,12.1566,0.5316,-107.7871,-22.1043,-106.6720,-21.6281,-106.8317,-21.8076,-105.5969,-22.0260,-101.6723,-22.3233,1.1151,0.4762,0.9554,0.2967,2.1902,0.0783,62,0.1500,62,0,0.9838,0.0153,0.0009,-7.2134,-3.4956,-0.2273,-4.3610,-4.1208,0.0000,1,0.2500,0.0449,15.6589,-0.0014,1.000,70.00,342.76
15.8203,IMM-UKF,jink,0.500,4.00,0.050,1,0.600,1,8.0354,6.4383,-1.5971,1.2109,0.2858,0.1257,0.0783,6.0000,6.4708,1.3844,13.2496,0.5323,-107.9051,-22.1600,-106.6720,-21.6281,-106.8317,-21.8076,-105.5174,-22.0735,-101.4846,-22.5247,1.2331,0.5319,1.0734,0.3524,2.3877,0.0865,62,0.1600,62,0,0.9838,0.0153,0.0009,-7.3075,-3.5286,-0.2365,-4.3113,-4.1729,0.0000,1,0.2500,0.0449,15.6589,-0.0014,1.000,70.00,342.76
15.8303,IMM-UKF,jink,0.500,4.00,0.050,1,0.600,1,8.0087,6.4057,-1.6030,1.2346,0.2858,0.1257,0.0790,6.0000,6.4708,1.3843,14.3898,0.5331,-108.0288,-22.2190,-106.6720,-21.6281,-106.8317,-21.8076,-105.4347,-22.1262,-101.2839,-22.7356,1.3567,0.5908,1.1971,0.4114,2.5941,0.0928,62,0.1700,62,0,0.9838,0.0153,0.0009,-7.4004,-3.5620,-0.2455,-4.2609,-4.2243,0.0000,1,0.2500,0.0449,15.6589,-0.0014,1.000,70.00,342.76
15.8403,IMM-UKF,jink,0.500,4.00,0.050,1,0.600,1,7.9808,6.3713,-1.6095,1.2591,0.2858,0.1257,0.0798,6.0000,6.4708,1.3843,15.5792,0.5340,-108.1581,-22.2812,-106.6720,-21.6281,-106.8317,-21.8076,-105.3485,-22.1841,-101.0690,-22.9565,1.4860,0.6531,1.3264,0.4736,2.8096,0.0971,62,0.1800,62,0,0.9838,0.0153,0.0009,-7.4921,-3.5957,-0.2544,-4.2099,-4.2751,0.0000,1,0.2500,0.0449,15.6589,-0.0014,1.000,70.00,342.76
15.8503,IMM-UKF,jink,0.500,4.00,0.050,1,0.600,1,7.9518,6.3354,-1.6164,1.2845,0.2858,0.1257,0.0804,6.0000,6.4708,1.3842,16.8202,0.5350,-108.2930,-22.3467,-106.6720,-21.6281,-106.8317,-21.8076,-105.2584,-22.2474,-100.8389,-23.1879,1.6210,0.7186,1.4614,0.5391,3.0346,0.0993,62,0.1900,62,0,0.9838,0.0153,0.0009,-7.5827,-3.6298,-0.2631,-4.1583,-4.3253,0.0000,1,0.2500,0.0449,15.6589,-0.0014,1.000,70.00,342.76
15.8603,IMM-UKF,jink,0.500,4.00,0.050,1,0.600,1,7.9215,6.2978,-1.6238,1.3106,0.2858,0.1257,0.0811,6.0000,6.4708,1.3843,18.1145,0.5361,-108.4338,-22.4156,-106.6720,-21.6281,-106.8317,-21.8076,-105.1642,-22.3161,-100.5922,-23.4302,1.7617,0.7875,1.6021,0.6080,3.2696,0.0995,62,0.2000,62,0,0.9838,0.0153,0.0009,-7.6720,-3.6642,-0.2716,-4.1061,-4.3749,0.0000,1,0.2500,0.0449,15.6589,-0.0014,1.000,70.00,342.76
15.8703,IMM-UKF,jink,0.500,4.00,0.050,1,0.600,1,7.8901,6.2586,-1.6315,1.3376,0.2858,0.1257,0.0817,6.0000,6.4708,1.3844,19.4650,0.5371,-108.5803,-22.4879,-106.6720,-21.6281,-106.8317,-21.8076,-105.0652,-22.3902,-100.3277,-23.6839,1.9083,0.8598,1.7486,0.6803,3.5150,0.0977,62,0.2100,62,0,0.9838,0.0153,0.0009,-7.7601,-3.6990,-0.2799,-4.0533,-4.4239,0.0000,1,0.2500,0.0449,15.6589,-0.0014,1.000,70.00,342.76
15.8803,IMM-UKF,jink,0.500,4.00,0.050,1,0.600,1,7.8575,6.2179,-1.6397,1.3654,0.2858,0.1257,0.0823,6.0000,6.4708,1.3845,20.8741,0.5383,-108.7327,-22.5637,-106.6720,-21.6281,-106.8317,-21.8076,-104.9613,-22.4700,-100.0439,-23.9497,2.0607,0.9356,1.9010,0.7561,3.7714,0.0937,62,0.2200,62,0,0.9838,0.0153,0.0009,-7.8470,-3.7342,-0.2881,-3.9999,-4.4722,0.0000,1,0.2500,0.0449,15.6589,-0.0014,1.000,70.00,342.76
15.8903,IMM-UKF,jink,0.500,4.00,0.050,1,0.600,1,7.8238,6.1756,-1.6482,1.3940,0.2858,0.1257,0.0828,6.0000,6.4708,1.3847,22.3445,0.5396,-108.8911,-22.6431,-106.6720,-21.6281,-106.8317,-21.8076,-104.8520,-22.5555,-99.7392,-24.2281,2.2190,1.0150,2.0594,0.8355,4.0391,0.0876,62,0.2300,62,0,0.9838,0.0153,0.0009,-7.9328,-3.7698,-0.2961,-3.9460,-4.5199,0.0000,1,0.2500,0.0449,15.6589,-0.0014,1.000,70.00,342.76
15.9003,IMM-UKF,jink,0.500,4.00,0.050,1,0.600,1,7.7889,6.1319,-1.6570,1.4234,0.2858,0.1257,0.0833,6.0000,6.4708,1.3849,23.8791,0.5408,-109.0554,-22.7261,-106.6720,-21.6281,-106.8317,-21.8076,-104.7367,-22.6468,-99.4118,-24.5198,2.3834,1.0980,2.2237,0.9185,4.3187,0.0794,62,0.2400,62,0,0.9838,0.0153,0.0009,-8.0173,-3.8057,-0.3039,-3.8915,-4.5669,0.0000,1,0.2500,0.0449,15.6589,-0.0014,1.000,70.00,342.76
15.9103,IMM-UKF,jink,0.500,4.00,0.050,1,0.600,1,7.7529,6.0868,-1.6662,1.4537,0.2858,0.1257,0.0837,6.0000,6.4708,1.3852,25.4807,0.5422,-109.2258,-22.8129,-106.6720,-21.6281,-106.8317,-21.8076,-104.6151,-22.7440,-99.0600,-24.8254,2.5538,1.1848,2.3942,1.0053,4.6108,0.0689,62,0.2500,62,0,0.9838,0.0153,0.0009,-8.1007,-3.8421,-0.3115,-3.8364,-4.6133,0.0000,1,0.2246,0.0496,15.6589,-0.0001,1.000,70.00,342.76
15.9203,IMM-UKF,jink,0.500,4.00,0.050,1,0.600,1,7.7158,6.0402,-1.6756,1.4847,0.2858,0.1257,0.0841,6.0000,6.4708,1.3855,27.1529,0.5436,-109.4025,-22.9034,-106.6720,-21.6281,-106.8317,-21.8076,-104.4865,-22.8474,-98.6815,-25.1456,2.7304,1.2753,2.5708,1.0958,4.9159,0.0560,62,0.2600,62,0,0.9838,0.0153,0.0009,-8.1829,-3.8790,-0.3189,-3.7807,-4.6590,0.0000,1,0.2246,0.0496,15.6589,-0.0001,1.000,70.00,342.76
15.9303,IMM-UKF,jink,0.500,4.00,0.050,1,0.600,1,7.6776,5.9923,-1.6853,1.5165,0.2858,0.1257,0.0845,6.0000,6.4708,1.3859,28.8989,0.5451,-109.5854,-22.9978,-106.6720,-21.6281,-106.8317,-21.8076,-104.3505,-22.9571,-98.2743,-25.4813,2.9133,1.3697,2.7537,1.1902,5.2348,0.0408,62,0.2700,62,0,0.9838,0.0153,0.0009,-8.2638,-3.9163,-0.3261,-3.7246,-4.7040,0.0000,1,0.2246,0.0496,15.6589,-0.0001,1.000,70.00,342.76
15.9403,IMM-UKF,jink,0.500,4.00,0.050,1,0.600,1,7.6383,5.9431,-1.6952,1.5491,0.2858,0.1257,0.0849,6.0000,6.4708,1.3866,30.7220,0.5467,-109.7745,-23.0962,-106.6720,-21.6281,-106.8317,-21.8076,-104.2066,-23.0732,-97.8357,-25.8332,3.1025,1.4681,2.9428,1.2886,5.5680,0.0230,62,0.2800,62,0,0.9838,0.0153,0.0009,-8.3436,-3.9540,-0.3330,-3.6678,-4.7484,0.0000,1,0.2246,0.0496,15.6589,-0.0001,1.000,70.00,342.76
15.9503,IMM-UKF,jink,0.500,4.00,0.050,1,0.600,1,7.5978,5.8926,-1.7053,1.5825,0.2858,0.1257,0.0854,6.0000,6.4708,1.3897,32.6228,0.5485,-109.9695,-23.1987,-106.6720,-21.6281,-106.8317,-21.8076,-104.0539,-23.1960,-97.3630,-26.2021,3.2974,1.5706,3.1378,1.3911,5.9155,0.0027,62,0.2900,62,0,0.9838,0.0153,0.0009,-8.4222,-3.9922,-0.3397,-3.6106,-4.7920,0.0000,1,0.2246,0.0496,15.6589,-0.0001,1.000,70.00,342.76
15.9603,IMM-UKF,jink,0.500,4.00,0.050,1,0.600,1,7.5563,5.8707,-1.6857,0.9762,0.2821,0.1208,0.0896,6.0000,6.9128,0.9967,11.6677,0.5503,-110.1710,-23.3053,-109.2258,-22.8129,-109.0508,-22.7687,-108.1492,-22.7236,-111.7388,-25.3106,0.9451,0.4924,1.1202,0.5366,2.0218,0.5817,63,0.0500,63,0,0.9890,0.0106,0.0004,-8.4996,-4.0310,-0.3461,-3.5528,-4.8350,0.0000,1,0.2246,0.0496,15.9102,-0.0001,1.000,70.00,342.76
15.9703,IMM-UKF,jink,0.500,4.00,0.050,1,0.600,1,7.5138,5.8390,-1.6748,0.9917,0.2821,0.1208,0.0900,6.0000,6.9128,0.9936,12.6108,0.5521,-110.3792,-23.4162,-109.2258,-22.8129,-109.0508,-22.7687,-108.1953,-22.7804,-111.7698,-25.5996,1.1534,0.6033,1.3284,0.6475,2.1839,0.6358,63,0.0600,63,0,0.9890,0.0106,0.0004,-8.5758,-4.0702,-0.3522,-3.4946,-4.8773,0.0000,1,0.2246,0.0496,15.9102,-0.0001,1.000,70.00,342.76
15.9803,IMM-UKF,jink,0.500,4.00,0.050,1,0.600,1,7.4702,5.8057,-1.6644,1.0079,0.2821,0.1208,0.0904,6.0000,6.9128,0.9905,13.6014,0.5540,-110.5943,-23.5316,-109.2258,-22.8129,-109.0508,-22.7687,-108.2383,-22.8431,-111.7920,-25.9054,1.3684,0.7187,1.5435,0.7628,2.3559,0.6885,63,0.0700,63,0,0.9890,0.0106,0.0004,-8.6508,-4.1099,-0.3580,-3.4358,-4.9189,0.0000,1,0.2246,0.0496,15.9102,-0.0001,1.000,70.00,342.76
15.9903,IMM-UKF,jink,0.500,4.00,0.050,1,0.600,1,7.4255,5.7710,-1.6545,1.0246,0.2821,0.1208,0.0908,6.0000,6.9128,0.9875,14.6414,0.5559,-110.8163,-23.6514,-109.2258,-22.8129,-109.0508,-22.7687,-108.2781,-22.9119,-111.8043,-26.2291,1.5904,0.8385,1.7655,0.8827,2.5382,0.7395,63,0.0800,63,0,0.9890,0.0106,0.0004,-8.7246,-4.1502,-0.3634,-3.3765,-4.9598,0.0000,1,0.2246,0.0496,15.9102,-0.0001,1.000,70.00,342.76
16.0003,IMM-UKF,jink,0.500,4.00,0.050,1,0.600,1,7.3799,5.7349,-1.6450,1.0421,0.2821,0.1208,0.0913,6.0000,6.9128,0.9869,15.7354,0.5576,-111.0459,-23.7759,-109.2258,-22.8129,-109.0508,-22.7687,-108.3142,-22.9869,-111.8056,-26.5724,1.8200,0.9630,1.9951,1.0072,2.7316,0.7890,63,0.0900,63,0,0.9890,0.0106,0.0004,-8.7972,-4.1910,-0.3684,-3.3168,-4.9999,0.0000,1,0.2246,0.0496,15.9102,-0.0001,1.000,70.00,342.76
16.0103,IMM-UKF,jink,0.500,4.00,0.050,1,0.600,1,7.3332,5.6973,-1.6359,1.0602,0.2821,0.1208,0.0918,6.0000,6.9128,0.9876,16.8845,0.5594,-111.2829,-23.9052,-109.2258,-22.8129,-109.0508,-22.7687,-108.3464,-23.0685,-111.7946,-26.9367,2.0570,1.0923,2.2321,1.1365,2.9365,0.8367,63,0.1000,63,0,0.9890,0.0106,0.0004,-8.8686,-4.2324,-0.3730,-3.2565,-5.0394,0.0000,1,0.2246,0.0496,15.9102,-0.0001,1.000,70.00,342.76
16.0203,IMM-UKF,jink,0.500,4.00,0.050,1,0.600,1,7.2855,5.6583,-1.6272,1.0791,0.2821,0.1208,0.0922,6.0000,6.9128,0.9883,18.0902,0.5612,-111.5273,-24.0394,-109.2258,-22.8129,-109.0508,-22.7687,-108.3742,-23.1568,-111.7699,-27.3241,2.3015,1.2265,2.4765,1.2707,3.1531,0.8826,63,0.1100,63,0,0.9890,0.0106,0.0004,-8.9387,-4.2743,-0.3770,-3.1958,-5.0781,0.0000,1,0.2246,0.0496,15.9102,-0.0001,1.000,70.00,342.76
16.0303,IMM-UKF,jink,0.500,4.00,0.050,1,0.600,1,7.2368,5.6180,-1.6189,1.0986,0.2821,0.1208,0.0927,6.0000,6.9128,0.9889,19.3552,0.5631,-111.7793,-24.1788,-109.2258,-22.8129,-109.0508,-22.7687,-108.3973,-23.2523,-111.7300,-27.7368,2.5535,1.3659,2.7285,1.4100,3.3820,0.9264,63,0.1200,63,0,0.9890,0.0106,0.0004,-9.0077,-4.3169,-0.3804,-3.1346,-5.1161,0.0000,1,0.2246,0.0496,15.9102,-0.0001,1.000,70.00,342.76
16.0403,IMM-UKF,jink,0.500,4.00,0.050,1,0.600,1,7.1872,5.5763,-1.6109,1.1190,0.2821,0.1208,0.0930,6.0000,6.9128,0.9896,20.6822,0.5650,-112.0390,-24.3234,-109.2258,-22.8129,-109.0508,-22.7687,-108.4152,-23.3554,-111.6731,-28.1778,2.8132,1.5105,2.9882,1.5547,3.6239,0.9679,63,0.1300,63,0,0.9890,0.0106,0.0004,-9.0754,-4.3601,-0.3830,-3.0730,-5.1533,0.0000,1,0.2246,0.0496,15.9102,-0.0001,1.000,70.00,342.76
16.0503,IMM-UKF,jink,0.500,4.00,0.050,1,0.600,1,7.1367,5.5335,-1.6032,1.1401,0.2821,0.1208,0.0934,6.0000,6.9128,0.9902,22.0743,0.5669,-112.3067,-24.4735,-109.2258,-22.8129,-109.0508,-22.7687,-108.4274,-23.4668,-111.5971,-28.6505,3.0809,1.6606,3.2559,1.7048,3.8793,1.0067,63,0.1400,63,0,0.9890,0.0106,0.0004,-9.1420,-4.4039,-0.3846,-3.0110,-5.1898,0.0000,1,0.2246,0.0496,15.9102,-0.0001,1.000,70.00,342.76
16.0603,IMM-UKF,jink,0.500,4.00,0.050,1,0.600,1,7.0852,5.4894,-1.5958,1.1620,0.2821,0.1208,0.0938,6.0000,6.9128,0.9909,23.5340,0.5689,-112.5824,-24.6294,-109.2258,-22.8129,-109.0508,-22.7687,-108.4334,-23.5873,-111.5000,-29.1600,3.3566,1.8165,3.5316,1.8606,4.1490,1.0421,63,0.1500,63,0,0.9890,0.0106,0.0004,-9.2072,-4.4483,-0.3849,-2.9485,-5.2256,0.0000,1,0.2246,0.0496,15.9102,-0.0001,1.000,70.00,342.76
16.0703,IMM-UKF,jink,0.500,4.00,0.050,1,0.600,1,7.0328,5.4442,-1.5886,1.1847,0.2821,0.1208,0.0941,6.0000,6.9128,0.9915,25.0641,0.5709,-112.8665,-24.7913,-109.2258,-22.8129,-109.0508,-22.7687,-108.4327,-23.7182,-111.3792,-29.7134,3.6407,1.9784,3.8157,2.0225,4.4338,1.0731,63,0.1600,63,0,0.9890,0.0106,0.0004,-9.2713,-4.4934,-0.3834,-2.8856,-5.2606,0.0000,1,0.2246,0.0496,15.9102,-0.0001,1.000,70.00,342.76
16.0803,IMM-UKF,jink,0.500,4.00,0.050,1,0.600,1,6.9795,5.3980,-1.5815,1.2082,0.2821,0.1208,0.0944,6.0000,6.9128,0.9921,26.6661,0.5730,-113.1592,-24.9595,-109.2258,-22.8129,-109.0508,-22.7687,-108.4248,-23.8618,-111.2319,-30.3218,3.9334,2.1466,4.1084,2.1908,4.7344,1.0977,63,0.1700,63,0,0.9890,0.0106,0.0004,-9.3341,-4.5391,-0.3792,-2.8222,-5.2948,0.0000,1,0.2246,0.0496,15.9102,-0.0001,1.000,70.00,342.76
16.0903,IMM-UKF,jink,0.500,4.00,0.050,1,0.600,1,6.9255,5.3511,-1.5744,1.2325,0.2821,0.1208,0.0946,6.0000,6.9128,0.9928,28.3389,0.5750,-113.4606,-25.1346,-109.2258,-22.8129,-109.0508,-22.7687,-108.4090,-24.0224,-111.0552,-31.0070,4.2348,2.3217,4.4098,2.3659,5.0516,1.1122,63,0.1800,63,0,0.9890,0.0106,0.0004,-9.3955,-4.5855,-0.3703,-2.7585,-5.3283,0.0000,1,0.2246,0.0496,15.9102,-0.0001,1.000,70.00,342.76
16.1003,IMM-UKF,jink,0.500,4.00,0.050,1,0.600,1,6.8706,5.3040,-1.5666,1.2576,0.2821,0.1208,0.0949,6.0000,6.9128,0.9935,30.0727,0.5771,-113.7711,-25.3176,-109.2258,-22.8129,-109.0508,-22.7687,-108.3849,-24.2113,-110.8466,-31.8222,4.5453,2.5047,4.7203,2.5488,5.3862,1.1062,63,0.1900,63,0,0.9890,0.0106,0.0004,-9.4551,-4.6323,-0.3516,-2.6943,-5.3610,0.0000,1,0.2246,0.0496,15.9102,-0.0001,1.000,70.00,342.76
16.1103,IMM-UKF,jink,0.500,4.00,0.050,1,0.600,1,6.8152,5.2602,-1.5550,1.2835,0.2821,0.1208,0.0951,6.0000,6.9128,0.9941,31.7932,0.5792,-114.0910,-25.5110,-109.2258,-22.8129,-109.0508,-22.7687,-108.3554,-24.4793,-110.6192,-32.9976,4.8652,2.6981,5.0402,2.7423,5.7355,1.0317,63,0.2000,63,0,0.9890,0.0106,0.0004,-9.5075,-4.6761,-0.2963,-2.6298,-5.3930,0.0000,1,0.2246,0.0496,15.9102,-0.0001,1.000,70.00,342.76
16.1203,IMM-UKF,jink,0.500,4.00,0.050,1,0.600,1,6.7622,5.2749,-1.4872,1.3101,0.2821,0.1208,0.0953,6.0000,6.9128,0.9948,32.8994,0.5810,-114.4243,-25.7082,-109.2258,-22.8129,-109.0508,-22.7687,-108.4933,-24.5940,-111.1660,-32.8391,5.1984,2.8953,5.3735,2.9395,5.9310,1.1142,63,0.2100,63,0,0.9890,0.0106,0.0004,-9.3094,-4.5640,-0.1929,-2.5649,-5.4241,0.0000,1,0.2246,0.0496,15.9102,-0.0001,1.000,70.00,342.76
16.1303,IMM-UKF,jink,0.500,4.00,0.050,1,0.600,1,6.7113,5.2922,-1.4191,1.3375,0.2821,0.1208,0.0955,6.0000,6.9128,0.9956,34.1834,0.5828,-114.7713,-25.9031,-109.2258,-22.8129,-109.0508,-22.7687,-108.6570,-24.5444,-111.7493,-31.9398,5.5455,3.0902,5.7205,3.1343,6.1143,1.3587,63,0.2200,63,0,0.9890,0.0106,0.0004,-9.0954,-4.4400,-0.1564,-2.4996,-5.4545,0.0000,1,0.2246,0.0496,15.9102,-0.0001,1.000,70.00,342.76
16.1403,IMM-UKF,jink,0.500,4.00,0.050,1,0.600,1,6.6627,5.3133,-1.3494,1.3659,0.2821,0.1208,0.0956,6.0000,6.9128,0.9964,35.5768,0.5844,-115.1322,-26.0943,-109.2258,-22.8129,-109.0508,-22.7687,-108.8355,-24.4512,-112.3145,-30.9482,5.9064,3.2814,6.0814,3.3256,6.2968,1.6431,63,0.2300,63,0,0.9890,0.0106,0.0004,-8.8808,-4.3140,-0.1323,-2.4340,-5.4841,0.0000,1,0.2571,0.0469,15.9102,-0.0007,1.000,70.00,342.76
16.1503,IMM-UKF,jink,0.500,4.00,0.050,1,0.600,1,6.6162,5.3387,-1.2776,1.3950,0.2821,0.1208,0.0958,6.0000,6.9128,0.9971,37.0749,0.5860,-115.5071,-26.2812,-109.2258,-22.8129,-109.0508,-22.7687,-109.0280,-24.3292,-112.8599,-29.9412,6.2813,3.4683,6.4563,3.5124,6.4792,1.9520,63,0.2400,63,0,0.9890,0.0106,0.0004,-8.6666,-4.1866,-0.1134,-2.3680,-5.5129,0.0000,1,0.2571,0.0469,15.9102,-0.0007,1.000,70.00,342.76
16.1603,IMM-UKF,jink,0.500,4.00,0.050,1,0.600,1,6.5719,5.3684,-1.2036,1.4249,0.2821,0.1208,0.0959,6.0000,6.9128,0.9979,38.6772,0.5874,-115.8960,-26.4631,-109.2258,-22.8129,-109.0508,-22.7687,-109.2341,-24.1833,-113.3863,-28.9433,6.6701,3.6502,6.8452,3.6943,6.6619,2.2798,63,0.2500,63,0,0.9890,0.0106,0.0004,-8.4528,-4.0580,-0.0975,-2.3017,-5.5410,0.0000,1,0.2571,0.0469,15.9102,-0.0007,1.000,70.00,342.76
16.1703,IMM-UKF,jink,0.500,4.00,0.050,1,0.600,1,6.5298,5.4025,-1.1273,1.4555,0.2821,0.1208,0.0960,6.0000,6.9128,0.9987,40.3843,0.5888,-116.2989,-26.6396,-109.2258,-22.8129,-109.0508,-22.7687,-109.4534,-24.0160,-113.8948,-27.9655,7.0730,3.8267,7.2480,3.8708,6.8455,2.6235,63,0.2600,63,0,0.9890,0.0106,0.0004,-8.2397,-3.9280,-0.0835,-2.2351,-5.5682,0.0000,1,0.2571,0.0469,15.9102,-0.0007,1.000,70.00,342.76
16.1803,IMM-UKF,jink,0.500,4.00,0.050,1,0.600,1,6.4899,5.4411,-1.0487,1.4870,0.2821,0.1208,0.0961,6.0000,6.9128,0.9994,42.1945,0.5900,-116.7157,-26.8101,-109.2258,-22.8129,-109.0508,-22.7687,-109.6857,-23.8291,-114.3867,-27.0132,7.4898,3.9972,7.6648,4.0414,7.0300,2.9810,63,0.2700,63,0,0.9890,0.0106,0.0004,-8.0273,-3.7967,-0.0709,-2.1681,-5.5946,0.0000,1,0.2571,0.0469,15.9102,-0.0007,1.000,70.00,342.76
16.1903,IMM-UKF,jink,0.500,4.00,0.050,1,0.600,1,6.4521,5.4450,-1.0071,0.8925,0.2842,0.1202,0.0942,6.0000,7.5825,0.5199,12.1829,0.5912,-117.1464,-26.9744,-115.1322,-26.0943,-115.1878,-26.1650,-115.1527,-25.9948,-131.2404,-29.6280,2.0141,0.8801,1.9586,0.8095,1.9937,0.9796,64,0.0500,64,0,0.9861,0.0131,0.0008,-7.8157,-3.6641,-0.0593,-2.1008,-5.6202,0.0000,1,0.2571,0.0469,16.1395,-0.0007,1.000,70.00,342.76
16.2003,IMM-UKF,jink,0.500,4.00,0.050,1,0.600,1,6.4165,5.4466,-0.9699,0.9065,0.2842,0.1202,0.0942,6.0000,7.5825,0.5203,13.2397,0.5923,-117.5909,-27.1319,-115.1322,-26.0943,-115.1878,-26.1650,-115.4569,-26.0136,-131.3132,-28.9762,2.4586,1.0376,2.4031,0.9670,2.1340,1.1184,64,0.0600,64,0,0.9861,0.0131,0.0008,-7.6049,-3.5301,-0.0485,-2.0332,-5.6450,0.0000,1,0.2571,0.0469,16.1395,-0.0007,1.000,70.00,342.76
16.2103,IMM-UKF,jink,0.500,4.00,0.050,1,0.600,1,6.3831,5.4529,-0.9302,0.9212,0.2842,0.1202,0.0943,6.0000,7.5825,0.5205,14.3783,0.5932,-118.0490,-27.2823,-115.1322,-26.0943,-115.1878,-26.1650,-115.7691,-26.0105,-131.3834,-28.3259,2.9168,1.1881,2.8612,1.1174,2.2799,1.2719,64,0.0700,64,0,0.9861,0.0131,0.0008,-7.3950,-3.3948,-0.0384,-1.9653,-5.6690,0.0000,1,0.2571,0.0469,16.1395,-0.0007,1.000,70.00,342.76
16.2203,IMM-UKF,jink,0.500,4.00,0.050,1,0.600,1,6.3519,5.4638,-0.8880,0.9366,0.2842,0.1202,0.0943,6.0000,7.5825,0.5208,15.6012,0.5941,-118.5207,-27.4252,-115.1322,-26.0943,-115.1878,-26.1650,-116.0890,-25.9854,-131.4520,-27.6790,3.3885,1.3309,3.3329,1.2603,2.4317,1.4398,64,0.0800,64,0,0.9861,0.0131,0.0008,-7.1859,-3.2581,-0.0289,-1.8971,-5.6922,0.0000,1,0.2571,0.0469,16.1395,-0.0007,1.000,70.00,342.76
16.2303,IMM-UKF,jink,0.500,4.00,0.050,1,0.600,1,6.3228,5.4794,-0.8434,0.9526,0.2842,0.1202,0.0944,6.0000,7.5825,0.5209,16.9099,0.5949,-119.0056,-27.5602,-115.1322,-26.0943,-115.1878,-26.1650,-116.4161,-25.9385,-131.5196,-27.0372,3.8734,1.4659,3.8178,1.3953,2.5895,1.6218,64,0.0900,64,0,0.9861,0.0131,0.0008,-6.9777,-3.1199,-0.0199,-1.8287,-5.7145,0.0000,1,0.2571,0.0469,16.1395,-0.0007,1.000,70.00,342.76
16.2403,IMM-UKF,jink,0.500,4.00,0.050,1,0.600,1,6.2960,5.4996,-0.7964,0.9694,0.2842,0.1202,0.0944,6.0000,7.5825,0.5211,18.3050,0.5956,-119.5036,-27.6870,-115.1322,-26.0943,-115.1878,-26.1650,-116.7499,-25.8699,-131.5872,-26.4022,4.3714,1.5927,4.3158,1.5220,2.7537,1.8171,64,0.1000,64,0,0.9861,0.0131,0.0008,-6.7705,-2.9803,-0.0113,-1.7600,-5.7361,0.0000,1,0.2571,0.0469,16.1395,-0.0007,1.000,70.00,342.76
16.2503,IMM-UKF,jink,0.500,4.00,0.050,1,0.600,1,6.2714,5.5245,-0.7469,0.9870,0.2842,0.1202,0.0945,6.0000,7.5825,0.5212,19.7856,0.5963,-120.0144,-27.8051,-115.1322,-26.0943,-115.1878,-26.1650,-117.0901,-25.7800,-131.6554,-25.7752,4.8821,1.7108,4.8266,1.6402,2.9243,2.0251,64,0.1100,64,0,0.9861,0.0131,0.0008,-6.5643,-2.8392,-0.0030,-1.6910,-5.7568,0.0000,1,0.2571,0.0469,16.1395,-0.0007,1.000,70.00,342.76
16.2603,IMM-UKF,jink,0.500,4.00,0.050,1,0.600,1,6.2490,5.5540,-0.6950,1.0053,0.2842,0.1202,0.0945,6.0000,7.5825,0.5212,21.3500,0.5969,-120.5376,-27.9144,-115.1322,-26.0943,-115.1878,-26.1650,-117.4361,-25.6695,-131.7252,-25.1585,5.4054,1.8201,5.3498,1.7494,3.1016,2.2449,64,0.1200,64,0,0.9861,0.0131,0.0008,-6.3595,-2.6969,0.0048,-1.6218,-5.7766,0.0000,1,0.2571,0.0469,16.1395,-0.0007,1.000,70.00,342.76
16.2703,IMM-UKF,jink,0.500,4.00,0.050,1,0.600,1,6.2288,5.5879,-0.6409,1.0243,0.2842,0.1202,0.0945,6.0000,7.5825,0.5213,22.9930,0.5974,-121.0729,-28.0145,-115.1322,-26.0943,-115.1878,-26.1650,-117.7869,-25.5400,-131.7986,-24.5578,5.9407,1.9202,5.8851,1.8495,3.2861,2.4744,64,0.1300,64,0,0.9861,0.0131,0.0008,-6.1579,-2.5546,0.0123,-1.5524,-5.7957,0.0000,1,0.2571,0.0469,16.1395,-0.0007,1.000,70.00,342.76
16.2803,IMM-UKF,jink,0.500,4.00,0.050,1,0.600,1,6.2108,5.6260,-0.5847,1.0442,0.2842,0.1202,0.0945,6.0000,7.5825,0.5213,24.7105,0.5978,-121.6199,-28.1053,-115.1322,-26.0943,-115.1878,-26.1650,-118.1420,-25.3926,-131.8760,-23.9732,6.4877,2.0110,6.4322,1.9403,3.4780,2.7127,64,0.1400,64,0,0.9861,0.0131,0.0008,-5.9596,-2.4123,0.0194,-1.4827,-5.8139,0.0000,1,0.2571,0.0469,16.1395,-0.0007,1.000,70.00,342.76
16.2903,IMM-UKF,jink,0.500,4.00,0.050,1,0.600,1,6.1949,5.6684,-0.5265,1.0649,0.2842,0.1202,0.0945,6.0000,7.5825,0.5213,26.4982,0.5982,-122.1782,-28.1866,-115.1322,-26.0943,-115.1878,-26.1650,-118.5009,-25.2281,-131.9574,-23.4048,7.0460,2.0923,6.9904,2.0216,3.6773,2.9585,64,0.1500,64,0,0.9861,0.0131,0.0008,-5.7644,-2.2699,0.0262,-1.4129,-5.8313,0.0000,1,0.2571,0.0469,16.1395,-0.0007,1.000,70.00,342.76
16.3003,IMM-UKF,jink,0.500,4.00,0.050,1,0.600,1,6.1812,5.7151,-0.4662,1.0863,0.2842,0.1202,0.0945,6.0000,7.5825,0.5212,28.3511,0.5985,-122.7473,-28.2582,-115.1322,-26.0943,-115.1878,-26.1650,-118.8630,-25.0475,-132.0430,-22.8526,7.6151,2.1639,7.5595,2.0933,3.8843,3.2107,64,0.1600,64,0,0.9861,0.0131,0.0008,-5.5725,-2.1275,0.0327,-1.3428,-5.8478,0.0000,1,0.2571,0.0469,16.1395,-0.0007,1.000,70.00,342.76
16.3103,IMM-UKF,jink,0.500,4.00,0.050,1,0.600,1,6.1697,5.7658,-0.4039,1.1086,0.2842,0.1202,0.0946,6.0000,7.5825,0.5211,30.2639,0.5987,-123.3267,-28.3201,-115.1322,-26.0943,-115.1878,-26.1650,-119.2279,-24.8519,-132.1328,-22.3165,8.1945,2.2258,8.1389,2.1552,4.0988,3.4682,64,0.1700,64,0,0.9861,0.0131,0.0008,-5.3838,-1.9851,0.0388,-1.2725,-5.8635,0.0000,1,0.2571,0.0469,16.1395,-0.0007,1.000,70.00,342.76
16.3203,IMM-UKF,jink,0.500,4.00,0.050,1,0.600,1,6.1603,5.8206,-0.3397,1.1317,0.2842,0.1202,0.0946,6.0000,7.5825,0.5211,32.2312,0.5989,-123.9158,-28.3721,-115.1322,-26.0943,-115.1878,-26.1650,-119.5949,-24.6423,-132.2269,-21.7962,8.7836,2.2778,8.7281,2.2072,4.3209,3.7298,64,0.1800,64,0,0.9861,0.0131,0.0008,-5.1982,-1.8428,0.0447,-1.2021,-5.8784,0.0000,1,0.2571,0.0469,16.1395,-0.0007,1.000,70.00,342.76
16.3303,IMM-UKF,jink,0.500,4.00,0.050,1,0.600,1,6.1530,5.8795,-0.2735,1.1556,0.2842,0.1202,0.0946,6.0000,7.5825,0.5209,34.2474,0.5990,-124.5143,-28.4142,-115.1322,-26.0943,-115.1878,-26.1650,-119.9638,-24.4198,-132.3254,-21.2916,9.3820,2.3199,9.3265,2.2492,4.5505,3.9944,64,0.1900,64,0,0.9861,0.0131,0.0008,-5.0159,-1.7003,0.0504,-1.1315,-5.8924,0.0000,1,0.2571,0.0469,16.1395,-0.0007,1.000,70.00,342.76
16.3403,IMM-UKF,jink,0.500,4.00,0.050,1,0.600,1,6.1479,5.9424,-0.2055,1.1803,0.2842,0.1202,0.0946,6.0000,7.5825,0.5208,36.3071,0.5991,-125.1214,-28.4462,-115.1322,-26.0943,-115.1878,-26.1650,-120.3340,-24.1855,-132.4283,-20.8024,9.9892,2.3519,9.9336,2.2813,4.7874,4.2607,64,0.2000,64,0,0.9861,0.0131,0.0008,-4.8367,-1.5579,0.0557,-1.0607,-5.9055,0.0000,1,0.2571,0.0469,16.1395,-0.0007,1.000,70.00,342.76
16.3503,IMM-UKF,jink,0.500,4.00,0.050,1,0.600,1,6.1448,6.0092,-0.1356,1.2058,0.2842,0.1202,0.0946,6.0000,7.5825,0.5206,38.4045,0.5991,-125.7367,-28.4682,-115.1322,-26.0943,-115.1878,-26.1650,-120.7052,-23.9403,-132.5354,-20.3282,10.6045,2.3739,10.5489,2.3032,5.0316,4.5279,64,0.2100,64,0,0.9861,0.0131,0.0008,-4.6608,-1.4155,0.0609,-0.9897,-5.9178,0.0000,1,0.2571,0.0469,16.1395,-0.0007,1.000,70.00,342.76
16.3603,IMM-UKF,jink,0.500,4.00,0.050,1,0.600,1,6.1438,6.0799,-0.0640,1.2321,0.2842,0.1202,0.0946,6.0000,7.5825,0.5204,40.5343,0.5991,-126.3595,-28.4801,-115.1322,-26.0943,-115.1878,-26.1650,-121.0769,-23.6855,-132.6470,-19.8688,11.2273,2.3858,11.1717,2.3151,5.2827,4.7946,64,0.2200,64,0,0.9861,0.0131,0.0008,-4.4879,-1.2732,0.0658,-0.9186,-5.9293,0.0000,1,0.2571,0.0469,16.1395,-0.0007,1.000,70.00,342.76
16.3703,IMM-UKF,jink,0.500,4.00,0.050,1,0.600,1,6.1450,6.1544,0.0095,1.2592,0.2842,0.1202,0.0946,6.0000,7.5825,0.5201,42.6910,0.5990,-126.9893,-28.4819,-115.1322,-26.0943,-115.1878,-26.1650,-121.4488,-23.4219,-132.7627,-19.4236,11.8570,2.3876,11.8015,2.3170,5.5405,5.0600,64,0.2300,64,0,0.9861,0.0131,0.0008,-4.3183,-1.1308,0.0704,-0.8474,-5.9399,0.0000,1,0.2571,0.0469,16.1395,-0.0007,1.000,70.00,342.76
16.3803,IMM-UKF,jink,0.500,4.00,0.050,1,0.600,1,6.1481,6.2328,0.0846,1.2870,0.2842,0.1202,0.0946,6.0000,7.5825,0.5198,44.8696,0.5988,-127.6254,-28.4737,-115.1322,-26.0943,-115.1878,-26.1650,-121.8206,-23.1506,-132.8827,-18.9925,12.4932,2.3794,12.4376,2.3088,5.8048,5.3231,64,0.2400,64,0,0.9861,0.0131,0.0008,-4.1518,-0.9885,0.0749,-0.7761,-5.9496,0.0000,1,0.2571,0.0469,16.1395,-0.0007,1.000,70.00,342.76
16.3903,IMM-UKF,jink,0.500,4.00,0.050,1,0.600,1,6.1534,6.3148,0.1614,1.3157,0.2842,0.1202,0.0946,6.0000,7.5825,0.5195,47.0649,0.5986,-128.2672,-28.4555,-115.1322,-26.0943,-115.1878,-26.1650,-122.1919,-22.8726,-133.0067,-18.5749,13.1350,2.3613,13.0794,2.2906,6.0753,5.5829,64,0.2500,64,0,0.9861,0.0131,0.0008,-3.9884,-0.8462,0.0791,-0.7046,-5.9585,0.0000,1,0.2571,0.0469,16.1395,-0.0007,1.000,70.00,342.76
16.4003,IMM-UKF,jink,0.500,4.00,0.050,1,0.600,1,6.1607,6.4006,0.2399,1.3451,0.2842,0.1202,0.0946,6.0000,7.5825,0.5192,49.2723,0.5983,-128.9141,-28.4275,-115.1322,-26.0943,-115.1878,-26.1650,-122.5626,-22.5888,-133.1349,-18.1704,13.7819,2.3332,13.7263,2.2625,6.3515,5.8387,64,0.2600,64,0,0.9861,0.0131,0.0008,-3.8282,-0.7040,0.0831,-0.6331,-5.9665,0.0000,1,0.2668,0.0544,16.1395,-0.0001,1.000,70.00,342.76
16.4103,IMM-UKF,jink,0.500,4.00,0.050,1,0.600,1,6.1700,6.4900,0.3200,1.3752,0.2842,0.1202,0.0946,6.0000,7.5825,0.5188,51.4871,0.5980,-129.5655,-28.3896,-115.1322,-26.0943,-115.1878,-26.1650,-122.9324,-22.3001,-133.2669,-17.7787,14.4332,2.2953,14.3777,2.2246,6.6331,6.0895,64,0.2700,64,0,0.9861,0.0131,0.0008,-3.6710,-0.5618,0.0869,-0.5614,-5.9737,0.0000,1,0.2668,0.0544,16.1395,-0.0001,1.000,70.00,342.76
16.4203,IMM-UKF,jink,0.500,4.00,0.050,1,0.600,1,6.1814,6.5830,0.4016,1.4061,0.2842,0.1202,0.0946,6.0000,7.5825,0.5184,53.7052,0.5976,-130.2206,-28.3420,-115.1322,-26.0943,-115.1878,-26.1650,-123.3010,-22.0073,-133.4028,-17.3993,15.0884,2.2477,15.0328,2.1771,6.9196,6.3347,64,0.2800,64,0,0.9861,0.0131,0.0008,-3.5170,-0.4198,0.0904,-0.4897,-5.9800,0.0000,1,0.2668,0.0544,16.1395,-0.0001,1.000,70.00,342.76
16.4303,IMM-UKF,jink,0.500,4.00,0.050,1,0.600,1,6.1948,6.6795,0.4847,1.4378,0.2842,0.1202,0.0946,6.0000,7.5825,0.5180,55.9226,0.5972,-130.8790,-28.2850,-115.1322,-26.0943,-115.1878,-26.1650,-123.6683,-21.7113,-133.5425,-17.0318,15.7467,2.1907,15.6912,2.1200,7.2107,6.5737,64,0.2900,64,0,0.9861,0.0131,0.0008,-3.3660,-0.2778,0.0938,-0.4179,-5.9854,0.0000,1,0.2668,0.0544,16.1395,-0.0001,1.000,70.00,342.76
16.4403,IMM-UKF,jink,0.500,4.00,0.050,1,0.600,1,6.2101,6.7795,0.5693,1.4701,0.2842,0.1202,0.0946,6.0000,7.5825,0.5175,58.1354,0.5967,-131.5399,-28.2186,-115.1322,-26.0943,-115.1878,-26.1650,-124.0340,-21.4128,-133.6857,-16.6757,16.4076,2.1243,16.3521,2.0536,7.5058,6.8058,64,0.3000,64,0,0.9861,0.0131,0.0008,-3.2181,-0.1360,0.0970,-0.3461,-5.9900,0.0000,1,0.2668,0.0544,16.1395,-0.0001,1.000,70.00,342.76
16.4503,IMM-UKF,jink,0.500,4.00,0.050,1,0.600,1,6.2275,6.8829,0.6554,1.5032,0.2842,0.1202,0.0946,6.0000,7.5825,0.5170,60.3404,0.5962,-132.2027,-28.1429,-115.1322,-26.0943,-115.1878,-26.1650,-124.3981,-21.1125,-133.8325,-16.3308,17.0705,2.0486,17.0149,1.9780,7.8047,7.0305,64,0.3100,64,0,0.9861,0.0131,0.0008,-3.0733,0.0056,0.0999,-0.2742,-5.9937,0.0000,1,0.2668,0.0544,16.1395,-0.0001,1.000,70.00,342.76
16.4603,IMM-UKF,jink,0.500,4.00,0.050,1,0.600,1,6.2469,6.2663,0.0194,0.9509,0.2904,0.1227,0.0884,6.0000,6.5156,1.1514,26.1417,0.5956,-132.8670,-28.0583,-128.9141,-28.4275,-128.8619,-28.2411,-127.9239,-28.2166,-140.9526,-28.0914,3.9528,-0.3691,4.0051,-0.1827,4.9431,-0.1582,65,0.0600,65,0,0.9646,0.0328,0.0026,-2.9314,0.1471,0.1026,-0.2022,-5.9966,0.0000,1,0.2668,0.0544,16.4002,-0.0001,1.000,70.00,342.76
16.4703,IMM-UKF,jink,0.500,4.00,0.050,1,0.600,1,6.2682,6.3221,0.0539,0.9678,0.2904,0.1227,0.0884,6.0000,6.5156,1.1521,27.7295,0.5949,-133.5319,-27.9650,-128.9141,-28.4275,-128.8619,-28.2411,-128.2950,-28.1718,-141.0573,-27.7429,4.6178,-0.4625,4.6700,-0.2761,5.2370,-0.2068,65,0.0700,65,0,0.9646,0.0328,0.0026,-2.7926,0.2885,0.1051,-0.1303,-5.9986,0.0000,1,0.2668,0.0544,16.4002,-0.0001,1.000,70.00,342.76
16.4803,IMM-UKF,jink,0.500,4.00,0.050,1,0.600,1,6.2915,6.3814,0.0899,0.9854,0.2904,0.1227,0.0884,6.0000,6.5156,1.1529,29.3276,0.5941,-134.1971,-27.8631,-128.9141,-28.4275,-128.8619,-28.2411,-128.6655,-28.1113,-141.1643,-27.3974,5.2829,-0.5643,5.3352,-0.3779,5.5316,-0.2482,65,0.0800,65,0,0.9646,0.0328,0.0026,-2.6567,0.4296,0.1074,-0.0583,-5.9997,0.0000,1,0.2668,0.0544,16.4002,-0.0001,1.000,70.00,342.76
16.4903,IMM-UKF,jink,0.500,4.00,0.050,1,0.600,1,6.3168,6.4442,0.1275,1.0036,0.2904,0.1227,0.0884,6.0000,6.5156,1.1537,30.9338,0.5933,-134.8618,-27.7530,-128.9141,-28.4275,-128.8619,-28.2411,-129.0351,-28.0358,-141.2735,-27.0551,5.9477,-0.6745,5.9999,-0.4881,5.8268,-0.2828,65,0.0900,65,0,0.9646,0.0328,0.0026,-2.5238,0.5705,0.1094,0.0137,-6.0000,0.0000,1,0.2668,0.0544,16.4002,-0.0001,1.000,70.00,342.76
16.5003,IMM-UKF,jink,0.500,4.00,0.050,1,0.600,1,6.3440,6.5105,0.1665,1.0226,0.2904,0.1227,0.0884,6.0000,6.5156,1.1545,32.5465,0.5925,-135.5257,-27.6348,-128.9141,-28.4275,-128.8619,-28.2411,-129.4036,-27.9461,-141.3851,-26.7162,6.6116,-0.7926,6.6638,-0.6062,6.1221,-0.3112,65,0.1000,65,0,0.9646,0.0328,0.0026,-2.3938,0.7111,0.1112,0.0857,-5.9994,0.0000,1,0.2668,0.0544,16.4002,-0.0001,1.000,70.00,342.76
16.5103,IMM-UKF,jink,0.500,4.00,0.050,1,0.600,1,6.3740,6.5800,0.2061,1.0424,0.2904,0.1227,0.0883,6.0000,6.5156,1.1539,34.1087,0.5916,-136.1764,-27.5048,-128.9141,-28.4275,-128.8619,-28.2411,-129.7699,-27.8429,-141.4959,-26.3811,7.2623,-0.9227,7.3145,-0.7363,6.4065,-0.3381,65,0.1100,65,0,0.9646,0.0328,0.0026,-2.2660,0.8510,0.1128,0.0137,-6.0000,0.0000,1,0.2668,0.0544,16.4002,-0.0001,1.000,70.00,342.76
16.5203,IMM-UKF,jink,0.500,4.00,0.050,1,0.600,1,6.4067,6.6530,0.2462,1.0630,0.2904,0.1227,0.0881,6.0000,6.5156,1.1534,35.6253,0.5908,-136.8145,-27.3633,-128.9141,-28.4275,-128.8619,-28.2411,-130.1337,-27.7269,-141.6057,-26.0501,7.9004,-1.0642,7.9526,-0.8778,6.6808,-0.3637,65,0.1200,65,0,0.9646,0.0328,0.0026,-2.1405,0.9902,0.1142,-0.0583,-5.9997,0.0000,1,0.2668,0.0544,16.4002,-0.0001,1.000,70.00,342.76
16.5303,IMM-UKF,jink,0.500,4.00,0.050,1,0.600,1,6.4422,6.7291,0.2869,1.0843,0.2904,0.1227,0.0876,6.0000,6.5156,1.1529,37.0946,0.5901,-137.4393,-27.2109,-128.9141,-28.4275,-128.8619,-28.2411,-130.4945,-27.5990,-141.7146,-25.7230,8.5252,-1.2165,8.5774,-1.0301,6.9449,-0.3881,65,0.1300,65,0,0.9646,0.0328,0.0026,-2.0171,1.1286,0.1155,-0.1303,-5.9986,0.0000,1,0.2668,0.0544,16.4002,-0.0001,1.000,70.00,342.76
16.5403,IMM-UKF,jink,0.500,4.00,0.050,1,0.600,1,6.4805,6.8086,0.3281,1.1064,0.2904,0.1227,0.0870,6.0000,6.5156,1.1525,38.5157,0.5894,-138.0503,-27.0483,-128.9141,-28.4275,-128.8619,-28.2411,-130.8519,-27.4599,-141.8225,-25.3999,9.1361,-1.3791,9.1884,-1.1927,7.1984,-0.4115,65,0.1400,65,0,0.9646,0.0328,0.0026,-1.8957,1.2662,0.1164,-0.2022,-5.9966,0.0000,1,0.2668,0.0544,16.4002,-0.0001,1.000,70.00,342.76
16.5503,IMM-UKF,jink,0.500,4.00,0.050,1,0.600,1,6.5213,6.8912,0.3699,1.1294,0.2904,0.1227,0.0861,6.0000,6.5156,1.1521,39.8873,0.5888,-138.6468,-26.8761,-128.9141,-28.4275,-128.8619,-28.2411,-131.2057,-27.3101,-141.9294,-25.0806,9.7327,-1.5514,9.7849,-1.3650,7.4412,-0.4340,65,0.1500,65,0,0.9646,0.0328,0.0026,-1.7765,1.4029,0.1170,-0.2742,-5.9937,0.0000,1,0.2668,0.0544,16.4002,-0.0001,1.000,70.00,342.76
16.5603,IMM-UKF,jink,0.500,4.00,0.050,1,0.600,1,6.5648,6.9769,0.4121,1.1531,0.2904,0.1227,0.0851,6.0000,6.5156,1.1519,41.2082,0.5881,-139.2286,-26.6947,-128.9141,-28.4275,-128.8619,-28.2411,-131.5554,-27.1504,-142.0353,-24.7649,10.3144,-1.7327,10.3667,-1.5463,7.6732,-0.4556,65,0.1600,65,0,0.9646,0.0328,0.0026,-1.6592,1.5389,0.1172,-0.3461,-5.9900,0.0000,1,0.2668,0.0544,16.4002,-0.0001,1.000,70.00,342.76
16.5703,IMM-UKF,jink,0.500,4.00,0.050,1,0.600,1,6.6108,7.0657,0.4549,1.1777,0.2904,0.1227,0.0839,6.0000,6.5156,1.1518,42.4779,0.5875,-139.7951,-26.5049,-128.9141,-28.4275,-128.8619,-28.2411,-131.9009,-26.9810,-142.1401,-24.4521,10.8810,-1.9226,10.9332,-1.7362,7.8942,-0.4762,65,0.1700,65,0,0.9646,0.0328,0.0026,-1.5438,1.6740,0.1167,-0.4179,-5.9854,0.0000,1,0.2668,0.0544,16.4002,-0.0001,1.000,70.00,342.76
16.5803,IMM-UKF,jink,0.500,4.00,0.050,1,0.600,1,6.6594,7.1575,0.4981,1.2031,0.2904,0.1227,0.0827,6.0000,6.5156,1.1522,43.6976,0.5867,-140.3465,-26.3070,-128.9141,-28.4275,-128.8619,-28.2411,-132.2417,-26.8022,-142.2438,-24.1408,11.4324,-2.1204,11.4846,-1.9340,8.1048,-0.4951,65,0.1800,65,0,0.9646,0.0328,0.0026,-1.4303,1.8082,0.1151,-0.4897,-5.9800,0.0000,1,0.2668,0.0544,16.4002,-0.0001,1.000,70.00,342.76
16.5903,IMM-UKF,jink,0.500,4.00,0.050,1,0.600,1,6.7104,7.2522,0.5417,1.2293,0.2904,0.1227,0.0816,6.0000,6.5156,1.1547,44.8736,0.5852,-140.8839,-26.1016,-128.9141,-28.4275,-128.8619,-28.2411,-132.5778,-26.6125,-142.3463,-23.8263,11.9698,-2.3258,12.0220,-2.1394,8.3061,-0.5109,65,0.1900,65,0,0.9646,0.0328,0.0026,-1.3187,1.9415,0.1111,-0.5614,-5.9737,0.0000,1,0.2668,0.0544,16.4002,-0.0001,1.000,70.00,342.76
16.6003,IMM-UKF,jink,0.500,4.00,0.050,1,0.600,1,6.7638,7.3486,0.5848,1.2563,0.2904,0.1227,0.0804,6.0000,6.5156,1.1578,45.9952,0.5833,-141.4053,-25.8885,-128.9141,-28.4275,-128.8619,-28.2411,-132.9086,-26.3997,-142.4474,-23.4785,12.4912,-2.5390,12.5434,-2.3526,8.4967,-0.5113,65,0.2000,65,0,0.9646,0.0328,0.0026,-1.2091,2.0734,0.0953,-0.6331,-5.9665,0.0000,1,0.2668,0.0544,16.4002,-0.0001,1.000,70.00,342.76
16.6103,IMM-UKF,jink,0.500,4.00,0.050,1,0.600,1,6.8163,7.3821,0.5658,1.2841,0.2904,0.1227,0.0795,6.0000,6.5156,1.1587,47.9868,0.5819,-141.9054,-25.6807,-128.9141,-28.4275,-128.8619,-28.2411,-133.0707,-26.4204,-142.4146,-23.6401,12.9913,-2.7468,13.0435,-2.5604,8.8347,-0.7397,65,0.2100,65,0,0.9646,0.0328,0.0026,-1.2925,1.9014,0.0737,-0.7046,-5.9585,0.0000,1,0.2668,0.0544,16.4002,-0.0001,1.000,70.00,342.76
16.6203,IMM-UKF,jink,0.500,4.00,0.050,1,0.600,1,6.8680,7.4137,0.5457,1.3127,0.2904,0.1227,0.0785,6.0000,6.5156,1.1592,49.9931,0.5808,-142.3864,-25.4791,-128.9141,-28.4275,-128.8619,-28.2411,-133.2191,-26.4681,-142.3752,-23.8511,13.4723,-2.9484,13.5245,-2.7620,9.1673,-0.9891,65,0.2200,65,0,0.9646,0.0328,0.0026,-1.3749,1.7300,0.0646,-0.7761,-5.9496,0.0000,1,0.2668,0.0544,16.4002,-0.0001,1.000,70.00,342.76
16.6303,IMM-UKF,jink,0.500,4.00,0.050,1,0.600,1,6.9187,7.4427,0.5240,1.3421,0.2904,0.1227,0.0773,6.0000,6.5156,1.1597,52.0113,0.5796,-142.8494,-25.2838,-128.9141,-28.4275,-128.8619,-28.2411,-133.3547,-26.5290,-142.3294,-24.0779,13.9353,-3.1437,13.9875,-2.9573,9.4947,-1.2452,65,0.2300,65,0,0.9646,0.0328,0.0026,-1.4559,1.5598,0.0582,-0.8474,-5.9399,0.0000,1,0.2668,0.0544,16.4002,-0.0001,1.000,70.00,342.76
16.6403,IMM-UKF,jink,0.500,4.00,0.050,1,0.600,1,6.9685,7.4691,0.5006,1.3723,0.2904,0.1227,0.0760,6.0000,6.5156,1.1602,54.0405,0.5786,-143.2950,-25.0947,-128.9141,-28.4275,-128.8619,-28.2411,-133.4778,-26.6009,-142.2772,-24.3156,14.3809,-3.3327,14.4331,-3.1463,9.8172,-1.5061,65,0.2400,65,0,0.9646,0.0328,0.0026,-1.5356,1.3909,0.0529,-0.9186,-5.9293,0.0000,1,0.2668,0.0544,16.4002,-0.0001,1.000,70.00,342.76
16.6503,IMM-UKF,jink,0.500,4.00,0.050,1,0.600,1,7.0173,7.4928,0.4755,1.4033,0.2904,0.1227,0.0746,6.0000,6.5156,1.1607,56.0803,0.5776,-143.7240,-24.9119,-128.9141,-28.4275,-128.8619,-28.2411,-133.5888,-26.6830,-142.2185,-24.5630,14.8099,-3.5156,14.8621,-3.3292,10.1352,-1.7711,65,0.2500,65,0,0.9646,0.0328,0.0026,-1.6140,1.2234,0.0483,-0.9897,-5.9178,0.0000,1,0.2668,0.0544,16.4002,-0.0001,1.000,70.00,342.76
16.6603,IMM-UKF,jink,0.500,4.00,0.050,1,0.600,1,7.0652,7.5140,0.4488,1.4351,0.2904,0.1227,0.0731,6.0000,6.5156,1.1613,58.1305,0.5767,-144.1369,-24.7351,-128.9141,-28.4275,-128.8619,-28.2411,-133.6881,-26.7749,-142.1534,-24.8193,15.2228,-3.6924,15.2750,-3.5060,10.4488,-2.0398,65,0.2600,65,0,0.9646,0.0328,0.0026,-1.6912,1.0573,0.0443,-1.0607,-5.9055,0.0000,1,0.2668,0.0544,16.4002,-0.0001,1.000,70.00,342.76
16.6703,IMM-UKF,jink,0.500,4.00,0.050,1,0.600,1,7.1121,7.5326,0.4205,1.4676,0.2904,0.1227,0.0714,6.0000,6.5156,1.1617,60.1912,0.5758,-144.5343,-24.5643,-128.9141,-28.4275,-128.8619,-28.2411,-133.7760,-26.8763,-142.0816,-25.0844,15.6202,-3.8632,15.6724,-3.6768,10.7583,-2.3120,65,0.2700,65,0,0.9646,0.0328,0.0026,-1.7671,0.8925,0.0405,-1.1315,-5.8924,0.0000,1,0.2875,0.0462,16.4002,0.0018,1.000,70.00,342.76
16.6803,IMM-UKF,jink,0.500,4.00,0.050,1,0.600,1,7.1579,7.5487,0.3907,1.5009,0.2904,0.1227,0.0697,6.0000,6.5156,1.1623,62.2628,0.5750,-144.9168,-24.3993,-128.9141,-28.4275,-128.8619,-28.2411,-133.8526,-26.9870,-142.0032,-25.3582,16.0026,-4.0282,16.0549,-3.8418,11.0641,-2.5877,65,0.2800,65,0,0.9646,0.0328,0.0026,-1.8418,0.7291,0.0371,-1.2021,-5.8784,0.0000,1,0.2875,0.0462,16.4002,0.0018,1.000,70.00,342.76
16.6903,IMM-UKF,jink,0.500,4.00,0.050,1,0.600,1,7.2027,7.5623,0.3595,1.5350,0.2904,0.1227,0.0679,6.0000,6.5156,1.1628,64.3457,0.5742,-145.2848,-24.2401,-128.9141,-28.4275,-128.8619,-28.2411,-133.9184,-27.1070,-141.9180,-25.6407,16.3707,-4.1874,16.4229,-4.0010,11.3664,-2.8669,65,0.2900,65,0,0.9646,0.0328,0.0026,-1.9153,0.5671,0.0338,-1.2725,-5.8635,0.0000,1,0.2875,0.0462,16.4002,0.0018,1.000,70.00,342.76
16.7003,IMM-UKF,jink,0.500,4.00,0.050,1,0.600,1,7.2465,7.5735,0.3269,1.5698,0.2904,0.1227,0.0659,6.0000,6.5156,1.1632,66.4406,0.5735,-145.6389,-24.0865,-128.9141,-28.4275,-128.8619,-28.2411,-133.9734,-27.2360,-141.8260,-25.9321,16.7248,-4.3410,16.7770,-4.1546,11.6655,-3.1496,65,0.3000,65,0,0.9646,0.0328,0.0026,-1.9877,0.4065,0.0308,-1.3428,-5.8478,0.0000,1,0.2875,0.0462,16.4002,0.0018,1.000,70.00,342.76
16.7103,IMM-UKF,jink,0.500,4.00,0.050,1,0.600,1,7.2892,7.5822,0.2930,1.6053,0.2904,0.1227,0.0639,6.0000,6.5156,1.1637,68.5482,0.5728,-145.9796,-23.9384,-128.9141,-28.4275,-128.8619,-28.2411,-134.0180,-27.3741,-141.7270,-26.2324,17.0655,-4.4890,17.1177,-4.3026,11.9616,-3.4357,65,0.3100,65,0,0.9646,0.0328,0.0026,-2.0590,0.2472,0.0279,-1.4129,-5.8313,0.0000,1,0.2875,0.0462,16.4002,0.0018,1.000,70.00,342.76
16.7203,IMM-UKF,jink,0.500,4.00,0.050,1,0.600,1,7.3308,7.2473,-0.0836,1.1489,0.2981,0.1261,0.0541,6.0000,6.5753,0.6382,14.6535,0.5722,-146.3073,-23.7958,-144.5343,-24.5643,-144.5559,-24.6695,-143.6608,-23.4579,-156.1695,-18.1158,1.7730,-0.7685,1.7514,-0.8738,2.6464,0.3379,66,0.0500,66,0,0.9555,0.0399,0.0046,-2.1292,0.0893,0.0252,-1.4827,-5.8139,0.0000,1,0.2875,0.0462,16.6721,0.0018,1.000,70.00,342.76
16.7303,IMM-UKF,jink,0.500,4.00,0.050,1,0.600,1,7.3713,7.2853,-0.0860,1.1674,0.2981,0.1261,0.0519,6.0000,6.5753,0.6378,14.5640,0.5716,-146.6223,-23.6584,-144.5343,-24.5643,-144.5559,-24.6695,-143.9895,-23.3567,-156.3469,-18.1965,2.0880,-0.9059,2.0664,-1.0111,2.6328,0.3017,66,0.0600,66,0,0.9555,0.0399,0.0046,-2.1984,-0.0671,0.0226,-1.5524,-5.7957,0.0000,1,0.2875,0.0462,16.6721,0.0018,1.000,70.00,342.76
16.7403,IMM-UKF,jink,0.500,4.00,0.050,1,0.600,1,7.4107,7.3207,-0.0901,1.1865,0.2981,0.1261,0.0496,6.0000,6.5753,0.6375,14.4608,0.5710,-146.9252,-23.5262,-144.5343,-24.5643,-144.5559,-24.6695,-144.3083,-23.2655,-156.5246,-18.2824,2.3909,-1.0380,2.3693,-1.1433,2.6169,0.2607,66,0.0700,66,0,0.9555,0.0399,0.0046,-2.2666,-0.2222,0.0201,-1.6218,-5.7766,0.0000,1,0.2875,0.0462,16.6721,0.0018,1.000,70.00,342.76
16.7503,IMM-UKF,jink,0.500,4.00,0.050,1,0.600,1,7.4490,7.3533,-0.0957,1.2061,0.2981,0.1261,0.0473,6.0000,6.5753,0.6371,14.3441,0.5705,-147.2163,-23.3992,-144.5343,-24.5643,-144.5559,-24.6695,-144.6178,-23.1841,-156.7028,-18.3733,2.6820,-1.1651,2.6604,-1.2704,2.5985,0.2151,66,0.0800,66,0,0.9555,0.0399,0.0046,-2.3338,-0.3759,0.0177,-1.6910,-5.7568,0.0000,1,0.2875,0.0462,16.6721,0.0018,1.000,70.00,342.76
16.7603,IMM-UKF,jink,0.500,4.00,0.050,1,0.600,1,7.4862,7.3832,-0.1030,1.2263,0.2981,0.1261,0.0449,6.0000,6.5753,0.6368,14.2144,0.5700,-147.4959,-23.2771,-144.5343,-24.5643,-144.5559,-24.6695,-144.9186,-23.1121,-156.8817,-18.4694,2.9616,-1.2872,2.9400,-1.3924,2.5773,0.1650,66,0.0900,66,0,0.9555,0.0399,0.0046,-2.4001,-0.5282,0.0155,-1.7600,-5.7361,0.0000,1,0.2875,0.0462,16.6721,0.0018,1.000,70.00,342.76
16.7703,IMM-UKF,jink,0.500,4.00,0.050,1,0.600,1,7.5221,7.4104,-0.1118,1.2471,0.2981,0.1261,0.0424,6.0000,6.5753,0.6365,14.0723,0.5695,-147.7644,-23.1599,-144.5343,-24.5643,-144.5559,-24.6695,-145.2112,-23.0492,-157.0615,-18.5706,3.2301,-1.4044,3.2085,-1.5096,2.5532,0.1107,66,0.1000,66,0,0.9555,0.0399,0.0046,-2.4655,-0.6792,0.0133,-1.8287,-5.7145,0.0000,1,0.2875,0.0462,16.6721,0.0018,1.000,70.00,342.76
16.7803,IMM-UKF,jink,0.500,4.00,0.050,1,0.600,1,7.5570,7.4349,-0.1221,1.2685,0.2981,0.1261,0.0398,6.0000,6.5753,0.6362,13.9188,0.5691,-148.0221,-23.0475,-144.5343,-24.5643,-144.5559,-24.6695,-145.4961,-22.9951,-157.2423,-18.6770,3.4878,-1.5168,3.4662,-1.6220,2.5260,0.0524,66,0.1100,66,0,0.9555,0.0399,0.0046,-2.5300,-0.8287,0.0112,-1.8971,-5.6922,0.0000,1,0.2875,0.0462,16.6721,0.0018,1.000,70.00,342.76
16.7903,IMM-UKF,jink,0.500,4.00,0.050,1,0.600,1,7.5906,7.4568,-0.1338,1.2905,0.2981,0.1261,0.0372,6.0000,6.5753,0.6359,13.7547,0.5687,-148.2693,-22.9398,-144.5343,-24.5643,-144.5559,-24.6695,-145.7739,-22.9497,-157.4244,-18.7887,3.7351,-1.6244,3.7135,-1.7297,2.4955,-0.0099,66,0.1200,66,0,0.9555,0.0399,0.0046,-2.5937,-0.9769,0.0091,-1.9653,-5.6690,0.0000,1,0.2875,0.0462,16.6721,0.0018,1.000,70.00,342.76
16.8003,IMM-UKF,jink,0.500,4.00,0.050,1,0.600,1,7.6231,7.4762,-0.1469,1.3132,0.2981,0.1261,0.0348,6.0000,6.5753,0.6344,13.5874,0.5676,-148.5075,-22.8368,-144.5343,-24.5643,-144.5559,-24.6695,-146.0450,-22.9127,-157.6079,-18.9058,3.9732,-1.7275,3.9516,-1.8328,2.4625,-0.0760,66,0.1300,66,0,0.9555,0.0399,0.0046,-2.6565,-1.1237,0.0072,-2.0332,-5.6450,0.0000,1,0.2875,0.0462,16.6721,0.0018,1.000,70.00,342.76
16.8103,IMM-UKF,jink,0.500,4.00,0.050,1,0.600,1,7.6544,7.4930,-0.1614,1.3366,0.2981,0.1261,0.0324,6.0000,6.5753,0.6324,13.4140,0.5662,-148.7359,-22.7383,-144.5343,-24.5643,-144.5559,-24.6695,-146.3097,-22.8840,-157.7931,-19.0283,4.2017,-1.8260,4.1801,-1.9313,2.4262,-0.1457,66,0.1400,66,0,0.9555,0.0399,0.0046,-2.7186,-1.2692,0.0053,-2.1008,-5.6202,0.0000,1,0.2875,0.0462,16.6721,0.0018,1.000,70.00,342.76
16.8203,IMM-UKF,jink,0.500,4.00,0.050,1,0.600,1,7.6845,7.5072,-0.1773,1.3607,0.2981,0.1261,0.0301,6.0000,6.5753,0.6310,13.2325,0.5651,-148.9543,-22.6442,-144.5343,-24.5643,-144.5559,-24.6695,-146.5687,-22.8632,-157.9801,-19.1563,4.4201,-1.9200,4.3985,-2.0253,2.3857,-0.2190,66,0.1500,66,0,0.9555,0.0399,0.0046,-2.7798,-1.4132,0.0035,-2.1681,-5.5946,0.0000,1,0.2875,0.0462,16.6721,0.0018,1.000,70.00,342.76
16.8303,IMM-UKF,jink,0.500,4.00,0.050,1,0.600,1,7.7134,7.5190,-0.1944,1.3854,0.2981,0.1261,0.0279,6.0000,6.5753,0.6307,13.0418,0.5647,-149.1623,-22.5546,-144.5343,-24.5643,-144.5559,-24.6695,-146.8221,-22.8503,-158.1693,-19.2900,4.6281,-2.0097,4.6064,-2.1150,2.3402,-0.2958,66,0.1600,66,0,0.9555,0.0399,0.0046,-2.8404,-1.5559,0.0018,-2.2351,-5.5682,0.0000,1,0.2875,0.0462,16.6721,0.0018,1.000,70.00,342.76
16.8403,IMM-UKF,jink,0.500,4.00,0.050,1,0.600,1,7.7410,7.5283,-0.2128,1.4109,0.2981,0.1261,0.0257,6.0000,6.5753,0.6304,12.8500,0.5643,-149.3612,-22.4692,-144.5343,-24.5643,-144.5559,-24.6695,-147.0705,-22.8452,-158.3608,-19.4294,4.8269,-2.0950,4.8053,-2.2003,2.2906,-0.3760,66,0.1700,66,0,0.9555,0.0399,0.0046,-2.9002,-1.6973,0.0001,-2.3017,-5.5410,0.0000,1,0.2875,0.0462,16.6721,0.0018,1.000,70.00,342.76
16.8503,IMM-UKF,jink,0.500,4.00,0.050,1,0.600,1,7.7675,7.5352,-0.2324,1.4371,0.2981,0.1261,0.0234,6.0000,6.5753,0.6302,12.6601,0.5640,-149.5511,-22.3881,-144.5343,-24.5643,-144.5559,-24.6695,-147.3142,-22.8477,-158.5549,-19.5746,5.0168,-2.1762,4.9952,-2.2814,2.2369,-0.4596,66,0.1800,66,0,0.9555,0.0399,0.0046,-2.9593,-1.8373,-0.0015,-2.3680,-5.5129,0.0000,1,0.2875,0.0462,16.6721,0.0018,1.000,70.00,342.76
16.8603,IMM-UKF,jink,0.500,4.00,0.050,1,0.600,1,7.7927,7.5396,-0.2531,1.4640,0.2981,0.1261,0.0211,6.0000,6.5753,0.6300,12.4753,0.5637,-149.7322,-22.3111,-144.5343,-24.5643,-144.5559,-24.6695,-147.5535,-22.8576,-158.7519,-19.7257,5.1979,-2.2531,5.1763,-2.3584,2.1787,-0.5465,66,0.1900,66,0,0.9555,0.0399,0.0046,-3.0177,-1.9759,-0.0031,-2.4340,-5.4841,0.0000,1,0.2875,0.0462,16.6721,0.0018,1.000,70.00,342.76
16.8703,IMM-UKF,jink,0.500,4.00,0.050,1,0.600,1,7.8168,7.5417,-0.2750,1.4916,0.2981,0.1261,0.0187,6.0000,6.5753,0.6299,12.2998,0.5634,-149.9048,-22.2383,-144.5343,-24.5643,-144.5559,-24.6695,-147.7888,-22.8749,-158.9519,-19.8830,5.3705,-2.3260,5.3489,-2.4313,2.1160,-0.6367,66,0.2000,66,0,0.9555,0.0399,0.0046,-3.0755,-2.1132,-0.0046,-2.4996,-5.4545,0.0000,1,0.2875,0.0462,16.6721,0.0018,1.000,70.00,342.76
16.8803,IMM-UKF,jink,0.500,4.00,0.050,1,0.600,1,7.8396,7.5415,-0.2980,1.5199,0.2981,0.1261,0.0163,6.0000,6.5753,0.6298,12.1379,0.5632,-150.0691,-22.1694,-144.5343,-24.5643,-144.5559,-24.6695,-148.0205,-22.8996,-159.1553,-20.0464,5.5348,-2.3948,5.5132,-2.5001,2.0487,-0.7301,66,0.2100,66,0,0.9555,0.0399,0.0046,-3.1326,-2.2491,-0.0060,-2.5649,-5.4241,0.0000,1,0.2875,0.0462,16.6721,0.0018,1.000,70.00,342.76
16.8903,IMM-UKF,jink,0.500,4.00,0.050,1,0.600,1,7.8611,7.5390,-0.3221,1.5490,0.2981,0.1261,0.0138,6.0000,6.5753,0.6297,11.9945,0.5631,-150.2253,-22.1046,-144.5343,-24.5643,-144.5559,-24.6695,-148.2488,-22.9314,-159.3625,-20.2162,5.6910,-2.4597,5.6694,-2.5649,1.9765,-0.8268,66,0.2200,66,0,0.9555,0.0399,0.0046,-3.1892,-2.3837,-0.0074,-2.6298,-5.3930,0.0000,1,0.2875,0.0462,16.6721,0.0018,1.000,70.00,342.76
16.9003,IMM-UKF,jink,0.500,4.00,0.050,1,0.600,1,7.8814,7.5343,-0.3471,1.5788,0.2981,0.1261,0.0113,6.0000,6.5753,0.6297,11.8754,0.5630,-150.3734,-22.0437,-144.5343,-24.5643,-144.5559,-24.6695,-148.4741,-22.9704,-159.5736,-20.3925,5.8391,-2.5206,5.8175,-2.6259,1.8994,-0.9268,66,0.2300,66,0,0.9555,0.0399,0.0046,-3.2452,-2.5169,-0.0088,-2.6943,-5.3610,0.0000,1,0.2875,0.0462,16.6721,0.0018,1.000,70.00,342.76
16.9103,IMM-UKF,jink,0.500,4.00,0.050,1,0.600,1,7.9005,7.5273,-0.3732,1.6093,0.2981,0.1261,0.0088,6.0000,6.5753,0.6298,11.7865,0.5629,-150.5138,-21.9866,-144.5343,-24.5643,-144.5559,-24.6695,-148.6966,-23.0165,-159.7890,-20.5754,5.9795,-2.5776,5.9579,-2.6829,1.8172,-1.0299,66,0.2400,66,0,0.9555,0.0399,0.0046,-3.3006,-2.6489,-0.0101,-2.7585,-5.3283,0.0000,1,0.2875,0.0462,16.6721,0.0018,1.000,70.00,342.76
16.9203,IMM-UKF,jink,0.500,4.00,0.050,1,0.600,1,7.9184,7.5182,-0.4002,1.6406,0.2981,0.1261,0.0062,6.0000,6.5753,0.6299,11.7342,0.5629,-150.6465,-21.9334,-144.5343,-24.5643,-144.5559,-24.6695,-148.9168,-23.0697,-160.0090,-20.7652,6.1122,-2.6309,6.0906,-2.7361,1.7297,-1.1364,66,0.2500,66,0,0.9555,0.0399,0.0046,-3.3554,-2.7795,-0.0113,-2.8222,-5.2948,0.0000,1,0.2875,0.0462,16.6721,0.0018,1.000,70.00,342.76
16.9303,IMM-UKF,jink,0.500,4.00,0.050,1,0.600,1,7.9350,7.5068,-0.4281,1.6725,0.2981,0.1261,0.0053,6.0000,6.5753,0.6227,11.7549,0.5594,-150.7786,-21.8839,-144.5343,-24.5643,-144.5559,-24.6695,-149.1349,-23.1300,-160.2341,-20.9620,6.2443,-2.6803,6.2227,-2.7856,1.6437,-1.2461,66,0.2600,66,0,0.9555,0.0399,0.0046,-3.4098,-2.9087,-0.0125,-2.8856,-5.2606,0.0000,1,0.2875,0.0462,16.6721,0.0018,1.000,70.00,342.76
16.9403,IMM-UKF,jink,0.500,4.00,0.050,1,0.600,1,7.9503,7.4934,-0.4569,1.7052,0.2981,0.1261,0.0053,6.0000,6.5753,0.6155,11.8354,0.5583,-150.9067,-21.8383,-144.5343,-24.5643,-144.5559,-24.6695,-149.3512,-23.1973,-160.4645,-21.1660,6.3725,-2.7259,6.3508,-2.8312,1.5555,-1.3590,66,0.2700,66,0,0.9555,0.0399,0.0046,-3.4637,-3.0367,-0.0137,-2.9485,-5.2256,0.0000,1,0.2875,0.0462,16.6721,0.0018,1.000,70.00,342.76
16.9503,IMM-UKF,jink,0.500,4.00,0.050,1,0.600,1,7.9644,7.4779,-0.4865,1.7386,0.2981,0.1261,0.0057,6.0000,6.5753,0.6125,11.9592,0.5608,-151.0258,-21.7966,-144.5343,-24.5643,-144.5559,-24.6695,-149.5660,-23.2716,-160.7007,-21.3773,6.4915,-2.7677,6.4699,-2.8729,1.4598,-1.4751,66,0.2800,66,0,0.9555,0.0399,0.0046,-3.5171,-3.1633,-0.0148,-3.0110,-5.1898,0.0000,1,0.2875,0.0462,16.6721,0.0018,1.000,70.00,342.76
16.9603,IMM-UKF,jink,0.500,4.00,0.050,1,0.600,1,7.9773,7.4604,-0.5169,1.7727,0.2981,0.1261,0.0082,6.0000,6.5753,0.6112,12.1109,0.5594,-151.1291,-21.7585,-144.5343,-24.5643,-144.5559,-24.6695,-149.7797,-23.3530,-160.9431,-21.5963,6.5948,-2.8058,6.5732,-2.9110,1.3495,-1.5945,66,0.2900,66,0,0.9555,0.0399,0.0046,-3.5700,-3.2886,-0.0159,-3.0730,-5.1533,0.0000,1,0.2928,0.0491,16.6721,0.0014,1.000,70.00,342.76
16.9703,IMM-UKF,jink,0.500,4.00,0.050,1,0.600,1,7.9889,7.4408,-0.5481,1.8075,0.2981,0.1261,0.0106,6.0000,6.5753,0.6099,12.3310,0.5580,-151.2255,-21.7240,-144.5343,-24.5643,-144.5559,-24.6695,-149.9925,-23.4415,-161.1922,-21.8231,6.6912,-2.8403,6.6696,-2.9455,1.2330,-1.7175,66,0.3000,66,0,0.9555,0.0399,0.0046,-3.6225,-3.4127,-0.0169,-3.1346,-5.1161,0.0000,1,0.2928,0.0491,16.6721,0.0014,1.000,70.00,342.76
16.9803,IMM-UKF,jink,0.500,4.00,0.050,1,0.600,1,7.9992,7.4193,-0.5800,1.8430,0.2981,0.1261,0.0130,6.0000,6.5753,0.6088,12.6246,0.5567,-151.3149,-21.6931,-144.5343,-24.5643,-144.5559,-24.6695,-150.2047,-23.5370,-161.4483,-22.0578,6.7806,-2.8711,6.7590,-2.9764,1.1102,-1.8439,66,0.3100,66,0,0.9555,0.0399,0.0046,-3.6745,-3.5354,-0.0179,-3.1958,-5.0781,0.0000,1,0.2928,0.0491,16.6721,0.0014,1.000,70.00,342.76
16.9903,IMM-UKF,jink,0.500,4.00,0.050,1,0.600,1,8.0083,7.3958,-0.6125,1.8792,0.2981,0.1261,0.0153,6.0000,6.5753,0.6077,12.9959,0.5555,-151.3975,-21.6658,-144.5343,-24.5643,-144.5559,-24.6695,-150.4166,-23.6397,-161.7120,-22.3009,6.8633,-2.8984,6.8416,-3.0037,0.9809,-1.9739,66,0.3200,66,0,0.9555,0.0399,0.0046,-3.7262,-3.6568,-0.0189,-3.2565,-5.0394,0.0000,1,0.2928,0.0491,16.6721,0.0014,1.000,70.00,342.76
17.0003,IMM-UKF,jink,0.500,4.00,0.050,1,0.600,1,8.0162,7.3704,-0.6458,1.9161,0.2981,0.1261,0.0175,6.0000,6.5753,0.6067,13.4479,0.5543,-151.4735,-21.6421,-144.5343,-24.5643,-144.5559,-24.6695,-150.6286,-23.7495,-161.9838,-22.5524,6.9392,-2.9222,6.9176,-3.0275,0.8449,-2.1075,66,0.3300,66,0,0.9555,0.0399,0.0046,-3.7775,-3.7770,-0.0198,-3.3168,-4.9999,0.0000,1,0.2928,0.0491,16.6721,0.0014,1.000,70.00,342.76
17.0103,IMM-UKF,jink,0.500,4.00,0.050,1,0.600,1,8.0228,7.6663,-0.3565,1.2330,0.2953,0.1254,0.0224,6.0000,7.1142,0.9995,1.8331,0.5533,-151.5428,-21.6218,-151.1291,-21.7585,-151.3024,-21.8005,-151.6064,-21.9225,-162.7368,-19.0981,0.4137,-0.1367,0.2405,-0.1786,-0.0636,-0.3007,67,0.0500,67,0,0.9906,0.0090,0.0004,-3.8284,-3.8958,-0.0207,-3.3765,-4.9598,0.0000,1,0.2928,0.0491,16.9617,0.0014,1.000,70.00,342.76
17.0203,IMM-UKF,jink,0.500,4.00,0.050,1,0.600,1,8.0281,7.6746,-0.3535,1.2509,0.2953,0.1254,0.0244,6.0000,7.1142,1.0005,2.1803,0.5523,-151.6057,-21.6051,-151.1291,-21.7585,-151.3024,-21.8005,-151.8528,-21.8882,-162.9854,-19.1946,0.4766,-0.1534,0.3033,-0.1954,-0.2471,-0.2831,67,0.0600,67,0,0.9906,0.0090,0.0004,-3.8790,-4.0134,-0.0215,-3.4358,-4.9189,0.0000,1,0.2928,0.0491,16.9617,0.0014,1.000,70.00,342.76
17.0303,IMM-UKF,jink,0.500,4.00,0.050,1,0.600,1,8.0323,7.6807,-0.3515,1.2692,0.2953,0.1254,0.0264,6.0000,7.1142,1.0016,2.9021,0.5514,-151.6621,-21.5918,-151.1291,-21.7585,-151.3024,-21.8005,-152.0970,-21.8603,-163.2393,-19.2959,0.5330,-0.1666,0.3597,-0.2086,-0.4349,-0.2685,67,0.0700,67,0,0.9906,0.0090,0.0004,-3.9293,-4.1297,-0.0223,-3.4946,-4.8773,0.0000,1,0.2928,0.0491,16.9617,0.0014,1.000,70.00,342.76
17.0403,IMM-UKF,jink,0.500,4.00,0.050,1,0.600,1,8.0351,7.6847,-0.3504,1.2880,0.2953,0.1254,0.0283,6.0000,7.1142,1.0027,3.8099,0.5506,-151.7122,-21.5821,-151.1291,-21.7585,-151.3024,-21.8005,-152.3395,-21.8388,-163.4989,-19.4019,0.5830,-0.1764,0.4098,-0.2184,-0.6273,-0.2568,67,0.0800,67,0,0.9906,0.0090,0.0004,-3.9792,-4.2447,-0.0230,-3.5528,-4.8350,0.0000,1,0.2928,0.0491,16.9617,0.0014,1.000,70.00,342.76
17.0503,IMM-UKF,jink,0.500,4.00,0.050,1,0.600,1,8.0367,7.6866,-0.3501,1.3074,0.2953,0.1254,0.0301,6.0000,7.1142,1.0039,4.8165,0.5498,-151.7560,-21.5757,-151.1291,-21.7585,-151.3024,-21.8005,-152.5804,-21.8235,-163.7644,-19.5128,0.6268,-0.1827,0.4536,-0.2247,-0.8244,-0.2477,67,0.0900,67,0,0.9906,0.0090,0.0004,-4.0289,-4.3584,-0.0238,-3.6106,-4.7920,0.0000,1,0.2928,0.0491,16.9617,0.0014,1.000,70.00,342.76
17.0603,IMM-UKF,jink,0.500,4.00,0.050,1,0.600,1,8.0371,7.6864,-0.3507,1.3273,0.2953,0.1254,0.0319,6.0000,7.1142,1.0051,5.8872,0.5492,-151.7935,-21.5729,-151.1291,-21.7585,-151.3024,-21.8005,-152.8202,-21.8143,-164.0363,-19.6286,0.6644,-0.1856,0.4912,-0.2276,-1.0267,-0.2414,67,0.1000,67,0,0.9906,0.0090,0.0004,-4.0783,-4.4709,-0.0244,-3.6678,-4.7484,0.0000,1,0.2928,0.0491,16.9617,0.0014,1.000,70.00,342.76
17.0703,IMM-UKF,jink,0.500,4.00,0.050,1,0.600,1,8.0363,7.6842,-0.3521,1.3478,0.2953,0.1254,0.0336,6.0000,7.1142,1.0061,7.0068,0.5486,-151.8250,-21.5735,-151.1291,-21.7585,-151.3024,-21.8005,-153.0591,-21.8111,-164.3150,-19.7494,0.6958,-0.1850,0.5226,-0.2270,-1.2342,-0.2376,67,0.1100,67,0,0.9906,0.0090,0.0004,-4.1274,-4.5822,-0.0251,-3.7246,-4.7040,0.0000,1,0.2928,0.0491,16.9617,0.0014,1.000,70.00,342.76
17.0803,IMM-UKF,jink,0.500,4.00,0.050,1,0.600,1,8.0342,7.6799,-0.3542,1.3689,0.2953,0.1254,0.0355,6.0000,7.1142,1.0017,8.1637,0.5487,-151.8513,-21.5775,-151.1291,-21.7585,-151.3024,-21.8005,-153.2976,-21.8138,-164.6008,-19.8752,0.7222,-0.1809,0.5490,-0.2229,-1.4463,-0.2362,67,0.1200,67,0,0.9906,0.0090,0.0004,-4.1763,-4.6921,-0.0257,-3.7807,-4.6590,0.0000,1,0.2928,0.0491,16.9617,0.0014,1.000,70.00,342.76
17.0903,IMM-UKF,jink,0.500,4.00,0.050,1,0.600,1,8.0308,7.6737,-0.3571,1.3905,0.2953,0.1254,0.0374,6.0000,7.1142,0.9973,9.3603,0.5488,-151.8716,-21.5851,-151.1291,-21.7585,-151.3024,-21.8005,-153.5358,-21.8223,-164.8942,-20.0060,0.7425,-0.1734,0.5692,-0.2154,-1.6642,-0.2373,67,0.1300,67,0,0.9906,0.0090,0.0004,-4.2249,-4.8008,-0.0263,-3.8364,-4.6133,0.0000,1,0.2928,0.0491,16.9617,0.0014,1.000,70.00,342.76
17.1003,IMM-UKF,jink,0.500,4.00,0.050,1,0.600,1,8.0262,7.6656,-0.3607,1.4129,0.2953,0.1254,0.0392,6.0000,7.1142,0.9930,10.5957,0.5489,-151.8859,-21.5960,-151.1291,-21.7585,-151.3024,-21.8005,-153.7741,-21.8367,-165.1956,-20.1420,0.7567,-0.1624,0.5835,-0.2044,-1.8882,-0.2406,67,0.1400,67,0,0.9906,0.0090,0.0004,-4.2734,-4.9083,-0.0268,-3.8915,-4.5669,0.0000,1,0.2928,0.0491,16.9617,0.0014,1.000,70.00,342.76
17.1103,IMM-UKF,jink,0.500,4.00,0.050,1,0.600,1,8.0204,7.6555,-0.3649,1.4358,0.2953,0.1254,0.0411,6.0000,7.1142,0.9938,11.8749,0.5485,-151.8933,-21.6105,-151.1291,-21.7585,-151.3024,-21.8005,-154.0129,-21.8567,-165.5054,-20.2832,0.7641,-0.1480,0.5909,-0.1900,-2.1196,-0.2462,67,0.1500,67,0,0.9906,0.0090,0.0004,-4.3216,-5.0145,-0.0273,-3.9460,-4.5199,0.0000,1,0.2928,0.0491,16.9617,0.0014,1.000,70.00,342.76
17.1203,IMM-UKF,jink,0.500,4.00,0.050,1,0.600,1,8.0134,7.6436,-0.3698,1.4594,0.2953,0.1254,0.0430,6.0000,7.1142,0.9949,13.1938,0.5481,-151.8947,-21.6284,-151.1291,-21.7585,-151.3024,-21.8005,-154.2524,-21.8824,-165.8242,-20.4297,0.7656,-0.1301,0.5923,-0.1721,-2.3577,-0.2540,67,0.1600,67,0,0.9906,0.0090,0.0004,-4.3697,-5.1195,-0.0278,-3.9999,-4.4722,0.0000,1,0.2928,0.0491,16.9617,0.0014,1.000,70.00,342.76
17.1303,IMM-UKF,jink,0.500,4.00,0.050,1,0.600,1,8.0052,7.6298,-0.3754,1.4836,0.2953,0.1254,0.0449,6.0000,7.1142,0.9961,14.5531,0.5477,-151.8902,-21.6497,-151.1291,-21.7585,-151.3024,-21.8005,-154.4929,-21.9137,-166.1525,-20.5816,0.7611,-0.1087,0.5878,-0.1507,-2.6027,-0.2640,67,0.1700,67,0,0.9906,0.0090,0.0004,-4.4176,-5.2233,-0.0282,-4.0533,-4.4239,0.0000,1,0.2928,0.0491,16.9617,0.0014,1.000,70.00,342.76
17.1403,IMM-UKF,jink,0.500,4.00,0.050,1,0.600,1,7.9957,7.6142,-0.3815,1.5086,0.2953,0.1254,0.0467,6.0000,7.1142,0.9973,15.9536,0.5474,-151.8799,-21.6746,-151.1291,-21.7585,-151.3024,-21.8005,-154.7349,-21.9506,-166.4907,-20.7389,0.7507,-0.0839,0.5775,-0.1259,-2.8550,-0.2760,67,0.1800,67,0,0.9906,0.0090,0.0004,-4.4654,-5.3258,-0.0286,-4.1061,-4.3749,0.0000,1,0.2928,0.0491,16.9617,0.0014,1.000,70.00,342.76
17.1503,IMM-UKF,jink,0.500,4.00,0.050,1,0.600,1,7.9850,7.5969,-0.3882,1.5341,0.2953,0.1254,0.0484,6.0000,7.1142,0.9984,17.3970,0.5472,-151.8637,-21.7030,-151.1291,-21.7585,-151.3024,-21.8005,-154.9785,-21.9931,-166.8394,-20.9016,0.7345,-0.0555,0.5613,-0.0975,-3.1149,-0.2901,67,0.1900,67,0,0.9906,0.0090,0.0004,-4.5130,-5.4271,-0.0290,-4.1583,-4.3253,0.0000,1,0.2928,0.0491,16.9617,0.0014,1.000,70.00,342.76
17.1603,IMM-UKF,jink,0.500,4.00,0.050,1,0.600,1,7.9731,7.5778,-0.3954,1.5604,0.2953,0.1254,0.0500,6.0000,7.1142,0.9997,18.8847,0.5471,-151.8416,-21.7349,-151.1291,-21.7585,-151.3024,-21.8005,-155.2243,-22.0411,-167.1992,-21.0700,0.7125,-0.0236,0.5393,-0.0656,-3.3826,-0.3062,67,0.2000,67,0,0.9906,0.0090,0.0004,-4.5606,-5.5271,-0.0293,-4.2099,-4.2751,0.0000,1,0.2928,0.0491,16.9617,0.0014,1.000,70.00,342.76
17.1703,IMM-UKF,jink,0.500,4.00,0.050,1,0.600,1,7.9600,7.5570,-0.4031,1.5874,0.2953,0.1254,0.0516,6.0000,7.1142,1.0009,20.4183,0.5470,-151.8138,-21.7704,-151.1291,-21.7585,-151.3024,-21.8005,-155.4724,-22.0946,-167.5707,-21.2439,0.6847,0.0119,0.5115,-0.0301,-3.6586,-0.3242,67,0.2100,67,0,0.9906,0.0090,0.0004,-4.6080,-5.6259,-0.0296,-4.2609,-4.2243,0.0000,1,0.2928,0.0491,16.9617,0.0014,1.000,70.00,342.76
17.1803,IMM-UKF,jink,0.500,4.00,0.050,1,0.600,1,7.9457,7.5345,-0.4112,1.6150,0.2953,0.1254,0.0532,6.0000,7.1142,1.0022,21.9994,0.5470,-151.7802,-21.8094,-151.1291,-21.7585,-151.3024,-21.8005,-155.7233,-22.1535,-167.9545,-21.4236,0.6511,0.0509,0.4779,0.0089,-3.9430,-0.3441,67,0.2200,67,0,0.9906,0.0090,0.0004,-4.6553,-5.7235,-0.0298,-4.3113,-4.1729,0.0000,1,0.2928,0.0491,16.9617,0.0014,1.000,70.00,342.76
17.1903,IMM-UKF,jink,0.500,4.00,0.050,1,0.600,1,7.9302,7.5104,-0.4198,1.6433,0.2953,0.1254,0.0546,6.0000,7.1142,1.0035,23.6300,0.5471,-151.7408,-21.8520,-151.1291,-21.7585,-151.3024,-21.8005,-155.9772,-22.2180,-168.3513,-21.6090,0.6117,0.0936,0.4385,0.0516,-4.2364,-0.3659,67,0.2300,67,0,0.9906,0.0090,0.0004,-4.7026,-5.8199,-0.0301,-4.3610,-4.1208,0.0000,1,0.2928,0.0491,16.9617,0.0014,1.000,70.00,342.76
17.2003,IMM-UKF,jink,0.500,4.00,0.050,1,0.600,1,7.9135,7.4847,-0.4288,1.6723,0.2953,0.1254,0.0560,6.0000,7.1142,1.0048,25.3119,0.5472,-151.6957,-21.8983,-151.1291,-21.7585,-151.3024,-21.8005,-156.2346,-22.2879,-168.7618,-21.8003,0.5665,0.1398,0.3933,0.0978,-4.5390,-0.3896,67,0.2400,67,0,0.9906,0.0090,0.0004,-4.7498,-5.9151,-0.0302,-4.4102,-4.0682,0.0000,1,0.2928,0.0491,16.9617,0.0014,1.000,70.00,342.76
17.2103,IMM-UKF,jink,0.500,4.00,0.050,1,0.600,1,7.8957,7.4574,-0.4382,1.7020,0.2953,0.1254,0.0574,6.0000,7.1142,1.0062,27.0471,0.5474,-151.6447,-21.9483,-151.1291,-21.7585,-151.3024,-21.8005,-156.4959,-22.3634,-169.1867,-21.9974,0.5156,0.1898,0.3423,0.1478,-4.8512,-0.4151,67,0.2500,67,0,0.9906,0.0090,0.0004,-4.7969,-6.0090,-0.0304,-4.4587,-4.0150,0.0000,1,0.2928,0.0491,16.9617,0.0014,1.000,70.00,342.76
17.2203,IMM-UKF,jink,0.500,4.00,0.050,1,0.600,1,7.8766,7.4287,-0.4479,1.7323,0.2953,0.1254,0.0587,6.0000,7.1142,1.0075,28.8377,0.5476,-151.5880,-22.0019,-151.1291,-21.7585,-151.3024,-21.8005,-156.7614,-22.4443,-169.6267,-22.2005,0.4588,0.2434,0.2856,0.2014,-5.1734,-0.4424,67,0.2600,67,0,0.9906,0.0090,0.0004,-4.8441,-6.1018,-0.0305,-4.5065,-3.9612,0.0000,1,0.2928,0.0491,16.9617,0.0014,1.000,70.00,342.76
17.2303,IMM-UKF,jink,0.500,4.00,0.050,1,0.600,1,7.8564,7.3984,-0.4580,1.7633,0.2953,0.1254,0.0600,6.0000,7.1142,1.0090,30.6859,0.5480,-151.5254,-22.0593,-151.1291,-21.7585,-151.3024,-21.8005,-157.0315,-22.5308,-170.0827,-22.4095,0.3963,0.3008,0.2230,0.2588,-5.5061,-0.4714,67,0.2700,67,0,0.9906,0.0090,0.0004,-4.8912,-6.1933,-0.0306,-4.5537,-3.9068,0.0000,1,0.2928,0.0491,16.9617,0.0014,1.000,70.00,342.76
17.2403,IMM-UKF,jink,0.500,4.00,0.050,1,0.600,1,7.8350,7.3667,-0.4683,1.7950,0.2953,0.1254,0.0612,6.0000,7.1142,1.0103,32.5941,0.5483,-151.4571,-22.1205,-151.1291,-21.7585,-151.3024,-21.8005,-157.3066,-22.6227,-170.5555,-22.6245,0.3279,0.3620,0.1547,0.3200,-5.8495,-0.5022,67,0.2800,67,0,0.9906,0.0090,0.0004,-4.9383,-6.2836,-0.0306,-4.6003,-3.8519,0.0000,1,0.2928,0.0491,16.9617,0.0014,1.000,70.00,342.76
17.2503,IMM-UKF,jink,0.500,4.00,0.050,1,0.600,1,7.8124,7.3336,-0.4788,1.8274,0.2953,0.1254,0.0623,6.0000,7.1142,1.0118,34.5646,0.5488,-151.3828,-22.1856,-151.1291,-21.7585,-151.3024,-21.8005,-157.5872,-22.7203,-171.0460,-22.8455,0.2537,0.4271,0.0805,0.3851,-6.2043,-0.5347,67,0.2900,67,0,0.9906,0.0090,0.0004,-4.9855,-6.3727,-0.0306,-4.6462,-3.7964,0.0000,1,0.2928,0.0491,16.9617,0.0014,1.000,70.00,342.76
17.2603,IMM-UKF,jink,0.500,4.00,0.050,1,0.600,1,7.7887,7.2991,-0.4896,1.8604,0.2953,0.1254,0.0634,6.0000,7.1142,1.0133,36.6001,0.5493,-151.3028,-22.2545,-151.1291,-21.7585,-151.3024,-21.8005,-157.8737,-22.8234,-171.5550,-23.0726,0.1736,0.4960,0.0004,0.4540,-6.5709,-0.5689,67,0.3000,67,0,0.9906,0.0090,0.0004,-5.0326,-6.4606,-0.0305,-4.6914,-3.7404,0.0000,1,0.2727,0.0550,16.9617,-0.0017,1.000,70.00,342.76
17.2703,IMM-UKF,jink,0.500,4.00,0.050,1,0.600,1,7.7639,7.2633,-0.5005,1.8940,0.2953,0.1254,0.0644,6.0000,7.1142,1.0148,38.7031,0.5499,-151.2168,-22.3274,-151.1291,-21.7585,-151.3024,-21.8005,-158.1665,-22.9321,-172.0835,-23.3056,0.0877,0.5689,-0.0856,0.5269,-6.9497,-0.6047,67,0.3100,67,0,0.9906,0.0090,0.0004,-5.0798,-6.5473,-0.0304,-4.7360,-3.6838,0.0000,1,0.2727,0.0550,16.9617,-0.0017,1.000,70.00,342.76
17.2803,IMM-UKF,jink,0.500,4.00,0.050,1,0.600,1,7.7379,7.2263,-0.5116,1.9283,0.2953,0.1254,0.0654,6.0000,7.1142,1.0163,40.8764,0.5505,-151.1249,-22.4043,-151.1291,-21.7585,-151.3024,-21.8005,-158.4661,-23.0464,-172.6325,-23.5447,-0.0042,0.6458,-0.1774,0.6038,-7.3412,-0.6421,67,0.3200,67,0,0.9906,0.0090,0.0004,-5.1271,-6.6327,-0.0303,-4.7798,-3.6267,0.0000,1,0.2727,0.0550,16.9617,-0.0017,1.000,70.00,342.76
17.2903,IMM-UKF,jink,0.500,4.00,0.050,1,0.600,1,7.7107,7.1879,-0.5228,1.9632,0.2953,0.1254,0.0664,6.0000,7.1142,1.0178,43.1232,0.5512,-151.0271,-22.4852,-151.1291,-21.7585,-151.3024,-21.8005,-158.7731,-23.1664,-173.2030,-23.7896,-0.1021,0.7268,-0.2753,0.6848,-7.7460,-0.6812,67,0.3300,67,0,0.9906,0.0090,0.0004,-5.1745,-6.7170,-0.0301,-4.8230,-3.5691,0.0000,1,0.2727,0.0550,16.9617,-0.0017,1.000,70.00,342.76
17.3003,IMM-UKF,jink,0.500,4.00,0.050,1,0.600,1,7.6825,7.1484,-0.5341,1.9988,0.2953,0.1254,0.0673,6.0000,7.1142,1.0194,45.4464,0.5519,-150.9232,-22.5703,-151.1291,-21.7585,-151.3024,-21.8005,-159.0879,-23.2921,-173.7962,-24.0405,-0.2059,0.8119,-0.3791,0.7699,-8.1646,-0.7218,67,0.3400,67,0,0.9906,0.0090,0.0004,-5.2219,-6.8000,-0.0299,-4.8655,-3.5110,0.0000,1,0.2727,0.0550,16.9617,-0.0017,1.000,70.00,342.76
17.3103,IMM-UKF,jink,0.500,4.00,0.050,1,0.600,1,7.6531,7.1077,-0.5454,2.0349,0.2953,0.1254,0.0681,6.0000,7.1142,1.0210,47.8493,0.5527,-150.8134,-22.6596,-151.1291,-21.7585,-151.3024,-21.8005,-159.4110,-23.4236,-174.4130,-24.2970,-0.3158,0.9012,-0.4890,0.8592,-8.5976,-0.7639,67,0.3500,67,0,0.9906,0.0090,0.0004,-5.2694,-6.8819,-0.0296,-4.9073,-3.4524,0.0000,1,0.2727,0.0550,16.9617,-0.0017,1.000,70.00,342.76
17.3203,IMM-UKF,jink,0.500,4.00,0.050,1,0.600,1,7.6226,7.2642,-0.3584,1.3490,0.2953,0.1269,0.0689,6.0000,7.2052,1.6500,25.2549,0.5536,-150.6973,-22.7532,-151.3028,-22.2545,-151.3332,-22.5279,-155.2392,-22.3477,-164.7422,-22.6656,-0.6054,0.4987,-0.6358,0.2253,-4.5419,0.4055,68,0.0600,68,0,0.9871,0.0125,0.0005,-5.3171,-6.9625,-0.0292,-4.9483,-3.3932,0.0000,1,0.2727,0.0550,17.2586,-0.0017,1.000,70.00,342.76
17.3303,IMM-UKF,jink,0.500,4.00,0.050,1,0.600,1,7.5910,7.2441,-0.3470,1.3672,0.2953,0.1269,0.0697,6.0000,7.2052,1.6512,26.9490,0.5545,-150.5752,-22.8511,-151.3028,-22.2545,-151.3332,-22.5279,-155.4184,-22.3786,-165.0879,-22.8390,-0.7276,0.5966,-0.7580,0.3232,-4.8432,0.4726,68,0.0700,68,0,0.9871,0.0125,0.0005,-5.3648,-7.0419,-0.0288,-4.9887,-3.3336,0.0000,1,0.2727,0.0550,17.2586,-0.0017,1.000,70.00,342.76
17.3403,IMM-UKF,jink,0.500,4.00,0.050,1,0.600,1,7.5584,7.2224,-0.3360,1.3858,0.2953,0.1269,0.0704,6.0000,7.2052,1.6524,28.6961,0.5555,-150.4468,-22.9535,-151.3028,-22.2545,-151.3332,-22.5279,-155.6010,-22.4148,-165.4480,-23.0188,-0.8560,0.6990,-0.8864,0.4256,-5.1542,0.5387,68,0.0800,68,0,0.9871,0.0125,0.0005,-5.4127,-7.1201,-0.0284,-5.0283,-3.2735,0.0000,1,0.2727,0.0550,17.2586,-0.0017,1.000,70.00,342.76
17.3503,IMM-UKF,jink,0.500,4.00,0.050,1,0.600,1,7.5246,7.1991,-0.3255,1.4050,0.2953,0.1269,0.0711,6.0000,7.2052,1.6537,30.4977,0.5565,-150.3121,-23.0604,-151.3028,-22.2545,-151.3332,-22.5279,-155.7872,-22.4564,-165.8235,-23.2051,-0.9906,0.8059,-1.0211,0.5325,-5.4751,0.6041,68,0.0900,68,0,0.9871,0.0125,0.0005,-5.4608,-7.1971,-0.0279,-5.0673,-3.2129,0.0000,1,0.2727,0.0550,17.2586,-0.0017,1.000,70.00,342.76
17.3603,IMM-UKF,jink,0.500,4.00,0.050,1,0.600,1,7.4898,7.1744,-0.3154,1.4247,0.2953,0.1269,0.0717,6.0000,7.2052,1.6550,32.3559,0.5576,-150.1711,-23.1719,-151.3028,-22.2545,-151.3332,-22.5279,-155.9776,-22.5033,-166.2151,-23.3981,-1.1317,0.9174,-1.1621,0.6440,-5.8065,0.6686,68,0.1000,68,0,0.9871,0.0125,0.0005,-5.5090,-7.2728,-0.0273,-5.1054,-3.1519,0.0000,1,0.2727,0.0550,17.2586,-0.0017,1.000,70.00,342.76
17.3703,IMM-UKF,jink,0.500,4.00,0.050,1,0.600,1,7.4539,7.1483,-0.3056,1.4450,0.2953,0.1269,0.0723,6.0000,7.2052,1.6564,34.2728,0.5588,-150.0235,-23.2882,-151.3028,-22.2545,-151.3332,-22.5279,-156.1723,-22.5556,-166.6238,-23.5978,-1.2792,1.0337,-1.3096,0.7603,-6.1488,0.7326,68,0.1100,68,0,0.9871,0.0125,0.0005,-5.5575,-7.3473,-0.0266,-5.1429,-3.0904,0.0000,1,0.2727,0.0550,17.2586,-0.0017,1.000,70.00,342.76
17.3803,IMM-UKF,jink,0.500,4.00,0.050,1,0.600,1,7.4170,7.1207,-0.2963,1.4659,0.2953,0.1269,0.0728,6.0000,7.2052,1.6578,36.2508,0.5600,-149.8695,-23.4092,-151.3028,-22.2545,-151.3332,-22.5279,-156.3719,-22.6132,-167.0506,-23.8042,-1.4333,1.1547,-1.4637,0.8813,-6.5024,0.7960,68,0.1200,68,0,0.9871,0.0125,0.0005,-5.6061,-7.4206,-0.0258,-5.1796,-3.0285,0.0000,1,0.2727,0.0550,17.2586,-0.0017,1.000,70.00,342.76
17.3903,IMM-UKF,jink,0.500,4.00,0.050,1,0.600,1,7.3790,7.0917,-0.2873,1.4874,0.2953,0.1269,0.0734,6.0000,7.2052,1.6594,38.2925,0.5612,-149.7088,-23.5352,-151.3028,-22.2545,-151.3332,-22.5279,-156.5767,-22.6762,-167.4965,-24.0175,-1.5939,1.2807,-1.6244,1.0073,-6.8679,0.8590,68,0.1300,68,0,0.9871,0.0125,0.0005,-5.6549,-7.4927,-0.0250,-5.2156,-2.9661,0.0000,1,0.2727,0.0550,17.2586,-0.0017,1.000,70.00,342.76
17.4003,IMM-UKF,jink,0.500,4.00,0.050,1,0.600,1,7.3400,7.0614,-0.2786,1.5096,0.2953,0.1269,0.0738,6.0000,7.2052,1.6609,40.4004,0.5625,-149.5414,-23.6662,-151.3028,-22.2545,-151.3332,-22.5279,-156.7871,-22.7446,-167.9625,-24.2376,-1.7613,1.4117,-1.7918,1.1383,-7.2457,0.9216,68,0.1400,68,0,0.9871,0.0125,0.0005,-5.7040,-7.5636,-0.0241,-5.2508,-2.9033,0.0000,1,0.2727,0.0550,17.2586,-0.0017,1.000,70.00,342.76
17.4103,IMM-UKF,jink,0.500,4.00,0.050,1,0.600,1,7.2999,7.0298,-0.2701,1.5323,0.2953,0.1269,0.0743,6.0000,7.2052,1.6625,42.5776,0.5639,-149.3672,-23.8024,-151.3028,-22.2545,-151.3332,-22.5279,-157.0036,-22.8184,-168.4498,-24.4648,-1.9356,1.5478,-1.9660,1.2744,-7.6364,0.9840,68,0.1500,68,0,0.9871,0.0125,0.0005,-5.7533,-7.6332,-0.0230,-5.2853,-2.8401,0.0000,1,0.2727,0.0550,17.2586,-0.0017,1.000,70.00,342.76
17.4203,IMM-UKF,jink,0.500,4.00,0.050,1,0.600,1,7.2589,6.9969,-0.2620,1.5557,0.2953,0.1269,0.0747,6.0000,7.2052,1.6641,44.8272,0.5653,-149.1859,-23.9438,-151.3028,-22.2545,-151.3332,-22.5279,-157.2266,-22.8976,-168.9595,-24.6989,-2.1168,1.6893,-2.1472,1.4159,-8.0406,1.0462,68,0.1600,68,0,0.9871,0.0125,0.0005,-5.8028,-7.7015,-0.0218,-5.3190,-2.7764,0.0000,1,0.2727,0.0550,17.2586,-0.0017,1.000,70.00,342.76
17.4303,IMM-UKF,jink,0.500,4.00,0.050,1,0.600,1,7.2169,6.9629,-0.2540,1.5798,0.2953,0.1269,0.0751,6.0000,7.2052,1.6658,47.1524,0.5667,-148.9977,-24.0907,-151.3028,-22.2545,-151.3332,-22.5279,-157.4565,-22.9824,-169.4929,-24.9402,-2.3051,1.8362,-2.3355,1.5628,-8.4589,1.1083,68,0.1700,68,0,0.9871,0.0125,0.0005,-5.8526,-7.7686,-0.0205,-5.3519,-2.7124,0.0000,1,0.2727,0.0550,17.2586,-0.0017,1.000,70.00,342.76
17.4403,IMM-UKF,jink,0.500,4.00,0.050,1,0.600,1,7.1739,6.9276,-0.2463,1.6045,0.2953,0.1269,0.0755,6.0000,7.2052,1.6672,49.5546,0.5683,-148.8025,-24.2431,-151.3028,-22.2545,-151.3332,-22.5279,-157.6940,-23.0727,-170.0512,-25.1886,-2.5003,1.9886,-2.5307,1.7152,-8.8915,1.1704,68,0.1800,68,0,0.9871,0.0125,0.0005,-5.9027,-7.8345,-0.0190,-5.3841,-2.6480,0.0000,1,0.2727,0.0550,17.2586,-0.0017,1.000,70.00,342.76
17.4503,IMM-UKF,jink,0.500,4.00,0.050,1,0.600,1,7.1299,6.8912,-0.2387,1.6299,0.2953,0.1269,0.0760,6.0000,7.2052,1.6685,52.0369,0.5700,-148.6005,-24.4013,-151.3028,-22.2545,-151.3332,-22.5279,-157.9394,-23.1687,-170.6358,-25.4444,-2.7023,2.1468,-2.7327,1.8734,-9.3389,1.2326,68,0.1900,68,0,0.9871,0.0125,0.0005,-5.9531,-7.8990,-0.0172,-5.4154,-2.5832,0.0000,1,0.2727,0.0550,17.2586,-0.0017,1.000,70.00,342.76
17.4603,IMM-UKF,jink,0.500,4.00,0.050,1,0.600,1,7.0850,6.8537,-0.2313,1.6560,0.2953,0.1269,0.0765,6.0000,7.2052,1.6698,54.6057,0.5717,-148.3909,-24.5653,-151.3028,-22.2545,-151.3332,-22.5279,-158.1933,-23.2705,-171.2480,-25.7078,-2.9118,2.3108,-2.9423,2.0374,-9.8023,1.2948,68,0.2000,68,0,0.9871,0.0125,0.0005,-6.0038,-7.9623,-0.0152,-5.4461,-2.5180,0.0000,1,0.2727,0.0550,17.2586,-0.0017,1.000,70.00,342.76
17.4703,IMM-UKF,jink,0.500,4.00,0.050,1,0.600,1,7.0391,6.8152,-0.2239,1.6827,0.2953,0.1269,0.0769,6.0000,7.2052,1.6710,57.2648,0.5734,-148.1737,-24.7354,-151.3028,-22.2545,-151.3332,-22.5279,-158.4562,-23.3783,-171.8893,-25.9791,-3.1290,2.4809,-3.1595,2.2075,-10.2824,1.3571,68,0.2100,68,0,0.9871,0.0125,0.0005,-6.0548,-8.0244,-0.0129,-5.4759,-2.4525,0.0000,1,0.2727,0.0550,17.2586,-0.0017,1.000,70.00,342.76
17.4803,IMM-UKF,jink,0.500,4.00,0.050,1,0.600,1,6.9923,6.7757,-0.2166,1.7101,0.2953,0.1269,0.0773,6.0000,7.2052,1.6721,60.0185,0.5751,-147.9487,-24.9117,-151.3028,-22.2545,-151.3332,-22.5279,-158.7287,-23.4923,-172.5611,-26.2589,-3.3541,2.6572,-3.3845,2.3838,-10.7801,1.4194,68,0.2200,68,0,0.9871,0.0125,0.0005,-6.1061,-8.0851,-0.0100,-5.5049,-2.3866,0.0000,1,0.2727,0.0550,17.2586,-0.0017,1.000,70.00,342.76
17.4903,IMM-UKF,jink,0.500,4.00,0.050,1,0.600,1,6.9447,6.7353,-0.2093,1.7382,0.2953,0.1269,0.0777,6.0000,7.2052,1.6734,62.8707,0.5768,-147.7157,-25.0945,-151.3028,-22.2545,-151.3332,-22.5279,-159.0116,-23.6132,-173.2649,-26.5485,-3.5871,2.8400,-3.6175,2.5666,-11.2959,1.4813,68,0.2300,68,0,0.9871,0.0125,0.0005,-6.1578,-8.1445,-0.0065,-5.5332,-2.3204,0.0000,1,0.2727,0.0550,17.2586,-0.0017,1.000,70.00,342.76
17.5003,IMM-UKF,jink,0.500,4.00,0.050,1,0.600,1,6.8961,6.6941,-0.2020,1.7670,0.2953,0.1269,0.0781,6.0000,7.2052,1.6748,65.8279,0.5783,-147.4740,-25.2840,-151.3028,-22.2545,-151.3332,-22.5279,-159.3052,-23.7418,-174.0022,-26.8505,-3.8288,3.0295,-3.8592,2.7561,-11.8312,1.5422,68,0.2400,68,0,0.9871,0.0125,0.0005,-6.2099,-8.2026,-0.0019,-5.5606,-2.2538,0.0000,1,0.2727,0.0550,17.2586,-0.0017,1.000,70.00,342.76
17.5103,IMM-UKF,jink,0.500,4.00,0.050,1,0.600,1,6.8467,6.6523,-0.1943,1.7964,0.2953,0.1269,0.0786,6.0000,7.2052,1.6765,68.8916,0.5798,-147.2236,-25.4806,-151.3028,-22.2545,-151.3332,-22.5279,-159.6103,-23.8803,-174.7745,-27.1716,-4.0792,3.2261,-4.1096,2.9527,-12.3867,1.6003,68,0.2500,68,0,0.9871,0.0125,0.0005,-6.2623,-8.2593,0.0048,-5.5872,-2.1869,0.0000,1,0.2727,0.0550,17.2586,-0.0017,1.000,70.00,342.76
17.5203,IMM-UKF,jink,0.500,4.00,0.050,1,0.600,1,6.7964,6.6104,-0.1860,1.8265,0.2953,0.1269,0.0790,6.0000,7.2052,1.6782,72.0560,0.5813,-146.9646,-25.6848,-151.3028,-22.2545,-151.3332,-22.5279,-159.9274,-24.0363,-175.5819,-27.5364,-4.3382,3.4303,-4.3686,3.1569,-12.9628,1.6485,68,0.2600,68,0,0.9871,0.0125,0.0005,-6.3148,-8.3145,0.0171,-5.6131,-2.1197,0.0000,1,0.2727,0.0550,17.2586,-0.0017,1.000,70.00,342.76
17.5303,IMM-UKF,jink,0.500,4.00,0.050,1,0.600,1,6.7459,6.5814,-0.1645,1.8572,0.2953,0.1269,0.0794,6.0000,7.2052,1.6798,75.0672,0.5827,-146.6965,-25.9018,-151.3028,-22.2545,-151.3332,-22.5279,-160.2369,-24.3418,-176.3029,-28.3819,-4.6063,3.6473,-4.6367,3.3739,-13.5405,1.5599,68,0.2700,68,0,0.9871,0.0125,0.0005,-6.3533,-8.3511,0.1049,-5.6381,-2.0522,0.0000,1,0.2727,0.0550,17.2586,-0.0017,1.000,70.00,342.76
17.5403,IMM-UKF,jink,0.500,4.00,0.050,1,0.600,1,6.6976,6.6160,-0.0816,1.8890,0.2953,0.1269,0.0798,6.0000,7.2052,1.6813,77.0700,0.5840,-146.4154,-26.1145,-151.3028,-22.2545,-151.3332,-22.5279,-160.2625,-24.2047,-175.3585,-27.7367,-4.8874,3.8599,-4.9178,3.5865,-13.8472,1.9097,68,0.2800,68,0,0.9871,0.0125,0.0005,-6.1946,-8.1581,0.1139,-5.6623,-1.9844,0.0000,1,0.2462,0.0525,17.2586,0.0008,1.000,70.00,342.76
17.5503,IMM-UKF,jink,0.500,4.00,0.050,1,0.600,1,6.6512,6.6540,0.0027,1.9216,0.2953,0.1269,0.0801,6.0000,7.2052,1.6827,79.1258,0.5852,-146.1212,-26.3220,-151.3028,-22.2545,-151.3332,-22.5279,-160.2688,-24.0378,-174.4255,-27.0477,-5.1816,4.0675,-5.2120,3.7941,-14.1476,2.2842,68,0.2900,68,0,0.9871,0.0125,0.0005,-6.0349,-7.9658,0.1157,-5.6857,-1.9163,0.0000,1,0.2462,0.0525,17.2586,0.0008,1.000,70.00,342.76
17.5603,IMM-UKF,jink,0.500,4.00,0.050,1,0.600,1,6.6070,6.6960,0.0890,1.9548,0.2953,0.1269,0.0805,6.0000,7.2052,1.6840,81.2272,0.5863,-145.8138,-26.5238,-151.3028,-22.2545,-151.3332,-22.5279,-160.2559,-23.8519,-173.5056,-26.3519,-5.4889,4.2693,-5.5193,3.9959,-14.4421,2.6719,68,0.3000,68,0,0.9871,0.0125,0.0005,-5.8744,-7.7742,0.1154,-5.7083,-1.8480,0.0000,1,0.2462,0.0525,17.2586,0.0008,1.000,70.00,342.76
17.5703,IMM-UKF,jink,0.500,4.00,0.050,1,0.600,1,6.5648,6.7421,0.1773,1.9888,0.2953,0.1269,0.0808,6.0000,7.2052,1.6852,83.3731,0.5874,-145.4933,-26.7195,-151.3028,-22.2545,-151.3332,-22.5279,-160.2239,-23.6499,-172.5995,-25.6582,-5.8095,4.4650,-5.8399,4.1916,-14.7306,3.0696,68,0.3100,68,0,0.9871,0.0125,0.0005,-5.7128,-7.5833,0.1138,-5.7301,-1.7793,0.0000,1,0.2462,0.0525,17.2586,0.0008,1.000,70.00,342.76
17.5803,IMM-UKF,jink,0.500,4.00,0.050,1,0.600,1,6.5246,6.7923,0.2677,2.0235,0.2953,0.1269,0.0810,6.0000,7.2052,1.6863,85.5626,0.5883,-145.1594,-26.9087,-151.3028,-22.2545,-151.3332,-22.5279,-160.1728,-23.4334,-171.7078,-24.9711,-6.1434,4.6542,-6.1738,4.3808,-15.0134,3.4753,68,0.3200,68,0,0.9871,0.0125,0.0005,-5.5504,-7.3933,0.1116,-5.7510,-1.7105,0.0000,1,0.2462,0.0525,17.2586,0.0008,1.000,70.00,342.76
17.5903,IMM-UKF,jink,0.500,4.00,0.050,1,0.600,1,6.4865,6.8468,0.3602,2.0588,0.2953,0.1269,0.0813,6.0000,7.2052,1.6875,87.7952,0.5892,-144.8122,-27.0910,-151.3028,-22.2545,-151.3332,-22.5279,-160.1030,-23.2036,-170.8306,-24.2928,-6.4905,4.8365,-6.5210,4.5631,-15.2907,3.8874,68,0.3300,68,0,0.9871,0.0125,0.0005,-5.3869,-7.2042,0.1089,-5.7711,-1.6413,0.0000,1,0.2462,0.0525,17.2586,0.0008,1.000,70.00,342.76
17.6003,IMM-UKF,jink,0.500,4.00,0.050,1,0.600,1,6.4505,6.1313,-0.3192,1.2378,0.2930,0.1255,0.0838,6.0000,6.7736,2.2464,51.8227,0.5900,-144.4518,-27.2661,-146.4154,-26.1145,-146.2343,-26.4526,-154.0701,-26.6110,-156.1524,-32.0871,-1.9636,1.1516,-1.7825,0.8135,-9.6183,0.6550,69,0.0600,69,0,0.9843,0.0152,0.0005,-5.2225,-7.0159,0.1058,-5.7904,-1.5719,0.0000,1,0.2462,0.0525,17.5411,0.0008,1.000,70.00,342.76
17.6103,IMM-UKF,jink,0.500,4.00,0.050,1,0.600,1,6.4165,6.1294,-0.2871,1.2538,0.2930,0.1255,0.0840,6.0000,6.7736,2.2465,53.8045,0.5907,-144.0781,-27.4335,-146.4154,-26.1145,-146.2343,-26.4526,-154.0560,-26.6346,-155.6688,-31.4313,-2.3373,1.3190,-2.1562,0.9809,-9.9779,0.7989,69,0.0700,69,0,0.9843,0.0152,0.0005,-5.0570,-6.8286,0.1025,-5.8089,-1.5024,0.0000,1,0.2462,0.0525,17.5411,0.0008,1.000,70.00,342.76
17.6203,IMM-UKF,jink,0.500,4.00,0.050,1,0.600,1,6.3845,6.1318,-0.2527,1.2702,0.2930,0.1255,0.0842,6.0000,6.7736,2.2467,55.8001,0.5914,-143.6912,-27.5929,-146.4154,-26.1145,-146.2343,-26.4526,-154.0267,-26.6374,-155.1823,-30.7714,-2.7241,1.4785,-2.5430,1.1404,-10.3355,0.9556,69,0.0800,69,0,0.9843,0.0152,0.0005,-4.8904,-6.6422,0.0989,-5.8265,-1.4325,0.0000,1,0.2462,0.0525,17.5411,0.0008,1.000,70.00,342.76
17.6303,IMM-UKF,jink,0.500,4.00,0.050,1,0.600,1,6.3547,6.1384,-0.2163,1.2873,0.2930,0.1255,0.0844,6.0000,6.7736,2.2468,57.8095,0.5920,-143.2914,-27.7440,-146.4154,-26.1145,-146.2343,-26.4526,-153.9820,-26.6194,-154.6936,-30.1095,-3.1240,1.6296,-2.9429,1.2915,-10.6907,1.1246,69,0.0900,69,0,0.9843,0.0152,0.0005,-4.7228,-6.4568,0.0951,-5.8432,-1.3625,0.0000,1,0.2462,0.0525,17.5411,0.0008,1.000,70.00,342.76
17.6403,IMM-UKF,jink,0.500,4.00,0.050,1,0.600,1,6.3268,6.1492,-0.1776,1.3050,0.2930,0.1255,0.0845,6.0000,6.7736,2.2468,59.8334,0.5925,-142.8785,-27.8865,-146.4154,-26.1145,-146.2343,-26.4526,-153.9215,-26.5808,-154.2036,-29.4471,-3.5368,1.7720,-3.3557,1.4339,-11.0430,1.3056,69,0.1000,69,0,0.9843,0.0152,0.0005,-4.5540,-6.2724,0.0911,-5.8592,-1.2923,0.0000,1,0.2462,0.0525,17.5411,0.0008,1.000,70.00,342.76
17.6503,IMM-UKF,jink,0.500,4.00,0.050,1,0.600,1,6.3011,6.1643,-0.1368,1.3233,0.2930,0.1255,0.0847,6.0000,6.7736,2.2469,61.8721,0.5930,-142.4530,-28.0199,-146.4154,-26.1145,-146.2343,-26.4526,-153.8450,-26.5219,-153.7131,-28.7861,-3.9624,1.9055,-3.7813,1.5674,-11.3920,1.4981,69,0.1100,69,0,0.9843,0.0152,0.0005,-4.3841,-6.0890,0.0870,-5.8743,-1.2219,0.0000,1,0.2462,0.0525,17.5411,0.0008,1.000,70.00,342.76
17.6603,IMM-UKF,jink,0.500,4.00,0.050,1,0.600,1,6.2774,6.1835,-0.0938,1.3423,0.2930,0.1255,0.0848,6.0000,6.7736,2.2468,63.9257,0.5934,-142.0149,-28.1441,-146.4154,-26.1145,-146.2343,-26.4526,-153.7523,-26.4428,-153.2227,-28.1278,-4.4005,2.0296,-4.2194,1.6915,-11.7375,1.7013,69,0.1200,69,0,0.9843,0.0152,0.0005,-4.2131,-5.9067,0.0828,-5.8885,-1.1513,0.0000,1,0.2462,0.0525,17.5411,0.0008,1.000,70.00,342.76
17.6703,IMM-UKF,jink,0.500,4.00,0.050,1,0.600,1,6.2557,6.2070,-0.0488,1.3619,0.2930,0.1255,0.0849,6.0000,6.7736,2.2467,65.9942,0.5938,-141.5645,-28.2586,-146.4154,-26.1145,-146.2343,-26.4526,-153.6433,-26.3439,-152.7329,-27.4737,-4.8509,2.1441,-4.6698,1.8061,-12.0789,1.9147,69,0.1300,69,0,0.9843,0.0152,0.0005,-4.0408,-5.7256,0.0785,-5.9019,-1.0806,0.0000,1,0.2462,0.0525,17.5411,0.0008,1.000,70.00,342.76
17.6803,IMM-UKF,jink,0.500,4.00,0.050,1,0.600,1,6.2362,6.2346,-0.0016,1.3822,0.2930,0.1255,0.0850,6.0000,6.7736,2.2466,68.0793,0.5941,-141.1020,-28.3633,-146.4154,-26.1145,-146.2343,-26.4526,-153.5185,-26.2263,-152.2462,-26.8277,-5.3134,2.2488,-5.1322,1.9107,-12.4165,2.1370,69,0.1400,69,0,0.9843,0.0152,0.0005,-3.8681,-5.5463,0.0740,-5.9144,-1.0097,0.0000,1,0.2462,0.0525,17.5411,0.0008,1.000,70.00,342.76
17.6903,IMM-UKF,jink,0.500,4.00,0.050,1,0.600,1,6.2187,6.2660,0.0473,1.4031,0.2930,0.1255,0.0851,6.0000,6.7736,2.2465,70.1832,0.5944,-140.6279,-28.4580,-146.4154,-26.1145,-146.2343,-26.4526,-153.3786,-26.0915,-151.7656,-26.1948,-5.7875,2.3435,-5.6064,2.0054,-12.7507,2.3665,69,0.1500,69,0,0.9843,0.0152,0.0005,-3.6960,-5.3701,0.0695,-5.9261,-0.9386,0.0000,1,0.2462,0.0525,17.5411,0.0008,1.000,70.00,342.76
17.7003,IMM-UKF,jink,0.500,4.00,0.050,1,0.600,1,6.2032,6.3012,0.0980,1.4248,0.2930,0.1255,0.0851,6.0000,6.7736,2.2464,72.3061,0.5946,-140.1424,-28.5425,-146.4154,-26.1145,-146.2343,-26.4526,-153.2241,-25.9403,-151.2911,-25.5754,-6.2730,2.4281,-6.0918,2.0900,-13.0817,2.6022,69,0.1600,69,0,0.9843,0.0152,0.0005,-3.5245,-5.1969,0.0650,-5.9370,-0.8675,0.0000,1,0.2462,0.0525,17.5411,0.0008,1.000,70.00,342.76
17.7103,IMM-UKF,jink,0.500,4.00,0.050,1,0.600,1,6.1898,6.3403,0.1505,1.4472,0.2930,0.1255,0.0852,6.0000,6.7736,2.2462,74.4474,0.5948,-139.6460,-28.6168,-146.4154,-26.1145,-146.2343,-26.4526,-153.0553,-25.7736,-150.8226,-24.9698,-6.7694,2.5024,-6.5883,2.1643,-13.4093,2.8433,69,0.1700,69,0,0.9843,0.0152,0.0005,-3.3536,-5.0267,0.0604,-5.9469,-0.7962,0.0000,1,0.2462,0.0525,17.5411,0.0008,1.000,70.00,342.76
17.7203,IMM-UKF,jink,0.500,4.00,0.050,1,0.600,1,6.1784,6.3830,0.2046,1.4703,0.2930,0.1255,0.0853,6.0000,6.7736,2.2460,76.6066,0.5950,-139.1389,-28.6808,-146.4154,-26.1145,-146.2343,-26.4526,-152.8726,-25.5921,-150.3601,-24.3783,-7.2764,2.5663,-7.0953,2.2282,-13.7337,3.0887,69,0.1800,69,0,0.9843,0.0152,0.0005,-3.1832,-4.8596,0.0558,-5.9561,-0.7247,0.0000,1,0.2462,0.0525,17.5411,0.0008,1.000,70.00,342.76
17.7303,IMM-UKF,jink,0.500,4.00,0.050,1,0.600,1,6.1689,6.4294,0.2605,1.4941,0.2930,0.1255,0.0853,6.0000,6.7736,2.2457,78.7828,0.5950,-138.6217,-28.7343,-146.4154,-26.1145,-146.2343,-26.4526,-152.6765,-25.3969,-149.9034,-23.8010,-7.7936,2.6199,-7.6125,2.2818,-14.0547,3.3374,69,0.1900,69,0,0.9843,0.0152,0.0005,-3.0134,-4.6954,0.0511,-5.9643,-0.6532,0.0000,1,0.2462,0.0525,17.5411,0.0008,1.000,70.00,342.76
17.7403,IMM-UKF,jink,0.500,4.00,0.050,1,0.600,1,6.1615,6.4794,0.3179,1.5186,0.2930,0.1255,0.0854,6.0000,6.7736,2.2455,80.9747,0.5951,-138.0949,-28.7773,-146.4154,-26.1145,-146.2343,-26.4526,-152.4675,-25.1887,-149.4525,-23.2380,-8.3204,2.6629,-8.1393,2.3248,-14.3726,3.5886,69,0.2000,69,0,0.9843,0.0152,0.0005,-2.8442,-4.5343,0.0465,-5.9717,-0.5816,0.0000,1,0.2462,0.0525,17.5411,0.0008,1.000,70.00,342.76
17.7503,IMM-UKF,jink,0.500,4.00,0.050,1,0.600,1,6.1560,6.5330,0.3770,1.5438,0.2930,0.1255,0.0854,6.0000,6.7736,2.2453,83.1810,0.5952,-137.5589,-28.8099,-146.4154,-26.1145,-146.2343,-26.4526,-152.2461,-24.9686,-149.0073,-22.6894,-8.8565,2.6954,-8.6754,2.3573,-14.6872,3.8413,69,0.2100,69,0,0.9843,0.0152,0.0005,-2.6755,-4.3762,0.0418,-5.9783,-0.5099,0.0000,1,0.2462,0.0525,17.5411,0.0008,1.000,70.00,342.76
17.7603,IMM-UKF,jink,0.500,4.00,0.050,1,0.600,1,6.1525,6.5901,0.4376,1.5697,0.2930,0.1255,0.0854,6.0000,6.7736,2.2449,85.3999,0.5952,-137.0141,-28.8318,-146.4154,-26.1145,-146.2343,-26.4526,-152.0129,-24.7373,-148.5675,-22.1551,-9.4012,2.7174,-9.2201,2.3793,-14.9988,4.0945,69,0.2200,69,0,0.9843,0.0152,0.0005,-2.5074,-4.2211,0.0370,-5.9840,-0.4381,0.0000,1,0.2462,0.0525,17.5411,0.0008,1.000,70.00,342.76
17.7703,IMM-UKF,jink,0.500,4.00,0.050,1,0.600,1,6.1510,6.6507,0.4998,1.5963,0.2930,0.1255,0.0855,6.0000,6.7736,2.2446,87.6300,0.5951,-136.4611,-28.8433,-146.4154,-26.1145,-146.2343,-26.4526,-151.7684,-24.4958,-148.1331,-21.6350,-9.9543,2.7288,-9.7731,2.3907,-15.3073,4.3475,69,0.2300,69,0,0.9843,0.0152,0.0005,-2.3398,-4.0690,0.0323,-5.9888,-0.3663,0.0000,1,0.2462,0.0525,17.5411,0.0008,1.000,70.00,342.76
17.7803,IMM-UKF,jink,0.500,4.00,0.050,1,0.600,1,6.1513,6.7148,0.5634,1.6236,0.2930,0.1255,0.0855,6.0000,6.7736,2.2443,89.8688,0.5951,-135.9004,-28.8442,-146.4154,-26.1145,-146.2343,-26.4526,-151.5132,-24.2449,-147.7039,-21.1289,-10.5150,2.7297,-10.3338,2.3917,-15.6127,4.5993,69,0.2400,69,0,0.9843,0.0152,0.0005,-2.1729,-3.9198,0.0275,-5.9928,-0.2944,0.0000,1,0.2462,0.0525,17.5411,0.0008,1.000,70.00,342.76
17.7903,IMM-UKF,jink,0.500,4.00,0.050,1,0.600,1,6.1537,6.7822,0.6285,1.6516,0.2930,0.1255,0.0855,6.0000,6.7736,2.2440,92.1142,0.5949,-135.3326,-28.8347,-146.4154,-26.1145,-146.2343,-26.4526,-151.2478,-23.9856,-147.2797,-20.6367,-11.0828,2.7202,-10.9016,2.3821,-15.9152,4.8491,69,0.2500,69,0,0.9843,0.0152,0.0005,-2.0064,-3.7736,0.0228,-5.9959,-0.2225,0.0000,1,0.2264,0.0516,17.5411,0.0013,1.000,70.00,342.76
17.8003,IMM-UKF,jink,0.500,4.00,0.050,1,0.600,1,6.1579,6.8530,0.6951,1.6803,0.2930,0.1255,0.0856,6.0000,6.7736,2.2436,94.3639,0.5948,-134.7582,-28.8148,-146.4154,-26.1145,-146.2343,-26.4526,-150.9729,-23.7187,-146.8605,-20.1582,-11.6572,2.7003,-11.4761,2.3622,-16.2147,5.0961,69,0.2600,69,0,0.9843,0.0152,0.0005,-1.8406,-3.6304,0.0180,-5.9981,-0.1505,0.0000,1,0.2264,0.0516,17.5411,0.0013,1.000,70.00,342.76
17.8103,IMM-UKF,jink,0.500,4.00,0.050,1,0.600,1,6.1641,6.9271,0.7630,1.7097,0.2930,0.1255,0.0856,6.0000,6.7736,2.2433,96.6155,0.5947,-134.1777,-28.7846,-146.4154,-26.1145,-146.2343,-26.4526,-150.6890,-23.4449,-146.4460,-19.6932,-12.2377,2.6702,-12.0566,2.3321,-16.5113,5.3397,69,0.2700,69,0,0.9843,0.0152,0.0005,-1.6754,-3.4901,0.0132,-5.9995,-0.0785,0.0000,1,0.2264,0.0516,17.5411,0.0013,1.000,70.00,342.76
17.8203,IMM-UKF,jink,0.500,4.00,0.050,1,0.600,1,6.1721,7.0045,0.8324,1.7398,0.2930,0.1255,0.0856,6.0000,6.7736,2.2429,98.8665,0.5944,-133.5917,-28.7442,-146.4154,-26.1145,-146.2343,-26.4526,-150.3967,-23.1651,-146.0362,-19.2413,-12.8237,2.6298,-12.6425,2.2917,-16.8050,5.5791,69,0.2800,69,0,0.9843,0.0152,0.0005,-1.5107,-3.3527,0.0083,-6.0000,-0.0065,0.0000,1,0.2264,0.0516,17.5411,0.0013,1.000,70.00,342.76
17.8303,IMM-UKF,jink,0.500,4.00,0.050,1,0.600,1,6.1821,7.0851,0.9030,1.7705,0.2930,0.1255,0.0856,6.0000,6.7736,2.2424,101.1145,0.5942,-133.0008,-28.6938,-146.4154,-26.1145,-146.2343,-26.4526,-150.0966,-22.8801,-145.6308,-18.8023,-13.4146,2.5794,-13.2335,2.2413,-17.0958,5.8137,69,0.2900,69,0,0.9843,0.0152,0.0005,-1.3466,-3.2182,0.0035,-5.9996,0.0655,0.0000,1,0.2264,0.0516,17.5411,0.0013,1.000,70.00,342.76
17.8403,IMM-UKF,jink,0.500,4.00,0.050,1,0.600,1,6.1939,7.1689,0.9750,1.8019,0.2930,0.1255,0.0856,6.0000,6.7736,2.2419,103.3567,0.5939,-132.4055,-28.6335,-146.4154,-26.1145,-146.2343,-26.4526,-149.7892,-22.5906,-145.2298,-18.3759,-14.0098,2.5191,-13.8287,2.1810,-17.3836,6.0429,69,0.3000,69,0,0.9843,0.0152,0.0005,-1.1832,-3.0866,-0.0014,-5.9984,0.1375,0.0000,1,0.2264,0.0516,17.5411,0.0013,1.000,70.00,342.76
17.8503,IMM-UKF,jink,0.500,4.00,0.050,1,0.600,1,6.2077,5.8195,-0.3881,1.1865,0.2911,0.1262,0.0875,6.0000,5.4840,2.0946,36.8691,0.5935,-131.8064,-28.5635,-135.3326,-28.8347,-134.9335,-28.8084,-138.6967,-29.7963,-124.1568,-30.6050,-3.5262,-0.2712,-3.1271,-0.2450,-6.8902,-1.2328,70,0.0600,70,0,0.9200,0.0672,0.0128,-1.0203,-2.9579,-0.0062,-5.9963,0.2094,0.0000,1,0.2264,0.0516,17.7916,0.0013,1.000,70.00,342.76
17.8603,IMM-UKF,jink,0.500,4.00,0.050,1,0.600,1,6.2233,5.8565,-0.3667,1.2023,0.2911,0.1262,0.0875,6.0000,5.4840,2.0941,38.0824,0.5932,-131.2041,-28.4839,-135.3326,-28.8347,-134.9335,-28.8084,-138.3136,-29.7650,-123.9958,-30.1255,-4.1285,-0.3508,-3.7294,-0.3245,-7.1095,-1.2810,70,0.0700,70,0,0.9200,0.0672,0.0128,-0.8581,-2.8321,-0.0112,-5.9934,0.2814,0.0000,1,0.2264,0.0516,17.7916,0.0013,1.000,70.00,342.76
17.8703,IMM-UKF,jink,0.500,4.00,0.050,1,0.600,1,6.2407,5.8971,-0.3437,1.2188,0.2911,0.1262,0.0875,6.0000,5.4840,2.0937,39.2819,0.5927,-130.5991,-28.3950,-135.3326,-28.8347,-134.9335,-28.8084,-137.9263,-29.7136,-123.8342,-29.6509,-4.7335,-0.4397,-4.3345,-0.4134,-7.3272,-1.3186,70,0.0800,70,0,0.9200,0.0672,0.0128,-0.6965,-2.7091,-0.0161,-5.9896,0.3533,0.0000,1,0.2264,0.0516,17.7916,0.0013,1.000,70.00,342.76
17.8803,IMM-UKF,jink,0.500,4.00,0.050,1,0.600,1,6.2600,5.9410,-0.3190,1.2359,0.2911,0.1262,0.0875,6.0000,5.4840,2.0934,40.4685,0.5923,-129.9919,-28.2970,-135.3326,-28.8347,-134.9335,-28.8084,-137.5353,-29.6430,-123.6718,-29.1816,-5.3407,-0.5377,-4.9416,-0.5114,-7.5434,-1.3459,70,0.0900,70,0,0.9200,0.0672,0.0128,-0.5356,-2.5889,-0.0210,-5.9849,0.4251,0.0000,1,0.2264,0.0516,17.7916,0.0013,1.000,70.00,342.76
17.8903,IMM-UKF,jink,0.500,4.00,0.050,1,0.600,1,6.2812,5.9883,-0.2928,1.2538,0.2911,0.1262,0.0876,6.0000,5.4840,2.0930,41.6435,0.5918,-129.3831,-28.1902,-135.3326,-28.8347,-134.9335,-28.8084,-137.1410,-29.5539,-123.5085,-28.7182,-5.9495,-0.6445,-5.5504,-0.6182,-7.7579,-1.3637,70,0.1000,70,0,0.9200,0.0672,0.0128,-0.3753,-2.4715,-0.0260,-5.9794,0.4969,0.0000,1,0.2264,0.0516,17.7916,0.0013,1.000,70.00,342.76
17.9003,IMM-UKF,jink,0.500,4.00,0.050,1,0.600,1,6.3042,6.0390,-0.2652,1.2723,0.2911,0.1262,0.0876,6.0000,5.4840,2.0927,42.8081,0.5912,-128.7733,-28.0748,-135.3326,-28.8347,-134.9335,-28.8084,-136.7440,-29.4473,-123.3442,-28.2609,-6.5593,-0.7599,-6.1602,-0.7337,-7.9707,-1.3725,70,0.1100,70,0,0.9200,0.0672,0.0128,-0.2157,-2.3569,-0.0310,-5.9730,0.5686,0.0000,1,0.2264,0.0516,17.7916,0.0013,1.000,70.00,342.76
17.9103,IMM-UKF,jink,0.500,4.00,0.050,1,0.600,1,6.3290,6.0930,-0.2360,1.2915,0.2911,0.1262,0.0876,6.0000,5.4840,2.0923,43.9633,0.5906,-128.1629,-27.9509,-135.3326,-28.8347,-134.9335,-28.8084,-136.3448,-29.3240,-123.1789,-27.8100,-7.1697,-0.8838,-6.7706,-0.8575,-8.1819,-1.3730,70,0.1200,70,0,0.9200,0.0672,0.0128,-0.0568,-2.2451,-0.0361,-5.9657,0.6403,0.0000,1,0.2264,0.0516,17.7916,0.0013,1.000,70.00,342.76
17.9203,IMM-UKF,jink,0.500,4.00,0.050,1,0.600,1,6.3556,6.1502,-0.2054,1.3114,0.2911,0.1262,0.0876,6.0000,5.4840,2.0920,45.1108,0.5899,-127.5524,-27.8190,-135.3326,-28.8347,-134.9335,-28.8084,-135.9439,-29.1849,-123.0124,-27.3658,-7.7802,-1.0156,-7.3811,-0.9894,-8.3915,-1.3658,70,0.1300,70,0,0.9200,0.0672,0.0128,0.1014,-2.1359,-0.0412,-5.9576,0.7118,0.0000,1,0.2264,0.0516,17.7916,0.0013,1.000,70.00,342.76
17.9303,IMM-UKF,jink,0.500,4.00,0.050,1,0.600,1,6.3840,6.2106,-0.1734,1.3321,0.2911,0.1262,0.0876,6.0000,5.4840,2.0917,46.2517,0.5891,-126.9424,-27.6794,-135.3326,-28.8347,-134.9335,-28.8084,-135.5417,-29.0309,-122.8448,-26.9284,-8.3903,-1.1553,-7.9912,-1.1290,-8.5994,-1.3515,70,0.1400,70,0,0.9200,0.0672,0.0128,0.2590,-2.0295,-0.0464,-5.9487,0.7832,0.0000,1,0.2264,0.0516,17.7916,0.0013,1.000,70.00,342.76
17.9403,IMM-UKF,jink,0.500,4.00,0.050,1,0.600,1,6.4142,6.2742,-0.1400,1.3535,0.2911,0.1262,0.0876,6.0000,5.4840,2.0913,47.3871,0.5883,-126.3332,-27.5322,-135.3326,-28.8347,-134.9335,-28.8084,-135.1387,-28.8630,-122.6759,-26.4981,-8.9994,-1.3025,-8.6004,-1.2762,-8.8055,-1.3308,70,0.1500,70,0,0.9200,0.0672,0.0128,0.4157,-1.9257,-0.0516,-5.9388,0.8546,0.0000,1,0.2264,0.0516,17.7916,0.0013,1.000,70.00,342.76
17.9503,IMM-UKF,jink,0.500,4.00,0.050,1,0.600,1,6.4462,6.3410,-0.1053,1.3756,0.2911,0.1262,0.0876,6.0000,5.4840,2.0910,48.5182,0.5875,-125.7253,-27.3779,-135.3326,-28.8347,-134.9335,-28.8084,-134.7353,-28.6820,-122.5058,-26.0748,-9.6073,-1.4568,-9.2082,-1.4305,-9.0100,-1.3041,70,0.1600,70,0,0.9200,0.0672,0.0128,0.5718,-1.8246,-0.0569,-5.9281,0.9258,0.0000,1,0.2264,0.0516,17.7916,0.0013,1.000,70.00,342.76
17.9603,IMM-UKF,jink,0.500,4.00,0.050,1,0.600,1,6.4800,6.4108,-0.0692,1.3985,0.2911,0.1262,0.0876,6.0000,5.4840,2.0907,49.6456,0.5865,-125.1192,-27.2167,-135.3326,-28.8347,-134.9335,-28.8084,-134.3319,-28.4889,-122.3343,-25.6587,-10.2134,-1.6180,-9.8143,-1.5918,-9.2127,-1.2722,70,0.1700,70,0,0.9200,0.0672,0.0128,0.7271,-1.7262,-0.0623,-5.9166,0.9968,0.0000,1,0.2264,0.0516,17.7916,0.0013,1.000,70.00,342.76
17.9703,IMM-UKF,jink,0.500,4.00,0.050,1,0.600,1,6.5155,6.4837,-0.0319,1.4222,0.2911,0.1262,0.0876,6.0000,5.4840,2.0904,50.7703,0.5855,-124.5152,-27.0489,-135.3326,-28.8347,-134.9335,-28.8084,-133.9288,-28.2844,-122.1617,-25.2498,-10.8174,-1.7858,-10.4183,-1.7595,-9.4136,-1.2355,70,0.1800,70,0,0.9200,0.0672,0.0128,0.8816,-1.6303,-0.0678,-5.9042,1.0678,0.0000,1,0.2264,0.0516,17.7916,0.0013,1.000,70.00,342.76
17.9803,IMM-UKF,jink,0.500,4.00,0.050,1,0.600,1,6.5528,6.5596,0.0068,1.4466,0.2911,0.1262,0.0876,6.0000,5.4840,2.0901,51.8926,0.5844,-123.9138,-26.8749,-135.3326,-28.8347,-134.9335,-28.8084,-133.5264,-28.0694,-121.9877,-24.8479,-11.4188,-1.9598,-11.0197,-1.9335,-9.6126,-1.1945,70,0.1900,70,0,0.9200,0.0672,0.0128,1.0354,-1.5369,-0.0735,-5.8910,1.1385,0.0000,1,0.2264,0.0516,17.7916,0.0013,1.000,70.00,342.76
17.9903,IMM-UKF,jink,0.500,4.00,0.050,1,0.600,1,6.5918,6.6384,0.0466,1.4717,0.2911,0.1262,0.0876,6.0000,5.4840,2.0898,53.0129,0.5833,-123.3153,-26.6949,-135.3326,-28.8347,-134.9335,-28.8084,-133.1250,-27.8448,-121.8126,-24.4531,-12.0173,-2.1398,-11.6182,-2.1135,-9.8097,-1.1498,70,0.2000,70,0,0.9200,0.0672,0.0128,1.1883,-1.4462,-0.0794,-5.8769,1.2092,0.0000,1,0.2264,0.0516,17.7916,0.0013,1.000,70.00,342.76
18.0003,IMM-UKF,jink,0.500,4.00,0.050,1,0.600,1,6.6325,6.7202,0.0877,1.4976,0.2911,0.1262,0.0876,6.0000,5.4840,2.0895,54.1315,0.5821,-122.7201,-26.5093,-135.3326,-28.8347,-134.9335,-28.8084,-132.7250,-27.6112,-121.6362,-24.0650,-12.6125,-2.3254,-12.2135,-2.2991,-10.0049,-1.1018,70,0.2100,70,0,0.9200,0.0672,0.0128,1.3405,-1.3579,-0.0855,-5.8620,1.2796,0.0000,1,0.2264,0.0516,17.7916,0.0013,1.000,70.00,342.76
18.0103,IMM-UKF,jink,0.500,4.00,0.050,1,0.600,1,6.6759,6.8049,0.1290,1.5243,0.2911,0.1262,0.0875,6.0000,5.4840,2.0950,55.2000,0.5808,-122.1394,-26.3145,-135.3326,-28.8347,-134.9335,-28.8084,-132.3281,-27.3682,-121.4621,-23.6810,-13.1932,-2.5202,-12.7941,-2.4939,-10.1887,-1.0536,70,0.2200,70,0,0.9200,0.0672,0.0128,1.4914,-1.2714,-0.0924,-5.8769,1.2092,0.0000,1,0.2264,0.0516,17.7916,0.0013,1.000,70.00,342.76
18.0203,IMM-UKF,jink,0.500,4.00,0.050,1,0.600,1,6.7218,6.8923,0.1705,1.5517,0.2911,0.1262,0.0872,6.0000,5.4840,2.1004,56.2235,0.5796,-121.5726,-26.1110,-135.3326,-28.8347,-134.9335,-28.8084,-131.9347,-27.1154,-121.2905,-23.2989,-13.7600,-2.7237,-13.3609,-2.6974,-10.3621,-1.0044,70,0.2300,70,0,0.9200,0.0672,0.0128,1.6412,-1.1866,-0.1009,-5.8910,1.1385,0.0000,1,0.2469,0.0498,17.7916,0.0002,1.000,70.00,342.76
18.0303,IMM-UKF,jink,0.500,4.00,0.050,1,0.600,1,6.7702,6.9823,0.2121,1.5799,0.2911,0.1262,0.0868,6.0000,5.4840,2.1056,57.2009,0.5784,-121.0201,-25.8991,-135.3326,-28.8347,-134.9335,-28.8084,-131.5454,-26.8510,-121.1214,-22.9132,-14.3125,-2.9356,-13.9134,-2.9093,-10.5253,-0.9519,70,0.2400,70,0,0.9200,0.0672,0.0128,1.7897,-1.1036,-0.1123,-5.9042,1.0678,0.0000,1,0.2469,0.0498,17.7916,0.0002,1.000,70.00,342.76
18.0403,IMM-UKF,jink,0.500,4.00,0.050,1,0.600,1,6.8210,7.0739,0.2529,1.6089,0.2911,0.1262,0.0862,6.0000,5.4840,2.1105,58.1318,0.5773,-120.4821,-25.6789,-135.3326,-28.8347,-134.9335,-28.8084,-131.1609,-26.5653,-120.9553,-22.5021,-14.8505,-3.1558,-14.4514,-3.1296,-10.6788,-0.8865,70,0.2500,70,0,0.9200,0.0672,0.0128,1.9362,-1.0225,-0.1324,-5.9166,0.9968,0.0000,1,0.2469,0.0498,17.7916,0.0002,1.000,70.00,342.76
18.0503,IMM-UKF,jink,0.500,4.00,0.050,1,0.600,1,6.8718,7.1044,0.2327,1.6395,0.2911,0.1262,0.0854,6.0000,5.4840,2.1152,59.8115,0.5763,-119.9613,-25.4465,-135.3326,-28.8347,-134.9335,-28.8084,-130.9308,-26.1645,-120.9252,-21.8127,-15.3713,-3.3882,-14.9723,-3.3619,-10.9696,-0.7180,70,0.2600,70,0,0.9200,0.0672,0.0128,1.8892,-1.0239,-0.3086,-5.9281,0.9258,0.0000,1,0.2469,0.0498,17.7916,0.0002,1.000,70.00,342.76
18.0603,IMM-UKF,jink,0.500,4.00,0.050,1,0.600,1,6.9217,7.1190,0.1973,1.6714,0.2911,0.1262,0.0845,6.0000,5.4840,2.1196,62.1742,0.5755,-119.4589,-25.2206,-135.3326,-28.8347,-134.9335,-28.8084,-130.8215,-26.2100,-120.9996,-22.0318,-15.8737,-3.6141,-15.4747,-3.5879,-11.3626,-0.9895,70,0.2700,70,0,0.9200,0.0672,0.0128,1.7043,-1.0826,-0.3139,-5.9388,0.8546,0.0000,1,0.2469,0.0498,17.7916,0.0002,1.000,70.00,342.76
18.0703,IMM-UKF,jink,0.500,4.00,0.050,1,0.600,1,6.9709,6.1445,-0.8264,1.0499,0.2881,0.1235,0.0865,6.0000,5.0698,1.1442,9.6793,0.5747,-118.9743,-25.0015,-121.5726,-26.1110,-121.3887,-26.2016,-120.7583,-25.0623,-107.7466,-18.2822,-2.5984,-1.1095,-2.4144,-1.2001,-1.7840,-0.0608,71,0.0500,71,0,0.9711,0.0272,0.0017,1.5208,-1.1402,-0.3106,-5.9487,0.7832,0.0000,1,0.2469,0.0498,18.0205,0.0002,1.000,70.00,342.76
18.0803,IMM-UKF,jink,0.500,4.00,0.050,1,0.600,1,7.0193,6.1845,-0.8348,1.0653,0.2881,0.1235,0.0853,6.0000,5.0698,1.1472,10.2996,0.5739,-118.5068,-24.7894,-121.5726,-26.1110,-121.3887,-26.2016,-120.3973,-24.9311,-107.5824,-18.4205,-3.0659,-1.3216,-2.8819,-1.4122,-1.8906,-0.1416,71,0.0600,71,0,0.9711,0.0272,0.0017,1.3388,-1.1965,-0.3043,-5.9576,0.7118,0.0000,1,0.2469,0.0498,18.0205,0.0002,1.000,70.00,342.76
18.0903,IMM-UKF,jink,0.500,4.00,0.050,1,0.600,1,7.0668,6.2215,-0.8454,1.0813,0.2881,0.1235,0.0843,6.0000,5.0698,1.1425,10.9416,0.5727,-118.0542,-24.5843,-121.5726,-26.1110,-121.3887,-26.2016,-120.0505,-24.8163,-107.4191,-18.5713,-3.5184,-1.5267,-3.3345,-1.6174,-1.9963,-0.2320,71,0.0700,71,0,0.9711,0.0272,0.0017,1.1585,-1.2516,-0.2967,-5.9657,0.6403,0.0000,1,0.2469,0.0498,18.0205,0.0002,1.000,70.00,342.76
18.1003,IMM-UKF,jink,0.500,4.00,0.050,1,0.600,1,7.1136,6.2556,-0.8580,1.0980,0.2881,0.1235,0.0832,6.0000,5.0698,1.1363,11.6001,0.5712,-117.6173,-24.3860,-121.5726,-26.1110,-121.3887,-26.2016,-119.7170,-24.7174,-107.2566,-18.7330,-3.9554,-1.7250,-3.7714,-1.8156,-2.0997,-0.3314,71,0.0800,71,0,0.9711,0.0272,0.0017,0.9797,-1.3056,-0.2882,-5.9730,0.5686,0.0000,1,0.2469,0.0498,18.0205,0.0002,1.000,70.00,342.76
18.1103,IMM-UKF,jink,0.500,4.00,0.050,1,0.600,1,7.1595,6.2868,-0.8727,1.1153,0.2881,0.1235,0.0822,6.0000,5.0698,1.1337,12.2707,0.5698,-117.1965,-24.1945,-121.5726,-26.1110,-121.3887,-26.2016,-119.3959,-24.6339,-107.0945,-18.9047,-4.3761,-1.9165,-4.1922,-2.0071,-2.1994,-0.4393,71,0.0900,71,0,0.9711,0.0272,0.0017,0.8025,-1.3585,-0.2793,-5.9794,0.4969,0.0000,1,0.2469,0.0498,18.0205,0.0002,1.000,70.00,342.76
18.1203,IMM-UKF,jink,0.500,4.00,0.050,1,0.600,1,7.2045,6.3152,-0.8893,1.1334,0.2881,0.1235,0.0813,6.0000,5.0698,1.1363,12.9530,0.5688,-116.7917,-24.0097,-121.5726,-26.1110,-121.3887,-26.2016,-119.0866,-24.5651,-106.9329,-19.0860,-4.7809,-2.1013,-4.5970,-2.1920,-2.2949,-0.5554,71,0.1000,71,0,0.9711,0.0272,0.0017,0.6269,-1.4103,-0.2701,-5.9849,0.4251,0.0000,1,0.2469,0.0498,18.0205,0.0002,1.000,70.00,342.76
18.1303,IMM-UKF,jink,0.500,4.00,0.050,1,0.600,1,7.2487,6.3408,-0.9079,1.1522,0.2881,0.1235,0.0803,6.0000,5.0698,1.1388,13.6543,0.5678,-116.4012,-23.8313,-121.5726,-26.1110,-121.3887,-26.2016,-118.7884,-24.5106,-106.7714,-19.2769,-5.1714,-2.2797,-4.9875,-2.3703,-2.3872,-0.6793,71,0.1100,71,0,0.9711,0.0272,0.0017,0.4529,-1.4610,-0.2607,-5.9896,0.3533,0.0000,1,0.2469,0.0498,18.0205,0.0002,1.000,70.00,342.76
18.1403,IMM-UKF,jink,0.500,4.00,0.050,1,0.600,1,7.2919,6.3636,-0.9283,1.1718,0.2881,0.1235,0.0792,6.0000,5.0698,1.1412,14.3756,0.5669,-116.0246,-23.6593,-121.5726,-26.1110,-121.3887,-26.2016,-118.5005,-24.4700,-106.6100,-19.4772,-5.5481,-2.4517,-5.3641,-2.5423,-2.4760,-0.8107,71,0.1200,71,0,0.9711,0.0272,0.0017,0.2804,-1.5108,-0.2511,-5.9934,0.2814,0.0000,1,0.2469,0.0498,18.0205,0.0002,1.000,70.00,342.76
18.1503,IMM-UKF,jink,0.500,4.00,0.050,1,0.600,1,7.3342,6.3836,-0.9506,1.1922,0.2881,0.1235,0.0780,6.0000,5.0698,1.1436,15.1178,0.5661,-115.6613,-23.4935,-121.5726,-26.1110,-121.3887,-26.2016,-118.2225,-24.4429,-106.4484,-19.6871,-5.9113,-2.6175,-5.7274,-2.7081,-2.5612,-0.9494,71,0.1300,71,0,0.9711,0.0272,0.0017,0.1095,-1.5596,-0.2415,-5.9963,0.2094,0.0000,1,0.2469,0.0498,18.0205,0.0002,1.000,70.00,342.76
18.1603,IMM-UKF,jink,0.500,4.00,0.050,1,0.600,1,7.3756,6.4009,-0.9747,1.2134,0.2881,0.1235,0.0767,6.0000,5.0698,1.1457,15.8818,0.5653,-115.3110,-23.3339,-121.5726,-26.1110,-121.3887,-26.2016,-117.9537,-24.4291,-106.2864,-19.9066,-6.2616,-2.7771,-6.0777,-2.8678,-2.6427,-1.0952,71,0.1400,71,0,0.9711,0.0272,0.0017,-0.0599,-1.6075,-0.2319,-5.9984,0.1375,0.0000,1,0.2469,0.0498,18.0205,0.0002,1.000,70.00,342.76
18.1703,IMM-UKF,jink,0.500,4.00,0.050,1,0.600,1,7.4160,6.4155,-1.0005,1.2354,0.2881,0.1235,0.0752,6.0000,5.0698,1.1478,16.6686,0.5646,-114.9732,-23.1802,-121.5726,-26.1110,-121.3887,-26.2016,-117.6937,-24.4281,-106.1239,-20.1359,-6.5994,-2.9308,-6.4155,-3.0214,-2.7205,-1.2479,71,0.1500,71,0,0.9711,0.0272,0.0017,-0.2277,-1.6545,-0.2223,-5.9996,0.0655,0.0000,1,0.2469,0.0498,18.0205,0.0002,1.000,70.00,342.76
18.1803,IMM-UKF,jink,0.500,4.00,0.050,1,0.600,1,7.4554,6.4274,-1.0280,1.2582,0.2881,0.1235,0.0737,6.0000,5.0698,1.1498,17.4790,0.5639,-114.6476,-23.0324,-121.5726,-26.1110,-121.3887,-26.2016,-117.4419,-24.4398,-105.9605,-20.3751,-6.9250,-3.0786,-6.7411,-3.1693,-2.7943,-1.4074,71,0.1600,71,0,0.9711,0.0272,0.0017,-0.3940,-1.7007,-0.2127,-6.0000,-0.0065,0.0000,1,0.2469,0.0498,18.0205,0.0002,1.000,70.00,342.76
18.1903,IMM-UKF,jink,0.500,4.00,0.050,1,0.600,1,7.4938,6.4367,-1.0571,1.2818,0.2881,0.1235,0.0721,6.0000,5.0698,1.1517,18.3138,0.5632,-114.3338,-22.8903,-121.5726,-26.1110,-121.3887,-26.2016,-117.1979,-24.4638,-105.7962,-20.6245,-7.2388,-3.2207,-7.0549,-3.3113,-2.8640,-1.5735,71,0.1700,71,0,0.9711,0.0272,0.0017,-0.5588,-1.7460,-0.2032,-5.9995,-0.0785,0.0000,1,0.2469,0.0498,18.0205,0.0002,1.000,70.00,342.76
18.2003,IMM-UKF,jink,0.500,4.00,0.050,1,0.600,1,7.5312,6.4434,-1.0878,1.3062,0.2881,0.1235,0.0704,6.0000,5.0698,1.1535,19.1742,0.5626,-114.0315,-22.7538,-121.5726,-26.1110,-121.3887,-26.2016,-116.9612,-24.5000,-105.6306,-20.8844,-7.5411,-3.3572,-7.3572,-3.4478,-2.9297,-1.7462,71,0.1800,71,0,0.9711,0.0272,0.0017,-0.7220,-1.7905,-0.1937,-5.9981,-0.1505,0.0000,1,0.2469,0.0498,18.0205,0.0002,1.000,70.00,342.76
18.2103,IMM-UKF,jink,0.500,4.00,0.050,1,0.600,1,7.5675,6.4475,-1.1200,1.3315,0.2881,0.1235,0.0686,6.0000,5.0698,1.1552,20.0610,0.5621,-113.7402,-22.6228,-121.5726,-26.1110,-121.3887,-26.2016,-116.7315,-24.5483,-105.4635,-21.1549,-7.8324,-3.4881,-7.6484,-3.5788,-2.9912,-1.9255,71,0.1900,71,0,0.9711,0.0272,0.0017,-0.8838,-1.8343,-0.1843,-5.9959,-0.2225,0.0000,1,0.2469,0.0498,18.0205,0.0002,1.000,70.00,342.76
18.2203,IMM-UKF,jink,0.500,4.00,0.050,1,0.600,1,7.6029,6.4492,-1.1537,1.3576,0.2881,0.1235,0.0667,6.0000,5.0698,1.1569,20.9754,0.5616,-113.4598,-22.4972,-121.5726,-26.1110,-121.3887,-26.2016,-116.5083,-24.6085,-105.2947,-21.4365,-8.1128,-3.6137,-7.9289,-3.7044,-3.0485,-2.1112,71,0.2000,71,0,0.9711,0.0272,0.0017,-1.0440,-1.8773,-0.1750,-5.9928,-0.2944,0.0000,1,0.2469,0.0498,18.0205,0.0002,1.000,70.00,342.76
18.2303,IMM-UKF,jink,0.500,4.00,0.050,1,0.600,1,7.6372,6.4483,-1.1888,1.3845,0.2881,0.1235,0.0647,6.0000,5.0698,1.1584,21.9186,0.5611,-113.1899,-22.3769,-121.5726,-26.1110,-121.3887,-26.2016,-116.2912,-24.6804,-105.1239,-21.7294,-8.3828,-3.7341,-8.1988,-3.8247,-3.1014,-2.3035,71,0.2100,71,0,0.9711,0.0272,0.0017,-1.2027,-1.9196,-0.1658,-5.9888,-0.3663,0.0000,1,0.2469,0.0498,18.0205,0.0002,1.000,70.00,342.76
18.2403,IMM-UKF,jink,0.500,4.00,0.050,1,0.600,1,7.6704,6.4450,-1.2254,1.4123,0.2881,0.1235,0.0627,6.0000,5.0698,1.1598,22.8915,0.5607,-112.9301,-22.2618,-121.5726,-26.1110,-121.3887,-26.2016,-116.0800,-24.7640,-104.9508,-22.0340,-8.6425,-3.8492,-8.4586,-3.9399,-3.1499,-2.5022,71,0.2200,71,0,0.9711,0.0272,0.0017,-1.3599,-1.9613,-0.1566,-5.9840,-0.4381,0.0000,1,0.2469,0.0498,18.0205,0.0002,1.000,70.00,342.76
18.2503,IMM-UKF,jink,0.500,4.00,0.050,1,0.600,1,7.7025,6.4393,-1.2632,1.4409,0.2881,0.1235,0.0606,6.0000,5.0698,1.1613,23.8958,0.5603,-112.6803,-22.1517,-121.5726,-26.1110,-121.3887,-26.2016,-115.8742,-24.8592,-104.7751,-22.3507,-8.8923,-3.9593,-8.7084,-4.0500,-3.1939,-2.7075,71,0.2300,71,0,0.9711,0.0272,0.0017,-1.5156,-2.0023,-0.1476,-5.9783,-0.5099,0.0000,1,0.2469,0.0498,18.0205,0.0002,1.000,70.00,342.76
18.2603,IMM-UKF,jink,0.500,4.00,0.050,1,0.600,1,7.7336,6.4312,-1.3024,1.4703,0.2881,0.1235,0.0584,6.0000,5.0698,1.1626,24.9325,0.5599,-112.4402,-22.0465,-121.5726,-26.1110,-121.3887,-26.2016,-115.6736,-24.9660,-104.5965,-22.6799,-9.1324,-4.0645,-8.9485,-4.1551,-3.2334,-2.9195,71,0.2400,71,0,0.9711,0.0272,0.0017,-1.6699,-2.0427,-0.1387,-5.9717,-0.5816,0.0000,1,0.2469,0.0498,18.0205,0.0002,1.000,70.00,342.76
18.2703,IMM-UKF,jink,0.500,4.00,0.050,1,0.600,1,7.7636,6.4208,-1.3428,1.5006,0.2881,0.1235,0.0561,6.0000,5.0698,1.1639,26.0034,0.5596,-112.2095,-21.9463,-121.5726,-26.1110,-121.3887,-26.2016,-115.4778,-25.0844,-104.4146,-23.0220,-9.3632,-4.1647,-9.1792,-4.2554,-3.2683,-3.1381,71,0.2500,71,0,0.9711,0.0272,0.0017,-1.8226,-2.0824,-0.1298,-5.9643,-0.6532,0.0000,1,0.2567,0.0554,18.0205,-0.0000,1.000,70.00,342.76
18.2803,IMM-UKF,jink,0.500,4.00,0.050,1,0.600,1,7.7925,6.4081,-1.3844,1.5316,0.2881,0.1235,0.0538,6.0000,5.0698,1.1651,27.1098,0.5594,-111.9880,-21.8508,-121.5726,-26.1110,-121.3887,-26.2016,-115.2865,-25.2144,-104.2291,-23.3774,-9.5847,-4.2602,-9.4007,-4.3509,-3.2985,-3.3636,71,0.2600,71,0,0.9711,0.0272,0.0017,-1.9739,-2.1216,-0.1211,-5.9561,-0.7247,0.0000,1,0.2567,0.0554,18.0205,-0.0000,1.000,70.00,342.76
18.2903,IMM-UKF,jink,0.500,4.00,0.050,1,0.600,1,7.8203,6.3932,-1.4271,1.5634,0.2881,0.1235,0.0514,6.0000,5.0698,1.1662,28.2534,0.5591,-111.7754,-21.7600,-121.5726,-26.1110,-121.3887,-26.2016,-115.0993,-25.3559,-104.0396,-23.7467,-9.7972,-4.3510,-9.6133,-4.4417,-3.3239,-3.5960,71,0.2700,71,0,0.9711,0.0272,0.0017,-2.1238,-2.1603,-0.1125,-5.9469,-0.7962,0.0000,1,0.2567,0.0554,18.0205,-0.0000,1.000,70.00,342.76
18.3003,IMM-UKF,jink,0.500,4.00,0.050,1,0.600,1,7.8469,6.3761,-1.4709,1.5961,0.2881,0.1235,0.0490,6.0000,5.0698,1.1673,29.4360,0.5589,-111.5716,-21.6738,-121.5726,-26.1110,-121.3887,-26.2016,-114.9161,-25.5092,-103.8456,-24.1304,-10.0010,-4.4372,-9.8171,-4.5279,-3.3445,-3.8354,71,0.2800,71,0,0.9711,0.0272,0.0017,-2.2722,-2.1984,-0.1040,-5.9370,-0.8675,0.0000,1,0.2567,0.0554,18.0205,-0.0000,1.000,70.00,342.76
18.3103,IMM-UKF,jink,0.500,4.00,0.050,1,0.600,1,7.8725,6.3568,-1.5157,1.6295,0.2881,0.1235,0.0465,6.0000,5.0698,1.1682,30.6595,0.5588,-111.3764,-21.5921,-121.5726,-26.1110,-121.3887,-26.2016,-114.7365,-25.6742,-103.6468,-24.5290,-10.1962,-4.5189,-10.0123,-4.6096,-3.3601,-4.0821,71,0.2900,71,0,0.9711,0.0272,0.0017,-2.4192,-2.2360,-0.0957,-5.9261,-0.9386,0.0000,1,0.2567,0.0554,18.0205,-0.0000,1.000,70.00,342.76
18.3203,IMM-UKF,jink,0.500,4.00,0.050,1,0.600,1,7.8969,6.3353,-1.5616,1.6637,0.2881,0.1235,0.0443,6.0000,5.0698,1.1630,31.9294,0.5578,-111.1883,-21.5148,-121.5726,-26.1110,-121.3887,-26.2016,-114.5602,-25.8510,-103.4426,-24.9431,-10.3843,-4.5962,-10.2003,-4.6868,-3.3719,-4.3362,71,0.3000,71,0,0.9711,0.0272,0.0017,-2.5647,-2.2732,-0.0874,-5.9144,-1.0097,0.0000,1,0.2567,0.0554,18.0205,-0.0000,1.000,70.00,342.76
18.3303,IMM-UKF,jink,0.500,4.00,0.050,1,0.600,1,7.9202,6.5116,-1.4086,0.9817,0.2845,0.1213,0.0457,6.0000,5.8739,1.5389,2.2256,0.5568,-111.0085,-21.4420,-112.2095,-21.9463,-111.9324,-21.9716,-110.7486,-21.7249,-98.4590,-17.1249,-1.2010,-0.5043,-0.9239,-0.5296,0.2599,-0.2829,72,0.0600,72,0,0.9881,0.0114,0.0005,-2.7088,-2.3098,-0.0793,-5.9019,-1.0806,0.0000,1,0.2567,0.0554,18.2703,-0.0000,1.000,70.00,342.76
18.3403,IMM-UKF,jink,0.500,4.00,0.050,1,0.600,1,7.9424,6.5217,-1.4208,0.9979,0.2845,0.1213,0.0435,6.0000,5.8739,1.5364,2.7091,0.5561,-110.8372,-21.3734,-112.2095,-21.9463,-111.9324,-21.9716,-110.4652,-21.6656,-98.1889,-17.2580,-1.3723,-0.5728,-1.0952,-0.5981,0.3720,-0.2921,72,0.0700,72,0,0.9881,0.0114,0.0005,-2.8515,-2.3461,-0.0712,-5.8885,-1.1513,0.0000,1,0.2567,0.0554,18.2703,-0.0000,1.000,70.00,342.76
18.3503,IMM-UKF,jink,0.500,4.00,0.050,1,0.600,1,7.9634,6.5293,-1.4342,1.0148,0.2845,0.1213,0.0414,6.0000,5.8739,1.5377,3.2832,0.5559,-110.6745,-21.3091,-112.2095,-21.9463,-111.9324,-21.9716,-110.1857,-21.6163,-97.9131,-17.3981,-1.5350,-0.6371,-1.2579,-0.6625,0.4887,-0.3072,72,0.0800,72,0,0.9881,0.0114,0.0005,-2.9928,-2.3819,-0.0633,-5.8743,-1.2219,0.0000,1,0.2567,0.0554,18.2703,-0.0000,1.000,70.00,342.76
18.3603,IMM-UKF,jink,0.500,4.00,0.050,1,0.600,1,7.9833,6.5345,-1.4488,1.0324,0.2845,0.1213,0.0393,6.0000,5.8739,1.5390,3.9212,0.5558,-110.5194,-21.2490,-112.2095,-21.9463,-111.9324,-21.9716,-109.9098,-21.5768,-97.6311,-17.5452,-1.6900,-0.6973,-1.4129,-0.7226,0.6097,-0.3278,72,0.0900,72,0,0.9881,0.0114,0.0005,-3.1327,-2.4174,-0.0555,-5.8592,-1.2923,0.0000,1,0.2567,0.0554,18.2703,-0.0000,1.000,70.00,342.76
18.3703,IMM-UKF,jink,0.500,4.00,0.050,1,0.600,1,8.0021,6.5373,-1.4647,1.0508,0.2845,0.1213,0.0371,6.0000,5.8739,1.5402,4.6106,0.5557,-110.3720,-21.1929,-112.2095,-21.9463,-111.9324,-21.9716,-109.6368,-21.5469,-97.3426,-17.6993,-1.8375,-0.7533,-1.5604,-0.7786,0.7351,-0.3539,72,0.1000,72,0,0.9881,0.0114,0.0005,-3.2712,-2.4524,-0.0479,-5.8432,-1.3625,0.0000,1,0.2567,0.0554,18.2703,-0.0000,1.000,70.00,342.76
18.3803,IMM-UKF,jink,0.500,4.00,0.050,1,0.600,1,8.0196,6.5379,-1.4818,1.0698,0.2845,0.1213,0.0349,6.0000,5.8739,1.5413,5.3451,0.5557,-110.2319,-21.1409,-112.2095,-21.9463,-111.9324,-21.9716,-109.3665,-21.5263,-97.0471,-17.8608,-1.9776,-0.8053,-1.7005,-0.8306,0.8654,-0.3854,72,0.1100,72,0,0.9881,0.0114,0.0005,-3.4083,-2.4871,-0.0403,-5.8265,-1.4325,0.0000,1,0.2567,0.0554,18.2703,-0.0000,1.000,70.00,342.76
18.3903,IMM-UKF,jink,0.500,4.00,0.050,1,0.600,1,8.0361,6.5361,-1.4999,1.0896,0.2845,0.1213,0.0327,6.0000,5.8739,1.5424,6.1221,0.5557,-110.0991,-21.0929,-112.2095,-21.9463,-111.9324,-21.9716,-109.0985,-21.5149,-96.7441,-18.0296,-2.1104,-0.8533,-1.8332,-0.8786,1.0006,-0.4220,72,0.1200,72,0,0.9881,0.0114,0.0005,-3.5440,-2.5215,-0.0329,-5.8089,-1.5024,0.0000,1,0.2567,0.0554,18.2703,-0.0000,1.000,70.00,342.76
18.4003,IMM-UKF,jink,0.500,4.00,0.050,1,0.600,1,8.0513,6.5321,-1.5192,1.1102,0.2845,0.1213,0.0304,6.0000,5.8739,1.5435,6.9406,0.5557,-109.9735,-21.0489,-112.2095,-21.9463,-111.9324,-21.9716,-108.8323,-21.5126,-96.4331,-18.2060,-2.2360,-0.8974,-1.9589,-0.9227,1.1412,-0.4637,72,0.1300,72,0,0.9881,0.0114,0.0005,-3.6784,-2.5556,-0.0256,-5.7904,-1.5719,0.0000,1,0.2567,0.0554,18.2703,-0.0000,1.000,70.00,342.76
18.4103,IMM-UKF,jink,0.500,4.00,0.050,1,0.600,1,8.0654,6.5259,-1.5395,1.1315,0.2845,0.1213,0.0280,6.0000,5.8739,1.5445,7.8004,0.5559,-109.8549,-21.0087,-112.2095,-21.9463,-111.9324,-21.9716,-108.5676,-21.5192,-96.1135,-18.3902,-2.3546,-0.9376,-2.0775,-0.9629,1.2873,-0.5105,72,0.1400,72,0,0.9881,0.0114,0.0005,-3.8114,-2.5894,-0.0184,-5.7711,-1.6413,0.0000,1,0.2567,0.0554,18.2703,-0.0000,1.000,70.00,342.76
18.4203,IMM-UKF,jink,0.500,4.00,0.050,1,0.600,1,8.0784,6.5175,-1.5609,1.1537,0.2845,0.1213,0.0256,6.0000,5.8739,1.5455,8.7019,0.5560,-109.7432,-20.9724,-112.2095,-21.9463,-111.9324,-21.9716,-108.3040,-21.5346,-95.7850,-18.5822,-2.4663,-0.9739,-2.1892,-0.9992,1.4392,-0.5622,72,0.1500,72,0,0.9881,0.0114,0.0005,-3.9431,-2.6229,-0.0113,-5.7510,-1.7105,0.0000,1,0.2567,0.0554,18.2703,-0.0000,1.000,70.00,342.76
18.4303,IMM-UKF,jink,0.500,4.00,0.050,1,0.600,1,8.0902,6.5069,-1.5832,1.1766,0.2845,0.1213,0.0232,6.0000,5.8739,1.5464,9.6462,0.5562,-109.6382,-20.9399,-112.2095,-21.9463,-111.9324,-21.9716,-108.0410,-21.5587,-95.4467,-18.7824,-2.5712,-1.0064,-2.2941,-1.0317,1.5972,-0.6187,72,0.1600,72,0,0.9881,0.0114,0.0005,-4.0734,-2.6561,-0.0044,-5.7301,-1.7793,0.0000,1,0.2567,0.0554,18.2703,-0.0000,1.000,70.00,342.76
18.4403,IMM-UKF,jink,0.500,4.00,0.050,1,0.600,1,8.1008,6.4943,-1.6066,1.2004,0.2845,0.1213,0.0208,6.0000,5.8739,1.5473,10.6344,0.5565,-109.5400,-20.9112,-112.2095,-21.9463,-111.9324,-21.9716,-107.7784,-21.5913,-95.0982,-18.9909,-2.6694,-1.0351,-2.3923,-1.0604,1.7617,-0.6802,72,0.1700,72,0,0.9881,0.0114,0.0005,-4.2024,-2.6891,0.0024,-5.7083,-1.8480,0.0000,1,0.2567,0.0554,18.2703,-0.0000,1.000,70.00,342.76
18.4503,IMM-UKF,jink,0.500,4.00,0.050,1,0.600,1,8.1103,6.4795,-1.6308,1.2249,0.2845,0.1213,0.0189,6.0000,5.8739,1.5356,11.6563,0.5553,-109.4462,-20.8862,-112.2095,-21.9463,-111.9324,-21.9716,-107.5157,-21.6326,-94.7387,-19.2079,-2.7632,-1.0601,-2.4861,-1.0854,1.9305,-0.7464,72,0.1800,72,0,0.9881,0.0114,0.0005,-4.3301,-2.7219,0.0091,-5.6857,-1.9163,0.0000,1,0.2567,0.0554,18.2703,-0.0000,1.000,70.00,342.76
18.4603,IMM-UKF,jink,0.500,4.00,0.050,1,0.600,1,8.1186,6.4627,-1.6559,1.2503,0.2845,0.1213,0.0189,6.0000,5.8739,1.4826,12.6864,0.5528,-109.3515,-20.8649,-112.2095,-21.9463,-111.9324,-21.9716,-107.2526,-21.6823,-94.3676,-19.4336,-2.8580,-1.0814,-2.5809,-1.1067,2.0989,-0.8174,72,0.1900,72,0,0.9881,0.0114,0.0005,-4.4564,-2.7544,0.0157,-5.6623,-1.9844,0.0000,1,0.2567,0.0554,18.2703,-0.0000,1.000,70.00,342.76
18.4703,IMM-UKF,jink,0.500,4.00,0.050,1,0.600,1,8.1257,6.4438,-1.6819,1.2764,0.2845,0.1213,0.0189,6.0000,5.8739,1.4300,13.7648,0.5541,-109.2633,-20.8475,-112.2095,-21.9463,-111.9324,-21.9716,-106.9886,-21.7404,-93.9840,-19.6682,-2.9462,-1.0988,-2.6691,-1.1241,2.2747,-0.8929,72,0.2000,72,0,0.9881,0.0114,0.0005,-4.5814,-2.7868,0.0222,-5.6381,-2.0522,0.0000,1,0.2567,0.0554,18.2703,-0.0000,1.000,70.00,342.76
18.4803,IMM-UKF,jink,0.500,4.00,0.050,1,0.600,1,8.1316,6.4230,-1.7086,1.3034,0.2845,0.1213,0.0204,6.0000,5.8739,1.4129,14.9258,0.5550,-109.1878,-20.8338,-112.2095,-21.9463,-111.9324,-21.9716,-106.7234,-21.8070,-93.5872,-19.9120,-3.0217,-1.1125,-2.7445,-1.1378,2.4644,-0.9733,72,0.2100,72,0,0.9881,0.0114,0.0005,-4.7052,-2.8190,0.0285,-5.6131,-2.1197,0.0000,1,0.2567,0.0554,18.2703,-0.0000,1.000,70.00,342.76
18.4903,IMM-UKF,jink,0.500,4.00,0.050,1,0.600,1,8.1364,6.4002,-1.7362,1.3311,0.2845,0.1213,0.0228,6.0000,5.8739,1.4138,16.1548,0.5540,-109.1219,-20.8236,-112.2095,-21.9463,-111.9324,-21.9716,-106.4565,-21.8820,-93.1764,-20.1653,-3.0876,-1.1226,-2.8105,-1.1479,2.6654,-1.0584,72,0.2200,72,0,0.9881,0.0114,0.0005,-4.8276,-2.8511,0.0348,-5.5872,-2.1869,0.0000,1,0.2567,0.0554,18.2703,-0.0000,1.000,70.00,342.76
18.5003,IMM-UKF,jink,0.500,4.00,0.050,1,0.600,1,8.1400,6.3756,-1.7645,1.3597,0.2845,0.1213,0.0251,6.0000,5.8739,1.4148,17.4369,0.5531,-109.0622,-20.8171,-112.2095,-21.9463,-111.9324,-21.9716,-106.1877,-21.9655,-92.7506,-20.4282,-3.1473,-1.1292,-2.8702,-1.1545,2.8745,-1.1484,72,0.2300,72,0,0.9881,0.0114,0.0005,-4.9488,-2.8830,0.0409,-5.5606,-2.2538,0.0000,1,0.2567,0.0554,18.2703,-0.0000,1.000,70.00,342.76
18.5103,IMM-UKF,jink,0.500,4.00,0.050,1,0.600,1,8.1425,6.3490,-1.7935,1.3890,0.2845,0.1213,0.0273,6.0000,5.8739,1.4158,18.7743,0.5522,-109.0086,-20.8142,-112.2095,-21.9463,-111.9324,-21.9716,-105.9163,-22.0574,-92.3090,-20.7010,-3.2008,-1.1321,-2.9237,-1.1574,3.0923,-1.2432,72,0.2400,72,0,0.9881,0.0114,0.0005,-5.0686,-2.9148,0.0469,-5.5332,-2.3204,0.0000,1,0.2567,0.0554,18.2703,-0.0000,1.000,70.00,342.76
18.5203,IMM-UKF,jink,0.500,4.00,0.050,1,0.600,1,8.1438,6.3207,-1.8231,1.4192,0.2845,0.1213,0.0295,6.0000,5.8739,1.4168,20.1685,0.5514,-108.9611,-20.8148,-112.2095,-21.9463,-111.9324,-21.9716,-105.6421,-22.1577,-91.8504,-20.9840,-3.2483,-1.1315,-2.9712,-1.1568,3.3191,-1.3430,72,0.2500,72,0,0.9881,0.0114,0.0005,-5.1872,-2.9466,0.0527,-5.5049,-2.3866,0.0000,1,0.2567,0.0554,18.2703,-0.0000,1.000,70.00,342.76
18.5303,IMM-UKF,jink,0.500,4.00,0.050,1,0.600,1,8.1439,6.2905,-1.8534,1.4501,0.2845,0.1213,0.0316,6.0000,5.8739,1.4179,21.6218,0.5507,-108.9197,-20.8189,-112.2095,-21.9463,-111.9324,-21.9716,-105.3645,-22.2666,-91.3737,-21.2774,-3.2898,-1.1273,-3.0126,-1.1527,3.5552,-1.4477,72,0.2600,72,0,0.9881,0.0114,0.0005,-5.3046,-2.9782,0.0585,-5.4759,-2.4525,0.0000,1,0.2705,0.0533,18.2703,0.0005,1.000,70.00,342.76
18.5403,IMM-UKF,jink,0.500,4.00,0.050,1,0.600,1,8.1429,6.2586,-1.8843,1.4817,0.2845,0.1213,0.0336,6.0000,5.8739,1.4189,23.1363,0.5501,-108.8843,-20.8266,-112.2095,-21.9463,-111.9324,-21.9716,-105.0831,-22.3841,-90.8779,-21.5816,-3.3252,-1.1196,-3.0481,-1.1450,3.8011,-1.5574,72,0.2700,72,0,0.9881,0.0114,0.0005,-5.4206,-3.0097,0.0641,-5.4461,-2.5180,0.0000,1,0.2705,0.0533,18.2703,0.0005,1.000,70.00,342.76
18.5503,IMM-UKF,jink,0.500,4.00,0.050,1,0.600,1,8.1407,6.2249,-1.9158,1.5141,0.2845,0.1213,0.0355,6.0000,5.8739,1.4200,24.7145,0.5495,-108.8548,-20.8379,-112.2095,-21.9463,-111.9324,-21.9716,-104.7975,-22.5101,-90.3617,-21.8967,-3.3547,-1.1084,-3.0776,-1.1337,4.0572,-1.6723,72,0.2800,72,0,0.9881,0.0114,0.0005,-5.5355,-3.0412,0.0696,-5.4154,-2.5832,0.0000,1,0.2705,0.0533,18.2703,0.0005,1.000,70.00,342.76
18.5603,IMM-UKF,jink,0.500,4.00,0.050,1,0.600,1,8.1373,6.1896,-1.9477,1.5473,0.2845,0.1213,0.0374,6.0000,5.8739,1.4211,26.3586,0.5490,-108.8311,-20.8526,-112.2095,-21.9463,-111.9324,-21.9716,-104.5071,-22.6450,-89.8237,-22.2230,-3.3783,-1.0937,-3.1012,-1.1190,4.3240,-1.7924,72,0.2900,72,0,0.9881,0.0114,0.0005,-5.6490,-3.0726,0.0750,-5.3841,-2.6480,0.0000,1,0.2705,0.0533,18.2703,0.0005,1.000,70.00,342.76
18.5703,IMM-UKF,jink,0.500,4.00,0.050,1,0.600,1,8.1328,6.1526,-1.9802,1.5812,0.2845,0.1213,0.0392,6.0000,5.8739,1.4223,28.0711,0.5485,-108.8133,-20.8709,-112.2095,-21.9463,-111.9324,-21.9716,-104.2115,-22.7886,-89.2626,-22.5607,-3.3961,-1.0754,-3.1190,-1.1007,4.6019,-1.9177,72,0.3000,72,0,0.9881,0.0114,0.0005,-5.7614,-3.1040,0.0803,-5.3519,-2.7124,0.0000,1,0.2705,0.0533,18.2703,0.0005,1.000,70.00,342.76
18.5803,IMM-UKF,jink,0.500,4.00,0.050,1,0.600,1,8.1272,6.1141,-2.0131,1.6158,0.2845,0.1213,0.0410,6.0000,5.8739,1.4234,29.8550,0.5481,-108.8014,-20.8927,-112.2095,-21.9463,-111.9324,-21.9716,-103.9100,-22.9412,-88.6768,-22.9102,-3.4081,-1.0536,-3.1310,-1.0789,4.8914,-2.0485,72,0.3100,72,0,0.9881,0.0114,0.0005,-5.8725,-3.1355,0.0854,-5.3190,-2.7764,0.0000,1,0.2705,0.0533,18.2703,0.0005,1.000,70.00,342.76
18.5903,IMM-UKF,jink,0.500,4.00,0.050,1,0.600,1,8.1203,7.0661,-1.0542,1.0073,0.2843,0.1199,0.0428,6.0000,7.1110,1.7536,9.0973,0.5478,-108.7952,-20.9180,-108.9197,-20.8189,-108.6489,-20.9654,-107.1972,-21.2147,-99.1269,-19.6992,-0.1245,0.0991,0.1462,-0.0474,1.5980,-0.2966,73,0.0600,73,0,0.9890,0.0105,0.0004,-5.9823,-3.1669,0.0905,-5.2853,-2.8401,0.0000,1,0.2705,0.0533,18.5308,0.0005,1.000,70.00,342.76
18.6003,IMM-UKF,jink,0.500,4.00,0.050,1,0.600,1,8.1124,7.0621,-1.0502,1.0235,0.2843,0.1199,0.0445,6.0000,7.1110,1.7546,9.9773,0.5475,-108.7948,-20.9469,-108.9197,-20.8189,-108.6489,-20.9654,-107.0307,-21.2129,-98.9052,-19.8573,-0.1249,0.1280,0.1458,-0.0185,1.7641,-0.2661,73,0.0700,73,0,0.9890,0.0105,0.0004,-6.0910,-3.1983,0.0954,-5.2508,-2.9033,0.0000,1,0.2705,0.0533,18.5308,0.0005,1.000,70.00,342.76
18.6103,IMM-UKF,jink,0.500,4.00,0.050,1,0.600,1,8.1032,7.0562,-1.0470,1.0403,0.2843,0.1199,0.0463,6.0000,7.1110,1.7510,10.8978,0.5479,-108.7991,-20.9793,-108.9197,-20.8189,-108.6489,-20.9654,-106.8640,-21.2181,-98.6762,-20.0220,-0.1206,0.1604,0.1502,0.0139,1.9351,-0.2388,73,0.0800,73,0,0.9890,0.0105,0.0004,-6.1984,-3.2297,0.1001,-5.2156,-2.9661,0.0000,1,0.2705,0.0533,18.5308,0.0005,1.000,70.00,342.76
18.6203,IMM-UKF,jink,0.500,4.00,0.050,1,0.600,1,8.0930,7.0484,-1.0445,1.0578,0.2843,0.1199,0.0481,6.0000,7.1110,1.7472,11.8617,0.5483,-108.8092,-21.0152,-108.9197,-20.8189,-108.6489,-20.9654,-106.6968,-21.2300,-98.4395,-20.1933,-0.1106,0.1963,0.1602,0.0498,2.1123,-0.2147,73,0.0900,73,0,0.9890,0.0105,0.0004,-6.3047,-3.2612,0.1048,-5.1796,-3.0285,0.0000,1,0.2705,0.0533,18.5308,0.0005,1.000,70.00,342.76
18.6303,IMM-UKF,jink,0.500,4.00,0.050,1,0.600,1,8.0816,7.0388,-1.0428,1.0759,0.2843,0.1199,0.0498,6.0000,7.1110,1.7436,12.8679,0.5486,-108.8249,-21.0548,-108.9197,-20.8189,-108.6489,-20.9654,-106.5289,-21.2486,-98.1945,-20.3712,-0.0948,0.2358,0.1759,0.0894,2.2960,-0.1938,73,0.1000,73,0,0.9890,0.0105,0.0004,-6.4097,-3.2928,0.1093,-5.1429,-3.0904,0.0000,1,0.2705,0.0533,18.5308,0.0005,1.000,70.00,342.76
18.6403,IMM-UKF,jink,0.500,4.00,0.050,1,0.600,1,8.0690,7.0272,-1.0418,1.0948,0.2843,0.1199,0.0516,6.0000,7.1110,1.7432,13.9195,0.5486,-108.8470,-21.0979,-108.9197,-20.8189,-108.6489,-20.9654,-106.3600,-21.2738,-97.9408,-20.5560,-0.0727,0.2790,0.1980,0.1325,2.4870,-0.1759,73,0.1100,73,0,0.9890,0.0105,0.0004,-6.5135,-3.3244,0.1137,-5.1054,-3.1519,0.0000,1,0.2705,0.0533,18.5308,0.0005,1.000,70.00,342.76
18.6503,IMM-UKF,jink,0.500,4.00,0.050,1,0.600,1,8.0554,7.0139,-1.0415,1.1144,0.2843,0.1199,0.0534,6.0000,7.1110,1.7441,15.0144,0.5485,-108.8750,-21.1446,-108.9197,-20.8189,-108.6489,-20.9654,-106.1898,-21.3055,-97.6777,-20.7478,-0.0447,0.3257,0.2261,0.1792,2.6852,-0.1609,73,0.1200,73,0,0.9890,0.0105,0.0004,-6.6162,-3.3562,0.1180,-5.0673,-3.2129,0.0000,1,0.2705,0.0533,18.5308,0.0005,1.000,70.00,342.76
18.6603,IMM-UKF,jink,0.500,4.00,0.050,1,0.600,1,8.0406,6.9988,-1.0418,1.1348,0.2843,0.1199,0.0552,6.0000,7.1110,1.7451,16.1517,0.5485,-108.9087,-21.1949,-108.9197,-20.8189,-108.6489,-20.9654,-106.0180,-21.3436,-97.4048,-20.9465,-0.0110,0.3760,0.2598,0.2295,2.8908,-0.1487,73,0.1300,73,0,0.9890,0.0105,0.0004,-6.7176,-3.3880,0.1222,-5.0283,-3.2735,0.0000,1,0.2705,0.0533,18.5308,0.0005,1.000,70.00,342.76
18.6703,IMM-UKF,jink,0.500,4.00,0.050,1,0.600,1,8.0247,6.9819,-1.0428,1.1559,0.2843,0.1199,0.0569,6.0000,7.1110,1.7461,17.3322,0.5485,-108.9482,-21.2488,-108.9197,-20.8189,-108.6489,-20.9654,-105.8443,-21.3881,-97.1213,-21.1524,0.0284,0.4299,0.2992,0.2834,3.1039,-0.1393,73,0.1400,73,0,0.9890,0.0105,0.0004,-6.8179,-3.4199,0.1262,-4.9887,-3.3336,0.0000,1,0.2705,0.0533,18.5308,0.0005,1.000,70.00,342.76
18.6803,IMM-UKF,jink,0.500,4.00,0.050,1,0.600,1,8.0076,6.9633,-1.0444,1.1778,0.2843,0.1199,0.0586,6.0000,7.1110,1.7471,18.5569,0.5485,-108.9932,-21.3064,-108.9197,-20.8189,-108.6489,-20.9654,-105.6684,-21.4390,-96.8268,-21.3656,0.0735,0.4875,0.3443,0.3410,3.3248,-0.1325,73,0.1500,73,0,0.9890,0.0105,0.0004,-6.9170,-3.4520,0.1301,-4.9483,-3.3932,0.0000,1,0.2705,0.0533,18.5308,0.0005,1.000,70.00,342.76
18.6903,IMM-UKF,jink,0.500,4.00,0.050,1,0.600,1,7.9895,6.9430,-1.0465,1.2005,0.2843,0.1199,0.0602,6.0000,7.1110,1.7481,19.8271,0.5487,-109.0440,-21.3677,-108.9197,-20.8189,-108.6489,-20.9654,-105.4900,-21.4961,-96.5203,-21.5862,0.1243,0.5488,0.3950,0.4023,3.5540,-0.1284,73,0.1600,73,0,0.9890,0.0105,0.0004,-7.0149,-3.4842,0.1339,-4.9073,-3.4524,0.0000,1,0.2705,0.0533,18.5308,0.0005,1.000,70.00,342.76
18.7003,IMM-UKF,jink,0.500,4.00,0.050,1,0.600,1,7.9702,6.9210,-1.0492,1.2240,0.2843,0.1199,0.0618,6.0000,7.1110,1.7493,21.1445,0.5488,-109.1004,-21.4328,-108.9197,-20.8189,-108.6489,-20.9654,-105.3088,-21.5595,-96.2014,-21.8143,0.1807,0.6138,0.4515,0.4674,3.7916,-0.1267,73,0.1700,73,0,0.9890,0.0105,0.0004,-7.1117,-3.5166,0.1375,-4.8655,-3.5110,0.0000,1,0.2705,0.0533,18.5308,0.0005,1.000,70.00,342.76
18.7103,IMM-UKF,jink,0.500,4.00,0.050,1,0.600,1,7.9498,6.8974,-1.0524,1.2483,0.2843,0.1199,0.0632,6.0000,7.1110,1.7504,22.5105,0.5491,-109.1626,-21.5016,-108.9197,-20.8189,-108.6489,-20.9654,-105.1245,-21.6291,-95.8691,-22.0501,0.2429,0.6826,0.5136,0.5361,4.0381,-0.1276,73,0.1800,73,0,0.9890,0.0105,0.0004,-7.2073,-3.5492,0.1410,-4.8230,-3.5691,0.0000,1,0.2705,0.0533,18.5308,0.0005,1.000,70.00,342.76
18.7203,IMM-UKF,jink,0.500,4.00,0.050,1,0.600,1,7.9284,6.8722,-1.0561,1.2734,0.2843,0.1199,0.0647,6.0000,7.1110,1.7516,23.9270,0.5493,-109.2304,-21.5741,-108.9197,-20.8189,-108.6489,-20.9654,-104.9367,-21.7049,-95.5226,-22.2935,0.3107,0.7552,0.5815,0.6087,4.2938,-0.1308,73,0.1900,73,0,0.9890,0.0105,0.0004,-7.3017,-3.5819,0.1443,-4.7798,-3.6267,0.0000,1,0.2705,0.0533,18.5308,0.0005,1.000,70.00,342.76
18.7303,IMM-UKF,jink,0.500,4.00,0.050,1,0.600,1,7.9058,6.8455,-1.0603,1.2993,0.2843,0.1199,0.0661,6.0000,7.1110,1.7528,25.3960,0.5497,-109.3041,-21.6505,-108.9197,-20.8189,-108.6489,-20.9654,-104.7450,-21.7869,-95.1612,-22.5449,0.3844,0.8316,0.6552,0.6851,4.5591,-0.1364,73,0.2000,73,0,0.9890,0.0105,0.0004,-7.3950,-3.6149,0.1476,-4.7360,-3.6838,0.0000,1,0.2705,0.0533,18.5308,0.0005,1.000,70.00,342.76
18.7403,IMM-UKF,jink,0.500,4.00,0.050,1,0.600,1,7.8821,6.8172,-1.0649,1.3261,0.2843,0.1199,0.0674,6.0000,7.1110,1.7541,26.9195,0.5501,-109.3835,-21.7308,-108.9197,-20.8189,-108.6489,-20.9654,-104.5492,-21.8750,-94.7838,-22.8041,0.4638,0.9119,0.7346,0.7654,4.8344,-0.1442,73,0.2100,73,0,0.9890,0.0105,0.0004,-7.4871,-3.6480,0.1506,-4.6914,-3.7404,0.0000,1,0.2705,0.0533,18.5308,0.0005,1.000,70.00,342.76
18.7503,IMM-UKF,jink,0.500,4.00,0.050,1,0.600,1,7.8574,6.7875,-1.0699,1.3536,0.2843,0.1199,0.0687,6.0000,7.1110,1.7554,28.4995,0.5505,-109.4688,-21.8150,-108.9197,-20.8189,-108.6489,-20.9654,-104.3488,-21.9693,-94.3895,-23.0714,0.5490,0.9961,0.8198,0.8496,5.1200,-0.1543,73,0.2200,73,0,0.9890,0.0105,0.0004,-7.5780,-3.6814,0.1535,-4.6462,-3.7964,0.0000,1,0.2705,0.0533,18.5308,0.0005,1.000,70.00,342.76
18.7603,IMM-UKF,jink,0.500,4.00,0.050,1,0.600,1,7.8316,6.7562,-1.0754,1.3819,0.2843,0.1199,0.0699,6.0000,7.1110,1.7567,30.1385,0.5510,-109.5599,-21.9032,-108.9197,-20.8189,-108.6489,-20.9654,-104.1434,-22.0697,-93.9773,-23.3468,0.6402,1.0843,0.9109,0.9378,5.4165,-0.1665,73,0.2300,73,0,0.9890,0.0105,0.0004,-7.6678,-3.7150,0.1563,-4.6003,-3.8519,0.0000,1,0.2705,0.0533,18.5308,0.0005,1.000,70.00,342.76
18.7703,IMM-UKF,jink,0.500,4.00,0.050,1,0.600,1,7.8047,6.7236,-1.0812,1.4110,0.2843,0.1199,0.0711,6.0000,7.1110,1.7580,31.8388,0.5516,-109.6568,-21.9954,-108.9197,-20.8189,-108.6489,-20.9654,-103.9326,-22.1762,-93.5461,-23.6304,0.7371,1.1765,1.0079,1.0300,5.7243,-0.1808,73,0.2400,73,0,0.9890,0.0105,0.0004,-7.7565,-3.7489,0.1589,-4.5537,-3.9068,0.0000,1,0.2705,0.0533,18.5308,0.0005,1.000,70.00,342.76
18.7803,IMM-UKF,jink,0.500,4.00,0.050,1,0.600,1,7.7768,6.6895,-1.0873,1.4410,0.2843,0.1199,0.0722,6.0000,7.1110,1.7594,33.6030,0.5522,-109.7598,-22.0917,-108.9197,-20.8189,-108.6489,-20.9654,-103.7160,-22.2889,-93.0947,-23.9222,0.8401,1.2727,1.1108,1.1262,6.0437,-0.1972,73,0.2500,73,0,0.9890,0.0105,0.0004,-7.8440,-3.7831,0.1613,-4.5065,-3.9612,0.0000,1,0.2705,0.0533,18.5308,0.0005,1.000,70.00,342.76
18.7903,IMM-UKF,jink,0.500,4.00,0.050,1,0.600,1,7.7478,6.6541,-1.0937,1.4717,0.2843,0.1199,0.0733,6.0000,7.1110,1.7609,35.4337,0.5529,-109.8687,-22.1920,-108.9197,-20.8189,-108.6489,-20.9654,-103.4932,-22.4076,-92.6219,-24.2223,0.9490,1.3731,1.2197,1.2266,6.3755,-0.2156,73,0.2600,73,0,0.9890,0.0105,0.0004,-7.9304,-3.8175,0.1636,-4.4587,-4.0150,0.0000,1,0.2705,0.0533,18.5308,0.0005,1.000,70.00,342.76
18.8003,IMM-UKF,jink,0.500,4.00,0.050,1,0.600,1,7.7178,6.6174,-1.1004,1.5031,0.2843,0.1199,0.0743,6.0000,7.1110,1.7623,37.3339,0.5536,-109.9837,-22.2966,-108.9197,-20.8189,-108.6489,-20.9654,-103.2636,-22.5324,-92.1264,-24.5305,1.0639,1.4777,1.3347,1.3312,6.7200,-0.2358,73,0.2700,73,0,0.9890,0.0105,0.0004,-8.0156,-3.8522,0.1657,-4.4102,-4.0682,0.0000,1,0.2705,0.0533,18.5308,0.0005,1.000,70.00,342.76
18.8103,IMM-UKF,jink,0.500,4.00,0.050,1,0.600,1,7.6867,6.5794,-1.1073,1.5354,0.2843,0.1199,0.0753,6.0000,7.1110,1.7638,39.3065,0.5543,-110.1047,-22.4055,-108.9197,-20.8189,-108.6489,-20.9654,-103.0269,-22.6634,-91.6068,-24.8469,1.1850,1.5865,1.4558,1.4401,7.0779,-0.2579,73,0.2800,73,0,0.9890,0.0105,0.0004,-8.0997,-3.8873,0.1676,-4.3610,-4.1208,0.0000,1,0.2167,0.0527,18.5308,-0.0015,1.000,70.00,342.76
18.8203,IMM-UKF,jink,0.500,4.00,0.050,1,0.600,1,7.6546,6.5401,-1.1145,1.5683,0.2843,0.1199,0.0762,6.0000,7.1110,1.7653,41.3544,0.5551,-110.2319,-22.5186,-108.9197,-20.8189,-108.6489,-20.9654,-102.7824,-22.8004,-91.0616,-25.1714,1.3122,1.6997,1.5830,1.5532,7.4496,-0.2818,73,0.2900,73,0,0.9890,0.0105,0.0004,-8.1827,-3.9226,0.1693,-4.3113,-4.1729,0.0000,1,0.2167,0.0527,18.5308,-0.0015,1.000,70.00,342.76
18.8303,IMM-UKF,jink,0.500,4.00,0.050,1,0.600,1,7.6214,6.4996,-1.1218,1.6021,0.2843,0.1199,0.0771,6.0000,7.1110,1.7669,43.4812,0.5559,-110.3654,-22.6362,-108.9197,-20.8189,-108.6489,-20.9654,-102.5296,-22.9435,-90.4894,-25.5038,1.4457,1.8172,1.7165,1.6708,7.8358,-0.3073,73,0.3000,73,0,0.9890,0.0105,0.0004,-8.2645,-3.9583,0.1708,-4.2609,-4.2243,0.0000,1,0.2167,0.0527,18.5308,-0.0015,1.000,70.00,342.76
18.8403,IMM-UKF,jink,0.500,4.00,0.050,1,0.600,1,7.5873,6.4579,-1.1294,1.6365,0.2843,0.1199,0.0780,6.0000,7.1110,1.7685,45.6903,0.5569,-110.5052,-22.7582,-108.9197,-20.8189,-108.6489,-20.9654,-102.2680,-23.0927,-89.8885,-25.8439,1.5855,1.9393,1.8562,1.7928,8.2372,-0.3345,73,0.3100,73,0,0.9890,0.0105,0.0004,-8.3451,-3.9944,0.1720,-4.2099,-4.2751,0.0000,1,0.2167,0.0527,18.5308,-0.0015,1.000,70.00,342.76
18.8503,IMM-UKF,jink,0.500,4.00,0.050,1,0.600,1,7.5521,6.4151,-1.1370,1.6717,0.2843,0.1199,0.0788,6.0000,7.1110,1.7701,47.9856,0.5578,-110.6514,-22.8847,-108.9197,-20.8189,-108.6489,-20.9654,-101.9970,-23.2478,-89.2571,-26.1915,1.7316,2.0658,2.0024,1.9193,8.6544,-0.3631,73,0.3200,73,0,0.9890,0.0105,0.0004,-8.4247,-4.0308,0.1731,-4.1583,-4.3253,0.0000,1,0.2167,0.0527,18.5308,-0.0015,1.000,70.00,342.76
18.8603,IMM-UKF,jink,0.500,4.00,0.050,1,0.600,1,7.5160,6.3712,-1.1448,1.7076,0.2843,0.1199,0.0796,6.0000,7.1110,1.7718,50.3709,0.5588,-110.8040,-23.0159,-108.9197,-20.8189,-108.6489,-20.9654,-101.7159,-23.4089,-88.5936,-26.5462,1.8843,2.1969,2.1551,2.0505,9.0881,-0.3930,73,0.3300,73,0,0.9890,0.0105,0.0004,-8.5030,-4.0676,0.1739,-4.1061,-4.3749,0.0000,1,0.2167,0.0527,18.5308,-0.0015,1.000,70.00,342.76
18.8703,IMM-UKF,jink,0.500,4.00,0.050,1,0.600,1,7.4788,6.5119,-0.9669,1.0809,0.2800,0.1144,0.0846,6.0000,7.8761,0.6993,7.9584,0.5599,-110.9632,-23.1517,-110.1047,-22.4055,-109.9966,-22.4629,-109.7296,-22.4618,-113.0530,-25.1799,0.8585,0.7463,0.9667,0.6889,1.2336,0.6900,74,0.0600,74,0,0.9809,0.0184,0.0007,-8.5803,-4.1048,0.1744,-4.0533,-4.4239,0.0000,1,0.2167,0.0527,18.8088,-0.0015,1.000,70.00,342.76
18.8803,IMM-UKF,jink,0.500,4.00,0.050,1,0.600,1,7.4407,6.4897,-0.9510,1.0976,0.2800,0.1144,0.0853,6.0000,7.8761,0.7010,8.7214,0.5610,-111.1291,-23.2923,-110.1047,-22.4055,-109.9966,-22.4629,-109.7801,-22.5305,-113.1007,-25.4526,1.0244,0.8869,1.1325,0.8295,1.3490,0.7619,74,0.0700,74,0,0.9809,0.0184,0.0007,-8.6564,-4.1424,0.1746,-3.9999,-4.4722,0.0000,1,0.2167,0.0527,18.8088,-0.0015,1.000,70.00,342.76
18.8903,IMM-UKF,jink,0.500,4.00,0.050,1,0.600,1,7.4016,6.4660,-0.9356,1.1149,0.2800,0.1144,0.0860,6.0000,7.8761,0.7028,9.5219,0.5621,-111.3018,-23.4378,-110.1047,-22.4055,-109.9966,-22.4629,-109.8285,-22.6050,-113.1431,-25.7347,1.1970,1.0324,1.3052,0.9750,1.4733,0.8328,74,0.0800,74,0,0.9809,0.0184,0.0007,-8.7313,-4.1804,0.1745,-3.9460,-4.5199,0.0000,1,0.2167,0.0527,18.8088,-0.0015,1.000,70.00,342.76
18.9003,IMM-UKF,jink,0.500,4.00,0.050,1,0.600,1,7.3615,6.4408,-0.9207,1.1328,0.2800,0.1144,0.0866,6.0000,7.8761,0.7045,10.3621,0.5633,-111.4813,-23.5882,-110.1047,-22.4055,-109.9966,-22.4629,-109.8746,-22.6851,-113.1795,-26.0263,1.3766,1.1828,1.4848,1.1254,1.6067,0.9031,74,0.0900,74,0,0.9809,0.0184,0.0007,-8.8051,-4.2188,0.1741,-3.8915,-4.5669,0.0000,1,0.2167,0.0527,18.8088,-0.0015,1.000,70.00,342.76
18.9103,IMM-UKF,jink,0.500,4.00,0.050,1,0.600,1,7.3205,6.4142,-0.9063,1.1514,0.2800,0.1144,0.0872,6.0000,7.8761,0.7063,11.2442,0.5645,-111.6679,-23.7437,-110.1047,-22.4055,-109.9966,-22.4629,-109.9182,-22.7709,-113.2092,-26.3274,1.5631,1.3382,1.6713,1.2808,1.7496,0.9728,74,0.1000,74,0,0.9809,0.0184,0.0007,-8.8778,-4.2577,0.1732,-3.8364,-4.6133,0.0000,1,0.2167,0.0527,18.8088,-0.0015,1.000,70.00,342.76
18.9203,IMM-UKF,jink,0.500,4.00,0.050,1,0.600,1,7.2786,6.3862,-0.8924,1.1707,0.2800,0.1144,0.0877,6.0000,7.8761,0.7081,12.1705,0.5657,-111.8615,-23.9043,-110.1047,-22.4055,-109.9966,-22.4629,-109.9591,-22.8621,-113.2318,-26.6379,1.7568,1.4988,1.8650,1.4414,1.9025,1.0422,74,0.1100,74,0,0.9809,0.0184,0.0007,-8.9493,-4.2971,0.1719,-3.7807,-4.6590,0.0000,1,0.2167,0.0527,18.8088,-0.0015,1.000,70.00,342.76
18.9303,IMM-UKF,jink,0.500,4.00,0.050,1,0.600,1,7.2357,6.3568,-0.8789,1.1906,0.2800,0.1144,0.0882,6.0000,7.8761,0.7100,13.1442,0.5670,-112.0625,-24.0701,-110.1047,-22.4055,-109.9966,-22.4629,-109.9969,-22.9587,-113.2463,-26.9578,1.9578,1.6646,2.0659,1.6072,2.0656,1.1114,74,0.1200,74,0,0.9809,0.0184,0.0007,-9.0196,-4.3370,0.1701,-3.7246,-4.7040,0.0000,1,0.2167,0.0527,18.8088,-0.0015,1.000,70.00,342.76
18.9403,IMM-UKF,jink,0.500,4.00,0.050,1,0.600,1,7.1919,6.3260,-0.8659,1.2113,0.2800,0.1144,0.0887,6.0000,7.8761,0.7118,14.1684,0.5684,-112.2709,-24.2412,-110.1047,-22.4055,-109.9966,-22.4629,-110.0313,-23.0604,-113.2520,-27.2868,2.1662,1.8357,2.2743,1.7783,2.2396,1.1809,74,0.1300,74,0,0.9809,0.0184,0.0007,-9.0887,-4.3773,0.1677,-3.6678,-4.7484,0.0000,1,0.2167,0.0527,18.8088,-0.0015,1.000,70.00,342.76
18.9503,IMM-UKF,jink,0.500,4.00,0.050,1,0.600,1,7.1472,6.2938,-0.8534,1.2327,0.2800,0.1144,0.0891,6.0000,7.8761,0.7137,15.2464,0.5697,-112.4869,-24.4177,-110.1047,-22.4055,-109.9966,-22.4629,-110.0621,-23.1669,-113.2480,-27.6243,2.3821,2.0122,2.4903,1.9548,2.4247,1.2507,74,0.1400,74,0,0.9809,0.0184,0.0007,-9.1567,-4.4181,0.1645,-3.6106,-4.7920,0.0000,1,0.2167,0.0527,18.8088,-0.0015,1.000,70.00,342.76
18.9603,IMM-UKF,jink,0.500,4.00,0.050,1,0.600,1,7.1015,6.2603,-0.8413,1.2549,0.2800,0.1144,0.0895,6.0000,7.8761,0.7156,16.3821,0.5711,-112.7106,-24.5996,-110.1047,-22.4055,-109.9966,-22.4629,-110.0889,-23.2781,-113.2333,-27.9696,2.6058,2.1942,2.7140,2.1368,2.6216,1.3215,74,0.1500,74,0,0.9809,0.0184,0.0007,-9.2235,-4.4595,0.1605,-3.5528,-4.8350,0.0000,1,0.2167,0.0527,18.8088,-0.0015,1.000,70.00,342.76
18.9703,IMM-UKF,jink,0.500,4.00,0.050,1,0.600,1,7.0550,6.2254,-0.8296,1.2778,0.2800,0.1144,0.0899,6.0000,7.8761,0.7175,17.5797,0.5726,-112.9422,-24.7871,-110.1047,-22.4055,-109.9966,-22.4629,-110.1114,-23.3933,-113.2070,-28.3212,2.8374,2.3816,2.9456,2.3242,2.8307,1.3938,74,0.1600,74,0,0.9809,0.0184,0.0007,-9.2891,-4.5014,0.1554,-3.4946,-4.8773,0.0000,1,0.2167,0.0527,18.8088,-0.0015,1.000,70.00,342.76
18.9803,IMM-UKF,jink,0.500,4.00,0.050,1,0.600,1,7.0076,6.1892,-0.8185,1.3016,0.2800,0.1144,0.0903,6.0000,7.8761,0.7195,18.8442,0.5740,-113.1819,-24.9801,-110.1047,-22.4055,-109.9966,-22.4629,-110.1292,-23.5119,-113.1678,-28.6768,3.0772,2.5747,3.1853,2.5173,3.0526,1.4682,74,0.1700,74,0,0.9809,0.0184,0.0007,-9.3534,-4.5438,0.1488,-3.4358,-4.9189,0.0000,1,0.2167,0.0527,18.8088,-0.0015,1.000,70.00,342.76
18.9903,IMM-UKF,jink,0.500,4.00,0.050,1,0.600,1,6.9594,6.1516,-0.8078,1.3260,0.2800,0.1144,0.0906,6.0000,7.8761,0.7214,20.1815,0.5755,-113.4299,-25.1787,-110.1047,-22.4055,-109.9966,-22.4629,-110.1420,-23.6327,-113.1146,-29.0325,3.3251,2.7733,3.4333,2.7159,3.2879,1.5461,74,0.1800,74,0,0.9809,0.0184,0.0007,-9.4165,-4.5868,0.1403,-3.3765,-4.9598,0.0000,1,0.2167,0.0527,18.8088,-0.0015,1.000,70.00,342.76
19.0003,IMM-UKF,jink,0.500,4.00,0.050,1,0.600,1,6.9102,6.1126,-0.7977,1.3513,0.2800,0.1144,0.0910,6.0000,7.8761,0.7203,21.5967,0.5772,-113.6857,-25.3828,-110.1047,-22.4055,-109.9966,-22.4629,-110.1492,-23.7535,-113.0461,-29.3808,3.5809,2.9774,3.6891,2.9200,3.5364,1.6293,74,0.1900,74,0,0.9809,0.0184,0.0007,-9.4783,-4.6303,0.1289,-3.3168,-4.9999,0.0000,1,0.2167,0.0527,18.8088,-0.0015,1.000,70.00,342.76
19.0103,IMM-UKF,jink,0.500,4.00,0.050,1,0.600,1,6.8602,6.0720,-0.7882,1.3774,0.2800,0.1144,0.0915,6.0000,7.8761,0.7187,23.1062,0.5789,-113.9501,-25.5923,-110.1047,-22.4055,-109.9966,-22.4629,-110.1506,-23.8703,-112.9610,-29.7064,3.8453,3.1868,3.9535,3.1294,3.7994,1.7220,74,0.2000,74,0,0.9809,0.0184,0.0007,-9.5386,-4.6742,0.1128,-3.2565,-5.0394,0.0000,1,0.2167,0.0527,18.8088,-0.0015,1.000,70.00,342.76
19.0203,IMM-UKF,jink,0.500,4.00,0.050,1,0.600,1,6.8093,6.0296,-0.7798,1.4042,0.2800,0.1144,0.0918,6.0000,7.8761,0.7173,24.7388,0.5807,-114.2234,-25.8064,-110.1047,-22.4055,-109.9966,-22.4629,-110.1460,-23.9726,-112.8587,-29.9687,4.1187,3.4009,4.2269,3.3435,4.0774,1.8338,74,0.2100,74,0,0.9809,0.0184,0.0007,-9.5967,-4.7182,0.0873,-3.1958,-5.0781,0.0000,1,0.2167,0.0527,18.8088,-0.0015,1.000,70.00,342.76
19.0303,IMM-UKF,jink,0.500,4.00,0.050,1,0.600,1,6.7575,5.9846,-0.7729,1.4319,0.2800,0.1144,0.0922,6.0000,7.8761,0.7158,26.6014,0.5825,-114.5060,-26.0230,-110.1047,-22.4055,-109.9966,-22.4629,-110.1372,-24.0172,-112.7454,-29.9945,4.4013,3.6176,4.5095,3.5602,4.3688,2.0059,74,0.2200,74,0,0.9809,0.0184,0.0007,-9.6483,-4.7597,0.0339,-3.1346,-5.1161,0.0000,1,0.2939,0.0574,18.8088,0.0012,1.000,70.00,342.76
19.0403,IMM-UKF,jink,0.500,4.00,0.050,1,0.600,1,6.7063,5.9762,-0.7301,1.4603,0.2800,0.1144,0.0926,6.0000,7.8761,0.7145,29.3627,0.5842,-114.8007,-26.2246,-110.1047,-22.4055,-109.9966,-22.4629,-110.2326,-23.6143,-112.9800,-28.0518,4.6960,3.8191,4.8042,3.7617,4.5681,2.6103,74,0.2300,74,0,0.9809,0.0184,0.0007,-9.4983,-4.6794,-0.1352,-3.0730,-5.1533,0.0000,1,0.2939,0.0574,18.8088,0.0012,1.000,70.00,342.76
19.0503,IMM-UKF,jink,0.500,4.00,0.050,1,0.600,1,6.6570,5.9994,-0.6576,1.4892,0.2800,0.1144,0.0929,6.0000,7.8761,0.7130,31.5368,0.5860,-115.1087,-26.4180,-110.1047,-22.4055,-109.9966,-22.4629,-110.3757,-23.3832,-113.3425,-26.8501,5.0039,4.0126,5.1121,3.9552,4.7329,3.0348,74,0.2400,74,0,0.9809,0.0184,0.0007,-9.2834,-4.5567,-0.1702,-3.0110,-5.1898,0.0000,1,0.2939,0.0574,18.8088,0.0012,1.000,70.00,342.76
19.0603,IMM-UKF,jink,0.500,4.00,0.050,1,0.600,1,6.6097,6.0293,-0.5804,1.5188,0.2800,0.1144,0.0932,6.0000,7.8761,0.7117,33.7098,0.5877,-115.4299,-26.6044,-110.1047,-22.4055,-109.9966,-22.4629,-110.5297,-23.1699,-113.7010,-25.8217,5.3252,4.1989,5.4333,4.1415,4.9002,3.4344,74,0.2500,74,0,0.9809,0.0184,0.0007,-9.0673,-4.4319,-0.1861,-2.9485,-5.2256,0.0000,1,0.2939,0.0574,18.8088,0.0012,1.000,70.00,342.76
19.0703,IMM-UKF,jink,0.500,4.00,0.050,1,0.600,1,6.5645,6.0645,-0.5000,1.5492,0.2800,0.1144,0.0935,6.0000,7.8761,0.7128,35.9410,0.5890,-115.7651,-26.7838,-110.1047,-22.4055,-109.9966,-22.4629,-110.6934,-22.9541,-114.0529,-24.8783,5.6604,4.3783,5.7685,4.3209,5.0717,3.8297,74,0.2600,74,0,0.9809,0.0184,0.0007,-8.8516,-4.3058,-0.1947,-2.8856,-5.2606,0.0000,1,0.2939,0.0574,18.8088,0.0012,1.000,70.00,342.76
19.0803,IMM-UKF,jink,0.500,4.00,0.050,1,0.600,1,6.5213,6.1047,-0.4167,1.5802,0.2800,0.1144,0.0939,6.0000,7.8761,0.7143,38.2385,0.5903,-116.1138,-26.9562,-110.1047,-22.4055,-109.9966,-22.4629,-110.8666,-22.7304,-114.3984,-23.9938,6.0091,4.5508,6.1173,4.4934,5.2472,4.2258,74,0.2700,74,0,0.9809,0.0184,0.0007,-8.6365,-4.1786,-0.1994,-2.8222,-5.2948,0.0000,1,0.2939,0.0574,18.8088,0.0012,1.000,70.00,342.76
19.0903,IMM-UKF,jink,0.500,4.00,0.050,1,0.600,1,6.4803,5.8183,-0.6619,0.9848,0.2776,0.1114,0.0967,6.0000,7.8766,1.2481,15.4359,0.5915,-116.4761,-27.1215,-114.5060,-26.0230,-114.5343,-26.2285,-113.7384,-26.3038,-124.5734,-31.0087,1.9700,1.0985,1.9418,0.8930,2.7376,0.8177,75,0.0600,75,0,0.9859,0.0133,0.0008,-8.4220,-4.0502,-0.2017,-2.7585,-5.3283,0.0000,1,0.2939,0.0574,19.0316,0.0012,1.000,70.00,342.76
19.1003,IMM-UKF,jink,0.500,4.00,0.050,1,0.600,1,6.4413,5.8189,-0.6224,1.0003,0.2776,0.1114,0.0970,6.0000,7.8766,1.2491,16.5571,0.5927,-116.8517,-27.2795,-114.5060,-26.0230,-114.5343,-26.2285,-113.9460,-26.3194,-124.7151,-30.3058,2.3457,1.2565,2.3174,1.0510,2.9056,0.9601,75,0.0700,75,0,0.9859,0.0133,0.0008,-8.2081,-3.9206,-0.2022,-2.6944,-5.3610,0.0000,1,0.2939,0.0574,19.0316,0.0012,1.000,70.00,342.76
19.1103,IMM-UKF,jink,0.500,4.00,0.050,1,0.600,1,6.4044,5.8240,-0.5804,1.0165,0.2776,0.1114,0.0973,6.0000,7.8766,1.2501,17.7510,0.5937,-117.2406,-27.4299,-114.5060,-26.0230,-114.5343,-26.2285,-114.1616,-26.3139,-124.8550,-29.6122,2.7346,1.4069,2.7064,1.2014,3.0791,1.1160,75,0.0800,75,0,0.9859,0.0133,0.0008,-7.9951,-3.7899,-0.2014,-2.6298,-5.3930,0.0000,1,0.2939,0.0574,19.0316,0.0012,1.000,70.00,342.76
19.1203,IMM-UKF,jink,0.500,4.00,0.050,1,0.600,1,6.3697,5.8337,-0.5360,1.0333,0.2776,0.1114,0.0975,6.0000,7.8766,1.2511,19.0202,0.5947,-117.6429,-27.5725,-114.5060,-26.0230,-114.5343,-26.2285,-114.3850,-26.2875,-124.9937,-28.9282,3.1369,1.5494,3.1087,1.3439,3.2580,1.2850,75,0.0900,75,0,0.9859,0.0133,0.0008,-7.7827,-3.6579,-0.1995,-2.5649,-5.4241,0.0000,1,0.2939,0.0574,19.0316,0.0012,1.000,70.00,342.76
19.1303,IMM-UKF,jink,0.500,4.00,0.050,1,0.600,1,6.3371,5.8479,-0.4892,1.0509,0.2776,0.1114,0.0978,6.0000,7.8766,1.2519,20.3657,0.5956,-118.0584,-27.7070,-114.5060,-26.0230,-114.5343,-26.2285,-114.6160,-26.2404,-125.1315,-28.2544,3.5524,1.6839,3.5241,1.4784,3.4424,1.4665,75,0.1000,75,0,0.9859,0.0133,0.0008,-7.5712,-3.5247,-0.1969,-2.4997,-5.4545,0.0000,1,0.2939,0.0574,19.0316,0.0012,1.000,70.00,342.76
19.1403,IMM-UKF,jink,0.500,4.00,0.050,1,0.600,1,6.3066,5.8667,-0.4399,1.0691,0.2776,0.1114,0.0980,6.0000,7.8766,1.2527,21.7880,0.5965,-118.4869,-27.8331,-114.5060,-26.0230,-114.5343,-26.2285,-114.8545,-26.1732,-125.2691,-27.5915,3.9809,1.8100,3.9527,1.6045,3.6325,1.6599,75,0.1100,75,0,0.9859,0.0133,0.0008,-7.3605,-3.3902,-0.1935,-2.4340,-5.4841,0.0000,1,0.2939,0.0574,19.0316,0.0012,1.000,70.00,342.76
19.1503,IMM-UKF,jink,0.500,4.00,0.050,1,0.600,1,6.2782,5.8901,-0.3882,1.0881,0.2776,0.1114,0.0982,6.0000,7.8766,1.2534,23.2866,0.5973,-118.9283,-27.9506,-114.5060,-26.0230,-114.5343,-26.2285,-115.1001,-26.0860,-125.4066,-26.9401,4.4223,1.9276,4.3940,1.7220,3.8281,1.8646,75,0.1200,75,0,0.9859,0.0133,0.0008,-7.1507,-3.2544,-0.1895,-2.3680,-5.5129,0.0000,1,0.2939,0.0574,19.0316,0.0012,1.000,70.00,342.76
19.1603,IMM-UKF,jink,0.500,4.00,0.050,1,0.600,1,6.2520,5.9180,-0.3340,1.1079,0.2776,0.1114,0.0984,6.0000,7.8766,1.2541,24.8601,0.5980,-119.3823,-28.0592,-114.5060,-26.0230,-114.5343,-26.2285,-115.3528,-25.9796,-125.5446,-26.3009,4.8763,2.0362,4.8480,1.8307,4.0295,2.0796,75,0.1300,75,0,0.9859,0.0133,0.0008,-6.9417,-3.1172,-0.1849,-2.3017,-5.5409,0.0000,1,0.2939,0.0574,19.0316,0.0012,1.000,70.00,342.76
19.1703,IMM-UKF,jink,0.500,4.00,0.050,1,0.600,1,6.2280,5.9506,-0.2774,1.1285,0.2776,0.1114,0.0986,6.0000,7.8766,1.2547,26.5065,0.5987,-119.8486,-28.1587,-114.5060,-26.0230,-114.5343,-26.2285,-115.6122,-25.8544,-125.6834,-25.6745,5.3426,2.1357,5.3144,1.9302,4.2364,2.3043,75,0.1400,75,0,0.9859,0.0133,0.0008,-6.7336,-2.9787,-0.1799,-2.2351,-5.5682,0.0000,1,0.2939,0.0574,19.0316,0.0012,1.000,70.00,342.76
19.1803,IMM-UKF,jink,0.500,4.00,0.050,1,0.600,1,6.2061,5.9878,-0.2183,1.1498,0.2776,0.1114,0.0987,6.0000,7.8766,1.2552,28.2229,0.5992,-120.3271,-28.2489,-114.5060,-26.0230,-114.5343,-26.2285,-115.8780,-25.7111,-125.8233,-25.0615,5.8211,2.2258,5.7928,2.0203,4.4491,2.5377,75,0.1500,75,0,0.9859,0.0133,0.0008,-6.5265,-2.8388,-0.1744,-2.1681,-5.5946,0.0000,1,0.2939,0.0574,19.0316,0.0012,1.000,70.00,342.76
19.1903,IMM-UKF,jink,0.500,4.00,0.050,1,0.600,1,6.1865,6.0296,-0.1569,1.1719,0.2776,0.1114,0.0989,6.0000,7.8766,1.2557,30.0054,0.5998,-120.8173,-28.3294,-114.5060,-26.0230,-114.5343,-26.2285,-116.1499,-25.5509,-125.9646,-24.4636,6.3113,2.3064,6.2831,2.1009,4.6674,2.7785,75,0.1600,75,0,0.9859,0.0133,0.0008,-6.3209,-2.6978,-0.1685,-2.1008,-5.6202,0.0000,1,0.2939,0.0574,19.0316,0.0012,1.000,70.00,342.76
19.2003,IMM-UKF,jink,0.500,4.00,0.050,1,0.600,1,6.1689,6.0756,-0.0933,1.1948,0.2776,0.1114,0.0990,6.0000,7.8766,1.2562,31.8477,0.6003,-121.3190,-28.4003,-114.5060,-26.0230,-114.5343,-26.2285,-116.4270,-25.3758,-126.1080,-23.8854,6.8130,2.3773,6.7847,2.1718,4.8920,3.0245,75,0.1700,75,0,0.9859,0.0133,0.0008,-6.1184,-2.5569,-0.1624,-2.0332,-5.6450,0.0000,1,0.2939,0.0574,19.0316,0.0012,1.000,70.00,342.76
19.2103,IMM-UKF,jink,0.500,4.00,0.050,1,0.600,1,6.1536,6.1258,-0.0277,1.2185,0.2776,0.1114,0.0991,6.0000,7.8766,1.2565,33.7451,0.6007,-121.8316,-28.4615,-114.5060,-26.0230,-114.5343,-26.2285,-116.7088,-25.1869,-126.2535,-23.3267,7.3256,2.4384,7.2974,2.2329,5.1228,3.2746,75,0.1800,75,0,0.9859,0.0133,0.0008,-5.9191,-2.4160,-0.1559,-1.9653,-5.6690,0.0000,1,0.2939,0.0574,19.0316,0.0012,1.000,70.00,342.76
19.2203,IMM-UKF,jink,0.500,4.00,0.050,1,0.600,1,6.1403,6.1802,0.0399,1.2430,0.2776,0.1114,0.0993,6.0000,7.8766,1.2568,35.6924,0.6011,-122.3548,-28.5127,-114.5060,-26.0230,-114.5343,-26.2285,-116.9951,-24.9852,-126.4012,-22.7870,7.8488,2.4897,7.8206,2.2842,5.3597,3.5275,75,0.1900,75,0,0.9859,0.0133,0.0008,-5.7229,-2.2752,-0.1492,-1.8971,-5.6922,0.0000,1,0.2939,0.0574,19.0316,0.0012,1.000,70.00,342.76
19.2303,IMM-UKF,jink,0.500,4.00,0.050,1,0.600,1,6.1292,6.2387,0.1095,1.2683,0.2776,0.1114,0.0994,6.0000,7.8766,1.2572,37.6844,0.6014,-122.8882,-28.5541,-114.5060,-26.0230,-114.5343,-26.2285,-117.2854,-24.7718,-126.5512,-22.2660,8.3821,2.5311,8.3539,2.3256,5.6028,3.7824,75,0.2000,75,0,0.9859,0.0133,0.0008,-5.5299,-2.1344,-0.1422,-1.8287,-5.7145,0.0000,1,0.2939,0.0574,19.0316,0.0012,1.000,70.00,342.76
19.2403,IMM-UKF,jink,0.500,4.00,0.050,1,0.600,1,6.1203,6.3012,0.1810,1.2944,0.2776,0.1114,0.0994,6.0000,7.8766,1.2574,39.7158,0.6017,-123.4311,-28.5856,-114.5060,-26.0230,-114.5343,-26.2285,-117.5793,-24.5476,-126.7035,-21.7630,8.9251,2.5626,8.8968,2.3571,5.8518,4.0380,75,0.2100,75,0,0.9859,0.0133,0.0008,-5.3400,-1.9937,-0.1350,-1.7600,-5.7361,0.0000,1,0.2939,0.0574,19.0316,0.0012,1.000,70.00,342.76
19.2503,IMM-UKF,jink,0.500,4.00,0.050,1,0.600,1,6.1134,6.3678,0.2544,1.3213,0.2776,0.1114,0.0995,6.0000,7.8766,1.2575,41.7813,0.6019,-123.9832,-28.6072,-114.5060,-26.0230,-114.5343,-26.2285,-117.8766,-24.3139,-126.8581,-21.2778,9.4772,2.5841,9.4489,2.3786,6.1066,4.2933,75,0.2200,75,0,0.9859,0.0133,0.0008,-5.1533,-1.8530,-0.1277,-1.6910,-5.7568,0.0000,1,0.2939,0.0574,19.0316,0.0012,1.000,70.00,342.76
19.2603,IMM-UKF,jink,0.500,4.00,0.050,1,0.600,1,6.1086,6.4383,0.3297,1.3489,0.2776,0.1114,0.0996,6.0000,7.8766,1.2576,43.8757,0.6020,-124.5439,-28.6188,-114.5060,-26.0230,-114.5343,-26.2285,-118.1768,-24.0715,-127.0152,-20.8097,10.0379,2.5958,10.0096,2.3903,6.3671,4.5473,75,0.2300,75,0,0.9859,0.0133,0.0008,-4.9696,-1.7123,-0.1201,-1.6218,-5.7766,0.0000,1,0.2939,0.0574,19.0316,0.0012,1.000,70.00,342.76
19.2703,IMM-UKF,jink,0.500,4.00,0.050,1,0.600,1,6.1059,6.5127,0.4068,1.3773,0.2776,0.1114,0.0997,6.0000,7.8766,1.2577,45.9941,0.6022,-125.1127,-28.6205,-114.5060,-26.0230,-114.5343,-26.2285,-118.4797,-23.8215,-127.1747,-20.3584,10.6067,2.5975,10.5784,2.3920,6.6330,4.7990,75,0.2400,75,0,0.9859,0.0133,0.0008,-4.7891,-1.5718,-0.1123,-1.5524,-5.7957,0.0000,1,0.2939,0.0574,19.0316,0.0012,1.000,70.00,342.76
19.2803,IMM-UKF,jink,0.500,4.00,0.050,1,0.600,1,6.1053,6.5910,0.4857,1.4065,0.2776,0.1114,0.0997,6.0000,7.8766,1.2577,48.1312,0.6022,-125.6890,-28.6124,-114.5060,-26.0230,-114.5343,-26.2285,-118.7849,-23.5649,-127.3365,-19.9233,11.1830,2.5894,11.1547,2.3839,6.9041,5.0476,75,0.2500,75,0,0.9859,0.0133,0.0008,-4.6117,-1.4312,-0.1043,-1.4827,-5.8139,0.0000,1,0.2939,0.0574,19.0316,0.0012,1.000,70.00,342.76
19.2903,IMM-UKF,jink,0.500,4.00,0.050,1,0.600,1,6.1068,6.6731,0.5663,1.4364,0.2776,0.1114,0.0998,6.0000,7.8766,1.2577,50.2825,0.6022,-126.2722,-28.5946,-114.5060,-26.0230,-114.5343,-26.2285,-119.0920,-23.3025,-127.5008,-19.5039,11.7662,2.5716,11.7380,2.3660,7.1802,5.2921,75,0.2600,75,0,0.9859,0.0133,0.0008,-4.4374,-1.2908,-0.0962,-1.4129,-5.8313,0.0000,1,0.2939,0.0574,19.0316,0.0012,1.000,70.00,342.76
19.3003,IMM-UKF,jink,0.500,4.00,0.050,1,0.600,1,6.1103,6.7590,0.6486,1.4671,0.2776,0.1114,0.0999,6.0000,7.8766,1.2576,52.4435,0.6021,-126.8619,-28.5671,-114.5060,-26.0230,-114.5343,-26.2285,-119.4009,-23.0354,-127.6674,-19.0998,12.3559,2.5440,12.3277,2.3385,7.4610,5.5316,75,0.2700,75,0,0.9859,0.0133,0.0008,-4.2661,-1.1504,-0.0879,-1.3428,-5.8478,0.0000,1,0.2939,0.0574,19.0316,0.0012,1.000,70.00,342.76
19.3103,IMM-UKF,jink,0.500,4.00,0.050,1,0.600,1,6.1159,6.8486,0.7326,1.4985,0.2776,0.1114,0.0999,6.0000,7.8766,1.2575,54.6096,0.6021,-127.4574,-28.5300,-114.5060,-26.0230,-114.5343,-26.2285,-119.7113,-22.7644,-127.8363,-18.7105,12.9514,2.5069,12.9231,2.3014,7.7461,5.7656,75,0.2800,75,0,0.9859,0.0133,0.0008,-4.0980,-1.0101,-0.0794,-1.2725,-5.8635,0.0000,1,0.2939,0.0574,19.0316,0.0012,1.000,70.00,342.76
19.3203,IMM-UKF,jink,0.500,4.00,0.050,1,0.600,1,6.1236,6.9418,0.8182,1.5306,0.2776,0.1114,0.1000,6.0000,7.8766,1.2573,56.7769,0.6019,-128.0581,-28.4834,-114.5060,-26.0230,-114.5343,-26.2285,-120.0228,-22.4903,-128.0075,-18.3354,13.5521,2.4604,13.5238,2.2549,8.0353,5.9932,75,0.2900,75,0,0.9859,0.0133,0.0008,-3.9328,-0.8699,-0.0707,-1.2021,-5.8784,0.0000,1,0.2939,0.0574,19.0316,0.0012,1.000,70.00,342.76
19.3303,IMM-UKF,jink,0.500,4.00,0.050,1,0.600,1,6.1332,7.0387,0.9054,1.5635,0.2776,0.1114,0.1000,6.0000,7.8766,1.2570,58.9415,0.6017,-128.6634,-28.4277,-114.5060,-26.0230,-114.5343,-26.2285,-120.3353,-22.2139,-128.1809,-17.9742,14.1574,2.4046,14.1291,2.1991,8.3281,6.2137,75,0.3000,75,0,0.9859,0.0133,0.0008,-3.7708,-0.7298,-0.0619,-1.1315,-5.8924,0.0000,1,0.2466,0.0516,19.0316,-0.0000,1.000,70.00,342.76
19.3403,IMM-UKF,jink,0.500,4.00,0.050,1,0.600,1,6.1449,7.1391,0.9942,1.5971,0.2776,0.1114,0.1000,6.0000,7.8766,1.2567,61.0998,0.6014,-129.2727,-28.3628,-114.5060,-26.0230,-114.5343,-26.2285,-120.6486,-21.9361,-128.3565,-17.6264,14.7667,2.3398,14.7385,2.1343,8.6242,6.4268,75,0.3100,75,0,0.9859,0.0133,0.0008,-3.6117,-0.5898,-0.0529,-1.0607,-5.9055,0.0000,1,0.2466,0.0516,19.0316,-0.0000,1.000,70.00,342.76
19.3503,IMM-UKF,jink,0.500,4.00,0.050,1,0.600,1,6.1587,7.2431,1.0844,1.6313,0.2776,0.1114,0.1001,6.0000,7.8766,1.2563,63.2485,0.6010,-129.8855,-28.2891,-114.5060,-26.0230,-114.5343,-26.2285,-120.9623,-21.6574,-128.5343,-17.2916,15.3795,2.2661,15.3512,2.0606,8.9232,6.6317,75,0.3200,75,0,0.9859,0.0133,0.0008,-3.4557,-0.4499,-0.0437,-0.9897,-5.9178,0.0000,1,0.2466,0.0516,19.0316,-0.0000,1.000,70.00,342.76
19.3603,IMM-UKF,jink,0.500,4.00,0.050,1,0.600,1,6.1744,7.3505,1.1761,1.6663,0.2776,0.1114,0.1001,6.0000,7.8766,1.2559,65.3844,0.6006,-130.5012,-28.2067,-114.5060,-26.0230,-114.5343,-26.2285,-121.2764,-21.3786,-128.7140,-16.9693,15.9952,2.1837,15.9669,1.9782,9.2247,6.8281,75,0.3300,75,0,0.9859,0.0133,0.0008,-3.3026,-0.3102,-0.0343,-0.9186,-5.9293,0.0000,1,0.2466,0.0516,19.0316,-0.0000,1.000,70.00,342.76
19.3703,IMM-UKF,jink,0.500,4.00,0.050,1,0.600,1,6.1921,7.4614,1.2692,1.7019,0.2776,0.1114,0.1001,6.0000,7.8766,1.2554,67.5046,0.6002,-131.1191,-28.1158,-114.5060,-26.0230,-114.5343,-26.2285,-121.5907,-21.1003,-128.8958,-16.6592,16.6131,2.0928,16.5849,1.8873,9.5284,7.0155,75,0.3400,75,0,0.9859,0.0133,0.0008,-3.1526,-0.1707,-0.0248,-0.8474,-5.9399,0.0000,1,0.2466,0.0516,19.0316,-0.0000,1.000,70.00,342.76
19.3803,IMM-UKF,jink,0.500,4.00,0.050,1,0.600,1,6.2118,7.5756,1.3637,1.7382,0.2776,0.1114,0.1002,6.0000,7.8766,1.2548,69.6066,0.5996,-131.7388,-28.0168,-114.5060,-26.0230,-114.5343,-26.2285,-121.9049,-20.8231,-129.0795,-16.3608,17.2328,1.9938,17.2046,1.7883,9.8339,7.1937,75,0.3500,75,0,0.9859,0.0133,0.0008,-3.0055,-0.0313,-0.0150,-0.7761,-5.9496,0.0000,1,0.2466,0.0516,19.0316,-0.0000,1.000,70.00,342.76
19.3903,IMM-UKF,jink,0.500,4.00,0.050,1,0.600,1,6.2335,6.3831,0.1496,1.1474,0.2815,0.1111,0.0963,6.0000,6.1397,0.5755,29.5086,0.5990,-132.3596,-27.9099,-128.6634,-28.4277,-128.6336,-28.3357,-126.8516,-28.7539,-139.0545,-29.2567,3.6963,-0.5178,3.7260,-0.4258,5.5081,-0.8440,76,0.0600,76,0,0.9536,0.0438,0.0027,-2.8613,0.1078,-0.0050,-0.7046,-5.9585,0.0000,1,0.2466,0.0516,19.3303,-0.0000,1.000,70.00,342.76
19.4003,IMM-UKF,jink,0.500,4.00,0.050,1,0.600,1,6.2572,6.4355,0.1783,1.1655,0.2815,0.1111,0.0963,6.0000,6.1397,0.5762,31.1022,0.5983,-132.9811,-27.7953,-128.6634,-28.4277,-128.6336,-28.3357,-127.1897,-28.7279,-139.1658,-28.9261,4.3177,-0.6324,4.3475,-0.5404,5.7914,-0.9326,76,0.0700,76,0,0.9536,0.0438,0.0027,-2.7200,0.2468,0.0053,-0.6331,-5.9665,0.0000,1,0.2466,0.0516,19.3303,-0.0000,1.000,70.00,342.76
19.4103,IMM-UKF,jink,0.500,4.00,0.050,1,0.600,1,6.2829,6.4915,0.2086,1.1841,0.2815,0.1111,0.0963,6.0000,6.1397,0.5770,32.6941,0.5976,-133.6027,-27.6733,-128.6634,-28.4277,-128.6336,-28.3357,-127.5283,-28.6874,-139.2791,-28.5998,4.9393,-0.7543,4.9691,-0.6624,6.0744,-1.0141,76,0.0800,76,0,0.9536,0.0438,0.0027,-2.5817,0.3855,0.0158,-0.5614,-5.9737,0.0000,1,0.2466,0.0516,19.3303,-0.0000,1.000,70.00,342.76
19.4203,IMM-UKF,jink,0.500,4.00,0.050,1,0.600,1,6.3104,6.5509,0.2405,1.2034,0.2815,0.1111,0.0963,6.0000,6.1397,0.5780,34.2827,0.5967,-134.2238,-27.5444,-128.6634,-28.4277,-128.6336,-28.3357,-127.8671,-28.6333,-139.3944,-28.2784,5.5604,-0.8833,5.5902,-0.7913,6.3567,-1.0889,76,0.0900,76,0,0.9536,0.0438,0.0027,-2.4462,0.5240,0.0266,-0.4897,-5.9800,0.0000,1,0.2466,0.0516,19.3303,-0.0000,1.000,70.00,342.76
19.4303,IMM-UKF,jink,0.500,4.00,0.050,1,0.600,1,6.3400,6.6139,0.2739,1.2234,0.2815,0.1111,0.0964,6.0000,6.1397,0.5790,35.8667,0.5958,-134.8440,-27.4087,-128.6634,-28.4277,-128.6336,-28.3357,-128.2060,-28.5662,-139.5118,-27.9622,6.1806,-1.0190,6.2104,-0.9270,6.6380,-1.1575,76,0.1000,76,0,0.9536,0.0438,0.0027,-2.3136,0.6621,0.0378,-0.4179,-5.9854,0.0000,1,0.2466,0.0516,19.3303,-0.0000,1.000,70.00,342.76
19.4403,IMM-UKF,jink,0.500,4.00,0.050,1,0.600,1,6.3714,6.6802,0.3088,1.2440,0.2815,0.1111,0.0964,6.0000,6.1397,0.5801,37.4453,0.5947,-135.4628,-27.2667,-128.6634,-28.4277,-128.6336,-28.3357,-128.5446,-28.4872,-139.6314,-27.6515,6.7994,-1.1610,6.8291,-1.0690,6.9182,-1.2205,76,0.1100,76,0,0.9536,0.0438,0.0027,-2.1838,0.8000,0.0493,-0.3461,-5.9900,0.0000,1,0.2466,0.0516,19.3303,-0.0000,1.000,70.00,342.76
19.4503,IMM-UKF,jink,0.500,4.00,0.050,1,0.600,1,6.4048,6.7499,0.3451,1.2653,0.2815,0.1111,0.0964,6.0000,6.1397,0.5813,39.0179,0.5937,-136.0797,-27.1186,-128.6634,-28.4277,-128.6336,-28.3357,-128.8828,-28.3970,-139.7532,-27.3469,7.4163,-1.3091,7.4461,-1.2171,7.1969,-1.2784,76,0.1200,76,0,0.9536,0.0438,0.0027,-2.0568,0.9376,0.0613,-0.2742,-5.9937,0.0000,1,0.2466,0.0516,19.3303,-0.0000,1.000,70.00,342.76
19.4604,IMM-UKF,jink,0.500,4.00,0.050,1,0.600,1,6.4401,6.8229,0.3829,1.2872,0.2815,0.1111,0.0965,6.0000,6.1397,0.5825,40.5838,0.5925,-136.6943,-26.9649,-128.6634,-28.4277,-128.6336,-28.3357,-129.2204,-28.2966,-139.8772,-27.0487,8.0309,-1.4628,8.0607,-1.3708,7.4739,-1.3318,76,0.1300,76,0,0.9536,0.0438,0.0027,-1.9326,1.0748,0.0738,-0.2022,-5.9966,0.0000,1,0.2466,0.0516,19.3303,-0.0000,1.000,70.00,342.76
19.4704,IMM-UKF,jink,0.500,4.00,0.050,1,0.600,1,6.4773,6.8993,0.4220,1.3099,0.2815,0.1111,0.0965,6.0000,6.1397,0.5839,42.1426,0.5912,-137.3063,-26.8058,-128.6634,-28.4277,-128.6336,-28.3357,-129.5572,-28.1869,-140.0033,-26.7574,8.6429,-1.6219,8.6727,-1.5299,7.7491,-1.3811,76,0.1400,76,0,0.9536,0.0438,0.0027,-1.8111,1.2116,0.0869,-0.1303,-5.9986,0.0000,1,0.2466,0.0516,19.3303,-0.0000,1.000,70.00,342.76
19.4804,IMM-UKF,jink,0.500,4.00,0.050,1,0.600,1,6.5163,6.9789,0.4625,1.3333,0.2815,0.1111,0.0965,6.0000,6.1397,0.5853,43.6937,0.5898,-137.9152,-26.6418,-128.6634,-28.4277,-128.6336,-28.3357,-129.8930,-28.0689,-140.1317,-26.4735,9.2518,-1.7859,9.2816,-1.6939,8.0222,-1.4271,76,0.1500,76,0,0.9536,0.0438,0.0027,-1.6924,1.3480,0.1007,-0.0583,-5.9997,0.0000,1,0.2466,0.0516,19.3303,-0.0000,1.000,70.00,342.76
19.4904,IMM-UKF,jink,0.500,4.00,0.050,1,0.600,1,6.5572,7.0617,0.5044,1.3574,0.2815,0.1111,0.0966,6.0000,6.1397,0.5869,45.2370,0.5884,-138.5206,-26.4733,-128.6634,-28.4277,-128.6336,-28.3357,-130.2277,-27.9436,-140.2621,-26.1979,9.8572,-1.9544,9.8870,-1.8624,8.2930,-1.4703,76,0.1600,76,0,0.9536,0.0438,0.0027,-1.5764,1.4840,0.1154,0.0137,-6.0000,0.0000,1,0.2466,0.0516,19.3303,-0.0000,1.000,70.00,342.76
19.5004,IMM-UKF,jink,0.500,4.00,0.050,1,0.600,1,6.6000,7.1477,0.5477,1.3823,0.2815,0.1111,0.0966,6.0000,6.1397,0.5885,46.7721,0.5868,-139.1223,-26.3007,-128.6634,-28.4277,-128.6336,-28.3357,-130.5610,-27.8122,-140.3947,-25.9316,10.4589,-2.1270,10.4887,-2.0350,8.5613,-1.5116,76,0.1700,76,0,0.9536,0.0438,0.0027,-1.4631,1.6195,0.1313,0.0857,-5.9994,0.0000,1,0.2466,0.0516,19.3303,-0.0000,1.000,70.00,342.76
19.5104,IMM-UKF,jink,0.500,4.00,0.050,1,0.600,1,6.6455,7.2371,0.5916,1.4078,0.2815,0.1111,0.0960,6.0000,6.1397,0.5883,48.2510,0.5857,-139.7082,-26.1208,-128.6634,-28.4277,-128.6336,-28.3357,-130.8915,-27.6780,-140.5260,-25.6808,11.0448,-2.3069,11.0746,-2.2149,8.8167,-1.5572,76,0.1800,76,0,0.9536,0.0438,0.0027,-1.3520,1.7539,0.1502,0.0137,-6.0000,0.0000,1,0.2466,0.0516,19.3303,-0.0000,1.000,70.00,342.76
19.5204,IMM-UKF,jink,0.500,4.00,0.050,1,0.600,1,6.6937,7.3299,0.6362,1.4341,0.2815,0.1111,0.0953,6.0000,6.1397,0.5883,49.6823,0.5845,-140.2792,-25.9347,-128.6634,-28.4277,-128.6336,-28.3357,-131.2189,-27.5451,-140.6559,-25.4534,11.6158,-2.4929,11.6456,-2.4009,9.0603,-1.6104,76,0.1900,76,0,0.9536,0.0438,0.0027,-1.2431,1.8869,0.1743,-0.0583,-5.9997,0.0000,1,0.2466,0.0516,19.3303,-0.0000,1.000,70.00,342.76
19.5304,IMM-UKF,jink,0.500,4.00,0.050,1,0.600,1,6.7445,7.4265,0.6820,1.4611,0.2815,0.1111,0.0943,6.0000,6.1397,0.5884,51.0771,0.5833,-140.8349,-25.7440,-128.6634,-28.4277,-128.6336,-28.3357,-131.5420,-27.4237,-140.7834,-25.2707,12.1715,-2.6837,12.2012,-2.5917,9.2928,-1.6797,76,0.2000,76,0,0.9536,0.0438,0.0027,-1.1371,2.0173,0.2093,-0.1303,-5.9986,0.0000,1,0.2466,0.0516,19.3303,-0.0000,1.000,70.00,342.76
19.5404,IMM-UKF,jink,0.500,4.00,0.050,1,0.600,1,6.7980,7.5277,0.7297,1.4887,0.2815,0.1111,0.0933,6.0000,6.1397,0.5888,52.5073,0.5820,-141.3749,-25.5524,-128.6634,-28.4277,-128.6336,-28.3357,-131.8554,-27.3615,-140.9033,-25.2376,12.7115,-2.8753,12.7413,-2.7833,9.5195,-1.8091,76,0.2100,76,0,0.9536,0.0438,0.0027,-1.0394,2.1363,0.2819,-0.2022,-5.9966,0.0000,1,0.2466,0.0516,19.3303,-0.0000,1.000,70.00,342.76
19.5504,IMM-UKF,jink,0.500,4.00,0.050,1,0.600,1,6.8516,7.5799,0.7282,1.5167,0.2815,0.1111,0.0920,6.0000,6.1397,0.5892,55.0215,0.5807,-141.8960,-25.3742,-128.6634,-28.4277,-128.6336,-28.3357,-132.0064,-27.5818,-140.8604,-25.8226,13.2326,-3.0535,13.2623,-2.9615,9.8895,-2.2076,76,0.2200,76,0,0.9536,0.0438,0.0027,-1.1007,1.9981,0.3958,-0.2742,-5.9937,0.0000,1,0.2466,0.0516,19.3303,-0.0000,1.000,70.00,342.76
19.5604,IMM-UKF,jink,0.500,4.00,0.050,1,0.600,1,6.9046,7.6136,0.7090,1.5458,0.2815,0.1111,0.0910,6.0000,6.1397,0.5917,57.5597,0.5789,-142.3997,-25.2040,-128.6634,-28.4277,-128.6336,-28.3357,-132.1231,-27.7168,-140.7880,-26.1838,13.7363,-3.2237,13.7661,-3.1317,10.2766,-2.5129,76,0.2300,76,0,0.9536,0.0438,0.0027,-1.1821,1.8263,0.4200,-0.3461,-5.9900,0.0000,1,0.2466,0.0516,19.3303,-0.0000,1.000,70.00,342.76
19.5704,IMM-UKF,jink,0.500,4.00,0.050,1,0.600,1,6.9567,7.6426,0.6859,1.5757,0.2815,0.1111,0.0899,6.0000,6.1397,0.5951,60.0794,0.5768,-142.8859,-25.0404,-128.6634,-28.4277,-128.6336,-28.3357,-132.2256,-27.8385,-140.7069,-26.4988,14.2225,-3.3873,14.2523,-3.2953,10.6603,-2.7982,76,0.2400,76,0,0.9536,0.0438,0.0027,-1.2630,1.6541,0.4270,-0.4179,-5.9854,0.0000,1,0.2466,0.0516,19.3303,-0.0000,1.000,70.00,342.76
19.5804,IMM-UKF,jink,0.500,4.00,0.050,1,0.600,1,7.0080,7.6682,0.6602,1.6063,0.2815,0.1111,0.0888,6.0000,6.1397,0.5977,62.5838,0.5748,-143.3539,-24.8827,-128.6634,-28.4277,-128.6336,-28.3357,-132.3152,-27.9594,-140.6179,-26.7984,14.6905,-3.5450,14.7203,-3.4530,11.0387,-3.0767,76,0.2500,76,0,0.9536,0.0438,0.0027,-1.3426,1.4831,0.4270,-0.4897,-5.9800,0.0000,1,0.2702,0.0402,19.3303,-0.0001,1.000,70.00,342.76
19.5904,IMM-UKF,jink,0.500,4.00,0.050,1,0.600,1,7.0583,7.6907,0.6324,1.6377,0.2815,0.1111,0.0879,6.0000,6.1397,0.5984,65.0752,0.5732,-143.8039,-24.7306,-128.6634,-28.4277,-128.6336,-28.3357,-132.3923,-28.0835,-140.5210,-27.0927,15.1405,-3.6971,15.1703,-3.6051,11.4116,-3.3529,76,0.2600,76,0,0.9536,0.0438,0.0027,-1.4209,1.3133,0.4232,-0.5614,-5.9737,0.0000,1,0.2702,0.0402,19.3303,-0.0001,1.000,70.00,342.76
19.6004,IMM-UKF,jink,0.500,4.00,0.050,1,0.600,1,7.1077,7.7103,0.6026,1.6699,0.2815,0.1111,0.0868,6.0000,6.1397,0.5991,67.5632,0.5717,-144.2377,-24.5838,-128.6634,-28.4277,-128.6336,-28.3357,-132.4572,-28.2124,-140.4161,-27.3865,15.5743,-3.8439,15.6041,-3.7519,11.7805,-3.6285,76,0.2700,76,0,0.9536,0.0438,0.0027,-1.4978,1.1450,0.4170,-0.6331,-5.9665,0.0000,1,0.2702,0.0402,19.3303,-0.0001,1.000,70.00,342.76
19.6104,IMM-UKF,jink,0.500,4.00,0.050,1,0.600,1,7.1561,7.7272,0.5711,1.7027,0.2815,0.1111,0.0857,6.0000,6.1397,0.5999,70.0503,0.5702,-144.6558,-24.4421,-128.6634,-28.4277,-128.6336,-28.3357,-132.5101,-28.3470,-140.3031,-27.6823,15.9924,-3.9856,16.0222,-3.8936,12.1458,-3.9049,76,0.2800,76,0,0.9536,0.0438,0.0027,-1.5734,0.9781,0.4092,-0.7046,-5.9585,0.0000,1,0.2702,0.0402,19.3303,-0.0001,1.000,70.00,342.76
19.6204,IMM-UKF,jink,0.500,4.00,0.050,1,0.600,1,7.2035,7.7415,0.5379,1.7363,0.2815,0.1111,0.0844,6.0000,6.1397,0.6006,72.5386,0.5689,-145.0589,-24.3052,-128.6634,-28.4277,-128.6336,-28.3357,-132.5513,-28.4878,-140.1819,-27.9816,16.3956,-4.1225,16.4253,-4.0305,12.5077,-4.1827,76,0.2900,76,0,0.9536,0.0438,0.0027,-1.6478,0.8125,0.4004,-0.7761,-5.9496,0.0000,1,0.2702,0.0402,19.3303,-0.0001,1.000,70.00,342.76
19.6304,IMM-UKF,jink,0.500,4.00,0.050,1,0.600,1,7.2500,7.4993,0.2494,1.2269,0.2904,0.1148,0.0741,6.0000,6.6188,1.5181,19.3946,0.5677,-145.4475,-24.1730,-143.3539,-24.8827,-143.6291,-24.9094,-142.0777,-23.1907,-154.1262,-17.0898,2.0936,-0.7097,1.8184,-0.7364,3.3698,0.9823,77,0.0500,77,0,0.9040,0.0829,0.0131,-1.7209,0.6484,0.3907,-0.8474,-5.9399,0.0000,1,0.2702,0.0402,19.5802,-0.0001,1.000,70.00,342.76
19.6404,IMM-UKF,jink,0.500,4.00,0.050,1,0.600,1,7.2953,7.5421,0.2468,1.2460,0.2904,0.1148,0.0726,6.0000,6.6188,1.5208,19.6957,0.5665,-145.8220,-24.0455,-143.3539,-24.8827,-143.6291,-24.9094,-142.3983,-23.0625,-154.2726,-17.1280,2.4681,-0.8372,2.1929,-0.8639,3.4237,0.9830,77,0.0600,77,0,0.9040,0.0829,0.0131,-1.7929,0.4857,0.3803,-0.9186,-5.9293,0.0000,1,0.2702,0.0402,19.5802,-0.0001,1.000,70.00,342.76
19.6504,IMM-UKF,jink,0.500,4.00,0.050,1,0.600,1,7.3396,7.5820,0.2424,1.2657,0.2904,0.1148,0.0709,6.0000,6.6188,1.5235,19.9755,0.5654,-146.1829,-23.9224,-143.3539,-24.8827,-143.6291,-24.9094,-142.7079,-22.9433,-154.4181,-17.1681,2.8290,-0.9603,2.5539,-0.9870,3.4750,0.9791,77,0.0700,77,0,0.9040,0.0829,0.0131,-1.8637,0.3244,0.3696,-0.9897,-5.9178,0.0000,1,0.2702,0.0402,19.5802,-0.0001,1.000,70.00,342.76
19.6604,IMM-UKF,jink,0.500,4.00,0.050,1,0.600,1,7.3828,7.6190,0.2361,1.2860,0.2904,0.1148,0.0692,6.0000,6.6188,1.5260,20.2337,0.5644,-146.5307,-23.8037,-143.3539,-24.8827,-143.6291,-24.9094,-143.0070,-22.8326,-154.5627,-17.2102,3.1768,-1.0790,2.9016,-1.1057,3.5237,0.9710,77,0.0800,77,0,0.9040,0.0829,0.0131,-1.9334,0.1645,0.3584,-1.0607,-5.9055,0.0000,1,0.2702,0.0402,19.5802,-0.0001,1.000,70.00,342.76
19.6704,IMM-UKF,jink,0.500,4.00,0.050,1,0.600,1,7.4250,7.6531,0.2281,1.3069,0.2904,0.1148,0.0674,6.0000,6.6188,1.5283,20.4704,0.5634,-146.8658,-23.6891,-143.3539,-24.8827,-143.6291,-24.9094,-143.2963,-22.7301,-154.7065,-17.2546,3.5118,-1.1936,3.2367,-1.2203,3.5694,0.9590,77,0.0900,77,0,0.9040,0.0829,0.0131,-2.0020,0.0060,0.3470,-1.1315,-5.8924,0.0000,1,0.2702,0.0402,19.5802,-0.0001,1.000,70.00,342.76
19.6804,IMM-UKF,jink,0.500,4.00,0.050,1,0.600,1,7.4660,7.6843,0.2183,1.3284,0.2904,0.1148,0.0655,6.0000,6.6188,1.5305,20.6854,0.5625,-147.1885,-23.5788,-143.3539,-24.8827,-143.6291,-24.9094,-143.5764,-22.6355,-154.8497,-17.3013,3.8345,-1.3039,3.5594,-1.3306,3.6121,0.9433,77,0.1000,77,0,0.9040,0.0829,0.0131,-2.0695,-0.1511,0.3354,-1.2021,-5.8784,0.0000,1,0.2702,0.0402,19.5802,-0.0001,1.000,70.00,342.76
19.6904,IMM-UKF,jink,0.500,4.00,0.050,1,0.600,1,7.5059,7.7127,0.2068,1.3506,0.2904,0.1148,0.0636,6.0000,6.6188,1.5326,20.8785,0.5617,-147.4992,-23.4725,-143.3539,-24.8827,-143.6291,-24.9094,-143.8476,-22.5484,-154.9925,-17.3507,4.1453,-1.4102,3.8701,-1.4370,3.6516,0.9241,77,0.1100,77,0,0.9040,0.0829,0.0131,-2.1361,-0.3069,0.3236,-1.2725,-5.8635,0.0000,1,0.2702,0.0402,19.5802,-0.0001,1.000,70.00,342.76
19.7004,IMM-UKF,jink,0.500,4.00,0.050,1,0.600,1,7.5446,7.7383,0.1937,1.3734,0.2904,0.1148,0.0615,6.0000,6.6188,1.5346,21.0499,0.5609,-147.7984,-23.3701,-143.3539,-24.8827,-143.6291,-24.9094,-144.1105,-22.4685,-155.1350,-17.4027,4.4444,-1.5126,4.1693,-1.5393,3.6879,0.9016,77,0.1200,77,0,0.9040,0.0829,0.0131,-2.2016,-0.4612,0.3117,-1.3428,-5.8478,0.0000,1,0.2702,0.0402,19.5802,-0.0001,1.000,70.00,342.76
19.7104,IMM-UKF,jink,0.500,4.00,0.050,1,0.600,1,7.5823,7.7612,0.1789,1.3970,0.2904,0.1148,0.0593,6.0000,6.6188,1.5364,21.1993,0.5601,-148.0862,-23.2716,-143.3539,-24.8827,-143.6291,-24.9094,-144.3656,-22.3956,-155.2773,-17.4575,4.7323,-1.6111,4.4572,-1.6378,3.7207,0.8760,77,0.1300,77,0,0.9040,0.0829,0.0131,-2.2662,-0.6141,0.2997,-1.4129,-5.8313,0.0000,1,0.2702,0.0402,19.5802,-0.0001,1.000,70.00,342.76
19.7204,IMM-UKF,jink,0.500,4.00,0.050,1,0.600,1,7.6187,7.7813,0.1626,1.4212,0.2904,0.1148,0.0571,6.0000,6.6188,1.5382,21.3268,0.5595,-148.3632,-23.1769,-143.3539,-24.8827,-143.6291,-24.9094,-144.6132,-22.3294,-155.4196,-17.5152,5.0093,-1.7058,4.7341,-1.7325,3.7500,0.8474,77,0.1400,77,0,0.9040,0.0829,0.0131,-2.3299,-0.7656,0.2876,-1.4827,-5.8139,0.0000,1,0.2702,0.0402,19.5802,-0.0001,1.000,70.00,342.76
19.7304,IMM-UKF,jink,0.500,4.00,0.050,1,0.600,1,7.6540,7.7987,0.1447,1.4462,0.2904,0.1148,0.0548,6.0000,6.6188,1.5398,21.4324,0.5589,-148.6295,-23.0859,-143.3539,-24.8827,-143.6291,-24.9094,-144.8539,-22.2699,-155.5621,-17.5759,5.2756,-1.7968,5.0004,-1.8235,3.7756,0.8160,77,0.1500,77,0,0.9040,0.0829,0.0131,-2.3927,-0.9158,0.2756,-1.5524,-5.7957,0.0000,1,0.2702,0.0402,19.5802,-0.0001,1.000,70.00,342.76
19.7404,IMM-UKF,jink,0.500,4.00,0.050,1,0.600,1,7.6881,7.8135,0.1254,1.4719,0.2904,0.1148,0.0525,6.0000,6.6188,1.5414,21.5159,0.5583,-148.8855,-22.9986,-143.3539,-24.8827,-143.6291,-24.9094,-145.0879,-22.2167,-155.7048,-17.6396,5.5316,-1.8841,5.2564,-1.9108,3.7976,0.7819,77,0.1600,77,0,0.9040,0.0829,0.0131,-2.4547,-1.0645,0.2635,-1.6218,-5.7766,0.0000,1,0.2702,0.0402,19.5802,-0.0001,1.000,70.00,342.76
19.7504,IMM-UKF,jink,0.500,4.00,0.050,1,0.600,1,7.7211,7.8256,0.1045,1.4983,0.2904,0.1148,0.0501,6.0000,6.6188,1.5428,21.5774,0.5578,-149.1314,-22.9148,-143.3539,-24.8827,-143.6291,-24.9094,-145.3156,-22.1696,-155.8480,-17.7066,5.7775,-1.9679,5.5024,-1.9946,3.8158,0.7451,77,0.1700,77,0,0.9040,0.0829,0.0131,-2.5158,-1.2119,0.2514,-1.6910,-5.7568,0.0000,1,0.2702,0.0402,19.5802,-0.0001,1.000,70.00,342.76
19.7604,IMM-UKF,jink,0.500,4.00,0.050,1,0.600,1,7.7528,7.8351,0.0823,1.5254,0.2904,0.1148,0.0476,6.0000,6.6188,1.5442,21.6168,0.5573,-149.3676,-22.8345,-143.3539,-24.8827,-143.6291,-24.9094,-145.5375,-22.1287,-155.9918,-17.7767,6.0137,-2.0482,5.7385,-2.0749,3.8301,0.7059,77,0.1800,77,0,0.9040,0.0829,0.0131,-2.5761,-1.3580,0.2394,-1.7600,-5.7361,0.0000,1,0.2702,0.0402,19.5802,-0.0001,1.000,70.00,342.76
19.7704,IMM-UKF,jink,0.500,4.00,0.050,1,0.600,1,7.7833,7.8420,0.0587,1.5532,0.2904,0.1148,0.0450,6.0000,6.6188,1.5454,21.6341,0.5569,-149.5942,-22.7577,-143.3539,-24.8827,-143.6291,-24.9094,-145.7537,-22.0936,-156.1364,-17.8502,6.2403,-2.1250,5.9651,-2.1517,3.8405,0.6642,77,0.1900,77,0,0.9040,0.0829,0.0131,-2.6356,-1.5026,0.2274,-1.8287,-5.7145,0.0000,1,0.2702,0.0402,19.5802,-0.0001,1.000,70.00,342.76
19.7804,IMM-UKF,jink,0.500,4.00,0.050,1,0.600,1,7.8127,7.8464,0.0337,1.5818,0.2904,0.1148,0.0426,6.0000,6.6188,1.5415,21.6342,0.5559,-149.8124,-22.6843,-143.3539,-24.8827,-143.6291,-24.9094,-145.9648,-22.0642,-156.2820,-17.9272,6.4585,-2.1984,6.1833,-2.2251,3.8477,0.6201,77,0.2000,77,0,0.9040,0.0829,0.0131,-2.6943,-1.6459,0.2154,-1.8971,-5.6922,0.0000,1,0.2702,0.0402,19.5802,-0.0001,1.000,70.00,342.76
19.7904,IMM-UKF,jink,0.500,4.00,0.050,1,0.600,1,7.8408,7.8483,0.0075,1.6111,0.2904,0.1148,0.0403,6.0000,6.6188,1.5355,21.6141,0.5547,-150.0219,-22.6143,-143.3539,-24.8827,-143.6291,-24.9094,-146.1708,-22.0406,-156.4287,-18.0077,6.6680,-2.2684,6.3929,-2.2951,3.8511,0.5737,77,0.2100,77,0,0.9040,0.0829,0.0131,-2.7524,-1.7878,0.2035,-1.9653,-5.6690,0.0000,1,0.2702,0.0402,19.5802,-0.0001,1.000,70.00,342.76
19.8004,IMM-UKF,jink,0.500,4.00,0.050,1,0.600,1,7.8677,7.8477,-0.0200,1.6412,0.2904,0.1148,0.0380,6.0000,6.6188,1.5309,21.5705,0.5536,-150.2223,-22.5475,-143.3539,-24.8827,-143.6291,-24.9094,-146.3722,-22.0224,-156.5768,-18.0918,6.8684,-2.3352,6.5932,-2.3619,3.8501,0.5251,77,0.2200,77,0,0.9040,0.0829,0.0131,-2.8097,-1.9284,0.1916,-2.0332,-5.6450,0.0000,1,0.2702,0.0402,19.5802,-0.0001,1.000,70.00,342.76
19.8104,IMM-UKF,jink,0.500,4.00,0.050,1,0.600,1,7.8934,7.8447,-0.0487,1.6719,0.2904,0.1148,0.0359,6.0000,6.6188,1.5323,21.4987,0.5532,-150.4130,-22.4840,-143.3539,-24.8827,-143.6291,-24.9094,-146.5692,-22.0098,-156.7264,-18.1797,7.0591,-2.3987,6.7839,-2.4254,3.8438,0.4742,77,0.2300,77,0,0.9040,0.0829,0.0131,-2.8663,-2.0676,0.1799,-2.1008,-5.6202,0.0000,1,0.2702,0.0402,19.5802,-0.0001,1.000,70.00,342.76
19.8204,IMM-UKF,jink,0.500,4.00,0.050,1,0.600,1,7.9179,7.8393,-0.0786,1.7035,0.2904,0.1148,0.0337,6.0000,6.6188,1.5335,21.4046,0.5528,-150.5952,-22.4237,-143.3539,-24.8827,-143.6291,-24.9094,-146.7622,-22.0025,-156.8779,-18.2715,7.2413,-2.4590,6.9661,-2.4857,3.8330,0.4212,77,0.2400,77,0,0.9040,0.0829,0.0131,-2.9223,-2.2055,0.1682,-2.1681,-5.5946,0.0000,1,0.2702,0.0402,19.5802,-0.0001,1.000,70.00,342.76
19.8304,IMM-UKF,jink,0.500,4.00,0.050,1,0.600,1,7.9411,7.8315,-0.1096,1.7357,0.2904,0.1148,0.0315,6.0000,6.6188,1.5347,21.2884,0.5525,-150.7691,-22.3665,-143.3539,-24.8827,-143.6291,-24.9094,-146.9513,-22.0006,-157.0313,-18.3672,7.4152,-2.5162,7.1400,-2.5429,3.8178,0.3659,77,0.2500,77,0,0.9040,0.0829,0.0131,-2.9777,-2.3420,0.1566,-2.2351,-5.5682,0.0000,1,0.2702,0.0402,19.5802,-0.0001,1.000,70.00,342.76
19.8404,IMM-UKF,jink,0.500,4.00,0.050,1,0.600,1,7.9631,7.8213,-0.1418,1.7687,0.2904,0.1148,0.0292,6.0000,6.6188,1.5358,21.1500,0.5523,-150.9349,-22.3124,-143.3539,-24.8827,-143.6291,-24.9094,-147.1369,-22.0039,-157.1869,-18.4670,7.5810,-2.5703,7.3059,-2.5970,3.7980,0.3086,77,0.2600,77,0,0.9040,0.0829,0.0131,-3.0324,-2.4772,0.1451,-2.3017,-5.5409,0.0000,1,0.2702,0.0402,19.5802,-0.0001,1.000,70.00,342.76
19.8504,IMM-UKF,jink,0.500,4.00,0.050,1,0.600,1,7.9839,7.8089,-0.1750,1.8024,0.2904,0.1148,0.0269,6.0000,6.6188,1.5369,20.9895,0.5521,-151.0928,-22.2614,-143.3539,-24.8827,-143.6291,-24.9094,-147.3192,-22.0124,-157.3450,-18.5711,7.7389,-2.6213,7.4637,-2.6480,3.7736,0.2490,77,0.2700,77,0,0.9040,0.0829,0.0131,-3.0866,-2.6110,0.1336,-2.3680,-5.5129,0.0000,1,0.2702,0.0402,19.5802,-0.0001,1.000,70.00,342.76
19.8604,IMM-UKF,jink,0.500,4.00,0.050,1,0.600,1,8.0034,7.7942,-0.2092,1.8368,0.2904,0.1148,0.0245,6.0000,6.6188,1.5380,20.8072,0.5520,-151.2430,-22.2135,-143.3539,-24.8827,-143.6291,-24.9094,-147.4985,-22.0261,-157.5058,-18.6795,7.8890,-2.6693,7.6139,-2.6960,3.7445,0.1873,77,0.2800,77,0,0.9040,0.0829,0.0131,-3.1402,-2.7436,0.1223,-2.4340,-5.4841,0.0000,1,0.2823,0.0452,19.5802,0.0015,1.000,70.00,342.76
19.8704,IMM-UKF,jink,0.500,4.00,0.050,1,0.600,1,8.0217,7.7772,-0.2444,1.8719,0.2904,0.1148,0.0221,6.0000,6.6188,1.5389,20.6031,0.5519,-151.3855,-22.1685,-143.3539,-24.8827,-143.6291,-24.9094,-147.6749,-22.0450,-157.6697,-18.7924,8.0315,-2.7142,7.7564,-2.7409,3.7105,0.1235,77,0.2900,77,0,0.9040,0.0829,0.0131,-3.1932,-2.8748,0.1111,-2.4997,-5.4545,0.0000,1,0.2823,0.0452,19.5802,0.0015,1.000,70.00,342.76
19.8804,IMM-UKF,jink,0.500,4.00,0.050,1,0.600,1,8.0387,7.7581,-0.2806,1.9078,0.2904,0.1148,0.0197,6.0000,6.6188,1.5398,20.3775,0.5520,-151.5205,-22.1265,-143.3539,-24.8827,-143.6291,-24.9094,-147.8489,-22.0690,-157.8367,-18.9099,8.1665,-2.7562,7.8914,-2.7829,3.6716,0.0575,77,0.3000,77,0,0.9040,0.0829,0.0131,-3.2458,-3.0047,0.1000,-2.5649,-5.4241,0.0000,1,0.2823,0.0452,19.5802,0.0015,1.000,70.00,342.76
19.8904,IMM-UKF,jink,0.500,4.00,0.050,1,0.600,1,8.0545,7.7368,-0.3177,1.9443,0.2904,0.1148,0.0172,6.0000,6.6188,1.5407,20.1309,0.5520,-151.6482,-22.0874,-143.3539,-24.8827,-143.6291,-24.9094,-148.0205,-22.0982,-158.0074,-19.0323,8.2942,-2.7953,8.0191,-2.8220,3.6276,-0.0107,77,0.3100,77,0,0.9040,0.0829,0.0131,-3.2978,-3.1332,0.0890,-2.6298,-5.3930,0.0000,1,0.2823,0.0452,19.5802,0.0015,1.000,70.00,342.76
19.9004,IMM-UKF,jink,0.500,4.00,0.050,1,0.600,1,8.0691,7.7133,-0.3558,1.9816,0.2904,0.1148,0.0146,6.0000,6.6188,1.5415,19.8636,0.5521,-151.7686,-22.0513,-143.3539,-24.8827,-143.6291,-24.9094,-148.1901,-22.1325,-158.1820,-19.1596,8.4147,-2.8314,8.1396,-2.8581,3.5785,-0.0812,77,0.3200,77,0,0.9040,0.0829,0.0131,-3.3493,-3.2605,0.0781,-2.6944,-5.3610,0.0000,1,0.2823,0.0452,19.5802,0.0015,1.000,70.00,342.76
19.9104,IMM-UKF,jink,0.500,4.00,0.050,1,0.600,1,8.0824,8.0240,-0.0584,1.2159,0.2903,0.1137,0.0130,6.0000,6.9593,0.7792,6.2019,0.5504,-151.8852,-22.0181,-151.2430,-22.2135,-151.3229,-22.1048,-150.8413,-22.3927,-162.1880,-19.9911,0.6423,-0.1954,0.5623,-0.0868,1.0440,-0.3746,78,0.0500,78,0,0.9900,0.0099,0.0001,-3.4004,-3.3865,0.0673,-2.7585,-5.3283,0.0000,1,0.2823,0.0452,19.8618,0.0015,1.000,70.00,342.76
19.9204,IMM-UKF,jink,0.500,4.00,0.050,1,0.600,1,8.0944,8.0359,-0.0585,1.2335,0.2903,0.1137,0.0130,6.0000,6.9593,0.7503,5.5058,0.5481,-152.0017,-21.9877,-151.2430,-22.2135,-151.3229,-22.1048,-151.0948,-22.3640,-162.4212,-20.0683,0.7587,-0.2257,0.6788,-0.1171,0.9069,-0.3763,78,0.0600,78,0,0.9900,0.0099,0.0001,-3.4511,-3.5112,0.0566,-2.8222,-5.2948,0.0000,1,0.2823,0.0452,19.8618,0.0015,1.000,70.00,342.76
19.9304,IMM-UKF,jink,0.500,4.00,0.050,1,0.600,1,8.1052,8.0455,-0.0597,1.2517,0.2903,0.1137,0.0130,6.0000,6.9593,0.7258,4.8154,0.5499,-152.1112,-21.9604,-151.2430,-22.2135,-151.3229,-22.1048,-151.3452,-22.3407,-162.6585,-20.1494,0.8682,-0.2530,0.7883,-0.1444,0.7659,-0.3803,78,0.0700,78,0,0.9900,0.0099,0.0001,-3.5013,-3.6345,0.0461,-2.8856,-5.2606,0.0000,1,0.2823,0.0452,19.8618,0.0015,1.000,70.00,342.76
19.9404,IMM-UKF,jink,0.500,4.00,0.050,1,0.600,1,8.1148,8.0529,-0.0620,1.2703,0.2903,0.1137,0.0150,6.0000,6.9593,0.7231,4.1083,0.5497,-152.2056,-21.9360,-151.2430,-22.2135,-151.3229,-22.1048,-151.5929,-22.3226,-162.9002,-20.2343,0.9627,-0.2774,0.8827,-0.1688,0.6127,-0.3866,78,0.0800,78,0,0.9900,0.0099,0.0001,-3.5511,-3.7566,0.0356,-2.9485,-5.2256,0.0000,1,0.2823,0.0452,19.8618,0.0015,1.000,70.00,342.76
19.9504,IMM-UKF,jink,0.500,4.00,0.050,1,0.600,1,8.1231,8.0579,-0.0652,1.2896,0.2903,0.1137,0.0174,6.0000,6.9593,0.7245,3.4508,0.5486,-152.2917,-21.9144,-151.2430,-22.2135,-151.3229,-22.1048,-151.8381,-22.3096,-163.1465,-20.3230,1.0487,-0.2991,0.9688,-0.1904,0.4535,-0.3952,78,0.0900,78,0,0.9900,0.0099,0.0001,-3.6005,-3.8775,0.0253,-3.0110,-5.1898,0.0000,1,0.2823,0.0452,19.8618,0.0015,1.000,70.00,342.76
19.9604,IMM-UKF,jink,0.500,4.00,0.050,1,0.600,1,8.1302,8.0607,-0.0695,1.3093,0.2903,0.1137,0.0198,6.0000,6.9593,0.7259,2.9126,0.5475,-152.3711,-21.8956,-151.2430,-22.2135,-151.3229,-22.1048,-152.0812,-22.3017,-163.3978,-20.4157,1.1281,-0.3179,1.0482,-0.2093,0.2899,-0.4061,78,0.1000,78,0,0.9900,0.0099,0.0001,-3.6496,-3.9970,0.0151,-3.0730,-5.1533,0.0000,1,0.2823,0.0452,19.8618,0.0015,1.000,70.00,342.76
19.9704,IMM-UKF,jink,0.500,4.00,0.050,1,0.600,1,8.1360,8.0613,-0.0747,1.3297,0.2903,0.1137,0.0221,6.0000,6.9593,0.7272,2.5962,0.5465,-152.4441,-21.8796,-151.2430,-22.2135,-151.3229,-22.1048,-152.3225,-22.2987,-163.6544,-20.5123,1.2011,-0.3339,1.1212,-0.2253,0.1215,-0.4191,78,0.1100,78,0,0.9900,0.0099,0.0001,-3.6983,-4.1153,0.0051,-3.1346,-5.1161,0.0000,1,0.2823,0.0452,19.8618,0.0015,1.000,70.00,342.76
19.9804,IMM-UKF,jink,0.500,4.00,0.050,1,0.600,1,8.1406,8.0598,-0.0808,1.3507,0.2903,0.1137,0.0242,6.0000,6.9593,0.7285,2.6133,0.5455,-152.5106,-21.8663,-151.2430,-22.2135,-151.3229,-22.1048,-152.5623,-22.3006,-163.9166,-20.6130,1.2677,-0.3471,1.1877,-0.2385,-0.0517,-0.4342,78,0.1200,78,0,0.9900,0.0099,0.0001,-3.7467,-4.2323,-0.0049,-3.1958,-5.0781,0.0000,1,0.2823,0.0452,19.8618,0.0015,1.000,70.00,342.76
19.9904,IMM-UKF,jink,0.500,4.00,0.050,1,0.600,1,8.1439,8.0561,-0.0878,1.3723,0.2903,0.1137,0.0264,6.0000,6.9593,0.7297,2.9861,0.5446,-152.5708,-21.8559,-151.2430,-22.2135,-151.3229,-22.1048,-152.8008,-22.3073,-164.1848,-20.7178,1.3279,-0.3576,1.2479,-0.2489,-0.2300,-0.4514,78,0.1300,78,0,0.9900,0.0099,0.0001,-3.7947,-4.3480,-0.0147,-3.2565,-5.0394,0.0000,1,0.2823,0.0452,19.8618,0.0015,1.000,70.00,342.76
20.0004,IMM-UKF,jink,0.500,4.00,0.050,1,0.600,1,8.1460,8.0503,-0.0957,1.3945,0.2903,0.1137,0.0284,6.0000,6.9593,0.7308,3.6306,0.5438,-152.6248,-21.8482,-151.2430,-22.2135,-151.3229,-22.1048,-153.0385,-22.3187,-164.4594,-20.8268,1.3818,-0.3652,1.3019,-0.2566,-0.4137,-0.4705,78,0.1400,78,0,0.9900,0.0099,0.0001,-3.8425,-4.4625,-0.0244,-3.3168,-4.9999,0.0000,1,0.2823,0.0452,19.8618,0.0015,1.000,70.00,342.76
