t_s,estimator,maneuver,horizon_s,detect_hz,latency_s,jitter,meas_corr,predict_on,true_range_m,est_range_m,range_err_m,range_sigma_m,est_size_w_m,est_size_h_m,size_err_m,true_speed_mps,est_speed_mps,held_err_px,est_err_px,track_err_px,origin_hdg,origin_att,delayed_hdg,delayed_att,jittered_hdg,jittered_att,est_hdg,est_att,pred_hdg,pred_att,err_delayed_hdg,err_delayed_att,err_jittered_hdg,err_jittered_att,err_est_hdg,err_est_att,detect_count,detect_age_s,tracker_updates,tracker_rejects,imm_p0,imm_p1,imm_p2,chaser_vx,chaser_vy,chaser_vz,target_vx,target_vy,target_vz,timing_on,period_s,pkt_latency_s,meas_stamp_s,stamp_err_s,zoom,fov_deg,fx
0.0100,UKF,smooth,0.500,10.00,0.050,1,0.600,1,19.4190,nan,nan,nan,nan,nan,nan,6.0000,nan,0.0000,0.0000,0.0000,18.2976,-11.7370,nan,nan,nan,nan,nan,nan,nan,nan,nan,nan,nan,nan,nan,nan,0,0.0000,0,0,0.0000,0.0000,0.0000,0.0466,0.1732,-0.0147,-3.0870,5.1450,0.0000,1,0.0801,0.0590,0.0000,-0.0017,1.000,70.00,342.76
0.0200,UKF,smooth,0.500,10.00,0.050,1,0.600,1,19.4538,nan,nan,nan,nan,nan,nan,6.0000,nan,0.0000,0.0000,0.0000,18.1614,-11.7148,nan,nan,nan,nan,nan,nan,nan,nan,nan,nan,nan,nan,nan,nan,0,0.0000,0,0,0.0000,0.0000,0.0000,0.0923,0.3449,-0.0293,-3.0870,5.1449,0.0000,1,0.0801,0.0590,0.0000,-0.0017,1.000,70.00,342.76
0.0300,UKF,smooth,0.500,10.00,0.050,1,0.600,1,19.4870,nan,nan,nan,nan,nan,nan,6.0000,nan,0.0000,0.0000,0.0000,18.0261,-11.6933,nan,nan,nan,nan,nan,nan,nan,nan,nan,nan,nan,nan,nan,nan,0,0.0000,0,0,0.0000,0.0000,0.0000,0.1372,0.5149,-0.0436,-3.0872,5.1448,0.0000,1,0.0801,0.0590,0.0000,-0.0017,1.000,70.00,342.76
0.0400,UKF,smooth,0.500,10.00,0.050,1,0.600,1,19.5186,nan,nan,nan,nan,nan,nan,6.0000,nan,0.0000,0.0000,0.0000,17.8916,-11.6724,nan,nan,nan,nan,nan,nan,nan,nan,nan,nan,nan,nan,nan,nan,0,0.0000,0,0,0.0000,0.0000,0.0000,0.1813,0.6833,-0.0577,-3.0874,5.1447,0.0000,1,0.0801,0.0590,0.0000,-0.0017,1.000,70.00,342.76
0.0500,UKF,smooth,0.500,10.00,0.050,1,0.600,1,19.5486,nan,nan,nan,nan,nan,nan,6.0000,nan,0.0000,0.0000,0.0000,17.7578,-11.6522,nan,nan,nan,nan,nan,nan,nan,nan,nan,nan,nan,nan,nan,nan,0,0.0000,0,0,0.0000,0.0000,0.0000,0.2245,0.8501,-0.0717,-3.0877,5.1445,0.0000,1,0.0801,0.0590,0.0000,-0.0017,1.000,70.00,342.76
0.0600,UKF,smooth,0.500,10.00,0.050,1,0.600,1,19.5769,17.3406,-2.2364,8.7342,0.3600,0.1016,0.0180,6.0000,0.0000,1.7822,5.6703,0.1716,17.6247,-11.6325,18.4345,-11.7598,18.5706,-11.4938,18.5852,-11.5193,18.7079,-11.7329,0.8099,-0.1273,0.9459,0.1387,0.9605,0.1133,1,0.0600,1,0,1.0000,0.0000,0.0000,0.2670,1.0154,-0.0855,-3.0881,5.1443,0.0000,1,0.0801,0.0590,-0.0017,-0.0017,1.000,70.00,342.76
0.0700,UKF,smooth,0.500,10.00,0.050,1,0.600,1,19.6037,17.3181,-2.2856,8.7453,0.3600,0.1016,0.0180,6.0000,0.0000,1.7826,6.4582,0.1712,17.4922,-11.6135,18.4345,-11.7598,18.5706,-11.4938,18.5906,-11.5282,18.7365,-11.7784,0.9423,-0.1463,1.0783,0.1197,1.0984,0.0853,1,0.0700,1,0,1.0000,0.0000,0.0000,0.3087,1.1791,-0.0991,-3.0885,5.1441,0.0000,1,0.0801,0.0590,-0.0017,-0.0017,1.000,70.00,342.76
0.0800,UKF,smooth,0.500,10.00,0.050,1,0.600,1,19.6289,17.2924,-2.3365,8.7581,0.3600,0.1016,0.0181,6.0000,0.0000,1.7829,7.2561,0.1708,17.3604,-11.5950,18.4345,-11.7598,18.5706,-11.4938,18.5970,-11.5385,18.7670,-11.8256,1.0741,-0.1648,1.2101,0.1012,1.2366,0.0565,1,0.0800,1,0,1.0000,0.0000,0.0000,0.3496,1.3412,-0.1125,-3.0890,5.1437,0.0000,1,0.0801,0.0590,-0.0017,-0.0017,1.000,70.00,342.76
0.0900,UKF,smooth,0.500,10.00,0.050,1,0.600,1,19.6526,17.2636,-2.3890,8.7726,0.3600,0.1016,0.0181,6.0000,0.0000,1.7832,8.0623,0.1704,17.2293,-11.5772,18.4345,-11.7598,18.5706,-11.4938,18.6044,-11.5502,18.7993,-11.8745,1.2052,-0.1827,1.3413,0.0834,1.3751,0.0270,1,0.0900,1,0,1.0000,0.0000,0.0000,0.3897,1.5018,-0.1257,-3.0896,5.1434,0.0000,1,0.0987,0.0595,-0.0017,0.0014,1.000,70.00,342.76
0.1000,UKF,smooth,0.500,10.00,0.050,1,0.600,1,19.6748,17.2317,-2.4431,8.7888,0.3600,0.1016,0.0182,6.0000,0.0000,1.7835,8.8756,0.1701,17.0987,-11.5599,18.4345,-11.7598,18.5706,-11.4938,18.6128,-11.5631,18.8336,-11.9252,1.3358,-0.2000,1.4719,0.0661,1.5140,-0.0032,1,0.1000,1,0,1.0000,0.0000,0.0000,0.4290,1.6610,-0.1387,-3.0902,5.1430,0.0000,1,0.0987,0.0595,-0.0017,0.0014,1.000,70.00,342.76
0.1100,UKF,smooth,0.500,10.00,0.050,1,0.600,1,19.6954,17.1966,-2.4987,8.8067,0.3600,0.1016,0.0182,6.0000,0.0000,1.7838,9.6955,0.1697,16.9687,-11.5431,18.4345,-11.7598,18.5706,-11.4938,18.6222,-11.5774,18.8699,-11.9777,1.4658,-0.2167,1.6019,0.0493,1.6535,-0.0343,1,0.1100,1,0,1.0000,0.0000,0.0000,0.4676,1.8186,-0.1516,-3.0909,5.1426,0.0000,1,0.0987,0.0595,-0.0017,0.0014,1.000,70.00,342.76
0.1200,UKF,smooth,0.500,10.00,0.050,1,0.600,1,19.7145,17.1586,-2.5559,8.8263,0.3600,0.1016,0.0182,6.0000,0.0000,1.7840,10.5218,0.1694,16.8392,-11.5269,18.4345,-11.7598,18.5706,-11.4938,18.6327,-11.5930,18.9083,-12.0321,1.5953,-0.2329,1.7313,0.0331,1.7934,-0.0660,1,0.1200,1,0,1.0000,0.0000,0.0000,0.5055,1.9747,-0.1642,-3.0917,5.1421,0.0000,1,0.0987,0.0595,-0.0017,0.0014,1.000,70.00,342.76
0.1300,UKF,smooth,0.500,10.00,0.050,1,0.600,1,19.7321,17.1176,-2.6145,8.8475,0.3600,0.1016,0.0183,6.0000,0.0000,1.7843,11.3544,0.1691,16.7103,-11.5113,18.4345,-11.7598,18.5706,-11.4938,18.6443,-11.6099,18.9489,-12.0884,1.7243,-0.2485,1.8603,0.0175,1.9340,-0.0986,1,0.1300,1,0,1.0000,0.0000,0.0000,0.5426,2.1294,-0.1768,-3.0926,5.1416,0.0000,1,0.0987,0.0595,-0.0017,0.0014,1.000,70.00,342.76
0.1400,UKF,smooth,0.500,10.00,0.050,1,0.600,1,19.7483,17.0737,-2.6746,8.8704,0.3600,0.1016,0.0183,6.0000,0.0000,1.7845,12.1933,0.1688,16.5818,-11.4962,18.4345,-11.7598,18.5706,-11.4938,18.6570,-11.6281,18.9918,-12.1467,1.8527,-0.2637,1.9888,0.0024,2.0752,-0.1320,1,0.1400,1,0,1.0000,0.0000,0.0000,0.5790,2.2826,-0.1891,-3.0935,5.1410,0.0000,1,0.0987,0.0595,-0.0017,0.0014,1.000,70.00,342.76
0.1500,UKF,smooth,0.500,10.00,0.050,1,0.600,1,19.7629,19.1956,-0.5673,5.8522,0.3556,0.0967,0.0228,6.0000,2.0979,2.0226,7.8720,0.1685,16.4538,-11.4816,17.2293,-11.5772,17.0657,-11.2799,17.7617,-11.1878,15.0378,-10.2228,0.7755,-0.0956,0.6119,0.2017,1.3080,0.2938,2,0.0600,2,0,1.0000,0.0000,0.0000,0.6146,2.4344,-0.2013,-3.0945,5.1404,0.0000,1,0.0987,0.0595,0.0914,0.0014,1.000,70.00,342.76
0.1600,UKF,smooth,0.500,10.00,0.050,1,0.600,1,19.7762,19.1641,-0.6120,5.8782,0.3556,0.0967,0.0228,6.0000,2.0979,2.0229,8.3220,0.1683,16.3262,-11.4675,17.2293,-11.5772,17.0657,-11.2799,17.7126,-11.1734,14.9897,-10.2301,0.9031,-0.1097,0.7395,0.1876,1.3864,0.2941,2,0.0700,2,0,1.0000,0.0000,0.0000,0.6495,2.5848,-0.2132,-3.0956,5.1398,0.0000,1,0.0987,0.0595,0.0914,0.0014,1.000,70.00,342.76
0.1700,UKF,smooth,0.500,10.00,0.050,1,0.600,1,19.7880,19.1297,-0.6583,5.9067,0.3556,0.0967,0.0228,6.0000,2.0979,2.0231,8.7740,0.1680,16.1990,-11.4539,17.2293,-11.5772,17.0657,-11.2799,17.6641,-11.1600,14.9421,-10.2384,1.0302,-0.1232,0.8666,0.1741,1.4650,0.2939,2,0.0800,2,0,1.0000,0.0000,0.0000,0.6837,2.7337,-0.2251,-3.0968,5.1391,0.0000,1,0.0987,0.0595,0.0914,0.0014,1.000,70.00,342.76
0.1800,UKF,smooth,0.500,10.00,0.050,1,0.600,1,19.7984,19.0924,-0.7060,5.9376,0.3556,0.0967,0.0228,6.0000,2.0979,2.0233,9.2281,0.1678,16.0723,-11.4409,17.2293,-11.5772,17.0657,-11.2799,17.6162,-11.1476,14.8948,-10.2474,1.1570,-0.1363,0.9934,0.1610,1.5440,0.2932,2,0.0900,2,0,1.0000,0.0000,0.0000,0.7172,2.8812,-0.2367,-3.0980,5.1383,0.0000,1,0.0987,0.0595,0.0914,0.0014,1.000,70.00,342.76
0.1900,UKF,smooth,0.500,10.00,0.050,1,0.600,1,19.8074,19.0522,-0.7551,5.9709,0.3556,0.0967,0.0229,6.0000,2.0979,2.0235,9.6843,0.1676,15.9459,-11.4283,17.2293,-11.5772,17.0657,-11.2799,17.5691,-11.1362,14.8479,-10.2574,1.2834,-0.1488,1.1198,0.1484,1.6232,0.2921,2,0.1000,2,0,1.0000,0.0000,0.0000,0.7500,3.0274,-0.2482,-3.0993,5.1376,0.0000,1,0.1185,0.0440,0.0914,-0.0013,1.000,70.00,342.76
0.2000,UKF,smooth,0.500,10.00,0.050,1,0.600,1,19.8149,19.0093,-0.8057,6.0065,0.3556,0.0967,0.0229,6.0000,2.0979,2.0237,10.1427,0.1674,15.8198,-11.4162,17.2293,-11.5772,17.0657,-11.2799,17.5226,-11.1258,14.8013,-10.2683,1.4095,-0.1609,1.2458,0.1364,1.7028,0.2905,2,0.1100,2,0,1.0000,0.0000,0.0000,0.7822,3.1721,-0.2596,-3.1006,5.1367,0.0000,1,0.1185,0.0440,0.0914,-0.0013,1.000,70.00,342.76
0.2100,UKF,smooth,0.500,10.00,0.050,1,0.600,1,19.8212,18.9635,-0.8576,6.0445,0.3556,0.0967,0.0229,6.0000,2.0979,2.0239,10.6036,0.1673,15.6941,-11.4046,17.2293,-11.5772,17.0657,-11.2799,17.4767,-11.1162,14.7552,-10.2801,1.5352,-0.1725,1.3716,0.1248,1.7826,0.2884,2,0.1200,2,0,1.0000,0.0000,0.0000,0.8136,3.3155,-0.2707,-3.1021,5.1359,0.0000,1,0.1185,0.0440,0.0914,-0.0013,1.000,70.00,342.76
0.2200,UKF,smooth,0.500,10.00,0.050,1,0.600,1,19.8260,18.9151,-0.9109,6.0848,0.3556,0.0967,0.0229,6.0000,2.0979,2.0240,11.0670,0.1671,15.5687,-11.3935,17.2293,-11.5772,17.0657,-11.2799,17.4316,-11.1077,14.7096,-10.2929,1.6606,-0.1836,1.4970,0.1137,1.8629,0.2859,2,0.1300,2,0,1.0000,0.0000,0.0000,0.8444,3.4576,-0.2818,-3.1036,5.1350,0.0000,1,0.1185,0.0440,0.0914,-0.0013,1.000,70.00,342.76
0.2300,UKF,smooth,0.500,10.00,0.050,1,0.600,1,19.8295,18.8640,-0.9655,6.1274,0.3556,0.0967,0.0230,6.0000,2.0979,2.0242,11.5331,0.1670,15.4435,-11.3829,17.2293,-11.5772,17.0657,-11.2799,17.3871,-11.1000,14.6643,-10.3066,1.7858,-0.1943,1.6221,0.1030,1.9436,0.2829,2,0.1400,2,0,1.0000,0.0000,0.0000,0.8744,3.5983,-0.2926,-3.1052,5.1340,0.0000,1,0.1185,0.0440,0.0914,-0.0013,1.000,70.00,342.76
0.2400,UKF,smooth,0.500,10.00,0.050,1,0.600,1,19.8317,18.9878,-0.8439,4.7769,0.3578,0.0937,0.0208,6.0000,1.8682,1.0334,12.3287,0.1668,15.3186,-11.3727,15.9459,-11.4283,15.7938,-11.3413,17.4175,-11.2813,14.9334,-11.1456,0.6272,-0.0556,0.4751,0.0314,2.0989,0.0914,3,0.0500,3,0,1.0000,0.0000,0.0000,0.9039,3.7377,-0.3033,-3.1068,5.1330,0.0000,1,0.1185,0.0440,0.1887,-0.0013,1.000,70.00,342.76
0.2500,UKF,smooth,0.500,10.00,0.050,1,0.600,1,19.8325,18.9457,-0.8868,4.8201,0.3578,0.0937,0.0208,6.0000,1.8682,1.0335,12.8065,0.1667,15.1940,-11.3630,15.9459,-11.4283,15.7938,-11.3413,17.3747,-11.2821,14.8935,-11.1739,0.7519,-0.0653,0.5998,0.0216,2.1807,0.0808,3,0.0600,3,0,1.0000,0.0000,0.0000,0.9326,3.8758,-0.3139,-3.1085,5.1320,0.0000,1,0.1185,0.0440,0.1887,-0.0013,1.000,70.00,342.76
0.2600,UKF,smooth,0.500,10.00,0.050,1,0.600,1,19.8320,18.9009,-0.9311,4.8661,0.3578,0.0937,0.0208,6.0000,1.8682,1.0335,13.2875,0.1667,15.0696,-11.3537,15.9459,-11.4283,15.7938,-11.3413,17.3326,-11.2840,14.8541,-11.2035,0.8763,-0.0746,0.7242,0.0124,2.2630,0.0697,3,0.0700,3,0,1.0000,0.0000,0.0000,0.9608,4.0126,-0.3243,-3.1103,5.1309,0.0000,1,0.1185,0.0440,0.1887,-0.0013,1.000,70.00,342.76
0.2700,UKF,smooth,0.500,10.00,0.050,1,0.600,1,19.8302,18.8534,-0.9768,4.9147,0.3578,0.0937,0.0209,6.0000,1.8682,1.0336,13.7720,0.1666,14.9454,-11.3449,15.9459,-11.4283,15.7938,-11.3413,17.2912,-11.2869,14.8153,-11.2344,1.0005,-0.0834,0.8484,0.0036,2.3458,0.0580,3,0.0800,3,0,1.0000,0.0000,0.0000,0.9882,4.1481,-0.3345,-3.1122,5.1297,0.0000,1,0.1185,0.0440,0.1887,-0.0013,1.000,70.00,342.76
0.2800,UKF,smooth,0.500,10.00,0.050,1,0.600,1,19.8272,18.8034,-1.0238,4.9661,0.3578,0.0937,0.0209,6.0000,1.8682,1.0337,14.2600,0.1665,14.8214,-11.3365,15.9459,-11.4283,15.7938,-11.3413,17.2505,-11.2908,14.7772,-11.2665,1.1245,-0.0918,0.9724,-0.0048,2.4291,0.0457,3,0.0900,3,0,1.0000,0.0000,0.0000,1.0151,4.2823,-0.3446,-3.1141,5.1286,0.0000,1,0.1185,0.0440,0.1887,-0.0013,1.000,70.00,342.76
0.2900,UKF,smooth,0.500,10.00,0.050,1,0.600,1,19.8229,18.7508,-1.0721,5.0200,0.3578,0.0937,0.0209,6.0000,1.8682,1.0338,14.7519,0.1665,14.6975,-11.3286,15.9459,-11.4283,15.7938,-11.3413,17.2106,-11.2957,14.7396,-11.3000,1.2483,-0.0997,1.0962,-0.0127,2.5130,0.0329,3,0.1000,3,0,1.0000,0.0000,0.0000,1.0413,4.4152,-0.3545,-3.1161,5.1273,0.0000,1,0.1185,0.0440,0.1887,-0.0013,1.000,70.00,342.76
0.3000,UKF,smooth,0.500,10.00,0.050,1,0.600,1,19.8173,18.6957,-1.1216,5.0764,0.3578,0.0937,0.0209,6.0000,1.8682,1.0338,15.2477,0.1664,14.5738,-11.3211,15.9459,-11.4283,15.7938,-11.3413,17.1714,-11.3016,14.7028,-11.3349,1.3720,-0.1072,1.2199,-0.0202,2.5975,0.0195,3,0.1100,3,0,1.0000,0.0000,0.0000,1.0669,4.5470,-0.3643,-3.1182,5.1261,0.0000,1,0.1185,0.0440,0.1887,-0.0013,1.000,70.00,342.76
0.3100,UKF,smooth,0.500,10.00,0.050,1,0.600,1,19.8104,18.6381,-1.1724,5.1352,0.3578,0.0937,0.0209,6.0000,1.8682,1.0339,15.7476,0.1664,14.4503,-11.3141,15.9459,-11.4283,15.7938,-11.3413,17.1329,-11.3085,14.6666,-11.3712,1.4956,-0.1142,1.3435,-0.0273,2.6827,0.0056,3,0.1200,3,0,1.0000,0.0000,0.0000,1.0918,4.6774,-0.3740,-3.1204,5.1248,0.0000,1,0.1101,0.0594,0.1887,-0.0011,1.000,70.00,342.76
0.3200,UKF,smooth,0.500,10.00,0.050,1,0.600,1,19.8024,18.5780,-1.2243,5.1964,0.3578,0.0937,0.0209,6.0000,1.8682,1.0339,16.2518,0.1664,14.3268,-11.3074,15.9459,-11.4283,15.7938,-11.3413,17.0952,-11.3164,14.6311,-11.4090,1.6191,-0.1209,1.4669,-0.0339,2.7684,-0.0090,3,0.1300,3,0,1.0000,0.0000,0.0000,1.1162,4.8067,-0.3835,-3.1226,5.1234,0.0000,1,0.1101,0.0594,0.1887,-0.0011,1.000,70.00,342.76
0.3300,UKF,smooth,0.500,10.00,0.050,1,0.600,1,19.7931,18.5156,-1.2775,5.2600,0.3578,0.0937,0.0209,6.0000,1.8682,1.0340,16.7605,0.1664,14.2035,-11.3012,15.9459,-11.4283,15.7938,-11.3413,17.0583,-11.3253,14.5964,-11.4482,1.7424,-0.1271,1.5903,-0.0401,2.8549,-0.0241,3,0.1400,3,0,1.0000,0.0000,0.0000,1.1399,4.9347,-0.3928,-3.1249,5.1220,0.0000,1,0.1101,0.0594,0.1887,-0.0011,1.000,70.00,342.76
0.3400,UKF,smooth,0.500,10.00,0.050,1,0.600,1,19.7826,18.4508,-1.3318,5.3257,0.3578,0.0937,0.0209,6.0000,1.8682,1.0340,17.2739,0.1665,14.0802,-11.2954,15.9459,-11.4283,15.7938,-11.3413,17.0222,-11.3352,14.5624,-11.4889,1.8657,-0.1329,1.7136,-0.0459,2.9420,-0.0398,3,0.1500,3,0,1.0000,0.0000,0.0000,1.1630,5.0615,-0.4021,-3.1272,5.1206,0.0000,1,0.1101,0.0594,0.1887,-0.0011,1.000,70.00,342.76
0.3500,UKF,smooth,0.500,10.00,0.050,1,0.600,1,19.7708,18.3837,-1.3872,5.3936,0.3578,0.0937,0.0209,6.0000,1.8682,1.0340,17.7922,0.1665,13.9570,-11.2901,15.9459,-11.4283,15.7938,-11.3413,16.9869,-11.3461,14.5293,-11.5312,1.9889,-0.1382,1.8368,-0.0513,3.0299,-0.0560,3,0.1600,3,0,1.0000,0.0000,0.0000,1.1856,5.1871,-0.4112,-3.1297,5.1191,0.0000,1,0.1101,0.0594,0.1887,-0.0011,1.000,70.00,342.76
0.3600,UKF,smooth,0.500,10.00,0.050,1,0.600,1,19.7580,18.3142,-1.4437,5.4636,0.3578,0.0937,0.0209,6.0000,1.8682,1.0341,18.3156,0.1665,13.8338,-11.2851,15.9459,-11.4283,15.7938,-11.3413,16.9524,-11.3581,14.4970,-11.5750,2.1120,-0.1432,1.9599,-0.0562,3.1186,-0.0729,3,0.1700,3,0,1.0000,0.0000,0.0000,1.2075,5.3116,-0.4201,-3.1322,5.1176,0.0000,1,0.1101,0.0594,0.1887,-0.0011,1.000,70.00,342.76
0.3700,UKF,smooth,0.500,10.00,0.050,1,0.600,1,19.7439,18.3237,-1.4202,4.9654,0.3686,0.0940,0.0101,6.0000,3.3154,1.4776,9.6773,0.1666,13.7107,-11.2806,14.4503,-11.3141,14.2858,-11.1270,15.3393,-11.0311,10.0544,-10.3312,0.7396,-0.0335,0.5751,0.1536,1.6287,0.2495,4,0.0600,4,0,1.0000,0.0000,0.0000,1.2289,5.4348,-0.4289,-3.1347,5.1160,0.0000,1,0.1101,0.0594,0.3089,-0.0011,1.000,70.00,342.76
0.3800,UKF,smooth,0.500,10.00,0.050,1,0.600,1,19.7287,18.2642,-1.4645,5.0326,0.3686,0.0940,0.0101,6.0000,3.3154,1.4776,9.8789,0.1667,13.5876,-11.2765,14.4503,-11.3141,14.2858,-11.1270,15.2503,-11.0231,9.9336,-10.3423,0.8627,-0.0376,0.6982,0.1494,1.6627,0.2534,4,0.0700,4,0,1.0000,0.0000,0.0000,1.2496,5.5570,-0.4376,-3.1374,5.1144,0.0000,1,0.1101,0.0594,0.3089,-0.0011,1.000,70.00,342.76
0.3900,UKF,smooth,0.500,10.00,0.050,1,0.600,1,19.7123,18.2024,-1.5099,5.1019,0.3686,0.0940,0.0101,6.0000,3.3154,1.4776,10.0816,0.1668,13.4645,-11.2727,14.4503,-11.3141,14.2858,-11.1270,15.1616,-11.0159,9.8117,-10.3544,0.9858,-0.0413,0.8213,0.1457,1.6971,0.2568,4,0.0800,4,0,1.0000,0.0000,0.0000,1.2698,5.6779,-0.4461,-3.1401,5.1127,0.0000,1,0.1101,0.0594,0.3089,-0.0011,1.000,70.00,342.76
0.4000,UKF,smooth,0.500,10.00,0.050,1,0.600,1,19.6948,18.1383,-1.5565,5.1732,0.3686,0.0940,0.0101,6.0000,3.3154,1.4775,10.2855,0.1669,13.3414,-11.2694,14.4503,-11.3141,14.2858,-11.1270,15.0731,-11.0096,9.6888,-10.3675,1.1089,-0.0447,0.9444,0.1424,1.7317,0.2598,4,0.0900,4,0,1.0000,0.0000,0.0000,1.2895,5.7978,-0.4545,-3.1429,5.1110,0.0000,1,0.1101,0.0594,0.3089,-0.0011,1.000,70.00,342.76
0.4100,UKF,smooth,0.500,10.00,0.050,1,0.600,1,19.6761,18.0719,-1.6042,5.2465,0.3686,0.0940,0.0101,6.0000,3.3154,1.4775,10.4905,0.1670,13.2182,-11.2665,14.4503,-11.3141,14.2858,-11.1270,14.9848,-11.0041,9.5649,-10.3815,1.2321,-0.0476,1.0676,0.1395,1.7666,0.2624,4,0.1000,4,0,1.0000,0.0000,0.0000,1.3085,5.9165,-0.4628,-3.1457,5.1093,0.0000,1,0.1101,0.0594,0.3089,-0.0011,1.000,70.00,342.76
0.4200,UKF,smooth,0.500,10.00,0.050,1,0.600,1,19.6564,18.0034,-1.6530,5.3216,0.3686,0.0940,0.0101,6.0000,3.3154,1.4774,10.6968,0.1671,13.0950,-11.2640,14.4503,-11.3141,14.2858,-11.1270,14.8967,-10.9994,9.4398,-10.3965,1.3553,-0.0501,1.1908,0.1370,1.8017,0.2645,4,0.1100,4,0,1.0000,0.0000,0.0000,1.3270,6.0340,-0.4709,-3.1486,5.1075,0.0000,1,0.1101,0.0594,0.3089,-0.0011,1.000,70.00,342.76
0.4300,UKF,smooth,0.500,10.00,0.050,1,0.600,1,19.6355,17.9327,-1.7028,5.3985,0.3686,0.0940,0.0101,6.0000,3.3154,1.4773,10.9044,0.1673,12.9717,-11.2619,14.4503,-11.3141,14.2858,-11.1270,14.8089,-10.9956,9.3136,-10.4126,1.4785,-0.0522,1.3141,0.1348,1.8372,0.2663,4,0.1200,4,0,1.0000,0.0000,0.0000,1.3449,6.1505,-0.4789,-3.1516,5.1056,0.0000,1,0.1091,0.0475,0.3089,0.0006,1.000,70.00,342.76
0.4400,UKF,smooth,0.500,10.00,0.050,1,0.600,1,19.6135,17.8599,-1.7537,5.4772,0.3686,0.0940,0.0101,6.0000,3.3154,1.4773,11.1133,0.1675,12.8484,-11.2601,14.4503,-11.3141,14.2858,-11.1270,14.7213,-10.9926,9.1863,-10.4297,1.6019,-0.0539,1.4374,0.1331,1.8729,0.2675,4,0.1300,4,0,1.0000,0.0000,0.0000,1.3623,6.2659,-0.4868,-3.1547,5.1037,0.0000,1,0.1091,0.0475,0.3089,0.0006,1.000,70.00,342.76
0.4500,UKF,smooth,0.500,10.00,0.050,1,0.600,1,19.5905,17.7849,-1.8056,5.5575,0.3686,0.0940,0.0101,6.0000,3.3154,1.4771,11.3237,0.1676,12.7250,-11.2588,14.4503,-11.3141,14.2858,-11.1270,14.6339,-10.9905,9.0578,-10.4478,1.7253,-0.0552,1.5609,0.1318,1.9089,0.2684,4,0.1400,4,0,1.0000,0.0000,0.0000,1.3792,6.3802,-0.4945,-3.1578,5.1018,0.0000,1,0.1091,0.0475,0.3089,0.0006,1.000,70.00,342.76
0.4600,UKF,smooth,0.500,10.00,0.050,1,0.600,1,19.5664,17.7079,-1.8585,5.6394,0.3686,0.0940,0.0100,6.0000,3.3154,1.4770,11.5355,0.1678,12.6014,-11.2579,14.4503,-11.3141,14.2858,-11.1270,14.5467,-10.9891,8.9280,-10.4671,1.8488,-0.0562,1.6844,0.1309,1.9453,0.2688,4,0.1500,4,0,1.0000,0.0000,0.0000,1.3955,6.4934,-0.5021,-3.1610,5.0998,0.0000,1,0.1091,0.0475,0.3089,0.0006,1.000,70.00,342.76
0.4700,UKF,smooth,0.500,10.00,0.050,1,0.600,1,19.5412,17.6289,-1.9123,5.7229,0.3686,0.0940,0.0100,6.0000,3.3154,1.4769,11.7490,0.1680,12.4778,-11.2573,14.4503,-11.3141,14.2858,-11.1270,14.4597,-10.9886,8.7969,-10.4875,1.9725,-0.0567,1.8081,0.1303,1.9820,0.2687,4,0.1600,4,0,1.0000,0.0000,0.0000,1.4112,6.6056,-0.5096,-3.1643,5.0978,0.0000,1,0.1091,0.0475,0.3089,0.0006,1.000,70.00,342.76
0.4800,UKF,smooth,0.500,10.00,0.050,1,0.600,1,19.5150,18.2896,-1.2254,4.8930,0.3653,0.0936,0.0134,6.0000,3.9103,1.3499,9.5184,0.1682,12.3540,-11.2572,12.9717,-11.2619,13.0848,-11.0652,13.9700,-11.1259,7.9726,-11.1148,0.6178,-0.0047,0.7308,0.1920,1.6160,0.1313,5,0.0500,5,0,1.0000,0.0000,0.0000,1.4264,6.7167,-0.5170,-3.1676,5.0957,0.0000,1,0.1091,0.0475,0.4306,0.0006,1.000,70.00,342.76
0.4900,UKF,smooth,0.500,10.00,0.050,1,0.600,1,19.4877,18.2309,-1.2568,4.9656,0.3653,0.0936,0.0134,6.0000,3.9103,1.3497,9.6499,0.1685,12.2300,-11.2574,12.9717,-11.2619,13.0848,-11.0652,13.8688,-11.1294,7.8342,-11.1424,0.7417,-0.0044,0.8548,0.1923,1.6388,0.1281,5,0.0600,5,0,1.0000,0.0000,0.0000,1.4411,6.8267,-0.5242,-3.1710,5.0936,0.0000,1,0.1091,0.0475,0.4306,0.0006,1.000,70.00,342.76
0.5000,UKF,smooth,0.500,10.00,0.050,1,0.600,1,19.4594,18.1703,-1.2892,5.0398,0.3653,0.0936,0.0134,6.0000,3.9103,1.3495,9.7833,0.1687,12.1059,-11.2581,12.9717,-11.2619,13.0848,-11.0652,13.7677,-11.1337,7.6947,-11.1711,0.8658,-0.0038,0.9789,0.1929,1.6618,0.1244,5,0.0700,5,0,1.0000,0.0000,0.0000,1.4553,6.9357,-0.5314,-3.1745,5.0914,0.0000,1,0.1091,0.0475,0.4306,0.0006,1.000,70.00,342.76
0.5100,UKF,smooth,0.500,10.00,0.050,1,0.600,1,19.4301,18.1075,-1.3226,5.1157,0.3653,0.0936,0.0133,6.0000,3.9103,1.3492,9.9185,0.1689,11.9816,-11.2591,12.9717,-11.2619,13.0848,-11.0652,13.6669,-11.1389,7.5540,-11.2012,0.9901,-0.0028,1.1032,0.1939,1.6853,0.1202,5,0.0800,5,0,1.0000,0.0000,0.0000,1.4689,7.0437,-0.5384,-3.1780,5.0892,0.0000,1,0.1091,0.0475,0.4306,0.0006,1.000,70.00,342.76
0.5200,UKF,smooth,0.500,10.00,0.050,1,0.600,1,19.3998,18.0428,-1.3570,5.1930,0.3653,0.0936,0.0133,6.0000,3.9103,1.3490,10.0556,0.1692,11.8571,-11.2605,12.9717,-11.2619,13.0848,-11.0652,13.5662,-11.1450,7.4121,-11.2324,1.1146,-0.0014,1.2276,0.1953,1.7090,0.1155,5,0.0900,5,0,1.0000,0.0000,0.0000,1.4820,7.1507,-0.5452,-3.1816,5.0870,0.0000,1,0.1091,0.0475,0.4306,0.0006,1.000,70.00,342.76
0.5300,UKF,smooth,0.500,10.00,0.050,1,0.600,1,19.3685,17.9762,-1.3923,5.2719,0.3653,0.0936,0.0133,6.0000,3.9103,1.3487,10.1948,0.1695,11.7324,-11.2623,12.9717,-11.2619,13.0848,-11.0652,13.4656,-11.1519,7.2689,-11.2649,1.2393,0.0004,1.3523,0.1971,1.7332,0.1104,5,0.1000,5,0,1.0000,0.0000,0.0000,1.4946,7.2567,-0.5520,-3.1853,5.0847,0.0000,1,0.1091,0.0475,0.4306,0.0006,1.000,70.00,342.76
0.5400,UKF,smooth,0.500,10.00,0.050,1,0.600,1,19.3362,17.9076,-1.4286,5.3521,0.3653,0.0936,0.0133,6.0000,3.9103,1.3484,10.3360,0.1698,11.6075,-11.2645,12.9717,-11.2619,13.0848,-11.0652,13.3652,-11.1597,7.1245,-11.2988,1.3642,0.0026,1.4772,0.1993,1.7576,0.1048,5,0.1100,5,0,1.0000,0.0000,0.0000,1.5067,7.3617,-0.5586,-3.1890,5.0823,0.0000,1,0.0995,0.0583,0.4306,-0.0005,1.000,70.00,342.76
0.5500,UKF,smooth,0.500,10.00,0.050,1,0.600,1,19.3029,17.8371,-1.4659,5.4337,0.3653,0.0936,0.0133,6.0000,3.9103,1.3481,10.4794,0.1701,11.4824,-11.2670,12.9717,-11.2619,13.0848,-11.0652,13.2649,-11.1684,6.9787,-11.3340,1.4894,0.0052,1.6024,0.2019,1.7825,0.0986,5,0.1200,5,0,1.0000,0.0000,0.0000,1.5183,7.4657,-0.5652,-3.1928,5.0799,0.0000,1,0.0995,0.0583,0.4306,-0.0005,1.000,70.00,342.76
0.5600,UKF,smooth,0.500,10.00,0.050,1,0.600,1,19.2687,17.7647,-1.5040,5.5166,0.3653,0.0936,0.0133,6.0000,3.9103,1.3478,10.6250,0.1704,11.3570,-11.2700,12.9717,-11.2619,13.0848,-11.0652,13.1647,-11.1779,6.8316,-11.3705,1.6147,0.0081,1.7278,0.2048,1.8077,0.0920,5,0.1300,5,0,1.0000,0.0000,0.0000,1.5294,7.5687,-0.5716,-3.1967,5.0775,0.0000,1,0.0995,0.0583,0.4306,-0.0005,1.000,70.00,342.76
0.5700,UKF,smooth,0.500,10.00,0.050,1,0.600,1,19.2335,17.6905,-1.5430,5.6008,0.3653,0.0936,0.0133,6.0000,3.9103,1.3475,10.7729,0.1708,11.2313,-11.2733,12.9717,-11.2619,13.0848,-11.0652,13.0647,-11.1884,6.6831,-11.4085,1.7404,0.0114,1.8534,0.2081,1.8333,0.0849,5,0.1400,5,0,1.0000,0.0000,0.0000,1.5399,7.6707,-0.5779,-3.2007,5.0750,0.0000,1,0.0995,0.0583,0.4306,-0.0005,1.000,70.00,342.76
0.5800,UKF,smooth,0.500,10.00,0.050,1,0.600,1,19.1974,17.6144,-1.5829,5.6862,0.3653,0.0936,0.0133,6.0000,3.9103,1.3472,10.9232,0.1711,11.1054,-11.2770,12.9717,-11.2619,13.0848,-11.0652,12.9647,-11.1997,6.5332,-11.4479,1.8663,0.0152,1.9794,0.2119,1.8593,0.0773,5,0.1500,5,0,1.0000,0.0000,0.0000,1.5500,7.7718,-0.5840,-3.2047,5.0725,0.0000,1,0.0995,0.0583,0.4306,-0.0005,1.000,70.00,342.76
0.5900,UKF,smooth,0.500,10.00,0.050,1,0.600,1,19.1603,17.5366,-1.6237,5.7727,0.3653,0.0936,0.0132,6.0000,3.9103,1.3468,11.0759,0.1715,10.9792,-11.2811,12.9717,-11.2619,13.0848,-11.0652,12.8649,-11.2120,6.3818,-11.4888,1.9926,0.0193,2.1056,0.2160,1.8858,0.0692,5,0.1600,5,0,1.0000,0.0000,0.0000,1.5596,7.8719,-0.5901,-3.2088,5.0699,0.0000,1,0.0995,0.0583,0.4306,-0.0005,1.000,70.00,342.76
0.6000,UKF,smooth,0.500,10.00,0.050,1,0.600,1,19.1223,17.4747,-1.6476,5.0703,0.3705,0.0924,0.0081,6.0000,4.2760,2.3049,8.9913,0.1718,10.8526,-11.2856,11.6075,-11.2645,11.7563,-10.9075,12.2931,-10.7768,4.9705,-9.7459,0.7549,0.0212,0.9037,0.3781,1.4405,0.5088,6,0.0600,6,0,1.0000,0.0000,0.0000,1.5687,7.9711,-0.5960,-3.2129,5.0673,0.0000,1,0.0995,0.0583,0.5395,-0.0005,1.000,70.00,342.76
0.6100,UKF,smooth,0.500,10.00,0.050,1,0.600,1,19.0833,17.4019,-1.6815,5.1457,0.3705,0.0924,0.0080,6.0000,4.2760,2.3045,9.0797,0.1722,10.7258,-11.2905,11.6075,-11.2645,11.7563,-10.9075,12.1758,-10.7642,4.7909,-9.7438,0.8817,0.0261,1.0305,0.3830,1.4500,0.5264,6,0.0700,6,0,1.0000,0.0000,0.0000,1.5773,8.0694,-0.6019,-3.2171,5.0646,0.0000,1,0.0995,0.0583,0.5395,-0.0005,1.000,70.00,342.76
0.6200,UKF,smooth,0.500,10.00,0.050,1,0.600,1,19.0435,17.3272,-1.7163,5.2224,0.3705,0.0924,0.0080,6.0000,4.2760,2.3041,9.1695,0.1726,10.5986,-11.2958,11.6075,-11.2645,11.7563,-10.9075,12.0583,-10.7522,4.6092,-9.7423,1.0089,0.0314,1.1577,0.3883,1.4597,0.5436,6,0.0800,6,0,1.0000,0.0000,0.0000,1.5854,8.1667,-0.6076,-3.2214,5.0619,0.0000,1,0.0995,0.0583,0.5395,-0.0005,1.000,70.00,342.76
0.6300,UKF,smooth,0.500,10.00,0.050,1,0.600,1,19.0028,17.2509,-1.7519,5.3002,0.3705,0.0924,0.0080,6.0000,4.2760,2.3037,9.2608,0.1731,10.4711,-11.3015,11.6075,-11.2645,11.7563,-10.9075,11.9408,-10.7409,4.4254,-9.7414,1.1364,0.0370,1.2852,0.3939,1.4697,0.5606,6,0.0900,6,0,1.0000,0.0000,0.0000,1.5931,8.2631,-0.6132,-3.2258,5.0591,0.0000,1,0.0995,0.0583,0.5395,-0.0005,1.000,70.00,342.76
0.6400,UKF,smooth,0.500,10.00,0.050,1,0.600,1,18.9612,17.1727,-1.7884,5.3791,0.3705,0.0924,0.0080,6.0000,4.2760,2.3033,9.3534,0.1735,10.3432,-11.3075,11.6075,-11.2645,11.7563,-10.9075,11.8231,-10.7302,4.2393,-9.7412,1.2643,0.0431,1.4131,0.4000,1.4799,0.5773,6,0.1000,6,0,1.0000,0.0000,0.0000,1.6002,8.3586,-0.6187,-3.2302,5.0563,0.0000,1,0.0890,0.0492,0.5395,0.0012,1.000,70.00,342.76
0.6500,UKF,smooth,0.500,10.00,0.050,1,0.600,1,18.9187,17.0929,-1.8258,5.4591,0.3705,0.0924,0.0080,6.0000,4.2760,2.3029,9.4474,0.1739,10.2149,-11.3140,11.6075,-11.2645,11.7563,-10.9075,11.7054,-10.7202,4.0511,-9.7417,1.3926,0.0495,1.5413,0.4065,1.4904,0.5938,6,0.1100,6,0,1.0000,0.0000,0.0000,1.6069,8.4532,-0.6241,-3.2347,5.0534,0.0000,1,0.0890,0.0492,0.5395,0.0012,1.000,70.00,342.76
0.6600,UKF,smooth,0.500,10.00,0.050,1,0.600,1,18.8753,17.0114,-1.8639,5.5402,0.3705,0.0924,0.0079,6.0000,4.2760,2.3024,9.5427,0.1744,10.0863,-11.3208,11.6075,-11.2645,11.7563,-10.9075,11.5875,-10.7109,3.8605,-9.7428,1.5212,0.0564,1.6700,0.4133,1.5012,0.6100,6,0.1200,6,0,1.0000,0.0000,0.0000,1.6132,8.5469,-0.6294,-3.2392,5.0505,0.0000,1,0.0890,0.0492,0.5395,0.0012,1.000,70.00,342.76
0.6700,UKF,smooth,0.500,10.00,0.050,1,0.600,1,18.8311,16.9282,-1.9028,5.6222,0.3705,0.0924,0.0079,6.0000,4.2760,2.3020,9.6392,0.1749,9.9573,-11.3281,11.6075,-11.2645,11.7563,-10.9075,11.4694,-10.7022,3.6676,-9.7447,1.6503,0.0636,1.7990,0.4205,1.5122,0.6259,6,0.1300,6,0,1.0000,0.0000,0.0000,1.6189,8.6397,-0.6346,-3.2438,5.0475,0.0000,1,0.0890,0.0492,0.5395,0.0012,1.000,70.00,342.76
0.6800,UKF,smooth,0.500,10.00,0.050,1,0.600,1,18.7860,16.8435,-1.9425,5.7053,0.3705,0.0924,0.0079,6.0000,4.2760,2.3015,9.7370,0.1753,9.8278,-11.3357,11.6075,-11.2645,11.7563,-10.9075,11.3513,-10.6941,3.4721,-9.7472,1.7797,0.0713,1.9285,0.4282,1.5235,0.6416,6,0.1400,6,0,1.0000,0.0000,0.0000,1.6242,8.7317,-0.6396,-3.2485,5.0445,0.0000,1,0.0890,0.0492,0.5395,0.0012,1.000,70.00,342.76
0.6900,UKF,smooth,0.500,10.00,0.050,1,0.600,1,18.7401,17.4808,-1.2593,4.7049,0.3769,0.0925,0.0015,6.0000,4.7729,1.7428,7.1492,0.1758,9.6979,-11.3437,10.3432,-11.3075,10.4659,-11.0418,10.9047,-11.1794,2.8002,-11.9493,0.6453,0.0362,0.7680,0.3019,1.2068,0.1643,7,0.0500,7,0,1.0000,0.0000,0.0000,1.6290,8.8228,-0.6446,-3.2532,5.0415,0.0000,1,0.0890,0.0492,0.6412,0.0012,1.000,70.00,342.76
0.7000,UKF,smooth,0.500,10.00,0.050,1,0.600,1,18.6933,17.4110,-1.2824,4.7716,0.3769,0.0925,0.0014,6.0000,4.7729,1.7423,7.1405,0.1764,9.5676,-11.3522,10.3432,-11.3075,10.4659,-11.0418,10.7741,-11.1964,2.6019,-11.9965,0.7756,0.0446,0.8984,0.3103,1.2065,0.1558,7,0.0600,7,0,1.0000,0.0000,0.0000,1.6334,8.9130,-0.6494,-3.2580,5.0384,0.0000,1,0.0890,0.0492,0.6412,0.0012,1.000,70.00,342.76
0.7100,UKF,smooth,0.500,10.00,0.050,1,0.600,1,18.6457,17.3395,-1.3063,4.8394,0.3769,0.0925,0.0014,6.0000,4.7729,1.7418,7.1335,0.1769,9.4368,-11.3610,10.3432,-11.3075,10.4659,-11.0418,10.6433,-11.2142,2.4015,-12.0453,0.9064,0.0535,1.0291,0.3192,1.2065,0.1469,7,0.0700,7,0,1.0000,0.0000,0.0000,1.6373,9.0024,-0.6542,-3.2629,5.0352,0.0000,1,0.0890,0.0492,0.6412,0.0012,1.000,70.00,342.76
0.7200,UKF,smooth,0.500,10.00,0.050,1,0.600,1,18.5973,17.2664,-1.3310,4.9082,0.3769,0.0925,0.0014,6.0000,4.7729,1.7413,7.1283,0.1774,9.3055,-11.3703,10.3432,-11.3075,10.4659,-11.0418,10.5124,-11.2329,2.1988,-12.0956,1.0377,0.0627,1.1604,0.3284,1.2069,0.1374,7,0.0800,7,0,1.0000,0.0000,0.0000,1.6408,9.0909,-0.6588,-3.2678,5.0320,0.0000,1,0.0890,0.0492,0.6412,0.0012,1.000,70.00,342.76
0.7300,UKF,smooth,0.500,10.00,0.050,1,0.600,1,18.5481,17.1917,-1.3564,4.9780,0.3769,0.0925,0.0014,6.0000,4.7729,1.7408,7.1249,0.1780,9.1738,-11.3799,10.3432,-11.3075,10.4659,-11.0418,10.3813,-11.2525,1.9939,-12.1476,1.1694,0.0724,1.2921,0.3381,1.2075,0.1274,7,0.0900,7,0,1.0000,0.0000,0.0000,1.6438,9.1786,-0.6634,-3.2728,5.0288,0.0000,1,0.1046,0.0504,0.6412,-0.0017,1.000,70.00,342.76
0.7400,UKF,smooth,0.500,10.00,0.050,1,0.600,1,18.4981,17.1155,-1.3826,5.0488,0.3769,0.0925,0.0013,6.0000,4.7729,1.7402,7.1235,0.1786,9.0415,-11.3900,10.3432,-11.3075,10.4659,-11.0418,10.2500,-11.2731,1.7866,-12.2012,1.3017,0.0824,1.4244,0.3481,1.2084,0.1169,7,0.1000,7,0,1.0000,0.0000,0.0000,1.6463,9.2655,-0.6678,-3.2779,5.0255,0.0000,1,0.1046,0.0504,0.6412,-0.0017,1.000,70.00,342.76
0.7500,UKF,smooth,0.500,10.00,0.050,1,0.600,1,18.4474,17.0378,-1.4095,5.1206,0.3769,0.0925,0.0013,6.0000,4.7729,1.7396,7.1241,0.1791,8.9088,-11.4004,10.3432,-11.3075,10.4659,-11.0418,10.1184,-11.2946,1.5770,-12.2565,1.4344,0.0929,1.5571,0.3586,1.2096,0.1058,7,0.1100,7,0,1.0000,0.0000,0.0000,1.6484,9.3515,-0.6722,-3.2830,5.0221,0.0000,1,0.1046,0.0504,0.6412,-0.0017,1.000,70.00,342.76
0.7600,UKF,smooth,0.500,10.00,0.050,1,0.600,1,18.3958,16.9586,-1.4372,5.1933,0.3769,0.0925,0.0013,6.0000,4.7729,1.7391,7.1268,0.1797,8.7755,-11.4113,10.3432,-11.3075,10.4659,-11.0418,9.9867,-11.3170,1.3649,-12.3136,1.5677,0.1038,1.6904,0.3695,1.2112,0.0943,7,0.1200,7,0,1.0000,0.0000,0.0000,1.6501,9.4367,-0.6764,-3.2882,5.0187,0.0000,1,0.1046,0.0504,0.6412,-0.0017,1.000,70.00,342.76
0.7700,UKF,smooth,0.500,10.00,0.050,1,0.600,1,18.3435,16.8780,-1.4655,5.2668,0.3769,0.0925,0.0013,6.0000,4.7729,1.7385,7.1319,0.1804,8.6417,-11.4226,10.3432,-11.3075,10.4659,-11.0418,9.8547,-11.3405,1.1503,-12.3725,1.7015,0.1151,1.8242,0.3808,1.2130,0.0822,7,0.1300,7,0,1.0000,0.0000,0.0000,1.6513,9.5212,-0.6805,-3.2935,5.0153,0.0000,1,0.1046,0.0504,0.6412,-0.0017,1.000,70.00,342.76
0.7800,UKF,smooth,0.500,10.00,0.050,1,0.600,1,18.2903,16.7958,-1.4945,5.3412,0.3769,0.0925,0.0012,6.0000,4.7729,1.7379,7.1393,0.1810,8.5073,-11.4343,10.3432,-11.3075,10.4659,-11.0418,9.7225,-11.3649,0.9330,-12.4332,1.8359,0.1268,1.9586,0.3925,1.2152,0.0695,7,0.1400,7,0,1.0000,0.0000,0.0000,1.6520,9.6048,-0.6846,-3.2988,5.0118,0.0000,1,0.1046,0.0504,0.6412,-0.0017,1.000,70.00,342.76
0.7900,UKF,smooth,0.500,10.00,0.050,1,0.600,1,18.2365,16.4577,-1.7787,4.5739,0.3774,0.0905,0.0007,6.0000,4.7933,0.8918,4.7744,0.1817,8.3723,-11.4465,9.1738,-11.3799,9.2913,-11.4740,9.1850,-11.3976,-0.8890,-12.5923,0.8014,0.0666,0.9190,-0.0275,0.8126,0.0489,8,0.0600,8,0,1.0000,0.0000,0.0000,1.6524,9.6876,-0.6885,-3.3042,5.0082,0.0000,1,0.1046,0.0504,0.7283,-0.0017,1.000,70.00,342.76
0.8000,UKF,smooth,0.500,10.00,0.050,1,0.600,1,18.1819,16.3749,-1.8070,4.6371,0.3774,0.0905,0.0007,6.0000,4.7933,0.8921,4.6709,0.1823,8.2368,-11.4590,9.1738,-11.3799,9.2913,-11.4740,9.0325,-11.4220,-1.1535,-12.6549,0.9370,0.0791,1.0545,-0.0149,0.7957,0.0371,8,0.0700,8,0,1.0000,0.0000,0.0000,1.6523,9.7697,-0.6923,-3.3096,5.0046,0.0000,1,0.1046,0.0504,0.7283,-0.0017,1.000,70.00,342.76
0.8100,UKF,smooth,0.500,10.00,0.050,1,0.600,1,18.1265,16.2906,-1.8359,4.7011,0.3774,0.0905,0.0006,6.0000,4.7933,0.8925,4.5684,0.1830,8.1007,-11.4720,9.1738,-11.3799,9.2913,-11.4740,8.8794,-11.4473,-1.4220,-12.7194,1.0731,0.0921,1.1907,-0.0019,0.7787,0.0247,8,0.0800,8,0,1.0000,0.0000,0.0000,1.6517,9.8510,-0.6961,-3.3151,5.0010,0.0000,1,0.1046,0.0504,0.7283,-0.0017,1.000,70.00,342.76
0.8200,UKF,smooth,0.500,10.00,0.050,1,0.600,1,18.0704,16.2049,-1.8656,4.7661,0.3774,0.0905,0.0006,6.0000,4.7933,0.8929,4.4671,0.1837,7.9639,-11.4855,9.1738,-11.3799,9.2913,-11.4740,8.7257,-11.4737,-1.6945,-12.7860,1.2099,0.1055,1.3274,0.0115,0.7618,0.0117,8,0.0900,8,0,1.0000,0.0000,0.0000,1.6507,9.9315,-0.6997,-3.3207,4.9973,0.0000,1,0.1046,0.0504,0.7283,-0.0017,1.000,70.00,342.76
0.8300,UKF,smooth,0.500,10.00,0.050,1,0.600,1,18.0136,16.1178,-1.8958,4.8319,0.3774,0.0905,0.0006,6.0000,4.7933,0.8933,4.3673,0.1844,7.8265,-11.4993,9.1738,-11.3799,9.2913,-11.4740,8.5715,-11.5012,-1.9711,-12.8547,1.3473,0.1194,1.4648,0.0254,0.7450,-0.0019,8,0.1000,8,0,1.0000,0.0000,0.0000,1.6493,10.0112,-0.7032,-3.3263,4.9935,0.0000,1,0.1046,0.0504,0.7283,-0.0017,1.000,70.00,342.76
0.8400,UKF,smooth,0.500,10.00,0.050,1,0.600,1,17.9561,16.0294,-1.9267,4.8986,0.3774,0.0905,0.0006,6.0000,4.7933,0.8937,4.2692,0.1851,7.6885,-11.5136,9.1738,-11.3799,9.2913,-11.4740,8.4166,-11.5297,-2.2520,-12.9255,1.4853,0.1337,1.6028,0.0397,0.7281,-0.0161,8,0.1100,8,0,1.0000,0.0000,0.0000,1.6475,10.0902,-0.7067,-3.3320,4.9897,0.0000,1,0.0802,0.0449,0.7283,-0.0002,1.000,70.00,342.76
0.8500,UKF,smooth,0.500,10.00,0.050,1,0.600,1,17.8979,15.9397,-1.9582,4.9661,0.3774,0.0905,0.0005,6.0000,4.7933,0.8942,4.1732,0.1859,7.5498,-11.5284,9.1738,-11.3799,9.2913,-11.4740,8.2611,-11.5593,-2.5373,-12.9986,1.6240,0.1485,1.7415,0.0544,0.7113,-0.0309,8,0.1200,8,0,1.0000,0.0000,0.0000,1.6452,10.1684,-0.7100,-3.3378,4.9859,0.0000,1,0.0802,0.0449,0.7283,-0.0002,1.000,70.00,342.76
0.8600,UKF,smooth,0.500,10.00,0.050,1,0.600,1,17.8390,15.8487,-1.9903,5.0344,0.3774,0.0905,0.0005,6.0000,4.7933,0.8946,4.0796,0.1866,7.4104,-11.5436,9.1738,-11.3799,9.2913,-11.4740,8.1049,-11.5900,-2.8271,-13.0739,1.7634,0.1637,1.8809,0.0696,0.6944,-0.0464,8,0.1300,8,0,1.0000,0.0000,0.0000,1.6425,10.2459,-0.7133,-3.3436,4.9820,0.0000,1,0.0802,0.0449,0.7283,-0.0002,1.000,70.00,342.76
0.8700,UKF,smooth,0.500,10.00,0.050,1,0.600,1,17.7794,15.7564,-2.0230,5.1035,0.3774,0.0905,0.0005,6.0000,4.7933,0.8951,3.9889,0.1874,7.2704,-11.5592,9.1738,-11.3799,9.2913,-11.4740,7.9480,-11.6218,-3.1216,-13.1517,1.9034,0.1793,2.0210,0.0853,0.6776,-0.0626,8,0.1400,8,0,1.0000,0.0000,0.0000,1.6394,10.3227,-0.7164,-3.3495,4.9780,0.0000,1,0.0802,0.0449,0.7283,-0.0002,1.000,70.00,342.76
0.8800,UKF,smooth,0.500,10.00,0.050,1,0.600,1,17.7191,15.6628,-2.0563,5.1734,0.3774,0.0905,0.0004,6.0000,4.7933,0.8955,3.9016,0.1883,7.1296,-11.5753,9.1738,-11.3799,9.2913,-11.4740,7.7904,-11.6548,-3.4210,-13.2319,2.0442,0.1954,2.1617,0.1014,0.6608,-0.0795,8,0.1500,8,0,1.0000,0.0000,0.0000,1.6359,10.3987,-0.7195,-3.3554,4.9740,0.0000,1,0.0802,0.0449,0.7283,-0.0002,1.000,70.00,342.76
0.8900,UKF,smooth,0.500,10.00,0.050,1,0.600,1,17.6581,15.4414,-2.2167,4.4232,0.3789,0.0880,0.0011,6.0000,4.7761,0.8178,3.0099,0.1890,6.9881,-11.5919,7.6885,-11.5136,7.5963,-11.6155,7.4101,-11.8790,-4.7792,-14.2909,0.7004,0.0783,0.6082,-0.0236,0.4220,-0.2871,9,0.0500,9,0,1.0000,0.0000,0.0000,1.6319,10.4740,-0.7224,-3.3614,4.9700,0.0000,1,0.0802,0.0449,0.8398,-0.0002,1.000,70.00,342.76
0.9000,UKF,smooth,0.500,10.00,0.050,1,0.600,1,17.5965,15.3504,-2.2460,4.4797,0.3789,0.0880,0.0012,6.0000,4.7761,0.8185,2.9512,0.1899,6.8459,-11.6089,7.6885,-11.5136,7.5963,-11.6155,7.2359,-11.9213,-5.1203,-14.3930,0.8426,0.0953,0.7504,-0.0066,0.3900,-0.3123,9,0.0600,9,0,1.0000,0.0000,0.0000,1.6275,10.5486,-0.7253,-3.3675,4.9659,0.0000,1,0.0802,0.0449,0.8398,-0.0002,1.000,70.00,342.76
0.9100,UKF,smooth,0.500,10.00,0.050,1,0.600,1,17.5342,15.2583,-2.2759,4.5371,0.3789,0.0880,0.0012,6.0000,4.7761,0.8191,2.9136,0.1907,6.7029,-11.6264,7.6885,-11.5136,7.5963,-11.6155,7.0608,-11.9648,-5.4675,-14.4981,0.9856,0.1128,0.8934,0.0109,0.3579,-0.3384,9,0.0700,9,0,1.0000,0.0000,0.0000,1.6227,10.6224,-0.7281,-3.3736,4.9617,0.0000,1,0.0802,0.0449,0.8398,-0.0002,1.000,70.00,342.76
0.9200,UKF,smooth,0.500,10.00,0.050,1,0.600,1,17.4712,15.1648,-2.3064,4.5952,0.3789,0.0880,0.0012,6.0000,4.7761,0.8198,2.8993,0.1916,6.5591,-11.6444,7.6885,-11.5136,7.5963,-11.6155,6.8846,-12.0097,-5.8212,-14.6064,1.1294,0.1308,1.0371,0.0289,0.3254,-0.3652,9,0.0800,9,0,1.0000,0.0000,0.0000,1.6175,10.6956,-0.7308,-3.3798,4.9575,0.0000,1,0.0802,0.0449,0.8398,-0.0002,1.000,70.00,342.76
0.9300,UKF,smooth,0.500,10.00,0.050,1,0.600,1,17.4076,15.0702,-2.3374,4.6541,0.3789,0.0880,0.0013,6.0000,4.7761,0.8206,2.9096,0.1925,6.4146,-11.6629,7.6885,-11.5136,7.5963,-11.6155,6.7073,-12.0559,-6.1815,-14.7178,1.2739,0.1492,1.1817,0.0474,0.2928,-0.3930,9,0.0900,9,0,1.0000,0.0000,0.0000,1.6119,10.7681,-0.7333,-3.3860,4.9533,0.0000,1,0.1196,0.0407,0.8398,-0.0003,1.000,70.00,342.76
0.9400,UKF,smooth,0.500,10.00,0.050,1,0.600,1,17.3434,14.9744,-2.3690,4.7138,0.3789,0.0880,0.0013,6.0000,4.7761,0.8213,2.9457,0.1934,6.2692,-11.6818,7.6885,-11.5136,7.5963,-11.6155,6.5290,-12.1035,-6.5487,-14.8326,1.4193,0.1682,1.3271,0.0663,0.2598,-0.4217,9,0.1000,9,0,1.0000,0.0000,0.0000,1.6058,10.8398,-0.7358,-3.3923,4.9490,0.0000,1,0.1196,0.0407,0.8398,-0.0003,1.000,70.00,342.76
0.9500,UKF,smooth,0.500,10.00,0.050,1,0.600,1,17.2786,14.8774,-2.4011,4.7742,0.3789,0.0880,0.0013,6.0000,4.7761,0.8220,3.0080,0.1943,6.1230,-11.7013,7.6885,-11.5136,7.5963,-11.6155,6.3495,-12.1526,-6.9231,-14.9508,1.5655,0.1876,1.4732,0.0857,0.2265,-0.4513,9,0.1100,9,0,1.0000,0.0000,0.0000,1.5993,10.9109,-0.7382,-3.3987,4.9446,0.0000,1,0.1196,0.0407,0.8398,-0.0003,1.000,70.00,342.76
0.9600,UKF,smooth,0.500,10.00,0.050,1,0.600,1,17.2131,14.7793,-2.4337,4.8353,0.3789,0.0880,0.0014,6.0000,4.7761,0.8228,3.0962,0.1953,5.9760,-11.7212,7.6885,-11.5136,7.5963,-11.6155,6.1689,-12.2031,-7.3048,-15.0726,1.7125,0.2076,1.6203,0.1057,0.1929,-0.4819,9,0.1200,9,0,1.0000,0.0000,0.0000,1.5925,10.9813,-0.7405,-3.4051,4.9402,0.0000,1,0.1196,0.0407,0.8398,-0.0003,1.000,70.00,342.76
0.9700,UKF,smooth,0.500,10.00,0.050,1,0.600,1,17.1470,14.6801,-2.4669,4.8971,0.3789,0.0880,0.0014,6.0000,4.7761,0.8236,3.2098,0.1963,5.8281,-11.7416,7.6885,-11.5136,7.5963,-11.6155,5.9872,-12.2551,-7.6941,-15.1980,1.8604,0.2280,1.7682,0.1261,0.1591,-0.5135,9,0.1300,9,0,1.0000,0.0000,0.0000,1.5852,11.0510,-0.7427,-3.4116,4.9357,0.0000,1,0.1196,0.0407,0.8398,-0.0003,1.000,70.00,342.76
0.9800,UKF,smooth,0.500,10.00,0.050,1,0.600,1,17.0803,15.2218,-1.8585,4.0687,0.3852,0.0917,0.0077,6.0000,5.4166,1.6860,0.8123,0.1972,5.6793,-11.7626,6.4146,-11.6629,6.1566,-11.5374,5.7127,-11.6308,-7.2382,-11.8489,0.7352,0.0997,0.4772,0.2252,0.0334,0.1318,10,0.0500,10,0,1.0000,0.0000,0.0000,1.5775,11.1201,-0.7449,-3.4181,4.9312,0.0000,1,0.1196,0.0407,0.9297,-0.0003,1.000,70.00,342.76
0.9900,UKF,smooth,0.500,10.00,0.050,1,0.600,1,17.0130,15.1337,-1.8793,4.1171,0.3852,0.0917,0.0077,6.0000,5.4166,1.6856,0.8568,0.1982,5.5297,-11.7841,6.4146,-11.6629,6.1566,-11.5374,5.5248,-11.6409,-7.5899,-11.8816,0.8849,0.1212,0.6269,0.2466,-0.0049,0.1432,10,0.0600,10,0,1.0000,0.0000,0.0000,1.5693,11.1885,-0.7469,-3.4247,4.9266,0.0000,1,0.1196,0.0407,0.9297,-0.0003,1.000,70.00,342.76
1.0000,UKF,smooth,0.500,10.00,0.050,1,0.600,1,16.9451,15.0444,-1.9006,4.1664,0.3852,0.0917,0.0078,6.0000,5.4166,1.6853,0.9564,0.1992,5.3791,-11.8061,6.4146,-11.6629,6.1566,-11.5374,5.3359,-11.6519,-7.9472,-11.9156,1.0354,0.1432,0.7774,0.2686,-0.0433,0.1542,10,0.0700,10,0,1.0000,0.0000,0.0000,1.5608,11.2562,-0.7488,-3.4313,4.9220,0.0000,1,0.1196,0.0407,0.9297,-0.0003,1.000,70.00,342.76
1.0100,UKF,smooth,0.500,10.00,0.050,1,0.600,1,16.8766,14.9541,-1.9225,4.2165,0.3852,0.0917,0.0078,6.0000,5.4166,1.6849,1.0959,0.2003,5.2276,-11.8286,6.4146,-11.6629,6.1566,-11.5374,5.1459,-11.6638,-8.3104,-11.9510,1.1869,0.1657,0.9289,0.2911,-0.0817,0.1648,10,0.0800,10,0,1.0000,0.0000,0.0000,1.5519,11.3233,-0.7507,-3.4381,4.9173,0.0000,1,0.1196,0.0407,0.9297,-0.0003,1.000,70.00,342.76
1.0200,UKF,smooth,0.500,10.00,0.050,1,0.600,1,16.8075,14.8627,-1.9448,4.2674,0.3852,0.0917,0.0078,6.0000,5.4166,1.6845,1.2623,0.2014,5.0752,-11.8516,6.4146,-11.6629,6.1566,-11.5374,4.9549,-11.6765,-8.6795,-11.9879,1.3394,0.1888,1.0814,0.3142,-0.1203,0.1751,10,0.0900,10,0,1.0000,0.0000,0.0000,1.5425,11.3897,-0.7524,-3.4448,4.9126,0.0000,1,0.1196,0.0407,0.9297,-0.0003,1.000,70.00,342.76
1.0300,UKF,smooth,0.500,10.00,0.050,1,0.600,1,16.7379,14.7702,-1.9677,4.3191,0.3852,0.0917,0.0079,6.0000,5.4166,1.6841,1.4461,0.2025,4.9218,-11.8752,6.4146,-11.6629,6.1566,-11.5374,4.7629,-11.6902,-9.0549,-12.0262,1.4928,0.2124,1.2348,0.3378,-0.1589,0.1850,10,0.1000,10,0,1.0000,0.0000,0.0000,1.5328,11.4555,-0.7541,-3.4516,4.9078,0.0000,1,0.1196,0.0407,0.9297,-0.0003,1.000,70.00,342.76
1.0400,UKF,smooth,0.500,10.00,0.050,1,0.600,1,16.6677,14.6767,-1.9910,4.3715,0.3852,0.0917,0.0079,6.0000,5.4166,1.6837,1.6416,0.2036,4.7674,-11.8994,6.4146,-11.6629,6.1566,-11.5374,4.5697,-11.7048,-9.4366,-12.0660,1.6472,0.2365,1.3892,0.3620,-0.1976,0.1946,10,0.1100,10,0,1.0000,0.0000,0.0000,1.5226,11.5206,-0.7556,-3.4585,4.9029,0.0000,1,0.1196,0.0407,0.9297,-0.0003,1.000,70.00,342.76
1.0500,UKF,smooth,0.500,10.00,0.050,1,0.600,1,16.5970,14.5822,-2.0148,4.4246,0.3852,0.0917,0.0080,6.0000,5.4166,1.6833,1.8449,0.2047,4.6119,-11.9241,6.4146,-11.6629,6.1566,-11.5374,4.3755,-11.7203,-9.8249,-12.1075,1.8026,0.2613,1.5446,0.3867,-0.2365,0.2038,10,0.1200,10,0,1.0000,0.0000,0.0000,1.5120,11.5851,-0.7571,-3.4654,4.8980,0.0000,1,0.0835,0.0474,0.9297,0.0012,1.000,70.00,342.76
1.0600,UKF,smooth,0.500,10.00,0.050,1,0.600,1,16.5257,14.4867,-2.0390,4.4784,0.3852,0.0917,0.0080,6.0000,5.4166,1.6828,2.0537,0.2059,4.4555,-11.9494,6.4146,-11.6629,6.1566,-11.5374,4.1801,-11.7368,-10.2200,-12.1505,1.9591,0.2865,1.7011,0.4120,-0.2754,0.2126,10,0.1300,10,0,1.0000,0.0000,0.0000,1.5011,11.6490,-0.7585,-3.4724,4.8931,0.0000,1,0.0835,0.0474,0.9297,0.0012,1.000,70.00,342.76
1.0700,UKF,smooth,0.500,10.00,0.050,1,0.600,1,16.4538,14.3902,-2.0637,4.5329,0.3852,0.0917,0.0081,6.0000,5.4166,1.6824,2.2666,0.2070,4.2980,-11.9753,6.4146,-11.6629,6.1566,-11.5374,3.9836,-11.7543,-10.6221,-12.1951,2.1165,0.3124,1.8586,0.4378,-0.3145,0.2210,10,0.1400,10,0,1.0000,0.0000,0.0000,1.4897,11.7123,-0.7598,-3.4795,4.8881,0.0000,1,0.0835,0.0474,0.9297,0.0012,1.000,70.00,342.76
1.0800,UKF,smooth,0.500,10.00,0.050,1,0.600,1,16.3814,14.2927,-2.0888,4.5881,0.3852,0.0917,0.0081,6.0000,5.4166,1.6820,2.4824,0.2083,4.1395,-12.0017,6.4146,-11.6629,6.1566,-11.5374,3.7858,-11.7727,-11.0315,-12.2415,2.2751,0.3388,2.0171,0.4643,-0.3536,0.2290,10,0.1500,10,0,1.0000,0.0000,0.0000,1.4779,11.7749,-0.7610,-3.4866,4.8830,0.0000,1,0.0835,0.0474,0.9297,0.0012,1.000,70.00,342.76
1.0900,UKF,smooth,0.500,10.00,0.050,1,0.600,1,16.3085,14.1943,-2.1143,4.6440,0.3852,0.0917,0.0082,6.0000,5.4166,1.6815,2.7005,0.2095,3.9798,-12.0288,6.4146,-11.6629,6.1566,-11.5374,3.5869,-11.7922,-11.4483,-12.2896,2.4347,0.3659,2.1768,0.4913,-0.3929,0.2366,10,0.1600,10,0,1.0000,0.0000,0.0000,1.4657,11.8369,-0.7621,-3.4937,4.8779,0.0000,1,0.0835,0.0474,0.9297,0.0012,1.000,70.00,342.76
1.1000,UKF,smooth,0.500,10.00,0.050,1,0.600,1,16.2351,14.5655,-1.6696,3.5853,0.3905,0.0957,0.0135,6.0000,5.5375,1.2925,2.2435,0.2107,3.8191,-12.0564,4.6119,-11.9241,4.3912,-11.9194,3.4867,-12.2437,-10.8021,-14.4949,0.7929,0.1323,0.5722,0.1370,-0.3324,-0.1873,11,0.0500,11,0,1.0000,0.0000,0.0000,1.4531,11.8983,-0.7631,-3.5009,4.8727,0.0000,1,0.0835,0.0474,1.0512,0.0012,1.000,70.00,342.76
1.1100,UKF,smooth,0.500,10.00,0.050,1,0.600,1,16.1611,14.4769,-1.6843,3.6266,0.3905,0.0957,0.0136,6.0000,5.5375,1.2926,2.4833,0.2120,3.6572,-12.0846,4.6119,-11.9241,4.3912,-11.9194,3.2851,-12.2847,-11.1933,-14.5896,0.9548,0.1605,0.7341,0.1653,-0.3721,-0.2001,11,0.0600,11,0,1.0000,0.0000,0.0000,1.4401,11.9591,-0.7640,-3.5082,4.8675,0.0000,1,0.0835,0.0474,1.0512,0.0012,1.000,70.00,342.76
1.1200,UKF,smooth,0.500,10.00,0.050,1,0.600,1,16.0867,14.3873,-1.6994,3.6687,0.3905,0.0957,0.0136,6.0000,5.5375,1.2927,2.7256,0.2133,3.4941,-12.1135,4.6119,-11.9241,4.3912,-11.9194,3.0823,-12.3270,-11.5909,-14.6869,1.1178,0.1894,0.8971,0.1941,-0.4118,-0.2135,11,0.0700,11,0,1.0000,0.0000,0.0000,1.4267,12.0193,-0.7649,-3.5155,4.8622,0.0000,1,0.0835,0.0474,1.0512,0.0012,1.000,70.00,342.76
1.1300,UKF,smooth,0.500,10.00,0.050,1,0.600,1,16.0117,14.2968,-1.7150,3.7116,0.3905,0.0957,0.0137,6.0000,5.5375,1.2928,2.9699,0.2146,3.3299,-12.1430,4.6119,-11.9241,4.3912,-11.9194,2.8784,-12.3707,-11.9950,-14.7871,1.2820,0.2189,1.0613,0.2236,-0.4515,-0.2277,11,0.0800,11,0,1.0000,0.0000,0.0000,1.4129,12.0789,-0.7656,-3.5229,4.8569,0.0000,1,0.0835,0.0474,1.0512,0.0012,1.000,70.00,342.76
1.1400,UKF,smooth,0.500,10.00,0.050,1,0.600,1,15.9363,14.2053,-1.7309,3.7554,0.3905,0.0957,0.0137,6.0000,5.5375,1.2929,3.2163,0.2160,3.1645,-12.1731,4.6119,-11.9241,4.3912,-11.9194,2.6734,-12.4157,-12.4059,-14.8901,1.4475,0.2490,1.2268,0.2538,-0.4911,-0.2425,11,0.0900,11,0,1.0000,0.0000,0.0000,1.3986,12.1380,-0.7663,-3.5303,4.8515,0.0000,1,0.1066,0.0563,1.0512,0.0011,1.000,70.00,342.76
1.1500,UKF,smooth,0.500,10.00,0.050,1,0.600,1,15.8603,14.1130,-1.7473,3.7999,0.3905,0.0957,0.0138,6.0000,5.5375,1.2930,3.4644,0.2174,2.9978,-12.2039,4.6119,-11.9241,4.3912,-11.9194,2.4672,-12.4620,-12.8237,-14.9961,1.6141,0.2798,1.3934,0.2846,-0.5307,-0.2581,11,0.1000,11,0,1.0000,0.0000,0.0000,1.3840,12.1964,-0.7668,-3.5378,4.8461,0.0000,1,0.1066,0.0563,1.0512,0.0011,1.000,70.00,342.76
1.1600,UKF,smooth,0.500,10.00,0.050,1,0.600,1,15.7839,14.0198,-1.7641,3.8451,0.3905,0.0957,0.0138,6.0000,5.5375,1.2931,3.7144,0.2188,2.8299,-12.2354,4.6119,-11.9241,4.3912,-11.9194,2.2598,-12.5098,-13.2488,-15.1052,1.7820,0.3113,1.5613,0.3160,-0.5702,-0.2744,11,0.1100,11,0,1.0000,0.0000,0.0000,1.3690,12.2542,-0.7673,-3.5453,4.8406,0.0000,1,0.1066,0.0563,1.0512,0.0011,1.000,70.00,342.76
1.1700,UKF,smooth,0.500,10.00,0.050,1,0.600,1,15.7070,13.9257,-1.7813,3.8911,0.3905,0.0957,0.0139,6.0000,5.5375,1.2932,3.9660,0.2202,2.6608,-12.2675,4.6119,-11.9241,4.3912,-11.9194,2.0511,-12.5591,-13.6813,-15.2174,1.9512,0.3434,1.7305,0.3481,-0.6096,-0.2915,11,0.1200,11,0,1.0000,0.0000,0.0000,1.3535,12.3115,-0.7677,-3.5529,4.8350,0.0000,1,0.1066,0.0563,1.0512,0.0011,1.000,70.00,342.76
1.1800,UKF,smooth,0.500,10.00,0.050,1,0.600,1,15.6296,13.8308,-1.7988,3.9379,0.3905,0.0957,0.0139,6.0000,5.5375,1.2933,4.2194,0.2217,2.4903,-12.3003,4.6119,-11.9241,4.3912,-11.9194,1.8413,-12.6098,-14.1214,-15.3328,2.1216,0.3762,1.9009,0.3809,-0.6491,-0.3095,11,0.1300,11,0,1.0000,0.0000,0.0000,1.3377,12.3682,-0.7679,-3.5605,4.8294,0.0000,1,0.1066,0.0563,1.0512,0.0011,1.000,70.00,342.76
1.1900,UKF,smooth,0.500,10.00,0.050,1,0.600,1,15.5518,13.7351,-1.8168,3.9853,0.3905,0.0957,0.0140,6.0000,5.5375,1.2934,4.4745,0.2232,2.3185,-12.3338,4.6119,-11.9241,4.3912,-11.9194,1.6301,-12.6620,-14.5693,-15.4516,2.2934,0.4097,2.0727,0.4144,-0.6884,-0.3282,11,0.1400,11,0,1.0000,0.0000,0.0000,1.3214,12.4243,-0.7681,-3.5682,4.8237,0.0000,1,0.1066,0.0563,1.0512,0.0011,1.000,70.00,342.76
1.2000,UKF,smooth,0.500,10.00,0.050,1,0.600,1,15.4735,14.6635,-0.8100,3.1904,0.3916,0.0951,0.0152,6.0000,6.4403,2.2497,1.9292,0.2247,2.1454,-12.3680,3.1645,-12.1731,2.8525,-12.3917,1.8882,-12.5703,-11.1983,-14.8777,1.0191,0.1949,0.7070,-0.0237,-0.2573,-0.2022,12,0.0600,12,0,1.0000,0.0000,0.0000,1.3048,12.4799,-0.7682,-3.5759,4.8180,0.0000,1,0.1066,0.0563,1.1411,0.0011,1.000,70.00,342.76
1.2100,UKF,smooth,0.500,10.00,0.050,1,0.600,1,15.3948,14.5855,-0.8093,3.2285,0.3916,0.0951,0.0152,6.0000,6.4403,2.2507,2.0434,0.2263,1.9709,-12.4029,3.1645,-12.1731,2.8525,-12.3917,1.6956,-12.6137,-11.5252,-14.9714,1.1936,0.2298,0.8815,0.0112,-0.2753,-0.2108,12,0.0700,12,0,1.0000,0.0000,0.0000,1.2877,12.5349,-0.7682,-3.5837,4.8122,0.0000,1,0.1066,0.0563,1.1411,0.0011,1.000,70.00,342.76
1.2200,UKF,smooth,0.500,10.00,0.050,1,0.600,1,15.3156,14.5067,-0.8090,3.2674,0.3916,0.0951,0.0153,6.0000,6.4403,2.2518,2.1557,0.2279,1.7950,-12.4386,3.1645,-12.1731,2.8525,-12.3917,1.5025,-12.6584,-11.8556,-15.0677,1.3694,0.2654,1.0574,0.0469,-0.2925,-0.2199,12,0.0800,12,0,1.0000,0.0000,0.0000,1.2702,12.5893,-0.7681,-3.5915,4.8063,0.0000,1,0.1066,0.0563,1.1411,0.0011,1.000,70.00,342.76
1.2300,UKF,smooth,0.500,10.00,0.050,1,0.600,1,15.2360,14.4270,-0.8090,3.3073,0.3916,0.0951,0.0153,6.0000,6.4403,2.2528,2.2658,0.2295,1.6177,-12.4750,3.1645,-12.1731,2.8525,-12.3917,1.3090,-12.7045,-12.1897,-15.1666,1.5468,0.3018,1.2347,0.0833,-0.3087,-0.2295,12,0.0900,12,0,1.0000,0.0000,0.0000,1.2523,12.6432,-0.7680,-3.5994,4.8004,0.0000,1,0.1066,0.0563,1.1411,0.0011,1.000,70.00,342.76
1.2400,UKF,smooth,0.500,10.00,0.050,1,0.600,1,15.1560,14.3465,-0.8095,3.3480,0.3916,0.0951,0.0154,6.0000,6.4403,2.2539,2.3735,0.2311,1.4389,-12.5121,3.1645,-12.1731,2.8525,-12.3917,1.1149,-12.7518,-12.5275,-15.2682,1.7255,0.3390,1.4135,0.1204,-0.3241,-0.2396,12,0.1000,12,0,1.0000,0.0000,0.0000,1.2340,12.6965,-0.7677,-3.6073,4.7945,0.0000,1,0.1066,0.0563,1.1411,0.0011,1.000,70.00,342.76
1.2500,UKF,smooth,0.500,10.00,0.050,1,0.600,1,15.0755,14.2652,-0.8103,3.3896,0.3916,0.0951,0.0155,6.0000,6.4403,2.2550,2.4787,0.2328,1.2587,-12.5500,3.1645,-12.1731,2.8525,-12.3917,0.9203,-12.8004,-12.8691,-15.3726,1.9058,0.3769,1.5938,0.1584,-0.3384,-0.2504,12,0.1100,12,0,1.0000,0.0000,0.0000,1.2153,12.7493,-0.7673,-3.6153,4.7885,0.0000,1,0.1053,0.0484,1.1411,-0.0006,1.000,70.00,342.76
1.2600,UKF,smooth,0.500,10.00,0.050,1,0.600,1,14.9947,14.1831,-0.8116,3.4320,0.3916,0.0951,0.0155,6.0000,6.4403,2.2561,2.5814,0.2345,1.0769,-12.5888,3.1645,-12.1731,2.8525,-12.3917,0.7252,-12.8505,-13.2146,-15.4798,2.0875,0.4156,1.7755,0.1971,-0.3517,-0.2617,12,0.1200,12,0,1.0000,0.0000,0.0000,1.1962,12.8015,-0.7668,-3.6233,4.7824,0.0000,1,0.1053,0.0484,1.1411,-0.0006,1.000,70.00,342.76
1.2700,UKF,smooth,0.500,10.00,0.050,1,0.600,1,14.9134,14.1002,-0.8131,3.4753,0.3916,0.0951,0.0156,6.0000,6.4403,2.2573,2.6814,0.2363,0.8936,-12.6283,3.1645,-12.1731,2.8525,-12.3917,0.5297,-12.9019,-13.5641,-15.5900,2.2708,0.4551,1.9588,0.2366,-0.3640,-0.2736,12,0.1300,12,0,1.0000,0.0000,0.0000,1.1766,12.8532,-0.7663,-3.6314,4.7763,0.0000,1,0.1053,0.0484,1.1411,-0.0006,1.000,70.00,342.76
1.2800,UKF,smooth,0.500,10.00,0.050,1,0.600,1,14.8317,14.0166,-0.8151,3.5194,0.3916,0.0951,0.0157,6.0000,6.4403,2.2584,2.7787,0.2381,0.7088,-12.6686,3.1645,-12.1731,2.8525,-12.3917,0.3336,-12.9548,-13.9176,-15.7032,2.4557,0.4954,2.1437,0.2769,-0.3752,-0.2862,12,0.1400,12,0,1.0000,0.0000,0.0000,1.1567,12.9043,-0.7656,-3.6395,4.7701,0.0000,1,0.1053,0.0484,1.1411,-0.0006,1.000,70.00,342.76
1.2900,UKF,smooth,0.500,10.00,0.050,1,0.600,1,14.7496,13.9323,-0.8174,3.5643,0.3916,0.0951,0.0157,6.0000,6.4403,2.2596,2.8734,0.2399,0.5223,-12.7097,3.1645,-12.1731,2.8525,-12.3917,0.1370,-13.0091,-14.2752,-15.8196,2.6422,0.5366,2.3302,0.3180,-0.3853,-0.2994,12,0.1500,12,0,1.0000,0.0000,0.0000,1.1363,12.9550,-0.7649,-3.6477,4.7638,0.0000,1,0.1053,0.0484,1.1411,-0.0006,1.000,70.00,342.76
1.3000,UKF,smooth,0.500,10.00,0.050,1,0.600,1,14.6672,14.1335,-0.5337,3.0512,0.3930,0.0960,0.0173,6.0000,6.6846,3.3485,3.9833,0.2418,0.3342,-12.7517,1.2587,-12.5500,0.8554,-12.9466,-0.0484,-13.3034,-14.1034,-17.0522,0.9245,0.2017,0.5212,-0.1949,-0.3826,-0.5517,13,0.0500,13,0,1.0000,0.0000,0.0000,1.1155,13.0050,-0.7640,-3.6559,4.7575,0.0000,1,0.1053,0.0484,1.2494,-0.0006,1.000,70.00,342.76
1.3100,UKF,smooth,0.500,10.00,0.050,1,0.600,1,14.5843,14.0564,-0.5279,3.0879,0.3930,0.0960,0.0173,6.0000,6.6846,3.3500,4.1433,0.2437,0.1444,-12.7946,1.2587,-12.5500,0.8554,-12.9466,-0.2520,-13.3695,-14.4526,-17.1880,1.1142,0.2445,0.7109,-0.1521,-0.3965,-0.5749,13,0.0600,13,0,1.0000,0.0000,0.0000,1.0943,13.0546,-0.7630,-3.6642,4.7512,0.0000,1,0.1053,0.0484,1.2494,-0.0006,1.000,70.00,342.76
1.3200,UKF,smooth,0.500,10.00,0.050,1,0.600,1,14.5011,13.9787,-0.5224,3.1254,0.3930,0.0960,0.0174,6.0000,6.6846,3.3515,4.3027,0.2456,-0.0470,-12.8383,1.2587,-12.5500,0.8554,-12.9466,-0.4562,-13.4370,-14.8054,-17.3272,1.3057,0.2882,0.9024,-0.1083,-0.4092,-0.5988,13,0.0700,13,0,1.0000,0.0000,0.0000,1.0727,13.1036,-0.7620,-3.6725,4.7447,0.0000,1,0.1053,0.0484,1.2494,-0.0006,1.000,70.00,342.76
1.3300,UKF,smooth,0.500,10.00,0.050,1,0.600,1,14.4175,13.9002,-0.5173,3.1639,0.3930,0.0960,0.0175,6.0000,6.6846,3.3530,4.4618,0.2476,-0.2402,-12.8829,1.2587,-12.5500,0.8554,-12.9466,-0.6608,-13.5062,-15.1619,-17.4699,1.4989,0.3329,1.0956,-0.0637,-0.4206,-0.6233,13,0.0800,13,0,1.0000,0.0000,0.0000,1.0506,13.1521,-0.7608,-3.6809,4.7383,0.0000,1,0.1053,0.0484,1.2494,-0.0006,1.000,70.00,342.76
1.3400,UKF,smooth,0.500,10.00,0.050,1,0.600,1,14.3335,13.8210,-0.5125,3.2033,0.3930,0.0960,0.0176,6.0000,6.6846,3.3546,4.6206,0.2496,-0.4351,-12.9284,1.2587,-12.5500,0.8554,-12.9466,-0.8659,-13.5771,-15.5221,-17.6162,1.6938,0.3784,1.2905,-0.0182,-0.4308,-0.6486,13,0.0900,13,0,1.0000,0.0000,0.0000,1.0282,13.2000,-0.7596,-3.6893,4.7317,0.0000,1,0.1053,0.0484,1.2494,-0.0006,1.000,70.00,342.76
1.3500,UKF,smooth,0.500,10.00,0.050,1,0.600,1,14.2492,13.7411,-0.5081,3.2435,0.3930,0.0960,0.0176,6.0000,6.6846,3.3562,4.7793,0.2517,-0.6319,-12.9749,1.2587,-12.5500,0.8554,-12.9466,-1.0714,-13.6496,-15.8863,-17.7661,1.8906,0.4248,1.4872,0.0283,-0.4395,-0.6747,13,0.1000,13,0,1.0000,0.0000,0.0000,1.0053,13.2475,-0.7582,-3.6977,4.7251,0.0000,1,0.1053,0.0484,1.2494,-0.0006,1.000,70.00,342.76
1.3600,UKF,smooth,0.500,10.00,0.050,1,0.600,1,14.1645,13.6606,-0.5040,3.2845,0.3930,0.0960,0.0177,6.0000,6.6846,3.3578,4.9379,0.2538,-0.8304,-13.0223,1.2587,-12.5500,0.8554,-12.9466,-1.2774,-13.7239,-16.2543,-17.9198,2.0891,0.4722,1.6858,0.0757,-0.4469,-0.7016,13,0.1100,13,0,1.0000,0.0000,0.0000,0.9820,13.2944,-0.7568,-3.7062,4.7185,0.0000,1,0.0955,0.0447,1.2494,-0.0009,1.000,70.00,342.76
1.3700,UKF,smooth,0.500,10.00,0.050,1,0.600,1,14.0795,13.5793,-0.5002,3.3263,0.3930,0.0960,0.0178,6.0000,6.6846,3.3595,5.0969,0.2559,-1.0309,-13.0707,1.2587,-12.5500,0.8554,-12.9466,-1.4838,-13.7999,-16.6263,-18.0774,2.2896,0.5206,1.8862,0.1240,-0.4529,-0.7292,13,0.1200,13,0,1.0000,0.0000,0.0000,0.9582,13.3408,-0.7552,-3.7148,4.7117,0.0000,1,0.0955,0.0447,1.2494,-0.0009,1.000,70.00,342.76
1.3800,UKF,smooth,0.500,10.00,0.050,1,0.600,1,13.9942,13.4975,-0.4967,3.3690,0.3930,0.0960,0.0179,6.0000,6.6846,3.3612,5.2562,0.2581,-1.2332,-13.1200,1.2587,-12.5500,0.8554,-12.9466,-1.6905,-13.8778,-17.0024,-18.2390,2.4919,0.5700,2.0886,0.1734,-0.4573,-0.7577,13,0.1300,13,0,1.0000,0.0000,0.0000,0.9340,13.3867,-0.7535,-3.7234,4.7049,0.0000,1,0.0955,0.0447,1.2494,-0.0009,1.000,70.00,342.76
1.3900,UKF,smooth,0.500,10.00,0.050,1,0.600,1,13.9085,13.4150,-0.4935,3.4124,0.3930,0.0960,0.0180,6.0000,6.6846,3.3629,5.4163,0.2603,-1.4375,-13.1704,1.2587,-12.5500,0.8554,-12.9466,-1.8977,-13.9575,-17.3827,-18.4048,2.6962,0.6204,2.2929,0.2238,-0.4602,-0.7871,13,0.1400,13,0,1.0000,0.0000,0.0000,0.9094,13.4321,-0.7518,-3.7320,4.6981,0.0000,1,0.0955,0.0447,1.2494,-0.0009,1.000,70.00,342.76
1.4000,UKF,smooth,0.500,10.00,0.050,1,0.600,1,13.8225,13.3318,-0.4907,3.4566,0.3930,0.0960,0.0181,6.0000,6.6846,3.3647,5.5775,0.2626,-1.6438,-13.2218,1.2587,-12.5500,0.8554,-12.9466,-2.1053,-14.0391,-17.7671,-18.5748,2.9025,0.6718,2.4991,0.2752,-0.4615,-0.8173,13,0.1500,13,0,1.0000,0.0000,0.0000,0.8844,13.4770,-0.7499,-3.7407,4.6912,0.0000,1,0.0955,0.0447,1.2494,-0.0009,1.000,70.00,342.76
1.4100,UKF,smooth,0.500,10.00,0.050,1,0.600,1,13.7362,13.8637,0.1275,2.6700,0.3985,0.0948,0.0236,6.0000,7.3684,2.9735,3.0227,0.2649,-1.8521,-13.2743,-0.8304,-13.0223,-1.1375,-13.4174,-2.1342,-13.6986,-16.0536,-16.6892,1.0216,0.2520,0.7145,-0.1432,-0.2821,-0.4243,14,0.0500,14,0,1.0000,0.0000,0.0000,0.8589,13.5214,-0.7479,-3.7494,4.6842,0.0000,1,0.0955,0.0447,1.3591,-0.0009,1.000,70.00,342.76
1.4200,UKF,smooth,0.500,10.00,0.050,1,0.600,1,13.6496,13.7917,0.1422,2.7035,0.3985,0.0948,0.0237,6.0000,7.3684,2.9755,3.0141,0.2673,-2.0624,-13.3278,-0.8304,-13.0223,-1.1375,-13.4174,-2.3388,-13.7540,-16.3785,-16.8037,1.2320,0.3055,0.9249,-0.0896,-0.2764,-0.4262,14,0.0600,14,0,1.0000,0.0000,0.0000,0.8330,13.5653,-0.7458,-3.7581,4.6772,0.0000,1,0.0955,0.0447,1.3591,-0.0009,1.000,70.00,342.76
1.4300,UKF,smooth,0.500,10.00,0.050,1,0.600,1,13.5626,13.7191,0.1565,2.7381,0.3985,0.0948,0.0238,6.0000,7.3684,2.9776,3.0015,0.2697,-2.2749,-13.3824,-0.8304,-13.0223,-1.1375,-13.4174,-2.5434,-13.8109,-16.7056,-16.9212,1.4444,0.3601,1.1374,-0.0350,-0.2685,-0.4285,14,0.0700,14,0,1.0000,0.0000,0.0000,0.8067,13.6086,-0.7436,-3.7669,4.6701,0.0000,1,0.0955,0.0447,1.3591,-0.0009,1.000,70.00,342.76
1.4400,UKF,smooth,0.500,10.00,0.050,1,0.600,1,13.4754,13.6459,0.1705,2.7737,0.3985,0.0948,0.0239,6.0000,7.3684,2.9797,2.9853,0.2722,-2.4895,-13.4381,-0.8304,-13.0223,-1.1375,-13.4174,-2.7481,-13.8693,-17.0349,-17.0419,1.6590,0.4158,1.3520,0.0207,-0.2586,-0.4312,14,0.0800,14,0,1.0000,0.0000,0.0000,0.7799,13.6515,-0.7413,-3.7758,4.6630,0.0000,1,0.0955,0.0447,1.3591,-0.0009,1.000,70.00,342.76
1.4500,UKF,smooth,0.500,10.00,0.050,1,0.600,1,13.3879,13.5721,0.1842,2.8103,0.3985,0.0948,0.0240,6.0000,7.3684,2.9819,2.9663,0.2747,-2.7063,-13.4950,-0.8304,-13.0223,-1.1375,-13.4174,-2.9527,-13.9292,-17.3663,-17.1657,1.8758,0.4727,1.5688,0.0776,-0.2464,-0.4342,14,0.0900,14,0,1.0000,0.0000,0.0000,0.7527,13.6939,-0.7389,-3.7847,4.6558,0.0000,1,0.0955,0.0447,1.3591,-0.0009,1.000,70.00,342.76
1.4600,UKF,smooth,0.500,10.00,0.050,1,0.600,1,13.3001,13.4976,0.1975,2.8479,0.3985,0.0948,0.0241,6.0000,7.3684,2.9841,2.9451,0.2773,-2.9253,-13.5530,-0.8304,-13.0223,-1.1375,-13.4174,-3.1573,-13.9907,-17.7000,-17.2929,2.0949,0.5307,1.7878,0.1356,-0.2320,-0.4377,14,0.1000,14,0,1.0000,0.0000,0.0000,0.7250,13.7357,-0.7363,-3.7936,4.6485,0.0000,1,0.1052,0.0552,1.3591,0.0014,1.000,70.00,342.76
1.4700,UKF,smooth,0.500,10.00,0.050,1,0.600,1,13.2120,13.4226,0.2105,2.8864,0.3985,0.0948,0.0243,6.0000,7.3684,2.9863,2.9227,0.2799,-3.1466,-13.6123,-0.8304,-13.0223,-1.1375,-13.4174,-3.3618,-14.0539,-18.0359,-17.4235,2.3162,0.5900,2.0091,0.1949,-0.2152,-0.4416,14,0.1100,14,0,1.0000,0.0000,0.0000,0.6969,13.7771,-0.7336,-3.8026,4.6412,0.0000,1,0.1052,0.0552,1.3591,0.0014,1.000,70.00,342.76
1.4800,UKF,smooth,0.500,10.00,0.050,1,0.600,1,13.1237,13.3469,0.2232,2.9258,0.3985,0.0948,0.0244,6.0000,7.3684,2.9887,2.9005,0.2826,-3.3703,-13.6727,-0.8304,-13.0223,-1.1375,-13.4174,-3.5662,-14.1187,-18.3740,-17.5577,2.5398,0.6504,2.2327,0.2553,-0.1960,-0.4460,14,0.1200,14,0,1.0000,0.0000,0.0000,0.6683,13.8180,-0.7309,-3.8116,4.6338,0.0000,1,0.1052,0.0552,1.3591,0.0014,1.000,70.00,342.76
1.4900,UKF,smooth,0.500,10.00,0.050,1,0.600,1,13.0351,13.2707,0.2356,2.9662,0.3985,0.0948,0.0245,6.0000,7.3684,2.9910,2.8801,0.2854,-3.5963,-13.7344,-0.8304,-13.0223,-1.1375,-13.4174,-3.7705,-14.1852,-18.7143,-17.6955,2.7659,0.7121,2.4588,0.3170,-0.1742,-0.4508,14,0.1300,14,0,1.0000,0.0000,0.0000,0.6393,13.8583,-0.7280,-3.8206,4.6263,0.0000,1,0.1052,0.0552,1.3591,0.0014,1.000,70.00,342.76
1.5000,UKF,smooth,0.500,10.00,0.050,1,0.600,1,12.9462,13.1939,0.2477,3.0075,0.3985,0.0948,0.0246,6.0000,7.3684,2.9934,2.8635,0.2882,-3.8247,-13.7974,-0.8304,-13.0223,-1.1375,-13.4174,-3.9746,-14.2534,-19.0568,-17.8371,2.9943,0.7751,2.6872,0.3800,-0.1499,-0.4560,14,0.1400,14,0,1.0000,0.0000,0.0000,0.6098,13.8982,-0.7249,-3.8297,4.6188,0.0000,1,0.1052,0.0552,1.3591,0.0014,1.000,70.00,342.76
1.5100,UKF,smooth,0.500,10.00,0.050,1,0.600,1,12.8571,13.1166,0.2595,3.0496,0.3985,0.0948,0.0247,6.0000,7.3684,2.9959,2.8531,0.2911,-4.0557,-13.8616,-0.8304,-13.0223,-1.1375,-13.4174,-4.1785,-14.3234,-19.4016,-17.9825,3.2252,0.8394,2.9182,0.4442,-0.1228,-0.4618,14,0.1500,14,0,1.0000,0.0000,0.0000,0.5798,13.9376,-0.7218,-3.8388,4.6112,0.0000,1,0.1052,0.0552,1.3591,0.0014,1.000,70.00,342.76
1.5200,UKF,smooth,0.500,10.00,0.050,1,0.600,1,12.7678,12.9479,0.1801,2.7693,0.3973,0.0910,0.0237,6.0000,7.3009,1.5646,0.7233,0.2940,-4.2891,-13.9273,-2.9253,-13.5530,-3.1678,-13.6630,-4.3672,-14.0215,-19.5478,-16.5916,1.3638,0.3742,1.1213,0.2642,-0.0781,-0.0942,15,0.0600,15,0,1.0000,0.0000,0.0000,0.5494,13.9765,-0.7185,-3.8480,4.6036,0.0000,1,0.1052,0.0552,1.4614,0.0014,1.000,70.00,342.76
1.5300,UKF,smooth,0.500,10.00,0.050,1,0.600,1,12.6782,12.8722,0.1941,2.8061,0.3973,0.0910,0.0238,6.0000,7.3009,1.5662,0.5570,0.2970,-4.5252,-13.9942,-2.9253,-13.5530,-3.1678,-13.6630,-4.5799,-14.0707,-19.9027,-16.7026,1.5999,0.4412,1.3574,0.3312,-0.0547,-0.0765,15,0.0700,15,0,1.0000,0.0000,0.0000,0.5186,14.0149,-0.7151,-3.8572,4.5959,0.0000,1,0.1052,0.0552,1.4614,0.0014,1.000,70.00,342.76
1.5400,UKF,smooth,0.500,10.00,0.050,1,0.600,1,12.5884,12.7960,0.2077,2.8439,0.3973,0.0910,0.0239,6.0000,7.3009,1.5678,0.3897,0.3001,-4.7639,-14.0626,-2.9253,-13.5530,-3.1678,-13.6630,-4.7924,-14.1216,-20.2601,-16.8171,1.8386,0.5096,1.5961,0.3996,-0.0286,-0.0590,15,0.0800,15,0,1.0000,0.0000,0.0000,0.4872,14.0528,-0.7116,-3.8664,4.5881,0.0000,1,0.1052,0.0552,1.4614,0.0014,1.000,70.00,342.76
1.5500,UKF,smooth,0.500,10.00,0.050,1,0.600,1,12.4983,12.7193,0.2209,2.8825,0.3973,0.0910,0.0241,6.0000,7.3009,1.5695,0.2489,0.3032,-5.0053,-14.1324,-2.9253,-13.5530,-3.1678,-13.6630,-5.0048,-14.1740,-20.6198,-16.9352,2.0800,0.5794,1.8375,0.4694,0.0004,-0.0416,15,0.0900,15,0,1.0000,0.0000,0.0000,0.4554,14.0902,-0.7079,-3.8757,4.5803,0.0000,1,0.1052,0.0552,1.4614,0.0014,1.000,70.00,342.76
1.5600,UKF,smooth,0.500,10.00,0.050,1,0.600,1,12.4081,12.6420,0.2339,2.9220,0.3973,0.0910,0.0242,6.0000,7.3009,1.5712,0.2381,0.3064,-5.2494,-14.2037,-2.9253,-13.5530,-3.1678,-13.6630,-5.2170,-14.2281,-20.9819,-17.0570,2.3241,0.6506,2.0816,0.5406,0.0324,-0.0245,15,0.1000,15,0,1.0000,0.0000,0.0000,0.4231,14.1271,-0.7041,-3.8850,4.5724,0.0000,1,0.1052,0.0552,1.4614,0.0014,1.000,70.00,342.76
1.5700,UKF,smooth,0.500,10.00,0.050,1,0.600,1,12.3176,12.5641,0.2465,2.9624,0.3973,0.0910,0.0244,6.0000,7.3009,1.5729,0.3934,0.3097,-5.4964,-14.2764,-2.9253,-13.5530,-3.1678,-13.6630,-5.4289,-14.2840,-21.3464,-17.1827,2.5711,0.7234,2.3286,0.6134,0.0674,-0.0076,15,0.1100,15,0,1.0000,0.0000,0.0000,0.3904,14.1635,-0.7002,-3.8943,4.5645,0.0000,1,0.0860,0.0508,1.4614,0.0013,1.000,70.00,342.76
1.5800,UKF,smooth,0.500,10.00,0.050,1,0.600,1,12.2270,12.4858,0.2588,3.0036,0.3973,0.0910,0.0245,6.0000,7.3009,1.5747,0.6145,0.3130,-5.7462,-14.3507,-2.9253,-13.5530,-3.1678,-13.6630,-5.6406,-14.3416,-21.7134,-17.3125,2.8209,0.7977,2.5784,0.6877,0.1056,0.0091,15,0.1200,15,0,1.0000,0.0000,0.0000,0.3571,14.1995,-0.6961,-3.9037,4.5564,0.0000,1,0.0860,0.0508,1.4614,0.0013,1.000,70.00,342.76
1.5900,UKF,smooth,0.500,10.00,0.050,1,0.600,1,12.1362,12.4069,0.2708,3.0457,0.3973,0.0910,0.0247,6.0000,7.3009,1.5765,0.8659,0.3164,-5.9990,-14.4266,-2.9253,-13.5530,-3.1678,-13.6630,-5.8519,-14.4010,-22.0827,-17.4464,3.0737,0.8735,2.8312,0.7635,0.1471,0.0256,15,0.1300,15,0,1.0000,0.0000,0.0000,0.3234,14.2349,-0.6918,-3.9131,4.5484,0.0000,1,0.0860,0.0508,1.4614,0.0013,1.000,70.00,342.76
1.6000,UKF,smooth,0.500,10.00,0.050,1,0.600,1,12.0451,12.3276,0.2825,3.0885,0.3973,0.0910,0.0248,6.0000,7.3009,1.5783,1.1399,0.3199,-6.2548,-14.5040,-2.9253,-13.5530,-3.1678,-13.6630,-6.0628,-14.4623,-22.4544,-17.5846,3.3295,0.9510,3.0870,0.8410,0.1920,0.0417,15,0.1400,15,0,1.0000,0.0000,0.0000,0.2892,14.2699,-0.6875,-3.9225,4.5402,0.0000,1,0.0860,0.0508,1.4614,0.0013,1.000,70.00,342.76
1.6100,UKF,smooth,0.500,10.00,0.050,1,0.600,1,11.9539,12.2478,0.2938,3.1321,0.3973,0.0910,0.0249,6.0000,7.3009,1.5795,1.4351,0.3234,-6.5138,-14.5831,-2.9253,-13.5530,-3.1678,-13.6630,-6.2732,-14.5255,-22.8284,-17.7274,3.5885,1.0301,3.3460,0.9201,0.2406,0.0576,15,0.1500,15,0,1.0000,0.0000,0.0000,0.2545,14.3043,-0.6829,-3.9320,4.5320,0.0000,1,0.0860,0.0508,1.4614,0.0013,1.000,70.00,342.76
1.6200,UKF,smooth,0.500,10.00,0.050,1,0.600,1,11.8626,12.1675,0.3049,3.1765,0.3973,0.0910,0.0251,6.0000,7.3009,1.5808,1.7506,0.3271,-6.7759,-14.6639,-2.9253,-13.5530,-3.1678,-13.6630,-6.4831,-14.5907,-23.2049,-17.8749,3.8506,1.1109,3.6081,1.0009,0.2928,0.0732,15,0.1600,15,0,1.0000,0.0000,0.0000,0.2193,14.3383,-0.6782,-3.9415,4.5237,0.0000,1,0.0860,0.0508,1.4614,0.0013,1.000,70.00,342.76
1.6300,UKF,smooth,0.500,10.00,0.050,1,0.600,1,11.7711,12.4582,0.6872,2.8196,0.3961,0.0904,0.0240,6.0000,7.8903,0.0936,1.7099,0.3308,-7.0412,-14.7465,-5.4964,-14.2764,-5.4814,-14.2786,-6.8087,-14.5702,-22.7597,-17.5689,1.5449,0.4700,1.5599,0.4679,0.2326,0.1763,16,0.0600,16,0,1.0000,0.0000,0.0000,0.1836,14.3717,-0.6734,-3.9511,4.5154,0.0000,1,0.0860,0.0508,1.5713,0.0013,1.000,70.00,342.76
1.6400,UKF,smooth,0.500,10.00,0.050,1,0.600,1,11.6794,12.3871,0.7077,2.8567,0.3961,0.0904,0.0241,6.0000,7.8903,0.0954,2.0118,0.3346,-7.3099,-14.8308,-5.4964,-14.2764,-5.4814,-14.2786,-7.0326,-14.6279,-23.1130,-17.6956,1.8135,0.5544,1.8285,0.5522,0.2773,0.2029,16,0.0700,16,0,1.0000,0.0000,0.0000,0.1474,14.4047,-0.6684,-3.9607,4.5070,0.0000,1,0.0860,0.0508,1.5713,0.0013,1.000,70.00,342.76
1.6500,UKF,smooth,0.500,10.00,0.050,1,0.600,1,11.5876,12.3154,0.7279,2.8946,0.3961,0.0904,0.0242,6.0000,7.8903,0.0974,2.3324,0.3385,-7.5819,-14.9169,-5.4964,-14.2764,-5.4814,-14.2786,-7.2559,-14.6873,-23.4675,-17.8262,2.0855,0.6405,2.1005,0.6383,0.3259,0.2296,16,0.0800,16,0,1.0000,0.0000,0.0000,0.1106,14.4372,-0.6632,-3.9703,4.4985,0.0000,1,0.0860,0.0508,1.5713,0.0013,1.000,70.00,342.76
1.6600,UKF,smooth,0.500,10.00,0.050,1,0.600,1,11.4956,12.2433,0.7477,2.9334,0.3961,0.0904,0.0244,6.0000,7.8903,0.0996,2.6726,0.3425,-7.8573,-15.0049,-5.4964,-14.2764,-5.4814,-14.2786,-7.4786,-14.7487,-23.8232,-17.9611,2.3609,0.7285,2.3759,0.7263,0.3787,0.2562,16,0.0900,16,0,1.0000,0.0000,0.0000,0.0734,14.4691,-0.6579,-3.9799,4.4900,0.0000,1,0.1011,0.0416,1.5713,-0.0018,1.000,70.00,342.76
1.6700,UKF,smooth,0.500,10.00,0.050,1,0.600,1,11.4035,12.1707,0.7672,2.9730,0.3961,0.0904,0.0245,6.0000,7.8903,0.1021,3.0335,0.3467,-8.1363,-15.0947,-5.4964,-14.2764,-5.4814,-14.2786,-7.7006,-14.8119,-24.1799,-18.1002,2.6399,0.8183,2.6549,0.8162,0.4356,0.2829,16,0.1000,16,0,1.0000,0.0000,0.0000,0.0357,14.5006,-0.6523,-3.9896,4.4814,0.0000,1,0.1011,0.0416,1.5713,-0.0018,1.000,70.00,342.76
1.6800,UKF,smooth,0.500,10.00,0.050,1,0.600,1,11.3113,12.0978,0.7864,3.0134,0.3961,0.0904,0.0247,6.0000,7.8903,0.1047,3.4162,0.3511,-8.4188,-15.1866,-5.4964,-14.2764,-5.4814,-14.2786,-7.9219,-14.8771,-24.5376,-18.2439,2.9225,0.9101,2.9375,0.9080,0.4969,0.3095,16,0.1100,16,0,1.0000,0.0000,0.0000,-0.0026,14.5315,-0.6466,-3.9993,4.4728,0.0000,1,0.1011,0.0416,1.5713,-0.0018,1.000,70.00,342.76
1.6900,UKF,smooth,0.500,10.00,0.050,1,0.600,1,11.2190,12.0243,0.8053,3.0545,0.3961,0.0904,0.0248,6.0000,7.8903,0.1075,3.8218,0.3556,-8.7051,-15.2804,-5.4964,-14.2764,-5.4814,-14.2786,-8.1423,-14.9443,-24.8962,-18.3923,3.2087,1.0040,3.2237,1.0018,0.5627,0.3361,16,0.1200,16,0,1.0000,0.0000,0.0000,-0.0414,14.5620,-0.6408,-4.0090,4.4640,0.0000,1,0.1011,0.0416,1.5713,-0.0018,1.000,70.00,342.76
1.7000,UKF,smooth,0.500,10.00,0.050,1,0.600,1,11.1266,11.9505,0.8239,3.0965,0.3961,0.0904,0.0250,6.0000,7.8903,0.1105,4.2512,0.3602,-8.9951,-15.3763,-5.4964,-14.2764,-5.4814,-14.2786,-8.3618,-15.0136,-25.2557,-18.5456,3.4987,1.0999,3.5137,1.0977,0.6332,0.3627,16,0.1300,16,0,1.0000,0.0000,0.0000,-0.0807,14.5919,-0.6347,-4.0188,4.4552,0.0000,1,0.1011,0.0416,1.5713,-0.0018,1.000,70.00,342.76
1.7100,UKF,smooth,0.500,10.00,0.050,1,0.600,1,11.0341,11.5882,0.5541,2.8048,0.3969,0.0941,0.0260,6.0000,7.3955,2.0452,3.9164,0.3649,-9.2889,-15.4743,-7.8573,-15.0049,-7.5971,-14.7700,-8.7549,-15.0704,-27.1765,-18.8548,1.4317,0.4694,1.6919,0.7043,0.5341,0.4039,17,0.0500,17,0,1.0000,0.0000,0.0000,-0.1206,14.6214,-0.6284,-4.0286,4.4464,0.0000,1,0.1011,0.0416,1.6582,-0.0018,1.000,70.00,342.76
1.7200,UKF,smooth,0.500,10.00,0.050,1,0.600,1,10.9415,11.5108,0.5693,2.8406,0.3969,0.0941,0.0261,6.0000,7.3955,2.0419,4.2843,0.3698,-9.5867,-15.5745,-7.8573,-15.0049,-7.5971,-14.7700,-8.9969,-15.1393,-27.6082,-19.0167,1.7294,0.5696,1.9896,0.8045,0.5898,0.4352,17,0.0600,17,0,1.0000,0.0000,0.0000,-0.1610,14.6503,-0.6219,-4.0384,4.4375,0.0000,1,0.1011,0.0416,1.6582,-0.0018,1.000,70.00,342.76
1.7300,UKF,smooth,0.500,10.00,0.050,1,0.600,1,10.8489,11.4330,0.5842,2.8772,0.3969,0.0941,0.0262,6.0000,7.3955,2.0382,4.6728,0.3748,-9.8884,-15.6769,-7.8573,-15.0049,-7.5971,-14.7700,-9.2385,-15.2104,-28.0425,-19.1842,2.0311,0.6720,2.2913,0.9069,0.6499,0.4665,17,0.0700,17,0,1.0000,0.0000,0.0000,-0.2019,14.6787,-0.6152,-4.0483,4.4285,0.0000,1,0.1011,0.0416,1.6582,-0.0018,1.000,70.00,342.76
1.7400,UKF,smooth,0.500,10.00,0.050,1,0.600,1,10.7561,11.3548,0.5987,2.9146,0.3969,0.0941,0.0263,6.0000,7.3955,2.0344,5.0834,0.3799,-10.1942,-15.7816,-7.8573,-15.0049,-7.5971,-14.7700,-9.4795,-15.2838,-28.4797,-19.3575,2.3369,0.7768,2.5972,1.0117,0.7147,0.4978,17,0.0800,17,0,1.0000,0.0000,0.0000,-0.2434,14.7065,-0.6083,-4.0582,4.4194,0.0000,1,0.1011,0.0416,1.6582,-0.0018,1.000,70.00,342.76
1.7500,UKF,smooth,0.500,10.00,0.050,1,0.600,1,10.6633,11.2763,0.6130,2.9528,0.3969,0.0941,0.0265,6.0000,7.3955,2.0306,5.5173,0.3852,-10.5043,-15.8887,-7.8573,-15.0049,-7.5971,-14.7700,-9.7200,-15.3597,-28.9196,-19.5369,2.6470,0.8838,2.9073,1.1187,0.7844,0.5290,17,0.0900,17,0,1.0000,0.0000,0.0000,-0.2854,14.7339,-0.6012,-4.0681,4.4103,0.0000,1,0.1011,0.0416,1.6582,-0.0018,1.000,70.00,342.76
1.7600,UKF,smooth,0.500,10.00,0.050,1,0.600,1,10.5705,11.1974,0.6269,2.9917,0.3969,0.0941,0.0266,6.0000,7.3955,2.0266,5.9757,0.3905,-10.8188,-15.9982,-7.8573,-15.0049,-7.5971,-14.7700,-9.9597,-15.4380,-29.3622,-19.7226,2.9615,0.9933,3.2217,1.2282,0.8591,0.5602,17,0.1000,17,0,1.0000,0.0000,0.0000,-0.3280,14.7607,-0.5938,-4.0780,4.4011,0.0000,1,0.1011,0.0416,1.6582,-0.0018,1.000,70.00,342.76
1.7700,UKF,smooth,0.500,10.00,0.050,1,0.600,1,10.4777,11.1181,0.6405,3.0314,0.3969,0.0941,0.0267,6.0000,7.3955,2.0225,6.4598,0.3960,-11.1376,-16.1102,-7.8573,-15.0049,-7.5971,-14.7700,-10.1987,-15.5190,-29.8075,-19.9151,3.2804,1.1053,3.5406,1.3402,0.9390,0.5912,17,0.1100,17,0,1.0000,0.0000,0.0000,-0.3712,14.7870,-0.5862,-4.0880,4.3919,0.0000,1,0.1082,0.0477,1.6582,0.0018,1.000,70.00,342.76
1.7800,UKF,smooth,0.500,10.00,0.050,1,0.600,1,10.3848,11.0385,0.6537,3.0718,0.3969,0.0941,0.0269,6.0000,7.3955,2.0184,6.9710,0.4017,-11.4611,-16.2247,-7.8573,-15.0049,-7.5971,-14.7700,-10.4367,-15.6026,-30.2554,-20.1145,3.6038,1.2198,3.8640,1.4547,1.0244,0.6221,17,0.1200,17,0,1.0000,0.0000,0.0000,-0.4149,14.8128,-0.5783,-4.0979,4.3826,0.0000,1,0.1082,0.0477,1.6582,0.0018,1.000,70.00,342.76
1.7900,UKF,smooth,0.500,10.00,0.050,1,0.600,1,10.2919,10.9586,0.6667,3.1130,0.3969,0.0941,0.0270,6.0000,7.3955,2.0140,7.5104,0.4075,-11.7892,-16.3419,-7.8573,-15.0049,-7.5971,-14.7700,-10.6738,-15.6890,-30.7059,-20.3212,3.9319,1.3370,4.1922,1.5719,1.1154,0.6529,17,0.1300,17,0,1.0000,0.0000,0.0000,-0.4592,14.8380,-0.5702,-4.1080,4.3732,0.0000,1,0.1082,0.0477,1.6582,0.0018,1.000,70.00,342.76
1.8000,UKF,smooth,0.500,10.00,0.050,1,0.600,1,10.1990,10.8783,0.6793,3.1548,0.3969,0.0941,0.0272,6.0000,7.3955,2.0096,8.0797,0.4135,-12.1221,-16.4617,-7.8573,-15.0049,-7.5971,-14.7700,-10.9099,-15.7782,-31.1590,-20.5356,4.2649,1.4569,4.5251,1.6918,1.2123,0.6835,17,0.1400,17,0,1.0000,0.0000,0.0000,-0.5041,14.8626,-0.5618,-4.1180,4.3637,0.0000,1,0.1082,0.0477,1.6582,0.0018,1.000,70.00,342.76
1.8100,UKF,smooth,0.500,10.00,0.050,1,0.600,1,10.1061,10.7977,0.6917,3.1974,0.3969,0.0941,0.0274,6.0000,7.3955,2.0051,8.6801,0.4196,-12.4600,-16.5844,-7.8573,-15.0049,-7.5971,-14.7700,-11.1447,-15.8705,-31.6147,-20.7580,4.6027,1.5795,4.8629,1.8144,1.3153,0.7138,17,0.1500,17,0,1.0000,0.0000,0.0000,-0.5496,14.8867,-0.5531,-4.1281,4.3542,0.0000,1,0.1082,0.0477,1.6582,0.0018,1.000,70.00,342.76
1.8200,UKF,smooth,0.500,10.00,0.050,1,0.600,1,10.0132,10.3681,0.3549,2.6120,0.3961,0.0885,0.0267,6.0000,6.8285,0.8957,5.8321,0.4259,-12.8029,-16.7099,-11.1376,-16.1102,-11.0256,-16.0006,-11.8365,-16.4060,-35.8013,-23.7212,1.6652,0.5997,1.7773,0.7092,0.9663,0.3038,18,0.0500,18,0,1.0000,0.0000,0.0000,-0.5957,14.9103,-0.5441,-4.1381,4.3446,0.0000,1,0.1082,0.0477,1.7718,0.0018,1.000,70.00,342.76
1.8300,UKF,smooth,0.500,10.00,0.050,1,0.600,1,9.9203,10.2849,0.3646,2.6439,0.3961,0.0885,0.0269,6.0000,6.8285,0.8907,6.2015,0.4323,-13.1509,-16.8383,-11.1376,-16.1102,-11.0256,-16.0006,-12.1191,-16.5260,-36.4223,-24.0119,2.0133,0.7281,2.1253,0.8376,1.0318,0.3123,18,0.0600,18,0,1.0000,0.0000,0.0000,-0.6424,14.9333,-0.5348,-4.1482,4.3350,0.0000,1,0.1082,0.0477,1.7718,0.0018,1.000,70.00,342.76
1.8400,UKF,smooth,0.500,10.00,0.050,1,0.600,1,9.8275,10.2014,0.3739,2.6766,0.3961,0.0885,0.0271,6.0000,6.8285,0.8856,6.5994,0.4389,-13.5043,-16.9697,-11.1376,-16.1102,-11.0256,-16.0006,-12.4016,-16.6497,-37.0510,-24.3123,2.3666,0.8596,2.4787,0.9691,1.1027,0.3201,18,0.0700,18,0,1.0000,0.0000,0.0000,-0.6896,14.9557,-0.5252,-4.1584,4.3253,0.0000,1,0.1082,0.0477,1.7718,0.0018,1.000,70.00,342.76
1.8500,UKF,smooth,0.500,10.00,0.050,1,0.600,1,9.7347,10.1178,0.3830,2.7101,0.3961,0.0885,0.0273,6.0000,6.8285,0.8804,7.0272,0.4457,-13.8631,-17.1043,-11.1376,-16.1102,-11.0256,-16.0006,-12.6839,-16.7772,-37.6874,-24.6228,2.7254,0.9942,2.8375,1.1037,1.1792,0.3272,18,0.0800,18,0,1.0000,0.0000,0.0000,-0.7375,14.9775,-0.5152,-4.1685,4.3155,0.0000,1,0.1082,0.0477,1.7718,0.0018,1.000,70.00,342.76
1.8600,UKF,smooth,0.500,10.00,0.050,1,0.600,1,9.6420,10.0338,0.3918,2.7444,0.3961,0.0885,0.0275,6.0000,6.8285,0.8751,7.4862,0.4527,-14.2275,-17.2421,-11.1376,-16.1102,-11.0256,-16.0006,-12.9659,-16.9086,-38.3319,-24.9440,3.0898,1.1319,3.2019,1.2415,1.2616,0.3335,18,0.0900,18,0,1.0000,0.0000,0.0000,-0.7860,14.9988,-0.5049,-4.1787,4.3056,0.0000,1,0.1082,0.0477,1.7718,0.0018,1.000,70.00,342.76
1.8700,UKF,smooth,0.500,10.00,0.050,1,0.600,1,9.5494,9.9497,0.4003,2.7795,0.3961,0.0885,0.0278,6.0000,6.8285,0.8696,7.9780,0.4599,-14.5976,-17.3832,-11.1376,-16.1102,-11.0256,-16.0006,-13.2476,-17.0443,-38.9846,-25.2763,3.4600,1.2730,3.5720,1.3825,1.3501,0.3389,18,0.1000,18,0,1.0000,0.0000,0.0000,-0.8351,15.0195,-0.4942,-4.1889,4.2957,0.0000,1,0.1082,0.0477,1.7718,0.0018,1.000,70.00,342.76
1.8800,UKF,smooth,0.500,10.00,0.050,1,0.600,1,9.4569,9.8654,0.4085,2.8154,0.3961,0.0885,0.0280,6.0000,6.8285,0.8640,8.5041,0.4673,-14.9737,-17.5277,-11.1376,-16.1102,-11.0256,-16.0006,-13.5287,-17.1842,-39.6455,-25.6202,3.8360,1.4175,3.9481,1.5270,1.4449,0.3434,18,0.1100,18,0,1.0000,0.0000,0.0000,-0.8849,15.0395,-0.4832,-4.1991,4.2857,0.0000,1,0.1002,0.0449,1.7718,0.0001,1.000,70.00,342.76
1.8900,UKF,smooth,0.500,10.00,0.050,1,0.600,1,9.3644,9.7809,0.4164,2.8521,0.3961,0.0885,0.0283,6.0000,6.8285,0.8582,9.0661,0.4748,-15.3557,-17.6757,-11.1376,-16.1102,-11.0256,-16.0006,-13.8092,-17.3287,-40.3149,-25.9763,4.2181,1.5655,4.3301,1.6750,1.5465,0.3469,18,0.1200,18,0,1.0000,0.0000,0.0000,-0.9352,15.0590,-0.4717,-4.2093,4.2757,0.0000,1,0.1002,0.0449,1.7718,0.0001,1.000,70.00,342.76
1.9000,UKF,smooth,0.500,10.00,0.050,1,0.600,1,9.2721,9.6962,0.4241,2.8895,0.3961,0.0885,0.0285,6.0000,6.8285,0.8524,9.6656,0.4826,-15.7440,-17.8272,-11.1376,-16.1102,-11.0256,-16.0006,-14.0890,-17.4779,-40.9930,-26.3452,4.6064,1.7171,4.7184,1.8266,1.6550,0.3493,18,0.1300,18,0,1.0000,0.0000,0.0000,-0.9863,15.0778,-0.4597,-4.2196,4.2656,0.0000,1,0.1002,0.0449,1.7718,0.0001,1.000,70.00,342.76
1.9100,UKF,smooth,0.500,10.00,0.050,1,0.600,1,9.1799,9.6113,0.4314,2.9277,0.3961,0.0885,0.0288,6.0000,6.8285,0.8463,10.3043,0.4906,-16.1387,-17.9826,-11.1376,-16.1102,-11.0256,-16.0006,-14.3679,-17.6321,-41.6798,-26.7275,5.0010,1.8724,5.1131,1.9819,1.7708,0.3505,18,0.1400,18,0,1.0000,0.0000,0.0000,-1.0379,15.0960,-0.4474,-4.2299,4.2554,0.0000,1,0.1002,0.0449,1.7718,0.0001,1.000,70.00,342.76
1.9200,UKF,smooth,0.500,10.00,0.050,1,0.600,1,9.0879,9.5264,0.4385,2.9666,0.3961,0.0885,0.0291,6.0000,6.8285,0.8415,10.9844,0.4968,-16.5399,-18.1421,-11.1376,-16.1102,-11.0256,-16.0006,-14.6458,-17.7914,-42.3757,-27.1238,5.4023,2.0319,5.5143,2.1414,1.8941,0.3506,18,0.1500,18,0,1.0000,0.0000,0.0000,-1.0902,15.1136,-0.4345,-4.2402,4.2451,0.0000,1,0.1002,0.0449,1.7718,0.0001,1.000,70.00,342.76
1.9300,UKF,smooth,0.500,10.00,0.050,1,0.600,1,8.9960,9.3843,0.3882,2.2728,0.3950,0.0901,0.0284,6.0000,6.7757,1.9155,8.4950,0.5007,-16.9479,-18.3059,-14.9737,-17.5277,-14.6372,-17.5106,-15.4694,-18.0985,-45.7575,-28.2697,1.9742,0.7783,2.3106,0.7953,1.4785,0.2074,19,0.0500,19,0,1.0000,0.0000,0.0000,-1.1432,15.1305,-0.4211,-4.2505,4.2348,0.0000,1,0.1002,0.0449,1.8801,0.0001,1.000,70.00,342.76
1.9400,UKF,smooth,0.500,10.00,0.050,1,0.600,1,8.9043,9.3012,0.3968,2.2999,0.3950,0.0901,0.0287,6.0000,6.7757,1.9143,8.9518,0.5047,-17.3628,-18.4739,-14.9737,-17.5277,-14.6372,-17.5106,-15.8015,-18.2668,-46.5768,-28.6638,2.3891,0.9462,2.7255,0.9633,1.5612,0.2071,19,0.0600,19,0,1.0000,0.0000,0.0000,-1.1968,15.1467,-0.4072,-4.2608,4.2244,0.0000,1,0.1002,0.0449,1.8801,0.0001,1.000,70.00,342.76
1.9500,UKF,smooth,0.500,10.00,0.050,1,0.600,1,8.8128,9.2180,0.4052,2.3279,0.3950,0.0901,0.0291,6.0000,6.7757,1.9129,9.4465,0.5087,-17.7848,-18.6461,-14.9737,-17.5277,-14.6372,-17.5106,-16.1338,-18.4407,-47.4079,-29.0709,2.8111,1.1185,3.1475,1.1355,1.6510,0.2055,19,0.0700,19,0,1.0000,0.0000,0.0000,-1.2511,15.1623,-0.3926,-4.2711,4.2140,0.0000,1,0.1002,0.0449,1.8801,0.0001,1.000,70.00,342.76
1.9600,UKF,smooth,0.500,10.00,0.050,1,0.600,1,8.7215,9.1347,0.4132,2.3568,0.3950,0.0901,0.0294,6.0000,6.7757,1.9116,9.9807,0.5128,-18.2141,-18.8228,-14.9737,-17.5277,-14.6372,-17.5106,-16.4660,-18.6202,-48.2512,-29.4915,3.2405,1.2951,3.5769,1.3121,1.7481,0.2025,19,0.0800,19,0,1.0000,0.0000,0.0000,-1.3061,15.1772,-0.3775,-4.2815,4.2034,0.0000,1,0.1002,0.0449,1.8801,0.0001,1.000,70.00,342.76
1.9700,UKF,smooth,0.500,10.00,0.050,1,0.600,1,8.6305,9.0514,0.4210,2.3867,0.3950,0.0901,0.0298,6.0000,6.7757,1.9102,10.5565,0.5168,-18.6510,-19.0039,-14.9737,-17.5277,-14.6372,-17.5106,-16.7981,-18.8058,-49.1069,-29.9263,3.6773,1.4762,4.0138,1.4933,1.8529,0.1981,19,0.0900,19,0,1.0000,0.0000,0.0000,-1.3617,15.1913,-0.3617,-4.2919,4.1928,0.0000,1,0.1002,0.0449,1.8801,0.0001,1.000,70.00,342.76
1.9800,UKF,smooth,0.500,10.00,0.050,1,0.600,1,8.5396,8.9681,0.4285,2.4175,0.3950,0.0901,0.0302,6.0000,6.7757,1.9088,11.1755,0.5210,-19.0956,-19.1897,-14.9737,-17.5277,-14.6372,-17.5106,-17.1299,-18.9977,-49.9752,-30.3761,4.1220,1.6621,4.4584,1.6791,1.9657,0.1920,19,0.1000,19,0,1.0000,0.0000,0.0000,-1.4180,15.2048,-0.3451,-4.3023,4.1822,0.0000,1,0.1002,0.0449,1.8801,0.0001,1.000,70.00,342.76
1.9900,UKF,smooth,0.500,10.00,0.050,1,0.600,1,8.4491,8.8849,0.4358,2.4491,0.3950,0.0901,0.0306,6.0000,6.7757,1.9073,11.8399,0.5251,-19.5482,-19.3804,-14.9737,-17.5277,-14.6372,-17.5106,-17.4613,-19.1962,-50.8563,-30.8415,4.5746,1.8527,4.9110,1.8698,2.0869,0.1842,19,0.1100,19,0,1.0000,0.0000,0.0000,-1.4750,15.2175,-0.3278,-4.3127,4.1714,0.0000,1,0.0971,0.0426,1.8801,-0.0003,1.000,70.00,342.76
2.0000,UKF,smooth,0.500,10.00,0.050,1,0.600,1,8.3588,8.8016,0.4428,2.4817,0.3950,0.0901,0.0310,6.0000,6.7757,1.9057,12.5517,0.5293,-20.0090,-19.5761,-14.9737,-17.5277,-14.6372,-17.5106,-17.7920,-19.4018,-51.7506,-31.3233,5.0354,2.0484,5.3718,2.0654,2.2170,0.1742,19,0.1200,19,0,1.0000,0.0000,0.0000,-1.5327,15.2294,-0.3096,-4.3231,4.1606,0.0000,1,0.0971,0.0426,1.8801,-0.0003,1.000,70.00,342.76
2.0100,UKF,smooth,0.500,10.00,0.050,1,0.600,1,8.2688,8.7184,0.4496,2.5151,0.3950,0.0901,0.0315,6.0000,6.7757,1.9041,13.3132,0.5335,-20.4783,-19.7769,-14.9737,-17.5277,-14.6372,-17.5106,-18.1220,-19.6149,-52.6583,-31.8226,5.5046,2.2493,5.8411,2.2663,2.3563,0.1621,19,0.1300,19,0,1.0000,0.0000,0.0000,-1.5910,15.2406,-0.2905,-4.3335,4.1498,0.0000,1,0.0971,0.0426,1.8801,-0.0003,1.000,70.00,342.76
2.0200,UKF,smooth,0.500,10.00,0.050,1,0.600,1,8.1792,8.6353,0.4561,2.5493,0.3950,0.0901,0.0320,6.0000,6.7757,1.9024,14.1266,0.5378,-20.9562,-19.9831,-14.9737,-17.5277,-14.6372,-17.5106,-18.4510,-19.8357,-53.5796,-32.3402,5.9826,2.4555,6.3190,2.4725,2.5052,0.1474,19,0.1400,19,0,1.0000,0.0000,0.0000,-1.6501,15.2509,-0.2704,-4.3440,4.1388,0.0000,1,0.0971,0.0426,1.8801,-0.0003,1.000,70.00,342.76
2.0300,UKF,smooth,0.500,10.00,0.050,1,0.600,1,8.0899,8.5523,0.4624,2.5844,0.3950,0.0901,0.0325,6.0000,6.7757,1.9007,14.9945,0.5421,-21.4431,-20.1949,-14.9737,-17.5277,-14.6372,-17.5106,-18.7788,-20.0650,-54.5148,-32.8772,6.4695,2.6672,6.8059,2.6843,2.6643,0.1299,19,0.1500,19,0,1.0000,0.0000,0.0000,-1.7098,15.2604,-0.2492,-4.3544,4.1278,0.0000,1,0.0971,0.0426,1.8801,-0.0003,1.000,70.00,342.76
2.0400,UKF,smooth,0.500,10.00,0.050,1,0.600,1,8.0009,8.3831,0.3821,1.9919,0.3941,0.0903,0.0321,6.0000,6.8913,1.6306,9.9068,0.5464,-21.9392,-20.4124,-19.5482,-19.3804,-19.5470,-19.1044,-20.2549,-19.9215,-60.1347,-30.3824,2.3910,1.0320,2.3922,1.3080,1.6844,0.4909,20,0.0500,20,0,1.0000,0.0000,0.0000,-1.7702,15.2690,-0.2267,-4.3649,4.1168,0.0000,1,0.0971,0.0426,1.9897,-0.0003,1.000,70.00,342.76
2.0500,UKF,smooth,0.500,10.00,0.050,1,0.600,1,7.9124,8.3018,0.3894,2.0157,0.3941,0.0903,0.0327,6.0000,6.8913,1.6264,10.3799,0.5507,-22.4449,-20.6359,-19.5482,-19.3804,-19.5470,-19.1044,-20.6770,-20.1237,-61.2098,-30.7935,2.8966,1.2555,2.8979,1.5315,1.7679,0.5122,20,0.0600,20,0,1.0000,0.0000,0.0000,-1.8313,15.2768,-0.2030,-4.3754,4.1056,0.0000,1,0.0971,0.0426,1.9897,-0.0003,1.000,70.00,342.76
2.0600,UKF,smooth,0.500,10.00,0.050,1,0.600,1,7.8243,8.2207,0.3964,2.0406,0.3941,0.0903,0.0333,6.0000,6.8913,1.6221,10.8958,0.5551,-22.9603,-20.8656,-19.5482,-19.3804,-19.5470,-19.1044,-21.0999,-20.3339,-62.2978,-31.2206,3.4120,1.4852,3.4133,1.7612,1.8603,0.5316,20,0.0700,20,0,1.0000,0.0000,0.0000,-1.8930,15.2835,-0.1777,-4.3859,4.0944,0.0000,1,0.0971,0.0426,1.9897,-0.0003,1.000,70.00,342.76
2.0700,UKF,smooth,0.500,10.00,0.050,1,0.600,1,7.7367,8.1399,0.4032,2.0665,0.3941,0.0903,0.0339,6.0000,6.8913,1.6179,11.4561,0.5595,-23.4858,-21.1017,-19.5482,-19.3804,-19.5470,-19.1044,-21.5236,-20.5528,-63.3983,-31.6653,3.9375,1.7213,3.9388,1.9974,1.9621,0.5489,20,0.0800,20,0,1.0000,0.0000,0.0000,-1.9554,15.2893,-0.1508,-4.3964,4.0831,0.0000,1,0.0971,0.0426,1.9897,-0.0003,1.000,70.00,342.76
2.0800,UKF,smooth,0.500,10.00,0.050,1,0.600,1,7.6495,8.0593,0.4098,2.0934,0.3941,0.0903,0.0346,6.0000,6.8913,1.6137,12.0626,0.5639,-24.0216,-21.3446,-19.5482,-19.3804,-19.5470,-19.1044,-21.9479,-20.7810,-64.5112,-32.1290,4.4734,1.9642,4.4746,2.2402,2.0737,0.5636,20,0.0900,20,0,1.0000,0.0000,0.0000,-2.0185,15.2940,-0.1220,-4.4069,4.0718,0.0000,1,0.0971,0.0426,1.9897,-0.0003,1.000,70.00,342.76
2.0900,UKF,smooth,0.500,10.00,0.050,1,0.600,1,7.5629,7.9791,0.4163,2.1213,0.3941,0.0903,0.0352,6.0000,6.8913,1.6094,12.7174,0.5683,-24.5682,-21.5944,-19.5482,-19.3804,-19.5470,-19.1044,-22.3726,-21.0192,-65.6361,-32.6136,5.0200,2.2140,5.0212,2.4900,2.1956,0.5752,20,0.1000,20,0,1.0000,0.0000,0.0000,-2.0821,15.2975,-0.0910,-4.4174,4.0604,0.0000,1,0.1109,0.0470,1.9897,-0.0001,1.000,70.00,342.76
2.1000,UKF,smooth,0.500,10.00,0.050,1,0.600,1,7.4768,7.8994,0.4226,2.1502,0.3941,0.0903,0.0360,6.0000,6.8913,1.6052,13.4225,0.5727,-25.1258,-21.8516,-19.5482,-19.3804,-19.5470,-19.1044,-22.7975,-21.2684,-66.7723,-33.1212,5.5776,2.4712,5.5788,2.7472,2.3283,0.5832,20,0.1100,20,0,1.0000,0.0000,0.0000,-2.1463,15.2999,-0.0576,-4.4279,4.0489,0.0000,1,0.1109,0.0470,1.9897,-0.0001,1.000,70.00,342.76
2.1100,UKF,smooth,0.500,10.00,0.050,1,0.600,1,7.3913,7.8202,0.4289,2.1800,0.3941,0.0903,0.0367,6.0000,6.8913,1.6010,14.1802,0.5772,-25.6949,-22.1164,-19.5482,-19.3804,-19.5470,-19.1044,-23.2225,-21.5296,-67.9192,-33.6543,6.1466,2.7360,6.1479,3.0120,2.4724,0.5867,20,0.1200,20,0,1.0000,0.0000,0.0000,-2.2109,15.3008,-0.0212,-4.4385,4.0373,0.0000,1,0.1109,0.0470,1.9897,-0.0001,1.000,70.00,342.76
2.1200,UKF,smooth,0.500,10.00,0.050,1,0.600,1,7.3064,7.7416,0.4351,2.2107,0.3941,0.0903,0.0375,6.0000,6.8913,1.5968,14.9927,0.5816,-26.2756,-22.3892,-19.5482,-19.3804,-19.5470,-19.1044,-23.6473,-21.8041,-69.0754,-34.2162,6.7274,3.0088,6.7286,3.2848,2.6283,0.5851,20,0.1300,20,0,1.0000,0.0000,0.0000,-2.2760,15.3002,0.0185,-4.4490,4.0257,0.0000,1,0.1109,0.0470,1.9897,-0.0001,1.000,70.00,342.76
2.1300,UKF,smooth,0.500,10.00,0.050,1,0.600,1,7.2223,7.6638,0.4415,2.2424,0.3941,0.0903,0.0384,6.0000,6.8913,1.5927,15.8623,0.5860,-26.8685,-22.6705,-19.5482,-19.3804,-19.5470,-19.1044,-24.0717,-22.0934,-70.2392,-34.8105,7.3202,3.2901,7.3215,3.5661,2.7968,0.5770,20,0.1400,20,0,1.0000,0.0000,0.0000,-2.3414,15.2979,0.0623,-4.4596,4.0140,0.0000,1,0.1109,0.0470,1.9897,-0.0001,1.000,70.00,342.76
2.1400,UKF,smooth,0.500,10.00,0.050,1,0.600,1,7.1389,7.2592,0.1203,1.7305,0.3918,0.1001,0.0369,6.0000,6.3980,2.3391,8.8815,0.5904,-27.4738,-22.9607,-24.5682,-21.5944,-24.3028,-21.2861,-25.9415,-22.5070,-81.8869,-34.4689,2.9056,1.3663,3.1710,1.6746,1.5323,0.4537,21,0.0500,21,0,1.0000,0.0000,0.0000,-2.4068,15.2935,0.1110,-4.4701,4.0022,0.0000,1,0.1109,0.0470,2.0899,-0.0001,1.000,70.00,342.76
2.1500,UKF,smooth,0.500,10.00,0.050,1,0.600,1,7.0563,7.1784,0.1221,1.7513,0.3918,0.1001,0.0379,6.0000,6.3980,2.3342,9.1863,0.5948,-28.0920,-23.2604,-24.5682,-21.5944,-24.3028,-21.2861,-26.4975,-22.8092,-83.3240,-34.9470,3.5238,1.6660,3.7892,1.9743,1.5945,0.4513,21,0.0600,21,0,1.0000,0.0000,0.0000,-2.4719,15.2865,0.1659,-4.4807,3.9904,0.0000,1,0.1109,0.0470,2.0899,-0.0001,1.000,70.00,342.76
2.1600,UKF,smooth,0.500,10.00,0.050,1,0.600,1,6.9746,7.0988,0.1242,1.7733,0.3918,0.1001,0.0389,6.0000,6.3980,2.3292,9.5265,0.5992,-28.7235,-23.5703,-24.5682,-21.5944,-24.3028,-21.2861,-27.0574,-23.1291,-84.7496,-35.4653,4.1553,1.9759,4.4207,2.2842,1.6661,0.4412,21,0.0700,21,0,1.0000,0.0000,0.0000,-2.5363,15.2762,0.2286,-4.4913,3.9785,0.0000,1,0.1109,0.0470,2.0899,-0.0001,1.000,70.00,342.76
2.1700,UKF,smooth,0.500,10.00,0.050,1,0.600,1,6.8940,7.0208,0.1268,1.7963,0.3918,0.1001,0.0399,6.0000,6.3980,2.3242,9.9031,0.6035,-29.3687,-23.8912,-24.5682,-21.5944,-24.3028,-21.2861,-27.6211,-23.4699,-86.1505,-36.0344,4.8005,2.2968,5.0659,2.6051,1.7476,0.4213,21,0.0800,21,0,1.0000,0.0000,0.0000,-2.5990,15.2612,0.3015,-4.5018,3.9666,0.0000,1,0.1109,0.0470,2.0899,-0.0001,1.000,70.00,342.76
2.1800,UKF,smooth,0.500,10.00,0.050,1,0.600,1,6.8145,6.9451,0.1306,1.8203,0.3918,0.1001,0.0410,6.0000,6.3980,2.3193,10.3172,0.6077,-30.0280,-24.2240,-24.5682,-21.5944,-24.3028,-21.2861,-28.1889,-23.8353,-87.5032,-36.6679,5.4598,2.6296,5.7252,2.9379,1.8391,0.3887,21,0.0900,21,0,1.0000,0.0000,0.0000,-2.6584,15.2391,0.3884,-4.5124,3.9545,0.0000,1,0.1109,0.0470,2.0899,-0.0001,1.000,70.00,342.76
2.1900,UKF,smooth,0.500,10.00,0.050,1,0.600,1,6.7365,6.8729,0.1364,1.8453,0.3918,0.1001,0.0422,6.0000,6.3980,2.3144,10.7704,0.6118,-30.7019,-24.5701,-24.5682,-21.5944,-24.3028,-21.2861,-28.7611,-24.2304,-88.7607,-37.3815,6.1337,2.9756,6.3991,3.2839,1.9408,0.3396,21,0.1000,21,0,1.0000,0.0000,0.0000,-2.7112,15.2052,0.4944,-4.5230,3.9424,0.0000,1,0.1109,0.0470,2.0899,-0.0001,1.000,70.00,342.76
2.2000,UKF,smooth,0.500,10.00,0.050,1,0.600,1,6.6603,6.8063,0.1460,1.8713,0.3918,0.1001,0.0434,6.0000,6.3980,2.3095,11.2655,0.6158,-31.3910,-24.9305,-24.5682,-21.5944,-24.3028,-21.2861,-29.3389,-24.6596,-89.8244,-38.1823,6.8228,3.3361,7.0882,3.6444,2.0521,0.2709,21,0.1100,21,0,1.0000,0.0000,0.0000,-2.7499,15.1493,0.6267,-4.5336,3.9302,0.0000,1,0.1109,0.0470,2.0899,-0.0001,1.000,70.00,342.76
2.2100,UKF,smooth,0.500,10.00,0.050,1,0.600,1,6.5865,6.7494,0.1629,1.8981,0.3918,0.1001,0.0447,6.0000,6.3980,2.3049,11.8067,0.6195,-32.0957,-25.3059,-24.5682,-21.5944,-24.3028,-21.2861,-29.9250,-25.1182,-90.4944,-39.0208,7.5275,3.7115,7.7929,4.0198,2.1707,0.1878,21,0.1200,21,0,1.0000,0.0000,0.0000,-2.7598,15.0510,0.7882,-4.5442,3.9180,0.0000,1,0.1173,0.0595,2.0899,0.0018,1.000,70.00,342.76
2.2200,UKF,smooth,0.500,10.00,0.050,1,0.600,1,6.5160,6.7066,0.1906,1.9258,0.3918,0.1001,0.0460,6.0000,6.3980,2.3003,12.3955,0.6230,-32.8167,-25.6940,-24.5682,-21.5944,-24.3028,-21.2861,-30.5235,-25.5713,-90.5247,-39.7033,8.2485,4.0996,8.5139,4.4079,2.2932,0.1227,21,0.1300,21,0,1.0000,0.0000,0.0000,-2.7216,14.8858,0.9594,-4.5547,3.9057,0.0000,1,0.1173,0.0595,2.0899,0.0018,1.000,70.00,342.76
2.2300,UKF,smooth,0.500,10.00,0.050,1,0.600,1,6.4490,6.6728,0.2237,1.9544,0.3918,0.1001,0.0475,6.0000,6.3980,2.2961,13.0019,0.6262,-33.5550,-26.0889,-24.5682,-21.5944,-24.3028,-21.2861,-31.1412,-25.9674,-90.1774,-39.9869,8.9867,4.4945,9.2522,4.8028,2.4138,0.1215,21,0.1400,21,0,1.0000,0.0000,0.0000,-2.6464,14.6839,1.0863,-4.5653,3.8933,0.0000,1,0.1173,0.0595,2.0899,0.0018,1.000,70.00,342.76
2.2400,UKF,smooth,0.500,10.00,0.050,1,0.600,1,6.3857,6.6449,0.2592,1.9839,0.3918,0.1001,0.0490,6.0000,6.3980,2.2919,13.6552,0.6292,-34.3107,-26.4859,-24.5682,-21.5944,-24.3028,-21.2861,-31.7716,-26.3076,-89.6603,-39.9747,9.7425,4.8915,10.0079,5.1997,2.5392,0.1782,21,0.1500,21,0,1.0000,0.0000,0.0000,-2.5539,14.4678,1.1714,-4.5759,3.8808,0.0000,1,0.1173,0.0595,2.0899,0.0018,1.000,70.00,342.76
2.2500,UKF,smooth,0.500,10.00,0.050,1,0.600,1,6.3259,6.6222,0.2963,2.0143,0.3918,0.1001,0.0506,6.0000,6.3980,2.2880,14.3919,0.6321,-35.0840,-26.8816,-24.5682,-21.5944,-24.3028,-21.2861,-32.4098,-26.6028,-89.0578,-39.7794,10.5158,5.2872,10.7812,5.5954,2.6742,0.2788,21,0.1600,21,0,1.0000,0.0000,0.0000,-2.4532,14.2463,1.2286,-4.5865,3.8683,0.0000,1,0.1173,0.0595,2.0899,0.0018,1.000,70.00,342.76
2.2600,UKF,smooth,0.500,10.00,0.050,1,0.600,1,6.2697,6.6042,0.3346,2.0456,0.3918,0.1001,0.0523,6.0000,6.3980,2.2842,15.2412,0.6347,-35.8743,-27.2735,-24.5682,-21.5944,-24.3028,-21.2861,-33.0531,-26.8596,-88.4063,-39.4654,11.3061,5.6791,11.5715,5.9874,2.8212,0.4139,21,0.1700,21,0,1.0000,0.0000,0.0000,-2.3480,14.0228,1.2670,-4.5971,3.8557,0.0000,1,0.1173,0.0595,2.0899,0.0018,1.000,70.00,342.76
2.2700,UKF,smooth,0.500,10.00,0.050,1,0.600,1,6.2170,6.6117,0.3947,1.3939,0.3897,0.1195,0.0520,6.0000,6.8706,1.1145,11.4473,0.6372,-36.6814,-27.6596,-32.0957,-25.3059,-31.9340,-25.1838,-34.6618,-26.9965,-87.6234,-37.3234,4.5857,2.3536,4.7473,2.4757,2.0196,0.6631,22,0.0600,22,0,1.0000,0.0000,0.0000,-2.2398,13.7988,1.2922,-4.6077,3.8431,0.0000,1,0.1173,0.0595,2.2118,0.0018,1.000,70.00,342.76
2.2800,UKF,smooth,0.500,10.00,0.050,1,0.600,1,6.1677,6.5807,0.4130,1.4138,0.3897,0.1195,0.0538,6.0000,6.8706,1.1108,12.0858,0.6395,-37.5045,-28.0381,-32.0957,-25.3059,-31.9340,-25.1838,-35.3925,-27.2775,-87.2702,-36.9605,5.4088,2.7321,5.5705,2.8542,2.1120,0.7606,22,0.0700,22,0,1.0000,0.0000,0.0000,-2.1292,13.5751,1.3077,-4.6183,3.8304,0.0000,1,0.1173,0.0595,2.2118,0.0018,1.000,70.00,342.76
2.2900,UKF,smooth,0.500,10.00,0.050,1,0.600,1,6.1219,6.5549,0.4330,1.4350,0.3897,0.1195,0.0556,6.0000,6.8706,1.1111,12.8308,0.6409,-38.3440,-28.4074,-32.0957,-25.3059,-31.9340,-25.1838,-36.1268,-27.5349,-86.8851,-36.5573,6.2483,3.1015,6.4100,3.2236,2.2172,0.8725,22,0.0800,22,0,1.0000,0.0000,0.0000,-2.0167,13.3520,1.3156,-4.6289,3.8176,0.0000,1,0.1173,0.0595,2.2118,0.0018,1.000,70.00,342.76
2.3000,UKF,smooth,0.500,10.00,0.050,1,0.600,1,6.0795,6.5344,0.4549,1.4575,0.3897,0.1195,0.0573,6.0000,6.8706,1.1132,13.6863,0.6418,-39.1986,-28.7661,-32.0957,-25.3059,-31.9340,-25.1838,-36.8632,-27.7672,-86.4722,-36.1203,7.1029,3.4601,7.2645,3.5822,2.3354,0.9989,22,0.0900,22,0,1.0000,0.0000,0.0000,-1.9024,13.1297,1.3174,-4.6394,3.8047,0.0000,1,0.1173,0.0595,2.2118,0.0018,1.000,70.00,342.76
2.3100,UKF,smooth,0.500,10.00,0.050,1,0.600,1,6.0405,6.5190,0.4785,1.4812,0.3897,0.1195,0.0592,6.0000,6.8706,1.1157,14.6564,0.6423,-40.0669,-29.1128,-32.0957,-25.3059,-31.9340,-25.1838,-37.6002,-27.9729,-86.0350,-35.6539,7.9712,3.8069,8.1329,3.9290,2.4668,1.1399,22,0.1000,22,0,1.0000,0.0000,0.0000,-1.7864,12.9083,1.3140,-4.6500,3.7918,0.0000,1,0.1173,0.0595,2.2118,0.0018,1.000,70.00,342.76
2.3200,UKF,smooth,0.500,10.00,0.050,1,0.600,1,6.0048,6.5086,0.5038,1.5061,0.3897,0.1195,0.0611,6.0000,6.8706,1.1187,15.7450,0.6426,-40.9481,-29.4463,-32.0957,-25.3059,-31.9340,-25.1838,-38.3361,-28.1509,-85.5767,-35.1613,8.8524,4.1404,9.0141,4.2625,2.6120,1.2954,22,0.1100,22,0,1.0000,0.0000,0.0000,-1.6688,12.6878,1.3063,-4.6606,3.7788,0.0000,1,0.1173,0.0595,2.2118,0.0018,1.000,70.00,342.76
2.3300,UKF,smooth,0.500,10.00,0.050,1,0.600,1,5.9725,6.5032,0.5306,1.5322,0.3897,0.1195,0.0629,6.0000,6.8706,1.1168,16.9489,0.6438,-41.8397,-29.7653,-32.0957,-25.3059,-31.9340,-25.1838,-39.0694,-28.3001,-85.1003,-34.6450,9.7440,4.4594,9.9057,4.5815,2.7703,1.4653,22,0.1200,22,0,1.0000,0.0000,0.0000,-1.5495,12.4684,1.2947,-4.6711,3.7657,0.0000,1,0.1052,0.0404,2.2118,-0.0012,1.000,70.00,342.76
2.3400,UKF,smooth,0.500,10.00,0.050,1,0.600,1,5.9435,6.5026,0.5591,1.5594,0.3897,0.1195,0.0648,6.0000,6.8706,1.1140,18.2741,0.6451,-42.7416,-30.0688,-32.0957,-25.3059,-31.9340,-25.1838,-39.7986,-28.4196,-84.6084,-34.1071,10.6459,4.7628,10.8076,4.8849,2.9430,1.6491,22,0.1300,22,0,1.0000,0.0000,0.0000,-1.4287,12.2500,1.2796,-4.6817,3.7525,0.0000,1,0.1052,0.0404,2.2118,-0.0012,1.000,70.00,342.76
2.3500,UKF,smooth,0.500,10.00,0.050,1,0.600,1,5.9177,6.5068,0.5892,1.5877,0.3897,0.1195,0.0667,6.0000,6.8706,1.1113,19.7216,0.6463,-43.6528,-30.3555,-32.0957,-25.3059,-31.9340,-25.1838,-40.5221,-28.5090,-84.1038,-33.5492,11.5571,5.0496,11.7187,5.1717,3.1307,1.8466,22,0.1400,22,0,1.0000,0.0000,0.0000,-1.3063,12.0328,1.2614,-4.6923,3.7393,0.0000,1,0.1052,0.0404,2.2118,-0.0012,1.000,70.00,342.76
2.3600,UKF,smooth,0.500,10.00,0.050,1,0.600,1,5.8951,6.5158,0.6207,1.6171,0.3897,0.1195,0.0687,6.0000,6.8706,1.1086,21.2906,0.6474,-44.5718,-30.6247,-32.0957,-25.3059,-31.9340,-25.1838,-41.2382,-28.5675,-83.5885,-32.9729,12.4761,5.3187,12.6378,5.4408,3.3336,2.0572,22,0.1500,22,0,1.0000,0.0000,0.0000,-1.1824,11.8167,1.2402,-4.7028,3.7261,0.0000,1,0.1052,0.0404,2.2118,-0.0012,1.000,70.00,342.76
2.3700,UKF,smooth,0.500,10.00,0.050,1,0.600,1,5.8757,6.5295,0.6538,1.6475,0.3897,0.1195,0.0707,6.0000,6.8706,1.1061,22.9798,0.6486,-45.4974,-30.8753,-32.0957,-25.3059,-31.9340,-25.1838,-41.9455,-28.5949,-83.0647,-32.3797,13.4017,5.5693,13.5634,5.6914,3.5519,2.2803,22,0.1600,22,0,1.0000,0.0000,0.0000,-1.0571,11.6017,1.2163,-4.7134,3.7127,0.0000,1,0.1052,0.0404,2.2118,-0.0012,1.000,70.00,342.76
2.3800,UKF,smooth,0.500,10.00,0.050,1,0.600,1,5.8595,6.3601,0.5007,1.2789,0.3889,0.1338,0.0720,6.0000,6.3560,1.3972,6.9006,0.6496,-46.4280,-31.1065,-41.8397,-29.7653,-41.5763,-29.7074,-45.0811,-31.0970,-91.5434,-35.7228,4.5883,1.3412,4.8517,1.3991,1.3469,0.0095,23,0.0500,23,0,1.0000,0.0000,0.0000,-0.9303,11.3879,1.1897,-4.7239,3.6993,0.0000,1,0.1052,0.0404,2.3288,-0.0012,1.000,70.00,342.76
2.3900,UKF,smooth,0.500,10.00,0.050,1,0.600,1,5.8463,6.3615,0.5152,1.2987,0.3889,0.1338,0.0742,6.0000,6.3560,1.3947,7.1364,0.6506,-47.3621,-31.3176,-41.8397,-29.7653,-41.5763,-29.7074,-45.9664,-31.2948,-91.1502,-35.2444,5.5224,1.5523,5.7858,1.6103,1.3958,0.0228,23,0.0600,23,0,1.0000,0.0000,0.0000,-0.8021,11.1752,1.1606,-4.7344,3.6858,0.0000,1,0.1052,0.0404,2.3288,-0.0012,1.000,70.00,342.76
2.4000,UKF,smooth,0.500,10.00,0.050,1,0.600,1,5.8363,6.3677,0.5315,1.3198,0.3889,0.1338,0.0764,6.0000,6.3560,1.3924,7.4362,0.6516,-48.2981,-31.5080,-41.8397,-29.7653,-41.5763,-29.7074,-46.8419,-31.4581,-90.7386,-34.7503,6.4584,1.7427,6.7218,1.8006,1.4562,0.0499,23,0.0700,23,0,1.0000,0.0000,0.0000,-0.6725,10.9638,1.1291,-4.7449,3.6723,0.0000,1,0.1052,0.0404,2.3288,-0.0012,1.000,70.00,342.76
2.4100,UKF,smooth,0.500,10.00,0.050,1,0.600,1,5.8292,6.3787,0.5495,1.3420,0.3889,0.1338,0.0787,6.0000,6.3560,1.3903,7.8073,0.6525,-49.2345,-31.6771,-41.8397,-29.7653,-41.5763,-29.7074,-47.7057,-31.5863,-90.3109,-34.2409,7.3948,1.9118,7.6582,1.9697,1.5288,0.0908,23,0.0800,23,0,1.0000,0.0000,0.0000,-0.5414,10.7537,1.0951,-4.7555,3.6586,0.0000,1,0.1052,0.0404,2.3288,-0.0012,1.000,70.00,342.76
2.4200,UKF,smooth,0.500,10.00,0.050,1,0.600,1,5.8252,6.3944,0.5692,1.3655,0.3889,0.1338,0.0811,6.0000,6.3560,1.3884,8.2580,0.6534,-50.1696,-31.8244,-41.8397,-29.7653,-41.5763,-29.7074,-48.5556,-31.6789,-89.8691,-33.7164,8.3299,2.0590,8.5933,2.1170,1.6140,0.1455,23,0.0900,23,0,1.0000,0.0000,0.0000,-0.4089,10.5448,1.0587,-4.7660,3.6450,0.0000,1,0.1052,0.0404,2.3288,-0.0012,1.000,70.00,342.76
2.4300,UKF,smooth,0.500,10.00,0.050,1,0.600,1,5.8240,6.4146,0.5906,1.3901,0.3889,0.1338,0.0835,6.0000,6.3560,1.3867,8.7962,0.6542,-51.1018,-31.9495,-41.8397,-29.7653,-41.5763,-29.7074,-49.3897,-31.7356,-89.4155,-33.1771,9.2621,2.1842,9.5255,2.2421,1.7121,0.2139,23,0.1000,23,0,1.0000,0.0000,0.0000,-0.2749,10.3373,1.0199,-4.7764,3.6312,0.0000,1,0.1052,0.0404,2.3288,-0.0012,1.000,70.00,342.76
2.4400,UKF,smooth,0.500,10.00,0.050,1,0.600,1,5.8258,6.4393,0.6135,1.4159,0.3889,0.1338,0.0847,6.0000,6.3560,1.4213,9.4655,0.6491,-52.0369,-32.0522,-41.8397,-29.7653,-41.5763,-29.7074,-50.2063,-31.7566,-88.9520,-32.6232,10.1971,2.2868,10.4605,2.3448,1.8305,0.2956,23,0.1100,23,0,1.0000,0.0000,0.0000,-0.1395,10.1313,0.9787,-4.7869,3.6174,0.0000,1,0.1061,0.0515,2.3288,-0.0000,1.000,70.00,342.76
2.4500,UKF,smooth,0.500,10.00,0.050,1,0.600,1,5.8304,6.4684,0.6380,1.4428,0.3889,0.1338,0.0846,6.0000,6.3560,1.4915,10.2692,0.6444,-52.9731,-32.1321,-41.8397,-29.7653,-41.5763,-29.7074,-51.0039,-31.7417,-88.4806,-32.0549,11.1333,2.3668,11.3967,2.4248,1.9692,0.3904,23,0.1200,23,0,1.0000,0.0000,0.0000,-0.0027,9.9266,0.9351,-4.7974,3.6035,0.0000,1,0.1061,0.0515,2.3288,-0.0000,1.000,70.00,342.76
2.4600,UKF,smooth,0.500,10.00,0.050,1,0.600,1,5.8378,6.5017,0.6639,1.4708,0.3889,0.1338,0.0847,6.0000,6.3560,1.5616,11.1744,0.6447,-53.9014,-32.1898,-41.8397,-29.7653,-41.5763,-29.7074,-51.7808,-31.6913,-88.0032,-31.4725,12.0617,2.4245,12.3251,2.4824,2.1206,0.4985,23,0.1300,23,0,1.0000,0.0000,0.0000,0.1356,9.7235,0.8889,-4.8078,3.5895,0.0000,1,0.1061,0.0515,2.3288,-0.0000,1.000,70.00,342.76
2.4700,UKF,smooth,0.500,10.00,0.050,1,0.600,1,5.8480,6.5389,0.6910,1.4998,0.3889,0.1338,0.0843,6.0000,6.3560,1.6185,12.1605,0.6498,-54.8181,-32.2249,-41.8397,-29.7653,-41.5763,-29.7074,-52.5373,-31.6078,-87.5323,-30.8818,12.9783,2.4595,13.2417,2.5175,2.2808,0.6171,23,0.1400,23,0,1.0000,0.0000,0.0000,0.2737,9.5241,0.8406,-4.8183,3.5755,0.0000,1,0.1061,0.0515,2.3288,-0.0000,1.000,70.00,342.76
2.4800,UKF,smooth,0.500,10.00,0.050,1,0.600,1,5.8608,6.5799,0.7191,1.5298,0.3889,0.1338,0.0820,6.0000,6.3560,1.6170,13.1808,0.6466,-55.7125,-32.2375,-41.8397,-29.7653,-41.5763,-29.7074,-53.2724,-31.4923,-87.0700,-30.2835,13.8728,2.4721,14.1362,2.5301,2.4401,0.7452,23,0.1500,23,0,1.0000,0.0000,0.0000,0.4115,9.3287,0.7903,-4.8287,3.5614,0.0000,1,0.1061,0.0515,2.3288,-0.0000,1.000,70.00,342.76
2.4900,UKF,smooth,0.500,10.00,0.050,1,0.600,1,5.8762,6.6245,0.7483,1.5608,0.3889,0.1338,0.0798,6.0000,6.3560,1.6154,14.2890,0.6434,-56.5954,-32.2278,-41.8397,-29.7653,-41.5763,-29.7074,-53.9857,-31.3456,-86.6169,-29.6781,14.7557,2.4625,15.0190,2.5205,2.6096,0.8822,23,0.1600,23,0,1.0000,0.0000,0.0000,0.5489,9.1371,0.7379,-4.8391,3.5472,0.0000,1,0.1061,0.0515,2.3288,-0.0000,1.000,70.00,342.76
2.5000,UKF,smooth,0.500,10.00,0.050,1,0.600,1,5.8942,6.6180,0.7238,1.2335,0.3834,0.1396,0.0722,6.0000,6.5783,0.0264,3.7959,0.6402,-57.4655,-32.1964,-52.0369,-32.0522,-52.0796,-32.0520,-56.7725,-32.4406,-89.7604,-30.0583,5.4286,0.1442,5.3859,0.1444,0.6930,-0.2442,24,0.0600,24,0,1.0000,0.0000,0.0000,0.6860,8.9494,0.6833,-4.8495,3.5330,0.0000,1,0.1061,0.0515,2.4400,-0.0000,1.000,70.00,342.76
2.5100,UKF,smooth,0.500,10.00,0.050,1,0.600,1,5.9146,6.6574,0.7428,1.2562,0.3834,0.1396,0.0702,6.0000,6.5783,0.0299,3.9797,0.6372,-58.3218,-32.1434,-52.0369,-32.0522,-52.0796,-32.0520,-57.5919,-32.3916,-89.4486,-29.5500,6.2850,0.0913,6.2422,0.0914,0.7299,-0.2482,24,0.0700,24,0,1.0000,0.0000,0.0000,0.8226,8.7654,0.6263,-4.8599,3.5187,0.0000,1,0.1061,0.0515,2.4400,-0.0000,1.000,70.00,342.76
2.5200,UKF,smooth,0.500,10.00,0.050,1,0.600,1,5.9375,6.7005,0.7630,1.2801,0.3834,0.1396,0.0682,6.0000,6.5783,0.0335,4.1913,0.6342,-59.1634,-32.0694,-52.0369,-32.0522,-52.0796,-32.0520,-58.3858,-32.3098,-89.1373,-29.0326,7.1265,0.0173,7.0838,0.0174,0.7776,-0.2403,24,0.0800,24,0,1.0000,0.0000,0.0000,0.9588,8.5852,0.5669,-4.8703,3.5043,0.0000,1,0.1061,0.0515,2.4400,-0.0000,1.000,70.00,342.76
2.5300,UKF,smooth,0.500,10.00,0.050,1,0.600,1,5.9627,6.7471,0.7844,1.3052,0.3834,0.1396,0.0664,6.0000,6.5783,0.0370,4.4381,0.6313,-59.9893,-31.9749,-52.0369,-32.0522,-52.0796,-32.0520,-59.1535,-32.1960,-88.8280,-28.5068,7.9524,-0.0773,7.9097,-0.0771,0.8358,-0.2211,24,0.0900,24,0,1.0000,0.0000,0.0000,1.0943,8.4088,0.5049,-4.8806,3.4899,0.0000,1,0.1061,0.0515,2.4400,-0.0000,1.000,70.00,342.76
2.5400,UKF,smooth,0.500,10.00,0.050,1,0.600,1,5.9902,6.7970,0.8068,1.3313,0.3834,0.1396,0.0646,6.0000,6.5783,0.0405,4.7295,0.6284,-60.7988,-31.8603,-52.0369,-32.0522,-52.0796,-32.0520,-59.8947,-32.0516,-88.5224,-27.9733,8.7619,-0.1918,8.7192,-0.1917,0.9041,-0.1913,24,0.1000,24,0,1.0000,0.0000,0.0000,1.2285,8.2365,0.4404,-4.8910,3.4754,0.0000,1,0.1061,0.0515,2.4400,-0.0000,1.000,70.00,342.76
2.5500,UKF,smooth,0.500,10.00,0.050,1,0.600,1,6.0199,6.8500,0.8302,1.3585,0.3834,0.1396,0.0629,6.0000,6.5783,0.0440,5.0743,0.6257,-61.5912,-31.7263,-52.0369,-32.0522,-52.0796,-32.0520,-60.6092,-31.8775,-88.2214,-27.4319,9.5544,-0.3259,9.5116,-0.3257,0.9820,-0.1512,24,0.1100,24,0,1.0000,0.0000,0.0000,1.3613,8.0682,0.3730,-4.9013,3.4608,0.0000,1,0.1118,0.0556,2.4400,0.0017,1.000,70.00,342.76
2.5600,UKF,smooth,0.500,10.00,0.050,1,0.600,1,6.0517,6.9060,0.8543,1.3868,0.3834,0.1396,0.0613,6.0000,6.5783,0.0474,5.4800,0.6230,-62.3660,-31.5735,-52.0369,-32.0522,-52.0796,-32.0520,-61.2969,-31.6747,-87.9257,-26.8825,10.3292,-0.4787,10.2864,-0.4785,1.0691,-0.1013,24,0.1200,24,0,1.0000,0.0000,0.0000,1.4926,7.9039,0.3027,-4.9116,3.4462,0.0000,1,0.1118,0.0556,2.4400,0.0017,1.000,70.00,342.76
2.5700,UKF,smooth,0.500,10.00,0.050,1,0.600,1,6.0856,6.9647,0.8791,1.4160,0.3834,0.1396,0.0598,6.0000,6.5783,0.0507,5.9521,0.6205,-63.1227,-31.4023,-52.0369,-32.0522,-52.0796,-32.0520,-61.9579,-31.4441,-87.6359,-26.3246,11.0858,-0.6499,11.0431,-0.6497,1.1648,-0.0418,24,0.1300,24,0,1.0000,0.0000,0.0000,1.6220,7.7438,0.2290,-4.9219,3.4315,0.0000,1,0.1118,0.0556,2.4400,0.0017,1.000,70.00,342.76
2.5800,UKF,smooth,0.500,10.00,0.050,1,0.600,1,6.1215,7.0260,0.9044,1.4463,0.3834,0.1396,0.0584,6.0000,6.5783,0.0540,6.4934,0.6180,-63.8608,-31.2135,-52.0369,-32.0522,-52.0796,-32.0520,-62.5924,-31.1866,-87.3530,-25.7576,11.8240,-0.8387,11.7812,-0.8385,1.2685,0.0269,24,0.1400,24,0,1.0000,0.0000,0.0000,1.7493,7.5878,0.1518,-4.9321,3.4167,0.0000,1,0.1118,0.0556,2.4400,0.0017,1.000,70.00,342.76
2.5900,UKF,smooth,0.500,10.00,0.050,1,0.600,1,6.1594,7.0895,0.9301,1.4774,0.3834,0.1396,0.0570,6.0000,6.5783,0.0573,7.1054,0.6157,-64.5802,-31.0076,-52.0369,-32.0522,-52.0796,-32.0520,-63.2008,-30.9028,-87.0775,-25.1807,12.5433,-1.0446,12.5006,-1.0444,1.3794,0.1047,24,0.1500,24,0,1.0000,0.0000,0.0000,1.8742,7.4359,0.0705,-4.9424,3.4019,0.0000,1,0.1118,0.0556,2.4400,0.0017,1.000,70.00,342.76
2.6000,UKF,smooth,0.500,10.00,0.050,1,0.600,1,6.1991,7.1550,0.9559,1.5094,0.3834,0.1396,0.0558,6.0000,6.5783,0.0604,7.7875,0.6134,-65.2806,-30.7851,-52.0369,-32.0522,-52.0796,-32.0520,-63.7836,-30.5935,-86.8104,-24.5929,13.2437,-1.2670,13.2010,-1.2669,1.4970,0.1916,24,0.1600,24,0,1.0000,0.0000,0.0000,1.9961,7.2884,-0.0154,-4.9526,3.3870,0.0000,1,0.1118,0.0556,2.4400,0.0017,1.000,70.00,342.76
2.6100,UKF,smooth,0.500,10.00,0.050,1,0.600,1,6.2405,7.1163,0.8757,1.2999,0.3815,0.1472,0.0525,6.0000,6.4255,1.7695,5.5984,0.6115,-65.9623,-30.5467,-61.5912,-31.7263,-61.4255,-31.9897,-65.5224,-31.4032,-88.8255,-24.9490,4.3711,-1.1796,4.5368,-1.4430,0.4399,-0.8564,25,0.0600,25,0,1.0000,0.0000,0.0000,2.1146,7.1454,-0.1065,-4.9628,3.3721,0.0000,1,0.1118,0.0556,2.5517,0.0017,1.000,70.00,342.76
2.6200,UKF,smooth,0.500,10.00,0.050,1,0.600,1,6.2836,7.1743,0.8907,1.3266,0.3815,0.1472,0.0512,6.0000,6.4255,1.7691,5.8412,0.6101,-66.6254,-30.2929,-61.5912,-31.7263,-61.4255,-31.9897,-66.1705,-31.1875,-88.6511,-24.4149,5.0342,-1.4334,5.1999,-1.6969,0.4550,-0.8946,25,0.0700,25,0,1.0000,0.0000,0.0000,2.2287,7.0071,-0.2035,-4.9730,3.3570,0.0000,1,0.1118,0.0556,2.5517,0.0017,1.000,70.00,342.76
2.6300,UKF,smooth,0.500,10.00,0.050,1,0.600,1,6.3283,7.2341,0.9058,1.3543,0.3815,0.1472,0.0500,6.0000,6.4255,1.7687,6.0326,0.6087,-67.2694,-30.0240,-61.5912,-31.7263,-61.4255,-31.9897,-66.7919,-30.9446,-88.4828,-23.8648,5.6782,-1.7023,5.8439,-1.9657,0.4776,-0.9205,25,0.0800,25,0,1.0000,0.0000,0.0000,2.3376,6.8738,-0.3074,-4.9831,3.3419,0.0000,1,0.1118,0.0556,2.5517,0.0017,1.000,70.00,342.76
2.6400,UKF,smooth,0.500,10.00,0.050,1,0.600,1,6.3744,7.2951,0.9207,1.3830,0.3815,0.1472,0.0488,6.0000,6.4255,1.7682,6.1732,0.6073,-67.8944,-29.7407,-61.5912,-31.7263,-61.4255,-31.9897,-67.3871,-30.6748,-88.3228,-23.2965,6.3032,-1.9856,6.4689,-2.2491,0.5073,-0.9341,25,0.0900,25,0,1.0000,0.0000,0.0000,2.4395,6.7462,-0.4193,-4.9933,3.3268,0.0000,1,0.1118,0.0556,2.5517,0.0017,1.000,70.00,342.76
2.6500,UKF,smooth,0.500,10.00,0.050,1,0.600,1,6.4218,7.3568,0.9350,1.4128,0.3815,0.1472,0.0477,6.0000,6.4255,1.7676,6.2657,0.6058,-68.5006,-29.4432,-61.5912,-31.7263,-61.4255,-31.9897,-67.9570,-30.3785,-88.1740,-22.7081,6.9094,-2.2831,7.0751,-2.5465,0.5436,-0.9353,25,0.1000,25,0,1.0000,0.0000,0.0000,2.5323,6.6251,-0.5407,-5.0034,3.3115,0.0000,1,0.1118,0.0556,2.5517,0.0017,1.000,70.00,342.76
2.6600,UKF,smooth,0.500,10.00,0.050,1,0.600,1,6.4703,7.4184,0.9481,1.4434,0.3815,0.1472,0.0467,6.0000,6.4255,1.7670,6.3153,0.6045,-69.0883,-29.1321,-61.5912,-31.7263,-61.4255,-31.9897,-68.5024,-30.0566,-88.0409,-22.0979,7.4970,-2.5943,7.6627,-2.8577,0.5859,-0.9245,25,0.1100,25,0,1.0000,0.0000,0.0000,2.6127,6.5115,-0.6731,-5.0135,3.2962,0.0000,1,0.1118,0.0556,2.5517,0.0017,1.000,70.00,342.76
2.6700,UKF,smooth,0.500,10.00,0.050,1,0.600,1,6.5197,7.4786,0.9590,1.4750,0.3815,0.1472,0.0456,6.0000,6.4255,1.7651,6.3312,0.6027,-69.6574,-28.8077,-61.5912,-31.7263,-61.4255,-31.9897,-69.0244,-29.7105,-87.9293,-21.4663,8.0661,-2.9186,8.2318,-3.1820,0.6329,-0.9028,25,0.1200,25,0,1.0000,0.0000,0.0000,2.6758,6.4075,-0.8178,-5.0235,3.2809,0.0000,1,0.1046,0.0498,2.5517,-0.0013,1.000,70.00,342.76
2.6800,UKF,smooth,0.500,10.00,0.050,1,0.600,1,6.5696,7.5360,0.9664,1.5075,0.3815,0.1472,0.0446,6.0000,6.4255,1.7628,6.3341,0.6009,-70.2086,-28.4709,-61.5912,-31.7263,-61.4255,-31.9897,-69.5246,-29.3440,-87.8480,-20.8186,8.6173,-3.2554,8.7830,-3.5188,0.6840,-0.8731,25,0.1300,25,0,1.0000,0.0000,0.0000,2.7144,6.3156,-0.9750,-5.0336,3.2655,0.0000,1,0.1046,0.0498,2.5517,-0.0013,1.000,70.00,342.76
2.6900,UKF,smooth,0.500,10.00,0.050,1,0.600,1,6.6197,7.5886,0.9689,1.5409,0.3815,0.1472,0.0436,6.0000,6.4255,1.7607,6.3620,0.5993,-70.7428,-28.1229,-61.5912,-31.7263,-61.4255,-31.9897,-70.0046,-28.9657,-87.8083,-20.1715,9.1516,-3.6034,9.3173,-3.8668,0.7383,-0.8428,25,0.1400,25,0,1.0000,0.0000,0.0000,2.7189,6.2393,-1.1420,-5.0436,3.2500,0.0000,1,0.1046,0.0498,2.5517,-0.0013,1.000,70.00,342.76
2.7000,UKF,smooth,0.500,10.00,0.050,1,0.600,1,6.6696,7.6346,0.9650,1.5750,0.3815,0.1472,0.0426,6.0000,6.4255,1.7586,6.4736,0.5978,-71.2608,-27.7659,-61.5912,-31.7263,-61.4255,-31.9897,-70.4663,-28.5908,-87.8211,-19.5590,9.6695,-3.9604,9.8352,-4.2238,0.7944,-0.8249,25,0.1500,25,0,1.0000,0.0000,0.0000,2.6797,6.1818,-1.3101,-5.0536,3.2344,0.0000,1,0.1046,0.0498,2.5517,-0.0013,1.000,70.00,342.76
2.7100,UKF,smooth,0.500,10.00,0.050,1,0.600,1,6.7189,7.6733,0.9544,1.6100,0.3815,0.1472,0.0418,6.0000,6.4255,1.7568,6.7354,0.5964,-71.7633,-27.4032,-61.5912,-31.7263,-61.4255,-31.9897,-70.9117,-28.2400,-87.8897,-19.0273,10.1721,-4.3231,10.3378,-4.5865,0.8516,-0.8368,25,0.1600,25,0,1.0000,0.0000,0.0000,2.5935,6.1435,-1.4653,-5.0635,3.2188,0.0000,1,0.1046,0.0498,2.5517,-0.0013,1.000,70.00,342.76
2.7200,UKF,smooth,0.500,10.00,0.050,1,0.600,1,6.7673,7.6909,0.9236,1.4346,0.3799,0.1513,0.0394,6.0000,6.4522,2.5388,3.9672,0.5951,-72.2513,-27.0386,-69.6574,-28.8077,-69.2863,-29.0840,-72.0028,-27.6639,-88.7572,-16.6430,2.5939,-1.7692,2.9650,-2.0454,0.2485,-0.6253,26,0.0500,26,0,1.0000,0.0000,0.0000,2.4670,6.1210,-1.5947,-5.0735,3.2031,0.0000,1,0.1046,0.0498,2.6687,-0.0013,1.000,70.00,342.76
2.7300,UKF,smooth,0.500,10.00,0.050,1,0.600,1,6.8146,7.7377,0.9231,1.4636,0.3799,0.1513,0.0386,6.0000,6.4522,2.5369,4.3418,0.5940,-72.7254,-26.6753,-69.6574,-28.8077,-69.2863,-29.0840,-72.4861,-27.3690,-88.9212,-16.3375,3.0681,-2.1324,3.4391,-2.4087,0.2393,-0.6938,26,0.0600,26,0,1.0000,0.0000,0.0000,2.3125,6.1088,-1.6934,-5.0834,3.1874,0.0000,1,0.1046,0.0498,2.6687,-0.0013,1.000,70.00,342.76
2.7400,UKF,smooth,0.500,10.00,0.050,1,0.600,1,6.8609,7.7815,0.9206,1.4936,0.3799,0.1513,0.0379,6.0000,6.4522,2.5351,4.7989,0.5929,-73.1865,-26.3161,-69.6574,-28.8077,-69.2863,-29.0840,-72.9520,-27.0904,-89.1002,-16.1201,3.5292,-2.4916,3.9002,-2.7679,0.2346,-0.7743,26,0.0700,26,0,1.0000,0.0000,0.0000,2.1415,6.1023,-1.7633,-5.0932,3.1716,0.0000,1,0.1046,0.0498,2.6687,-0.0013,1.000,70.00,342.76
2.7500,UKF,smooth,0.500,10.00,0.050,1,0.600,1,6.9061,7.8226,0.9165,1.5244,0.3799,0.1513,0.0372,6.0000,6.4522,2.5334,5.3378,0.5919,-73.6352,-25.9630,-69.6574,-28.8077,-69.2863,-29.0840,-73.4012,-26.8302,-89.2867,-15.9762,3.9779,-2.8447,4.3489,-3.1210,0.2340,-0.8673,26,0.0800,26,0,1.0000,0.0000,0.0000,1.9617,6.0984,-1.8093,-5.1031,3.1557,0.0000,1,0.1046,0.0498,2.6687,-0.0013,1.000,70.00,342.76
2.7600,UKF,smooth,0.500,10.00,0.050,1,0.600,1,6.9502,7.8611,0.9109,1.5562,0.3799,0.1513,0.0366,6.0000,6.4522,2.5318,5.9538,0.5909,-74.0721,-25.6172,-69.6574,-28.8077,-69.2863,-29.0840,-73.8347,-26.5893,-89.4760,-15.8920,4.4148,-3.1905,4.7858,-3.4667,0.2374,-0.9721,26,0.0900,26,0,1.0000,0.0000,0.0000,1.7776,6.0954,-1.8360,-5.1129,3.1398,0.0000,1,0.1046,0.0498,2.6687,-0.0013,1.000,70.00,342.76
2.7700,UKF,smooth,0.500,10.00,0.050,1,0.600,1,6.9933,7.8973,0.9040,1.5888,0.3799,0.1513,0.0359,6.0000,6.4522,2.5302,6.6416,0.5899,-74.4979,-25.2798,-69.6574,-28.8077,-69.2863,-29.0840,-74.2532,-26.3679,-89.6655,-15.8570,4.8405,-3.5279,5.2116,-3.8042,0.2447,-1.0880,26,0.1000,26,0,1.0000,0.0000,0.0000,1.5920,6.0922,-1.8475,-5.1227,3.1238,0.0000,1,0.1046,0.0498,2.6687,-0.0013,1.000,70.00,342.76
2.7800,UKF,smooth,0.500,10.00,0.050,1,0.600,1,7.0353,7.9313,0.8959,1.6223,0.3799,0.1513,0.0353,6.0000,6.4522,2.5287,7.3959,0.5890,-74.9131,-24.9514,-69.6574,-28.8077,-69.2863,-29.0840,-74.6573,-26.1658,-89.8538,-15.8630,5.2557,-3.8563,5.6267,-4.1326,0.2558,-1.2144,26,0.1100,26,0,1.0000,0.0000,0.0000,1.4063,6.0884,-1.8469,-5.1324,3.1077,0.0000,1,0.0810,0.0401,2.6687,0.0005,1.000,70.00,342.76
2.7900,UKF,smooth,0.500,10.00,0.050,1,0.600,1,7.0764,7.9631,0.8866,1.6566,0.3799,0.1513,0.0348,6.0000,6.4522,2.5272,8.2123,0.5881,-75.3181,-24.6324,-69.6574,-28.8077,-69.2863,-29.0840,-75.0476,-25.9830,-90.0400,-15.9041,5.6607,-4.1754,6.0318,-4.4516,0.2705,-1.3506,26,0.1200,26,0,1.0000,0.0000,0.0000,1.2215,6.0837,-1.8366,-5.1422,3.0916,0.0000,1,0.0810,0.0401,2.6687,0.0005,1.000,70.00,342.76
2.8000,UKF,smooth,0.500,10.00,0.050,1,0.600,1,7.1165,7.9928,0.8762,1.6918,0.3799,0.1513,0.0343,6.0000,6.4522,2.5257,9.0871,0.5872,-75.7135,-24.3230,-69.6574,-28.8077,-69.2863,-29.0840,-75.4247,-25.8190,-90.2236,-15.9758,6.0561,-4.4847,6.4272,-4.7610,0.2887,-1.4960,26,0.1300,26,0,1.0000,0.0000,0.0000,1.0379,6.0780,-1.8184,-5.1519,3.0754,0.0000,1,0.0810,0.0401,2.6687,0.0005,1.000,70.00,342.76
2.8100,UKF,smooth,0.500,10.00,0.050,1,0.600,1,7.1557,8.0204,0.8647,1.7278,0.3799,0.1513,0.0338,6.0000,6.4522,2.5243,10.0173,0.5863,-76.0997,-24.0235,-69.6574,-28.8077,-69.2863,-29.0840,-75.7893,-25.6737,-90.4044,-16.0747,6.4423,-4.7843,6.8134,-5.0605,0.3104,-1.6503,26,0.1400,26,0,1.0000,0.0000,0.0000,0.8559,6.0712,-1.7937,-5.1615,3.0592,0.0000,1,0.0810,0.0401,2.6687,0.0005,1.000,70.00,342.76
2.8200,UKF,smooth,0.500,10.00,0.050,1,0.600,1,7.1938,8.0460,0.8522,1.7645,0.3799,0.1513,0.0333,6.0000,6.4522,2.5230,11.0003,0.5854,-76.4771,-23.7338,-69.6574,-28.8077,-69.2863,-29.0840,-76.1417,-25.5467,-90.5822,-16.1981,6.8198,-5.0739,7.1908,-5.3502,0.3354,-1.8128,26,0.1500,26,0,1.0000,0.0000,0.0000,0.6757,6.0632,-1.7637,-5.1712,3.0429,0.0000,1,0.0810,0.0401,2.6687,0.0005,1.000,70.00,342.76
2.8300,UKF,smooth,0.500,10.00,0.050,1,0.600,1,7.2311,8.3317,1.1006,1.5070,0.3767,0.1492,0.0296,6.0000,7.3761,2.8830,4.4869,0.5845,-76.8462,-23.4541,-74.9131,-24.9514,-74.4969,-25.2537,-76.3698,-24.0644,-89.1528,-13.5323,1.9331,-1.4973,2.3493,-1.7996,0.4763,-0.6103,27,0.0500,27,0,1.0000,0.0000,0.0000,0.4973,6.0542,-1.7293,-5.1808,3.0265,0.0000,1,0.0810,0.0401,2.7805,0.0005,1.000,70.00,342.76
2.8400,UKF,smooth,0.500,10.00,0.050,1,0.600,1,7.2674,8.3755,1.1081,1.5367,0.3767,0.1492,0.0292,6.0000,7.3761,2.8817,4.7557,0.5836,-77.2073,-23.1843,-74.9131,-24.9514,-74.4969,-25.2537,-76.7127,-23.8373,-89.2906,-13.5953,2.2942,-1.7671,2.7103,-2.0694,0.4945,-0.6529,27,0.0600,27,0,1.0000,0.0000,0.0000,0.3208,6.0440,-1.6911,-5.1903,3.0101,0.0000,1,0.0810,0.0401,2.7805,0.0005,1.000,70.00,342.76
2.8500,UKF,smooth,0.500,10.00,0.050,1,0.600,1,7.3028,8.4172,1.1144,1.5672,0.3767,0.1492,0.0288,6.0000,7.3761,2.8805,5.0735,0.5828,-77.5607,-22.9244,-74.9131,-24.9514,-74.4969,-25.2537,-77.0432,-23.6267,-89.4248,-13.6739,2.6477,-2.0270,3.0638,-2.3293,0.5175,-0.7023,27,0.0700,27,0,1.0000,0.0000,0.0000,0.1461,6.0328,-1.6499,-5.1999,2.9936,0.0000,1,0.0810,0.0401,2.7805,0.0005,1.000,70.00,342.76
2.8600,UKF,smooth,0.500,10.00,0.050,1,0.600,1,7.3372,8.4566,1.1194,1.5987,0.3767,0.1492,0.0284,6.0000,7.3761,2.8792,5.4392,0.5819,-77.9069,-22.6742,-74.9131,-24.9514,-74.4969,-25.2537,-77.3618,-23.4325,-89.5552,-13.7671,2.9938,-2.2772,3.4099,-2.5795,0.5451,-0.7583,27,0.0800,27,0,1.0000,0.0000,0.0000,-0.0266,6.0206,-1.6061,-5.2093,2.9770,0.0000,1,0.0810,0.0401,2.7805,0.0005,1.000,70.00,342.76
2.8700,UKF,smooth,0.500,10.00,0.050,1,0.600,1,7.3707,8.4939,1.1232,1.6310,0.3767,0.1492,0.0280,6.0000,7.3761,2.8780,5.8518,0.5810,-78.2460,-22.4337,-74.9131,-24.9514,-74.4969,-25.2537,-77.6689,-23.2546,-89.6820,-13.8743,3.3330,-2.5177,3.7491,-2.8200,0.5771,-0.8209,27,0.0900,27,0,1.0000,0.0000,0.0000,-0.1975,6.0074,-1.5601,-5.2188,2.9604,0.0000,1,0.1005,0.0402,2.7805,0.0017,1.000,70.00,342.76
2.8800,UKF,smooth,0.500,10.00,0.050,1,0.600,1,7.4033,8.5291,1.1258,1.6642,0.3767,0.1492,0.0277,6.0000,7.3761,2.8769,6.3100,0.5801,-78.5785,-22.2026,-74.9131,-24.9514,-74.4969,-25.2537,-77.9650,-23.0925,-89.8052,-13.9948,3.6654,-2.7488,4.0816,-3.0511,0.6134,-0.8899,27,0.1000,27,0,1.0000,0.0000,0.0000,-0.3666,5.9932,-1.5122,-5.2282,2.9437,0.0000,1,0.1005,0.0402,2.7805,0.0017,1.000,70.00,342.76
2.8900,UKF,smooth,0.500,10.00,0.050,1,0.600,1,7.4350,8.5622,1.1272,1.6983,0.3767,0.1492,0.0273,6.0000,7.3761,2.8757,6.8128,0.5793,-78.9045,-21.9810,-74.9131,-24.9514,-74.4969,-25.2537,-78.2506,-22.9462,-89.9246,-14.1283,3.9915,-2.9704,4.4076,-3.2727,0.6539,-0.9651,27,0.1100,27,0,1.0000,0.0000,0.0000,-0.5338,5.9781,-1.4628,-5.2376,2.9270,0.0000,1,0.1005,0.0402,2.7805,0.0017,1.000,70.00,342.76
2.9000,UKF,smooth,0.500,10.00,0.050,1,0.600,1,7.4657,8.5932,1.1275,1.7331,0.3767,0.1492,0.0270,6.0000,7.3761,2.8746,7.3591,0.5784,-79.2245,-21.7686,-74.9131,-24.9514,-74.4969,-25.2537,-78.5259,-22.8152,-90.0405,-14.2741,4.3114,-3.1828,4.7276,-3.4851,0.6985,-1.0465,27,0.1200,27,0,1.0000,0.0000,0.0000,-0.6993,5.9621,-1.4121,-5.2470,2.9102,0.0000,1,0.1005,0.0402,2.7805,0.0017,1.000,70.00,342.76
2.9100,UKF,smooth,0.500,10.00,0.050,1,0.600,1,7.4956,8.6221,1.1266,1.7688,0.3767,0.1492,0.0267,6.0000,7.3761,2.8735,7.9478,0.5776,-79.5385,-21.5654,-74.9131,-24.9514,-74.4969,-25.2537,-78.7914,-22.6993,-90.1526,-14.4321,4.6255,-3.3860,5.0416,-3.6883,0.7471,-1.1339,27,0.1300,27,0,1.0000,0.0000,0.0000,-0.8630,5.9453,-1.3603,-5.2563,2.8934,0.0000,1,0.1005,0.0402,2.7805,0.0017,1.000,70.00,342.76
2.9200,UKF,smooth,0.500,10.00,0.050,1,0.600,1,7.5245,8.8955,1.3710,1.6421,0.3808,0.1461,0.0305,6.0000,8.0534,2.9628,3.7768,0.5768,-79.8470,-21.3711,-78.2460,-22.4337,-77.7229,-22.5452,-79.1760,-21.4626,-89.8301,-11.8765,1.6009,-1.0626,2.1241,-1.1742,0.6710,-0.0915,28,0.0500,28,0,1.0000,0.0000,0.0000,-1.0251,5.9277,-1.3077,-5.2655,2.8765,0.0000,1,0.1005,0.0402,2.8717,0.0017,1.000,70.00,342.76
2.9300,UKF,smooth,0.500,10.00,0.050,1,0.600,1,7.5525,8.9361,1.3836,1.6735,0.3808,0.1461,0.0303,6.0000,8.0534,2.9620,3.9533,0.5760,-80.1500,-21.1855,-78.2460,-22.4337,-77.7229,-22.5452,-79.4460,-21.2630,-89.9314,-11.9623,1.9040,-1.2481,2.4271,-1.3597,0.7040,-0.0774,28,0.0600,28,0,1.0000,0.0000,0.0000,-1.1854,5.9093,-1.2543,-5.2748,2.8595,0.0000,1,0.1005,0.0402,2.8717,0.0017,1.000,70.00,342.76
2.9400,UKF,smooth,0.500,10.00,0.050,1,0.600,1,7.5795,8.9745,1.3950,1.7058,0.3808,0.1461,0.0300,6.0000,8.0534,2.9612,4.1618,0.5751,-80.4478,-21.0087,-78.2460,-22.4337,-77.7229,-22.5452,-79.7062,-21.0782,-90.0291,-12.0574,2.2018,-1.4250,2.7249,-1.5366,0.7416,-0.0695,28,0.0700,28,0,1.0000,0.0000,0.0000,-1.3441,5.8901,-1.2003,-5.2840,2.8425,0.0000,1,0.1005,0.0402,2.8717,0.0017,1.000,70.00,342.76
2.9500,UKF,smooth,0.500,10.00,0.050,1,0.600,1,7.6057,9.0109,1.4052,1.7388,0.3808,0.1461,0.0298,6.0000,8.0534,2.9604,4.3995,0.5744,-80.7407,-20.8403,-78.2460,-22.4337,-77.7229,-22.5452,-79.9570,-20.9079,-90.1232,-12.1617,2.4947,-1.5934,3.0178,-1.7049,0.7837,-0.0676,28,0.0800,28,0,1.0000,0.0000,0.0000,-1.5012,5.8702,-1.1459,-5.2931,2.8254,0.0000,1,0.1005,0.0402,2.8717,0.0017,1.000,70.00,342.76
2.9600,UKF,smooth,0.500,10.00,0.050,1,0.600,1,7.6309,9.0452,1.4142,1.7727,0.3808,0.1461,0.0296,6.0000,8.0534,2.9596,4.6649,0.5736,-81.0288,-20.6803,-78.2460,-22.4337,-77.7229,-22.5452,-80.1986,-20.7516,-90.2137,-12.2750,2.7828,-1.7534,3.3059,-1.8650,0.8302,-0.0713,28,0.0900,28,0,1.0000,0.0000,0.0000,-1.6567,5.8496,-1.0912,-5.3022,2.8082,0.0000,1,0.1005,0.0402,2.8717,0.0017,1.000,70.00,342.76
2.9700,UKF,smooth,0.500,10.00,0.050,1,0.600,1,7.6553,9.0774,1.4221,1.8074,0.3808,0.1461,0.0294,6.0000,8.0534,2.9589,4.9572,0.5728,-81.3123,-20.5284,-78.2460,-22.4337,-77.7229,-22.5452,-80.4315,-20.6091,-90.3007,-12.3971,3.0663,-1.9052,3.5894,-2.0168,0.8808,-0.0807,28,0.1000,28,0,1.0000,0.0000,0.0000,-1.8107,5.8283,-1.0362,-5.3113,2.7910,0.0000,1,0.1005,0.0402,2.8717,0.0017,1.000,70.00,342.76
2.9800,UKF,smooth,0.500,10.00,0.050,1,0.600,1,7.6787,9.1076,1.4289,1.8428,0.3808,0.1461,0.0292,6.0000,8.0534,2.9582,5.2763,0.5721,-81.5914,-20.3847,-78.2460,-22.4337,-77.7229,-22.5452,-80.6558,-20.4800,-90.3840,-12.5279,3.3454,-2.0490,3.8685,-2.1606,0.9356,-0.0954,28,0.1100,28,0,1.0000,0.0000,0.0000,-1.9631,5.8064,-0.9812,-5.3204,2.7738,0.0000,1,0.1114,0.0438,2.8717,-0.0001,1.000,70.00,342.76
2.9900,UKF,smooth,0.500,10.00,0.050,1,0.600,1,7.7012,9.1358,1.4346,1.8790,0.3808,0.1461,0.0290,6.0000,8.0534,2.9576,5.6224,0.5713,-81.8663,-20.2487,-78.2460,-22.4337,-77.7229,-22.5452,-80.8718,-20.3640,-90.4637,-12.6672,3.6202,-2.1849,4.1434,-2.2965,0.9945,-0.1153,28,0.1200,28,0,1.0000,0.0000,0.0000,-2.1140,5.7838,-0.9260,-5.3293,2.7565,0.0000,1,0.1114,0.0438,2.8717,-0.0001,1.000,70.00,342.76
3.0000,UKF,smooth,0.500,10.00,0.050,1,0.600,1,7.7228,9.1619,1.4392,1.9159,0.3808,0.1461,0.0288,6.0000,8.0534,2.9569,5.9961,0.5706,-82.1371,-20.1206,-78.2460,-22.4337,-77.7229,-22.5452,-81.0797,-20.2608,-90.5397,-12.8149,3.8911,-2.3131,4.4142,-2.4246,1.0574,-0.1402,28,0.1300,28,0,1.0000,0.0000,0.0000,-2.2634,5.7607,-0.8709,-5.3383,2.7391,0.0000,1,0.1114,0.0438,2.8717,-0.0001,1.000,70.00,342.76
3.0100,UKF,smooth,0.500,10.00,0.050,1,0.600,1,7.7435,9.1861,1.4426,1.9536,0.3808,0.1461,0.0286,6.0000,8.0534,2.9563,6.3981,0.5699,-82.4040,-20.0001,-78.2460,-22.4337,-77.7229,-22.5452,-81.2798,-20.1700,-90.6121,-12.9710,4.1580,-2.4336,4.6811,-2.5452,1.1242,-0.1700,28,0.1400,28,0,1.0000,0.0000,0.0000,-2.4114,5.7369,-0.8159,-5.3472,2.7217,0.0000,1,0.1114,0.0438,2.8717,-0.0001,1.000,70.00,342.76
3.0200,UKF,smooth,0.500,10.00,0.050,1,0.600,1,7.7632,9.2083,1.4450,1.9920,0.3808,0.1461,0.0285,6.0000,8.0534,2.9557,6.8287,0.5692,-82.6672,-19.8870,-78.2460,-22.4337,-77.7229,-22.5452,-81.4723,-20.0914,-90.6808,-13.1353,4.4212,-2.5467,4.9443,-2.6583,1.1949,-0.2044,28,0.1500,28,0,1.0000,0.0000,0.0000,-2.5580,5.7126,-0.7611,-5.3561,2.7042,0.0000,1,0.1114,0.0438,2.8717,-0.0001,1.000,70.00,342.76
3.0300,UKF,smooth,0.500,10.00,0.050,1,0.600,1,7.7821,9.2485,1.4664,1.7685,0.3826,0.1412,0.0301,6.0000,7.8432,3.0176,3.8355,0.5686,-82.9267,-19.7812,-81.5914,-20.3847,-81.0581,-20.4563,-82.2463,-19.7495,-92.2315,-13.1854,1.3354,-0.6034,1.8686,-0.6751,0.6804,0.0318,29,0.0500,29,0,1.0000,0.0000,0.0000,-2.7031,5.6877,-0.7065,-5.3649,2.6866,0.0000,1,0.1114,0.0438,2.9799,-0.0001,1.000,70.00,342.76
3.0400,UKF,smooth,0.500,10.00,0.050,1,0.600,1,7.8001,9.2781,1.4780,1.8008,0.3826,0.1412,0.0300,6.0000,7.8432,3.0171,3.9777,0.5679,-83.1829,-19.6827,-81.5914,-20.3847,-81.0581,-20.4563,-82.4788,-19.6332,-92.3314,-13.3196,1.5915,-0.7019,2.1248,-0.7736,0.7041,0.0495,29,0.0600,29,0,1.0000,0.0000,0.0000,-2.8469,5.6623,-0.6521,-5.3737,2.6690,0.0000,1,0.1114,0.0438,2.9799,-0.0001,1.000,70.00,342.76
3.0500,UKF,smooth,0.500,10.00,0.050,1,0.600,1,7.8172,9.3057,1.4886,1.8339,0.3826,0.1412,0.0298,6.0000,7.8432,3.0167,4.1434,0.5673,-83.4357,-19.5912,-81.5914,-20.3847,-81.0581,-20.4563,-82.7036,-19.5292,-92.4281,-13.4613,1.8443,-0.7934,2.3776,-0.8651,0.7320,0.0621,29,0.0700,29,0,1.0000,0.0000,0.0000,-2.9893,5.6364,-0.5981,-5.3824,2.6514,0.0000,1,0.1114,0.0438,2.9799,-0.0001,1.000,70.00,342.76
3.0600,UKF,smooth,0.500,10.00,0.050,1,0.600,1,7.8333,9.3314,1.4980,1.8678,0.3826,0.1412,0.0297,6.0000,7.8432,3.0162,4.3308,0.5667,-83.6853,-19.5067,-81.5914,-20.3847,-81.0581,-20.4563,-82.9210,-19.4369,-92.5217,-13.6107,2.0939,-0.8779,2.6272,-0.9496,0.7642,0.0698,29,0.0800,29,0,1.0000,0.0000,0.0000,-3.1304,5.6100,-0.5444,-5.3911,2.6337,0.0000,1,0.1114,0.0438,2.9799,-0.0001,1.000,70.00,342.76
3.0700,UKF,smooth,0.500,10.00,0.050,1,0.600,1,7.8486,9.3550,1.5064,1.9025,0.3826,0.1412,0.0296,6.0000,7.8432,3.0158,4.5387,0.5661,-83.9318,-19.4291,-81.5914,-20.3847,-81.0581,-20.4563,-83.1312,-19.3563,-92.6122,-13.7675,2.3404,-0.9556,2.8737,-1.0273,0.8006,0.0728,29,0.0900,29,0,1.0000,0.0000,0.0000,-3.2701,5.5832,-0.4911,-5.3997,2.6159,0.0000,1,0.1114,0.0438,2.9799,-0.0001,1.000,70.00,342.76
3.0800,UKF,smooth,0.500,10.00,0.050,1,0.600,1,7.8630,9.3767,1.5137,1.9380,0.3826,0.1412,0.0295,6.0000,7.8432,3.0155,4.7671,0.5656,-84.1754,-19.3581,-81.5914,-20.3847,-81.0581,-20.4563,-83.3344,-19.2869,-92.6995,-13.9318,2.5840,-1.0266,3.1173,-1.0982,0.8410,0.0712,29,0.1000,29,0,1.0000,0.0000,0.0000,-3.4085,5.5558,-0.4382,-5.4083,2.5981,0.0000,1,0.1114,0.0438,2.9799,-0.0001,1.000,70.00,342.76
3.0900,UKF,smooth,0.500,10.00,0.050,1,0.600,1,7.8765,9.3964,1.5199,1.9742,0.3826,0.1412,0.0293,6.0000,7.8432,3.0151,5.0160,0.5650,-84.4161,-19.2937,-81.5914,-20.3847,-81.0581,-20.4563,-83.5307,-19.2285,-92.7836,-14.1034,2.8248,-1.0909,3.3580,-1.1626,0.8854,0.0653,29,0.1100,29,0,1.0000,0.0000,0.0000,-3.5457,5.5280,-0.3858,-5.4169,2.5802,0.0000,1,0.1114,0.0438,2.9799,-0.0001,1.000,70.00,342.76
3.1000,UKF,smooth,0.500,10.00,0.050,1,0.600,1,7.8892,9.4142,1.5250,2.0111,0.3826,0.1412,0.0292,6.0000,7.8432,3.0147,5.2861,0.5645,-84.6542,-19.2358,-81.5914,-20.3847,-81.0581,-20.4563,-83.7203,-19.1808,-92.8645,-14.2824,3.0628,-1.1488,3.5961,-1.2205,0.9338,0.0551,29,0.1200,29,0,1.0000,0.0000,0.0000,-3.6816,5.4998,-0.3339,-5.4254,2.5623,0.0000,1,0.0945,0.0454,2.9799,-0.0006,1.000,70.00,342.76
3.1100,UKF,smooth,0.500,10.00,0.050,1,0.600,1,7.9009,9.4301,1.5292,2.0488,0.3826,0.1412,0.0291,6.0000,7.8432,3.0144,5.5783,0.5640,-84.8896,-19.1843,-81.5914,-20.3847,-81.0581,-20.4563,-83.9034,-19.1436,-92.9421,-14.4687,3.2982,-1.2003,3.8315,-1.2720,0.9862,0.0408,29,0.1300,29,0,1.0000,0.0000,0.0000,-3.8162,5.4712,-0.2825,-5.4338,2.5443,0.0000,1,0.0945,0.0454,2.9799,-0.0006,1.000,70.00,342.76
3.1200,UKF,smooth,0.500,10.00,0.050,1,0.600,1,7.9118,9.4440,1.5323,2.0872,0.3826,0.1412,0.0291,6.0000,7.8432,3.0141,5.8934,0.5635,-85.1225,-19.1391,-81.5914,-20.3847,-81.0581,-20.4563,-84.0802,-19.1166,-93.0165,-14.6622,3.5311,-1.2455,4.0644,-1.3172,1.0424,0.0225,29,0.1400,29,0,1.0000,0.0000,0.0000,-3.9496,5.4421,-0.2317,-5.4422,2.5263,0.0000,1,0.0945,0.0454,2.9799,-0.0006,1.000,70.00,342.76
3.1300,UKF,smooth,0.500,10.00,0.050,1,0.600,1,7.9218,9.4561,1.5343,2.1263,0.3826,0.1412,0.0290,6.0000,7.8432,3.0138,6.2326,0.5631,-85.3530,-19.1000,-81.5914,-20.3847,-81.0581,-20.4563,-84.2506,-19.0997,-93.0876,-14.8629,3.7617,-1.2846,4.2949,-1.3563,1.1024,0.0004,29,0.1500,29,0,1.0000,0.0000,0.0000,-4.0818,5.4127,-0.1815,-5.4506,2.5082,0.0000,1,0.0945,0.0454,2.9799,-0.0006,1.000,70.00,342.76
3.1400,UKF,smooth,0.500,10.00,0.050,1,0.600,1,7.9309,9.4663,1.5354,2.1661,0.3826,0.1412,0.0289,6.0000,7.8432,3.0135,6.5965,0.5627,-85.5812,-19.0670,-81.5914,-20.3847,-81.0581,-20.4563,-84.4149,-19.0925,-93.1553,-15.0708,3.9899,-1.3176,4.5232,-1.3893,1.1663,-0.0254,29,0.1600,29,0,1.0000,0.0000,0.0000,-4.2129,5.3828,-0.1319,-5.4589,2.4901,0.0000,1,0.0945,0.0454,2.9799,-0.0006,1.000,70.00,342.76
3.1500,UKF,smooth,0.500,10.00,0.050,1,0.600,1,7.9392,9.6246,1.6854,1.8366,0.3833,0.1403,0.0296,6.0000,7.8330,1.0481,1.4313,0.5623,-85.8072,-19.0400,-84.6542,-19.2358,-84.5007,-19.3350,-85.6811,-18.8326,-96.2952,-15.1376,1.1531,-0.1958,1.3066,-0.2950,0.1261,0.2074,30,0.0500,30,0,1.0000,0.0000,0.0000,-4.3427,5.3526,-0.0829,-5.4671,2.4719,0.0000,1,0.0945,0.0454,3.0994,-0.0006,1.000,70.00,342.76
3.1600,UKF,smooth,0.500,10.00,0.050,1,0.600,1,7.9466,9.6458,1.6992,1.8689,0.3833,0.1403,0.0295,6.0000,7.8330,1.0478,1.5446,0.5619,-86.0311,-19.0189,-84.6542,-19.2358,-84.5007,-19.3350,-85.9157,-18.7849,-96.4252,-15.3025,1.3769,-0.2169,1.5304,-0.3161,0.1155,0.2340,30,0.0600,30,0,1.0000,0.0000,0.0000,-4.4714,5.3220,-0.0346,-5.4753,2.4537,0.0000,1,0.0945,0.0454,3.0994,-0.0006,1.000,70.00,342.76
3.1700,UKF,smooth,0.500,10.00,0.050,1,0.600,1,7.9532,9.6652,1.7121,1.9020,0.3833,0.1403,0.0295,6.0000,7.8330,1.0474,1.6542,0.5615,-86.2530,-19.0036,-84.6542,-19.2358,-84.5007,-19.3350,-86.1440,-18.7470,-96.5529,-15.4737,1.5988,-0.2323,1.7523,-0.3314,0.1090,0.2566,30,0.0700,30,0,1.0000,0.0000,0.0000,-4.5989,5.2911,0.0130,-5.4835,2.4354,0.0000,1,0.0945,0.0454,3.0994,-0.0006,1.000,70.00,342.76
3.1800,UKF,smooth,0.500,10.00,0.050,1,0.600,1,7.9589,9.6828,1.7239,1.9359,0.3833,0.1403,0.0294,6.0000,7.8330,1.0471,1.7546,0.5612,-86.4729,-18.9940,-84.6542,-19.2358,-84.5007,-19.3350,-86.3663,-18.7185,-96.6783,-15.6514,1.8187,-0.2419,1.9722,-0.3410,0.1066,0.2754,30,0.0800,30,0,1.0000,0.0000,0.0000,-4.7253,5.2599,0.0600,-5.4916,2.4171,0.0000,1,0.0945,0.0454,3.0994,-0.0006,1.000,70.00,342.76
3.1900,UKF,smooth,0.500,10.00,0.050,1,0.600,1,7.9637,9.6984,1.7347,1.9706,0.3833,0.1403,0.0294,6.0000,7.8330,1.0469,1.8434,0.5609,-86.6909,-18.9900,-84.6542,-19.2358,-84.5007,-19.3350,-86.5827,-18.6993,-96.8015,-15.8352,2.0367,-0.2459,2.1902,-0.3450,0.1081,0.2906,30,0.0900,30,0,1.0000,0.0000,0.0000,-4.8506,5.2283,0.1062,-5.4997,2.3987,0.0000,1,0.0945,0.0454,3.0994,-0.0006,1.000,70.00,342.76
3.2000,UKF,smooth,0.500,10.00,0.050,1,0.600,1,7.9678,9.7123,1.7445,2.0061,0.3833,0.1403,0.0293,6.0000,7.8330,1.0466,1.9201,0.5606,-86.9071,-18.9915,-84.6542,-19.2358,-84.5007,-19.3350,-86.7935,-18.6891,-96.9225,-16.0253,2.2530,-0.2443,2.4065,-0.3435,0.1137,0.3024,30,0.1000,30,0,1.0000,0.0000,0.0000,-4.9747,5.1963,0.1517,-5.5077,2.3803,0.0000,1,0.1143,0.0458,3.0994,-0.0015,1.000,70.00,342.76
3.2100,UKF,smooth,0.500,10.00,0.050,1,0.600,1,7.9710,9.7243,1.7533,2.0423,0.3833,0.1403,0.0293,6.0000,7.8330,1.0464,1.9857,0.5603,-87.1217,-18.9985,-84.6542,-19.2358,-84.5007,-19.3350,-86.9986,-18.6877,-97.0412,-16.2216,2.4675,-0.2373,2.6210,-0.3365,0.1231,0.3108,30,0.1100,30,0,1.0000,0.0000,0.0000,-5.0978,5.1641,0.1964,-5.5156,2.3618,0.0000,1,0.1143,0.0458,3.0994,-0.0015,1.000,70.00,342.76
3.2200,UKF,smooth,0.500,10.00,0.050,1,0.600,1,7.9734,9.7346,1.7612,2.0792,0.3833,0.1403,0.0292,6.0000,7.8330,1.0462,2.0423,0.5601,-87.3346,-19.0109,-84.6542,-19.2358,-84.5007,-19.3350,-87.1983,-18.6949,-97.1576,-16.4240,2.6804,-0.2249,2.8339,-0.3240,0.1363,0.3161,30,0.1200,30,0,1.0000,0.0000,0.0000,-5.2199,5.1315,0.2403,-5.5235,2.3433,0.0000,1,0.1143,0.0458,3.0994,-0.0015,1.000,70.00,342.76
3.2300,UKF,smooth,0.500,10.00,0.050,1,0.600,1,7.9749,9.7430,1.7681,2.1169,0.3833,0.1403,0.0292,6.0000,7.8330,1.0460,2.0925,0.5599,-87.5460,-19.0287,-84.6542,-19.2358,-84.5007,-19.3350,-87.3927,-18.7104,-97.2718,-16.6324,2.8918,-0.2072,3.0453,-0.3063,0.1533,0.3183,30,0.1300,30,0,1.0000,0.0000,0.0000,-5.3408,5.0987,0.2835,-5.5314,2.3247,0.0000,1,0.1143,0.0458,3.0994,-0.0015,1.000,70.00,342.76
3.2400,UKF,smooth,0.500,10.00,0.050,1,0.600,1,7.9756,9.7496,1.7740,2.1554,0.3833,0.1403,0.0291,6.0000,7.8330,1.0458,2.1400,0.5597,-87.7559,-19.0516,-84.6542,-19.2358,-84.5007,-19.3350,-87.5818,-18.7341,-97.3836,-16.8468,3.1017,-0.1842,3.2552,-0.2833,0.1741,0.3176,30,0.1400,30,0,1.0000,0.0000,0.0000,-5.4607,5.0655,0.3258,-5.5391,2.3061,0.0000,1,0.1143,0.0458,3.0994,-0.0015,1.000,70.00,342.76
3.2500,UKF,smooth,0.500,10.00,0.050,1,0.600,1,7.9756,9.5790,1.6034,1.8453,0.3856,0.1376,0.0314,6.0000,7.2041,0.4313,1.0820,0.5595,-87.9644,-19.0798,-86.9071,-18.9915,-86.8384,-18.9604,-87.7997,-18.9878,-97.6074,-18.4851,1.0573,0.0883,1.1260,0.1194,0.1647,0.0920,31,0.0500,31,0,1.0000,0.0000,0.0000,-5.5796,5.0321,0.3673,-5.5469,2.2874,0.0000,1,0.1143,0.0458,3.1985,-0.0015,1.000,70.00,342.76
3.2600,UKF,smooth,0.500,10.00,0.050,1,0.600,1,7.9747,9.5864,1.6117,1.8768,0.3856,0.1376,0.0314,6.0000,7.2041,0.4313,1.1631,0.5593,-88.1716,-19.1131,-86.9071,-18.9915,-86.8384,-18.9604,-87.9968,-19.0104,-97.7294,-18.7106,1.2644,0.1216,1.3332,0.1526,0.1747,0.1026,31,0.0600,31,0,1.0000,0.0000,0.0000,-5.6975,4.9984,0.4080,-5.5546,2.2687,0.0000,1,0.1143,0.0458,3.1985,-0.0015,1.000,70.00,342.76
3.2700,UKF,smooth,0.500,10.00,0.050,1,0.600,1,7.9730,9.5920,1.6190,1.9090,0.3856,0.1376,0.0314,6.0000,7.2041,0.4314,1.2521,0.5592,-88.3774,-19.1514,-86.9071,-18.9915,-86.8384,-18.9604,-88.1889,-19.0415,-97.8493,-18.9429,1.4703,0.1599,1.5391,0.1910,0.1885,0.1099,31,0.0700,31,0,1.0000,0.0000,0.0000,-5.8143,4.9644,0.4478,-5.5622,2.2499,0.0000,1,0.1143,0.0458,3.1985,-0.0015,1.000,70.00,342.76
3.2800,UKF,smooth,0.500,10.00,0.050,1,0.600,1,7.9705,9.5958,1.6253,1.9421,0.3856,0.1376,0.0314,6.0000,7.2041,0.4314,1.3495,0.5591,-88.5821,-19.1947,-86.9071,-18.9915,-86.8384,-18.9604,-88.3760,-19.0808,-97.9670,-19.1818,1.6750,0.2032,1.7438,0.2342,0.2061,0.1139,31,0.0800,31,0,1.0000,0.0000,0.0000,-5.9302,4.9302,0.4867,-5.5698,2.2311,0.0000,1,0.1143,0.0458,3.1985,-0.0015,1.000,70.00,342.76
3.2900,UKF,smooth,0.500,10.00,0.050,1,0.600,1,7.9673,9.5979,1.6306,1.9760,0.3856,0.1376,0.0313,6.0000,7.2041,0.4314,1.4573,0.5590,-88.7857,-19.2429,-86.9071,-18.9915,-86.8384,-18.9604,-88.5582,-19.1281,-98.0826,-19.4273,1.8786,0.2514,1.9473,0.2825,0.2275,0.1148,31,0.0900,31,0,1.0000,0.0000,0.0000,-6.0451,4.8957,0.5247,-5.5773,2.2122,0.0000,1,0.1143,0.0458,3.1985,-0.0015,1.000,70.00,342.76
3.3000,UKF,smooth,0.500,10.00,0.050,1,0.600,1,7.9632,9.5982,1.6350,2.0107,0.3856,0.1376,0.0313,6.0000,7.2041,0.4315,1.5780,0.5589,-88.9882,-19.2959,-86.9071,-18.9915,-86.8384,-18.9604,-88.7356,-19.1832,-98.1959,-19.6794,2.0811,0.3044,2.1498,0.3355,0.2526,0.1127,31,0.1000,31,0,1.0000,0.0000,0.0000,-6.1590,4.8610,0.5618,-5.5847,2.1933,0.0000,1,0.1143,0.0458,3.1985,-0.0015,1.000,70.00,342.76
3.3100,UKF,smooth,0.500,10.00,0.050,1,0.600,1,7.9584,9.5967,1.6383,2.0462,0.3856,0.1376,0.0313,6.0000,7.2041,0.4315,1.7146,0.5589,-89.1897,-19.3538,-86.9071,-18.9915,-86.8384,-18.9604,-88.9083,-19.2460,-98.3071,-19.9380,2.2826,0.3623,2.3513,0.3934,0.2814,0.1078,31,0.1100,31,0,1.0000,0.0000,0.0000,-6.2720,4.8260,0.5980,-5.5921,2.1744,0.0000,1,0.1143,0.0458,3.1985,-0.0015,1.000,70.00,342.76
3.3200,UKF,smooth,0.500,10.00,0.050,1,0.600,1,7.9528,9.5936,1.6408,2.0824,0.3856,0.1376,0.0313,6.0000,7.2041,0.4316,1.8702,0.5589,-89.3903,-19.4165,-86.9071,-18.9915,-86.8384,-18.9604,-89.0764,-19.3164,-98.4160,-20.2030,2.4832,0.4249,2.5519,0.4560,0.3139,0.1001,31,0.1200,31,0,1.0000,0.0000,0.0000,-6.3840,4.7907,0.6332,-5.5995,2.1554,0.0000,1,0.1119,0.0520,3.1985,-0.0003,1.000,70.00,342.76
3.3300,UKF,smooth,0.500,10.00,0.050,1,0.600,1,7.9464,9.5887,1.6423,2.1194,0.3856,0.1376,0.0313,6.0000,7.2041,0.4316,2.0471,0.5588,-89.5900,-19.4838,-86.9071,-18.9915,-86.8384,-18.9604,-89.2398,-19.3940,-98.5227,-20.4745,2.6828,0.4923,2.7516,0.5234,0.3502,0.0898,31,0.1300,31,0,1.0000,0.0000,0.0000,-6.4951,4.7553,0.6674,-5.6068,2.1363,0.0000,1,0.1119,0.0520,3.1985,-0.0003,1.000,70.00,342.76
3.3400,UKF,smooth,0.500,10.00,0.050,1,0.600,1,7.9393,9.5822,1.6429,2.1572,0.3856,0.1376,0.0313,6.0000,7.2041,0.4317,2.2472,0.5589,-89.7888,-19.5557,-86.9071,-18.9915,-86.8384,-18.9604,-89.3987,-19.4788,-98.6270,-20.7523,2.8817,0.5642,2.9504,0.5953,0.3901,0.0770,31,0.1400,31,0,1.0000,0.0000,0.0000,-6.6052,4.7196,0.7007,-5.6140,2.1173,0.0000,1,0.1119,0.0520,3.1985,-0.0003,1.000,70.00,342.76
3.3500,UKF,smooth,0.500,10.00,0.050,1,0.600,1,7.9314,9.5739,1.6425,2.1956,0.3856,0.1376,0.0313,6.0000,7.2041,0.4317,2.4722,0.5589,-89.9869,-19.6323,-86.9071,-18.9915,-86.8384,-18.9604,-89.5532,-19.5705,-98.7291,-21.0365,3.0798,0.6408,3.1486,0.6719,0.4337,0.0617,31,0.1500,31,0,1.0000,0.0000,0.0000,-6.7145,4.6836,0.7329,-5.6212,2.0981,0.0000,1,0.1119,0.0520,3.1985,-0.0003,1.000,70.00,342.76
3.3600,UKF,smooth,0.500,10.00,0.050,1,0.600,1,7.9228,9.5640,1.6412,2.2348,0.3856,0.1376,0.0313,6.0000,7.2041,0.4318,2.7228,0.5589,-90.1843,-19.7134,-86.9071,-18.9915,-86.8384,-18.9604,-89.7032,-19.6691,-98.8288,-21.3270,3.2772,0.7219,3.3460,0.7530,0.4811,0.0442,31,0.1600,31,0,1.0000,0.0000,0.0000,-6.8229,4.6475,0.7641,-5.6283,2.0790,0.0000,1,0.1119,0.0520,3.1985,-0.0003,1.000,70.00,342.76
3.3700,UKF,smooth,0.500,10.00,0.050,1,0.600,1,7.9134,9.5525,1.6390,2.2747,0.3856,0.1376,0.0313,6.0000,7.2041,0.4318,2.9997,0.5590,-90.3811,-19.7989,-86.9071,-18.9915,-86.8384,-18.9604,-89.8489,-19.7744,-98.9261,-21.6237,3.4740,0.8074,3.5427,0.8385,0.5322,0.0245,31,0.1700,31,0,1.0000,0.0000,0.0000,-6.9303,4.6111,0.7943,-5.6354,2.0598,0.0000,1,0.1119,0.0520,3.1985,-0.0003,1.000,70.00,342.76
3.3800,UKF,smooth,0.500,10.00,0.050,1,0.600,1,7.9033,9.4814,1.5781,1.8294,0.3876,0.1338,0.0332,6.0000,6.7722,1.5430,2.0451,0.5591,-90.5773,-19.8889,-89.3903,-19.4165,-89.5168,-19.6452,-90.8800,-19.6999,-101.9295,-21.8911,1.1870,0.4725,1.0605,0.2438,-0.3027,0.1890,32,0.0600,32,0,1.0000,0.0000,0.0000,-7.0369,4.5745,0.8234,-5.6424,2.0405,0.0000,1,0.1119,0.0520,3.3197,-0.0003,1.000,70.00,342.76
3.3900,UKF,smooth,0.500,10.00,0.050,1,0.600,1,7.8925,9.4748,1.5823,1.8610,0.3876,0.1338,0.0332,6.0000,6.7722,1.5430,2.1407,0.5592,-90.7730,-19.9833,-89.3903,-19.4165,-89.5168,-19.6452,-91.0843,-19.7775,-102.0983,-22.1567,1.3827,0.5669,1.2562,0.3382,-0.3113,0.2058,32,0.0700,32,0,1.0000,0.0000,0.0000,-7.1426,4.5377,0.8514,-5.6493,2.0212,0.0000,1,0.1119,0.0520,3.3197,-0.0003,1.000,70.00,342.76
3.4000,UKF,smooth,0.500,10.00,0.050,1,0.600,1,7.8809,9.4666,1.5857,1.8935,0.3876,0.1338,0.0332,6.0000,6.7722,1.5431,2.2126,0.5594,-90.9682,-20.0821,-89.3903,-19.4165,-89.5168,-19.6452,-91.2844,-19.8620,-102.2661,-22.4283,1.5779,0.6656,1.4514,0.4369,-0.3162,0.2201,32,0.0800,32,0,1.0000,0.0000,0.0000,-7.2475,4.5007,0.8783,-5.6562,2.0019,0.0000,1,0.1119,0.0520,3.3197,-0.0003,1.000,70.00,342.76
3.4100,UKF,smooth,0.500,10.00,0.050,1,0.600,1,7.8686,9.4567,1.5881,1.9268,0.3876,0.1338,0.0333,6.0000,6.7722,1.5431,2.2612,0.5595,-91.1630,-20.1851,-89.3903,-19.4165,-89.5168,-19.6452,-91.4806,-19.9530,-102.4331,-22.7058,1.7727,0.7686,1.6462,0.5399,-0.3176,0.2321,32,0.0900,32,0,1.0000,0.0000,0.0000,-7.3515,4.4635,0.9040,-5.6630,1.9825,0.0000,1,0.1119,0.0520,3.3197,-0.0003,1.000,70.00,342.76
3.4200,UKF,smooth,0.500,10.00,0.050,1,0.600,1,7.8556,9.4452,1.5896,1.9610,0.3876,0.1338,0.0333,6.0000,6.7722,1.5432,2.2872,0.5597,-91.3574,-20.2923,-89.3903,-19.4165,-89.5168,-19.6452,-91.6729,-20.0505,-102.5991,-22.9890,1.9671,0.8759,1.8406,0.6472,-0.3155,0.2419,32,0.1000,32,0,1.0000,0.0000,0.0000,-7.4547,4.4261,0.9286,-5.6698,1.9631,0.0000,1,0.1119,0.0520,3.3197,-0.0003,1.000,70.00,342.76
3.4300,UKF,smooth,0.500,10.00,0.050,1,0.600,1,7.8419,9.4321,1.5901,1.9960,0.3876,0.1338,0.0333,6.0000,6.7722,1.5433,2.2912,0.5599,-91.5515,-20.4038,-89.3903,-19.4165,-89.5168,-19.6452,-91.8612,-20.1542,-102.7643,-23.2780,2.1612,0.9873,2.0347,0.7586,-0.3097,0.2496,32,0.1100,32,0,1.0000,0.0000,0.0000,-7.5570,4.3885,0.9520,-5.6765,1.9437,0.0000,1,0.1119,0.0520,3.3197,-0.0003,1.000,70.00,342.76
3.4400,UKF,smooth,0.500,10.00,0.050,1,0.600,1,7.8275,9.4173,1.5898,2.0318,0.3876,0.1338,0.0333,6.0000,6.7722,1.5434,2.2741,0.5601,-91.7454,-20.5194,-89.3903,-19.4165,-89.5168,-19.6452,-92.0458,-20.2640,-102.9287,-23.5724,2.3551,1.1029,2.2286,0.8742,-0.3004,0.2554,32,0.1200,32,0,1.0000,0.0000,0.0000,-7.6585,4.3506,0.9742,-5.6831,1.9242,0.0000,1,0.0806,0.0528,3.3197,0.0007,1.000,70.00,342.76
3.4500,UKF,smooth,0.500,10.00,0.050,1,0.600,1,7.8124,9.4009,1.5885,2.0684,0.3876,0.1338,0.0333,6.0000,6.7722,1.5435,2.2368,0.5603,-91.9391,-20.6391,-89.3903,-19.4165,-89.5168,-19.6452,-92.2267,-20.3797,-103.0922,-23.8724,2.5488,1.2226,2.4223,0.9939,-0.2875,0.2594,32,0.1300,32,0,1.0000,0.0000,0.0000,-7.7592,4.3126,0.9951,-5.6897,1.9047,0.0000,1,0.0806,0.0528,3.3197,0.0007,1.000,70.00,342.76
3.4600,UKF,smooth,0.500,10.00,0.050,1,0.600,1,7.7966,9.3829,1.5863,2.1058,0.3876,0.1338,0.0333,6.0000,6.7722,1.5436,2.1806,0.5605,-92.1327,-20.7628,-89.3903,-19.4165,-89.5168,-19.6452,-92.4038,-20.5011,-103.2549,-24.1776,2.7424,1.3464,2.6159,1.1176,-0.2711,0.2617,32,0.1400,32,0,1.0000,0.0000,0.0000,-7.8591,4.2745,1.0148,-5.6962,1.8851,0.0000,1,0.0806,0.0528,3.3197,0.0007,1.000,70.00,342.76
3.4700,UKF,smooth,0.500,10.00,0.050,1,0.600,1,7.7801,9.3633,1.5833,2.1439,0.3876,0.1338,0.0333,6.0000,6.7722,1.5437,2.1069,0.5608,-92.3262,-20.8906,-89.3903,-19.4165,-89.5168,-19.6452,-92.5773,-20.6281,-103.4169,-24.4881,2.9359,1.4741,2.8094,1.2454,-0.2511,0.2625,32,0.1500,32,0,1.0000,0.0000,0.0000,-7.9582,4.2361,1.0331,-5.7026,1.8655,0.0000,1,0.0806,0.0528,3.3197,0.0007,1.000,70.00,342.76
3.4800,UKF,smooth,0.500,10.00,0.050,1,0.600,1,7.7629,9.3422,1.5793,2.1828,0.3876,0.1338,0.0333,6.0000,6.7722,1.5439,2.0179,0.5611,-92.5196,-21.0223,-89.3903,-19.4165,-89.5168,-19.6452,-92.7471,-20.7603,-103.5780,-24.8035,3.1293,1.6058,3.0028,1.3771,-0.2275,0.2619,32,0.1600,32,0,1.0000,0.0000,0.0000,-8.0565,4.1975,1.0501,-5.7090,1.8459,0.0000,1,0.0806,0.0528,3.3197,0.0007,1.000,70.00,342.76
3.4900,UKF,smooth,0.500,10.00,0.050,1,0.600,1,7.7450,9.3194,1.5744,2.2225,0.3876,0.1338,0.0333,6.0000,6.7722,1.5440,1.9161,0.5614,-92.7131,-21.1579,-89.3903,-19.4165,-89.5168,-19.6452,-92.9134,-20.8978,-103.7384,-25.1239,3.3228,1.7414,3.1963,1.5127,-0.2003,0.2601,32,0.1700,32,0,1.0000,0.0000,0.0000,-8.1540,4.1587,1.0658,-5.7153,1.8262,0.0000,1,0.0806,0.0528,3.3197,0.0007,1.000,70.00,342.76
3.5000,UKF,smooth,0.500,10.00,0.050,1,0.600,1,7.7264,9.6320,1.9056,1.7440,0.3918,0.1324,0.0375,6.0000,7.2602,1.1106,2.7996,0.5617,-92.9067,-21.2973,-91.7454,-20.5194,-91.5479,-20.5324,-92.4195,-21.1842,-100.5989,-26.4897,1.1613,0.7779,1.3588,0.7650,0.4872,0.1131,33,0.0600,33,0,1.0000,0.0000,0.0000,-8.2507,4.1198,1.0800,-5.7216,1.8065,0.0000,1,0.0806,0.0528,3.4406,0.0007,1.000,70.00,342.76
3.5100,UKF,smooth,0.500,10.00,0.050,1,0.600,1,7.7072,9.6212,1.9140,1.7744,0.3918,0.1324,0.0375,6.0000,7.2602,1.1109,3.1140,0.5620,-93.1004,-21.4406,-91.7454,-20.5194,-91.5479,-20.5324,-92.5588,-21.3120,-100.6919,-26.7880,1.3550,0.9212,1.5525,0.9082,0.5417,0.1286,33,0.0700,33,0,1.0000,0.0000,0.0000,-8.3466,4.0807,1.0927,-5.7278,1.7867,0.0000,1,0.0806,0.0528,3.4406,0.0007,1.000,70.00,342.76
3.5200,UKF,smooth,0.500,10.00,0.050,1,0.600,1,7.6873,9.6087,1.9214,1.8056,0.3918,0.1324,0.0375,6.0000,7.2602,1.1111,3.4484,0.5624,-93.2944,-21.5875,-91.7454,-20.5194,-91.5479,-20.5324,-92.6940,-21.4449,-100.7823,-27.0905,1.5489,1.0682,1.7464,1.0552,0.6003,0.1427,33,0.0800,33,0,1.0000,0.0000,0.0000,-8.4418,4.0414,1.1039,-5.7339,1.7670,0.0000,1,0.0806,0.0528,3.4406,0.0007,1.000,70.00,342.76
3.5300,UKF,smooth,0.500,10.00,0.050,1,0.600,1,7.6668,9.5946,1.9279,1.8378,0.3918,0.1324,0.0375,6.0000,7.2602,1.1114,3.8031,0.5627,-93.4885,-21.7382,-91.7454,-20.5194,-91.5479,-20.5324,-92.8253,-21.5826,-100.8700,-27.3968,1.7431,1.2188,1.9406,1.2059,0.6632,0.1556,33,0.0900,33,0,1.0000,0.0000,0.0000,-8.5362,4.0019,1.1136,-5.7400,1.7471,0.0000,1,0.1050,0.0519,3.4406,-0.0010,1.000,70.00,342.76
3.5400,UKF,smooth,0.500,10.00,0.050,1,0.600,1,7.6455,9.5790,1.9334,1.8708,0.3918,0.1324,0.0375,6.0000,7.2602,1.1117,4.1787,0.5631,-93.6830,-21.8925,-91.7454,-20.5194,-91.5479,-20.5324,-92.9527,-21.7249,-100.9549,-27.7067,1.9376,1.3731,2.1351,1.3602,0.7303,0.1677,33,0.1000,33,0,1.0000,0.0000,0.0000,-8.6298,3.9622,1.1216,-5.7460,1.7273,0.0000,1,0.1050,0.0519,3.4406,-0.0010,1.000,70.00,342.76
3.5500,UKF,smooth,0.500,10.00,0.050,1,0.600,1,7.6237,9.5617,1.9380,1.9048,0.3918,0.1324,0.0375,6.0000,7.2602,1.1120,4.5757,0.5635,-93.8779,-22.0504,-91.7454,-20.5194,-91.5479,-20.5324,-93.0761,-21.8715,-101.0369,-28.0199,2.1325,1.5310,2.3300,1.5180,0.8018,0.1789,33,0.1100,33,0,1.0000,0.0000,0.0000,-8.7226,3.9224,1.1280,-5.7519,1.7074,0.0000,1,0.1050,0.0519,3.4406,-0.0010,1.000,70.00,342.76
3.5600,UKF,smooth,0.500,10.00,0.050,1,0.600,1,7.6011,9.5428,1.9417,1.9396,0.3918,0.1324,0.0375,6.0000,7.2602,1.1123,4.9948,0.5639,-94.0732,-22.2117,-91.7454,-20.5194,-91.5479,-20.5324,-93.1955,-22.0221,-101.1160,-28.3361,2.3277,1.6923,2.5253,1.6794,0.8776,0.1896,33,0.1200,33,0,1.0000,0.0000,0.0000,-8.8147,3.8824,1.1327,-5.7578,1.6875,0.0000,1,0.1050,0.0519,3.4406,-0.0010,1.000,70.00,342.76
3.5700,UKF,smooth,0.500,10.00,0.050,1,0.600,1,7.5779,9.5223,1.9443,1.9752,0.3918,0.1324,0.0375,6.0000,7.2602,1.1126,5.4364,0.5643,-94.2689,-22.3765,-91.7454,-20.5194,-91.5479,-20.5324,-93.3110,-22.1766,-101.1920,-28.6550,2.5235,1.8571,2.7210,1.8441,0.9579,0.1999,33,0.1300,33,0,1.0000,0.0000,0.0000,-8.9060,3.8422,1.1356,-5.7636,1.6676,0.0000,1,0.1050,0.0519,3.4406,-0.0010,1.000,70.00,342.76
3.5800,UKF,smooth,0.500,10.00,0.050,1,0.600,1,7.5541,9.5002,1.9461,2.0117,0.3918,0.1324,0.0375,6.0000,7.2602,1.1129,5.9013,0.5647,-94.4652,-22.5446,-91.7454,-20.5194,-91.5479,-20.5324,-93.4225,-22.3346,-101.2649,-28.9760,2.7198,2.0253,2.9173,2.0123,1.0427,0.2100,33,0.1400,33,0,1.0000,0.0000,0.0000,-8.9965,3.8018,1.1366,-5.7694,1.6476,0.0000,1,0.1050,0.0519,3.4406,-0.0010,1.000,70.00,342.76
3.5900,UKF,smooth,0.500,10.00,0.050,1,0.600,1,7.5296,9.6814,2.1518,1.7088,0.3967,0.1339,0.0424,6.0000,7.2640,1.7605,3.4673,0.5652,-94.6621,-22.7160,-93.4885,-21.7382,-93.3369,-21.4796,-94.4396,-22.1742,-104.5086,-28.0112,1.1736,0.9778,1.3252,1.2364,0.2225,0.5419,34,0.0600,34,0,1.0000,0.0000,0.0000,-9.0862,3.7613,1.1357,-5.7750,1.6276,0.0000,1,0.1050,0.0519,3.5290,-0.0010,1.000,70.00,342.76
3.6000,UKF,smooth,0.500,10.00,0.050,1,0.600,1,7.5044,9.6653,2.1608,1.7396,0.3967,0.1339,0.0424,6.0000,7.2640,1.7603,3.7620,0.5657,-94.8597,-22.8906,-93.4885,-21.7382,-93.3369,-21.4796,-94.6091,-22.3059,-104.6596,-28.2746,1.3712,1.1524,1.5228,1.4110,0.2506,0.5847,34,0.0700,34,0,1.0000,0.0000,0.0000,-9.1751,3.7206,1.1328,-5.7806,1.6075,0.0000,1,0.1050,0.0519,3.5290,-0.0010,1.000,70.00,342.76
3.6100,UKF,smooth,0.500,10.00,0.050,1,0.600,1,7.4786,9.6476,2.1689,1.7714,0.3967,0.1339,0.0424,6.0000,7.2640,1.7601,4.0664,0.5662,-95.0580,-23.0683,-93.4885,-21.7382,-93.3369,-21.4796,-94.7752,-22.4407,-104.8091,-28.5382,1.5695,1.3301,1.7211,1.5887,0.2828,0.6277,34,0.0800,34,0,1.0000,0.0000,0.0000,-9.2632,3.6797,1.1277,-5.7862,1.5875,0.0000,1,0.1050,0.0519,3.5290,-0.0010,1.000,70.00,342.76
3.6200,UKF,smooth,0.500,10.00,0.050,1,0.600,1,7.4522,9.6283,2.1761,1.8041,0.3967,0.1339,0.0424,6.0000,7.2640,1.7598,4.3829,0.5667,-95.2571,-23.2490,-93.4885,-21.7382,-93.3369,-21.4796,-94.9377,-22.5781,-104.9573,-28.8014,1.7686,1.5108,1.9202,1.7694,0.3194,0.6710,34,0.0900,34,0,1.0000,0.0000,0.0000,-9.3505,3.6387,1.1204,-5.7917,1.5674,0.0000,1,0.1050,0.0519,3.5290,-0.0010,1.000,70.00,342.76
3.6300,UKF,smooth,0.500,10.00,0.050,1,0.600,1,7.4251,9.6073,2.1822,1.8377,0.3967,0.1339,0.0424,6.0000,7.2640,1.7596,4.7140,0.5672,-95.4570,-23.4326,-93.4885,-21.7382,-93.3369,-21.4796,-95.0968,-22.7178,-105.1038,-29.0637,1.9685,1.6944,2.1201,1.9530,0.3602,0.7149,34,0.1000,34,0,1.0000,0.0000,0.0000,-9.4369,3.5975,1.1109,-5.7971,1.5472,0.0000,1,0.1050,0.0519,3.5290,-0.0010,1.000,70.00,342.76
3.6400,UKF,smooth,0.500,10.00,0.050,1,0.600,1,7.3974,9.5848,2.1874,1.8722,0.3967,0.1339,0.0424,6.0000,7.2640,1.7593,5.0620,0.5678,-95.6578,-23.6190,-93.4885,-21.7382,-93.3369,-21.4796,-95.2524,-22.8593,-105.2489,-29.3241,2.1693,1.8807,2.3209,2.1393,0.4054,0.7597,34,0.1100,34,0,1.0000,0.0000,0.0000,-9.5224,3.5561,1.0988,-5.8024,1.5271,0.0000,1,0.1077,0.0439,3.5290,0.0009,1.000,70.00,342.76
3.6500,UKF,smooth,0.500,10.00,0.050,1,0.600,1,7.3690,9.5606,2.1916,1.9075,0.3967,0.1339,0.0424,6.0000,7.2640,1.7590,5.4298,0.5683,-95.8596,-23.8080,-93.4885,-21.7382,-93.3369,-21.4796,-95.4046,-23.0022,-105.3922,-29.5817,2.3711,2.0698,2.5227,2.3284,0.4550,0.8058,34,0.1200,34,0,1.0000,0.0000,0.0000,-9.6071,3.5145,1.0842,-5.8077,1.5069,0.0000,1,0.1077,0.0439,3.5290,0.0009,1.000,70.00,342.76
3.6600,UKF,smooth,0.500,10.00,0.050,1,0.600,1,7.3400,9.5348,2.1947,1.9437,0.3967,0.1339,0.0424,6.0000,7.2640,1.7587,5.8201,0.5689,-96.0625,-23.9995,-93.4885,-21.7382,-93.3369,-21.4796,-95.5533,-23.1460,-105.5338,-29.8357,2.5739,2.2613,2.7255,2.5199,0.5092,0.8535,34,0.1300,34,0,1.0000,0.0000,0.0000,-9.6908,3.4728,1.0668,-5.8129,1.4867,0.0000,1,0.1077,0.0439,3.5290,0.0009,1.000,70.00,342.76
3.6700,UKF,smooth,0.500,10.00,0.050,1,0.600,1,7.3104,9.5073,2.1969,1.9808,0.3967,0.1339,0.0424,6.0000,7.2640,1.7584,6.2357,0.5695,-96.2664,-24.1934,-93.4885,-21.7382,-93.3369,-21.4796,-95.6985,-23.2900,-105.6735,-30.0848,2.7778,2.4552,2.9294,2.7137,0.5678,0.9034,34,0.1400,34,0,1.0000,0.0000,0.0000,-9.7735,3.4309,1.0466,-5.8180,1.4664,0.0000,1,0.1077,0.0439,3.5290,0.0009,1.000,70.00,342.76
3.6800,UKF,smooth,0.500,10.00,0.050,1,0.600,1,7.2800,9.4781,2.1980,2.0186,0.3967,0.1339,0.0423,6.0000,7.2640,1.7581,6.6796,0.5701,-96.4715,-24.3894,-93.4885,-21.7382,-93.3369,-21.4796,-95.8403,-23.4337,-105.8111,-30.3277,2.9829,2.6512,3.1345,2.9098,0.6312,0.9557,34,0.1500,34,0,1.0000,0.0000,0.0000,-9.8551,3.3889,1.0232,-5.8231,1.4462,0.0000,1,0.1077,0.0439,3.5290,0.0009,1.000,70.00,342.76
3.6900,UKF,smooth,0.500,10.00,0.050,1,0.600,1,7.2491,9.1027,1.8537,1.6630,0.3984,0.1353,0.0441,6.0000,6.2905,1.9656,5.0174,0.5708,-96.6778,-24.5875,-95.6578,-23.6190,-95.3780,-23.4136,-95.8577,-24.2060,-105.9671,-34.1330,1.0200,0.9685,1.2998,1.1739,0.8201,0.3815,35,0.0500,35,0,1.0000,0.0000,0.0000,-9.9356,3.3467,0.9965,-5.8281,1.4259,0.0000,1,0.1077,0.0439,3.6409,0.0009,1.000,70.00,342.76
3.7000,UKF,smooth,0.500,10.00,0.050,1,0.600,1,7.2175,9.0708,1.8533,1.6934,0.3984,0.1353,0.0441,6.0000,6.2905,1.9655,5.3567,0.5714,-96.8854,-24.7873,-95.6578,-23.6190,-95.3780,-23.4136,-96.0045,-24.3874,-106.1305,-34.4479,1.2276,1.1684,1.5074,1.3737,0.8809,0.4000,35,0.0600,35,0,1.0000,0.0000,0.0000,-10.0149,3.3044,0.9662,-5.8330,1.4056,0.0000,1,0.1077,0.0439,3.6409,0.0009,1.000,70.00,342.76
3.7100,UKF,smooth,0.500,10.00,0.050,1,0.600,1,7.1852,9.0372,1.8520,1.7247,0.3984,0.1353,0.0441,6.0000,6.2905,1.9654,5.7218,0.5721,-97.0944,-24.9887,-95.6578,-23.6190,-95.3780,-23.4136,-96.1479,-24.5690,-106.2921,-34.7556,1.4366,1.3697,1.7164,1.5751,0.9465,0.4197,35,0.0700,35,0,1.0000,0.0000,0.0000,-10.0928,3.2620,0.9320,-5.8379,1.3852,0.0000,1,0.1077,0.0439,3.6409,0.0009,1.000,70.00,342.76
3.7200,UKF,smooth,0.500,10.00,0.050,1,0.600,1,7.1522,9.0019,1.8497,1.7569,0.3984,0.1353,0.0441,6.0000,6.2905,1.9654,6.1146,0.5728,-97.3048,-25.1913,-95.6578,-23.6190,-95.3780,-23.4136,-96.2879,-24.7500,-106.4516,-35.0537,1.6470,1.5723,1.9268,1.7777,1.0169,0.4413,35,0.0800,35,0,1.0000,0.0000,0.0000,-10.1692,3.2194,0.8937,-5.8427,1.3649,0.0000,1,0.1077,0.0439,3.6409,0.0009,1.000,70.00,342.76
3.7300,UKF,smooth,0.500,10.00,0.050,1,0.600,1,7.1186,8.9649,1.8463,1.7901,0.3984,0.1353,0.0440,6.0000,6.2905,1.9653,6.5373,0.5736,-97.5167,-25.3949,-95.6578,-23.6190,-95.3780,-23.4136,-96.4246,-24.9294,-106.6088,-35.3395,1.8589,1.7759,2.1387,1.9813,1.0922,0.4655,35,0.0900,35,0,1.0000,0.0000,0.0000,-10.2440,3.1767,0.8507,-5.8474,1.3445,0.0000,1,0.1077,0.0439,3.6409,0.0009,1.000,70.00,342.76
3.7400,UKF,smooth,0.500,10.00,0.050,1,0.600,1,7.0843,8.9262,1.8419,1.8242,0.3984,0.1353,0.0440,6.0000,6.2905,1.9652,6.9922,0.5744,-97.7302,-25.5991,-95.6578,-23.6190,-95.3780,-23.4136,-96.5577,-25.1061,-106.7631,-35.6095,2.0724,1.9801,2.3522,2.1854,1.1726,0.4929,35,0.1000,35,0,1.0000,0.0000,0.0000,-10.3168,3.1340,0.8028,-5.8521,1.3241,0.0000,1,0.1077,0.0439,3.6409,0.0009,1.000,70.00,342.76
3.7500,UKF,smooth,0.500,10.00,0.050,1,0.600,1,7.0494,8.8858,1.8364,1.8591,0.3984,0.1353,0.0440,6.0000,6.2905,1.9650,7.4823,0.5752,-97.9454,-25.8034,-95.6578,-23.6190,-95.3780,-23.4136,-96.6873,-25.2787,-106.9139,-35.8594,2.2875,2.1844,2.5673,2.3898,1.2581,0.5247,35,0.1100,35,0,1.0000,0.0000,0.0000,-10.3874,3.0912,0.7492,-5.8567,1.3036,0.0000,1,0.0865,0.0408,3.6409,0.0003,1.000,70.00,342.76
3.7600,UKF,smooth,0.500,10.00,0.050,1,0.600,1,7.0137,8.8437,1.8299,1.8950,0.3984,0.1353,0.0440,6.0000,6.2905,1.9649,8.0111,0.5761,-98.1622,-26.0074,-95.6578,-23.6190,-95.3780,-23.4136,-96.8132,-25.4454,-107.0604,-36.0842,2.5044,2.3885,2.7841,2.5938,1.3490,0.5620,35,0.1200,35,0,1.0000,0.0000,0.0000,-10.4554,3.0483,0.6894,-5.8612,1.2832,0.0000,1,0.0865,0.0408,3.6409,0.0003,1.000,70.00,342.76
3.7700,UKF,smooth,0.500,10.00,0.050,1,0.600,1,6.9774,8.7998,1.8224,1.9317,0.3984,0.1353,0.0439,6.0000,6.2905,1.9648,8.5834,0.5771,-98.3808,-26.2106,-95.6578,-23.6190,-95.3780,-23.4136,-96.9355,-25.6043,-107.2015,-36.2769,2.7230,2.5916,3.0028,2.7970,1.4453,0.6063,35,0.1300,35,0,1.0000,0.0000,0.0000,-10.5201,3.0055,0.6226,-5.8656,1.2627,0.0000,1,0.0865,0.0408,3.6409,0.0003,1.000,70.00,342.76
3.7800,UKF,smooth,0.500,10.00,0.050,1,0.600,1,6.9404,8.7542,1.8138,1.9693,0.3984,0.1353,0.0439,6.0000,6.2905,1.9646,9.2049,0.5780,-98.6012,-26.4122,-95.6578,-23.6190,-95.3780,-23.4136,-97.0538,-25.7526,-107.3356,-36.4290,2.9434,2.7932,3.2232,2.9985,1.5474,0.6595,35,0.1400,35,0,1.0000,0.0000,0.0000,-10.5809,2.9628,0.5479,-5.8700,1.2422,0.0000,1,0.0865,0.0408,3.6409,0.0003,1.000,70.00,342.76
3.7900,UKF,smooth,0.500,10.00,0.050,1,0.600,1,6.9027,8.7070,1.8043,2.0077,0.3984,0.1353,0.0438,6.0000,6.2905,1.9644,9.8839,0.5791,-98.8235,-26.6113,-95.6578,-23.6190,-95.3780,-23.4136,-97.1682,-25.8872,-107.4607,-36.5294,3.1657,2.9924,3.4454,3.1977,1.6553,0.7241,35,0.1500,35,0,1.0000,0.0000,0.0000,-10.6367,2.9203,0.4642,-5.8743,1.2217,0.0000,1,0.0865,0.0408,3.6409,0.0003,1.000,70.00,342.76
3.8000,UKF,smooth,0.500,10.00,0.050,1,0.600,1,6.8643,8.1735,1.3092,1.5485,0.4017,0.1395,0.0470,6.0000,4.8400,1.8156,5.0152,0.5802,-99.0476,-26.8072,-97.9454,-25.8034,-97.8009,-25.5287,-99.2102,-25.9816,-119.6439,-35.8535,1.1023,1.0038,1.2467,1.2785,-0.1625,0.8255,36,0.0500,36,0,1.0000,0.0000,0.0000,-10.6860,2.8782,0.3700,-5.8785,1.2012,0.0000,1,0.0865,0.0408,3.7503,0.0003,1.000,70.00,342.76
3.8100,UKF,smooth,0.500,10.00,0.050,1,0.600,1,6.8252,8.1200,1.2948,1.5772,0.4017,0.1395,0.0470,6.0000,4.8400,1.8148,5.3705,0.5814,-99.2737,-26.9984,-97.9454,-25.8034,-97.8009,-25.5287,-99.4666,-26.1175,-120.1391,-35.7838,1.3284,1.1950,1.4728,1.4697,-0.1929,0.8809,36,0.0600,36,0,1.0000,0.0000,0.0000,-10.7266,2.8367,0.2639,-5.8827,1.1806,0.0000,1,0.0865,0.0408,3.7503,0.0003,1.000,70.00,342.76
3.8200,UKF,smooth,0.500,10.00,0.050,1,0.600,1,6.7855,8.0652,1.2797,1.6069,0.4017,0.1395,0.0469,6.0000,4.8400,1.8139,5.7925,0.5827,-99.5017,-27.1835,-97.9454,-25.8034,-97.8009,-25.5287,-99.7211,-26.2354,-120.6095,-35.6039,1.5564,1.3801,1.7008,1.6548,-0.2193,0.9481,36,0.0700,36,0,1.0000,0.0000,0.0000,-10.7553,2.7961,0.1440,-5.8868,1.1600,0.0000,1,0.0865,0.0408,3.7503,0.0003,1.000,70.00,342.76
3.8300,UKF,smooth,0.500,10.00,0.050,1,0.600,1,6.7452,8.0095,1.2643,1.6376,0.4017,0.1395,0.0469,6.0000,4.8400,1.8129,6.3043,0.5842,-99.7315,-27.3606,-97.9454,-25.8034,-97.8009,-25.5287,-99.9730,-26.3292,-121.0370,-35.2818,1.7862,1.5572,1.9306,1.8319,-0.2415,1.0314,36,0.0800,36,0,1.0000,0.0000,0.0000,-10.7675,2.7570,0.0086,-5.8908,1.1394,0.0000,1,0.0865,0.0408,3.7503,0.0003,1.000,70.00,342.76
3.8400,UKF,smooth,0.500,10.00,0.050,1,0.600,1,6.7045,7.9537,1.2491,1.6693,0.4017,0.1395,0.0468,6.0000,4.8400,1.8119,6.9358,0.5857,-99.9631,-27.5275,-97.9454,-25.8034,-97.8009,-25.5287,-100.2217,-26.3914,-121.3946,-34.7800,2.0177,1.7241,2.1621,1.9988,-0.2586,1.1361,36,0.0900,36,0,1.0000,0.0000,0.0000,-10.7563,2.7201,-0.1431,-5.8948,1.1188,0.0000,1,0.0928,0.0543,3.7503,0.0009,1.000,70.00,342.76
3.8500,UKF,smooth,0.500,10.00,0.050,1,0.600,1,6.6636,7.8989,1.2353,1.7019,0.4017,0.1395,0.0467,6.0000,4.8400,1.8108,7.7189,0.5873,-100.1961,-27.6815,-97.9454,-25.8034,-97.8009,-25.5287,-100.4658,-26.4140,-121.6462,-34.0635,2.2507,1.8781,2.3952,2.1529,-0.2697,1.2675,36,0.1000,36,0,1.0000,0.0000,0.0000,-10.7128,2.6864,-0.3098,-5.8986,1.0982,0.0000,1,0.0928,0.0543,3.7503,0.0009,1.000,70.00,342.76
3.8600,UKF,smooth,0.500,10.00,0.050,1,0.600,1,6.6227,7.8471,1.2244,1.7354,0.4017,0.1395,0.0467,6.0000,4.8400,1.8095,8.6743,0.5891,-100.4302,-27.8202,-97.9454,-25.8034,-97.8009,-25.5287,-100.7036,-26.3911,-121.7526,-33.1198,2.4849,2.0168,2.6293,2.2915,-0.2734,1.4291,36,0.1100,36,0,1.0000,0.0000,0.0000,-10.6276,2.6573,-0.4853,-5.9024,1.0776,0.0000,1,0.0928,0.0543,3.7503,0.0009,1.000,70.00,342.76
3.8700,UKF,smooth,0.500,10.00,0.050,1,0.600,1,6.5823,7.8005,1.2181,1.7698,0.4017,0.1395,0.0466,6.0000,4.8400,1.8081,9.7919,0.5910,-100.6651,-27.9413,-97.9454,-25.8034,-97.8009,-25.5287,-100.9336,-26.3226,-121.6894,-31.9842,2.7198,2.1379,2.8642,2.4126,-0.2685,1.6188,36,0.1200,36,0,1.0000,0.0000,0.0000,-10.4952,2.6335,-0.6585,-5.9062,1.0569,0.0000,1,0.0928,0.0543,3.7503,0.0009,1.000,70.00,342.76
3.8800,UKF,smooth,0.500,10.00,0.050,1,0.600,1,6.5429,7.7607,1.2178,1.8051,0.4017,0.1395,0.0465,6.0000,4.8400,1.8066,11.0254,0.5930,-100.9003,-28.0440,-97.9454,-25.8034,-97.8009,-25.5287,-101.1545,-26.2157,-121.4643,-30.7392,2.9549,2.2406,3.0994,2.5153,-0.2542,1.8283,36,0.1300,36,0,1.0000,0.0000,0.0000,-10.3183,2.6152,-0.8168,-5.9098,1.0362,0.0000,1,0.0928,0.0543,3.7503,0.0009,1.000,70.00,342.76
3.8900,UKF,smooth,0.500,10.00,0.050,1,0.600,1,6.5048,7.7284,1.2237,1.8413,0.4017,0.1395,0.0465,6.0000,4.8400,1.8051,12.3087,0.5952,-101.1353,-28.1283,-97.9454,-25.8034,-97.8009,-25.5287,-101.3662,-26.0820,-121.1178,-29.4825,3.1900,2.3249,3.3344,2.5996,-0.2309,2.0462,36,0.1400,36,0,1.0000,0.0000,0.0000,-10.1079,2.6015,-0.9510,-5.9134,1.0155,0.0000,1,0.0928,0.0543,3.7503,0.0009,1.000,70.00,342.76
3.9000,UKF,smooth,0.500,10.00,0.050,1,0.600,1,6.4682,7.6469,1.1787,1.3441,0.4098,0.1456,0.0545,6.0000,4.3403,1.9844,5.3389,0.5973,-101.3700,-28.1953,-99.9631,-27.5275,-99.6068,-27.6251,-100.4226,-28.5135,-115.8797,-40.1236,1.4070,0.6678,1.7632,0.5702,0.9474,-0.3181,37,0.0600,37,0,1.0000,0.0000,0.0000,-9.8815,2.5917,-1.0567,-5.9169,0.9948,0.0000,1,0.0928,0.0543,3.8409,0.0009,1.000,70.00,342.76
3.9100,UKF,smooth,0.500,10.00,0.050,1,0.600,1,6.4335,7.6077,1.1742,1.3714,0.4098,0.1456,0.0544,6.0000,4.3403,1.9856,5.7693,0.5995,-101.6042,-28.2463,-99.9631,-27.5275,-99.6068,-27.6251,-100.5805,-28.5917,-115.5154,-39.2213,1.6411,0.7188,1.9973,0.6211,1.0237,-0.3454,37,0.0700,37,0,1.0000,0.0000,0.0000,-9.6454,2.5846,-1.1385,-5.9204,0.9741,0.0000,1,0.0928,0.0543,3.8409,0.0009,1.000,70.00,342.76
3.9200,UKF,smooth,0.500,10.00,0.050,1,0.600,1,6.4007,7.5730,1.1723,1.3998,0.4098,0.1456,0.0543,6.0000,4.3403,1.9869,6.2204,0.6017,-101.8375,-28.2821,-99.9631,-27.5275,-99.6068,-27.6251,-100.7319,-28.6515,-115.1283,-38.3551,1.8744,0.7546,2.2306,0.6570,1.1056,-0.3694,37,0.0800,37,0,1.0000,0.0000,0.0000,-9.4033,2.5793,-1.2007,-5.9238,0.9534,0.0000,1,0.0928,0.0543,3.8409,0.0009,1.000,70.00,342.76
3.9300,UKF,smooth,0.500,10.00,0.050,1,0.600,1,6.3700,7.5429,1.1729,1.4294,0.4098,0.1456,0.0543,6.0000,4.3403,1.9880,6.6942,0.6038,-102.0697,-28.3037,-99.9631,-27.5275,-99.6068,-27.6251,-100.8766,-28.6944,-114.7257,-37.5257,2.1066,0.7762,2.4629,0.6786,1.1930,-0.3907,37,0.0900,37,0,1.0000,0.0000,0.0000,-9.1576,2.5754,-1.2468,-5.9271,0.9327,0.0000,1,0.0928,0.0543,3.8409,0.0009,1.000,70.00,342.76
3.9400,UKF,smooth,0.500,10.00,0.050,1,0.600,1,6.3414,7.5175,1.1761,1.4602,0.4098,0.1456,0.0542,6.0000,4.3403,1.9892,7.1921,0.6059,-102.3006,-28.3118,-99.9631,-27.5275,-99.6068,-27.6251,-101.0145,-28.7217,-114.3130,-36.7316,2.3375,0.7843,2.6937,0.6867,1.2861,-0.4099,37,0.1000,37,0,1.0000,0.0000,0.0000,-8.9098,2.5727,-1.2796,-5.9303,0.9119,0.0000,1,0.1093,0.0415,3.8409,-0.0013,1.000,70.00,342.76
3.9500,UKF,smooth,0.500,10.00,0.050,1,0.600,1,6.3149,7.4967,1.1818,1.4920,0.4098,0.1456,0.0542,6.0000,4.3403,1.9903,7.7153,0.6080,-102.5298,-28.3070,-99.9631,-27.5275,-99.6068,-27.6251,-101.1452,-28.7344,-113.8940,-35.9714,2.5668,0.7795,2.9230,0.6819,1.3847,-0.4274,37,0.1100,37,0,1.0000,0.0000,0.0000,-8.6607,2.5710,-1.3012,-5.9335,0.8911,0.0000,1,0.1093,0.0415,3.8409,-0.0013,1.000,70.00,342.76
3.9600,UKF,smooth,0.500,10.00,0.050,1,0.600,1,6.2907,7.4807,1.1900,1.5249,0.4098,0.1456,0.0541,6.0000,4.3403,1.9914,8.2647,0.6101,-102.7572,-28.2900,-99.9631,-27.5275,-99.6068,-27.6251,-101.2685,-28.7335,-113.4718,-35.2438,2.7942,0.7625,3.1504,0.6649,1.4887,-0.4435,37,0.1200,37,0,1.0000,0.0000,0.0000,-8.4110,2.5701,-1.3132,-5.9365,0.8704,0.0000,1,0.1093,0.0415,3.8409,-0.0013,1.000,70.00,342.76
3.9700,UKF,smooth,0.500,10.00,0.050,1,0.600,1,6.2688,7.4694,1.2006,1.5588,0.4098,0.1456,0.0541,6.0000,4.3403,1.9925,8.8409,0.6121,-102.9825,-28.2613,-99.9631,-27.5275,-99.6068,-27.6251,-101.3844,-28.7200,-113.0487,-34.5476,3.0195,0.7338,3.3757,0.6362,1.5981,-0.4587,37,0.1300,37,0,1.0000,0.0000,0.0000,-8.1611,2.5699,-1.3168,-5.9395,0.8496,0.0000,1,0.1093,0.0415,3.8409,-0.0013,1.000,70.00,342.76
3.9800,UKF,smooth,0.500,10.00,0.050,1,0.600,1,6.2491,7.4629,1.2138,1.5937,0.4098,0.1456,0.0540,6.0000,4.3403,1.9934,9.4442,0.6141,-103.2054,-28.2214,-99.9631,-27.5275,-99.6068,-27.6251,-101.4927,-28.6946,-112.6267,-33.8820,3.2423,0.6939,3.5986,0.5963,1.7127,-0.4732,37,0.1400,37,0,1.0000,0.0000,0.0000,-7.9111,2.5705,-1.3130,-5.9425,0.8288,0.0000,1,0.1093,0.0415,3.8409,-0.0013,1.000,70.00,342.76
3.9900,UKF,smooth,0.500,10.00,0.050,1,0.600,1,6.2318,7.4511,1.2192,1.2136,0.4152,0.1499,0.0594,6.0000,4.0381,1.0359,2.0256,0.6159,-103.4256,-28.1708,-102.3006,-28.3118,-102.1098,-28.3508,-103.3995,-28.5086,-120.1057,-29.8625,1.1251,-0.1410,1.3158,-0.1800,0.0261,-0.3378,38,0.0500,38,0,1.0000,0.0000,0.0000,-7.6613,2.5717,-1.3026,-5.9453,0.8080,0.0000,1,0.1093,0.0415,3.9387,-0.0013,1.000,70.00,342.76
4.0000,UKF,smooth,0.500,10.00,0.050,1,0.600,1,6.2169,7.4330,1.2161,1.2397,0.4152,0.1499,0.0594,6.0000,4.0381,1.0367,2.3268,0.6177,-103.6429,-28.1100,-102.3006,-28.3118,-102.1098,-28.3508,-103.6345,-28.4989,-119.7668,-29.3798,1.3424,-0.2018,1.5331,-0.2408,0.0085,-0.3889,38,0.0600,38,0,1.0000,0.0000,0.0000,-7.4119,2.5735,-1.2861,-5.9481,0.7872,0.0000,1,0.1093,0.0415,3.9387,-0.0013,1.000,70.00,342.76
4.0100,UKF,smooth,0.500,10.00,0.050,1,0.600,1,6.2043,7.4195,1.2152,1.2670,0.4152,0.1499,0.0594,6.0000,4.0381,1.0374,2.6104,0.6194,-103.8571,-28.0395,-102.3006,-28.3118,-102.1098,-28.3508,-103.8608,-28.4759,-119.4196,-28.9193,1.5565,-0.2723,1.7473,-0.3113,-0.0037,-0.4363,38,0.0700,38,0,1.0000,0.0000,0.0000,-7.1629,2.5760,-1.2639,-5.9509,0.7664,0.0000,1,0.1093,0.0415,3.9387,-0.0013,1.000,70.00,342.76
4.0200,UKF,smooth,0.500,10.00,0.050,1,0.600,1,6.1942,7.4109,1.2167,1.2955,0.4152,0.1499,0.0594,6.0000,4.0381,1.0380,2.8767,0.6209,-104.0678,-27.9598,-102.3006,-28.3118,-102.1098,-28.3508,-104.0781,-28.4406,-119.0658,-28.4810,1.7672,-0.3520,1.9580,-0.3910,-0.0103,-0.4808,38,0.0800,38,0,1.0000,0.0000,0.0000,-6.9144,2.5790,-1.2365,-5.9535,0.7456,0.0000,1,0.1093,0.0415,3.9387,-0.0013,1.000,70.00,342.76
4.0300,UKF,smooth,0.500,10.00,0.050,1,0.600,1,6.1864,7.4068,1.2204,1.3251,0.4152,0.1499,0.0594,6.0000,4.0381,1.0386,3.1305,0.6224,-104.2750,-27.8715,-102.3006,-28.3118,-102.1098,-28.3508,-104.2865,-28.3947,-118.7131,-28.0687,1.9744,-0.4403,2.1652,-0.4794,-0.0115,-0.5232,38,0.0900,38,0,1.0000,0.0000,0.0000,-6.6687,2.5825,-1.2044,-5.9561,0.7247,0.0000,1,0.1093,0.0415,3.9387,-0.0013,1.000,70.00,342.76
4.0400,UKF,smooth,0.500,10.00,0.050,1,0.600,1,6.1811,7.4072,1.2262,1.3558,0.4152,0.1499,0.0593,6.0000,4.0381,1.0391,3.3758,0.6238,-104.4784,-27.7750,-102.3006,-28.3118,-102.1098,-28.3508,-104.4858,-28.3393,-118.3632,-27.6825,2.1779,-0.5368,2.3687,-0.5758,-0.0074,-0.5643,38,0.1000,38,0,1.0000,0.0000,0.0000,-6.4262,2.5866,-1.1679,-5.9586,0.7039,0.0000,1,0.1093,0.0415,3.9387,-0.0013,1.000,70.00,342.76
4.0500,UKF,smooth,0.500,10.00,0.050,1,0.600,1,6.1781,7.4122,1.2341,1.3877,0.4152,0.1499,0.0593,6.0000,4.0381,1.0396,3.6169,0.6250,-104.6780,-27.6711,-102.3006,-28.3118,-102.1098,-28.3508,-104.6760,-28.2757,-118.0171,-27.3223,2.3775,-0.6407,2.5683,-0.6797,0.0020,-0.6046,38,0.1100,38,0,1.0000,0.0000,0.0000,-6.1869,2.5911,-1.1272,-5.9610,0.6831,0.0000,1,0.0956,0.0561,3.9387,-0.0014,1.000,70.00,342.76
4.0600,UKF,smooth,0.500,10.00,0.050,1,0.600,1,6.1776,7.4216,1.2441,1.4206,0.4152,0.1499,0.0594,6.0000,4.0381,1.0399,3.8587,0.6262,-104.8736,-27.5602,-102.3006,-28.3118,-102.1098,-28.3508,-104.8571,-28.2051,-117.6755,-26.9880,2.5731,-0.7515,2.7638,-0.7906,0.0165,-0.6448,38,0.1200,38,0,1.0000,0.0000,0.0000,-5.9509,2.5960,-1.0826,-5.9633,0.6622,0.0000,1,0.0956,0.0561,3.9387,-0.0014,1.000,70.00,342.76
4.0700,UKF,smooth,0.500,10.00,0.050,1,0.600,1,6.1794,7.4354,1.2561,1.4545,0.4152,0.1499,0.0594,6.0000,4.0381,1.0402,4.1062,0.6271,-105.0651,-27.4431,-102.3006,-28.3118,-102.1098,-28.3508,-105.0291,-28.1287,-117.3393,-26.6796,2.7645,-0.8687,2.9553,-0.9077,0.0360,-0.6856,38,0.1300,38,0,1.0000,0.0000,0.0000,-5.7182,2.6014,-1.0342,-5.9656,0.6414,0.0000,1,0.0956,0.0561,3.9387,-0.0014,1.000,70.00,342.76
4.0800,UKF,smooth,0.500,10.00,0.050,1,0.600,1,6.1835,7.4536,1.2701,1.4894,0.4152,0.1499,0.0594,6.0000,4.0381,1.0405,4.3651,0.6280,-105.2524,-27.3202,-102.3006,-28.3118,-102.1098,-28.3508,-105.1919,-28.0479,-117.0090,-26.3972,2.9518,-0.9916,3.1426,-1.0306,0.0604,-0.7277,38,0.1400,38,0,1.0000,0.0000,0.0000,-5.4888,2.6071,-0.9820,-5.9678,0.6205,0.0000,1,0.0956,0.0561,3.9387,-0.0014,1.000,70.00,342.76
4.0900,UKF,smooth,0.500,10.00,0.050,1,0.600,1,6.1901,7.4761,1.2860,1.5253,0.4152,0.1499,0.0594,6.0000,4.0381,1.0407,4.6408,0.6287,-105.4354,-27.1922,-102.3006,-28.3118,-102.1098,-28.3508,-105.3458,-27.9639,-116.6851,-26.1411,3.1348,-1.1195,3.3256,-1.1586,0.0896,-0.7717,38,0.1500,38,0,1.0000,0.0000,0.0000,-5.2629,2.6132,-0.9261,-5.9700,0.5997,0.0000,1,0.0956,0.0561,3.9387,-0.0014,1.000,70.00,342.76
4.1000,UKF,smooth,0.500,10.00,0.050,1,0.600,1,6.1989,7.5029,1.3039,1.5621,0.4152,0.1499,0.0595,6.0000,4.0381,1.0408,4.9390,0.6292,-105.6140,-27.0598,-102.3006,-28.3118,-102.1098,-28.3508,-105.4908,-27.8781,-116.3681,-25.9115,3.3134,-1.2520,3.5042,-1.2910,0.1232,-0.8183,38,0.1600,38,0,1.0000,0.0000,0.0000,-5.0406,2.6195,-0.8664,-5.9720,0.5788,0.0000,1,0.0956,0.0561,3.9387,-0.0014,1.000,70.00,342.76
4.1100,UKF,smooth,0.500,10.00,0.050,1,0.600,1,6.2101,7.4741,1.2640,1.1889,0.4119,0.1518,0.0562,6.0000,4.4995,0.9353,3.0568,0.6296,-105.7882,-26.9236,-104.6780,-27.6711,-104.8509,-27.7023,-106.0524,-27.3772,-116.4467,-23.3816,1.1101,-0.7475,0.9373,-0.7787,-0.2642,-0.4537,39,0.0600,39,0,1.0000,0.0000,0.0000,-4.8219,2.6261,-0.8029,-5.9740,0.5580,0.0000,1,0.0956,0.0561,4.0486,-0.0014,1.000,70.00,342.76
4.1200,UKF,smooth,0.500,10.00,0.050,1,0.600,1,6.2236,7.4889,1.2653,1.2175,0.4119,0.1518,0.0562,6.0000,4.4995,0.9355,3.3406,0.6298,-105.9579,-26.7841,-104.6780,-27.6711,-104.8509,-27.7023,-106.2356,-27.2848,-116.2256,-23.2302,1.2799,-0.8869,1.1070,-0.9181,-0.2777,-0.5006,39,0.0700,39,0,1.0000,0.0000,0.0000,-4.6070,2.6329,-0.7356,-5.9759,0.5371,0.0000,1,0.0956,0.0561,4.0486,-0.0014,1.000,70.00,342.76
4.1300,UKF,smooth,0.500,10.00,0.050,1,0.600,1,6.2394,7.5081,1.2686,1.2472,0.4119,0.1518,0.0563,6.0000,4.4995,0.9356,3.6171,0.6299,-106.1232,-26.6422,-104.6780,-27.6711,-104.8509,-27.7023,-106.4093,-27.1904,-116.0064,-23.1027,1.4451,-1.0288,1.2723,-1.0600,-0.2861,-0.5482,39,0.0800,39,0,1.0000,0.0000,0.0000,-4.3960,2.6399,-0.6642,-5.9777,0.5163,0.0000,1,0.0956,0.0561,4.0486,-0.0014,1.000,70.00,342.76
4.1400,UKF,smooth,0.500,10.00,0.050,1,0.600,1,6.2575,7.5314,1.2739,1.2781,0.4119,0.1518,0.0564,6.0000,4.4995,0.9358,3.8930,0.6297,-106.2839,-26.4986,-104.6780,-27.6711,-104.8509,-27.7023,-106.5736,-27.0957,-115.7897,-23.0005,1.6059,-1.1725,1.4330,-1.2037,-0.2898,-0.5971,39,0.0900,39,0,1.0000,0.0000,0.0000,-4.1892,2.6469,-0.5886,-5.9795,0.4954,0.0000,1,0.0956,0.0561,4.0486,-0.0014,1.000,70.00,342.76
4.1500,UKF,smooth,0.500,10.00,0.050,1,0.600,1,6.2779,7.5589,1.2811,1.3101,0.4119,0.1518,0.0565,6.0000,4.4995,0.9360,4.1757,0.6294,-106.4401,-26.3538,-104.6780,-27.6711,-104.8509,-27.7023,-106.7288,-27.0024,-115.5763,-22.9252,1.7621,-1.3172,1.5893,-1.3484,-0.2887,-0.6486,39,0.1000,39,0,1.0000,0.0000,0.0000,-3.9868,2.6539,-0.5084,-5.9812,0.4745,0.0000,1,0.1199,0.0505,4.0486,0.0003,1.000,70.00,342.76
4.1600,UKF,smooth,0.500,10.00,0.050,1,0.600,1,6.3004,7.5905,1.2901,1.3431,0.4119,0.1518,0.0566,6.0000,4.4995,0.9362,4.4740,0.6290,-106.5919,-26.2088,-104.6780,-27.6711,-104.8509,-27.7023,-106.8750,-26.9125,-115.3668,-22.8788,1.9139,-1.4623,1.7410,-1.4935,-0.2831,-0.7037,39,0.1100,39,0,1.0000,0.0000,0.0000,-3.7892,2.6608,-0.4234,-5.9828,0.4537,0.0000,1,0.1199,0.0505,4.0486,0.0003,1.000,70.00,342.76
4.1700,UKF,smooth,0.500,10.00,0.050,1,0.600,1,6.3252,7.6260,1.3008,1.3772,0.4119,0.1518,0.0567,6.0000,4.4995,0.9364,4.7980,0.6283,-106.7393,-26.0643,-104.6780,-27.6711,-104.8509,-27.7023,-107.0124,-26.8281,-115.1618,-22.8640,2.0612,-1.6067,1.8884,-1.6379,-0.2731,-0.7638,39,0.1200,39,0,1.0000,0.0000,0.0000,-3.5968,2.6674,-0.3329,-5.9844,0.4328,0.0000,1,0.1199,0.0505,4.0486,0.0003,1.000,70.00,342.76
4.1800,UKF,smooth,0.500,10.00,0.050,1,0.600,1,6.3522,7.6654,1.3132,1.4123,0.4119,0.1518,0.0568,6.0000,4.4995,0.9365,5.1593,0.6274,-106.8822,-25.9213,-104.6780,-27.6711,-104.8509,-27.7023,-107.1413,-26.7518,-114.9622,-22.8840,2.2041,-1.7498,2.0313,-1.7810,-0.2591,-0.8305,39,0.1300,39,0,1.0000,0.0000,0.0000,-3.4103,2.6736,-0.2364,-5.9858,0.4120,0.0000,1,0.1199,0.0505,4.0486,0.0003,1.000,70.00,342.76
4.1900,UKF,smooth,0.500,10.00,0.050,1,0.600,1,6.3813,7.7085,1.3272,1.4484,0.4119,0.1518,0.0569,6.0000,4.4995,0.9367,5.5718,0.6263,-107.0208,-25.7805,-104.6780,-27.6711,-104.8509,-27.7023,-107.2622,-26.6864,-114.7687,-22.9431,2.3427,-1.8905,2.1699,-1.9217,-0.2414,-0.9058,39,0.1400,39,0,1.0000,0.0000,0.0000,-3.2306,2.6791,-0.1333,-5.9872,0.3911,0.0000,1,0.1199,0.0505,4.0486,0.0003,1.000,70.00,342.76
4.2000,UKF,smooth,0.500,10.00,0.050,1,0.600,1,6.4125,7.7552,1.3426,1.4854,0.4119,0.1518,0.0570,6.0000,4.4995,0.9369,6.0520,0.6251,-107.1551,-25.6432,-104.6780,-27.6711,-104.8509,-27.7023,-107.3753,-26.6353,-114.5827,-23.0465,2.4771,-2.0279,2.3042,-2.0591,-0.2202,-0.9921,39,0.1500,39,0,1.0000,0.0000,0.0000,-3.0589,2.6836,-0.0225,-5.9886,0.3703,0.0000,1,0.1199,0.0505,4.0486,0.0003,1.000,70.00,342.76
4.2100,UKF,smooth,0.500,10.00,0.050,1,0.600,1,6.4458,7.7424,1.2966,1.2166,0.4117,0.1519,0.0569,6.0000,4.9329,2.0153,3.2890,0.6236,-107.2853,-25.5104,-106.4401,-26.3538,-106.8116,-26.4046,-107.8271,-25.7628,-114.7679,-20.4017,0.8452,-0.8434,0.4737,-0.8942,-0.5417,-0.2524,40,0.0600,40,0,1.0000,0.0000,0.0000,-2.8969,2.6867,0.0970,-5.9898,0.3495,0.0000,1,0.1199,0.0505,4.1503,0.0003,1.000,70.00,342.76
4.2200,UKF,smooth,0.500,10.00,0.050,1,0.600,1,6.4811,7.7781,1.2970,1.2462,0.4117,0.1519,0.0571,6.0000,4.9329,2.0155,3.4605,0.6220,-107.4115,-25.3835,-106.4401,-26.3538,-106.8116,-26.4046,-107.9677,-25.6712,-114.6443,-20.5731,0.9714,-0.9703,0.5999,-1.0211,-0.5562,-0.2876,40,0.0700,40,0,1.0000,0.0000,0.0000,-2.7471,2.6877,0.2265,-5.9910,0.3286,0.0000,1,0.1199,0.0505,4.1503,0.0003,1.000,70.00,342.76
4.2300,UKF,smooth,0.500,10.00,0.050,1,0.600,1,6.5182,7.8168,1.2986,1.2768,0.4117,0.1519,0.0572,6.0000,4.9329,2.0157,3.6574,0.6201,-107.5339,-25.2641,-106.4401,-26.3538,-106.8116,-26.4046,-108.1007,-25.5983,-114.5306,-20.8069,1.0937,-1.0898,0.7222,-1.1405,-0.5669,-0.3342,40,0.0800,40,0,1.0000,0.0000,0.0000,-2.6132,2.6857,0.3673,-5.9921,0.3078,0.0000,1,0.1199,0.0505,4.1503,0.0003,1.000,70.00,342.76
4.2400,UKF,smooth,0.500,10.00,0.050,1,0.600,1,6.5571,7.8577,1.3007,1.3085,0.4117,0.1519,0.0574,6.0000,4.9329,2.0160,3.9063,0.6180,-107.6526,-25.1538,-106.4401,-26.3538,-106.8116,-26.4046,-108.2270,-25.5499,-114.4308,-21.1140,1.2124,-1.2000,0.8410,-1.2508,-0.5745,-0.3960,40,0.0900,40,0,1.0000,0.0000,0.0000,-2.5008,2.6793,0.5203,-5.9931,0.2870,0.0000,1,0.1199,0.0505,4.1503,0.0003,1.000,70.00,342.76
4.2500,UKF,smooth,0.500,10.00,0.050,1,0.600,1,6.5974,7.8998,1.3023,1.3412,0.4117,0.1519,0.0576,6.0000,4.9329,2.0162,4.2418,0.6157,-107.7680,-25.0547,-106.4401,-26.3538,-106.8116,-26.4046,-108.3478,-25.5321,-114.3503,-21.5042,1.3278,-1.2992,0.9563,-1.3500,-0.5798,-0.4774,40,0.1000,40,0,1.0000,0.0000,0.0000,-2.4174,2.6665,0.6848,-5.9941,0.2662,0.0000,1,0.1199,0.0505,4.1503,0.0003,1.000,70.00,342.76
4.2600,UKF,smooth,0.500,10.00,0.050,1,0.600,1,6.6389,7.9410,1.3021,1.3750,0.4117,0.1519,0.0577,6.0000,4.9329,2.0164,4.6987,0.6132,-107.8803,-24.9685,-106.4401,-26.3538,-106.8116,-26.4046,-108.4643,-25.5499,-114.2958,-21.9786,1.4402,-1.3853,1.0687,-1.4361,-0.5840,-0.5813,40,0.1100,40,0,1.0000,0.0000,0.0000,-2.3725,2.6448,0.8566,-5.9950,0.2454,0.0000,1,0.1199,0.0505,4.1503,0.0003,1.000,70.00,342.76
4.2700,UKF,smooth,0.500,10.00,0.050,1,0.600,1,6.6811,7.9792,1.2981,1.4097,0.4117,0.1519,0.0579,6.0000,4.9329,2.0166,5.2905,0.6106,-107.9901,-24.8968,-106.4401,-26.3538,-106.8116,-26.4046,-108.5783,-25.6032,-114.2731,-22.5198,1.5500,-1.4571,1.1785,-1.5079,-0.5882,-0.7064,40,0.1200,40,0,1.0000,0.0000,0.0000,-2.3738,2.6122,1.0262,-5.9958,0.2246,0.0000,1,0.1183,0.0475,4.1503,-0.0020,1.000,70.00,342.76
4.2800,UKF,smooth,0.500,10.00,0.050,1,0.600,1,6.7236,8.0122,1.2887,1.4454,0.4117,0.1519,0.0581,6.0000,4.9329,2.0168,5.9878,0.6079,-108.0977,-24.8396,-106.4401,-26.3538,-106.8116,-26.4046,-108.6909,-25.6845,-114.2829,-23.0881,1.6575,-1.5143,1.2861,-1.5650,-0.5932,-0.8449,40,0.1300,40,0,1.0000,0.0000,0.0000,-2.4220,2.5683,1.1800,-5.9965,0.2038,0.0000,1,0.1183,0.0475,4.1503,-0.0020,1.000,70.00,342.76
4.2900,UKF,smooth,0.500,10.00,0.050,1,0.600,1,6.7657,8.0390,1.2733,1.4820,0.4117,0.1519,0.0583,6.0000,4.9329,2.0170,6.7290,0.6051,-108.2034,-24.7961,-106.4401,-26.3538,-106.8116,-26.4046,-108.8023,-25.7820,-114.3195,-23.6393,1.7633,-1.5577,1.3918,-1.6085,-0.5988,-0.9858,40,0.1400,40,0,1.0000,0.0000,0.0000,-2.5084,2.5148,1.3074,-5.9972,0.1830,0.0000,1,0.1183,0.0475,4.1503,-0.0020,1.000,70.00,342.76
4.3000,UKF,smooth,0.500,10.00,0.050,1,0.600,1,6.8073,8.0596,1.2524,1.5195,0.4117,0.1519,0.0585,6.0000,4.9329,2.0171,7.4582,0.6023,-108.3076,-24.7648,-106.4401,-26.3538,-106.8116,-26.4046,-108.9121,-25.8853,-114.3746,-24.1461,1.8674,-1.5890,1.4960,-1.6398,-0.6045,-1.1204,40,0.1500,40,0,1.0000,0.0000,0.0000,-2.6206,2.4549,1.4055,-5.9978,0.1622,0.0000,1,0.1183,0.0475,4.1503,-0.0020,1.000,70.00,342.76
4.3100,UKF,smooth,0.500,10.00,0.050,1,0.600,1,6.8479,8.0748,1.2269,1.5579,0.4117,0.1519,0.0587,6.0000,4.9329,2.0172,8.1437,0.5995,-108.4103,-24.7439,-106.4401,-26.3538,-106.8116,-26.4046,-109.0199,-25.9886,-114.4409,-24.6007,1.9702,-1.6099,1.5987,-1.6607,-0.6096,-1.2447,40,0.1600,40,0,1.0000,0.0000,0.0000,-2.7480,2.3910,1.4766,-5.9983,0.1415,0.0000,1,0.1183,0.0475,4.1503,-0.0020,1.000,70.00,342.76
4.3200,UKF,smooth,0.500,10.00,0.050,1,0.600,1,6.8874,8.4178,1.5304,1.2885,0.4107,0.1523,0.0579,6.0000,5.9540,1.7991,1.9438,0.5967,-108.5118,-24.7318,-107.9901,-24.8968,-108.1978,-25.1333,-108.7865,-24.9403,-112.8348,-22.7083,0.5217,-0.1649,0.3141,-0.4014,-0.2746,-0.2085,41,0.0500,41,0,1.0000,0.0000,0.0000,-2.8836,2.3248,1.5252,-5.9988,0.1207,0.0000,1,0.1183,0.0475,4.2680,-0.0020,1.000,70.00,342.76
4.3300,UKF,smooth,0.500,10.00,0.050,1,0.600,1,6.9258,8.4467,1.5209,1.3190,0.4107,0.1523,0.0581,6.0000,5.9540,1.7972,1.8704,0.5940,-108.6122,-24.7272,-107.9901,-24.8968,-108.1978,-25.1333,-108.8780,-24.9262,-112.8736,-22.9467,0.6221,-0.1695,0.4144,-0.4061,-0.2658,-0.1989,41,0.0600,41,0,1.0000,0.0000,0.0000,-3.0232,2.2576,1.5556,-5.9992,0.1000,0.0000,1,0.1183,0.0475,4.2680,-0.0020,1.000,70.00,342.76
4.3400,UKF,smooth,0.500,10.00,0.050,1,0.600,1,6.9629,8.4724,1.5095,1.3505,0.4107,0.1523,0.0583,6.0000,5.9540,1.7955,1.7880,0.5914,-108.7115,-24.7289,-107.9901,-24.8968,-108.1978,-25.1333,-108.9661,-24.9185,-112.9122,-23.1558,0.7214,-0.1679,0.5137,-0.4044,-0.2546,-0.1896,41,0.0700,41,0,1.0000,0.0000,0.0000,-3.1644,2.1898,1.5714,-5.9995,0.0793,0.0000,1,0.1183,0.0475,4.2680,-0.0020,1.000,70.00,342.76
4.3500,UKF,smooth,0.500,10.00,0.050,1,0.600,1,6.9987,8.4951,1.4964,1.3829,0.4107,0.1523,0.0585,6.0000,5.9540,1.7938,1.6942,0.5888,-108.8098,-24.7359,-107.9901,-24.8968,-108.1978,-25.1333,-109.0509,-24.9156,-112.9499,-23.3399,0.8197,-0.1609,0.6120,-0.3974,-0.2411,-0.1798,41,0.0800,41,0,1.0000,0.0000,0.0000,-3.3056,2.1218,1.5754,-5.9997,0.0585,0.0000,1,0.1183,0.0475,4.2680,-0.0020,1.000,70.00,342.76
4.3600,UKF,smooth,0.500,10.00,0.050,1,0.600,1,7.0331,8.5147,1.4816,1.4163,0.4107,0.1523,0.0588,6.0000,5.9540,1.7921,1.5875,0.5863,-108.9072,-24.7474,-107.9901,-24.8968,-108.1978,-25.1333,-109.1325,-24.9165,-112.9864,-23.5028,0.9171,-0.1494,0.7094,-0.3859,-0.2253,-0.1691,41,0.0900,41,0,1.0000,0.0000,0.0000,-3.4461,2.0539,1.5699,-5.9999,0.0378,0.0000,1,0.1183,0.0475,4.2680,-0.0020,1.000,70.00,342.76
4.3700,UKF,smooth,0.500,10.00,0.050,1,0.600,1,7.0662,8.5313,1.4651,1.4507,0.4107,0.1523,0.0590,6.0000,5.9540,1.7905,1.4672,0.5839,-109.0037,-24.7627,-107.9901,-24.8968,-108.1978,-25.1333,-109.2109,-24.9202,-113.0213,-23.6474,1.0136,-0.1340,0.8060,-0.3705,-0.2072,-0.1575,41,0.1000,41,0,1.0000,0.0000,0.0000,-3.5854,1.9862,1.5565,-6.0000,0.0172,0.0000,1,0.1183,0.0475,4.2680,-0.0020,1.000,70.00,342.76
4.3800,UKF,smooth,0.500,10.00,0.050,1,0.600,1,7.0979,8.5448,1.4469,1.4859,0.4107,0.1523,0.0592,6.0000,5.9540,1.7889,1.3325,0.5816,-109.0995,-24.7813,-107.9901,-24.8968,-108.1978,-25.1333,-109.2862,-24.9259,-113.0544,-23.7761,1.1093,-0.1154,0.9017,-0.3520,-0.1867,-0.1446,41,0.1100,41,0,1.0000,0.0000,0.0000,-3.7231,1.9188,1.5364,-6.0000,-0.0035,0.0000,1,0.1183,0.0475,4.2680,-0.0020,1.000,70.00,342.76
4.3900,UKF,smooth,0.500,10.00,0.050,1,0.600,1,7.1282,8.5552,1.4271,1.5221,0.4107,0.1523,0.0594,6.0000,5.9540,1.7874,1.1830,0.5794,-109.1945,-24.8027,-107.9901,-24.8968,-108.1978,-25.1333,-109.3584,-24.9331,-113.0856,-23.8906,1.2044,-0.0941,0.9967,-0.3306,-0.1639,-0.1304,41,0.1200,41,0,1.0000,0.0000,0.0000,-3.8590,1.8518,1.5108,-6.0000,-0.0242,0.0000,1,0.1043,0.0418,4.2680,-0.0000,1.000,70.00,342.76
4.4000,UKF,smooth,0.500,10.00,0.050,1,0.600,1,7.1570,8.5628,1.4057,1.5591,0.4107,0.1523,0.0596,6.0000,5.9540,1.7860,1.0185,0.5773,-109.2888,-24.8264,-107.9901,-24.8968,-108.1978,-25.1333,-109.4275,-24.9411,-113.1148,-23.9926,1.2987,-0.0704,1.0910,-0.3069,-0.1387,-0.1147,41,0.1300,41,0,1.0000,0.0000,0.0000,-3.9932,1.7851,1.4806,-5.9998,-0.0448,0.0000,1,0.1043,0.0418,4.2680,-0.0000,1.000,70.00,342.76
4.4100,UKF,smooth,0.500,10.00,0.050,1,0.600,1,7.1845,8.5673,1.3828,1.5969,0.4107,0.1523,0.0599,6.0000,5.9540,1.7846,0.8389,0.5753,-109.3825,-24.8520,-107.9901,-24.8968,-108.1978,-25.1333,-109.4936,-24.9495,-113.1418,-24.0831,1.3924,-0.0447,1.1847,-0.2813,-0.1111,-0.0975,41,0.1400,41,0,1.0000,0.0000,0.0000,-4.1256,1.7189,1.4463,-5.9996,-0.0654,0.0000,1,0.1043,0.0418,4.2680,-0.0000,1.000,70.00,342.76
4.4200,UKF,smooth,0.500,10.00,0.050,1,0.600,1,7.2106,8.5690,1.3584,1.6356,0.4107,0.1523,0.0601,6.0000,5.9540,1.7832,0.6446,0.5734,-109.4756,-24.8793,-107.9901,-24.8968,-108.1978,-25.1333,-109.5567,-24.9581,-113.1667,-24.1633,1.4855,-0.0174,1.2778,-0.2540,-0.0811,-0.0788,41,0.1500,41,0,1.0000,0.0000,0.0000,-4.2560,1.6530,1.4085,-5.9994,-0.0860,0.0000,1,0.1043,0.0418,4.2680,-0.0000,1.000,70.00,342.76
4.4300,UKF,smooth,0.500,10.00,0.050,1,0.600,1,7.2353,8.5678,1.3324,1.6751,0.4107,0.1523,0.0603,6.0000,5.9540,1.7820,0.4379,0.5716,-109.5681,-24.9080,-107.9901,-24.8968,-108.1978,-25.1333,-109.6168,-24.9664,-113.1892,-24.2340,1.5780,0.0112,1.3704,-0.2253,-0.0487,-0.0584,41,0.1600,41,0,1.0000,0.0000,0.0000,-4.3846,1.5876,1.3677,-5.9991,-0.1066,0.0000,1,0.1043,0.0418,4.2680,-0.0000,1.000,70.00,342.76
4.4400,UKF,smooth,0.500,10.00,0.050,1,0.600,1,7.2586,8.5413,1.2827,1.4040,0.4105,0.1539,0.0603,6.0000,5.7383,1.5906,1.8973,0.5699,-109.6602,-24.9378,-109.1945,-24.8027,-109.4835,-24.8469,-109.9124,-24.7183,-113.8675,-23.6649,0.4657,0.1352,0.1767,0.0909,-0.2522,0.2195,42,0.0500,42,0,1.0000,0.0000,0.0000,-4.5114,1.5226,1.3243,-5.9987,-0.1272,0.0000,1,0.1043,0.0418,4.3900,-0.0000,1.000,70.00,342.76
4.4500,UKF,smooth,0.500,10.00,0.050,1,0.600,1,7.2806,8.5493,1.2687,1.4358,0.4105,0.1539,0.0606,6.0000,5.7383,1.5904,2.0549,0.5683,-109.7518,-24.9686,-109.1945,-24.8027,-109.4835,-24.8469,-109.9919,-24.7030,-113.9073,-23.6946,0.5573,0.1659,0.2683,0.1217,-0.2401,0.2655,42,0.0600,42,0,1.0000,0.0000,0.0000,-4.6363,1.4581,1.2787,-5.9982,-0.1478,0.0000,1,0.1043,0.0418,4.3900,-0.0000,1.000,70.00,342.76
4.4600,UKF,smooth,0.500,10.00,0.050,1,0.600,1,7.3011,8.5543,1.2532,1.4686,0.4105,0.1539,0.0608,6.0000,5.7383,1.5903,2.2284,0.5668,-109.8429,-25.0000,-109.1945,-24.8027,-109.4835,-24.8469,-110.0685,-24.6888,-113.9453,-23.7177,0.6484,0.1973,0.3595,0.1531,-0.2256,0.3112,42,0.0700,42,0,1.0000,0.0000,0.0000,-4.7595,1.3939,1.2310,-5.9976,-0.1683,0.0000,1,0.1043,0.0418,4.3900,-0.0000,1.000,70.00,342.76
4.4700,UKF,smooth,0.500,10.00,0.050,1,0.600,1,7.3203,8.5566,1.2363,1.5023,0.4105,0.1539,0.0611,6.0000,5.7383,1.5901,2.4162,0.5654,-109.9337,-25.0320,-109.1945,-24.8027,-109.4835,-24.8469,-110.1423,-24.6752,-113.9814,-23.7341,0.7392,0.2293,0.4503,0.1851,-0.2086,0.3568,42,0.0800,42,0,1.0000,0.0000,0.0000,-4.8808,1.3302,1.1817,-5.9970,-0.1888,0.0000,1,0.1043,0.0418,4.3900,-0.0000,1.000,70.00,342.76
4.4800,UKF,smooth,0.500,10.00,0.050,1,0.600,1,7.3382,8.5561,1.2180,1.5368,0.4105,0.1539,0.0613,6.0000,5.7383,1.5900,2.6177,0.5641,-110.0241,-25.0644,-109.1945,-24.8027,-109.4835,-24.8469,-110.2132,-24.6619,-114.0155,-23.7443,0.8297,0.2618,0.5407,0.2175,-0.1891,0.4025,42,0.0900,42,0,1.0000,0.0000,0.0000,-5.0005,1.2669,1.1308,-5.9963,-0.2093,0.0000,1,0.1043,0.0418,4.3900,-0.0000,1.000,70.00,342.76
4.4900,UKF,smooth,0.500,10.00,0.050,1,0.600,1,7.3547,8.5529,1.1982,1.5723,0.4105,0.1539,0.0615,6.0000,5.7383,1.5898,2.8327,0.5628,-110.1143,-25.0971,-109.1945,-24.8027,-109.4835,-24.8469,-110.2814,-24.6485,-114.0476,-23.7483,0.9198,0.2944,0.6308,0.2502,-0.1671,0.4486,42,0.1000,42,0,1.0000,0.0000,0.0000,-5.1184,1.2040,1.0785,-5.9956,-0.2298,0.0000,1,0.1043,0.0418,4.3900,-0.0000,1.000,70.00,342.76
4.5000,UKF,smooth,0.500,10.00,0.050,1,0.600,1,7.3698,8.5469,1.1771,1.6085,0.4105,0.1539,0.0618,6.0000,5.7383,1.5897,3.0613,0.5617,-110.2041,-25.1299,-109.1945,-24.8027,-109.4835,-24.8469,-110.3468,-24.6349,-114.0777,-23.7463,1.0097,0.3273,0.7207,0.2831,-0.1426,0.4951,42,0.1100,42,0,1.0000,0.0000,0.0000,-5.2346,1.1415,1.0251,-5.9948,-0.2502,0.0000,1,0.0858,0.0475,4.3900,0.0002,1.000,70.00,342.76
4.5100,UKF,smooth,0.500,10.00,0.050,1,0.600,1,7.3836,8.5383,1.1546,1.6456,0.4105,0.1539,0.0620,6.0000,5.7383,1.5895,3.3039,0.5607,-110.2938,-25.1628,-109.1945,-24.8027,-109.4835,-24.8469,-110.4094,-24.6206,-114.1055,-23.7384,1.0993,0.3601,0.8103,0.3159,-0.1156,0.5422,42,0.1200,42,0,1.0000,0.0000,0.0000,-5.3493,1.0794,0.9706,-5.9939,-0.2707,0.0000,1,0.0858,0.0475,4.3900,0.0002,1.000,70.00,342.76
4.5200,UKF,smooth,0.500,10.00,0.050,1,0.600,1,7.3962,8.5270,1.1308,1.6835,0.4105,0.1539,0.0623,6.0000,5.7383,1.5893,3.5608,0.5598,-110.3832,-25.1956,-109.1945,-24.8027,-109.4835,-24.8469,-110.4693,-24.6056,-114.1312,-23.7245,1.1887,0.3929,0.8997,0.3487,-0.0861,0.5900,42,0.1300,42,0,1.0000,0.0000,0.0000,-5.4623,1.0177,0.9153,-5.9929,-0.2911,0.0000,1,0.0858,0.0475,4.3900,0.0002,1.000,70.00,342.76
4.5300,UKF,smooth,0.500,10.00,0.050,1,0.600,1,7.4074,8.5131,1.1057,1.7222,0.4105,0.1539,0.0625,6.0000,5.7383,1.5891,3.8326,0.5589,-110.4725,-25.2283,-109.1945,-24.8027,-109.4835,-24.8469,-110.5265,-24.5895,-114.1547,-23.7049,1.2780,0.4256,0.9890,0.3814,-0.0540,0.6388,42,0.1400,42,0,1.0000,0.0000,0.0000,-5.5737,0.9564,0.8592,-5.9919,-0.3115,0.0000,1,0.0858,0.0475,4.3900,0.0002,1.000,70.00,342.76
4.5400,UKF,smooth,0.500,10.00,0.050,1,0.600,1,7.4173,8.4966,1.0793,1.7617,0.4105,0.1539,0.0628,6.0000,5.7383,1.5889,4.1199,0.5581,-110.5616,-25.2607,-109.1945,-24.8027,-109.4835,-24.8469,-110.5809,-24.5723,-114.1757,-23.6794,1.3671,0.4581,1.0782,0.4138,-0.0193,0.6884,42,0.1500,42,0,1.0000,0.0000,0.0000,-5.6837,0.8955,0.8024,-5.9908,-0.3318,0.0000,1,0.0858,0.0475,4.3900,0.0002,1.000,70.00,342.76
4.5500,UKF,smooth,0.500,10.00,0.050,1,0.600,1,7.4259,8.6161,1.1902,1.4240,0.4098,0.1552,0.0624,6.0000,5.5141,1.6019,0.9661,0.5574,-110.6506,-25.2929,-110.2041,-25.1299,-110.4880,-25.2063,-110.8287,-25.2805,-114.7566,-26.5277,0.4465,0.1629,0.1626,0.0866,-0.1781,0.0124,43,0.0500,43,0,1.0000,0.0000,0.0000,-5.7921,0.8350,0.7450,-5.9897,-0.3522,0.0000,1,0.0858,0.0475,4.5002,0.0002,1.000,70.00,342.76
4.5600,UKF,smooth,0.500,10.00,0.050,1,0.600,1,7.4333,8.6111,1.1778,1.4548,0.4098,0.1552,0.0626,6.0000,5.5141,1.6017,0.8739,0.5569,-110.7396,-25.3247,-110.2041,-25.1299,-110.4880,-25.2063,-110.9000,-25.3067,-114.7946,-26.5617,0.5355,0.1947,0.2516,0.1184,-0.1604,0.0179,43,0.0600,43,0,1.0000,0.0000,0.0000,-5.8990,0.7749,0.6871,-5.9884,-0.3725,0.0000,1,0.0858,0.0475,4.5002,0.0002,1.000,70.00,342.76
4.5700,UKF,smooth,0.500,10.00,0.050,1,0.600,1,7.4394,8.6035,1.1641,1.4866,0.4098,0.1552,0.0629,6.0000,5.5141,1.6014,0.7705,0.5564,-110.8285,-25.3561,-110.2041,-25.1299,-110.4880,-25.2063,-110.9686,-25.3325,-114.8307,-26.5928,0.6244,0.2261,0.3405,0.1498,-0.1401,0.0236,43,0.0700,43,0,1.0000,0.0000,0.0000,-6.0045,0.7151,0.6288,-5.9871,-0.3928,0.0000,1,0.0858,0.0475,4.5002,0.0002,1.000,70.00,342.76
4.5800,UKF,smooth,0.500,10.00,0.050,1,0.600,1,7.4443,8.5933,1.1490,1.5193,0.4098,0.1552,0.0631,6.0000,5.5141,1.6011,0.6576,0.5560,-110.9175,-25.3870,-110.2041,-25.1299,-110.4880,-25.2063,-111.0347,-25.3576,-114.8648,-26.6210,0.7133,0.2570,0.4294,0.1807,-0.1172,0.0294,43,0.0800,43,0,1.0000,0.0000,0.0000,-6.1085,0.6557,0.5702,-5.9858,-0.4130,0.0000,1,0.0858,0.0475,4.5002,0.0002,1.000,70.00,342.76
4.5900,UKF,smooth,0.500,10.00,0.050,1,0.600,1,7.4479,8.5806,1.1327,1.5529,0.4098,0.1552,0.0634,6.0000,5.5141,1.6008,0.5393,0.5556,-111.0064,-25.4174,-110.2041,-25.1299,-110.4880,-25.2063,-111.0982,-25.3819,-114.8969,-26.6464,0.8023,0.2874,0.5184,0.2111,-0.0918,0.0355,43,0.0900,43,0,1.0000,0.0000,0.0000,-6.2112,0.5967,0.5113,-5.9843,-0.4333,0.0000,1,0.0946,0.0569,4.5002,0.0018,1.000,70.00,342.76
4.6000,UKF,smooth,0.500,10.00,0.050,1,0.600,1,7.4503,8.5654,1.1151,1.5874,0.4098,0.1552,0.0636,6.0000,5.5141,1.6006,0.4254,0.5554,-111.0954,-25.4472,-110.2041,-25.1299,-110.4880,-25.2063,-111.1591,-25.4053,-114.9268,-26.6689,0.8913,0.3172,0.6074,0.2409,-0.0637,0.0418,43,0.1000,43,0,1.0000,0.0000,0.0000,-6.3125,0.5380,0.4522,-5.9828,-0.4535,0.0000,1,0.0946,0.0569,4.5002,0.0018,1.000,70.00,342.76
4.6100,UKF,smooth,0.500,10.00,0.050,1,0.600,1,7.4514,8.5477,1.0963,1.6227,0.4098,0.1552,0.0639,6.0000,5.5141,1.6003,0.3409,0.5552,-111.1845,-25.4764,-110.2041,-25.1299,-110.4880,-25.2063,-111.2174,-25.4278,-114.9546,-26.6887,0.9804,0.3465,0.6965,0.2701,-0.0329,0.0486,43,0.1100,43,0,1.0000,0.0000,0.0000,-6.4125,0.4797,0.3929,-5.9813,-0.4737,0.0000,1,0.0946,0.0569,4.5002,0.0018,1.000,70.00,342.76
4.6200,UKF,smooth,0.500,10.00,0.050,1,0.600,1,7.4514,8.5276,1.0762,1.6589,0.4098,0.1552,0.0642,6.0000,5.5141,1.6001,0.3339,0.5552,-111.2737,-25.5050,-110.2041,-25.1299,-110.4880,-25.2063,-111.2732,-25.4492,-114.9801,-26.7058,1.0696,0.3751,0.7857,0.2987,0.0005,0.0558,43,0.1200,43,0,1.0000,0.0000,0.0000,-6.5111,0.4217,0.3335,-5.9796,-0.4938,0.0000,1,0.0946,0.0569,4.5002,0.0018,1.000,70.00,342.76
4.6300,UKF,smooth,0.500,10.00,0.050,1,0.600,1,7.4501,8.5051,1.0550,1.6959,0.4098,0.1552,0.0644,6.0000,5.5141,1.5998,0.4282,0.5552,-111.3631,-25.5329,-110.2041,-25.1299,-110.4880,-25.2063,-111.3264,-25.4695,-115.0033,-26.7201,1.1589,0.4030,0.8750,0.3267,0.0367,0.0635,43,0.1300,43,0,1.0000,0.0000,0.0000,-6.6085,0.3640,0.2741,-5.9779,-0.5139,0.0000,1,0.0946,0.0569,4.5002,0.0018,1.000,70.00,342.76
4.6400,UKF,smooth,0.500,10.00,0.050,1,0.600,1,7.4477,8.4803,1.0326,1.7337,0.4098,0.1552,0.0647,6.0000,5.5141,1.5996,0.5916,0.5553,-111.4526,-25.5602,-110.2041,-25.1299,-110.4880,-25.2063,-111.3770,-25.4885,-115.0240,-26.7318,1.2484,0.4302,0.9646,0.3539,0.0756,0.0716,43,0.1400,43,0,1.0000,0.0000,0.0000,-6.7046,0.3067,0.2147,-5.9762,-0.5340,0.0000,1,0.0946,0.0569,4.5002,0.0018,1.000,70.00,342.76
4.6500,UKF,smooth,0.500,10.00,0.050,1,0.600,1,7.4441,8.4918,1.0476,1.4392,0.4104,0.1550,0.0655,6.0000,5.4052,2.3408,2.4183,0.5555,-111.5423,-25.5867,-111.0064,-25.4174,-111.4281,-25.3272,-111.9134,-25.3605,-116.8921,-25.9798,0.5359,0.1694,0.1142,0.2595,-0.3711,0.2262,44,0.0600,44,0,1.0000,0.0000,0.0000,-6.7995,0.2497,0.1553,-5.9744,-0.5541,0.0000,1,0.0946,0.0569,4.5918,0.0018,1.000,70.00,342.76
4.6600,UKF,smooth,0.500,10.00,0.050,1,0.600,1,7.4394,8.4727,1.0334,1.4700,0.4104,0.1550,0.0657,6.0000,5.4052,2.3405,2.4478,0.5557,-111.6322,-25.6125,-111.0064,-25.4174,-111.4281,-25.3272,-111.9976,-25.3704,-116.9620,-25.9687,0.6258,0.1951,0.2041,0.2852,-0.3654,0.2421,44,0.0700,44,0,1.0000,0.0000,0.0000,-6.8932,0.1931,0.0961,-5.9725,-0.5741,0.0000,1,0.0946,0.0569,4.5918,0.0018,1.000,70.00,342.76
4.6700,UKF,smooth,0.500,10.00,0.050,1,0.600,1,7.4335,8.4513,1.0179,1.5018,0.4104,0.1550,0.0660,6.0000,5.4052,2.3401,2.4719,0.5560,-111.7224,-25.6375,-111.0064,-25.4174,-111.4281,-25.3272,-112.0796,-25.3790,-117.0309,-25.9548,0.7160,0.2202,0.2943,0.3103,-0.3572,0.2585,44,0.0800,44,0,1.0000,0.0000,0.0000,-6.9856,0.1367,0.0369,-5.9705,-0.5942,0.0000,1,0.0946,0.0569,4.5918,0.0018,1.000,70.00,342.76
4.6800,UKF,smooth,0.500,10.00,0.050,1,0.600,1,7.4264,8.4276,1.0012,1.5345,0.4104,0.1550,0.0662,6.0000,5.4052,2.3396,2.4920,0.5565,-111.8129,-25.6618,-111.0064,-25.4174,-111.4281,-25.3272,-112.1593,-25.3864,-117.0987,-25.9381,0.8065,0.2444,0.3848,0.3345,-0.3464,0.2754,44,0.0900,44,0,1.0000,0.0000,0.0000,-7.0769,0.0807,-0.0221,-5.9685,-0.6141,0.0000,1,0.0946,0.0569,4.5918,0.0018,1.000,70.00,342.76
4.6900,UKF,smooth,0.500,10.00,0.050,1,0.600,1,7.4182,8.4016,0.9834,1.5681,0.4104,0.1550,0.0665,6.0000,5.4052,2.3391,2.5094,0.5570,-111.9037,-25.6853,-111.0064,-25.4174,-111.4281,-25.3272,-112.2367,-25.3925,-117.1653,-25.9187,0.8973,0.2679,0.4756,0.3580,-0.3329,0.2927,44,0.1000,44,0,1.0000,0.0000,0.0000,-7.1671,0.0250,-0.0808,-5.9664,-0.6341,0.0000,1,0.1140,0.0440,4.5918,-0.0019,1.000,70.00,342.76
4.7000,UKF,smooth,0.500,10.00,0.050,1,0.600,1,7.4089,8.3733,0.9644,1.6025,0.4104,0.1550,0.0667,6.0000,5.4052,2.3386,2.5259,0.5576,-111.9949,-25.7079,-111.0064,-25.4174,-111.4281,-25.3272,-112.3118,-25.3973,-117.2308,-25.8965,0.9885,0.2906,0.5668,0.3807,-0.3170,0.3106,44,0.1100,44,0,1.0000,0.0000,0.0000,-7.2562,-0.0305,-0.1394,-5.9643,-0.6540,0.0000,1,0.1140,0.0440,4.5918,-0.0019,1.000,70.00,342.76
4.7100,UKF,smooth,0.500,10.00,0.050,1,0.600,1,7.3985,8.3428,0.9443,1.6379,0.4104,0.1550,0.0670,6.0000,5.4052,2.3381,2.5433,0.5583,-112.0864,-25.7298,-111.0064,-25.4174,-111.4281,-25.3272,-112.3847,-25.4007,-117.2950,-25.8715,1.0800,0.3124,0.6583,0.4025,-0.2983,0.3291,44,0.1200,44,0,1.0000,0.0000,0.0000,-7.3441,-0.0856,-0.1976,-5.9620,-0.6739,0.0000,1,0.1140,0.0440,4.5918,-0.0019,1.000,70.00,342.76
4.7200,UKF,smooth,0.500,10.00,0.050,1,0.600,1,7.3870,8.3101,0.9231,1.6741,0.4104,0.1550,0.0672,6.0000,5.4052,2.3375,2.5636,0.5590,-112.1783,-25.7508,-111.0064,-25.4174,-111.4281,-25.3272,-112.4554,-25.4027,-117.3580,-25.8439,1.1719,0.3335,0.7502,0.4236,-0.2771,0.3481,44,0.1300,44,0,1.0000,0.0000,0.0000,-7.4310,-0.1405,-0.2556,-5.9598,-0.6937,0.0000,1,0.1140,0.0440,4.5918,-0.0019,1.000,70.00,342.76
4.7300,UKF,smooth,0.500,10.00,0.050,1,0.600,1,7.3744,8.2753,0.9009,1.7111,0.4104,0.1550,0.0675,6.0000,5.4052,2.3369,2.5891,0.5598,-112.2707,-25.7711,-111.0064,-25.4174,-111.4281,-25.3272,-112.5238,-25.4034,-117.4197,-25.8136,1.2642,0.3537,0.8426,0.4438,-0.2531,0.3677,44,0.1400,44,0,1.0000,0.0000,0.0000,-7.5169,-0.1950,-0.3132,-5.9574,-0.7135,0.0000,1,0.1140,0.0440,4.5918,-0.0019,1.000,70.00,342.76
4.7400,UKF,smooth,0.500,10.00,0.050,1,0.600,1,7.3608,8.3798,1.0191,1.3959,0.4106,0.1547,0.0679,6.0000,5.5613,2.7220,2.6935,0.5607,-112.3635,-25.7905,-111.9037,-25.6853,-112.2754,-25.3768,-112.6826,-25.4442,-117.5649,-25.8509,0.4597,0.1052,0.0880,0.4136,-0.3192,0.3462,45,0.0500,45,0,1.0000,0.0000,0.0000,-7.6017,-0.2494,-0.3704,-5.9550,-0.7333,0.0000,1,0.1140,0.0440,4.6881,-0.0019,1.000,70.00,342.76
4.7500,UKF,smooth,0.500,10.00,0.050,1,0.600,1,7.3460,8.3537,1.0077,1.4253,0.4106,0.1547,0.0682,6.0000,5.5613,2.7209,2.7078,0.5618,-112.4568,-25.8091,-111.9037,-25.6853,-112.2754,-25.3768,-112.7610,-25.4490,-117.6319,-25.8242,0.5530,0.1238,0.1813,0.4322,-0.3043,0.3600,45,0.0600,45,0,1.0000,0.0000,0.0000,-7.6855,-0.3034,-0.4272,-5.9526,-0.7531,0.0000,1,0.1140,0.0440,4.6881,-0.0019,1.000,70.00,342.76
4.7600,UKF,smooth,0.500,10.00,0.050,1,0.600,1,7.3302,8.3254,0.9951,1.4558,0.4106,0.1547,0.0684,6.0000,5.5613,2.7199,2.7208,0.5628,-112.5506,-25.8268,-111.9037,-25.6853,-112.2754,-25.3768,-112.8372,-25.4526,-117.6977,-25.7956,0.6468,0.1416,0.2751,0.4500,-0.2866,0.3743,45,0.0700,45,0,1.0000,0.0000,0.0000,-7.7683,-0.3572,-0.4835,-5.9500,-0.7728,0.0000,1,0.1140,0.0440,4.6881,-0.0019,1.000,70.00,342.76
4.7700,UKF,smooth,0.500,10.00,0.050,1,0.600,1,7.3134,8.2949,0.9815,1.4872,0.4106,0.1547,0.0687,6.0000,5.5613,2.7187,2.7340,0.5640,-112.6449,-25.8438,-111.9037,-25.6853,-112.2754,-25.3768,-112.9111,-25.4549,-117.7623,-25.7651,0.7412,0.1585,0.3695,0.4670,-0.2662,0.3889,45,0.0800,45,0,1.0000,0.0000,0.0000,-7.8502,-0.4107,-0.5393,-5.9474,-0.7924,0.0000,1,0.1140,0.0440,4.6881,-0.0019,1.000,70.00,342.76
4.7800,UKF,smooth,0.500,10.00,0.050,1,0.600,1,7.2955,8.2624,0.9669,1.5196,0.4106,0.1547,0.0689,6.0000,5.5613,2.7175,2.7494,0.5652,-112.7399,-25.8599,-111.9037,-25.6853,-112.2754,-25.3768,-112.9829,-25.4559,-117.8256,-25.7330,0.8361,0.1747,0.4644,0.4831,-0.2430,0.4040,45,0.0900,45,0,1.0000,0.0000,0.0000,-7.9312,-0.4640,-0.5946,-5.9448,-0.8121,0.0000,1,0.1140,0.0440,4.6881,-0.0019,1.000,70.00,342.76
4.7900,UKF,smooth,0.500,10.00,0.050,1,0.600,1,7.2766,8.2277,0.9511,1.5529,0.4106,0.1547,0.0692,6.0000,5.5613,2.7162,2.7690,0.5666,-112.8354,-25.8753,-111.9037,-25.6853,-112.2754,-25.3768,-113.0524,-25.4558,-117.8875,-25.6994,0.9317,0.1901,0.5600,0.4985,-0.2170,0.4195,45,0.1000,45,0,1.0000,0.0000,0.0000,-8.0112,-0.5171,-0.6493,-5.9421,-0.8317,0.0000,1,0.1140,0.0440,4.6881,-0.0019,1.000,70.00,342.76
4.8000,UKF,smooth,0.500,10.00,0.050,1,0.600,1,7.2567,8.1911,0.9344,1.5871,0.4106,0.1547,0.0694,6.0000,5.5613,2.7148,2.7949,0.5680,-112.9316,-25.8899,-111.9037,-25.6853,-112.2754,-25.3768,-113.1197,-25.4546,-117.9481,-25.6645,1.0278,0.2046,0.6561,0.5131,-0.1881,0.4353,45,0.1100,45,0,1.0000,0.0000,0.0000,-8.0904,-0.5699,-0.7033,-5.9393,-0.8513,0.0000,1,0.1140,0.0440,4.6881,-0.0019,1.000,70.00,342.76
4.8100,UKF,smooth,0.500,10.00,0.050,1,0.600,1,7.2358,8.1524,0.9166,1.6222,0.4106,0.1547,0.0697,6.0000,5.5613,2.7134,2.8293,0.5694,-113.0284,-25.9038,-111.9037,-25.6853,-112.2754,-25.3768,-113.1847,-25.4523,-118.0073,-25.6286,1.1247,0.2185,0.7530,0.5269,-0.1563,0.4515,45,0.1200,45,0,1.0000,0.0000,0.0000,-8.1687,-0.6226,-0.7567,-5.9365,-0.8708,0.0000,1,0.1032,0.0580,4.6881,-0.0004,1.000,70.00,342.76
4.8200,UKF,smooth,0.500,10.00,0.050,1,0.600,1,7.2139,8.1117,0.8978,1.6582,0.4106,0.1547,0.0699,6.0000,5.5613,2.7119,2.8743,0.5710,-113.1259,-25.9169,-111.9037,-25.6853,-112.2754,-25.3768,-113.2475,-25.4491,-118.0650,-25.5921,1.2222,0.2316,0.8505,0.5400,-0.1216,0.4678,45,0.1300,45,0,1.0000,0.0000,0.0000,-8.2461,-0.6750,-0.8094,-5.9336,-0.8903,0.0000,1,0.1032,0.0580,4.6881,-0.0004,1.000,70.00,342.76
4.8300,UKF,smooth,0.500,10.00,0.050,1,0.600,1,7.1910,8.0691,0.8781,1.6951,0.4106,0.1547,0.0701,6.0000,5.5613,2.7104,2.9322,0.5727,-113.2242,-25.9293,-111.9037,-25.6853,-112.2754,-25.3768,-113.3081,-25.4450,-118.1211,-25.5553,1.3205,0.2440,0.9488,0.5524,-0.0838,0.4843,45,0.1400,45,0,1.0000,0.0000,0.0000,-8.3228,-0.7272,-0.8612,-5.9306,-0.9097,0.0000,1,0.1032,0.0580,4.6881,-0.0004,1.000,70.00,342.76
4.8400,UKF,smooth,0.500,10.00,0.050,1,0.600,1,7.1671,8.0245,0.8575,1.7328,0.4106,0.1547,0.0704,6.0000,5.5613,2.7087,3.0049,0.5744,-113.3232,-25.9410,-111.9037,-25.6853,-112.2754,-25.3768,-113.3663,-25.4402,-118.1756,-25.5188,1.4195,0.2558,1.0478,0.5642,-0.0430,0.5008,45,0.1500,45,0,1.0000,0.0000,0.0000,-8.3987,-0.7793,-0.9122,-5.9276,-0.9291,0.0000,1,0.1032,0.0580,4.6881,-0.0004,1.000,70.00,342.76
4.8500,UKF,smooth,0.500,10.00,0.050,1,0.600,1,7.1423,7.9781,0.8359,1.7713,0.4106,0.1547,0.0706,6.0000,5.5613,2.7070,3.0939,0.5762,-113.4231,-25.9521,-111.9037,-25.6853,-112.2754,-25.3768,-113.4222,-25.4350,-118.2285,-25.4830,1.5193,0.2669,1.1476,0.5753,0.0009,0.5172,45,0.1600,45,0,1.0000,0.0000,0.0000,-8.4739,-0.8311,-0.9623,-5.9246,-0.9485,0.0000,1,0.1032,0.0580,4.6881,-0.0004,1.000,70.00,342.76
4.8600,UKF,smooth,0.500,10.00,0.050,1,0.600,1,7.1165,7.9298,0.8133,1.8106,0.4106,0.1547,0.0708,6.0000,5.5613,2.7052,3.2008,0.5781,-113.5237,-25.9627,-111.9037,-25.6853,-112.2754,-25.3768,-113.4757,-25.4294,-118.2797,-25.4488,1.6200,0.2774,1.2483,0.5859,0.0480,0.5333,45,0.1700,45,0,1.0000,0.0000,0.0000,-8.5484,-0.8829,-1.0114,-5.9214,-0.9678,0.0000,1,0.1032,0.0580,4.6881,-0.0004,1.000,70.00,342.76
4.8700,UKF,smooth,0.500,10.00,0.050,1,0.600,1,7.0897,8.3149,1.2251,1.3928,0.4107,0.1556,0.0712,6.0000,6.0985,0.5601,1.9332,0.5801,-113.6253,-25.9727,-113.0284,-25.9038,-112.9794,-25.9843,-113.3885,-26.2161,-117.0308,-28.8070,0.5969,0.0690,0.6458,-0.0116,0.2367,-0.2434,46,0.0600,46,0,1.0000,0.0000,0.0000,-8.6222,-0.9345,-1.0593,-5.9182,-0.9871,0.0000,1,0.1032,0.0580,4.8097,-0.0004,1.000,70.00,342.76
4.8800,UKF,smooth,0.500,10.00,0.050,1,0.600,1,7.0621,8.2835,1.2214,1.4227,0.4107,0.1556,0.0714,6.0000,6.0985,0.5622,2.2688,0.5822,-113.7277,-25.9823,-113.0284,-25.9038,-112.9794,-25.9843,-113.4397,-26.2598,-117.0522,-28.8752,0.6993,0.0785,0.7483,-0.0020,0.2880,-0.2775,46,0.0700,46,0,1.0000,0.0000,0.0000,-8.6954,-0.9859,-1.1060,-5.9150,-1.0064,0.0000,1,0.1032,0.0580,4.8097,-0.0004,1.000,70.00,342.76
4.8900,UKF,smooth,0.500,10.00,0.050,1,0.600,1,7.0335,8.2502,1.2168,1.4535,0.4107,0.1556,0.0716,6.0000,6.0985,0.5645,2.6224,0.5844,-113.8311,-25.9915,-113.0284,-25.9038,-112.9794,-25.9843,-113.4885,-26.3039,-117.0709,-28.9498,0.8027,0.0877,0.8516,0.0072,0.3426,-0.3124,46,0.0800,46,0,1.0000,0.0000,0.0000,-8.7681,-1.0373,-1.1513,-5.9117,-1.0256,0.0000,1,0.1032,0.0580,4.8097,-0.0004,1.000,70.00,342.76
4.9000,UKF,smooth,0.500,10.00,0.050,1,0.600,1,7.0040,8.2151,1.2111,1.4853,0.4107,0.1556,0.0718,6.0000,6.0985,0.5668,2.9951,0.5866,-113.9355,-26.0004,-113.0284,-25.9038,-112.9794,-25.9843,-113.5348,-26.3488,-117.0868,-29.0322,0.9071,0.0966,0.9560,0.0161,0.4006,-0.3484,46,0.0900,46,0,1.0000,0.0000,0.0000,-8.8402,-1.0886,-1.1951,-5.9083,-1.0448,0.0000,1,0.1032,0.0580,4.8097,-0.0004,1.000,70.00,342.76
4.9100,UKF,smooth,0.500,10.00,0.050,1,0.600,1,6.9736,8.1782,1.2046,1.5181,0.4107,0.1556,0.0721,6.0000,6.0985,0.5691,3.3886,0.5889,-114.0408,-26.0092,-113.0284,-25.9038,-112.9794,-25.9843,-113.5786,-26.3950,-117.0997,-29.1240,1.0124,0.1054,1.0614,0.0249,0.4622,-0.3858,46,0.1000,46,0,1.0000,0.0000,0.0000,-8.9119,-1.1398,-1.2372,-5.9049,-1.0639,0.0000,1,0.1032,0.0580,4.8097,-0.0004,1.000,70.00,342.76
4.9200,UKF,smooth,0.500,10.00,0.050,1,0.600,1,6.9423,8.1395,1.1972,1.5519,0.4107,0.1556,0.0723,6.0000,6.0985,0.5716,3.8046,0.5913,-114.1473,-26.0179,-113.0284,-25.9038,-112.9794,-25.9843,-113.6199,-26.4429,-117.1094,-29.2274,1.1189,0.1141,1.1678,0.0336,0.5274,-0.4250,46,0.1100,46,0,1.0000,0.0000,0.0000,-8.9832,-1.1910,-1.2772,-5.9015,-1.0830,0.0000,1,0.1011,0.0525,4.8097,0.0013,1.000,70.00,342.76
4.9300,UKF,smooth,0.500,10.00,0.050,1,0.600,1,6.9102,8.0991,1.1889,1.5865,0.4107,0.1556,0.0725,6.0000,6.0985,0.5742,4.2455,0.5938,-114.2548,-26.0268,-113.0284,-25.9038,-112.9794,-25.9843,-113.6585,-26.4933,-117.1160,-29.3452,1.2264,0.1230,1.2754,0.0425,0.5963,-0.4666,46,0.1200,46,0,1.0000,0.0000,0.0000,-9.0542,-1.2422,-1.3149,-5.8979,-1.1020,0.0000,1,0.1011,0.0525,4.8097,0.0013,1.000,70.00,342.76
4.9400,UKF,smooth,0.500,10.00,0.050,1,0.600,1,6.8771,8.0570,1.1798,1.6221,0.4107,0.1556,0.0727,6.0000,6.0985,0.5768,4.7142,0.5964,-114.3635,-26.0360,-113.0284,-25.9038,-112.9794,-25.9843,-113.6945,-26.5472,-117.1192,-29.4810,1.3351,0.1323,1.3840,0.0518,0.6689,-0.5112,46,0.1300,46,0,1.0000,0.0000,0.0000,-9.1250,-1.2935,-1.3498,-5.8943,-1.1210,0.0000,1,0.1011,0.0525,4.8097,0.0013,1.000,70.00,342.76
4.9500,UKF,smooth,0.500,10.00,0.050,1,0.600,1,6.8433,8.0133,1.1700,1.6585,0.4107,0.1556,0.0729,6.0000,6.0985,0.5796,5.2146,0.5991,-114.4733,-26.0459,-113.0284,-25.9038,-112.9794,-25.9843,-113.7279,-26.6057,-117.1189,-29.6397,1.4449,0.1422,1.4939,0.0616,0.7455,-0.5598,46,0.1400,46,0,1.0000,0.0000,0.0000,-9.1957,-1.3449,-1.3812,-5.8907,-1.1400,0.0000,1,0.1011,0.0525,4.8097,0.0013,1.000,70.00,342.76
4.9600,UKF,smooth,0.500,10.00,0.050,1,0.600,1,6.8086,7.9680,1.1594,1.6958,0.4107,0.1556,0.0731,6.0000,6.0985,0.5824,5.7520,0.6018,-114.5844,-26.0568,-113.0284,-25.9038,-112.9794,-25.9843,-113.7585,-26.6705,-117.1150,-29.8282,1.5560,0.1530,1.6050,0.0725,0.8259,-0.6138,46,0.1500,46,0,1.0000,0.0000,0.0000,-9.2666,-1.3965,-1.4083,-5.8870,-1.1589,0.0000,1,0.1011,0.0525,4.8097,0.0013,1.000,70.00,342.76
4.9700,UKF,smooth,0.500,10.00,0.050,1,0.600,1,6.7731,7.9214,1.1483,1.7340,0.4107,0.1556,0.0733,6.0000,6.0985,0.5853,6.3343,0.6046,-114.6968,-26.0691,-113.0284,-25.9038,-112.9794,-25.9843,-113.7863,-26.7443,-117.1073,-30.0566,1.6684,0.1653,1.7174,0.0848,0.9105,-0.6752,46,0.1600,46,0,1.0000,0.0000,0.0000,-9.3377,-1.4483,-1.4297,-5.8833,-1.1778,0.0000,1,0.1011,0.0525,4.8097,0.0013,1.000,70.00,342.76
4.9800,UKF,smooth,0.500,10.00,0.050,1,0.600,1,6.7368,8.3196,1.5828,1.3632,0.4118,0.1560,0.0745,6.0000,6.9421,1.7495,1.2895,0.6075,-114.8105,-26.0835,-114.1473,-26.0179,-114.4019,-25.8321,-115.0009,-25.9523,-121.7502,-26.0443,0.6633,0.0656,0.4087,0.2514,-0.1904,0.1311,47,0.0600,47,0,1.0000,0.0000,0.0000,-9.4092,-1.5004,-1.4432,-5.8795,-1.1966,0.0000,1,0.1011,0.0525,4.9213,0.0013,1.000,70.00,342.76
4.9900,UKF,smooth,0.500,10.00,0.050,1,0.600,1,6.6998,8.2887,1.5889,1.3926,0.4118,0.1560,0.0747,6.0000,6.9421,1.7468,1.2353,0.6105,-114.9257,-26.1009,-114.1473,-26.0179,-114.4019,-25.8321,-115.1069,-25.9740,-121.8753,-26.2164,0.7784,0.0830,0.5238,0.2688,-0.1812,0.1270,47,0.0700,47,0,1.0000,0.0000,0.0000,-9.4812,-1.5529,-1.4450,-5.8756,-1.2153,0.0000,1,0.1011,0.0525,4.9213,0.0013,1.000,70.00,342.76
5.0000,UKF,smooth,0.500,10.00,0.050,1,0.600,1,6.6621,8.2568,1.5947,1.4231,0.4118,0.1560,0.0749,6.0000,6.9421,1.7441,1.1303,0.6134,-115.0422,-26.1230,-114.1473,-26.0179,-114.4019,-25.8321,-115.2110,-26.0102,-122.0012,-26.4805,0.8950,0.1051,0.6404,0.2909,-0.1688,0.1128,47,0.0800,47,0,1.0000,0.0000,0.0000,-9.5529,-1.6055,-1.4275,-5.8717,-1.2341,0.0000,1,0.1011,0.0525,4.9213,0.0013,1.000,70.00,342.76
5.0100,UKF,smooth,0.500,10.00,0.050,1,0.600,1,6.6241,8.2254,1.6014,1.4545,0.4118,0.1560,0.0751,6.0000,6.9421,1.7414,0.9479,0.6164,-115.1603,-26.1523,-114.1473,-26.0179,-114.4019,-25.8321,-115.3131,-26.0731,-122.1232,-26.9072,1.0130,0.1345,0.7584,0.3202,-0.1528,0.0793,47,0.0900,47,0,1.0000,0.0000,0.0000,-9.6198,-1.6562,-1.3733,-5.8678,-1.2528,0.0000,1,0.1011,0.0525,4.9213,0.0013,1.000,70.00,342.76
5.0200,UKF,smooth,0.500,10.00,0.050,1,0.600,1,6.5862,8.1997,1.6135,1.4870,0.4118,0.1560,0.0752,6.0000,6.9421,1.7387,0.7117,0.6193,-115.2797,-26.1936,-114.1473,-26.0179,-114.4019,-25.8321,-115.4117,-26.1831,-122.2092,-27.6016,1.1324,0.1757,0.8778,0.3615,-0.1321,0.0105,47,0.1000,47,0,1.0000,0.0000,0.0000,-9.6511,-1.6923,-1.2440,-5.8638,-1.2714,0.0000,1,0.1011,0.0525,4.9213,0.0013,1.000,70.00,342.76
5.0300,UKF,smooth,0.500,10.00,0.050,1,0.600,1,6.5501,8.1908,1.6406,1.5204,0.4118,0.1560,0.0754,6.0000,6.9421,1.7362,0.6672,0.6220,-115.3998,-26.2466,-114.1473,-26.0179,-114.4019,-25.8321,-115.5023,-26.3099,-122.1627,-28.2802,1.2526,0.2287,0.9980,0.4145,-0.1024,-0.0633,47,0.1100,47,0,1.0000,0.0000,0.0000,-9.5565,-1.6762,-1.0516,-5.8597,-1.2900,0.0000,1,0.1124,0.0466,4.9213,0.0013,1.000,70.00,342.76
5.0400,UKF,smooth,0.500,10.00,0.050,1,0.600,1,6.5165,8.1938,1.6773,1.5548,0.4118,0.1560,0.0756,6.0000,6.9421,1.7339,0.6502,0.6245,-115.5202,-26.3054,-114.1473,-26.0179,-114.4019,-25.8321,-115.5849,-26.3973,-122.0226,-28.6021,1.3729,0.2875,1.1183,0.4733,-0.0647,-0.0919,47,0.1200,47,0,1.0000,0.0000,0.0000,-9.3737,-1.6228,-0.8896,-5.8556,-1.3085,0.0000,1,0.1124,0.0466,4.9213,0.0013,1.000,70.00,342.76
5.0500,UKF,smooth,0.500,10.00,0.050,1,0.600,1,6.4854,8.2025,1.7171,1.5901,0.4118,0.1560,0.0758,6.0000,6.9421,1.7318,0.5486,0.6267,-115.6407,-26.3663,-114.1473,-26.0179,-114.4019,-25.8321,-115.6627,-26.4558,-121.8617,-28.7130,1.4934,0.3484,1.2388,0.5342,-0.0220,-0.0896,47,0.1300,47,0,1.0000,0.0000,0.0000,-9.1687,-1.5588,-0.7616,-5.8514,-1.3270,0.0000,1,0.1124,0.0466,4.9213,0.0013,1.000,70.00,342.76
5.0600,UKF,smooth,0.500,10.00,0.050,1,0.600,1,6.4569,8.2163,1.7594,1.6263,0.4118,0.1560,0.0759,6.0000,6.9421,1.7298,0.4351,0.6287,-115.7612,-26.4274,-114.1473,-26.0179,-114.4019,-25.8321,-115.7357,-26.4965,-121.6914,-28.7160,1.6140,0.4095,1.3594,0.5953,0.0255,-0.0691,47,0.1400,47,0,1.0000,0.0000,0.0000,-8.9546,-1.4903,-0.6523,-5.8472,-1.3454,0.0000,1,0.1124,0.0466,4.9213,0.0013,1.000,70.00,342.76
5.0700,UKF,smooth,0.500,10.00,0.050,1,0.600,1,6.4309,8.2351,1.8042,1.6634,0.4118,0.1560,0.0761,6.0000,6.9421,1.7280,0.4688,0.6305,-115.8816,-26.4875,-114.1473,-26.0179,-114.4019,-25.8321,-115.8038,-26.5235,-121.5162,-28.6543,1.7344,0.4696,1.4798,0.6554,0.0778,-0.0360,47,0.1500,47,0,1.0000,0.0000,0.0000,-8.7358,-1.4192,-0.5545,-5.8429,-1.3638,0.0000,1,0.1124,0.0466,4.9213,0.0013,1.000,70.00,342.76
5.0800,UKF,smooth,0.500,10.00,0.050,1,0.600,1,6.4074,8.4548,2.0473,1.3259,0.4111,0.1561,0.0756,6.0000,7.8215,1.2238,2.1265,0.6322,-116.0018,-26.5458,-115.3998,-26.2466,-115.4048,-26.0405,-115.8746,-26.2091,-120.6529,-27.1566,0.6019,0.2992,0.5969,0.5054,0.1272,0.3367,48,0.0500,48,0,1.0000,0.0000,0.0000,-8.5141,-1.3465,-0.4645,-5.8386,-1.3822,0.0000,1,0.1124,0.0466,5.0313,0.0013,1.000,70.00,342.76
5.0900,UKF,smooth,0.500,10.00,0.050,1,0.600,1,6.3865,8.4646,2.0781,1.3546,0.4111,0.1561,0.0758,6.0000,7.8215,1.2224,2.4655,0.6337,-116.1215,-26.6016,-115.3998,-26.2466,-115.4048,-26.0405,-115.9531,-26.2181,-120.5340,-27.0590,0.7217,0.3551,0.7167,0.5612,0.1684,0.3835,48,0.0600,48,0,1.0000,0.0000,0.0000,-8.2906,-1.2726,-0.3804,-5.8343,-1.4005,0.0000,1,0.1124,0.0466,5.0313,0.0013,1.000,70.00,342.76
5.1000,UKF,smooth,0.500,10.00,0.050,1,0.600,1,6.3681,8.4793,2.1112,1.3844,0.4111,0.1561,0.0760,6.0000,7.8215,1.2212,2.8343,0.6348,-116.2408,-26.6545,-115.3998,-26.2466,-115.4048,-26.0405,-116.0268,-26.2212,-120.4124,-26.9426,0.8409,0.4079,0.8359,0.6140,0.2139,0.4333,48,0.0700,48,0,1.0000,0.0000,0.0000,-8.0658,-1.1976,-0.3007,-5.8299,-1.4187,0.0000,1,0.1124,0.0466,5.0313,0.0013,1.000,70.00,342.76
5.1100,UKF,smooth,0.500,10.00,0.050,1,0.600,1,6.3522,8.4989,2.1466,1.4152,0.4111,0.1561,0.0761,6.0000,7.8215,1.2203,3.2325,0.6358,-116.3593,-26.7039,-115.3998,-26.2466,-115.4048,-26.0405,-116.0957,-26.2178,-120.2887,-26.8110,0.9595,0.4574,0.9545,0.6635,0.2635,0.4861,48,0.0800,48,0,1.0000,0.0000,0.0000,-7.8401,-1.1219,-0.2245,-5.8254,-1.4369,0.0000,1,0.1124,0.0466,5.0313,0.0013,1.000,70.00,342.76
5.1200,UKF,smooth,0.500,10.00,0.050,1,0.600,1,6.3388,8.5233,2.1845,1.4470,0.4111,0.1561,0.0763,6.0000,7.8215,1.2194,3.6595,0.6366,-116.4771,-26.7496,-115.3998,-26.2466,-115.4048,-26.0405,-116.1598,-26.2079,-120.1633,-26.6671,1.0772,0.5031,1.0722,0.7092,0.3172,0.5418,48,0.0900,48,0,1.0000,0.0000,0.0000,-7.6137,-1.0454,-0.1512,-5.8209,-1.4550,0.0000,1,0.1124,0.0466,5.0313,0.0013,1.000,70.00,342.76
5.1300,UKF,smooth,0.500,10.00,0.050,1,0.600,1,6.3279,8.5527,2.2247,1.4798,0.4111,0.1561,0.0764,6.0000,7.8215,1.2188,4.1141,0.6373,-116.5940,-26.7913,-115.3998,-26.2466,-115.4048,-26.0405,-116.2191,-26.1910,-120.0369,-26.5130,1.1942,0.5447,1.1891,0.7508,0.3749,0.6003,48,0.1000,48,0,1.0000,0.0000,0.0000,-7.3867,-0.9682,-0.0804,-5.8163,-1.4731,0.0000,1,0.1124,0.0466,5.0313,0.0013,1.000,70.00,342.76
5.1400,UKF,smooth,0.500,10.00,0.050,1,0.600,1,6.3195,8.5868,2.2672,1.5135,0.4111,0.1561,0.0766,6.0000,7.8215,1.2183,4.5944,0.6376,-116.7099,-26.8287,-115.3998,-26.2466,-115.4048,-26.0405,-116.2737,-26.1673,-119.9108,-26.3511,1.3101,0.5821,1.3051,0.7882,0.4362,0.6613,48,0.1100,48,0,1.0000,0.0000,0.0000,-7.1603,-0.8908,-0.0120,-5.8117,-1.4912,0.0000,1,0.1124,0.0466,5.0313,0.0013,1.000,70.00,342.76
5.1500,UKF,smooth,0.500,10.00,0.050,1,0.600,1,6.3136,8.6254,2.3118,1.5482,0.4111,0.1561,0.0767,6.0000,7.8215,1.2180,5.0978,0.6379,-116.8248,-26.8615,-115.3998,-26.2466,-115.4048,-26.0405,-116.3238,-26.1369,-119.7862,-26.1836,1.4249,0.6149,1.4199,0.8211,0.5009,0.7246,48,0.1200,48,0,1.0000,0.0000,0.0000,-6.9357,-0.8136,0.0539,-5.8071,-1.5092,0.0000,1,0.0930,0.0567,5.0313,-0.0011,1.000,70.00,342.76
5.1600,UKF,smooth,0.500,10.00,0.050,1,0.600,1,6.3101,8.6685,2.3585,1.5838,0.4111,0.1561,0.0769,6.0000,7.8215,1.2179,5.6224,0.6380,-116.9384,-26.8898,-115.3998,-26.2466,-115.4048,-26.0405,-116.3696,-26.0998,-119.6633,-26.0117,1.5386,0.6432,1.5336,0.8493,0.5688,0.7899,48,0.1300,48,0,1.0000,0.0000,0.0000,-6.7130,-0.7365,0.1176,-5.8024,-1.5271,0.0000,1,0.0930,0.0567,5.0313,-0.0011,1.000,70.00,342.76
5.1700,UKF,smooth,0.500,10.00,0.050,1,0.600,1,6.3089,8.7161,2.4071,1.6204,0.4111,0.1561,0.0771,6.0000,7.8215,1.2179,6.1666,0.6379,-117.0509,-26.9132,-115.3998,-26.2466,-115.4048,-26.0405,-116.4112,-26.0562,-119.5424,-25.8362,1.6510,0.6666,1.6460,0.8728,0.6397,0.8570,48,0.1400,48,0,1.0000,0.0000,0.0000,-6.4922,-0.6597,0.1793,-5.7977,-1.5450,0.0000,1,0.0930,0.0567,5.0313,-0.0011,1.000,70.00,342.76
5.1800,UKF,smooth,0.500,10.00,0.050,1,0.600,1,6.3102,8.7680,2.4578,1.6578,0.4111,0.1561,0.0772,6.0000,7.8215,1.2181,6.7285,0.6377,-117.1620,-26.9318,-115.3998,-26.2466,-115.4048,-26.0405,-116.4486,-26.0062,-119.4237,-25.6580,1.7622,0.6852,1.7572,0.8914,0.7134,0.9257,48,0.1500,48,0,1.0000,0.0000,0.0000,-6.2733,-0.5831,0.2391,-5.7929,-1.5628,0.0000,1,0.0930,0.0567,5.0313,-0.0011,1.000,70.00,342.76
5.1900,UKF,smooth,0.500,10.00,0.050,1,0.600,1,6.3138,8.8242,2.5104,1.6960,0.4111,0.1561,0.0774,6.0000,7.8215,1.2184,7.3062,0.6373,-117.2717,-26.9455,-115.3998,-26.2466,-115.4048,-26.0405,-116.4822,-25.9499,-119.3073,-25.4778,1.8719,0.6989,1.8669,0.9051,0.7896,0.9957,48,0.1600,48,0,1.0000,0.0000,0.0000,-6.0564,-0.5068,0.2973,-5.7881,-1.5806,0.0000,1,0.0930,0.0567,5.0313,-0.0011,1.000,70.00,342.76
5.2000,UKF,smooth,0.500,10.00,0.050,1,0.600,1,6.3197,8.8846,2.5649,1.7351,0.4111,0.1561,0.0776,6.0000,7.8215,1.2188,7.8978,0.6367,-117.3800,-26.9542,-115.3998,-26.2466,-115.4048,-26.0405,-116.5119,-25.8875,-119.1932,-25.2960,1.9802,0.7076,1.9752,0.9137,0.8681,1.0667,48,0.1700,48,0,1.0000,0.0000,0.0000,-5.8415,-0.4307,0.3538,-5.7832,-1.5983,0.0000,1,0.0930,0.0567,5.0313,-0.0011,1.000,70.00,342.76
5.2100,UKF,smooth,0.500,10.00,0.050,1,0.600,1,6.3279,8.4863,2.1583,1.4413,0.4119,0.1576,0.0785,6.0000,6.8625,2.0853,2.6993,0.6360,-117.4867,-26.9579,-116.8248,-26.8615,-116.9944,-26.5481,-117.5935,-26.5169,-122.4521,-26.8080,0.6620,0.0964,0.4923,0.4098,-0.1068,0.4410,49,0.0600,49,0,1.0000,0.0000,0.0000,-5.6286,-0.3550,0.4087,-5.7783,-1.6160,0.0000,1,0.0930,0.0567,5.1490,-0.0011,1.000,70.00,342.76
5.2200,UKF,smooth,0.500,10.00,0.050,1,0.600,1,6.3384,8.5210,2.1825,1.4731,0.4119,0.1576,0.0787,6.0000,6.8625,2.0863,2.7715,0.6351,-117.5919,-26.9565,-116.8248,-26.8615,-116.9944,-26.5481,-117.6845,-26.5007,-122.3494,-26.6387,0.7671,0.0950,0.5975,0.4084,-0.0926,0.4558,49,0.0700,49,0,1.0000,0.0000,0.0000,-5.4177,-0.2795,0.4623,-5.7733,-1.6336,0.0000,1,0.0930,0.0567,5.1490,-0.0011,1.000,70.00,342.76
5.2300,UKF,smooth,0.500,10.00,0.050,1,0.600,1,6.3511,8.5599,2.2088,1.5058,0.4119,0.1576,0.0789,6.0000,6.8625,2.0875,2.8553,0.6342,-117.6954,-26.9501,-116.8248,-26.8615,-116.9944,-26.5481,-117.7704,-26.4775,-122.2467,-26.4672,0.8706,0.0886,0.7010,0.4020,-0.0750,0.4726,49,0.0800,49,0,1.0000,0.0000,0.0000,-5.2088,-0.2043,0.5144,-5.7683,-1.6511,0.0000,1,0.0930,0.0567,5.1490,-0.0011,1.000,70.00,342.76
5.2400,UKF,smooth,0.500,10.00,0.050,1,0.600,1,6.3661,8.6031,2.2370,1.5394,0.4119,0.1576,0.0791,6.0000,6.8625,2.0888,2.9525,0.6330,-117.7972,-26.9387,-116.8248,-26.8615,-116.9944,-26.5481,-117.8513,-26.4475,-122.1443,-26.2938,0.9725,0.0771,0.8028,0.3905,-0.0541,0.4911,49,0.0900,49,0,1.0000,0.0000,0.0000,-5.0019,-0.1295,0.5653,-5.7633,-1.6686,0.0000,1,0.0930,0.0567,5.1490,-0.0011,1.000,70.00,342.76
5.2500,UKF,smooth,0.500,10.00,0.050,1,0.600,1,6.3832,8.6504,2.2672,1.5739,0.4119,0.1576,0.0793,6.0000,6.8625,2.0903,3.0642,0.6317,-117.8973,-26.9222,-116.8248,-26.8615,-116.9944,-26.5481,-117.9273,-26.4107,-122.0424,-26.1188,1.0725,0.0607,0.9029,0.3741,-0.0300,0.5115,49,0.1000,49,0,1.0000,0.0000,0.0000,-4.7970,-0.0549,0.6148,-5.7582,-1.6861,0.0000,1,0.0802,0.0584,5.1490,0.0010,1.000,70.00,342.76
5.2600,UKF,smooth,0.500,10.00,0.050,1,0.600,1,6.4026,8.7018,2.2992,1.6093,0.4119,0.1576,0.0795,6.0000,6.8625,2.0919,3.1919,0.6302,-117.9956,-26.9009,-116.8248,-26.8615,-116.9944,-26.5481,-117.9985,-26.3673,-121.9413,-25.9424,1.1708,0.0393,1.0012,0.3527,-0.0029,0.5335,49,0.1100,49,0,1.0000,0.0000,0.0000,-4.5941,0.0193,0.6631,-5.7531,-1.7035,0.0000,1,0.0802,0.0584,5.1490,0.0010,1.000,70.00,342.76
5.2700,UKF,smooth,0.500,10.00,0.050,1,0.600,1,6.4240,8.7572,2.3331,1.6457,0.4119,0.1576,0.0797,6.0000,6.8625,2.0937,3.3363,0.6287,-118.0921,-26.8746,-116.8248,-26.8615,-116.9944,-26.5481,-118.0651,-26.3174,-121.8411,-25.7648,1.2673,0.0130,1.0977,0.3265,0.0271,0.5571,49,0.1200,49,0,1.0000,0.0000,0.0000,-4.3931,0.0933,0.7101,-5.7479,-1.7208,0.0000,1,0.0802,0.0584,5.1490,0.0010,1.000,70.00,342.76
5.2800,UKF,smooth,0.500,10.00,0.050,1,0.600,1,6.4476,8.8165,2.3689,1.6828,0.4119,0.1576,0.0799,6.0000,6.8625,2.0956,3.4984,0.6269,-118.1868,-26.8434,-116.8248,-26.8615,-116.9944,-26.5481,-118.1270,-26.2611,-121.7419,-25.5861,1.3620,-0.0181,1.1924,0.2953,0.0598,0.5823,49,0.1300,49,0,1.0000,0.0000,0.0000,-4.1941,0.1669,0.7559,-5.7427,-1.7381,0.0000,1,0.0802,0.0584,5.1490,0.0010,1.000,70.00,342.76
5.2900,UKF,smooth,0.500,10.00,0.050,1,0.600,1,6.4733,8.8797,2.4064,1.7209,0.4119,0.1576,0.0801,6.0000,6.8625,2.0977,3.6788,0.6251,-118.2796,-26.8075,-116.8248,-26.8615,-116.9944,-26.5481,-118.1845,-26.1985,-121.6440,-25.4061,1.4548,-0.0540,1.2852,0.2594,0.0951,0.6090,49,0.1400,49,0,1.0000,0.0000,0.0000,-3.9970,0.2402,0.8003,-5.7375,-1.7553,0.0000,1,0.0802,0.0584,5.1490,0.0010,1.000,70.00,342.76
5.3000,UKF,smooth,0.500,10.00,0.050,1,0.600,1,6.5011,8.9467,2.4456,1.7597,0.4119,0.1576,0.0803,6.0000,6.8625,2.0999,3.8784,0.6231,-118.3705,-26.7668,-116.8248,-26.8615,-116.9944,-26.5481,-118.2378,-26.1295,-121.5473,-25.2245,1.5458,-0.0947,1.3761,0.2187,0.1328,0.6373,49,0.1500,49,0,1.0000,0.0000,0.0000,-3.8018,0.3132,0.8432,-5.7322,-1.7725,0.0000,1,0.0802,0.0584,5.1490,0.0010,1.000,70.00,342.76
5.3100,UKF,smooth,0.500,10.00,0.050,1,0.600,1,6.5310,8.7893,2.2583,1.4466,0.4114,0.1589,0.0800,6.0000,6.4952,0.7296,0.8204,0.6210,-118.4596,-26.7214,-117.8973,-26.9222,-117.9647,-26.8184,-118.3140,-26.7652,-121.3418,-26.8185,0.5623,-0.2008,0.4949,-0.0970,0.1456,-0.0438,50,0.0600,50,0,1.0000,0.0000,0.0000,-3.6082,0.3861,0.8843,-5.7269,-1.7896,0.0000,1,0.0802,0.0584,5.2510,0.0010,1.000,70.00,342.76
5.3200,UKF,smooth,0.500,10.00,0.050,1,0.600,1,6.5629,8.8409,2.2780,1.4779,0.4114,0.1589,0.0802,6.0000,6.4952,0.7321,1.0159,0.6188,-118.5467,-26.6712,-117.8973,-26.9222,-117.9647,-26.8184,-118.3736,-26.7414,-121.2636,-26.6470,0.6494,-0.2510,0.5821,-0.1472,0.1731,-0.0702,50,0.0700,50,0,1.0000,0.0000,0.0000,-3.4161,0.4588,0.9223,-5.7216,-1.8066,0.0000,1,0.0802,0.0584,5.2510,0.0010,1.000,70.00,342.76
5.3300,UKF,smooth,0.500,10.00,0.050,1,0.600,1,6.5968,8.8960,2.2993,1.5102,0.4114,0.1589,0.0805,6.0000,6.4952,0.7347,1.2122,0.6165,-118.6319,-26.6155,-117.8973,-26.9222,-117.9647,-26.8184,-118.4288,-26.7056,-121.1852,-26.4450,0.7346,-0.3067,0.6673,-0.2029,0.2031,-0.0901,50,0.0800,50,0,1.0000,0.0000,0.0000,-3.2239,0.5322,0.9497,-5.7162,-1.8236,0.0000,1,0.0802,0.0584,5.2510,0.0010,1.000,70.00,342.76
5.3400,UKF,smooth,0.500,10.00,0.050,1,0.600,1,6.6291,8.9235,2.2944,1.5433,0.4114,0.1589,0.0807,6.0000,6.4952,0.7371,1.4727,0.6143,-118.7166,-26.5597,-117.8973,-26.9222,-117.9647,-26.8184,-118.4879,-26.6969,-121.2050,-26.4229,0.8193,-0.3625,0.7520,-0.2587,0.2287,-0.1372,50,0.0900,50,0,1.0000,0.0000,0.0000,-3.3413,0.4527,0.8730,-5.7107,-1.8405,0.0000,1,0.0908,0.0403,5.2510,0.0000,1.000,70.00,342.76
5.3500,UKF,smooth,0.500,10.00,0.050,1,0.600,1,6.6599,8.9481,2.2882,1.5775,0.4114,0.1589,0.0809,6.0000,6.4952,0.7394,1.7828,0.6123,-118.8008,-26.5049,-117.8973,-26.9222,-117.9647,-26.8184,-118.5446,-26.6955,-121.2245,-26.4399,0.9035,-0.4174,0.8361,-0.3135,0.2562,-0.1907,50,0.1000,50,0,1.0000,0.0000,0.0000,-3.4612,0.3718,0.8089,-5.7053,-1.8574,0.0000,1,0.0908,0.0403,5.2510,0.0000,1.000,70.00,342.76
5.3600,UKF,smooth,0.500,10.00,0.050,1,0.600,1,6.6892,8.9698,2.2806,1.6125,0.4114,0.1589,0.0811,6.0000,6.4952,0.7416,2.1210,0.6104,-118.8845,-26.4512,-117.8973,-26.9222,-117.9647,-26.8184,-118.5989,-26.6971,-121.2427,-26.4670,0.9872,-0.4710,0.9199,-0.3672,0.2856,-0.2459,50,0.1100,50,0,1.0000,0.0000,0.0000,-3.5806,0.2910,0.7484,-5.6998,-1.8742,0.0000,1,0.0908,0.0403,5.2510,0.0000,1.000,70.00,342.76
5.3700,UKF,smooth,0.500,10.00,0.050,1,0.600,1,6.7170,8.9886,2.2716,1.6484,0.4114,0.1589,0.0814,6.0000,6.4952,0.7436,2.4796,0.6086,-118.9679,-26.3988,-117.8973,-26.9222,-117.9647,-26.8184,-118.6509,-26.7011,-121.2594,-26.5005,1.0706,-0.5234,1.0032,-0.4196,0.3170,-0.3023,50,0.1200,50,0,1.0000,0.0000,0.0000,-3.6990,0.2105,0.6900,-5.6942,-1.8910,0.0000,1,0.0908,0.0403,5.2510,0.0000,1.000,70.00,342.76
5.3800,UKF,smooth,0.500,10.00,0.050,1,0.600,1,6.7433,9.0045,2.2612,1.6851,0.4114,0.1589,0.0816,6.0000,6.4952,0.7455,2.8547,0.6069,-119.0508,-26.3477,-117.8973,-26.9222,-117.9647,-26.8184,-118.7005,-26.7075,-121.2746,-26.5390,1.1535,-0.5746,1.0862,-0.4707,0.3503,-0.3598,50,0.1300,50,0,1.0000,0.0000,0.0000,-3.8164,0.1303,0.6333,-5.6887,-1.9077,0.0000,1,0.0908,0.0403,5.2510,0.0000,1.000,70.00,342.76
5.3900,UKF,smooth,0.500,10.00,0.050,1,0.600,1,6.7682,8.8851,2.1170,1.4508,0.4121,0.1591,0.0825,6.0000,6.1174,0.7805,0.9566,0.6053,-119.1335,-26.2979,-118.7166,-26.5597,-118.6182,-26.4638,-118.9648,-26.3499,-121.9960,-25.2943,0.4169,-0.2619,0.5153,-0.1660,0.1687,-0.0520,51,0.0500,51,0,1.0000,0.0000,0.0000,-3.9327,0.0506,0.5781,-5.6831,-1.9243,0.0000,1,0.0908,0.0403,5.3401,0.0000,1.000,70.00,342.76
5.4000,UKF,smooth,0.500,10.00,0.050,1,0.600,1,6.7916,8.9036,2.1120,1.4816,0.4121,0.1591,0.0827,6.0000,6.1174,0.7807,1.1143,0.6039,-119.2159,-26.2494,-118.7166,-26.5597,-118.6182,-26.4638,-119.0294,-26.3315,-122.0266,-25.3101,0.4993,-0.3103,0.5977,-0.2145,0.1865,-0.0821,51,0.0600,51,0,1.0000,0.0000,0.0000,-4.0479,-0.0287,0.5242,-5.6774,-1.9409,0.0000,1,0.0908,0.0403,5.3401,0.0000,1.000,70.00,342.76
5.4100,UKF,smooth,0.500,10.00,0.050,1,0.600,1,6.8136,8.9192,2.1057,1.5133,0.4121,0.1591,0.0830,6.0000,6.1174,0.7809,1.2967,0.6026,-119.2980,-26.2022,-118.7166,-26.5597,-118.6182,-26.4638,-119.0918,-26.3152,-122.0559,-25.3295,0.5814,-0.3575,0.6798,-0.2616,0.2063,-0.1130,51,0.0700,51,0,1.0000,0.0000,0.0000,-4.1620,-0.1077,0.4717,-5.6717,-1.9574,0.0000,1,0.0908,0.0403,5.3401,0.0000,1.000,70.00,342.76
5.4200,UKF,smooth,0.500,10.00,0.050,1,0.600,1,6.8342,8.9321,2.0979,1.5459,0.4121,0.1591,0.0832,6.0000,6.1174,0.7810,1.4990,0.6014,-119.3800,-26.1564,-118.7166,-26.5597,-118.6182,-26.4638,-119.1519,-26.3010,-122.0839,-25.3526,0.6634,-0.4033,0.7618,-0.3074,0.2281,-0.1446,51,0.0800,51,0,1.0000,0.0000,0.0000,-4.2749,-0.1862,0.4205,-5.6660,-1.9738,0.0000,1,0.0908,0.0403,5.3401,0.0000,1.000,70.00,342.76
5.4300,UKF,smooth,0.500,10.00,0.050,1,0.600,1,6.8534,8.9421,2.0888,1.5795,0.4121,0.1591,0.0834,6.0000,6.1174,0.7811,1.7184,0.6002,-119.4618,-26.1120,-118.7166,-26.5597,-118.6182,-26.4638,-119.2098,-26.2891,-122.1105,-25.3796,0.7452,-0.4477,0.8435,-0.3518,0.2520,-0.1771,51,0.0900,51,0,1.0000,0.0000,0.0000,-4.3868,-0.2643,0.3705,-5.6603,-1.9902,0.0000,1,0.0908,0.0403,5.3401,0.0000,1.000,70.00,342.76
5.4400,UKF,smooth,0.500,10.00,0.050,1,0.600,1,6.8712,8.9495,2.0783,1.6140,0.4121,0.1591,0.0837,6.0000,6.1174,0.7813,1.9532,0.5992,-119.5435,-26.0690,-118.7166,-26.5597,-118.6182,-26.4638,-119.2655,-26.2796,-122.1358,-25.4105,0.8269,-0.4908,0.9252,-0.3949,0.2780,-0.2106,51,0.1000,51,0,1.0000,0.0000,0.0000,-4.4976,-0.3419,0.3217,-5.6545,-2.0065,0.0000,1,0.1014,0.0513,5.3401,0.0008,1.000,70.00,342.76
5.4500,UKF,smooth,0.500,10.00,0.050,1,0.600,1,6.8876,8.9542,2.0665,1.6493,0.4121,0.1591,0.0839,6.0000,6.1174,0.7818,2.2029,0.5984,-119.6252,-26.0273,-118.7166,-26.5597,-118.6182,-26.4638,-119.3190,-26.2724,-122.1596,-25.4456,0.9085,-0.5324,1.0069,-0.4365,0.3062,-0.2451,51,0.1100,51,0,1.0000,0.0000,0.0000,-4.6073,-0.4192,0.2741,-5.6487,-2.0228,0.0000,1,0.1014,0.0513,5.3401,0.0008,1.000,70.00,342.76
5.4600,UKF,smooth,0.500,10.00,0.050,1,0.600,1,6.9027,8.9562,2.0535,1.6856,0.4121,0.1591,0.0841,6.0000,6.1174,0.7823,2.4667,0.5977,-119.7068,-25.9870,-118.7166,-26.5597,-118.6182,-26.4638,-119.3704,-26.2678,-122.1819,-25.4851,0.9901,-0.5727,1.0885,-0.4768,0.3364,-0.2808,51,0.1200,51,0,1.0000,0.0000,0.0000,-4.7159,-0.4961,0.2278,-5.6429,-2.0390,0.0000,1,0.1014,0.0513,5.3401,0.0008,1.000,70.00,342.76
5.4700,UKF,smooth,0.500,10.00,0.050,1,0.600,1,6.9165,8.9557,2.0393,1.7227,0.4121,0.1591,0.0842,6.0000,6.1174,0.7828,2.7445,0.5970,-119.7883,-25.9482,-118.7166,-26.5597,-118.6182,-26.4638,-119.4197,-26.2658,-122.2028,-25.5291,1.0717,-0.6115,1.1701,-0.5156,0.3687,-0.3176,51,0.1300,51,0,1.0000,0.0000,0.0000,-4.8235,-0.5725,0.1826,-5.6371,-2.0552,0.0000,1,0.1014,0.0513,5.3401,0.0008,1.000,70.00,342.76
5.4800,UKF,smooth,0.500,10.00,0.050,1,0.600,1,6.9289,8.9527,2.0238,1.7606,0.4121,0.1591,0.0844,6.0000,6.1174,0.7832,3.0364,0.5965,-119.8699,-25.9108,-118.7166,-26.5597,-118.6182,-26.4638,-119.4668,-26.2666,-122.2220,-25.5779,1.1533,-0.6489,1.2517,-0.5530,0.4031,-0.3558,51,0.1400,51,0,1.0000,0.0000,0.0000,-4.9299,-0.6486,0.1387,-5.6312,-2.0712,0.0000,1,0.1014,0.0513,5.3401,0.0008,1.000,70.00,342.76
5.4900,UKF,smooth,0.500,10.00,0.050,1,0.600,1,6.9400,8.9471,2.0071,1.7993,0.4121,0.1591,0.0846,6.0000,6.1174,0.7835,3.3428,0.5960,-119.9515,-25.8749,-118.7166,-26.5597,-118.6182,-26.4638,-119.5119,-26.2703,-122.2396,-25.6318,1.2349,-0.6848,1.3333,-0.5889,0.4396,-0.3953,51,0.1500,51,0,1.0000,0.0000,0.0000,-5.0354,-0.7242,0.0959,-5.6252,-2.0873,0.0000,1,0.1014,0.0513,5.3401,0.0008,1.000,70.00,342.76
5.5000,UKF,smooth,0.500,10.00,0.050,1,0.600,1,6.9498,8.7923,1.8425,1.5087,0.4123,0.1580,0.0850,6.0000,5.6494,0.6051,1.1654,0.5956,-120.0331,-25.8405,-119.5435,-26.0690,-119.6289,-26.1355,-120.0084,-26.0340,-123.8549,-24.9344,0.4897,-0.2285,0.4043,-0.2950,0.0247,-0.1935,52,0.0600,52,0,1.0000,0.0000,0.0000,-5.1398,-0.7995,0.0544,-5.6193,-2.1032,0.0000,1,0.1014,0.0513,5.4408,0.0008,1.000,70.00,342.76
5.5100,UKF,smooth,0.500,10.00,0.050,1,0.600,1,6.9584,8.7899,1.8315,1.5405,0.4123,0.1580,0.0852,6.0000,5.6494,0.6049,1.2885,0.5954,-120.1148,-25.8076,-119.5435,-26.0690,-119.6289,-26.1355,-120.0825,-26.0210,-123.9107,-24.9740,0.5714,-0.2614,0.4860,-0.3279,0.0323,-0.2134,52,0.0700,52,0,1.0000,0.0000,0.0000,-5.2432,-0.8743,0.0141,-5.6133,-2.1191,0.0000,1,0.1014,0.0513,5.4408,0.0008,1.000,70.00,342.76
5.5200,UKF,smooth,0.500,10.00,0.050,1,0.600,1,6.9657,8.7849,1.8193,1.5732,0.4123,0.1580,0.0854,6.0000,5.6494,0.6047,1.4212,0.5952,-120.1967,-25.7762,-119.5435,-26.0690,-119.6289,-26.1355,-120.1547,-26.0108,-123.9656,-25.0189,0.6532,-0.2927,0.5678,-0.3592,0.0420,-0.2346,52,0.0800,52,0,1.0000,0.0000,0.0000,-5.3455,-0.9488,-0.0250,-5.6073,-2.1349,0.0000,1,0.1014,0.0513,5.4408,0.0008,1.000,70.00,342.76
5.5300,UKF,smooth,0.500,10.00,0.050,1,0.600,1,6.9717,8.7775,1.8058,1.6069,0.4123,0.1580,0.0856,6.0000,5.6494,0.6046,1.5647,0.5950,-120.2786,-25.7465,-119.5435,-26.0690,-119.6289,-26.1355,-120.2250,-26.0035,-124.0199,-25.0693,0.7352,-0.3225,0.6498,-0.3890,0.0536,-0.2571,52,0.0900,52,0,1.0000,0.0000,0.0000,-5.4469,-1.0228,-0.0628,-5.6013,-2.1507,0.0000,1,0.1014,0.0513,5.4408,0.0008,1.000,70.00,342.76
5.5400,UKF,smooth,0.500,10.00,0.050,1,0.600,1,6.9765,8.7677,1.7912,1.6415,0.4123,0.1580,0.0858,6.0000,5.6494,0.6044,1.7199,0.5950,-120.3607,-25.7183,-119.5435,-26.0690,-119.6289,-26.1355,-120.2934,-25.9994,-124.0734,-25.1257,0.8173,-0.3506,0.7319,-0.4171,0.0673,-0.2810,52,0.1000,52,0,1.0000,0.0000,0.0000,-5.5472,-1.0965,-0.0994,-5.5952,-2.1664,0.0000,1,0.1014,0.0513,5.4408,0.0008,1.000,70.00,342.76
5.5500,UKF,smooth,0.500,10.00,0.050,1,0.600,1,6.9801,8.7555,1.7754,1.6769,0.4123,0.1580,0.0860,6.0000,5.6494,0.6044,1.8881,0.5950,-120.4430,-25.6918,-119.5435,-26.0690,-119.6289,-26.1355,-120.3600,-25.9985,-124.1261,-25.1884,0.8996,-0.3771,0.8142,-0.4436,0.0831,-0.3066,52,0.1100,52,0,1.0000,0.0000,0.0000,-5.6466,-1.1698,-0.1347,-5.5892,-2.1820,0.0000,1,0.1081,0.0447,5.4408,0.0008,1.000,70.00,342.76
5.5600,UKF,smooth,0.500,10.00,0.050,1,0.600,1,6.9825,8.7410,1.7585,1.7132,0.4123,0.1580,0.0862,6.0000,5.6494,0.6043,2.0701,0.5951,-120.5256,-25.6671,-119.5435,-26.0690,-119.6289,-26.1355,-120.4247,-26.0010,-124.1781,-25.2580,0.9821,-0.4019,0.8967,-0.4684,0.1009,-0.3339,52,0.1200,52,0,1.0000,0.0000,0.0000,-5.7450,-1.2428,-0.1687,-5.5831,-2.1976,0.0000,1,0.1081,0.0447,5.4408,0.0008,1.000,70.00,342.76
5.5700,UKF,smooth,0.500,10.00,0.050,1,0.600,1,6.9836,8.7242,1.7405,1.7504,0.4123,0.1580,0.0864,6.0000,5.6494,0.6043,2.2672,0.5954,-120.6083,-25.6440,-119.5435,-26.0690,-119.6289,-26.1355,-120.4875,-26.0071,-124.2292,-25.3348,1.0648,-0.4249,0.9795,-0.4915,0.1208,-0.3631,52,0.1300,52,0,1.0000,0.0000,0.0000,-5.8425,-1.3153,-0.2014,-5.5769,-2.2131,0.0000,1,0.1081,0.0447,5.4408,0.0008,1.000,70.00,342.76
5.5800,UKF,smooth,0.500,10.00,0.050,1,0.600,1,6.9836,8.7051,1.7215,1.7884,0.4123,0.1580,0.0865,6.0000,5.6494,0.6043,2.4804,0.5956,-120.6913,-25.6228,-119.5435,-26.0690,-119.6289,-26.1355,-120.5486,-26.0170,-124.2794,-25.4194,1.1479,-0.4462,1.0625,-0.5127,0.1427,-0.3942,52,0.1400,52,0,1.0000,0.0000,0.0000,-5.9390,-1.3875,-0.2328,-5.5708,-2.2286,0.0000,1,0.1081,0.0447,5.4408,0.0008,1.000,70.00,342.76
5.5900,UKF,smooth,0.500,10.00,0.050,1,0.600,1,6.9825,8.6839,1.7014,1.8272,0.4123,0.1580,0.0867,6.0000,5.6494,0.6043,2.7107,0.5959,-120.7747,-25.6034,-119.5435,-26.0690,-119.6289,-26.1355,-120.6079,-26.0310,-124.3288,-25.5123,1.2312,-0.4655,1.1458,-0.5320,0.1668,-0.4275,52,0.1500,52,0,1.0000,0.0000,0.0000,-6.0345,-1.4594,-0.2628,-5.5646,-2.2439,0.0000,1,0.1081,0.0447,5.4408,0.0008,1.000,70.00,342.76
5.6000,UKF,smooth,0.500,10.00,0.050,1,0.600,1,6.9801,8.7378,1.7576,1.4665,0.4121,0.1588,0.0867,6.0000,5.7756,1.4841,2.1748,0.5964,-120.8583,-25.5860,-120.4430,-25.6918,-120.2442,-25.8632,-120.5114,-25.7715,-123.5306,-24.7609,0.4153,-0.1058,0.6141,-0.2772,0.3469,-0.1855,53,0.0500,53,0,1.0000,0.0000,0.0000,-6.1292,-1.5309,-0.2913,-5.5584,-2.2593,0.0000,1,0.1081,0.0447,5.5509,0.0008,1.000,70.00,342.76
5.6100,UKF,smooth,0.500,10.00,0.050,1,0.600,1,6.9767,8.7254,1.7487,1.4966,0.4121,0.1588,0.0869,6.0000,5.7756,1.4846,2.3387,0.5968,-120.9423,-25.5706,-120.4430,-25.6918,-120.2442,-25.8632,-120.5646,-25.7627,-123.5613,-24.8329,0.4993,-0.1213,0.6981,-0.2926,0.3777,-0.1922,53,0.0600,53,0,1.0000,0.0000,0.0000,-6.2229,-1.6020,-0.3184,-5.5522,-2.2745,0.0000,1,0.1081,0.0447,5.5509,0.0008,1.000,70.00,342.76
5.6200,UKF,smooth,0.500,10.00,0.050,1,0.600,1,6.9721,8.7107,1.7386,1.5278,0.4121,0.1588,0.0871,6.0000,5.7756,1.4851,2.5195,0.5974,-121.0267,-25.5572,-120.4430,-25.6918,-120.2442,-25.8632,-120.6159,-25.7578,-123.5905,-24.9132,0.5836,-0.1347,0.7825,-0.3060,0.4108,-0.2006,53,0.0700,53,0,1.0000,0.0000,0.0000,-6.3157,-1.6728,-0.3441,-5.5459,-2.2897,0.0000,1,0.1081,0.0447,5.5509,0.0008,1.000,70.00,342.76
5.6300,UKF,smooth,0.500,10.00,0.050,1,0.600,1,6.9664,8.6939,1.7274,1.5598,0.4121,0.1588,0.0873,6.0000,5.7756,1.4858,2.7172,0.5980,-121.1115,-25.5459,-120.4430,-25.6918,-120.2442,-25.8632,-120.6652,-25.7569,-123.6181,-25.0026,0.6684,-0.1459,0.8673,-0.3172,0.4462,-0.2110,53,0.0800,53,0,1.0000,0.0000,0.0000,-6.4076,-1.7432,-0.3682,-5.5397,-2.3048,0.0000,1,0.1081,0.0447,5.5509,0.0008,1.000,70.00,342.76
5.6400,UKF,smooth,0.500,10.00,0.050,1,0.600,1,6.9596,8.6749,1.7152,1.5928,0.4121,0.1588,0.0874,6.0000,5.7756,1.4864,2.9323,0.5987,-121.1966,-25.5369,-120.4430,-25.6918,-120.2442,-25.8632,-120.7127,-25.7604,-123.6442,-25.1017,0.7536,-0.1549,0.9524,-0.3262,0.4839,-0.2234,53,0.0900,53,0,1.0000,0.0000,0.0000,-6.4986,-1.8133,-0.3906,-5.5334,-2.3199,0.0000,1,0.1081,0.0447,5.5509,0.0008,1.000,70.00,342.76
5.6500,UKF,smooth,0.500,10.00,0.050,1,0.600,1,6.9518,8.6538,1.7020,1.6268,0.4121,0.1588,0.0876,6.0000,5.7756,1.4872,3.1649,0.5995,-121.2823,-25.5303,-120.4430,-25.6918,-120.2442,-25.8632,-120.7582,-25.7684,-123.6685,-25.2114,0.8392,-0.1616,1.0381,-0.3329,0.5240,-0.2382,53,0.1000,53,0,1.0000,0.0000,0.0000,-6.5888,-1.8831,-0.4115,-5.5271,-2.3349,0.0000,1,0.1081,0.0447,5.5509,0.0008,1.000,70.00,342.76
5.6600,UKF,smooth,0.500,10.00,0.050,1,0.600,1,6.9429,8.6307,1.6878,1.6616,0.4121,0.1588,0.0878,6.0000,5.7756,1.4880,3.4159,0.6003,-121.3684,-25.5260,-120.4430,-25.6918,-120.2442,-25.8632,-120.8018,-25.7814,-123.6911,-25.3325,0.9254,-0.1658,1.1242,-0.3372,0.5666,-0.2554,53,0.1100,53,0,1.0000,0.0000,0.0000,-6.6780,-1.9525,-0.4306,-5.5207,-2.3498,0.0000,1,0.1095,0.0558,5.5509,0.0001,1.000,70.00,342.76
5.6700,UKF,smooth,0.500,10.00,0.050,1,0.600,1,6.9329,8.6056,1.6727,1.6973,0.4121,0.1588,0.0880,6.0000,5.7756,1.4888,3.6859,0.6012,-121.4550,-25.5243,-120.4430,-25.6918,-120.2442,-25.8632,-120.8435,-25.7996,-123.7118,-25.4661,1.0120,-0.1675,1.2108,-0.3389,0.6115,-0.2753,53,0.1200,53,0,1.0000,0.0000,0.0000,-6.7664,-2.0216,-0.4479,-5.5144,-2.3646,0.0000,1,0.1095,0.0558,5.5509,0.0001,1.000,70.00,342.76
5.6800,UKF,smooth,0.500,10.00,0.050,1,0.600,1,6.9219,8.5785,1.6566,1.7339,0.4121,0.1588,0.0881,6.0000,5.7756,1.4898,3.9757,0.6021,-121.5422,-25.5253,-120.4430,-25.6918,-120.2442,-25.8632,-120.8832,-25.8235,-123.7306,-25.6132,1.0991,-0.1666,1.2980,-0.3379,0.6590,-0.2982,53,0.1300,53,0,1.0000,0.0000,0.0000,-6.8539,-2.0904,-0.4633,-5.5080,-2.3794,0.0000,1,0.1095,0.0558,5.5509,0.0001,1.000,70.00,342.76
5.6900,UKF,smooth,0.500,10.00,0.050,1,0.600,1,6.9099,8.5496,1.6397,1.7714,0.4121,0.1588,0.0883,6.0000,5.7756,1.4907,4.2866,0.6031,-121.6299,-25.5290,-120.4430,-25.6918,-120.2442,-25.8632,-120.9209,-25.8534,-123.7473,-25.7752,1.1869,-0.1628,1.3857,-0.3341,0.7090,-0.3244,53,0.1400,53,0,1.0000,0.0000,0.0000,-6.9406,-2.1588,-0.4766,-5.5016,-2.3941,0.0000,1,0.1095,0.0558,5.5509,0.0001,1.000,70.00,342.76
5.7000,UKF,smooth,0.500,10.00,0.050,1,0.600,1,6.8969,8.5189,1.6219,1.8096,0.4121,0.1588,0.0885,6.0000,5.7756,1.4917,4.6196,0.6042,-121.7182,-25.5357,-120.4430,-25.6918,-120.2442,-25.8632,-120.9566,-25.8898,-123.7619,-25.9533,1.2752,-0.1561,1.4740,-0.3274,0.7616,-0.3541,53,0.1500,53,0,1.0000,0.0000,0.0000,-7.0264,-2.2269,-0.4878,-5.4952,-2.4088,0.0000,1,0.1095,0.0558,5.5509,0.0001,1.000,70.00,342.76
5.7100,UKF,smooth,0.500,10.00,0.050,1,0.600,1,6.8829,8.4864,1.6034,1.8487,0.4121,0.1588,0.0886,6.0000,5.7756,1.4928,4.9764,0.6053,-121.8072,-25.5455,-120.4430,-25.6918,-120.2442,-25.8632,-120.9903,-25.9334,-123.7742,-26.1493,1.3641,-0.1463,1.5630,-0.3176,0.8169,-0.3879,53,0.1600,53,0,1.0000,0.0000,0.0000,-7.1114,-2.2947,-0.4968,-5.4888,-2.4234,0.0000,1,0.1095,0.0558,5.5509,0.0001,1.000,70.00,342.76
5.7200,UKF,smooth,0.500,10.00,0.050,1,0.600,1,6.8680,8.4253,1.5573,1.4674,0.4123,0.1592,0.0890,6.0000,5.6049,0.7862,0.7237,0.6065,-121.8967,-25.5586,-121.3684,-25.5260,-121.4963,-25.5887,-122.0238,-25.5199,-127.8882,-24.7348,0.5283,0.0326,0.4004,-0.0301,-0.1270,0.0387,54,0.0600,54,0,1.0000,0.0000,0.0000,-7.1955,-2.3622,-0.5032,-5.4824,-2.4379,0.0000,1,0.1095,0.0558,5.6601,0.0001,1.000,70.00,342.76
5.7300,UKF,smooth,0.500,10.00,0.050,1,0.600,1,6.8521,8.3978,1.5457,1.4978,0.4123,0.1592,0.0892,6.0000,5.6049,0.7864,0.7768,0.6077,-121.9870,-25.5751,-121.3684,-25.5260,-121.4963,-25.5887,-122.1212,-25.5282,-128.0126,-24.8977,0.6186,0.0491,0.4906,-0.0135,-0.1342,0.0469,54,0.0700,54,0,1.0000,0.0000,0.0000,-7.2787,-2.4294,-0.5070,-5.4759,-2.4524,0.0000,1,0.1095,0.0558,5.6601,0.0001,1.000,70.00,342.76
5.7400,UKF,smooth,0.500,10.00,0.050,1,0.600,1,6.8353,8.3686,1.5332,1.5293,0.4123,0.1592,0.0893,6.0000,5.6049,0.7866,0.8132,0.6090,-122.0779,-25.5954,-121.3684,-25.5260,-121.4963,-25.5887,-122.2172,-25.5436,-128.1382,-25.0809,0.7095,0.0694,0.5816,0.0067,-0.1393,0.0518,54,0.0800,54,0,1.0000,0.0000,0.0000,-7.3611,-2.4962,-0.5079,-5.4695,-2.4667,0.0000,1,0.1095,0.0558,5.6601,0.0001,1.000,70.00,342.76
5.7500,UKF,smooth,0.500,10.00,0.050,1,0.600,1,6.8176,8.3376,1.5200,1.5617,0.4123,0.1592,0.0895,6.0000,5.6049,0.7867,0.8309,0.6103,-122.1696,-25.6196,-121.3684,-25.5260,-121.4963,-25.5887,-122.3120,-25.5667,-128.2652,-25.2867,0.8012,0.0936,0.6732,0.0309,-0.1424,0.0529,54,0.0900,54,0,1.0000,0.0000,0.0000,-7.4425,-2.5626,-0.5055,-5.4630,-2.4811,0.0000,1,0.1095,0.0558,5.6601,0.0001,1.000,70.00,342.76
5.7600,UKF,smooth,0.500,10.00,0.050,1,0.600,1,6.7991,8.3051,1.5060,1.5950,0.4123,0.1592,0.0896,6.0000,5.6049,0.7868,0.8285,0.6116,-122.2620,-25.6480,-121.3684,-25.5260,-121.4963,-25.5887,-122.4054,-25.5984,-128.3935,-25.5182,0.8936,0.1220,0.7657,0.0593,-0.1434,0.0496,54,0.1000,54,0,1.0000,0.0000,0.0000,-7.5230,-2.6287,-0.4995,-5.4565,-2.4953,0.0000,1,0.1095,0.0558,5.6601,0.0001,1.000,70.00,342.76
5.7700,UKF,smooth,0.500,10.00,0.050,1,0.600,1,6.7797,8.2711,1.4914,1.6293,0.4123,0.1592,0.0898,6.0000,5.6049,0.7870,0.8063,0.6130,-122.3552,-25.6809,-121.3684,-25.5260,-121.4963,-25.5887,-122.4976,-25.6397,-128.5231,-25.7788,0.9869,0.1549,0.8589,0.0923,-0.1423,0.0413,54,0.1100,54,0,1.0000,0.0000,0.0000,-7.6024,-2.6943,-0.4894,-5.4500,-2.5095,0.0000,1,0.1188,0.0548,5.6601,0.0009,1.000,70.00,342.76
5.7800,UKF,smooth,0.500,10.00,0.050,1,0.600,1,6.7595,8.2357,1.4763,1.6645,0.4123,0.1592,0.0899,6.0000,5.6049,0.7871,0.7673,0.6144,-122.4493,-25.7188,-121.3684,-25.5260,-121.4963,-25.5887,-122.5884,-25.6917,-128.6541,-26.0729,1.0809,0.1928,0.9530,0.1301,-0.1391,0.0271,54,0.1200,54,0,1.0000,0.0000,0.0000,-7.6808,-2.7595,-0.4746,-5.4435,-2.5236,0.0000,1,0.1188,0.0548,5.6601,0.0009,1.000,70.00,342.76
5.7900,UKF,smooth,0.500,10.00,0.050,1,0.600,1,6.7385,8.1992,1.4607,1.7005,0.4123,0.1592,0.0900,6.0000,5.6049,0.7873,0.7218,0.6159,-122.5442,-25.7620,-121.3684,-25.5260,-121.4963,-25.5887,-122.6780,-25.7561,-128.7862,-26.4058,1.1758,0.2360,1.0479,0.1733,-0.1338,0.0058,54,0.1300,54,0,1.0000,0.0000,0.0000,-7.7578,-2.8240,-0.4543,-5.4369,-2.5376,0.0000,1,0.1188,0.0548,5.6601,0.0009,1.000,70.00,342.76
5.8000,UKF,smooth,0.500,10.00,0.050,1,0.600,1,6.7168,8.1616,1.4449,1.7375,0.4123,0.1592,0.0902,6.0000,5.6049,0.7874,0.6949,0.6173,-122.6400,-25.8110,-121.3684,-25.5260,-121.4963,-25.5887,-122.7663,-25.8348,-128.9194,-26.7841,1.2716,0.2850,1.1436,0.2224,-0.1263,-0.0238,54,0.1400,54,0,1.0000,0.0000,0.0000,-7.8333,-2.8878,-0.4275,-5.4304,-2.5516,0.0000,1,0.1188,0.0548,5.6601,0.0009,1.000,70.00,342.76
5.8100,UKF,smooth,0.500,10.00,0.050,1,0.600,1,6.6944,8.1234,1.4290,1.7752,0.4123,0.1592,0.0903,6.0000,5.6049,0.7876,0.7341,0.6188,-122.7367,-25.8665,-121.3684,-25.5260,-121.4963,-25.5887,-122.8532,-25.9302,-129.0531,-27.2164,1.3683,0.3405,1.2403,0.2779,-0.1166,-0.0637,54,0.1500,54,0,1.0000,0.0000,0.0000,-7.9068,-2.9506,-0.3926,-5.4238,-2.5655,0.0000,1,0.1188,0.0548,5.6601,0.0009,1.000,70.00,342.76
5.8200,UKF,smooth,0.500,10.00,0.050,1,0.600,1,6.6714,8.0850,1.4136,1.8138,0.4123,0.1592,0.0904,6.0000,5.6049,0.7878,0.8956,0.6203,-122.8343,-25.9292,-121.3684,-25.5260,-121.4963,-25.5887,-122.9388,-26.0458,-129.1866,-27.7139,1.4659,0.4032,1.3379,0.3406,-0.1046,-0.1165,54,0.1600,54,0,1.0000,0.0000,0.0000,-7.9775,-3.0120,-0.3475,-5.4173,-2.5794,0.0000,1,0.1188,0.0548,5.6601,0.0009,1.000,70.00,342.76
5.8300,UKF,smooth,0.500,10.00,0.050,1,0.600,1,6.6479,8.3416,1.6937,1.3954,0.4117,0.1612,0.0899,6.0000,6.0923,1.3595,1.5854,0.6217,-122.9329,-26.0001,-122.3552,-25.6809,-122.6028,-25.6333,-123.1725,-25.8459,-129.3649,-27.6953,0.5776,0.3191,0.3301,0.3668,-0.2396,0.1542,55,0.0600,55,0,1.0000,0.0000,0.0000,-8.0442,-3.0710,-0.2890,-5.4107,-2.5931,0.0000,1,0.1188,0.0548,5.7709,0.0009,1.000,70.00,342.76
5.8400,UKF,smooth,0.500,10.00,0.050,1,0.600,1,6.6241,8.3153,1.6912,1.4248,0.4117,0.1612,0.0900,6.0000,6.0923,1.3586,1.5672,0.6232,-123.0324,-26.0803,-122.3552,-25.6809,-122.6028,-25.6333,-123.2708,-25.9295,-129.4881,-28.2162,0.6771,0.3994,0.4296,0.4471,-0.2384,0.1508,55,0.0700,55,0,1.0000,0.0000,0.0000,-8.1038,-3.1259,-0.2123,-5.4041,-2.6068,0.0000,1,0.1188,0.0548,5.7709,0.0009,1.000,70.00,342.76
5.8500,UKF,smooth,0.500,10.00,0.050,1,0.600,1,6.6003,8.2903,1.6901,1.4552,0.4117,0.1612,0.0901,6.0000,6.0923,1.3577,1.4943,0.6245,-123.1329,-26.1715,-122.3552,-25.6809,-122.6028,-25.6333,-123.3674,-26.0371,-129.6009,-28.8314,0.7777,0.4905,0.5301,0.5382,-0.2345,0.1344,55,0.0800,55,0,1.0000,0.0000,0.0000,-8.1500,-3.1727,-0.1096,-5.3975,-2.6205,0.0000,1,0.1188,0.0548,5.7709,0.0009,1.000,70.00,342.76
5.8600,UKF,smooth,0.500,10.00,0.050,1,0.600,1,6.5768,8.2692,1.6924,1.4867,0.4117,0.1612,0.0902,6.0000,6.0923,1.3568,1.3665,0.6257,-123.2343,-26.2751,-122.3552,-25.6809,-122.6028,-25.6333,-123.4618,-26.1726,-129.6882,-29.5410,0.8791,0.5942,0.6315,0.6419,-0.2275,0.1025,55,0.0900,55,0,1.0000,0.0000,0.0000,-8.1674,-3.2020,0.0289,-5.3909,-2.6340,0.0000,1,0.1188,0.0548,5.7709,0.0009,1.000,70.00,342.76
5.8700,UKF,smooth,0.500,10.00,0.050,1,0.600,1,6.5545,8.2568,1.7023,1.5191,0.4117,0.1612,0.0903,6.0000,6.0923,1.3561,1.2214,0.6267,-123.3364,-26.3915,-122.3552,-25.6809,-122.6028,-25.6333,-123.5530,-26.3279,-129.7188,-30.2474,0.9812,0.7105,0.7337,0.7582,-0.2165,0.0636,55,0.1000,55,0,1.0000,0.0000,0.0000,-8.1238,-3.1935,0.2030,-5.3843,-2.6475,0.0000,1,0.1188,0.0548,5.7709,0.0009,1.000,70.00,342.76
5.8800,UKF,smooth,0.500,10.00,0.050,1,0.600,1,6.5343,8.2563,1.7220,1.5525,0.4117,0.1612,0.0904,6.0000,6.0923,1.3554,1.1153,0.6275,-123.4389,-26.5162,-122.3552,-25.6809,-122.6028,-25.6333,-123.6393,-26.4653,-129.6689,-30.6973,1.0837,0.8352,0.8362,0.8829,-0.2004,0.0509,55,0.1100,55,0,1.0000,0.0000,0.0000,-7.9947,-3.1318,0.3719,-5.3777,-2.6610,0.0000,1,0.1188,0.0548,5.7709,0.0009,1.000,70.00,342.76
5.8900,UKF,smooth,0.500,10.00,0.050,1,0.600,1,6.5166,8.2648,1.7483,1.5869,0.4117,0.1612,0.0905,6.0000,6.0923,1.3548,1.0890,0.6280,-123.5417,-26.6431,-122.3552,-25.6809,-122.6028,-25.6333,-123.7211,-26.5570,-129.5645,-30.7981,1.1864,0.9621,0.9389,1.0098,-0.1794,0.0860,55,0.1200,55,0,1.0000,0.0000,0.0000,-7.8079,-3.0338,0.4968,-5.3710,-2.6743,0.0000,1,0.0929,0.0536,5.7709,0.0004,1.000,70.00,342.76
5.9000,UKF,smooth,0.500,10.00,0.050,1,0.600,1,6.5014,8.2787,1.7773,1.6222,0.4117,0.1612,0.0906,6.0000,6.0923,1.3544,1.2720,0.6283,-123.6445,-26.7675,-122.3552,-25.6809,-122.6028,-25.6333,-123.7992,-26.6060,-129.4411,-30.6547,1.2892,1.0866,1.0417,1.1343,-0.1547,0.1616,55,0.1300,55,0,1.0000,0.0000,0.0000,-7.5998,-2.9217,0.5782,-5.3644,-2.6876,0.0000,1,0.0929,0.0536,5.7709,0.0004,1.000,70.00,342.76
5.9100,UKF,smooth,0.500,10.00,0.050,1,0.600,1,6.4887,8.2966,1.8079,1.6584,0.4117,0.1612,0.0907,6.0000,6.0923,1.3540,1.7341,0.6285,-123.7472,-26.8866,-122.3552,-25.6809,-122.6028,-25.6333,-123.8739,-26.6197,-129.3120,-30.3606,1.3920,1.2057,1.1445,1.2534,-0.1266,0.2669,55,0.1400,55,0,1.0000,0.0000,0.0000,-7.3847,-2.8046,0.6284,-5.3578,-2.7008,0.0000,1,0.0929,0.0536,5.7709,0.0004,1.000,70.00,342.76
5.9200,UKF,smooth,0.500,10.00,0.050,1,0.600,1,6.4784,8.3184,1.8400,1.6956,0.4117,0.1612,0.0908,6.0000,6.0923,1.3537,2.4222,0.6285,-123.8498,-26.9983,-122.3552,-25.6809,-122.6028,-25.6333,-123.9451,-26.6024,-129.1806,-29.9651,1.4946,1.3173,1.2471,1.3650,-0.0953,0.3959,55,0.1500,55,0,1.0000,0.0000,0.0000,-7.1669,-2.6852,0.6564,-5.3511,-2.7140,0.0000,1,0.0929,0.0536,5.7709,0.0004,1.000,70.00,342.76
5.9300,UKF,smooth,0.500,10.00,0.050,1,0.600,1,6.4704,8.3438,1.8734,1.7336,0.4117,0.1612,0.0909,6.0000,6.0923,1.3535,3.2759,0.6284,-123.9522,-27.1010,-122.3552,-25.6809,-122.6028,-25.6333,-124.0129,-26.5561,-129.0486,-29.4953,1.5970,1.4200,1.3495,1.4677,-0.0607,0.5449,55,0.1600,55,0,1.0000,0.0000,0.0000,-6.9481,-2.5646,0.6673,-5.3445,-2.7270,0.0000,1,0.0929,0.0536,5.7709,0.0004,1.000,70.00,342.76
5.9400,UKF,smooth,0.500,10.00,0.050,1,0.600,1,6.4647,8.3728,1.9081,1.7725,0.4117,0.1612,0.0910,6.0000,6.0923,1.3534,4.2606,0.6282,-124.0543,-27.1934,-122.3552,-25.6809,-122.6028,-25.6333,-124.0772,-26.4815,-128.9169,-28.9671,1.6991,1.5125,1.4515,1.5601,-0.0229,0.7119,55,0.1700,55,0,1.0000,0.0000,0.0000,-6.7293,-2.4437,0.6642,-5.3378,-2.7401,0.0000,1,0.0929,0.0536,5.7709,0.0004,1.000,70.00,342.76
5.9500,UKF,smooth,0.500,10.00,0.050,1,0.600,1,6.4611,8.2292,1.7681,1.3864,0.4109,0.1623,0.0903,6.0000,5.9811,2.1909,1.9385,0.6278,-124.1559,-27.2745,-123.5417,-26.6431,-123.8963,-26.8275,-124.4180,-27.0496,-129.6544,-29.7676,0.6142,0.6315,0.2596,0.4470,-0.2621,0.2250,56,0.0600,56,0,1.0000,0.0000,0.0000,-6.5111,-2.3227,0.6492,-5.3311,-2.7530,0.0000,1,0.0929,0.0536,5.8904,0.0004,1.000,70.00,342.76
5.9600,UKF,smooth,0.500,10.00,0.050,1,0.600,1,6.4596,8.2395,1.7798,1.4164,0.4109,0.1623,0.0904,6.0000,5.9811,2.1907,2.2488,0.6274,-124.2570,-27.3436,-123.5417,-26.6431,-123.8963,-26.8275,-124.5052,-27.0394,-129.5545,-29.2499,0.7153,0.7005,0.3607,0.5161,-0.2483,0.3042,56,0.0700,56,0,1.0000,0.0000,0.0000,-6.2954,-2.2027,0.6235,-5.3245,-2.7659,0.0000,1,0.0929,0.0536,5.8904,0.0004,1.000,70.00,342.76
5.9700,UKF,smooth,0.500,10.00,0.050,1,0.600,1,6.4602,8.2534,1.7932,1.4473,0.4109,0.1623,0.0905,6.0000,5.9811,2.1904,2.6550,0.6269,-124.3574,-27.3998,-123.5417,-26.6431,-123.8963,-26.8275,-124.5889,-27.0066,-129.4555,-28.7000,0.8157,0.7568,0.4611,0.5723,-0.2315,0.3932,56,0.0800,56,0,1.0000,0.0000,0.0000,-6.0832,-2.0844,0.5882,-5.3178,-2.7787,0.0000,1,0.0929,0.0536,5.8904,0.0004,1.000,70.00,342.76
5.9800,UKF,smooth,0.500,10.00,0.050,1,0.600,1,6.4627,8.2706,1.8078,1.4793,0.4109,0.1623,0.0906,6.0000,5.9811,2.1901,3.1522,0.6264,-124.4572,-27.4427,-123.5417,-26.6431,-123.8963,-26.8275,-124.6690,-26.9506,-129.3578,-28.1205,0.9155,0.7996,0.5609,0.6151,-0.2118,0.4921,56,0.0900,56,0,1.0000,0.0000,0.0000,-5.8747,-1.9680,0.5438,-5.3111,-2.7914,0.0000,1,0.0929,0.0536,5.8904,0.0004,1.000,70.00,342.76
5.9900,UKF,smooth,0.500,10.00,0.050,1,0.600,1,6.4671,8.2908,1.8237,1.5122,0.4109,0.1623,0.0907,6.0000,5.9811,2.1899,3.7353,0.6259,-124.5562,-27.4716,-123.5417,-26.6431,-123.8963,-26.8275,-124.7456,-26.8704,-129.2619,-27.5130,1.0145,0.8285,0.6599,0.6441,-0.1894,0.6012,56,0.1000,56,0,1.0000,0.0000,0.0000,-5.6705,-1.8537,0.4906,-5.3045,-2.8040,0.0000,1,0.0859,0.0583,5.8904,-0.0009,1.000,70.00,342.76
6.0000,UKF,smooth,0.500,10.00,0.050,1,0.600,1,6.4732,8.3138,1.8406,1.5461,0.4109,0.1623,0.0908,6.0000,5.9811,2.1897,4.4000,0.6253,-124.6544,-27.4861,-123.5417,-26.6431,-123.8963,-26.8275,-124.8188,-26.7654,-129.1681,-26.8784,1.1127,0.8431,0.7581,0.6586,-0.1644,0.7208,56,0.1100,56,0,1.0000,0.0000,0.0000,-5.4709,-1.7419,0.4285,-5.2978,-2.8166,0.0000,1,0.0859,0.0583,5.8904,-0.0009,1.000,70.00,342.76
6.0100,UKF,smooth,0.500,10.00,0.050,1,0.600,1,6.4810,8.3392,1.8582,1.5809,0.4109,0.1623,0.0909,6.0000,5.9811,2.1895,5.1440,0.6247,-124.7517,-27.4859,-123.5417,-26.6431,-123.8963,-26.8275,-124.8885,-26.6348,-129.0768,-26.2168,1.2101,0.8428,0.8555,0.6584,-0.1368,0.8511,56,0.1200,56,0,1.0000,0.0000,0.0000,-5.2764,-1.6328,0.3575,-5.2911,-2.8291,0.0000,1,0.0859,0.0583,5.8904,-0.0009,1.000,70.00,342.76
6.0200,UKF,smooth,0.500,10.00,0.050,1,0.600,1,6.4904,8.3668,1.8764,1.6166,0.4109,0.1623,0.0910,6.0000,5.9811,2.1893,5.9664,0.6241,-124.8481,-27.4704,-123.5417,-26.6431,-123.8963,-26.8275,-124.9549,-26.4777,-128.9884,-25.5274,1.3064,0.8273,0.9518,0.6429,-0.1068,0.9927,56,0.1300,56,0,1.0000,0.0000,0.0000,-5.0877,-1.5270,0.2769,-5.2844,-2.8416,0.0000,1,0.0859,0.0583,5.8904,-0.0009,1.000,70.00,342.76
6.0300,UKF,smooth,0.500,10.00,0.050,1,0.600,1,6.5012,8.3959,1.8947,1.6532,0.4109,0.1623,0.0911,6.0000,5.9811,2.1892,6.8678,0.6235,-124.9435,-27.4392,-123.5417,-26.6431,-123.8963,-26.8275,-125.0182,-26.2933,-128.9034,-24.8088,1.4019,0.7962,1.0472,0.6117,-0.0747,1.1459,56,0.1400,56,0,1.0000,0.0000,0.0000,-4.9059,-1.4252,0.1861,-5.2778,-2.8540,0.0000,1,0.0859,0.0583,5.8904,-0.0009,1.000,70.00,342.76
6.0400,UKF,smooth,0.500,10.00,0.050,1,0.600,1,6.5133,8.4260,1.9126,1.6906,0.4109,0.1623,0.0912,6.0000,5.9811,2.1891,7.8502,0.6229,-125.0379,-27.3920,-123.5417,-26.6431,-123.8963,-26.8275,-125.0784,-26.0806,-128.8226,-24.0587,1.4963,0.7490,1.1417,0.5645,-0.0405,1.3115,56,0.1500,56,0,1.0000,0.0000,0.0000,-4.7323,-1.3283,0.0838,-5.2711,-2.8663,0.0000,1,0.0859,0.0583,5.8904,-0.0009,1.000,70.00,342.76
6.0500,UKF,smooth,0.500,10.00,0.050,1,0.600,1,6.5266,8.5021,1.9756,1.3765,0.4105,0.1650,0.0910,6.0000,5.9105,0.9438,1.1712,0.6225,-125.1313,-27.3284,-124.5562,-27.4716,-124.6768,-27.5880,-125.1213,-27.5240,-128.4644,-27.5378,0.5751,-0.1432,0.4545,-0.2596,0.0100,-0.1956,57,0.0600,57,0,1.0000,0.0000,0.0000,-4.5694,-1.2380,-0.0315,-5.2644,-2.8785,0.0000,1,0.0859,0.0583,5.9891,-0.0009,1.000,70.00,342.76
6.0600,UKF,smooth,0.500,10.00,0.050,1,0.600,1,6.5408,8.5241,1.9833,1.4066,0.4105,0.1650,0.0911,6.0000,5.9105,0.9436,1.1266,0.6220,-125.2237,-27.2480,-124.5562,-27.4716,-124.6768,-27.5880,-125.1839,-27.4330,-128.4118,-26.8638,0.6675,-0.2236,0.5469,-0.3400,0.0398,-0.1850,57,0.0700,57,0,1.0000,0.0000,0.0000,-4.4208,-1.1568,-0.1619,-5.2578,-2.8907,0.0000,1,0.0859,0.0583,5.9891,-0.0009,1.000,70.00,342.76
6.0700,UKF,smooth,0.500,10.00,0.050,1,0.600,1,6.5556,8.5454,1.9897,1.4377,0.4105,0.1650,0.0912,6.0000,5.9105,0.9435,1.0507,0.6216,-125.3150,-27.1506,-124.5562,-27.4716,-124.6768,-27.5880,-125.2437,-27.3144,-128.3658,-26.1600,0.7588,-0.3210,0.6382,-0.4374,0.0713,-0.1638,57,0.0800,57,0,1.0000,0.0000,0.0000,-4.2931,-1.0892,-0.3095,-5.2511,-2.9028,0.0000,1,0.0859,0.0583,5.9891,-0.0009,1.000,70.00,342.76
6.0800,UKF,smooth,0.500,10.00,0.050,1,0.600,1,6.5707,8.5640,1.9934,1.4698,0.4105,0.1650,0.0914,6.0000,5.9105,0.9435,0.9785,0.6214,-125.4053,-27.0365,-124.5562,-27.4716,-124.6768,-27.5880,-125.3011,-27.1711,-128.3302,-25.4425,0.8491,-0.4351,0.7285,-0.5515,0.1043,-0.1347,57,0.0900,57,0,1.0000,0.0000,0.0000,-4.1976,-1.0429,-0.4749,-5.2444,-2.9148,0.0000,1,0.0877,0.0575,5.9891,0.0007,1.000,70.00,342.76
6.0900,UKF,smooth,0.500,10.00,0.050,1,0.600,1,6.5854,8.5773,1.9919,1.5028,0.4105,0.1650,0.0915,6.0000,5.9105,0.9436,0.9789,0.6213,-125.4949,-26.9074,-124.5562,-27.4716,-124.6768,-27.5880,-125.3567,-27.0151,-128.3111,-24.7656,0.9387,-0.5642,0.8181,-0.6806,0.1382,-0.1077,57,0.1000,57,0,1.0000,0.0000,0.0000,-4.1523,-1.0302,-0.6501,-5.2378,-2.9267,0.0000,1,0.0877,0.0575,5.9891,0.0007,1.000,70.00,342.76
6.1000,UKF,smooth,0.500,10.00,0.050,1,0.600,1,6.5991,8.5829,1.9837,1.5368,0.4105,0.1650,0.0916,6.0000,5.9105,0.9438,1.1196,0.6214,-125.5838,-26.7679,-124.5562,-27.4716,-124.6768,-27.5880,-125.4111,-26.8741,-128.3135,-24.2468,1.0276,-0.7037,0.9070,-0.8201,0.1727,-0.1062,57,0.1100,57,0,1.0000,0.0000,0.0000,-4.1724,-1.0617,-0.8075,-5.2311,-2.9386,0.0000,1,0.0877,0.0575,5.9891,0.0007,1.000,70.00,342.76
6.1100,UKF,smooth,0.500,10.00,0.050,1,0.600,1,6.6116,8.5823,1.9707,1.5718,0.4105,0.1650,0.0917,6.0000,5.9105,0.9440,1.4397,0.6215,-125.6722,-26.6247,-124.5562,-27.4716,-124.6768,-27.5880,-125.4644,-26.7778,-128.3334,-23.9889,1.1160,-0.8469,0.9954,-0.9633,0.2078,-0.1531,57,0.1200,57,0,1.0000,0.0000,0.0000,-4.2462,-1.1299,-0.9127,-5.2245,-2.9504,0.0000,1,0.0877,0.0575,5.9891,0.0007,1.000,70.00,342.76
6.1200,UKF,smooth,0.500,10.00,0.050,1,0.600,1,6.6227,8.5789,1.9562,1.6077,0.4105,0.1650,0.0918,6.0000,5.9105,0.9443,1.9787,0.6218,-125.7603,-26.4832,-124.5562,-27.4716,-124.6768,-27.5880,-125.5163,-26.7318,-128.3610,-23.9738,1.2041,-0.9884,1.0835,-1.1048,0.2440,-0.2486,57,0.1300,57,0,1.0000,0.0000,0.0000,-4.3447,-1.2151,-0.9603,-5.2178,-2.9622,0.0000,1,0.0877,0.0575,5.9891,0.0007,1.000,70.00,342.76
6.1300,UKF,smooth,0.500,10.00,0.050,1,0.600,1,6.6327,8.5746,1.9419,1.6445,0.4105,0.1650,0.0919,6.0000,5.9105,0.9446,2.7309,0.6222,-125.8480,-26.3470,-124.5562,-27.4716,-124.6768,-27.5880,-125.5663,-26.7276,-128.3897,-24.1308,1.2918,-1.1246,1.1712,-1.2410,0.2817,-0.3806,57,0.1400,57,0,1.0000,0.0000,0.0000,-4.4492,-1.3046,-0.9641,-5.2112,-2.9738,0.0000,1,0.0877,0.0575,5.9891,0.0007,1.000,70.00,342.76
6.1400,UKF,smooth,0.500,10.00,0.050,1,0.600,1,6.6416,8.9472,2.3056,1.4057,0.4094,0.1657,0.0909,6.0000,6.6147,1.9669,4.4665,0.6225,-125.9355,-26.2183,-125.4053,-27.0365,-125.7398,-27.1755,-126.2586,-26.9067,-130.4113,-24.7622,0.5301,-0.8182,0.1957,-0.9572,-0.3232,-0.6884,58,0.0600,58,0,1.0000,0.0000,0.0000,-4.5523,-1.3933,-0.9383,-5.2045,-2.9854,0.0000,1,0.0877,0.0575,6.0807,0.0007,1.000,70.00,342.76
6.1500,UKF,smooth,0.500,10.00,0.050,1,0.600,1,6.6496,8.9595,2.3099,1.4364,0.4094,0.1657,0.0910,6.0000,6.6147,1.9671,5.1283,0.6229,-126.0227,-26.0984,-125.4053,-27.0365,-125.7398,-27.1755,-126.3468,-26.9050,-130.4805,-25.0422,0.6173,-0.9381,0.2829,-1.0771,-0.3241,-0.8067,58,0.0700,58,0,1.0000,0.0000,0.0000,-4.6517,-1.4796,-0.8922,-5.1979,-2.9970,0.0000,1,0.0877,0.0575,6.0807,0.0007,1.000,70.00,342.76
6.1600,UKF,smooth,0.500,10.00,0.050,1,0.600,1,6.6568,8.9707,2.3139,1.4681,0.4094,0.1657,0.0911,6.0000,6.6147,1.9673,5.8460,0.6232,-126.1097,-25.9881,-125.4053,-27.0365,-125.7398,-27.1755,-126.4331,-26.9214,-130.5479,-25.3713,0.7043,-1.0484,0.3699,-1.1874,-0.3234,-0.9333,58,0.0800,58,0,1.0000,0.0000,0.0000,-4.7469,-1.5633,-0.8322,-5.1913,-3.0084,0.0000,1,0.0877,0.0575,6.0807,0.0007,1.000,70.00,342.76
6.1700,UKF,smooth,0.500,10.00,0.050,1,0.600,1,6.6632,8.9810,2.3177,1.5008,0.4094,0.1657,0.0912,6.0000,6.6147,1.9675,6.6149,0.6236,-126.1964,-25.8879,-125.4053,-27.0365,-125.7398,-27.1755,-126.5175,-26.9555,-130.6135,-25.7388,0.7911,-1.1486,0.4566,-1.2876,-0.3210,-1.0676,58,0.0900,58,0,1.0000,0.0000,0.0000,-4.8382,-1.6444,-0.7624,-5.1847,-3.0198,0.0000,1,0.0932,0.0404,6.0807,0.0006,1.000,70.00,342.76
6.1800,UKF,smooth,0.500,10.00,0.050,1,0.600,1,6.6690,8.9904,2.3214,1.5345,0.4094,0.1657,0.0913,6.0000,6.6147,1.9676,7.4309,0.6239,-126.2831,-25.7982,-125.4053,-27.0365,-125.7398,-27.1755,-126.6000,-27.0073,-130.6776,-26.1377,0.8777,-1.2383,0.5433,-1.3774,-0.3169,-1.2091,58,0.1000,58,0,1.0000,0.0000,0.0000,-4.9260,-1.7232,-0.6855,-5.1781,-3.0311,0.0000,1,0.0932,0.0404,6.0807,0.0006,1.000,70.00,342.76
6.1900,UKF,smooth,0.500,10.00,0.050,1,0.600,1,6.6742,8.9991,2.3250,1.5691,0.4094,0.1657,0.0914,6.0000,6.6147,1.9677,8.2903,0.6241,-126.3695,-25.7191,-125.4053,-27.0365,-125.7398,-27.1755,-126.6807,-27.0763,-130.7400,-26.5630,0.9642,-1.3174,0.6297,-1.4565,-0.3112,-1.3573,58,0.1100,58,0,1.0000,0.0000,0.0000,-5.0106,-1.8000,-0.6036,-5.1715,-3.0423,0.0000,1,0.0932,0.0404,6.0807,0.0006,1.000,70.00,342.76
6.2000,UKF,smooth,0.500,10.00,0.050,1,0.600,1,6.6787,9.0071,2.3284,1.6046,0.4094,0.1657,0.0915,6.0000,6.6147,1.9677,9.1900,0.6243,-126.4558,-25.6507,-125.4053,-27.0365,-125.7398,-27.1755,-126.7596,-27.1623,-130.8011,-27.0111,1.0505,-1.3858,0.7160,-1.5248,-0.3038,-1.5116,58,0.1200,58,0,1.0000,0.0000,0.0000,-5.0926,-1.8750,-0.5182,-5.1649,-3.0535,0.0000,1,0.0932,0.0404,6.0807,0.0006,1.000,70.00,342.76
6.2100,UKF,smooth,0.500,10.00,0.050,1,0.600,1,6.6828,9.0144,2.3316,1.6410,0.4094,0.1657,0.0916,6.0000,6.6147,1.9678,10.1270,0.6245,-126.5420,-25.5931,-125.4053,-27.0365,-125.7398,-27.1755,-126.8367,-27.2649,-130.8609,-27.4790,1.1367,-1.4433,0.8022,-1.5824,-0.2947,-1.6717,58,0.1300,58,0,1.0000,0.0000,0.0000,-5.1723,-1.9486,-0.4306,-5.1583,-3.0646,0.0000,1,0.0932,0.0404,6.0807,0.0006,1.000,70.00,342.76
6.2200,UKF,smooth,0.500,10.00,0.050,1,0.600,1,6.6862,9.3098,2.6236,1.4424,0.4077,0.1654,0.0900,6.0000,7.6112,2.6731,3.9969,0.6247,-126.6281,-25.5463,-126.1964,-25.8879,-126.5289,-26.2201,-126.9577,-26.1450,-130.7012,-24.2113,0.4317,-0.3416,0.0992,-0.6738,-0.3296,-0.5987,59,0.0500,59,0,1.0000,0.0000,0.0000,-5.2502,-2.0211,-0.3416,-5.1517,-3.0756,0.0000,1,0.0932,0.0404,6.1706,0.0006,1.000,70.00,342.76
6.2300,UKF,smooth,0.500,10.00,0.050,1,0.600,1,6.6892,9.3274,2.6382,1.4735,0.4077,0.1654,0.0901,6.0000,7.6112,2.6731,4.2002,0.6248,-126.7142,-25.5102,-126.1964,-25.8879,-126.5289,-26.2201,-127.0377,-26.1491,-130.7523,-24.5608,0.5178,-0.3777,0.1853,-0.7099,-0.3235,-0.6389,59,0.0600,59,0,1.0000,0.0000,0.0000,-5.3264,-2.0925,-0.2520,-5.1452,-3.0866,0.0000,1,0.0932,0.0404,6.1706,0.0006,1.000,70.00,342.76
6.2400,UKF,smooth,0.500,10.00,0.050,1,0.600,1,6.6916,9.3440,2.6524,1.5056,0.4077,0.1654,0.0902,6.0000,7.6112,2.6731,4.4283,0.6248,-126.8002,-25.4848,-126.1964,-25.8879,-126.5289,-26.2201,-127.1158,-26.1683,-130.8025,-24.9227,0.6038,-0.4031,0.2713,-0.7353,-0.3156,-0.6835,59,0.0700,59,0,1.0000,0.0000,0.0000,-5.4014,-2.1632,-0.1626,-5.1386,-3.0975,0.0000,1,0.0932,0.0404,6.1706,0.0006,1.000,70.00,342.76
6.2500,UKF,smooth,0.500,10.00,0.050,1,0.600,1,6.6935,9.3597,2.6661,1.5387,0.4077,0.1654,0.0903,6.0000,7.6112,2.6731,4.6808,0.6248,-126.8862,-25.4698,-126.1964,-25.8879,-126.5289,-26.2201,-127.1921,-26.2022,-130.8518,-25.2956,0.6898,-0.4181,0.3573,-0.7502,-0.3058,-0.7324,59,0.0800,59,0,1.0000,0.0000,0.0000,-5.4754,-2.2334,-0.0738,-5.1321,-3.1083,0.0000,1,0.0932,0.0404,6.1706,0.0006,1.000,70.00,342.76
6.2600,UKF,smooth,0.500,10.00,0.050,1,0.600,1,6.6950,9.3743,2.6794,1.5726,0.4077,0.1654,0.0904,6.0000,7.6112,2.6731,4.9570,0.6248,-126.9723,-25.4653,-126.1964,-25.8879,-126.5289,-26.2201,-127.2665,-26.2504,-130.9002,-25.6782,0.7758,-0.4226,0.4434,-0.7548,-0.2943,-0.7851,59,0.0900,59,0,1.0000,0.0000,0.0000,-5.5486,-2.3031,0.0137,-5.1256,-3.1190,0.0000,1,0.0932,0.0404,6.1706,0.0006,1.000,70.00,342.76
6.2700,UKF,smooth,0.500,10.00,0.050,1,0.600,1,6.6959,9.3879,2.6920,1.6075,0.4077,0.1654,0.0905,6.0000,7.6112,2.6730,5.2557,0.6248,-127.0583,-25.4710,-126.1964,-25.8879,-126.5289,-26.2201,-127.3392,-26.3124,-130.9478,-26.0694,0.8618,-0.4169,0.5294,-0.7491,-0.2809,-0.8414,59,0.1000,59,0,1.0000,0.0000,0.0000,-5.6214,-2.3727,0.0995,-5.1191,-3.1297,0.0000,1,0.1149,0.0561,6.1706,0.0012,1.000,70.00,342.76
6.2800,UKF,smooth,0.500,10.00,0.050,1,0.600,1,6.6963,9.4005,2.7042,1.6433,0.4077,0.1654,0.0906,6.0000,7.6112,2.6729,5.5752,0.6246,-127.1444,-25.4867,-126.1964,-25.8879,-126.5289,-26.2201,-127.4102,-26.3874,-130.9947,-26.4679,0.9479,-0.4012,0.6155,-0.7334,-0.2658,-0.9007,59,0.1100,59,0,1.0000,0.0000,0.0000,-5.6939,-2.4422,0.1831,-5.1126,-3.1403,0.0000,1,0.1149,0.0561,6.1706,0.0012,1.000,70.00,342.76
6.2900,UKF,smooth,0.500,10.00,0.050,1,0.600,1,6.6962,9.4118,2.7157,1.6799,0.4077,0.1654,0.0907,6.0000,7.6112,2.6727,5.9133,0.6245,-127.2306,-25.5123,-126.1964,-25.8879,-126.5289,-26.2201,-127.4795,-26.4750,-131.0410,-26.8723,1.0341,-0.3756,0.7017,-0.7078,-0.2489,-0.9628,59,0.1200,59,0,1.0000,0.0000,0.0000,-5.7663,-2.5117,0.2639,-5.1061,-3.1508,0.0000,1,0.1149,0.0561,6.1706,0.0012,1.000,70.00,342.76
6.3000,UKF,smooth,0.500,10.00,0.050,1,0.600,1,6.6955,9.4220,2.7264,1.7174,0.4077,0.1654,0.0908,6.0000,7.6112,2.6725,6.2675,0.6243,-127.3168,-25.5474,-126.1964,-25.8879,-126.5289,-26.2201,-127.5471,-26.5744,-131.0868,-27.2813,1.1204,-0.3405,0.7879,-0.6726,-0.2302,-1.0270,59,0.1300,59,0,1.0000,0.0000,0.0000,-5.8388,-2.5816,0.3415,-5.0996,-3.1613,0.0000,1,0.1149,0.0561,6.1706,0.0012,1.000,70.00,342.76
6.3100,UKF,smooth,0.500,10.00,0.050,1,0.600,1,6.6943,9.4307,2.7364,1.7558,0.4077,0.1654,0.0909,6.0000,7.6112,2.6723,6.6344,0.6241,-127.4032,-25.5919,-126.1964,-25.8879,-126.5289,-26.2201,-127.6130,-26.6847,-131.1321,-27.6933,1.2068,-0.2960,0.8743,-0.6281,-0.2098,-1.0928,59,0.1400,59,0,1.0000,0.0000,0.0000,-5.9116,-2.6518,0.4153,-5.0932,-3.1717,0.0000,1,0.1149,0.0561,6.1706,0.0012,1.000,70.00,342.76
6.3200,UKF,smooth,0.500,10.00,0.050,1,0.600,1,6.6925,9.4380,2.7455,1.7949,0.4077,0.1654,0.0909,6.0000,7.6112,2.6721,7.0105,0.6239,-127.4898,-25.6455,-126.1964,-25.8879,-126.5289,-26.2201,-127.6774,-26.8051,-131.1770,-28.1065,1.2933,-0.2424,0.9609,-0.5746,-0.1876,-1.1596,59,0.1500,59,0,1.0000,0.0000,0.0000,-5.9849,-2.7225,0.4848,-5.0867,-3.1820,0.0000,1,0.1149,0.0561,6.1706,0.0012,1.000,70.00,342.76
6.3300,UKF,smooth,0.500,10.00,0.050,1,0.600,1,6.6901,9.7148,3.0247,1.5750,0.4064,0.1659,0.0897,6.0000,8.5420,1.3798,0.9801,0.6236,-127.5766,-25.7077,-127.0583,-25.4710,-127.2782,-25.5888,-127.7182,-25.6051,-130.7817,-24.7721,0.5183,0.2368,0.2983,0.1189,-0.1417,0.1026,60,0.0600,60,0,1.0000,0.0000,0.0000,-6.0588,-2.7938,0.5492,-5.0803,-3.1922,0.0000,1,0.1149,0.0561,6.2712,0.0012,1.000,70.00,342.76
6.3401,UKF,smooth,0.500,10.00,0.050,1,0.600,1,6.6870,9.7312,3.0442,1.6085,0.4064,0.1659,0.0898,6.0000,8.5420,1.3795,1.1069,0.6234,-127.6635,-25.7783,-127.0583,-25.4710,-127.2782,-25.5888,-127.7815,-25.6269,-130.8175,-25.0494,0.6052,0.3074,0.3853,0.1895,-0.1180,0.1515,60,0.0700,60,0,1.0000,0.0000,0.0000,-6.1334,-2.8658,0.6080,-5.0739,-3.2024,0.0000,1,0.1149,0.0561,6.2712,0.0012,1.000,70.00,342.76
6.3501,UKF,smooth,0.500,10.00,0.050,1,0.600,1,6.6833,9.7460,3.0627,1.6429,0.4064,0.1659,0.0899,6.0000,8.5420,1.3793,1.2920,0.6231,-127.7507,-25.8568,-127.0583,-25.4710,-127.2782,-25.5888,-127.8430,-25.6575,-130.8526,-25.3213,0.6924,0.3859,0.4725,0.2680,-0.0923,0.1993,60,0.0800,60,0,1.0000,0.0000,0.0000,-6.2089,-2.9386,0.6602,-5.0675,-3.2125,0.0000,1,0.1149,0.0561,6.2712,0.0012,1.000,70.00,342.76
6.3601,UKF,smooth,0.500,10.00,0.050,1,0.600,1,6.6788,9.7589,3.0801,1.6782,0.4064,0.1659,0.0899,6.0000,8.5420,1.3790,1.5189,0.6228,-127.8381,-25.9427,-127.0583,-25.4710,-127.2782,-25.5888,-127.9029,-25.6956,-130.8872,-25.5844,0.7798,0.4718,0.5599,0.3539,-0.0648,0.2471,60,0.0900,60,0,1.0000,0.0000,0.0000,-6.2852,-3.0122,0.7049,-5.0611,-3.2226,0.0000,1,0.1149,0.0561,6.2712,0.0012,1.000,70.00,342.76
6.3701,UKF,smooth,0.500,10.00,0.050,1,0.600,1,6.6736,9.7699,3.0963,1.7143,0.4064,0.1659,0.0900,6.0000,8.5420,1.3787,1.7808,0.6226,-127.9259,-26.0355,-127.0583,-25.4710,-127.2782,-25.5888,-127.9612,-25.7395,-130.9213,-25.8349,0.8676,0.5645,0.6477,0.4467,-0.0353,0.2960,60,0.1000,60,0,1.0000,0.0000,0.0000,-6.3624,-3.0866,0.7410,-5.0548,-3.2325,0.0000,1,0.1149,0.0561,6.2712,0.0012,1.000,70.00,342.76
6.3801,UKF,smooth,0.500,10.00,0.050,1,0.600,1,6.6676,9.7787,3.1111,1.7513,0.4064,0.1659,0.0901,6.0000,8.5420,1.3785,2.0778,0.6223,-128.0139,-26.1344,-127.0583,-25.4710,-127.2782,-25.5888,-128.0178,-25.7871,-130.9547,-26.0674,0.9557,0.6634,0.7357,0.5456,-0.0039,0.3473,60,0.1100,60,0,1.0000,0.0000,0.0000,-6.4403,-3.1618,0.7672,-5.0484,-3.2424,0.0000,1,0.1149,0.0561,6.2712,0.0012,1.000,70.00,342.76
6.3901,UKF,smooth,0.500,10.00,0.050,1,0.600,1,6.6607,9.7852,3.1244,1.7891,0.4064,0.1659,0.0901,6.0000,8.5420,1.3783,2.4153,0.6221,-128.1024,-26.2386,-127.0583,-25.4710,-127.2782,-25.5888,-128.0728,-25.8357,-130.9875,-26.2755,1.0441,0.7676,0.8241,0.6498,0.0295,0.4029,60,0.1200,60,0,1.0000,0.0000,0.0000,-6.5187,-3.2374,0.7818,-5.0421,-3.2522,0.0000,1,0.1130,0.0585,6.2712,0.0002,1.000,70.00,342.76
6.4001,UKF,smooth,0.500,10.00,0.050,1,0.600,1,6.6529,9.7890,3.1361,1.8277,0.4064,0.1659,0.0902,6.0000,8.5420,1.3781,2.8034,0.6219,-128.1912,-26.3472,-127.0583,-25.4710,-127.2782,-25.5888,-128.1262,-25.8822,-131.0193,-26.4505,1.1329,0.8762,0.9129,0.7584,0.0649,0.4650,60,0.1300,60,0,1.0000,0.0000,0.0000,-6.5970,-3.3133,0.7828,-5.0358,-3.2620,0.0000,1,0.1130,0.0585,6.2712,0.0002,1.000,70.00,342.76
6.4101,UKF,smooth,0.500,10.00,0.050,1,0.600,1,6.6441,9.7901,3.1460,1.8671,0.4064,0.1659,0.0903,6.0000,8.5420,1.3778,3.2573,0.6218,-128.2804,-26.4589,-127.0583,-25.4710,-127.2782,-25.5888,-128.1780,-25.9222,-131.0500,-26.5809,1.2221,0.9880,1.0021,0.8701,0.1023,0.5367,60,0.1400,60,0,1.0000,0.0000,0.0000,-6.6745,-3.3887,0.7678,-5.0295,-3.2716,0.0000,1,0.1130,0.0585,6.2712,0.0002,1.000,70.00,342.76
6.4201,UKF,smooth,0.500,10.00,0.050,1,0.600,1,6.6343,9.7883,3.1540,1.9073,0.4064,0.1659,0.0903,6.0000,8.5420,1.3775,3.7990,0.6218,-128.3700,-26.5723,-127.0583,-25.4710,-127.2782,-25.5888,-128.2282,-25.9501,-131.0788,-26.6513,1.3117,1.1013,1.0918,0.9834,0.1418,0.6222,60,0.1500,60,0,1.0000,0.0000,0.0000,-6.7496,-3.4625,0.7336,-5.0233,-3.2812,0.0000,1,0.1130,0.0585,6.2712,0.0002,1.000,70.00,342.76
6.4301,UKF,smooth,0.500,10.00,0.050,1,0.600,1,6.6234,9.7836,3.1602,1.9482,0.4064,0.1659,0.0904,6.0000,8.5420,1.3773,4.4594,0.6218,-128.4601,-26.6853,-127.0583,-25.4710,-127.2782,-25.5888,-128.2767,-25.9583,-131.1051,-26.6407,1.4018,1.2143,1.1819,1.0965,0.1834,0.7270,60,0.1600,60,0,1.0000,0.0000,0.0000,-6.8197,-3.5327,0.6768,-5.0170,-3.2908,0.0000,1,0.1130,0.0585,6.2712,0.0002,1.000,70.00,342.76
6.4401,UKF,smooth,0.500,10.00,0.050,1,0.600,1,6.6114,9.7763,3.1650,1.9899,0.4064,0.1659,0.0904,6.0000,8.5420,1.3771,5.2815,0.6219,-128.5506,-26.7955,-127.0583,-25.4710,-127.2782,-25.5888,-128.3233,-25.9365,-131.1271,-26.5211,1.4923,1.3245,1.2724,1.2067,0.2273,0.8589,60,0.1700,60,0,1.0000,0.0000,0.0000,-6.8808,-3.5961,0.5929,-5.0108,-3.3002,0.0000,1,0.1130,0.0585,6.2712,0.0002,1.000,70.00,342.76
6.4501,UKF,smooth,0.500,10.00,0.050,1,0.600,1,6.5983,9.6862,3.0879,1.6988,0.4061,0.1659,0.0902,6.0000,7.8712,2.8050,1.6911,0.6222,-128.6416,-26.8998,-128.1024,-26.2386,-128.5212,-26.5201,-128.9273,-26.7776,-133.1763,-29.4481,0.5392,0.6611,0.1204,0.3796,-0.2857,0.1221,61,0.0600,61,0,1.0000,0.0000,0.0000,-6.9258,-3.6474,0.4782,-5.0046,-3.3096,0.0000,1,0.1130,0.0585,6.3902,0.0002,1.000,70.00,342.76
6.4601,UKF,smooth,0.500,10.00,0.050,1,0.600,1,6.5842,9.6861,3.1018,1.7335,0.4061,0.1659,0.0902,6.0000,7.8712,2.8050,1.9212,0.6226,-128.7329,-26.9943,-128.1024,-26.2386,-128.5212,-26.5201,-129.0074,-26.7865,-133.2231,-29.1369,0.6306,0.7557,0.2117,0.4741,-0.2745,0.2078,61,0.0700,61,0,1.0000,0.0000,0.0000,-6.9442,-3.6784,0.3315,-4.9984,-3.3190,0.0000,1,0.1130,0.0585,6.3902,0.0002,1.000,70.00,342.76
6.4701,UKF,smooth,0.500,10.00,0.050,1,0.600,1,6.5696,9.6867,3.1171,1.7690,0.4061,0.1659,0.0903,6.0000,7.8712,2.8051,2.3421,0.6233,-128.8246,-27.0751,-128.1024,-26.2386,-128.5212,-26.5201,-129.0853,-26.7601,-133.2501,-28.6546,0.7222,0.8365,0.3034,0.5549,-0.2607,0.3150,61,0.0800,61,0,1.0000,0.0000,0.0000,-6.9233,-3.6791,0.1589,-4.9923,-3.3282,0.0000,1,0.1130,0.0585,6.3902,0.0002,1.000,70.00,342.76
6.4801,UKF,smooth,0.500,10.00,0.050,1,0.600,1,6.5549,9.6906,3.1357,1.8054,0.4061,0.1659,0.0903,6.0000,7.8712,2.8051,2.9538,0.6240,-128.9164,-27.1389,-128.1024,-26.2386,-128.5212,-26.5201,-129.1603,-26.6957,-133.2525,-28.0262,0.8140,0.9003,0.3952,0.6188,-0.2440,0.4432,61,0.0900,61,0,1.0000,0.0000,0.0000,-6.8540,-3.6422,-0.0227,-4.9862,-3.3374,0.0000,1,0.1130,0.0585,6.3902,0.0002,1.000,70.00,342.76
6.4901,UKF,smooth,0.500,10.00,0.050,1,0.600,1,6.5406,9.7000,3.1594,1.8426,0.4061,0.1659,0.0903,6.0000,7.8712,2.8053,3.7009,0.6248,-129.0082,-27.1842,-128.1024,-26.2386,-128.5212,-26.5201,-129.2324,-26.5988,-133.2315,-27.3188,0.9058,0.9456,0.4870,0.6641,-0.2242,0.5854,61,0.1000,61,0,1.0000,0.0000,0.0000,-6.7385,-3.5693,-0.1924,-4.9801,-3.3465,0.0000,1,0.1130,0.0585,6.3902,0.0002,1.000,70.00,342.76
6.5001,UKF,smooth,0.500,10.00,0.050,1,0.600,1,6.5273,9.7160,3.1887,1.8806,0.4061,0.1659,0.0904,6.0000,7.8712,2.8055,4.5101,0.6258,-129.0999,-27.2112,-128.1024,-26.2386,-128.5212,-26.5201,-129.3014,-26.4791,-133.1926,-26.6019,0.9975,0.9725,0.5787,0.6910,-0.2015,0.7321,61,0.1100,61,0,1.0000,0.0000,0.0000,-6.5883,-3.4691,-0.3367,-4.9740,-3.3555,0.0000,1,0.1130,0.0585,6.3902,0.0002,1.000,70.00,342.76
6.5101,UKF,smooth,0.500,10.00,0.050,1,0.600,1,6.5153,9.7386,3.2233,1.9194,0.4061,0.1659,0.0904,6.0000,7.8712,2.8058,5.3261,0.6268,-129.1914,-27.2207,-128.1024,-26.2386,-128.5212,-26.5201,-129.3674,-26.3444,-133.1422,-25.9185,1.0890,0.9821,0.6702,0.7005,-0.1761,0.8762,61,0.1200,61,0,1.0000,0.0000,0.0000,-6.4158,-3.3510,-0.4520,-4.9679,-3.3645,0.0000,1,0.0916,0.0483,6.3902,0.0010,1.000,70.00,342.76
6.5201,UKF,smooth,0.500,10.00,0.050,1,0.600,1,6.5049,9.7675,3.2626,1.9589,0.4061,0.1659,0.0904,6.0000,7.8712,2.8061,6.1164,0.6277,-129.2825,-27.2141,-128.1024,-26.2386,-128.5212,-26.5201,-129.4305,-26.2004,-133.0850,-25.2872,1.1801,0.9755,0.7613,0.6940,-0.1481,1.0137,61,0.1300,61,0,1.0000,0.0000,0.0000,-6.2302,-3.2222,-0.5399,-4.9619,-3.3734,0.0000,1,0.0916,0.0483,6.3902,0.0010,1.000,70.00,342.76
6.5301,UKF,smooth,0.500,10.00,0.050,1,0.600,1,6.4964,9.8024,3.3060,1.9992,0.4061,0.1659,0.0905,6.0000,7.8712,2.8064,6.8629,0.6287,-129.3731,-27.1930,-128.1024,-26.2386,-128.5212,-26.5201,-129.4909,-26.0508,-133.0241,-24.7140,1.2708,0.9544,0.8519,0.6728,-0.1178,1.1422,61,0.1400,61,0,1.0000,0.0000,0.0000,-6.0373,-3.0872,-0.6037,-4.9559,-3.3822,0.0000,1,0.0916,0.0483,6.3902,0.0010,1.000,70.00,342.76
6.5401,UKF,smooth,0.500,10.00,0.050,1,0.600,1,6.4898,9.8431,3.3533,2.0402,0.4061,0.1659,0.0905,6.0000,7.8712,2.8068,7.5550,0.6295,-129.4632,-27.1586,-128.1024,-26.2386,-128.5212,-26.5201,-129.5485,-25.8983,-132.9613,-24.1991,1.3609,0.9200,0.9420,0.6385,-0.0853,1.2603,61,0.1500,61,0,1.0000,0.0000,0.0000,-5.8409,-2.9489,-0.6464,-4.9499,-3.3910,0.0000,1,0.0916,0.0483,6.3902,0.0010,1.000,70.00,342.76
6.5501,UKF,smooth,0.500,10.00,0.050,1,0.600,1,6.4853,9.8894,3.4041,2.0820,0.4061,0.1659,0.0905,6.0000,7.8712,2.8071,8.1851,0.6304,-129.5527,-27.1125,-128.1024,-26.2386,-128.5212,-26.5201,-129.6035,-25.7453,-132.8980,-23.7412,1.4504,0.8739,1.0316,0.5924,-0.0508,1.3672,61,0.1600,61,0,1.0000,0.0000,0.0000,-5.6435,-2.8092,-0.6705,-4.9439,-3.3997,0.0000,1,0.0916,0.0483,6.3902,0.0010,1.000,70.00,342.76
6.5601,UKF,smooth,0.500,10.00,0.050,1,0.600,1,6.4829,9.3462,2.8633,1.6848,0.4054,0.1647,0.0899,6.0000,6.6598,0.3302,1.9751,0.6310,-129.6415,-27.0559,-129.1914,-27.2207,-129.2323,-27.1784,-129.2776,-26.9933,-131.5959,-26.8884,0.4501,-0.1647,0.4092,-0.1224,0.3639,0.0627,62,0.0500,62,0,1.0000,0.0000,0.0000,-5.4466,-2.6695,-0.6778,-4.9380,-3.4083,0.0000,1,0.0916,0.0483,6.5111,0.0010,1.000,70.00,342.76
6.5701,UKF,smooth,0.500,10.00,0.050,1,0.600,1,6.4827,9.3661,2.8834,1.7176,0.4054,0.1647,0.0899,6.0000,6.6598,0.3297,2.1977,0.6316,-129.7295,-26.9903,-129.1914,-27.2207,-129.2323,-27.1784,-129.3192,-26.9550,-131.5463,-26.5595,0.5381,-0.2304,0.4972,-0.1881,0.4103,0.0353,62,0.0600,62,0,1.0000,0.0000,0.0000,-5.2514,-2.5305,-0.6695,-4.9321,-3.4168,0.0000,1,0.0916,0.0483,6.5111,0.0010,1.000,70.00,342.76
6.5801,UKF,smooth,0.500,10.00,0.050,1,0.600,1,6.4847,9.3906,2.9059,1.7513,0.4054,0.1647,0.0900,6.0000,6.6598,0.3294,2.4440,0.6321,-129.8167,-26.9169,-129.1914,-27.2207,-129.2323,-27.1784,-129.3586,-26.9109,-131.4971,-26.2765,0.6253,-0.3037,0.5844,-0.2614,0.4581,0.0060,62,0.0700,62,0,1.0000,0.0000,0.0000,-5.0590,-2.3932,-0.6461,-4.9262,-3.4253,0.0000,1,0.0916,0.0483,6.5111,0.0010,1.000,70.00,342.76
6.5901,UKF,smooth,0.500,10.00,0.050,1,0.600,1,6.4890,9.4198,2.9308,1.7858,0.4054,0.1647,0.0900,6.0000,6.6598,0.3291,2.7117,0.6324,-129.9029,-26.8373,-129.1914,-27.2207,-129.2323,-27.1784,-129.3958,-26.8639,-131.4487,-26.0424,0.7116,-0.3833,0.6706,-0.3410,0.5072,-0.0266,62,0.0800,62,0,1.0000,0.0000,0.0000,-4.8703,-2.2584,-0.6077,-4.9203,-3.4337,0.0000,1,0.0916,0.0483,6.5111,0.0010,1.000,70.00,342.76
6.6001,UKF,smooth,0.500,10.00,0.050,1,0.600,1,6.4956,9.4536,2.9580,1.8212,0.4054,0.1647,0.0900,6.0000,6.6598,0.3290,3.0017,0.6326,-129.9882,-26.7530,-129.1914,-27.2207,-129.2323,-27.1784,-129.4308,-26.8177,-131.4014,-25.8620,0.7969,-0.4676,0.7559,-0.4253,0.5574,-0.0647,62,0.0900,62,0,1.0000,0.0000,0.0000,-4.6865,-2.1270,-0.5537,-4.9145,-3.4421,0.0000,1,0.0916,0.0483,6.5111,0.0010,1.000,70.00,342.76
6.6101,UKF,smooth,0.500,10.00,0.050,1,0.600,1,6.5045,9.4920,2.9875,1.8574,0.4054,0.1647,0.0901,6.0000,6.6598,0.3291,3.3189,0.6325,-130.0725,-26.6658,-129.1914,-27.2207,-129.2323,-27.1784,-129.4639,-26.7765,-131.3554,-25.7431,0.8811,-0.5549,0.8402,-0.5125,0.6086,-0.1107,62,0.1000,62,0,1.0000,0.0000,0.0000,-4.5091,-2.0003,-0.4828,-4.9087,-3.4503,0.0000,1,0.0938,0.0553,6.5111,-0.0009,1.000,70.00,342.76
6.6201,UKF,smooth,0.500,10.00,0.050,1,0.600,1,6.5156,9.5347,3.0191,1.8944,0.4054,0.1647,0.0901,6.0000,6.6598,0.3294,3.6735,0.6323,-130.1557,-26.5777,-129.1914,-27.2207,-129.2323,-27.1784,-129.4950,-26.7461,-131.3113,-25.6973,0.9644,-0.6430,0.9234,-0.6006,0.6608,-0.1684,62,0.1100,62,0,1.0000,0.0000,0.0000,-4.3409,-1.8805,-0.3928,-4.9029,-3.4585,0.0000,1,0.0938,0.0553,6.5111,-0.0009,1.000,70.00,342.76
6.6301,UKF,smooth,0.500,10.00,0.050,1,0.600,1,6.5290,9.5813,3.0524,1.9323,0.4054,0.1647,0.0901,6.0000,6.6598,0.3299,4.0845,0.6319,-130.2379,-26.4913,-129.1914,-27.2207,-129.2323,-27.1784,-129.5242,-26.7341,-131.2698,-25.7432,1.0466,-0.7294,1.0056,-0.6871,0.7137,-0.2428,62,0.1200,62,0,1.0000,0.0000,0.0000,-4.1860,-1.7710,-0.2803,-4.8972,-3.4666,0.0000,1,0.0938,0.0553,6.5111,-0.0009,1.000,70.00,342.76
6.6401,UKF,smooth,0.500,10.00,0.050,1,0.600,1,6.5445,9.6307,3.0863,1.9709,0.4054,0.1647,0.0902,6.0000,6.6598,0.3306,4.5865,0.6312,-130.3190,-26.4097,-129.1914,-27.2207,-129.2323,-27.1784,-129.5517,-26.7515,-131.2320,-25.9076,1.1277,-0.8110,1.0867,-0.7686,0.7673,-0.3418,62,0.1300,62,0,1.0000,0.0000,0.0000,-4.0527,-1.6787,-0.1416,-4.8915,-3.4747,0.0000,1,0.0938,0.0553,6.5111,-0.0009,1.000,70.00,342.76
6.6501,UKF,smooth,0.500,10.00,0.050,1,0.600,1,6.5617,9.6802,3.1184,2.0103,0.4054,0.1647,0.0902,6.0000,6.6598,0.3315,5.2343,0.6304,-130.3991,-26.3370,-129.1914,-27.2207,-129.2323,-27.1784,-129.5776,-26.8120,-131.1998,-26.2220,1.2078,-0.8837,1.1668,-0.8414,0.8216,-0.4750,62,0.1400,62,0,1.0000,0.0000,0.0000,-3.9555,-1.6156,0.0242,-4.8858,-3.4827,0.0000,1,0.0938,0.0553,6.5111,-0.0009,1.000,70.00,342.76
6.6601,UKF,smooth,0.500,10.00,0.050,1,0.600,1,6.5802,9.7246,3.1443,2.0504,0.4054,0.1647,0.0903,6.0000,6.6598,0.3325,6.0743,0.6293,-130.4783,-26.2770,-129.1914,-27.2207,-129.2323,-27.1784,-129.6020,-26.9226,-131.1757,-26.6880,1.2870,-0.9437,1.2460,-0.9014,0.8764,-0.6456,62,0.1500,62,0,1.0000,0.0000,0.0000,-3.9142,-1.5980,0.2040,-4.8801,-3.4906,0.0000,1,0.0938,0.0553,6.5111,-0.0009,1.000,70.00,342.76
6.6701,UKF,smooth,0.500,10.00,0.050,1,0.600,1,6.5991,9.1977,2.5986,1.6522,0.4066,0.1636,0.0915,6.0000,5.8030,0.7653,1.1297,0.6281,-130.5568,-26.2312,-130.0725,-26.6658,-130.1571,-26.5636,-130.6026,-26.4155,-134.5045,-25.5152,0.4843,-0.4346,0.3997,-0.3324,-0.0458,-0.1843,63,0.0600,63,0,1.0000,0.0000,0.0000,-3.9347,-1.6311,0.3645,-4.8745,-3.4984,0.0000,1,0.0938,0.0553,6.6092,-0.0009,1.000,70.00,342.76
6.6801,UKF,smooth,0.500,10.00,0.050,1,0.600,1,6.6177,9.2137,2.5960,1.6842,0.4066,0.1636,0.0915,6.0000,5.8030,0.7666,1.5974,0.6268,-130.6346,-26.1983,-130.0725,-26.6658,-130.1571,-26.5636,-130.6836,-26.4617,-134.5588,-25.9722,0.5621,-0.4675,0.4776,-0.3653,-0.0490,-0.2634,63,0.0700,63,0,1.0000,0.0000,0.0000,-3.9972,-1.6989,0.4831,-4.8689,-3.5062,0.0000,1,0.0938,0.0553,6.6092,-0.0009,1.000,70.00,342.76
6.6901,UKF,smooth,0.500,10.00,0.050,1,0.600,1,6.6356,9.2258,2.5901,1.7171,0.4066,0.1636,0.0915,6.0000,5.8030,0.7679,2.0394,0.6254,-130.7119,-26.1761,-130.0725,-26.6658,-130.1571,-26.5636,-130.7632,-26.5139,-134.6212,-26.3669,0.6394,-0.4897,0.5548,-0.3874,-0.0513,-0.3378,63,0.0800,63,0,1.0000,0.0000,0.0000,-4.0800,-1.7835,0.5621,-4.8634,-3.5139,0.0000,1,0.0938,0.0553,6.6092,-0.0009,1.000,70.00,342.76
6.7001,UKF,smooth,0.500,10.00,0.050,1,0.600,1,6.6526,9.2344,2.5817,1.7509,0.4066,0.1636,0.0916,6.0000,5.8030,0.7691,2.4465,0.6241,-130.7887,-26.1627,-130.0725,-26.6658,-130.1571,-26.5636,-130.8414,-26.5689,-134.6872,-26.7038,0.7162,-0.5031,0.6316,-0.4009,-0.0527,-0.4062,63,0.0900,63,0,1.0000,0.0000,0.0000,-4.1712,-1.8753,0.6109,-4.8578,-3.5216,0.0000,1,0.0938,0.0553,6.6092,-0.0009,1.000,70.00,342.76
6.7101,UKF,smooth,0.500,10.00,0.050,1,0.600,1,6.6686,9.2398,2.5712,1.7855,0.4066,0.1636,0.0916,6.0000,5.8030,0.7704,2.8193,0.6229,-130.8651,-26.1564,-130.0725,-26.6658,-130.1571,-26.5636,-130.9182,-26.6253,-134.7549,-26.9942,0.7926,-0.5094,0.7080,-0.4072,-0.0531,-0.4689,63,0.1000,63,0,1.0000,0.0000,0.0000,-4.2654,-1.9698,0.6378,-4.8523,-3.5291,0.0000,1,0.1047,0.0440,6.6092,-0.0015,1.000,70.00,342.76
6.7201,UKF,smooth,0.500,10.00,0.050,1,0.600,1,6.6834,9.2422,2.5588,1.8211,0.4066,0.1636,0.0916,6.0000,5.8030,0.7715,3.1609,0.6217,-130.9410,-26.1560,-130.0725,-26.6658,-130.1571,-26.5636,-130.9935,-26.6823,-134.8234,-27.2480,0.8685,-0.5098,0.7839,-0.4076,-0.0525,-0.5263,63,0.1100,63,0,1.0000,0.0000,0.0000,-4.3603,-2.0649,0.6486,-4.8469,-3.5366,0.0000,1,0.1047,0.0440,6.6092,-0.0015,1.000,70.00,342.76
6.7301,UKF,smooth,0.500,10.00,0.050,1,0.600,1,6.6970,9.2417,2.5447,1.8574,0.4066,0.1636,0.0917,6.0000,5.8030,0.7726,3.4742,0.6205,-131.0165,-26.1604,-130.0725,-26.6658,-130.1571,-26.5636,-131.0675,-26.7394,-134.8921,-27.4725,0.9440,-0.5054,0.8595,-0.4032,-0.0509,-0.5790,63,0.1200,63,0,1.0000,0.0000,0.0000,-4.4546,-2.1598,0.6470,-4.8414,-3.5441,0.0000,1,0.1047,0.0440,6.6092,-0.0015,1.000,70.00,342.76
6.7401,UKF,smooth,0.500,10.00,0.050,1,0.600,1,6.7094,9.2384,2.5290,1.8947,0.4066,0.1636,0.0917,6.0000,5.8030,0.7737,3.7620,0.6194,-131.0917,-26.1689,-130.0725,-26.6658,-130.1571,-26.5636,-131.1400,-26.7962,-134.9608,-27.6731,1.0192,-0.4969,0.9346,-0.3947,-0.0483,-0.6274,63,0.1300,63,0,1.0000,0.0000,0.0000,-4.5479,-2.2540,0.6357,-4.8361,-3.5514,0.0000,1,0.1047,0.0440,6.6092,-0.0015,1.000,70.00,342.76
6.7501,UKF,smooth,0.500,10.00,0.050,1,0.600,1,6.7206,9.2324,2.5118,1.9327,0.4066,0.1636,0.0918,6.0000,5.8030,0.7746,4.0265,0.6184,-131.1666,-26.1807,-130.0725,-26.6658,-130.1571,-26.5636,-131.2113,-26.8525,-135.0295,-27.8537,1.0941,-0.4851,1.0095,-0.3829,-0.0447,-0.6719,63,0.1400,63,0,1.0000,0.0000,0.0000,-4.6397,-2.3471,0.6166,-4.8307,-3.5587,0.0000,1,0.1047,0.0440,6.6092,-0.0015,1.000,70.00,342.76
6.7601,UKF,smooth,0.500,10.00,0.050,1,0.600,1,6.7305,9.1108,2.3803,1.5590,0.4072,0.1628,0.0924,6.0000,5.8165,0.9588,2.0847,0.6175,-131.2411,-26.1953,-130.8651,-26.1564,-130.7131,-26.0729,-130.8896,-26.0476,-133.4581,-25.1858,0.3761,0.0388,0.5281,0.1224,0.3515,0.1477,64,0.0500,64,0,1.0000,0.0000,0.0000,-4.7300,-2.4391,0.5912,-4.8254,-3.5659,0.0000,1,0.1047,0.0440,6.7086,-0.0015,1.000,70.00,342.76
6.7701,UKF,smooth,0.500,10.00,0.050,1,0.600,1,6.7392,9.1083,2.3691,1.5892,0.4072,0.1628,0.0924,6.0000,5.8165,0.9591,2.2693,0.6167,-131.3154,-26.2122,-130.8651,-26.1564,-130.7131,-26.0729,-130.9383,-26.0412,-133.4893,-25.2592,0.4504,0.0558,0.6024,0.1393,0.3771,0.1710,64,0.0600,64,0,1.0000,0.0000,0.0000,-4.8188,-2.5300,0.5606,-4.8201,-3.5731,0.0000,1,0.1047,0.0440,6.7086,-0.0015,1.000,70.00,342.76
6.7801,UKF,smooth,0.500,10.00,0.050,1,0.600,1,6.7466,9.1031,2.3566,1.6204,0.4072,0.1628,0.0924,6.0000,5.8165,0.9592,2.4632,0.6159,-131.3895,-26.2310,-130.8651,-26.1564,-130.7131,-26.0729,-130.9855,-26.0360,-133.5194,-25.3198,0.5244,0.0746,0.6764,0.1581,0.4039,0.1950,64,0.0700,64,0,1.0000,0.0000,0.0000,-4.9059,-2.6196,0.5255,-4.8148,-3.5802,0.0000,1,0.1047,0.0440,6.7086,-0.0015,1.000,70.00,342.76
6.7901,UKF,smooth,0.500,10.00,0.050,1,0.600,1,6.7527,9.0955,2.3428,1.6525,0.4072,0.1628,0.0924,6.0000,5.8165,0.9594,2.6669,0.6153,-131.4633,-26.2514,-130.8651,-26.1564,-130.7131,-26.0729,-131.0313,-26.0316,-133.5484,-25.3684,0.5983,0.0949,0.7502,0.1785,0.4321,0.2198,64,0.0800,64,0,1.0000,0.0000,0.0000,-4.9915,-2.7081,0.4866,-4.8096,-3.5872,0.0000,1,0.1047,0.0440,6.7086,-0.0015,1.000,70.00,342.76
6.8001,UKF,smooth,0.500,10.00,0.050,1,0.600,1,6.7576,9.0853,2.3277,1.6856,0.4072,0.1628,0.0925,6.0000,5.8165,0.9596,2.8808,0.6147,-131.5369,-26.2729,-130.8651,-26.1564,-130.7131,-26.0729,-131.0755,-26.0273,-133.5762,-25.4059,0.6719,0.1165,0.8239,0.2001,0.4614,0.2456,64,0.0900,64,0,1.0000,0.0000,0.0000,-5.0755,-2.7953,0.4444,-4.8044,-3.5941,0.0000,1,0.1047,0.0440,6.7086,-0.0015,1.000,70.00,342.76
6.8101,UKF,smooth,0.500,10.00,0.050,1,0.600,1,6.7613,9.0727,2.3114,1.7196,0.4072,0.1628,0.0925,6.0000,5.8165,0.9598,3.1056,0.6143,-131.6104,-26.2955,-130.8651,-26.1564,-130.7131,-26.0729,-131.1183,-26.0228,-133.6029,-25.4329,0.7453,0.1390,0.8973,0.2226,0.4921,0.2727,64,0.1000,64,0,1.0000,0.0000,0.0000,-5.1580,-2.8814,0.3994,-4.7992,-3.6010,0.0000,1,0.1047,0.0440,6.7086,-0.0015,1.000,70.00,342.76
6.8201,UKF,smooth,0.500,10.00,0.050,1,0.600,1,6.7637,9.0575,2.2939,1.7545,0.4072,0.1628,0.0925,6.0000,5.8165,0.9599,3.3417,0.6139,-131.6837,-26.3187,-130.8651,-26.1564,-130.7131,-26.0729,-131.1596,-26.0175,-133.6283,-25.4498,0.8186,0.1623,0.9706,0.2458,0.5241,0.3012,64,0.1100,64,0,1.0000,0.0000,0.0000,-5.2389,-2.9664,0.3520,-4.7941,-3.6078,0.0000,1,0.1032,0.0445,6.7086,0.0015,1.000,70.00,342.76
6.8301,UKF,smooth,0.500,10.00,0.050,1,0.600,1,6.7648,9.0400,2.2752,1.7903,0.4072,0.1628,0.0925,6.0000,5.8165,0.9600,3.5897,0.6136,-131.7569,-26.3424,-130.8651,-26.1564,-130.7131,-26.0729,-131.1994,-26.0112,-133.6525,-25.4569,0.8918,0.1860,1.0438,0.2696,0.5575,0.3313,64,0.1200,64,0,1.0000,0.0000,0.0000,-5.3184,-3.0502,0.3023,-4.7890,-3.6146,0.0000,1,0.1032,0.0445,6.7086,0.0015,1.000,70.00,342.76
6.8401,UKF,smooth,0.500,10.00,0.050,1,0.600,1,6.7648,9.0201,2.2553,1.8270,0.4072,0.1628,0.0926,6.0000,5.8165,0.9601,3.8500,0.6135,-131.8299,-26.3664,-130.8651,-26.1564,-130.7131,-26.0729,-131.2378,-26.0035,-133.6753,-25.4544,0.9649,0.2100,1.1169,0.2936,0.5922,0.3630,64,0.1300,64,0,1.0000,0.0000,0.0000,-5.3964,-3.1330,0.2508,-4.7840,-3.6212,0.0000,1,0.1032,0.0445,6.7086,0.0015,1.000,70.00,342.76
6.8501,UKF,smooth,0.500,10.00,0.050,1,0.600,1,6.7635,8.9978,2.2343,1.8646,0.4072,0.1628,0.0926,6.0000,5.8165,0.9602,4.1233,0.6134,-131.9029,-26.3906,-130.8651,-26.1564,-130.7131,-26.0729,-131.2746,-25.9941,-133.6968,-25.4426,1.0378,0.2341,1.1898,0.3177,0.6283,0.3965,64,0.1400,64,0,1.0000,0.0000,0.0000,-5.4731,-3.2147,0.1976,-4.7790,-3.6278,0.0000,1,0.1032,0.0445,6.7086,0.0015,1.000,70.00,342.76
6.8601,UKF,smooth,0.500,10.00,0.050,1,0.600,1,6.7610,8.9731,2.2121,1.9030,0.4072,0.1628,0.0926,6.0000,5.8165,0.9602,4.4100,0.6134,-131.9757,-26.4146,-130.8651,-26.1564,-130.7131,-26.0729,-131.3100,-25.9827,-133.7169,-25.4215,1.1107,0.2582,1.2627,0.3417,0.6657,0.4319,64,0.1500,64,0,1.0000,0.0000,0.0000,-5.5483,-3.2953,0.1428,-4.7740,-3.6344,0.0000,1,0.1032,0.0445,6.7086,0.0015,1.000,70.00,342.76
6.8701,UKF,smooth,0.500,10.00,0.050,1,0.600,1,6.7573,9.1982,2.4409,1.5198,0.4083,0.1628,0.0938,6.0000,5.8200,1.1818,1.0216,0.6135,-132.0486,-26.4384,-131.6837,-26.3187,-131.7634,-26.5030,-132.1389,-26.5889,-136.7264,-27.8503,0.3649,0.1197,0.2852,-0.0646,-0.0903,-0.1504,65,0.0500,65,0,1.0000,0.0000,0.0000,-5.6222,-3.3749,0.0867,-4.7691,-3.6408,0.0000,1,0.1032,0.0445,6.8216,0.0015,1.000,70.00,342.76
6.8801,UKF,smooth,0.500,10.00,0.050,1,0.600,1,6.7524,9.1864,2.4340,1.5496,0.4083,0.1628,0.0938,6.0000,5.8200,1.1819,1.0601,0.6137,-132.1214,-26.4619,-131.6837,-26.3187,-131.7634,-26.5030,-132.2236,-26.6137,-136.8179,-27.8724,0.4377,0.1432,0.3580,-0.0411,-0.1023,-0.1518,65,0.0600,65,0,1.0000,0.0000,0.0000,-5.6949,-3.4535,0.0295,-4.7642,-3.6472,0.0000,1,0.1032,0.0445,6.8216,0.0015,1.000,70.00,342.76
6.8901,UKF,smooth,0.500,10.00,0.050,1,0.600,1,6.7463,9.1722,2.4259,1.5805,0.4083,0.1628,0.0938,6.0000,5.8200,1.1822,1.0946,0.6141,-132.1941,-26.4849,-131.6837,-26.3187,-131.7634,-26.5030,-132.3073,-26.6373,-136.9098,-27.8886,0.5104,0.1662,0.4307,-0.0181,-0.1132,-0.1524,65,0.0700,65,0,1.0000,0.0000,0.0000,-5.7662,-3.5311,-0.0288,-4.7594,-3.6536,0.0000,1,0.1032,0.0445,6.8216,0.0015,1.000,70.00,342.76
6.9001,UKF,smooth,0.500,10.00,0.050,1,0.600,1,6.7391,9.1558,2.4167,1.6123,0.4083,0.1628,0.0938,6.0000,5.8200,1.1825,1.1240,0.6145,-132.2669,-26.5073,-131.6837,-26.3187,-131.7634,-26.5030,-132.3899,-26.6596,-137.0021,-27.8988,0.5832,0.1886,0.5035,0.0043,-0.1230,-0.1524,65,0.0800,65,0,1.0000,0.0000,0.0000,-5.8363,-3.6078,-0.0881,-4.7545,-3.6598,0.0000,1,0.1032,0.0445,6.8216,0.0015,1.000,70.00,342.76
6.9101,UKF,smooth,0.500,10.00,0.050,1,0.600,1,6.7307,9.1370,2.4063,1.6451,0.4083,0.1628,0.0938,6.0000,5.8200,1.1829,1.1474,0.6150,-132.3397,-26.5290,-131.6837,-26.3187,-131.7634,-26.5030,-132.4714,-26.6804,-137.0947,-27.9029,0.6560,0.2102,0.5763,0.0260,-0.1317,-0.1514,65,0.0900,65,0,1.0000,0.0000,0.0000,-5.9051,-3.6835,-0.1482,-4.7498,-3.6660,0.0000,1,0.1032,0.0445,6.8216,0.0015,1.000,70.00,342.76
6.9201,UKF,smooth,0.500,10.00,0.050,1,0.600,1,6.7211,9.1160,2.3949,1.6788,0.4083,0.1628,0.0938,6.0000,5.8200,1.1833,1.1642,0.6156,-132.4125,-26.5498,-131.6837,-26.3187,-131.7634,-26.5030,-132.5519,-26.6993,-137.1877,-27.9010,0.7288,0.2311,0.6491,0.0468,-0.1394,-0.1495,65,0.1000,65,0,1.0000,0.0000,0.0000,-5.9728,-3.7583,-0.2090,-4.7450,-3.6721,0.0000,1,0.1032,0.0445,6.8216,0.0015,1.000,70.00,342.76
6.9301,UKF,smooth,0.500,10.00,0.050,1,0.600,1,6.7104,9.0928,2.3824,1.7135,0.4083,0.1628,0.0938,6.0000,5.8200,1.1839,1.1738,0.6163,-132.4854,-26.5698,-131.6837,-26.3187,-131.7634,-26.5030,-132.6314,-26.7163,-137.2811,-27.8930,0.8017,0.2510,0.7220,0.0668,-0.1460,-0.1465,65,0.1100,65,0,1.0000,0.0000,0.0000,-6.0393,-3.8322,-0.2705,-4.7403,-3.6782,0.0000,1,0.0947,0.0442,6.8216,-0.0020,1.000,70.00,342.76
6.9401,UKF,smooth,0.500,10.00,0.050,1,0.600,1,6.6986,9.0674,2.3688,1.7491,0.4083,0.1628,0.0938,6.0000,5.8200,1.1846,1.1759,0.6172,-132.5583,-26.5887,-131.6837,-26.3187,-131.7634,-26.5030,-132.7099,-26.7311,-137.3749,-27.8787,0.8746,0.2700,0.7949,0.0857,-0.1516,-0.1424,65,0.1200,65,0,1.0000,0.0000,0.0000,-6.1046,-3.9052,-0.3326,-4.7357,-3.6842,0.0000,1,0.0947,0.0442,6.8216,-0.0020,1.000,70.00,342.76
6.9501,UKF,smooth,0.500,10.00,0.050,1,0.600,1,6.6856,9.0398,2.3542,1.7856,0.4083,0.1628,0.0938,6.0000,5.8200,1.1852,1.1702,0.6181,-132.6313,-26.6065,-131.6837,-26.3187,-131.7634,-26.5030,-132.7875,-26.7436,-137.4692,-27.8580,0.9476,0.2878,0.8679,0.1035,-0.1561,-0.1371,65,0.1300,65,0,1.0000,0.0000,0.0000,-6.1688,-3.9773,-0.3952,-4.7311,-3.6901,0.0000,1,0.0947,0.0442,6.8216,-0.0020,1.000,70.00,342.76
6.9601,UKF,smooth,0.500,10.00,0.050,1,0.600,1,6.6715,9.0102,2.3386,1.8229,0.4083,0.1628,0.0938,6.0000,5.8200,1.1861,1.1567,0.6191,-132.7045,-26.6231,-131.6837,-26.3187,-131.7634,-26.5030,-132.8641,-26.7537,-137.5640,-27.8309,1.0208,0.3044,0.9410,0.1201,-0.1597,-0.1305,65,0.1400,65,0,1.0000,0.0000,0.0000,-6.2320,-4.0486,-0.4582,-4.7265,-3.6960,0.0000,1,0.0947,0.0442,6.8216,-0.0020,1.000,70.00,342.76
6.9701,UKF,smooth,0.500,10.00,0.050,1,0.600,1,6.6563,8.9784,2.3221,1.8611,0.4083,0.1628,0.0938,6.0000,5.8200,1.1869,1.1352,0.6203,-132.7777,-26.6385,-131.6837,-26.3187,-131.7634,-26.5030,-132.9398,-26.7611,-137.6593,-27.7972,1.0940,0.3198,1.0143,0.1355,-0.1621,-0.1226,65,0.1500,65,0,1.0000,0.0000,0.0000,-6.2940,-4.1191,-0.5216,-4.7220,-3.7018,0.0000,1,0.0947,0.0442,6.8216,-0.0020,1.000,70.00,342.76
6.9801,UKF,smooth,0.500,10.00,0.050,1,0.600,1,6.6400,8.8353,2.1952,1.5199,0.4090,0.1622,0.0945,6.0000,5.4708,1.5206,0.9820,0.6215,-132.8511,-26.6526,-132.4854,-26.5698,-132.5933,-26.8042,-132.8428,-26.8165,-136.9919,-27.8734,0.3657,0.0828,0.2578,-0.1517,0.0083,-0.1640,66,0.0500,66,0,1.0000,0.0000,0.0000,-6.3550,-4.1887,-0.5854,-4.7175,-3.7075,0.0000,1,0.0947,0.0442,6.9281,-0.0020,1.000,70.00,342.76
6.9901,UKF,smooth,0.500,10.00,0.050,1,0.600,1,6.6227,8.8071,2.1844,1.5505,0.4090,0.1622,0.0944,6.0000,5.4708,1.5217,0.9872,0.6229,-132.9246,-26.6652,-132.4854,-26.5698,-132.5933,-26.8042,-132.9110,-26.8298,-137.0731,-27.8380,0.4392,0.0954,0.3313,-0.1390,0.0136,-0.1646,66,0.0600,66,0,1.0000,0.0000,0.0000,-6.4150,-4.2576,-0.6494,-4.7130,-3.7131,0.0000,1,0.0947,0.0442,6.9281,-0.0020,1.000,70.00,342.76
7.0001,UKF,smooth,0.500,10.00,0.050,1,0.600,1,6.6042,8.7768,2.1726,1.5822,0.4090,0.1622,0.0944,6.0000,5.4708,1.5228,0.9884,0.6244,-132.9983,-26.6763,-132.4854,-26.5698,-132.5933,-26.8042,-132.9782,-26.8406,-137.1546,-27.7965,0.5129,0.1066,0.4050,-0.1279,0.0201,-0.1642,66,0.0700,66,0,1.0000,0.0000,0.0000,-6.4739,-4.3257,-0.7135,-4.7086,-3.7187,0.0000,1,0.0947,0.0442,6.9281,-0.0020,1.000,70.00,342.76
7.0101,UKF,smooth,0.500,10.00,0.050,1,0.600,1,6.5847,8.7444,2.1597,1.6148,0.4090,0.1622,0.0944,6.0000,5.4708,1.5240,0.9861,0.6259,-133.0722,-26.6859,-132.4854,-26.5698,-132.5933,-26.8042,-133.0444,-26.8489,-137.2364,-27.7491,0.5868,0.1162,0.4788,-0.1183,0.0277,-0.1630,66,0.0800,66,0,1.0000,0.0000,0.0000,-6.5320,-4.3930,-0.7778,-4.7043,-3.7242,0.0000,1,0.0947,0.0442,6.9281,-0.0020,1.000,70.00,342.76
7.0201,UKF,smooth,0.500,10.00,0.050,1,0.600,1,6.5642,8.7100,2.1459,1.6483,0.4090,0.1622,0.0944,6.0000,5.4708,1.5253,0.9820,0.6276,-133.1462,-26.6940,-132.4854,-26.5698,-132.5933,-26.8042,-133.1097,-26.8548,-137.3186,-27.6970,0.6608,0.1242,0.5529,-0.1103,0.0365,-0.1609,66,0.0900,66,0,1.0000,0.0000,0.0000,-6.5892,-4.4597,-0.8418,-4.6999,-3.7297,0.0000,1,0.0947,0.0442,6.9281,-0.0020,1.000,70.00,342.76
7.0301,UKF,smooth,0.500,10.00,0.050,1,0.600,1,6.5461,8.7097,2.1636,1.6828,0.4090,0.1622,0.0944,6.0000,5.4708,1.5264,0.9690,0.6291,-133.2199,-26.7002,-132.4854,-26.5698,-132.5933,-26.8042,-133.1700,-26.8559,-137.2536,-27.6042,0.7345,0.1304,0.6266,-0.1040,0.0499,-0.1557,66,0.1000,66,0,1.0000,0.0000,0.0000,-6.4102,-4.3122,-0.7486,-4.6957,-3.7351,0.0000,1,0.1187,0.0558,6.9281,0.0019,1.000,70.00,342.76
7.0401,UKF,smooth,0.500,10.00,0.050,1,0.600,1,6.5305,8.7142,2.1837,1.7183,0.4090,0.1622,0.0943,6.0000,5.4708,1.5274,0.9113,0.6304,-133.2932,-26.7033,-132.4854,-26.5698,-132.5933,-26.8042,-133.2281,-26.8442,-137.1840,-27.4492,0.8078,0.1336,0.6999,-0.1009,0.0651,-0.1408,66,0.1100,66,0,1.0000,0.0000,0.0000,-6.2277,-4.1614,-0.6681,-4.6914,-3.7404,0.0000,1,0.1187,0.0558,6.9281,0.0019,1.000,70.00,342.76
7.0501,UKF,smooth,0.500,10.00,0.050,1,0.600,1,6.5174,8.7237,2.2062,1.7546,0.4090,0.1622,0.0943,6.0000,5.4708,1.5283,0.8656,0.6315,-133.3660,-26.7035,-132.4854,-26.5698,-132.5933,-26.8042,-133.2841,-26.8283,-137.1128,-27.2968,0.8806,0.1337,0.7727,-0.1007,0.0819,-0.1249,66,0.1200,66,0,1.0000,0.0000,0.0000,-6.0455,-4.0106,-0.5871,-4.6872,-3.7456,0.0000,1,0.1187,0.0558,6.9281,0.0019,1.000,70.00,342.76
7.0601,UKF,smooth,0.500,10.00,0.050,1,0.600,1,6.5068,8.7380,2.2312,1.7918,0.4090,0.1622,0.0943,6.0000,5.4708,1.5290,0.8410,0.6324,-133.4382,-26.7007,-132.4854,-26.5698,-132.5933,-26.8042,-133.3379,-26.8091,-137.0409,-27.1500,0.9528,0.1309,0.8449,-0.1035,0.1003,-0.1084,66,0.1300,66,0,1.0000,0.0000,0.0000,-5.8644,-3.8605,-0.5053,-4.6831,-3.7508,0.0000,1,0.1187,0.0558,6.9281,0.0019,1.000,70.00,342.76
7.0701,UKF,smooth,0.500,10.00,0.050,1,0.600,1,6.4987,8.7569,2.2582,1.8299,0.4090,0.1622,0.0943,6.0000,5.4708,1.5296,0.8452,0.6332,-133.5097,-26.6951,-132.4854,-26.5698,-132.5933,-26.8042,-133.3897,-26.7872,-136.9697,-27.0111,1.0244,0.1254,0.9164,-0.1091,0.1200,-0.0920,66,0.1400,66,0,1.0000,0.0000,0.0000,-5.6858,-3.7121,-0.4232,-4.6790,-3.7559,0.0000,1,0.1187,0.0558,6.9281,0.0019,1.000,70.00,342.76
7.0801,UKF,smooth,0.500,10.00,0.050,1,0.600,1,6.4929,8.7803,2.2874,1.8688,0.4090,0.1622,0.0942,6.0000,5.4708,1.5300,0.8814,0.6337,-133.5806,-26.6870,-132.4854,-26.5698,-132.5933,-26.8042,-133.4394,-26.7632,-136.8992,-26.8811,1.0952,0.1172,0.9872,-0.1173,0.1412,-0.0762,66,0.1500,66,0,1.0000,0.0000,0.0000,-5.5095,-3.5656,-0.3404,-4.6749,-3.7610,0.0000,1,0.1187,0.0558,6.9281,0.0019,1.000,70.00,342.76
7.0901,UKF,smooth,0.500,10.00,0.050,1,0.600,1,6.4896,8.6101,2.1205,1.4782,0.4090,0.1627,0.0942,6.0000,5.2432,2.3671,3.1111,0.6341,-133.6506,-26.6764,-133.2199,-26.7002,-133.2211,-27.0951,-133.5703,-27.1915,-137.0708,-28.2240,0.4307,-0.0238,0.4295,-0.4187,0.0803,-0.5151,67,0.0600,67,0,1.0000,0.0000,0.0000,-5.3357,-3.4209,-0.2568,-4.6709,-3.7660,0.0000,1,0.1187,0.0558,7.0319,0.0019,1.000,70.00,342.76
7.1001,UKF,smooth,0.500,10.00,0.050,1,0.600,1,6.4886,8.6167,2.1280,1.5086,0.4090,0.1627,0.0942,6.0000,5.2432,2.3673,3.2454,0.6343,-133.7198,-26.6636,-133.2199,-26.7002,-133.2211,-27.0951,-133.6284,-27.1999,-137.0187,-28.1269,0.4999,-0.0366,0.4987,-0.4315,0.0914,-0.5363,67,0.0700,67,0,1.0000,0.0000,0.0000,-5.1646,-3.2782,-0.1720,-4.6670,-3.7709,0.0000,1,0.1187,0.0558,7.0319,0.0019,1.000,70.00,342.76
7.1101,UKF,smooth,0.500,10.00,0.050,1,0.600,1,6.4900,8.6278,2.1377,1.5400,0.4090,0.1627,0.0941,6.0000,5.2432,2.3673,3.3807,0.6342,-133.7882,-26.6488,-133.2199,-26.7002,-133.2211,-27.0951,-133.6844,-27.2063,-136.9663,-28.0403,0.5683,-0.0514,0.5671,-0.4462,0.1038,-0.5575,67,0.0800,67,0,1.0000,0.0000,0.0000,-4.9961,-3.1377,-0.0858,-4.6630,-3.7757,0.0000,1,0.1187,0.0558,7.0319,0.0019,1.000,70.00,342.76
7.1201,UKF,smooth,0.500,10.00,0.050,1,0.600,1,6.4938,8.6433,2.1496,1.5723,0.4090,0.1627,0.0941,6.0000,5.2432,2.3671,3.5205,0.6340,-133.8556,-26.6325,-133.2199,-26.7002,-133.2211,-27.0951,-133.7382,-27.2116,-136.9141,-27.9664,0.6357,-0.0677,0.6345,-0.4626,0.1174,-0.5791,67,0.0900,67,0,1.0000,0.0000,0.0000,-4.8306,-2.9994,0.0024,-4.6592,-3.7805,0.0000,1,0.1187,0.0558,7.0319,0.0019,1.000,70.00,342.76
7.1301,UKF,smooth,0.500,10.00,0.050,1,0.600,1,6.4998,8.6633,2.1635,1.6057,0.4090,0.1627,0.0941,6.0000,5.2432,2.3667,3.6697,0.6336,-133.9221,-26.6149,-133.2199,-26.7002,-133.2211,-27.0951,-133.7899,-27.2169,-136.8621,-27.9087,0.7021,-0.0852,0.7009,-0.4801,0.1321,-0.6020,67,0.1000,67,0,1.0000,0.0000,0.0000,-4.6684,-2.8638,0.0932,-4.6553,-3.7852,0.0000,1,0.1187,0.0558,7.0319,0.0019,1.000,70.00,342.76
7.1401,UKF,smooth,0.500,10.00,0.050,1,0.600,1,6.5081,8.6876,2.1794,1.6400,0.4090,0.1627,0.0941,6.0000,5.2432,2.3662,3.8353,0.6331,-133.9875,-26.5967,-133.2199,-26.7002,-133.2211,-27.0951,-133.8396,-27.2240,-136.8109,-27.8720,0.7676,-0.1035,0.7664,-0.4984,0.1479,-0.6274,67,0.1100,67,0,1.0000,0.0000,0.0000,-4.5099,-2.7312,0.1877,-4.6515,-3.7899,0.0000,1,0.1187,0.0558,7.0319,0.0019,1.000,70.00,342.76
7.1501,UKF,smooth,0.500,10.00,0.050,1,0.600,1,6.5187,8.7160,2.1973,1.6753,0.4090,0.1627,0.0940,6.0000,5.2432,2.3655,4.0281,0.6323,-134.0519,-26.5784,-133.2199,-26.7002,-133.2211,-27.0951,-133.8872,-27.2355,-136.7607,-27.8641,0.8320,-0.1218,0.8308,-0.5167,0.1647,-0.6571,67,0.1200,67,0,1.0000,0.0000,0.0000,-4.3560,-2.6026,0.2873,-4.6478,-3.7945,0.0000,1,0.0939,0.0497,7.0319,-0.0008,1.000,70.00,342.76
7.1601,UKF,smooth,0.500,10.00,0.050,1,0.600,1,6.5315,8.7485,2.2170,1.7114,0.4090,0.1627,0.0940,6.0000,5.2432,2.3645,4.2669,0.6313,-134.1152,-26.5610,-133.2199,-26.7002,-133.2211,-27.0951,-133.9327,-27.2554,-136.7123,-27.8983,0.8953,-0.1392,0.8941,-0.5341,0.1825,-0.6944,67,0.1300,67,0,1.0000,0.0000,0.0000,-4.2084,-2.4795,0.3946,-4.6441,-3.7990,0.0000,1,0.0939,0.0497,7.0319,-0.0008,1.000,70.00,342.76
7.1701,UKF,smooth,0.500,10.00,0.050,1,0.600,1,6.5464,8.7844,2.2380,1.7485,0.4090,0.1627,0.0940,6.0000,5.2432,2.3634,4.5892,0.6301,-134.1775,-26.5460,-133.2199,-26.7002,-133.2211,-27.0951,-133.9764,-27.2919,-136.6672,-28.0018,0.9576,-0.1542,0.9563,-0.5490,0.2010,-0.7459,67,0.1400,67,0,1.0000,0.0000,0.0000,-4.0710,-2.3655,0.5147,-4.6405,-3.8034,0.0000,1,0.0939,0.0497,7.0319,-0.0008,1.000,70.00,342.76
7.1801,UKF,smooth,0.500,10.00,0.050,1,0.600,1,6.5633,8.8223,2.2590,1.7864,0.4090,0.1627,0.0940,6.0000,5.2432,2.3620,5.0867,0.6287,-134.2386,-26.5365,-133.2199,-26.7002,-133.2211,-27.0951,-134.0186,-27.3638,-136.6296,-28.2394,1.0187,-0.1637,1.0175,-0.5586,0.2201,-0.8273,67,0.1500,67,0,1.0000,0.0000,0.0000,-3.9554,-2.2716,0.6573,-4.6369,-3.8078,0.0000,1,0.0939,0.0497,7.0319,-0.0008,1.000,70.00,342.76
7.1901,UKF,smooth,0.500,10.00,0.050,1,0.600,1,6.5814,8.8528,2.2714,1.8252,0.4090,0.1627,0.0940,6.0000,5.2432,2.3605,5.9838,0.6272,-134.2989,-26.5384,-133.2199,-26.7002,-133.2211,-27.0951,-134.0604,-27.5158,-136.6169,-28.7666,1.0790,-0.1618,1.0778,-0.5567,0.2385,-0.9774,67,0.1600,67,0,1.0000,0.0000,0.0000,-3.9101,-2.2434,0.8306,-4.6333,-3.8121,0.0000,1,0.0939,0.0497,7.0319,-0.0008,1.000,70.00,342.76
7.2001,UKF,smooth,0.500,10.00,0.050,1,0.600,1,6.5989,8.8554,2.2565,1.4602,0.4086,0.1639,0.0936,6.0000,5.6535,2.0207,2.6294,0.6255,-134.3586,-26.5508,-134.0519,-26.5784,-133.7835,-26.8177,-134.0126,-26.8634,-136.1223,-27.0292,0.3067,-0.0275,0.5751,-0.2669,0.3459,-0.3126,68,0.0500,68,0,1.0000,0.0000,0.0000,-3.9858,-2.3292,0.9090,-4.6298,-3.8164,0.0000,1,0.0939,0.0497,7.1493,-0.0008,1.000,70.00,342.76
7.2101,UKF,smooth,0.500,10.00,0.050,1,0.600,1,6.6151,8.8609,2.2458,1.4903,0.4086,0.1639,0.0936,6.0000,5.6535,2.0193,2.7276,0.6240,-134.4177,-26.5675,-134.0519,-26.5784,-133.7835,-26.8177,-134.0540,-26.8875,-136.1473,-27.2084,0.3658,-0.0108,0.6342,-0.2502,0.3637,-0.3200,68,0.0600,68,0,1.0000,0.0000,0.0000,-4.0768,-2.4294,0.8982,-4.6264,-3.8206,0.0000,1,0.0939,0.0497,7.1493,-0.0008,1.000,70.00,342.76
7.2201,UKF,smooth,0.500,10.00,0.050,1,0.600,1,6.6300,8.8631,2.2331,1.5214,0.4086,0.1639,0.0935,6.0000,5.6535,2.0180,2.7907,0.6226,-134.4763,-26.5858,-134.0519,-26.5784,-133.7835,-26.8177,-134.0940,-26.9037,-136.1708,-27.2860,0.4244,0.0074,0.6928,-0.2320,0.3823,-0.3179,68,0.0700,68,0,1.0000,0.0000,0.0000,-4.1644,-2.5264,0.8543,-4.6230,-3.8247,0.0000,1,0.0939,0.0497,7.1493,-0.0008,1.000,70.00,342.76
7.2301,UKF,smooth,0.500,10.00,0.050,1,0.600,1,6.6435,8.8625,2.2190,1.5535,0.4086,0.1639,0.0935,6.0000,5.6535,2.0169,2.8356,0.6213,-134.5344,-26.6042,-134.0519,-26.5784,-133.7835,-26.8177,-134.1327,-26.9140,-136.1929,-27.3095,0.4825,0.0258,0.7509,-0.2136,0.4017,-0.3099,68,0.0800,68,0,1.0000,0.0000,0.0000,-4.2481,-2.6199,0.7948,-4.6196,-3.8288,0.0000,1,0.0939,0.0497,7.1493,-0.0008,1.000,70.00,342.76
7.2401,UKF,smooth,0.500,10.00,0.050,1,0.600,1,6.6556,8.8590,2.2034,1.5866,0.4086,0.1639,0.0935,6.0000,5.6535,2.0158,2.8712,0.6201,-134.5920,-26.6218,-134.0519,-26.5784,-133.7835,-26.8177,-134.1700,-26.9191,-136.2135,-27.2989,0.5401,0.0435,0.8085,-0.1959,0.4220,-0.2973,68,0.0900,68,0,1.0000,0.0000,0.0000,-4.3286,-2.7105,0.7268,-4.6163,-3.8327,0.0000,1,0.0939,0.0497,7.1493,-0.0008,1.000,70.00,342.76
7.2501,UKF,smooth,0.500,10.00,0.050,1,0.600,1,6.6664,8.8529,2.1865,1.6207,0.4086,0.1639,0.0935,6.0000,5.6535,2.0148,2.9035,0.6191,-134.6492,-26.6383,-134.0519,-26.5784,-133.7835,-26.8177,-134.2060,-26.9194,-136.2330,-27.2642,0.5972,0.0600,0.8656,-0.1794,0.4432,-0.2811,68,0.1000,68,0,1.0000,0.0000,0.0000,-4.4066,-2.7988,0.6535,-4.6130,-3.8367,0.0000,1,0.0926,0.0530,7.1493,0.0015,1.000,70.00,342.76
7.2601,UKF,smooth,0.500,10.00,0.050,1,0.600,1,6.6758,8.8441,2.1683,1.6557,0.4086,0.1639,0.0935,6.0000,5.6535,2.0140,2.9369,0.6182,-134.7059,-26.6533,-134.0519,-26.5784,-133.7835,-26.8177,-134.2407,-26.9151,-136.2512,-27.2109,0.6539,0.0749,0.9223,-0.1645,0.4652,-0.2618,68,0.1100,68,0,1.0000,0.0000,0.0000,-4.4826,-2.8852,0.5768,-4.6098,-3.8405,0.0000,1,0.0926,0.0530,7.1493,0.0015,1.000,70.00,342.76
7.2701,UKF,smooth,0.500,10.00,0.050,1,0.600,1,6.6839,8.8327,2.1488,1.6917,0.4086,0.1639,0.0934,6.0000,5.6535,2.0133,2.9752,0.6174,-134.7621,-26.6664,-134.0519,-26.5784,-133.7835,-26.8177,-134.2740,-26.9062,-136.2682,-27.1427,0.7102,0.0880,0.9786,-0.1514,0.4881,-0.2398,68,0.1200,68,0,1.0000,0.0000,0.0000,-4.5567,-2.9700,0.4980,-4.6066,-3.8443,0.0000,1,0.0926,0.0530,7.1493,0.0015,1.000,70.00,342.76
7.2801,UKF,smooth,0.500,10.00,0.050,1,0.600,1,6.6906,8.8187,2.1281,1.7285,0.4086,0.1639,0.0934,6.0000,5.6535,2.0127,3.0217,0.6167,-134.8180,-26.6775,-134.0519,-26.5784,-133.7835,-26.8177,-134.3062,-26.8929,-136.2841,-27.0621,0.7661,0.0992,1.0344,-0.1402,0.5118,-0.2153,68,0.1300,68,0,1.0000,0.0000,0.0000,-4.6293,-3.0534,0.4177,-4.6035,-3.8481,0.0000,1,0.0926,0.0530,7.1493,0.0015,1.000,70.00,342.76
7.2901,UKF,smooth,0.500,10.00,0.050,1,0.600,1,6.6960,8.8023,2.1063,1.7662,0.4086,0.1639,0.0934,6.0000,5.6535,2.0122,3.0792,0.6162,-134.8734,-26.6866,-134.0519,-26.5784,-133.7835,-26.8177,-134.3370,-26.8753,-136.2990,-26.9708,0.8215,0.1083,1.0899,-0.1311,0.5364,-0.1886,68,0.1400,68,0,1.0000,0.0000,0.0000,-4.7005,-3.1355,0.3367,-4.6005,-3.8517,0.0000,1,0.0926,0.0530,7.1493,0.0015,1.000,70.00,342.76
7.3001,UKF,smooth,0.500,10.00,0.050,1,0.600,1,6.7000,8.7833,2.0833,1.8048,0.4086,0.1639,0.0933,6.0000,5.6535,2.0119,3.1502,0.6157,-134.9285,-26.6935,-134.0519,-26.5784,-133.7835,-26.8177,-134.3665,-26.8535,-136.3127,-26.8703,0.8765,0.1152,1.1449,-0.1242,0.5620,-0.1600,68,0.1500,68,0,1.0000,0.0000,0.0000,-4.7704,-3.2165,0.2553,-4.5974,-3.8553,0.0000,1,0.0926,0.0530,7.1493,0.0015,1.000,70.00,342.76
7.3101,UKF,smooth,0.500,10.00,0.050,1,0.600,1,6.7028,9.1158,2.4130,1.4884,0.4083,0.1642,0.0930,6.0000,6.2016,1.6209,1.3726,0.6155,-134.9831,-26.6982,-134.6492,-26.6383,-134.5165,-26.8827,-134.8564,-26.8979,-137.8126,-26.7245,0.3340,0.0599,0.4666,-0.1845,0.1267,-0.1996,69,0.0600,69,0,1.0000,0.0000,0.0000,-4.8393,-3.2965,0.1739,-4.5945,-3.8589,0.0000,1,0.0926,0.0530,7.2516,0.0015,1.000,70.00,342.76
7.3201,UKF,smooth,0.500,10.00,0.050,1,0.600,1,6.7043,9.1117,2.4074,1.5196,0.4083,0.1642,0.0930,6.0000,6.2016,1.6208,1.2817,0.6153,-135.0374,-26.7007,-134.6492,-26.6383,-134.5165,-26.8827,-134.9133,-26.8840,-137.8593,-26.6309,0.3883,0.0623,0.5210,-0.1820,0.1242,-0.1834,69,0.0700,69,0,1.0000,0.0000,0.0000,-4.9072,-3.3757,0.0928,-4.5916,-3.8623,0.0000,1,0.0926,0.0530,7.2516,0.0015,1.000,70.00,342.76
7.3301,UKF,smooth,0.500,10.00,0.050,1,0.600,1,6.7045,9.1051,2.4005,1.5517,0.4083,0.1642,0.0930,6.0000,6.2016,1.6207,1.1892,0.6153,-135.0914,-26.7009,-134.6492,-26.6383,-134.5165,-26.8827,-134.9690,-26.8669,-137.9057,-26.5324,0.4422,0.0625,0.5749,-0.1818,0.1224,-0.1661,69,0.0800,69,0,1.0000,0.0000,0.0000,-4.9743,-3.4541,0.0122,-4.5887,-3.8657,0.0000,1,0.0926,0.0530,7.2516,0.0015,1.000,70.00,342.76
7.3401,UKF,smooth,0.500,10.00,0.050,1,0.600,1,6.7035,9.0960,2.3925,1.5849,0.4083,0.1642,0.0929,6.0000,6.2016,1.6208,1.0968,0.6154,-135.1450,-26.6989,-134.6492,-26.6383,-134.5165,-26.8827,-135.0236,-26.8467,-137.9518,-26.4301,0.4959,0.0605,0.6286,-0.1838,0.1214,-0.1479,69,0.0900,69,0,1.0000,0.0000,0.0000,-5.0405,-3.5318,-0.0676,-4.5859,-3.8691,0.0000,1,0.0926,0.0530,7.2516,0.0015,1.000,70.00,342.76
7.3501,UKF,smooth,0.500,10.00,0.050,1,0.600,1,6.7012,9.0846,2.3834,1.6189,0.4083,0.1642,0.0929,6.0000,6.2016,1.6210,1.0068,0.6156,-135.1983,-26.6947,-134.6492,-26.6383,-134.5165,-26.8827,-135.0771,-26.8235,-137.9978,-26.3246,0.5492,0.0563,0.6819,-0.1880,0.1212,-0.1289,69,0.1000,69,0,1.0000,0.0000,0.0000,-5.1061,-3.6089,-0.1464,-4.5831,-3.8724,0.0000,1,0.1052,0.0521,7.2516,0.0001,1.000,70.00,342.76
7.3601,UKF,smooth,0.500,10.00,0.050,1,0.600,1,6.6977,9.0708,2.3731,1.6540,0.4083,0.1642,0.0929,6.0000,6.2016,1.6213,0.9224,0.6159,-135.2514,-26.6884,-134.6492,-26.6383,-134.5165,-26.8827,-135.1296,-26.7977,-138.0436,-26.2171,0.6022,0.0500,0.7349,-0.1943,0.1218,-0.1093,69,0.1100,69,0,1.0000,0.0000,0.0000,-5.1710,-3.6854,-0.2240,-4.5804,-3.8756,0.0000,1,0.1052,0.0521,7.2516,0.0001,1.000,70.00,342.76
7.3701,UKF,smooth,0.500,10.00,0.050,1,0.600,1,6.6930,9.0546,2.3616,1.6899,0.4083,0.1642,0.0928,6.0000,6.2016,1.6217,0.8475,0.6163,-135.3041,-26.6800,-134.6492,-26.6383,-134.5165,-26.8827,-135.1810,-26.7694,-138.0893,-26.1087,0.6549,0.0417,0.7876,-0.2027,0.1230,-0.0894,69,0.1200,69,0,1.0000,0.0000,0.0000,-5.2355,-3.7616,-0.3000,-4.5777,-3.8787,0.0000,1,0.1052,0.0521,7.2516,0.0001,1.000,70.00,342.76
7.3801,UKF,smooth,0.500,10.00,0.050,1,0.600,1,6.6870,9.0362,2.3491,1.7267,0.4083,0.1642,0.0928,6.0000,6.2016,1.6223,0.7870,0.6169,-135.3565,-26.6697,-134.6492,-26.6383,-134.5165,-26.8827,-135.2315,-26.7393,-138.1349,-26.0008,0.7073,0.0314,0.8400,-0.2129,0.1250,-0.0695,69,0.1300,69,0,1.0000,0.0000,0.0000,-5.2996,-3.8374,-0.3743,-4.5751,-3.8818,0.0000,1,0.1052,0.0521,7.2516,0.0001,1.000,70.00,342.76
7.3901,UKF,smooth,0.500,10.00,0.050,1,0.600,1,6.6799,9.0155,2.3356,1.7644,0.4083,0.1642,0.0927,6.0000,6.2016,1.6229,0.7454,0.6175,-135.4086,-26.6577,-134.6492,-26.6383,-134.5165,-26.8827,-135.2809,-26.7077,-138.1806,-25.8953,0.7595,0.0194,0.8922,-0.2250,0.1277,-0.0500,69,0.1400,69,0,1.0000,0.0000,0.0000,-5.3634,-3.9131,-0.4465,-4.5726,-3.8848,0.0000,1,0.1052,0.0521,7.2516,0.0001,1.000,70.00,342.76
7.4001,UKF,smooth,0.500,10.00,0.050,1,0.600,1,6.6715,8.9925,2.3210,1.8029,0.4083,0.1642,0.0927,6.0000,6.2016,1.6237,0.7259,0.6183,-135.4605,-26.6440,-134.6492,-26.6383,-134.5165,-26.8827,-135.3294,-26.6755,-138.2264,-25.7946,0.8114,0.0057,0.9441,-0.2387,0.1311,-0.0315,69,0.1500,69,0,1.0000,0.0000,0.0000,-5.4270,-3.9886,-0.5160,-4.5700,-3.8878,0.0000,1,0.1052,0.0521,7.2516,0.0001,1.000,70.00,342.76
7.4101,UKF,smooth,0.500,10.00,0.050,1,0.600,1,6.6620,9.1910,2.5290,1.5306,0.4078,0.1648,0.0921,6.0000,6.4997,1.8642,1.9894,0.6192,-135.5122,-26.6290,-135.1983,-26.6947,-134.9302,-26.8935,-135.2050,-26.8169,-137.4082,-26.2183,0.3139,-0.0657,0.5820,-0.2645,0.3072,-0.1879,70,0.0600,70,0,1.0000,0.0000,0.0000,-5.4908,-4.0643,-0.5825,-4.5676,-3.8906,0.0000,1,0.1052,0.0521,7.3502,0.0001,1.000,70.00,342.76
7.4201,UKF,smooth,0.500,10.00,0.050,1,0.600,1,6.6514,9.1789,2.5275,1.5627,0.4078,0.1648,0.0920,6.0000,6.4997,1.8651,2.0422,0.6202,-135.5636,-26.6129,-135.1983,-26.6947,-134.9302,-26.8935,-135.2445,-26.8007,-137.4356,-26.1608,0.3653,-0.0818,0.6334,-0.2806,0.3192,-0.1878,70,0.0700,70,0,1.0000,0.0000,0.0000,-5.5547,-4.1403,-0.6450,-4.5652,-3.8935,0.0000,1,0.1052,0.0521,7.3502,0.0001,1.000,70.00,342.76
7.4301,UKF,smooth,0.500,10.00,0.050,1,0.600,1,6.6395,9.1646,2.5251,1.5957,0.4078,0.1648,0.0920,6.0000,6.4997,1.8660,2.1048,0.6213,-135.6148,-26.5961,-135.1983,-26.6947,-134.9302,-26.8935,-135.2829,-26.7854,-137.4629,-26.1193,0.4165,-0.0985,0.6846,-0.2973,0.3320,-0.1893,70,0.0800,70,0,1.0000,0.0000,0.0000,-5.6192,-4.2168,-0.7025,-4.5628,-3.8962,0.0000,1,0.1052,0.0521,7.3502,0.0001,1.000,70.00,342.76
7.4401,UKF,smooth,0.500,10.00,0.050,1,0.600,1,6.6266,9.1482,2.5216,1.6296,0.4078,0.1648,0.0919,6.0000,6.4997,1.8670,2.1811,0.6225,-135.6658,-26.5793,-135.1983,-26.6947,-134.9302,-26.8935,-135.3202,-26.7731,-137.4901,-26.1023,0.4675,-0.1154,0.7356,-0.3142,0.3456,-0.1938,70,0.0900,70,0,1.0000,0.0000,0.0000,-5.6846,-4.2943,-0.7529,-4.5605,-3.8989,0.0000,1,0.1052,0.0521,7.3502,0.0001,1.000,70.00,342.76
7.4501,UKF,smooth,0.500,10.00,0.050,1,0.600,1,6.6126,9.1298,2.5172,1.6645,0.4078,0.1648,0.0919,6.0000,6.4997,1.8680,2.2789,0.6238,-135.7167,-26.5633,-135.1983,-26.6947,-134.9302,-26.8935,-135.3566,-26.7671,-137.5174,-26.1250,0.5183,-0.1314,0.7865,-0.3302,0.3601,-0.2039,70,0.1000,70,0,1.0000,0.0000,0.0000,-5.7514,-4.3732,-0.7930,-4.5583,-3.9016,0.0000,1,0.1052,0.0521,7.3502,0.0001,1.000,70.00,342.76
7.4601,UKF,smooth,0.500,10.00,0.050,1,0.600,1,6.5975,9.1098,2.5123,1.7003,0.4078,0.1648,0.0918,6.0000,6.4997,1.8692,2.4143,0.6251,-135.7673,-26.5495,-135.1983,-26.6947,-134.9302,-26.8935,-135.3920,-26.7739,-137.5450,-26.2161,0.5690,-0.1452,0.8371,-0.3440,0.3754,-0.2244,70,0.1100,70,0,1.0000,0.0000,0.0000,-5.8200,-4.4540,-0.8161,-4.5561,-3.9041,0.0000,1,0.0868,0.0490,7.3502,-0.0001,1.000,70.00,342.76
7.4701,UKF,smooth,0.500,10.00,0.050,1,0.600,1,6.5815,9.0894,2.5078,1.7369,0.4078,0.1648,0.0918,6.0000,6.4997,1.8704,2.6320,0.6265,-135.8178,-26.5406,-135.1983,-26.6947,-134.9302,-26.8935,-135.4264,-26.8075,-137.5727,-26.4414,0.6195,-0.1541,0.8876,-0.3529,0.3914,-0.2669,70,0.1200,70,0,1.0000,0.0000,0.0000,-5.8898,-4.5361,-0.8052,-4.5539,-3.9066,0.0000,1,0.0868,0.0490,7.3502,-0.0001,1.000,70.00,342.76
7.4801,UKF,smooth,0.500,10.00,0.050,1,0.600,1,6.5653,9.0747,2.5095,1.7744,0.4078,0.1648,0.0917,6.0000,6.4997,1.8715,3.0619,0.6279,-135.8681,-26.5423,-135.1983,-26.6947,-134.9302,-26.8935,-135.4596,-26.9012,-137.5946,-26.9499,0.6698,-0.1523,0.9379,-0.3512,0.4086,-0.3589,70,0.1300,70,0,1.0000,0.0000,0.0000,-5.9430,-4.6018,-0.7106,-4.5518,-3.9091,0.0000,1,0.0868,0.0490,7.3502,-0.0001,1.000,70.00,342.76
7.4901,UKF,smooth,0.500,10.00,0.050,1,0.600,1,6.5504,9.0845,2.5341,1.8128,0.4078,0.1648,0.0917,6.0000,6.4997,1.8724,3.6043,0.6290,-135.9180,-26.5560,-135.1983,-26.6947,-134.9302,-26.8935,-135.4898,-27.0217,-137.5794,-27.5257,0.7196,-0.1387,0.9877,-0.3375,0.4281,-0.4658,70,0.1400,70,0,1.0000,0.0000,0.0000,-5.8870,-4.5591,-0.5236,-4.5498,-3.9114,0.0000,1,0.0868,0.0490,7.3502,-0.0001,1.000,70.00,342.76
7.5001,UKF,smooth,0.500,10.00,0.050,1,0.600,1,6.5378,9.1088,2.5709,1.8520,0.4078,0.1648,0.0916,6.0000,6.4997,1.8733,3.9029,0.6299,-135.9671,-26.5752,-135.1983,-26.6947,-134.9302,-26.8935,-135.5174,-27.0896,-137.5393,-27.7902,0.7687,-0.1195,1.0368,-0.3183,0.4497,-0.5144,70,0.1500,70,0,1.0000,0.0000,0.0000,-5.7589,-4.4447,-0.3671,-4.5478,-3.9137,0.0000,1,0.0868,0.0490,7.3502,-0.0001,1.000,70.00,342.76
7.5101,UKF,smooth,0.500,10.00,0.050,1,0.600,1,6.5276,9.0337,2.5060,1.5337,0.4082,0.1641,0.0920,6.0000,6.5170,1.1477,1.5051,0.6306,-136.0154,-26.5967,-135.7673,-26.5495,-135.5561,-26.5169,-135.7566,-26.4982,-138.2560,-26.1597,0.2481,0.0472,0.4593,0.0798,0.2588,0.0985,71,0.0500,71,0,1.0000,0.0000,0.0000,-5.6097,-4.3091,-0.2381,-4.5459,-3.9160,0.0000,1,0.0868,0.0490,7.4600,-0.0001,1.000,70.00,342.76
7.5201,UKF,smooth,0.500,10.00,0.050,1,0.600,1,6.5199,9.0421,2.5223,1.5651,0.4082,0.1641,0.0920,6.0000,6.5170,1.1478,1.5922,0.6310,-136.0628,-26.6187,-135.7673,-26.5495,-135.5561,-26.5169,-135.7998,-26.4942,-138.2200,-26.1788,0.2955,0.0692,0.5067,0.1017,0.2630,0.1245,71,0.0600,71,0,1.0000,0.0000,0.0000,-5.4526,-4.1654,-0.1259,-4.5440,-3.9182,0.0000,1,0.0868,0.0490,7.4600,-0.0001,1.000,70.00,342.76
7.5301,UKF,smooth,0.500,10.00,0.050,1,0.600,1,6.5145,9.0554,2.5409,1.5975,0.4082,0.1641,0.0919,6.0000,6.5170,1.1478,1.7069,0.6313,-136.1093,-26.6400,-135.7673,-26.5495,-135.5561,-26.5169,-135.8412,-26.4854,-138.1816,-26.1532,0.3420,0.0906,0.5532,0.1231,0.2681,0.1547,71,0.0700,71,0,1.0000,0.0000,0.0000,-5.2919,-4.0178,-0.0250,-4.5422,-3.9203,0.0000,1,0.0868,0.0490,7.4600,-0.0001,1.000,70.00,342.76
7.5401,UKF,smooth,0.500,10.00,0.050,1,0.600,1,6.5115,9.0733,2.5618,1.6308,0.4082,0.1641,0.0919,6.0000,6.5170,1.1478,1.8500,0.6313,-136.1549,-26.6600,-135.7673,-26.5495,-135.5561,-26.5169,-135.8809,-26.4714,-138.1416,-26.0966,0.3875,0.1105,0.5987,0.1430,0.2740,0.1886,71,0.0800,71,0,1.0000,0.0000,0.0000,-5.1297,-3.8684,0.0676,-4.5404,-3.9223,0.0000,1,0.0868,0.0490,7.4600,-0.0001,1.000,70.00,342.76
7.5501,UKF,smooth,0.500,10.00,0.050,1,0.600,1,6.5108,9.0958,2.5849,1.6650,0.4082,0.1641,0.0918,6.0000,6.5170,1.1479,2.0211,0.6312,-136.1994,-26.6779,-135.7673,-26.5495,-135.5561,-26.5169,-135.9186,-26.4519,-138.1005,-26.0165,0.4320,0.1285,0.6432,0.1610,0.2807,0.2260,71,0.0900,71,0,1.0000,0.0000,0.0000,-4.9669,-3.7181,0.1535,-4.5387,-3.9243,0.0000,1,0.1059,0.0484,7.4600,-0.0020,1.000,70.00,342.76
7.5601,UKF,smooth,0.500,10.00,0.050,1,0.600,1,6.5126,9.1228,2.6102,1.7002,0.4082,0.1641,0.0918,6.0000,6.5170,1.1478,2.2198,0.6309,-136.2428,-26.6934,-135.7673,-26.5495,-135.5561,-26.5169,-135.9546,-26.4265,-138.0587,-25.9177,0.4755,0.1439,0.6867,0.1765,0.2882,0.2669,71,0.1000,71,0,1.0000,0.0000,0.0000,-4.8040,-3.5675,0.2339,-4.5370,-3.9263,0.0000,1,0.1059,0.0484,7.4600,-0.0020,1.000,70.00,342.76
7.5701,UKF,smooth,0.500,10.00,0.050,1,0.600,1,6.5166,9.1543,2.6377,1.7362,0.4082,0.1641,0.0917,6.0000,6.5170,1.1477,2.4452,0.6304,-136.2852,-26.7060,-135.7673,-26.5495,-135.5561,-26.5169,-135.9887,-26.3950,-138.0164,-25.8027,0.5178,0.1565,0.7290,0.1891,0.2964,0.3110,71,0.1100,71,0,1.0000,0.0000,0.0000,-4.6413,-3.4168,0.3092,-4.5354,-3.9281,0.0000,1,0.1059,0.0484,7.4600,-0.0020,1.000,70.00,342.76
7.5801,UKF,smooth,0.500,10.00,0.050,1,0.600,1,6.5229,9.1901,2.6671,1.7730,0.4082,0.1641,0.0916,6.0000,6.5170,1.1476,2.6972,0.6297,-136.3264,-26.7154,-135.7673,-26.5495,-135.5561,-26.5169,-136.0211,-26.3567,-137.9736,-25.6728,0.5591,0.1659,0.7703,0.1984,0.3053,0.3587,71,0.1200,71,0,1.0000,0.0000,0.0000,-4.4791,-3.2662,0.3798,-4.5338,-3.9299,0.0000,1,0.1059,0.0484,7.4600,-0.0020,1.000,70.00,342.76
7.5901,UKF,smooth,0.500,10.00,0.050,1,0.600,1,6.5315,9.2301,2.6986,1.8107,0.4082,0.1641,0.0916,6.0000,6.5170,1.1474,2.9768,0.6289,-136.3665,-26.7212,-135.7673,-26.5495,-135.5561,-26.5169,-136.0516,-26.3110,-137.9306,-25.5278,0.5991,0.1717,0.8103,0.2042,0.3148,0.4102,71,0.1300,71,0,1.0000,0.0000,0.0000,-4.3172,-3.1158,0.4455,-4.5323,-3.9316,0.0000,1,0.1059,0.0484,7.4600,-0.0020,1.000,70.00,342.76
7.6001,UKF,smooth,0.500,10.00,0.050,1,0.600,1,6.5424,9.1880,2.6456,1.5218,0.4077,0.1655,0.0910,6.0000,6.4514,1.1360,1.4668,0.6280,-136.4053,-26.7229,-136.1994,-26.6779,-136.0067,-26.5980,-136.2072,-26.5533,-138.2777,-26.2144,0.2059,0.0450,0.3986,0.1249,0.1981,0.1696,72,0.0500,72,0,1.0000,0.0000,0.0000,-4.1556,-2.9653,0.5054,-4.5309,-3.9333,0.0000,1,0.1059,0.0484,7.5481,-0.0020,1.000,70.00,342.76
7.6101,UKF,smooth,0.500,10.00,0.050,1,0.600,1,6.5554,9.2171,2.6616,1.5527,0.4077,0.1655,0.0910,6.0000,6.4514,1.1361,1.5647,0.6268,-136.4429,-26.7199,-136.1994,-26.6779,-136.0067,-26.5980,-136.2467,-26.5258,-138.2431,-26.0436,0.2435,0.0420,0.4362,0.1219,0.1962,0.1941,72,0.0600,72,0,1.0000,0.0000,0.0000,-3.9937,-2.8142,0.5566,-4.5295,-3.9349,0.0000,1,0.1059,0.0484,7.5481,-0.0020,1.000,70.00,342.76
7.6201,UKF,smooth,0.500,10.00,0.050,1,0.600,1,6.5706,9.2500,2.6794,1.5845,0.4077,0.1655,0.0909,6.0000,6.4514,1.1361,1.7214,0.6256,-136.4793,-26.7101,-136.1994,-26.6779,-136.0067,-26.5980,-136.2843,-26.4811,-138.2070,-25.7938,0.2799,0.0321,0.4726,0.1120,0.1949,0.2289,72,0.0700,72,0,1.0000,0.0000,0.0000,-3.8291,-2.6602,0.5825,-4.5282,-3.9365,0.0000,1,0.1059,0.0484,7.5481,-0.0020,1.000,70.00,342.76
7.6301,UKF,smooth,0.500,10.00,0.050,1,0.600,1,6.5845,9.2593,2.6748,1.6173,0.4077,0.1655,0.0909,6.0000,6.4514,1.1362,1.9339,0.6245,-136.5150,-26.6921,-136.1994,-26.6779,-136.0067,-26.5980,-136.3230,-26.4182,-138.2240,-25.4668,0.3156,0.0142,0.5083,0.0940,0.1920,0.2738,72,0.0800,72,0,1.0000,0.0000,0.0000,-3.8738,-2.7175,0.4408,-4.5269,-3.9380,0.0000,1,0.1059,0.0484,7.5481,-0.0020,1.000,70.00,342.76
7.6401,UKF,smooth,0.500,10.00,0.050,1,0.600,1,6.5970,9.2648,2.6678,1.6510,0.4077,0.1655,0.0908,6.0000,6.4514,1.1362,2.0054,0.6236,-136.5502,-26.6719,-136.1994,-26.6779,-136.0067,-26.5980,-136.3610,-26.3826,-138.2482,-25.3534,0.3508,-0.0060,0.5435,0.0739,0.1892,0.2893,72,0.0900,72,0,1.0000,0.0000,0.0000,-3.9478,-2.8045,0.3547,-4.5256,-3.9394,0.0000,1,0.1059,0.0484,7.5481,-0.0020,1.000,70.00,342.76
7.6501,UKF,smooth,0.500,10.00,0.050,1,0.600,1,6.6081,9.2678,2.6597,1.6856,0.4077,0.1655,0.0908,6.0000,6.4514,1.1363,2.0484,0.6228,-136.5848,-26.6507,-136.1994,-26.6779,-136.0067,-26.5980,-136.3980,-26.3519,-138.2732,-25.2795,0.3854,-0.0272,0.5781,0.0527,0.1868,0.2988,72,0.1000,72,0,1.0000,0.0000,0.0000,-4.0247,-2.8944,0.2810,-4.5245,-3.9407,0.0000,1,0.1059,0.0484,7.5481,-0.0020,1.000,70.00,342.76
7.6601,UKF,smooth,0.500,10.00,0.050,1,0.600,1,6.6179,9.2682,2.6503,1.7211,0.4077,0.1655,0.0907,6.0000,6.4514,1.1363,2.0754,0.6221,-136.6189,-26.6290,-136.1994,-26.6779,-136.0067,-26.5980,-136.4342,-26.3240,-138.2983,-25.2260,0.4195,-0.0489,0.6122,0.0310,0.1847,0.3050,72,0.1100,72,0,1.0000,0.0000,0.0000,-4.1025,-2.9852,0.2140,-4.5233,-3.9420,0.0000,1,0.0945,0.0483,7.5481,0.0013,1.000,70.00,342.76
7.6701,UKF,smooth,0.500,10.00,0.050,1,0.600,1,6.6263,9.2660,2.6397,1.7574,0.4077,0.1655,0.0907,6.0000,6.4514,1.1363,2.0896,0.6215,-136.6525,-26.6072,-136.1994,-26.6779,-136.0067,-26.5980,-136.4695,-26.2987,-138.3235,-25.1872,0.4531,-0.0707,0.6458,0.0092,0.1829,0.3085,72,0.1200,72,0,1.0000,0.0000,0.0000,-4.1805,-3.0764,0.1520,-4.5223,-3.9432,0.0000,1,0.0945,0.0483,7.5481,0.0013,1.000,70.00,342.76
7.6801,UKF,smooth,0.500,10.00,0.050,1,0.600,1,6.6334,9.2615,2.6281,1.7947,0.4077,0.1655,0.0906,6.0000,6.4514,1.1363,2.0916,0.6211,-136.6855,-26.5856,-136.1994,-26.6779,-136.0067,-26.5980,-136.5040,-26.2760,-138.3487,-25.1610,0.4861,-0.0923,0.6788,-0.0124,0.1815,0.3095,72,0.1300,72,0,1.0000,0.0000,0.0000,-4.2586,-3.1675,0.0940,-4.5212,-3.9444,0.0000,1,0.0945,0.0483,7.5481,0.0013,1.000,70.00,342.76
7.6901,UKF,smooth,0.500,10.00,0.050,1,0.600,1,6.6391,9.2545,2.6153,1.8328,0.4077,0.1655,0.0906,6.0000,6.4514,1.1363,2.0812,0.6208,-136.7181,-26.5644,-136.1994,-26.6779,-136.0067,-26.5980,-136.5376,-26.2564,-138.3739,-25.1467,0.5187,-0.1135,0.7114,-0.0336,0.1805,0.3080,72,0.1400,72,0,1.0000,0.0000,0.0000,-4.3365,-3.2585,0.0398,-4.5203,-3.9455,0.0000,1,0.0945,0.0483,7.5481,0.0013,1.000,70.00,342.76
7.7001,UKF,smooth,0.500,10.00,0.050,1,0.600,1,6.6436,9.2452,2.6016,1.8717,0.4077,0.1655,0.0905,6.0000,6.4514,1.1363,2.0573,0.6205,-136.7502,-26.5440,-136.1994,-26.6779,-136.0067,-26.5980,-136.5704,-26.2402,-138.3991,-25.1444,0.5508,-0.1339,0.7435,-0.0540,0.1798,0.3039,72,0.1500,72,0,1.0000,0.0000,0.0000,-4.4142,-3.3493,-0.0108,-4.5194,-3.9465,0.0000,1,0.0945,0.0483,7.5481,0.0013,1.000,70.00,342.76
7.7101,UKF,smooth,0.500,10.00,0.050,1,0.600,1,6.6468,8.8957,2.2488,1.5648,0.4070,0.1671,0.0898,6.0000,5.6400,2.2000,3.1507,0.6204,-136.7818,-26.5246,-136.6189,-26.6290,-136.3644,-26.3404,-136.3591,-26.1587,-137.5298,-24.8626,0.1629,-0.1044,0.4174,0.1842,0.4227,0.3659,73,0.0500,73,0,1.0000,0.0000,0.0000,-4.4916,-3.4398,-0.0578,-4.5185,-3.9475,0.0000,1,0.0945,0.0483,7.6614,0.0013,1.000,70.00,342.76
7.7201,UKF,smooth,0.500,10.00,0.050,1,0.600,1,6.6488,8.8865,2.2377,1.5962,0.4070,0.1671,0.0897,6.0000,5.6400,2.2000,3.2013,0.6203,-136.8130,-26.5064,-136.6189,-26.6290,-136.3644,-26.3404,-136.3799,-26.1381,-137.5371,-24.8743,0.1941,-0.1226,0.4486,0.1659,0.4332,0.3683,73,0.0600,73,0,1.0000,0.0000,0.0000,-4.5688,-3.5301,-0.1014,-4.5177,-3.9484,0.0000,1,0.0945,0.0483,7.6614,0.0013,1.000,70.00,342.76
7.7301,UKF,smooth,0.500,10.00,0.050,1,0.600,1,6.6495,8.8749,2.2254,1.6286,0.4070,0.1671,0.0896,6.0000,5.6400,2.2000,3.2475,0.6204,-136.8438,-26.4896,-136.6189,-26.6290,-136.3644,-26.3404,-136.3997,-26.1205,-137.5439,-24.8994,0.2249,-0.1394,0.4794,0.1492,0.4440,0.3691,73,0.0700,73,0,1.0000,0.0000,0.0000,-4.6457,-3.6201,-0.1412,-4.5170,-3.9493,0.0000,1,0.0945,0.0483,7.6614,0.0013,1.000,70.00,342.76
7.7401,UKF,smooth,0.500,10.00,0.050,1,0.600,1,6.6490,8.8610,2.2120,1.6619,0.4070,0.1671,0.0896,6.0000,5.6400,2.1999,3.2880,0.6205,-136.8741,-26.4746,-136.6189,-26.6290,-136.3644,-26.3404,-136.4187,-26.1067,-137.5501,-24.9395,0.2552,-0.1544,0.5097,0.1342,0.4554,0.3679,73,0.0800,73,0,1.0000,0.0000,0.0000,-4.7223,-3.7098,-0.1773,-4.5163,-3.9501,0.0000,1,0.0945,0.0483,7.6614,0.0013,1.000,70.00,342.76
7.7501,UKF,smooth,0.500,10.00,0.050,1,0.600,1,6.6474,8.8449,2.1975,1.6961,0.4070,0.1671,0.0895,6.0000,5.6400,2.1997,3.3213,0.6207,-136.9040,-26.4616,-136.6189,-26.6290,-136.3644,-26.3404,-136.4368,-26.0973,-137.5558,-24.9965,0.2851,-0.1674,0.5396,0.1212,0.4672,0.3644,73,0.0900,73,0,1.0000,0.0000,0.0000,-4.7986,-3.7992,-0.2093,-4.5157,-3.9508,0.0000,1,0.0945,0.0483,7.6614,0.0013,1.000,70.00,342.76
7.7601,UKF,smooth,0.500,10.00,0.050,1,0.600,1,6.6445,8.8266,2.1821,1.7313,0.4070,0.1671,0.0895,6.0000,5.6400,2.1995,3.3457,0.6210,-136.9334,-26.4510,-136.6189,-26.6290,-136.3644,-26.3404,-136.4541,-26.0932,-137.5610,-25.0728,0.3145,-0.1780,0.5690,0.1106,0.4793,0.3578,73,0.1000,73,0,1.0000,0.0000,0.0000,-4.8746,-3.8883,-0.2368,-4.5151,-3.9514,0.0000,1,0.0839,0.0560,7.6614,-0.0017,1.000,70.00,342.76
7.7701,UKF,smooth,0.500,10.00,0.050,1,0.600,1,6.6405,8.8062,2.1657,1.7673,0.4070,0.1671,0.0894,6.0000,5.6400,2.1993,3.3599,0.6214,-136.9625,-26.4431,-136.6189,-26.6290,-136.3644,-26.3404,-136.4705,-26.0956,-137.5655,-25.1715,0.3436,-0.1859,0.5981,0.1027,0.4920,0.3475,73,0.1100,73,0,1.0000,0.0000,0.0000,-4.9503,-3.9770,-0.2595,-4.5146,-3.9520,0.0000,1,0.0839,0.0560,7.6614,-0.0017,1.000,70.00,342.76
7.7801,UKF,smooth,0.500,10.00,0.050,1,0.600,1,6.6354,8.7839,2.1485,1.8041,0.4070,0.1671,0.0894,6.0000,5.6400,2.1990,3.3620,0.6218,-136.9911,-26.4383,-136.6189,-26.6290,-136.3644,-26.3404,-136.4861,-26.1056,-137.5695,-25.2963,0.3723,-0.1907,0.6268,0.0979,0.5051,0.3327,73,0.1200,73,0,1.0000,0.0000,0.0000,-5.0256,-4.0654,-0.2768,-4.5141,-3.9525,0.0000,1,0.0839,0.0560,7.6614,-0.0017,1.000,70.00,342.76
7.7901,UKF,smooth,0.500,10.00,0.050,1,0.600,1,6.6292,8.7598,2.1306,1.8418,0.4070,0.1671,0.0893,6.0000,5.6400,2.1987,3.3507,0.6223,-137.0194,-26.4371,-136.6189,-26.6290,-136.3644,-26.3404,-136.5009,-26.1248,-137.5729,-25.4521,0.4005,-0.1919,0.6550,0.0967,0.5185,0.3123,73,0.1300,73,0,1.0000,0.0000,0.0000,-5.1006,-4.1534,-0.2877,-4.5137,-3.9530,0.0000,1,0.0839,0.0560,7.6614,-0.0017,1.000,70.00,342.76
7.8001,UKF,smooth,0.500,10.00,0.050,1,0.600,1,6.6220,8.7341,2.1120,1.8804,0.4070,0.1671,0.0892,6.0000,5.6400,2.1983,3.3251,0.6229,-137.0473,-26.4400,-136.6189,-26.6290,-136.3644,-26.3404,-136.5148,-26.1553,-137.5757,-25.6454,0.4284,-0.1889,0.6829,0.0996,0.5325,0.2847,73,0.1400,73,0,1.0000,0.0000,0.0000,-5.1750,-4.2408,-0.2912,-4.5134,-3.9534,0.0000,1,0.0839,0.0560,7.6614,-0.0017,1.000,70.00,342.76
7.8101,UKF,smooth,0.500,10.00,0.050,1,0.600,1,6.6138,8.7070,2.0932,1.9197,0.4070,0.1671,0.0892,6.0000,5.6400,2.1980,3.2859,0.6234,-137.0748,-26.4478,-136.6189,-26.6290,-136.3644,-26.3404,-136.5280,-26.1999,-137.5777,-25.8852,0.4559,-0.1812,0.7104,0.1074,0.5468,0.2479,73,0.1500,73,0,1.0000,0.0000,0.0000,-5.2486,-4.3275,-0.2856,-4.5131,-3.9538,0.0000,1,0.0839,0.0560,7.6614,-0.0017,1.000,70.00,342.76
7.8201,UKF,smooth,0.500,10.00,0.050,1,0.600,1,6.6047,8.7504,2.1457,1.5255,0.4067,0.1684,0.0888,6.0000,5.3926,1.4344,1.8315,0.6240,-137.1019,-26.4613,-136.9334,-26.4510,-136.6756,-26.5152,-136.8564,-26.6746,-138.8103,-28.4585,0.1685,0.0103,0.4263,-0.0539,0.2455,-0.2133,74,0.0600,74,0,1.0000,0.0000,0.0000,-5.3211,-4.4129,-0.2681,-4.5128,-3.9540,0.0000,1,0.0839,0.0560,7.7584,-0.0017,1.000,70.00,342.76
7.8301,UKF,smooth,0.500,10.00,0.050,1,0.600,1,6.5947,8.7305,2.1357,1.5563,0.4067,0.1684,0.0888,6.0000,5.3926,1.4348,2.0307,0.6247,-137.1286,-26.4816,-136.9334,-26.4510,-136.6756,-26.5152,-136.8889,-26.7449,-138.8452,-28.8306,0.1952,0.0306,0.4531,-0.0335,0.2397,-0.2632,74,0.0700,74,0,1.0000,0.0000,0.0000,-5.3914,-4.4960,-0.2345,-4.5126,-3.9543,0.0000,1,0.0839,0.0560,7.7584,-0.0017,1.000,70.00,342.76
7.8401,UKF,smooth,0.500,10.00,0.050,1,0.600,1,6.5842,8.7103,2.1262,1.5881,0.4067,0.1684,0.0887,6.0000,5.3926,1.4352,2.3132,0.6253,-137.1550,-26.5105,-136.9334,-26.4510,-136.6756,-26.5152,-136.9208,-26.8356,-138.8789,-29.2935,0.2215,0.0594,0.4794,-0.0047,0.2342,-0.3252,74,0.0800,74,0,1.0000,0.0000,0.0000,-5.4568,-4.5741,-0.1769,-4.5125,-3.9544,0.0000,1,0.0839,0.0560,7.7584,-0.0017,1.000,70.00,342.76
7.8501,UKF,smooth,0.500,10.00,0.050,1,0.600,1,6.5733,8.6922,2.1189,1.6208,0.4067,0.1684,0.0886,6.0000,5.3926,1.4354,2.7157,0.6258,-137.1809,-26.5501,-136.9334,-26.4510,-136.6756,-26.5152,-136.9518,-26.9554,-138.9080,-29.8811,0.2474,0.0991,0.5053,0.0350,0.2290,-0.4053,74,0.0900,74,0,1.0000,0.0000,0.0000,-5.5086,-4.6381,-0.0802,-4.5124,-3.9545,0.0000,1,0.0900,0.0548,7.7584,-0.0019,1.000,70.00,342.76
7.8601,UKF,smooth,0.500,10.00,0.050,1,0.600,1,6.5629,8.6822,2.1192,1.6545,0.4067,0.1684,0.0886,6.0000,5.3926,1.4357,3.2536,0.6262,-137.2062,-26.6029,-136.9334,-26.4510,-136.6756,-26.5152,-136.9813,-27.1084,-138.9199,-30.5750,0.2728,0.1519,0.5306,0.0878,0.2249,-0.5055,74,0.1000,74,0,1.0000,0.0000,0.0000,-5.5151,-4.6553,0.0774,-4.5124,-3.9545,0.0000,1,0.0900,0.0548,7.7584,-0.0019,1.000,70.00,342.76
7.8701,UKF,smooth,0.500,10.00,0.050,1,0.600,1,6.5545,8.6887,2.1342,1.6891,0.4067,0.1684,0.0885,6.0000,5.3926,1.4359,3.6378,0.6264,-137.2307,-26.6639,-136.9334,-26.4510,-136.6756,-26.5152,-137.0076,-27.2386,-138.8917,-30.9920,0.2972,0.2129,0.5551,0.1488,0.2230,-0.5747,74,0.1100,74,0,1.0000,0.0000,0.0000,-5.4182,-4.5657,0.2463,-4.5124,-3.9545,0.0000,1,0.0900,0.0548,7.7584,-0.0019,1.000,70.00,342.76
7.8801,UKF,smooth,0.500,10.00,0.050,1,0.600,1,6.5485,8.7048,2.1562,1.7246,0.4067,0.1684,0.0884,6.0000,5.3926,1.4359,3.6265,0.6264,-137.2540,-26.7240,-136.9334,-26.4510,-136.6756,-26.5152,-137.0311,-27.2968,-138.8394,-30.9422,0.3205,0.2730,0.5784,0.2089,0.2229,-0.5728,74,0.1200,74,0,1.0000,0.0000,0.0000,-5.2599,-4.4123,0.3436,-4.5125,-3.9544,0.0000,1,0.0900,0.0548,7.7584,-0.0019,1.000,70.00,342.76
7.8901,UKF,smooth,0.500,10.00,0.050,1,0.600,1,6.5449,8.7248,2.1799,1.7610,0.4067,0.1684,0.0884,6.0000,5.3926,1.4359,3.3453,0.6262,-137.2760,-26.7778,-136.9334,-26.4510,-136.6756,-26.5152,-137.0525,-27.3004,-138.7810,-30.6283,0.3426,0.3268,0.6005,0.2627,0.2235,-0.5226,74,0.1300,74,0,1.0000,0.0000,0.0000,-5.0860,-4.2428,0.3843,-4.5127,-3.9542,0.0000,1,0.0900,0.0548,7.7584,-0.0019,1.000,70.00,342.76
7.9001,UKF,smooth,0.500,10.00,0.050,1,0.600,1,6.5435,8.7475,2.2040,1.7983,0.4067,0.1684,0.0883,6.0000,5.3926,1.4357,2.8864,0.6259,-137.2969,-26.8221,-136.9334,-26.4510,-136.6756,-26.5152,-137.0721,-27.2611,-138.7217,-30.1616,0.3635,0.3711,0.6213,0.3070,0.2248,-0.4390,74,0.1400,74,0,1.0000,0.0000,0.0000,-4.9102,-4.0709,0.3865,-4.5129,-3.9540,0.0000,1,0.0900,0.0548,7.7584,-0.0019,1.000,70.00,342.76
7.9101,UKF,smooth,0.500,10.00,0.050,1,0.600,1,6.5441,8.7511,2.2070,1.4743,0.4076,0.1694,0.0891,6.0000,5.8817,1.8810,3.0581,0.6256,-137.3165,-26.8547,-137.1809,-26.5501,-136.8828,-26.3839,-137.0284,-26.4132,-138.2458,-26.2879,0.1356,0.3046,0.4337,0.4708,0.2881,0.4416,75,0.0600,75,0,1.0000,0.0000,0.0000,-4.7371,-3.9018,0.3592,-4.5131,-3.9537,0.0000,1,0.0900,0.0548,7.8482,-0.0019,1.000,70.00,342.76
7.9201,UKF,smooth,0.500,10.00,0.050,1,0.600,1,6.5466,8.7616,2.2150,1.5045,0.4076,0.1694,0.0891,6.0000,5.8817,1.8810,3.5497,0.6251,-137.3348,-26.8739,-137.1809,-26.5501,-136.8828,-26.3839,-137.0465,-26.3395,-138.2030,-25.7173,0.1540,0.3238,0.4520,0.4900,0.2883,0.5344,75,0.0700,75,0,1.0000,0.0000,0.0000,-4.5695,-3.7383,0.3062,-4.5134,-3.9533,0.0000,1,0.0900,0.0548,7.8482,-0.0019,1.000,70.00,342.76
7.9301,UKF,smooth,0.500,10.00,0.050,1,0.600,1,6.5507,8.7740,2.2233,1.5356,0.4076,0.1694,0.0890,6.0000,5.8817,1.8811,4.1346,0.6247,-137.3519,-26.8782,-137.1809,-26.5501,-136.8828,-26.3839,-137.0631,-26.2372,-138.1615,-25.0751,0.1711,0.3281,0.4691,0.4943,0.2888,0.6410,75,0.0800,75,0,1.0000,0.0000,0.0000,-4.4101,-3.5830,0.2285,-4.5138,-3.9529,0.0000,1,0.0900,0.0548,7.8482,-0.0019,1.000,70.00,342.76
7.9401,UKF,smooth,0.500,10.00,0.050,1,0.600,1,6.5561,8.7874,2.2312,1.5677,0.4076,0.1694,0.0889,6.0000,5.8817,1.8812,4.8167,0.6243,-137.3678,-26.8663,-137.1809,-26.5501,-136.8828,-26.3839,-137.0783,-26.1041,-138.1224,-24.3637,0.1869,0.3162,0.4850,0.4824,0.2895,0.7622,75,0.0900,75,0,1.0000,0.0000,0.0000,-4.2626,-3.4400,0.1251,-4.5142,-3.9524,0.0000,1,0.0900,0.0548,7.8482,-0.0019,1.000,70.00,342.76
7.9501,UKF,smooth,0.500,10.00,0.050,1,0.600,1,6.5625,8.7998,2.2373,1.6008,0.4076,0.1694,0.0889,6.0000,5.8817,1.8812,5.5971,0.6240,-137.3825,-26.8371,-137.1809,-26.5501,-136.8828,-26.3839,-137.0923,-25.9385,-138.0868,-23.5853,0.2016,0.2870,0.4997,0.4532,0.2902,0.8987,75,0.1000,75,0,1.0000,0.0000,0.0000,-4.1338,-3.3162,-0.0065,-4.5147,-3.9519,0.0000,1,0.1007,0.0515,7.8482,0.0019,1.000,70.00,342.76
7.9601,UKF,smooth,0.500,10.00,0.050,1,0.600,1,6.5694,8.8083,2.2389,1.6347,0.4076,0.1694,0.0888,6.0000,5.8817,1.8811,6.4571,0.6238,-137.3961,-26.7902,-137.1809,-26.5501,-136.8828,-26.3839,-137.1055,-25.7430,-138.0575,-22.7575,0.2153,0.2401,0.5133,0.4063,0.2907,1.0473,75,0.1100,75,0,1.0000,0.0000,0.0000,-4.0373,-3.2257,-0.1678,-4.5152,-3.9513,0.0000,1,0.1007,0.0515,7.8482,0.0019,1.000,70.00,342.76
7.9701,UKF,smooth,0.500,10.00,0.050,1,0.600,1,6.5759,8.8078,2.2318,1.6696,0.4076,0.1694,0.0888,6.0000,5.8817,1.8809,7.2862,0.6237,-137.4089,-26.7277,-137.1809,-26.5501,-136.8828,-26.3839,-137.1187,-25.5381,-138.0398,-21.9736,0.2280,0.1775,0.5260,0.3437,0.2902,1.1896,75,0.1200,75,0,1.0000,0.0000,0.0000,-3.9990,-3.1956,-0.3461,-4.5158,-3.9506,0.0000,1,0.1007,0.0515,7.8482,0.0019,1.000,70.00,342.76
7.9801,UKF,smooth,0.500,10.00,0.050,1,0.600,1,6.5813,8.7957,2.2144,1.7054,0.4076,0.1694,0.0887,6.0000,5.8817,1.8808,7.7720,0.6238,-137.4210,-26.6572,-137.1809,-26.5501,-136.8828,-26.3839,-137.1328,-25.3844,-138.0381,-21.4924,0.2401,0.1071,0.5381,0.2733,0.2881,1.2728,75,0.1300,75,0,1.0000,0.0000,0.0000,-4.0386,-3.2464,-0.4813,-4.5165,-3.9499,0.0000,1,0.1007,0.0515,7.8482,0.0019,1.000,70.00,342.76
7.9901,UKF,smooth,0.500,10.00,0.050,1,0.600,1,6.5854,8.7796,2.1942,1.7422,0.4076,0.1694,0.0886,6.0000,5.8817,1.8806,7.7498,0.6240,-137.4326,-26.5884,-137.1809,-26.5501,-136.8828,-26.3839,-137.1473,-25.3188,-138.0446,-21.4391,0.2517,0.0382,0.5498,0.2044,0.2853,1.2695,75,0.1400,75,0,1.0000,0.0000,0.0000,-4.1188,-3.3391,-0.5233,-4.5172,-3.9491,0.0000,1,0.1007,0.0515,7.8482,0.0019,1.000,70.00,342.76
8.0001,UKF,smooth,0.500,10.00,0.050,1,0.600,1,6.5884,8.7648,2.1764,1.7799,0.4076,0.1694,0.0886,6.0000,5.8817,1.8804,7.3907,0.6242,-137.4437,-26.5266,-137.1809,-26.5501,-136.8828,-26.3839,-137.1613,-25.3178,-138.0517,-21.6617,0.2629,-0.0236,0.5609,0.1426,0.2825,1.2088,75,0.1500,75,0,1.0000,0.0000,0.0000,-4.2015,-3.4346,-0.4971,-4.5179,-3.9482,0.0000,1,0.1007,0.0515,7.8482,0.0019,1.000,70.00,342.76
8.0101,UKF,smooth,0.500,10.00,0.050,1,0.600,1,6.5907,9.0584,2.4677,1.4685,0.4093,0.1702,0.0901,6.0000,6.0074,2.3354,1.2490,0.6244,-137.4543,-26.4743,-137.3825,-26.8371,-137.0891,-26.5477,-137.2236,-26.4438,-138.0998,-25.7662,0.0719,-0.3628,0.3652,-0.0733,0.2307,0.0305,76,0.0600,76,0,1.0000,0.0000,0.0000,-4.2774,-3.5228,-0.4331,-4.5187,-3.9473,0.0000,1,0.1007,0.0515,7.9520,0.0019,1.000,70.00,342.76
8.0201,UKF,smooth,0.500,10.00,0.050,1,0.600,1,6.5925,9.0588,2.4663,1.4991,0.4093,0.1702,0.0901,6.0000,6.0074,2.3351,1.2411,0.6245,-137.4644,-26.4329,-137.3825,-26.8371,-137.0891,-26.5477,-137.2396,-26.4831,-138.1062,-26.1845,0.0820,-0.4043,0.3753,-0.1148,0.2249,-0.0502,76,0.0700,76,0,1.0000,0.0000,0.0000,-4.3462,-3.6035,-0.3481,-4.5196,-3.9463,0.0000,1,0.1007,0.0515,7.9520,0.0019,1.000,70.00,342.76
8.0301,UKF,smooth,0.500,10.00,0.050,1,0.600,1,6.5938,9.0590,2.4653,1.5308,0.4093,0.1702,0.0900,6.0000,6.0074,2.3351,1.4366,0.6246,-137.4740,-26.4028,-137.3825,-26.8371,-137.0891,-26.5477,-137.2549,-26.5413,-138.1114,-26.6451,0.0915,-0.4344,0.3849,-0.1449,0.2191,-0.1385,76,0.0800,76,0,1.0000,0.0000,0.0000,-4.4095,-3.6786,-0.2516,-4.5205,-3.9453,0.0000,1,0.1007,0.0515,7.9520,0.0019,1.000,70.00,342.76
8.0401,UKF,smooth,0.500,10.00,0.050,1,0.600,1,6.5947,9.0590,2.4643,1.5634,0.4093,0.1702,0.0900,6.0000,6.0074,2.3350,1.8043,0.6246,-137.4830,-26.3842,-137.3825,-26.8371,-137.0891,-26.5477,-137.2695,-26.6176,-138.1156,-27.1347,0.1005,-0.4529,0.3939,-0.1634,0.2135,-0.2334,76,0.0900,76,0,1.0000,0.0000,0.0000,-4.4692,-3.7497,-0.1491,-4.5215,-3.9442,0.0000,1,0.1007,0.0515,7.9520,0.0019,1.000,70.00,342.76
8.0501,UKF,smooth,0.500,10.00,0.050,1,0.600,1,6.5953,9.0587,2.4634,1.5970,0.4093,0.1702,0.0899,6.0000,6.0074,2.3349,2.2858,0.6246,-137.4915,-26.3773,-137.3825,-26.8371,-137.0891,-26.5477,-137.2836,-26.7111,-138.1193,-27.6446,0.1090,-0.4598,0.4024,-0.1703,0.2079,-0.3338,76,0.1000,76,0,1.0000,0.0000,0.0000,-4.5267,-3.8185,-0.0445,-4.5225,-3.9430,0.0000,1,0.1007,0.0515,7.9520,0.0019,1.000,70.00,342.76
8.0601,UKF,smooth,0.500,10.00,0.050,1,0.600,1,6.5956,9.0578,2.4622,1.6315,0.4093,0.1702,0.0898,6.0000,6.0074,2.3350,2.8391,0.6245,-137.4994,-26.3820,-137.3825,-26.8371,-137.0891,-26.5477,-137.2970,-26.8207,-138.1226,-28.1684,0.1169,-0.4552,0.4103,-0.1657,0.2023,-0.4387,76,0.1100,76,0,1.0000,0.0000,0.0000,-4.5836,-3.8866,0.0593,-4.5236,-3.9417,0.0000,1,0.0836,0.0421,7.9520,0.0013,1.000,70.00,342.76
8.0701,UKF,smooth,0.500,10.00,0.050,1,0.600,1,6.5955,9.0560,2.4605,1.6668,0.4093,0.1702,0.0898,6.0000,6.0074,2.3350,3.4380,0.6244,-137.5067,-26.3979,-137.3825,-26.8371,-137.0891,-26.5477,-137.3100,-26.9450,-138.1259,-28.6999,0.1242,-0.4393,0.4176,-0.1498,0.1968,-0.5471,76,0.1200,76,0,1.0000,0.0000,0.0000,-4.6411,-3.9553,0.1595,-4.5247,-3.9404,0.0000,1,0.0836,0.0421,7.9520,0.0013,1.000,70.00,342.76
8.0801,UKF,smooth,0.500,10.00,0.050,1,0.600,1,6.5950,9.0528,2.4578,1.7031,0.4093,0.1702,0.0897,6.0000,6.0074,2.3351,4.0634,0.6241,-137.5135,-26.4246,-137.3825,-26.8371,-137.0891,-26.5477,-137.3224,-27.0821,-138.1295,-29.2327,0.1310,-0.4125,0.4244,-0.1230,0.1911,-0.6574,76,0.1300,76,0,1.0000,0.0000,0.0000,-4.7005,-4.0259,0.2532,-4.5259,-3.9391,0.0000,1,0.0836,0.0421,7.9520,0.0013,1.000,70.00,342.76
8.0901,UKF,smooth,0.500,10.00,0.050,1,0.600,1,6.5940,9.0478,2.4538,1.7402,0.4093,0.1702,0.0896,6.0000,6.0074,2.3353,4.6967,0.6239,-137.5198,-26.4617,-137.3825,-26.8371,-137.0891,-26.5477,-137.3344,-27.2291,-138.1336,-29.7577,0.1373,-0.3755,0.4307,-0.0860,0.1853,-0.7675,76,0.1400,76,0,1.0000,0.0000,0.0000,-4.7629,-4.0995,0.3369,-4.5271,-3.9376,0.0000,1,0.0836,0.0421,7.9520,0.0013,1.000,70.00,342.76
8.1001,UKF,smooth,0.500,10.00,0.050,1,0.600,1,6.5924,9.0402,2.4477,1.7782,0.4093,0.1702,0.0896,6.0000,6.0074,2.3355,5.3136,0.6236,-137.5255,-26.5081,-137.3825,-26.8371,-137.0891,-26.5477,-137.3462,-27.3818,-138.1387,-30.2613,0.1430,-0.3290,0.4364,-0.0396,0.1793,-0.8737,76,0.1500,76,0,1.0000,0.0000,0.0000,-4.8294,-4.1773,0.4060,-4.5284,-3.9361,0.0000,1,0.0836,0.0421,7.9520,0.0013,1.000,70.00,342.76
8.1101,UKF,smooth,0.500,10.00,0.050,1,0.600,1,6.5901,9.1202,2.5301,1.4837,0.4111,0.1723,0.0913,6.0000,6.5073,2.9060,3.4576,0.6233,-137.5307,-26.5625,-137.4994,-26.3820,-137.0872,-26.0670,-137.1304,-26.1094,-137.1304,-26.1675,0.0313,0.1806,0.4435,0.4955,0.4003,0.4531,77,0.0500,77,0,1.0000,0.0000,0.0000,-4.9005,-4.2598,0.4540,-4.5298,-3.9346,0.0000,1,0.0836,0.0421,8.0614,0.0013,1.000,70.00,342.76
8.1201,UKF,smooth,0.500,10.00,0.050,1,0.600,1,6.5868,9.1147,2.5279,1.5147,0.4111,0.1723,0.0913,6.0000,6.5073,2.9062,3.6434,0.6231,-137.5354,-26.6228,-137.4994,-26.3820,-137.0872,-26.0670,-137.1288,-26.1347,-137.1152,-26.4003,0.0361,0.2408,0.4482,0.5558,0.4066,0.4881,77,0.0600,77,0,1.0000,0.0000,0.0000,-4.9753,-4.3460,0.4711,-4.5312,-3.9330,0.0000,1,0.0836,0.0421,8.0614,0.0013,1.000,70.00,342.76
8.1301,UKF,smooth,0.500,10.00,0.050,1,0.600,1,6.5824,9.1060,2.5237,1.5468,0.4111,0.1723,0.0912,6.0000,6.5073,2.9063,3.8900,0.6228,-137.5397,-26.6854,-137.4994,-26.3820,-137.0872,-26.0670,-137.1267,-26.1505,-137.0994,-26.4955,0.0403,0.3034,0.4524,0.6183,0.4129,0.5348,77,0.0700,77,0,1.0000,0.0000,0.0000,-5.0492,-4.4313,0.4429,-4.5327,-3.9313,0.0000,1,0.0836,0.0421,8.0614,0.0013,1.000,70.00,342.76
8.1401,UKF,smooth,0.500,10.00,0.050,1,0.600,1,6.5767,9.0944,2.5177,1.5797,0.4111,0.1723,0.0911,6.0000,6.5073,2.9064,4.2731,0.6228,-137.5434,-26.7445,-137.4994,-26.3820,-137.0872,-26.0670,-137.1239,-26.1370,-137.0815,-26.3529,0.0440,0.3626,0.4561,0.6775,0.4194,0.6075,77,0.0800,77,0,1.0000,0.0000,0.0000,-5.1083,-4.5009,0.3524,-4.5342,-3.9295,0.0000,1,0.0836,0.0421,8.0614,0.0013,1.000,70.00,342.76
8.1501,UKF,smooth,0.500,10.00,0.050,1,0.600,1,6.5701,9.0829,2.5127,1.6136,0.4111,0.1723,0.0910,6.0000,6.5073,2.9063,4.8907,0.6229,-137.5464,-26.7928,-137.4994,-26.3820,-137.0872,-26.0670,-137.1199,-26.0701,-137.0588,-25.8751,0.0470,0.4109,0.4591,0.7258,0.4265,0.7228,77,0.0900,77,0,1.0000,0.0000,0.0000,-5.1239,-4.5253,0.1967,-4.5358,-3.9277,0.0000,1,0.0816,0.0492,8.0614,-0.0013,1.000,70.00,342.76
8.1601,UKF,smooth,0.500,10.00,0.050,1,0.600,1,6.5634,9.0771,2.5137,1.6483,0.4111,0.1723,0.0910,6.0000,6.5073,2.9062,5.7517,0.6232,-137.5484,-26.8243,-137.4994,-26.3820,-137.0872,-26.0670,-137.1140,-25.9452,-137.0289,-25.1193,0.0490,0.4423,0.4612,0.7573,0.4344,0.8791,77,0.1000,77,0,1.0000,0.0000,0.0000,-5.0713,-4.4787,0.0147,-4.5374,-3.9258,0.0000,1,0.0816,0.0492,8.0614,-0.0013,1.000,70.00,342.76
8.1701,UKF,smooth,0.500,10.00,0.050,1,0.600,1,6.5572,9.0803,2.5230,1.6839,0.4111,0.1723,0.0909,6.0000,6.5073,2.9061,6.7279,0.6236,-137.5493,-26.8374,-137.4994,-26.3820,-137.0872,-26.0670,-137.1061,-25.7855,-136.9931,-24.2860,0.0499,0.4554,0.4620,0.7704,0.4432,1.0520,77,0.1100,77,0,1.0000,0.0000,0.0000,-4.9608,-4.3717,-0.1433,-4.5391,-3.9239,0.0000,1,0.0816,0.0492,8.0614,-0.0013,1.000,70.00,342.76
8.1801,UKF,smooth,0.500,10.00,0.050,1,0.600,1,6.5524,9.0923,2.5399,1.7203,0.4111,0.1723,0.0908,6.0000,6.5073,2.9059,7.7016,0.6239,-137.5489,-26.8335,-137.4994,-26.3820,-137.0872,-26.0670,-137.0964,-25.6120,-136.9541,-23.5095,0.0495,0.4515,0.4616,0.7665,0.4524,1.2215,77,0.1200,77,0,1.0000,0.0000,0.0000,-4.8168,-4.2298,-0.2597,-4.5408,-3.9219,0.0000,1,0.0816,0.0492,8.0614,-0.0013,1.000,70.00,342.76
8.1901,UKF,smooth,0.500,10.00,0.050,1,0.600,1,6.5492,9.1120,2.5628,1.7576,0.4111,0.1723,0.0908,6.0000,6.5073,2.9057,8.6138,0.6243,-137.5471,-26.8147,-137.4994,-26.3820,-137.0872,-26.0670,-137.0853,-25.4362,-136.9139,-22.8351,0.0478,0.4327,0.4599,0.7477,0.4619,1.3785,77,0.1300,77,0,1.0000,0.0000,0.0000,-4.6563,-4.0708,-0.3356,-4.5426,-3.9198,0.0000,1,0.0816,0.0492,8.0614,-0.0013,1.000,70.00,342.76
8.2001,UKF,smooth,0.500,10.00,0.050,1,0.600,1,6.5479,9.0235,2.4756,1.4723,0.4137,0.1737,0.0933,6.0000,5.8257,1.5108,1.5577,0.6247,-137.5440,-26.7835,-137.5464,-26.7928,-137.2721,-26.7309,-137.2681,-26.6992,-137.5058,-26.5912,-0.0024,-0.0094,0.2718,0.0526,0.2759,0.0843,78,0.0500,78,0,1.0000,0.0000,0.0000,-4.4886,-3.9041,-0.3753,-4.5444,-3.9177,0.0000,1,0.0816,0.0492,8.1488,-0.0013,1.000,70.00,342.76
8.2101,UKF,smooth,0.500,10.00,0.050,1,0.600,1,6.5487,9.0349,2.4861,1.5032,0.4137,0.1737,0.0932,6.0000,5.8257,1.5107,1.5438,0.6249,-137.5394,-26.7423,-137.5464,-26.7928,-137.2721,-26.7309,-137.2684,-26.6532,-137.4664,-26.1900,-0.0069,-0.0505,0.2673,0.0114,0.2711,0.0892,78,0.0600,78,0,1.0000,0.0000,0.0000,-4.3191,-3.7356,-0.3815,-4.5463,-3.9155,0.0000,1,0.0816,0.0492,8.1488,-0.0013,1.000,70.00,342.76
8.2201,UKF,smooth,0.500,10.00,0.050,1,0.600,1,6.5518,9.0513,2.4995,1.5350,0.4137,0.1737,0.0932,6.0000,5.8257,1.5105,1.5149,0.6250,-137.5335,-26.6941,-137.5464,-26.7928,-137.2721,-26.7309,-137.2673,-26.6075,-137.4273,-25.9002,-0.0129,-0.0987,0.2614,-0.0367,0.2662,0.0867,78,0.0700,78,0,1.0000,0.0000,0.0000,-4.1522,-3.5697,-0.3537,-4.5483,-3.9132,0.0000,1,0.0816,0.0492,8.1488,-0.0013,1.000,70.00,342.76
8.2301,UKF,smooth,0.500,10.00,0.050,1,0.600,1,6.5571,9.0727,2.5156,1.5678,0.4137,0.1737,0.0931,6.0000,5.8257,1.5104,1.4592,0.6249,-137.5262,-26.6425,-137.5464,-26.7928,-137.2721,-26.7309,-137.2649,-26.5724,-137.3892,-25.7522,-0.0201,-0.1504,0.2541,-0.0884,0.2613,0.0701,78,0.0800,78,0,1.0000,0.0000,0.0000,-3.9937,-3.4126,-0.2873,-4.5502,-3.9109,0.0000,1,0.0816,0.0492,8.1488,-0.0013,1.000,70.00,342.76
8.2401,UKF,smooth,0.500,10.00,0.050,1,0.600,1,6.5647,9.0982,2.5335,1.6015,0.4137,0.1737,0.0931,6.0000,5.8257,1.5103,1.3792,0.6247,-137.5177,-26.5924,-137.5464,-26.7928,-137.2721,-26.7309,-137.2617,-26.5656,-137.3538,-25.8104,-0.0287,-0.2005,0.2456,-0.1385,0.2560,0.0268,78,0.0900,78,0,1.0000,0.0000,0.0000,-3.8565,-3.2774,-0.1715,-4.5523,-3.9085,0.0000,1,0.0874,0.0538,8.1488,-0.0016,1.000,70.00,342.76
8.2501,UKF,smooth,0.500,10.00,0.050,1,0.600,1,6.5741,9.1234,2.5493,1.6362,0.4137,0.1737,0.0930,6.0000,5.8257,1.5101,1.3905,0.6242,-137.5081,-26.5515,-137.5464,-26.7928,-137.2721,-26.7309,-137.2583,-26.6157,-137.3252,-26.1762,-0.0382,-0.2414,0.2360,-0.1794,0.2498,-0.0643,78,0.1000,78,0,1.0000,0.0000,0.0000,-3.7757,-3.2008,-0.0004,-4.5544,-3.9061,0.0000,1,0.0874,0.0538,8.1488,-0.0016,1.000,70.00,342.76
8.2601,UKF,smooth,0.500,10.00,0.050,1,0.600,1,6.5839,9.1379,2.5540,1.6717,0.4137,0.1737,0.0930,6.0000,5.8257,1.5100,1.7296,0.6235,-137.4978,-26.5245,-137.5464,-26.7928,-137.2721,-26.7309,-137.2563,-26.7168,-137.3088,-26.7445,-0.0485,-0.2684,0.2257,-0.2064,0.2415,-0.1923,78,0.1100,78,0,1.0000,0.0000,0.0000,-3.7911,-3.2240,0.1625,-4.5566,-3.9036,0.0000,1,0.0874,0.0538,8.1488,-0.0016,1.000,70.00,342.76
8.2701,UKF,smooth,0.500,10.00,0.050,1,0.600,1,6.5932,9.1415,2.5483,1.7081,0.4137,0.1737,0.0929,6.0000,5.8257,1.5099,2.2213,0.6228,-137.4870,-26.5089,-137.5464,-26.7928,-137.2721,-26.7309,-137.2551,-26.8170,-137.2988,-27.2314,-0.0594,-0.2839,0.2149,-0.2220,0.2319,-0.3081,78,0.1200,78,0,1.0000,0.0000,0.0000,-3.8585,-3.3009,0.2577,-4.5588,-3.9010,0.0000,1,0.0874,0.0538,8.1488,-0.0016,1.000,70.00,342.76
8.2801,UKF,smooth,0.500,10.00,0.050,1,0.600,1,6.6017,9.1390,2.5374,1.7453,0.4137,0.1737,0.0928,6.0000,5.8257,1.5097,2.6908,0.6221,-137.4757,-26.5019,-137.5464,-26.7928,-137.2721,-26.7309,-137.2540,-26.9057,-137.2907,-27.6097,-0.0706,-0.2910,0.2036,-0.2290,0.2218,-0.4038,78,0.1300,78,0,1.0000,0.0000,0.0000,-3.9401,-3.3925,0.3046,-4.5610,-3.8983,0.0000,1,0.0874,0.0538,8.1488,-0.0016,1.000,70.00,342.76
8.2901,UKF,smooth,0.500,10.00,0.050,1,0.600,1,6.6091,9.1323,2.5233,1.7835,0.4137,0.1737,0.0928,6.0000,5.8257,1.5097,3.1082,0.6215,-137.4640,-26.5011,-137.5464,-26.7928,-137.2721,-26.7309,-137.2527,-26.9852,-137.2830,-27.9112,-0.0824,-0.2917,0.1919,-0.2298,0.2112,-0.4841,78,0.1400,78,0,1.0000,0.0000,0.0000,-4.0249,-3.4872,0.3220,-4.5633,-3.8956,0.0000,1,0.0874,0.0538,8.1488,-0.0016,1.000,70.00,342.76
8.3001,UKF,smooth,0.500,10.00,0.050,1,0.600,1,6.6153,9.2144,2.5991,1.5103,0.4132,0.1734,0.0923,6.0000,5.9439,0.7778,2.0971,0.6209,-137.4518,-26.5052,-137.5177,-26.5924,-137.4769,-26.7179,-137.5295,-26.8488,-138.3084,-28.3377,-0.0659,-0.0872,-0.0251,-0.2127,-0.0777,-0.3436,79,0.0600,79,0,1.0000,0.0000,0.0000,-4.1097,-3.5818,0.3203,-4.5657,-3.8929,0.0000,1,0.0874,0.0538,8.2385,-0.0016,1.000,70.00,342.76
8.3101,UKF,smooth,0.500,10.00,0.050,1,0.600,1,6.6203,9.2140,2.5936,1.5423,0.4132,0.1734,0.0922,6.0000,5.9439,0.7773,2.3786,0.6204,-137.4391,-26.5129,-137.5177,-26.5924,-137.4769,-26.7179,-137.5449,-26.8991,-138.3254,-28.5245,-0.0786,-0.0795,-0.0378,-0.2050,-0.1058,-0.3862,79,0.0700,79,0,1.0000,0.0000,0.0000,-4.1935,-3.6751,0.3052,-4.5681,-3.8900,0.0000,1,0.0874,0.0538,8.2385,-0.0016,1.000,70.00,342.76
8.3201,UKF,smooth,0.500,10.00,0.050,1,0.600,1,6.6242,9.2110,2.5868,1.5752,0.4132,0.1734,0.0921,6.0000,5.9439,0.7769,2.6495,0.6200,-137.4259,-26.5234,-137.5177,-26.5924,-137.4769,-26.7179,-137.5602,-26.9498,-138.3428,-28.6847,-0.0918,-0.0689,-0.0509,-0.1944,-0.1342,-0.4263,79,0.0800,79,0,1.0000,0.0000,0.0000,-4.2757,-3.7667,0.2800,-4.5706,-3.8871,0.0000,1,0.0874,0.0538,8.2385,-0.0016,1.000,70.00,342.76
8.3301,UKF,smooth,0.500,10.00,0.050,1,0.600,1,6.6268,9.2054,2.5786,1.6090,0.4132,0.1734,0.0921,6.0000,5.9439,0.7765,2.9089,0.6196,-137.4123,-26.5361,-137.5177,-26.5924,-137.4769,-26.7179,-137.5754,-27.0001,-138.3606,-28.8227,-0.1054,-0.0563,-0.0646,-0.1817,-0.1631,-0.4639,79,0.0900,79,0,1.0000,0.0000,0.0000,-4.3564,-3.8566,0.2470,-4.5731,-3.8841,0.0000,1,0.0972,0.0414,8.2385,0.0018,1.000,70.00,342.76
8.3401,UKF,smooth,0.500,10.00,0.050,1,0.600,1,6.6281,9.1974,2.5692,1.6438,0.4132,0.1734,0.0920,6.0000,5.9439,0.7762,3.1566,0.6193,-137.3981,-26.5503,-137.5177,-26.5924,-137.4769,-26.7179,-137.5905,-27.0493,-138.3787,-28.9414,-0.1196,-0.0420,-0.0788,-0.1675,-0.1924,-0.4989,79,0.1000,79,0,1.0000,0.0000,0.0000,-4.4354,-3.9446,0.2076,-4.5757,-3.8811,0.0000,1,0.0972,0.0414,8.2385,0.0018,1.000,70.00,342.76
8.3501,UKF,smooth,0.500,10.00,0.050,1,0.600,1,6.6283,9.1868,2.5586,1.6795,0.4132,0.1734,0.0920,6.0000,5.9439,0.7760,3.3922,0.6191,-137.3835,-26.5656,-137.5177,-26.5924,-137.4769,-26.7179,-137.6055,-27.0969,-138.3972,-29.0428,-0.1342,-0.0268,-0.0934,-0.1523,-0.2221,-0.5313,79,0.1100,79,0,1.0000,0.0000,0.0000,-4.5127,-4.0307,0.1630,-4.5783,-3.8780,0.0000,1,0.0972,0.0414,8.2385,0.0018,1.000,70.00,342.76
8.3601,UKF,smooth,0.500,10.00,0.050,1,0.600,1,6.6272,9.1739,2.5467,1.7160,0.4132,0.1734,0.0919,6.0000,5.9439,0.7759,3.6155,0.6190,-137.3682,-26.5815,-137.5177,-26.5924,-137.4769,-26.7179,-137.6205,-27.1424,-138.4161,-29.1283,-0.1495,-0.0109,-0.1086,-0.1364,-0.2523,-0.5609,79,0.1200,79,0,1.0000,0.0000,0.0000,-4.5885,-4.1151,0.1139,-4.5810,-3.8749,0.0000,1,0.0972,0.0414,8.2385,0.0018,1.000,70.00,342.76
8.3701,UKF,smooth,0.500,10.00,0.050,1,0.600,1,6.6248,9.1585,2.5336,1.7534,0.4132,0.1734,0.0918,6.0000,5.9439,0.7760,3.8260,0.6191,-137.3525,-26.5975,-137.5177,-26.5924,-137.4769,-26.7179,-137.6354,-27.1852,-138.4354,-29.1984,-0.1652,0.0052,-0.1244,-0.1203,-0.2830,-0.5876,79,0.1300,79,0,1.0000,0.0000,0.0000,-4.6626,-4.1976,0.0609,-4.5837,-3.8716,0.0000,1,0.0972,0.0414,8.2385,0.0018,1.000,70.00,342.76
8.3801,UKF,smooth,0.500,10.00,0.050,1,0.600,1,6.6212,9.0317,2.4105,1.5000,0.4132,0.1737,0.0918,6.0000,5.8801,0.9053,0.7833,0.6192,-137.3362,-26.6135,-137.4123,-26.5361,-137.2448,-26.5575,-137.1897,-26.6101,-136.4960,-26.7517,-0.0762,0.0774,0.0914,0.0560,0.1464,0.0034,80,0.0500,80,0,1.0000,0.0000,0.0000,-4.7352,-4.2784,0.0043,-4.5865,-3.8683,0.0000,1,0.0972,0.0414,8.3319,0.0018,1.000,70.00,342.76
8.3901,UKF,smooth,0.500,10.00,0.050,1,0.600,1,6.6164,9.0190,2.4025,1.5310,0.4132,0.1737,0.0917,6.0000,5.8801,0.9054,0.7757,0.6194,-137.3192,-26.6290,-137.4123,-26.5361,-137.2448,-26.5575,-137.1756,-26.6107,-136.4697,-26.7337,-0.0931,0.0928,0.0745,0.0715,0.1436,0.0183,80,0.0600,80,0,1.0000,0.0000,0.0000,-4.8061,-4.3573,-0.0556,-4.5893,-3.8650,0.0000,1,0.0972,0.0414,8.3319,0.0018,1.000,70.00,342.76
8.4001,UKF,smooth,0.500,10.00,0.050,1,0.600,1,6.6104,9.0038,2.3934,1.5630,0.4132,0.1737,0.0916,6.0000,5.8801,0.9055,0.7797,0.6198,-137.3018,-26.6436,-137.4123,-26.5361,-137.2448,-26.5575,-137.1613,-26.6088,-136.4428,-26.6998,-0.1105,0.1075,0.0570,0.0862,0.1405,0.0349,80,0.0700,80,0,1.0000,0.0000,0.0000,-4.8755,-4.4345,-0.1186,-4.5922,-3.8616,0.0000,1,0.0972,0.0414,8.3319,0.0018,1.000,70.00,342.76
8.4101,UKF,smooth,0.500,10.00,0.050,1,0.600,1,6.6032,8.9863,2.3831,1.5960,0.4132,0.1737,0.0916,6.0000,5.8801,0.9057,0.7994,0.6202,-137.2837,-26.6572,-137.4123,-26.5361,-137.2448,-26.5575,-137.1467,-26.6036,-136.4154,-26.6484,-0.1286,0.1210,0.0389,0.0997,0.1370,0.0535,80,0.0800,80,0,1.0000,0.0000,0.0000,-4.9432,-4.5097,-0.1848,-4.5951,-3.8581,0.0000,1,0.0972,0.0414,8.3319,0.0018,1.000,70.00,342.76
8.4201,UKF,smooth,0.500,10.00,0.050,1,0.600,1,6.5948,8.9664,2.3716,1.6299,0.4132,0.1737,0.0915,6.0000,5.8801,0.9059,0.8414,0.6208,-137.2650,-26.6691,-137.4123,-26.5361,-137.2448,-26.5575,-137.1318,-26.5942,-136.3874,-26.5762,-0.1474,0.1330,0.0202,0.1117,0.1331,0.0750,80,0.0900,80,0,1.0000,0.0000,0.0000,-5.0090,-4.5829,-0.2546,-4.5981,-3.8545,0.0000,1,0.0972,0.0414,8.3319,0.0018,1.000,70.00,342.76
8.4301,UKF,smooth,0.500,10.00,0.050,1,0.600,1,6.5852,8.9443,2.3591,1.6646,0.4132,0.1737,0.0914,6.0000,5.8801,0.9062,0.9146,0.6215,-137.2456,-26.6791,-137.4123,-26.5361,-137.2448,-26.5575,-137.1167,-26.5786,-136.3589,-26.4760,-0.1667,0.1429,0.0009,0.1216,0.1289,0.1005,80,0.1000,80,0,1.0000,0.0000,0.0000,-5.0724,-4.6535,-0.3293,-4.6011,-3.8509,0.0000,1,0.1131,0.0551,8.3319,-0.0005,1.000,70.00,342.76
8.4401,UKF,smooth,0.500,10.00,0.050,1,0.600,1,6.5744,8.9199,2.3455,1.7003,0.4132,0.1737,0.0914,6.0000,5.8801,0.9065,1.0391,0.6223,-137.2256,-26.6861,-137.4123,-26.5361,-137.2448,-26.5575,-137.1013,-26.5526,-136.3296,-26.3268,-0.1867,0.1499,-0.0191,0.1286,0.1243,0.1335,80,0.1100,80,0,1.0000,0.0000,0.0000,-5.1319,-4.7198,-0.4126,-4.6042,-3.8472,0.0000,1,0.1131,0.0551,8.3319,-0.0005,1.000,70.00,342.76
8.4501,UKF,smooth,0.500,10.00,0.050,1,0.600,1,6.5626,8.8944,2.3319,1.7368,0.4132,0.1737,0.0913,6.0000,5.8801,0.9069,1.3639,0.6232,-137.2049,-26.6858,-137.4123,-26.5361,-137.2448,-26.5575,-137.0850,-26.4846,-136.2983,-25.9576,-0.2074,0.1497,-0.0399,0.1283,0.1199,0.2012,80,0.1200,80,0,1.0000,0.0000,0.0000,-5.1698,-4.7639,-0.5354,-4.6073,-3.8435,0.0000,1,0.1131,0.0551,8.3319,-0.0005,1.000,70.00,342.76
8.4601,UKF,smooth,0.500,10.00,0.050,1,0.600,1,6.5531,8.9115,2.3584,1.7742,0.4132,0.1737,0.0912,6.0000,5.8801,0.9072,1.6563,0.6240,-137.1826,-26.6802,-137.4123,-26.5361,-137.2448,-26.5575,-137.0614,-26.4254,-136.2506,-25.6965,-0.2297,0.1441,-0.0622,0.1227,0.1212,0.2548,80,0.1300,80,0,1.0000,0.0000,0.0000,-4.9969,-4.5924,-0.4813,-4.6105,-3.8397,0.0000,1,0.1131,0.0551,8.3319,-0.0005,1.000,70.00,342.76
8.4701,UKF,smooth,0.500,10.00,0.050,1,0.600,1,6.5461,8.9335,2.3874,1.8124,0.4132,0.1737,0.0912,6.0000,5.8801,0.9074,1.8645,0.6246,-137.1587,-26.6713,-137.4123,-26.5361,-137.2448,-26.5575,-137.0368,-26.3794,-136.2040,-25.5361,-0.2536,0.1352,-0.0860,0.1138,0.1219,0.2919,80,0.1400,80,0,1.0000,0.0000,0.0000,-4.8310,-4.4280,-0.4063,-4.6137,-3.8358,0.0000,1,0.1131,0.0551,8.3319,-0.0005,1.000,70.00,342.76
8.4801,UKF,smooth,0.500,10.00,0.050,1,0.600,1,6.5415,8.9600,2.4185,1.8514,0.4132,0.1737,0.0911,6.0000,5.8801,0.9075,2.0378,0.6251,-137.1334,-26.6599,-137.4123,-26.5361,-137.2448,-26.5575,-137.0111,-26.3373,-136.1583,-25.4149,-0.2789,0.1238,-0.1114,0.1024,0.1223,0.3226,80,0.1500,80,0,1.0000,0.0000,0.0000,-4.6691,-4.2679,-0.3242,-4.6170,-3.8319,0.0000,1,0.1131,0.0551,8.3319,-0.0005,1.000,70.00,342.76
8.4901,UKF,smooth,0.500,10.00,0.050,1,0.600,1,6.5392,9.0859,2.5467,1.5080,0.4136,0.1738,0.0914,6.0000,6.2295,1.6348,2.6245,0.6253,-137.1066,-26.6465,-137.2456,-26.6791,-137.4297,-26.4602,-137.4621,-26.3445,-137.8690,-25.0280,-0.1390,-0.0325,-0.3231,0.1863,-0.3555,0.3020,81,0.0600,81,0,1.0000,0.0000,0.0000,-4.5108,-4.1115,-0.2373,-4.6203,-3.8279,0.0000,1,0.1131,0.0551,8.4296,-0.0005,1.000,70.00,342.76
8.5001,UKF,smooth,0.500,10.00,0.050,1,0.600,1,6.5393,9.1019,2.5626,1.5394,0.4136,0.1738,0.0913,6.0000,6.2295,1.6348,2.8195,0.6254,-137.0783,-26.6318,-137.2456,-26.6791,-137.4297,-26.4602,-137.4650,-26.3119,-137.8286,-24.9702,-0.1673,-0.0472,-0.3514,0.1716,-0.3866,0.3199,81,0.0700,81,0,1.0000,0.0000,0.0000,-4.3561,-3.9588,-0.1458,-4.6237,-3.8238,0.0000,1,0.1131,0.0551,8.4296,-0.0005,1.000,70.00,342.76
8.5101,UKF,smooth,0.500,10.00,0.050,1,0.600,1,6.5417,9.1224,2.5807,1.5717,0.4136,0.1738,0.0913,6.0000,6.2295,1.6349,3.0041,0.6253,-137.0486,-26.6164,-137.2456,-26.6791,-137.4297,-26.4602,-137.4664,-26.2813,-137.7885,-24.9382,-0.1970,-0.0627,-0.3811,0.1562,-0.4177,0.3351,81,0.0800,81,0,1.0000,0.0000,0.0000,-4.2054,-3.8103,-0.0492,-4.6271,-3.8197,0.0000,1,0.1131,0.0551,8.4296,-0.0005,1.000,70.00,342.76
8.5201,UKF,smooth,0.500,10.00,0.050,1,0.600,1,6.5464,9.1472,2.6008,1.6050,0.4136,0.1738,0.0912,6.0000,6.2295,1.6352,3.1725,0.6250,-137.0176,-26.6010,-137.2456,-26.6791,-137.4297,-26.4602,-137.4664,-26.2551,-137.7490,-24.9389,-0.2280,-0.0780,-0.4121,0.1408,-0.4488,0.3460,81,0.0900,81,0,1.0000,0.0000,0.0000,-4.0596,-3.6668,0.0539,-4.6306,-3.8155,0.0000,1,0.1131,0.0551,8.4296,-0.0005,1.000,70.00,342.76
8.5301,UKF,smooth,0.500,10.00,0.050,1,0.600,1,6.5533,9.1762,2.6228,1.6393,0.4136,0.1738,0.0912,6.0000,6.2295,1.6358,3.3151,0.6245,-136.9852,-26.5869,-137.2456,-26.6791,-137.4297,-26.4602,-137.4652,-26.2372,-137.7104,-24.9855,-0.2604,-0.0921,-0.4445,0.1267,-0.4800,0.3497,81,0.1000,81,0,1.0000,0.0000,0.0000,-3.9207,-3.5304,0.1664,-4.6341,-3.8112,0.0000,1,0.1131,0.0551,8.4296,-0.0005,1.000,70.00,342.76
8.5401,UKF,smooth,0.500,10.00,0.050,1,0.600,1,6.5624,9.2087,2.6463,1.6744,0.4136,0.1738,0.0911,6.0000,6.2295,1.6365,3.4132,0.6238,-136.9516,-26.5759,-137.2456,-26.6791,-137.4297,-26.4602,-137.4630,-26.2357,-137.6740,-25.1070,-0.2940,-0.1032,-0.4781,0.1157,-0.5114,0.3402,81,0.1100,81,0,1.0000,0.0000,0.0000,-3.7934,-3.4058,0.2938,-4.6377,-3.8069,0.0000,1,0.1131,0.0551,8.4296,-0.0005,1.000,70.00,342.76
8.5501,UKF,smooth,0.500,10.00,0.050,1,0.600,1,6.5734,9.2427,2.6692,1.7105,0.4136,0.1738,0.0911,6.0000,6.2295,1.6374,3.4280,0.6229,-136.9169,-26.5715,-137.2456,-26.6791,-137.4297,-26.4602,-137.4607,-26.2696,-137.6433,-25.3776,-0.3287,-0.1076,-0.5128,0.1113,-0.5438,0.3019,81,0.1200,81,0,1.0000,0.0000,0.0000,-3.6938,-3.3094,0.4481,-4.6413,-3.8025,0.0000,1,0.0975,0.0471,8.4296,0.0001,1.000,70.00,342.76
8.5601,UKF,smooth,0.500,10.00,0.050,1,0.600,1,6.5852,9.2650,2.6798,1.7474,0.4136,0.1738,0.0910,6.0000,6.2295,1.6385,3.3476,0.6218,-136.8814,-26.5803,-137.2456,-26.6791,-137.4297,-26.4602,-137.4620,-26.3728,-137.6348,-25.9154,-0.3642,-0.0987,-0.5483,0.1201,-0.5806,0.2075,81,0.1300,81,0,1.0000,0.0000,0.0000,-3.6924,-3.3122,0.6164,-4.6449,-3.7980,0.0000,1,0.0975,0.0471,8.4296,0.0001,1.000,70.00,342.76
8.5701,UKF,smooth,0.500,10.00,0.050,1,0.600,1,6.5960,9.2645,2.6685,1.7851,0.4136,0.1738,0.0910,6.0000,6.2295,1.6395,3.4648,0.6207,-136.8456,-26.5965,-137.2456,-26.6791,-137.4297,-26.4602,-137.4676,-26.4364,-137.6476,-26.2173,-0.4000,-0.0825,-0.5841,0.1363,-0.6220,0.1602,81,0.1400,81,0,1.0000,0.0000,0.0000,-3.7794,-3.4041,0.6480,-4.6486,-3.7935,0.0000,1,0.0975,0.0471,8.4296,0.0001,1.000,70.00,342.76
8.5801,UKF,smooth,0.500,10.00,0.050,1,0.600,1,6.6054,9.2575,2.6521,1.8237,0.4136,0.1738,0.0909,6.0000,6.2295,1.6404,3.6810,0.6198,-136.8093,-26.6150,-137.2456,-26.6791,-137.4297,-26.4602,-137.4736,-26.4558,-137.6617,-26.3095,-0.4363,-0.0641,-0.6204,0.1548,-0.6643,0.1592,81,0.1500,81,0,1.0000,0.0000,0.0000,-3.8668,-3.4963,0.6137,-4.6524,-3.7889,0.0000,1,0.0975,0.0471,8.4296,0.0001,1.000,70.00,342.76
8.5901,UKF,smooth,0.500,10.00,0.050,1,0.600,1,6.6135,9.2472,2.6337,1.8631,0.4136,0.1738,0.0908,6.0000,6.2295,1.6412,3.9358,0.6189,-136.7726,-26.6335,-137.2456,-26.6791,-137.4297,-26.4602,-137.4799,-26.4532,-137.6756,-26.3073,-0.4730,-0.0456,-0.6571,0.1732,-0.7072,0.1803,81,0.1600,81,0,1.0000,0.0000,0.0000,-3.9494,-3.5834,0.5545,-4.6562,-3.7842,0.0000,1,0.0975,0.0471,8.4296,0.0001,1.000,70.00,342.76
8.6001,UKF,smooth,0.500,10.00,0.050,1,0.600,1,6.6203,9.2141,2.5938,1.5415,0.4131,0.1750,0.0904,6.0000,6.1023,2.5120,3.2336,0.6182,-136.7355,-26.6509,-136.9169,-26.5715,-137.2616,-26.2878,-137.1443,-26.2531,-136.4336,-26.0837,-0.1814,0.0794,-0.5261,0.3630,-0.4088,0.3977,82,0.0500,82,0,1.0000,0.0000,0.0000,-4.0281,-3.6663,0.4831,-4.6600,-3.7795,0.0000,1,0.0975,0.0471,8.5502,0.0001,1.000,70.00,342.76
8.6101,UKF,smooth,0.500,10.00,0.050,1,0.600,1,6.6258,9.2129,2.5871,1.5731,0.4131,0.1750,0.0903,6.0000,6.1023,2.5126,3.4379,0.6175,-136.6978,-26.6664,-136.9169,-26.5715,-137.2616,-26.2878,-137.1301,-26.2416,-136.4194,-26.0059,-0.2191,0.0949,-0.5637,0.3786,-0.4322,0.4249,82,0.0600,82,0,1.0000,0.0000,0.0000,-4.1037,-3.7460,0.4048,-4.6639,-3.7747,0.0000,1,0.0975,0.0471,8.5502,0.0001,1.000,70.00,342.76
8.6201,UKF,smooth,0.500,10.00,0.050,1,0.600,1,6.6299,9.2091,2.5793,1.6057,0.4131,0.1750,0.0903,6.0000,6.1023,2.5130,3.6572,0.6170,-136.6597,-26.6798,-136.9169,-26.5715,-137.2616,-26.2878,-137.1160,-26.2250,-136.4052,-25.9055,-0.2572,0.1083,-0.6018,0.3920,-0.4563,0.4548,82,0.0700,82,0,1.0000,0.0000,0.0000,-4.1771,-3.8232,0.3221,-4.6678,-3.7698,0.0000,1,0.0975,0.0471,8.5502,0.0001,1.000,70.00,342.76
8.6301,UKF,smooth,0.500,10.00,0.050,1,0.600,1,6.6327,9.2028,2.5702,1.6392,0.4131,0.1750,0.0902,6.0000,6.1023,2.5133,3.8912,0.6167,-136.6210,-26.6905,-136.9169,-26.5715,-137.2616,-26.2878,-137.1021,-26.2032,-136.3911,-25.7871,-0.2959,0.1191,-0.6405,0.4027,-0.4811,0.4874,82,0.0800,82,0,1.0000,0.0000,0.0000,-4.2485,-3.8983,0.2367,-4.6718,-3.7649,0.0000,1,0.0975,0.0471,8.5502,0.0001,1.000,70.00,342.76
8.6401,UKF,smooth,0.500,10.00,0.050,1,0.600,1,6.6342,9.1940,2.5599,1.6736,0.4131,0.1750,0.0902,6.0000,6.1023,2.5135,4.1394,0.6165,-136.5818,-26.6986,-136.9169,-26.5715,-137.2616,-26.2878,-137.0884,-26.1761,-136.3772,-25.6537,-0.3351,0.1271,-0.6797,0.4107,-0.5066,0.5225,82,0.0900,82,0,1.0000,0.0000,0.0000,-4.3184,-3.9716,0.1497,-4.6758,-3.7599,0.0000,1,0.0975,0.0471,8.5502,0.0001,1.000,70.00,342.76
8.6501,UKF,smooth,0.500,10.00,0.050,1,0.600,1,6.6344,9.1828,2.5484,1.7089,0.4131,0.1750,0.0901,6.0000,6.1023,2.5137,4.4017,0.6164,-136.5420,-26.7036,-136.9169,-26.5715,-137.2616,-26.2878,-137.0749,-26.1437,-136.3635,-25.5076,-0.3749,0.1321,-0.7195,0.4158,-0.5329,0.5600,82,0.1000,82,0,1.0000,0.0000,0.0000,-4.3869,-4.0434,0.0618,-4.6799,-3.7548,0.0000,1,0.1094,0.0527,8.5502,0.0005,1.000,70.00,342.76
8.6601,UKF,smooth,0.500,10.00,0.050,1,0.600,1,6.6333,9.1692,2.5359,1.7450,0.4131,0.1750,0.0900,6.0000,6.1023,2.5137,4.6771,0.6164,-136.5016,-26.7057,-136.9169,-26.5715,-137.2616,-26.2878,-137.0616,-26.1061,-136.3501,-25.3506,-0.4153,0.1342,-0.7599,0.4179,-0.5600,0.5997,82,0.1100,82,0,1.0000,0.0000,0.0000,-4.4545,-4.1139,-0.0265,-4.6840,-3.7497,0.0000,1,0.1094,0.0527,8.5502,0.0005,1.000,70.00,342.76
8.6701,UKF,smooth,0.500,10.00,0.050,1,0.600,1,6.6310,9.1532,2.5222,1.7821,0.4131,0.1750,0.0900,6.0000,6.1023,2.5135,4.9649,0.6166,-136.4607,-26.7048,-136.9169,-26.5715,-137.2616,-26.2878,-137.0486,-26.0635,-136.3370,-25.1845,-0.4562,0.1333,-0.8009,0.4170,-0.5880,0.6413,82,0.1200,82,0,1.0000,0.0000,0.0000,-4.5211,-4.1834,-0.1146,-4.6882,-3.7445,0.0000,1,0.1094,0.0527,8.5502,0.0005,1.000,70.00,342.76
8.6801,UKF,smooth,0.500,10.00,0.050,1,0.600,1,6.6274,9.1348,2.5074,1.8199,0.4131,0.1750,0.0899,6.0000,6.1023,2.5133,5.2638,0.6169,-136.4191,-26.7008,-136.9169,-26.5715,-137.2616,-26.2878,-137.0358,-26.0162,-136.3243,-25.0111,-0.4978,0.1293,-0.8425,0.4130,-0.6168,0.6846,82,0.1300,82,0,1.0000,0.0000,0.0000,-4.5871,-4.2520,-0.2020,-4.6924,-3.7392,0.0000,1,0.1094,0.0527,8.5502,0.0005,1.000,70.00,342.76
8.6901,UKF,smooth,0.500,10.00,0.050,1,0.600,1,6.6226,9.1142,2.4916,1.8586,0.4131,0.1750,0.0899,6.0000,6.1023,2.5130,5.5719,0.6173,-136.3768,-26.6938,-136.9169,-26.5715,-137.2616,-26.2878,-137.0234,-25.9648,-136.3120,-24.8326,-0.5401,0.1223,-0.8847,0.4060,-0.6465,0.7291,82,0.1400,82,0,1.0000,0.0000,0.0000,-4.6526,-4.3199,-0.2882,-4.6966,-3.7339,0.0000,1,0.1094,0.0527,8.5502,0.0005,1.000,70.00,342.76
8.7001,UKF,smooth,0.500,10.00,0.050,1,0.600,1,6.6165,9.0913,2.4747,1.8981,0.4131,0.1750,0.0898,6.0000,6.1023,2.5125,5.8862,0.6178,-136.3339,-26.6840,-136.9169,-26.5715,-137.2616,-26.2878,-137.0112,-25.9099,-136.3003,-24.6523,-0.5830,0.1125,-0.9276,0.3962,-0.6773,0.7741,82,0.1500,82,0,1.0000,0.0000,0.0000,-4.7180,-4.3875,-0.3725,-4.7009,-3.7285,0.0000,1,0.1094,0.0527,8.5502,0.0005,1.000,70.00,342.76
8.7101,UKF,smooth,0.500,10.00,0.050,1,0.600,1,6.6093,9.2469,2.6376,1.5507,0.4123,0.1756,0.0889,6.0000,6.2125,1.5975,1.8976,0.6185,-136.2904,-26.6716,-136.5420,-26.7036,-136.6669,-26.4607,-136.5160,-26.4269,-134.4244,-26.4065,-0.2516,-0.0321,-0.3765,0.2109,-0.2256,0.2447,83,0.0600,83,0,1.0000,0.0000,0.0000,-4.7836,-4.4550,-0.4541,-4.7052,-3.7230,0.0000,1,0.1094,0.0527,8.6506,0.0005,1.000,70.00,342.76
8.7201,UKF,smooth,0.500,10.00,0.050,1,0.600,1,6.6008,9.2342,2.6333,1.5825,0.4123,0.1756,0.0889,6.0000,6.2125,1.5968,1.8971,0.6193,-136.2461,-26.6568,-136.5420,-26.7036,-136.6669,-26.4607,-136.4757,-26.4152,-134.3724,-26.3079,-0.2959,-0.0468,-0.4208,0.1961,-0.2296,0.2416,83,0.0700,83,0,1.0000,0.0000,0.0000,-4.8499,-4.5231,-0.5313,-4.7096,-3.7175,0.0000,1,0.1094,0.0527,8.6506,0.0005,1.000,70.00,342.76
8.7301,UKF,smooth,0.500,10.00,0.050,1,0.600,1,6.5912,9.2191,2.6280,1.6152,0.4123,0.1756,0.0888,6.0000,6.2125,1.5959,1.8907,0.6202,-136.2012,-26.6404,-136.5420,-26.7036,-136.6669,-26.4607,-136.4356,-26.4040,-134.3200,-26.2337,-0.3408,-0.0632,-0.4657,0.1798,-0.2344,0.2364,83,0.0800,83,0,1.0000,0.0000,0.0000,-4.9181,-4.5927,-0.6008,-4.7140,-3.7119,0.0000,1,0.1094,0.0527,8.6506,0.0005,1.000,70.00,342.76
8.7401,UKF,smooth,0.500,10.00,0.050,1,0.600,1,6.5804,9.2020,2.6216,1.6488,0.4123,0.1756,0.0887,6.0000,6.2125,1.5949,1.8557,0.6212,-136.1556,-26.6240,-136.5420,-26.7036,-136.6669,-26.4607,-136.3958,-26.4004,-134.2670,-26.2237,-0.3864,-0.0797,-0.5113,0.1633,-0.2402,0.2236,83,0.0900,83,0,1.0000,0.0000,0.0000,-4.9903,-4.6661,-0.6533,-4.7185,-3.7062,0.0000,1,0.1094,0.0527,8.6506,0.0005,1.000,70.00,342.76
8.7501,UKF,smooth,0.500,10.00,0.050,1,0.600,1,6.5687,9.1850,2.6163,1.6834,0.4123,0.1756,0.0887,6.0000,6.2125,1.5939,1.6849,0.6222,-136.1093,-26.6134,-136.5420,-26.7036,-136.6669,-26.4607,-136.3564,-26.4390,-134.2134,-26.4823,-0.4328,-0.0902,-0.5576,0.1527,-0.2471,0.1744,83,0.1000,83,0,1.0000,0.0000,0.0000,-5.0685,-4.7451,-0.6336,-4.7230,-3.7005,0.0000,1,0.1094,0.0527,8.6506,0.0005,1.000,70.00,342.76
8.7601,UKF,smooth,0.500,10.00,0.050,1,0.600,1,6.5590,9.1988,2.6397,1.7188,0.4123,0.1756,0.0886,6.0000,6.2125,1.5931,1.4911,0.6230,-136.0615,-26.6102,-136.5420,-26.7036,-136.6669,-26.4607,-136.3106,-26.4985,-134.1640,-26.8195,-0.4805,-0.0934,-0.6054,0.1495,-0.2491,0.1117,83,0.1100,83,0,1.0000,0.0000,0.0000,-4.9624,-4.6434,-0.4648,-4.7275,-3.6947,0.0000,1,0.1186,0.0427,8.6506,-0.0003,1.000,70.00,342.76
8.7701,UKF,smooth,0.500,10.00,0.050,1,0.600,1,6.5517,9.2201,2.6683,1.7551,0.4123,0.1756,0.0886,6.0000,6.2125,1.5926,1.4331,0.6236,-136.0122,-26.6093,-136.5420,-26.7036,-136.6669,-26.4607,-136.2626,-26.5243,-134.1162,-26.9226,-0.5298,-0.0943,-0.6547,0.1486,-0.2504,0.0850,83,0.1200,83,0,1.0000,0.0000,0.0000,-4.8191,-4.5054,-0.3367,-4.7321,-3.6888,0.0000,1,0.1186,0.0427,8.6506,-0.0003,1.000,70.00,342.76
8.7801,UKF,smooth,0.500,10.00,0.050,1,0.600,1,6.5468,9.2463,2.6995,1.7923,0.4123,0.1756,0.0885,6.0000,6.2125,1.5922,1.4101,0.6240,-135.9613,-26.6092,-136.5420,-26.7036,-136.6669,-26.4607,-136.2132,-26.5400,-134.0694,-26.9613,-0.5807,-0.0944,-0.7056,0.1485,-0.2520,0.0692,83,0.1300,83,0,1.0000,0.0000,0.0000,-4.6694,-4.3614,-0.2224,-4.7367,-3.6829,0.0000,1,0.1186,0.0427,8.6506,-0.0003,1.000,70.00,342.76
8.7901,UKF,smooth,0.500,10.00,0.050,1,0.600,1,6.5442,9.2771,2.7329,1.8303,0.4123,0.1756,0.0885,6.0000,6.2125,1.5920,1.4032,0.6242,-135.9088,-26.6094,-136.5420,-26.7036,-136.6669,-26.4607,-136.1629,-26.5511,-134.0234,-26.9733,-0.6332,-0.0943,-0.7581,0.1487,-0.2540,0.0583,83,0.1400,83,0,1.0000,0.0000,0.0000,-4.5182,-4.2160,-0.1146,-4.7414,-3.6769,0.0000,1,0.1186,0.0427,8.6506,-0.0003,1.000,70.00,342.76
8.8001,UKF,smooth,0.500,10.00,0.050,1,0.600,1,6.5439,9.3123,2.7684,1.8692,0.4123,0.1756,0.0884,6.0000,6.2125,1.5920,1.4053,0.6241,-135.8548,-26.6095,-136.5420,-26.7036,-136.6669,-26.4607,-136.1116,-26.5597,-133.9781,-26.9738,-0.6872,-0.0942,-0.8121,0.1488,-0.2567,0.0498,83,0.1500,83,0,1.0000,0.0000,0.0000,-4.3673,-4.0711,-0.0103,-4.7461,-3.6708,0.0000,1,0.1186,0.0427,8.6506,-0.0003,1.000,70.00,342.76
8.8101,UKF,smooth,0.500,10.00,0.050,1,0.600,1,6.5460,9.1043,2.5583,1.5292,0.4129,0.1749,0.0890,6.0000,6.1669,2.0800,2.5810,0.6240,-135.7994,-26.6095,-136.0615,-26.6102,-135.9726,-26.2716,-135.6499,-26.1994,-132.2343,-25.5789,-0.2621,-0.0007,-0.1732,0.3379,0.1495,0.4101,84,0.0500,84,0,1.0000,0.0000,0.0000,-4.2176,-3.9276,0.0927,-4.7508,-3.6647,0.0000,1,0.1186,0.0427,8.7598,-0.0003,1.000,70.00,342.76
8.8201,UKF,smooth,0.500,10.00,0.050,1,0.600,1,6.5503,9.1203,2.5700,1.5601,0.4129,0.1749,0.0889,6.0000,6.1669,2.0803,2.6695,0.6235,-135.7425,-26.6097,-136.0615,-26.6102,-135.9726,-26.2716,-135.5776,-26.1886,-132.1887,-25.5833,-0.3190,-0.0005,-0.2301,0.3381,0.1649,0.4211,84,0.0600,84,0,1.0000,0.0000,0.0000,-4.0699,-3.7863,0.1960,-4.7556,-3.6584,0.0000,1,0.1186,0.0427,8.7598,-0.0003,1.000,70.00,342.76
8.8301,UKF,smooth,0.500,10.00,0.050,1,0.600,1,6.5569,9.1406,2.5837,1.5920,0.4129,0.1749,0.0889,6.0000,6.1669,2.0809,2.7471,0.6229,-135.6842,-26.6104,-136.0615,-26.6102,-135.9726,-26.2716,-135.5047,-26.1803,-132.1441,-25.6044,-0.3773,0.0002,-0.2883,0.3388,0.1796,0.4301,84,0.0700,84,0,1.0000,0.0000,0.0000,-3.9258,-3.6485,0.3022,-4.7604,-3.6522,0.0000,1,0.1186,0.0427,8.7598,-0.0003,1.000,70.00,342.76
8.8401,UKF,smooth,0.500,10.00,0.050,1,0.600,1,6.5657,9.1651,2.5994,1.6248,0.4129,0.1749,0.0888,6.0000,6.1669,2.0815,2.7963,0.6222,-135.6247,-26.6126,-136.0615,-26.6102,-135.9726,-26.2716,-135.4313,-26.1784,-132.0997,-25.6640,-0.4368,0.0023,-0.3479,0.3409,0.1934,0.4342,84,0.0800,84,0,1.0000,0.0000,0.0000,-3.7880,-3.5171,0.4163,-4.7653,-3.6458,0.0000,1,0.1186,0.0427,8.7598,-0.0003,1.000,70.00,342.76
8.8501,UKF,smooth,0.500,10.00,0.050,1,0.600,1,6.5766,9.1928,2.6162,1.6586,0.4129,0.1749,0.0888,6.0000,6.1669,2.0824,2.7528,0.6212,-135.5639,-26.6191,-136.0615,-26.6102,-135.9726,-26.2716,-135.3579,-26.1976,-132.0532,-25.8395,-0.4976,0.0089,-0.4086,0.3475,0.2060,0.4215,84,0.0900,84,0,1.0000,0.0000,0.0000,-3.6702,-3.4051,0.5539,-4.7702,-3.6394,0.0000,1,0.1186,0.0427,8.7598,-0.0003,1.000,70.00,342.76
8.8601,UKF,smooth,0.500,10.00,0.050,1,0.600,1,6.5871,9.2005,2.6133,1.6933,0.4129,0.1749,0.0888,6.0000,6.1669,2.0833,2.4488,0.6201,-135.5028,-26.6375,-136.0615,-26.6102,-135.9726,-26.2716,-135.2887,-26.2758,-131.9767,-26.3114,-0.5587,0.0273,-0.4698,0.3659,0.2140,0.3617,84,0.1000,84,0,1.0000,0.0000,0.0000,-3.7347,-3.4681,0.6612,-4.7751,-3.6329,0.0000,1,0.1186,0.0427,8.7598,-0.0003,1.000,70.00,342.76
8.8701,UKF,smooth,0.500,10.00,0.050,1,0.600,1,6.5963,9.1963,2.6000,1.7289,0.4129,0.1749,0.0887,6.0000,6.1669,2.0841,2.5489,0.6192,-135.4413,-26.6562,-136.0615,-26.6102,-135.9726,-26.2716,-135.2205,-26.2787,-131.8954,-26.3187,-0.6203,0.0459,-0.5313,0.3845,0.2208,0.3774,84,0.1100,84,0,1.0000,0.0000,0.0000,-3.8220,-3.5527,0.6034,-4.7801,-3.6264,0.0000,1,0.1186,0.0427,8.7598,-0.0003,1.000,70.00,342.76
8.8801,UKF,smooth,0.500,10.00,0.050,1,0.600,1,6.6041,9.1894,2.5853,1.7653,0.4129,0.1749,0.0887,6.0000,6.1669,2.0848,2.7410,0.6184,-135.3794,-26.6727,-136.0615,-26.6102,-135.9726,-26.2716,-135.1524,-26.2621,-131.8146,-26.2288,-0.6822,0.0625,-0.5932,0.4011,0.2270,0.4107,84,0.1200,84,0,1.0000,0.0000,0.0000,-3.9018,-3.6299,0.5214,-4.7851,-3.6198,0.0000,1,0.0860,0.0497,8.7598,0.0018,1.000,70.00,342.76
8.8901,UKF,smooth,0.500,10.00,0.050,1,0.600,1,6.6106,9.1799,2.5693,1.8026,0.4129,0.1749,0.0886,6.0000,6.1669,2.0854,2.9768,0.6177,-135.3171,-26.6864,-136.0615,-26.6102,-135.9726,-26.2716,-135.0846,-26.2345,-131.7336,-26.0979,-0.7445,0.0762,-0.6555,0.4148,0.2325,0.4520,84,0.1300,84,0,1.0000,0.0000,0.0000,-3.9777,-3.7032,0.4314,-4.7902,-3.6131,0.0000,1,0.0860,0.0497,8.7598,0.0018,1.000,70.00,342.76
8.9001,UKF,smooth,0.500,10.00,0.050,1,0.600,1,6.6157,9.1680,2.5522,1.8408,0.4129,0.1749,0.0886,6.0000,6.1669,2.0859,3.2412,0.6171,-135.2543,-26.6969,-136.0615,-26.6102,-135.9726,-26.2716,-135.0170,-26.1985,-131.6522,-25.9429,-0.8073,0.0866,-0.7183,0.4252,0.2373,0.4984,84,0.1400,84,0,1.0000,0.0000,0.0000,-4.0512,-3.7739,0.3380,-4.7953,-3.6063,0.0000,1,0.0860,0.0497,8.7598,0.0018,1.000,70.00,342.76
8.9101,UKF,smooth,0.500,10.00,0.050,1,0.600,1,6.6195,9.1536,2.5341,1.8797,0.4129,0.1749,0.0885,6.0000,6.1669,2.0862,3.5267,0.6167,-135.1910,-26.7038,-136.0615,-26.6102,-135.9726,-26.2716,-134.9497,-26.1554,-131.5703,-25.7715,-0.8705,0.0936,-0.7816,0.4322,0.2413,0.5485,84,0.1500,84,0,1.0000,0.0000,0.0000,-4.1232,-3.8429,0.2432,-4.8004,-3.5995,0.0000,1,0.0860,0.0497,8.7598,0.0018,1.000,70.00,342.76
8.9201,UKF,smooth,0.500,10.00,0.050,1,0.600,1,6.6220,9.1369,2.5149,1.9195,0.4129,0.1749,0.0885,6.0000,6.1669,2.0864,3.8287,0.6165,-135.1272,-26.7073,-136.0615,-26.6102,-135.9726,-26.2716,-134.8826,-26.1060,-131.4878,-25.5882,-0.9343,0.0971,-0.8453,0.4357,0.2446,0.6013,84,0.1600,84,0,1.0000,0.0000,0.0000,-4.1941,-3.9106,0.1482,-4.8055,-3.5926,0.0000,1,0.0860,0.0497,8.7598,0.0018,1.000,70.00,342.76
8.9301,UKF,smooth,0.500,10.00,0.050,1,0.600,1,6.6233,9.0115,2.3883,1.5317,0.4136,0.1736,0.0891,6.0000,5.7849,2.6464,3.2557,0.6163,-135.0629,-26.7072,-135.3794,-26.6727,-135.2758,-26.2405,-134.9195,-26.1784,-131.7686,-25.4497,-0.3165,0.0345,-0.2128,0.4667,0.1434,0.5288,85,0.0500,85,0,1.0000,0.0000,0.0000,-4.2643,-3.9773,0.0538,-4.8107,-3.5856,0.0000,1,0.0860,0.0497,8.8819,0.0018,1.000,70.00,342.76
8.9401,UKF,smooth,0.500,10.00,0.050,1,0.600,1,6.6232,9.0013,2.3781,1.5625,0.4136,0.1736,0.0891,6.0000,5.7849,2.6464,3.4002,0.6164,-134.9980,-26.7037,-135.3794,-26.6727,-135.2758,-26.2405,-134.8580,-26.1494,-131.6932,-25.2783,-0.3814,0.0310,-0.2778,0.4632,0.1400,0.5544,85,0.0600,85,0,1.0000,0.0000,0.0000,-4.3339,-4.0433,-0.0394,-4.8160,-3.5786,0.0000,1,0.0860,0.0497,8.8819,0.0018,1.000,70.00,342.76
8.9501,UKF,smooth,0.500,10.00,0.050,1,0.600,1,6.6218,8.9887,2.3668,1.5943,0.4136,0.1736,0.0890,6.0000,5.7849,2.6462,3.5526,0.6165,-134.9325,-26.6968,-135.3794,-26.6727,-135.2758,-26.2405,-134.7968,-26.1156,-131.6172,-25.1036,-0.4469,0.0241,-0.3432,0.4563,0.1357,0.5813,85,0.0700,85,0,1.0000,0.0000,0.0000,-4.4034,-4.1089,-0.1308,-4.8212,-3.5715,0.0000,1,0.0860,0.0497,8.8819,0.0018,1.000,70.00,342.76
8.9601,UKF,smooth,0.500,10.00,0.050,1,0.600,1,6.6192,8.9736,2.3544,1.6271,0.4136,0.1736,0.0890,6.0000,5.7849,2.6460,3.7112,0.6168,-134.8664,-26.6869,-135.3794,-26.6727,-135.2758,-26.2405,-134.7358,-26.0777,-131.5406,-24.9285,-0.5129,0.0141,-0.4093,0.4463,0.1306,0.6092,85,0.0800,85,0,1.0000,0.0000,0.0000,-4.4730,-4.1743,-0.2198,-4.8265,-3.5643,0.0000,1,0.0860,0.0497,8.8819,0.0018,1.000,70.00,342.76
8.9701,UKF,smooth,0.500,10.00,0.050,1,0.600,1,6.6154,8.9562,2.3408,1.6608,0.4136,0.1736,0.0889,6.0000,5.7849,2.6456,3.8720,0.6172,-134.7997,-26.6740,-135.3794,-26.6727,-135.2758,-26.2405,-134.6752,-26.0364,-131.4631,-24.7570,-0.5796,0.0012,-0.4760,0.4334,0.1245,0.6375,85,0.0900,85,0,1.0000,0.0000,0.0000,-4.5430,-4.2399,-0.3055,-4.8319,-3.5571,0.0000,1,0.1097,0.0511,8.8819,-0.0019,1.000,70.00,342.76
8.9801,UKF,smooth,0.500,10.00,0.050,1,0.600,1,6.6103,8.9363,2.3260,1.6954,0.4136,0.1736,0.0889,6.0000,5.7849,2.6451,4.0295,0.6177,-134.7324,-26.6585,-135.3794,-26.6727,-135.2758,-26.2405,-134.6149,-25.9933,-131.3847,-24.5948,-0.6470,-0.0142,-0.5434,0.4180,0.1174,0.6653,85,0.1000,85,0,1.0000,0.0000,0.0000,-4.6138,-4.3059,-0.3869,-4.8372,-3.5498,0.0000,1,0.1097,0.0511,8.8819,-0.0019,1.000,70.00,342.76
8.9901,UKF,smooth,0.500,10.00,0.050,1,0.600,1,6.6040,8.9142,2.3102,1.7309,0.4136,0.1736,0.0888,6.0000,5.7849,2.6446,4.1739,0.6183,-134.6643,-26.6411,-135.3794,-26.6727,-135.2758,-26.2405,-134.5550,-25.9503,-131.3054,-24.4514,-0.7150,-0.0317,-0.6114,0.4006,0.1094,0.6907,85,0.1100,85,0,1.0000,0.0000,0.0000,-4.6861,-4.3730,-0.4621,-4.8426,-3.5424,0.0000,1,0.1097,0.0511,8.8819,-0.0019,1.000,70.00,342.76
9.0001,UKF,smooth,0.500,10.00,0.050,1,0.600,1,6.5965,8.8898,2.2933,1.7673,0.4136,0.1736,0.0888,6.0000,5.7849,2.6439,4.2868,0.6190,-134.5956,-26.6225,-135.3794,-26.6727,-135.2758,-26.2405,-134.4954,-25.9116,-131.2247,-24.3439,-0.7837,-0.0502,-0.6801,0.3820,0.1002,0.7109,85,0.1200,85,0,1.0000,0.0000,0.0000,-4.7607,-4.4420,-0.5276,-4.8481,-3.5350,0.0000,1,0.1097,0.0511,8.8819,-0.0019,1.000,70.00,342.76
9.0101,UKF,smooth,0.500,10.00,0.050,1,0.600,1,6.5878,8.8634,2.2756,1.8045,0.4136,0.1736,0.0887,6.0000,5.7849,2.6431,4.3261,0.6199,-134.5263,-26.6043,-135.3794,-26.6727,-135.2758,-26.2405,-134.4363,-25.8857,-131.1424,-24.3107,-0.8531,-0.0684,-0.7495,0.3638,0.0900,0.7186,85,0.1300,85,0,1.0000,0.0000,0.0000,-4.8393,-4.5144,-0.5756,-4.8535,-3.5275,0.0000,1,0.1097,0.0511,8.8819,-0.0019,1.000,70.00,342.76
9.0201,UKF,smooth,0.500,10.00,0.050,1,0.600,1,6.5781,8.8365,2.2584,1.8426,0.4136,0.1736,0.0887,6.0000,5.7849,2.6423,4.1647,0.6208,-134.4562,-26.5902,-135.3794,-26.6727,-135.2758,-26.2405,-134.3778,-25.8976,-131.0582,-24.4657,-0.9232,-0.0825,-0.8196,0.3497,0.0784,0.6926,85,0.1400,85,0,1.0000,0.0000,0.0000,-4.9229,-4.5912,-0.5802,-4.8591,-3.5199,0.0000,1,0.1097,0.0511,8.8819,-0.0019,1.000,70.00,342.76
9.0301,UKF,smooth,0.500,10.00,0.050,1,0.600,1,6.5686,9.0078,2.4392,1.5037,0.4144,0.1724,0.0894,6.0000,5.8321,1.7729,1.0057,0.6215,-134.3852,-26.5892,-134.7997,-26.6740,-134.7189,-26.3859,-134.3577,-26.4229,-131.2034,-27.1028,-0.4146,-0.0848,-0.3338,0.2033,0.0275,0.1663,86,0.0600,86,0,1.0000,0.0000,0.0000,-4.9588,-4.6236,-0.4365,-4.8646,-3.5122,0.0000,1,0.1097,0.0511,8.9682,-0.0019,1.000,70.00,342.76
9.0401,UKF,smooth,0.500,10.00,0.050,1,0.600,1,6.5612,9.0121,2.4509,1.5345,0.4144,0.1724,0.0894,6.0000,5.8321,1.7723,0.7289,0.6221,-134.3126,-26.5954,-134.7997,-26.6740,-134.7189,-26.3859,-134.2965,-26.4744,-131.1539,-27.4242,-0.4871,-0.0786,-0.4063,0.2095,0.0161,0.1210,86,0.0700,86,0,1.0000,0.0000,0.0000,-4.8508,-4.5238,-0.2705,-4.8702,-3.5045,0.0000,1,0.1097,0.0511,8.9682,-0.0019,1.000,70.00,342.76
9.0501,UKF,smooth,0.500,10.00,0.050,1,0.600,1,6.5560,9.0225,2.4665,1.5662,0.4144,0.1724,0.0893,6.0000,5.8321,1.7720,0.5619,0.6224,-134.2385,-26.6045,-134.7997,-26.6740,-134.7189,-26.3859,-134.2339,-26.5107,-131.1101,-27.5572,-0.5612,-0.0694,-0.4804,0.2186,0.0046,0.0938,86,0.0800,86,0,1.0000,0.0000,0.0000,-4.7105,-4.3945,-0.1378,-4.8757,-3.4967,0.0000,1,0.1097,0.0511,8.9682,-0.0019,1.000,70.00,342.76
9.0601,UKF,smooth,0.500,10.00,0.050,1,0.600,1,6.5532,9.0379,2.4847,1.5990,0.4144,0.1724,0.0893,6.0000,5.8321,1.7719,0.4568,0.6226,-134.1628,-26.6147,-134.7997,-26.6740,-134.7189,-26.3859,-134.1704,-26.5387,-131.0687,-27.6083,-0.6370,-0.0592,-0.5562,0.2288,-0.0076,0.0761,86,0.0900,86,0,1.0000,0.0000,0.0000,-4.5605,-4.2565,-0.0225,-4.8814,-3.4889,0.0000,1,0.1097,0.0511,8.9682,-0.0019,1.000,70.00,342.76
9.0701,UKF,smooth,0.500,10.00,0.050,1,0.600,1,6.5527,9.0579,2.5052,1.6326,0.4144,0.1724,0.0892,6.0000,5.8321,1.7720,0.4013,0.6225,-134.0854,-26.6249,-134.7997,-26.6740,-134.7189,-26.3859,-134.1060,-26.5604,-131.0290,-27.6136,-0.7143,-0.0490,-0.6335,0.2391,-0.0206,0.0645,86,0.1000,86,0,1.0000,0.0000,0.0000,-4.4065,-4.1153,0.0821,-4.8870,-3.4809,0.0000,1,0.1097,0.0511,8.9682,-0.0019,1.000,70.00,342.76
9.0801,UKF,smooth,0.500,10.00,0.050,1,0.600,1,6.5545,9.0825,2.5280,1.6673,0.4144,0.1724,0.0892,6.0000,5.8321,1.7722,0.3912,0.6222,-134.0066,-26.6345,-134.7997,-26.6740,-134.7189,-26.3859,-134.0408,-26.5767,-130.9905,-27.5890,-0.7932,-0.0395,-0.7124,0.2486,-0.0343,0.0578,86,0.1100,86,0,1.0000,0.0000,0.0000,-4.2507,-3.9726,0.1794,-4.8927,-3.4729,0.0000,1,0.1121,0.0455,8.9682,-0.0017,1.000,70.00,342.76
9.0901,UKF,smooth,0.500,10.00,0.050,1,0.600,1,6.5586,9.1115,2.5529,1.7028,0.4144,0.1724,0.0892,6.0000,5.8321,1.7726,0.4205,0.6218,-133.9262,-26.6429,-134.7997,-26.6740,-134.7189,-26.3859,-133.9750,-26.5878,-130.9530,-27.5431,-0.8735,-0.0310,-0.7927,0.2570,-0.0488,0.0551,86,0.1200,86,0,1.0000,0.0000,0.0000,-4.0942,-3.8296,0.2711,-4.8984,-3.4649,0.0000,1,0.1121,0.0455,8.9682,-0.0017,1.000,70.00,342.76
9.1001,UKF,smooth,0.500,10.00,0.050,1,0.600,1,6.5650,9.1449,2.5798,1.7392,0.4144,0.1724,0.0891,6.0000,5.8321,1.7731,0.4797,0.6212,-133.8445,-26.6498,-134.7997,-26.6740,-134.7189,-26.3859,-133.9086,-26.5938,-130.9164,-27.4810,-0.9553,-0.0241,-0.8745,0.2639,-0.0642,0.0560,86,0.1300,86,0,1.0000,0.0000,0.0000,-3.9374,-3.6868,0.3581,-4.9042,-3.4567,0.0000,1,0.1121,0.0455,8.9682,-0.0017,1.000,70.00,342.76
9.1101,UKF,smooth,0.500,10.00,0.050,1,0.600,1,6.5737,9.1826,2.6088,1.7766,0.4144,0.1724,0.0891,6.0000,5.8321,1.7738,0.5615,0.6204,-133.7613,-26.6549,-134.7997,-26.6740,-134.7189,-26.3859,-133.8417,-26.5945,-130.8807,-27.4053,-1.0384,-0.0191,-0.9576,0.2690,-0.0804,0.0604,86,0.1400,86,0,1.0000,0.0000,0.0000,-3.7808,-3.5444,0.4412,-4.9100,-3.4485,0.0000,1,0.1121,0.0455,8.9682,-0.0017,1.000,70.00,342.76
9.1201,UKF,smooth,0.500,10.00,0.050,1,0.600,1,6.5846,9.2244,2.6398,1.8147,0.4144,0.1724,0.0891,6.0000,5.8321,1.7746,0.6831,0.6194,-133.6769,-26.6573,-134.7997,-26.6740,-134.7189,-26.3859,-133.7742,-26.5833,-130.8460,-27.2915,-1.1228,-0.0166,-1.0420,0.2714,-0.0973,0.0740,86,0.1500,86,0,1.0000,0.0000,0.0000,-3.6221,-3.4005,0.5145,-4.9158,-3.4402,0.0000,1,0.1121,0.0455,8.9682,-0.0017,1.000,70.00,342.76
9.1301,UKF,smooth,0.500,10.00,0.050,1,0.600,1,6.5942,9.1989,2.6048,1.4985,0.4139,0.1733,0.0886,6.0000,6.0128,1.6492,1.6406,0.6186,-133.5922,-26.6572,-134.0066,-26.6345,-133.7019,-26.6796,-133.3011,-26.7442,-129.1808,-27.6035,-0.4143,0.0227,-0.1097,-0.0224,0.2911,-0.0869,87,0.0500,87,0,1.0000,0.0000,0.0000,-3.7051,-3.4731,0.4267,-4.9216,-3.4319,0.0000,1,0.1121,0.0455,9.0784,-0.0017,1.000,70.00,342.76
9.1401,UKF,smooth,0.500,10.00,0.050,1,0.600,1,6.6023,9.2010,2.5987,1.5293,0.4139,0.1733,0.0885,6.0000,6.0128,1.6489,1.6627,0.6179,-133.5073,-26.6548,-134.0066,-26.6345,-133.7019,-26.6796,-133.2164,-26.7534,-129.0882,-27.5376,-0.4993,0.0203,-0.1946,-0.0248,0.2909,-0.0986,87,0.0600,87,0,1.0000,0.0000,0.0000,-3.7881,-3.5455,0.3417,-4.9275,-3.4235,0.0000,1,0.1121,0.0455,9.0784,-0.0017,1.000,70.00,342.76
9.1501,UKF,smooth,0.500,10.00,0.050,1,0.600,1,6.6091,9.2004,2.5913,1.5610,0.4139,0.1733,0.0885,6.0000,6.0128,1.6486,1.6819,0.6174,-133.4220,-26.6503,-134.0066,-26.6345,-133.7019,-26.6796,-133.1324,-26.7604,-128.9948,-27.4756,-0.5846,0.0158,-0.2800,-0.0293,0.2896,-0.1101,87,0.0700,87,0,1.0000,0.0000,0.0000,-3.8710,-3.6176,0.2593,-4.9334,-3.4150,0.0000,1,0.1121,0.0455,9.0784,-0.0017,1.000,70.00,342.76
9.1601,UKF,smooth,0.500,10.00,0.050,1,0.600,1,6.6146,9.1973,2.5827,1.5938,0.4139,0.1733,0.0885,6.0000,6.0128,1.6483,1.6989,0.6170,-133.3363,-26.6439,-134.0066,-26.6345,-133.7019,-26.6796,-133.0490,-26.7655,-128.9007,-27.4184,-0.6703,0.0094,-0.3656,-0.0357,0.2873,-0.1216,87,0.0800,87,0,1.0000,0.0000,0.0000,-3.9541,-3.6894,0.1798,-4.9393,-3.4064,0.0000,1,0.1121,0.0455,9.0784,-0.0017,1.000,70.00,342.76
9.1701,UKF,smooth,0.500,10.00,0.050,1,0.600,1,6.6187,9.1916,2.5728,1.6274,0.4139,0.1733,0.0884,6.0000,6.0128,1.6482,1.7149,0.6167,-133.2503,-26.6359,-134.0066,-26.6345,-133.7019,-26.6796,-132.9663,-26.7694,-128.8056,-27.3673,-0.7563,0.0014,-0.4516,-0.0437,0.2840,-0.1336,87,0.0900,87,0,1.0000,0.0000,0.0000,-4.0372,-3.7609,0.1032,-4.9452,-3.3978,0.0000,1,0.1121,0.0455,9.0784,-0.0017,1.000,70.00,342.76
9.1801,UKF,smooth,0.500,10.00,0.050,1,0.600,1,6.6216,9.1834,2.5618,1.6620,0.4139,0.1733,0.0884,6.0000,6.0128,1.6481,1.7316,0.6165,-133.1638,-26.6264,-134.0066,-26.6345,-133.7019,-26.6796,-132.8843,-26.7727,-128.7097,-27.3236,-0.8427,-0.0080,-0.5381,-0.0531,0.2796,-0.1463,87,0.1000,87,0,1.0000,0.0000,0.0000,-4.1205,-3.8323,0.0298,-4.9512,-3.3891,0.0000,1,0.1121,0.0455,9.0784,-0.0017,1.000,70.00,342.76
9.1901,UKF,smooth,0.500,10.00,0.050,1,0.600,1,6.6231,9.1728,2.5497,1.6975,0.4139,0.1733,0.0884,6.0000,6.0128,1.6480,1.7512,0.6164,-133.0770,-26.6159,-134.0066,-26.6345,-133.7019,-26.6796,-132.8029,-26.7762,-128.6129,-27.2893,-0.9296,-0.0186,-0.6249,-0.0637,0.2741,-0.1603,87,0.1100,87,0,1.0000,0.0000,0.0000,-4.2040,-3.9036,-0.0400,-4.9572,-3.3803,0.0000,1,0.1121,0.0455,9.0784,-0.0017,1.000,70.00,342.76
9.2001,UKF,smooth,0.500,10.00,0.050,1,0.600,1,6.6234,9.1599,2.5365,1.7339,0.4139,0.1733,0.0883,6.0000,6.0128,1.6480,1.7770,0.6165,-132.9896,-26.6045,-134.0066,-26.6345,-133.7019,-26.6796,-132.7220,-26.7808,-128.5150,-27.2669,-1.0169,-0.0300,-0.7123,-0.0751,0.2676,-0.1763,87,0.1200,87,0,1.0000,0.0000,0.0000,-4.2878,-3.9748,-0.1059,-4.9632,-3.3715,0.0000,1,0.0858,0.0559,9.0784,0.0017,1.000,70.00,342.76
9.2101,UKF,smooth,0.500,10.00,0.050,1,0.600,1,6.6224,9.1446,2.5222,1.7712,0.4139,0.1733,0.0883,6.0000,6.0128,1.6480,1.8139,0.6166,-132.9017,-26.5926,-134.0066,-26.6345,-133.7019,-26.6796,-132.6419,-26.7876,-128.4161,-27.2594,-1.1048,-0.0418,-0.8002,-0.0869,0.2599,-0.1950,87,0.1300,87,0,1.0000,0.0000,0.0000,-4.3721,-4.0461,-0.1673,-4.9692,-3.3625,0.0000,1,0.0858,0.0559,9.0784,0.0017,1.000,70.00,342.76
9.2201,UKF,smooth,0.500,10.00,0.050,1,0.600,1,6.6201,9.1270,2.5069,1.8093,0.4139,0.1733,0.0883,6.0000,6.0128,1.6480,1.8687,0.6169,-132.8134,-26.5807,-134.0066,-26.6345,-133.7019,-26.6796,-132.5623,-26.7982,-128.3160,-27.2709,-1.1932,-0.0537,-0.8885,-0.0988,0.2511,-0.2174,87,0.1400,87,0,1.0000,0.0000,0.0000,-4.4570,-4.1175,-0.2235,-4.9753,-3.3536,0.0000,1,0.0858,0.0559,9.0784,0.0017,1.000,70.00,342.76
9.2301,UKF,smooth,0.500,10.00,0.050,1,0.600,1,6.6166,9.1074,2.4907,1.8483,0.4139,0.1733,0.0882,6.0000,6.0128,1.6482,1.9513,0.6172,-132.7245,-26.5693,-134.0066,-26.6345,-133.7019,-26.6796,-132.4834,-26.8143,-128.2146,-27.3071,-1.2821,-0.0652,-0.9774,-0.1103,0.2411,-0.2450,87,0.1500,87,0,1.0000,0.0000,0.0000,-4.5426,-4.1892,-0.2734,-4.9814,-3.3445,0.0000,1,0.0858,0.0559,9.0784,0.0017,1.000,70.00,342.76
9.2401,UKF,smooth,0.500,10.00,0.050,1,0.600,1,6.6120,9.0857,2.4737,1.8881,0.4139,0.1733,0.0882,6.0000,6.0128,1.6483,2.0759,0.6177,-132.6349,-26.5590,-134.0066,-26.6345,-133.7019,-26.6796,-132.4051,-26.8387,-128.1119,-27.3762,-1.3716,-0.0755,-1.0670,-0.1206,0.2298,-0.2797,87,0.1600,87,0,1.0000,0.0000,0.0000,-4.6290,-4.2613,-0.3155,-4.9875,-3.3354,0.0000,1,0.0858,0.0559,9.0784,0.0017,1.000,70.00,342.76
9.2501,UKF,smooth,0.500,10.00,0.050,1,0.600,1,6.6062,9.0623,2.4561,1.9287,0.4139,0.1733,0.0881,6.0000,6.0128,1.6485,2.2637,0.6183,-132.5448,-26.5505,-134.0066,-26.6345,-133.7019,-26.6796,-132.3275,-26.8754,-128.0078,-27.4902,-1.4618,-0.0839,-1.1571,-0.1290,0.2173,-0.3248,87,0.1700,87,0,1.0000,0.0000,0.0000,-4.7165,-4.3340,-0.3474,-4.9936,-3.3262,0.0000,1,0.0858,0.0559,9.0784,0.0017,1.000,70.00,342.76
9.2601,UKF,smooth,0.500,10.00,0.050,1,0.600,1,6.5992,9.3247,2.7255,1.5492,0.4135,0.1742,0.0877,6.0000,6.4290,0.4051,1.3166,0.6188,-132.4539,-26.5452,-132.9896,-26.6045,-132.9424,-26.6571,-132.5928,-26.7270,-129.4249,-27.0564,-0.5357,-0.0593,-0.4885,-0.1118,-0.1388,-0.1818,88,0.0600,88,0,1.0000,0.0000,0.0000,-4.8049,-4.4071,-0.3647,-4.9998,-3.3169,0.0000,1,0.0858,0.0559,9.2018,0.0017,1.000,70.00,342.76
9.2701,UKF,smooth,0.500,10.00,0.050,1,0.600,1,6.5913,9.3166,2.7253,1.5812,0.4135,0.1742,0.0876,6.0000,6.4290,0.4057,1.5672,0.6194,-132.3624,-26.5448,-132.9896,-26.6045,-132.9424,-26.6571,-132.5329,-26.7579,-129.3603,-27.2639,-0.6272,-0.0597,-0.5800,-0.1123,-0.1704,-0.2131,88,0.0700,88,0,1.0000,0.0000,0.0000,-4.8936,-4.4801,-0.3593,-5.0060,-3.3076,0.0000,1,0.0858,0.0559,9.2018,0.0017,1.000,70.00,342.76
9.2801,UKF,smooth,0.500,10.00,0.050,1,0.600,1,6.5826,9.3083,2.7257,1.6142,0.4135,0.1742,0.0876,6.0000,6.4290,0.4063,1.8971,0.6201,-132.2702,-26.5522,-132.9896,-26.6045,-132.9424,-26.6571,-132.4737,-26.8120,-129.2963,-27.6014,-0.7194,-0.0523,-0.6723,-0.1049,-0.2035,-0.2598,88,0.0800,88,0,1.0000,0.0000,0.0000,-4.9778,-4.5488,-0.3132,-5.0122,-3.2982,0.0000,1,0.0858,0.0559,9.2018,0.0017,1.000,70.00,342.76
9.2901,UKF,smooth,0.500,10.00,0.050,1,0.600,1,6.5739,9.3052,2.7313,1.6482,0.4135,0.1742,0.0875,6.0000,6.4290,0.4068,2.3612,0.6206,-132.1770,-26.5719,-132.9896,-26.6045,-132.9424,-26.6571,-132.4145,-26.9048,-129.2360,-28.1352,-0.8126,-0.0326,-0.7654,-0.0851,-0.2374,-0.3329,88,0.0900,88,0,1.0000,0.0000,0.0000,-5.0288,-4.5891,-0.1881,-5.0184,-3.2887,0.0000,1,0.1182,0.0532,9.2018,-0.0012,1.000,70.00,342.76
9.3001,UKF,smooth,0.500,10.00,0.050,1,0.600,1,6.5667,9.3175,2.7508,1.6830,0.4135,0.1742,0.0875,6.0000,6.4290,0.4071,2.8033,0.6209,-132.0825,-26.6026,-132.9896,-26.6045,-132.9424,-26.6571,-132.3522,-27.0047,-129.1880,-28.6059,-0.9071,-0.0019,-0.8600,-0.0545,-0.2697,-0.4021,88,0.1000,88,0,1.0000,0.0000,0.0000,-4.9670,-4.5334,-0.0068,-5.0247,-3.2791,0.0000,1,0.1182,0.0532,9.2018,-0.0012,1.000,70.00,342.76
9.3101,UKF,smooth,0.500,10.00,0.050,1,0.600,1,6.5618,9.3405,2.7787,1.7188,0.4135,0.1742,0.0875,6.0000,6.4290,0.4073,3.0084,0.6211,-131.9863,-26.6368,-132.9896,-26.6045,-132.9424,-26.6571,-132.2871,-27.0620,-129.1487,-28.7529,-1.0034,0.0323,-0.9562,-0.0203,-0.3008,-0.4253,88,0.1100,88,0,1.0000,0.0000,0.0000,-4.8275,-4.4122,0.1295,-5.0309,-3.2695,0.0000,1,0.1182,0.0532,9.2018,-0.0012,1.000,70.00,342.76
9.3201,UKF,smooth,0.500,10.00,0.050,1,0.600,1,6.5593,9.3694,2.8101,1.7554,0.4135,0.1742,0.0874,6.0000,6.4290,0.4071,3.0464,0.6210,-131.8882,-26.6696,-132.9896,-26.6045,-132.9424,-26.6571,-132.2204,-27.0838,-129.1126,-28.6933,-1.1014,0.0651,-1.0542,0.0125,-0.3321,-0.4142,88,0.1200,88,0,1.0000,0.0000,0.0000,-4.6614,-4.2690,0.2215,-5.0372,-3.2598,0.0000,1,0.1182,0.0532,9.2018,-0.0012,1.000,70.00,342.76
9.3301,UKF,smooth,0.500,10.00,0.050,1,0.600,1,6.5591,9.4026,2.8435,1.7929,0.4135,0.1742,0.0874,6.0000,6.4290,0.4070,2.9756,0.6208,-131.7886,-26.6978,-132.9896,-26.6045,-132.9424,-26.6571,-132.1527,-27.0746,-129.0782,-28.4974,-1.2010,0.0933,-1.1539,0.0407,-0.3641,-0.3768,88,0.1300,88,0,1.0000,0.0000,0.0000,-4.4848,-4.1173,0.2794,-5.0435,-3.2501,0.0000,1,0.1182,0.0532,9.2018,-0.0012,1.000,70.00,342.76
9.3401,UKF,smooth,0.500,10.00,0.050,1,0.600,1,6.5611,9.4391,2.8780,1.8313,0.4135,0.1742,0.0874,6.0000,6.4290,0.4067,2.8332,0.6204,-131.6872,-26.7187,-132.9896,-26.6045,-132.9424,-26.6571,-132.0841,-27.0333,-129.0448,-28.1882,-1.3024,0.1142,-1.2552,0.0616,-0.3969,-0.3146,88,0.1400,88,0,1.0000,0.0000,0.0000,-4.3036,-3.9623,0.3060,-5.0498,-3.2402,0.0000,1,0.1182,0.0532,9.2018,-0.0012,1.000,70.00,342.76
9.3501,UKF,smooth,0.500,10.00,0.050,1,0.600,1,6.5653,9.3868,2.8215,1.5512,0.4133,0.1745,0.0872,6.0000,6.8469,1.7397,2.6109,0.6199,-131.5843,-26.7295,-132.1770,-26.5719,-131.9152,-26.3998,-131.3651,-26.3396,-126.6338,-25.2191,-0.5927,0.1576,-0.3309,0.3297,0.2192,0.3899,89,0.0600,89,0,1.0000,0.0000,0.0000,-4.1223,-3.8076,0.2969,-5.0562,-3.2303,0.0000,1,0.1182,0.0532,9.2889,-0.0012,1.000,70.00,342.76
9.3601,UKF,smooth,0.500,10.00,0.050,1,0.600,1,6.5712,9.4099,2.8387,1.5831,0.4133,0.1745,0.0872,6.0000,6.8469,1.7399,3.0772,0.6194,-131.4799,-26.7267,-132.1770,-26.5719,-131.9152,-26.3998,-131.2625,-26.2505,-126.6004,-24.7057,-0.6971,0.1548,-0.4353,0.3269,0.2174,0.4762,89,0.0700,89,0,1.0000,0.0000,0.0000,-3.9497,-3.6606,0.2367,-5.0625,-3.2203,0.0000,1,0.1182,0.0532,9.2889,-0.0012,1.000,70.00,342.76
9.3701,UKF,smooth,0.500,10.00,0.050,1,0.600,1,6.5780,9.4294,2.8515,1.6160,0.4133,0.1745,0.0871,6.0000,6.8469,1.7399,3.6894,0.6190,-131.3744,-26.7063,-132.1770,-26.5719,-131.9152,-26.3998,-131.1610,-26.1200,-126.5578,-24.0229,-0.8027,0.1344,-0.5408,0.3064,0.2134,0.5863,89,0.0800,89,0,1.0000,0.0000,0.0000,-3.8217,-3.5509,0.0956,-5.0689,-3.2103,0.0000,1,0.1182,0.0532,9.2889,-0.0012,1.000,70.00,342.76
9.3801,UKF,smooth,0.500,10.00,0.050,1,0.600,1,6.5840,9.4365,2.8524,1.6498,0.4133,0.1745,0.0871,6.0000,6.8469,1.7400,4.2466,0.6188,-131.2682,-26.6718,-132.1770,-26.5719,-131.9152,-26.3998,-131.0625,-25.9863,-126.4873,-23.4288,-0.9088,0.0998,-0.6470,0.2719,0.2057,0.6855,89,0.0900,89,0,1.0000,0.0000,0.0000,-3.8155,-3.5417,-0.0805,-5.0753,-3.2002,0.0000,1,0.1182,0.0532,9.2889,-0.0012,1.000,70.00,342.76
9.3901,UKF,smooth,0.500,10.00,0.050,1,0.600,1,6.5888,9.4361,2.8472,1.6845,0.4133,0.1745,0.0871,6.0000,6.8469,1.7399,4.5296,0.6187,-131.1618,-26.6321,-132.1770,-26.5719,-131.9152,-26.3998,-130.9667,-25.8955,-126.3988,-23.1502,-1.0153,0.0602,-0.7534,0.2323,0.1951,0.7366,89,0.1000,89,0,1.0000,0.0000,0.0000,-3.8863,-3.5956,-0.1918,-5.0817,-3.1900,0.0000,1,0.1182,0.0532,9.2889,-0.0012,1.000,70.00,342.76
9.4001,UKF,smooth,0.500,10.00,0.050,1,0.600,1,6.5923,9.4330,2.8407,1.7201,0.4133,0.1745,0.0871,6.0000,6.8469,1.7398,4.6083,0.6187,-131.0551,-26.5929,-132.1770,-26.5719,-131.9152,-26.3998,-130.8726,-25.8402,-126.3046,-23.0838,-1.1220,0.0209,-0.8601,0.1930,0.1825,0.7527,89,0.1100,89,0,1.0000,0.0000,0.0000,-3.9798,-3.6677,-0.2464,-5.0882,-3.1797,0.0000,1,0.1182,0.0532,9.2889,-0.0012,1.000,70.00,342.76
9.4101,UKF,smooth,0.500,10.00,0.050,1,0.600,1,6.5946,9.4286,2.8340,1.7566,0.4133,0.1745,0.0871,6.0000,6.8469,1.7397,4.5420,0.6188,-130.9481,-26.5573,-132.1770,-26.5719,-131.9152,-26.3998,-130.7798,-25.8133,-126.2085,-23.1553,-1.2290,-0.0146,-0.9671,0.1575,0.1683,0.7440,89,0.1200,89,0,1.0000,0.0000,0.0000,-4.0789,-3.7441,-0.2619,-5.0946,-3.1694,0.0000,1,0.1030,0.0476,9.2889,-0.0010,1.000,70.00,342.76
9.4201,UKF,smooth,0.500,10.00,0.050,1,0.600,1,6.5959,9.4235,2.8277,1.7940,0.4133,0.1745,0.0870,6.0000,6.8469,1.7396,4.3627,0.6190,-130.8408,-26.5276,-132.1770,-26.5719,-131.9152,-26.3998,-130.6881,-25.8114,-126.1120,-23.3265,-1.3362,-0.0443,-1.0744,0.1278,0.1527,0.7162,89,0.1300,89,0,1.0000,0.0000,0.0000,-4.1778,-3.8198,-0.2489,-5.1011,-3.1590,0.0000,1,0.1030,0.0476,9.2889,-0.0010,1.000,70.00,342.76
9.4301,UKF,smooth,0.500,10.00,0.050,1,0.600,1,6.5962,9.4182,2.8220,1.8322,0.4133,0.1745,0.0870,6.0000,6.8469,1.7395,4.0896,0.6191,-130.7331,-26.5053,-132.1770,-26.5719,-131.9152,-26.3998,-130.5974,-25.8326,-126.0157,-23.5752,-1.4439,-0.0666,-1.1821,0.1054,0.1357,0.6726,89,0.1400,89,0,1.0000,0.0000,0.0000,-4.2738,-3.8928,-0.2145,-5.1075,-3.1485,0.0000,1,0.1030,0.0476,9.2889,-0.0010,1.000,70.00,342.76
9.4401,UKF,smooth,0.500,10.00,0.050,1,0.600,1,6.5957,9.4128,2.8171,1.8713,0.4133,0.1745,0.0870,6.0000,6.8469,1.7394,3.7362,0.6192,-130.6250,-26.4914,-132.1770,-26.5719,-131.9152,-26.3998,-130.5077,-25.8758,-125.9201,-23.8867,-1.5520,-0.0805,-1.2902,0.0916,0.1173,0.6156,89,0.1500,89,0,1.0000,0.0000,0.0000,-4.3661,-3.9624,-0.1633,-5.1140,-3.1380,0.0000,1,0.1030,0.0476,9.2889,-0.0010,1.000,70.00,342.76
9.4501,UKF,smooth,0.500,10.00,0.050,1,0.600,1,6.5946,9.4076,2.8130,1.9112,0.4133,0.1745,0.0870,6.0000,6.8469,1.7394,3.3134,0.6194,-130.5164,-26.4868,-132.1770,-26.5719,-131.9152,-26.3998,-130.4189,-25.9399,-125.8252,-24.2498,-1.6606,-0.0851,-1.3988,0.0869,0.0976,0.5469,89,0.1600,89,0,1.0000,0.0000,0.0000,-4.4541,-4.0283,-0.0990,-5.1205,-3.1274,0.0000,1,0.1030,0.0476,9.2889,-0.0010,1.000,70.00,342.76
9.4601,UKF,smooth,0.500,10.00,0.050,1,0.600,1,6.5928,9.3487,2.7558,1.5617,0.4144,0.1741,0.0881,6.0000,6.2435,2.3578,2.9033,0.6194,-130.4073,-26.4920,-130.9481,-26.5573,-130.5140,-26.6257,-129.9735,-26.7838,-124.2210,-28.4483,-0.5408,-0.0653,-0.1068,-0.1337,0.4338,-0.2918,90,0.0500,90,0,1.0000,0.0000,0.0000,-4.5381,-4.0906,-0.0248,-5.1270,-3.1167,0.0000,1,0.1030,0.0476,9.4091,-0.0010,1.000,70.00,342.76
9.4701,UKF,smooth,0.500,10.00,0.050,1,0.600,1,6.5906,9.3477,2.7572,1.5935,0.4144,0.1741,0.0881,6.0000,6.2435,2.3578,3.1606,0.6195,-130.2975,-26.5074,-130.9481,-26.5573,-130.5140,-26.6257,-129.8611,-26.8638,-124.0915,-28.8823,-0.6505,-0.0499,-0.2165,-0.1183,0.4365,-0.3565,90,0.0600,90,0,1.0000,0.0000,0.0000,-4.6186,-4.1496,0.0565,-5.1335,-3.1059,0.0000,1,0.1030,0.0476,9.4091,-0.0010,1.000,70.00,342.76
9.4801,UKF,smooth,0.500,10.00,0.050,1,0.600,1,6.5878,9.3461,2.7583,1.6261,0.4144,0.1741,0.0880,6.0000,6.2435,2.3578,3.4584,0.6195,-130.1871,-26.5332,-130.9481,-26.5573,-130.5140,-26.6257,-129.7495,-26.9591,-123.9621,-29.3392,-0.7609,-0.0241,-0.3269,-0.0925,0.4377,-0.4259,90,0.0700,90,0,1.0000,0.0000,0.0000,-4.6964,-4.2062,0.1419,-5.1401,-3.0951,0.0000,1,0.1030,0.0476,9.4091,-0.0010,1.000,70.00,342.76
9.4901,UKF,smooth,0.500,10.00,0.050,1,0.600,1,6.5846,9.3438,2.7592,1.6597,0.4144,0.1741,0.0880,6.0000,6.2435,2.3578,3.7925,0.6194,-130.0761,-26.5693,-130.9481,-26.5573,-130.5140,-26.6257,-129.6386,-27.0688,-123.8319,-29.8108,-0.8720,0.0120,-0.4379,-0.0563,0.4375,-0.4994,90,0.0800,90,0,1.0000,0.0000,0.0000,-4.7732,-4.2617,0.2276,-5.1466,-3.0842,0.0000,1,0.1030,0.0476,9.4091,-0.0010,1.000,70.00,342.76
9.5001,UKF,smooth,0.500,10.00,0.050,1,0.600,1,6.5809,9.3401,2.7592,1.6942,0.4144,0.1741,0.0880,6.0000,6.2435,2.3578,4.1501,0.6193,-129.9643,-26.6154,-130.9481,-26.5573,-130.5140,-26.6257,-129.5285,-27.1901,-123.6998,-30.2808,-0.9838,0.0581,-0.5497,-0.0103,0.4358,-0.5746,90,0.0900,90,0,1.0000,0.0000,0.0000,-4.8520,-4.3184,0.3059,-5.1532,-3.0732,0.0000,1,0.1030,0.0476,9.4091,-0.0010,1.000,70.00,342.76
9.5101,UKF,smooth,0.500,10.00,0.050,1,0.600,1,6.5764,9.3327,2.7563,1.7296,0.4144,0.1741,0.0880,6.0000,6.2435,2.3579,4.4691,0.6193,-129.8518,-26.6691,-130.9481,-26.5573,-130.5140,-26.6257,-129.4193,-27.3091,-123.5623,-30.6773,-1.0963,0.1118,-0.6622,0.0435,0.4325,-0.6399,90,0.1000,90,0,1.0000,0.0000,0.0000,-4.9407,-4.3825,0.3485,-5.1598,-3.0622,0.0000,1,0.1030,0.0476,9.4091,-0.0010,1.000,70.00,342.76
9.5201,UKF,smooth,0.500,10.00,0.050,1,0.600,1,6.5716,9.3293,2.7576,1.7660,0.4144,0.1741,0.0879,6.0000,6.2435,2.3580,3.9725,0.6193,-129.7381,-26.7062,-130.9481,-26.5573,-130.5140,-26.6257,-129.3077,-27.2482,-123.4815,-30.0318,-1.2100,0.1489,-0.7759,0.0805,0.4304,-0.5421,90,0.1100,90,0,1.0000,0.0000,0.0000,-4.8937,-4.3405,0.1650,-5.1663,-3.0511,0.0000,1,0.0877,0.0429,9.4091,0.0015,1.000,70.00,342.76
9.5301,UKF,smooth,0.500,10.00,0.050,1,0.600,1,6.5682,9.3442,2.7760,1.8032,0.4144,0.1741,0.0879,6.0000,6.2435,2.3580,3.4605,0.6194,-129.6226,-26.7261,-130.9481,-26.5573,-130.5140,-26.6257,-129.1935,-27.1600,-123.4488,-29.3196,-1.3255,0.1688,-0.8914,0.1004,0.4291,-0.4339,90,0.1200,90,0,1.0000,0.0000,0.0000,-4.7353,-4.2123,0.0484,-5.1729,-3.0399,0.0000,1,0.0877,0.0429,9.4091,0.0015,1.000,70.00,342.76
9.5401,UKF,smooth,0.500,10.00,0.050,1,0.600,1,6.5663,9.3656,2.7993,1.8414,0.4144,0.1741,0.0879,6.0000,6.2435,2.3581,3.0217,0.6195,-129.5054,-26.7306,-130.9481,-26.5573,-130.5140,-26.6257,-129.0791,-27.0631,-123.4240,-28.6637,-1.4427,0.1733,-1.0086,0.1049,0.4263,-0.3325,90,0.1300,90,0,1.0000,0.0000,0.0000,-4.5627,-4.0735,-0.0380,-5.1795,-3.0286,0.0000,1,0.0877,0.0429,9.4091,0.0015,1.000,70.00,342.76
9.5501,UKF,smooth,0.500,10.00,0.050,1,0.600,1,6.5662,9.3923,2.8261,1.8803,0.4144,0.1741,0.0879,6.0000,6.2435,2.3581,2.6582,0.6196,-129.3866,-26.7209,-130.9481,-26.5573,-130.5140,-26.6257,-128.9648,-26.9571,-123.4032,-28.0523,-1.5614,0.1636,-1.1274,0.0952,0.4218,-0.2362,90,0.1400,90,0,1.0000,0.0000,0.0000,-4.3849,-3.9312,-0.1053,-5.1861,-3.0173,0.0000,1,0.0877,0.0429,9.4091,0.0015,1.000,70.00,342.76
9.5601,UKF,smooth,0.500,10.00,0.050,1,0.600,1,6.5679,9.4241,2.8562,1.9201,0.4144,0.1741,0.0879,6.0000,6.2435,2.3581,2.3850,0.6196,-129.2663,-26.6981,-130.9481,-26.5573,-130.5140,-26.6257,-128.8508,-26.8442,-123.3852,-27.4874,-1.6818,0.1408,-1.2477,0.0724,0.4155,-0.1461,90,0.1500,90,0,1.0000,0.0000,0.0000,-4.2040,-3.7870,-0.1556,-5.1927,-3.0059,0.0000,1,0.0877,0.0429,9.4091,0.0015,1.000,70.00,342.76
9.5701,UKF,smooth,0.500,10.00,0.050,1,0.600,1,6.5716,9.2847,2.7131,1.5272,0.4160,0.1748,0.0894,6.0000,6.1718,1.6575,0.2831,0.6196,-129.1445,-26.6639,-129.7381,-26.7062,-129.5923,-26.9508,-129.1210,-26.7063,-124.7416,-25.3067,-0.5936,-0.0422,-0.4478,-0.2868,0.0236,-0.0424,91,0.0500,91,0,1.0000,0.0000,0.0000,-4.0208,-3.6416,-0.1845,-5.1994,-2.9944,0.0000,1,0.0877,0.0429,9.5217,0.0015,1.000,70.00,342.76
9.5801,UKF,smooth,0.500,10.00,0.050,1,0.600,1,6.5774,9.3026,2.7252,1.5583,0.4160,0.1748,0.0894,6.0000,6.1718,1.6574,0.1558,0.6195,-129.0214,-26.6222,-129.7381,-26.7062,-129.5923,-26.9508,-129.0286,-26.6474,-124.7122,-25.0086,-0.7167,-0.0840,-0.5709,-0.3286,-0.0072,-0.0252,91,0.0600,91,0,1.0000,0.0000,0.0000,-3.8379,-3.4970,-0.1650,-5.2060,-2.9829,0.0000,1,0.0877,0.0429,9.5217,0.0015,1.000,70.00,342.76
9.5901,UKF,smooth,0.500,10.00,0.050,1,0.600,1,6.5836,9.3124,2.7288,1.5904,0.4160,0.1748,0.0894,6.0000,6.1718,1.6570,0.5672,0.6192,-128.8979,-26.5942,-129.7381,-26.7062,-129.5923,-26.9508,-128.9404,-26.6811,-124.6421,-25.5078,-0.8402,-0.1120,-0.6944,-0.3566,-0.0425,-0.0869,91,0.0700,91,0,1.0000,0.0000,0.0000,-3.8731,-3.5175,-0.0087,-5.2126,-2.9713,0.0000,1,0.0877,0.0429,9.5217,0.0015,1.000,70.00,342.76
9.6001,UKF,smooth,0.500,10.00,0.050,1,0.600,1,6.5890,9.3136,2.7246,1.6236,0.4160,0.1748,0.0894,6.0000,6.1718,1.6568,0.8962,0.6189,-128.7742,-26.5750,-129.7381,-26.7062,-129.5923,-26.9508,-128.8547,-26.7064,-124.5602,-25.8226,-0.9639,-0.1312,-0.8181,-0.3758,-0.0804,-0.1314,91,0.0800,91,0,1.0000,0.0000,0.0000,-3.9720,-3.5859,0.0435,-5.2193,-2.9596,0.0000,1,0.0877,0.0429,9.5217,0.0015,1.000,70.00,342.76
9.6101,UKF,smooth,0.500,10.00,0.050,1,0.600,1,6.5934,9.3117,2.7184,1.6576,0.4160,0.1748,0.0894,6.0000,6.1718,1.6565,1.1993,0.6186,-128.6504,-26.5626,-129.7381,-26.7062,-129.5923,-26.9508,-128.7704,-26.7319,-124.4777,-26.0731,-1.0877,-0.1436,-0.9419,-0.3882,-0.1200,-0.1693,91,0.0900,91,0,1.0000,0.0000,0.0000,-4.0750,-3.6568,0.0683,-5.2259,-2.9478,0.0000,1,0.0944,0.0543,9.5217,-0.0015,1.000,70.00,342.76
9.6201,UKF,smooth,0.500,10.00,0.050,1,0.600,1,6.5967,9.3072,2.7105,1.6925,0.4160,0.1748,0.0893,6.0000,6.1718,1.6563,1.4927,0.6184,-128.5263,-26.5559,-129.7381,-26.7062,-129.5923,-26.9508,-128.6876,-26.7596,-124.3953,-26.2912,-1.2118,-0.1503,-1.0660,-0.3949,-0.1613,-0.2037,91,0.1000,91,0,1.0000,0.0000,0.0000,-4.1783,-3.7275,0.0792,-5.2326,-2.9360,0.0000,1,0.0944,0.0543,9.5217,-0.0015,1.000,70.00,342.76
9.6301,UKF,smooth,0.500,10.00,0.050,1,0.600,1,6.5989,9.3002,2.7013,1.7284,0.4160,0.1748,0.0893,6.0000,6.1718,1.6561,1.7818,0.6182,-128.4019,-26.5541,-129.7381,-26.7062,-129.5923,-26.9508,-128.6061,-26.7895,-124.3130,-26.4881,-1.3362,-0.1520,-1.1904,-0.3966,-0.2042,-0.2354,91,0.1100,91,0,1.0000,0.0000,0.0000,-4.2811,-3.7975,0.0809,-5.2392,-2.9241,0.0000,1,0.0944,0.0543,9.5217,-0.0015,1.000,70.00,342.76
9.6401,UKF,smooth,0.500,10.00,0.050,1,0.600,1,6.6000,9.2908,2.6908,1.7651,0.4160,0.1748,0.0893,6.0000,6.1718,1.6560,2.0688,0.6181,-128.2772,-26.5567,-129.7381,-26.7062,-129.5923,-26.9508,-128.5260,-26.8216,-124.2311,-26.6689,-1.4609,-0.1495,-1.3151,-0.3941,-0.2488,-0.2649,91,0.1200,91,0,1.0000,0.0000,0.0000,-4.3830,-3.8664,0.0756,-5.2459,-2.9121,0.0000,1,0.0944,0.0543,9.5217,-0.0015,1.000,70.00,342.76
9.6501,UKF,smooth,0.500,10.00,0.050,1,0.600,1,6.6000,9.2790,2.6791,1.8027,0.4160,0.1748,0.0893,6.0000,6.1718,1.6559,2.3546,0.6181,-128.1521,-26.5631,-129.7381,-26.7062,-129.5923,-26.9508,-128.4473,-26.8553,-124.1495,-26.8360,-1.5860,-0.1431,-1.4402,-0.3877,-0.2952,-0.2922,91,0.1300,91,0,1.0000,0.0000,0.0000,-4.4840,-3.9341,0.0645,-5.2526,-2.9001,0.0000,1,0.0944,0.0543,9.5217,-0.0015,1.000,70.00,342.76
9.6601,UKF,smooth,0.500,10.00,0.050,1,0.600,1,6.5988,9.2649,2.6661,1.8412,0.4160,0.1748,0.0893,6.0000,6.1718,1.6559,2.6397,0.6180,-128.0266,-26.5729,-129.7381,-26.7062,-129.5923,-26.9508,-128.3699,-26.8902,-124.0683,-26.9906,-1.7115,-0.1333,-1.5658,-0.3779,-0.3434,-0.3173,91,0.1400,91,0,1.0000,0.0000,0.0000,-4.5839,-4.0007,0.0484,-5.2592,-2.8880,0.0000,1,0.0944,0.0543,9.5217,-0.0015,1.000,70.00,342.76
9.6701,UKF,smooth,0.500,10.00,0.050,1,0.600,1,6.5965,8.9756,2.3791,1.5257,0.4170,0.1747,0.0903,6.0000,5.5799,1.1437,1.4103,0.6181,-127.9005,-26.5856,-128.6504,-26.5626,-128.4573,-26.6448,-127.7160,-26.7541,-121.4702,-26.8967,-0.7499,0.0230,-0.5568,-0.0592,0.1845,-0.1685,92,0.0600,92,0,1.0000,0.0000,0.0000,-4.6827,-4.0659,0.0275,-5.2659,-2.8758,0.0000,1,0.0944,0.0543,9.6087,-0.0015,1.000,70.00,342.76
9.6801,UKF,smooth,0.500,10.00,0.050,1,0.600,1,6.5930,8.9591,2.3661,1.5576,0.4170,0.1747,0.0903,6.0000,5.5799,1.1438,1.3828,0.6183,-127.7739,-26.6008,-128.6504,-26.5626,-128.4573,-26.6448,-127.6011,-26.7729,-121.3232,-27.0114,-0.8765,0.0383,-0.6834,-0.0439,0.1728,-0.1720,92,0.0700,92,0,1.0000,0.0000,0.0000,-4.7802,-4.1298,0.0019,-5.2726,-2.8636,0.0000,1,0.0944,0.0543,9.6087,-0.0015,1.000,70.00,342.76
9.6901,UKF,smooth,0.500,10.00,0.050,1,0.600,1,6.5884,8.9403,2.3518,1.5904,0.4170,0.1747,0.0903,6.0000,5.5799,1.1439,1.3472,0.6185,-127.6466,-26.6182,-128.6504,-26.5626,-128.4573,-26.6448,-127.4871,-26.7925,-121.1748,-27.1103,-1.0037,0.0556,-0.8106,-0.0266,0.1595,-0.1744,92,0.0800,92,0,1.0000,0.0000,0.0000,-4.8762,-4.1923,-0.0289,-5.2792,-2.8512,0.0000,1,0.0944,0.0543,9.6087,-0.0015,1.000,70.00,342.76
9.7001,UKF,smooth,0.500,10.00,0.050,1,0.600,1,6.5827,8.9190,2.3364,1.6242,0.4170,0.1747,0.0903,6.0000,5.5799,1.1442,1.2967,0.6188,-127.5187,-26.6369,-128.6504,-26.5626,-128.4573,-26.6448,-127.3741,-26.8109,-121.0255,-27.1845,-1.1316,0.0743,-0.9385,-0.0079,0.1447,-0.1740,92,0.0900,92,0,1.0000,0.0000,0.0000,-4.9704,-4.2529,-0.0666,-5.2859,-2.8389,0.0000,1,0.0944,0.0543,9.6087,-0.0015,1.000,70.00,342.76
9.7101,UKF,smooth,0.500,10.00,0.050,1,0.600,1,6.5757,8.8953,2.3196,1.6589,0.4170,0.1747,0.0903,6.0000,5.5799,1.1444,1.2054,0.6192,-127.3901,-26.6557,-128.6504,-26.5626,-128.4573,-26.6448,-127.2618,-26.8215,-120.8761,-27.1990,-1.2603,0.0931,-1.0671,0.0109,0.1283,-0.1657,92,0.1000,92,0,1.0000,0.0000,0.0000,-5.0606,-4.3104,-0.1189,-5.2926,-2.8264,0.0000,1,0.1141,0.0592,9.6087,-0.0009,1.000,70.00,342.76
9.7201,UKF,smooth,0.500,10.00,0.050,1,0.600,1,6.5703,8.8991,2.3288,1.6945,0.4170,0.1747,0.0903,6.0000,5.5799,1.1447,0.6688,0.6197,-127.2597,-26.6584,-128.6504,-26.5626,-128.4573,-26.6448,-127.1427,-26.6980,-120.8486,-26.4263,-1.3907,0.0958,-1.1976,0.0136,0.1170,-0.0397,92,0.1100,92,0,1.0000,0.0000,0.0000,-4.8879,-4.1803,-0.2174,-5.2993,-2.8139,0.0000,1,0.1141,0.0592,9.6087,-0.0009,1.000,70.00,342.76
9.7301,UKF,smooth,0.500,10.00,0.050,1,0.600,1,6.5672,8.9162,2.3491,1.7310,0.4170,0.1747,0.0902,6.0000,5.5799,1.1449,0.5621,0.6199,-127.1275,-26.6555,-128.6504,-26.5626,-128.4573,-26.6448,-127.0229,-26.6462,-120.8308,-26.1602,-1.5229,0.0929,-1.3298,0.0107,0.1046,0.0094,92,0.1200,92,0,1.0000,0.0000,0.0000,-4.6971,-4.0381,-0.1685,-5.3059,-2.8013,0.0000,1,0.1141,0.0592,9.6087,-0.0009,1.000,70.00,342.76
9.7401,UKF,smooth,0.500,10.00,0.050,1,0.600,1,6.5664,8.9382,2.3717,1.7683,0.4170,0.1747,0.0902,6.0000,5.5799,1.1450,0.5609,0.6200,-126.9936,-26.6486,-128.6504,-26.5626,-128.4573,-26.6448,-126.9033,-26.6010,-120.8124,-25.9674,-1.6567,0.0860,-1.4636,0.0038,0.0904,0.0476,92,0.1300,92,0,1.0000,0.0000,0.0000,-4.5123,-3.9007,-0.1039,-5.3126,-2.7886,0.0000,1,0.1141,0.0592,9.6087,-0.0009,1.000,70.00,342.76
9.7501,UKF,smooth,0.500,10.00,0.050,1,0.600,1,6.5680,8.9646,2.3966,1.8065,0.4170,0.1747,0.0902,6.0000,5.5799,1.1449,0.6062,0.6200,-126.8583,-26.6389,-128.6504,-26.5626,-128.4573,-26.6448,-126.7840,-26.5624,-120.7934,-25.8312,-1.7921,0.0763,-1.5990,-0.0059,0.0743,0.0765,92,0.1400,92,0,1.0000,0.0000,0.0000,-4.3331,-3.7678,-0.0279,-5.3193,-2.7758,0.0000,1,0.1141,0.0592,9.6087,-0.0009,1.000,70.00,342.76
9.7601,UKF,smooth,0.500,10.00,0.050,1,0.600,1,6.5719,8.9954,2.4235,1.8455,0.4170,0.1747,0.0902,6.0000,5.5799,1.1447,0.6200,0.6198,-126.7215,-26.6279,-128.6504,-26.5626,-128.4573,-26.6448,-126.6654,-26.5373,-120.7728,-25.7711,-1.9288,0.0653,-1.7357,-0.0169,0.0562,0.0906,92,0.1500,92,0,1.0000,0.0000,0.0000,-4.1622,-3.6412,0.0631,-5.3259,-2.7630,0.0000,1,0.1141,0.0592,9.6087,-0.0009,1.000,70.00,342.76
9.7701,UKF,smooth,0.500,10.00,0.050,1,0.600,1,6.5781,8.5593,1.9812,1.4731,0.4180,0.1734,0.0912,6.0000,5.1352,1.1082,1.6416,0.6193,-126.5836,-26.6193,-127.3901,-26.6557,-127.1837,-26.6392,-126.4492,-26.3726,-120.0074,-24.4544,-0.8065,-0.0365,-0.6000,-0.0200,0.1344,0.2466,93,0.0600,93,0,1.0000,0.0000,0.0000,-4.0133,-3.5305,0.1864,-5.3326,-2.7501,0.0000,1,0.1141,0.0592,9.7092,-0.0009,1.000,70.00,342.76
9.7801,UKF,smooth,0.500,10.00,0.050,1,0.600,1,6.5844,8.5530,1.9686,1.5042,0.4180,0.1734,0.0912,6.0000,5.1352,1.1081,1.4226,0.6187,-126.4453,-26.6238,-127.3901,-26.6557,-127.1837,-26.6392,-126.3276,-26.4106,-119.8840,-25.0174,-0.9448,-0.0319,-0.7383,-0.0154,0.1177,0.2132,93,0.0700,93,0,1.0000,0.0000,0.0000,-4.0612,-3.5559,0.3293,-5.3393,-2.7372,0.0000,1,0.1141,0.0592,9.7092,-0.0009,1.000,70.00,342.76
9.7901,UKF,smooth,0.500,10.00,0.050,1,0.600,1,6.5894,8.5357,1.9463,1.5363,0.4180,0.1734,0.0912,6.0000,5.1352,1.1080,1.4726,0.6183,-126.3069,-26.6306,-127.3901,-26.6557,-127.1837,-26.6392,-126.2084,-26.4008,-119.7347,-25.0811,-1.0832,-0.0251,-0.8767,-0.0086,0.0985,0.2298,93,0.0800,93,0,1.0000,0.0000,0.0000,-4.1672,-3.6208,0.2972,-5.3459,-2.7242,0.0000,1,0.1141,0.0592,9.7092,-0.0009,1.000,70.00,342.76
9.8001,UKF,smooth,0.500,10.00,0.050,1,0.600,1,6.5932,8.5154,1.9222,1.5693,0.4180,0.1734,0.0912,6.0000,5.1352,1.1079,1.6198,0.6179,-126.1683,-26.6371,-127.3901,-26.6557,-127.1837,-26.6392,-126.0902,-26.3755,-119.5866,-25.0191,-1.2218,-0.0187,-1.0154,-0.0022,0.0781,0.2616,93,0.0900,93,0,1.0000,0.0000,0.0000,-4.2659,-3.6805,0.2351,-5.3526,-2.7111,0.0000,1,0.1141,0.0592,9.7092,-0.0009,1.000,70.00,342.76
9.8101,UKF,smooth,0.500,10.00,0.050,1,0.600,1,6.5957,8.4926,1.8969,1.6033,0.4180,0.1734,0.0912,6.0000,5.1352,1.1079,1.8242,0.6177,-126.0293,-26.6421,-127.3901,-26.6557,-127.1837,-26.6392,-125.9731,-26.3413,-119.4388,-24.9042,-1.3608,-0.0137,-1.1543,0.0028,0.0563,0.3007,93,0.1000,93,0,1.0000,0.0000,0.0000,-4.3603,-3.7368,0.1625,-5.3592,-2.6979,0.0000,1,0.1141,0.0592,9.7092,-0.0009,1.000,70.00,342.76
9.8201,UKF,smooth,0.500,10.00,0.050,1,0.600,1,6.5969,8.4673,1.8705,1.6382,0.4180,0.1734,0.0912,6.0000,5.1352,1.1078,2.0700,0.6175,-125.8901,-26.6452,-127.3901,-26.6557,-127.1837,-26.6392,-125.8571,-26.3004,-119.2907,-24.7590,-1.5000,-0.0105,-1.2936,0.0059,0.0330,0.3448,93,0.1100,93,0,1.0000,0.0000,0.0000,-4.4521,-3.7909,0.0854,-5.3659,-2.6847,0.0000,1,0.1141,0.0592,9.7092,-0.0009,1.000,70.00,342.76
9.8301,UKF,smooth,0.500,10.00,0.050,1,0.600,1,6.5968,8.4397,1.8429,1.6740,0.4180,0.1734,0.0911,6.0000,5.1352,1.1078,2.3464,0.6175,-125.7504,-26.6461,-127.3901,-26.6557,-127.1837,-26.6392,-125.7421,-26.2540,-119.1419,-24.5949,-1.6398,-0.0096,-1.4333,0.0069,0.0082,0.3922,93,0.1200,93,0,1.0000,0.0000,0.0000,-4.5422,-3.8435,0.0064,-5.3725,-2.6714,0.0000,1,0.1076,0.0592,9.7092,0.0000,1.000,70.00,342.76
9.8401,UKF,smooth,0.500,10.00,0.050,1,0.600,1,6.5955,8.4096,1.8142,1.7108,0.4180,0.1734,0.0911,6.0000,5.1352,1.1079,2.6443,0.6176,-125.6102,-26.6450,-127.3901,-26.6557,-127.1837,-26.6392,-125.6283,-26.2032,-118.9919,-24.4199,-1.7799,-0.0108,-1.5735,0.0057,-0.0181,0.4417,93,0.1300,93,0,1.0000,0.0000,0.0000,-4.6313,-3.8950,-0.0725,-5.3791,-2.6580,0.0000,1,0.1076,0.0592,9.7092,0.0000,1.000,70.00,342.76
9.8501,UKF,smooth,0.500,10.00,0.050,1,0.600,1,6.5929,8.3773,1.7844,1.7484,0.4180,0.1734,0.0911,6.0000,5.1352,1.1079,2.9534,0.6179,-125.4695,-26.6417,-127.3901,-26.6557,-127.1837,-26.6392,-125.5156,-26.1497,-118.8404,-24.2426,-1.9206,-0.0140,-1.7141,0.0024,-0.0461,0.4919,93,0.1400,93,0,1.0000,0.0000,0.0000,-4.7201,-3.9458,-0.1497,-5.3857,-2.6446,0.0000,1,0.1076,0.0592,9.7092,0.0000,1.000,70.00,342.76
9.8601,UKF,smooth,0.500,10.00,0.050,1,0.600,1,6.5890,8.3426,1.7536,1.7868,0.4180,0.1734,0.0911,6.0000,5.1352,1.1079,3.2583,0.6182,-125.3283,-26.6367,-127.3901,-26.6557,-127.1837,-26.6392,-125.4041,-26.0963,-118.6869,-24.0755,-2.0618,-0.0191,-1.8554,-0.0026,-0.0758,0.5404,93,0.1500,93,0,1.0000,0.0000,0.0000,-4.8095,-3.9967,-0.2229,-5.3924,-2.6311,0.0000,1,0.1076,0.0592,9.7092,0.0000,1.000,70.00,342.76
9.8701,UKF,smooth,0.500,10.00,0.050,1,0.600,1,6.5840,8.3058,1.7218,1.8261,0.4180,0.1734,0.0911,6.0000,5.1352,1.1080,3.5272,0.6187,-125.1865,-26.6306,-127.3901,-26.6557,-127.1837,-26.6392,-125.2938,-26.0490,-118.5304,-23.9441,-2.2036,-0.0251,-1.9971,-0.0086,-0.1073,0.5817,93,0.1600,93,0,1.0000,0.0000,0.0000,-4.9010,-4.0486,-0.2877,-5.3990,-2.6175,0.0000,1,0.1076,0.0592,9.7092,0.0000,1.000,70.00,342.76
9.8801,UKF,smooth,0.500,10.00,0.050,1,0.600,1,6.5778,8.2674,1.6896,1.8662,0.4180,0.1734,0.0911,6.0000,5.1352,1.1081,3.6544,0.6192,-125.0441,-26.6257,-127.3901,-26.6557,-127.1837,-26.6392,-125.1851,-26.0281,-118.3688,-23.9341,-2.3460,-0.0300,-2.1396,-0.0135,-0.1410,0.5976,93,0.1700,93,0,1.0000,0.0000,0.0000,-4.9980,-4.1036,-0.3287,-5.4056,-2.6038,0.0000,1,0.1076,0.0592,9.7092,0.0000,1.000,70.00,342.76
9.8901,UKF,smooth,0.500,10.00,0.050,1,0.600,1,6.5719,8.0823,1.5104,1.4056,0.4176,0.1736,0.0908,6.0000,4.6021,1.4148,1.7078,0.6197,-124.9008,-26.6339,-125.7504,-26.6461,-125.7807,-26.4109,-124.9665,-26.3546,-117.5865,-25.5890,-0.8496,-0.0122,-0.8799,0.2231,-0.0657,0.2794,94,0.0600,94,0,1.0000,0.0000,0.0000,-5.0388,-4.1216,-0.1816,-5.4121,-2.5901,0.0000,1,0.1076,0.0592,9.8302,0.0000,1.000,70.00,342.76
9.9001,UKF,smooth,0.500,10.00,0.050,1,0.600,1,6.5683,8.0741,1.5058,1.4358,0.4176,0.1736,0.0908,6.0000,4.6021,1.4146,1.8153,0.6199,-124.7557,-26.6427,-125.7504,-26.6461,-125.7807,-26.4109,-124.8398,-26.3487,-117.5542,-25.6230,-0.9946,-0.0035,-1.0249,0.2318,-0.0841,0.2940,94,0.0700,94,0,1.0000,0.0000,0.0000,-4.8687,-4.0030,-0.0698,-5.4187,-2.5763,0.0000,1,0.1076,0.0592,9.8302,0.0000,1.000,70.00,342.76
9.9101,UKF,smooth,0.500,10.00,0.050,1,0.600,1,6.5671,8.0708,1.5036,1.4671,0.4176,0.1736,0.0908,6.0000,4.6021,1.4145,2.0098,0.6199,-124.6091,-26.6493,-125.7504,-26.6461,-125.7807,-26.4109,-124.7124,-26.3263,-117.5323,-25.5137,-1.1413,0.0032,-1.1716,0.2385,-0.1033,0.3230,94,0.0800,94,0,1.0000,0.0000,0.0000,-4.6861,-3.8768,0.0148,-5.4253,-2.5625,0.0000,1,0.1076,0.0592,9.8302,0.0000,1.000,70.00,342.76
9.9201,UKF,smooth,0.500,10.00,0.050,1,0.600,1,6.5683,8.0720,1.5037,1.4994,0.4176,0.1736,0.0908,6.0000,4.6021,1.4147,2.2522,0.6198,-124.4608,-26.6527,-125.7504,-26.6461,-125.7807,-26.4109,-124.5845,-26.2929,-117.5150,-25.3483,-1.2895,0.0066,-1.3198,0.2419,-0.1237,0.3598,94,0.0900,94,0,1.0000,0.0000,0.0000,-4.5006,-3.7493,0.0874,-5.4318,-2.5485,0.0000,1,0.1076,0.0592,9.8302,0.0000,1.000,70.00,342.76
9.9301,UKF,smooth,0.500,10.00,0.050,1,0.600,1,6.5718,8.0776,1.5058,1.5327,0.4176,0.1736,0.0908,6.0000,4.6021,1.4149,2.5344,0.6195,-124.3112,-26.6523,-125.7504,-26.6461,-125.7807,-26.4109,-124.4564,-26.2491,-117.5007,-25.1476,-1.4392,0.0061,-1.4695,0.2414,-0.1452,0.4032,94,0.1000,94,0,1.0000,0.0000,0.0000,-4.3141,-3.6217,0.1519,-5.4384,-2.5346,0.0000,1,0.1076,0.0592,9.8302,0.0000,1.000,70.00,342.76
9.9401,UKF,smooth,0.500,10.00,0.050,1,0.600,1,6.5776,8.0876,1.5100,1.5669,0.4176,0.1736,0.0908,6.0000,4.6021,1.4154,2.8642,0.6191,-124.1602,-26.6472,-125.7504,-26.6461,-125.7807,-26.4109,-124.3281,-26.1926,-117.4891,-24.9080,-1.5901,0.0010,-1.6204,0.2363,-0.1678,0.4546,94,0.1100,94,0,1.0000,0.0000,0.0000,-4.1266,-3.4943,0.2073,-5.4449,-2.5205,0.0000,1,0.0968,0.0415,9.8302,0.0010,1.000,70.00,342.76
9.9501,UKF,smooth,0.500,10.00,0.050,1,0.600,1,6.5821,8.0591,1.4770,1.6021,0.4176,0.1736,0.0908,6.0000,4.6021,1.4157,3.2355,0.6188,-124.0091,-26.6377,-125.7504,-26.6461,-125.7807,-26.4109,-124.2105,-26.1278,-117.3409,-24.6167,-1.7413,-0.0085,-1.7716,0.2268,-0.2014,0.5098,94,0.1200,94,0,1.0000,0.0000,0.0000,-4.2110,-3.5384,0.1034,-5.4514,-2.5064,0.0000,1,0.0968,0.0415,9.8302,0.0010,1.000,70.00,342.76
9.9601,UKF,smooth,0.500,10.00,0.050,1,0.600,1,6.5853,8.0282,1.4430,1.6382,0.4176,0.1736,0.0908,6.0000,4.6021,1.4159,3.3798,0.6186,-123.8578,-26.6284,-125.7504,-26.6461,-125.7807,-26.4109,-124.0952,-26.1050,-117.1813,-24.5752,-1.8926,-0.0178,-1.9229,0.2175,-0.2374,0.5234,94,0.1300,94,0,1.0000,0.0000,0.0000,-4.3145,-3.5941,0.0485,-5.4579,-2.4922,0.0000,1,0.0968,0.0415,9.8302,0.0010,1.000,70.00,342.76
9.9701,UKF,smooth,0.500,10.00,0.050,1,0.600,1,6.5872,7.9952,1.4080,1.6752,0.4176,0.1736,0.0908,6.0000,4.6021,1.4159,3.4881,0.6185,-123.7063,-26.6201,-125.7504,-26.6461,-125.7807,-26.4109,-123.9813,-26.0917,-117.0185,-24.5812,-2.0441,-0.0260,-2.0744,0.2093,-0.2750,0.5284,94,0.1400,94,0,1.0000,0.0000,0.0000,-4.4194,-3.6502,0.0035,-5.4644,-2.4779,0.0000,1,0.0968,0.0415,9.8302,0.0010,1.000,70.00,342.76
9.9801,UKF,smooth,0.500,10.00,0.050,1,0.600,1,6.5880,7.9602,1.3722,1.7131,0.4176,0.1736,0.0908,6.0000,4.6021,1.4160,3.5684,0.6185,-123.5545,-26.6136,-125.7504,-26.6461,-125.7807,-26.4109,-123.8690,-26.0879,-116.8530,-24.6274,-2.1958,-0.0325,-2.2261,0.2028,-0.3144,0.5257,94,0.1500,94,0,1.0000,0.0000,0.0000,-4.5251,-3.7063,-0.0336,-5.4709,-2.4636,0.0000,1,0.0968,0.0415,9.8302,0.0010,1.000,70.00,342.76
9.9901,UKF,smooth,0.500,10.00,0.050,1,0.600,1,6.5875,7.9079,1.3204,1.2939,0.4176,0.1731,0.0908,6.0000,4.2687,1.2060,1.9094,0.6186,-123.4024,-26.6095,-124.1602,-26.6472,-124.3332,-26.5180,-123.7094,-26.4469,-116.4713,-26.3471,-0.7578,-0.0377,-0.9308,0.0914,-0.3070,0.1625,95,0.0500,95,0,1.0000,0.0000,0.0000,-4.6312,-3.7622,-0.0624,-5.4774,-2.4492,0.0000,1,0.0968,0.0415,9.9412,0.0010,1.000,70.00,342.76
10.0001,UKF,smooth,0.500,10.00,0.050,1,0.600,1,6.5859,7.8802,1.2943,1.3221,0.4176,0.1731,0.0908,6.0000,4.2687,1.2059,2.0095,0.6187,-123.2500,-26.6084,-124.1602,-26.6472,-124.3332,-26.5180,-123.5889,-26.4638,-116.2915,-26.5107,-0.9103,-0.0388,-1.0833,0.0904,-0.3389,0.1446,95,0.0600,95,0,1.0000,0.0000,0.0000,-4.7376,-3.8178,-0.0814,-5.4838,-2.4347,0.0000,1,0.0968,0.0415,9.9412,0.0010,1.000,70.00,342.76
10.0101,UKF,smooth,0.500,10.00,0.050,1,0.600,1,6.5833,7.8507,1.2674,1.3513,0.4176,0.1731,0.0908,6.0000,4.2687,1.2057,2.1179,0.6189,-123.0971,-26.6116,-124.1602,-26.6472,-124.3332,-26.5180,-123.4696,-26.4920,-116.1082,-26.7418,-1.0632,-0.0356,-1.2362,0.0935,-0.3725,0.1195,95,0.0700,95,0,1.0000,0.0000,0.0000,-4.8440,-3.8730,-0.0870,-5.4902,-2.4202,0.0000,1,0.0968,0.0415,9.9412,0.0010,1.000,70.00,342.76
10.0201,UKF,smooth,0.500,10.00,0.050,1,0.600,1,6.5797,7.8199,1.2403,1.3816,0.4176,0.1731,0.0908,6.0000,4.2687,1.2056,2.2373,0.6191,-122.9437,-26.6205,-124.1602,-26.6472,-124.3332,-26.5180,-123.3516,-26.5384,-115.9222,-27.0808,-1.2166,-0.0267,-1.3896,0.1025,-0.4080,0.0821,95,0.0800,95,0,1.0000,0.0000,0.0000,-4.9491,-3.9269,-0.0705,-5.4967,-2.4056,0.0000,1,0.0968,0.0415,9.9412,0.0010,1.000,70.00,342.76
10.0301,UKF,smooth,0.500,10.00,0.050,1,0.600,1,6.5755,7.7906,1.2151,1.4130,0.4176,0.1731,0.0908,6.0000,4.2687,1.2054,2.3812,0.6193,-122.7896,-26.6390,-124.1602,-26.6472,-124.3332,-26.5180,-123.2345,-26.6225,-115.7399,-27.6528,-1.3706,-0.0082,-1.5436,0.1209,-0.4449,0.0164,95,0.0900,95,0,1.0000,0.0000,0.0000,-5.0416,-3.9729,0.0006,-5.5031,-2.3909,0.0000,1,0.0968,0.0415,9.9412,0.0010,1.000,70.00,342.76
10.0401,UKF,smooth,0.500,10.00,0.050,1,0.600,1,6.5735,7.7881,1.2146,1.4455,0.4176,0.1731,0.0908,6.0000,4.2687,1.2053,2.5420,0.6193,-122.6341,-26.6610,-124.1602,-26.6472,-124.3332,-26.5180,-123.1094,-26.6734,-115.7046,-27.8669,-1.5262,0.0138,-1.6992,0.1429,-0.4753,-0.0124,95,0.1000,95,0,1.0000,0.0000,0.0000,-4.8908,-3.8733,0.1375,-5.5094,-2.3762,0.0000,1,0.0904,0.0430,9.9412,-0.0011,1.000,70.00,342.76
10.0501,UKF,smooth,0.500,10.00,0.050,1,0.600,1,6.5737,7.7889,1.2152,1.4789,0.4176,0.1731,0.0908,6.0000,4.2687,1.2054,2.7300,0.6192,-122.4769,-26.6728,-124.1602,-26.6472,-124.3332,-26.5180,-122.9816,-26.6041,-115.7027,-27.2775,-1.6834,0.0256,-1.8564,0.1547,-0.5047,0.0687,95,0.1100,95,0,1.0000,0.0000,0.0000,-4.6871,-3.7429,0.1291,-5.5158,-2.3614,0.0000,1,0.0904,0.0430,9.9412,-0.0011,1.000,70.00,342.76
10.0601,UKF,smooth,0.500,10.00,0.050,1,0.600,1,6.5755,7.7883,1.2127,1.5133,0.4176,0.1731,0.0908,6.0000,4.2687,1.2055,3.1045,0.6191,-122.3182,-26.6697,-124.1602,-26.6472,-124.3332,-26.5180,-122.8541,-26.4708,-115.6937,-26.4123,-1.8420,0.0225,-2.0150,0.1517,-0.5359,0.1989,95,0.1200,95,0,1.0000,0.0000,0.0000,-4.5000,-3.6230,0.0509,-5.5221,-2.3465,0.0000,1,0.0904,0.0430,9.9412,-0.0011,1.000,70.00,342.76
10.0701,UKF,smooth,0.500,10.00,0.050,1,0.600,1,6.5781,7.7791,1.2010,1.5487,0.4176,0.1731,0.0908,6.0000,4.2687,1.2056,3.7754,0.6191,-122.1584,-26.6487,-124.1602,-26.6472,-124.3332,-26.5180,-122.7292,-26.2783,-115.6561,-25.3465,-2.0018,0.0015,-2.1748,0.1306,-0.5708,0.3703,95,0.1300,95,0,1.0000,0.0000,0.0000,-4.3700,-3.5370,-0.1003,-5.5285,-2.3316,0.0000,1,0.0904,0.0430,9.9412,-0.0011,1.000,70.00,342.76
10.0801,UKF,smooth,0.500,10.00,0.050,1,0.600,1,6.5794,7.7437,1.1643,1.5851,0.4176,0.1731,0.0908,6.0000,4.2687,1.2055,4.1264,0.6192,-121.9984,-26.6232,-124.1602,-26.6472,-124.3332,-26.5180,-122.6165,-26.2118,-115.5058,-25.0367,-2.1619,-0.0240,-2.3349,0.1051,-0.6182,0.4114,95,0.1400,95,0,1.0000,0.0000,0.0000,-4.4537,-3.5756,-0.2028,-5.5348,-2.3166,0.0000,1,0.0904,0.0430,9.9412,-0.0011,1.000,70.00,342.76
10.0901,UKF,smooth,0.500,10.00,0.050,1,0.600,1,6.5800,8.0032,1.4231,1.2284,0.4180,0.1722,0.0912,6.0000,5.1187,2.4854,3.3431,0.6193,-121.8381,-26.6073,-122.6341,-26.6610,-122.9031,-26.3224,-122.2793,-26.2121,-115.0121,-24.1720,-0.7960,-0.0536,-1.0650,0.2849,-0.4411,0.3952,96,0.0500,96,0,1.0000,0.0000,0.0000,-4.5536,-3.6233,-0.1333,-5.5410,-2.3015,0.0000,1,0.0904,0.0430,10.0390,-0.0011,1.000,70.00,342.76
10.1001,UKF,smooth,0.500,10.00,0.050,1,0.600,1,6.5804,7.9892,1.4088,1.2561,0.4180,0.1722,0.0912,6.0000,5.1187,2.4854,3.3424,0.6193,-121.6775,-26.6030,-122.6341,-26.6610,-122.9031,-26.3224,-122.1477,-26.2358,-114.8633,-24.6969,-0.9566,-0.0579,-1.2256,0.2806,-0.4702,0.3672,96,0.0600,96,0,1.0000,0.0000,0.0000,-4.6360,-3.6605,-0.0288,-5.5473,-2.2864,0.0000,1,0.0904,0.0430,10.0390,-0.0011,1.000,70.00,342.76
10.1101,UKF,smooth,0.500,10.00,0.050,1,0.600,1,6.5804,7.9747,1.3943,1.2849,0.4180,0.1722,0.0913,6.0000,5.1187,2.4854,3.3398,0.6192,-121.5164,-26.6103,-122.6341,-26.6610,-122.9031,-26.3224,-122.0177,-26.2783,-114.7145,-25.2434,-1.1177,-0.0507,-1.3867,0.2879,-0.5013,0.3320,96,0.0700,96,0,1.0000,0.0000,0.0000,-4.7172,-3.6966,0.0756,-5.5535,-2.2712,0.0000,1,0.0904,0.0430,10.0390,-0.0011,1.000,70.00,342.76
10.1201,UKF,smooth,0.500,10.00,0.050,1,0.600,1,6.5799,7.9579,1.3780,1.3149,0.4180,0.1722,0.0913,6.0000,5.1187,2.4855,3.3685,0.6191,-121.3549,-26.6277,-122.6341,-26.6610,-122.9031,-26.3224,-121.8896,-26.3311,-114.5596,-25.7464,-1.2791,-0.0333,-1.5481,0.3053,-0.5347,0.2966,96,0.0800,96,0,1.0000,0.0000,0.0000,-4.8093,-3.7385,0.1572,-5.5598,-2.2559,0.0000,1,0.0904,0.0430,10.0390,-0.0011,1.000,70.00,342.76
10.1301,UKF,smooth,0.500,10.00,0.050,1,0.600,1,6.5785,7.9361,1.3576,1.3459,0.4180,0.1722,0.0913,6.0000,5.1187,2.4855,3.4877,0.6191,-121.1930,-26.6513,-122.6341,-26.6610,-122.9031,-26.3224,-121.7638,-26.3701,-114.3953,-26.0549,-1.4410,-0.0097,-1.7100,0.3289,-0.5707,0.2811,96,0.0900,96,0,1.0000,0.0000,0.0000,-4.9169,-3.7887,0.1777,-5.5660,-2.2406,0.0000,1,0.0904,0.0430,10.0390,-0.0011,1.000,70.00,342.76
10.1401,UKF,smooth,0.500,10.00,0.050,1,0.600,1,6.5759,7.9099,1.3340,1.3779,0.4180,0.1722,0.0913,6.0000,5.1187,2.4854,3.8690,0.6191,-121.0306,-26.6691,-122.6341,-26.6610,-122.9031,-26.3224,-121.6384,-26.3194,-114.2470,-25.7269,-1.6035,0.0081,-1.8725,0.3467,-0.6079,0.3497,96,0.1000,96,0,1.0000,0.0000,0.0000,-4.9912,-3.8198,0.0646,-5.5721,-2.2252,0.0000,1,0.0947,0.0537,10.0390,-0.0003,1.000,70.00,342.76
10.1501,UKF,smooth,0.500,10.00,0.050,1,0.600,1,6.5737,7.8996,1.3259,1.4110,0.4180,0.1722,0.0913,6.0000,5.1187,2.4852,4.6453,0.6193,-120.8668,-26.6686,-122.6341,-26.6610,-122.9031,-26.3224,-121.5064,-26.1445,-114.1941,-24.7072,-1.7673,0.0077,-2.0363,0.3462,-0.6396,0.5241,96,0.1100,96,0,1.0000,0.0000,0.0000,-4.8822,-3.7488,-0.1029,-5.5783,-2.2097,0.0000,1,0.0947,0.0537,10.0390,-0.0003,1.000,70.00,342.76
10.1601,UKF,smooth,0.500,10.00,0.050,1,0.600,1,6.5733,7.9070,1.3337,1.4450,0.4180,0.1722,0.0913,6.0000,5.1187,2.4851,5.3721,0.6195,-120.7015,-26.6545,-122.6341,-26.6610,-122.9031,-26.3224,-121.3706,-25.9862,-114.1888,-23.9480,-1.9326,-0.0064,-2.2016,0.3321,-0.6691,0.6683,96,0.1200,96,0,1.0000,0.0000,0.0000,-4.6846,-3.6293,-0.1615,-5.5844,-2.1942,0.0000,1,0.0947,0.0537,10.0390,-0.0003,1.000,70.00,342.76
10.1701,UKF,smooth,0.500,10.00,0.050,1,0.600,1,6.5752,7.9241,1.3489,1.4801,0.4180,0.1722,0.0913,6.0000,5.1187,2.4850,5.8401,0.6195,-120.5348,-26.6340,-122.6341,-26.6610,-122.9031,-26.3224,-121.2345,-25.8863,-114.1870,-23.6087,-2.0993,-0.0269,-2.3683,0.3116,-0.6997,0.7477,96,0.1300,96,0,1.0000,0.0000,0.0000,-4.4831,-3.5082,-0.1238,-5.5905,-2.1786,0.0000,1,0.0947,0.0537,10.0390,-0.0003,1.000,70.00,342.76
10.1801,UKF,smooth,0.500,10.00,0.050,1,0.600,1,6.5792,7.9420,1.3628,1.5161,0.4180,0.1722,0.0913,6.0000,5.1187,2.4853,5.7320,0.6193,-120.3670,-26.6200,-122.6341,-26.6610,-122.9031,-26.3224,-121.1029,-25.9254,-114.1510,-23.9735,-2.2670,-0.0410,-2.5360,0.2976,-0.7358,0.6946,96,0.1400,96,0,1.0000,0.0000,0.0000,-4.3590,-3.4300,0.0332,-5.5966,-2.1629,0.0000,1,0.0947,0.0537,10.0390,-0.0003,1.000,70.00,342.76
10.1901,UKF,smooth,0.500,10.00,0.050,1,0.600,1,6.5826,7.9256,1.3430,1.5532,0.4180,0.1722,0.0914,6.0000,5.1187,2.4855,5.5013,0.6191,-120.1992,-26.6167,-122.6341,-26.6610,-122.9031,-26.3224,-120.9855,-26.0262,-114.0168,-24.5340,-2.4349,-0.0442,-2.7039,0.2943,-0.7864,0.5905,96,0.1500,96,0,1.0000,0.0000,0.0000,-4.4535,-3.4703,0.1212,-5.6026,-2.1472,0.0000,1,0.0947,0.0537,10.0390,-0.0003,1.000,70.00,342.76
10.2001,UKF,smooth,0.500,10.00,0.050,1,0.600,1,6.5850,8.2507,1.6657,1.2591,0.4169,0.1723,0.0903,6.0000,6.1101,2.9400,3.5804,0.6189,-120.0312,-26.6188,-121.0306,-26.6691,-121.2144,-26.2061,-120.3622,-26.0990,-112.5479,-24.5679,-0.9994,-0.0502,-1.1832,0.4127,-0.3310,0.5198,97,0.0600,97,0,1.0000,0.0000,0.0000,-4.5673,-3.5206,0.1295,-5.6086,-2.1314,0.0000,1,0.0947,0.0537,10.1398,-0.0003,1.000,70.00,342.76
10.2101,UKF,smooth,0.500,10.00,0.050,1,0.600,1,6.5863,8.2430,1.6567,1.2887,0.4169,0.1723,0.0903,6.0000,6.1101,2.9401,3.7051,0.6187,-119.8630,-26.6238,-121.0306,-26.6691,-121.2144,-26.2061,-120.2103,-26.0883,-112.3852,-24.6523,-1.1675,-0.0452,-1.3514,0.4178,-0.3473,0.5355,97,0.0700,97,0,1.0000,0.0000,0.0000,-4.6794,-3.5694,0.1068,-5.6146,-2.1156,0.0000,1,0.0947,0.0537,10.1398,-0.0003,1.000,70.00,342.76
10.2201,UKF,smooth,0.500,10.00,0.050,1,0.600,1,6.5863,8.2327,1.6464,1.3194,0.4169,0.1723,0.0903,6.0000,6.1101,2.9402,3.8703,0.6187,-119.6946,-26.6302,-121.0306,-26.6691,-121.2144,-26.2061,-120.0604,-26.0725,-112.2230,-24.6724,-1.3360,-0.0389,-1.5198,0.4241,-0.3659,0.5577,97,0.0800,97,0,1.0000,0.0000,0.0000,-4.7879,-3.6159,0.0670,-5.6206,-2.0997,0.0000,1,0.0947,0.0537,10.1398,-0.0003,1.000,70.00,342.76
10.2301,UKF,smooth,0.500,10.00,0.050,1,0.600,1,6.5851,8.2198,1.6347,1.3511,0.4169,0.1723,0.0903,6.0000,6.1101,2.9401,4.0726,0.6187,-119.5258,-26.6369,-121.0306,-26.6691,-121.2144,-26.2061,-119.9126,-26.0510,-112.0613,-24.6442,-1.5048,-0.0321,-1.6886,0.4308,-0.3868,0.5859,97,0.0900,97,0,1.0000,0.0000,0.0000,-4.8930,-3.6601,0.0158,-5.6266,-2.0837,0.0000,1,0.0947,0.0537,10.1398,-0.0003,1.000,70.00,342.76
10.2401,UKF,smooth,0.500,10.00,0.050,1,0.600,1,6.5827,8.2045,1.6218,1.3839,0.4169,0.1723,0.0903,6.0000,6.1101,2.9399,4.3126,0.6189,-119.3565,-26.6431,-121.0306,-26.6691,-121.2144,-26.2061,-119.7666,-26.0230,-111.9004,-24.5740,-1.6740,-0.0259,-1.8579,0.4371,-0.4101,0.6201,97,0.1000,97,0,1.0000,0.0000,0.0000,-4.9945,-3.7021,-0.0443,-5.6325,-2.0677,0.0000,1,0.0970,0.0454,10.1398,-0.0015,1.000,70.00,342.76
10.2501,UKF,smooth,0.500,10.00,0.050,1,0.600,1,6.5791,8.1868,1.6077,1.4177,0.4169,0.1723,0.0903,6.0000,6.1101,2.9397,4.5952,0.6192,-119.1867,-26.6480,-121.0306,-26.6691,-121.2144,-26.2061,-119.6226,-25.9867,-111.7405,-24.4603,-1.8438,-0.0210,-2.0277,0.4420,-0.4358,0.6613,97,0.1100,97,0,1.0000,0.0000,0.0000,-5.0923,-3.7416,-0.1125,-5.6383,-2.0516,0.0000,1,0.0970,0.0454,10.1398,-0.0015,1.000,70.00,342.76
10.2601,UKF,smooth,0.500,10.00,0.050,1,0.600,1,6.5743,8.1667,1.5925,1.4525,0.4169,0.1723,0.0904,6.0000,6.1101,2.9393,4.9514,0.6196,-119.0164,-26.6503,-121.0306,-26.6691,-121.2144,-26.2061,-119.4802,-25.9347,-111.5833,-24.2716,-2.0141,-0.0188,-2.1980,0.4442,-0.4637,0.7156,97,0.1200,97,0,1.0000,0.0000,0.0000,-5.1834,-3.7772,-0.1944,-5.6442,-2.0354,0.0000,1,0.0970,0.0454,10.1398,-0.0015,1.000,70.00,342.76
10.2701,UKF,smooth,0.500,10.00,0.050,1,0.600,1,6.5718,8.1911,1.6193,1.4881,0.4169,0.1723,0.0904,6.0000,6.1101,2.9390,5.3735,0.6198,-118.8444,-26.6477,-121.0306,-26.6691,-121.2144,-26.2061,-119.3263,-25.8604,-111.5850,-24.0409,-2.1861,-0.0214,-2.3700,0.4416,-0.4819,0.7874,97,0.1300,97,0,1.0000,0.0000,0.0000,-4.9792,-3.6616,-0.1367,-5.6500,-2.0192,0.0000,1,0.0970,0.0454,10.1398,-0.0015,1.000,70.00,342.76
10.2801,UKF,smooth,0.500,10.00,0.050,1,0.600,1,6.5717,8.2201,1.6484,1.5248,0.4169,0.1723,0.0904,6.0000,6.1101,2.9390,5.7017,0.6198,-118.6710,-26.6424,-121.0306,-26.6691,-121.2144,-26.2061,-119.1735,-25.8028,-111.5834,-23.9197,-2.3596,-0.0266,-2.5434,0.4364,-0.5025,0.8396,97,0.1400,97,0,1.0000,0.0000,0.0000,-4.7845,-3.5516,-0.0578,-5.6558,-2.0029,0.0000,1,0.0970,0.0454,10.1398,-0.0015,1.000,70.00,342.76
10.2901,UKF,smooth,0.500,10.00,0.050,1,0.600,1,6.5740,8.4508,1.8769,1.2814,0.4157,0.1726,0.0893,6.0000,6.6405,2.8636,3.5251,0.6197,-118.4962,-26.6362,-119.3565,-26.6431,-119.5455,-26.1953,-118.7457,-26.0910,-110.8117,-24.9593,-0.8603,-0.0070,-1.0493,0.4409,-0.2495,0.5452,98,0.0500,98,0,1.0000,0.0000,0.0000,-4.5996,-3.4471,0.0370,-5.6616,-1.9866,0.0000,1,0.0970,0.0454,10.2386,-0.0015,1.000,70.00,342.76
10.3001,UKF,smooth,0.500,10.00,0.050,1,0.600,1,6.5784,8.4718,1.8934,1.3114,0.4157,0.1726,0.0893,6.0000,6.6405,2.8640,3.5432,0.6194,-118.3204,-26.6331,-119.3565,-26.6431,-119.5455,-26.1953,-118.5796,-26.0883,-110.7751,-25.0947,-1.0362,-0.0101,-1.2252,0.4378,-0.2592,0.5448,98,0.0600,98,0,1.0000,0.0000,0.0000,-4.4444,-3.3582,0.1689,-5.6673,-1.9702,0.0000,1,0.0970,0.0454,10.2386,-0.0015,1.000,70.00,342.76
10.3101,UKF,smooth,0.500,10.00,0.050,1,0.600,1,6.5820,8.4752,1.8931,1.3424,0.4157,0.1726,0.0893,6.0000,6.6405,2.8643,3.4610,0.6191,-118.1445,-26.6378,-119.3565,-26.6431,-119.5455,-26.1953,-118.4205,-26.1148,-110.6237,-25.3936,-1.2121,-0.0054,-1.4011,0.4425,-0.2760,0.5230,98,0.0700,98,0,1.0000,0.0000,0.0000,-4.5566,-3.4022,0.2099,-5.6730,-1.9537,0.0000,1,0.0970,0.0454,10.2386,-0.0015,1.000,70.00,342.76
10.3201,UKF,smooth,0.500,10.00,0.050,1,0.600,1,6.5844,8.4737,1.8893,1.3744,0.4157,0.1726,0.0894,6.0000,6.6405,2.8645,3.5784,0.6188,-117.9684,-26.6428,-119.3565,-26.6431,-119.5455,-26.1953,-118.2638,-26.1064,-110.4730,-25.3889,-1.3881,-0.0003,-1.5771,0.4476,-0.2954,0.5364,98,0.0800,98,0,1.0000,0.0000,0.0000,-4.6663,-3.4445,0.1579,-5.6787,-1.9372,0.0000,1,0.0970,0.0454,10.2386,-0.0015,1.000,70.00,342.76
10.3301,UKF,smooth,0.500,10.00,0.050,1,0.600,1,6.5855,8.4696,1.8841,1.4074,0.4157,0.1726,0.0894,6.0000,6.6405,2.8646,3.7590,0.6187,-117.7921,-26.6466,-119.3565,-26.6431,-119.5455,-26.1953,-118.1094,-26.0862,-110.3249,-25.3082,-1.5644,0.0034,-1.7534,0.4513,-0.3172,0.5604,98,0.0900,98,0,1.0000,0.0000,0.0000,-4.7691,-3.4830,0.0876,-5.6843,-1.9206,0.0000,1,0.0970,0.0454,10.2386,-0.0015,1.000,70.00,342.76
10.3401,UKF,smooth,0.500,10.00,0.050,1,0.600,1,6.5853,8.4631,1.8777,1.4413,0.4157,0.1726,0.0894,6.0000,6.6405,2.8645,3.9764,0.6188,-117.6156,-26.6483,-119.3565,-26.6431,-119.5455,-26.1953,-117.9571,-26.0583,-110.1783,-25.1932,-1.7409,0.0051,-1.9300,0.4530,-0.3415,0.5900,98,0.1000,98,0,1.0000,0.0000,0.0000,-4.8682,-3.5193,0.0106,-5.6899,-1.9040,0.0000,1,0.0993,0.0409,10.2386,-0.0007,1.000,70.00,342.76
10.3501,UKF,smooth,0.500,10.00,0.050,1,0.600,1,6.5839,8.4542,1.8703,1.4762,0.4157,0.1726,0.0894,6.0000,6.6405,2.8644,4.2173,0.6189,-117.4387,-26.6478,-119.3565,-26.6431,-119.5455,-26.1953,-117.8071,-26.0249,-110.0324,-25.0623,-1.9178,0.0046,-2.1068,0.4525,-0.3684,0.6228,98,0.1100,98,0,1.0000,0.0000,0.0000,-4.9654,-3.5542,-0.0683,-5.6955,-1.8873,0.0000,1,0.0993,0.0409,10.2386,-0.0007,1.000,70.00,342.76
10.3601,UKF,smooth,0.500,10.00,0.050,1,0.600,1,6.5813,8.4430,1.8617,1.5120,0.4157,0.1726,0.0894,6.0000,6.6405,2.8642,4.4670,0.6192,-117.2614,-26.6451,-119.3565,-26.6431,-119.5455,-26.1953,-117.6594,-25.9892,-109.8865,-24.9323,-2.0951,0.0020,-2.2842,0.4499,-0.3980,0.6559,98,0.1200,98,0,1.0000,0.0000,0.0000,-5.0624,-3.5886,-0.1451,-5.7010,-1.8705,0.0000,1,0.0993,0.0409,10.2386,-0.0007,1.000,70.00,342.76
10.3701,UKF,smooth,0.500,10.00,0.050,1,0.600,1,6.5775,8.4296,1.8521,1.5488,0.4157,0.1726,0.0895,6.0000,6.6405,2.8638,4.6905,0.6195,-117.0836,-26.6412,-119.3565,-26.6431,-119.5455,-26.1953,-117.5140,-25.9588,-109.7391,-24.8387,-2.2730,-0.0019,-2.4620,0.4460,-0.4305,0.6825,98,0.1300,98,0,1.0000,0.0000,0.0000,-5.1622,-3.6238,-0.2123,-5.7065,-1.8537,0.0000,1,0.0993,0.0409,10.2386,-0.0007,1.000,70.00,342.76
10.3801,UKF,smooth,0.500,10.00,0.050,1,0.600,1,6.5727,8.4175,1.8448,1.5864,0.4157,0.1726,0.0895,6.0000,6.6405,2.8634,4.5636,0.6199,-116.9053,-26.6432,-119.3565,-26.6431,-119.5455,-26.1953,-117.3714,-26.0050,-109.5861,-25.0968,-2.4512,0.0001,-2.6402,0.4480,-0.4661,0.6382,98,0.1400,98,0,1.0000,0.0000,0.0000,-5.2729,-3.6637,-0.1942,-5.7119,-1.8368,0.0000,1,0.0993,0.0409,10.2386,-0.0007,1.000,70.00,342.76
10.3901,UKF,smooth,0.500,10.00,0.050,1,0.600,1,6.5703,8.5234,1.9531,1.3403,0.4153,0.1728,0.0891,6.0000,6.5735,1.5938,1.8806,0.6201,-116.7255,-26.6448,-117.6156,-26.6483,-117.8644,-26.5014,-117.0602,-26.5488,-109.0388,-27.3172,-0.8901,-0.0035,-1.1389,0.1434,-0.3348,0.0960,99,0.0500,99,0,1.0000,0.0000,0.0000,-5.0850,-3.5642,-0.0914,-5.7174,-1.8199,0.0000,1,0.0993,0.0409,10.3394,-0.0007,1.000,70.00,342.76
10.4001,UKF,smooth,0.500,10.00,0.050,1,0.600,1,6.5703,8.5421,1.9719,1.3712,0.4153,0.1728,0.0891,6.0000,6.5735,1.5938,1.9527,0.6201,-116.5442,-26.6447,-117.6156,-26.6483,-117.8644,-26.5014,-116.8974,-26.5622,-109.0179,-27.2586,-1.0714,-0.0036,-1.3202,0.1433,-0.3532,0.0825,99,0.0600,99,0,1.0000,0.0000,0.0000,-4.8920,-3.4629,-0.0017,-5.7227,-1.8028,0.0000,1,0.0993,0.0409,10.3394,-0.0007,1.000,70.00,342.76
10.4101,UKF,smooth,0.500,10.00,0.050,1,0.600,1,6.5726,8.5655,1.9929,1.4030,0.4153,0.1728,0.0892,6.0000,6.5735,1.5938,2.0425,0.6200,-116.3616,-26.6430,-117.6156,-26.6483,-117.8644,-26.5014,-116.7355,-26.5735,-108.9989,-27.2027,-1.2540,-0.0052,-1.5027,0.1416,-0.3739,0.0696,99,0.0700,99,0,1.0000,0.0000,0.0000,-4.7010,-3.3633,0.0878,-5.7281,-1.7858,0.0000,1,0.0993,0.0409,10.3394,-0.0007,1.000,70.00,342.76
10.4201,UKF,smooth,0.500,10.00,0.050,1,0.600,1,6.5773,8.5933,2.0160,1.4357,0.4153,0.1728,0.0892,6.0000,6.5735,1.5941,2.1439,0.6196,-116.1780,-26.6412,-117.6156,-26.6483,-117.8644,-26.5014,-116.5749,-26.5911,-108.9782,-27.2052,-1.4376,-0.0071,-1.6864,0.1398,-0.3969,0.0501,99,0.0800,99,0,1.0000,0.0000,0.0000,-4.5197,-3.2687,0.1901,-5.7334,-1.7687,0.0000,1,0.0993,0.0409,10.3394,-0.0007,1.000,70.00,342.76
10.4301,UKF,smooth,0.500,10.00,0.050,1,0.600,1,6.5810,8.5961,2.0151,1.4694,0.4153,0.1728,0.0892,6.0000,6.5735,1.5944,2.2975,0.6193,-115.9943,-26.6462,-117.6156,-26.6483,-117.8644,-26.5014,-116.4238,-26.6563,-108.8350,-27.5092,-1.6213,-0.0021,-1.8701,0.1448,-0.4295,-0.0101,99,0.0900,99,0,1.0000,0.0000,0.0000,-4.6365,-3.3089,0.2171,-5.7387,-1.7515,0.0000,1,0.0993,0.0409,10.3394,-0.0007,1.000,70.00,342.76
10.4401,UKF,smooth,0.500,10.00,0.050,1,0.600,1,6.5834,8.5937,2.0103,1.5040,0.4153,0.1728,0.0893,6.0000,6.5735,1.5945,2.4864,0.6191,-115.8105,-26.6498,-117.6156,-26.6483,-117.8644,-26.5014,-116.2750,-26.6694,-108.6966,-27.4778,-1.8051,0.0015,-2.0539,0.1484,-0.4645,-0.0196,99,0.1000,99,0,1.0000,0.0000,0.0000,-4.7421,-3.3437,0.1463,-5.7439,-1.7343,0.0000,1,0.0857,0.0576,10.3394,-0.0006,1.000,70.00,342.76
10.4501,UKF,smooth,0.500,10.00,0.050,1,0.600,1,6.5846,8.5888,2.0042,1.5395,0.4153,0.1728,0.0893,6.0000,6.5735,1.5945,2.6870,0.6190,-115.6265,-26.6511,-117.6156,-26.6483,-117.8644,-26.5014,-116.1285,-26.6721,-108.5605,-27.4008,-1.9891,0.0028,-2.2379,0.1497,-0.5021,-0.0210,99,0.1100,99,0,1.0000,0.0000,0.0000,-4.8425,-3.3757,0.0657,-5.7491,-1.7170,0.0000,1,0.0857,0.0576,10.3394,-0.0006,1.000,70.00,342.76
10.4601,UKF,smooth,0.500,10.00,0.050,1,0.600,1,6.5845,8.5816,1.9971,1.5759,0.4153,0.1728,0.0893,6.0000,6.5735,1.5945,2.9013,0.6190,-115.4423,-26.6499,-117.6156,-26.6483,-117.8644,-26.5014,-115.9845,-26.6697,-108.4253,-27.3122,-2.1733,0.0016,-2.4221,0.1485,-0.5422,-0.0198,99,0.1200,99,0,1.0000,0.0000,0.0000,-4.9412,-3.4065,-0.0160,-5.7542,-1.6996,0.0000,1,0.0857,0.0576,10.3394,-0.0006,1.000,70.00,342.76
10.4701,UKF,smooth,0.500,10.00,0.050,1,0.600,1,6.5831,8.5720,1.9888,1.6132,0.4153,0.1728,0.0893,6.0000,6.5735,1.5944,3.1306,0.6192,-115.2577,-26.6465,-117.6156,-26.6483,-117.8644,-26.5014,-115.8428,-26.6661,-108.2903,-27.2302,-2.3578,-0.0018,-2.6066,0.1451,-0.5851,-0.0196,99,0.1300,99,0,1.0000,0.0000,0.0000,-5.0403,-3.4370,-0.0946,-5.7593,-1.6822,0.0000,1,0.0857,0.0576,10.3394,-0.0006,1.000,70.00,342.76
10.4801,UKF,smooth,0.500,10.00,0.050,1,0.600,1,6.5806,8.5601,1.9795,1.6512,0.4153,0.1728,0.0894,6.0000,6.5735,1.5941,3.3769,0.6194,-115.0728,-26.6416,-117.6156,-26.6483,-117.8644,-26.5014,-115.7038,-26.6670,-108.1545,-27.1788,-2.5428,-0.0067,-2.7916,0.1402,-0.6309,-0.0254,99,0.1400,99,0,1.0000,0.0000,0.0000,-5.1416,-3.4681,-0.1649,-5.7644,-1.6648,0.0000,1,0.0857,0.0576,10.3394,-0.0006,1.000,70.00,342.76
10.4901,UKF,smooth,0.500,10.00,0.050,1,0.600,1,6.5769,8.5464,1.9695,1.6901,0.4153,0.1728,0.0894,6.0000,6.5735,1.5939,3.6481,0.6198,-114.8875,-26.6371,-117.6156,-26.6483,-117.8644,-26.5014,-115.5674,-26.6889,-108.0157,-27.2221,-2.7281,-0.0111,-2.9769,0.1357,-0.6799,-0.0517,99,0.1500,99,0,1.0000,0.0000,0.0000,-5.2493,-3.5014,-0.2129,-5.7694,-1.6473,0.0000,1,0.0857,0.0576,10.3394,-0.0006,1.000,70.00,342.76
10.5001,UKF,smooth,0.500,10.00,0.050,1,0.600,1,6.5728,8.7184,2.1456,1.4096,0.4151,0.1734,0.0892,6.0000,7.0244,1.1543,0.7803,0.6201,-114.7017,-26.6439,-115.8105,-26.6498,-115.7014,-26.4832,-114.6107,-26.5420,-105.2547,-26.5557,-1.1088,-0.0059,-0.9997,0.1607,0.0910,0.1020,100,0.0600,100,0,1.0000,0.0000,0.0000,-5.3348,-3.5249,-0.1112,-5.7744,-1.6297,0.0000,1,0.0857,0.0576,10.4395,-0.0006,1.000,70.00,342.76
10.5101,UKF,smooth,0.500,10.00,0.050,1,0.600,1,6.5712,8.7409,2.1698,1.4415,0.4151,0.1734,0.0892,6.0000,7.0244,1.1543,0.7845,0.6202,-114.5143,-26.6511,-115.8105,-26.6498,-115.7014,-26.4832,-114.4191,-26.5513,-105.2321,-26.5772,-1.2962,0.0013,-1.1871,0.1679,0.0951,0.0998,100,0.0700,100,0,1.0000,0.0000,0.0000,-5.1493,-3.4342,-0.0012,-5.7794,-1.6121,0.0000,1,0.0857,0.0576,10.4395,-0.0006,1.000,70.00,342.76
10.5201,UKF,smooth,0.500,10.00,0.050,1,0.600,1,6.5719,8.7683,2.1964,1.4742,0.4151,0.1734,0.0893,6.0000,7.0244,1.1544,0.8551,0.6202,-114.3256,-26.6554,-115.8105,-26.6498,-115.7014,-26.4832,-114.2289,-26.5415,-105.2221,-26.4675,-1.4849,0.0056,-1.3758,0.1722,0.0966,0.1139,100,0.0800,100,0,1.0000,0.0000,0.0000,-4.9476,-3.3373,0.0758,-5.7843,-1.5944,0.0000,1,0.0857,0.0576,10.4395,-0.0006,1.000,70.00,342.76
10.5301,UKF,smooth,0.500,10.00,0.050,1,0.600,1,6.5749,8.8000,2.2251,1.5079,0.4151,0.1734,0.0893,6.0000,7.0244,1.1545,0.9761,0.6199,-114.1356,-26.6550,-115.8105,-26.6498,-115.7014,-26.4832,-114.0403,-26.5159,-105.2178,-26.2878,-1.6749,0.0052,-1.5658,0.1718,0.0953,0.1391,100,0.0900,100,0,1.0000,0.0000,0.0000,-4.7407,-3.2391,0.1334,-5.7891,-1.5767,0.0000,1,0.0836,0.0413,10.4395,-0.0006,1.000,70.00,342.76
10.5401,UKF,smooth,0.500,10.00,0.050,1,0.600,1,6.5798,8.8317,2.2519,1.5424,0.4151,0.1734,0.0893,6.0000,7.0244,1.1548,1.4095,0.6196,-113.9445,-26.6416,-115.8105,-26.6498,-115.7014,-26.4832,-113.8535,-26.4206,-105.2169,-25.7631,-1.8660,-0.0082,-1.7569,0.1585,0.0910,0.2211,100,0.1000,100,0,1.0000,0.0000,0.0000,-4.5328,-3.1411,0.0835,-5.7940,-1.5589,0.0000,1,0.0836,0.0413,10.4395,-0.0006,1.000,70.00,342.76
10.5501,UKF,smooth,0.500,10.00,0.050,1,0.600,1,6.5835,8.8328,2.2493,1.5778,0.4151,0.1734,0.0894,6.0000,7.0244,1.1549,1.3037,0.6194,-113.7535,-26.6295,-115.8105,-26.6498,-115.7014,-26.4832,-113.6767,-26.4227,-105.0502,-25.7982,-2.0570,-0.0203,-1.9479,0.1463,0.0768,0.2068,100,0.1100,100,0,1.0000,0.0000,0.0000,-4.6497,-3.1753,0.0406,-5.7987,-1.5410,0.0000,1,0.0836,0.0413,10.4395,-0.0006,1.000,70.00,342.76
10.5601,UKF,smooth,0.500,10.00,0.050,1,0.600,1,6.5860,8.8318,2.2459,1.6141,0.4151,0.1734,0.0894,6.0000,7.0244,1.1550,1.1545,0.6193,-113.5625,-26.6195,-115.8105,-26.6498,-115.7014,-26.4832,-113.5026,-26.4341,-104.8823,-25.8710,-2.2479,-0.0303,-2.1389,0.1363,0.0600,0.1854,100,0.1200,100,0,1.0000,0.0000,0.0000,-4.7676,-3.2095,0.0079,-5.8035,-1.5231,0.0000,1,0.0836,0.0413,10.4395,-0.0006,1.000,70.00,342.76
10.5701,UKF,smooth,0.500,10.00,0.050,1,0.600,1,6.5873,8.8289,2.2416,1.6513,0.4151,0.1734,0.0894,6.0000,7.0244,1.1550,0.9732,0.6193,-113.3715,-26.6120,-115.8105,-26.6498,-115.7014,-26.4832,-113.3310,-26.4534,-104.7137,-25.9696,-2.4390,-0.0378,-2.3299,0.1288,0.0405,0.1586,100,0.1300,100,0,1.0000,0.0000,0.0000,-4.8854,-3.2431,-0.0183,-5.8081,-1.5052,0.0000,1,0.0836,0.0413,10.4395,-0.0006,1.000,70.00,342.76
10.5801,UKF,smooth,0.500,10.00,0.050,1,0.600,1,6.5874,8.7375,2.1501,1.3986,0.4148,0.1744,0.0891,6.0000,6.7273,1.9514,2.1260,0.6194,-113.1803,-26.6075,-114.1356,-26.6550,-113.7724,-26.6881,-112.8154,-26.7488,-103.0909,-27.0078,-0.9552,-0.0475,-0.5921,-0.0805,0.3649,-0.1413,101,0.0500,101,0,1.0000,0.0000,0.0000,-5.0030,-3.2761,-0.0384,-5.8128,-1.4872,0.0000,1,0.0836,0.0413,10.5295,-0.0006,1.000,70.00,342.76
10.5901,UKF,smooth,0.500,10.00,0.050,1,0.600,1,6.5865,8.7384,2.1519,1.4294,0.4148,0.1744,0.0891,6.0000,6.7273,1.9514,2.2302,0.6195,-112.9890,-26.6066,-114.1356,-26.6550,-113.7724,-26.6881,-112.6183,-26.7779,-102.8863,-27.1567,-1.1466,-0.0484,-0.7834,-0.0815,0.3706,-0.1713,101,0.0600,101,0,1.0000,0.0000,0.0000,-5.1202,-3.3085,-0.0521,-5.8174,-1.4692,0.0000,1,0.0836,0.0413,10.5295,-0.0006,1.000,70.00,342.76
10.6001,UKF,smooth,0.500,10.00,0.050,1,0.600,1,6.5845,8.7373,2.1528,1.4611,0.4148,0.1744,0.0892,6.0000,6.7273,1.9515,2.3450,0.6197,-112.7973,-26.6097,-114.1356,-26.6550,-113.7724,-26.6881,-112.4236,-26.8152,-102.6803,-27.3359,-1.3383,-0.0453,-0.9751,-0.0784,0.3737,-0.2055,101,0.0700,101,0,1.0000,0.0000,0.0000,-5.2368,-3.3402,-0.0581,-5.8219,-1.4510,0.0000,1,0.0836,0.0413,10.5295,-0.0006,1.000,70.00,342.76
10.6101,UKF,smooth,0.500,10.00,0.050,1,0.600,1,6.5815,8.7346,2.1532,1.4938,0.4148,0.1744,0.0892,6.0000,6.7273,1.9516,2.4808,0.6199,-112.6053,-26.6176,-114.1356,-26.6550,-113.7724,-26.6881,-112.2312,-26.8633,-102.4731,-27.5552,-1.5303,-0.0374,-1.1671,-0.0704,0.3741,-0.2457,101,0.0800,101,0,1.0000,0.0000,0.0000,-5.3526,-3.3710,-0.0536,-5.8264,-1.4329,0.0000,1,0.0836,0.0413,10.5295,-0.0006,1.000,70.00,342.76
10.6201,UKF,smooth,0.500,10.00,0.050,1,0.600,1,6.5776,8.7309,2.1533,1.5273,0.4148,0.1744,0.0892,6.0000,6.7273,1.9518,2.6593,0.6201,-112.4128,-26.6317,-114.1356,-26.6550,-113.7724,-26.6881,-112.0409,-26.9273,-102.2654,-27.8377,-1.7228,-0.0234,-1.3596,-0.0564,0.3719,-0.2956,101,0.0900,101,0,1.0000,0.0000,0.0000,-5.4662,-3.4005,-0.0318,-5.8308,-1.4147,0.0000,1,0.1111,0.0551,10.5295,0.0008,1.000,70.00,342.76
10.6301,UKF,smooth,0.500,10.00,0.050,1,0.600,1,6.5731,8.7289,2.1558,1.5618,0.4148,0.1744,0.0893,6.0000,6.7273,1.9519,2.9582,0.6203,-112.2198,-26.6551,-114.1356,-26.6550,-113.7724,-26.6881,-111.8525,-27.0255,-102.0650,-28.2743,-1.9158,0.0001,-1.5526,-0.0329,0.3673,-0.3703,101,0.1000,101,0,1.0000,0.0000,0.0000,-5.5664,-3.4245,0.0398,-5.8352,-1.3964,0.0000,1,0.1111,0.0551,10.5295,0.0008,1.000,70.00,342.76
10.6401,UKF,smooth,0.500,10.00,0.050,1,0.600,1,6.5710,8.7583,2.1873,1.5971,0.4148,0.1744,0.0893,6.0000,6.7273,1.9520,2.8377,0.6203,-112.0252,-26.6739,-114.1356,-26.6550,-113.7724,-26.6881,-111.6599,-27.0186,-102.0779,-28.0725,-2.1104,0.0189,-1.7472,-0.0142,0.3653,-0.3447,101,0.1100,101,0,1.0000,0.0000,0.0000,-5.3512,-3.3312,0.0984,-5.8396,-1.3781,0.0000,1,0.1111,0.0551,10.5295,0.0008,1.000,70.00,342.76
10.6501,UKF,smooth,0.500,10.00,0.050,1,0.600,1,6.5710,8.7892,2.2181,1.6334,0.4148,0.1744,0.0894,6.0000,6.7273,1.9520,2.5019,0.6203,-111.8291,-26.6818,-114.1356,-26.6550,-113.7724,-26.6881,-111.4691,-26.9494,-102.0982,-27.6039,-2.3065,0.0267,-1.9433,-0.0063,0.3601,-0.2677,101,0.1200,101,0,1.0000,0.0000,0.0000,-5.1294,-3.2361,0.0821,-5.8439,-1.3598,0.0000,1,0.1111,0.0551,10.5295,0.0008,1.000,70.00,342.76
10.6601,UKF,smooth,0.500,10.00,0.050,1,0.600,1,6.5730,8.8211,2.2482,1.6704,0.4148,0.1744,0.0894,6.0000,6.7273,1.9520,2.1199,0.6202,-111.6318,-26.6763,-114.1356,-26.6550,-113.7724,-26.6881,-111.2804,-26.8410,-102.1154,-27.0281,-2.5038,0.0213,-2.1406,-0.0118,0.3514,-0.1648,101,0.1300,101,0,1.0000,0.0000,0.0000,-4.9158,-3.1449,0.0302,-5.8481,-1.3414,0.0000,1,0.1111,0.0551,10.5295,0.0008,1.000,70.00,342.76
10.6701,UKF,smooth,0.500,10.00,0.050,1,0.600,1,6.5763,8.8499,2.2737,1.7083,0.4148,0.1744,0.0894,6.0000,6.7273,1.9520,1.8187,0.6201,-111.4335,-26.6545,-114.1356,-26.6550,-113.7724,-26.6881,-111.0947,-26.6822,-102.1186,-26.3145,-2.7021,-0.0005,-2.3389,-0.0335,0.3388,-0.0277,101,0.1400,101,0,1.0000,0.0000,0.0000,-4.7288,-3.0639,-0.0747,-5.8523,-1.3229,0.0000,1,0.1111,0.0551,10.5295,0.0008,1.000,70.00,342.76
10.6801,UKF,smooth,0.500,10.00,0.050,1,0.600,1,6.5783,8.9673,2.3891,1.4326,0.4145,0.1751,0.0892,6.0000,7.1405,2.5085,2.0222,0.6202,-111.2352,-26.6297,-112.4128,-26.6317,-112.0408,-26.8875,-110.9367,-26.8375,-102.3316,-26.1932,-1.1776,-0.0020,-0.8056,-0.2578,0.2985,-0.2078,102,0.0600,102,0,1.0000,0.0000,0.0000,-4.8288,-3.0856,-0.1631,-5.8565,-1.3044,0.0000,1,0.1111,0.0551,10.6209,0.0008,1.000,70.00,342.76
10.6901,UKF,smooth,0.500,10.00,0.050,1,0.600,1,6.5795,8.9760,2.3965,1.4639,0.4145,0.1751,0.0893,6.0000,7.1405,2.5086,2.1522,0.6203,-111.0368,-26.6131,-112.4128,-26.6317,-112.0408,-26.8875,-110.7569,-26.8718,-102.1688,-26.4990,-1.3760,-0.0186,-1.0040,-0.2744,0.2799,-0.2587,102,0.0700,102,0,1.0000,0.0000,0.0000,-4.9444,-3.1124,-0.1141,-5.8606,-1.2859,0.0000,1,0.1111,0.0551,10.6209,0.0008,1.000,70.00,342.76
10.7001,UKF,smooth,0.500,10.00,0.050,1,0.600,1,6.5802,8.9847,2.4045,1.4961,0.4145,0.1751,0.0893,6.0000,7.1405,2.5086,2.3634,0.6203,-110.8384,-26.6062,-112.4128,-26.6317,-112.0408,-26.8875,-110.5798,-26.9268,-102.0105,-26.8766,-1.5744,-0.0254,-1.2024,-0.2813,0.2586,-0.3206,102,0.0800,102,0,1.0000,0.0000,0.0000,-5.0507,-3.1354,-0.0409,-5.8646,-1.2673,0.0000,1,0.1111,0.0551,10.6209,0.0008,1.000,70.00,342.76
10.7101,UKF,smooth,0.500,10.00,0.050,1,0.600,1,6.5803,8.9924,2.4122,1.5292,0.4145,0.1751,0.0894,6.0000,7.1405,2.5086,2.6329,0.6203,-110.6398,-26.6092,-112.4128,-26.6317,-112.0408,-26.8875,-110.4053,-26.9964,-101.8530,-27.2714,-1.7730,-0.0224,-1.4010,-0.2783,0.2345,-0.3872,102,0.0900,102,0,1.0000,0.0000,0.0000,-5.1551,-3.1573,0.0341,-5.8686,-1.2486,0.0000,1,0.1111,0.0551,10.6209,0.0008,1.000,70.00,342.76
10.7201,UKF,smooth,0.500,10.00,0.050,1,0.600,1,6.5797,8.9983,2.4186,1.5633,0.4145,0.1751,0.0894,6.0000,7.1405,2.5086,2.9324,0.6203,-110.4409,-26.6213,-112.4128,-26.6317,-112.0408,-26.8875,-110.2335,-27.0752,-101.6940,-27.6532,-1.9719,-0.0104,-1.5998,-0.2662,0.2075,-0.4539,102,0.1000,102,0,1.0000,0.0000,0.0000,-5.2626,-3.1798,0.0985,-5.8726,-1.2299,0.0000,1,0.1111,0.0551,10.6209,0.0008,1.000,70.00,342.76
10.7302,UKF,smooth,0.500,10.00,0.050,1,0.600,1,6.5783,9.0011,2.4227,1.5982,0.4145,0.1751,0.0895,6.0000,7.1405,2.5087,3.2126,0.6203,-110.2418,-26.6408,-112.4128,-26.6317,-112.0408,-26.8875,-110.0643,-27.1539,-101.5315,-27.9812,-2.1710,0.0091,-1.7990,-0.2467,0.1775,-0.5132,102,0.1100,102,0,1.0000,0.0000,0.0000,-5.3761,-3.2039,0.1382,-5.8765,-1.2112,0.0000,1,0.1111,0.0551,10.6209,0.0008,1.000,70.00,342.76
10.7402,UKF,smooth,0.500,10.00,0.050,1,0.600,1,6.5759,8.9990,2.4231,1.6340,0.4145,0.1751,0.0895,6.0000,7.1405,2.5088,3.3519,0.6203,-110.0423,-26.6637,-112.4128,-26.6317,-112.0408,-26.8875,-109.8978,-27.2090,-101.3670,-28.1555,-2.3705,0.0320,-1.9985,-0.2238,0.1445,-0.5453,102,0.1200,102,0,1.0000,0.0000,0.0000,-5.4928,-3.2286,0.1250,-5.8803,-1.1924,0.0000,1,0.0864,0.0424,10.6209,0.0004,1.000,70.00,342.76
10.7502,UKF,smooth,0.500,10.00,0.050,1,0.600,1,6.5724,8.9952,2.4228,1.6707,0.4145,0.1751,0.0895,6.0000,7.1405,2.5089,2.8718,0.6205,-109.8422,-26.6771,-112.4128,-26.6317,-112.0408,-26.8875,-109.7320,-27.1470,-101.2388,-27.7759,-2.5706,0.0455,-2.1986,-0.2104,0.1101,-0.4699,102,0.1300,102,0,1.0000,0.0000,0.0000,-5.5423,-3.2306,-0.0188,-5.8841,-1.1736,0.0000,1,0.0864,0.0424,10.6209,0.0004,1.000,70.00,342.76
10.7602,UKF,smooth,0.500,10.00,0.050,1,0.600,1,6.5705,9.0253,2.4548,1.7081,0.4145,0.1751,0.0896,6.0000,7.1405,2.5092,2.0201,0.6207,-109.6406,-26.6746,-112.4128,-26.6317,-112.0408,-26.8875,-109.5615,-27.0048,-101.2473,-27.0915,-2.7722,0.0429,-2.4002,-0.2129,0.0792,-0.3302,102,0.1400,102,0,1.0000,0.0000,0.0000,-5.3405,-3.1508,-0.1120,-5.8878,-1.1547,0.0000,1,0.0864,0.0424,10.6209,0.0004,1.000,70.00,342.76
10.7702,UKF,smooth,0.500,10.00,0.050,1,0.600,1,6.5707,9.0675,2.4968,1.7464,0.4145,0.1751,0.0896,6.0000,7.1405,2.5093,1.4607,0.6208,-109.4378,-26.6619,-112.4128,-26.6317,-112.0408,-26.8875,-109.3923,-26.9027,-101.2695,-26.6538,-2.9750,0.0302,-2.6030,-0.2256,0.0455,-0.2408,102,0.1500,102,0,1.0000,0.0000,0.0000,-5.1159,-3.0643,-0.1192,-5.8915,-1.1358,0.0000,1,0.0864,0.0424,10.6209,0.0004,1.000,70.00,342.76
10.7802,UKF,smooth,0.500,10.00,0.050,1,0.600,1,6.5733,9.1170,2.5437,1.7854,0.4145,0.1751,0.0897,6.0000,7.1405,2.5093,1.1966,0.6208,-109.2339,-26.6440,-112.4128,-26.6317,-112.0408,-26.8875,-109.2255,-26.8439,-101.2882,-26.4332,-3.1789,0.0124,-2.8069,-0.2435,0.0084,-0.1999,102,0.1600,102,0,1.0000,0.0000,0.0000,-4.9001,-2.9814,-0.0673,-5.8951,-1.1168,0.0000,1,0.0864,0.0424,10.6209,0.0004,1.000,70.00,342.76
10.7902,UKF,smooth,0.500,10.00,0.050,1,0.600,1,6.5779,9.2195,2.6416,1.4712,0.4139,0.1762,0.0891,6.0000,7.5002,2.1750,2.4354,0.6205,-109.0292,-26.6331,-110.0423,-26.6637,-110.0367,-27.0272,-109.2449,-26.9918,-102.1322,-26.2738,-1.0131,-0.0306,-1.0074,-0.3941,-0.2157,-0.3587,103,0.0500,103,0,1.0000,0.0000,0.0000,-4.7723,-2.9270,0.0933,-5.8987,-1.0978,0.0000,1,0.0864,0.0424,10.7406,0.0004,1.000,70.00,342.76
10.8002,UKF,smooth,0.500,10.00,0.050,1,0.600,1,6.5816,9.2347,2.6531,1.5025,0.4139,0.1762,0.0892,6.0000,7.5002,2.1747,2.7000,0.6203,-108.8247,-26.6296,-110.0423,-26.6637,-110.0367,-27.0272,-109.0930,-27.0122,-102.0161,-26.5302,-1.2175,-0.0341,-1.2119,-0.3976,-0.2683,-0.3826,103,0.0600,103,0,1.0000,0.0000,0.0000,-4.8927,-2.9497,0.1303,-5.9022,-1.0788,0.0000,1,0.0864,0.0424,10.7406,0.0004,1.000,70.00,342.76
10.8102,UKF,smooth,0.500,10.00,0.050,1,0.600,1,6.5841,9.2462,2.6621,1.5347,0.4139,0.1762,0.0892,6.0000,7.5002,2.1745,2.9237,0.6201,-108.6203,-26.6296,-110.0423,-26.6637,-110.0367,-27.0272,-108.9443,-27.0236,-101.9001,-26.6523,-1.4220,-0.0341,-1.4163,-0.3976,-0.3239,-0.3941,103,0.0700,103,0,1.0000,0.0000,0.0000,-5.0153,-2.9727,0.1150,-5.9057,-1.0597,0.0000,1,0.0864,0.0424,10.7406,0.0004,1.000,70.00,342.76
10.8202,UKF,smooth,0.500,10.00,0.050,1,0.600,1,6.5855,9.2551,2.6696,1.5678,0.4139,0.1762,0.0893,6.0000,7.5002,2.1744,3.1465,0.6200,-108.4159,-26.6315,-110.0423,-26.6637,-110.0367,-27.0272,-108.7985,-27.0316,-101.7860,-26.7236,-1.6264,-0.0322,-1.6208,-0.3957,-0.3826,-0.4001,103,0.0800,103,0,1.0000,0.0000,0.0000,-5.1348,-2.9942,0.0819,-5.9091,-1.0405,0.0000,1,0.0864,0.0424,10.7406,0.0004,1.000,70.00,342.76
10.8302,UKF,smooth,0.500,10.00,0.050,1,0.600,1,6.5857,9.2615,2.6758,1.6019,0.4139,0.1762,0.0893,6.0000,7.5002,2.1744,3.3814,0.6200,-108.2114,-26.6345,-110.0423,-26.6637,-110.0367,-27.0272,-108.6557,-27.0373,-101.6739,-26.7675,-1.8309,-0.0292,-1.8253,-0.3927,-0.4444,-0.4028,103,0.0900,103,0,1.0000,0.0000,0.0000,-5.2514,-3.0143,0.0401,-5.9124,-1.0214,0.0000,1,0.0939,0.0538,10.7406,0.0020,1.000,70.00,342.76
10.8402,UKF,smooth,0.500,10.00,0.050,1,0.600,1,6.5847,9.2655,2.6808,1.6368,0.4139,0.1762,0.0894,6.0000,7.5002,2.1745,3.6348,0.6201,-108.0066,-26.6382,-110.0423,-26.6637,-110.0367,-27.0272,-108.5159,-27.0415,-101.5636,-26.7950,-2.0356,-0.0255,-2.0300,-0.3890,-0.5093,-0.4033,103,0.1000,103,0,1.0000,0.0000,0.0000,-5.3657,-3.0333,-0.0066,-5.9157,-1.0021,0.0000,1,0.0939,0.0538,10.7406,0.0020,1.000,70.00,342.76
10.8502,UKF,smooth,0.500,10.00,0.050,1,0.600,1,6.5826,9.2671,2.6846,1.6726,0.4139,0.1762,0.0894,6.0000,7.5002,2.1747,3.9113,0.6203,-107.8016,-26.6423,-110.0423,-26.6637,-110.0367,-27.0272,-108.3790,-27.0449,-101.4549,-26.8138,-2.2406,-0.0214,-2.2350,-0.3849,-0.5774,-0.4026,103,0.1100,103,0,1.0000,0.0000,0.0000,-5.4784,-3.0513,-0.0556,-5.9189,-0.9829,0.0000,1,0.0939,0.0538,10.7406,0.0020,1.000,70.00,342.76
10.8602,UKF,smooth,0.500,10.00,0.050,1,0.600,1,6.5792,9.2665,2.6873,1.7092,0.4139,0.1762,0.0895,6.0000,7.5002,2.1749,4.2157,0.6205,-107.5963,-26.6468,-110.0423,-26.6637,-110.0367,-27.0272,-108.2450,-27.0488,-101.3478,-26.8325,-2.4460,-0.0169,-2.4404,-0.3804,-0.6487,-0.4020,103,0.1200,103,0,1.0000,0.0000,0.0000,-5.5900,-3.0685,-0.1044,-5.9221,-0.9636,0.0000,1,0.0939,0.0538,10.7406,0.0020,1.000,70.00,342.76
10.8702,UKF,smooth,0.500,10.00,0.050,1,0.600,1,6.5747,9.2638,2.6891,1.7466,0.4139,0.1762,0.0895,6.0000,7.5002,2.1753,4.5604,0.6209,-107.3906,-26.6522,-110.0423,-26.6637,-110.0367,-27.0272,-108.1140,-27.0578,-101.2419,-26.8720,-2.6517,-0.0115,-2.6461,-0.3750,-0.7234,-0.4057,103,0.1300,103,0,1.0000,0.0000,0.0000,-5.7021,-3.0853,-0.1473,-5.9252,-0.9442,0.0000,1,0.0939,0.0538,10.7406,0.0020,1.000,70.00,342.76
10.8802,UKF,smooth,0.500,10.00,0.050,1,0.600,1,6.5695,9.2649,2.6954,1.7849,0.4139,0.1762,0.0895,6.0000,7.5002,2.1756,5.1269,0.6212,-107.1843,-26.6655,-110.0423,-26.6637,-110.0367,-27.0272,-107.9858,-27.1384,-101.1377,-27.2157,-2.8580,0.0018,-2.8523,-0.3617,-0.8014,-0.4729,103,0.1400,103,0,1.0000,0.0000,0.0000,-5.8122,-3.1011,-0.0979,-5.9283,-0.9249,0.0000,1,0.0939,0.0538,10.7406,0.0020,1.000,70.00,342.76
10.8902,UKF,smooth,0.500,10.00,0.050,1,0.600,1,6.5667,9.0219,2.4552,1.5218,0.4134,0.1769,0.0891,6.0000,7.0627,0.8429,0.5730,0.6214,-106.9766,-26.6734,-108.2114,-26.6345,-108.1166,-26.7468,-107.0818,-26.6551,-98.1819,-25.2980,-1.2348,0.0389,-1.1400,-0.0734,-0.1052,0.0184,104,0.0600,104,0,1.0000,0.0000,0.0000,-5.5876,-3.0243,-0.0460,-5.9313,-0.9054,0.0000,1,0.0939,0.0538,10.8321,0.0020,1.000,70.00,342.76
10.9002,UKF,smooth,0.500,10.00,0.050,1,0.600,1,6.5662,9.0437,2.4775,1.5538,0.4134,0.1769,0.0892,6.0000,7.0627,0.8430,0.8207,0.6215,-106.7675,-26.6753,-108.2114,-26.6345,-108.1166,-26.7468,-106.8983,-26.6036,-98.1795,-25.0631,-1.4439,0.0407,-1.3491,-0.0715,-0.1308,0.0717,104,0.0700,104,0,1.0000,0.0000,0.0000,-5.3631,-2.9483,-0.0022,-5.9342,-0.8860,0.0000,1,0.0939,0.0538,10.8321,0.0020,1.000,70.00,342.76
10.9102,UKF,smooth,0.500,10.00,0.050,1,0.600,1,6.5680,9.0700,2.5019,1.5867,0.4134,0.1769,0.0892,6.0000,7.0627,0.8429,1.1455,0.6214,-106.5573,-26.6709,-108.2114,-26.6345,-108.1166,-26.7468,-106.7167,-26.5431,-98.1790,-24.8241,-1.6541,0.0364,-1.5593,-0.0759,-0.1595,0.1278,104,0.0800,104,0,1.0000,0.0000,0.0000,-5.1403,-2.8736,0.0394,-5.9371,-0.8665,0.0000,1,0.0939,0.0538,10.8321,0.0020,1.000,70.00,342.76
10.9202,UKF,smooth,0.500,10.00,0.050,1,0.600,1,6.5722,9.1008,2.5285,1.6205,0.4134,0.1769,0.0893,6.0000,7.0627,0.8427,1.5077,0.6212,-106.3461,-26.6606,-108.2114,-26.6345,-108.1166,-26.7468,-106.5371,-26.4753,-98.1800,-24.5911,-1.8653,0.0261,-1.7705,-0.0862,-0.1910,0.1853,104,0.0900,104,0,1.0000,0.0000,0.0000,-4.9198,-2.8002,0.0817,-5.9399,-0.8469,0.0000,1,0.0939,0.0538,10.8321,0.0020,1.000,70.00,342.76
10.9302,UKF,smooth,0.500,10.00,0.050,1,0.600,1,6.5787,9.1363,2.5576,1.6552,0.4134,0.1769,0.0893,6.0000,7.0627,0.8423,1.8468,0.6208,-106.1341,-26.6462,-108.2114,-26.6345,-108.1166,-26.7468,-106.3597,-26.4125,-98.1797,-24.4306,-2.0772,0.0116,-1.9825,-0.1006,-0.2255,0.2336,104,0.1000,104,0,1.0000,0.0000,0.0000,-4.7073,-2.7298,0.1435,-5.9427,-0.8274,0.0000,1,0.1079,0.0511,10.8321,0.0010,1.000,70.00,342.76
10.9402,UKF,smooth,0.500,10.00,0.050,1,0.600,1,6.5840,9.1381,2.5541,1.6908,0.4134,0.1769,0.0894,6.0000,7.0627,0.8421,2.0550,0.6205,-105.9225,-26.6336,-108.2114,-26.6345,-108.1166,-26.7468,-106.1928,-26.3896,-98.0372,-24.4564,-2.2888,-0.0010,-2.1941,-0.1132,-0.2702,0.2439,104,0.1100,104,0,1.0000,0.0000,0.0000,-4.8313,-2.7463,0.1074,-5.9454,-0.8078,0.0000,1,0.1079,0.0511,10.8321,0.0010,1.000,70.00,342.76
10.9502,UKF,smooth,0.500,10.00,0.050,1,0.600,1,6.5880,9.1375,2.5495,1.7272,0.4134,0.1769,0.0894,6.0000,7.0627,0.8419,2.2834,0.6203,-105.7112,-26.6227,-108.2114,-26.6345,-108.1166,-26.7468,-106.0289,-26.3681,-97.8956,-24.4788,-2.5002,-0.0118,-2.4054,-0.1241,-0.3178,0.2545,104,0.1200,104,0,1.0000,0.0000,0.0000,-4.9540,-2.7619,0.0702,-5.9480,-0.7881,0.0000,1,0.1079,0.0511,10.8321,0.0010,1.000,70.00,342.76
10.9602,UKF,smooth,0.500,10.00,0.050,1,0.600,1,6.5909,9.1347,2.5438,1.7644,0.4134,0.1769,0.0895,6.0000,7.0627,0.8418,2.5252,0.6202,-105.4999,-26.6135,-108.2114,-26.6345,-108.1166,-26.7468,-105.8681,-26.3498,-97.7547,-24.5072,-2.7114,-0.0210,-2.6166,-0.1333,-0.3682,0.2637,104,0.1300,104,0,1.0000,0.0000,0.0000,-5.0758,-2.7769,0.0346,-5.9506,-0.7684,0.0000,1,0.1079,0.0511,10.8321,0.0010,1.000,70.00,342.76
10.9702,UKF,smooth,0.500,10.00,0.050,1,0.600,1,6.5926,9.1297,2.5371,1.8024,0.4134,0.1769,0.0895,6.0000,7.0627,0.8417,2.7782,0.6201,-105.2888,-26.6063,-108.2114,-26.6345,-108.1166,-26.7468,-105.7104,-26.3357,-97.6145,-24.5452,-2.9226,-0.0282,-2.8278,-0.1405,-0.4216,0.2707,104,0.1400,104,0,1.0000,0.0000,0.0000,-5.1970,-2.7912,0.0014,-5.9531,-0.7487,0.0000,1,0.1079,0.0511,10.8321,0.0010,1.000,70.00,342.76
10.9802,UKF,smooth,0.500,10.00,0.050,1,0.600,1,6.5931,9.1226,2.5295,1.8413,0.4134,0.1769,0.0896,6.0000,7.0627,0.8418,3.0415,0.6201,-105.0777,-26.6013,-108.2114,-26.6345,-108.1166,-26.7468,-105.5555,-26.3266,-97.4750,-24.5957,-3.1337,-0.0332,-3.0389,-0.1455,-0.4779,0.2747,104,0.1500,104,0,1.0000,0.0000,0.0000,-5.3175,-2.8048,-0.0286,-5.9556,-0.7290,0.0000,1,0.1079,0.0511,10.8321,0.0010,1.000,70.00,342.76
10.9902,UKF,smooth,0.500,10.00,0.050,1,0.600,1,6.5925,9.2362,2.6437,1.5127,0.4130,0.1775,0.0892,6.0000,7.1635,1.2116,2.4574,0.6202,-104.8664,-26.5986,-106.1341,-26.6462,-106.1747,-26.4470,-105.1875,-26.3052,-96.8602,-24.8334,-1.2677,-0.0475,-1.3083,0.1516,-0.3211,0.2934,105,0.0600,105,0,1.0000,0.0000,0.0000,-5.4376,-2.8178,-0.0549,-5.9579,-0.7092,0.0000,1,0.1079,0.0511,10.9311,0.0010,1.000,70.00,342.76
11.0002,UKF,smooth,0.500,10.00,0.050,1,0.600,1,6.5907,9.2380,2.6473,1.5443,0.4130,0.1775,0.0893,6.0000,7.1635,1.2114,2.6695,0.6204,-104.6550,-26.5988,-106.1341,-26.6462,-106.1747,-26.4470,-105.0183,-26.2933,-96.7123,-24.9049,-1.4791,-0.0474,-1.5197,0.1517,-0.3633,0.3055,105,0.0700,105,0,1.0000,0.0000,0.0000,-5.5572,-2.8302,-0.0763,-5.9603,-0.6893,0.0000,1,0.1079,0.0511,10.9311,0.0010,1.000,70.00,342.76
11.0102,UKF,smooth,0.500,10.00,0.050,1,0.600,1,6.5879,9.2378,2.6498,1.5768,0.4130,0.1775,0.0893,6.0000,7.1635,1.2111,2.8854,0.6207,-104.4434,-26.6021,-106.1341,-26.6462,-106.1747,-26.4470,-104.8521,-26.2879,-96.5648,-24.9993,-1.6908,-0.0441,-1.7313,0.1551,-0.4087,0.3141,105,0.0800,105,0,1.0000,0.0000,0.0000,-5.6764,-2.8420,-0.0915,-5.9625,-0.6695,0.0000,1,0.1079,0.0511,10.9311,0.0010,1.000,70.00,342.76
11.0202,UKF,smooth,0.500,10.00,0.050,1,0.600,1,6.5841,9.2358,2.6517,1.6102,0.4130,0.1775,0.0894,6.0000,7.1635,1.2108,3.1016,0.6210,-104.2314,-26.6093,-106.1341,-26.6462,-106.1747,-26.4470,-104.6888,-26.2914,-96.4178,-25.1259,-1.9028,-0.0369,-1.9433,0.1623,-0.4574,0.3179,105,0.0900,105,0,1.0000,0.0000,0.0000,-5.7951,-2.8531,-0.0980,-5.9647,-0.6496,0.0000,1,0.1079,0.0511,10.9311,0.0010,1.000,70.00,342.76
11.0302,UKF,smooth,0.500,10.00,0.050,1,0.600,1,6.5793,9.2324,2.6531,1.6445,0.4130,0.1775,0.0895,6.0000,7.1635,1.2105,3.3110,0.6213,-104.0190,-26.6215,-106.1341,-26.6462,-106.1747,-26.4470,-104.5284,-26.3078,-96.2716,-25.3030,-2.1151,-0.0247,-2.1557,0.1745,-0.5094,0.3137,105,0.1000,105,0,1.0000,0.0000,0.0000,-5.9127,-2.8636,-0.0904,-5.9669,-0.6297,0.0000,1,0.1079,0.0511,10.9311,0.0010,1.000,70.00,342.76
11.0402,UKF,smooth,0.500,10.00,0.050,1,0.600,1,6.5737,9.2289,2.6552,1.6798,0.4130,0.1775,0.0895,6.0000,7.1635,1.2101,3.4931,0.6217,-103.8061,-26.6408,-106.1341,-26.6462,-106.1747,-26.4470,-104.3706,-26.3482,-96.1277,-25.5805,-2.3280,-0.0054,-2.3686,0.1938,-0.5646,0.2926,105,0.1100,105,0,1.0000,0.0000,0.0000,-6.0258,-2.8724,-0.0527,-5.9689,-0.6097,0.0000,1,0.0970,0.0431,10.9311,0.0009,1.000,70.00,342.76
11.0502,UKF,smooth,0.500,10.00,0.050,1,0.600,1,6.5687,9.2404,2.6717,1.7158,0.4130,0.1775,0.0896,6.0000,7.1635,1.2099,3.5814,0.6219,-103.5924,-26.6731,-106.1341,-26.6462,-106.1747,-26.4470,-104.2129,-26.4488,-96.0255,-26.1270,-2.5418,0.0269,-2.5823,0.2261,-0.6205,0.2243,105,0.1200,105,0,1.0000,0.0000,0.0000,-6.0469,-2.8611,0.1075,-5.9709,-0.5897,0.0000,1,0.0970,0.0431,10.9311,0.0009,1.000,70.00,342.76
11.0602,UKF,smooth,0.500,10.00,0.050,1,0.600,1,6.5661,9.2758,2.7097,1.7528,0.4130,0.1775,0.0896,6.0000,7.1635,1.2099,4.0551,0.6219,-103.3772,-26.6984,-106.1341,-26.6462,-106.1747,-26.4470,-104.0488,-26.3847,-96.0364,-25.8380,-2.7570,0.0522,-2.7976,0.2514,-0.6716,0.3137,105,0.1300,105,0,1.0000,0.0000,0.0000,-5.8135,-2.7962,0.1407,-5.9729,-0.5697,0.0000,1,0.0970,0.0431,10.9311,0.0009,1.000,70.00,342.76
11.0702,UKF,smooth,0.500,10.00,0.050,1,0.600,1,6.5656,9.3127,2.7470,1.7905,0.4130,0.1775,0.0897,6.0000,7.1635,1.2099,4.6990,0.6219,-103.1606,-26.7124,-106.1341,-26.6462,-106.1747,-26.4470,-103.8863,-26.2707,-96.0487,-25.3725,-2.9735,0.0662,-3.0141,0.2654,-0.7257,0.4417,105,0.1400,105,0,1.0000,0.0000,0.0000,-5.5800,-2.7320,0.1211,-5.9748,-0.5497,0.0000,1,0.0970,0.0431,10.9311,0.0009,1.000,70.00,342.76
11.0802,UKF,smooth,0.500,10.00,0.050,1,0.600,1,6.5671,9.3509,2.7838,1.8291,0.4130,0.1775,0.0897,6.0000,7.1635,1.2100,5.4862,0.6217,-102.9430,-26.7132,-106.1341,-26.6462,-106.1747,-26.4470,-103.7259,-26.1222,-96.0592,-24.8235,-3.1911,0.0671,-3.2317,0.2662,-0.7828,0.5911,105,0.1500,105,0,1.0000,0.0000,0.0000,-5.3538,-2.6702,0.0732,-5.9766,-0.5296,0.0000,1,0.0970,0.0431,10.9311,0.0009,1.000,70.00,342.76
11.0902,UKF,smooth,0.500,10.00,0.050,1,0.600,1,6.5702,9.1931,2.6229,1.5101,0.4129,0.1784,0.0897,6.0000,7.0423,1.6391,3.3801,0.6217,-102.7245,-26.6992,-103.8061,-26.6408,-103.8505,-26.3697,-102.8923,-26.1545,-93.5035,-24.1332,-1.0816,0.0584,-1.1260,0.3295,-0.1678,0.5446,106,0.0500,106,0,1.0000,0.0000,0.0000,-5.1403,-2.6117,-0.0037,-5.9783,-0.5095,0.0000,1,0.0970,0.0431,11.0411,0.0009,1.000,70.00,342.76
11.1002,UKF,smooth,0.500,10.00,0.050,1,0.600,1,6.5744,9.2108,2.6364,1.5411,0.4129,0.1784,0.0898,6.0000,7.0423,1.6391,3.8541,0.6216,-102.5054,-26.6677,-103.8061,-26.6408,-103.8505,-26.3697,-102.6928,-26.0458,-93.4727,-23.4789,-1.3007,0.0269,-1.3451,0.2980,-0.1874,0.6220,106,0.0600,106,0,1.0000,0.0000,0.0000,-4.9653,-2.5615,-0.1323,-5.9800,-0.4894,0.0000,1,0.0970,0.0431,11.0411,0.0009,1.000,70.00,342.76
11.1102,UKF,smooth,0.500,10.00,0.050,1,0.600,1,6.5774,9.2145,2.6371,1.5730,0.4129,0.1784,0.0898,6.0000,7.0423,1.6391,4.0970,0.6217,-102.2865,-26.6316,-103.8061,-26.6408,-103.8505,-26.3697,-102.4995,-25.9740,-93.3196,-23.2358,-1.5196,-0.0092,-1.5640,0.2619,-0.2130,0.6577,106,0.0700,106,0,1.0000,0.0000,0.0000,-5.0592,-2.5633,-0.2361,-5.9816,-0.4692,0.0000,1,0.0970,0.0431,11.0411,0.0009,1.000,70.00,342.76
11.1202,UKF,smooth,0.500,10.00,0.050,1,0.600,1,6.5795,9.2188,2.6393,1.6059,0.4129,0.1784,0.0899,6.0000,7.0423,1.6390,4.0264,0.6218,-102.0679,-26.6034,-103.8061,-26.6408,-103.8505,-26.3697,-102.3098,-25.9663,-93.1538,-23.4742,-1.7382,-0.0374,-1.7826,0.2337,-0.2419,0.6371,106,0.0800,106,0,1.0000,0.0000,0.0000,-5.1810,-2.5699,-0.1932,-5.9832,-0.4490,0.0000,1,0.0970,0.0431,11.0411,0.0009,1.000,70.00,342.76
11.1302,UKF,smooth,0.500,10.00,0.050,1,0.600,1,6.5810,9.2234,2.6424,1.6396,0.4129,0.1784,0.0900,6.0000,7.0423,1.6389,3.8950,0.6219,-101.8494,-26.5848,-103.8061,-26.6408,-103.8505,-26.3697,-102.1230,-25.9818,-92.9931,-23.8031,-1.9567,-0.0559,-2.0011,0.2152,-0.2736,0.6031,106,0.0900,106,0,1.0000,0.0000,0.0000,-5.2920,-2.5741,-0.1206,-5.9847,-0.4288,0.0000,1,0.0970,0.0431,11.0411,0.0009,1.000,70.00,342.76
11.1402,UKF,smooth,0.500,10.00,0.050,1,0.600,1,6.5821,9.2275,2.6454,1.6743,0.4129,0.1784,0.0900,6.0000,7.0423,1.6389,3.7504,0.6219,-101.6309,-26.5764,-103.8061,-26.6408,-103.8505,-26.3697,-101.9392,-26.0137,-92.8349,-24.1626,-2.1752,-0.0644,-2.2196,0.2067,-0.3083,0.5627,106,0.1000,106,0,1.0000,0.0000,0.0000,-5.3986,-2.5769,-0.0410,-5.9861,-0.4086,0.0000,1,0.1076,0.0429,11.0411,-0.0014,1.000,70.00,342.76
11.1502,UKF,smooth,0.500,10.00,0.050,1,0.600,1,6.5826,9.2304,2.6479,1.7098,0.4129,0.1784,0.0901,6.0000,7.0423,1.6389,3.6187,0.6219,-101.4124,-26.5778,-103.8061,-26.6408,-103.8505,-26.3697,-101.7584,-26.0585,-92.6772,-24.5296,-2.3937,-0.0630,-2.4381,0.2081,-0.3460,0.5193,106,0.1100,106,0,1.0000,0.0000,0.0000,-5.5049,-2.5793,0.0363,-5.9874,-0.3883,0.0000,1,0.1076,0.0429,11.0411,-0.0014,1.000,70.00,342.76
11.1602,UKF,smooth,0.500,10.00,0.050,1,0.600,1,6.5824,9.2315,2.6491,1.7462,0.4129,0.1784,0.0902,6.0000,7.0423,1.6389,3.5237,0.6218,-101.1937,-26.5885,-103.8061,-26.6408,-103.8505,-26.3697,-101.5806,-26.1124,-92.5185,-24.8870,-2.6123,-0.0522,-2.6568,0.2189,-0.3869,0.4761,106,0.1200,106,0,1.0000,0.0000,0.0000,-5.6137,-2.5817,0.1049,-5.9887,-0.3680,0.0000,1,0.1076,0.0429,11.0411,-0.0014,1.000,70.00,342.76
11.1702,UKF,smooth,0.500,10.00,0.050,1,0.600,1,6.5816,9.2300,2.6484,1.7835,0.4129,0.1784,0.0902,6.0000,7.0423,1.6389,3.4902,0.6218,-100.9750,-26.6076,-103.8061,-26.6408,-103.8505,-26.3697,-101.4059,-26.1702,-92.3580,-25.2152,-2.8311,-0.0332,-2.8756,0.2379,-0.4310,0.4374,106,0.1300,106,0,1.0000,0.0000,0.0000,-5.7267,-2.5843,0.1584,-5.9899,-0.3477,0.0000,1,0.1076,0.0429,11.0411,-0.0014,1.000,70.00,342.76
11.1802,UKF,smooth,0.500,10.00,0.050,1,0.600,1,6.5800,9.2251,2.6451,1.8215,0.4129,0.1784,0.0903,6.0000,7.0423,1.6390,3.5470,0.6218,-100.7560,-26.6332,-103.8061,-26.6408,-103.8505,-26.3697,-101.2343,-26.2234,-92.1952,-25.4844,-3.0501,-0.0075,-3.0946,0.2635,-0.4784,0.4099,106,0.1400,106,0,1.0000,0.0000,0.0000,-5.8443,-2.5871,0.1885,-5.9911,-0.3273,0.0000,1,0.1076,0.0429,11.0411,-0.0014,1.000,70.00,342.76
11.1902,UKF,smooth,0.500,10.00,0.050,1,0.600,1,6.5773,8.8918,2.3145,1.4975,0.4123,0.1792,0.0898,6.0000,6.1237,0.8536,0.4317,0.6218,-100.5366,-26.6628,-101.6309,-26.5764,-101.5309,-26.4653,-100.5368,-26.5906,-89.4214,-27.6859,-1.0943,0.0864,-0.9942,0.1974,-0.0002,0.0722,107,0.0500,107,0,1.0000,0.0000,0.0000,-5.9636,-2.5897,0.1816,-5.9921,-0.3070,0.0000,1,0.1076,0.0429,11.1388,-0.0014,1.000,70.00,342.76
11.2002,UKF,smooth,0.500,10.00,0.050,1,0.600,1,6.5734,8.8819,2.3085,1.5282,0.4123,0.1792,0.0899,6.0000,6.1237,0.8536,0.4578,0.6219,-100.3169,-26.6907,-101.6309,-26.5764,-101.5309,-26.4653,-100.3259,-26.6146,-89.1932,-27.6519,-1.3140,0.1143,-1.2140,0.2254,-0.0090,0.0761,107,0.0600,107,0,1.0000,0.0000,0.0000,-6.0686,-2.5896,0.1119,-5.9932,-0.2866,0.0000,1,0.1076,0.0429,11.1388,-0.0014,1.000,70.00,342.76
11.2102,UKF,smooth,0.500,10.00,0.050,1,0.600,1,6.5688,8.8730,2.3042,1.5598,0.4123,0.1792,0.0899,6.0000,6.1237,0.8534,0.7912,0.6222,-100.0965,-26.7053,-101.6309,-26.5764,-101.5309,-26.4653,-100.1161,-26.5742,-89.0357,-27.1138,-1.5344,0.1289,-1.4344,0.2400,-0.0196,0.1311,107,0.0700,107,0,1.0000,0.0000,0.0000,-6.0724,-2.5735,-0.0570,-5.9941,-0.2662,0.0000,1,0.1076,0.0429,11.1388,-0.0014,1.000,70.00,342.76
11.2202,UKF,smooth,0.500,10.00,0.050,1,0.600,1,6.5655,8.8794,2.3139,1.5925,0.4123,0.1792,0.0900,6.0000,6.1237,0.8533,1.2735,0.6226,-99.8748,-26.7028,-101.6309,-26.5764,-101.5309,-26.4653,-99.9054,-26.4917,-89.0226,-26.3951,-1.7561,0.1264,-1.6561,0.2375,-0.0306,0.2111,107,0.0800,107,0,1.0000,0.0000,0.0000,-5.8752,-2.5275,-0.1720,-5.9950,-0.2457,0.0000,1,0.1076,0.0429,11.1388,-0.0014,1.000,70.00,342.76
11.2302,UKF,smooth,0.500,10.00,0.050,1,0.600,1,6.5644,8.8954,2.3310,1.6260,0.4123,0.1792,0.0901,6.0000,6.1237,0.8532,1.6116,0.6228,-99.6520,-26.6887,-101.6309,-26.5764,-101.5309,-26.4653,-99.6960,-26.4222,-89.0397,-25.9122,-1.9789,0.1123,-1.8789,0.2234,-0.0440,0.2665,107,0.0900,107,0,1.0000,0.0000,0.0000,-5.6401,-2.4767,-0.1958,-5.9958,-0.2253,0.0000,1,0.1076,0.0429,11.1388,-0.0014,1.000,70.00,342.76
11.2402,UKF,smooth,0.500,10.00,0.050,1,0.600,1,6.5655,8.9177,2.3522,1.6605,0.4123,0.1792,0.0901,6.0000,6.1237,0.8531,1.8164,0.6230,-99.4282,-26.6674,-101.6309,-26.5764,-101.5309,-26.4653,-99.4886,-26.3686,-89.0584,-25.6160,-2.2027,0.0910,-2.1027,0.2021,-0.0604,0.2988,107,0.1000,107,0,1.0000,0.0000,0.0000,-5.4077,-2.4271,-0.1654,-5.9965,-0.2048,0.0000,1,0.1076,0.0429,11.1388,-0.0014,1.000,70.00,342.76
11.2502,UKF,smooth,0.500,10.00,0.050,1,0.600,1,6.5691,8.9453,2.3762,1.6958,0.4123,0.1792,0.0902,6.0000,6.1237,0.8532,1.8446,0.6229,-99.2037,-26.6437,-101.6309,-26.5764,-101.5309,-26.4653,-99.2838,-26.3438,-89.0683,-25.5246,-2.4272,0.0673,-2.3272,0.1784,-0.0801,0.2999,107,0.1100,107,0,1.0000,0.0000,0.0000,-5.1939,-2.3809,-0.0838,-5.9972,-0.1843,0.0000,1,0.1092,0.0472,11.1388,0.0013,1.000,70.00,342.76
11.2602,UKF,smooth,0.500,10.00,0.050,1,0.600,1,6.5747,8.9736,2.3989,1.7320,0.4123,0.1792,0.0903,6.0000,6.1237,0.8533,1.4942,0.6226,-98.9788,-26.6265,-101.6309,-26.5764,-101.5309,-26.4653,-99.0831,-26.3948,-89.0343,-25.8161,-2.6521,0.0501,-2.5520,0.1612,-0.1042,0.2317,107,0.1200,107,0,1.0000,0.0000,0.0000,-5.0548,-2.3455,0.0742,-5.9978,-0.1638,0.0000,1,0.1092,0.0472,11.1388,0.0013,1.000,70.00,342.76
11.2702,UKF,smooth,0.500,10.00,0.050,1,0.600,1,6.5801,8.9767,2.3967,1.7691,0.4123,0.1792,0.0904,6.0000,6.1237,0.8536,0.9959,0.6223,-98.7543,-26.6214,-101.6309,-26.5764,-101.5309,-26.4653,-98.8905,-26.5079,-88.8623,-26.3428,-2.8766,0.0450,-2.7766,0.1560,-0.1362,0.1134,107,0.1300,107,0,1.0000,0.0000,0.0000,-5.1405,-2.3397,0.1897,-5.9983,-0.1432,0.0000,1,0.1092,0.0472,11.1388,0.0013,1.000,70.00,342.76
11.2802,UKF,smooth,0.500,10.00,0.050,1,0.600,1,6.5845,8.9683,2.3838,1.8069,0.4123,0.1792,0.0904,6.0000,6.1237,0.8538,0.9587,0.6219,-98.5301,-26.6223,-101.6309,-26.5764,-101.5309,-26.4653,-98.7018,-26.5765,-88.6642,-26.6172,-3.1008,0.0459,-3.0008,0.1569,-0.1718,0.0457,107,0.1400,107,0,1.0000,0.0000,0.0000,-5.2666,-2.3385,0.2080,-5.9987,-0.1227,0.0000,1,0.1092,0.0472,11.1388,0.0013,1.000,70.00,342.76
11.2902,UKF,smooth,0.500,10.00,0.050,1,0.600,1,6.5878,8.9555,2.3677,1.8456,0.4123,0.1792,0.0905,6.0000,6.1237,0.8540,1.1225,0.6217,-98.3061,-26.6263,-101.6309,-26.5764,-101.5309,-26.4653,-98.5159,-26.6225,-88.4653,-26.7720,-3.3248,0.0499,-3.2248,0.1610,-0.2099,0.0039,107,0.1500,107,0,1.0000,0.0000,0.0000,-5.3919,-2.3368,0.1899,-5.9991,-0.1021,0.0000,1,0.1092,0.0472,11.1388,0.0013,1.000,70.00,342.76
11.3002,UKF,smooth,0.500,10.00,0.050,1,0.600,1,6.5899,9.1003,2.5104,1.4615,0.4121,0.1795,0.0904,6.0000,6.3646,0.7468,0.7951,0.6215,-98.0823,-26.6320,-99.2037,-26.6437,-99.1855,-26.5202,-98.2226,-26.5881,-88.2652,-27.3102,-1.1214,-0.0117,-1.1032,0.1119,-0.1403,0.0440,108,0.0500,108,0,1.0000,0.0000,0.0000,-5.5135,-2.3341,0.1539,-5.9994,-0.0815,0.0000,1,0.1092,0.0472,11.2514,0.0013,1.000,70.00,342.76
11.3102,UKF,smooth,0.500,10.00,0.050,1,0.600,1,6.5909,9.0993,2.5085,1.4915,0.4121,0.1795,0.0904,6.0000,6.3646,0.7469,0.9012,0.6214,-97.8585,-26.6384,-99.2037,-26.6437,-99.1855,-26.5202,-98.0248,-26.6141,-88.0736,-27.3605,-1.3452,-0.0053,-1.3270,0.1183,-0.1663,0.0243,108,0.0600,108,0,1.0000,0.0000,0.0000,-5.6316,-2.3305,0.1074,-5.9997,-0.0609,0.0000,1,0.1092,0.0472,11.2514,0.0013,1.000,70.00,342.76
11.3202,UKF,smooth,0.500,10.00,0.050,1,0.600,1,6.5906,9.0958,2.5053,1.5225,0.4121,0.1795,0.0905,6.0000,6.3646,0.7469,1.0446,0.6214,-97.6347,-26.6448,-99.2037,-26.6437,-99.1855,-26.5202,-97.8299,-26.6379,-87.8831,-27.3867,-1.5690,0.0011,-1.5508,0.1247,-0.1952,0.0069,108,0.0700,108,0,1.0000,0.0000,0.0000,-5.7464,-2.3260,0.0539,-5.9999,-0.0403,0.0000,1,0.1092,0.0472,11.2514,0.0013,1.000,70.00,342.76
11.3302,UKF,smooth,0.500,10.00,0.050,1,0.600,1,6.5891,9.0900,2.5009,1.5544,0.4121,0.1795,0.0906,6.0000,6.3646,0.7468,1.2147,0.6215,-97.4108,-26.6508,-99.2037,-26.6437,-99.1855,-26.5202,-97.6378,-26.6592,-87.6934,-27.3945,-1.7929,0.0071,-1.7747,0.1306,-0.2270,-0.0084,108,0.0800,108,0,1.0000,0.0000,0.0000,-5.8586,-2.3208,-0.0041,-6.0000,-0.0196,0.0000,1,0.1092,0.0472,11.2514,0.0013,1.000,70.00,342.76
11.3402,UKF,smooth,0.500,10.00,0.050,1,0.600,1,6.5865,9.0818,2.4953,1.5873,0.4121,0.1795,0.0907,6.0000,6.3646,0.7466,1.4052,0.6217,-97.1867,-26.6559,-99.2037,-26.6437,-99.1855,-26.5202,-97.4484,-26.6778,-87.5045,-27.3886,-2.0170,0.0122,-1.9988,0.1358,-0.2617,-0.0219,108,0.0900,108,0,1.0000,0.0000,0.0000,-5.9684,-2.3148,-0.0652,-6.0000,0.0010,0.0000,1,0.1092,0.0472,11.2514,0.0013,1.000,70.00,342.76
11.3502,UKF,smooth,0.500,10.00,0.050,1,0.600,1,6.5827,9.0713,2.4886,1.6212,0.4121,0.1795,0.0907,6.0000,6.3646,0.7463,1.6133,0.6221,-96.9623,-26.6601,-99.2037,-26.6437,-99.1855,-26.5202,-97.2617,-26.6940,-87.3161,-27.3732,-2.2414,0.0164,-2.2232,0.1400,-0.2994,-0.0339,108,0.1000,108,0,1.0000,0.0000,0.0000,-6.0764,-2.3082,-0.1280,-6.0000,0.0217,0.0000,1,0.1092,0.0472,11.2514,0.0013,1.000,70.00,342.76
11.3602,UKF,smooth,0.500,10.00,0.050,1,0.600,1,6.5777,9.0586,2.4809,1.6559,0.4121,0.1795,0.0908,6.0000,6.3646,0.7459,1.8381,0.6225,-96.7375,-26.6633,-99.2037,-26.6437,-99.1855,-26.5202,-97.0777,-26.7086,-87.1280,-27.3552,-2.4661,0.0196,-2.4480,0.1431,-0.3401,-0.0453,108,0.1100,108,0,1.0000,0.0000,0.0000,-6.1832,-2.3010,-0.1906,-5.9999,0.0424,0.0000,1,0.1009,0.0532,11.2514,-0.0011,1.000,70.00,342.76
11.3702,UKF,smooth,0.500,10.00,0.050,1,0.600,1,6.5716,9.0437,2.4721,1.6916,0.4121,0.1795,0.0909,6.0000,6.3646,0.7454,2.0825,0.6230,-96.5124,-26.6659,-99.2037,-26.6437,-99.1855,-26.5202,-96.8963,-26.7253,-86.9390,-27.3528,-2.6913,0.0222,-2.6731,0.1457,-0.3839,-0.0594,108,0.1200,108,0,1.0000,0.0000,0.0000,-6.2904,-2.2933,-0.2485,-5.9997,0.0631,0.0000,1,0.1009,0.0532,11.2514,-0.0011,1.000,70.00,342.76
11.3802,UKF,smooth,0.500,10.00,0.050,1,0.600,1,6.5647,9.0314,2.4666,1.7281,0.4121,0.1795,0.0909,6.0000,6.3646,0.7449,2.4460,0.6236,-96.2867,-26.6755,-99.2037,-26.6437,-99.1855,-26.5202,-96.7178,-26.8133,-86.7458,-27.7013,-2.9169,0.0318,-2.8988,0.1554,-0.4311,-0.1378,108,0.1300,108,0,1.0000,0.0000,0.0000,-6.4032,-2.2856,-0.2104,-5.9994,0.0838,0.0000,1,0.1009,0.0532,11.2514,-0.0011,1.000,70.00,342.76
11.3902,UKF,smooth,0.500,10.00,0.050,1,0.600,1,6.5603,9.0621,2.5018,1.7655,0.4121,0.1795,0.0910,6.0000,6.3646,0.7446,2.6206,0.6240,-96.0598,-26.6814,-99.2037,-26.6437,-99.1855,-26.5202,-96.5313,-26.8019,-86.7722,-27.5435,-3.1439,0.0377,-3.1257,0.1612,-0.4716,-0.1205,108,0.1400,108,0,1.0000,0.0000,0.0000,-6.1737,-2.2490,-0.1387,-5.9991,0.1046,0.0000,1,0.1009,0.0532,11.2514,-0.0011,1.000,70.00,342.76
11.4002,UKF,smooth,0.500,10.00,0.050,1,0.600,1,6.5583,9.0973,2.5390,1.8037,0.4121,0.1795,0.0911,6.0000,6.3646,0.7445,2.8143,0.6242,-95.8316,-26.6831,-99.2037,-26.6437,-99.1855,-26.5202,-96.3469,-26.7808,-86.8005,-27.3667,-3.3721,0.0394,-3.3539,0.1629,-0.5153,-0.0977,108,0.1500,108,0,1.0000,0.0000,0.0000,-5.9446,-2.2133,-0.0726,-5.9987,0.1253,0.0000,1,0.1009,0.0532,11.2514,-0.0011,1.000,70.00,342.76
11.4102,UKF,smooth,0.500,10.00,0.050,1,0.600,1,6.5587,9.1369,2.5782,1.8428,0.4121,0.1795,0.0912,6.0000,6.3646,0.7444,3.0361,0.6242,-95.6025,-26.6807,-99.2037,-26.6437,-99.1855,-26.5202,-96.1646,-26.7549,-86.8293,-27.1939,-3.6012,0.0370,-3.5830,0.1605,-0.5621,-0.0742,108,0.1600,108,0,1.0000,0.0000,0.0000,-5.7178,-2.1786,-0.0067,-5.9982,0.1460,0.0000,1,0.1009,0.0532,11.2514,-0.0011,1.000,70.00,342.76
11.4202,UKF,smooth,0.500,10.00,0.050,1,0.600,1,6.5615,9.1703,2.6089,1.5031,0.4118,0.1805,0.0910,6.0000,6.6136,1.3040,1.4930,0.6241,-95.3727,-26.6745,-96.7375,-26.6633,-96.5162,-26.7544,-95.1622,-26.8387,-84.0754,-27.0661,-1.3648,0.0112,-1.1435,-0.0800,0.2105,-0.1642,109,0.0600,109,0,1.0000,0.0000,0.0000,-5.4946,-2.1450,0.0618,-5.9977,0.1668,0.0000,1,0.1009,0.0532,11.3590,-0.0011,1.000,70.00,342.76
11.4302,UKF,smooth,0.500,10.00,0.050,1,0.600,1,6.5666,9.1958,2.6292,1.5345,0.4118,0.1805,0.0911,6.0000,6.6136,1.3038,1.5170,0.6238,-95.1423,-26.6653,-96.7375,-26.6633,-96.5162,-26.7544,-94.9350,-26.8387,-84.0738,-26.9661,-1.5952,0.0020,-1.3739,-0.0891,0.2073,-0.1733,109,0.0700,109,0,1.0000,0.0000,0.0000,-5.2772,-2.1126,0.1379,-5.9971,0.1876,0.0000,1,0.1009,0.0532,11.3590,-0.0011,1.000,70.00,342.76
11.4402,UKF,smooth,0.500,10.00,0.050,1,0.600,1,6.5741,9.2255,2.6514,1.5669,0.4118,0.1805,0.0911,6.0000,6.6136,1.3035,1.5922,0.6233,-94.9116,-26.6566,-96.7375,-26.6633,-96.5162,-26.7544,-94.7108,-26.8533,-84.0630,-26.9891,-1.8259,-0.0067,-1.6046,-0.0979,0.2008,-0.1967,109,0.0800,109,0,1.0000,0.0000,0.0000,-5.0811,-2.0823,0.2451,-5.9964,0.2084,0.0000,1,0.1009,0.0532,11.3590,-0.0011,1.000,70.00,342.76
11.4502,UKF,smooth,0.500,10.00,0.050,1,0.600,1,6.5804,9.2289,2.6485,1.6003,0.4118,0.1805,0.0912,6.0000,6.6136,1.3032,1.7727,0.6228,-94.6815,-26.6524,-96.7375,-26.6633,-96.5162,-26.7544,-94.4935,-26.8966,-83.8547,-27.1785,-2.0561,-0.0109,-1.8347,-0.1020,0.1880,-0.2442,109,0.0900,109,0,1.0000,0.0000,0.0000,-5.2100,-2.0722,0.2437,-5.9956,0.2292,0.0000,1,0.1009,0.0532,11.3590,-0.0011,1.000,70.00,342.76
11.4602,UKF,smooth,0.500,10.00,0.050,1,0.600,1,6.5856,9.2287,2.6431,1.6345,0.4118,0.1805,0.0913,6.0000,6.6136,1.3030,1.8641,0.6225,-94.4518,-26.6492,-96.7375,-26.6633,-96.5162,-26.7544,-94.2792,-26.9200,-83.6493,-27.2298,-2.2858,-0.0141,-2.0644,-0.1053,0.1726,-0.2708,109,0.1000,109,0,1.0000,0.0000,0.0000,-5.3323,-2.0612,0.1981,-5.9948,0.2500,0.0000,1,0.1009,0.0532,11.3590,-0.0011,1.000,70.00,342.76
11.4702,UKF,smooth,0.500,10.00,0.050,1,0.600,1,6.5895,9.2260,2.6365,1.6697,0.4118,0.1805,0.0914,6.0000,6.6136,1.3029,1.9355,0.6222,-94.2225,-26.6461,-96.7375,-26.6633,-96.5162,-26.7544,-94.0678,-26.9387,-83.4453,-27.2521,-2.5151,-0.0172,-2.2937,-0.1084,0.1546,-0.2926,109,0.1100,109,0,1.0000,0.0000,0.0000,-5.4512,-2.0495,0.1443,-5.9939,0.2708,0.0000,1,0.1110,0.0406,11.3590,-0.0019,1.000,70.00,342.76
11.4802,UKF,smooth,0.500,10.00,0.050,1,0.600,1,6.5922,9.2209,2.6287,1.7057,0.4118,0.1805,0.0915,6.0000,6.6136,1.3028,2.0027,0.6221,-93.9934,-26.6429,-96.7375,-26.6633,-96.5162,-26.7544,-93.8594,-26.9556,-83.2415,-27.2646,-2.7442,-0.0204,-2.5228,-0.1116,0.1339,-0.3127,109,0.1200,109,0,1.0000,0.0000,0.0000,-5.5680,-2.0372,0.0882,-5.9929,0.2916,0.0000,1,0.1110,0.0406,11.3590,-0.0019,1.000,70.00,342.76
11.4902,UKF,smooth,0.500,10.00,0.050,1,0.600,1,6.5937,9.2134,2.6197,1.7426,0.4118,0.1805,0.0915,6.0000,6.6136,1.3028,2.0752,0.6220,-93.7645,-26.6395,-96.7375,-26.6633,-96.5162,-26.7544,-93.6539,-26.9721,-83.0377,-27.2759,-2.9731,-0.0238,-2.7517,-0.1149,0.1105,-0.3326,109,0.1300,109,0,1.0000,0.0000,0.0000,-5.6835,-2.0244,0.0323,-5.9919,0.3124,0.0000,1,0.1110,0.0406,11.3590,-0.0019,1.000,70.00,342.76
11.5002,UKF,smooth,0.500,10.00,0.050,1,0.600,1,6.5940,9.2038,2.6098,1.7804,0.4118,0.1805,0.0916,6.0000,6.6136,1.3029,2.1616,0.6221,-93.5357,-26.6361,-96.7375,-26.6633,-96.5162,-26.7544,-93.4512,-26.9895,-82.8334,-27.2916,-3.2019,-0.0272,-2.9805,-0.1183,0.0844,-0.3534,109,0.1400,109,0,1.0000,0.0000,0.0000,-5.7983,-2.0110,-0.0220,-5.9907,0.3332,0.0000,1,0.1110,0.0406,11.3590,-0.0019,1.000,70.00,342.76
11.5102,UKF,smooth,0.500,10.00,0.050,1,0.600,1,6.5931,9.1919,2.5988,1.8189,0.4118,0.1805,0.0917,6.0000,6.6136,1.3031,2.2714,0.6222,-93.3069,-26.6328,-96.7375,-26.6633,-96.5162,-26.7544,-93.2514,-27.0093,-82.6283,-27.3169,-3.4307,-0.0305,-3.2093,-0.1216,0.0555,-0.3764,109,0.1500,109,0,1.0000,0.0000,0.0000,-5.9126,-1.9972,-0.0735,-5.9895,0.3541,0.0000,1,0.1110,0.0406,11.3590,-0.0019,1.000,70.00,342.76
11.5202,UKF,smooth,0.500,10.00,0.050,1,0.600,1,6.5910,9.2876,2.6966,1.4930,0.4115,0.1805,0.0914,6.0000,6.9734,2.2988,2.2404,0.6225,-93.0780,-26.6300,-94.2225,-26.6461,-93.8177,-26.5171,-92.6989,-26.4710,-81.6466,-25.1963,-1.1445,-0.0161,-0.7397,0.1129,0.3791,0.1590,110,0.0500,110,0,1.0000,0.0000,0.0000,-6.0269,-1.9828,-0.1207,-5.9883,0.3749,0.0000,1,0.1110,0.0406,11.4683,-0.0019,1.000,70.00,342.76
11.5302,UKF,smooth,0.500,10.00,0.050,1,0.600,1,6.5879,9.2861,2.6983,1.5241,0.4115,0.1805,0.0915,6.0000,6.9734,2.2989,2.2447,0.6228,-92.8490,-26.6282,-94.2225,-26.6461,-93.8177,-26.5171,-92.4749,-26.4585,-81.4307,-25.2041,-1.3735,-0.0179,-0.9687,0.1111,0.3741,0.1697,110,0.0600,110,0,1.0000,0.0000,0.0000,-6.1415,-1.9680,-0.1617,-5.9869,0.3957,0.0000,1,0.1110,0.0406,11.4683,-0.0019,1.000,70.00,342.76
11.5402,UKF,smooth,0.500,10.00,0.050,1,0.600,1,6.5836,9.2826,2.6990,1.5561,0.4115,0.1805,0.0916,6.0000,6.9734,2.2989,2.2263,0.6232,-92.6197,-26.6281,-94.2225,-26.6461,-93.8177,-26.5171,-92.2538,-26.4512,-81.2132,-25.2433,-1.6027,-0.0179,-1.1980,0.1110,0.3659,0.1769,110,0.0700,110,0,1.0000,0.0000,0.0000,-6.2569,-1.9526,-0.1933,-5.9855,0.4166,0.0000,1,0.1110,0.0406,11.4683,-0.0019,1.000,70.00,342.76
11.5502,UKF,smooth,0.500,10.00,0.050,1,0.600,1,6.5782,9.2773,2.6991,1.5892,0.4115,0.1805,0.0917,6.0000,6.9734,2.2990,2.1743,0.6237,-92.3902,-26.6311,-94.2225,-26.6461,-93.8177,-26.5171,-92.0355,-26.4538,-80.9938,-25.3369,-1.8323,-0.0150,-1.4275,0.1139,0.3547,0.1773,110,0.0800,110,0,1.0000,0.0000,0.0000,-6.3734,-1.9368,-0.2091,-5.9840,0.4374,0.0000,1,0.1110,0.0406,11.4683,-0.0019,1.000,70.00,342.76
11.5602,UKF,smooth,0.500,10.00,0.050,1,0.600,1,6.5720,9.2714,2.6994,1.6231,0.4115,0.1805,0.0918,6.0000,6.9734,2.2990,2.0626,0.6242,-92.1603,-26.6396,-94.2225,-26.6461,-93.8177,-26.5171,-91.8200,-26.4776,-80.7738,-25.5432,-2.0622,-0.0064,-1.6574,0.1225,0.3403,0.1620,110,0.0900,110,0,1.0000,0.0000,0.0000,-6.4890,-1.9204,-0.1911,-5.9825,0.4583,0.0000,1,0.1110,0.0406,11.4683,-0.0019,1.000,70.00,342.76
11.5702,UKF,smooth,0.500,10.00,0.050,1,0.600,1,6.5658,9.2731,2.7073,1.6580,0.4115,0.1805,0.0918,6.0000,6.9734,2.2991,1.8367,0.6246,-91.9298,-26.6603,-94.2225,-26.6461,-93.8177,-26.5171,-91.6067,-26.5563,-80.5881,-26.0344,-2.2927,0.0142,-1.8880,0.1432,0.3231,0.1040,110,0.1000,110,0,1.0000,0.0000,0.0000,-6.5545,-1.9029,-0.0651,-5.9808,0.4791,0.0000,1,0.1110,0.0406,11.4683,-0.0019,1.000,70.00,342.76
11.5802,UKF,smooth,0.500,10.00,0.050,1,0.600,1,6.5620,9.3006,2.7386,1.6938,0.4115,0.1805,0.0919,6.0000,6.9734,2.2992,1.7474,0.6248,-91.6981,-26.6839,-94.2225,-26.6461,-93.8177,-26.5171,-91.3930,-26.5793,-80.5819,-26.1667,-2.5243,0.0378,-2.1196,0.1668,0.3051,0.1046,110,0.1100,110,0,1.0000,0.0000,0.0000,-6.3682,-1.8828,0.0691,-5.9791,0.5000,0.0000,1,0.1110,0.0406,11.4683,-0.0019,1.000,70.00,342.76
11.5902,UKF,smooth,0.500,10.00,0.050,1,0.600,1,6.5606,9.3338,2.7732,1.7304,0.4115,0.1805,0.0920,6.0000,6.9734,2.2993,1.7879,0.6248,-91.4655,-26.7033,-94.2225,-26.6461,-93.8177,-26.5171,-91.1817,-26.5453,-80.6103,-26.0041,-2.7570,0.0572,-2.3523,0.1861,0.2838,0.1580,110,0.1200,110,0,1.0000,0.0000,0.0000,-6.1371,-1.8631,0.1345,-5.9773,0.5209,0.0000,1,0.0811,0.0461,11.4683,0.0001,1.000,70.00,342.76
11.6002,UKF,smooth,0.500,10.00,0.050,1,0.600,1,6.5615,9.3706,2.8090,1.7678,0.4115,0.1805,0.0921,6.0000,6.9734,2.2994,1.9936,0.6247,-91.2319,-26.7150,-94.2225,-26.6461,-93.8177,-26.5171,-90.9732,-26.4751,-80.6469,-25.7040,-2.9906,0.0689,-2.5858,0.1979,0.2587,0.2399,110,0.1300,110,0,1.0000,0.0000,0.0000,-5.8980,-1.8443,0.1614,-5.9755,0.5417,0.0000,1,0.0811,0.0461,11.4683,0.0001,1.000,70.00,342.76
11.6102,UKF,smooth,0.500,10.00,0.050,1,0.600,1,6.5646,9.4096,2.8450,1.8061,0.4115,0.1805,0.0922,6.0000,6.9734,2.2995,2.4250,0.6245,-90.9976,-26.7163,-94.2225,-26.6461,-93.8177,-26.5171,-90.7678,-26.3669,-80.6856,-25.2838,-3.2248,0.0702,-2.8201,0.1991,0.2298,0.3493,110,0.1400,110,0,1.0000,0.0000,0.0000,-5.6592,-1.8264,0.1517,-5.9736,0.5626,0.0000,1,0.0811,0.0461,11.4683,0.0001,1.000,70.00,342.76
11.6202,UKF,smooth,0.500,10.00,0.050,1,0.600,1,6.5694,9.4465,2.8771,1.8452,0.4115,0.1805,0.0923,6.0000,6.9734,2.2995,3.1835,0.6243,-90.7630,-26.7029,-94.2225,-26.6461,-93.8177,-26.5171,-90.5660,-26.2008,-80.7161,-24.6827,-3.4595,0.0568,-3.0548,0.1858,0.1970,0.5021,110,0.1500,110,0,1.0000,0.0000,0.0000,-5.4369,-1.8093,0.0798,-5.9716,0.5834,0.0000,1,0.0811,0.0461,11.4683,0.0001,1.000,70.00,342.76
11.6302,UKF,smooth,0.500,10.00,0.050,1,0.600,1,6.5738,9.4520,2.8782,1.8850,0.4115,0.1805,0.0924,6.0000,6.9734,2.2995,4.1084,0.6242,-90.5284,-26.6739,-94.2225,-26.6461,-93.8177,-26.5171,-90.3710,-26.0018,-80.6343,-23.9943,-3.6940,0.0278,-3.2893,0.1567,0.1574,0.6721,110,0.1600,110,0,1.0000,0.0000,0.0000,-5.4022,-1.7910,-0.1000,-5.9695,0.6043,0.0000,1,0.0811,0.0461,11.4683,0.0001,1.000,70.00,342.76
11.6402,UKF,smooth,0.500,10.00,0.050,1,0.600,1,6.5770,9.4539,2.8770,1.5286,0.4111,0.1812,0.0921,6.0000,7.0150,1.2183,0.6063,0.6242,-90.2943,-26.6445,-91.4655,-26.7033,-91.2383,-26.6861,-90.2323,-26.5597,-80.7826,-25.0373,-1.1711,-0.0587,-0.9440,-0.0416,0.0620,0.0848,111,0.0500,111,0,1.0000,0.0000,0.0000,-5.5179,-1.7706,-0.1588,-5.9673,0.6251,0.0000,1,0.0811,0.0461,11.5902,0.0001,1.000,70.00,342.76
11.6502,UKF,smooth,0.500,10.00,0.050,1,0.600,1,6.5791,9.4603,2.8813,1.5602,0.4111,0.1812,0.0922,6.0000,7.0150,1.2184,0.4177,0.6243,-90.0606,-26.6198,-91.4655,-26.7033,-91.2383,-26.6861,-90.0351,-26.5538,-80.6127,-25.1733,-1.4048,-0.0834,-1.1777,-0.0663,0.0255,0.0660,111,0.0600,111,0,1.0000,0.0000,0.0000,-5.6427,-1.7495,-0.1585,-5.9651,0.6460,0.0000,1,0.0811,0.0461,11.5902,0.0001,1.000,70.00,342.76
11.6602,UKF,smooth,0.500,10.00,0.050,1,0.600,1,6.5803,9.4657,2.8854,1.5927,0.4111,0.1812,0.0922,6.0000,7.0150,1.2185,0.2357,0.6244,-89.8272,-26.6018,-91.4655,-26.7033,-91.2383,-26.6861,-89.8413,-26.5645,-80.4445,-25.3941,-1.6383,-0.1014,-1.4111,-0.0843,-0.0141,0.0373,111,0.0700,111,0,1.0000,0.0000,0.0000,-5.7642,-1.7279,-0.1300,-5.9628,0.6668,0.0000,1,0.0811,0.0461,11.5902,0.0001,1.000,70.00,342.76
11.6702,UKF,smooth,0.500,10.00,0.050,1,0.600,1,6.5807,9.4701,2.8894,1.6262,0.4111,0.1812,0.0923,6.0000,7.0150,1.2185,0.3036,0.6245,-89.5939,-26.5915,-91.4655,-26.7033,-91.2383,-26.6861,-89.6507,-26.5905,-80.2785,-25.6664,-1.8715,-0.1117,-1.6444,-0.0946,-0.0567,0.0010,111,0.0800,111,0,1.0000,0.0000,0.0000,-5.8813,-1.7060,-0.0856,-5.9605,0.6877,0.0000,1,0.0811,0.0461,11.5902,0.0001,1.000,70.00,342.76
11.6802,UKF,smooth,0.500,10.00,0.050,1,0.600,1,6.5804,9.4736,2.8932,1.6606,0.4111,0.1812,0.0924,6.0000,7.0150,1.2186,0.6010,0.6246,-89.3608,-26.5896,-91.4655,-26.7033,-91.2383,-26.6861,-89.4632,-26.6309,-80.1147,-25.9731,-2.1046,-0.1137,-1.8775,-0.0966,-0.1024,-0.0413,111,0.0900,111,0,1.0000,0.0000,0.0000,-5.9945,-1.6837,-0.0321,-5.9580,0.7085,0.0000,1,0.0938,0.0539,11.5902,-0.0004,1.000,70.00,342.76
11.6902,UKF,smooth,0.500,10.00,0.050,1,0.600,1,6.5795,9.4761,2.8966,1.6959,0.4111,0.1812,0.0925,6.0000,7.0150,1.2187,0.9662,0.6247,-89.1277,-26.5961,-91.4655,-26.7033,-91.2383,-26.6861,-89.2789,-26.6845,-79.9525,-26.3023,-2.3378,-0.1071,-2.1106,-0.0900,-0.1512,-0.0884,111,0.1000,111,0,1.0000,0.0000,0.0000,-6.1050,-1.6609,0.0257,-5.9555,0.7293,0.0000,1,0.0938,0.0539,11.5902,-0.0004,1.000,70.00,342.76
11.7002,UKF,smooth,0.500,10.00,0.050,1,0.600,1,6.5779,9.4773,2.8993,1.7320,0.4111,0.1812,0.0926,6.0000,7.0150,1.2188,1.3663,0.6247,-88.8945,-26.6112,-91.4655,-26.7033,-91.2383,-26.6861,-89.0977,-26.7497,-79.7914,-26.6426,-2.5710,-0.0920,-2.3438,-0.0749,-0.2032,-0.1385,111,0.1100,111,0,1.0000,0.0000,0.0000,-6.2142,-1.6378,0.0834,-5.9529,0.7502,0.0000,1,0.0938,0.0539,11.5902,-0.0004,1.000,70.00,342.76
11.7102,UKF,smooth,0.500,10.00,0.050,1,0.600,1,6.5757,9.4768,2.9011,1.7690,0.4111,0.1812,0.0927,6.0000,7.0150,1.2189,1.7849,0.6248,-88.6611,-26.6344,-91.4655,-26.7033,-91.2383,-26.6861,-88.9196,-26.8234,-79.6303,-26.9797,-2.8043,-0.0689,-2.5772,-0.0518,-0.2585,-0.1890,111,0.1200,111,0,1.0000,0.0000,0.0000,-6.3240,-1.6141,0.1354,-5.9503,0.7710,0.0000,1,0.0938,0.0539,11.5902,-0.0004,1.000,70.00,342.76
11.7202,UKF,smooth,0.500,10.00,0.050,1,0.600,1,6.5726,9.4736,2.9010,1.8068,0.4111,0.1812,0.0928,6.0000,7.0150,1.2190,2.1973,0.6249,-88.4276,-26.6645,-91.4655,-26.7033,-91.2383,-26.6861,-88.7447,-26.8986,-79.4679,-27.2849,-3.0379,-0.0387,-2.8107,-0.0216,-0.3171,-0.2341,111,0.1300,111,0,1.0000,0.0000,0.0000,-6.4366,-1.5898,0.1719,-5.9475,0.7918,0.0000,1,0.0938,0.0539,11.5902,-0.0004,1.000,70.00,342.76
11.7302,UKF,smooth,0.500,10.00,0.050,1,0.600,1,6.5686,9.4657,2.8971,1.8455,0.4111,0.1812,0.0929,6.0000,7.0150,1.2192,2.5259,0.6250,-88.1937,-26.6983,-91.4655,-26.7033,-91.2383,-26.6861,-88.5728,-26.9509,-79.3042,-27.4595,-3.2717,-0.0050,-3.0446,0.0122,-0.3791,-0.2526,111,0.1400,111,0,1.0000,0.0000,0.0000,-6.5518,-1.5648,0.1635,-5.9447,0.8126,0.0000,1,0.0938,0.0539,11.5902,-0.0004,1.000,70.00,342.76
11.7402,UKF,smooth,0.500,10.00,0.050,1,0.600,1,6.5641,9.6760,3.1119,1.5649,0.4108,0.1814,0.0927,6.0000,7.3679,0.9513,0.6453,0.6253,-87.9592,-26.7163,-89.3608,-26.5896,-89.2533,-26.7161,-88.0610,-26.7744,-78.4091,-26.9881,-1.4016,0.1268,-1.2941,0.0002,-0.1018,-0.0581,112,0.0600,112,0,1.0000,0.0000,0.0000,-6.5140,-1.5476,-0.0159,-5.9418,0.8334,0.0000,1,0.0938,0.0539,11.6798,-0.0004,1.000,70.00,342.76
11.7502,UKF,smooth,0.500,10.00,0.050,1,0.600,1,6.5615,9.6979,3.1364,1.5973,0.4108,0.1814,0.0928,6.0000,7.3679,0.9516,0.7516,0.6255,-87.7237,-26.7196,-89.3608,-26.5896,-89.2533,-26.7161,-87.8644,-26.7168,-78.4136,-26.4707,-1.6371,0.1301,-1.5296,0.0035,-0.1406,0.0028,112,0.0700,112,0,1.0000,0.0000,0.0000,-6.2829,-1.5419,-0.0850,-5.9389,0.8542,0.0000,1,0.0938,0.0539,11.6798,-0.0004,1.000,70.00,342.76
11.7602,UKF,smooth,0.500,10.00,0.050,1,0.600,1,6.5610,9.7259,3.1649,1.6305,0.4108,0.1814,0.0929,6.0000,7.3679,0.9517,1.0284,0.6257,-87.4875,-26.7115,-89.3608,-26.5896,-89.2533,-26.7161,-87.6702,-26.6578,-78.4263,-26.0684,-1.8733,0.1219,-1.7659,-0.0046,-0.1828,0.0537,112,0.0800,112,0,1.0000,0.0000,0.0000,-6.0418,-1.5376,-0.1063,-5.9359,0.8750,0.0000,1,0.0938,0.0539,11.6798,-0.0004,1.000,70.00,342.76
11.7702,UKF,smooth,0.500,10.00,0.050,1,0.600,1,6.5627,9.7592,3.1965,1.6647,0.4108,0.1814,0.0930,6.0000,7.3679,0.9518,1.3483,0.6257,-87.2506,-26.6943,-89.3608,-26.5896,-89.2533,-26.7161,-87.4788,-26.5985,-78.4412,-25.7500,-2.1102,0.1048,-2.0027,-0.0218,-0.2282,0.0958,112,0.0900,112,0,1.0000,0.0000,0.0000,-5.8019,-1.5341,-0.0977,-5.9328,0.8957,0.0000,1,0.0938,0.0539,11.6798,-0.0004,1.000,70.00,342.76
11.7802,UKF,smooth,0.500,10.00,0.050,1,0.600,1,6.5668,9.7980,3.2312,1.6998,0.4108,0.1814,0.0931,6.0000,7.3679,0.9518,1.6513,0.6257,-87.0134,-26.6714,-89.3608,-26.5896,-89.2533,-26.7161,-87.2904,-26.5495,-78.4547,-25.5488,-2.3474,0.0818,-2.2400,-0.0447,-0.2770,0.1219,112,0.1000,112,0,1.0000,0.0000,0.0000,-5.5701,-1.5310,-0.0515,-5.9296,0.9165,0.0000,1,0.1132,0.0555,11.6798,0.0007,1.000,70.00,342.76
11.7902,UKF,smooth,0.500,10.00,0.050,1,0.600,1,6.5728,9.8371,3.2643,1.7357,0.4108,0.1814,0.0932,6.0000,7.3679,0.9515,1.8097,0.6253,-86.7762,-26.6558,-89.3608,-26.5896,-89.2533,-26.7161,-87.1066,-26.5907,-78.4245,-25.8267,-2.5846,0.0663,-2.4772,-0.0603,-0.3304,0.0651,112,0.1100,112,0,1.0000,0.0000,0.0000,-5.4399,-1.5213,0.1128,-5.9263,0.9372,0.0000,1,0.1132,0.0555,11.6798,0.0007,1.000,70.00,342.76
11.8002,UKF,smooth,0.500,10.00,0.050,1,0.600,1,6.5779,9.8451,3.2672,1.7726,0.4108,0.1814,0.0933,6.0000,7.3679,0.9512,2.0943,0.6250,-86.5395,-26.6466,-89.3608,-26.5896,-89.2533,-26.7161,-86.9309,-26.6324,-78.2830,-26.0527,-2.8213,0.0571,-2.7138,-0.0695,-0.3913,0.0143,112,0.1200,112,0,1.0000,0.0000,0.0000,-5.5635,-1.4921,0.1347,-5.9230,0.9580,0.0000,1,0.1132,0.0555,11.6798,0.0007,1.000,70.00,342.76
11.8102,UKF,smooth,0.500,10.00,0.050,1,0.600,1,6.5819,9.8490,3.2671,1.8102,0.4108,0.1814,0.0934,6.0000,7.3679,0.9510,2.4361,0.6248,-86.3034,-26.6409,-89.3608,-26.5896,-89.2533,-26.7161,-86.7586,-26.6580,-78.1422,-26.1803,-3.0574,0.0514,-2.9499,-0.0751,-0.4552,-0.0171,112,0.1300,112,0,1.0000,0.0000,0.0000,-5.6868,-1.4624,0.1205,-5.9196,0.9787,0.0000,1,0.1132,0.0555,11.6798,0.0007,1.000,70.00,342.76
11.8202,UKF,smooth,0.500,10.00,0.050,1,0.600,1,6.5847,9.8502,3.2654,1.8487,0.4108,0.1814,0.0935,6.0000,7.3679,0.9509,2.8022,0.6247,-86.0676,-26.6377,-89.3608,-26.5896,-89.2533,-26.7161,-86.5897,-26.6789,-78.0033,-26.2735,-3.2932,0.0481,-3.1857,-0.0784,-0.5221,-0.0412,112,0.1400,112,0,1.0000,0.0000,0.0000,-5.8075,-1.4324,0.0943,-5.9162,0.9994,0.0000,1,0.1132,0.0555,11.6798,0.0007,1.000,70.00,342.76
11.8302,UKF,smooth,0.500,10.00,0.050,1,0.600,1,6.5864,9.8489,3.2625,1.8879,0.4108,0.1814,0.0936,6.0000,7.3679,0.9508,3.1863,0.6246,-85.8322,-26.6364,-89.3608,-26.5896,-89.2533,-26.7161,-86.4242,-26.6978,-77.8663,-26.3501,-3.5286,0.0468,-3.4212,-0.0797,-0.5920,-0.0615,112,0.1500,112,0,1.0000,0.0000,0.0000,-5.9261,-1.4021,0.0625,-5.9126,1.0201,0.0000,1,0.1132,0.0555,11.6798,0.0007,1.000,70.00,342.76
11.8402,UKF,smooth,0.500,10.00,0.050,1,0.600,1,6.5870,9.7821,3.1951,1.6190,0.4108,0.1810,0.0937,6.0000,7.1850,1.0562,0.3186,0.6246,-85.5969,-26.6367,-87.0134,-26.6714,-86.8166,-26.6559,-85.6321,-26.6796,-75.5895,-26.6046,-1.4165,-0.0347,-1.2197,-0.0192,-0.0352,-0.0430,113,0.0600,113,0,1.0000,0.0000,0.0000,-6.0428,-1.3715,0.0277,-5.9090,1.0408,0.0000,1,0.1132,0.0555,11.7809,0.0007,1.000,70.00,342.76
11.8502,UKF,smooth,0.500,10.00,0.050,1,0.600,1,6.5864,9.7864,3.2001,1.6522,0.4108,0.1810,0.0938,6.0000,7.1850,1.0563,0.4799,0.6247,-85.3618,-26.6384,-87.0134,-26.6714,-86.8166,-26.6559,-85.4267,-26.6938,-75.4080,-26.6627,-1.6516,-0.0329,-1.4548,-0.0174,-0.0650,-0.0553,113,0.0700,113,0,1.0000,0.0000,0.0000,-6.1579,-1.3404,-0.0082,-5.9054,1.0615,0.0000,1,0.1132,0.0555,11.7809,0.0007,1.000,70.00,342.76
11.8602,UKF,smooth,0.500,10.00,0.050,1,0.600,1,6.5847,9.7885,3.2039,1.6863,0.4108,0.1810,0.0939,6.0000,7.1850,1.0564,0.6635,0.6249,-85.1266,-26.6416,-87.0134,-26.6714,-86.8166,-26.6559,-85.2245,-26.7098,-75.2271,-26.7224,-1.8867,-0.0297,-1.6900,-0.0142,-0.0979,-0.0682,113,0.0800,113,0,1.0000,0.0000,0.0000,-6.2718,-1.3090,-0.0439,-5.9016,1.0821,0.0000,1,0.1132,0.0555,11.7809,0.0007,1.000,70.00,342.76
11.8702,UKF,smooth,0.500,10.00,0.050,1,0.600,1,6.5818,9.7885,3.2067,1.7213,0.4108,0.1810,0.0940,6.0000,7.1850,1.0565,0.8685,0.6251,-84.8914,-26.6464,-87.0134,-26.6714,-86.8166,-26.6559,-85.0254,-26.7286,-75.0466,-26.7885,-2.1219,-0.0250,-1.9251,-0.0095,-0.1339,-0.0822,113,0.0900,113,0,1.0000,0.0000,0.0000,-6.3848,-1.2772,-0.0780,-5.8978,1.1028,0.0000,1,0.1132,0.0555,11.7809,0.0007,1.000,70.00,342.76
11.8802,UKF,smooth,0.500,10.00,0.050,1,0.600,1,6.5779,9.7864,3.2085,1.7572,0.4108,0.1810,0.0941,6.0000,7.1850,1.0567,1.0969,0.6255,-84.6561,-26.6530,-87.0134,-26.6714,-86.8166,-26.6559,-84.8294,-26.7513,-74.8662,-26.8678,-2.3573,-0.0184,-2.1605,-0.0029,-0.1732,-0.0984,113,0.1000,113,0,1.0000,0.0000,0.0000,-6.4971,-1.2449,-0.1084,-5.8939,1.1234,0.0000,1,0.1132,0.0555,11.7809,0.0007,1.000,70.00,342.76
11.8902,UKF,smooth,0.500,10.00,0.050,1,0.600,1,6.5729,9.7825,3.2095,1.7939,0.4108,0.1810,0.0942,6.0000,7.1850,1.0568,1.3557,0.6259,-84.4206,-26.6620,-87.0134,-26.6714,-86.8166,-26.6559,-84.6364,-26.7811,-74.6858,-26.9746,-2.5928,-0.0094,-2.3960,0.0061,-0.2158,-0.1192,113,0.1100,113,0,1.0000,0.0000,0.0000,-6.6094,-1.2122,-0.1310,-5.8899,1.1440,0.0000,1,0.1132,0.0555,11.7809,0.0007,1.000,70.00,342.76
11.9002,UKF,smooth,0.500,10.00,0.050,1,0.600,1,6.5670,9.7775,3.2105,1.8315,0.4108,0.1810,0.0943,6.0000,7.1850,1.0570,1.6714,0.6263,-84.1847,-26.6752,-87.0134,-26.6714,-86.8166,-26.6559,-84.4464,-26.8283,-74.5050,-27.1549,-2.8287,0.0038,-2.6319,0.0193,-0.2617,-0.1532,113,0.1200,113,0,1.0000,0.0000,0.0000,-6.7221,-1.1788,-0.1315,-5.8859,1.1646,0.0000,1,0.1119,0.0548,11.7809,-0.0008,1.000,70.00,342.76
11.9102,UKF,smooth,0.500,10.00,0.050,1,0.600,1,6.5623,9.7990,3.2367,1.8698,0.4108,0.1810,0.0944,6.0000,7.1850,1.0572,2.2200,0.6266,-83.9482,-26.7005,-87.0134,-26.6714,-86.8166,-26.6559,-84.2565,-26.9496,-74.4166,-27.6555,-3.0651,0.0292,-2.8684,0.0447,-0.3083,-0.2491,113,0.1300,113,0,1.0000,0.0000,0.0000,-6.6803,-1.1639,0.0480,-5.8818,1.1851,0.0000,1,0.1119,0.0548,11.7809,-0.0008,1.000,70.00,342.76
11.9202,UKF,smooth,0.500,10.00,0.050,1,0.600,1,6.5600,9.8388,3.2788,1.9090,0.4108,0.1810,0.0945,6.0000,7.1850,1.0573,2.1967,0.6267,-83.7108,-26.7185,-87.0134,-26.6714,-86.8166,-26.6559,-84.0653,-26.9049,-74.4489,-27.3751,-3.3026,0.0472,-3.1058,0.0627,-0.3545,-0.1864,113,0.1400,113,0,1.0000,0.0000,0.0000,-6.4377,-1.1746,0.0794,-5.8776,1.2057,0.0000,1,0.1119,0.0548,11.7809,-0.0008,1.000,70.00,342.76
11.9302,UKF,smooth,0.500,10.00,0.050,1,0.600,1,6.5599,9.8811,3.3212,1.9490,0.4108,0.1810,0.0946,6.0000,7.1850,1.0574,2.2384,0.6267,-83.4727,-26.7266,-87.0134,-26.6714,-86.8166,-26.6559,-83.8769,-26.8255,-74.4834,-26.9914,-3.5407,0.0552,-3.3439,0.0707,-0.4042,-0.0990,113,0.1500,113,0,1.0000,0.0000,0.0000,-6.1949,-1.1862,0.0781,-5.8734,1.2262,0.0000,1,0.1119,0.0548,11.7809,-0.0008,1.000,70.00,342.76
11.9402,UKF,smooth,0.500,10.00,0.050,1,0.600,1,6.5619,9.9258,3.3638,1.9897,0.4108,0.1810,0.0947,6.0000,7.1850,1.0575,2.4439,0.6266,-83.2340,-26.7231,-87.0134,-26.6714,-86.8166,-26.6559,-83.6914,-26.7181,-74.5175,-26.5467,-3.7793,0.0518,-3.5826,0.0673,-0.4573,0.0050,113,0.1600,113,0,1.0000,0.0000,0.0000,-5.9558,-1.1983,0.0559,-5.8690,1.2467,0.0000,1,0.1119,0.0548,11.7809,-0.0008,1.000,70.00,342.76
11.9502,UKF,smooth,0.500,10.00,0.050,1,0.600,1,6.5658,9.9712,3.4054,2.0311,0.4108,0.1810,0.0948,6.0000,7.1850,1.0575,2.8570,0.6265,-82.9951,-26.7064,-87.0134,-26.6714,-86.8166,-26.6559,-83.5091,-26.5758,-74.5487,-26.0239,-4.0182,0.0350,-3.8215,0.0505,-0.5139,0.1306,113,0.1700,113,0,1.0000,0.0000,0.0000,-5.7250,-1.2101,0.0052,-5.8647,1.2672,0.0000,1,0.1119,0.0548,11.7809,-0.0008,1.000,70.00,342.76
11.9602,UKF,smooth,0.500,10.00,0.050,1,0.600,1,6.5705,9.3525,2.7820,1.6614,0.4105,0.1809,0.0946,6.0000,6.2740,1.3945,0.7654,0.6265,-82.7563,-26.6715,-84.1847,-26.6752,-83.9714,-26.8093,-82.7318,-26.5454,-71.9564,-24.7301,-1.4285,-0.0037,-1.2151,-0.1378,0.0245,0.1261,114,0.0600,114,0,1.0000,0.0000,0.0000,-5.5756,-1.2112,-0.1489,-5.8602,1.2877,0.0000,1,0.1119,0.0548,11.8993,-0.0008,1.000,70.00,342.76
11.9702,UKF,smooth,0.500,10.00,0.050,1,0.600,1,6.5740,9.3505,2.7765,1.6950,0.4105,0.1809,0.0947,6.0000,6.2740,1.3945,0.5943,0.6265,-82.5180,-26.6417,-84.1847,-26.6752,-83.9714,-26.8093,-82.5151,-26.5424,-71.7482,-24.8839,-1.6667,-0.0335,-1.4534,-0.1677,0.0029,0.0993,114,0.0700,114,0,1.0000,0.0000,0.0000,-5.6979,-1.1728,-0.1437,-5.8557,1.3081,0.0000,1,0.1119,0.0548,11.8993,-0.0008,1.000,70.00,342.76
11.9802,UKF,smooth,0.500,10.00,0.050,1,0.600,1,6.5768,9.3480,2.7712,1.7294,0.4105,0.1809,0.0948,6.0000,6.2740,1.3945,0.3740,0.6265,-82.2803,-26.6192,-84.1847,-26.6752,-83.9714,-26.8093,-82.3014,-26.5596,-71.5419,-25.1392,-1.9044,-0.0560,-1.6911,-0.1901,-0.0212,0.0596,114,0.0800,114,0,1.0000,0.0000,0.0000,-5.8153,-1.1347,-0.1063,-5.8511,1.3286,0.0000,1,0.1119,0.0548,11.8993,-0.0008,1.000,70.00,342.76
11.9902,UKF,smooth,0.500,10.00,0.050,1,0.600,1,6.5788,9.3442,2.7654,1.7648,0.4105,0.1809,0.0949,6.0000,6.2740,1.3945,0.2703,0.6265,-82.0429,-26.6046,-84.1847,-26.6752,-83.9714,-26.8093,-82.0909,-26.5903,-71.3366,-25.4267,-2.1418,-0.0706,-1.9284,-0.2048,-0.0480,0.0142,114,0.0900,114,0,1.0000,0.0000,0.0000,-5.9296,-1.0965,-0.0613,-5.8464,1.3490,0.0000,1,0.1119,0.0548,11.8993,-0.0008,1.000,70.00,342.76
12.0002,UKF,smooth,0.500,10.00,0.050,1,0.600,1,6.5800,9.3391,2.7591,1.8009,0.4105,0.1809,0.0950,6.0000,6.2740,1.3946,0.4630,0.6265,-81.8059,-26.5978,-84.1847,-26.6752,-83.9714,-26.8093,-81.8834,-26.6323,-71.1313,-25.7284,-2.3788,-0.0774,-2.1655,-0.2116,-0.0774,-0.0346,114,0.1000,114,0,1.0000,0.0000,0.0000,-6.0424,-1.0581,-0.0154,-5.8416,1.3694,0.0000,1,0.1119,0.0548,11.8993,-0.0008,1.000,70.00,342.76
12.0102,UKF,smooth,0.500,10.00,0.050,1,0.600,1,6.5804,9.3323,2.7518,1.8380,0.4105,0.1809,0.0952,6.0000,6.2740,1.3947,0.7774,0.6266,-81.5691,-26.5986,-84.1847,-26.6752,-83.9714,-26.8093,-81.6788,-26.6839,-70.9255,-26.0347,-2.6156,-0.0766,-2.4023,-0.2108,-0.1097,-0.0853,114,0.1100,114,0,1.0000,0.0000,0.0000,-6.1544,-1.0193,0.0280,-5.8368,1.3897,0.0000,1,0.1119,0.0548,11.8993,-0.0008,1.000,70.00,342.76
12.0202,UKF,smooth,0.500,10.00,0.050,1,0.600,1,6.5801,9.3236,2.7435,1.8758,0.4105,0.1809,0.0953,6.0000,6.2740,1.3947,1.1241,0.6266,-81.3325,-26.6066,-84.1847,-26.6752,-83.9714,-26.8093,-81.4772,-26.7429,-70.7187,-26.3375,-2.8523,-0.0686,-2.6389,-0.2027,-0.1447,-0.1363,114,0.1200,114,0,1.0000,0.0000,0.0000,-6.2662,-0.9800,0.0663,-5.8320,1.4101,0.0000,1,0.0952,0.0563,11.8993,0.0015,1.000,70.00,342.76
12.0302,UKF,smooth,0.500,10.00,0.050,1,0.600,1,6.5789,9.3128,2.7339,1.9144,0.4105,0.1809,0.0954,6.0000,6.2740,1.3949,1.4790,0.6266,-81.0959,-26.6213,-84.1847,-26.6752,-83.9714,-26.8093,-81.2784,-26.8071,-70.5105,-26.6279,-3.0889,-0.0539,-2.8755,-0.1881,-0.1826,-0.1858,114,0.1300,114,0,1.0000,0.0000,0.0000,-6.3783,-0.9402,0.0969,-5.8270,1.4304,0.0000,1,0.0952,0.0563,11.8993,0.0015,1.000,70.00,342.76
12.0402,UKF,smooth,0.500,10.00,0.050,1,0.600,1,6.5768,9.2996,2.7228,1.9539,0.4105,0.1809,0.0955,6.0000,6.2740,1.3950,1.8250,0.6267,-80.8593,-26.6417,-84.1847,-26.6752,-83.9714,-26.8093,-81.0826,-26.8726,-70.3009,-26.8937,-3.3255,-0.0334,-3.1121,-0.1676,-0.2233,-0.2309,114,0.1400,114,0,1.0000,0.0000,0.0000,-6.4906,-0.8998,0.1165,-5.8220,1.4507,0.0000,1,0.0952,0.0563,11.8993,0.0015,1.000,70.00,342.76
12.0502,UKF,smooth,0.500,10.00,0.050,1,0.600,1,6.5738,9.2834,2.7097,1.9941,0.4105,0.1809,0.0956,6.0000,6.2740,1.3952,2.1391,0.6268,-80.6226,-26.6667,-84.1847,-26.6752,-83.9714,-26.8093,-80.8895,-26.9334,-70.0900,-27.1140,-3.5622,-0.0084,-3.3488,-0.1426,-0.2669,-0.2666,114,0.1500,114,0,1.0000,0.0000,0.0000,-6.6028,-0.8589,0.1200,-5.8169,1.4709,0.0000,1,0.0952,0.0563,11.8993,0.0015,1.000,70.00,342.76
12.0602,UKF,smooth,0.500,10.00,0.050,1,0.600,1,6.5697,9.2637,2.6940,2.0350,0.4105,0.1809,0.0957,6.0000,6.2740,1.3954,2.3757,0.6270,-80.3856,-26.6941,-84.1847,-26.6752,-83.9714,-26.8093,-80.6992,-26.9760,-69.8796,-27.2418,-3.7991,0.0190,-3.5857,-0.1152,-0.3135,-0.2819,114,0.1600,114,0,1.0000,0.0000,0.0000,-6.7124,-0.8179,0.0965,-5.8118,1.4911,0.0000,1,0.0952,0.0563,11.8993,0.0015,1.000,70.00,342.76
12.0702,UKF,smooth,0.500,10.00,0.050,1,0.600,1,6.5644,9.2402,2.6758,2.0767,0.4105,0.1809,0.0958,6.0000,6.2740,1.3957,2.3898,0.6273,-80.1484,-26.7181,-84.1847,-26.6752,-83.9714,-26.8093,-80.5111,-26.9524,-69.6850,-27.0995,-4.0363,0.0430,-3.8230,-0.0912,-0.3627,-0.2342,114,0.1700,114,0,1.0000,0.0000,0.0000,-6.8008,-0.7804,0.0098,-5.8065,1.5113,0.0000,1,0.0952,0.0563,11.8993,0.0015,1.000,70.00,342.76
12.0802,UKF,smooth,0.500,10.00,0.050,1,0.600,1,6.5602,8.9275,2.3673,1.5865,0.4104,0.1795,0.0958,6.0000,5.5509,1.1319,3.0786,0.6277,-79.9105,-26.7237,-81.3325,-26.6066,-81.4807,-26.7417,-80.4859,-26.6990,-70.0413,-26.1447,-1.4220,0.1171,-1.5702,-0.0180,-0.5754,0.0248,115,0.0600,115,0,1.0000,0.0000,0.0000,-6.6269,-0.7930,-0.1344,-5.8012,1.5315,0.0000,1,0.0952,0.0563,12.0217,0.0015,1.000,70.00,342.76
12.0902,UKF,smooth,0.500,10.00,0.050,1,0.600,1,6.5581,8.9310,2.3729,1.6183,0.4104,0.1795,0.0960,6.0000,5.5509,1.1320,3.3586,0.6280,-79.6718,-26.7179,-81.3325,-26.6066,-81.4807,-26.7417,-80.2940,-26.6398,-70.0691,-25.6637,-1.6606,0.1113,-1.8089,-0.0238,-0.6222,0.0782,115,0.0700,115,0,1.0000,0.0000,0.0000,-6.3853,-0.8196,-0.1545,-5.7959,1.5517,0.0000,1,0.0952,0.0563,12.0217,0.0015,1.000,70.00,342.76
12.1002,UKF,smooth,0.500,10.00,0.050,1,0.600,1,6.5583,8.9401,2.3818,1.6510,0.4104,0.1795,0.0961,6.0000,5.5509,1.1320,3.6615,0.6282,-79.4327,-26.7042,-81.3325,-26.6066,-81.4807,-26.7417,-80.1042,-26.5844,-70.0988,-25.3329,-1.8998,0.0976,-2.0480,-0.0375,-0.6715,0.1198,115,0.0800,115,0,1.0000,0.0000,0.0000,-6.1463,-0.8466,-0.1309,-5.7905,1.5718,0.0000,1,0.0952,0.0563,12.0217,0.0015,1.000,70.00,342.76
12.1102,UKF,smooth,0.500,10.00,0.050,1,0.600,1,6.5609,8.9543,2.3935,1.6846,0.4104,0.1795,0.0962,6.0000,5.5509,1.1320,3.9701,0.6282,-79.1933,-26.6854,-81.3325,-26.6066,-81.4807,-26.7417,-79.9167,-26.5368,-70.1259,-25.1289,-2.1391,0.0788,-2.2874,-0.0563,-0.7234,0.1487,115,0.0900,115,0,1.0000,0.0000,0.0000,-5.9169,-0.8726,-0.0747,-5.7850,1.5919,0.0000,1,0.0952,0.0563,12.0217,0.0015,1.000,70.00,342.76
12.1202,UKF,smooth,0.500,10.00,0.050,1,0.600,1,6.5658,8.9731,2.4073,1.7192,0.4104,0.1795,0.0963,6.0000,5.5509,1.1319,4.2586,0.6280,-78.9540,-26.6664,-81.3325,-26.6066,-81.4807,-26.7417,-79.7320,-26.5161,-70.1407,-25.1284,-2.3785,0.0598,-2.5267,-0.0753,-0.7781,0.1503,115,0.1000,115,0,1.0000,0.0000,0.0000,-5.7129,-0.8942,0.0285,-5.7794,1.6120,0.0000,1,0.0933,0.0446,12.0217,0.0007,1.000,70.00,342.76
12.1302,UKF,smooth,0.500,10.00,0.050,1,0.600,1,6.5718,8.9819,2.4101,1.7546,0.4104,0.1795,0.0964,6.0000,5.5509,1.1316,4.5016,0.6276,-78.7150,-26.6601,-81.3325,-26.6066,-81.4807,-26.7417,-79.5538,-26.5980,-70.0508,-25.6839,-2.6175,0.0535,-2.7657,-0.0816,-0.8389,0.0621,115,0.1100,115,0,1.0000,0.0000,0.0000,-5.6910,-0.8777,0.2046,-5.7738,1.6320,0.0000,1,0.0933,0.0446,12.0217,0.0007,1.000,70.00,342.76
12.1402,UKF,smooth,0.500,10.00,0.050,1,0.600,1,6.5768,8.9691,2.3923,1.7909,0.4104,0.1795,0.0965,6.0000,5.5509,1.1314,4.8431,0.6272,-78.4766,-26.6596,-81.3325,-26.6066,-81.4807,-26.7417,-79.3821,-26.6388,-69.8795,-25.9328,-2.8558,0.0530,-3.0041,-0.0821,-0.9054,0.0207,115,0.1200,115,0,1.0000,0.0000,0.0000,-5.8091,-0.8308,0.2205,-5.7681,1.6520,0.0000,1,0.0933,0.0446,12.0217,0.0007,1.000,70.00,342.76
12.1502,UKF,smooth,0.500,10.00,0.050,1,0.600,1,6.5807,8.9520,2.3713,1.8281,0.4104,0.1795,0.0967,6.0000,5.5509,1.1312,5.2118,0.6269,-78.2388,-26.6614,-81.3325,-26.6066,-81.4807,-26.7417,-79.2136,-26.6555,-69.7091,-26.0309,-3.0936,0.0548,-3.2419,-0.0803,-0.9747,0.0059,115,0.1300,115,0,1.0000,0.0000,0.0000,-5.9249,-0.7839,0.1925,-5.7623,1.6720,0.0000,1,0.0933,0.0446,12.0217,0.0007,1.000,70.00,342.76
12.1602,UKF,smooth,0.500,10.00,0.050,1,0.600,1,6.5834,8.9321,2.3486,1.8661,0.4104,0.1795,0.0968,6.0000,5.5509,1.1311,5.5966,0.6268,-78.0014,-26.6640,-81.3325,-26.6066,-81.4807,-26.7417,-79.0482,-26.6612,-69.5411,-26.0667,-3.3310,0.0574,-3.4793,-0.0777,-1.0468,0.0028,115,0.1400,115,0,1.0000,0.0000,0.0000,-6.0364,-0.7375,0.1483,-5.7565,1.6919,0.0000,1,0.0933,0.0446,12.0217,0.0007,1.000,70.00,342.76
12.1702,UKF,smooth,0.500,10.00,0.050,1,0.600,1,6.5849,8.6010,2.0161,1.4674,0.4121,0.1783,0.0985,6.0000,4.8859,1.1746,1.2516,0.6267,-77.7644,-26.6668,-78.9540,-26.6664,-78.8248,-26.8255,-77.6442,-26.8464,-63.6466,-26.9610,-1.1896,0.0004,-1.0604,-0.1587,0.1201,-0.1796,116,0.0500,116,0,1.0000,0.0000,0.0000,-6.1443,-0.6913,0.0963,-5.7506,1.7118,0.0000,1,0.0933,0.0446,12.1209,0.0007,1.000,70.00,342.76
12.1802,UKF,smooth,0.500,10.00,0.050,1,0.600,1,6.5852,8.5809,1.9957,1.4967,0.4121,0.1783,0.0986,6.0000,4.8859,1.1747,1.3631,0.6267,-77.5276,-26.6693,-78.9540,-26.6664,-78.8248,-26.8255,-77.3909,-26.8617,-63.3268,-26.9564,-1.4264,0.0029,-1.2972,-0.1562,0.1367,-0.1924,116,0.0600,116,0,1.0000,0.0000,0.0000,-6.2497,-0.6453,0.0401,-5.7447,1.7317,0.0000,1,0.0933,0.0446,12.1209,0.0007,1.000,70.00,342.76
12.1902,UKF,smooth,0.500,10.00,0.050,1,0.600,1,6.5844,8.5585,1.9741,1.5270,0.4121,0.1783,0.0987,6.0000,4.8859,1.1748,1.4651,0.6268,-77.2910,-26.6713,-78.9540,-26.6664,-78.8248,-26.8255,-77.1397,-26.8756,-63.0040,-26.9413,-1.6630,0.0049,-1.5338,-0.1542,0.1512,-0.2043,116,0.0700,116,0,1.0000,0.0000,0.0000,-6.3531,-0.5993,-0.0179,-5.7387,1.7515,0.0000,1,0.0933,0.0446,12.1209,0.0007,1.000,70.00,342.76
12.2002,UKF,smooth,0.500,10.00,0.050,1,0.600,1,6.5824,8.5338,1.9514,1.5583,0.4121,0.1783,0.0989,6.0000,4.8859,1.1751,1.5595,0.6271,-77.0544,-26.6727,-78.9540,-26.6664,-78.8248,-26.8255,-76.8907,-26.8886,-62.6776,-26.9228,-1.8996,0.0063,-1.7703,-0.1528,0.1637,-0.2159,116,0.0800,116,0,1.0000,0.0000,0.0000,-6.4551,-0.5530,-0.0759,-5.7326,1.7713,0.0000,1,0.0933,0.0446,12.1209,0.0007,1.000,70.00,342.76
12.2102,UKF,smooth,0.500,10.00,0.050,1,0.600,1,6.5792,8.5068,1.9276,1.5905,0.4121,0.1783,0.0990,6.0000,4.8859,1.1754,1.6509,0.6274,-76.8179,-26.6737,-78.9540,-26.6664,-78.8248,-26.8255,-76.6437,-26.9017,-62.3466,-26.9090,-2.1361,0.0073,-2.0069,-0.1518,0.1741,-0.2280,116,0.0900,116,0,1.0000,0.0000,0.0000,-6.5563,-0.5065,-0.1321,-5.7264,1.7911,0.0000,1,0.0933,0.0446,12.1209,0.0007,1.000,70.00,342.76
12.2202,UKF,smooth,0.500,10.00,0.050,1,0.600,1,6.5749,8.4778,1.9029,1.6237,0.4121,0.1783,0.0991,6.0000,4.8859,1.1759,1.7487,0.6278,-76.5813,-26.6746,-78.9540,-26.6664,-78.8248,-26.8255,-76.3987,-26.9173,-62.0097,-26.9135,-2.3727,0.0082,-2.2435,-0.1509,0.1825,-0.2427,116,0.1000,116,0,1.0000,0.0000,0.0000,-6.6576,-0.4595,-0.1836,-5.7202,1.8108,0.0000,1,0.0853,0.0526,12.1209,-0.0008,1.000,70.00,342.76
12.2302,UKF,smooth,0.500,10.00,0.050,1,0.600,1,6.5695,8.4468,1.8773,1.6579,0.4121,0.1783,0.0992,6.0000,4.8859,1.1764,1.8777,0.6283,-76.3445,-26.6765,-78.9540,-26.6664,-78.8248,-26.8255,-76.1557,-26.9413,-61.6645,-26.9680,-2.6095,0.0101,-2.4803,-0.1490,0.1888,-0.2648,116,0.1100,116,0,1.0000,0.0000,0.0000,-6.7606,-0.4115,-0.2237,-5.7139,1.8305,0.0000,1,0.0853,0.0526,12.1209,-0.0008,1.000,70.00,342.76
12.2402,UKF,smooth,0.500,10.00,0.050,1,0.600,1,6.5631,8.4154,1.8522,1.6929,0.4121,0.1783,0.0993,6.0000,4.8859,1.1770,2.1517,0.6289,-76.1075,-26.6826,-78.9540,-26.6664,-78.8248,-26.8255,-75.9145,-26.9984,-61.3078,-27.2054,-2.8465,0.0162,-2.7172,-0.1429,0.1930,-0.3158,116,0.1200,116,0,1.0000,0.0000,0.0000,-6.8672,-0.3621,-0.2223,-5.7076,1.8502,0.0000,1,0.0853,0.0526,12.1209,-0.0008,1.000,70.00,342.76
12.2502,UKF,smooth,0.500,10.00,0.050,1,0.600,1,6.5590,8.4230,1.8640,1.7288,0.4121,0.1783,0.0994,6.0000,4.8859,1.1774,2.4922,0.6292,-75.8699,-26.6941,-78.9540,-26.6664,-78.8248,-26.8255,-75.6728,-27.0718,-61.3033,-27.5109,-3.0841,0.0277,-2.9548,-0.1314,0.1971,-0.3777,116,0.1300,116,0,1.0000,0.0000,0.0000,-6.7056,-0.3830,-0.0679,-5.7012,1.8698,0.0000,1,0.0853,0.0526,12.1209,-0.0008,1.000,70.00,342.76
12.2602,UKF,smooth,0.500,10.00,0.050,1,0.600,1,6.5573,8.4382,1.8809,1.7655,0.4121,0.1783,0.0996,6.0000,4.8859,1.1776,2.4403,0.6294,-75.6318,-26.7034,-78.9540,-26.6664,-78.8248,-26.8255,-75.4331,-27.0709,-61.3801,-27.4123,-3.3222,0.0370,-3.1930,-0.1221,0.1986,-0.3675,116,0.1400,116,0,1.0000,0.0000,0.0000,-6.4862,-0.4201,0.0193,-5.6947,1.8894,0.0000,1,0.0853,0.0526,12.1209,-0.0008,1.000,70.00,342.76
12.2702,UKF,smooth,0.500,10.00,0.050,1,0.600,1,6.5581,8.4578,1.8997,1.8032,0.4121,0.1783,0.0997,6.0000,4.8859,1.1776,2.2632,0.6294,-75.3932,-26.7085,-78.9540,-26.6664,-78.8248,-26.8255,-75.1964,-27.0436,-61.4703,-27.2092,-3.5607,0.0421,-3.4315,-0.1170,0.1969,-0.3351,116,0.1500,116,0,1.0000,0.0000,0.0000,-6.2597,-0.4600,0.0851,-5.6882,1.9090,0.0000,1,0.0853,0.0526,12.1209,-0.0008,1.000,70.00,342.76
12.2802,UKF,smooth,0.500,10.00,0.050,1,0.600,1,6.5612,8.1712,1.6100,1.3870,0.4131,0.1771,0.1008,6.0000,4.5670,1.6463,0.9165,0.6292,-75.1545,-26.7080,-76.5813,-26.6746,-76.2909,-26.7661,-74.9912,-26.6613,-61.3827,-25.5368,-1.4267,0.0334,-1.1364,-0.0580,0.1633,0.0467,117,0.0600,117,0,1.0000,0.0000,0.0000,-6.0309,-0.5015,0.1358,-5.6816,1.9285,0.0000,1,0.0853,0.0526,12.2194,-0.0008,1.000,70.00,342.76
12.2902,UKF,smooth,0.500,10.00,0.050,1,0.600,1,6.5666,8.1708,1.6042,1.4164,0.4131,0.1771,0.1009,6.0000,4.5670,1.6462,1.0319,0.6288,-74.9159,-26.7000,-76.5813,-26.6746,-76.2909,-26.7661,-74.7504,-26.6113,-61.4433,-25.1840,-1.6654,0.0254,-1.3750,-0.0661,0.1655,0.0887,117,0.0700,117,0,1.0000,0.0000,0.0000,-5.7993,-0.5447,0.1611,-5.6750,1.9480,0.0000,1,0.0853,0.0526,12.2194,-0.0008,1.000,70.00,342.76
12.3002,UKF,smooth,0.500,10.00,0.050,1,0.600,1,6.5708,8.1465,1.5757,1.4469,0.4131,0.1771,0.1011,6.0000,4.5670,1.6461,1.1098,0.6286,-74.6779,-26.6884,-76.5813,-26.6746,-76.2909,-26.7661,-74.5140,-26.5745,-61.1559,-24.9643,-1.9034,0.0137,-1.6130,-0.0777,0.1639,0.1138,117,0.0800,117,0,1.0000,0.0000,0.0000,-5.8905,-0.4966,0.0683,-5.6683,1.9674,0.0000,1,0.0853,0.0526,12.2194,-0.0008,1.000,70.00,342.76
12.3102,UKF,smooth,0.500,10.00,0.050,1,0.600,1,6.5737,8.1199,1.5462,1.4785,0.4131,0.1771,0.1012,6.0000,4.5670,1.6460,1.1099,0.6286,-74.4404,-26.6768,-76.5813,-26.6746,-76.2909,-26.7661,-74.2801,-26.5589,-60.8467,-24.9240,-2.1409,0.0022,-1.8505,-0.0893,0.1603,0.1179,117,0.0900,117,0,1.0000,0.0000,0.0000,-5.9969,-0.4436,0.0150,-5.6615,1.9868,0.0000,1,0.1070,0.0544,12.2194,0.0015,1.000,70.00,342.76
12.3202,UKF,smooth,0.500,10.00,0.050,1,0.600,1,6.5755,8.0913,1.5158,1.5111,0.4131,0.1771,0.1013,6.0000,4.5670,1.6461,1.0698,0.6286,-74.2033,-26.6665,-76.5813,-26.6746,-76.2909,-26.7661,-74.0486,-26.5532,-60.5293,-24.9465,-2.3779,-0.0081,-2.0876,-0.0996,0.1547,0.1133,117,0.1000,117,0,1.0000,0.0000,0.0000,-6.1055,-0.3896,-0.0243,-5.6547,2.0062,0.0000,1,0.1070,0.0544,12.2194,0.0015,1.000,70.00,342.76
12.3302,UKF,smooth,0.500,10.00,0.050,1,0.600,1,6.5762,8.0608,1.4846,1.5447,0.4131,0.1771,0.1014,6.0000,4.5670,1.6462,0.9924,0.6287,-73.9667,-26.6583,-76.5813,-26.6746,-76.2909,-26.7661,-73.8193,-26.5575,-60.2048,-25.0197,-2.6146,-0.0163,-2.3242,-0.1078,0.1473,0.1009,117,0.1100,117,0,1.0000,0.0000,0.0000,-6.2147,-0.3348,-0.0529,-5.6478,2.0255,0.0000,1,0.1070,0.0544,12.2194,0.0015,1.000,70.00,342.76
12.3402,UKF,smooth,0.500,10.00,0.050,1,0.600,1,6.5758,8.0285,1.4527,1.5793,0.4131,0.1771,0.1015,6.0000,4.5670,1.6463,0.8787,0.6288,-73.7303,-26.6531,-76.5813,-26.6746,-76.2909,-26.7661,-73.5923,-26.5734,-59.8733,-25.1444,-2.8510,-0.0215,-2.5606,-0.1130,0.1380,0.0797,117,0.1200,117,0,1.0000,0.0000,0.0000,-6.3239,-0.2795,-0.0711,-5.6408,2.0448,0.0000,1,0.1070,0.0544,12.2194,0.0015,1.000,70.00,342.76
12.3502,UKF,smooth,0.500,10.00,0.050,1,0.600,1,6.5744,7.9947,1.4203,1.6148,0.4131,0.1771,0.1017,6.0000,4.5670,1.6465,0.7363,0.6290,-73.4941,-26.6517,-76.5813,-26.6746,-76.2909,-26.7661,-73.3673,-26.6037,-59.5353,-25.3275,-3.0871,-0.0229,-2.7968,-0.1144,0.1268,0.0480,117,0.1300,117,0,1.0000,0.0000,0.0000,-6.4325,-0.2239,-0.0782,-5.6338,2.0640,0.0000,1,0.1070,0.0544,12.2194,0.0015,1.000,70.00,342.76
12.3602,UKF,smooth,0.500,10.00,0.050,1,0.600,1,6.5720,7.9598,1.3877,1.6513,0.4131,0.1771,0.1018,6.0000,4.5670,1.6467,0.6077,0.6293,-73.2580,-26.6551,-76.5813,-26.6746,-76.2909,-26.7661,-73.1444,-26.6523,-59.1911,-25.5819,-3.3232,-0.0195,-3.0329,-0.1110,0.1136,0.0028,117,0.1400,117,0,1.0000,0.0000,0.0000,-6.5399,-0.1681,-0.0720,-5.6267,2.0832,0.0000,1,0.1070,0.0544,12.2194,0.0015,1.000,70.00,342.76
12.3702,UKF,smooth,0.500,10.00,0.050,1,0.600,1,6.5688,8.1646,1.5958,1.3078,0.4130,0.1775,0.1018,6.0000,4.8768,1.2994,1.1057,0.6295,-73.0220,-26.6646,-74.4404,-26.6768,-74.2253,-26.5758,-72.8258,-26.6064,-59.3909,-26.0247,-1.4184,-0.0122,-1.2033,0.0888,0.1962,0.0583,118,0.0600,118,0,1.0000,0.0000,0.0000,-6.6447,-0.1126,-0.0477,-5.6196,2.1024,0.0000,1,0.1070,0.0544,12.3117,0.0015,1.000,70.00,342.76
12.3802,UKF,smooth,0.500,10.00,0.050,1,0.600,1,6.5649,8.1418,1.5769,1.3365,0.4130,0.1775,0.1019,6.0000,4.8768,1.2994,1.0422,0.6298,-72.7859,-26.6824,-74.4404,-26.6768,-74.2253,-26.5758,-72.5935,-26.6543,-59.0805,-26.4317,-1.6545,0.0056,-1.4394,0.1066,0.1924,0.0281,118,0.0700,118,0,1.0000,0.0000,0.0000,-6.7415,-0.0592,0.0078,-5.6124,2.1215,0.0000,1,0.1070,0.0544,12.3117,0.0015,1.000,70.00,342.76
12.3902,UKF,smooth,0.500,10.00,0.050,1,0.600,1,6.5614,8.1259,1.5644,1.3664,0.4130,0.1775,0.1021,6.0000,4.8768,1.2995,1.0135,0.6299,-72.5496,-26.7128,-74.4404,-26.6768,-74.2253,-26.5758,-72.3632,-26.7443,-58.8459,-27.0917,-1.8908,0.0361,-1.6757,0.1370,0.1864,-0.0314,118,0.0800,118,0,1.0000,0.0000,0.0000,-6.7716,-0.0268,0.1556,-5.6052,2.1405,0.0000,1,0.1070,0.0544,12.3117,0.0015,1.000,70.00,342.76
12.4002,UKF,smooth,0.500,10.00,0.050,1,0.600,1,6.5602,8.1266,1.5665,1.3973,0.4130,0.1775,0.1022,6.0000,4.8768,1.2996,0.9941,0.6299,-72.3128,-26.7325,-74.4404,-26.6768,-74.2253,-26.5758,-72.1339,-26.6869,-58.9355,-26.5607,-2.1276,0.0557,-1.9125,0.1567,0.1789,0.0456,118,0.0900,118,0,1.0000,0.0000,0.0000,-6.5331,-0.0828,0.1439,-5.5979,2.1596,0.0000,1,0.1070,0.0544,12.3117,0.0015,1.000,70.00,342.76
12.4102,UKF,smooth,0.500,10.00,0.050,1,0.600,1,6.5607,8.1277,1.5670,1.4294,0.4130,0.1775,0.1023,6.0000,4.8768,1.2997,1.3005,0.6299,-72.0757,-26.7372,-74.4404,-26.6768,-74.2253,-26.5758,-71.9075,-26.5802,-59.0117,-25.8156,-2.3647,0.0604,-2.1496,0.1614,0.1682,0.1570,118,0.1000,118,0,1.0000,0.0000,0.0000,-6.3106,-0.1345,0.0722,-5.5905,2.1786,0.0000,1,0.1070,0.0544,12.3117,0.0015,1.000,70.00,342.76
12.4202,UKF,smooth,0.500,10.00,0.050,1,0.600,1,6.5627,8.1287,1.5660,1.4624,0.4130,0.1775,0.1024,6.0000,4.8768,1.2997,1.9272,0.6299,-71.8385,-26.7253,-74.4404,-26.6768,-74.2253,-26.5758,-71.6842,-26.4342,-59.0697,-24.9663,-2.6018,0.0485,-2.3867,0.1495,0.1543,0.2911,118,0.1100,118,0,1.0000,0.0000,0.0000,-6.1086,-0.1801,-0.0329,-5.5831,2.1975,0.0000,1,0.0819,0.0423,12.3117,0.0016,1.000,70.00,342.76
12.4302,UKF,smooth,0.500,10.00,0.050,1,0.600,1,6.5654,8.1246,1.5592,1.4964,0.4130,0.1775,0.1026,6.0000,4.8768,1.2997,2.7840,0.6300,-71.6016,-26.6952,-74.4404,-26.6768,-74.2253,-26.5758,-71.4645,-26.2463,-59.0784,-24.0075,-2.8388,0.0184,-2.6237,0.1194,0.1371,0.4489,118,0.1200,118,0,1.0000,0.0000,0.0000,-5.9559,-0.2097,-0.1843,-5.5756,2.2164,0.0000,1,0.0819,0.0423,12.3117,0.0016,1.000,70.00,342.76
12.4402,UKF,smooth,0.500,10.00,0.050,1,0.600,1,6.5671,8.0980,1.5309,1.5314,0.4130,0.1775,0.1027,6.0000,4.8768,1.2997,2.5600,0.6302,-71.3652,-26.6686,-74.4404,-26.6768,-74.2253,-26.5758,-71.2498,-26.2533,-58.7984,-24.1367,-3.0752,-0.0082,-2.8601,0.0928,0.1154,0.4153,118,0.1300,118,0,1.0000,0.0000,0.0000,-6.0658,-0.1488,-0.1968,-5.5681,2.2352,0.0000,1,0.0819,0.0423,12.3117,0.0016,1.000,70.00,342.76
12.4502,UKF,smooth,0.500,10.00,0.050,1,0.600,1,6.5683,8.0780,1.5096,1.5674,0.4130,0.1775,0.1028,6.0000,4.8768,1.2997,1.9062,0.6303,-71.1292,-26.6524,-74.4404,-26.6768,-74.2253,-26.5758,-71.0375,-26.3445,-58.5385,-24.6715,-3.3111,-0.0244,-3.0961,0.0766,0.0917,0.3079,118,0.1400,118,0,1.0000,0.0000,0.0000,-6.1547,-0.0948,-0.1095,-5.5605,2.2540,0.0000,1,0.0819,0.0423,12.3117,0.0016,1.000,70.00,342.76
12.4602,UKF,smooth,0.500,10.00,0.050,1,0.600,1,6.5692,8.0585,1.4892,1.6042,0.4130,0.1775,0.1030,6.0000,4.8768,1.2998,1.1826,0.6303,-70.8936,-26.6471,-74.4404,-26.6768,-74.2253,-26.5758,-70.8278,-26.4585,-58.2828,-25.2556,-3.5467,-0.0296,-3.3316,0.0713,0.0659,0.1887,118,0.1500,118,0,1.0000,0.0000,0.0000,-6.2373,-0.0425,-0.0137,-5.5529,2.2728,0.0000,1,0.0819,0.0423,12.3117,0.0016,1.000,70.00,342.76
12.4702,UKF,smooth,0.500,10.00,0.050,1,0.600,1,6.5697,8.2025,1.6328,1.2835,0.4126,0.1773,0.1027,6.0000,4.9918,2.1501,2.3427,0.6303,-70.6583,-26.6521,-71.8385,-26.7253,-71.4549,-26.8341,-70.3420,-26.9235,-57.3789,-27.7729,-1.1802,-0.0732,-0.7965,-0.1819,0.3163,-0.2713,119,0.0500,119,0,1.0000,0.0000,0.0000,-6.3238,0.0116,0.0723,-5.5452,2.2915,0.0000,1,0.0819,0.0423,12.4218,0.0016,1.000,70.00,342.76
12.4802,UKF,smooth,0.500,10.00,0.050,1,0.600,1,6.5696,8.1886,1.6190,1.3122,0.4126,0.1773,0.1028,6.0000,4.9918,2.1502,2.5885,0.6303,-70.4233,-26.6660,-71.8385,-26.7253,-71.4549,-26.8341,-70.1072,-26.9942,-57.0941,-28.2203,-1.4152,-0.0593,-1.0316,-0.1680,0.3161,-0.3281,119,0.0600,119,0,1.0000,0.0000,0.0000,-6.4183,0.0691,0.1363,-5.5374,2.3102,0.0000,1,0.0819,0.0423,12.4218,0.0016,1.000,70.00,342.76
12.4902,UKF,smooth,0.500,10.00,0.050,1,0.600,1,6.5686,8.1718,1.6032,1.3420,0.4126,0.1773,0.1029,6.0000,4.9918,2.1502,2.8216,0.6303,-70.1884,-26.6864,-71.8385,-26.7253,-71.4549,-26.8341,-69.8750,-27.0662,-56.7964,-28.5735,-1.6501,-0.0389,-1.2665,-0.1477,0.3134,-0.3799,119,0.0700,119,0,1.0000,0.0000,0.0000,-6.5207,0.1299,0.1646,-5.5296,2.3288,0.0000,1,0.0819,0.0423,12.4218,0.0016,1.000,70.00,342.76
12.5002,UKF,smooth,0.500,10.00,0.050,1,0.600,1,6.5665,8.1514,1.5848,1.3728,0.4126,0.1773,0.1030,6.0000,4.9918,2.1504,2.9720,0.6303,-69.9536,-26.7089,-71.8385,-26.7253,-71.4549,-26.8341,-69.6452,-27.1227,-56.4941,-28.7389,-1.8849,-0.0164,-1.5013,-0.1251,0.3085,-0.4137,119,0.0800,119,0,1.0000,0.0000,0.0000,-6.6225,0.1911,0.1389,-5.5218,2.3473,0.0000,1,0.0819,0.0423,12.4218,0.0016,1.000,70.00,342.76
12.5102,UKF,smooth,0.500,10.00,0.050,1,0.600,1,6.5634,8.1282,1.5648,1.4047,0.4126,0.1773,0.1032,6.0000,4.9918,2.1506,2.8946,0.6305,-69.7188,-26.7261,-71.8385,-26.7253,-71.4549,-26.8341,-69.4177,-27.1286,-56.2250,-28.5264,-2.1197,0.0008,-1.7361,-0.1080,0.3012,-0.4025,119,0.0900,119,0,1.0000,0.0000,0.0000,-6.6926,0.2408,0.0318,-5.5139,2.3659,0.0000,1,0.0847,0.0406,12.4218,0.0014,1.000,70.00,342.76
12.5202,UKF,smooth,0.500,10.00,0.050,1,0.600,1,6.5602,8.1137,1.5536,1.4376,0.4126,0.1773,0.1033,6.0000,4.9918,2.1509,2.3923,0.6309,-69.4838,-26.7257,-71.8385,-26.7253,-71.4549,-26.8341,-69.1922,-27.0295,-56.1429,-27.6711,-2.3547,0.0004,-1.9710,-0.1084,0.2916,-0.3038,119,0.1000,119,0,1.0000,0.0000,0.0000,-6.6095,0.2322,-0.1477,-5.5059,2.3843,0.0000,1,0.0847,0.0406,12.4218,0.0014,1.000,70.00,342.76
12.5302,UKF,smooth,0.500,10.00,0.050,1,0.600,1,6.5589,8.1207,1.5617,1.4715,0.4126,0.1773,0.1034,6.0000,4.9918,2.1511,2.0134,0.6312,-69.2486,-26.7120,-71.8385,-26.7253,-71.4549,-26.8341,-68.9693,-26.9381,-56.2408,-27.0072,-2.5899,-0.0133,-2.2063,-0.1221,0.2794,-0.2261,119,0.1100,119,0,1.0000,0.0000,0.0000,-6.3819,0.1673,-0.1952,-5.4979,2.4028,0.0000,1,0.0847,0.0406,12.4218,0.0014,1.000,70.00,342.76
12.5402,UKF,smooth,0.500,10.00,0.050,1,0.600,1,6.5601,8.1364,1.5763,1.5064,0.4126,0.1773,0.1036,6.0000,4.9918,2.1512,1.8639,0.6313,-69.0133,-26.6923,-71.8385,-26.7253,-71.4549,-26.8341,-68.7496,-26.8965,-56.3410,-26.7258,-2.8252,-0.0330,-2.4416,-0.1417,0.2637,-0.2041,119,0.1200,119,0,1.0000,0.0000,0.0000,-6.1558,0.1020,-0.1481,-5.4898,2.4211,0.0000,1,0.0847,0.0406,12.4218,0.0014,1.000,70.00,342.76
12.5502,UKF,smooth,0.500,10.00,0.050,1,0.600,1,6.5636,8.1563,1.5927,1.5422,0.4126,0.1773,0.1037,6.0000,4.9918,2.1512,1.9818,0.6313,-68.7783,-26.6744,-71.8385,-26.7253,-71.4549,-26.8341,-68.5337,-26.9236,-56.3991,-26.8335,-3.0603,-0.0509,-2.6766,-0.1597,0.2446,-0.2492,119,0.1300,119,0,1.0000,0.0000,0.0000,-5.9701,0.0518,-0.0260,-5.4817,2.4395,0.0000,1,0.0847,0.0406,12.4218,0.0014,1.000,70.00,342.76
12.5602,UKF,smooth,0.500,10.00,0.050,1,0.600,1,6.5681,8.2203,1.6522,1.2733,0.4131,0.1762,0.1044,6.0000,5.3844,3.1064,3.2771,0.6310,-68.5437,-26.6692,-69.7188,-26.7261,-69.2148,-26.9856,-68.0664,-27.0137,-55.7447,-26.6789,-1.1752,-0.0569,-0.6712,-0.3165,0.4773,-0.3446,120,0.0500,120,0,1.0000,0.0000,0.0000,-5.9460,0.0656,0.1501,-5.4735,2.4577,0.0000,1,0.0847,0.0406,12.5116,0.0014,1.000,70.00,342.76
12.5702,UKF,smooth,0.500,10.00,0.050,1,0.600,1,6.5719,8.2129,1.6410,1.3020,0.4131,0.1762,0.1045,6.0000,5.3844,3.1063,3.4395,0.6307,-68.3097,-26.6718,-69.7188,-26.7261,-69.2148,-26.9856,-67.8302,-27.0559,-55.4831,-27.0292,-1.4092,-0.0543,-0.9052,-0.3139,0.4795,-0.3841,120,0.0600,120,0,1.0000,0.0000,0.0000,-6.0477,0.1303,0.1951,-5.4653,2.4759,0.0000,1,0.0847,0.0406,12.5116,0.0014,1.000,70.00,342.76
12.5802,UKF,smooth,0.500,10.00,0.050,1,0.600,1,6.5745,8.2017,1.6271,1.3318,0.4131,0.1762,0.1047,6.0000,5.3844,3.1062,3.5370,0.6305,-68.0762,-26.6776,-69.7188,-26.7261,-69.2148,-26.9856,-67.5969,-27.0860,-55.2140,-27.1884,-1.6426,-0.0485,-1.1386,-0.3080,0.4793,-0.4084,120,0.0700,120,0,1.0000,0.0000,0.0000,-6.1532,0.1971,0.1793,-5.4571,2.4941,0.0000,1,0.0847,0.0406,12.5116,0.0014,1.000,70.00,342.76
12.5902,UKF,smooth,0.500,10.00,0.050,1,0.600,1,6.5760,8.1877,1.6116,1.3626,0.4131,0.1762,0.1048,6.0000,5.3844,3.1061,3.5893,0.6304,-67.8432,-26.6845,-69.7188,-26.7261,-69.2148,-26.9856,-67.3665,-27.1078,-54.9463,-27.2530,-1.8756,-0.0416,-1.3716,-0.3012,0.4767,-0.4233,120,0.0800,120,0,1.0000,0.0000,0.0000,-6.2539,0.2624,0.1379,-5.4487,2.5122,0.0000,1,0.0847,0.0406,12.5116,0.0014,1.000,70.00,342.76
12.6002,UKF,smooth,0.500,10.00,0.050,1,0.600,1,6.5764,8.1711,1.5948,1.3945,0.4131,0.1762,0.1049,6.0000,5.3844,3.1062,3.6052,0.6304,-67.6105,-26.6911,-69.7188,-26.7261,-69.2148,-26.9856,-67.1388,-27.1227,-54.6801,-27.2599,-2.1083,-0.0350,-1.6043,-0.2945,0.4717,-0.4316,120,0.0900,120,0,1.0000,0.0000,0.0000,-6.3498,0.3262,0.0826,-5.4404,2.5303,0.0000,1,0.1084,0.0522,12.5116,0.0002,1.000,70.00,342.76
12.6102,UKF,smooth,0.500,10.00,0.050,1,0.600,1,6.5755,8.1522,1.5767,1.4274,0.4131,0.1762,0.1051,6.0000,5.3844,3.1063,3.5891,0.6305,-67.3781,-26.6967,-69.7188,-26.7261,-69.2148,-26.9856,-66.9139,-27.1310,-54.4148,-27.2262,-2.3408,-0.0294,-1.8368,-0.2890,0.4641,-0.4343,120,0.1000,120,0,1.0000,0.0000,0.0000,-6.4415,0.3888,0.0190,-5.4320,2.5483,0.0000,1,0.1084,0.0522,12.5116,0.0002,1.000,70.00,342.76
12.6202,UKF,smooth,0.500,10.00,0.050,1,0.600,1,6.5735,8.1309,1.5574,1.4612,0.4131,0.1762,0.1052,6.0000,5.3844,3.1065,3.5442,0.6307,-67.1458,-26.7007,-69.7188,-26.7261,-69.2148,-26.9856,-66.6917,-27.1331,-54.1500,-27.1622,-2.5731,-0.0254,-2.0690,-0.2850,0.4541,-0.4325,120,0.1100,120,0,1.0000,0.0000,0.0000,-6.5299,0.4504,-0.0502,-5.4235,2.5663,0.0000,1,0.1084,0.0522,12.5116,0.0002,1.000,70.00,342.76
12.6302,UKF,smooth,0.500,10.00,0.050,1,0.600,1,6.5703,8.1073,1.5370,1.4960,0.4131,0.1762,0.1053,6.0000,5.3844,3.1069,3.4740,0.6311,-66.9136,-26.7027,-69.7188,-26.7261,-69.2148,-26.9856,-66.4720,-27.1296,-53.8851,-27.0760,-2.8052,-0.0233,-2.3012,-0.2829,0.4416,-0.4268,120,0.1200,120,0,1.0000,0.0000,0.0000,-6.6157,0.5114,-0.1226,-5.4150,2.5842,0.0000,1,0.1084,0.0522,12.5116,0.0002,1.000,70.00,342.76
12.6402,UKF,smooth,0.500,10.00,0.050,1,0.600,1,6.5659,8.0814,1.5155,1.5317,0.4131,0.1762,0.1055,6.0000,5.3844,3.1073,3.3863,0.6315,-66.6815,-26.7027,-69.7188,-26.7261,-69.2148,-26.9856,-66.2549,-27.1219,-53.6186,-26.9787,-3.0374,-0.0234,-2.5334,-0.2829,0.4266,-0.4192,120,0.1300,120,0,1.0000,0.0000,0.0000,-6.6997,0.5720,-0.1957,-5.4064,2.6020,0.0000,1,0.1084,0.0522,12.5116,0.0002,1.000,70.00,342.76
12.6502,UKF,smooth,0.500,10.00,0.050,1,0.600,1,6.5605,8.0534,1.4930,1.5683,0.4131,0.1762,0.1056,6.0000,5.3844,3.1077,3.3180,0.6321,-66.4493,-26.7013,-69.7188,-26.7261,-69.2148,-26.9856,-66.0404,-27.1192,-53.3465,-26.9156,-3.2695,-0.0248,-2.7655,-0.2843,0.4089,-0.4179,120,0.1400,120,0,1.0000,0.0000,0.0000,-6.7855,0.6339,-0.2607,-5.3978,2.6198,0.0000,1,0.1084,0.0522,12.5116,0.0002,1.000,70.00,342.76
12.6602,UKF,smooth,0.500,10.00,0.050,1,0.600,1,6.5574,8.4781,1.9206,1.3128,0.4128,0.1753,0.1055,6.0000,6.2932,3.1396,3.1629,0.6324,-66.2168,-26.6993,-67.6105,-26.6911,-67.1321,-26.9959,-65.7533,-27.0288,-54.4280,-26.4360,-1.3937,0.0082,-0.9153,-0.2966,0.4635,-0.3295,121,0.0600,121,0,1.0000,0.0000,0.0000,-6.5817,0.5667,-0.1569,-5.3892,2.6376,0.0000,1,0.1084,0.0522,12.6004,0.0002,1.000,70.00,342.76
12.6702,UKF,smooth,0.500,10.00,0.050,1,0.600,1,6.5568,8.4944,1.9375,1.3430,0.4128,0.1753,0.1056,6.0000,6.2932,3.1397,3.0808,0.6326,-65.9843,-26.6959,-67.6105,-26.6911,-67.1321,-26.9959,-65.5357,-27.0200,-54.4760,-26.3935,-1.6262,0.0048,-1.1479,-0.3000,0.4486,-0.3241,121,0.0700,121,0,1.0000,0.0000,0.0000,-6.3764,0.4980,-0.0607,-5.3805,2.6553,0.0000,1,0.1084,0.0522,12.6004,0.0002,1.000,70.00,342.76
12.6802,UKF,smooth,0.500,10.00,0.050,1,0.600,1,6.5586,8.5152,1.9566,1.3742,0.4128,0.1753,0.1057,6.0000,6.2932,3.1397,2.9937,0.6325,-65.7518,-26.6919,-67.6105,-26.6911,-67.1321,-26.9959,-65.3220,-27.0134,-54.5235,-26.3785,-1.8587,0.0008,-1.3803,-0.3040,0.4299,-0.3215,121,0.0800,121,0,1.0000,0.0000,0.0000,-6.1769,0.4311,0.0407,-5.3717,2.6729,0.0000,1,0.1084,0.0522,12.6004,0.0002,1.000,70.00,342.76
12.6902,UKF,smooth,0.500,10.00,0.050,1,0.600,1,6.5628,8.5402,1.9774,1.4064,0.4128,0.1753,0.1059,6.0000,6.2932,3.1396,2.9393,0.6323,-65.5196,-26.6893,-67.6105,-26.6911,-67.1321,-26.9959,-65.1122,-27.0199,-54.5618,-26.4510,-2.0909,-0.0018,-1.6125,-0.3066,0.4074,-0.3306,121,0.0900,121,0,1.0000,0.0000,0.0000,-5.9930,0.3704,0.1598,-5.3629,2.6905,0.0000,1,0.1084,0.0522,12.6004,0.0002,1.000,70.00,342.76
12.7002,UKF,smooth,0.500,10.00,0.050,1,0.600,1,6.5681,8.5578,1.9897,1.4396,0.4128,0.1753,0.1060,6.0000,6.2932,3.1392,3.2034,0.6318,-65.2880,-26.6990,-67.6105,-26.6911,-67.1321,-26.9959,-64.9064,-27.1124,-54.4779,-26.9903,-2.3225,0.0079,-1.8442,-0.2969,0.3816,-0.4135,121,0.1000,121,0,1.0000,0.0000,0.0000,-5.9585,0.3787,0.3360,-5.3541,2.7080,0.0000,1,0.1084,0.0522,12.6004,0.0002,1.000,70.00,342.76
12.7102,UKF,smooth,0.500,10.00,0.050,1,0.600,1,6.5721,8.5517,1.9796,1.4737,0.4128,0.1753,0.1061,6.0000,6.2932,3.1390,3.0824,0.6315,-65.0569,-26.7080,-67.6105,-26.6911,-67.1321,-26.9959,-64.7041,-27.1161,-54.2859,-26.9738,-2.5536,0.0169,-2.0752,-0.2879,0.3528,-0.4080,121,0.1100,121,0,1.0000,0.0000,0.0000,-6.0530,0.4474,0.2745,-5.3452,2.7255,0.0000,1,0.1108,0.0535,12.6004,-0.0004,1.000,70.00,342.76
12.7202,UKF,smooth,0.500,10.00,0.050,1,0.600,1,6.5749,8.5431,1.9681,1.5088,0.4128,0.1753,0.1063,6.0000,6.2932,3.1389,2.8677,0.6313,-64.8264,-26.7142,-67.6105,-26.6911,-67.1321,-26.9959,-64.5051,-27.0985,-54.1020,-26.8552,-2.7841,0.0231,-2.3057,-0.2817,0.3213,-0.3843,121,0.1200,121,0,1.0000,0.0000,0.0000,-6.1372,0.5118,0.1899,-5.3363,2.7429,0.0000,1,0.1108,0.0535,12.6004,-0.0004,1.000,70.00,342.76
12.7302,UKF,smooth,0.500,10.00,0.050,1,0.600,1,6.5765,8.5321,1.9555,1.5447,0.4128,0.1753,0.1064,6.0000,6.2932,3.1389,2.6129,0.6312,-64.5964,-26.7169,-67.6105,-26.6911,-67.1321,-26.9959,-64.3094,-27.0708,-53.9214,-26.7032,-3.0142,0.0258,-2.5358,-0.2791,0.2869,-0.3540,121,0.1300,121,0,1.0000,0.0000,0.0000,-6.2173,0.5746,0.0998,-5.3274,2.7603,0.0000,1,0.1108,0.0535,12.6004,-0.0004,1.000,70.00,342.76
12.7402,UKF,smooth,0.500,10.00,0.050,1,0.600,1,6.5769,8.5188,1.9418,1.5816,0.4128,0.1753,0.1065,6.0000,6.2932,3.1390,2.3368,0.6313,-64.3667,-26.7160,-67.6105,-26.6911,-67.1321,-26.9959,-64.1170,-27.0369,-53.7421,-26.5387,-3.2438,0.0249,-2.7655,-0.2800,0.2496,-0.3209,121,0.1400,121,0,1.0000,0.0000,0.0000,-6.2956,0.6370,0.0092,-5.3184,2.7776,0.0000,1,0.1108,0.0535,12.6004,-0.0004,1.000,70.00,342.76
12.7502,UKF,smooth,0.500,10.00,0.050,1,0.600,1,6.5762,8.5031,1.9270,1.6193,0.4128,0.1753,0.1067,6.0000,6.2932,3.1391,2.0532,0.6314,-64.1373,-26.7116,-67.6105,-26.6911,-67.1321,-26.9959,-63.9279,-26.9995,-53.5629,-26.3743,-3.4732,0.0205,-2.9948,-0.2843,0.2095,-0.2879,121,0.1500,121,0,1.0000,0.0000,0.0000,-6.3735,0.6996,-0.0792,-5.3093,2.7948,0.0000,1,0.1108,0.0535,12.6004,-0.0004,1.000,70.00,342.76
12.7602,UKF,smooth,0.500,10.00,0.050,1,0.600,1,6.5742,8.4852,1.9110,1.6579,0.4128,0.1753,0.1068,6.0000,6.2932,3.1394,1.7816,0.6318,-63.9082,-26.7043,-67.6105,-26.6911,-67.1321,-26.9959,-63.7418,-26.9625,-53.3823,-26.2242,-3.7023,0.0132,-3.2239,-0.2916,0.1664,-0.2582,121,0.1600,121,0,1.0000,0.0000,0.0000,-6.4523,0.7631,-0.1627,-5.3002,2.8120,0.0000,1,0.1108,0.0535,12.6004,-0.0004,1.000,70.00,342.76
12.7702,UKF,smooth,0.500,10.00,0.050,1,0.600,1,6.5711,8.8412,2.2701,1.3983,0.4121,0.1760,0.1062,6.0000,6.9798,2.2314,2.0400,0.6322,-63.6794,-26.6949,-65.0569,-26.7080,-64.9372,-27.0653,-63.7644,-27.0274,-54.8657,-26.2357,-1.3775,-0.0131,-1.2579,-0.3704,-0.0851,-0.3325,122,0.0600,122,0,1.0000,0.0000,0.0000,-6.5339,0.8284,-0.2368,-5.2911,2.8291,0.0000,1,0.1108,0.0535,12.7098,-0.0004,1.000,70.00,342.76
12.7802,UKF,smooth,0.500,10.00,0.050,1,0.600,1,6.5668,8.8400,2.2732,1.4302,0.4121,0.1760,0.1063,6.0000,6.9798,2.2319,2.1173,0.6327,-63.4506,-26.6852,-65.0569,-26.7080,-64.9372,-27.0653,-63.5885,-27.0170,-54.7205,-26.2169,-1.6063,-0.0228,-1.4867,-0.3801,-0.1379,-0.3319,122,0.0700,122,0,1.0000,0.0000,0.0000,-6.6212,0.8971,-0.2909,-5.2820,2.8462,0.0000,1,0.1108,0.0535,12.7098,-0.0004,1.000,70.00,342.76
12.7902,UKF,smooth,0.500,10.00,0.050,1,0.600,1,6.5616,8.8383,2.2766,1.4630,0.4121,0.1760,0.1065,6.0000,6.9798,2.2325,2.3834,0.6333,-63.2219,-26.6807,-65.0569,-26.7080,-64.9372,-27.0653,-63.4161,-27.0394,-54.5716,-26.4266,-1.8350,-0.0274,-1.7154,-0.3847,-0.1942,-0.3588,122,0.0800,122,0,1.0000,0.0000,0.0000,-6.7151,0.9697,-0.2784,-5.2727,2.8632,0.0000,1,0.1108,0.0535,12.7098,-0.0004,1.000,70.00,342.76
12.8002,UKF,smooth,0.500,10.00,0.050,1,0.600,1,6.5582,8.8582,2.3001,1.4967,0.4121,0.1760,0.1066,6.0000,6.9798,2.2328,2.8331,0.6336,-62.9930,-26.6864,-65.0569,-26.7080,-64.9372,-27.0653,-63.2461,-27.1027,-54.5458,-26.8615,-2.0639,-0.0216,-1.9442,-0.3789,-0.2531,-0.4163,122,0.0900,122,0,1.0000,0.0000,0.0000,-6.6254,0.9484,-0.0974,-5.2635,2.8802,0.0000,1,0.1108,0.0535,12.7098,-0.0004,1.000,70.00,342.76
12.8102,UKF,smooth,0.500,10.00,0.050,1,0.600,1,6.5570,8.8879,2.3308,1.5314,0.4121,0.1760,0.1067,6.0000,6.9798,2.2330,3.0751,0.6337,-62.7642,-26.6950,-65.0569,-26.7080,-64.9372,-27.0653,-63.0790,-27.1255,-54.5786,-26.9899,-2.2927,-0.0131,-2.1731,-0.3704,-0.3148,-0.4306,122,0.1000,122,0,1.0000,0.0000,0.0000,-6.4511,0.8829,0.0361,-5.2542,2.8971,0.0000,1,0.1108,0.0535,12.7098,-0.0004,1.000,70.00,342.76
12.8202,UKF,smooth,0.500,10.00,0.050,1,0.600,1,6.5583,8.9227,2.3644,1.5669,0.4121,0.1760,0.1069,6.0000,6.9798,2.2329,3.2592,0.6336,-62.5354,-26.7036,-65.0569,-26.7080,-64.9372,-27.0653,-62.9153,-27.1303,-54.6250,-27.0052,-2.5215,-0.0044,-2.4018,-0.3617,-0.3799,-0.4267,122,0.1100,122,0,1.0000,0.0000,0.0000,-6.2597,0.8076,0.1448,-5.2449,2.9139,0.0000,1,0.1108,0.0535,12.7098,-0.0004,1.000,70.00,342.76
12.8302,UKF,smooth,0.500,10.00,0.050,1,0.600,1,6.5619,8.9623,2.4004,1.6033,0.4121,0.1760,0.1070,6.0000,6.9798,2.2326,3.4212,0.6333,-62.3069,-26.7106,-65.0569,-26.7080,-64.9372,-27.0653,-62.7551,-27.1197,-54.6782,-26.9468,-2.7500,0.0026,-2.6303,-0.3547,-0.4481,-0.4091,122,0.1200,122,0,1.0000,0.0000,0.0000,-6.0603,0.7273,0.2354,-5.2355,2.9307,0.0000,1,0.1183,0.0585,12.7098,0.0004,1.000,70.00,342.76
12.8402,UKF,smooth,0.500,10.00,0.050,1,0.600,1,6.5672,8.9962,2.4290,1.6406,0.4121,0.1760,0.1072,6.0000,6.9798,2.2323,3.2156,0.6330,-62.0789,-26.7019,-65.0569,-26.7080,-64.9372,-27.0653,-62.5982,-26.9743,-54.7327,-26.3018,-2.9780,-0.0061,-2.8584,-0.3634,-0.5193,-0.2724,122,0.1300,122,0,1.0000,0.0000,0.0000,-5.8601,0.6454,0.1474,-5.2262,2.9474,0.0000,1,0.1183,0.0585,12.7098,0.0004,1.000,70.00,342.76
12.8502,UKF,smooth,0.500,10.00,0.050,1,0.600,1,6.5712,8.9935,2.4223,1.6787,0.4121,0.1760,0.1073,6.0000,6.9798,2.2321,3.5740,0.6328,-61.8516,-26.6926,-65.0569,-26.7080,-64.9372,-27.0653,-62.4494,-26.9614,-54.6228,-26.2712,-3.2053,-0.0155,-3.0857,-0.3728,-0.5979,-0.2688,122,0.1400,122,0,1.0000,0.0000,0.0000,-5.9508,0.7193,0.0855,-5.2167,2.9641,0.0000,1,0.1183,0.0585,12.7098,0.0004,1.000,70.00,342.76
12.8602,UKF,smooth,0.500,10.00,0.050,1,0.600,1,6.5740,8.9887,2.4147,1.7176,0.4121,0.1760,0.1075,6.0000,6.9798,2.2320,3.9804,0.6327,-61.6249,-26.6834,-65.0569,-26.7080,-64.9372,-27.0653,-62.3043,-26.9572,-54.5132,-26.2772,-3.4320,-0.0246,-3.3124,-0.3819,-0.6795,-0.2738,122,0.1500,122,0,1.0000,0.0000,0.0000,-6.0429,0.7945,0.0335,-5.2073,2.9807,0.0000,1,0.1183,0.0585,12.7098,0.0004,1.000,70.00,342.76
12.8702,UKF,smooth,0.500,10.00,0.050,1,0.600,1,6.5757,8.9819,2.4062,1.7573,0.4121,0.1760,0.1076,6.0000,6.9798,2.2320,4.4240,0.6327,-61.3988,-26.6750,-65.0569,-26.7080,-64.9372,-27.0653,-62.1630,-26.9607,-54.4047,-26.3108,-3.6581,-0.0330,-3.5385,-0.3903,-0.7643,-0.2857,122,0.1600,122,0,1.0000,0.0000,0.0000,-6.1355,0.8704,-0.0112,-5.1978,2.9972,0.0000,1,0.1183,0.0585,12.7098,0.0004,1.000,70.00,342.76
12.8802,UKF,smooth,0.500,10.00,0.050,1,0.600,1,6.5762,8.9731,2.3969,1.7978,0.4121,0.1760,0.1077,6.0000,6.9798,2.2321,4.9028,0.6328,-61.1731,-26.6680,-65.0569,-26.7080,-64.9372,-27.0653,-62.0254,-26.9730,-54.2973,-26.3733,-3.8838,-0.0400,-3.7641,-0.3973,-0.8523,-0.3050,122,0.1700,122,0,1.0000,0.0000,0.0000,-6.2282,0.9469,-0.0486,-5.1882,3.0137,0.0000,1,0.1183,0.0585,12.7098,0.0004,1.000,70.00,342.76
12.8902,UKF,smooth,0.500,10.00,0.050,1,0.600,1,6.5756,9.1400,2.5644,1.4958,0.4120,0.1768,0.1078,6.0000,7.2781,3.0925,2.7401,0.6330,-60.9479,-26.6630,-62.3069,-26.7106,-61.9988,-27.1485,-60.8177,-27.1061,-51.0157,-26.4327,-1.3591,-0.0476,-1.0509,-0.4855,0.1302,-0.4431,123,0.0600,123,0,1.0000,0.0000,0.0000,-6.3209,1.0239,-0.0779,-5.1786,3.0301,0.0000,1,0.1183,0.0585,12.8306,0.0004,1.000,70.00,342.76
12.9002,UKF,smooth,0.500,10.00,0.050,1,0.600,1,6.5739,9.1448,2.5709,1.5287,0.4120,0.1768,0.1079,6.0000,7.2781,3.0927,2.7743,0.6332,-60.7229,-26.6608,-62.3069,-26.7106,-61.9988,-27.1485,-60.6163,-27.1147,-50.8428,-26.5340,-1.5840,-0.0498,-1.2759,-0.4877,0.1066,-0.4539,123,0.0700,123,0,1.0000,0.0000,0.0000,-6.4136,1.1014,-0.0975,-5.1690,3.0465,0.0000,1,0.1183,0.0585,12.8306,0.0004,1.000,70.00,342.76
12.9102,UKF,smooth,0.500,10.00,0.050,1,0.600,1,6.5712,9.1480,2.5768,1.5625,0.4120,0.1768,0.1081,6.0000,7.2781,3.0930,2.8491,0.6335,-60.4982,-26.6624,-62.3069,-26.7106,-61.9988,-27.1485,-60.4185,-27.1333,-50.6698,-26.6791,-1.8088,-0.0482,-1.5006,-0.4861,0.0797,-0.4709,123,0.0800,123,0,1.0000,0.0000,0.0000,-6.5058,1.1792,-0.1042,-5.1594,3.0628,0.0000,1,0.1183,0.0585,12.8306,0.0004,1.000,70.00,342.76
12.9202,UKF,smooth,0.500,10.00,0.050,1,0.600,1,6.5676,9.1499,2.5823,1.5971,0.4120,0.1768,0.1081,6.0000,7.2781,3.0916,2.9882,0.6334,-60.2729,-26.6692,-62.3069,-26.7106,-61.9988,-27.1485,-60.2240,-27.1668,-50.4974,-26.8877,-2.0340,-0.0414,-1.7258,-0.4793,0.0489,-0.4976,123,0.0900,123,0,1.0000,0.0000,0.0000,-6.5966,1.2566,-0.0920,-5.1497,3.0790,0.0000,1,0.1183,0.0585,12.8306,0.0004,1.000,70.00,342.76
12.9302,UKF,smooth,0.500,10.00,0.050,1,0.600,1,6.5633,9.1522,2.5889,1.6326,0.4120,0.1768,0.1081,6.0000,7.2781,3.0898,3.2426,0.6331,-60.0477,-26.6837,-62.3069,-26.7106,-61.9988,-27.1485,-60.0329,-27.2256,-50.3294,-27.2055,-2.2593,-0.0269,-1.9511,-0.4648,0.0148,-0.5419,123,0.1000,123,0,1.0000,0.0000,0.0000,-6.6813,1.3311,-0.0446,-5.1400,3.0952,0.0000,1,0.1183,0.0585,12.8306,0.0004,1.000,70.00,342.76
12.9402,UKF,smooth,0.500,10.00,0.050,1,0.600,1,6.5594,9.1645,2.6051,1.6690,0.4120,0.1768,0.1081,6.0000,7.2781,3.0880,3.7283,0.6328,-59.8224,-26.7109,-62.3069,-26.7106,-61.9988,-27.1485,-59.8450,-27.3338,-50.2069,-27.7355,-2.4845,0.0003,-2.1764,-0.4376,-0.0226,-0.6229,123,0.1100,123,0,1.0000,0.0000,0.0000,-6.7076,1.3720,0.1000,-5.1303,3.1113,0.0000,1,0.1183,0.0585,12.8306,0.0004,1.000,70.00,342.76
12.9502,UKF,smooth,0.500,10.00,0.050,1,0.600,1,6.5579,9.2023,2.6444,1.7061,0.4120,0.1768,0.1081,6.0000,7.2781,3.0860,3.4703,0.6322,-59.5970,-26.7335,-62.3069,-26.7106,-61.9988,-27.1485,-59.6600,-27.3108,-50.2702,-27.5578,-2.7099,0.0229,-2.4017,-0.4151,-0.0630,-0.5774,123,0.1200,123,0,1.0000,0.0000,0.0000,-6.4954,1.2729,0.1626,-5.1205,3.1273,0.0000,1,0.1006,0.0435,12.8306,0.0008,1.000,70.00,342.76
12.9602,UKF,smooth,0.500,10.00,0.050,1,0.600,1,6.5585,9.2399,2.6815,1.7441,0.4120,0.1768,0.1081,6.0000,7.2781,3.0840,2.8525,0.6317,-59.3718,-26.7437,-62.3069,-26.7106,-61.9988,-27.1485,-59.4790,-27.2108,-50.3398,-27.0644,-2.9351,0.0331,-2.6270,-0.4048,-0.1072,-0.4671,123,0.1300,123,0,1.0000,0.0000,0.0000,-6.2779,1.1698,0.1298,-5.1107,3.1433,0.0000,1,0.1006,0.0435,12.8306,0.0008,1.000,70.00,342.76
12.9702,UKF,smooth,0.500,10.00,0.050,1,0.600,1,6.5606,9.2753,2.7146,1.7828,0.4120,0.1768,0.1081,6.0000,7.2781,3.0818,2.0951,0.6311,-59.1469,-26.7380,-62.3069,-26.7106,-61.9988,-27.1485,-59.3021,-27.0597,-50.3970,-26.4224,-3.1600,0.0274,-2.8519,-0.4105,-0.1552,-0.3217,123,0.1400,123,0,1.0000,0.0000,0.0000,-6.0805,1.0776,0.0402,-5.1009,3.1592,0.0000,1,0.1006,0.0435,12.8306,0.0008,1.000,70.00,342.76
12.9802,UKF,smooth,0.500,10.00,0.050,1,0.600,1,6.5635,9.3009,2.7374,1.8223,0.4120,0.1768,0.1081,6.0000,7.2781,3.0798,1.4159,0.6307,-58.9225,-26.7141,-62.3069,-26.7106,-61.9988,-27.1485,-59.1295,-26.8620,-50.4178,-25.6663,-3.3844,0.0035,-3.0762,-0.4344,-0.2070,-0.1479,123,0.1500,123,0,1.0000,0.0000,0.0000,-5.9385,1.0178,-0.1132,-5.0911,3.1751,0.0000,1,0.1006,0.0435,12.8306,0.0008,1.000,70.00,342.76
12.9902,UKF,smooth,0.500,10.00,0.050,1,0.600,1,6.5653,9.2976,2.7323,1.8626,0.4120,0.1768,0.1081,6.0000,7.2781,3.0779,1.5028,0.6304,-58.6988,-26.6836,-62.3069,-26.7106,-61.9988,-27.1485,-58.9620,-26.7722,-50.3046,-25.3719,-3.6081,-0.0270,-3.3000,-0.4649,-0.2632,-0.0886,123,0.1600,123,0,1.0000,0.0000,0.0000,-5.9939,1.0774,-0.2318,-5.0812,3.1909,0.0000,1,0.1006,0.0435,12.8306,0.0008,1.000,70.00,342.76
13.0002,UKF,smooth,0.500,10.00,0.050,1,0.600,1,6.5664,9.1551,2.5887,1.5154,0.4123,0.1766,0.1084,6.0000,7.1432,1.9365,2.4305,0.6302,-58.4757,-26.6617,-59.5970,-26.7335,-59.6366,-27.0548,-58.8787,-26.8503,-50.5980,-24.7266,-1.1214,-0.0717,-1.1609,-0.3931,-0.4030,-0.1886,124,0.0500,124,0,1.0000,0.0000,0.0000,-6.0804,1.1565,-0.1757,-5.0713,3.2066,0.0000,1,0.1006,0.0435,12.9510,0.0008,1.000,70.00,342.76
13.0102,UKF,smooth,0.500,10.00,0.050,1,0.600,1,6.5671,9.1643,2.5972,1.5474,0.4123,0.1766,0.1084,6.0000,7.1432,1.9371,2.7278,0.6299,-58.2530,-26.6508,-59.5970,-26.7335,-59.6366,-27.0548,-58.7081,-26.8577,-50.4795,-25.1017,-1.3440,-0.0827,-1.3836,-0.4040,-0.4551,-0.2069,124,0.0600,124,0,1.0000,0.0000,0.0000,-6.1498,1.2254,-0.0793,-5.0613,3.2223,0.0000,1,0.1006,0.0435,12.9510,0.0008,1.000,70.00,342.76
13.0202,UKF,smooth,0.500,10.00,0.050,1,0.600,1,6.5675,9.1732,2.6057,1.5804,0.4123,0.1766,0.1084,6.0000,7.1432,1.9376,3.0561,0.6296,-58.0308,-26.6510,-59.5970,-26.7335,-59.6366,-27.0548,-58.5412,-26.8819,-50.3651,-25.5015,-1.5662,-0.0825,-1.6058,-0.4038,-0.5104,-0.2309,124,0.0700,124,0,1.0000,0.0000,0.0000,-6.2148,1.2920,0.0224,-5.0514,3.2379,0.0000,1,0.1006,0.0435,12.9510,0.0008,1.000,70.00,342.76
13.0302,UKF,smooth,0.500,10.00,0.050,1,0.600,1,6.5676,9.1807,2.6131,1.6142,0.4123,0.1766,0.1084,6.0000,7.1432,1.9380,3.4050,0.6292,-57.8091,-26.6617,-59.5970,-26.7335,-59.6366,-27.0548,-58.3779,-26.9188,-50.2494,-25.8922,-1.7880,-0.0718,-1.8275,-0.3931,-0.5688,-0.2571,124,0.0800,124,0,1.0000,0.0000,0.0000,-6.2840,1.3617,0.1133,-5.0414,3.2534,0.0000,1,0.1006,0.0435,12.9510,0.0008,1.000,70.00,342.76
13.0402,UKF,smooth,0.500,10.00,0.050,1,0.600,1,6.5671,9.1855,2.6183,1.6489,0.4123,0.1766,0.1084,6.0000,7.1432,1.9384,3.7591,0.6288,-57.5876,-26.6813,-59.5970,-26.7335,-59.6366,-27.0548,-58.2183,-26.9607,-50.1296,-26.2336,-2.0095,-0.0521,-2.0490,-0.3735,-0.6307,-0.2793,124,0.0900,124,0,1.0000,0.0000,0.0000,-6.3628,1.4379,0.1776,-5.0314,3.2689,0.0000,1,0.1006,0.0435,12.9510,0.0008,1.000,70.00,342.76
13.0502,UKF,smooth,0.500,10.00,0.050,1,0.600,1,6.5657,9.1857,2.6200,1.6844,0.4123,0.1766,0.1084,6.0000,7.1432,1.9389,4.0862,0.6285,-57.3663,-26.7063,-59.5970,-26.7335,-59.6366,-27.0548,-58.0623,-26.9909,-50.0056,-26.4482,-2.2307,-0.0271,-2.2703,-0.3485,-0.6959,-0.2846,124,0.1000,124,0,1.0000,0.0000,0.0000,-6.4502,1.5201,0.1920,-5.0213,3.2843,0.0000,1,0.1006,0.0435,12.9510,0.0008,1.000,70.00,342.76
13.0602,UKF,smooth,0.500,10.00,0.050,1,0.600,1,6.5327,9.2177,2.6851,1.7208,0.4123,0.1766,0.1084,6.0000,7.1432,1.9441,5.2126,0.6292,-56.8958,-26.8712,-59.5970,-26.7335,-59.6366,-27.0548,-57.8718,-26.9102,-49.8824,-26.0524,-2.7012,0.1377,-2.7408,-0.1837,-0.9759,-0.0391,124,0.1100,124,0,1.0000,0.0000,0.0000,-6.2640,1.3723,0.1899,5.0112,3.2996,0.0000,1,0.1070,0.0483,12.9510,0.0008,1.000,70.00,342.76
13.0702,UKF,smooth,0.500,10.00,0.050,1,0.600,1,6.4613,9.2537,2.7924,1.7580,0.4123,0.1766,0.0533,6.0000,7.1432,1.9099,8.6049,0.6036,-56.1265,-27.2175,-59.5970,-26.7335,-59.6366,-27.0548,-57.6770,-26.8173,-49.7517,-25.6595,-3.4705,0.4841,-3.5101,0.1627,-1.5505,0.4002,124,0.1200,124,0,1.0000,0.0000,0.0000,-6.0821,1.2238,0.1877,5.0213,3.2843,0.0000,1,0.1070,0.0483,12.9510,0.0008,1.000,70.00,342.76
13.0802,UKF,smooth,0.500,10.00,0.050,1,0.600,1,6.3929,9.2935,2.9006,1.7959,0.4123,0.1766,0.0544,6.0000,7.1432,1.9123,12.5148,0.6068,-55.3260,-27.5526,-59.5970,-26.7335,-59.6366,-27.0548,-57.4777,-26.7127,-49.6133,-25.2699,-4.2711,0.8191,-4.3106,0.4978,-2.1518,0.8399,124,0.1300,124,0,1.0000,0.0000,0.0000,-5.9044,1.0746,0.1852,5.0313,3.2690,0.0000,1,0.1070,0.0483,12.9510,0.0008,1.000,70.00,342.76
13.0902,UKF,smooth,0.500,10.00,0.050,1,0.600,1,6.3277,9.3371,3.0094,1.8347,0.4123,0.1766,0.0556,6.0000,7.1432,1.9146,16.6377,0.6100,-54.5017,-27.8809,-59.5970,-26.7335,-59.6366,-27.0548,-57.2738,-26.5970,-49.4671,-24.8840,-5.0953,1.1474,-5.1349,0.8261,-2.7720,1.2839,124,0.1400,124,0,1.0000,0.0000,0.0000,-5.7310,0.9248,0.1826,5.0412,3.2537,0.0000,1,0.1070,0.0483,12.9510,0.0008,1.000,70.00,342.76
13.1002,UKF,smooth,0.500,10.00,0.050,1,0.600,1,6.2655,9.3844,3.1189,1.8742,0.4123,0.1766,0.0569,6.0000,7.1432,1.9168,20.9019,0.6132,-53.6539,-28.2016,-59.5970,-26.7335,-59.6366,-27.0548,-57.0649,-26.4706,-49.3131,-24.5022,-5.9432,1.4682,-5.9827,1.1468,-3.4110,1.7311,124,0.1500,124,0,1.0000,0.0000,0.0000,-5.5620,0.7745,0.1798,5.0510,3.2384,0.0000,1,0.1070,0.0483,12.9510,0.0008,1.000,70.00,342.76
13.1102,UKF,smooth,0.500,10.00,0.050,1,0.600,1,6.2064,9.2154,3.0090,1.5224,0.4141,0.1760,0.0601,6.0000,6.9766,0.8964,18.7573,0.6163,-52.7824,-28.5140,-56.8958,-26.8712,-56.7405,-26.8947,-55.6257,-26.6537,-44.5145,-23.9314,-4.1134,1.6428,-3.9581,1.6192,-2.8434,1.8603,125,0.0500,125,0,1.0000,0.0000,0.0000,-5.3974,0.6235,0.1769,5.0608,3.2231,0.0000,1,0.1070,0.0483,13.0610,0.0008,1.000,70.00,342.76
13.1202,UKF,smooth,0.500,10.00,0.050,1,0.600,1,6.1504,9.2461,3.0957,1.5537,0.4141,0.1760,0.0615,6.0000,6.9766,0.9008,22.8274,0.6194,-51.8876,-28.8172,-56.8958,-26.8712,-56.7405,-26.8947,-55.3591,-26.5656,-44.3518,-23.5948,-5.0083,1.9460,-4.8529,1.9224,-3.4715,2.2515,125,0.0600,125,0,1.0000,0.0000,0.0000,-5.2372,0.4719,0.1739,5.0705,3.2078,0.0000,1,0.1070,0.0483,13.0610,0.0008,1.000,70.00,342.76
13.1302,UKF,smooth,0.500,10.00,0.050,1,0.600,1,6.0974,9.2806,3.1832,1.5858,0.4141,0.1760,0.0632,6.0000,6.9766,0.9052,26.9894,0.6225,-50.9696,-29.1103,-56.8958,-26.8712,-56.7405,-26.8947,-55.0887,-26.4659,-44.1832,-23.2602,-5.9262,2.2391,-5.7709,2.2155,-4.1191,2.6444,125,0.0700,125,0,1.0000,0.0000,0.0000,-5.0815,0.3199,0.1707,5.0801,3.1926,0.0000,1,0.1070,0.0483,13.0610,0.0008,1.000,70.00,342.76
13.1402,UKF,smooth,0.500,10.00,0.050,1,0.600,1,6.0476,9.3189,3.2713,1.6188,0.4141,0.1760,0.0649,6.0000,6.9766,0.9096,31.2390,0.6255,-50.0289,-29.3926,-56.8958,-26.8712,-56.7405,-26.8947,-54.8144,-26.3550,-44.0087,-22.9277,-6.8670,2.5214,-6.7116,2.4978,-4.7855,3.0376,125,0.0800,125,0,1.0000,0.0000,0.0000,-4.9302,0.1673,0.1675,5.0897,3.1773,0.0000,1,0.1070,0.0483,13.0610,0.0008,1.000,70.00,342.76
13.1502,UKF,smooth,0.500,10.00,0.050,1,0.600,1,6.0008,9.3609,3.3601,1.6527,0.4141,0.1760,0.0667,6.0000,6.9766,0.9141,35.5722,0.6286,-49.0658,-29.6632,-56.8958,-26.8712,-56.7405,-26.8947,-54.5361,-26.2334,-43.8280,-22.5979,-7.8300,2.7920,-7.6747,2.7684,-5.4703,3.4298,125,0.0900,125,0,1.0000,0.0000,0.0000,-4.7835,0.0143,0.1641,5.0992,3.1620,0.0000,1,0.1070,0.0483,13.0610,0.0008,1.000,70.00,342.76
13.1602,UKF,smooth,0.500,10.00,0.050,1,0.600,1,5.9571,9.4065,3.4494,1.6874,0.4141,0.1760,0.0687,6.0000,6.9766,0.9186,39.9843,0.6317,-48.0810,-29.9213,-56.8958,-26.8712,-56.7405,-26.8947,-54.2536,-26.1017,-43.6411,-22.2710,-8.8148,3.0502,-8.6595,3.0266,-6.1726,3.8197,125,0.1000,125,0,1.0000,0.0000,0.0000,-4.6413,-0.1391,0.1606,5.1086,3.1468,0.0000,1,0.1070,0.0483,13.0610,0.0008,1.000,70.00,342.76
13.1702,UKF,smooth,0.500,10.00,0.050,1,0.600,1,5.9165,9.4556,3.5391,1.7229,0.4141,0.1760,0.0707,6.0000,6.9766,0.9231,44.4711,0.6348,-47.0752,-30.1662,-56.8958,-26.8712,-56.7405,-26.8947,-53.9672,-25.9607,-43.4487,-21.9486,-9.8206,3.2951,-9.6653,3.2715,-6.8920,4.2055,125,0.1100,125,0,1.0000,0.0000,0.0000,-4.5042,-0.2919,0.1570,5.1180,3.1315,0.0000,1,0.1121,0.0526,13.0610,-0.0020,1.000,70.00,342.76
13.1802,UKF,smooth,0.500,10.00,0.050,1,0.600,1,5.8789,9.5080,3.6291,1.7592,0.4141,0.1760,0.0729,6.0000,6.9766,0.9276,49.0286,0.6379,-46.0491,-30.3972,-56.8958,-26.8712,-56.7405,-26.8947,-53.6769,-25.8110,-43.2510,-21.6311,-10.8467,3.5260,-10.6913,3.5024,-7.6277,4.5862,125,0.1200,125,0,1.0000,0.0000,0.0000,-4.3722,-0.4440,0.1533,5.1272,3.1163,0.0000,1,0.1121,0.0526,13.0610,-0.0020,1.000,70.00,342.76
13.1902,UKF,smooth,0.500,10.00,0.050,1,0.600,1,5.8443,9.5636,3.7193,1.7962,0.4141,0.1760,0.0753,6.0000,6.9766,0.9320,53.6522,0.6411,-45.0037,-30.6135,-56.8958,-26.8712,-56.7405,-26.8947,-53.3827,-25.6533,-43.0479,-21.3185,-11.8921,3.7423,-11.7368,3.7187,-8.3789,4.9602,125,0.1300,125,0,1.0000,0.0000,0.0000,-4.2453,-0.5953,0.1496,5.1365,3.1011,0.0000,1,0.1121,0.0526,13.0610,-0.0020,1.000,70.00,342.76
13.2002,UKF,smooth,0.500,10.00,0.050,1,0.600,1,5.8128,9.6224,3.8096,1.8340,0.4141,0.1760,0.0777,6.0000,6.9766,0.9364,58.3373,0.6443,-43.9400,-30.8145,-56.8958,-26.8712,-56.7405,-26.8947,-53.0845,-25.4881,-42.8396,-21.0108,-12.9558,3.9434,-12.8005,3.9198,-9.1445,5.3265,125,0.1400,125,0,1.0000,0.0000,0.0000,-4.1233,-0.7458,0.1457,5.1456,3.0859,0.0000,1,0.1121,0.0526,13.0610,-0.0020,1.000,70.00,342.76
13.2102,UKF,smooth,0.500,10.00,0.050,1,0.600,1,5.7843,9.6843,3.8999,1.8725,0.4141,0.1760,0.0801,6.0000,6.9766,0.9342,63.0853,0.6463,-42.8578,-30.9997,-56.8958,-26.8712,-56.7405,-26.8947,-52.7825,-25.3159,-42.6259,-20.7082,-14.0381,4.1285,-13.8827,4.1049,-9.9247,5.6838,125,0.1500,125,0,1.0000,0.0000,0.0000,-4.0062,-0.8957,0.1418,5.1547,3.0707,0.0000,1,0.1121,0.0526,13.0610,-0.0020,1.000,70.00,342.76
13.2202,UKF,smooth,0.500,10.00,0.050,1,0.600,1,5.7589,9.7491,3.9902,1.9118,0.4141,0.1760,0.0825,6.0000,6.9766,0.9282,67.8889,0.6477,-41.7588,-31.1683,-56.8958,-26.8712,-56.7405,-26.8947,-52.4765,-25.1373,-42.4071,-20.4105,-15.1370,4.2971,-14.9817,4.2736,-10.7177,6.0310,125,0.1600,125,0,1.0000,0.0000,0.0000,-3.8938,-1.0448,0.1379,5.1637,3.0555,0.0000,1,0.1121,0.0526,13.0610,-0.0020,1.000,70.00,342.76
13.2302,UKF,smooth,0.500,10.00,0.050,1,0.600,1,5.7364,8.4488,2.7124,1.5409,0.4043,0.1721,0.0752,6.0000,8.1162,1.4995,12.0237,0.6487,-40.6451,-31.3200,-47.0752,-30.1662,-46.8683,-30.3401,-42.9588,-31.7017,-10.5178,-34.7728,-6.4301,1.1538,-6.2232,0.9800,-2.3137,-0.3816,126,0.0600,126,0,1.0000,0.0000,0.0000,-3.7861,-1.1932,0.1338,5.1727,3.0403,0.0000,1,0.1121,0.0526,13.1682,-0.0020,1.000,70.00,342.76
13.2402,UKF,smooth,0.500,10.00,0.050,1,0.600,1,5.7169,8.4931,2.7761,1.5704,0.4043,0.1721,0.0776,6.0000,8.1162,1.5009,13.6013,0.6507,-39.5193,-31.4543,-47.0752,-30.1662,-46.8683,-30.3401,-42.1506,-31.8370,-10.3089,-34.4776,-7.5559,1.2881,-7.3490,1.1142,-2.6313,-0.3827,126,0.0700,126,0,1.0000,0.0000,0.0000,-3.6830,-1.3409,0.1297,5.1815,3.0252,0.0000,1,0.1121,0.0526,13.1682,-0.0020,1.000,70.00,342.76
13.2502,UKF,smooth,0.500,10.00,0.050,1,0.600,1,5.7004,8.5413,2.8409,1.6005,0.4043,0.1721,0.0800,6.0000,8.1162,1.5051,15.2437,0.6534,-38.3824,-31.5707,-47.0752,-30.1662,-46.8683,-30.3401,-41.3435,-31.9537,-10.1009,-34.1827,-8.6928,1.4045,-8.4859,1.2306,-2.9611,-0.3830,126,0.0800,126,0,1.0000,0.0000,0.0000,-3.5844,-1.4878,0.1255,5.1904,3.0100,0.0000,1,0.1121,0.0526,13.1682,-0.0020,1.000,70.00,342.76
13.2602,UKF,smooth,0.500,10.00,0.050,1,0.600,1,5.6869,8.5934,2.9065,1.6314,0.4043,0.1721,0.0825,6.0000,8.1162,1.5091,16.9518,0.6561,-37.2351,-31.6689,-47.0752,-30.1662,-46.8683,-30.3401,-40.5382,-32.0522,-9.8935,-33.8883,-9.8401,1.5027,-9.6332,1.3288,-3.3031,-0.3833,126,0.0900,126,0,1.0000,0.0000,0.0000,-3.4902,-1.6341,0.1213,5.1991,2.9949,0.0000,1,0.1121,0.0526,13.1682,-0.0020,1.000,70.00,342.76
13.2702,UKF,smooth,0.500,10.00,0.050,1,0.600,1,5.6763,8.6494,2.9730,1.6628,0.4043,0.1721,0.0852,6.0000,8.1162,1.5131,18.7221,0.6588,-36.0789,-31.7486,-47.0752,-30.1662,-46.8683,-30.3401,-39.7355,-32.1329,-9.6865,-33.5945,-10.9963,1.5824,-10.7894,1.4085,-3.6566,-0.3843,126,0.1000,126,0,1.0000,0.0000,0.0000,-3.4003,-1.7797,0.1169,5.2078,2.9798,0.0000,1,0.1121,0.0526,13.1682,-0.0020,1.000,70.00,342.76
13.2802,UKF,smooth,0.500,10.00,0.050,1,0.600,1,5.6687,8.7091,3.0404,1.6949,0.4043,0.1721,0.0880,6.0000,8.1162,1.5169,20.5503,0.6615,-34.9156,-31.8096,-47.0752,-30.1662,-46.8683,-30.3401,-38.9360,-32.1965,-9.4796,-33.3015,-12.1597,1.6434,-11.9527,1.4695,-4.0205,-0.3869,126,0.1100,126,0,1.0000,0.0000,0.0000,-3.3147,-1.9247,0.1125,5.2164,2.9647,0.0000,1,0.1121,0.0526,13.1682,-0.0020,1.000,70.00,342.76
13.2902,UKF,smooth,0.500,10.00,0.050,1,0.600,1,5.6640,8.7724,3.1084,1.7277,0.4043,0.1721,0.0908,6.0000,8.1162,1.5206,22.4324,0.6642,-33.7466,-31.8518,-47.0752,-30.1662,-46.8683,-30.3401,-38.1404,-32.2433,-9.2725,-33.0095,-13.3286,1.6856,-13.1217,1.5117,-4.3938,-0.3916,126,0.1200,126,0,1.0000,0.0000,0.0000,-3.2332,-2.0690,0.1081,5.2249,2.9496,0.0000,1,0.0856,0.0578,13.1682,-0.0019,1.000,70.00,342.76
13.3002,UKF,smooth,0.500,10.00,0.050,1,0.600,1,5.6622,8.8394,3.1772,1.7610,0.4043,0.1721,0.0938,6.0000,8.1162,1.5241,24.3636,0.6669,-32.5737,-31.8751,-47.0752,-30.1662,-46.8683,-30.3401,-37.3492,-32.2741,-9.0650,-32.7186,-14.5015,1.7089,-14.2946,1.5350,-4.7755,-0.3990,126,0.1300,126,0,1.0000,0.0000,0.0000,-3.1557,-2.2126,0.1035,5.2334,2.9345,0.0000,1,0.0856,0.0578,13.1682,-0.0019,1.000,70.00,342.76
13.3102,UKF,smooth,0.500,10.00,0.050,1,0.600,1,5.6633,8.9098,3.2465,1.7948,0.4043,0.1721,0.0969,6.0000,8.1162,1.5274,26.3391,0.6694,-31.3986,-31.8795,-47.0752,-30.1662,-46.8683,-30.3401,-36.5629,-32.2893,-8.8570,-32.4290,-15.6766,1.7133,-15.4697,1.5394,-5.1643,-0.4098,126,0.1400,126,0,1.0000,0.0000,0.0000,-3.0822,-2.3556,0.0989,5.2418,2.9195,0.0000,1,0.0856,0.0578,13.1682,-0.0019,1.000,70.00,342.76
13.3202,UKF,smooth,0.500,10.00,0.050,1,0.600,1,5.6673,8.9838,3.3165,1.8293,0.4043,0.1721,0.1000,6.0000,8.1162,1.5274,28.3580,0.6711,-30.2221,-31.8652,-47.0752,-30.1662,-46.8683,-30.3401,-35.7820,-32.2896,-8.6483,-32.1407,-16.8531,1.6989,-16.6462,1.5251,-5.5598,-0.4244,126,0.1500,126,0,1.0000,0.0000,0.0000,-3.0126,-2.4980,0.0942,5.2502,2.9044,0.0000,1,0.0856,0.0578,13.1682,-0.0019,1.000,70.00,342.76
13.3302,UKF,smooth,0.500,10.00,0.050,1,0.600,1,5.6741,9.0611,3.3870,1.8642,0.4043,0.1721,0.0999,6.0000,8.1162,1.4601,30.5077,0.6623,-29.0277,-31.8322,-47.0752,-30.1662,-46.8683,-30.3401,-35.0069,-32.2754,-8.4387,-31.8538,-18.0476,1.6660,-17.8406,1.4921,-5.9793,-0.4432,126,0.1600,126,0,1.0000,0.0000,0.0000,-2.9467,-2.6398,0.0894,5.2584,2.8894,0.0000,1,0.0856,0.0578,13.1682,-0.0019,1.000,70.00,342.76
13.3402,UKF,smooth,0.500,10.00,0.050,1,0.600,1,5.6839,9.1418,3.4579,1.8997,0.4043,0.1721,0.0999,6.0000,8.1162,1.3940,32.6852,0.6645,-27.8362,-31.7815,-47.0752,-30.1662,-46.8683,-30.3401,-34.2381,-32.2474,-8.2283,-31.5684,-19.2391,1.6153,-19.0321,1.4414,-6.4020,-0.4659,126,0.1700,126,0,1.0000,0.0000,0.0000,-2.8846,-2.7811,0.0845,5.2667,2.8744,0.0000,1,0.0856,0.0578,13.1682,-0.0019,1.000,70.00,342.76
13.3502,UKF,smooth,0.500,10.00,0.050,1,0.600,1,5.6964,8.4606,2.7642,1.3208,0.4061,0.1731,0.1003,6.0000,8.3191,1.0040,19.6240,0.6691,-26.6590,-31.7129,-33.7466,-31.8518,-33.5137,-31.9102,-30.2928,-30.6755,-1.0221,-24.6935,-7.0876,-0.1389,-6.8548,-0.1973,-3.6338,1.0374,127,0.0600,127,0,1.0000,0.0000,0.0000,-2.8260,-2.9218,0.0795,5.2748,2.8595,0.0000,1,0.0856,0.0578,13.2883,-0.0019,1.000,70.00,342.76
13.3602,UKF,smooth,0.500,10.00,0.050,1,0.600,1,5.7118,8.5231,2.8113,1.3506,0.4061,0.1731,0.0972,6.0000,8.3191,1.0059,21.1070,0.6657,-25.4979,-31.6266,-33.7466,-31.8518,-33.5137,-31.9102,-29.4196,-30.5587,-0.8162,-24.4118,-8.2487,-0.2252,-8.0158,-0.2836,-3.9218,1.0679,127,0.0700,127,0,1.0000,0.0000,0.0000,-2.7710,-3.0620,0.0745,5.2829,2.8445,0.0000,1,0.0856,0.0578,13.2883,-0.0019,1.000,70.00,342.76
13.3702,UKF,smooth,0.500,10.00,0.050,1,0.600,1,5.7299,8.5894,2.8595,1.3812,0.4061,0.1731,0.0942,6.0000,8.3191,1.0079,22.6090,0.6623,-24.3443,-31.5230,-33.7466,-31.8518,-33.5137,-31.9102,-28.5568,-30.4277,-0.6121,-24.1320,-9.4023,-0.3288,-9.1694,-0.3872,-4.2125,1.0953,127,0.0800,127,0,1.0000,0.0000,0.0000,-2.7194,-3.2018,0.0693,5.2909,2.8296,0.0000,1,0.0856,0.0578,13.2883,-0.0019,1.000,70.00,342.76
13.3802,UKF,smooth,0.500,10.00,0.050,1,0.600,1,5.7508,8.6595,2.9087,1.4127,0.4061,0.1731,0.0913,6.0000,8.3191,1.0101,24.1257,0.6590,-23.1997,-31.4026,-33.7466,-31.8518,-33.5137,-31.9102,-27.7047,-30.2834,-0.4095,-23.8543,-10.5469,-0.4492,-10.3140,-0.5076,-4.5050,1.1192,127,0.0900,127,0,1.0000,0.0000,0.0000,-2.6712,-3.3410,0.0640,5.2988,2.8147,0.0000,1,0.0819,0.0566,13.2883,-0.0016,1.000,70.00,342.76
13.3902,UKF,smooth,0.500,10.00,0.050,1,0.600,1,5.7745,8.7334,2.9589,1.4450,0.4061,0.1731,0.0886,6.0000,8.3191,1.0124,25.6530,0.6556,-22.0653,-31.2660,-33.7466,-31.8518,-33.5137,-31.9102,-26.8638,-30.1263,-0.2083,-23.5785,-11.6813,-0.5858,-11.4484,-0.6442,-4.7985,1.1396,127,0.1000,127,0,1.0000,0.0000,0.0000,-2.6263,-3.4799,0.0586,5.3067,2.7998,0.0000,1,0.0819,0.0566,13.2883,-0.0016,1.000,70.00,342.76
13.4002,UKF,smooth,0.500,10.00,0.050,1,0.600,1,5.8009,8.8110,3.0101,1.4780,0.4061,0.1731,0.0859,6.0000,8.3191,1.0150,27.1867,0.6522,-20.9426,-31.1136,-33.7466,-31.8518,-33.5137,-31.9102,-26.0344,-29.9573,-0.0082,-23.3047,-12.8040,-0.7381,-12.5711,-0.7965,-5.0918,1.1563,127,0.1100,127,0,1.0000,0.0000,0.0000,-2.5846,-3.6183,0.0530,5.3145,2.7849,0.0000,1,0.0819,0.0566,13.2883,-0.0016,1.000,70.00,342.76
13.4102,UKF,smooth,0.500,10.00,0.050,1,0.600,1,5.8301,8.8923,3.0622,1.5117,0.4061,0.1731,0.0834,6.0000,8.3191,1.0176,28.7229,0.6489,-19.8325,-30.9462,-33.7466,-31.8518,-33.5137,-31.9102,-25.2168,-29.7770,0.1908,-23.0330,-13.9141,-0.9055,-13.6812,-0.9639,-5.3843,1.1692,127,0.1200,127,0,1.0000,0.0000,0.0000,-2.5460,-3.7565,0.0474,5.3223,2.7701,0.0000,1,0.0819,0.0566,13.2883,-0.0016,1.000,70.00,342.76
13.4202,UKF,smooth,0.500,10.00,0.050,1,0.600,1,5.8619,8.9772,3.1154,1.5462,0.4061,0.1731,0.0811,6.0000,8.3191,1.0204,30.2577,0.6456,-18.7363,-30.7644,-33.7466,-31.8518,-33.5137,-31.9102,-24.4113,-29.5861,0.3890,-22.7634,-15.0103,-1.0874,-14.7774,-1.1458,-5.6749,1.1784,127,0.1300,127,0,1.0000,0.0000,0.0000,-2.5105,-3.8943,0.0415,5.3300,2.7552,0.0000,1,0.0819,0.0566,13.2883,-0.0016,1.000,70.00,342.76
13.4302,UKF,smooth,0.500,10.00,0.050,1,0.600,1,5.8963,9.0658,3.1694,1.5812,0.4061,0.1731,0.0788,6.0000,8.3191,1.0232,31.7875,0.6424,-17.6549,-30.5689,-33.7466,-31.8518,-33.5137,-31.9102,-23.6179,-29.3852,0.5864,-22.4958,-16.0917,-1.2829,-15.8588,-1.3413,-5.9630,1.1837,127,0.1400,127,0,1.0000,0.0000,0.0000,-2.4780,-4.0318,0.0355,5.3376,2.7404,0.0000,1,0.0819,0.0566,13.2883,-0.0016,1.000,70.00,342.76
13.4402,UKF,smooth,0.500,10.00,0.050,1,0.600,1,5.9334,8.5649,2.6315,1.2870,0.4099,0.1750,0.0802,6.0000,9.1269,0.8415,11.8246,0.6400,-16.5881,-30.3604,-23.1997,-31.4026,-23.3677,-31.4011,-18.8567,-30.6501,9.5705,-23.3285,-6.6116,-1.0423,-6.7796,-1.0408,-2.2686,-0.2897,128,0.0600,128,0,1.0000,0.0000,0.0000,-2.4484,-4.1691,0.0293,5.3452,2.7257,0.0000,1,0.0819,0.0566,13.3786,-0.0016,1.000,70.00,342.76
13.4502,UKF,smooth,0.500,10.00,0.050,1,0.600,1,5.9731,8.6436,2.6705,1.3188,0.4099,0.1750,0.0778,6.0000,9.1269,0.8473,12.5991,0.6382,-15.5371,-30.1395,-23.1997,-31.4026,-23.3677,-31.4011,-17.9427,-30.4843,9.7629,-23.0683,-7.6626,-1.2631,-7.8306,-1.2616,-2.4057,-0.3448,128,0.0700,128,0,1.0000,0.0000,0.0000,-2.4217,-4.3062,0.0230,5.3527,2.7109,0.0000,1,0.0819,0.0566,13.3786,-0.0016,1.000,70.00,342.76
13.4602,UKF,smooth,0.500,10.00,0.050,1,0.600,1,6.0154,8.7263,2.7109,1.3515,0.4099,0.1750,0.0756,6.0000,9.1269,0.8527,13.3727,0.6360,-14.5033,-29.9072,-23.1997,-31.4026,-23.3677,-31.4011,-17.0447,-30.3057,9.9524,-22.8094,-8.6963,-1.4954,-8.8643,-1.4939,-2.5414,-0.3986,128,0.0800,128,0,1.0000,0.0000,0.0000,-2.3978,-4.4430,0.0164,5.3601,2.6962,0.0000,1,0.0819,0.0566,13.3786,-0.0016,1.000,70.00,342.76
13.4702,UKF,smooth,0.500,10.00,0.050,1,0.600,1,6.0603,8.8128,2.7525,1.3850,0.4099,0.1750,0.0733,6.0000,9.1269,0.8534,14.1398,0.6331,-13.4885,-29.6641,-23.1997,-31.4026,-23.3677,-31.4011,-16.1631,-30.1154,10.1396,-22.5530,-9.7112,-1.7385,-9.8792,-1.7371,-2.6747,-0.4513,128,0.0900,128,0,1.0000,0.0000,0.0000,-2.3766,-4.5784,0.0096,5.3675,2.6815,0.0000,1,0.0946,0.0409,13.3786,0.0016,1.000,70.00,342.76
13.4802,UKF,smooth,0.500,10.00,0.050,1,0.600,1,6.1077,8.9029,2.7953,1.4194,0.4099,0.1750,0.0710,6.0000,9.1269,0.8495,14.8991,0.6294,-12.4929,-29.4110,-23.1997,-31.4026,-23.3677,-31.4011,-15.2983,-29.9141,10.3247,-22.2990,-10.7068,-1.9916,-10.8748,-1.9901,-2.8054,-0.5031,128,0.1000,128,0,1.0000,0.0000,0.0000,-2.3580,-4.7124,0.0026,5.3748,2.6668,0.0000,1,0.0946,0.0409,13.3786,0.0016,1.000,70.00,342.76
13.4902,UKF,smooth,0.500,10.00,0.050,1,0.600,1,6.1575,8.9968,2.8392,1.4545,0.4099,0.1750,0.0688,6.0000,9.1269,0.8456,15.6532,0.6257,-11.5162,-29.1488,-23.1997,-31.4026,-23.3677,-31.4011,-14.4504,-29.7027,10.5079,-22.0475,-11.6834,-2.2539,-11.8515,-2.2524,-2.9342,-0.5539,128,0.1100,128,0,1.0000,0.0000,0.0000,-2.3420,-4.8450,-0.0047,5.3820,2.6522,0.0000,1,0.0946,0.0409,13.3786,0.0016,1.000,70.00,342.76
13.5002,UKF,smooth,0.500,10.00,0.050,1,0.600,1,6.2098,9.0942,2.8844,1.4903,0.4099,0.1750,0.0668,6.0000,9.1269,0.8417,16.4006,0.6220,-10.5589,-28.8781,-23.1997,-31.4026,-23.3677,-31.4011,-13.6195,-29.4821,10.6892,-21.7984,-12.6408,-2.5245,-12.8088,-2.5230,-3.0607,-0.6040,128,0.1200,128,0,1.0000,0.0000,0.0000,-2.3285,-4.9761,-0.0122,5.3892,2.6376,0.0000,1,0.0946,0.0409,13.3786,0.0016,1.000,70.00,342.76
13.5102,UKF,smooth,0.500,10.00,0.050,1,0.600,1,6.2645,9.1951,2.9306,1.5268,0.4099,0.1750,0.0648,6.0000,9.1269,0.8379,17.1401,0.6184,-9.6210,-28.5998,-23.1997,-31.4026,-23.3677,-31.4011,-12.8059,-29.2530,10.8689,-21.5518,-13.5786,-2.8028,-13.7467,-2.8013,-3.1848,-0.6531,128,0.1300,128,0,1.0000,0.0000,0.0000,-2.3173,-5.1058,-0.0200,5.3963,2.6230,0.0000,1,0.0946,0.0409,13.3786,0.0016,1.000,70.00,342.76
13.5202,UKF,smooth,0.500,10.00,0.050,1,0.600,1,6.3216,8.5603,2.2387,1.3423,0.4141,0.1777,0.0672,6.0000,9.0302,1.7545,7.0285,0.6148,-8.7030,-28.3146,-13.4885,-29.6641,-13.8292,-29.6847,-10.0147,-28.5369,16.1167,-18.2896,-4.7855,-1.3494,-5.1262,-1.3700,-1.3117,-0.2223,129,0.0500,129,0,1.0000,0.0000,0.0000,-2.3084,-5.2339,-0.0281,5.4033,2.6084,0.0000,1,0.0946,0.0409,13.4718,0.0016,1.000,70.00,342.76
13.5302,UKF,smooth,0.500,10.00,0.050,1,0.600,1,6.3810,8.6425,2.2616,1.3751,0.4141,0.1777,0.0654,6.0000,9.0302,1.7504,7.2208,0.6112,-7.8048,-28.0233,-13.4885,-29.6641,-13.8292,-29.6847,-9.1449,-28.2689,16.3033,-18.0386,-5.6836,-1.6408,-6.0244,-1.6614,-1.3401,-0.2456,129,0.0600,129,0,1.0000,0.0000,0.0000,-2.3016,-5.3606,-0.0367,5.4103,2.5939,0.0000,1,0.0946,0.0409,13.4718,0.0016,1.000,70.00,342.76
13.5402,UKF,smooth,0.500,10.00,0.050,1,0.600,1,6.4426,8.7285,2.2859,1.4086,0.4141,0.1777,0.0638,6.0000,9.0302,1.7464,7.4019,0.6076,-6.9267,-27.7265,-13.4885,-29.6641,-13.8292,-29.6847,-8.2934,-27.9921,16.4868,-17.7899,-6.5618,-1.9376,-6.9026,-1.9582,-1.3667,-0.2656,129,0.0700,129,0,1.0000,0.0000,0.0000,-2.2970,-5.4858,-0.0457,5.4172,2.5794,0.0000,1,0.0946,0.0409,13.4718,0.0016,1.000,70.00,342.76
13.5502,UKF,smooth,0.500,10.00,0.050,1,0.600,1,6.5065,8.8182,2.3116,1.4430,0.4141,0.1777,0.0622,6.0000,9.0302,1.7424,7.5722,0.6040,-6.0685,-27.4248,-13.4885,-29.6641,-13.8292,-29.6847,-7.4601,-27.7072,16.6674,-17.5433,-7.4200,-2.2393,-7.7608,-2.2599,-1.3917,-0.2824,129,0.0800,129,0,1.0000,0.0000,0.0000,-2.2944,-5.6096,-0.0553,5.4241,2.5650,0.0000,1,0.0946,0.0409,13.4718,0.0016,1.000,70.00,342.76
13.5602,UKF,smooth,0.500,10.00,0.050,1,0.600,1,6.5727,8.9114,2.3387,1.4781,0.4141,0.1777,0.0608,6.0000,9.0302,1.7386,7.7314,0.6004,-5.2301,-27.1189,-13.4885,-29.6641,-13.8292,-29.6847,-6.6452,-27.4151,16.8454,-17.2986,-8.2583,-2.5451,-8.5991,-2.5658,-1.4151,-0.2962,129,0.0900,129,0,1.0000,0.0000,0.0000,-2.2938,-5.7317,-0.0655,5.4309,2.5505,0.0000,1,0.0946,0.0409,13.4718,0.0016,1.000,70.00,342.76
13.5702,UKF,smooth,0.500,10.00,0.050,1,0.600,1,6.6410,9.0081,2.3672,1.5139,0.4141,0.1777,0.0594,6.0000,9.0302,1.7348,7.8799,0.5968,-4.4116,-26.8095,-13.4885,-29.6641,-13.8292,-29.6847,-5.8486,-27.1163,17.0208,-17.0555,-9.0768,-2.8546,-9.4176,-2.8752,-1.4370,-0.3069,129,0.1000,129,0,1.0000,0.0000,0.0000,-2.2950,-5.8524,-0.0765,5.4377,2.5361,0.0000,1,0.1031,0.0457,13.4718,-0.0007,1.000,70.00,342.76
13.5802,UKF,smooth,0.500,10.00,0.050,1,0.600,1,6.7114,9.1083,2.3969,1.5503,0.4141,0.1777,0.0582,6.0000,9.0302,1.7312,8.0179,0.5932,-3.6128,-26.4969,-13.4885,-29.6641,-13.8292,-29.6847,-5.0703,-26.8115,17.1937,-16.8135,-9.8757,-3.1672,-10.2165,-3.1878,-1.4575,-0.3146,129,0.1100,129,0,1.0000,0.0000,0.0000,-2.2980,-5.9716,-0.0885,5.4443,2.5217,0.0000,1,0.1031,0.0457,13.4718,-0.0007,1.000,70.00,342.76
13.5902,UKF,smooth,0.500,10.00,0.050,1,0.600,1,6.7838,9.2118,2.4279,1.5874,0.4141,0.1777,0.0570,6.0000,9.0302,1.7276,8.1455,0.5896,-2.8333,-26.1818,-13.4885,-29.6641,-13.8292,-29.6847,-4.3101,-26.5010,17.3644,-16.5719,-10.6551,-3.4823,-10.9959,-3.5029,-1.4768,-0.3192,129,0.1200,129,0,1.0000,0.0000,0.0000,-2.3027,-6.0891,-0.1017,5.4510,2.5074,0.0000,1,0.1031,0.0457,13.4718,-0.0007,1.000,70.00,342.76
13.6002,UKF,smooth,0.500,10.00,0.050,1,0.600,1,6.8584,9.3185,2.4601,1.6251,0.4141,0.1777,0.0558,6.0000,9.0302,1.7242,8.2633,0.5859,-2.0731,-25.8645,-13.4885,-29.6641,-13.8292,-29.6847,-3.5679,-26.1852,17.5329,-16.3299,-11.4154,-3.7996,-11.7562,-3.8202,-1.4949,-0.3207,129,0.1300,129,0,1.0000,0.0000,0.0000,-2.3091,-6.2051,-0.1167,5.4575,2.4931,0.0000,1,0.1031,0.0457,13.4718,-0.0007,1.000,70.00,342.76
13.6102,UKF,smooth,0.500,10.00,0.050,1,0.600,1,6.9349,9.4282,2.4934,1.6634,0.4141,0.1777,0.0548,6.0000,9.0302,1.7209,8.3710,0.5823,-1.3317,-25.5454,-13.4885,-29.6641,-13.8292,-29.6847,-2.8436,-25.8641,17.6994,-16.0859,-12.1568,-4.1186,-12.4976,-4.1392,-1.5119,-0.3186,129,0.1400,129,0,1.0000,0.0000,0.0000,-2.3170,-6.3194,-0.1340,5.4640,2.4788,0.0000,1,0.1031,0.0457,13.4718,-0.0007,1.000,70.00,342.76
13.6202,UKF,smooth,0.500,10.00,0.050,1,0.600,1,7.0133,9.1288,2.1155,1.4239,0.4149,0.1778,0.0546,6.0000,9.4332,0.4618,1.4106,0.5786,-0.6090,-25.2248,-4.4116,-26.8095,-4.4036,-26.8888,-0.6560,-25.4568,21.3961,-14.6632,-3.8027,-1.5846,-3.7947,-1.6640,-0.0471,-0.2319,130,0.0500,130,0,1.0000,0.0000,0.0000,-2.3263,-6.4318,-0.1548,5.4704,2.4646,0.0000,1,0.1031,0.0457,13.5695,-0.0007,1.000,70.00,342.76
13.6302,UKF,smooth,0.500,10.00,0.050,1,0.600,1,7.0936,9.2284,2.1348,1.4575,0.4149,0.1778,0.0537,6.0000,9.4332,0.4588,1.3908,0.5749,0.0955,-24.9028,-4.4116,-26.8095,-4.4036,-26.8888,0.0976,-25.1352,21.5707,-14.4114,-4.5071,-1.9067,-4.4991,-1.9860,0.0021,-0.2325,130,0.0600,130,0,1.0000,0.0000,0.0000,-2.3370,-6.5420,-0.1815,5.4768,2.4504,0.0000,1,0.1031,0.0457,13.5695,-0.0007,1.000,70.00,342.76
13.6402,UKF,smooth,0.500,10.00,0.050,1,0.600,1,7.1756,9.3307,2.1551,1.4918,0.4149,0.1778,0.0529,6.0000,9.4332,0.4557,1.3769,0.5712,0.7819,-24.5789,-4.4116,-26.8095,-4.4036,-26.8888,0.8328,-24.8044,21.7432,-14.1395,-5.1936,-2.2306,-5.1856,-2.3099,0.0509,-0.2255,130,0.0700,130,0,1.0000,0.0000,0.0000,-2.3486,-6.6486,-0.2198,5.4831,2.4362,0.0000,1,0.1031,0.0457,13.5695,-0.0007,1.000,70.00,342.76
13.6502,UKF,smooth,0.500,10.00,0.050,1,0.600,1,7.2592,9.4342,2.1750,1.5268,0.4149,0.1778,0.0521,6.0000,9.4332,0.4526,1.3321,0.5675,1.4506,-24.2517,-4.4116,-26.8095,-4.4036,-26.8888,1.5490,-24.4555,21.9170,-13.8073,-5.8623,-2.5578,-5.8542,-2.6371,0.0984,-0.2038,130,0.0800,130,0,1.0000,0.0000,0.0000,-2.3592,-6.7429,-0.2909,5.4894,2.4221,0.0000,1,0.1031,0.0457,13.5695,-0.0007,1.000,70.00,342.76
13.6602,UKF,smooth,0.500,10.00,0.050,1,0.600,1,7.3420,9.5200,2.1780,1.5626,0.4149,0.1778,0.0514,6.0000,9.4332,0.4497,1.2418,0.5639,2.0988,-23.9206,-4.4116,-26.8095,-4.4036,-26.8888,2.2258,-24.0928,22.1639,-13.3631,-6.5105,-2.8888,-6.5024,-2.9681,0.1270,-0.1722,130,0.0900,130,0,1.0000,0.0000,0.0000,-2.3272,-6.6375,-0.4637,5.4956,2.4080,0.0000,1,0.1031,0.0457,13.5695,-0.0007,1.000,70.00,342.76
13.6702,UKF,smooth,0.500,10.00,0.050,1,0.600,1,7.4233,9.5969,2.1736,1.5992,0.4149,0.1778,0.0507,6.0000,9.4332,0.4469,1.5398,0.5605,2.7256,-23.5989,-4.4116,-26.8095,-4.4036,-26.8888,2.8679,-23.8208,22.4582,-13.2458,-7.1372,-3.2106,-7.1292,-3.2899,0.1424,-0.2220,130,0.1000,130,0,1.0000,0.0000,0.0000,-2.2655,-6.4030,-0.5107,5.5017,2.3939,0.0000,1,0.1031,0.0457,13.5695,-0.0007,1.000,70.00,342.76
13.6802,UKF,smooth,0.500,10.00,0.050,1,0.600,1,7.5031,9.6713,2.1681,1.6365,0.4149,0.1778,0.0501,6.0000,9.4332,0.4441,1.9230,0.5572,3.3321,-23.2881,-4.4116,-26.8095,-4.4036,-26.8888,3.4897,-23.5752,22.7537,-13.1943,-7.7437,-3.5213,-7.7357,-3.6007,0.1576,-0.2871,130,0.1100,130,0,1.0000,0.0000,0.0000,-2.2017,-6.1653,-0.5285,5.5078,2.3799,0.0000,1,0.1125,0.0584,13.5695,0.0016,1.000,70.00,342.76
13.6902,UKF,smooth,0.500,10.00,0.050,1,0.600,1,7.5815,9.7429,2.1613,1.6745,0.4149,0.1778,0.0495,6.0000,9.4332,0.4414,2.3456,0.5539,3.9196,-22.9887,-4.4116,-26.8095,-4.4036,-26.8888,4.0929,-23.3470,23.0487,-13.1691,-8.3313,-3.8207,-8.3233,-3.9001,0.1732,-0.3583,130,0.1200,130,0,1.0000,0.0000,0.0000,-2.1370,-5.9292,-0.5353,5.5138,2.3659,0.0000,1,0.1125,0.0584,13.5695,0.0016,1.000,70.00,342.76
13.7002,UKF,smooth,0.500,10.00,0.050,1,0.600,1,7.6585,9.8116,2.1531,1.7132,0.4149,0.1778,0.0489,6.0000,9.4332,0.4388,2.7922,0.5508,4.4893,-22.7006,-4.4116,-26.8095,-4.4036,-26.8888,4.6787,-23.1336,23.3431,-13.1590,-8.9010,-4.1088,-8.8930,-4.1882,0.1893,-0.4329,130,0.1300,130,0,1.0000,0.0000,0.0000,-2.0716,-5.6955,-0.5363,5.5198,2.3520,0.0000,1,0.1125,0.0584,13.5695,0.0016,1.000,70.00,342.76
13.7102,UKF,smooth,0.500,10.00,0.050,1,0.600,1,7.7339,9.8774,2.1435,1.7526,0.4149,0.1778,0.0484,6.0000,9.4332,0.4361,3.2556,0.5477,5.0422,-22.4236,-4.4116,-26.8095,-4.4036,-26.8888,5.2482,-22.9335,23.6368,-13.1593,-9.4539,-4.3859,-9.4458,-4.4652,0.2059,-0.5100,130,0.1400,130,0,1.0000,0.0000,0.0000,-2.0056,-5.4643,-0.5339,5.5257,2.3381,0.0000,1,0.1125,0.0584,13.5695,0.0016,1.000,70.00,342.76
13.7202,UKF,smooth,0.500,10.00,0.050,1,0.600,1,7.8079,9.9404,2.1324,1.7926,0.4149,0.1778,0.0480,6.0000,9.4332,0.4336,3.7316,0.5447,5.5793,-22.1573,-4.4116,-26.8095,-4.4036,-26.8888,5.8023,-22.7460,23.9299,-13.1679,-9.9909,-4.6522,-9.9829,-4.7315,0.2230,-0.5887,130,0.1500,130,0,1.0000,0.0000,0.0000,-1.9390,-5.2358,-0.5291,5.5316,2.3242,0.0000,1,0.1125,0.0584,13.5695,0.0016,1.000,70.00,342.76
13.7302,UKF,smooth,0.500,10.00,0.050,1,0.600,1,7.8804,10.0003,2.1200,1.8332,0.4149,0.1778,0.0476,6.0000,9.4332,0.4311,4.2179,0.5417,6.1015,-21.9014,-4.4116,-26.8095,-4.4036,-26.8888,6.3421,-22.5703,24.2226,-13.1832,-10.5131,-4.9081,-10.5051,-4.9874,0.2407,-0.6689,130,0.1600,130,0,1.0000,0.0000,0.0000,-1.8719,-5.0099,-0.5226,5.5373,2.3104,0.0000,1,0.1125,0.0584,13.5695,0.0016,1.000,70.00,342.76
13.7402,UKF,smooth,0.500,10.00,0.050,1,0.600,1,7.9513,9.8831,1.9318,1.5115,0.4160,0.1768,0.0483,6.0000,8.5102,1.8956,3.1633,0.5389,6.6096,-21.6555,3.3321,-23.2881,3.5223,-23.5544,6.5885,-22.1840,23.9069,-13.2192,-3.2775,-1.6326,-3.0874,-1.8988,-0.0211,-0.5284,131,0.0600,131,0,1.0000,0.0000,0.0000,-1.8043,-4.7866,-0.5149,5.5431,2.2966,0.0000,1,0.1125,0.0584,13.6819,0.0016,1.000,70.00,342.76
13.7502,UKF,smooth,0.500,10.00,0.050,1,0.600,1,8.0208,9.9525,1.9317,1.5466,0.4160,0.1768,0.0479,6.0000,8.5102,1.8941,3.3684,0.5361,7.1046,-21.4194,3.3321,-23.2881,3.5223,-23.5544,7.1040,-21.9825,24.1851,-13.2263,-3.7725,-1.8687,-3.5823,-2.1349,-0.0006,-0.5631,131,0.0700,131,0,1.0000,0.0000,0.0000,-1.7363,-4.5658,-0.5063,5.5488,2.2828,0.0000,1,0.1125,0.0584,13.6819,0.0016,1.000,70.00,342.76
13.7602,UKF,smooth,0.500,10.00,0.050,1,0.600,1,8.0886,10.0186,1.9300,1.5825,0.4160,0.1768,0.0475,6.0000,8.5102,1.8926,3.5910,0.5333,7.5869,-21.1927,3.3321,-23.2881,3.5223,-23.5544,7.6058,-21.7928,24.4629,-13.2384,-4.2548,-2.0954,-4.0647,-2.3616,0.0189,-0.6000,131,0.0800,131,0,1.0000,0.0000,0.0000,-1.6679,-4.3476,-0.4969,5.5544,2.2691,0.0000,1,0.1125,0.0584,13.6819,0.0016,1.000,70.00,342.76
13.7702,UKF,smooth,0.500,10.00,0.050,1,0.600,1,8.1550,10.0817,1.9267,1.6192,0.4160,0.1768,0.0472,6.0000,8.5102,1.8912,3.8295,0.5307,8.0575,-20.9751,3.3321,-23.2881,3.5223,-23.5544,8.0948,-21.6143,24.7406,-13.2551,-4.7254,-2.3130,-4.5353,-2.5793,0.0372,-0.6392,131,0.0900,131,0,1.0000,0.0000,0.0000,-1.5991,-4.1319,-0.4870,5.5599,2.2555,0.0000,1,0.1125,0.0584,13.6819,0.0016,1.000,70.00,342.76
13.7802,UKF,smooth,0.500,10.00,0.050,1,0.600,1,8.2198,10.1416,1.9218,1.6568,0.4160,0.1768,0.0469,6.0000,8.5102,1.8898,4.0824,0.5281,8.5169,-20.7662,3.3321,-23.2881,3.5223,-23.5544,8.5716,-21.4467,25.0180,-13.2762,-5.1848,-2.5219,-4.9947,-2.7882,0.0547,-0.6805,131,0.1000,131,0,1.0000,0.0000,0.0000,-1.5299,-3.9187,-0.4766,5.5654,2.2418,0.0000,1,0.1125,0.0584,13.6819,0.0016,1.000,70.00,342.76
13.7902,UKF,smooth,0.500,10.00,0.050,1,0.600,1,8.2830,10.1984,1.9154,1.6951,0.4160,0.1768,0.0467,6.0000,8.5102,1.8884,4.3484,0.5256,8.9658,-20.5657,3.3321,-23.2881,3.5223,-23.5544,9.0371,-21.2895,25.2954,-13.3016,-5.6337,-2.7224,-5.4435,-2.9887,0.0713,-0.7238,131,0.1100,131,0,1.0000,0.0000,0.0000,-1.4603,-3.7080,-0.4658,5.5709,2.2283,0.0000,1,0.1125,0.0584,13.6819,0.0016,1.000,70.00,342.76
13.8002,UKF,smooth,0.500,10.00,0.050,1,0.600,1,8.3446,10.2521,1.9075,1.7342,0.4160,0.1768,0.0464,6.0000,8.5102,1.8871,4.6268,0.5231,9.4047,-20.3733,3.3321,-23.2881,3.5223,-23.5544,9.4919,-21.1424,25.5728,-13.3311,-6.0726,-2.9148,-5.8824,-3.1810,0.0872,-0.7691,131,0.1200,131,0,1.0000,0.0000,0.0000,-1.3905,-3.4997,-0.4548,5.5763,2.2147,0.0000,1,0.1108,0.0513,13.6819,0.0007,1.000,70.00,342.76
13.8102,UKF,smooth,0.500,10.00,0.050,1,0.600,1,8.4046,10.3027,1.8981,1.7740,0.4160,0.1768,0.0462,6.0000,8.5102,1.8857,4.9167,0.5208,9.8342,-20.1888,3.3321,-23.2881,3.5223,-23.5544,9.9365,-21.0050,25.8502,-13.3646,-6.5021,-3.0993,-6.3119,-3.3656,0.1023,-0.8162,131,0.1300,131,0,1.0000,0.0000,0.0000,-1.3203,-3.2939,-0.4435,5.5816,2.2012,0.0000,1,0.1108,0.0513,13.6819,0.0007,1.000,70.00,342.76
13.8202,UKF,smooth,0.500,10.00,0.050,1,0.600,1,8.4631,10.3503,1.8872,1.8146,0.4160,0.1768,0.0459,6.0000,8.5102,1.8844,5.2175,0.5185,10.2546,-20.0118,3.3321,-23.2881,3.5223,-23.5544,10.3716,-20.8770,26.1279,-13.4020,-6.9225,-3.2763,-6.7324,-3.5425,0.1170,-0.8652,131,0.1400,131,0,1.0000,0.0000,0.0000,-1.2499,-3.0904,-0.4320,5.5869,2.1878,0.0000,1,0.1108,0.0513,13.6819,0.0007,1.000,70.00,342.76
13.8302,UKF,smooth,0.500,10.00,0.050,1,0.600,1,8.5200,10.3949,1.8749,1.8559,0.4160,0.1768,0.0457,6.0000,8.5102,1.8831,5.5287,0.5163,10.6666,-19.8422,3.3321,-23.2881,3.5223,-23.5544,10.7977,-20.7581,26.4058,-13.4433,-7.3345,-3.4459,-7.1443,-3.7122,0.1310,-0.9159,131,0.1500,131,0,1.0000,0.0000,0.0000,-1.1792,-2.8894,-0.4203,5.5921,2.1744,0.0000,1,0.1108,0.0513,13.6819,0.0007,1.000,70.00,342.76
13.8402,UKF,smooth,0.500,10.00,0.050,1,0.600,1,8.5753,10.4365,1.8612,1.8978,0.4160,0.1768,0.0455,6.0000,8.5102,1.8819,5.8499,0.5141,11.0706,-19.6796,3.3321,-23.2881,3.5223,-23.5544,11.2152,-20.6479,26.6840,-13.4883,-7.7385,-3.6085,-7.5483,-3.8748,0.1446,-0.9683,131,0.1600,131,0,1.0000,0.0000,0.0000,-1.1082,-2.6906,-0.4086,5.5973,2.1610,0.0000,1,0.1108,0.0513,13.6819,0.0007,1.000,70.00,342.76
13.8502,UKF,smooth,0.500,10.00,0.050,1,0.600,1,8.6291,10.4751,1.8461,1.9404,0.4160,0.1768,0.0453,6.0000,8.5102,1.8807,6.1808,0.5120,11.4669,-19.5238,3.3321,-23.2881,3.5223,-23.5544,11.6247,-20.5462,26.9626,-13.5370,-8.1348,-3.7643,-7.9446,-4.0306,0.1578,-1.0224,131,0.1700,131,0,1.0000,0.0000,0.0000,-1.0370,-2.4942,-0.3967,5.6025,2.1477,0.0000,1,0.1108,0.0513,13.6819,0.0007,1.000,70.00,342.76
13.8602,UKF,smooth,0.500,10.00,0.050,1,0.600,1,8.6812,10.1893,1.5081,1.7563,0.4179,0.1761,0.0470,6.0000,8.1373,1.7933,2.7922,0.5100,11.8561,-19.3746,9.4047,-20.3733,9.7216,-20.4090,12.2809,-19.1357,27.9529,-10.3561,-2.4514,-0.9987,-2.1345,-1.0345,0.4247,0.2389,132,0.0600,132,0,1.0000,0.0000,0.0000,-0.9657,-2.3001,-0.3848,5.6075,2.1344,0.0000,1,0.1108,0.0513,13.8009,0.0007,1.000,70.00,342.76
13.8702,UKF,smooth,0.500,10.00,0.050,1,0.600,1,8.7318,10.2339,1.5021,1.7946,0.4179,0.1761,0.0468,6.0000,8.1373,1.7920,3.1035,0.5081,12.2387,-19.2317,9.4047,-20.3733,9.7216,-20.4090,12.6995,-18.9499,28.2395,-10.3353,-2.8339,-1.1416,-2.5170,-1.1773,0.4608,0.2819,132,0.0700,132,0,1.0000,0.0000,0.0000,-0.8941,-2.1083,-0.3728,5.6125,2.1212,0.0000,1,0.1108,0.0513,13.8009,0.0007,1.000,70.00,342.76
13.8802,UKF,smooth,0.500,10.00,0.050,1,0.600,1,8.7808,10.2755,1.4947,1.8336,0.4179,0.1761,0.0465,6.0000,8.1373,1.7908,3.4022,0.5063,12.6147,-19.0950,9.4047,-20.3733,9.7216,-20.4090,13.1102,-18.7729,28.5269,-10.3175,-3.2100,-1.2783,-2.8930,-1.3140,0.4955,0.3221,132,0.0800,132,0,1.0000,0.0000,0.0000,-0.8223,-1.9188,-0.3609,5.6175,2.1080,0.0000,1,0.1108,0.0513,13.8009,0.0007,1.000,70.00,342.76
13.8902,UKF,smooth,0.500,10.00,0.050,1,0.600,1,8.8283,10.3141,1.4858,1.8733,0.4179,0.1761,0.0463,6.0000,8.1373,1.7897,3.6880,0.5045,12.9845,-18.9643,9.4047,-20.3733,9.7216,-20.4090,13.5133,-18.6046,28.8151,-10.3025,-3.5798,-1.4090,-3.2628,-1.4447,0.5288,0.3597,132,0.0900,132,0,1.0000,0.0000,0.0000,-0.7504,-1.7314,-0.3488,5.6224,2.0949,0.0000,1,0.1108,0.0513,13.8009,0.0007,1.000,70.00,342.76
13.9002,UKF,smooth,0.500,10.00,0.050,1,0.600,1,8.8742,10.3497,1.4755,1.9137,0.4179,0.1761,0.0461,6.0000,8.1373,1.7887,3.9608,0.5028,13.3484,-18.8393,9.4047,-20.3733,9.7216,-20.4090,13.9093,-18.4446,29.1042,-10.2904,-3.9437,-1.5340,-3.6268,-1.5697,0.5609,0.3948,132,0.1000,132,0,1.0000,0.0000,0.0000,-0.6783,-1.5463,-0.3368,5.6273,2.0818,0.0000,1,0.1108,0.0513,13.8009,0.0007,1.000,70.00,342.76
13.9102,UKF,smooth,0.500,10.00,0.050,1,0.600,1,8.9185,10.3824,1.4639,1.9547,0.4179,0.1761,0.0459,6.0000,8.1373,1.7876,4.2209,0.5012,13.7067,-18.7200,9.4047,-20.3733,9.7216,-20.4090,14.2986,-18.2925,29.3942,-10.2810,-4.3020,-1.6534,-3.9851,-1.6891,0.5919,0.4274,132,0.1100,132,0,1.0000,0.0000,0.0000,-0.6061,-1.3634,-0.3248,5.6321,2.0687,0.0000,1,0.1108,0.0513,13.8009,0.0007,1.000,70.00,342.76
13.9202,UKF,smooth,0.500,10.00,0.050,1,0.600,1,8.9613,10.4122,1.4509,1.9964,0.4179,0.1761,0.0457,6.0000,8.1373,1.7865,4.4687,0.4996,14.0597,-18.6060,9.4047,-20.3733,9.7216,-20.4090,14.6816,-18.1482,29.6853,-10.2744,-4.6550,-1.7673,-4.3381,-1.8030,0.6219,0.4578,132,0.1200,132,0,1.0000,0.0000,0.0000,-0.5337,-1.1826,-0.3129,5.6368,2.0558,0.0000,1,0.1056,0.0433,13.8009,-0.0015,1.000,70.00,342.76
13.9302,UKF,smooth,0.500,10.00,0.050,1,0.600,1,9.0025,10.4392,1.4366,2.0387,0.4179,0.1761,0.0455,6.0000,8.1373,1.7855,4.7048,0.4980,14.4077,-18.4973,9.4047,-20.3733,9.7216,-20.4090,15.0587,-18.0112,29.9775,-10.2704,-5.0030,-1.8760,-4.6861,-1.9117,0.6510,0.4861,132,0.1300,132,0,1.0000,0.0000,0.0000,-0.4613,-1.0040,-0.3009,5.6415,2.0428,0.0000,1,0.1056,0.0433,13.8009,-0.0015,1.000,70.00,342.76
13.9402,UKF,smooth,0.500,10.00,0.050,1,0.600,1,9.0422,10.4632,1.4210,2.0816,0.4179,0.1761,0.0453,6.0000,8.1373,1.7844,4.9296,0.4966,14.7509,-18.3937,9.4047,-20.3733,9.7216,-20.4090,15.4300,-17.8815,30.2709,-10.2692,-5.3462,-1.9796,-5.0292,-2.0154,0.6792,0.5122,132,0.1400,132,0,1.0000,0.0000,0.0000,-0.3887,-0.8275,-0.2890,5.6462,2.0299,0.0000,1,0.1056,0.0433,13.8009,-0.0015,1.000,70.00,342.76
13.9502,UKF,smooth,0.500,10.00,0.050,1,0.600,1,9.0804,10.4845,1.4041,2.1251,0.4179,0.1761,0.0452,6.0000,8.1373,1.7835,5.1439,0.4951,15.0895,-18.2950,9.4047,-20.3733,9.7216,-20.4090,15.7961,-17.7586,30.5656,-10.2705,-5.6848,-2.0783,-5.3678,-2.1140,0.7066,0.5364,132,0.1500,132,0,1.0000,0.0000,0.0000,-0.3160,-0.6532,-0.2772,5.6508,2.0171,0.0000,1,0.1056,0.0433,13.8009,-0.0015,1.000,70.00,342.76
13.9602,UKF,smooth,0.500,10.00,0.050,1,0.600,1,9.1171,10.5030,1.3860,2.1692,0.4179,0.1761,0.0450,6.0000,8.1373,1.7831,5.3482,0.4938,15.4237,-18.2012,9.4047,-20.3733,9.7216,-20.4090,16.1571,-17.6425,30.8617,-10.2744,-6.0189,-2.1721,-5.7020,-2.2079,0.7334,0.5587,132,0.1600,132,0,1.0000,0.0000,0.0000,-0.2432,-0.4809,-0.2653,5.6553,2.0043,0.0000,1,0.1056,0.0433,13.8009,-0.0015,1.000,70.00,342.76
13.9702,UKF,smooth,0.500,10.00,0.050,1,0.600,1,9.1522,10.5771,1.4248,1.8642,0.4184,0.1747,0.0452,6.0000,7.6151,1.2473,3.2012,0.4924,15.7536,-18.1120,14.0597,-18.6060,14.1115,-18.4045,16.1007,-17.6911,29.9400,-11.3389,-1.6939,-0.4940,-1.6421,-0.2925,0.3471,0.4210,133,0.0500,133,0,1.0000,0.0000,0.0000,-0.1704,-0.3107,-0.2536,5.6598,1.9915,0.0000,1,0.1056,0.0433,13.9188,-0.0015,1.000,70.00,342.76
13.9802,UKF,smooth,0.500,10.00,0.050,1,0.600,1,9.1859,10.6089,1.4231,1.9019,0.4184,0.1747,0.0450,6.0000,7.6151,1.2491,3.4332,0.4906,16.0796,-18.0275,14.0597,-18.6060,14.1115,-18.4045,16.4412,-17.5683,30.2075,-11.3475,-2.0199,-0.5785,-1.9682,-0.3770,0.3615,0.4592,133,0.0600,133,0,1.0000,0.0000,0.0000,-0.0975,-0.1425,-0.2419,5.6643,1.9789,0.0000,1,0.1056,0.0433,13.9188,-0.0015,1.000,70.00,342.76
13.9902,UKF,smooth,0.500,10.00,0.050,1,0.600,1,9.2180,10.6379,1.4199,1.9404,0.4184,0.1747,0.0448,6.0000,7.6151,1.2523,3.6506,0.4875,16.4020,-17.9476,14.0597,-18.6060,14.1115,-18.4045,16.7764,-17.4525,30.4759,-11.3590,-2.3422,-0.6584,-2.2905,-0.4569,0.3745,0.4951,133,0.0700,133,0,1.0000,0.0000,0.0000,-0.0245,0.0236,-0.2303,5.6687,1.9662,0.0000,1,0.1056,0.0433,13.9188,-0.0015,1.000,70.00,342.76
14.0002,UKF,smooth,0.500,10.00,0.050,1,0.600,1,9.2487,10.6640,1.4153,1.9795,0.4184,0.1747,0.0446,6.0000,7.6151,1.2553,3.8524,0.4846,16.7208,-17.8720,14.0597,-18.6060,14.1115,-18.4045,17.1068,-17.3435,30.7453,-11.3734,-2.6610,-0.7340,-2.6093,-0.5325,0.3860,0.5285,133,0.0800,133,0,1.0000,0.0000,0.0000,0.0486,0.1877,-0.2188,5.6730,1.9536,0.0000,1,0.1056,0.0433,13.9188,-0.0015,1.000,70.00,342.76
14.0102,UKF,smooth,0.500,10.00,0.050,1,0.600,1,9.2779,10.6873,1.4094,2.0193,0.4184,0.1747,0.0444,6.0000,7.6151,1.2581,4.0393,0.4818,17.0363,-17.8006,14.0597,-18.6060,14.1115,-18.4045,17.4324,-17.2410,31.0157,-11.3908,-2.9765,-0.8054,-2.9248,-0.6039,0.3962,0.5596,133,0.0900,133,0,1.0000,0.0000,0.0000,0.1217,0.3499,-0.2073,5.6773,1.9411,0.0000,1,0.1056,0.0433,13.9188,-0.0015,1.000,70.00,342.76
14.0202,UKF,smooth,0.500,10.00,0.050,1,0.600,1,9.3056,10.7078,1.4022,2.0598,0.4184,0.1747,0.0442,6.0000,7.6151,1.2607,4.2118,0.4792,17.3486,-17.7333,14.0597,-18.6060,14.1115,-18.4045,17.7537,-17.1449,31.2872,-11.4110,-3.2888,-0.8727,-3.2371,-0.6712,0.4052,0.5884,133,0.1000,133,0,1.0000,0.0000,0.0000,0.1948,0.5100,-0.1959,5.6816,1.9286,0.0000,1,0.1056,0.0433,13.9188,-0.0015,1.000,70.00,342.76
14.0302,UKF,smooth,0.500,10.00,0.050,1,0.600,1,9.3319,10.7256,1.3937,2.1009,0.4184,0.1747,0.0440,6.0000,7.6151,1.2632,4.3703,0.4767,17.6579,-17.6700,14.0597,-18.6060,14.1115,-18.4045,18.0708,-17.0549,31.5599,-11.4341,-3.5981,-0.9360,-3.5464,-0.7345,0.4129,0.6151,133,0.1100,133,0,1.0000,0.0000,0.0000,0.2680,0.6682,-0.1846,5.6858,1.9162,0.0000,1,0.0884,0.0441,13.9188,-0.0015,1.000,70.00,342.76
14.0402,UKF,smooth,0.500,10.00,0.050,1,0.600,1,9.3567,10.7406,1.3839,2.1427,0.4184,0.1747,0.0438,6.0000,7.6151,1.2655,4.5154,0.4744,17.9644,-17.6105,14.0597,-18.6060,14.1115,-18.4045,18.3839,-16.9708,31.8338,-11.4601,-3.9046,-0.9955,-3.8529,-0.7940,0.4196,0.6397,133,0.1200,133,0,1.0000,0.0000,0.0000,0.3412,0.8245,-0.1734,5.6900,1.9038,0.0000,1,0.0884,0.0441,13.9188,-0.0015,1.000,70.00,342.76
14.0502,UKF,smooth,0.500,10.00,0.050,1,0.600,1,9.3801,10.7530,1.3729,2.1850,0.4184,0.1747,0.0437,6.0000,7.6151,1.2677,4.6475,0.4723,18.2682,-17.5549,14.0597,-18.6060,14.1115,-18.4045,18.6933,-16.8926,32.1090,-11.4889,-4.2084,-1.0511,-4.1567,-0.8496,0.4251,0.6623,133,0.1300,133,0,1.0000,0.0000,0.0000,0.4144,0.9789,-0.1623,5.6941,1.8915,0.0000,1,0.0884,0.0441,13.9188,-0.0015,1.000,70.00,342.76
14.0602,UKF,smooth,0.500,10.00,0.050,1,0.600,1,9.4021,10.7627,1.3606,2.2281,0.4184,0.1747,0.0435,6.0000,7.6151,1.2698,4.7671,0.4703,18.5694,-17.5029,14.0597,-18.6060,14.1115,-18.4045,18.9990,-16.8200,32.3856,-11.5206,-4.5096,-1.1031,-4.4579,-0.9016,0.4296,0.6829,133,0.1400,133,0,1.0000,0.0000,0.0000,0.4877,1.1313,-0.1512,5.6981,1.8792,0.0000,1,0.0884,0.0441,13.9188,-0.0015,1.000,70.00,342.76
14.0702,UKF,smooth,0.500,10.00,0.050,1,0.600,1,9.4227,10.7699,1.3471,2.2717,0.4184,0.1747,0.0433,6.0000,7.6151,1.2716,4.8747,0.4684,18.8682,-17.4546,14.0597,-18.6060,14.1115,-18.4045,19.3013,-16.7528,32.6635,-11.5552,-4.8085,-1.1514,-4.7568,-0.9499,0.4331,0.7018,133,0.1500,133,0,1.0000,0.0000,0.0000,0.5610,1.2819,-0.1403,5.7021,1.8670,0.0000,1,0.0884,0.0441,13.9188,-0.0015,1.000,70.00,342.76
14.0802,UKF,smooth,0.500,10.00,0.050,1,0.600,1,9.4419,10.9575,1.5155,1.9485,0.4179,0.1729,0.0427,6.0000,7.2336,1.2293,0.3124,0.4667,19.1647,-17.4099,17.6579,-17.6700,17.4820,-17.7912,19.1489,-17.3599,31.4587,-14.3911,-1.5069,-0.2601,-1.6827,-0.3814,-0.0158,0.0500,134,0.0500,134,0,1.0000,0.0000,0.0000,0.6342,1.4306,-0.1295,5.7061,1.8548,0.0000,1,0.0884,0.0441,14.0288,-0.0015,1.000,70.00,342.76
14.0902,UKF,smooth,0.500,10.00,0.050,1,0.600,1,9.4597,10.9787,1.5189,1.9857,0.4179,0.1729,0.0425,6.0000,7.2336,1.2280,0.3431,0.4651,19.4591,-17.3686,17.6579,-17.6700,17.4820,-17.7912,19.4302,-17.3184,31.7029,-14.4636,-1.8013,-0.3014,-1.9771,-0.4226,-0.0290,0.0502,134,0.0600,134,0,1.0000,0.0000,0.0000,0.7075,1.5774,-0.1187,5.7100,1.8427,0.0000,1,0.0884,0.0441,14.0288,-0.0015,1.000,70.00,342.76
14.1002,UKF,smooth,0.500,10.00,0.050,1,0.600,1,9.4762,10.9972,1.5210,2.0237,0.4179,0.1729,0.0424,6.0000,7.2336,1.2269,0.3817,0.4637,19.7515,-17.3308,17.6579,-17.6700,17.4820,-17.7912,19.7078,-17.2825,31.9480,-14.5397,-2.0936,-0.3392,-2.2695,-0.4605,-0.0438,0.0482,134,0.0700,134,0,1.0000,0.0000,0.0000,0.7808,1.7224,-0.1081,5.7139,1.8306,0.0000,1,0.0884,0.0441,14.0288,-0.0015,1.000,70.00,342.76
14.1102,UKF,smooth,0.500,10.00,0.050,1,0.600,1,9.4913,11.0131,1.5218,2.0624,0.4179,0.1729,0.0422,6.0000,7.2336,1.2258,0.4325,0.4625,20.0420,-17.2963,17.6579,-17.6700,17.4820,-17.7912,19.9820,-17.2522,32.1939,-14.6195,-2.3841,-0.3737,-2.5600,-0.4950,-0.0600,0.0440,134,0.0800,134,0,1.0000,0.0000,0.0000,0.8541,1.8656,-0.0975,5.7177,1.8187,0.0000,1,0.0884,0.0441,14.0288,-0.0015,1.000,70.00,342.76
14.1202,UKF,smooth,0.500,10.00,0.050,1,0.600,1,9.5050,11.0264,1.5214,2.1018,0.4179,0.1729,0.0421,6.0000,7.2336,1.2248,0.4988,0.4612,20.3307,-17.2651,17.6579,-17.6700,17.4820,-17.7912,20.2529,-17.2273,32.4406,-14.7030,-2.6728,-0.4049,-2.8487,-0.5262,-0.0778,0.0378,134,0.0900,134,0,1.0000,0.0000,0.0000,0.9274,2.0070,-0.0871,5.7215,1.8067,0.0000,1,0.0821,0.0450,14.0288,0.0002,1.000,70.00,342.76
14.1302,UKF,smooth,0.500,10.00,0.050,1,0.600,1,9.5174,11.0370,1.5197,2.1418,0.4179,0.1729,0.0419,6.0000,7.2336,1.2238,0.5819,0.4602,20.6177,-17.2371,17.6579,-17.6700,17.4820,-17.7912,20.5206,-17.2076,32.6882,-14.7902,-2.9598,-0.4329,-3.1357,-0.5541,-0.0971,0.0294,134,0.1000,134,0,1.0000,0.0000,0.0000,1.0007,2.1466,-0.0768,5.7253,1.7948,0.0000,1,0.0821,0.0450,14.0288,0.0002,1.000,70.00,342.76
14.1402,UKF,smooth,0.500,10.00,0.050,1,0.600,1,9.5285,11.0452,1.5167,2.1825,0.4179,0.1729,0.0418,6.0000,7.2336,1.2230,0.6826,0.4593,20.9031,-17.2123,17.6579,-17.6700,17.4820,-17.7912,20.7854,-17.1931,32.9368,-14.8811,-3.2453,-0.4577,-3.4211,-0.5790,-0.1178,0.0191,134,0.1100,134,0,1.0000,0.0000,0.0000,1.0740,2.2844,-0.0665,5.7290,1.7830,0.0000,1,0.0821,0.0450,14.0288,0.0002,1.000,70.00,342.76
14.1502,UKF,smooth,0.500,10.00,0.050,1,0.600,1,9.5382,11.0509,1.5126,2.2238,0.4179,0.1729,0.0417,6.0000,7.2336,1.2222,0.8005,0.4585,21.1871,-17.1906,17.6579,-17.6700,17.4820,-17.7912,21.0472,-17.1837,33.1864,-14.9758,-3.5292,-0.4794,-3.7051,-0.6006,-0.1399,0.0069,134,0.1200,134,0,1.0000,0.0000,0.0000,1.1473,2.4205,-0.0564,5.7326,1.7712,0.0000,1,0.0821,0.0450,14.0288,0.0002,1.000,70.00,342.76
14.1602,UKF,smooth,0.500,10.00,0.050,1,0.600,1,9.5467,11.0541,1.5074,2.2658,0.4179,0.1729,0.0416,6.0000,7.2336,1.2215,0.9350,0.4578,21.4697,-17.1720,17.6579,-17.6700,17.4820,-17.7912,21.3063,-17.1793,33.4369,-15.0744,-3.8118,-0.4980,-3.9877,-0.6192,-0.1634,-0.0073,134,0.1300,134,0,1.0000,0.0000,0.0000,1.2205,2.5548,-0.0464,5.7362,1.7595,0.0000,1,0.0821,0.0450,14.0288,0.0002,1.000,70.00,342.76
14.1702,UKF,smooth,0.500,10.00,0.050,1,0.600,1,9.5539,11.5847,2.0308,1.9537,0.4190,0.1715,0.0426,6.0000,7.8673,1.1219,1.6167,0.4573,21.7510,-17.1564,20.3307,-17.2651,20.2890,-17.4491,21.5106,-17.2988,32.8793,-16.0842,-1.4203,-0.1087,-1.4620,-0.2927,-0.2405,-0.1424,135,0.0500,135,0,1.0000,0.0000,0.0000,1.2937,2.6874,-0.0365,5.7398,1.7479,0.0000,1,0.0821,0.0450,14.1204,0.0002,1.000,70.00,342.76
14.1802,UKF,smooth,0.500,10.00,0.050,1,0.600,1,9.5598,11.6053,2.0455,1.9898,0.4190,0.1715,0.0425,6.0000,7.8673,1.1215,1.7708,0.4568,22.0312,-17.1438,20.3307,-17.2651,20.2890,-17.4491,21.7642,-17.2940,33.1002,-16.1810,-1.7005,-0.1213,-1.7422,-0.3053,-0.2670,-0.1502,135,0.0600,135,0,1.0000,0.0000,0.0000,1.3669,2.8183,-0.0267,5.7433,1.7363,0.0000,1,0.0821,0.0450,14.1204,0.0002,1.000,70.00,342.76
14.1902,UKF,smooth,0.500,10.00,0.050,1,0.600,1,9.5645,11.6234,2.0589,2.0267,0.4190,0.1715,0.0424,6.0000,7.8673,1.1211,1.9409,0.4565,22.3103,-17.1341,20.3307,-17.2651,20.2890,-17.4491,22.0147,-17.2940,33.3214,-16.2813,-1.9796,-0.1309,-2.0213,-0.3149,-0.2956,-0.1599,135,0.0700,135,0,1.0000,0.0000,0.0000,1.4401,2.9475,-0.0170,5.7468,1.7247,0.0000,1,0.0821,0.0450,14.1204,0.0002,1.000,70.00,342.76
14.2002,UKF,smooth,0.500,10.00,0.050,1,0.600,1,9.5679,11.6390,2.0712,2.0643,0.4190,0.1715,0.0422,6.0000,7.8673,1.1208,2.1265,0.4563,22.5883,-17.1274,20.3307,-17.2651,20.2890,-17.4491,22.2623,-17.2987,33.5427,-16.3853,-2.2576,-0.1377,-2.2993,-0.3217,-0.3261,-0.1713,135,0.0800,135,0,1.0000,0.0000,0.0000,1.5133,3.0750,-0.0075,5.7502,1.7133,0.0000,1,0.0821,0.0450,14.1204,0.0002,1.000,70.00,342.76
14.2102,UKF,smooth,0.500,10.00,0.050,1,0.600,1,9.5701,11.6523,2.0822,2.1026,0.4190,0.1715,0.0421,6.0000,7.8673,1.1207,2.3272,0.4562,22.8655,-17.1235,20.3307,-17.2651,20.2890,-17.4491,22.5070,-17.3080,33.7643,-16.4929,-2.5348,-0.1416,-2.5765,-0.3256,-0.3585,-0.1845,135,0.0900,135,0,1.0000,0.0000,0.0000,1.5864,3.2009,0.0020,5.7536,1.7018,0.0000,1,0.1137,0.0472,14.1204,0.0019,1.000,70.00,342.76
14.2202,UKF,smooth,0.500,10.00,0.050,1,0.600,1,9.5710,11.6632,2.0922,2.1416,0.4190,0.1715,0.0420,6.0000,7.8673,1.1206,2.5425,0.4562,23.1418,-17.1224,20.3307,-17.2651,20.2890,-17.4491,22.7489,-17.3218,33.9861,-16.6041,-2.8111,-0.1426,-2.8528,-0.3266,-0.3930,-0.1994,135,0.1000,135,0,1.0000,0.0000,0.0000,1.6595,3.3250,0.0113,5.7569,1.6905,0.0000,1,0.1137,0.0472,14.1204,0.0019,1.000,70.00,342.76
14.2302,UKF,smooth,0.500,10.00,0.050,1,0.600,1,9.5708,11.6717,2.1010,2.1813,0.4190,0.1715,0.0419,6.0000,7.8673,1.1207,2.7723,0.4564,23.4174,-17.1241,20.3307,-17.2651,20.2890,-17.4491,22.9881,-17.3400,34.2081,-16.7189,-3.0867,-0.1409,-3.1284,-0.3249,-0.4293,-0.2159,135,0.1100,135,0,1.0000,0.0000,0.0000,1.7326,3.4476,0.0205,5.7602,1.6792,0.0000,1,0.1137,0.0472,14.1204,0.0019,1.000,70.00,342.76
14.2402,UKF,smooth,0.500,10.00,0.050,1,0.600,1,9.5693,11.6780,2.1087,2.2216,0.4190,0.1715,0.0418,6.0000,7.8673,1.1209,3.0165,0.4566,23.6924,-17.1286,20.3307,-17.2651,20.2890,-17.4491,23.2247,-17.3626,34.4303,-16.8375,-3.3617,-0.1364,-3.4033,-0.3204,-0.4677,-0.2340,135,0.1200,135,0,1.0000,0.0000,0.0000,1.8057,3.5685,0.0297,5.7635,1.6679,0.0000,1,0.1137,0.0472,14.1204,0.0019,1.000,70.00,342.76
14.2502,UKF,smooth,0.500,10.00,0.050,1,0.600,1,9.5667,11.6820,2.1154,2.2627,0.4190,0.1715,0.0417,6.0000,7.8673,1.1211,3.2748,0.4570,23.9667,-17.1359,20.3307,-17.2651,20.2890,-17.4491,23.4587,-17.3895,34.6529,-16.9597,-3.6360,-0.1292,-3.6777,-0.3132,-0.5080,-0.2536,135,0.1300,135,0,1.0000,0.0000,0.0000,1.8787,3.6878,0.0386,5.7667,1.6568,0.0000,1,0.1137,0.0472,14.1204,0.0019,1.000,70.00,342.76
14.2602,UKF,smooth,0.500,10.00,0.050,1,0.600,1,9.5629,11.8187,2.2558,2.0005,0.4193,0.1710,0.0419,6.0000,8.0740,1.1621,2.6294,0.4574,24.2405,-17.1458,22.8655,-17.1235,22.6619,-17.1252,23.7836,-17.0958,34.9002,-16.1987,-1.3750,0.0224,-1.5786,0.0206,-0.4569,0.0501,136,0.0500,136,0,1.0000,0.0000,0.0000,1.9517,3.8055,0.0475,5.7699,1.6456,0.0000,1,0.1137,0.0472,14.2122,0.0019,1.000,70.00,342.76
14.2702,UKF,smooth,0.500,10.00,0.050,1,0.600,1,9.5579,11.8315,2.2735,2.0366,0.4193,0.1710,0.0418,6.0000,8.0740,1.1618,2.8339,0.4580,24.5139,-17.1585,22.8655,-17.1235,22.6619,-17.1252,24.0225,-17.0961,35.1170,-16.2916,-1.6484,0.0350,-1.8520,0.0332,-0.4914,0.0624,136,0.0600,136,0,1.0000,0.0000,0.0000,2.0246,3.9216,0.0563,5.7731,1.6346,0.0000,1,0.1137,0.0472,14.2122,0.0019,1.000,70.00,342.76
14.2802,UKF,smooth,0.500,10.00,0.050,1,0.600,1,9.5518,11.8420,2.2901,2.0736,0.4193,0.1710,0.0417,6.0000,8.0740,1.1615,3.0505,0.4587,24.7870,-17.1738,22.8655,-17.1235,22.6619,-17.1252,24.2589,-17.1006,35.3339,-16.3879,-1.9215,0.0503,-2.1250,0.0485,-0.5281,0.0731,136,0.0700,136,0,1.0000,0.0000,0.0000,2.0975,4.0361,0.0649,5.7762,1.6236,0.0000,1,0.1137,0.0472,14.2122,0.0019,1.000,70.00,342.76
14.2902,UKF,smooth,0.500,10.00,0.050,1,0.600,1,9.5446,11.8503,2.3057,2.1112,0.4193,0.1710,0.0416,6.0000,8.0740,1.1611,3.2790,0.4595,25.0597,-17.1917,22.8655,-17.1235,22.6619,-17.1252,24.4926,-17.1093,35.5508,-16.4876,-2.1942,0.0683,-2.3978,0.0665,-0.5671,0.0824,136,0.0800,136,0,1.0000,0.0000,0.0000,2.1704,4.1491,0.0734,5.7792,1.6127,0.0000,1,0.1137,0.0472,14.2122,0.0019,1.000,70.00,342.76
14.3002,UKF,smooth,0.500,10.00,0.050,1,0.600,1,9.5363,11.8563,2.3201,2.1496,0.4193,0.1710,0.0416,6.0000,8.0740,1.1608,3.5190,0.4603,25.3322,-17.2123,22.8655,-17.1235,22.6619,-17.1252,24.7238,-17.1221,35.7677,-16.5906,-2.4667,0.0888,-2.6703,0.0871,-0.6084,0.0903,136,0.0900,136,0,1.0000,0.0000,0.0000,2.2433,4.2605,0.0818,5.7822,1.6018,0.0000,1,0.1137,0.0472,14.2122,0.0019,1.000,70.00,342.76
14.3102,UKF,smooth,0.500,10.00,0.050,1,0.600,1,9.5268,11.8603,2.3335,2.1888,0.4193,0.1710,0.0415,6.0000,8.0740,1.1604,3.7708,0.4613,25.6046,-17.2355,22.8655,-17.1235,22.6619,-17.1252,24.9526,-17.1388,35.9847,-16.6970,-2.7391,0.1120,-2.9427,0.1103,-0.6520,0.0967,136,0.1000,136,0,1.0000,0.0000,0.0000,2.3161,4.3703,0.0900,5.7852,1.5910,0.0000,1,0.1137,0.0472,14.2122,0.0019,1.000,70.00,342.76
14.3202,UKF,smooth,0.500,10.00,0.050,1,0.600,1,9.5163,11.8621,2.3458,2.2286,0.4193,0.1710,0.0414,6.0000,8.0740,1.1601,4.0342,0.4624,25.8769,-17.2613,22.8655,-17.1235,22.6619,-17.1252,25.1791,-17.1595,36.2016,-16.8069,-3.0114,0.1378,-3.2150,0.1361,-0.6978,0.1018,136,0.1100,136,0,1.0000,0.0000,0.0000,2.3889,4.4787,0.0982,5.7882,1.5802,0.0000,1,0.1137,0.0472,14.2122,0.0019,1.000,70.00,342.76
14.3302,UKF,smooth,0.500,10.00,0.050,1,0.600,1,9.5047,11.8618,2.3571,2.2692,0.4193,0.1710,0.0413,6.0000,8.0740,1.1598,4.3094,0.4636,26.1492,-17.2897,22.8655,-17.1235,22.6619,-17.1252,25.4031,-17.1840,36.4186,-16.9201,-3.2837,0.1662,-3.4873,0.1644,-0.7461,0.1056,136,0.1200,136,0,1.0000,0.0000,0.0000,2.4616,4.5855,0.1062,5.7911,1.5696,0.0000,1,0.0851,0.0453,14.2122,-0.0003,1.000,70.00,342.76
14.3402,UKF,smooth,0.500,10.00,0.050,1,0.600,1,9.4920,11.8594,2.3674,2.3104,0.4193,0.1710,0.0413,6.0000,8.0740,1.1594,4.5967,0.4649,26.4215,-17.3206,22.8655,-17.1235,22.6619,-17.1252,25.6249,-17.2124,36.6356,-17.0368,-3.5560,0.1971,-3.7596,0.1954,-0.7966,0.1082,136,0.1300,136,0,1.0000,0.0000,0.0000,2.5343,4.6908,0.1141,5.7939,1.5590,0.0000,1,0.0851,0.0453,14.2122,-0.0003,1.000,70.00,342.76
14.3502,UKF,smooth,0.500,10.00,0.050,1,0.600,1,9.4782,11.8550,2.3768,2.3523,0.4193,0.1710,0.0412,6.0000,8.0740,1.1591,4.8965,0.4663,26.6940,-17.3541,22.8655,-17.1235,22.6619,-17.1252,25.8444,-17.2445,36.8525,-17.1571,-3.8285,0.2306,-4.0320,0.2289,-0.8495,0.1096,136,0.1400,136,0,1.0000,0.0000,0.0000,2.6070,4.7946,0.1218,5.7968,1.5484,0.0000,1,0.0851,0.0453,14.2122,-0.0003,1.000,70.00,342.76
14.3602,UKF,smooth,0.500,10.00,0.050,1,0.600,1,9.4635,11.8486,2.3852,2.3949,0.4193,0.1710,0.0411,6.0000,8.0740,1.1588,5.2091,0.4678,26.9666,-17.3902,22.8655,-17.1235,22.6619,-17.1252,26.0617,-17.2804,37.0694,-17.2808,-4.1011,0.2667,-4.3047,0.2649,-0.9049,0.1098,136,0.1500,136,0,1.0000,0.0000,0.0000,2.6796,4.8969,0.1295,5.7996,1.5379,0.0000,1,0.0851,0.0453,14.2122,-0.0003,1.000,70.00,342.76
14.3702,UKF,smooth,0.500,10.00,0.050,1,0.600,1,9.4477,11.8403,2.3926,2.4381,0.4193,0.1710,0.0411,6.0000,8.0740,1.1584,5.5347,0.4694,27.2394,-17.4288,22.8655,-17.1235,22.6619,-17.1252,26.2768,-17.3199,37.2862,-17.4081,-4.3739,0.3053,-4.5775,0.3035,-0.9626,0.1088,136,0.1600,136,0,1.0000,0.0000,0.0000,2.7522,4.9977,0.1370,5.8023,1.5275,0.0000,1,0.0851,0.0453,14.2122,-0.0003,1.000,70.00,342.76
14.3802,UKF,smooth,0.500,10.00,0.050,1,0.600,1,9.4309,11.5682,2.1374,2.0942,0.4190,0.1699,0.0407,6.0000,8.0018,1.0830,2.2277,0.4711,27.5126,-17.4699,26.1492,-17.2897,26.0279,-17.1490,27.2479,-17.1964,40.2706,-17.1428,-1.3635,0.1802,-1.4847,0.3209,-0.2647,0.2735,137,0.0500,137,0,1.0000,0.0000,0.0000,2.8248,5.0971,0.1443,5.8050,1.5171,0.0000,1,0.0851,0.0453,14.3299,-0.0003,1.000,70.00,342.76
14.3902,UKF,smooth,0.500,10.00,0.050,1,0.600,1,9.4130,11.5636,2.1505,2.1311,0.4190,0.1699,0.0407,6.0000,8.0018,1.0813,2.3812,0.4729,27.7862,-17.5136,26.1492,-17.2897,26.0279,-17.1490,27.5087,-17.2164,40.5442,-17.2488,-1.6370,0.2239,-1.7583,0.3646,-0.2775,0.2971,137,0.0600,137,0,1.0000,0.0000,0.0000,2.8973,5.1950,0.1516,5.8077,1.5068,0.0000,1,0.0851,0.0453,14.3299,-0.0003,1.000,70.00,342.76
14.4002,UKF,smooth,0.500,10.00,0.050,1,0.600,1,9.3942,11.5569,2.1627,2.1686,0.4190,0.1699,0.0406,6.0000,8.0018,1.0796,2.5387,0.4749,28.0602,-17.5598,26.1492,-17.2897,26.0279,-17.1490,27.7676,-17.2402,40.8186,-17.3584,-1.9110,0.2701,-2.0322,0.4107,-0.2926,0.3196,137,0.0700,137,0,1.0000,0.0000,0.0000,2.9698,5.2915,0.1587,5.8103,1.4966,0.0000,1,0.0851,0.0453,14.3299,-0.0003,1.000,70.00,342.76
14.4102,UKF,smooth,0.500,10.00,0.050,1,0.600,1,9.3745,11.5484,2.1739,2.2070,0.4190,0.1699,0.0406,6.0000,8.0018,1.0778,2.6998,0.4769,28.3347,-17.6085,26.1492,-17.2897,26.0279,-17.1490,28.0247,-17.2676,41.0941,-17.4713,-2.1855,0.3188,-2.3067,0.4595,-0.3100,0.3409,137,0.0800,137,0,1.0000,0.0000,0.0000,3.0423,5.3865,0.1657,5.8130,1.4865,0.0000,1,0.0851,0.0453,14.3299,-0.0003,1.000,70.00,342.76
14.4202,UKF,smooth,0.500,10.00,0.050,1,0.600,1,9.3537,11.5380,2.1842,2.2460,0.4190,0.1699,0.0405,6.0000,8.0018,1.0759,2.8647,0.4790,28.6097,-17.6597,26.1492,-17.2897,26.0279,-17.1490,28.2799,-17.2987,41.3704,-17.5878,-2.4605,0.3701,-2.5817,0.5107,-0.3298,0.3611,137,0.0900,137,0,1.0000,0.0000,0.0000,3.1147,5.4801,0.1725,5.8155,1.4764,0.0000,1,0.0921,0.0489,14.3299,0.0002,1.000,70.00,342.76
14.4302,UKF,smooth,0.500,10.00,0.050,1,0.600,1,9.3320,11.5257,2.1936,2.2858,0.4190,0.1699,0.0405,6.0000,8.0018,1.0739,3.0338,0.4813,28.8853,-17.7135,26.1492,-17.2897,26.0279,-17.1490,28.5334,-17.3333,41.6477,-17.7078,-2.7361,0.4238,-2.8574,0.5645,-0.3519,0.3802,137,0.1000,137,0,1.0000,0.0000,0.0000,3.1871,5.5723,0.1792,5.8181,1.4663,0.0000,1,0.0921,0.0489,14.3299,0.0002,1.000,70.00,342.76
14.4402,UKF,smooth,0.500,10.00,0.050,1,0.600,1,9.3094,11.5115,2.2021,2.3262,0.4190,0.1699,0.0404,6.0000,8.0018,1.0719,3.2076,0.4836,29.1616,-17.7698,26.1492,-17.2897,26.0279,-17.1490,28.7851,-17.3715,41.9259,-17.8313,-3.0124,0.4802,-3.1337,0.6208,-0.3765,0.3983,137,0.1100,137,0,1.0000,0.0000,0.0000,3.2595,5.6631,0.1858,5.8206,1.4564,0.0000,1,0.0921,0.0489,14.3299,0.0002,1.000,70.00,342.76
14.4502,UKF,smooth,0.500,10.00,0.050,1,0.600,1,9.2859,11.4956,2.2097,2.3673,0.4190,0.1699,0.0404,6.0000,8.0018,1.0701,3.3871,0.4856,29.4387,-17.8287,26.1492,-17.2897,26.0279,-17.1490,29.0352,-17.4132,42.2051,-17.9583,-3.2895,0.5391,-3.4107,0.6797,-0.4035,0.4155,137,0.1200,137,0,1.0000,0.0000,0.0000,3.3319,5.7525,0.1922,5.8230,1.4465,0.0000,1,0.0921,0.0489,14.3299,0.0002,1.000,70.00,342.76
14.4602,UKF,smooth,0.500,10.00,0.050,1,0.600,1,9.2614,11.4779,2.2165,2.4092,0.4190,0.1699,0.0404,6.0000,8.0018,1.0692,3.5735,0.4864,29.7165,-17.8904,26.1492,-17.2897,26.0279,-17.1490,29.2836,-17.4584,42.4852,-18.0890,-3.5673,0.6007,-3.6886,0.7414,-0.4329,0.4320,137,0.1300,137,0,1.0000,0.0000,0.0000,3.4042,5.8405,0.1985,5.8255,1.4366,0.0000,1,0.0921,0.0489,14.3299,0.0002,1.000,70.00,342.76
14.4702,UKF,smooth,0.500,10.00,0.050,1,0.600,1,9.2361,11.1893,1.9532,1.9776,0.4181,0.1696,0.0394,6.0000,7.6643,1.6615,2.8812,0.4873,29.9952,-17.9546,28.6097,-17.6597,28.5690,-17.3833,29.8347,-17.4980,44.1858,-18.4258,-1.3855,0.2949,-1.4262,0.5714,-0.1606,0.4567,138,0.0500,138,0,1.0000,0.0000,0.0000,3.4765,5.9271,0.2046,5.8279,1.4269,0.0000,1,0.0921,0.0489,14.4204,0.0002,1.000,70.00,342.76
14.4802,UKF,smooth,0.500,10.00,0.050,1,0.600,1,9.2098,11.1719,1.9621,2.0121,0.4181,0.1696,0.0394,6.0000,7.6643,1.6605,3.0514,0.4882,30.2748,-18.0214,28.6097,-17.6597,28.5690,-17.3833,30.1047,-17.5378,44.5034,-18.5542,-1.6652,0.3617,-1.7058,0.6381,-0.1702,0.4836,138,0.0600,138,0,1.0000,0.0000,0.0000,3.5487,6.0123,0.2106,5.8302,1.4172,0.0000,1,0.0921,0.0489,14.4204,0.0002,1.000,70.00,342.76
14.4902,UKF,smooth,0.500,10.00,0.050,1,0.600,1,9.1827,11.1527,1.9700,2.0474,0.4181,0.1696,0.0394,6.0000,7.6643,1.6595,3.2202,0.4892,30.5554,-18.0908,28.6097,-17.6597,28.5690,-17.3833,30.3733,-17.5812,44.8228,-18.6864,-1.9457,0.4311,-1.9864,0.7075,-0.1821,0.5096,138,0.0700,138,0,1.0000,0.0000,0.0000,3.6210,6.0962,0.2165,5.8326,1.4076,0.0000,1,0.0921,0.0489,14.4204,0.0002,1.000,70.00,342.76
14.5002,UKF,smooth,0.500,10.00,0.050,1,0.600,1,9.1547,11.1318,1.9771,2.0834,0.4181,0.1696,0.0394,6.0000,7.6643,1.6584,3.3879,0.4902,30.8371,-18.1627,28.6097,-17.6597,28.5690,-17.3833,30.6406,-17.6282,45.1440,-18.8225,-2.2274,0.5030,-2.2680,0.7795,-0.1965,0.5346,138,0.0800,138,0,1.0000,0.0000,0.0000,3.6932,6.1787,0.2222,5.8349,1.3980,0.0000,1,0.0921,0.0489,14.4204,0.0002,1.000,70.00,342.76
14.5102,UKF,smooth,0.500,10.00,0.050,1,0.600,1,9.1259,11.1093,1.9833,2.1203,0.4181,0.1696,0.0394,6.0000,7.6643,1.6574,3.5553,0.4912,31.1198,-18.2373,28.6097,-17.6597,28.5690,-17.3833,30.9066,-17.6787,45.4671,-18.9625,-2.5101,0.5776,-2.5508,0.8540,-0.2132,0.5586,138,0.0900,138,0,1.0000,0.0000,0.0000,3.7654,6.2598,0.2277,5.8371,1.3885,0.0000,1,0.0921,0.0489,14.4204,0.0002,1.000,70.00,342.76
14.5202,UKF,smooth,0.500,10.00,0.050,1,0.600,1,9.0963,11.0850,1.9887,2.1580,0.4181,0.1696,0.0393,6.0000,7.6643,1.6562,3.7230,0.4923,31.4036,-18.3144,28.6097,-17.6597,28.5690,-17.3833,31.1713,-17.7327,45.7920,-19.1064,-2.7940,0.6547,-2.8346,0.9311,-0.2323,0.5818,138,0.1000,138,0,1.0000,0.0000,0.0000,3.8375,6.3396,0.2331,5.8394,1.3791,0.0000,1,0.0851,0.0529,14.4204,-0.0013,1.000,70.00,342.76
14.5302,UKF,smooth,0.500,10.00,0.050,1,0.600,1,9.0658,11.0591,1.9933,2.1965,0.4181,0.1696,0.0393,6.0000,7.6643,1.6551,3.8918,0.4933,31.6887,-18.3942,28.6097,-17.6597,28.5690,-17.3833,31.4348,-17.7901,46.1188,-19.2543,-3.0790,0.7345,-3.1197,1.0109,-0.2539,0.6041,138,0.1100,138,0,1.0000,0.0000,0.0000,3.9097,6.4181,0.2383,5.8416,1.3697,0.0000,1,0.0851,0.0529,14.4204,-0.0013,1.000,70.00,342.76
14.5402,UKF,smooth,0.500,10.00,0.050,1,0.600,1,9.0345,11.0316,1.9971,2.2357,0.4181,0.1696,0.0393,6.0000,7.6643,1.6539,4.0626,0.4945,31.9750,-18.4766,28.6097,-17.6597,28.5690,-17.3833,31.6970,-17.8510,46.4475,-19.4061,-3.3654,0.8169,-3.4060,1.0933,-0.2781,0.6256,138,0.1200,138,0,1.0000,0.0000,0.0000,3.9818,6.4953,0.2434,5.8437,1.3605,0.0000,1,0.0851,0.0529,14.4204,-0.0013,1.000,70.00,342.76
14.5502,UKF,smooth,0.500,10.00,0.050,1,0.600,1,9.0024,11.0025,2.0001,2.2756,0.4181,0.1696,0.0393,6.0000,7.6643,1.6527,4.2365,0.4957,32.2627,-18.5616,28.6097,-17.6597,28.5690,-17.3833,31.9579,-17.9154,46.7781,-19.5620,-3.6531,0.9019,-3.6937,1.1783,-0.3048,0.6463,138,0.1300,138,0,1.0000,0.0000,0.0000,4.0539,6.5711,0.2483,5.8459,1.3513,0.0000,1,0.0851,0.0529,14.4204,-0.0013,1.000,70.00,342.76
14.5602,UKF,smooth,0.500,10.00,0.050,1,0.600,1,8.9696,10.9719,2.0023,2.3163,0.4181,0.1696,0.0394,6.0000,7.6643,1.6515,4.4144,0.4968,32.5518,-18.6493,28.6097,-17.6597,28.5690,-17.3833,32.2177,-17.9831,47.1107,-19.7220,-3.9421,0.9896,-3.9828,1.2660,-0.3341,0.6662,138,0.1400,138,0,1.0000,0.0000,0.0000,4.1260,6.6456,0.2531,5.8480,1.3421,0.0000,1,0.0851,0.0529,14.4204,-0.0013,1.000,70.00,342.76
14.5702,UKF,smooth,0.500,10.00,0.050,1,0.600,1,8.9360,10.9397,2.0038,2.3576,0.4181,0.1696,0.0394,6.0000,7.6643,1.6502,4.5974,0.4980,32.8424,-18.7397,28.6097,-17.6597,28.5690,-17.3833,32.4763,-18.0543,47.4453,-19.8862,-4.2327,1.0800,-4.2734,1.3564,-0.3661,0.6854,138,0.1500,138,0,1.0000,0.0000,0.0000,4.1981,6.7188,0.2577,5.8500,1.3330,0.0000,1,0.0851,0.0529,14.4204,-0.0013,1.000,70.00,342.76
14.5802,UKF,smooth,0.500,10.00,0.050,1,0.600,1,8.9016,10.6307,1.7291,1.9348,0.4177,0.1681,0.0390,6.0000,7.2972,0.3056,0.8017,0.4993,33.1344,-18.8328,31.4036,-18.3144,31.4546,-18.2986,33.2377,-18.7412,50.4260,-22.7962,-1.7308,0.5184,-1.6798,0.5343,0.1032,0.0917,139,0.0600,139,0,1.0000,0.0000,0.0000,4.2701,6.7907,0.2621,5.8521,1.3240,0.0000,1,0.0851,0.0529,14.5189,-0.0013,1.000,70.00,342.76
14.5902,UKF,smooth,0.500,10.00,0.050,1,0.600,1,8.8664,10.5992,1.7327,1.9690,0.4177,0.1681,0.0390,6.0000,7.2972,0.3058,0.7840,0.5006,33.4281,-18.9286,31.4036,-18.3144,31.4546,-18.2986,33.5334,-18.8435,50.8382,-23.0080,-2.0244,0.6142,-1.9734,0.6301,0.1053,0.0852,139,0.0700,139,0,1.0000,0.0000,0.0000,4.3422,6.8613,0.2663,5.8541,1.3151,0.0000,1,0.0851,0.0529,14.5189,-0.0013,1.000,70.00,342.76
14.6002,UKF,smooth,0.500,10.00,0.050,1,0.600,1,8.8306,10.5662,1.7356,2.0040,0.4177,0.1681,0.0391,6.0000,7.2972,0.3059,0.7543,0.5019,33.7234,-19.0272,31.4036,-18.3144,31.4546,-18.2986,33.8285,-18.9496,51.2542,-23.2248,-2.3197,0.7128,-2.2687,0.7286,0.1051,0.0776,139,0.0800,139,0,1.0000,0.0000,0.0000,4.4142,6.9306,0.2704,5.8561,1.3063,0.0000,1,0.0851,0.0529,14.5189,-0.0013,1.000,70.00,342.76
14.6102,UKF,smooth,0.500,10.00,0.050,1,0.600,1,8.7940,10.5318,1.7378,2.0398,0.4177,0.1681,0.0391,6.0000,7.2972,0.3061,0.7120,0.5032,34.0204,-19.1285,31.4036,-18.3144,31.4546,-18.2986,34.1230,-19.0595,51.6743,-23.4467,-2.6167,0.8141,-2.5657,0.8300,0.1026,0.0690,139,0.0900,139,0,1.0000,0.0000,0.0000,4.4862,6.9987,0.2742,5.8580,1.2975,0.0000,1,0.1166,0.0498,14.5189,-0.0012,1.000,70.00,342.76
14.6202,UKF,smooth,0.500,10.00,0.050,1,0.600,1,8.7567,10.4959,1.7393,2.0765,0.4177,0.1681,0.0392,6.0000,7.2972,0.3063,0.6570,0.5046,34.3192,-19.2326,31.4036,-18.3144,31.4546,-18.2986,34.4170,-19.1733,52.0985,-23.6736,-2.9155,0.9182,-2.8645,0.9341,0.0979,0.0593,139,0.1000,139,0,1.0000,0.0000,0.0000,4.5582,7.0654,0.2779,5.8600,1.2887,0.0000,1,0.1166,0.0498,14.5189,-0.0012,1.000,70.00,342.76
14.6302,UKF,smooth,0.500,10.00,0.050,1,0.600,1,8.7187,10.4587,1.7400,2.1139,0.4177,0.1681,0.0392,6.0000,7.2972,0.3066,0.5891,0.5060,34.6198,-19.3396,31.4036,-18.3144,31.4546,-18.2986,34.7105,-19.2909,52.5269,-23.9058,-3.2162,1.0251,-3.1652,1.0410,0.0907,0.0487,139,0.1100,139,0,1.0000,0.0000,0.0000,4.6303,7.1309,0.2814,5.8619,1.2801,0.0000,1,0.1166,0.0498,14.5189,-0.0012,1.000,70.00,342.76
14.6402,UKF,smooth,0.500,10.00,0.050,1,0.600,1,8.6800,10.4201,1.7401,2.1521,0.4177,0.1681,0.0392,6.0000,7.2972,0.3068,0.5087,0.5074,34.9224,-19.4493,31.4036,-18.3144,31.4546,-18.2986,35.0036,-19.4123,52.9596,-24.1431,-3.5187,1.1349,-3.4677,1.1508,0.0812,0.0370,139,0.1200,139,0,1.0000,0.0000,0.0000,4.7023,7.1951,0.2847,5.8637,1.2715,0.0000,1,0.1166,0.0498,14.5189,-0.0012,1.000,70.00,342.76
14.6502,UKF,smooth,0.500,10.00,0.050,1,0.600,1,8.6406,10.3801,1.7395,2.1910,0.4177,0.1681,0.0393,6.0000,7.2972,0.3070,0.4163,0.5089,35.2269,-19.5619,31.4036,-18.3144,31.4546,-18.2986,35.2961,-19.5376,53.3966,-24.3858,-3.8233,1.2475,-3.7723,1.2634,0.0692,0.0243,139,0.1300,139,0,1.0000,0.0000,0.0000,4.7743,7.2580,0.2878,5.8656,1.2630,0.0000,1,0.1166,0.0498,14.5189,-0.0012,1.000,70.00,342.76
14.6602,UKF,smooth,0.500,10.00,0.050,1,0.600,1,8.6006,10.4452,1.8446,1.7533,0.4185,0.1672,0.0401,6.0000,7.4501,1.7189,2.4259,0.5104,35.5335,-19.6774,34.0204,-19.1285,34.1415,-18.8641,35.6285,-19.2820,53.4313,-23.1685,-1.5131,0.5489,-1.3920,0.8134,0.0951,0.3955,140,0.0500,140,0,1.0000,0.0000,0.0000,4.8463,7.3197,0.2906,5.8674,1.2546,0.0000,1,0.1166,0.0498,14.6090,-0.0012,1.000,70.00,342.76
14.6702,UKF,smooth,0.500,10.00,0.050,1,0.600,1,8.5600,10.4114,1.8514,1.7848,0.4185,0.1672,0.0402,6.0000,7.4501,1.7178,2.5472,0.5119,35.8422,-19.7959,34.0204,-19.1285,34.1415,-18.8641,35.9291,-19.3780,53.8544,-23.3671,-1.8218,0.6673,-1.7007,0.9318,0.0870,0.4178,140,0.0600,140,0,1.0000,0.0000,0.0000,4.9183,7.3802,0.2933,5.8691,1.2462,0.0000,1,0.1166,0.0498,14.6090,-0.0012,1.000,70.00,342.76
14.6802,UKF,smooth,0.500,10.00,0.050,1,0.600,1,8.5187,10.3762,1.8575,1.8173,0.4185,0.1672,0.0403,6.0000,7.4501,1.7167,2.6644,0.5134,36.1531,-19.9172,34.0204,-19.1285,34.1415,-18.8641,36.2291,-19.4777,54.2811,-23.5702,-2.1327,0.7887,-2.0116,1.0532,0.0761,0.4396,140,0.0700,140,0,1.0000,0.0000,0.0000,4.9903,7.4393,0.2957,5.8709,1.2379,0.0000,1,0.1166,0.0498,14.6090,-0.0012,1.000,70.00,342.76
14.6902,UKF,smooth,0.500,10.00,0.050,1,0.600,1,8.4768,10.3397,1.8629,1.8507,0.4185,0.1672,0.0404,6.0000,7.4501,1.7155,2.7786,0.5150,36.4662,-20.0416,34.0204,-19.1285,34.1415,-18.8641,36.5285,-19.5808,54.7115,-23.7778,-2.4459,0.9130,-2.3247,1.1775,0.0623,0.4607,140,0.0800,140,0,1.0000,0.0000,0.0000,5.0623,7.4973,0.2979,5.8726,1.2297,0.0000,1,0.1166,0.0498,14.6090,-0.0012,1.000,70.00,342.76
14.7002,UKF,smooth,0.500,10.00,0.050,1,0.600,1,8.4343,10.3018,1.8676,1.8850,0.4185,0.1672,0.0405,6.0000,7.4501,1.7144,2.8913,0.5166,36.7817,-20.1689,34.0204,-19.1285,34.1415,-18.8641,36.8273,-19.6875,55.1458,-23.9900,-2.7614,1.0404,-2.6402,1.3049,0.0455,0.4814,140,0.0900,140,0,1.0000,0.0000,0.0000,5.1343,7.5540,0.2999,5.8743,1.2216,0.0000,1,0.1166,0.0498,14.6090,-0.0012,1.000,70.00,342.76
14.7102,UKF,smooth,0.500,10.00,0.050,1,0.600,1,8.3911,10.2627,1.8716,1.9202,0.4185,0.1672,0.0406,6.0000,7.4501,1.7132,3.0041,0.5182,37.0996,-20.2993,34.0204,-19.1285,34.1415,-18.8641,37.1254,-19.7977,55.5839,-24.2068,-3.0793,1.1708,-2.9582,1.4352,0.0258,0.5016,140,0.1000,140,0,1.0000,0.0000,0.0000,5.2064,7.6094,0.3016,5.8760,1.2135,0.0000,1,0.1166,0.0498,14.6090,-0.0012,1.000,70.00,342.76
14.7202,UKF,smooth,0.500,10.00,0.050,1,0.600,1,8.3474,10.2224,1.8749,1.9563,0.4185,0.1672,0.0407,6.0000,7.4501,1.7120,3.1186,0.5199,37.4200,-20.4327,34.0204,-19.1285,34.1415,-18.8641,37.4229,-19.9115,56.0259,-24.4282,-3.3997,1.3042,-3.2786,1.5687,0.0029,0.5213,140,0.1100,140,0,1.0000,0.0000,0.0000,5.2784,7.6636,0.3031,5.8776,1.2055,0.0000,1,0.1166,0.0498,14.6090,-0.0012,1.000,70.00,342.76
14.7302,UKF,smooth,0.500,10.00,0.050,1,0.600,1,8.3032,10.1807,1.8776,1.9933,0.4185,0.1672,0.0408,6.0000,7.4501,1.7109,3.2367,0.5215,37.7430,-20.5693,34.0204,-19.1285,34.1415,-18.8641,37.7199,-20.0287,56.4719,-24.6543,-3.7226,1.4407,-3.6015,1.7052,-0.0231,0.5406,140,0.1200,140,0,1.0000,0.0000,0.0000,5.3504,7.7166,0.3043,5.8793,1.1976,0.0000,1,0.1059,0.0537,14.6090,-0.0009,1.000,70.00,342.76
14.7402,UKF,smooth,0.500,10.00,0.050,1,0.600,1,8.2583,10.1379,1.8796,2.0311,0.4185,0.1672,0.0409,6.0000,7.4501,1.7097,3.3603,0.5233,38.0686,-20.7090,34.0204,-19.1285,34.1415,-18.8641,38.0161,-20.1494,56.9219,-24.8850,-4.0482,1.5804,-3.9271,1.8449,-0.0525,0.5595,140,0.1300,140,0,1.0000,0.0000,0.0000,5.4225,7.7683,0.3052,5.8809,1.1898,0.0000,1,0.1059,0.0537,14.6090,-0.0009,1.000,70.00,342.76
14.7502,UKF,smooth,0.500,10.00,0.050,1,0.600,1,8.2130,10.0939,1.8809,2.0697,0.4185,0.1672,0.0411,6.0000,7.4501,1.7085,3.4916,0.5250,38.3969,-20.8518,34.0204,-19.1285,34.1415,-18.8641,38.3118,-20.2736,57.3761,-25.1203,-4.3766,1.7233,-4.2554,1.9877,-0.0852,0.5782,140,0.1400,140,0,1.0000,0.0000,0.0000,5.4946,7.8189,0.3058,5.8824,1.1820,0.0000,1,0.1059,0.0537,14.6090,-0.0009,1.000,70.00,342.76
14.7602,UKF,smooth,0.500,10.00,0.050,1,0.600,1,8.1670,10.0487,1.8817,2.1091,0.4185,0.1672,0.0412,6.0000,7.4501,1.7072,3.6327,0.5268,38.7281,-20.9978,34.0204,-19.1285,34.1415,-18.8641,38.6067,-20.4013,57.8344,-25.3603,-4.7077,1.8693,-4.5866,2.1338,-0.1213,0.5965,140,0.1500,140,0,1.0000,0.0000,0.0000,5.5666,7.8682,0.3061,5.8840,1.1743,0.0000,1,0.1059,0.0537,14.6090,-0.0009,1.000,70.00,342.76
14.7702,UKF,smooth,0.500,10.00,0.050,1,0.600,1,8.1206,10.0023,1.8817,2.1493,0.4185,0.1672,0.0413,6.0000,7.4501,1.7060,3.7859,0.5285,39.0621,-21.1471,34.0204,-19.1285,34.1415,-18.8641,38.9010,-20.5324,58.2970,-25.6051,-5.0417,2.0186,-4.9206,2.2830,-0.1611,0.6146,140,0.1600,140,0,1.0000,0.0000,0.0000,5.6387,7.9162,0.3061,5.8855,1.1667,0.0000,1,0.1059,0.0537,14.6090,-0.0009,1.000,70.00,342.76
14.7802,UKF,smooth,0.500,10.00,0.050,1,0.600,1,8.0736,9.9549,1.8812,2.1902,0.4185,0.1672,0.0415,6.0000,7.4501,1.7048,3.9535,0.5304,39.3991,-21.2996,34.0204,-19.1285,34.1415,-18.8641,39.1945,-20.6670,58.7639,-25.8544,-5.3788,2.1711,-5.2577,2.4356,-0.2046,0.6326,140,0.1700,140,0,1.0000,0.0000,0.0000,5.7109,7.9631,0.3057,5.8870,1.1591,0.0000,1,0.1059,0.0537,14.6090,-0.0009,1.000,70.00,342.76
14.7902,UKF,smooth,0.500,10.00,0.050,1,0.600,1,8.0262,10.1018,2.0756,1.7396,0.4195,0.1657,0.0427,6.0000,7.4647,0.6262,1.4239,0.5322,39.7393,-21.4555,37.7430,-20.5693,37.6465,-20.6219,39.4852,-21.4829,58.7650,-29.1150,-1.9963,0.8862,-2.0928,0.8335,-0.2541,-0.0274,141,0.0600,141,0,1.0000,0.0000,0.0000,5.7830,8.0087,0.3050,5.8884,1.1517,0.0000,1,0.1059,0.0537,14.7293,-0.0009,1.000,70.00,342.76
14.8002,UKF,smooth,0.500,10.00,0.050,1,0.600,1,7.9783,10.0641,2.0858,1.7724,0.4195,0.1657,0.0429,6.0000,7.4647,0.6262,1.6394,0.5341,40.0826,-21.6146,37.7430,-20.5693,37.6465,-20.6219,39.7899,-21.6479,59.2257,-29.4018,-2.3396,1.0453,-2.4361,0.9927,-0.2926,-0.0333,141,0.0700,141,0,1.0000,0.0000,0.0000,5.8552,8.0531,0.3039,5.8899,1.1443,0.0000,1,0.1059,0.0537,14.7293,-0.0009,1.000,70.00,342.76
14.8102,UKF,smooth,0.500,10.00,0.050,1,0.600,1,7.9299,10.0252,2.0954,1.8061,0.4195,0.1657,0.0431,6.0000,7.4647,0.6263,1.8764,0.5359,40.4291,-21.7771,37.7430,-20.5693,37.6465,-20.6219,40.0940,-21.8165,59.6904,-29.6932,-2.6861,1.2079,-2.7826,1.1552,-0.3351,-0.0394,141,0.0800,141,0,1.0000,0.0000,0.0000,5.9273,8.0963,0.3024,5.8913,1.1369,0.0000,1,0.1059,0.0537,14.7293,-0.0009,1.000,70.00,342.76
14.8202,UKF,smooth,0.500,10.00,0.050,1,0.600,1,7.8810,9.9853,2.1043,1.8407,0.4195,0.1657,0.0433,6.0000,7.4647,0.6264,2.1354,0.5378,40.7790,-21.9431,37.7430,-20.5693,37.6465,-20.6219,40.3973,-21.9888,60.1590,-29.9894,-3.0360,1.3738,-3.1326,1.3211,-0.3817,-0.0457,141,0.0900,141,0,1.0000,0.0000,0.0000,5.9995,8.1383,0.3005,5.8927,1.1297,0.0000,1,0.1059,0.0537,14.7293,-0.0009,1.000,70.00,342.76
14.8302,UKF,smooth,0.500,10.00,0.050,1,0.600,1,7.8317,9.9443,2.1126,1.8761,0.4195,0.1657,0.0435,6.0000,7.4647,0.6264,2.4169,0.5398,41.1324,-22.1124,37.7430,-20.5693,37.6465,-20.6219,40.6999,-22.1646,60.6316,-30.2901,-3.3894,1.5431,-3.4859,1.4905,-0.4325,-0.0522,141,0.1000,141,0,1.0000,0.0000,0.0000,6.0718,8.1790,0.2981,5.8941,1.1225,0.0000,1,0.1059,0.0537,14.7293,-0.0009,1.000,70.00,342.76
14.8402,UKF,smooth,0.500,10.00,0.050,1,0.600,1,7.7819,9.9022,2.1203,1.9125,0.4195,0.1657,0.0437,6.0000,7.4647,0.6264,2.7215,0.5417,41.4893,-22.2852,37.7430,-20.5693,37.6465,-20.6219,41.0017,-22.3440,61.1083,-30.5954,-3.7463,1.7159,-3.8429,1.6633,-0.4876,-0.0588,141,0.1100,141,0,1.0000,0.0000,0.0000,6.1440,8.2186,0.2952,5.8954,1.1154,0.0000,1,0.0973,0.0482,14.7293,0.0006,1.000,70.00,342.76
14.8502,UKF,smooth,0.500,10.00,0.050,1,0.600,1,7.7317,9.8591,2.1274,1.9496,0.4195,0.1657,0.0440,6.0000,7.4647,0.6264,3.0498,0.5437,41.8499,-22.4615,37.7430,-20.5693,37.6465,-20.6219,41.3027,-22.5269,61.5891,-30.9051,-4.1069,1.8922,-4.2035,1.8396,-0.5472,-0.0654,141,0.1200,141,0,1.0000,0.0000,0.0000,6.2163,8.2569,0.2918,5.8967,1.1084,0.0000,1,0.0973,0.0482,14.7293,0.0006,1.000,70.00,342.76
14.8602,UKF,smooth,0.500,10.00,0.050,1,0.600,1,7.6811,9.8150,2.1339,1.9876,0.4195,0.1657,0.0443,6.0000,7.4647,0.6264,3.4025,0.5457,42.2143,-22.6413,37.7430,-20.5693,37.6465,-20.6219,41.6028,-22.7132,62.0741,-31.2191,-4.4713,2.0721,-4.5678,2.0194,-0.6115,-0.0719,141,0.1300,141,0,1.0000,0.0000,0.0000,6.2886,8.2940,0.2878,5.8980,1.1015,0.0000,1,0.0973,0.0482,14.7293,0.0006,1.000,70.00,342.76
14.8702,UKF,smooth,0.500,10.00,0.050,1,0.600,1,7.6301,9.7698,2.1397,2.0263,0.4195,0.1657,0.0445,6.0000,7.4647,0.6264,3.7804,0.5478,42.5826,-22.8247,37.7430,-20.5693,37.6465,-20.6219,41.9021,-22.9029,62.5633,-31.5372,-4.8396,2.2554,-4.9361,2.2028,-0.6805,-0.0783,141,0.1400,141,0,1.0000,0.0000,0.0000,6.3609,8.3299,0.2832,5.8993,1.0946,0.0000,1,0.0973,0.0482,14.7293,0.0006,1.000,70.00,342.76
14.8802,UKF,smooth,0.500,10.00,0.050,1,0.600,1,7.5787,9.7237,2.1450,2.0659,0.4195,0.1657,0.0448,6.0000,7.4647,0.6264,4.1841,0.5498,42.9548,-23.0116,37.7430,-20.5693,37.6465,-20.6219,42.2003,-23.0960,63.0568,-31.8592,-5.2118,2.4423,-5.3084,2.3897,-0.7545,-0.0844,141,0.1500,141,0,1.0000,0.0000,0.0000,6.4333,8.3645,0.2779,5.9006,1.0878,0.0000,1,0.0973,0.0482,14.7293,0.0006,1.000,70.00,342.76
14.8902,UKF,smooth,0.500,10.00,0.050,1,0.600,1,7.5269,9.3264,1.7996,1.6086,0.4198,0.1640,0.0455,6.0000,7.1276,0.8884,0.9359,0.5519,43.3312,-23.2021,41.4893,-22.2852,41.5198,-22.4292,43.2397,-23.0702,68.0905,-31.3569,-1.8419,0.9169,-1.8114,0.7729,-0.0915,0.1319,142,0.0500,142,0,1.0000,0.0000,0.0000,6.5056,8.3979,0.2718,5.9018,1.0811,0.0000,1,0.0973,0.0482,14.8409,0.0006,1.000,70.00,342.76
14.9002,UKF,smooth,0.500,10.00,0.050,1,0.600,1,7.4747,9.2784,1.8037,1.6397,0.4198,0.1640,0.0458,6.0000,7.1276,0.8907,1.0815,0.5540,43.7118,-23.3961,41.4893,-22.2852,41.5198,-22.4292,43.6022,-23.2459,68.7337,-31.6402,-2.2225,1.1109,-2.1920,0.9670,-0.1096,0.1502,142,0.0600,142,0,1.0000,0.0000,0.0000,6.5780,8.4301,0.2649,5.9030,1.0745,0.0000,1,0.0973,0.0482,14.8409,0.0006,1.000,70.00,342.76
14.9102,UKF,smooth,0.500,10.00,0.050,1,0.600,1,7.4222,9.2294,1.8072,1.6718,0.4198,0.1640,0.0461,6.0000,7.1276,0.8930,1.2417,0.5561,44.0968,-23.5938,41.4893,-22.2852,41.5198,-22.4292,43.9651,-23.4250,69.3850,-31.9253,-2.6074,1.3086,-2.5770,1.1646,-0.1317,0.1688,142,0.0700,142,0,1.0000,0.0000,0.0000,6.6504,8.4611,0.2571,5.9042,1.0679,0.0000,1,0.0973,0.0482,14.8409,0.0006,1.000,70.00,342.76
14.9202,UKF,smooth,0.500,10.00,0.050,1,0.600,1,7.3693,9.1795,1.8102,1.7048,0.4198,0.1640,0.0465,6.0000,7.1276,0.8953,1.4188,0.5582,44.4862,-23.7950,41.4893,-22.2852,41.5198,-22.4292,44.3281,-23.6072,70.0447,-32.2115,-2.9969,1.5098,-2.9665,1.3659,-0.1581,0.1879,142,0.0800,142,0,1.0000,0.0000,0.0000,6.7228,8.4908,0.2482,5.9054,1.0614,0.0000,1,0.0973,0.0482,14.8409,0.0006,1.000,70.00,342.76
14.9302,UKF,smooth,0.500,10.00,0.050,1,0.600,1,7.3161,9.1286,1.8125,1.7388,0.4198,0.1640,0.0468,6.0000,7.1276,0.8975,1.6157,0.5604,44.8805,-23.9999,41.4893,-22.2852,41.5198,-22.4292,44.6915,-23.7923,70.7127,-32.4981,-3.3911,1.7146,-3.3607,1.5707,-0.1890,0.2076,142,0.0900,142,0,1.0000,0.0000,0.0000,6.7952,8.5192,0.2381,5.9065,1.0550,0.0000,1,0.0973,0.0482,14.8409,0.0006,1.000,70.00,342.76
14.9402,UKF,smooth,0.500,10.00,0.050,1,0.600,1,7.2625,9.0767,1.8142,1.7737,0.4198,0.1640,0.0471,6.0000,7.1276,0.8993,1.8359,0.5624,45.2799,-24.2082,41.4893,-22.2852,41.5198,-22.4292,45.0550,-23.9801,71.3894,-32.7840,-3.7905,1.9230,-3.7601,1.7790,-0.2249,0.2281,142,0.1000,142,0,1.0000,0.0000,0.0000,6.8675,8.5464,0.2266,5.9076,1.0487,0.0000,1,0.1110,0.0597,14.8409,0.0015,1.000,70.00,342.76
14.9502,UKF,smooth,0.500,10.00,0.050,1,0.600,1,7.2086,9.0239,1.8152,1.8095,0.4198,0.1640,0.0474,6.0000,7.1276,0.9011,2.0808,0.5644,45.6842,-24.4200,41.4893,-22.2852,41.5198,-22.4292,45.4188,-24.1701,72.0747,-33.0679,-4.1949,2.1348,-4.1644,1.9909,-0.2654,0.2499,142,0.1100,142,0,1.0000,0.0000,0.0000,6.9398,8.5723,0.2134,5.9088,1.0424,0.0000,1,0.1110,0.0597,14.8409,0.0015,1.000,70.00,342.76
14.9602,UKF,smooth,0.500,10.00,0.050,1,0.600,1,7.1544,8.9701,1.8157,1.8461,0.4198,0.1640,0.0477,6.0000,7.1276,0.9028,2.3531,0.5664,46.0936,-24.6353,41.4893,-22.2852,41.5198,-22.4292,45.7827,-24.3620,72.7688,-33.3481,-4.6043,2.3501,-4.5738,2.2061,-0.3109,0.2733,142,0.1200,142,0,1.0000,0.0000,0.0000,7.0121,8.5969,0.1982,5.9098,1.0363,0.0000,1,0.1110,0.0597,14.8409,0.0015,1.000,70.00,342.76
14.9702,UKF,smooth,0.500,10.00,0.050,1,0.600,1,7.0999,8.9153,1.8154,1.8836,0.4198,0.1640,0.0480,6.0000,7.1276,0.9046,2.6561,0.5684,46.5082,-24.8538,41.4893,-22.2852,41.5198,-22.4292,46.1467,-24.5550,73.4718,-33.6221,-5.0188,2.5686,-4.9884,2.4246,-0.3615,0.2988,142,0.1300,142,0,1.0000,0.0000,0.0000,7.0842,8.6201,0.1806,5.9109,1.0302,0.0000,1,0.1110,0.0597,14.8409,0.0015,1.000,70.00,342.76
14.9802,UKF,smooth,0.500,10.00,0.050,1,0.600,1,7.0451,8.8595,1.8145,1.9219,0.4198,0.1640,0.0483,6.0000,7.1276,0.9063,2.9936,0.5704,46.9282,-25.0755,41.4893,-22.2852,41.5198,-22.4292,46.5108,-24.7482,74.1835,-33.8864,-5.4388,2.7903,-5.4084,2.6463,-0.4174,0.3272,142,0.1400,142,0,1.0000,0.0000,0.0000,7.1561,8.6419,0.1600,5.9119,1.0241,0.0000,1,0.1110,0.0597,14.8409,0.0015,1.000,70.00,342.76
14.9902,UKF,smooth,0.500,10.00,0.050,1,0.600,1,6.9899,8.8027,1.8127,1.9610,0.4198,0.1640,0.0487,6.0000,7.1276,0.9080,3.3706,0.5723,47.3538,-25.3000,41.4893,-22.2852,41.5198,-22.4292,46.8749,-24.9402,74.9036,-34.1356,-5.8644,3.0148,-5.8340,2.8708,-0.4788,0.3598,142,0.1500,142,0,1.0000,0.0000,0.0000,7.2277,8.6622,0.1353,5.9130,1.0182,0.0000,1,0.1110,0.0597,14.8409,0.0015,1.000,70.00,342.76
15.0002,UKF,smooth,0.500,10.00,0.050,1,0.600,1,6.9345,8.6710,1.7366,1.4717,0.4198,0.1637,0.0490,6.0000,6.9419,0.7391,2.9032,0.5743,47.7850,-25.5271,45.2799,-24.2082,45.2613,-24.0840,47.4539,-25.1451,76.8031,-34.5793,-2.5051,1.3189,-2.5237,1.4431,-0.3311,0.3820,143,0.0600,143,0,1.0000,0.0000,0.0000,7.2986,8.6807,0.1052,5.9140,1.0123,0.0000,1,0.1110,0.0597,14.9417,0.0015,1.000,70.00,342.76
15.0102,UKF,smooth,0.500,10.00,0.050,1,0.600,1,6.8787,8.6169,1.7382,1.5019,0.4198,0.1637,0.0493,6.0000,6.9419,0.7369,3.2251,0.5765,48.2217,-25.7560,45.2799,-24.2082,45.2613,-24.0840,47.8496,-25.3342,77.5811,-34.7612,-2.9418,1.5478,-2.9604,1.6720,-0.3721,0.4218,143,0.0700,143,0,1.0000,0.0000,0.0000,7.3683,8.6971,0.0669,5.9150,1.0066,0.0000,1,0.1110,0.0597,14.9417,0.0015,1.000,70.00,342.76
15.0202,UKF,smooth,0.500,10.00,0.050,1,0.600,1,6.8226,8.5616,1.7390,1.5331,0.4198,0.1637,0.0496,6.0000,6.9419,0.7345,3.5994,0.5787,48.6643,-25.9857,45.2799,-24.2082,45.2613,-24.0840,48.2462,-25.5165,78.3614,-34.8814,-3.3844,1.7775,-3.4030,1.9017,-0.4181,0.4692,143,0.0800,143,0,1.0000,0.0000,0.0000,7.4353,8.7104,0.0156,5.9159,1.0009,0.0000,1,0.1110,0.0597,14.9417,0.0015,1.000,70.00,342.76
15.0302,UKF,smooth,0.500,10.00,0.050,1,0.600,1,6.7661,8.5050,1.7389,1.5654,0.4198,0.1637,0.0499,6.0000,6.9419,0.7321,4.0655,0.5810,49.1133,-26.2140,45.2799,-24.2082,45.2613,-24.0840,48.6441,-25.6812,79.1279,-34.8712,-3.8334,2.0058,-3.8520,2.1300,-0.4692,0.5327,143,0.0900,143,0,1.0000,0.0000,0.0000,7.4945,8.7169,-0.0607,5.9169,0.9952,0.0000,1,0.1110,0.0597,14.9417,0.0015,1.000,70.00,342.76
15.0402,UKF,smooth,0.500,10.00,0.050,1,0.600,1,6.7094,8.4487,1.7393,1.5987,0.4198,0.1637,0.0503,6.0000,6.9419,0.7295,4.7531,0.5834,49.5692,-26.4348,45.2799,-24.2082,45.2613,-24.0840,49.0462,-25.7940,79.7924,-34.4983,-4.2893,2.2266,-4.3079,2.3509,-0.5230,0.6408,143,0.1000,143,0,1.0000,0.0000,0.0000,7.5188,8.6982,-0.1938,5.9178,0.9897,0.0000,1,0.1110,0.0597,14.9417,0.0015,1.000,70.00,342.76
15.0502,UKF,smooth,0.500,10.00,0.050,1,0.600,1,6.6539,8.4081,1.7541,1.6329,0.4198,0.1637,0.0506,6.0000,6.9419,0.7268,5.8189,0.5859,50.0340,-26.6383,45.2799,-24.2082,45.2613,-24.0840,49.4664,-25.8097,79.9712,-33.4623,-4.7541,2.4301,-4.7726,2.5544,-0.5676,0.8287,143,0.1100,143,0,1.0000,0.0000,0.0000,7.3888,8.5740,-0.3593,5.9187,0.9842,0.0000,1,0.1110,0.0597,14.9417,0.0015,1.000,70.00,342.76
15.0602,UKF,smooth,0.500,10.00,0.050,1,0.600,1,6.6007,8.3809,1.7801,1.6681,0.4198,0.1637,0.0510,6.0000,6.9419,0.7241,6.7573,0.5884,50.5084,-26.8289,45.2799,-24.2082,45.2613,-24.0840,49.8989,-25.8403,79.9958,-32.6429,-5.2285,2.6207,-5.2470,2.7449,-0.6095,0.9885,143,0.1200,143,0,1.0000,0.0000,0.0000,7.2059,8.4195,-0.4311,5.9196,0.9788,0.0000,1,0.0882,0.0530,14.9417,0.0008,1.000,70.00,342.76
15.0702,UKF,smooth,0.500,10.00,0.050,1,0.600,1,6.5500,8.3606,1.8106,1.7042,0.4198,0.1637,0.0515,6.0000,6.9419,0.7215,7.6560,0.5909,50.9923,-27.0082,45.2799,-24.2082,45.2613,-24.0840,50.3366,-25.8713,79.9856,-31.9446,-5.7124,2.8000,-5.7310,2.9242,-0.6557,1.1369,143,0.1300,143,0,1.0000,0.0000,0.0000,7.0153,8.2620,-0.4680,5.9205,0.9735,0.0000,1,0.0882,0.0530,14.9417,0.0008,1.000,70.00,342.76
15.0802,UKF,smooth,0.500,10.00,0.050,1,0.600,1,6.5017,8.3460,1.8443,1.7411,0.4198,0.1637,0.0519,6.0000,6.9419,0.7189,8.5570,0.5933,51.4855,-27.1770,45.2799,-24.2082,45.2613,-24.0840,50.7781,-25.8947,79.9551,-31.3060,-6.2056,2.9688,-6.2242,3.0931,-0.7074,1.2824,143,0.1400,143,0,1.0000,0.0000,0.0000,6.8223,8.1045,-0.4889,5.9214,0.9683,0.0000,1,0.0882,0.0530,14.9417,0.0008,1.000,70.00,342.76
15.0903,UKF,smooth,0.500,10.00,0.050,1,0.600,1,6.4561,8.3369,1.8808,1.7789,0.4198,0.1637,0.0524,6.0000,6.9419,0.7164,9.4760,0.5957,51.9876,-27.3356,45.2799,-24.2082,45.2613,-24.0840,51.2225,-25.9074,79.9084,-30.7030,-6.7077,3.1274,-6.7263,3.2517,-0.7651,1.4282,143,0.1500,143,0,1.0000,0.0000,0.0000,6.6279,7.9477,-0.5006,5.9222,0.9631,0.0000,1,0.0882,0.0530,14.9417,0.0008,1.000,70.00,342.76
15.1003,UKF,smooth,0.500,10.00,0.050,1,0.600,1,6.4131,8.3330,1.9199,1.8175,0.4198,0.1637,0.0529,6.0000,6.9419,0.7139,10.4194,0.5981,52.4983,-27.4839,45.2799,-24.2082,45.2613,-24.0840,51.6692,-25.9082,79.8480,-30.1245,-7.2184,3.2757,-7.2370,3.4000,-0.8291,1.5757,143,0.1600,143,0,1.0000,0.0000,0.0000,6.4326,7.7918,-0.5062,5.9230,0.9581,0.0000,1,0.0882,0.0530,14.9417,0.0008,1.000,70.00,342.76
15.1103,UKF,smooth,0.500,10.00,0.050,1,0.600,1,6.3727,8.3342,1.9615,1.8569,0.4198,0.1637,0.0535,6.0000,6.9419,0.7115,11.3898,0.6004,53.0171,-27.6218,45.2799,-24.2082,45.2613,-24.0840,52.1175,-25.8965,79.7754,-29.5646,-7.7372,3.4136,-7.7558,3.5379,-0.8997,1.7253,143,0.1700,143,0,1.0000,0.0000,0.0000,6.2364,7.6369,-0.5074,5.9238,0.9531,0.0000,1,0.0882,0.0530,14.9417,0.0008,1.000,70.00,342.76
15.1203,UKF,smooth,0.500,10.00,0.050,1,0.600,1,6.3350,7.9431,1.6081,1.3556,0.4193,0.1656,0.0536,6.0000,6.6696,1.6620,2.5082,0.6026,53.5436,-27.7493,50.5084,-26.8289,50.6835,-26.5987,53.6399,-27.3388,87.1298,-32.1666,-3.0352,0.9204,-2.8602,1.1506,0.0963,0.4105,144,0.0600,144,0,1.0000,0.0000,0.0000,6.0394,7.4830,-0.5052,5.9246,0.9482,0.0000,1,0.0882,0.0530,15.0611,0.0008,1.000,70.00,342.76
15.1303,UKF,smooth,0.500,10.00,0.050,1,0.600,1,6.2999,7.9232,1.6233,1.3851,0.4193,0.1656,0.0542,6.0000,6.6696,1.6618,2.6323,0.6048,54.0773,-27.8660,50.5084,-26.8289,50.6835,-26.5987,54.1745,-27.4345,87.0981,-31.6958,-3.5689,1.0372,-3.3938,1.2673,0.0972,0.4315,144,0.0700,144,0,1.0000,0.0000,0.0000,5.8416,7.3301,-0.5003,5.9254,0.9433,0.0000,1,0.0882,0.0530,15.0611,0.0008,1.000,70.00,342.76
15.1403,UKF,smooth,0.500,10.00,0.050,1,0.600,1,6.2675,7.9085,1.6409,1.4157,0.4193,0.1656,0.0549,6.0000,6.6696,1.6618,2.7860,0.6070,54.6176,-27.9719,50.5084,-26.8289,50.6835,-26.5987,54.7118,-27.5137,87.0475,-31.2296,-4.1092,1.1431,-3.9341,1.3732,0.0942,0.4582,144,0.0800,144,0,1.0000,0.0000,0.0000,5.6430,7.1784,-0.4931,5.9261,0.9386,0.0000,1,0.0882,0.0530,15.0611,0.0008,1.000,70.00,342.76
15.1503,UKF,smooth,0.500,10.00,0.050,1,0.600,1,6.2378,7.8988,1.6610,1.4472,0.4193,0.1656,0.0556,6.0000,6.6696,1.6617,2.9691,0.6091,55.1640,-28.0668,50.5084,-26.8289,50.6835,-26.5987,55.2509,-27.5764,86.9795,-30.7677,-4.6556,1.2379,-4.4805,1.4680,0.0870,0.4903,144,0.0900,144,0,1.0000,0.0000,0.0000,5.4437,7.0278,-0.4839,5.9269,0.9339,0.0000,1,0.1024,0.0512,15.0611,-0.0015,1.000,70.00,342.76
15.1603,UKF,smooth,0.500,10.00,0.050,1,0.600,1,6.2108,7.8944,1.6835,1.4798,0.4193,0.1656,0.0563,6.0000,6.6696,1.6618,3.1818,0.6111,55.7158,-28.1504,50.5084,-26.8289,50.6835,-26.5987,55.7910,-27.6227,86.8957,-30.3103,-5.2074,1.3215,-5.0323,1.5517,0.0752,0.5277,144,0.1000,144,0,1.0000,0.0000,0.0000,5.2436,6.8783,-0.4730,5.9276,0.9293,0.0000,1,0.1024,0.0512,15.0611,-0.0015,1.000,70.00,342.76
15.1703,UKF,smooth,0.500,10.00,0.050,1,0.600,1,6.1865,7.8951,1.7085,1.5133,0.4193,0.1656,0.0571,6.0000,6.6696,1.6619,3.4242,0.6131,56.2725,-28.2226,50.5084,-26.8289,50.6835,-26.5987,56.3312,-27.6526,86.7976,-29.8576,-5.7641,1.3938,-5.5890,1.6239,0.0587,0.5700,144,0.1100,144,0,1.0000,0.0000,0.0000,5.0428,6.7300,-0.4605,5.9283,0.9248,0.0000,1,0.1024,0.0512,15.0611,-0.0015,1.000,70.00,342.76
15.1803,UKF,smooth,0.500,10.00,0.050,1,0.600,1,6.1650,7.9009,1.7359,1.5478,0.4193,0.1656,0.0579,6.0000,6.6696,1.6620,3.6968,0.6151,56.8333,-28.2834,50.5084,-26.8289,50.6835,-26.5987,56.8705,-27.6663,86.6867,-29.4098,-6.3250,1.4545,-6.1499,1.6846,0.0371,0.6171,144,0.1200,144,0,1.0000,0.0000,0.0000,4.8411,6.5828,-0.4466,5.9290,0.9204,0.0000,1,0.1024,0.0512,15.0611,-0.0015,1.000,70.00,342.76
15.1903,UKF,smooth,0.500,10.00,0.050,1,0.600,1,6.1461,7.9119,1.7658,1.5831,0.4193,0.1656,0.0587,6.0000,6.6696,1.6623,3.9993,0.6169,57.3977,-28.3325,50.5084,-26.8289,50.6835,-26.5987,57.4081,-27.6640,86.5644,-28.9675,-6.8893,1.5036,-6.7142,1.7338,0.0104,0.6684,144,0.1300,144,0,1.0000,0.0000,0.0000,4.6388,6.4369,-0.4313,5.9297,0.9160,0.0000,1,0.1024,0.0512,15.0611,-0.0015,1.000,70.00,342.76
15.2003,UKF,smooth,0.500,10.00,0.050,1,0.600,1,6.1299,7.9281,1.7982,1.6192,0.4193,0.1656,0.0596,6.0000,6.6696,1.6625,4.3316,0.6187,57.9648,-28.3699,50.5084,-26.8289,50.6835,-26.5987,57.9430,-27.6461,86.4320,-28.5310,-7.4564,1.5410,-7.2814,1.7712,-0.0218,0.7238,144,0.1400,144,0,1.0000,0.0000,0.0000,4.4356,6.2921,-0.4148,5.9303,0.9118,0.0000,1,0.1024,0.0512,15.0611,-0.0015,1.000,70.00,342.76
15.2103,UKF,smooth,0.500,10.00,0.050,1,0.600,1,6.1165,7.6562,1.5397,1.2157,0.4186,0.1673,0.0599,6.0000,6.4146,2.6899,2.4134,0.6204,58.5340,-28.3955,55.1640,-28.0668,55.5461,-27.7712,58.9169,-28.1740,89.2446,-28.6358,-3.3701,0.3288,-2.9879,0.6243,0.3829,0.2215,145,0.0600,145,0,1.0000,0.0000,0.0000,4.2317,6.1485,-0.3970,5.9310,0.9076,0.0000,1,0.1024,0.0512,15.1487,-0.0015,1.000,70.00,342.76
15.2203,UKF,smooth,0.500,10.00,0.050,1,0.600,1,6.1058,7.6590,1.5531,1.2441,0.4186,0.1673,0.0608,6.0000,6.4146,2.6908,2.4176,0.6221,59.1046,-28.4095,55.1640,-28.0668,55.5461,-27.7712,59.4935,-28.1949,89.1543,-28.2431,-3.9406,0.3427,-3.5584,0.6382,0.3890,0.2146,145,0.0700,145,0,1.0000,0.0000,0.0000,4.0287,6.0073,-0.3782,5.9316,0.9035,0.0000,1,0.1024,0.0512,15.1487,-0.0015,1.000,70.00,342.76
15.2303,UKF,smooth,0.500,10.00,0.050,1,0.600,1,6.0978,7.6667,1.5689,1.2738,0.4186,0.1673,0.0618,6.0000,6.4146,2.6918,2.4223,0.6237,59.6757,-28.4118,55.1640,-28.0668,55.5461,-27.7712,60.0674,-28.1997,89.0580,-27.8578,-4.5117,0.3451,-4.1296,0.6406,0.3917,0.2122,145,0.0800,145,0,1.0000,0.0000,0.0000,3.8272,5.8689,-0.3584,5.9322,0.8995,0.0000,1,0.1024,0.0512,15.1487,-0.0015,1.000,70.00,342.76
15.2403,UKF,smooth,0.500,10.00,0.050,1,0.600,1,6.0925,7.6793,1.5868,1.3045,0.4186,0.1673,0.0628,6.0000,6.4146,2.6928,2.4246,0.6253,60.2467,-28.4028,55.1640,-28.0668,55.5461,-27.7712,60.6377,-28.1889,88.9568,-27.4805,-5.0828,0.3360,-4.7006,0.6315,0.3910,0.2139,145,0.0900,145,0,1.0000,0.0000,0.0000,3.6271,5.7332,-0.3377,5.9328,0.8955,0.0000,1,0.1024,0.0512,15.1487,-0.0015,1.000,70.00,342.76
15.2503,UKF,smooth,0.500,10.00,0.050,1,0.600,1,6.0898,7.6967,1.6069,1.3363,0.4186,0.1673,0.0639,6.0000,6.4146,2.6938,2.4232,0.6267,60.8170,-28.3825,55.1640,-28.0668,55.5461,-27.7712,61.2036,-28.1631,88.8515,-27.1114,-5.6530,0.3157,-5.2708,0.6112,0.3866,0.2194,145,0.1000,145,0,1.0000,0.0000,0.0000,3.4285,5.6001,-0.3161,5.9334,0.8917,0.0000,1,0.1024,0.0512,15.1487,-0.0015,1.000,70.00,342.76
15.2603,UKF,smooth,0.500,10.00,0.050,1,0.600,1,6.0897,7.7189,1.6292,1.3691,0.4186,0.1673,0.0649,6.0000,6.4146,2.6947,2.4174,0.6280,61.3857,-28.3512,55.1640,-28.0668,55.5461,-27.7712,61.7642,-28.1230,88.7431,-26.7508,-6.2217,0.2844,-5.8395,0.5799,0.3785,0.2282,145,0.1100,145,0,1.0000,0.0000,0.0000,3.2315,5.4698,-0.2935,5.9339,0.8879,0.0000,1,0.1088,0.0443,15.1487,0.0014,1.000,70.00,342.76
15.2703,UKF,smooth,0.500,10.00,0.050,1,0.600,1,6.0923,7.7459,1.6536,1.4029,0.4186,0.1673,0.0660,6.0000,6.4146,2.6956,2.4075,0.6292,61.9522,-28.3091,55.1640,-28.0668,55.5461,-27.7712,62.3188,-28.0692,88.6322,-26.3992,-6.7882,0.2423,-6.4060,0.5378,0.3666,0.2399,145,0.1200,145,0,1.0000,0.0000,0.0000,3.0359,5.3421,-0.2701,5.9345,0.8842,0.0000,1,0.1088,0.0443,15.1487,0.0014,1.000,70.00,342.76
15.2803,UKF,smooth,0.500,10.00,0.050,1,0.600,1,6.0974,7.7774,1.6800,1.4376,0.4186,0.1673,0.0672,6.0000,6.4146,2.6965,2.3947,0.6303,62.5158,-28.2565,55.1640,-28.0668,55.5461,-27.7712,62.8667,-28.0026,88.5196,-26.0569,-7.3518,0.1898,-6.9696,0.4853,0.3509,0.2539,145,0.1300,145,0,1.0000,0.0000,0.0000,2.8419,5.2170,-0.2457,5.9350,0.8806,0.0000,1,0.1088,0.0443,15.1487,0.0014,1.000,70.00,342.76
15.2903,UKF,smooth,0.500,10.00,0.050,1,0.600,1,6.1051,7.8136,1.7085,1.4732,0.4186,0.1673,0.0683,6.0000,6.4146,2.6974,2.3802,0.6313,63.0759,-28.1938,55.1640,-28.0668,55.5461,-27.7712,63.4071,-27.9239,88.4059,-25.7242,-7.9119,0.1270,-7.5297,0.4226,0.3312,0.2699,145,0.1400,145,0,1.0000,0.0000,0.0000,2.6494,5.0944,-0.2203,5.9356,0.8770,0.0000,1,0.1088,0.0443,15.1487,0.0014,1.000,70.00,342.76
15.3003,UKF,smooth,0.500,10.00,0.050,1,0.600,1,6.1154,7.8543,1.7389,1.5098,0.4186,0.1673,0.0695,6.0000,6.4146,2.6984,2.3663,0.6322,63.6318,-28.1212,55.1640,-28.0668,55.5461,-27.7712,63.9396,-27.8339,88.2917,-25.4016,-8.4678,0.0545,-8.0856,0.3500,0.3078,0.2873,145,0.1500,145,0,1.0000,0.0000,0.0000,2.4584,4.9745,-0.1939,5.9361,0.8736,0.0000,1,0.1088,0.0443,15.1487,0.0014,1.000,70.00,342.76
15.3103,UKF,smooth,0.500,10.00,0.050,1,0.600,1,6.1282,7.4624,1.3342,1.1597,0.4184,0.1687,0.0704,6.0000,5.5939,2.2512,0.8289,0.6329,64.1829,-28.0393,61.3857,-28.3512,61.7546,-28.1634,64.3363,-28.0689,89.1730,-25.1047,-2.7972,-0.3119,-2.4283,-0.1242,0.1534,-0.0296,146,0.0500,146,0,1.0000,0.0000,0.0000,2.2690,4.8570,-0.1664,5.9366,0.8702,0.0000,1,0.1088,0.0443,15.2616,0.0014,1.000,70.00,342.76
15.3203,UKF,smooth,0.500,10.00,0.050,1,0.600,1,6.1435,7.4803,1.3368,1.1879,0.4184,0.1687,0.0717,6.0000,5.5939,2.2523,0.8866,0.6335,64.7287,-27.9483,61.3857,-28.3512,61.7546,-28.1634,64.8773,-28.0172,89.1181,-24.8129,-3.3430,-0.4029,-2.9740,-0.2152,0.1486,-0.0689,146,0.0600,146,0,1.0000,0.0000,0.0000,2.0812,4.7420,-0.1377,5.9370,0.8669,0.0000,1,0.1088,0.0443,15.2616,0.0014,1.000,70.00,342.76
15.3303,UKF,smooth,0.500,10.00,0.050,1,0.600,1,6.1613,7.5028,1.3414,1.2173,0.4184,0.1687,0.0729,6.0000,5.5939,2.2533,0.9798,0.6340,65.2686,-27.8487,61.3857,-28.3512,61.7546,-28.1634,65.4115,-27.9530,89.0590,-24.5302,-3.8829,-0.5025,-3.5139,-0.3147,0.1429,-0.1043,146,0.0700,146,0,1.0000,0.0000,0.0000,1.8950,4.6295,-0.1078,5.9375,0.8637,0.0000,1,0.1088,0.0443,15.2616,0.0014,1.000,70.00,342.76
15.3403,UKF,smooth,0.500,10.00,0.050,1,0.600,1,6.1816,7.5297,1.3481,1.2477,0.4184,0.1687,0.0741,6.0000,5.5939,2.2543,1.0881,0.6343,65.8021,-27.7410,61.3857,-28.3512,61.7546,-28.1634,65.9383,-27.8773,88.9962,-24.2573,-4.4164,-0.6101,-4.0474,-0.4224,0.1362,-0.1362,146,0.0800,146,0,1.0000,0.0000,0.0000,1.7105,4.5195,-0.0764,5.9380,0.8606,0.0000,1,0.1088,0.0443,15.2616,0.0014,1.000,70.00,342.76
15.3503,UKF,smooth,0.500,10.00,0.050,1,0.600,1,6.2043,7.5611,1.3568,1.2792,0.4184,0.1687,0.0754,6.0000,5.5939,2.2552,1.2001,0.6344,66.3287,-27.6257,61.3857,-28.3512,61.7546,-28.1634,66.4571,-27.7910,88.9305,-23.9950,-4.9430,-0.7254,-4.5740,-0.5377,0.1284,-0.1653,146,0.0900,146,0,1.0000,0.0000,0.0000,1.5277,4.4118,-0.0433,5.9384,0.8575,0.0000,1,0.1088,0.0443,15.2616,0.0014,1.000,70.00,342.76
15.3603,UKF,smooth,0.500,10.00,0.050,1,0.600,1,6.2295,7.5969,1.3674,1.3117,0.4184,0.1687,0.0767,6.0000,5.5939,2.2561,1.3114,0.6344,66.8479,-27.5033,61.3857,-28.3512,61.7546,-28.1634,66.9672,-27.6954,88.8625,-23.7447,-5.4622,-0.8478,-5.0933,-0.6601,0.1193,-0.1920,146,0.1000,146,0,1.0000,0.0000,0.0000,1.3467,4.3065,-0.0084,5.9388,0.8546,0.0000,1,0.1088,0.0443,15.2616,0.0014,1.000,70.00,342.76
15.3703,UKF,smooth,0.500,10.00,0.050,1,0.600,1,6.2570,7.6370,1.3800,1.3452,0.4184,0.1687,0.0779,6.0000,5.5939,2.2569,1.4215,0.6342,67.3594,-27.3745,61.3857,-28.3512,61.7546,-28.1634,67.4684,-27.5916,88.7929,-23.5076,-5.9738,-0.9767,-5.6048,-0.7890,0.1089,-0.2171,146,0.1100,146,0,1.0000,0.0000,0.0000,1.1675,4.2037,0.0287,5.9392,0.8517,0.0000,1,0.0851,0.0578,15.2616,0.0001,1.000,70.00,342.76
15.3803,UKF,smooth,0.500,10.00,0.050,1,0.600,1,6.2870,7.6815,1.3945,1.3797,0.4184,0.1687,0.0792,6.0000,5.5939,2.2577,1.5334,0.6338,67.8629,-27.2397,61.3857,-28.3512,61.7546,-28.1634,67.9600,-27.4811,88.7221,-23.2857,-6.4772,-1.1114,-6.1082,-0.9237,0.0971,-0.2414,146,0.1200,146,0,1.0000,0.0000,0.0000,0.9904,4.1032,0.0684,5.9396,0.8489,0.0000,1,0.0851,0.0578,15.2616,0.0001,1.000,70.00,342.76
15.3903,UKF,smooth,0.500,10.00,0.050,1,0.600,1,6.3193,7.7302,1.4109,1.4151,0.4184,0.1687,0.0805,6.0000,5.5939,2.2585,1.6524,0.6332,68.3578,-27.0997,61.3857,-28.3512,61.7546,-28.1634,68.4418,-27.3657,88.6509,-23.0812,-6.9721,-1.2514,-6.6032,-1.0637,0.0839,-0.2660,146,0.1300,146,0,1.0000,0.0000,0.0000,0.8154,4.0051,0.1113,5.9400,0.8462,0.0000,1,0.0851,0.0578,15.2616,0.0001,1.000,70.00,342.76
15.4003,UKF,smooth,0.500,10.00,0.050,1,0.600,1,6.3540,7.7831,1.4291,1.4513,0.4184,0.1687,0.0818,6.0000,5.5939,2.2593,1.7868,0.6324,68.8440,-26.9553,61.3857,-28.3512,61.7546,-28.1634,68.9133,-27.2475,88.5799,-22.8977,-7.4583,-1.3958,-7.0894,-1.2081,0.0693,-0.2922,146,0.1400,146,0,1.0000,0.0000,0.0000,0.6430,3.9094,0.1583,5.9404,0.8435,0.0000,1,0.0851,0.0578,15.2616,0.0001,1.000,70.00,342.76
15.4103,UKF,smooth,0.500,10.00,0.050,1,0.600,1,6.3910,7.8403,1.4493,1.4884,0.4184,0.1687,0.0830,6.0000,5.5939,2.2599,1.9489,0.6315,69.3212,-26.8073,61.3857,-28.3512,61.7546,-28.1634,69.3744,-27.1296,88.5101,-22.7405,-7.9356,-1.5439,-7.5666,-1.3562,0.0532,-0.3223,146,0.1500,146,0,1.0000,0.0000,0.0000,0.4735,3.8163,0.2107,5.9408,0.8410,0.0000,1,0.0851,0.0578,15.2616,0.0001,1.000,70.00,342.76
15.4203,UKF,smooth,0.500,10.00,0.050,1,0.600,1,6.4303,7.9016,1.4713,1.5264,0.4184,0.1687,0.0842,6.0000,5.5939,2.2572,2.1578,0.6296,69.7900,-26.6567,61.3857,-28.3512,61.7546,-28.1634,69.8248,-27.0161,88.4428,-22.6178,-8.4043,-1.6944,-8.0353,-1.5067,0.0349,-0.3594,146,0.1600,146,0,1.0000,0.0000,0.0000,0.3080,3.7261,0.2704,5.9411,0.8385,0.0000,1,0.0851,0.0578,15.2616,0.0001,1.000,70.00,342.76
15.4303,UKF,smooth,0.500,10.00,0.050,1,0.600,1,6.4720,7.8386,1.3666,1.1833,0.4179,0.1691,0.0848,6.0000,5.6785,1.1663,0.9767,0.6276,70.2492,-26.5050,67.3594,-27.3745,67.3122,-27.1853,70.0867,-26.5793,87.5097,-21.1418,-2.8898,-0.8695,-2.9370,-0.6802,-0.1625,-0.0742,147,0.0600,147,0,1.0000,0.0000,0.0000,0.1482,3.6391,0.3411,5.9415,0.8361,0.0000,1,0.0851,0.0578,15.3704,0.0001,1.000,70.00,342.76
15.4403,UKF,smooth,0.500,10.00,0.050,1,0.600,1,6.5159,7.8874,1.3715,1.2131,0.4179,0.1691,0.0859,6.0000,5.6785,1.1688,1.1548,0.6254,70.6989,-26.3542,67.3594,-27.3745,67.3122,-27.1853,70.5265,-26.4702,87.5025,-21.1325,-3.3394,-1.0202,-3.3866,-0.8310,-0.1724,-0.1159,147,0.0700,147,0,1.0000,0.0000,0.0000,-0.0012,3.5568,0.4294,5.9418,0.8338,0.0000,1,0.0851,0.0578,15.3704,0.0001,1.000,70.00,342.76
15.4503,UKF,smooth,0.500,10.00,0.050,1,0.600,1,6.5619,7.9397,1.3778,1.2440,0.4179,0.1691,0.0870,6.0000,5.6785,1.1717,1.4418,0.6228,71.1387,-26.2081,67.3594,-27.3745,67.3122,-27.1853,70.9556,-26.3846,87.5132,-21.2492,-3.7792,-1.1664,-3.8264,-0.9772,-0.1831,-0.1765,147,0.0800,147,0,1.0000,0.0000,0.0000,-0.1261,3.4833,0.5490,5.9421,0.8316,0.0000,1,0.0851,0.0578,15.3704,0.0001,1.000,70.00,342.76
15.4603,UKF,smooth,0.500,10.00,0.050,1,0.600,1,6.6096,7.9912,1.3816,1.2759,0.4179,0.1691,0.0881,6.0000,5.6785,1.1748,1.9936,0.6200,71.5684,-26.0735,67.3594,-27.3745,67.3122,-27.1853,71.3723,-26.3565,87.5893,-21.6085,-4.2089,-1.3010,-4.2561,-1.1118,-0.1960,-0.2831,147,0.0900,147,0,1.0000,0.0000,0.0000,-0.1721,3.4344,0.7167,5.9424,0.8294,0.0000,1,0.0880,0.0531,15.3704,-0.0011,1.000,70.00,342.76
15.4703,UKF,smooth,0.500,10.00,0.050,1,0.600,1,6.6573,8.0304,1.3731,1.3089,0.4179,0.1691,0.0892,6.0000,5.6785,1.1780,2.7715,0.6172,71.9876,-25.9540,67.3594,-27.3745,67.3122,-27.1853,71.7746,-26.3760,87.7929,-22.0715,-4.6281,-1.4205,-4.6753,-1.2313,-0.2130,-0.4220,147,0.1000,147,0,1.0000,0.0000,0.0000,-0.0690,3.4295,0.8553,5.9427,0.8274,0.0000,1,0.0880,0.0531,15.3704,-0.0011,1.000,70.00,342.76
15.4803,UKF,smooth,0.500,10.00,0.050,1,0.600,1,6.7043,8.0602,1.3559,1.3428,0.4179,0.1691,0.0901,6.0000,5.6785,1.1806,3.4656,0.6146,72.3960,-25.8459,67.3594,-27.3745,67.3122,-27.1853,72.1655,-26.3869,88.0446,-22.3969,-5.0366,-1.5286,-5.0838,-1.3394,-0.2306,-0.5410,147,0.1100,147,0,1.0000,0.0000,0.0000,0.0893,3.4402,0.9212,5.9430,0.8254,0.0000,1,0.0880,0.0531,15.3704,-0.0011,1.000,70.00,342.76
15.4903,UKF,smooth,0.500,10.00,0.050,1,0.600,1,6.7502,8.0850,1.3349,1.3777,0.4179,0.1691,0.0910,6.0000,5.6785,1.1829,4.0750,0.6123,72.7945,-25.7464,67.3594,-27.3745,67.3122,-27.1853,72.5467,-26.3902,88.3064,-22.6322,-5.4351,-1.6281,-5.4823,-1.4388,-0.2478,-0.6438,147,0.1200,147,0,1.0000,0.0000,0.0000,0.2579,3.4531,0.9495,5.9432,0.8235,0.0000,1,0.0880,0.0531,15.3704,-0.0011,1.000,70.00,342.76
15.5003,UKF,smooth,0.500,10.00,0.050,1,0.600,1,6.7949,8.1061,1.3113,1.4135,0.4179,0.1691,0.0920,6.0000,5.6785,1.1852,4.6309,0.6100,73.1836,-25.6540,67.3594,-27.3745,67.3122,-27.1853,72.9191,-26.3907,88.5711,-22.8175,-5.8242,-1.7205,-5.8714,-1.5312,-0.2645,-0.7367,147,0.1300,147,0,1.0000,0.0000,0.0000,0.4281,3.4658,0.9580,5.9435,0.8217,0.0000,1,0.0880,0.0531,15.3704,-0.0011,1.000,70.00,342.76
15.5103,UKF,smooth,0.500,10.00,0.050,1,0.600,1,6.8383,8.1240,1.2856,1.4501,0.4179,0.1691,0.0929,6.0000,5.6785,1.1874,5.1518,0.6078,73.5638,-25.5676,67.3594,-27.3745,67.3122,-27.1853,73.2831,-26.3909,88.8366,-22.9726,-6.2044,-1.8069,-6.2516,-1.6177,-0.2807,-0.8233,147,0.1400,147,0,1.0000,0.0000,0.0000,0.5976,3.4777,0.9547,5.9437,0.8200,0.0000,1,0.0880,0.0531,15.3704,-0.0011,1.000,70.00,342.76
15.5203,UKF,smooth,0.500,10.00,0.050,1,0.600,1,6.8805,8.2059,1.3254,1.2181,0.4177,0.1686,0.0936,6.0000,6.1125,1.7138,1.9127,0.6056,73.9355,-25.4864,71.5684,-26.0735,71.6650,-25.8026,74.1875,-25.2619,89.9978,-20.2792,-2.3671,-0.5871,-2.2705,-0.3162,0.2520,0.2245,148,0.0600,148,0,1.0000,0.0000,0.0000,0.7657,3.4886,0.9437,5.9439,0.8183,0.0000,1,0.0880,0.0531,15.4592,-0.0011,1.000,70.00,342.76
15.5303,UKF,smooth,0.500,10.00,0.050,1,0.600,1,6.9214,8.2320,1.3106,1.2489,0.4177,0.1686,0.0945,6.0000,6.1125,1.7158,2.0230,0.6035,74.2990,-25.4098,71.5684,-26.0735,71.6650,-25.8026,74.5777,-25.1843,90.2688,-20.3229,-2.7306,-0.6636,-2.6340,-0.3927,0.2787,0.2255,148,0.0700,148,0,1.0000,0.0000,0.0000,0.9323,3.4984,0.9273,5.9441,0.8168,0.0000,1,0.0880,0.0531,15.4592,-0.0011,1.000,70.00,342.76
15.5403,UKF,smooth,0.500,10.00,0.050,1,0.600,1,6.9609,8.2553,1.2944,1.2807,0.4177,0.1686,0.0954,6.0000,6.1125,1.7178,2.1333,0.6014,74.6547,-25.3375,71.5684,-26.0735,71.6650,-25.8026,74.9595,-25.1114,90.5400,-20.3574,-3.0863,-0.7360,-2.9897,-0.4651,0.3048,0.2261,148,0.0800,148,0,1.0000,0.0000,0.0000,1.0972,3.5072,0.9068,5.9443,0.8153,0.0000,1,0.0880,0.0531,15.4592,-0.0011,1.000,70.00,342.76
15.5503,UKF,smooth,0.500,10.00,0.050,1,0.600,1,6.9992,8.2759,1.2767,1.3135,0.4177,0.1686,0.0962,6.0000,6.1125,1.7197,2.2436,0.5995,75.0029,-25.2690,71.5684,-26.0735,71.6650,-25.8026,75.3332,-25.0425,90.8114,-20.3849,-3.4345,-0.8045,-3.3379,-0.5336,0.3303,0.2265,148,0.0900,148,0,1.0000,0.0000,0.0000,1.2604,3.5151,0.8834,5.9445,0.8139,0.0000,1,0.0872,0.0482,15.4592,-0.0019,1.000,70.00,342.76
15.5603,UKF,smooth,0.500,10.00,0.050,1,0.600,1,7.0361,8.2938,1.2577,1.3472,0.4177,0.1686,0.0971,6.0000,6.1125,1.7215,2.3536,0.5976,75.3440,-25.2040,71.5684,-26.0735,71.6650,-25.8026,75.6992,-24.9775,91.0831,-20.4070,-3.7756,-0.8694,-3.6790,-0.5985,0.3552,0.2265,148,0.1000,148,0,1.0000,0.0000,0.0000,1.4221,3.5219,0.8577,5.9447,0.8126,0.0000,1,0.0872,0.0482,15.4592,-0.0019,1.000,70.00,342.76
15.5703,UKF,smooth,0.500,10.00,0.050,1,0.600,1,7.0717,8.3089,1.2372,1.3818,0.4177,0.1686,0.0980,6.0000,6.1125,1.7232,2.4634,0.5958,75.6782,-25.1424,71.5684,-26.0735,71.6650,-25.8026,76.0579,-24.9161,91.3554,-20.4248,-4.1098,-0.9311,-4.0132,-0.6602,0.3797,0.2263,148,0.1100,148,0,1.0000,0.0000,0.0000,1.5820,3.5279,0.8302,5.9449,0.8114,0.0000,1,0.0872,0.0482,15.4592,-0.0019,1.000,70.00,342.76
15.5803,UKF,smooth,0.500,10.00,0.050,1,0.600,1,7.1060,8.3214,1.2154,1.4173,0.4177,0.1686,0.0988,6.0000,6.1125,1.7248,2.5728,0.5940,76.0059,-25.0838,71.5684,-26.0735,71.6650,-25.8026,76.4096,-24.8579,91.6282,-20.4390,-4.4375,-0.9897,-4.3409,-0.7188,0.4037,0.2258,148,0.1200,148,0,1.0000,0.0000,0.0000,1.7404,3.5329,0.8012,5.9450,0.8102,0.0000,1,0.0872,0.0482,15.4592,-0.0019,1.000,70.00,342.76
15.5903,UKF,smooth,0.500,10.00,0.050,1,0.600,1,7.1390,8.3312,1.1922,1.4537,0.4177,0.1686,0.0997,6.0000,6.1125,1.7264,2.6820,0.5924,76.3272,-25.0281,71.5684,-26.0735,71.6650,-25.8026,76.7547,-24.8029,91.9017,-20.4505,-4.7589,-1.0454,-4.6622,-0.7745,0.4275,0.2252,148,0.1300,148,0,1.0000,0.0000,0.0000,1.8972,3.5370,0.7711,5.9452,0.8092,0.0000,1,0.0872,0.0482,15.4592,-0.0019,1.000,70.00,342.76
15.6003,UKF,smooth,0.500,10.00,0.050,1,0.600,1,7.1706,8.8604,1.6898,1.2410,0.4169,0.1685,0.0997,6.0000,7.0023,0.6485,0.3827,0.5908,76.6425,-24.9751,75.0029,-25.2690,74.8844,-25.2543,76.6593,-24.9130,89.5537,-21.7485,-1.6396,-0.2939,-1.7581,-0.2792,0.0167,0.0621,149,0.0500,149,0,1.0000,0.0000,0.0000,2.0525,3.5403,0.7401,5.9453,0.8082,0.0000,1,0.0872,0.0482,15.5484,-0.0019,1.000,70.00,342.76
15.6103,UKF,smooth,0.500,10.00,0.050,1,0.600,1,7.2009,8.8907,1.6897,1.2718,0.4169,0.1685,0.1006,6.0000,7.0023,0.6488,0.3912,0.5893,76.9520,-24.9247,75.0029,-25.2690,74.8844,-25.2543,76.9711,-24.8616,89.7580,-21.7699,-1.9491,-0.3443,-2.0676,-0.3296,0.0190,0.0631,149,0.0600,149,0,1.0000,0.0000,0.0000,2.2063,3.5428,0.7084,5.9454,0.8073,0.0000,1,0.0872,0.0482,15.5484,-0.0019,1.000,70.00,342.76
15.6203,UKF,smooth,0.500,10.00,0.050,1,0.600,1,7.2300,8.9183,1.6883,1.3036,0.4169,0.1685,0.1014,6.0000,7.0023,0.6490,0.3913,0.5879,77.2560,-24.8767,75.0029,-25.2690,74.8844,-25.2543,77.2758,-24.8139,89.9615,-21.7910,-2.2531,-0.3922,-2.3715,-0.3776,0.0198,0.0629,149,0.0700,149,0,1.0000,0.0000,0.0000,2.3585,3.5444,0.6761,5.9456,0.8065,0.0000,1,0.0872,0.0482,15.5484,-0.0019,1.000,70.00,342.76
15.6303,UKF,smooth,0.500,10.00,0.050,1,0.600,1,7.2577,8.9432,1.6855,1.3364,0.4169,0.1685,0.1023,6.0000,7.0023,0.6492,0.3833,0.5866,77.5545,-24.8311,75.0029,-25.2690,74.8844,-25.2543,77.5737,-24.7695,90.1642,-21.8118,-2.5516,-0.4379,-2.6701,-0.4232,0.0192,0.0617,149,0.0800,149,0,1.0000,0.0000,0.0000,2.5093,3.5453,0.6433,5.9457,0.8057,0.0000,1,0.0872,0.0482,15.5484,-0.0019,1.000,70.00,342.76
15.6403,UKF,smooth,0.500,10.00,0.050,1,0.600,1,7.2841,8.9655,1.6814,1.3701,0.4169,0.1685,0.1031,6.0000,7.0023,0.6494,0.3680,0.5853,77.8479,-24.7877,75.0029,-25.2690,74.8844,-25.2543,77.8652,-24.7282,90.3662,-21.8325,-2.8450,-0.4813,-2.9635,-0.4666,0.0173,0.0595,149,0.0900,149,0,1.0000,0.0000,0.0000,2.6587,3.5454,0.6102,5.9457,0.8051,0.0000,1,0.0882,0.0558,15.5484,0.0000,1.000,70.00,342.76
15.6503,UKF,smooth,0.500,10.00,0.050,1,0.600,1,7.3092,8.9851,1.6759,1.4048,0.4169,0.1685,0.1039,6.0000,7.0023,0.6496,0.3459,0.5841,78.1364,-24.7464,75.0029,-25.2690,74.8844,-25.2543,78.1504,-24.6900,90.5676,-21.8534,-3.1335,-0.5226,-3.2519,-0.5079,0.0141,0.0564,149,0.1000,149,0,1.0000,0.0000,0.0000,2.8066,3.5448,0.5769,5.9458,0.8045,0.0000,1,0.0882,0.0558,15.5484,0.0000,1.000,70.00,342.76
15.6603,UKF,smooth,0.500,10.00,0.050,1,0.600,1,7.3330,9.0022,1.6692,1.4403,0.4169,0.1685,0.1047,6.0000,7.0023,0.6498,0.3180,0.5830,78.4200,-24.7072,75.0029,-25.2690,74.8844,-25.2543,78.4297,-24.6547,90.7683,-21.8746,-3.4171,-0.5618,-3.5356,-0.5471,0.0097,0.0524,149,0.1100,149,0,1.0000,0.0000,0.0000,2.9530,3.5435,0.5434,5.9459,0.8040,0.0000,1,0.0882,0.0558,15.5484,0.0000,1.000,70.00,342.76
15.6703,UKF,smooth,0.500,10.00,0.050,1,0.600,1,7.3556,9.0168,1.6612,1.4767,0.4169,0.1685,0.1055,6.0000,7.0023,0.6499,0.2860,0.5820,78.6991,-24.6699,75.0029,-25.2690,74.8844,-25.2543,78.7032,-24.6222,90.9686,-21.8962,-3.6962,-0.5991,-3.8147,-0.5844,0.0041,0.0477,149,0.1200,149,0,1.0000,0.0000,0.0000,3.0981,3.5415,0.5098,5.9459,0.8037,0.0000,1,0.0882,0.0558,15.5484,0.0000,1.000,70.00,342.76
15.6803,UKF,smooth,0.500,10.00,0.050,1,0.600,1,7.3769,9.0288,1.6520,1.5140,0.4169,0.1685,0.1064,6.0000,7.0023,0.6500,0.2523,0.5811,78.9737,-24.6345,75.0029,-25.2690,74.8844,-25.2543,78.9711,-24.5924,91.1683,-21.9184,-3.9708,-0.6345,-4.0893,-0.6198,-0.0027,0.0421,149,0.1300,149,0,1.0000,0.0000,0.0000,3.2418,3.5388,0.4761,5.9460,0.8033,0.0000,1,0.0882,0.0558,15.5484,0.0000,1.000,70.00,342.76
15.6903,UKF,smooth,0.500,10.00,0.050,1,0.600,1,7.3969,9.0384,1.6415,1.5520,0.4169,0.1685,0.1072,6.0000,7.0023,0.6501,0.2215,0.5802,79.2441,-24.6010,75.0029,-25.2690,74.8844,-25.2543,79.2337,-24.5652,91.3676,-21.9412,-4.2412,-0.6680,-4.3597,-0.6533,-0.0105,0.0358,149,0.1400,149,0,1.0000,0.0000,0.0000,3.3842,3.5354,0.4425,5.9460,0.8031,0.0000,1,0.0882,0.0558,15.5484,0.0000,1.000,70.00,342.76
15.7003,UKF,smooth,0.500,10.00,0.050,1,0.600,1,7.4157,9.3017,1.8861,1.3840,0.4164,0.1686,0.1075,6.0000,7.4467,0.7029,1.2432,0.5794,79.5104,-24.5692,77.8479,-24.7877,77.9702,-24.7503,79.7093,-24.4670,91.6188,-22.0275,-1.6625,-0.2185,-1.5402,-0.1811,0.1989,0.1022,150,0.0600,150,0,1.0000,0.0000,0.0000,3.5252,3.5314,0.4089,5.9460,0.8030,0.0000,1,0.0882,0.0558,15.6403,0.0000,1.000,70.00,342.76
15.7103,UKF,smooth,0.500,10.00,0.050,1,0.600,1,7.4332,9.3240,1.8908,1.4177,0.4164,0.1686,0.1083,6.0000,7.4467,0.7032,1.3103,0.5787,79.7727,-24.5392,77.8479,-24.7877,77.9702,-24.7503,79.9821,-24.4312,91.8119,-22.0424,-1.9248,-0.2485,-1.8025,-0.2111,0.2094,0.1080,150,0.0700,150,0,1.0000,0.0000,0.0000,3.6648,3.5268,0.3754,5.9460,0.8029,0.0000,1,0.0882,0.0558,15.6403,0.0000,1.000,70.00,342.76
15.7203,UKF,smooth,0.500,10.00,0.050,1,0.600,1,7.4494,9.3437,1.8943,1.4523,0.4164,0.1686,0.1091,6.0000,7.4467,0.7035,1.3670,0.5781,80.0312,-24.5108,77.8479,-24.7877,77.9702,-24.7503,80.2494,-24.3980,92.0044,-22.0583,-2.1833,-0.2769,-2.0610,-0.2395,0.2183,0.1128,150,0.0800,150,0,1.0000,0.0000,0.0000,3.8032,3.5216,0.3421,5.9460,0.8029,0.0000,1,0.0882,0.0558,15.6403,0.0000,1.000,70.00,342.76
15.7303,UKF,smooth,0.500,10.00,0.050,1,0.600,1,7.4645,9.3610,1.8965,1.4877,0.4164,0.1686,0.1099,6.0000,7.4467,0.7037,1.4134,0.5775,80.2859,-24.4841,77.8479,-24.7877,77.9702,-24.7503,80.5116,-24.3674,92.1964,-22.0753,-2.4380,-0.3036,-2.3158,-0.2662,0.2256,0.1167,150,0.0900,150,0,1.0000,0.0000,0.0000,3.9402,3.5157,0.3089,5.9460,0.8030,0.0000,1,0.0930,0.0593,15.6403,0.0004,1.000,70.00,342.76
15.7403,UKF,smooth,0.500,10.00,0.050,1,0.600,1,7.4783,9.3759,1.8976,1.5240,0.4164,0.1686,0.1107,6.0000,7.4467,0.7041,1.4501,0.5770,80.5371,-24.4590,77.8479,-24.7877,77.9702,-24.7503,80.7686,-24.3393,92.3878,-22.0936,-2.6892,-0.3287,-2.5670,-0.2913,0.2315,0.1197,150,0.1000,150,0,1.0000,0.0000,0.0000,4.0760,3.5093,0.2760,5.9460,0.8032,0.0000,1,0.0930,0.0593,15.6403,0.0004,1.000,70.00,342.76
15.7503,UKF,smooth,0.500,10.00,0.050,1,0.600,1,7.4909,9.3883,1.8974,1.5611,0.4164,0.1686,0.1115,6.0000,7.4467,0.7043,1.4773,0.5766,80.7849,-24.4355,77.8479,-24.7877,77.9702,-24.7503,81.0208,-24.3137,92.5788,-22.1131,-2.9370,-0.3522,-2.8148,-0.3148,0.2358,0.1218,150,0.1100,150,0,1.0000,0.0000,0.0000,4.2104,3.5024,0.2432,5.9460,0.8035,0.0000,1,0.0930,0.0593,15.6403,0.0004,1.000,70.00,342.76
15.7603,UKF,smooth,0.500,10.00,0.050,1,0.600,1,7.5023,9.3984,1.8961,1.5990,0.4164,0.1686,0.1123,6.0000,7.4467,0.7045,1.4955,0.5763,81.0294,-24.4135,77.8479,-24.7877,77.9702,-24.7503,81.2682,-24.2904,92.7693,-22.1339,-3.1815,-0.3742,-3.0592,-0.3368,0.2389,0.1230,150,0.1200,150,0,1.0000,0.0000,0.0000,4.3437,3.4949,0.2107,5.9459,0.8038,0.0000,1,0.0930,0.0593,15.6403,0.0004,1.000,70.00,342.76
15.7703,UKF,smooth,0.500,10.00,0.050,1,0.600,1,7.5125,9.4062,1.8937,1.6376,0.4164,0.1686,0.1130,6.0000,7.4467,0.7026,1.5029,0.5757,81.2710,-24.3930,77.8479,-24.7877,77.9702,-24.7503,81.5112,-24.2695,92.9595,-22.1563,-3.4231,-0.3947,-3.3008,-0.3573,0.2401,0.1234,150,0.1300,150,0,1.0000,0.0000,0.0000,4.4756,3.4869,0.1785,5.9459,0.8043,0.0000,1,0.0930,0.0593,15.6403,0.0004,1.000,70.00,342.76
15.7803,UKF,smooth,0.500,10.00,0.050,1,0.600,1,7.5216,9.4117,1.8901,1.6770,0.4164,0.1686,0.1130,6.0000,7.4467,0.6856,1.4877,0.5733,81.5125,-24.3740,77.8479,-24.7877,77.9702,-24.7503,81.7497,-24.2510,93.1494,-22.1801,-3.6646,-0.4137,-3.5423,-0.3763,0.2372,0.1230,150,0.1400,150,0,1.0000,0.0000,0.0000,4.6064,3.4783,0.1466,5.9458,0.8048,0.0000,1,0.0930,0.0593,15.6403,0.0004,1.000,70.00,342.76
15.7903,UKF,smooth,0.500,10.00,0.050,1,0.600,1,7.5294,9.8492,2.3198,1.4749,0.4161,0.1682,0.1126,6.0000,8.3319,1.7449,2.2333,0.5717,81.7510,-24.3565,80.2859,-24.4841,80.5562,-24.3184,82.0665,-24.1187,92.7480,-22.1237,-1.4650,-0.1277,-1.1948,0.0381,0.3156,0.2378,151,0.0600,151,0,1.0000,0.0000,0.0000,4.7359,3.4692,0.1150,5.9457,0.8054,0.0000,1,0.0930,0.0593,15.7306,0.0004,1.000,70.00,342.76
15.8003,UKF,smooth,0.500,10.00,0.050,1,0.600,1,7.5361,9.8710,2.3349,1.5094,0.4161,0.1682,0.1126,6.0000,8.3319,1.7303,2.3026,0.5707,81.9865,-24.3404,80.2859,-24.4841,80.5562,-24.3184,82.3068,-24.0898,92.9166,-22.1390,-1.7005,-0.1437,-1.4303,0.0220,0.3204,0.2506,151,0.0700,151,0,1.0000,0.0000,0.0000,4.8642,3.4597,0.0838,5.9456,0.8061,0.0000,1,0.0930,0.0593,15.7306,0.0004,1.000,70.00,342.76
15.8103,UKF,smooth,0.500,10.00,0.050,1,0.600,1,7.5416,9.8905,2.3489,1.5447,0.4161,0.1682,0.1126,6.0000,8.3319,1.7160,2.3618,0.5702,82.2192,-24.3258,80.2859,-24.4841,80.5562,-24.3184,82.5425,-24.0633,93.0844,-22.1558,-1.9332,-0.1584,-1.6630,0.0074,0.3233,0.2625,151,0.0800,151,0,1.0000,0.0000,0.0000,4.9914,3.4497,0.0529,5.9455,0.8068,0.0000,1,0.0930,0.0593,15.7306,0.0004,1.000,70.00,342.76
15.8203,UKF,smooth,0.500,10.00,0.050,1,0.600,1,7.5460,9.9077,2.3617,1.5808,0.4161,0.1682,0.1126,6.0000,8.3319,1.7020,2.4116,0.5700,82.4491,-24.3126,80.2859,-24.4841,80.5562,-24.3184,82.7736,-24.0391,93.2513,-22.1742,-2.1631,-0.1715,-1.8929,-0.0057,0.3245,0.2736,151,0.0900,151,0,1.0000,0.0000,0.0000,5.1173,3.4392,0.0224,5.9454,0.8077,0.0000,1,0.0930,0.0593,15.7306,0.0004,1.000,70.00,342.76
15.8303,UKF,smooth,0.500,10.00,0.050,1,0.600,1,7.5492,9.9227,2.3734,1.6178,0.4161,0.1682,0.1126,6.0000,8.3319,1.6883,2.4520,0.5703,82.6764,-24.3009,80.2859,-24.4841,80.5562,-24.3184,83.0004,-24.0171,93.4175,-22.1944,-2.3904,-0.1832,-2.1202,-0.0174,0.3241,0.2839,151,0.1000,151,0,1.0000,0.0000,0.0000,5.2421,3.4282,-0.0077,5.9453,0.8086,0.0000,1,0.0979,0.0435,15.7306,-0.0015,1.000,70.00,342.76
15.8403,UKF,smooth,0.500,10.00,0.050,1,0.600,1,7.5513,9.9354,2.3841,1.6555,0.4161,0.1682,0.1126,6.0000,8.3319,1.6747,2.4835,0.5711,82.9011,-24.2907,80.2859,-24.4841,80.5562,-24.3184,83.2230,-23.9973,93.5829,-22.2164,-2.6152,-0.1935,-2.3449,-0.0277,0.3219,0.2933,151,0.1100,151,0,1.0000,0.0000,0.0000,5.3657,3.4168,-0.0374,5.9451,0.8096,0.0000,1,0.0979,0.0435,15.7306,-0.0015,1.000,70.00,342.76
15.8503,UKF,smooth,0.500,10.00,0.050,1,0.600,1,7.5523,9.9460,2.3937,1.6940,0.4161,0.1682,0.1126,6.0000,8.3319,1.6612,2.5064,0.5726,83.1233,-24.2818,80.2859,-24.4841,80.5562,-24.3184,83.4416,-23.9798,93.7476,-22.2403,-2.8374,-0.2023,-2.5672,-0.0366,0.3182,0.3020,151,0.1200,151,0,1.0000,0.0000,0.0000,5.4882,3.4050,-0.0666,5.9450,0.8107,0.0000,1,0.0979,0.0435,15.7306,-0.0015,1.000,70.00,342.76
15.8603,UKF,smooth,0.500,10.00,0.050,1,0.600,1,7.5521,9.9544,2.4022,1.7333,0.4161,0.1682,0.1124,6.0000,8.3319,1.6519,2.5243,0.5738,83.3422,-24.2744,80.2859,-24.4841,80.5562,-24.3184,83.6561,-23.9646,93.9116,-22.2661,-3.0563,-0.2098,-2.7861,-0.0440,0.3139,0.3098,151,0.1300,151,0,1.0000,0.0000,0.0000,5.6095,3.3928,-0.0955,5.9448,0.8119,0.0000,1,0.0979,0.0435,15.7306,-0.0015,1.000,70.00,342.76
15.8703,UKF,smooth,0.500,10.00,0.050,1,0.600,1,7.5509,9.9607,2.4098,1.7733,0.4161,0.1682,0.1117,6.0000,8.3319,1.6522,2.5420,0.5736,83.5566,-24.2683,80.2859,-24.4841,80.5562,-24.3184,83.8669,-23.9515,94.0749,-22.2941,-3.2707,-0.2158,-3.0005,-0.0500,0.3102,0.3168,151,0.1400,151,0,1.0000,0.0000,0.0000,5.7297,3.3801,-0.1238,5.9446,0.8132,0.0000,1,0.0979,0.0435,15.7306,-0.0015,1.000,70.00,342.76
15.8803,UKF,smooth,0.500,10.00,0.050,1,0.600,1,7.5486,10.5564,3.0078,1.5677,0.4158,0.1678,0.1107,6.0000,9.4707,0.4095,0.5918,0.5736,83.7688,-24.2637,82.6764,-24.3009,82.6413,-24.2452,83.7255,-24.1730,92.2114,-23.4848,-1.0924,-0.0372,-1.1275,0.0185,-0.0433,0.0907,152,0.0500,152,0,1.0000,0.0000,0.0000,5.8488,3.3670,-0.1517,5.9445,0.8145,0.0000,1,0.0979,0.0435,15.8288,-0.0015,1.000,70.00,342.76
15.8903,UKF,smooth,0.500,10.00,0.050,1,0.600,1,7.5452,10.5831,3.0380,1.6026,0.4158,0.1678,0.1100,6.0000,9.4707,0.4093,0.6463,0.5735,83.9788,-24.2605,82.6764,-24.3009,82.6413,-24.2452,83.9145,-24.1698,92.3301,-23.5266,-1.3024,-0.0404,-1.3375,0.0153,-0.0643,0.0907,152,0.0600,152,0,1.0000,0.0000,0.0000,5.9669,3.3536,-0.1791,5.9443,0.8160,0.0000,1,0.0979,0.0435,15.8288,-0.0015,1.000,70.00,342.76
15.9003,UKF,smooth,0.500,10.00,0.050,1,0.600,1,7.5407,10.6077,3.0670,1.6383,0.4158,0.1678,0.1093,6.0000,9.4707,0.4091,0.7189,0.5736,84.1868,-24.2588,82.6764,-24.3009,82.6413,-24.2452,84.0994,-24.1688,92.4474,-23.5708,-1.5104,-0.0422,-1.5454,0.0135,-0.0873,0.0900,152,0.0700,152,0,1.0000,0.0000,0.0000,6.0838,3.3398,-0.2060,5.9440,0.8175,0.0000,1,0.0979,0.0435,15.8288,-0.0015,1.000,70.00,342.76
15.9103,UKF,smooth,0.500,10.00,0.050,1,0.600,1,7.5351,10.6301,3.0950,1.6749,0.4158,0.1678,0.1086,6.0000,9.4707,0.4089,0.8097,0.5737,84.3927,-24.2585,82.6764,-24.3009,82.6413,-24.2452,84.2803,-24.1700,92.5633,-23.6173,-1.7163,-0.0425,-1.7513,0.0132,-0.1123,0.0885,152,0.0800,152,0,1.0000,0.0000,0.0000,6.1997,3.3256,-0.2324,5.9438,0.8191,0.0000,1,0.0979,0.0435,15.8288,-0.0015,1.000,70.00,342.76
15.9203,UKF,smooth,0.500,10.00,0.050,1,0.600,1,7.5285,10.6505,3.1220,1.7122,0.4158,0.1678,0.1079,6.0000,9.4707,0.4086,0.9181,0.5739,84.5966,-24.2596,82.6764,-24.3009,82.6413,-24.2452,84.4574,-24.1735,92.6776,-23.6663,-1.9203,-0.0413,-1.9553,0.0144,-0.1393,0.0862,152,0.0900,152,0,1.0000,0.0000,0.0000,6.3145,3.3110,-0.2582,5.9436,0.8208,0.0000,1,0.0979,0.0435,15.8288,-0.0015,1.000,70.00,342.76
15.9303,UKF,smooth,0.500,10.00,0.050,1,0.600,1,7.5209,10.6687,3.1479,1.7503,0.4158,0.1678,0.1072,6.0000,9.4707,0.4083,1.0430,0.5741,84.7987,-24.2623,82.6764,-24.3009,82.6413,-24.2452,84.6306,-24.1792,92.7906,-23.7178,-2.1223,-0.0387,-2.1574,0.0170,-0.1681,0.0831,152,0.1000,152,0,1.0000,0.0000,0.0000,6.4282,3.2961,-0.2835,5.9434,0.8225,0.0000,1,0.1078,0.0486,15.8288,-0.0006,1.000,70.00,342.76
15.9403,UKF,smooth,0.500,10.00,0.050,1,0.600,1,7.5122,10.6850,3.1728,1.7892,0.4158,0.1678,0.1065,6.0000,9.4707,0.4079,1.1834,0.5744,84.9989,-24.2664,82.6764,-24.3009,82.6413,-24.2452,84.8002,-24.1872,92.9021,-23.7721,-2.3226,-0.0345,-2.3576,0.0212,-0.1988,0.0793,152,0.1100,152,0,1.0000,0.0000,0.0000,6.5409,3.2808,-0.3082,5.9431,0.8244,0.0000,1,0.1078,0.0486,15.8288,-0.0006,1.000,70.00,342.76
15.9503,UKF,smooth,0.500,10.00,0.050,1,0.600,1,7.5024,10.6992,3.1968,1.8289,0.4158,0.1678,0.1059,6.0000,9.4707,0.4074,1.3383,0.5748,85.1974,-24.2721,82.6764,-24.3009,82.6413,-24.2452,84.9661,-24.1975,93.0122,-23.8292,-2.5210,-0.0289,-2.5561,0.0269,-0.2313,0.0746,152,0.1200,152,0,1.0000,0.0000,0.0000,6.6526,3.2652,-0.3323,5.9428,0.8263,0.0000,1,0.1078,0.0486,15.8288,-0.0006,1.000,70.00,342.76
15.9603,UKF,smooth,0.500,10.00,0.050,1,0.600,1,7.4917,10.7115,3.2198,1.8692,0.4158,0.1678,0.1052,6.0000,9.4707,0.4070,1.5068,0.5753,85.3942,-24.2793,82.6764,-24.3009,82.6413,-24.2452,85.1285,-24.2101,93.1208,-23.8893,-2.7178,-0.0216,-2.7528,0.0341,-0.2656,0.0692,152,0.1300,152,0,1.0000,0.0000,0.0000,6.7633,3.2493,-0.3558,5.9425,0.8283,0.0000,1,0.1078,0.0486,15.8288,-0.0006,1.000,70.00,342.76
15.9703,UKF,smooth,0.500,10.00,0.050,1,0.600,1,7.4800,10.7218,3.2418,1.9103,0.4158,0.1678,0.1046,6.0000,9.4707,0.4065,1.6882,0.5758,85.5892,-24.2881,82.6764,-24.3009,82.6413,-24.2452,85.2875,-24.2252,93.2281,-23.9524,-2.9129,-0.0128,-2.9479,0.0429,-0.3017,0.0629,152,0.1400,152,0,1.0000,0.0000,0.0000,6.8730,3.2331,-0.3787,5.9423,0.8304,0.0000,1,0.1078,0.0486,15.8288,-0.0006,1.000,70.00,342.76
15.9803,UKF,smooth,0.500,10.00,0.050,1,0.600,1,7.4672,11.0799,3.6127,1.7072,0.4152,0.1689,0.1033,6.0000,10.0747,0.7782,0.8976,0.5763,85.7827,-24.2986,84.7987,-24.2623,84.7968,-24.3920,85.7094,-24.4329,93.8154,-24.8229,-0.9840,0.0363,-0.9859,-0.0934,-0.0733,-0.1344,153,0.0500,153,0,1.0000,0.0000,0.0000,6.9816,3.2166,-0.4009,5.9420,0.8326,0.0000,1,0.1078,0.0486,15.9297,-0.0006,1.000,70.00,342.76
15.9903,UKF,smooth,0.500,10.00,0.050,1,0.600,1,7.4535,11.1042,3.6507,1.7435,0.4152,0.1689,0.1027,6.0000,10.0747,0.7788,0.9875,0.5769,85.9746,-24.3106,84.7987,-24.2623,84.7968,-24.3920,85.8853,-24.4543,93.9301,-24.8917,-1.1759,0.0484,-1.1778,-0.0813,-0.0893,-0.1436,153,0.0600,153,0,1.0000,0.0000,0.0000,7.0893,3.1997,-0.4225,5.9416,0.8349,0.0000,1,0.1078,0.0486,15.9297,-0.0006,1.000,70.00,342.76
16.0003,UKF,smooth,0.500,10.00,0.050,1,0.600,1,7.4388,11.1265,3.6876,1.7805,0.4152,0.1689,0.1021,6.0000,10.0747,0.7795,1.0887,0.5776,86.1650,-24.3244,84.7987,-24.2623,84.7968,-24.3920,86.0577,-24.4779,94.0434,-24.9636,-1.3663,0.0621,-1.3683,-0.0676,-0.1073,-0.1535,153,0.0700,153,0,1.0000,0.0000,0.0000,7.1961,3.1826,-0.4434,5.9413,0.8372,0.0000,1,0.1078,0.0486,15.9297,-0.0006,1.000,70.00,342.76
16.0103,UKF,smooth,0.500,10.00,0.050,1,0.600,1,7.4231,11.1468,3.7237,1.8183,0.4152,0.1689,0.1014,6.0000,10.0747,0.7803,1.2015,0.5784,86.3540,-24.3399,84.7987,-24.2623,84.7968,-24.3920,86.2267,-24.5039,94.1555,-25.0389,-1.5553,0.0776,-1.5572,-0.0521,-0.1273,-0.1640,153,0.0800,153,0,1.0000,0.0000,0.0000,7.3018,3.1652,-0.4635,5.9410,0.8396,0.0000,1,0.1078,0.0486,15.9297,-0.0006,1.000,70.00,342.76
16.0203,UKF,smooth,0.500,10.00,0.050,1,0.600,1,7.4065,11.1653,3.7588,1.8568,0.4152,0.1689,0.1008,6.0000,10.0747,0.7811,1.3263,0.5791,86.5415,-24.3571,84.7987,-24.2623,84.7968,-24.3920,86.3922,-24.5323,94.2662,-25.1176,-1.7429,0.0949,-1.7448,-0.0348,-0.1493,-0.1752,153,0.0900,153,0,1.0000,0.0000,0.0000,7.4067,3.1475,-0.4829,5.9406,0.8421,0.0000,1,0.1078,0.0486,15.9297,-0.0006,1.000,70.00,342.76
16.0303,UKF,smooth,0.500,10.00,0.050,1,0.600,1,7.3890,11.1820,3.7930,1.8961,0.4152,0.1689,0.1002,6.0000,10.0747,0.7820,1.4630,0.5800,86.7277,-24.3762,84.7987,-24.2623,84.7968,-24.3920,86.5545,-24.5632,94.3755,-25.2000,-1.9290,0.1140,-1.9310,-0.0157,-0.1732,-0.1870,153,0.1000,153,0,1.0000,0.0000,0.0000,7.5105,3.1295,-0.5016,5.9402,0.8447,0.0000,1,0.1078,0.0486,15.9297,-0.0006,1.000,70.00,342.76
16.0403,UKF,smooth,0.500,10.00,0.050,1,0.600,1,7.3704,11.1968,3.8264,1.9361,0.4152,0.1689,0.0996,6.0000,10.0747,0.7829,1.6117,0.5809,86.9126,-24.3972,84.7987,-24.2623,84.7968,-24.3920,86.7136,-24.5966,94.4835,-25.2863,-2.1139,0.1349,-2.1158,0.0052,-0.1990,-0.1994,153,0.1100,153,0,1.0000,0.0000,0.0000,7.6135,3.1113,-0.5194,5.9399,0.8474,0.0000,1,0.0889,0.0538,15.9297,-0.0014,1.000,70.00,342.76
16.0503,UKF,smooth,0.500,10.00,0.050,1,0.600,1,7.3510,11.2099,3.8589,1.9768,0.4152,0.1689,0.0990,6.0000,10.0747,0.7839,1.7724,0.5819,87.0962,-24.4201,84.7987,-24.2623,84.7968,-24.3920,86.8695,-24.6328,94.5902,-25.3765,-2.2975,0.1578,-2.2994,0.0281,-0.2268,-0.2127,153,0.1200,153,0,1.0000,0.0000,0.0000,7.7156,3.0928,-0.5364,5.9395,0.8502,0.0000,1,0.0889,0.0538,15.9297,-0.0014,1.000,70.00,342.76
16.0603,UKF,smooth,0.500,10.00,0.050,1,0.600,1,7.3307,11.2212,3.8905,2.0182,0.4152,0.1689,0.0984,6.0000,10.0747,0.7849,1.9450,0.5829,87.2786,-24.4450,84.7987,-24.2623,84.7968,-24.3920,87.0223,-24.6716,94.6956,-25.4711,-2.4799,0.1828,-2.4818,0.0531,-0.2563,-0.2266,153,0.1300,153,0,1.0000,0.0000,0.0000,7.8167,3.0740,-0.5525,5.9391,0.8530,0.0000,1,0.0889,0.0538,15.9297,-0.0014,1.000,70.00,342.76
16.0703,UKF,smooth,0.500,10.00,0.050,1,0.600,1,7.3094,11.2308,3.9214,2.0603,0.4152,0.1689,0.0979,6.0000,10.0747,0.7860,2.1296,0.5840,87.4598,-24.4720,84.7987,-24.2623,84.7968,-24.3920,87.1720,-24.7134,94.7997,-25.5702,-2.6611,0.2097,-2.6630,0.0800,-0.2878,-0.2414,153,0.1400,153,0,1.0000,0.0000,0.0000,7.9169,3.0550,-0.5677,5.9386,0.8559,0.0000,1,0.0889,0.0538,15.9297,-0.0014,1.000,70.00,342.76
16.0803,UKF,smooth,0.500,10.00,0.050,1,0.600,1,7.2873,11.2387,3.9515,2.1030,0.4152,0.1689,0.0973,6.0000,10.0747,0.7872,2.3262,0.5852,87.6399,-24.5011,84.7987,-24.2623,84.7968,-24.3920,87.3188,-24.7581,94.9024,-25.6742,-2.8412,0.2389,-2.8431,0.1092,-0.3210,-0.2570,153,0.1500,153,0,1.0000,0.0000,0.0000,8.0163,3.0358,-0.5819,5.9382,0.8589,0.0000,1,0.0889,0.0538,15.9297,-0.0014,1.000,70.00,342.76
16.0903,UKF,smooth,0.500,10.00,0.050,1,0.600,1,7.2642,11.2450,3.9808,2.1465,0.4152,0.1689,0.0967,6.0000,10.0747,0.7884,2.5348,0.5864,87.8188,-24.5325,84.7987,-24.2623,84.7968,-24.3920,87.4627,-24.8060,95.0039,-25.7832,-3.0201,0.2702,-3.0220,0.1405,-0.3561,-0.2735,153,0.1600,153,0,1.0000,0.0000,0.0000,8.1148,3.0164,-0.5951,5.9378,0.8620,0.0000,1,0.0889,0.0538,15.9297,-0.0014,1.000,70.00,342.76
16.1003,UKF,smooth,0.500,10.00,0.050,1,0.600,1,7.2403,11.3706,4.1303,1.8769,0.4146,0.1705,0.0956,6.0000,10.2608,0.8915,1.5972,0.5876,87.9967,-24.5662,86.9126,-24.3972,86.7493,-24.4052,87.7109,-24.5055,95.1167,-24.9237,-1.0841,0.1690,-1.2474,0.1609,-0.2858,0.0607,154,0.0600,154,0,1.0000,0.0000,0.0000,8.2124,2.9967,-0.6072,5.9373,0.8652,0.0000,1,0.0889,0.0538,16.0389,-0.0014,1.000,70.00,342.76
16.1103,UKF,smooth,0.500,10.00,0.050,1,0.600,1,7.2155,11.3850,4.1694,1.9147,0.4146,0.1705,0.0950,6.0000,10.2608,0.8917,1.7445,0.5889,88.1736,-24.6023,86.9126,-24.3972,86.7493,-24.4052,87.8632,-24.5292,95.2195,-25.0104,-1.2610,0.2051,-1.4243,0.1970,-0.3104,0.0730,154,0.0700,154,0,1.0000,0.0000,0.0000,8.3092,2.9768,-0.6181,5.9368,0.8684,0.0000,1,0.0889,0.0538,16.0389,-0.0014,1.000,70.00,342.76
16.1203,UKF,smooth,0.500,10.00,0.050,1,0.600,1,7.1899,11.3976,4.2077,1.9533,0.4146,0.1705,0.0945,6.0000,10.2608,0.8918,1.9020,0.5903,88.3495,-24.6409,86.9126,-24.3972,86.7493,-24.4052,88.0125,-24.5561,95.3211,-25.1025,-1.4369,0.2437,-1.6002,0.2356,-0.3370,0.0847,154,0.0800,154,0,1.0000,0.0000,0.0000,8.4052,2.9567,-0.6279,5.9363,0.8717,0.0000,1,0.0889,0.0538,16.0389,-0.0014,1.000,70.00,342.76
16.1303,UKF,smooth,0.500,10.00,0.050,1,0.600,1,7.1635,11.4087,4.2452,1.9926,0.4146,0.1705,0.0939,6.0000,10.2608,0.8920,2.0691,0.5917,88.5245,-24.6821,86.9126,-24.3972,86.7493,-24.4052,88.1589,-24.5863,95.4213,-25.2003,-1.6119,0.2849,-1.7752,0.2769,-0.3656,0.0958,154,0.0900,154,0,1.0000,0.0000,0.0000,8.5003,2.9364,-0.6363,5.9358,0.8751,0.0000,1,0.1008,0.0519,16.0389,-0.0002,1.000,70.00,342.76
16.1403,UKF,smooth,0.500,10.00,0.050,1,0.600,1,7.1362,11.4181,4.2819,2.0326,0.4146,0.1705,0.0934,6.0000,10.2608,0.8922,2.2454,0.5932,88.6985,-24.7261,86.9126,-24.3972,86.7493,-24.4052,88.3024,-24.6199,95.5202,-25.3042,-1.7859,0.3289,-1.9492,0.3209,-0.3962,0.1062,154,0.1000,154,0,1.0000,0.0000,0.0000,8.5946,2.9159,-0.6433,5.9353,0.8786,0.0000,1,0.1008,0.0519,16.0389,-0.0002,1.000,70.00,342.76
16.1503,UKF,smooth,0.500,10.00,0.050,1,0.600,1,7.1081,11.4260,4.3179,2.0734,0.4146,0.1705,0.0928,6.0000,10.2608,0.8924,2.4304,0.5946,88.8717,-24.7730,86.9126,-24.3972,86.7493,-24.4052,88.4431,-24.6572,95.6177,-25.4149,-1.9591,0.3758,-2.1224,0.3678,-0.4286,0.1158,154,0.1100,154,0,1.0000,0.0000,0.0000,8.6880,2.8952,-0.6487,5.9348,0.8822,0.0000,1,0.1008,0.0519,16.0389,-0.0002,1.000,70.00,342.76
16.1603,UKF,smooth,0.500,10.00,0.050,1,0.600,1,7.0792,11.4324,4.3532,2.1148,0.4146,0.1705,0.0923,6.0000,10.2608,0.8927,2.6238,0.5962,89.0441,-24.8230,86.9126,-24.3972,86.7493,-24.4052,88.5810,-24.6984,95.7140,-25.5328,-2.1315,0.4258,-2.2948,0.4177,-0.4631,0.1246,154,0.1200,154,0,1.0000,0.0000,0.0000,8.7807,2.8743,-0.6525,5.9342,0.8859,0.0000,1,0.1008,0.0519,16.0389,-0.0002,1.000,70.00,342.76
16.1703,UKF,smooth,0.500,10.00,0.050,1,0.600,1,7.0495,11.4374,4.3879,2.1570,0.4146,0.1705,0.0918,6.0000,10.2608,0.8929,2.8254,0.5978,89.2157,-24.8761,86.9126,-24.3972,86.7493,-24.4052,88.7163,-24.7438,95.8089,-25.6586,-2.3031,0.4790,-2.4664,0.4709,-0.4995,0.1323,154,0.1300,154,0,1.0000,0.0000,0.0000,8.8725,2.8532,-0.6545,5.9337,0.8896,0.0000,1,0.1008,0.0519,16.0389,-0.0002,1.000,70.00,342.76
16.1803,UKF,smooth,0.500,10.00,0.050,1,0.600,1,7.0191,11.4410,4.4219,2.1998,0.4146,0.1705,0.0912,6.0000,10.2608,0.8932,3.0350,0.5994,89.3866,-24.9327,86.9126,-24.3972,86.7493,-24.4052,88.8488,-24.7938,95.9025,-25.7933,-2.4740,0.5355,-2.6373,0.5275,-0.5378,0.1389,154,0.1400,154,0,1.0000,0.0000,0.0000,8.9635,2.8320,-0.6544,5.9331,0.8934,0.0000,1,0.1008,0.0519,16.0389,-0.0002,1.000,70.00,342.76
16.1903,UKF,smooth,0.500,10.00,0.050,1,0.600,1,6.9879,11.3758,4.3880,1.9246,0.4142,0.1722,0.0902,6.0000,9.9893,0.3412,0.6777,0.6011,89.5568,-24.9929,88.5245,-24.6821,88.5873,-24.6825,89.5905,-24.8838,98.1375,-26.2335,-1.0323,0.3108,-0.9694,0.3104,0.0337,0.1091,155,0.0600,155,0,1.0000,0.0000,0.0000,9.0537,2.8106,-0.6520,5.9325,0.8973,0.0000,1,0.1008,0.0519,16.1300,-0.0002,1.000,70.00,342.76
16.2003,UKF,smooth,0.500,10.00,0.050,1,0.600,1,6.9559,11.3817,4.4258,1.9618,0.4142,0.1722,0.0897,6.0000,9.9893,0.3411,0.7684,0.6027,89.7262,-25.0570,88.5245,-24.6821,88.5873,-24.6825,89.7603,-24.9323,98.2741,-26.3761,-1.2018,0.3748,-1.1389,0.3745,0.0341,0.1247,155,0.0700,155,0,1.0000,0.0000,0.0000,9.1430,2.7890,-0.6470,5.9319,0.9013,0.0000,1,0.1008,0.0519,16.1300,-0.0002,1.000,70.00,342.76
16.2103,UKF,smooth,0.500,10.00,0.050,1,0.600,1,6.9233,11.3863,4.4630,1.9998,0.4142,0.1722,0.0892,6.0000,9.9893,0.3410,0.8526,0.6045,89.8951,-25.1251,88.5245,-24.6821,88.5873,-24.6825,89.9276,-24.9857,98.4099,-26.5300,-1.3706,0.4430,-1.3077,0.4426,0.0325,0.1394,155,0.0800,155,0,1.0000,0.0000,0.0000,9.2315,2.7672,-0.6391,5.9313,0.9054,0.0000,1,0.1008,0.0519,16.1300,-0.0002,1.000,70.00,342.76
16.2203,UKF,smooth,0.500,10.00,0.050,1,0.600,1,6.8900,11.3897,4.4997,2.0386,0.4142,0.1722,0.0887,6.0000,9.9893,0.3409,0.9296,0.6063,90.0633,-25.1977,88.5245,-24.6821,88.5873,-24.6825,90.0924,-25.0446,98.5450,-26.6966,-1.5388,0.5156,-1.4760,0.5152,0.0291,0.1532,155,0.0900,155,0,1.0000,0.0000,0.0000,9.3190,2.7453,-0.6276,5.9307,0.9095,0.0000,1,0.1008,0.0519,16.1300,-0.0002,1.000,70.00,342.76
16.2303,UKF,smooth,0.500,10.00,0.050,1,0.600,1,6.8560,11.3919,4.5359,2.0781,0.4142,0.1722,0.0882,6.0000,9.9893,0.3408,0.9981,0.6080,90.2310,-25.2752,88.5245,-24.6821,88.5873,-24.6825,90.2548,-25.1097,98.6792,-26.8781,-1.7065,0.5931,-1.6437,0.5927,0.0238,0.1655,155,0.1000,155,0,1.0000,0.0000,0.0000,9.4055,2.7232,-0.6121,5.9300,0.9137,0.0000,1,0.1008,0.0519,16.1300,-0.0002,1.000,70.00,342.76
16.2403,UKF,smooth,0.500,10.00,0.050,1,0.600,1,6.8213,11.3931,4.5717,2.1182,0.4142,0.1722,0.0876,6.0000,9.9893,0.3407,1.0560,0.6099,90.3982,-25.3578,88.5245,-24.6821,88.5873,-24.6825,90.4148,-25.1819,98.8124,-27.0771,-1.8737,0.6757,-1.8108,0.6753,0.0166,0.1759,155,0.1100,155,0,1.0000,0.0000,0.0000,9.4908,2.7010,-0.5917,5.9294,0.9180,0.0000,1,0.1122,0.0523,16.1300,0.0008,1.000,70.00,342.76
16.2503,UKF,smooth,0.500,10.00,0.050,1,0.600,1,6.7861,11.3935,4.6074,2.1591,0.4142,0.1722,0.0871,6.0000,9.9893,0.3406,1.0998,0.6117,90.5648,-25.4463,88.5245,-24.6821,88.5873,-24.6825,90.5724,-25.2625,98.9446,-27.2969,-2.0404,0.7641,-1.9775,0.7637,0.0076,0.1837,155,0.1200,155,0,1.0000,0.0000,0.0000,9.5747,2.6786,-0.5650,5.9287,0.9224,0.0000,1,0.1122,0.0523,16.1300,0.0008,1.000,70.00,342.76
16.2603,UKF,smooth,0.500,10.00,0.050,1,0.600,1,6.7504,11.3934,4.6430,2.2007,0.4142,0.1722,0.0866,6.0000,9.9893,0.3406,1.1245,0.6135,90.7311,-25.5411,88.5245,-24.6821,88.5873,-24.6825,90.7278,-25.3531,99.0752,-27.5426,-2.2066,0.8590,-2.1437,0.8586,-0.0033,0.1880,155,0.1300,155,0,1.0000,0.0000,0.0000,9.6565,2.6560,-0.5304,5.9280,0.9269,0.0000,1,0.1122,0.0523,16.1300,0.0008,1.000,70.00,342.76
16.2703,UKF,smooth,0.500,10.00,0.050,1,0.600,1,6.7142,11.3932,4.6790,2.2429,0.4142,0.1722,0.0861,6.0000,9.9893,0.3405,1.1224,0.6153,90.8969,-25.6432,88.5245,-24.6821,88.5873,-24.6825,90.8808,-25.4562,99.2038,-27.8208,-2.3724,0.9611,-2.3095,0.9607,-0.0160,0.1871,155,0.1400,155,0,1.0000,0.0000,0.0000,9.7354,2.6332,-0.4852,5.9273,0.9314,0.0000,1,0.1122,0.0523,16.1300,0.0008,1.000,70.00,342.76
16.2803,UKF,smooth,0.500,10.00,0.050,1,0.600,1,6.6776,11.3937,4.7161,2.2858,0.4142,0.1722,0.0856,6.0000,9.9893,0.3399,1.0815,0.6172,91.0623,-25.7537,88.5245,-24.6821,88.5873,-24.6825,91.0315,-25.5751,99.3288,-28.1417,-2.5378,1.0716,-2.4750,1.0712,-0.0308,0.1786,155,0.1500,155,0,1.0000,0.0000,0.0000,9.8093,2.6103,-0.4251,5.9265,0.9361,0.0000,1,0.1122,0.0523,16.1300,0.0008,1.000,70.00,342.76
16.2903,UKF,smooth,0.500,10.00,0.050,1,0.600,1,6.6409,11.3965,4.7555,2.3294,0.4142,0.1722,0.0850,6.0000,9.9893,0.3377,0.9852,0.6191,91.2277,-25.8741,88.5245,-24.6821,88.5873,-24.6825,91.1796,-25.7152,99.4469,-28.5196,-2.7032,1.1920,-2.6403,1.1916,-0.0480,0.1589,155,0.1600,155,0,1.0000,0.0000,0.0000,9.8734,2.5871,-0.3428,5.9258,0.9408,0.0000,1,0.1122,0.0523,16.1300,0.0008,1.000,70.00,342.76
16.3003,UKF,smooth,0.500,10.00,0.050,1,0.600,1,6.6044,10.7001,4.0957,1.9456,0.4129,0.1723,0.0831,6.0000,8.5148,1.7005,0.4128,0.6210,91.3925,-26.0064,90.3982,-25.3578,90.5044,-25.6240,91.3280,-26.0437,100.1470,-30.7037,-0.9944,0.6485,-0.8881,0.3823,-0.0646,-0.0373,156,0.0600,156,0,1.0000,0.0000,0.0000,9.9148,2.5635,-0.2264,5.9250,0.9456,0.0000,1,0.1122,0.0523,16.2411,0.0008,1.000,70.00,342.76
16.3103,UKF,smooth,0.500,10.00,0.050,1,0.600,1,6.5689,10.6984,4.1296,1.9821,0.4129,0.1723,0.0826,6.0000,8.5148,1.7011,0.4632,0.6227,91.5568,-26.1520,90.3982,-25.3578,90.5044,-25.6240,91.4821,-26.1909,100.2373,-31.2064,-1.1586,0.7942,-1.0523,0.5280,-0.0746,-0.0389,156,0.0700,156,0,1.0000,0.0000,0.0000,9.8988,2.5390,-0.0645,5.9242,0.9504,0.0000,1,0.1122,0.0523,16.2411,0.0008,1.000,70.00,342.76
16.3203,UKF,smooth,0.500,10.00,0.050,1,0.600,1,6.5352,10.7067,4.1715,2.0194,0.4129,0.1723,0.0820,6.0000,8.5148,1.7014,0.5069,0.6242,91.7198,-26.3085,90.3982,-25.3578,90.5044,-25.6240,91.6318,-26.3394,100.2500,-31.5927,-1.3216,0.9507,-1.2154,0.6845,-0.0880,-0.0309,156,0.0800,156,0,1.0000,0.0000,0.0000,9.7765,2.5133,0.1146,5.9235,0.9554,0.0000,1,0.1122,0.0523,16.2411,0.0008,1.000,70.00,342.76
16.3303,UKF,smooth,0.500,10.00,0.050,1,0.600,1,6.5042,10.7240,4.2198,2.0575,0.4129,0.1723,0.0815,6.0000,8.5148,1.7015,0.5619,0.6254,91.8812,-26.4696,90.3982,-25.3578,90.5044,-25.6240,91.7765,-26.4650,100.2011,-31.7441,-1.4831,1.1117,-1.3768,0.8455,-0.1048,0.0046,156,0.0900,156,0,1.0000,0.0000,0.0000,9.5716,2.4873,0.2555,5.9226,0.9604,0.0000,1,0.1122,0.0523,16.2411,0.0008,1.000,70.00,342.76
16.3403,UKF,smooth,0.500,10.00,0.050,1,0.600,1,6.4756,10.7465,4.2708,2.0963,0.4129,0.1723,0.0809,6.0000,8.5148,1.7015,0.7632,0.6264,92.0409,-26.6306,90.3982,-25.3578,90.5044,-25.6240,91.9174,-26.5668,100.1345,-31.7326,-1.6428,1.2727,-1.5365,1.0065,-0.1236,0.0638,156,0.1000,156,0,1.0000,0.0000,0.0000,9.3422,2.4626,0.3517,5.9218,0.9655,0.0000,1,0.1122,0.0523,16.2411,0.0008,1.000,70.00,342.76
16.3503,UKF,smooth,0.500,10.00,0.050,1,0.600,1,6.4496,10.7736,4.3240,2.1359,0.4129,0.1723,0.0804,6.0000,8.5148,1.7012,1.1367,0.6272,92.1987,-26.7888,90.3982,-25.3578,90.5044,-25.6240,92.0543,-26.6492,100.0580,-31.6269,-1.8005,1.4309,-1.6942,1.1647,-0.1444,0.1395,156,0.1100,156,0,1.0000,0.0000,0.0000,9.1029,2.4386,0.4201,5.9210,0.9707,0.0000,1,0.1122,0.0523,16.2411,0.0008,1.000,70.00,342.76
16.3603,UKF,smooth,0.500,10.00,0.050,1,0.600,1,6.4261,10.8052,4.3791,2.1762,0.4129,0.1723,0.0798,6.0000,8.5148,1.7008,1.6281,0.6277,92.3542,-26.9423,90.3982,-25.3578,90.5044,-25.6240,92.1870,-26.7147,99.9747,-31.4608,-1.9561,1.5844,-1.8498,1.3182,-0.1673,0.2276,156,0.1200,156,0,1.0000,0.0000,0.0000,8.8591,2.4151,0.4702,5.9201,0.9760,0.0000,1,0.0812,0.0564,16.2411,-0.0008,1.000,70.00,342.76
16.3703,UKF,smooth,0.500,10.00,0.050,1,0.600,1,6.4050,10.8411,4.4361,2.2173,0.4129,0.1723,0.0793,6.0000,8.5148,1.7003,2.2006,0.6281,92.5074,-27.0897,90.3982,-25.3578,90.5044,-25.6240,92.3153,-26.7642,99.8863,-31.2517,-2.1092,1.7319,-2.0030,1.4657,-0.1921,0.3255,156,0.1300,156,0,1.0000,0.0000,0.0000,8.6130,2.3920,0.5074,5.9192,0.9813,0.0000,1,0.0812,0.0564,16.2411,-0.0008,1.000,70.00,342.76
16.3803,UKF,smooth,0.500,10.00,0.050,1,0.600,1,6.3863,10.8813,4.4951,2.2590,0.4129,0.1723,0.0788,6.0000,8.5148,1.6996,2.8347,0.6284,92.6580,-27.2301,90.3982,-25.3578,90.5044,-25.6240,92.4392,-26.7982,99.7935,-31.0099,-2.2599,1.8723,-2.1536,1.6061,-0.2188,0.4319,156,0.1400,156,0,1.0000,0.0000,0.0000,8.3655,2.3693,0.5347,5.9183,0.9867,0.0000,1,0.0812,0.0564,16.2411,-0.0008,1.000,70.00,342.76
16.3903,UKF,smooth,0.500,10.00,0.050,1,0.600,1,6.3699,10.9258,4.5560,2.3015,0.4129,0.1723,0.0783,6.0000,8.5148,1.6989,3.5191,0.6285,92.8059,-27.3625,90.3982,-25.3578,90.5044,-25.6240,92.5586,-26.8170,99.6970,-30.7418,-2.4077,2.0047,-2.3014,1.7385,-0.2472,0.5455,156,0.1500,156,0,1.0000,0.0000,0.0000,8.1173,2.3469,0.5542,5.9174,0.9922,0.0000,1,0.0812,0.0564,16.2411,-0.0008,1.000,70.00,342.76
16.4003,UKF,smooth,0.500,10.00,0.050,1,0.600,1,6.3558,10.9745,4.6188,2.3447,0.4129,0.1723,0.0778,6.0000,8.5148,1.6981,4.2462,0.6286,92.9507,-27.4862,90.3982,-25.3578,90.5044,-25.6240,92.6734,-26.8208,99.5973,-30.4515,-2.5525,2.1284,-2.4462,1.8622,-0.2773,0.6655,156,0.1600,156,0,1.0000,0.0000,0.0000,7.8686,2.3248,0.5672,5.9164,0.9978,0.0000,1,0.0812,0.0564,16.2411,-0.0008,1.000,70.00,342.76
16.4103,UKF,smooth,0.500,10.00,0.050,1,0.600,1,6.3440,11.0274,4.6835,2.3886,0.4129,0.1723,0.0773,6.0000,8.5148,1.6976,5.0102,0.6282,93.0921,-27.6006,90.3982,-25.3578,90.5044,-25.6240,92.7834,-26.8095,99.4948,-30.1423,-2.6939,2.2428,-2.5876,1.9766,-0.3086,0.7912,156,0.1700,156,0,1.0000,0.0000,0.0000,7.6197,2.3031,0.5745,5.9155,1.0035,0.0000,1,0.0812,0.0564,16.2411,-0.0008,1.000,70.00,342.76
16.4203,UKF,smooth,0.500,10.00,0.050,1,0.600,1,6.3344,10.1352,3.8008,1.8741,0.4112,0.1721,0.0750,6.0000,7.0985,0.6823,2.5145,0.6277,93.2299,-27.7051,92.3542,-26.9423,92.3139,-27.0503,93.2235,-27.2848,100.9751,-30.8562,-0.8757,0.7628,-0.9160,0.6548,-0.0065,0.4203,157,0.0600,157,0,1.0000,0.0000,0.0000,7.3706,2.2816,0.5769,5.9145,1.0092,0.0000,1,0.0812,0.0564,16.3595,-0.0008,1.000,70.00,342.76
16.4303,UKF,smooth,0.500,10.00,0.050,1,0.600,1,6.3271,10.1557,3.8287,1.9089,0.4112,0.1721,0.0745,6.0000,7.0985,0.6816,2.8871,0.6271,93.3642,-27.7992,92.3542,-26.9423,92.3139,-27.0503,93.3617,-27.3166,100.8833,-30.5337,-1.0100,0.8569,-1.0503,0.7489,-0.0025,0.4826,157,0.0700,157,0,1.0000,0.0000,0.0000,7.1215,2.2604,0.5747,5.9135,1.0150,0.0000,1,0.0812,0.0564,16.3595,-0.0008,1.000,70.00,342.76
16.4403,UKF,smooth,0.500,10.00,0.050,1,0.600,1,6.3219,10.1805,3.8586,1.9445,0.4112,0.1721,0.0739,6.0000,7.0985,0.6809,3.2843,0.6264,93.4948,-27.8824,92.3542,-26.9423,92.3139,-27.0503,93.4951,-27.3334,100.7870,-30.1944,-1.1405,0.9401,-1.1808,0.8321,0.0003,0.5490,157,0.0800,157,0,1.0000,0.0000,0.0000,6.8725,2.2395,0.5684,5.9125,1.0209,0.0000,1,0.0812,0.0564,16.3595,-0.0008,1.000,70.00,342.76
16.4503,UKF,smooth,0.500,10.00,0.050,1,0.600,1,6.3189,10.2094,3.8905,1.9809,0.4112,0.1721,0.0734,6.0000,7.0985,0.6801,3.7054,0.6256,93.6214,-27.9543,92.3542,-26.9423,92.3139,-27.0503,93.6234,-27.3350,100.6868,-29.8398,-1.2671,1.0121,-1.3074,0.9040,0.0020,0.6194,157,0.0900,157,0,1.0000,0.0000,0.0000,6.6238,2.2190,0.5582,5.9115,1.0269,0.0000,1,0.0988,0.0517,16.3595,0.0011,1.000,70.00,342.76
16.4603,UKF,smooth,0.500,10.00,0.050,1,0.600,1,6.3180,10.2423,3.9243,2.0182,0.4112,0.1721,0.0729,6.0000,7.0985,0.6792,4.1472,0.6248,93.7439,-28.0147,92.3542,-26.9423,92.3139,-27.0503,93.7467,-27.3215,100.5852,-29.4743,-1.3897,1.0725,-1.4300,0.9644,0.0028,0.6932,157,0.1000,157,0,1.0000,0.0000,0.0000,6.3778,2.1988,0.5443,5.9104,1.0330,0.0000,1,0.0988,0.0517,16.3595,0.0011,1.000,70.00,342.76
16.4703,UKF,smooth,0.500,10.00,0.050,1,0.600,1,6.3192,10.2790,3.9598,2.0562,0.4112,0.1721,0.0725,6.0000,7.0985,0.6782,4.6088,0.6239,93.8623,-28.0634,92.3542,-26.9423,92.3139,-27.0503,93.8651,-27.2930,100.4825,-29.0987,-1.5081,1.1211,-1.5484,1.0131,0.0027,0.7703,157,0.1100,157,0,1.0000,0.0000,0.0000,6.1344,2.1792,0.5269,5.9093,1.0391,0.0000,1,0.0988,0.0517,16.3595,0.0011,1.000,70.00,342.76
16.4803,UKF,smooth,0.500,10.00,0.050,1,0.600,1,6.3224,10.3193,3.9970,2.0950,0.4112,0.1721,0.0720,6.0000,7.0985,0.6771,5.0892,0.6229,93.9765,-28.1001,92.3542,-26.9423,92.3139,-27.0503,93.9784,-27.2495,100.3790,-28.7137,-1.6222,1.1578,-1.6626,1.0498,0.0019,0.8506,157,0.1200,157,0,1.0000,0.0000,0.0000,5.8937,2.1600,0.5061,5.9082,1.0453,0.0000,1,0.0988,0.0517,16.3595,0.0011,1.000,70.00,342.76
16.4903,UKF,smooth,0.500,10.00,0.050,1,0.600,1,6.3275,10.3633,4.0358,2.1346,0.4112,0.1721,0.0715,6.0000,7.0985,0.6760,5.5877,0.6219,94.0863,-28.1247,92.3542,-26.9423,92.3139,-27.0503,94.0868,-27.1908,100.2750,-28.3198,-1.7320,1.1825,-1.7723,1.0744,0.0005,0.9339,157,0.1300,157,0,1.0000,0.0000,0.0000,5.6558,2.1412,0.4821,5.9071,1.0516,0.0000,1,0.0988,0.0517,16.3595,0.0011,1.000,70.00,342.76
16.5003,UKF,smooth,0.500,10.00,0.050,1,0.600,1,6.3346,10.4107,4.0761,2.1749,0.4112,0.1721,0.0711,6.0000,7.0985,0.6749,6.1035,0.6208,94.1917,-28.1371,92.3542,-26.9423,92.3139,-27.0503,94.1902,-27.1170,100.1707,-27.9172,-1.8374,1.1949,-1.8777,1.0868,-0.0014,1.0201,157,0.1400,157,0,1.0000,0.0000,0.0000,5.4207,2.1228,0.4547,5.9060,1.0579,0.0000,1,0.0988,0.0517,16.3595,0.0011,1.000,70.00,342.76
16.5103,UKF,smooth,0.500,10.00,0.050,1,0.600,1,6.3436,9.4980,3.1545,1.7196,0.4101,0.1726,0.0696,6.0000,5.4129,1.0931,1.0309,0.6197,94.2925,-28.1372,93.6214,-27.9543,93.6245,-27.7725,94.2558,-27.9680,100.3351,-29.8536,-0.6712,0.1829,-0.6681,0.3647,-0.0367,0.1693,158,0.0600,158,0,1.0000,0.0000,0.0000,5.1885,2.1048,0.4239,5.9048,1.0644,0.0000,1,0.0988,0.0517,16.4514,0.0011,1.000,70.00,342.76
16.5203,UKF,smooth,0.500,10.00,0.050,1,0.600,1,6.3544,9.5182,3.1638,1.7520,0.4101,0.1726,0.0692,6.0000,5.4129,1.0941,1.0360,0.6186,94.3889,-28.1249,93.6214,-27.9543,93.6245,-27.7725,94.3637,-27.9532,100.2335,-29.4301,-0.7676,0.1706,-0.7644,0.3524,-0.0252,0.1717,158,0.0700,158,0,1.0000,0.0000,0.0000,4.9591,2.0872,0.3897,5.9037,1.0709,0.0000,1,0.0988,0.0517,16.4514,0.0011,1.000,70.00,342.76
16.5303,UKF,smooth,0.500,10.00,0.050,1,0.600,1,6.3670,9.5417,3.1747,1.7853,0.4101,0.1726,0.0688,6.0000,5.4129,1.0952,1.0736,0.6174,94.4807,-28.1001,93.6214,-27.9543,93.6245,-27.7725,94.4667,-27.9210,100.1307,-28.9943,-0.8593,0.1458,-0.8562,0.3276,-0.0140,0.1790,158,0.0800,158,0,1.0000,0.0000,0.0000,4.7328,2.0700,0.3519,5.9025,1.0775,0.0000,1,0.0988,0.0517,16.4514,0.0011,1.000,70.00,342.76
16.5403,UKF,smooth,0.500,10.00,0.050,1,0.600,1,6.3814,9.5685,3.1871,1.8196,0.4101,0.1726,0.0684,6.0000,5.4129,1.0962,1.1445,0.6163,94.5679,-28.0627,93.6214,-27.9543,93.6245,-27.7725,94.5646,-27.8714,100.0272,-28.5462,-0.9465,0.1084,-0.9434,0.2902,-0.0033,0.1913,158,0.0900,158,0,1.0000,0.0000,0.0000,4.5096,2.0531,0.3102,5.9012,1.0842,0.0000,1,0.0988,0.0517,16.4514,0.0011,1.000,70.00,342.76
16.5503,UKF,smooth,0.500,10.00,0.050,1,0.600,1,6.3974,9.5984,3.2009,1.8547,0.4101,0.1726,0.0680,6.0000,5.4129,1.0973,1.2493,0.6151,94.6504,-28.0127,93.6214,-27.9543,93.6245,-27.7725,94.6576,-27.8040,99.9233,-28.0851,-1.0291,0.0584,-1.0260,0.2402,0.0072,0.2087,158,0.1000,158,0,1.0000,0.0000,0.0000,4.2897,2.0365,0.2643,5.9000,1.0909,0.0000,1,0.0895,0.0593,16.4514,0.0005,1.000,70.00,342.76
16.5603,UKF,smooth,0.500,10.00,0.050,1,0.600,1,6.4152,9.6311,3.2159,1.8907,0.4101,0.1726,0.0677,6.0000,5.4129,1.0984,1.3884,0.6139,94.7284,-27.9500,93.6214,-27.9543,93.6245,-27.7725,94.7457,-27.7184,99.8192,-27.6104,-1.1070,-0.0043,-1.1039,0.1775,0.0173,0.2316,158,0.1100,158,0,1.0000,0.0000,0.0000,4.0733,2.0203,0.2138,5.8987,1.0977,0.0000,1,0.0895,0.0593,16.4514,0.0005,1.000,70.00,342.76
16.5703,UKF,smooth,0.500,10.00,0.050,1,0.600,1,6.4345,9.6665,3.2320,1.9276,0.4101,0.1726,0.0673,6.0000,5.4129,1.0995,1.5632,0.6127,94.8018,-27.8745,93.6214,-27.9543,93.6245,-27.7725,94.8289,-27.6143,99.7155,-27.1210,-1.1804,-0.0798,-1.1773,0.1020,0.0272,0.2602,158,0.1200,158,0,1.0000,0.0000,0.0000,3.8608,2.0043,0.1582,5.8974,1.1046,0.0000,1,0.0895,0.0593,16.4514,0.0005,1.000,70.00,342.76
16.5803,UKF,smooth,0.500,10.00,0.050,1,0.600,1,6.4553,9.7044,3.2490,1.9653,0.4101,0.1726,0.0669,6.0000,5.4129,1.1006,1.7760,0.6115,94.8705,-27.7861,93.6214,-27.9543,93.6245,-27.7725,94.9074,-27.4910,99.6124,-26.6149,-1.2492,-0.1682,-1.2461,0.0136,0.0368,0.2951,158,0.1300,158,0,1.0000,0.0000,0.0000,3.6526,1.9887,0.0965,5.8961,1.1116,0.0000,1,0.0895,0.0593,16.4514,0.0005,1.000,70.00,342.76
16.5903,UKF,smooth,0.500,10.00,0.050,1,0.600,1,6.4777,9.7443,3.2666,2.0039,0.4101,0.1726,0.0666,6.0000,5.4129,1.1016,2.0303,0.6104,94.9348,-27.6846,93.6214,-27.9543,93.6245,-27.7725,94.9812,-27.3477,99.5105,-26.0899,-1.3134,-0.2697,-1.3103,-0.0879,0.0464,0.3369,158,0.1400,158,0,1.0000,0.0000,0.0000,3.4494,1.9732,0.0275,5.8948,1.1187,0.0000,1,0.0895,0.0593,16.4514,0.0005,1.000,70.00,342.76
16.6003,UKF,smooth,0.500,10.00,0.050,1,0.600,1,6.5014,9.7858,3.2844,2.0432,0.4101,0.1726,0.0663,6.0000,5.4129,1.1027,2.3317,0.6092,94.9946,-27.5698,93.6214,-27.9543,93.6245,-27.7725,95.0506,-27.1832,99.4105,-25.5421,-1.3732,-0.3845,-1.3701,-0.2027,0.0560,0.3866,158,0.1500,158,0,1.0000,0.0000,0.0000,3.2525,1.9579,-0.0502,5.8934,1.1258,0.0000,1,0.0895,0.0593,16.4514,0.0005,1.000,70.00,342.76
16.6103,UKF,smooth,0.500,10.00,0.050,1,0.600,1,6.5263,8.9005,2.3742,1.5985,0.4086,0.1730,0.0644,6.0000,4.0579,1.1957,1.1292,0.6081,95.0499,-27.4414,94.6504,-28.0127,94.6573,-27.8140,95.2350,-27.3485,99.8477,-24.3502,-0.3995,-0.5713,-0.3927,-0.3726,0.1851,0.0929,159,0.0600,159,0,1.0000,0.0000,0.0000,3.0640,1.9427,-0.1394,5.8921,1.1330,0.0000,1,0.0895,0.0593,16.5507,0.0005,1.000,70.00,342.76
16.6203,UKF,smooth,0.500,10.00,0.050,1,0.600,1,6.5523,8.9152,2.3629,1.6298,0.4086,0.1730,0.0641,6.0000,4.0579,1.1967,1.2684,0.6071,95.1010,-27.2989,94.6504,-28.0127,94.6573,-27.8140,95.3178,-27.2104,99.7609,-23.7156,-0.4506,-0.7138,-0.4438,-0.5151,0.2167,0.0885,159,0.0700,159,0,1.0000,0.0000,0.0000,2.8877,1.9275,-0.2436,5.8906,1.1403,0.0000,1,0.0895,0.0593,16.5507,0.0005,1.000,70.00,342.76
16.6303,UKF,smooth,0.500,10.00,0.050,1,0.600,1,6.5792,8.9299,2.3507,1.6621,0.4086,0.1730,0.0638,6.0000,4.0579,1.1976,1.4419,0.6061,95.1480,-27.1418,94.6504,-28.0127,94.6573,-27.8140,95.3964,-27.0459,99.6824,-23.0318,-0.4975,-0.8709,-0.4907,-0.6722,0.2484,0.0959,159,0.0800,159,0,1.0000,0.0000,0.0000,2.7317,1.9120,-0.3686,5.8892,1.1477,0.0000,1,0.0895,0.0593,16.5507,0.0005,1.000,70.00,342.76
16.6403,UKF,smooth,0.500,10.00,0.050,1,0.600,1,6.6064,8.9421,2.3357,1.6953,0.4086,0.1730,0.0636,6.0000,4.0579,1.1984,1.6484,0.6052,95.1911,-26.9697,94.6504,-28.0127,94.6573,-27.8140,95.4720,-26.8549,99.6218,-22.2981,-0.5407,-1.0430,-0.5338,-0.8443,0.2809,0.1148,159,0.0900,159,0,1.0000,0.0000,0.0000,2.6144,1.8956,-0.5207,5.8878,1.1551,0.0000,1,0.1080,0.0536,16.5507,0.0002,1.000,70.00,342.76
16.6503,UKF,smooth,0.500,10.00,0.050,1,0.600,1,6.6332,8.9474,2.3142,1.7294,0.4086,0.1730,0.0633,6.0000,4.0579,1.1990,1.8712,0.6045,95.2309,-26.7841,94.6504,-28.0127,94.6573,-27.8140,95.5469,-26.6494,99.5989,-21.5745,-0.5804,-1.2286,-0.5736,-1.0299,0.3161,0.1347,159,0.1000,159,0,1.0000,0.0000,0.0000,2.5731,1.8771,-0.6949,5.8863,1.1626,0.0000,1,0.1080,0.0536,16.5507,0.0002,1.000,70.00,342.76
16.6603,UKF,smooth,0.500,10.00,0.050,1,0.600,1,6.6589,8.9431,2.2842,1.7645,0.4086,0.1730,0.0630,6.0000,4.0579,1.1995,2.0400,0.6039,95.2680,-26.5909,94.6504,-28.0127,94.6573,-27.8140,95.6238,-26.4688,99.6289,-21.0445,-0.6175,-1.4218,-0.6107,-1.2231,0.3558,0.1222,159,0.1100,159,0,1.0000,0.0000,0.0000,2.6344,1.8556,-0.8455,5.8848,1.1702,0.0000,1,0.1080,0.0536,16.5507,0.0002,1.000,70.00,342.76
16.6703,UKF,smooth,0.500,10.00,0.050,1,0.600,1,6.6831,8.9330,2.2499,1.8006,0.4086,0.1730,0.0627,6.0000,4.0579,1.1999,2.1709,0.6034,95.3028,-26.3970,94.6504,-28.0127,94.6573,-27.8140,95.7021,-26.3359,99.6927,-20.7866,-0.6524,-1.6157,-0.6456,-1.4170,0.3992,0.0611,159,0.1200,159,0,1.0000,0.0000,0.0000,2.7577,1.8323,-0.9369,5.8833,1.1778,0.0000,1,0.1080,0.0536,16.5507,0.0002,1.000,70.00,342.76
16.6803,UKF,smooth,0.500,10.00,0.050,1,0.600,1,6.7058,8.9201,2.2143,1.8375,0.4086,0.1730,0.0625,6.0000,4.0579,1.2002,2.3955,0.6030,95.3356,-26.2068,94.6504,-28.0127,94.6573,-27.8140,95.7802,-26.2424,99.7696,-20.7211,-0.6851,-1.8059,-0.6783,-1.6072,0.4446,-0.0356,159,0.1300,159,0,1.0000,0.0000,0.0000,2.9020,1.8084,-0.9808,5.8817,1.1856,0.0000,1,0.1080,0.0536,16.5507,0.0002,1.000,70.00,342.76
16.6903,UKF,smooth,0.500,10.00,0.050,1,0.600,1,6.7272,8.9055,2.1783,1.8754,0.4086,0.1730,0.0622,6.0000,4.0579,1.2004,2.7992,0.6027,95.3664,-26.0225,94.6504,-28.0127,94.6573,-27.8140,95.8576,-26.1786,99.8517,-20.7779,-0.7159,-1.9902,-0.7091,-1.7915,0.4912,-0.1561,159,0.1400,159,0,1.0000,0.0000,0.0000,3.0514,1.7844,-0.9939,5.8801,1.1934,0.0000,1,0.1080,0.0536,16.5507,0.0002,1.000,70.00,342.76
16.7003,UKF,smooth,0.500,10.00,0.050,1,0.600,1,6.7473,8.3508,1.6035,1.4494,0.4076,0.1742,0.0610,6.0000,3.0291,1.3811,3.8302,0.6025,95.3952,-25.8457,95.1911,-26.9697,95.4127,-26.8520,95.8417,-26.3448,99.8070,-20.9693,-0.2041,-1.1240,0.0175,-1.0063,0.4465,-0.4991,160,0.0600,160,0,1.0000,0.0000,0.0000,3.2008,1.7606,-0.9870,5.8785,1.2013,0.0000,1,0.1080,0.0536,16.6405,0.0002,1.000,70.00,342.76
16.7103,UKF,smooth,0.500,10.00,0.050,1,0.600,1,6.7661,8.3318,1.5656,1.4797,0.4076,0.1742,0.0607,6.0000,3.0291,1.3817,4.5010,0.6022,95.4222,-25.6770,95.1911,-26.9697,95.4127,-26.8520,95.9153,-26.2850,99.8968,-21.1581,-0.2311,-1.2927,-0.0095,-1.1750,0.4931,-0.6079,160,0.0700,160,0,1.0000,0.0000,0.0000,3.3483,1.7370,-0.9663,5.8769,1.2092,0.0000,1,0.1080,0.0536,16.6405,0.0002,1.000,70.00,342.76
16.7203,UKF,smooth,0.500,10.00,0.050,1,0.600,1,6.7839,8.3108,1.5269,1.5110,0.4076,0.1742,0.0605,6.0000,3.0291,1.3823,5.2161,0.6020,95.4473,-25.5171,95.1911,-26.9697,95.4127,-26.8520,95.9878,-26.2407,99.9881,-21.3977,-0.2562,-1.4526,-0.0346,-1.3349,0.5405,-0.7237,160,0.0800,160,0,1.0000,0.0000,0.0000,3.4935,1.7135,-0.9358,5.8752,1.2172,0.0000,1,0.1080,0.0536,16.6405,0.0002,1.000,70.00,342.76
16.7303,UKF,smooth,0.500,10.00,0.050,1,0.600,1,6.8005,8.2880,1.4875,1.5434,0.4076,0.1742,0.0602,6.0000,3.0291,1.3829,5.9744,0.6018,95.4706,-25.3661,95.1911,-26.9697,95.4127,-26.8520,96.0594,-26.2124,100.0811,-21.6808,-0.2795,-1.6036,-0.0579,-1.4859,0.5888,-0.8463,160,0.0900,160,0,1.0000,0.0000,0.0000,3.6362,1.6903,-0.8979,5.8735,1.2253,0.0000,1,0.1080,0.0536,16.6405,0.0002,1.000,70.00,342.76
16.7403,UKF,smooth,0.500,10.00,0.050,1,0.600,1,6.8160,8.2634,1.4473,1.5768,0.4076,0.1742,0.0600,6.0000,3.0291,1.3835,6.7751,0.6016,95.4921,-25.2244,95.1911,-26.9697,95.4127,-26.8520,96.1301,-26.2001,100.1758,-22.0028,-0.3010,-1.7453,-0.0794,-1.6276,0.6380,-0.9757,160,0.1000,160,0,1.0000,0.0000,0.0000,3.7764,1.6673,-0.8544,5.8718,1.2335,0.0000,1,0.1080,0.0536,16.6405,0.0002,1.000,70.00,342.76
16.7503,UKF,smooth,0.500,10.00,0.050,1,0.600,1,6.8306,8.2371,1.4065,1.6113,0.4076,0.1742,0.0597,6.0000,3.0291,1.3840,7.6180,0.6014,95.5119,-25.0921,95.1911,-26.9697,95.4127,-26.8520,96.2000,-26.2040,100.2724,-22.3605,-0.3208,-1.8776,-0.0992,-1.7599,0.6881,-1.1119,160,0.1100,160,0,1.0000,0.0000,0.0000,3.9142,1.6446,-0.8067,5.8701,1.2417,0.0000,1,0.1003,0.0426,16.6405,0.0004,1.000,70.00,342.76
16.7603,UKF,smooth,0.500,10.00,0.050,1,0.600,1,6.8441,8.2091,1.3651,1.6467,0.4076,0.1742,0.0595,6.0000,3.0291,1.3845,8.5030,0.6012,95.5299,-24.9691,95.1911,-26.9697,95.4127,-26.8520,96.2692,-26.2241,100.3710,-22.7518,-0.3388,-2.0006,-0.1172,-1.8829,0.7393,-1.2550,160,0.1200,160,0,1.0000,0.0000,0.0000,4.0498,1.6221,-0.7556,5.8683,1.2501,0.0000,1,0.1003,0.0426,16.6405,0.0004,1.000,70.00,342.76
16.7703,UKF,smooth,0.500,10.00,0.050,1,0.600,1,6.8566,8.1796,1.3230,1.6831,0.4076,0.1742,0.0593,6.0000,3.0291,1.3850,9.4302,0.6010,95.5462,-24.8555,95.1911,-26.9697,95.4127,-26.8520,96.3377,-26.2605,100.4720,-23.1752,-0.3551,-2.1142,-0.1335,-1.9965,0.7915,-1.4050,160,0.1300,160,0,1.0000,0.0000,0.0000,4.1831,1.5998,-0.7019,5.8665,1.2585,0.0000,1,0.1003,0.0426,16.6405,0.0004,1.000,70.00,342.76
16.7803,UKF,smooth,0.500,10.00,0.050,1,0.600,1,6.8681,8.1485,1.2804,1.7205,0.4076,0.1742,0.0591,6.0000,3.0291,1.3855,10.3999,0.6008,95.5608,-24.7512,95.1911,-26.9697,95.4127,-26.8520,96.4056,-26.3132,100.5756,-23.6296,-0.3697,-2.2185,-0.1481,-2.1007,0.8448,-1.5619,160,0.1400,160,0,1.0000,0.0000,0.0000,4.3145,1.5777,-0.6462,5.8647,1.2669,0.0000,1,0.1003,0.0426,16.6405,0.0004,1.000,70.00,342.76
16.7903,UKF,smooth,0.500,10.00,0.050,1,0.600,1,6.8787,8.1159,1.2372,1.7588,0.4076,0.1742,0.0588,6.0000,3.0291,1.3860,11.4124,0.6006,95.5737,-24.6564,95.1911,-26.9697,95.4127,-26.8520,96.4729,-26.3822,100.6820,-24.1144,-0.3826,-2.3133,-0.1610,-2.1956,0.8992,-1.7259,160,0.1500,160,0,1.0000,0.0000,0.0000,4.4439,1.5559,-0.5889,5.8629,1.2755,0.0000,1,0.1003,0.0426,16.6405,0.0004,1.000,70.00,342.76
16.8003,UKF,smooth,0.500,10.00,0.050,1,0.600,1,6.8884,8.1486,1.2603,1.3071,0.4086,0.1746,0.0596,6.0000,4.0269,2.1428,3.1267,0.6004,95.5850,-24.5708,95.5119,-25.0921,95.9069,-25.1002,96.1596,-24.5815,98.7740,-17.5382,-0.0731,-0.5213,0.3219,-0.5294,0.5746,-0.0108,161,0.0500,161,0,1.0000,0.0000,0.0000,4.5715,1.5343,-0.5304,5.8610,1.2841,0.0000,1,0.1003,0.0426,16.7507,0.0004,1.000,70.00,342.76
16.8103,UKF,smooth,0.500,10.00,0.050,1,0.600,1,6.8971,8.1228,1.2257,1.3359,0.4086,0.1746,0.0594,6.0000,4.0269,2.1432,3.3204,0.6002,95.5946,-24.4944,95.5119,-25.0921,95.9069,-25.1002,96.2045,-24.5025,98.8222,-17.8053,-0.0827,-0.5976,0.3122,-0.6058,0.6099,-0.0081,161,0.0600,161,0,1.0000,0.0000,0.0000,4.6974,1.5129,-0.4710,5.8591,1.2927,0.0000,1,0.1003,0.0426,16.7507,0.0004,1.000,70.00,342.76
16.8203,UKF,smooth,0.500,10.00,0.050,1,0.600,1,6.9049,8.0953,1.1904,1.3658,0.4086,0.1746,0.0592,6.0000,4.0269,2.1436,3.5185,0.6000,95.6026,-24.4272,95.5119,-25.0921,95.9069,-25.1002,96.2485,-24.4380,98.8712,-18.0940,-0.0908,-0.6648,0.3042,-0.6730,0.6459,-0.0108,161,0.0700,161,0,1.0000,0.0000,0.0000,4.8216,1.4918,-0.4111,5.8571,1.3015,0.0000,1,0.1003,0.0426,16.7507,0.0004,1.000,70.00,342.76
16.8303,UKF,smooth,0.500,10.00,0.050,1,0.600,1,6.9119,8.0662,1.1543,1.3968,0.4086,0.1746,0.0590,6.0000,4.0269,2.1440,3.7214,0.5998,95.6090,-24.3690,95.5119,-25.0921,95.9069,-25.1002,96.2917,-24.3880,98.9211,-18.4041,-0.0971,-0.7230,0.2978,-0.7312,0.6826,-0.0190,161,0.0800,161,0,1.0000,0.0000,0.0000,4.9443,1.4710,-0.3508,5.8552,1.3103,0.0000,1,0.1003,0.0426,16.7507,0.0004,1.000,70.00,342.76
16.8403,UKF,smooth,0.500,10.00,0.050,1,0.600,1,6.9179,8.0354,1.1174,1.4290,0.4086,0.1746,0.0588,6.0000,4.0269,2.1444,3.9304,0.5995,95.6139,-24.3198,95.5119,-25.0921,95.9069,-25.1002,96.3340,-24.3525,98.9721,-18.7356,-0.1020,-0.7722,0.2930,-0.7804,0.7202,-0.0326,161,0.0900,161,0,1.0000,0.0000,0.0000,5.0655,1.4503,-0.2904,5.8532,1.3192,0.0000,1,0.1003,0.0426,16.7507,0.0004,1.000,70.00,342.76
16.8503,UKF,smooth,0.500,10.00,0.050,1,0.600,1,6.9231,8.0030,1.0799,1.4622,0.4086,0.1746,0.0586,6.0000,4.0269,2.1447,4.1474,0.5994,95.6171,-24.2795,95.5119,-25.0921,95.9069,-25.1002,96.3756,-24.3313,99.0244,-19.0886,-0.1052,-0.8125,0.2898,-0.8207,0.7586,-0.0518,161,0.1000,161,0,1.0000,0.0000,0.0000,5.1854,1.4299,-0.2300,5.8512,1.3282,0.0000,1,0.1003,0.0426,16.7507,0.0004,1.000,70.00,342.76
16.8603,UKF,smooth,0.500,10.00,0.050,1,0.600,1,6.9274,7.9690,1.0416,1.4966,0.4086,0.1746,0.0584,6.0000,4.0269,2.1451,4.3747,0.5991,95.6187,-24.2480,95.5119,-25.0921,95.9069,-25.1002,96.4166,-24.3245,99.0780,-19.4630,-0.1068,-0.8441,0.2881,-0.8522,0.7979,-0.0765,161,0.1100,161,0,1.0000,0.0000,0.0000,5.3039,1.4098,-0.1699,5.8491,1.3372,0.0000,1,0.0954,0.0513,16.7507,0.0013,1.000,70.00,342.76
16.8703,UKF,smooth,0.500,10.00,0.050,1,0.600,1,6.9309,7.9335,1.0026,1.5319,0.4086,0.1746,0.0582,6.0000,4.0269,2.1454,4.6147,0.5990,95.6188,-24.2251,95.5119,-25.0921,95.9069,-25.1002,96.4569,-24.3318,99.1333,-19.8589,-0.1069,-0.8669,0.2880,-0.8751,0.8381,-0.1067,161,0.1200,161,0,1.0000,0.0000,0.0000,5.4211,1.3898,-0.1102,5.8470,1.3463,0.0000,1,0.0954,0.0513,16.7507,0.0013,1.000,70.00,342.76
16.8803,UKF,smooth,0.500,10.00,0.050,1,0.600,1,6.9335,7.8963,0.9629,1.5683,0.4086,0.1746,0.0580,6.0000,4.0269,2.1457,4.8702,0.5987,95.6174,-24.2108,95.5119,-25.0921,95.9069,-25.1002,96.4967,-24.3533,99.1903,-20.2765,-0.1055,-0.8812,0.2895,-0.8894,0.8793,-0.1425,161,0.1300,161,0,1.0000,0.0000,0.0000,5.5372,1.3702,-0.0510,5.8449,1.3555,0.0000,1,0.0954,0.0513,16.7507,0.0013,1.000,70.00,342.76
16.8903,UKF,smooth,0.500,10.00,0.050,1,0.600,1,6.9352,7.8577,0.9225,1.6056,0.4086,0.1746,0.0578,6.0000,4.0269,2.1460,5.1438,0.5985,95.6144,-24.2050,95.5119,-25.0921,95.9069,-25.1002,96.5359,-24.3889,99.2493,-20.7159,-0.1025,-0.8870,0.2925,-0.8952,0.9215,-0.1838,161,0.1400,161,0,1.0000,0.0000,0.0000,5.6521,1.3508,0.0076,5.8427,1.3647,0.0000,1,0.0954,0.0513,16.7507,0.0013,1.000,70.00,342.76
16.9003,UKF,smooth,0.500,10.00,0.050,1,0.600,1,6.9361,7.8175,0.8814,1.6439,0.4086,0.1746,0.0576,6.0000,4.0269,2.1463,5.4384,0.5983,95.6098,-24.2076,95.5119,-25.0921,95.9069,-25.1002,96.5747,-24.4383,99.3106,-21.1773,-0.0979,-0.8845,0.2970,-0.8926,0.9649,-0.2307,161,0.1500,161,0,1.0000,0.0000,0.0000,5.7660,1.3316,0.0653,5.8405,1.3740,0.0000,1,0.0954,0.0513,16.7507,0.0013,1.000,70.00,342.76
16.9103,UKF,smooth,0.500,10.00,0.050,1,0.600,1,6.9362,7.7758,0.8396,1.6831,0.4086,0.1746,0.0574,6.0000,4.0269,2.1465,5.7564,0.5981,95.6038,-24.2184,95.5119,-25.0921,95.9069,-25.1002,96.6132,-24.5015,99.3743,-21.6609,-0.0919,-0.8736,0.3031,-0.8818,1.0095,-0.2831,161,0.1600,161,0,1.0000,0.0000,0.0000,5.8788,1.3127,0.1220,5.8383,1.3834,0.0000,1,0.0954,0.0513,16.7507,0.0013,1.000,70.00,342.76
16.9203,UKF,smooth,0.500,10.00,0.050,1,0.600,1,6.9354,8.1617,1.2263,1.2572,0.4082,0.1755,0.0568,6.0000,4.6626,1.9048,1.8358,0.5979,95.5961,-24.2374,95.6187,-24.2480,95.8346,-24.4984,95.8883,-24.3900,95.6635,-23.0690,0.0226,-0.0106,0.2385,-0.2610,0.2922,-0.1526,162,0.0600,162,0,1.0000,0.0000,0.0000,5.9907,1.2940,0.1777,5.8361,1.3929,0.0000,1,0.0954,0.0513,16.8616,0.0013,1.000,70.00,342.76
16.9303,UKF,smooth,0.500,10.00,0.050,1,0.600,1,6.9338,8.1348,1.2009,1.2871,0.4082,0.1755,0.0566,6.0000,4.6626,1.9048,1.8321,0.5977,95.5870,-24.2644,95.6187,-24.2480,95.8346,-24.4984,95.8807,-24.4134,95.6210,-23.4750,0.0317,0.0164,0.2476,-0.2340,0.2936,-0.1490,162,0.0700,162,0,1.0000,0.0000,0.0000,6.1017,1.2756,0.2322,5.8338,1.4024,0.0000,1,0.0954,0.0513,16.8616,0.0013,1.000,70.00,342.76
16.9403,UKF,smooth,0.500,10.00,0.050,1,0.600,1,6.9314,8.1063,1.1749,1.3182,0.4082,0.1755,0.0564,6.0000,4.6626,1.9048,1.8450,0.5975,95.5764,-24.2993,95.6187,-24.2480,95.8346,-24.4984,95.8720,-24.4497,95.5770,-23.8970,0.0424,0.0513,0.2583,-0.1990,0.2956,-0.1504,162,0.0800,162,0,1.0000,0.0000,0.0000,6.2118,1.2574,0.2854,5.8315,1.4120,0.0000,1,0.0954,0.0513,16.8616,0.0013,1.000,70.00,342.76
16.9503,UKF,smooth,0.500,10.00,0.050,1,0.600,1,6.9282,8.0763,1.1480,1.3503,0.4082,0.1755,0.0563,6.0000,4.6626,1.9048,1.8745,0.5973,95.5642,-24.3421,95.6187,-24.2480,95.8346,-24.4984,95.8623,-24.4986,95.5314,-24.3349,0.0545,0.0941,0.2704,-0.1563,0.2981,-0.1566,162,0.0900,162,0,1.0000,0.0000,0.0000,6.3211,1.2395,0.3371,5.8291,1.4216,0.0000,1,0.0954,0.0513,16.8616,0.0013,1.000,70.00,342.76
16.9603,UKF,smooth,0.500,10.00,0.050,1,0.600,1,6.9242,8.0446,1.1204,1.3835,0.4082,0.1755,0.0561,6.0000,4.6626,1.9048,1.9212,0.5971,95.5505,-24.3925,95.6187,-24.2480,95.8346,-24.4984,95.8516,-24.5599,95.4842,-24.7884,0.0682,0.1445,0.2841,-0.1058,0.3011,-0.1674,162,0.1000,162,0,1.0000,0.0000,0.0000,6.4297,1.2219,0.3872,5.8268,1.4314,0.0000,1,0.0917,0.0436,16.8616,-0.0018,1.000,70.00,342.76
16.9703,UKF,smooth,0.500,10.00,0.050,1,0.600,1,6.9193,8.0114,1.0921,1.4178,0.4082,0.1755,0.0559,6.0000,4.6626,1.9048,1.9861,0.5969,95.5353,-24.4505,95.6187,-24.2480,95.8346,-24.4984,95.8400,-24.6332,95.4354,-25.2573,0.0834,0.2025,0.2993,-0.0478,0.3047,-0.1827,162,0.1100,162,0,1.0000,0.0000,0.0000,6.5376,1.2045,0.4354,5.8244,1.4412,0.0000,1,0.0917,0.0436,16.8616,-0.0018,1.000,70.00,342.76
16.9803,UKF,smooth,0.500,10.00,0.050,1,0.600,1,6.9136,7.9766,1.0630,1.4531,0.4082,0.1755,0.0557,6.0000,4.6626,1.9047,2.0706,0.5966,95.5186,-24.5159,95.6187,-24.2480,95.8346,-24.4984,95.8275,-24.7183,95.3850,-25.7411,0.1002,0.2679,0.3161,0.0176,0.3089,-0.2024,162,0.1200,162,0,1.0000,0.0000,0.0000,6.6449,1.1874,0.4818,5.8219,1.4510,0.0000,1,0.0917,0.0436,16.8616,-0.0018,1.000,70.00,342.76
16.9903,UKF,smooth,0.500,10.00,0.050,1,0.600,1,6.9072,7.9402,1.0330,1.4893,0.4082,0.1755,0.0556,6.0000,4.6626,1.9047,2.1760,0.5965,95.5003,-24.5887,95.6187,-24.2480,95.8346,-24.4984,95.8140,-24.8147,95.3330,-26.2393,0.1184,0.3407,0.3343,0.0903,0.3137,-0.2260,162,0.1300,162,0,1.0000,0.0000,0.0000,6.7515,1.1705,0.5261,5.8194,1.4609,0.0000,1,0.0917,0.0436,16.8616,-0.0018,1.000,70.00,342.76
17.0003,UKF,smooth,0.500,10.00,0.050,1,0.600,1,6.8998,7.9022,1.0023,1.5265,0.4082,0.1755,0.0554,6.0000,4.6626,1.9046,2.3032,0.5963,95.4805,-24.6685,95.6187,-24.2480,95.8346,-24.4984,95.7997,-24.9221,95.2793,-26.7513,0.1382,0.4205,0.3541,0.1702,0.3192,-0.2535,162,0.1400,162,0,1.0000,0.0000,0.0000,6.8577,1.1539,0.5680,5.8169,1.4709,0.0000,1,0.0917,0.0436,16.8616,-0.0018,1.000,70.00,342.76
17.0103,UKF,smooth,0.500,10.00,0.050,1,0.600,1,6.8917,8.1223,1.2305,1.2237,0.4080,0.1754,0.0551,6.0000,5.3280,0.4327,2.0271,0.5961,95.4593,-24.7554,95.5505,-24.3925,95.5951,-24.3329,95.4850,-24.4173,93.6756,-25.1709,0.0912,0.3629,0.1359,0.4225,0.0257,0.3380,163,0.0500,163,0,1.0000,0.0000,0.0000,6.9633,1.1376,0.6074,5.8143,1.4810,0.0000,1,0.0917,0.0436,16.9584,-0.0018,1.000,70.00,342.76
17.0203,UKF,smooth,0.500,10.00,0.050,1,0.600,1,6.8828,8.0942,1.2114,1.2537,0.4080,0.1754,0.0549,6.0000,5.3280,0.4329,2.3030,0.5959,95.4364,-24.8491,95.5505,-24.3925,95.5951,-24.3329,95.4511,-24.4643,93.5849,-25.5529,0.1141,0.4565,0.1587,0.5161,0.0147,0.3847,163,0.0600,163,0,1.0000,0.0000,0.0000,7.0685,1.1216,0.6440,5.8118,1.4911,0.0000,1,0.0917,0.0436,16.9584,-0.0018,1.000,70.00,342.76
17.0303,UKF,smooth,0.500,10.00,0.050,1,0.600,1,6.8730,8.0645,1.1915,1.2848,0.4080,0.1754,0.0548,6.0000,5.3280,0.4331,2.5621,0.5957,95.4121,-24.9494,95.5505,-24.3925,95.5951,-24.3329,95.4162,-24.5211,93.4913,-25.9415,0.1384,0.5569,0.1831,0.6165,0.0042,0.4283,163,0.0700,163,0,1.0000,0.0000,0.0000,7.1732,1.1059,0.6776,5.8091,1.5013,0.0000,1,0.0917,0.0436,16.9584,-0.0018,1.000,70.00,342.76
17.0403,UKF,smooth,0.500,10.00,0.050,1,0.600,1,6.8624,8.0330,1.1707,1.3170,0.4080,0.1754,0.0546,6.0000,5.3280,0.4333,2.8064,0.5955,95.3861,-25.0561,95.5505,-24.3925,95.5951,-24.3329,95.3803,-24.5870,93.3948,-26.3351,0.1644,0.6636,0.2090,0.7232,-0.0059,0.4691,163,0.0800,163,0,1.0000,0.0000,0.0000,7.2776,1.0904,0.7077,5.8065,1.5116,0.0000,1,0.0917,0.0436,16.9584,-0.0018,1.000,70.00,342.76
17.0503,UKF,smooth,0.500,10.00,0.050,1,0.600,1,6.8509,7.9998,1.1489,1.3503,0.4080,0.1754,0.0544,6.0000,5.3280,0.4335,3.0386,0.5954,95.3587,-25.1690,95.5505,-24.3925,95.5951,-24.3329,95.3433,-24.6613,93.2953,-26.7317,0.1918,0.7765,0.2364,0.8361,-0.0154,0.5077,163,0.0900,163,0,1.0000,0.0000,0.0000,7.3816,1.0752,0.7340,5.8038,1.5219,0.0000,1,0.0917,0.0436,16.9584,-0.0018,1.000,70.00,342.76
17.0603,UKF,smooth,0.500,10.00,0.050,1,0.600,1,6.8386,7.9648,1.1262,1.3846,0.4080,0.1754,0.0543,6.0000,5.3280,0.4336,3.2625,0.5953,95.3297,-25.2879,95.5505,-24.3925,95.5951,-24.3329,95.3053,-24.7430,93.1926,-27.1288,0.2208,0.8954,0.2654,0.9550,-0.0244,0.5449,163,0.1000,163,0,1.0000,0.0000,0.0000,7.4854,1.0603,0.7561,5.8010,1.5323,0.0000,1,0.1198,0.0475,16.9584,0.0014,1.000,70.00,342.76
17.0703,UKF,smooth,0.500,10.00,0.050,1,0.600,1,6.8254,7.9278,1.1025,1.4199,0.4080,0.1754,0.0541,6.0000,5.3280,0.4337,3.4827,0.5951,95.2991,-25.4124,95.5505,-24.3925,95.5951,-24.3329,95.2663,-24.8310,93.0867,-27.5229,0.2514,1.0198,0.2960,1.0794,-0.0328,0.5814,163,0.1100,163,0,1.0000,0.0000,0.0000,7.5888,1.0457,0.7733,5.7983,1.5427,0.0000,1,0.1198,0.0475,16.9584,0.0014,1.000,70.00,342.76
17.0803,UKF,smooth,0.500,10.00,0.050,1,0.600,1,6.8113,7.8890,1.0777,1.4562,0.4080,0.1754,0.0540,6.0000,5.3280,0.4338,3.7059,0.5950,95.2669,-25.5421,95.5505,-24.3925,95.5951,-24.3329,95.2263,-24.9238,92.9772,-27.9096,0.2836,1.1496,0.3282,1.2092,-0.0406,0.6184,163,0.1200,163,0,1.0000,0.0000,0.0000,7.6918,1.0315,0.7849,5.7955,1.5532,0.0000,1,0.1198,0.0475,16.9584,0.0014,1.000,70.00,342.76
17.0903,UKF,smooth,0.500,10.00,0.050,1,0.600,1,6.7963,7.8480,1.0517,1.4934,0.4080,0.1754,0.0539,6.0000,5.3280,0.4339,3.9401,0.5949,95.2331,-25.6767,95.5505,-24.3925,95.5951,-24.3329,95.1853,-25.0195,92.8642,-28.2828,0.3174,1.2842,0.3620,1.3438,-0.0478,0.6572,163,0.1300,163,0,1.0000,0.0000,0.0000,7.7944,1.0175,0.7900,5.7926,1.5638,0.0000,1,0.1198,0.0475,16.9584,0.0014,1.000,70.00,342.76
17.1003,UKF,smooth,0.500,10.00,0.050,1,0.600,1,6.7804,7.8048,1.0244,1.5316,0.4080,0.1754,0.0537,6.0000,5.3280,0.4339,4.1967,0.5949,95.1978,-25.8156,95.5505,-24.3925,95.5951,-24.3329,95.1434,-25.1159,92.7474,-28.6344,0.3527,1.4231,0.3973,1.4827,-0.0544,0.6998,163,0.1400,163,0,1.0000,0.0000,0.0000,7.8963,1.0038,0.7874,5.7897,1.5745,0.0000,1,0.1198,0.0475,16.9584,0.0014,1.000,70.00,342.76
17.1103,UKF,smooth,0.500,10.00,0.050,1,0.600,1,6.7635,7.8149,1.0514,1.2168,0.4084,0.1753,0.0539,6.0000,4.9947,0.9858,1.2023,0.5949,95.1608,-25.9582,95.3297,-25.2879,95.1810,-25.3834,94.9670,-25.8582,91.7468,-32.9113,0.1689,0.6703,0.0203,0.5748,-0.1938,0.1000,164,0.0500,164,0,1.0000,0.0000,0.0000,7.9973,0.9905,0.7754,5.7868,1.5852,0.0000,1,0.1198,0.0475,17.0617,0.0014,1.000,70.00,342.76
17.1203,UKF,smooth,0.500,10.00,0.050,1,0.600,1,6.7457,7.7777,1.0321,1.2467,0.4084,0.1753,0.0538,6.0000,4.9947,0.9859,1.3231,0.5949,95.1221,-26.1036,95.3297,-25.2879,95.1810,-25.3834,94.9161,-25.9825,91.5985,-33.2638,0.2075,0.8157,0.0589,0.7202,-0.2060,0.1211,164,0.0600,164,0,1.0000,0.0000,0.0000,8.0966,0.9775,0.7519,5.7839,1.5960,0.0000,1,0.1198,0.0475,17.0617,0.0014,1.000,70.00,342.76
17.1303,UKF,smooth,0.500,10.00,0.050,1,0.600,1,6.7268,7.7383,1.0115,1.2776,0.4084,0.1753,0.0537,6.0000,4.9947,0.9860,1.4617,0.5950,95.0818,-26.2506,95.3297,-25.2879,95.1810,-25.3834,94.8640,-26.1039,91.4445,-33.5581,0.2478,0.9627,0.0992,0.8672,-0.2178,0.1466,164,0.0700,164,0,1.0000,0.0000,0.0000,8.1929,0.9648,0.7135,5.7809,1.6068,0.0000,1,0.1198,0.0475,17.0617,0.0014,1.000,70.00,342.76
17.1403,UKF,smooth,0.500,10.00,0.050,1,0.600,1,6.7068,7.6966,0.9898,1.3097,0.4084,0.1753,0.0535,6.0000,4.9947,0.9861,1.6400,0.5952,95.0398,-26.3976,95.3297,-25.2879,95.1810,-25.3834,94.8105,-26.2162,91.2844,-33.7588,0.2899,1.1097,0.1413,1.0142,-0.2292,0.1814,164,0.0800,164,0,1.0000,0.0000,0.0000,8.2837,0.9526,0.6557,5.7778,1.6177,0.0000,1,0.1198,0.0475,17.0617,0.0014,1.000,70.00,342.76
17.1503,UKF,smooth,0.500,10.00,0.050,1,0.600,1,6.6858,7.6526,0.9668,1.3427,0.4084,0.1753,0.0534,6.0000,4.9947,0.9864,1.9007,0.5955,94.9959,-26.5423,95.3297,-25.2879,95.1810,-25.3834,94.7552,-26.3089,91.1178,-33.8056,0.3338,1.2544,0.1852,1.1589,-0.2407,0.2334,164,0.0900,164,0,1.0000,0.0000,0.0000,8.3632,0.9409,0.5714,5.7747,1.6286,0.0000,1,0.1198,0.0475,17.0617,0.0014,1.000,70.00,342.76
17.1603,UKF,smooth,0.500,10.00,0.050,1,0.600,1,6.6637,7.6070,0.9433,1.3768,0.4084,0.1753,0.0533,6.0000,4.9947,0.9868,2.3251,0.5958,94.9499,-26.6810,95.3297,-25.2879,95.1810,-25.3834,94.6971,-26.3649,90.9444,-33.5962,0.3797,1.3931,0.2311,1.2976,-0.2528,0.3160,164,0.1000,164,0,1.0000,0.0000,0.0000,8.4186,0.9297,0.4514,5.7716,1.6397,0.0000,1,0.1198,0.0475,17.0617,0.0014,1.000,70.00,342.76
17.1703,UKF,smooth,0.500,10.00,0.050,1,0.600,1,6.6408,7.5623,0.9215,1.4118,0.4084,0.1753,0.0531,6.0000,4.9947,0.9872,3.0376,0.5964,94.9016,-26.8085,95.3297,-25.2879,95.1810,-25.3834,94.6342,-26.3606,90.7647,-32.9903,0.4281,1.5206,0.2794,1.4251,-0.2674,0.4479,164,0.1100,164,0,1.0000,0.0000,0.0000,8.4236,0.9194,0.2905,5.7685,1.6508,0.0000,1,0.1198,0.0475,17.0617,0.0014,1.000,70.00,342.76
17.1803,UKF,smooth,0.500,10.00,0.050,1,0.600,1,6.6178,7.5237,0.9058,1.4479,0.4084,0.1753,0.0530,6.0000,4.9947,0.9878,4.1037,0.5971,94.8502,-26.9200,95.3297,-25.2879,95.1810,-25.3834,94.5633,-26.2838,90.5808,-31.9479,0.4794,1.6321,0.3308,1.5366,-0.2870,0.6361,164,0.1200,164,0,1.0000,0.0000,0.0000,8.3460,0.9102,0.1077,5.7652,1.6619,0.0000,1,0.1145,0.0446,17.0617,-0.0017,1.000,70.00,342.76
17.1903,UKF,smooth,0.500,10.00,0.050,1,0.600,1,6.5955,7.4950,0.8995,1.4849,0.4084,0.1753,0.0529,6.0000,4.9947,0.9885,5.3889,0.5979,94.7952,-27.0134,95.3297,-25.2879,95.1810,-25.3834,94.4831,-26.1570,90.3970,-30.6821,0.5344,1.7255,0.3858,1.6300,-0.3121,0.8564,164,0.1300,164,0,1.0000,0.0000,0.0000,8.1890,0.9017,-0.0576,5.7620,1.6731,0.0000,1,0.1145,0.0446,17.0617,-0.0017,1.000,70.00,342.76
17.2003,UKF,smooth,0.500,10.00,0.050,1,0.600,1,6.5743,7.4756,0.9013,1.5228,0.4084,0.1753,0.0528,6.0000,4.9947,0.9891,6.7321,0.5988,94.7363,-27.0893,95.3297,-25.2879,95.1810,-25.3834,94.3952,-26.0063,90.2167,-29.4108,0.5934,1.8014,0.4448,1.7059,-0.3411,1.0830,164,0.1400,164,0,1.0000,0.0000,0.0000,7.9847,0.8935,-0.1890,5.7587,1.6844,0.0000,1,0.1145,0.0446,17.0617,-0.0017,1.000,70.00,342.76
17.2103,UKF,smooth,0.500,10.00,0.050,1,0.600,1,6.5546,7.4638,0.9092,1.5616,0.4084,0.1753,0.0527,6.0000,4.9947,0.9898,8.0669,0.5997,94.6731,-27.1489,95.3297,-25.2879,95.1810,-25.3834,94.3008,-25.8425,90.0414,-28.2145,0.6566,1.8610,0.5079,1.7655,-0.3723,1.3064,164,0.1500,164,0,1.0000,0.0000,0.0000,7.7572,0.8854,-0.2902,5.7554,1.6957,0.0000,1,0.1145,0.0446,17.0617,-0.0017,1.000,70.00,342.76
17.2203,UKF,smooth,0.500,10.00,0.050,1,0.600,1,6.5367,7.4584,0.9217,1.6012,0.4084,0.1753,0.0526,6.0000,4.9947,0.9905,9.3719,0.6006,94.6057,-27.1935,95.3297,-25.2879,95.1810,-25.3834,94.2011,-25.6698,89.8718,-27.1124,0.7239,1.9056,0.5753,1.8101,-0.4046,1.5237,164,0.1600,164,0,1.0000,0.0000,0.0000,7.5197,0.8773,-0.3677,5.7520,1.7071,0.0000,1,0.1145,0.0446,17.0617,-0.0017,1.000,70.00,342.76
17.2303,UKF,smooth,0.500,10.00,0.050,1,0.600,1,6.5206,7.4839,0.9633,1.1793,0.4077,0.1748,0.0519,6.0000,4.6754,1.8153,2.0400,0.6016,94.5341,-27.2241,94.8502,-26.9200,94.9808,-27.1996,94.7965,-27.4730,92.6405,-32.6822,0.3161,0.3041,0.4467,0.0245,0.2623,-0.2490,165,0.0500,165,0,1.0000,0.0000,0.0000,7.2771,0.8689,-0.4273,5.7486,1.7185,0.0000,1,0.1145,0.0446,17.1786,-0.0017,1.000,70.00,342.76
17.2403,UKF,smooth,0.500,10.00,0.050,1,0.600,1,6.5064,7.4692,0.9627,1.2086,0.4077,0.1748,0.0518,6.0000,4.6754,1.8160,2.1233,0.6024,94.4582,-27.2415,94.8502,-26.9200,94.9808,-27.1996,94.7472,-27.4867,92.4662,-31.9265,0.3920,0.3215,0.5226,0.0419,0.2889,-0.2452,165,0.0600,165,0,1.0000,0.0000,0.0000,7.0314,0.8604,-0.4731,5.7452,1.7300,0.0000,1,0.1145,0.0446,17.1786,-0.0017,1.000,70.00,342.76
17.2503,UKF,smooth,0.500,10.00,0.050,1,0.600,1,6.4942,7.4587,0.9645,1.2390,0.4077,0.1748,0.0518,6.0000,4.6754,1.8168,2.1863,0.6033,94.3782,-27.2465,94.8502,-26.9200,94.9808,-27.1996,94.6925,-27.4824,92.2938,-31.2088,0.4720,0.3265,0.6026,0.0469,0.3144,-0.2359,165,0.0700,165,0,1.0000,0.0000,0.0000,6.7854,0.8517,-0.5074,5.7417,1.7416,0.0000,1,0.1145,0.0446,17.1786,-0.0017,1.000,70.00,342.76
17.2603,UKF,smooth,0.500,10.00,0.050,1,0.600,1,6.4841,7.4527,0.9686,1.2705,0.4077,0.1748,0.0517,6.0000,4.6754,1.8175,2.2358,0.6041,94.2940,-27.2399,94.8502,-26.9200,94.9808,-27.1996,94.6327,-27.4615,92.1236,-30.5275,0.5563,0.3199,0.6869,0.0403,0.3388,-0.2217,165,0.0800,165,0,1.0000,0.0000,0.0000,6.5400,0.8428,-0.5321,5.7381,1.7532,0.0000,1,0.1145,0.0446,17.1786,-0.0017,1.000,70.00,342.76
17.2703,UKF,smooth,0.500,10.00,0.050,1,0.600,1,6.4760,7.4510,0.9750,1.3030,0.4077,0.1748,0.0516,6.0000,4.6754,1.8181,2.2774,0.6049,94.2057,-27.2222,94.8502,-26.9200,94.9808,-27.1996,94.5678,-27.4257,91.9561,-29.8813,0.6446,0.3022,0.7752,0.0226,0.3621,-0.2035,165,0.0900,165,0,1.0000,0.0000,0.0000,6.2959,0.8336,-0.5483,5.7346,1.7649,0.0000,1,0.1145,0.0446,17.1786,-0.0017,1.000,70.00,342.76
17.2803,UKF,smooth,0.500,10.00,0.050,1,0.600,1,6.4700,7.4536,0.9837,1.3365,0.4077,0.1748,0.0516,6.0000,4.6754,1.8187,2.3165,0.6055,94.1134,-27.1941,94.8502,-26.9200,94.9808,-27.1996,94.4979,-27.3762,91.7914,-29.2694,0.7368,0.2741,0.8674,-0.0055,0.3845,-0.1821,165,0.1000,165,0,1.0000,0.0000,0.0000,6.0535,0.8242,-0.5572,5.7309,1.7766,0.0000,1,0.1145,0.0446,17.1786,-0.0017,1.000,70.00,342.76
17.2903,UKF,smooth,0.500,10.00,0.050,1,0.600,1,6.4660,7.4606,0.9946,1.3710,0.4077,0.1748,0.0516,6.0000,4.6754,1.8193,2.3581,0.6062,94.0172,-27.1562,94.8502,-26.9200,94.9808,-27.1996,94.4233,-27.3144,91.6296,-28.6913,0.8331,0.2363,0.9636,-0.0434,0.4061,-0.1582,165,0.1100,165,0,1.0000,0.0000,0.0000,5.8132,0.8147,-0.5593,5.7273,1.7884,0.0000,1,0.1145,0.0446,17.1786,-0.0017,1.000,70.00,342.76
17.3003,UKF,smooth,0.500,10.00,0.050,1,0.600,1,6.4642,7.4720,1.0078,1.4065,0.4077,0.1748,0.0515,6.0000,4.6754,1.8197,2.4059,0.6067,93.9172,-27.1092,94.8502,-26.9200,94.9808,-27.1996,94.3440,-27.2418,91.4708,-28.1470,0.9331,0.1892,1.0636,-0.0904,0.4268,-0.1326,165,0.1200,165,0,1.0000,0.0000,0.0000,5.5750,0.8049,-0.5551,5.7235,1.8003,0.0000,1,0.0813,0.0550,17.1786,0.0014,1.000,70.00,342.76
17.3103,UKF,smooth,0.500,10.00,0.050,1,0.600,1,6.4645,7.4877,1.0233,1.4428,0.4077,0.1748,0.0515,6.0000,4.6754,1.8202,2.4626,0.6071,93.8135,-27.0535,94.8502,-26.9200,94.9808,-27.1996,94.2602,-27.1599,91.3150,-27.6366,1.0368,0.1335,1.1673,-0.1461,0.4467,-0.1064,165,0.1300,165,0,1.0000,0.0000,0.0000,5.3394,0.7948,-0.5450,5.7198,1.8122,0.0000,1,0.0813,0.0550,17.1786,0.0014,1.000,70.00,342.76
17.3203,UKF,smooth,0.500,10.00,0.050,1,0.600,1,6.4669,7.5078,1.0409,1.4801,0.4077,0.1748,0.0515,6.0000,4.6754,1.8206,2.5296,0.6075,93.7062,-26.9899,94.8502,-26.9200,94.9808,-27.1996,94.1723,-27.0703,91.1623,-27.1607,1.1440,0.0699,1.2746,-0.2097,0.4660,-0.0804,165,0.1400,165,0,1.0000,0.0000,0.0000,5.1063,0.7846,-0.5291,5.7160,1.8242,0.0000,1,0.0813,0.0550,17.1786,0.0014,1.000,70.00,342.76
17.3303,UKF,smooth,0.500,10.00,0.050,1,0.600,1,6.4714,7.5322,1.0608,1.5183,0.4077,0.1748,0.0514,6.0000,4.6754,1.8209,2.6067,0.6078,93.5955,-26.9189,94.8502,-26.9200,94.9808,-27.1996,94.0803,-26.9746,91.0127,-26.7201,1.2547,-0.0010,1.3853,-0.2807,0.4848,-0.0557,165,0.1500,165,0,1.0000,0.0000,0.0000,4.8760,0.7741,-0.5073,5.7121,1.8362,0.0000,1,0.0813,0.0550,17.1786,0.0014,1.000,70.00,342.76
17.3403,UKF,smooth,0.500,10.00,0.050,1,0.600,1,6.4780,7.5609,1.0828,1.5573,0.4077,0.1748,0.0514,6.0000,4.6754,1.8211,2.6925,0.6079,93.4815,-26.8413,94.8502,-26.9200,94.9808,-27.1996,93.9846,-26.8749,90.8661,-26.3165,1.3688,-0.0787,1.4994,-0.3583,0.5031,-0.0336,165,0.1600,165,0,1.0000,0.0000,0.0000,4.6487,0.7634,-0.4797,5.7082,1.8483,0.0000,1,0.0813,0.0550,17.1786,0.0014,1.000,70.00,342.76
17.3503,UKF,smooth,0.500,10.00,0.050,1,0.600,1,6.4868,7.5939,1.1070,1.5971,0.4077,0.1748,0.0514,6.0000,4.6754,1.8212,2.7845,0.6080,93.3643,-26.7577,94.8502,-26.9200,94.9808,-27.1996,93.8853,-26.7732,90.7225,-25.9517,1.4860,-0.1623,1.6166,-0.4419,0.5210,-0.0155,165,0.1700,165,0,1.0000,0.0000,0.0000,4.4246,0.7524,-0.4459,5.7043,1.8604,0.0000,1,0.0813,0.0550,17.1786,0.0014,1.000,70.00,342.76
17.3603,UKF,smooth,0.500,10.00,0.050,1,0.600,1,6.4977,7.4532,0.9554,1.1829,0.4073,0.1758,0.0510,6.0000,4.6402,2.4394,4.4842,0.6079,93.2440,-26.6689,93.9172,-27.1092,94.2819,-27.3560,93.8460,-27.1921,90.2606,-26.2932,0.6731,-0.4403,1.0379,-0.6871,0.6020,-0.5232,166,0.0600,166,0,1.0000,0.0000,0.0000,4.2040,0.7413,-0.4054,5.7003,1.8726,0.0000,1,0.0813,0.0550,17.3017,0.0014,1.000,70.00,342.76
17.3703,UKF,smooth,0.500,10.00,0.050,1,0.600,1,6.5108,7.4678,0.9570,1.2128,0.4073,0.1758,0.0510,6.0000,4.6402,2.4395,4.8174,0.6077,93.1210,-26.5758,93.9172,-27.1092,94.2819,-27.3560,93.7586,-27.1457,90.1321,-26.0473,0.7962,-0.5334,1.1610,-0.7802,0.6376,-0.5700,166,0.0700,166,0,1.0000,0.0000,0.0000,3.9875,0.7300,-0.3575,5.6963,1.8848,0.0000,1,0.0813,0.0550,17.3017,0.0014,1.000,70.00,342.76
17.3803,UKF,smooth,0.500,10.00,0.050,1,0.600,1,6.5260,7.4867,0.9607,1.2437,0.4073,0.1758,0.0510,6.0000,4.6402,2.4395,5.1514,0.6074,92.9951,-26.4792,93.9172,-27.1092,94.2819,-27.3560,93.6673,-27.0968,90.0055,-25.8437,0.9220,-0.6300,1.2868,-0.8768,0.6721,-0.6176,166,0.0800,166,0,1.0000,0.0000,0.0000,3.7756,0.7185,-0.3010,5.6922,1.8971,0.0000,1,0.0813,0.0550,17.3017,0.0014,1.000,70.00,342.76
17.3903,UKF,smooth,0.500,10.00,0.050,1,0.600,1,6.5433,7.5099,0.9666,1.2757,0.4073,0.1758,0.0510,6.0000,4.6402,2.4395,5.4981,0.6069,92.8668,-26.3804,93.9172,-27.1092,94.2819,-27.3560,93.5725,-27.0492,89.8810,-25.6915,1.0504,-0.7287,1.4151,-0.9755,0.7057,-0.6688,166,0.0900,166,0,1.0000,0.0000,0.0000,3.5696,0.7069,-0.2341,5.6880,1.9095,0.0000,1,0.1072,0.0526,17.3017,0.0003,1.000,70.00,342.76
17.4003,UKF,smooth,0.500,10.00,0.050,1,0.600,1,6.5628,7.5372,0.9744,1.3086,0.4073,0.1758,0.0510,6.0000,4.6402,2.4394,5.8757,0.6062,92.7361,-26.2809,93.9172,-27.1092,94.2819,-27.3560,93.4746,-27.0082,89.7588,-25.6056,1.1811,-0.8283,1.5458,-1.0751,0.7385,-0.7272,166,0.1000,166,0,1.0000,0.0000,0.0000,3.3715,0.6952,-0.1542,5.6839,1.9219,0.0000,1,0.1072,0.0526,17.3017,0.0003,1.000,70.00,342.76
17.4103,UKF,smooth,0.500,10.00,0.050,1,0.600,1,6.5844,7.5685,0.9841,1.3426,0.4073,0.1758,0.0510,6.0000,4.6402,2.4392,6.3151,0.6054,92.6033,-26.1825,93.9172,-27.1092,94.2819,-27.3560,93.3743,-26.9818,89.6392,-25.6101,1.3139,-0.9266,1.6786,-1.1734,0.7710,-0.7992,166,0.1100,166,0,1.0000,0.0000,0.0000,3.1855,0.6836,-0.0569,5.6796,1.9343,0.0000,1,0.1072,0.0526,17.3017,0.0003,1.000,70.00,342.76
17.4203,UKF,smooth,0.500,10.00,0.050,1,0.600,1,6.6079,7.6031,0.9951,1.3775,0.4073,0.1758,0.0510,6.0000,4.6402,2.4390,6.8725,0.6044,92.4686,-26.0880,93.9172,-27.1092,94.2819,-27.3560,93.2727,-26.9835,89.5232,-25.7471,1.4486,-1.0212,1.8133,-1.2680,0.8041,-0.8955,166,0.1200,166,0,1.0000,0.0000,0.0000,3.0203,0.6724,0.0645,5.6754,1.9468,0.0000,1,0.1072,0.0526,17.3017,0.0003,1.000,70.00,342.76
17.4303,UKF,smooth,0.500,10.00,0.050,1,0.600,1,6.6333,7.6388,1.0055,1.4134,0.4073,0.1758,0.0510,6.0000,4.6402,2.4386,7.6507,0.6032,92.3324,-26.0015,93.9172,-27.1092,94.2819,-27.3560,93.1724,-27.0360,89.4131,-26.0870,1.5847,-1.1077,1.9495,-1.3545,0.8400,-1.0345,166,0.1300,166,0,1.0000,0.0000,0.0000,2.8969,0.6625,0.2178,5.6710,1.9594,0.0000,1,0.1072,0.0526,17.3017,0.0003,1.000,70.00,342.76
17.4403,UKF,smooth,0.500,10.00,0.050,1,0.600,1,6.6598,7.6693,1.0095,1.4502,0.4073,0.1758,0.0511,6.0000,4.6402,2.4381,8.7677,0.6018,92.1955,-25.9280,93.9172,-27.1092,94.2819,-27.3560,93.0789,-27.1620,89.3137,-26.6839,1.7217,-1.1812,2.0864,-1.4280,0.8834,-1.2340,166,0.1400,166,0,1.0000,0.0000,0.0000,2.8580,0.6555,0.3954,5.6667,1.9720,0.0000,1,0.1072,0.0526,17.3017,0.0003,1.000,70.00,342.76
17.4503,UKF,smooth,0.500,10.00,0.050,1,0.600,1,6.6863,7.3153,0.6290,1.1551,0.4064,0.1766,0.0502,6.0000,4.6190,2.0444,4.2375,0.6002,92.0586,-25.8691,92.8668,-26.3804,92.7915,-26.7166,91.9636,-26.5723,84.8553,-25.0957,0.8082,-0.5113,0.7330,-0.8475,-0.0950,-0.7032,167,0.0600,167,0,1.0000,0.0000,0.0000,2.9228,0.6525,0.5453,5.6622,1.9847,0.0000,1,0.1072,0.0526,17.3906,0.0003,1.000,70.00,342.76
17.4603,UKF,smooth,0.500,10.00,0.050,1,0.600,1,6.7122,7.3197,0.6075,1.1846,0.4064,0.1766,0.0502,6.0000,4.6190,2.0428,4.8072,0.5987,91.9220,-25.8226,92.8668,-26.3804,92.7915,-26.7166,91.8126,-26.6201,84.6710,-25.6376,0.9448,-0.5579,0.8695,-0.8941,-0.1095,-0.7975,167,0.0700,167,0,1.0000,0.0000,0.0000,3.0429,0.6521,0.6402,5.6578,1.9974,0.0000,1,0.1072,0.0526,17.3906,0.0003,1.000,70.00,342.76
17.4703,UKF,smooth,0.500,10.00,0.050,1,0.600,1,6.7371,7.3201,0.5830,1.2152,0.4064,0.1766,0.0502,6.0000,4.6190,2.0412,5.3422,0.5971,91.7859,-25.7857,92.8668,-26.3804,92.7915,-26.7166,91.6633,-26.6719,84.4786,-26.0819,1.0809,-0.5947,1.0056,-0.9309,-0.1227,-0.8862,167,0.0800,167,0,1.0000,0.0000,0.0000,3.1818,0.6528,0.6942,5.6532,2.0102,0.0000,1,0.1072,0.0526,17.3906,0.0003,1.000,70.00,342.76
17.4803,UKF,smooth,0.500,10.00,0.050,1,0.600,1,6.7608,7.3170,0.5562,1.2469,0.4064,0.1766,0.0502,6.0000,4.6190,2.0396,5.8454,0.5956,91.6502,-25.7566,92.8668,-26.3804,92.7915,-26.7166,91.5153,-26.7262,84.2807,-26.4559,1.2166,-0.6238,1.1413,-0.9600,-0.1349,-0.9695,167,0.0900,167,0,1.0000,0.0000,0.0000,3.3265,0.6542,0.7220,5.6487,2.0230,0.0000,1,0.1072,0.0526,17.3906,0.0003,1.000,70.00,342.76
17.4903,UKF,smooth,0.500,10.00,0.050,1,0.600,1,6.7831,7.3107,0.5276,1.2796,0.4064,0.1766,0.0502,6.0000,4.6190,2.0381,6.3233,0.5941,91.5149,-25.7339,92.8668,-26.3804,92.7915,-26.7166,91.3684,-26.7827,84.0779,-26.7812,1.3519,-0.6465,1.2766,-0.9827,-0.1466,-1.0487,167,0.1000,167,0,1.0000,0.0000,0.0000,3.4721,0.6561,0.7325,5.6441,2.0358,0.0000,1,0.1072,0.0526,17.3906,0.0003,1.000,70.00,342.76
17.5003,UKF,smooth,0.500,10.00,0.050,1,0.600,1,6.8042,7.3015,0.4973,1.3132,0.4064,0.1766,0.0502,6.0000,4.6190,2.0367,6.7813,0.5926,91.3799,-25.7167,92.8668,-26.3804,92.7915,-26.7166,91.2223,-26.8413,83.8705,-27.0716,1.4870,-0.6638,1.4117,-1.0000,-0.1576,-1.1246,167,0.1100,167,0,1.0000,0.0000,0.0000,3.6171,0.6584,0.7307,5.6394,2.0488,0.0000,1,0.1046,0.0576,17.3906,0.0013,1.000,70.00,342.76
17.5103,UKF,smooth,0.500,10.00,0.050,1,0.600,1,6.8239,7.2893,0.4654,1.3478,0.4064,0.1766,0.0502,6.0000,4.6190,2.0353,7.2232,0.5913,91.2450,-25.7040,92.8668,-26.3804,92.7915,-26.7166,91.0769,-26.9018,83.6584,-27.3365,1.6218,-0.6765,1.5465,-1.0127,-0.1682,-1.1979,167,0.1200,167,0,1.0000,0.0000,0.0000,3.7607,0.6611,0.7199,5.6347,2.0617,0.0000,1,0.1046,0.0576,17.3906,0.0013,1.000,70.00,342.76
17.5203,UKF,smooth,0.500,10.00,0.050,1,0.600,1,6.8423,7.2744,0.4321,1.3834,0.4064,0.1766,0.0502,6.0000,4.6190,2.0340,7.6517,0.5900,91.1104,-25.6952,92.8668,-26.3804,92.7915,-26.7166,90.9321,-26.9641,83.4414,-27.5817,1.7565,-0.6852,1.6812,-1.0214,-0.1783,-1.2689,167,0.1300,167,0,1.0000,0.0000,0.0000,3.9025,0.6641,0.7024,5.6299,2.0747,0.0000,1,0.1046,0.0576,17.3906,0.0013,1.000,70.00,342.76
17.5303,UKF,smooth,0.500,10.00,0.050,1,0.600,1,6.8592,7.2567,0.3974,1.4198,0.4064,0.1766,0.0502,6.0000,4.6190,2.0328,8.0688,0.5888,90.9757,-25.6899,92.8668,-26.3804,92.7915,-26.7166,90.7878,-27.0280,83.2194,-27.8118,1.8911,-0.6905,1.8158,-1.0267,-0.1879,-1.3380,167,0.1400,167,0,1.0000,0.0000,0.0000,4.0425,0.6674,0.6794,5.6250,2.0878,0.0000,1,0.1046,0.0576,17.3906,0.0013,1.000,70.00,342.76
17.5403,UKF,smooth,0.500,10.00,0.050,1,0.600,1,6.8748,7.2363,0.3615,1.4572,0.4064,0.1766,0.0502,6.0000,4.6190,2.0316,8.4762,0.5876,90.8411,-25.6877,92.8668,-26.3804,92.7915,-26.7166,90.6440,-27.0933,82.9922,-28.0298,2.0257,-0.6928,1.9504,-1.0290,-0.1971,-1.4056,167,0.1500,167,0,1.0000,0.0000,0.0000,4.1806,0.6711,0.6521,5.6202,2.1009,0.0000,1,0.1046,0.0576,17.3906,0.0013,1.000,70.00,342.76
17.5503,UKF,smooth,0.500,10.00,0.050,1,0.600,1,6.8891,7.2132,0.3242,1.4954,0.4064,0.1766,0.0502,6.0000,4.6190,2.0306,8.8750,0.5866,90.7064,-25.6881,92.8668,-26.3804,92.7915,-26.7166,90.5005,-27.1599,82.7594,-28.2381,2.1604,-0.6924,2.0851,-1.0285,-0.2060,-1.4718,167,0.1600,167,0,1.0000,0.0000,0.0000,4.3168,0.6751,0.6212,5.6152,2.1141,0.0000,1,0.1046,0.0576,17.3906,0.0013,1.000,70.00,342.76
17.5603,UKF,smooth,0.500,10.00,0.050,1,0.600,1,6.9019,7.4031,0.5012,1.1396,0.4074,0.1764,0.0513,6.0000,5.1930,1.4813,1.7477,0.5856,90.5716,-25.6909,91.3799,-25.7167,91.5463,-25.9147,90.8924,-25.7337,85.2770,-23.2430,0.8083,-0.0258,0.9747,-0.2239,0.3208,-0.0428,168,0.0600,168,0,1.0000,0.0000,0.0000,4.4512,0.6794,0.5874,5.6102,2.1273,0.0000,1,0.1046,0.0576,17.5016,0.0013,1.000,70.00,342.76
17.5703,UKF,smooth,0.500,10.00,0.050,1,0.600,1,6.9134,7.3927,0.4793,1.1691,0.4074,0.1764,0.0513,6.0000,5.1930,1.4808,1.8626,0.5847,90.4366,-25.6958,91.3799,-25.7167,91.5463,-25.9147,90.7821,-25.6993,85.1351,-23.2751,0.9433,-0.0209,1.1098,-0.2190,0.3455,-0.0036,168,0.0700,168,0,1.0000,0.0000,0.0000,4.5837,0.6840,0.5512,5.6052,2.1405,0.0000,1,0.1046,0.0576,17.5016,0.0013,1.000,70.00,342.76
17.5803,UKF,smooth,0.500,10.00,0.050,1,0.600,1,6.9235,7.3798,0.4562,1.1997,0.4074,0.1764,0.0513,6.0000,5.1930,1.4803,2.0144,0.5840,90.3013,-25.7026,91.3799,-25.7167,91.5463,-25.9147,90.6729,-25.6670,84.9913,-23.2987,1.0786,-0.0141,1.2450,-0.2122,0.3716,0.0356,168,0.0800,168,0,1.0000,0.0000,0.0000,4.7145,0.6890,0.5128,5.6001,2.1538,0.0000,1,0.1046,0.0576,17.5016,0.0013,1.000,70.00,342.76
17.5903,UKF,smooth,0.500,10.00,0.050,1,0.600,1,6.9323,7.3642,0.4319,1.2313,0.4074,0.1764,0.0513,6.0000,5.1930,1.4798,2.1968,0.5833,90.1657,-25.7110,91.3799,-25.7167,91.5463,-25.9147,90.5646,-25.6362,84.8456,-23.3146,1.2141,-0.0056,1.3806,-0.2037,0.3989,0.0748,168,0.0900,168,0,1.0000,0.0000,0.0000,4.8435,0.6943,0.4727,5.5950,2.1671,0.0000,1,0.1046,0.0576,17.5016,0.0013,1.000,70.00,342.76
17.6003,UKF,smooth,0.500,10.00,0.050,1,0.600,1,6.9397,7.3461,0.4064,1.2640,0.4074,0.1764,0.0512,6.0000,5.1930,1.4795,2.4049,0.5826,90.0297,-25.7210,91.3799,-25.7167,91.5463,-25.9147,90.4573,-25.6067,84.6979,-23.3229,1.3501,0.0043,1.5166,-0.1937,0.4276,0.1143,168,0.1000,168,0,1.0000,0.0000,0.0000,4.9707,0.6999,0.4311,5.5897,2.1805,0.0000,1,0.1046,0.0576,17.5016,0.0013,1.000,70.00,342.76
17.6103,UKF,smooth,0.500,10.00,0.050,1,0.600,1,6.9458,7.3254,0.3796,1.2976,0.4074,0.1764,0.0512,6.0000,5.1930,1.4791,2.6348,0.5821,89.8933,-25.7323,91.3799,-25.7167,91.5463,-25.9147,90.3510,-25.5781,84.5481,-23.3241,1.4865,0.0157,1.6530,-0.1824,0.4577,0.1543,168,0.1100,168,0,1.0000,0.0000,0.0000,5.0964,0.7059,0.3881,5.5845,2.1940,0.0000,1,0.1123,0.0551,17.5016,0.0016,1.000,70.00,342.76
17.6203,UKF,smooth,0.500,10.00,0.050,1,0.600,1,6.9506,7.3023,0.3517,1.3322,0.4074,0.1764,0.0512,6.0000,5.1930,1.4788,2.8839,0.5816,89.7564,-25.7449,91.3799,-25.7167,91.5463,-25.9147,90.2456,-25.5500,84.3961,-23.3184,1.6234,0.0282,1.7899,-0.1698,0.4891,0.1949,168,0.1200,168,0,1.0000,0.0000,0.0000,5.2204,0.7121,0.3441,5.5792,2.2074,0.0000,1,0.1123,0.0551,17.5016,0.0016,1.000,70.00,342.76
17.6303,UKF,smooth,0.500,10.00,0.050,1,0.600,1,6.9540,7.2767,0.3226,1.3678,0.4074,0.1764,0.0512,6.0000,5.1930,1.4786,3.1502,0.5813,89.6190,-25.7585,91.3799,-25.7167,91.5463,-25.9147,90.1410,-25.5223,84.2419,-23.3059,1.7609,0.0419,1.9274,-0.1562,0.5220,0.2362,168,0.1300,168,0,1.0000,0.0000,0.0000,5.3427,0.7187,0.2991,5.5738,2.2209,0.0000,1,0.1123,0.0551,17.5016,0.0016,1.000,70.00,342.76
17.6403,UKF,smooth,0.500,10.00,0.050,1,0.600,1,6.9562,7.2486,0.2924,1.4042,0.4074,0.1764,0.0512,6.0000,5.1930,1.4784,3.4324,0.5810,89.4809,-25.7731,91.3799,-25.7167,91.5463,-25.9147,90.0373,-25.4947,84.0853,-23.2868,1.8990,0.0565,2.0654,-0.1416,0.5564,0.2785,168,0.1400,168,0,1.0000,0.0000,0.0000,5.4636,0.7257,0.2532,5.5684,2.2345,0.0000,1,0.1123,0.0551,17.5016,0.0016,1.000,70.00,342.76
17.6503,UKF,smooth,0.500,10.00,0.050,1,0.600,1,6.9571,7.2182,0.2611,1.4416,0.4074,0.1764,0.0512,6.0000,5.1930,1.4783,3.7297,0.5808,89.3422,-25.7886,91.3799,-25.7167,91.5463,-25.9147,89.9345,-25.4669,83.9263,-23.2611,2.0377,0.0720,2.2041,-0.1261,0.5923,0.3217,168,0.1500,168,0,1.0000,0.0000,0.0000,5.5829,0.7329,0.2067,5.5629,2.2481,0.0000,1,0.1123,0.0551,17.5016,0.0016,1.000,70.00,342.76
17.6603,UKF,smooth,0.500,10.00,0.050,1,0.600,1,6.9567,7.1854,0.2287,1.4798,0.4074,0.1764,0.0512,6.0000,5.1930,1.4782,4.0419,0.5807,89.2028,-25.8049,91.3799,-25.7167,91.5463,-25.9147,89.8325,-25.4388,83.7649,-23.2289,2.1771,0.0883,2.3436,-0.1098,0.6297,0.3661,168,0.1600,168,0,1.0000,0.0000,0.0000,5.7007,0.7405,0.1596,5.5574,2.2617,0.0000,1,0.1123,0.0551,17.5016,0.0016,1.000,70.00,342.76
17.6703,UKF,smooth,0.500,10.00,0.050,1,0.600,1,6.9550,7.6150,0.6600,1.1383,0.4074,0.1781,0.0513,6.0000,5.9472,1.0625,0.3728,0.5807,89.0626,-25.8219,89.8933,-25.7323,89.8175,-25.8965,89.0024,-25.8529,81.3496,-25.1699,0.8308,0.0896,0.7549,-0.0746,-0.0601,-0.0309,169,0.0600,169,0,1.0000,0.0000,0.0000,5.8170,0.7484,0.1120,5.5518,2.2754,0.0000,1,0.1123,0.0551,17.6119,0.0016,1.000,70.00,342.76
17.6803,UKF,smooth,0.500,10.00,0.050,1,0.600,1,6.9520,7.6012,0.6492,1.1679,0.4074,0.1781,0.0513,6.0000,5.9472,1.0625,0.3531,0.5808,88.9216,-25.8396,89.8933,-25.7323,89.8175,-25.8965,88.8565,-25.8470,81.1471,-25.1756,0.9718,0.1072,0.8959,-0.0570,-0.0651,-0.0074,169,0.0700,169,0,1.0000,0.0000,0.0000,5.9320,0.7566,0.0641,5.5461,2.2892,0.0000,1,0.1123,0.0551,17.6119,0.0016,1.000,70.00,342.76
17.6903,UKF,smooth,0.500,10.00,0.050,1,0.600,1,6.9478,7.5851,0.6373,1.1985,0.4074,0.1781,0.0513,6.0000,5.9472,1.0627,0.3812,0.5809,88.7797,-25.8578,89.8933,-25.7323,89.8175,-25.8965,88.7112,-25.8415,80.9415,-25.1782,1.1137,0.1255,1.0378,-0.0387,-0.0685,0.0163,169,0.0800,169,0,1.0000,0.0000,0.0000,6.0455,0.7652,0.0158,5.5404,2.3029,0.0000,1,0.1123,0.0551,17.6119,0.0016,1.000,70.00,342.76
17.7003,UKF,smooth,0.500,10.00,0.050,1,0.600,1,6.9424,7.5666,0.6242,1.2302,0.4074,0.1781,0.0513,6.0000,5.9472,1.0629,0.4487,0.5812,88.6369,-25.8766,89.8933,-25.7323,89.8175,-25.8965,88.5666,-25.8363,80.7326,-25.1778,1.2565,0.1442,1.1806,-0.0200,-0.0703,0.0403,169,0.0900,169,0,1.0000,0.0000,0.0000,6.1576,0.7741,-0.0327,5.5347,2.3167,0.0000,1,0.1123,0.0551,17.6119,0.0016,1.000,70.00,342.76
17.7103,UKF,smooth,0.500,10.00,0.050,1,0.600,1,6.9358,7.5459,0.6101,1.2628,0.4074,0.1781,0.0513,6.0000,5.9472,1.0633,0.5423,0.5815,88.4931,-25.8958,89.8933,-25.7323,89.8175,-25.8965,88.4225,-25.8311,80.5205,-25.1744,1.4002,0.1635,1.3244,-0.0007,-0.0706,0.0647,169,0.1000,169,0,1.0000,0.0000,0.0000,6.2684,0.7833,-0.0813,5.5289,2.3306,0.0000,1,0.1123,0.0551,17.6119,0.0016,1.000,70.00,342.76
17.7203,UKF,smooth,0.500,10.00,0.050,1,0.600,1,6.9279,7.5229,0.5950,1.2965,0.4074,0.1781,0.0513,6.0000,5.9472,1.0637,0.6526,0.5819,88.3483,-25.9155,89.8933,-25.7323,89.8175,-25.8965,88.2790,-25.8260,80.3048,-25.1681,1.5450,0.1832,1.4692,0.0190,-0.0693,0.0895,169,0.1100,169,0,1.0000,0.0000,0.0000,6.3779,0.7929,-0.1300,5.5230,2.3445,0.0000,1,0.1123,0.0551,17.6119,0.0016,1.000,70.00,342.76
17.7303,UKF,smooth,0.500,10.00,0.050,1,0.600,1,6.9188,7.4976,0.5788,1.3310,0.4074,0.1781,0.0513,6.0000,5.9472,1.0642,0.7743,0.5824,88.2024,-25.9356,89.8933,-25.7323,89.8175,-25.8965,88.1361,-25.8207,80.0856,-25.1592,1.6909,0.2032,1.6151,0.0390,-0.0663,0.1148,169,0.1200,169,0,1.0000,0.0000,0.0000,6.4861,0.8028,-0.1787,5.5171,2.3584,0.0000,1,0.1074,0.0417,17.6119,0.0004,1.000,70.00,342.76
17.7403,UKF,smooth,0.500,10.00,0.050,1,0.600,1,6.9086,7.4702,0.5616,1.3665,0.4074,0.1781,0.0513,6.0000,5.9472,1.0648,0.9047,0.5830,88.0554,-25.9560,89.8933,-25.7323,89.8175,-25.8965,87.9936,-25.8154,79.8627,-25.1477,1.8379,0.2237,1.7621,0.0595,-0.0618,0.1406,169,0.1300,169,0,1.0000,0.0000,0.0000,6.5931,0.8130,-0.2274,5.5111,2.3724,0.0000,1,0.1074,0.0417,17.6119,0.0004,1.000,70.00,342.76
17.7503,UKF,smooth,0.500,10.00,0.050,1,0.600,1,6.8971,7.4406,0.5435,1.4029,0.4074,0.1781,0.0513,6.0000,5.9472,1.0655,1.0427,0.5836,87.9073,-25.9769,89.8933,-25.7323,89.8175,-25.8965,87.8517,-25.8099,79.6359,-25.1340,1.9861,0.2445,1.9102,0.0803,-0.0556,0.1670,169,0.1400,169,0,1.0000,0.0000,0.0000,6.6988,0.8236,-0.2759,5.5050,2.3864,0.0000,1,0.1074,0.0417,17.6119,0.0004,1.000,70.00,342.76
17.7603,UKF,smooth,0.500,10.00,0.050,1,0.600,1,6.8845,7.4089,0.5243,1.4402,0.4074,0.1781,0.0513,6.0000,5.9472,1.0663,1.1873,0.5844,87.7579,-25.9980,89.8933,-25.7323,89.8175,-25.8965,87.7102,-25.8042,79.4051,-25.1183,2.1355,0.2657,2.0596,0.1015,-0.0477,0.1938,169,0.1500,169,0,1.0000,0.0000,0.0000,6.8034,0.8345,-0.3242,5.4989,2.4004,0.0000,1,0.1074,0.0417,17.6119,0.0004,1.000,70.00,342.76
17.7703,UKF,smooth,0.500,10.00,0.050,1,0.600,1,6.8708,7.3751,0.5043,1.4783,0.4074,0.1781,0.0513,6.0000,5.9472,1.0671,1.3379,0.5852,87.6072,-26.0195,89.8933,-25.7323,89.8175,-25.8965,87.5692,-25.7985,79.1701,-25.1009,2.2862,0.2872,2.2103,0.1229,-0.0380,0.2210,169,0.1600,169,0,1.0000,0.0000,0.0000,6.9068,0.8458,-0.3722,5.4927,2.4145,0.0000,1,0.1074,0.0417,17.6119,0.0004,1.000,70.00,342.76
17.7803,UKF,smooth,0.500,10.00,0.050,1,0.600,1,6.8559,7.8337,0.9778,1.1436,0.4063,0.1796,0.0502,6.0000,6.8510,0.9429,1.5672,0.5861,87.4551,-26.0413,88.2024,-25.9356,88.3154,-25.8143,87.6466,-25.8438,80.8367,-25.5030,0.7473,0.1057,0.8602,0.2270,0.1914,0.1975,170,0.0500,170,0,1.0000,0.0000,0.0000,7.0091,0.8574,-0.4197,5.4865,2.4286,0.0000,1,0.1074,0.0417,17.7307,0.0004,1.000,70.00,342.76
17.7903,UKF,smooth,0.500,10.00,0.050,1,0.600,1,6.8399,7.8208,0.9809,1.1730,0.4063,0.1796,0.0502,6.0000,6.8510,0.9419,1.7693,0.5871,87.3017,-26.0635,88.2024,-25.9356,88.3154,-25.8143,87.5186,-25.8411,80.6748,-25.4984,0.9007,0.1279,1.0136,0.2491,0.2169,0.2223,170,0.0600,170,0,1.0000,0.0000,0.0000,7.1103,0.8694,-0.4668,5.4802,2.4427,0.0000,1,0.1074,0.0417,17.7307,0.0004,1.000,70.00,342.76
17.8003,UKF,smooth,0.500,10.00,0.050,1,0.600,1,6.8227,7.8057,0.9829,1.2035,0.4063,0.1796,0.0502,6.0000,6.8510,0.9409,1.9808,0.5882,87.1469,-26.0860,88.2024,-25.9356,88.3154,-25.8143,87.3917,-25.8387,80.5118,-25.4947,1.0556,0.1504,1.1685,0.2717,0.2448,0.2473,170,0.0700,170,0,1.0000,0.0000,0.0000,7.2105,0.8818,-0.5131,5.4739,2.4569,0.0000,1,0.1074,0.0417,17.7307,0.0004,1.000,70.00,342.76
17.8103,UKF,smooth,0.500,10.00,0.050,1,0.600,1,6.8045,7.7885,0.9840,1.2350,0.4063,0.1796,0.0502,6.0000,6.8510,0.9398,2.2014,0.5894,86.9905,-26.1089,88.2024,-25.9356,88.3154,-25.8143,87.2658,-25.8366,80.3476,-25.4927,1.2119,0.1734,1.3248,0.2946,0.2753,0.2723,170,0.0800,170,0,1.0000,0.0000,0.0000,7.3098,0.8946,-0.5587,5.4675,2.4711,0.0000,1,0.1074,0.0417,17.7307,0.0004,1.000,70.00,342.76
17.8203,UKF,smooth,0.500,10.00,0.050,1,0.600,1,6.7851,7.7692,0.9841,1.2674,0.4063,0.1796,0.0502,6.0000,6.8510,0.9386,2.4310,0.5907,86.8326,-26.1324,88.2024,-25.9356,88.3154,-25.8143,87.1409,-25.8352,80.1822,-25.4936,1.3698,0.1968,1.4827,0.3180,0.3083,0.2972,170,0.0900,170,0,1.0000,0.0000,0.0000,7.4082,0.9077,-0.6032,5.4610,2.4854,0.0000,1,0.1074,0.0417,17.7307,0.0004,1.000,70.00,342.76
17.8303,UKF,smooth,0.500,10.00,0.050,1,0.600,1,6.7647,7.7480,0.9833,1.3009,0.4063,0.1796,0.0502,6.0000,6.8510,0.9374,2.6689,0.5920,86.6731,-26.1563,88.2024,-25.9356,88.3154,-25.8143,87.0172,-25.8348,80.0156,-25.4994,1.5293,0.2208,1.6423,0.3420,0.3440,0.3216,170,0.1000,170,0,1.0000,0.0000,0.0000,7.5058,0.9213,-0.6462,5.4545,2.4997,0.0000,1,0.1074,0.0417,17.7307,0.0004,1.000,70.00,342.76
17.8403,UKF,smooth,0.500,10.00,0.050,1,0.600,1,6.7432,7.7248,0.9815,1.3352,0.4063,0.1796,0.0502,6.0000,6.8510,0.9360,2.9135,0.5934,86.5120,-26.1810,88.2024,-25.9356,88.3154,-25.8143,86.8944,-25.8360,79.8478,-25.5128,1.6905,0.2455,1.8034,0.3667,0.3825,0.3450,170,0.1100,170,0,1.0000,0.0000,0.0000,7.6027,0.9352,-0.6874,5.4479,2.5140,0.0000,1,0.0992,0.0458,17.7307,0.0002,1.000,70.00,342.76
17.8503,UKF,smooth,0.500,10.00,0.050,1,0.600,1,6.7207,7.6997,0.9790,1.3705,0.4063,0.1796,0.0503,6.0000,6.8510,0.9346,3.1624,0.5949,86.3491,-26.2067,88.2024,-25.9356,88.3154,-25.8143,86.7729,-25.8400,79.6786,-25.5387,1.8533,0.2711,1.9663,0.3923,0.4238,0.3666,170,0.1200,170,0,1.0000,0.0000,0.0000,7.6993,0.9496,-0.7259,5.4413,2.5284,0.0000,1,0.0992,0.0458,17.7307,0.0002,1.000,70.00,342.76
17.8603,UKF,smooth,0.500,10.00,0.050,1,0.600,1,6.6971,7.6727,0.9756,1.4067,0.4063,0.1796,0.0503,6.0000,6.8510,0.9331,3.4100,0.5965,86.1844,-26.2335,88.2024,-25.9356,88.3154,-25.8143,86.6525,-25.8488,79.5081,-25.5860,2.0180,0.2980,2.1309,0.4192,0.4681,0.3847,170,0.1300,170,0,1.0000,0.0000,0.0000,7.7957,0.9646,-0.7601,5.4346,2.5427,0.0000,1,0.0992,0.0458,17.7307,0.0002,1.000,70.00,342.76
17.8703,UKF,smooth,0.500,10.00,0.050,1,0.600,1,6.6726,7.6442,0.9716,1.4438,0.4063,0.1796,0.0503,6.0000,6.8510,0.9315,3.6435,0.5981,86.0180,-26.2623,88.2024,-25.9356,88.3154,-25.8143,86.5335,-25.8667,79.3361,-25.6741,2.1845,0.3267,2.2974,0.4480,0.5155,0.3956,170,0.1400,170,0,1.0000,0.0000,0.0000,7.8927,0.9801,-0.7867,5.4278,2.5572,0.0000,1,0.0992,0.0458,17.7307,0.0002,1.000,70.00,342.76
17.8803,UKF,smooth,0.500,10.00,0.050,1,0.600,1,6.6471,7.6147,0.9676,1.4817,0.4063,0.1796,0.0504,6.0000,6.8510,0.9299,3.8238,0.5998,85.8496,-26.2945,88.2024,-25.9356,88.3154,-25.8143,86.4159,-25.9073,79.1621,-25.8629,2.3528,0.3589,2.4657,0.4801,0.5663,0.3872,170,0.1500,170,0,1.0000,0.0000,0.0000,7.9912,0.9964,-0.7945,5.4210,2.5716,0.0000,1,0.0992,0.0458,17.7307,0.0002,1.000,70.00,342.76
17.8903,UKF,smooth,0.500,10.00,0.050,1,0.600,1,6.6213,7.7942,1.1729,1.1820,0.4061,0.1802,0.0502,6.0000,7.2610,1.7589,2.3750,0.6015,85.6792,-26.3374,86.5120,-26.1810,86.6151,-25.9006,85.8954,-25.9910,77.6813,-26.6541,0.8328,0.1563,0.9359,0.4368,0.2162,0.3463,171,0.0500,171,0,1.0000,0.0000,0.0000,8.0662,1.0098,-0.6979,5.4141,2.5861,0.0000,1,0.0992,0.0458,17.8405,0.0002,1.000,70.00,342.76
17.9003,UKF,smooth,0.500,10.00,0.050,1,0.600,1,6.5981,7.7965,1.1984,1.2119,0.4061,0.1802,0.0503,6.0000,7.2610,1.7574,2.5366,0.6029,85.5045,-26.3814,86.5120,-26.1810,86.6151,-25.9006,85.7370,-26.0122,77.5848,-26.6978,1.0075,0.2003,1.1106,0.4808,0.2325,0.3691,171,0.0600,171,0,1.0000,0.0000,0.0000,7.8485,0.9786,-0.5789,5.4071,2.6006,0.0000,1,0.0992,0.0458,17.8405,0.0002,1.000,70.00,342.76
17.9103,UKF,smooth,0.500,10.00,0.050,1,0.600,1,6.5773,7.8038,1.2265,1.2427,0.4061,0.1802,0.0503,6.0000,7.2610,1.7561,2.7869,0.6042,85.3255,-26.4231,86.5120,-26.1810,86.6151,-25.9006,85.5752,-26.0146,77.4968,-26.5690,1.1865,0.2420,1.2896,0.5225,0.2497,0.4084,171,0.0700,171,0,1.0000,0.0000,0.0000,7.6151,0.9445,-0.4960,5.4001,2.6151,0.0000,1,0.0992,0.0458,17.8405,0.0002,1.000,70.00,342.76
17.9203,UKF,smooth,0.500,10.00,0.050,1,0.600,1,6.5590,7.8159,1.2569,1.2746,0.4061,0.1802,0.0504,6.0000,7.2610,1.7549,3.0822,0.6054,85.1423,-26.4613,86.5120,-26.1810,86.6151,-25.9006,85.4107,-26.0059,77.4135,-26.3897,1.3697,0.2803,1.4728,0.5608,0.2684,0.4555,171,0.0800,171,0,1.0000,0.0000,0.0000,7.3782,0.9092,-0.4243,5.3930,2.6297,0.0000,1,0.0992,0.0458,17.8405,0.0002,1.000,70.00,342.76
17.9303,UKF,smooth,0.500,10.00,0.050,1,0.600,1,6.5431,7.8329,1.2898,1.3074,0.4061,0.1802,0.0504,6.0000,7.2610,1.7539,3.4124,0.6063,84.9550,-26.4955,86.5120,-26.1810,86.6151,-25.9006,85.2438,-25.9874,77.3341,-26.1862,1.5570,0.3145,1.6601,0.5950,0.2888,0.5082,171,0.0900,171,0,1.0000,0.0000,0.0000,7.1399,0.8732,-0.3580,5.3859,2.6443,0.0000,1,0.0992,0.0458,17.8405,0.0002,1.000,70.00,342.76
17.9403,UKF,smooth,0.500,10.00,0.050,1,0.600,1,6.5297,7.8548,1.3251,1.3411,0.4061,0.1802,0.0505,6.0000,7.2610,1.7530,3.7729,0.6072,84.7637,-26.5254,86.5120,-26.1810,86.6151,-25.9006,85.0745,-25.9597,77.2580,-25.9689,1.7483,0.3443,1.8514,0.6248,0.3109,0.5657,171,0.1000,171,0,1.0000,0.0000,0.0000,6.9009,0.8364,-0.2950,5.3787,2.6589,0.0000,1,0.0953,0.0512,17.8405,-0.0019,1.000,70.00,342.76
17.9503,UKF,smooth,0.500,10.00,0.050,1,0.600,1,6.5187,7.8814,1.3626,1.3758,0.4061,0.1802,0.0506,6.0000,7.2610,1.7522,4.1596,0.6079,84.5686,-26.5506,86.5120,-26.1810,86.6151,-25.9006,84.9034,-25.9236,77.1844,-25.7452,1.9434,0.3696,2.0465,0.6500,0.3349,0.6270,171,0.1100,171,0,1.0000,0.0000,0.0000,6.6637,0.7994,-0.2348,5.3714,2.6736,0.0000,1,0.0953,0.0512,17.8405,-0.0019,1.000,70.00,342.76
17.9603,UKF,smooth,0.500,10.00,0.050,1,0.600,1,6.5101,7.9125,1.4024,1.4113,0.4061,0.1802,0.0507,6.0000,7.2610,1.7516,4.5697,0.6085,84.3698,-26.5711,86.5120,-26.1810,86.6151,-25.9006,84.7307,-25.8793,77.1128,-25.5184,2.1421,0.3901,2.2453,0.6705,0.3609,0.6918,171,0.1200,171,0,1.0000,0.0000,0.0000,6.4285,0.7621,-0.1766,5.3641,2.6883,0.0000,1,0.0953,0.0512,17.8405,-0.0019,1.000,70.00,342.76
17.9703,UKF,smooth,0.500,10.00,0.050,1,0.600,1,6.5039,7.9481,1.4442,1.4477,0.4061,0.1802,0.0507,6.0000,7.2610,1.7512,5.0006,0.6089,84.1676,-26.5868,86.5120,-26.1810,86.6151,-25.9006,84.5566,-25.8273,77.0431,-25.2906,2.3443,0.4057,2.4475,0.6862,0.3890,0.7595,171,0.1300,171,0,1.0000,0.0000,0.0000,6.1954,0.7245,-0.1199,5.3567,2.7030,0.0000,1,0.0953,0.0512,17.8405,-0.0019,1.000,70.00,342.76
17.9803,UKF,smooth,0.500,10.00,0.050,1,0.600,1,6.5000,7.9882,1.4882,1.4850,0.4061,0.1802,0.0508,6.0000,7.2610,1.7508,5.4499,0.6092,83.9621,-26.5975,86.5120,-26.1810,86.6151,-25.9006,84.3814,-25.7680,76.9750,-25.0634,2.5498,0.4165,2.6529,0.6970,0.4193,0.8296,171,0.1400,171,0,1.0000,0.0000,0.0000,5.9645,0.6867,-0.0646,5.3492,2.7177,0.0000,1,0.0953,0.0512,17.8405,-0.0019,1.000,70.00,342.76
17.9903,UKF,smooth,0.500,10.00,0.050,1,0.600,1,6.4985,8.0327,1.5342,1.5230,0.4061,0.1802,0.0509,6.0000,7.2610,1.7507,5.9152,0.6093,83.7535,-26.6034,86.5120,-26.1810,86.6151,-25.9006,84.2053,-25.7017,76.9085,-24.8379,2.7584,0.4223,2.8615,0.7028,0.4517,0.9017,171,0.1500,171,0,1.0000,0.0000,0.0000,5.7359,0.6486,-0.0104,5.3417,2.7325,0.0000,1,0.0953,0.0512,17.8405,-0.0019,1.000,70.00,342.76
18.0003,UKF,smooth,0.500,10.00,0.050,1,0.600,1,6.4992,7.9650,1.4658,1.2358,0.4055,0.1803,0.0504,6.0000,7.3585,1.7884,2.1437,0.6093,83.5421,-26.6043,84.7637,-26.5254,84.5903,-26.2697,83.4361,-26.2587,74.3631,-26.1703,1.2216,0.0789,1.0483,0.3345,-0.1059,0.3456,172,0.0600,172,0,1.0000,0.0000,0.0000,5.5096,0.6103,0.0430,5.3341,2.7472,0.0000,1,0.0953,0.0512,17.9384,-0.0019,1.000,70.00,342.76
18.0103,UKF,smooth,0.500,10.00,0.050,1,0.600,1,6.5023,7.9968,1.4945,1.2669,0.4055,0.1803,0.0505,6.0000,7.3585,1.7885,2.2450,0.6092,83.3279,-26.6003,84.7637,-26.5254,84.5903,-26.2697,83.2294,-26.2355,74.2977,-25.9724,1.4358,0.0749,1.2625,0.3306,-0.0985,0.3648,172,0.0700,172,0,1.0000,0.0000,0.0000,5.2856,0.5718,0.0957,5.3264,2.7621,0.0000,1,0.0953,0.0512,17.9384,-0.0019,1.000,70.00,342.76
18.0203,UKF,smooth,0.500,10.00,0.050,1,0.600,1,6.5076,8.0329,1.5254,1.2989,0.4055,0.1803,0.0506,6.0000,7.3585,1.7888,2.3605,0.6090,83.1112,-26.5915,84.7637,-26.5254,84.5903,-26.2697,83.0223,-26.2050,74.2345,-25.7763,1.6525,0.0661,1.4791,0.3217,-0.0889,0.3864,172,0.0800,172,0,1.0000,0.0000,0.0000,5.0640,0.5331,0.1480,5.3187,2.7769,0.0000,1,0.0953,0.0512,17.9384,-0.0019,1.000,70.00,342.76
18.0303,UKF,smooth,0.500,10.00,0.050,1,0.600,1,6.5151,8.0735,1.5584,1.3318,0.4055,0.1803,0.0508,6.0000,7.3585,1.7892,2.4891,0.6086,82.8922,-26.5779,84.7637,-26.5254,84.5903,-26.2697,82.8151,-26.1676,74.1734,-25.5832,1.8714,0.0525,1.6981,0.3081,-0.0771,0.4103,172,0.0900,172,0,1.0000,0.0000,0.0000,4.8447,0.4942,0.1999,5.3109,2.7917,0.0000,1,0.0953,0.0512,17.9384,-0.0019,1.000,70.00,342.76
18.0403,UKF,smooth,0.500,10.00,0.050,1,0.600,1,6.5249,8.1183,1.5935,1.3657,0.4055,0.1803,0.0509,6.0000,7.3585,1.7897,2.6298,0.6081,82.6712,-26.5597,84.7637,-26.5254,84.5903,-26.2697,82.6081,-26.1237,74.1141,-25.3938,2.0925,0.0343,1.9192,0.2899,-0.0631,0.4359,172,0.1000,172,0,1.0000,0.0000,0.0000,4.6280,0.4551,0.2518,5.3031,2.8066,0.0000,1,0.0827,0.0501,17.9384,0.0007,1.000,70.00,342.76
18.0503,UKF,smooth,0.500,10.00,0.050,1,0.600,1,6.5368,8.1675,1.6306,1.4005,0.4055,0.1803,0.0510,6.0000,7.3585,1.7902,2.7808,0.6074,82.4482,-26.5369,84.7637,-26.5254,84.5903,-26.2697,82.4015,-26.0740,74.0564,-25.2095,2.3154,0.0115,2.1421,0.2672,-0.0468,0.4629,172,0.1100,172,0,1.0000,0.0000,0.0000,4.4137,0.4158,0.3039,5.2952,2.8215,0.0000,1,0.0827,0.0501,17.9384,0.0007,1.000,70.00,342.76
18.0603,UKF,smooth,0.500,10.00,0.050,1,0.600,1,6.5510,8.2208,1.6698,1.4362,0.4055,0.1803,0.0511,6.0000,7.3585,1.7908,2.9393,0.6066,82.2237,-26.5099,84.7637,-26.5254,84.5903,-26.2697,82.1956,-26.0192,74.0001,-25.0319,2.5400,-0.0155,2.3667,0.2401,-0.0281,0.4907,172,0.1200,172,0,1.0000,0.0000,0.0000,4.2021,0.3765,0.3565,5.2872,2.8364,0.0000,1,0.0827,0.0501,17.9384,0.0007,1.000,70.00,342.76
18.0703,UKF,smooth,0.500,10.00,0.050,1,0.600,1,6.5673,8.2783,1.7110,1.4727,0.4055,0.1803,0.0513,6.0000,7.3585,1.7915,3.1006,0.6057,81.9976,-26.4787,84.7637,-26.5254,84.5903,-26.2697,81.9906,-25.9605,73.9451,-24.8636,2.7661,-0.0466,2.5927,0.2090,-0.0071,0.5182,172,0.1300,172,0,1.0000,0.0000,0.0000,3.9933,0.3370,0.4105,5.2792,2.8514,0.0000,1,0.0827,0.0501,17.9384,0.0007,1.000,70.00,342.76
18.0803,UKF,smooth,0.500,10.00,0.050,1,0.600,1,6.5858,8.3399,1.7541,1.5101,0.4055,0.1803,0.0514,6.0000,7.3585,1.7923,3.2566,0.6047,81.7703,-26.4439,84.7637,-26.5254,84.5903,-26.2697,81.7867,-25.8998,73.8910,-24.7093,2.9933,-0.0814,2.8200,0.1742,0.0164,0.5442,172,0.1400,172,0,1.0000,0.0000,0.0000,3.7877,0.2976,0.4669,5.2711,2.8663,0.0000,1,0.0827,0.0501,17.9384,0.0007,1.000,70.00,342.76
18.0903,UKF,smooth,0.500,10.00,0.050,1,0.600,1,6.6064,8.4056,1.7993,1.5483,0.4055,0.1803,0.0515,6.0000,7.3585,1.7932,3.3887,0.6035,81.5420,-26.4061,84.7637,-26.5254,84.5903,-26.2697,81.5843,-25.8409,73.8375,-24.5796,3.2217,-0.1193,3.0483,0.1363,0.0423,0.5652,172,0.1500,172,0,1.0000,0.0000,0.0000,3.5864,0.2584,0.5285,5.2629,2.8813,0.0000,1,0.0827,0.0501,17.9384,0.0007,1.000,70.00,342.76
18.1003,UKF,smooth,0.500,10.00,0.050,1,0.600,1,6.6291,8.1972,1.5681,1.2770,0.4062,0.1793,0.0524,6.0000,6.8654,0.9658,1.5939,0.6022,81.3129,-26.3667,82.6712,-26.5597,82.6504,-26.4002,81.6002,-26.2981,74.0471,-25.7251,1.3583,-0.1930,1.3375,-0.0336,0.2873,0.0685,173,0.0600,173,0,1.0000,0.0000,0.0000,3.3938,0.2206,0.6044,5.2546,2.8963,0.0000,1,0.0827,0.0501,18.0411,0.0007,1.000,70.00,342.76
18.1103,UKF,smooth,0.500,10.00,0.050,1,0.600,1,6.6533,8.2410,1.5877,1.3085,0.4062,0.1793,0.0526,6.0000,6.8654,0.9673,1.7856,0.6007,81.0840,-26.3377,82.6712,-26.5597,82.6504,-26.4002,81.4169,-26.3468,73.9584,-26.1064,1.5872,-0.2219,1.5664,-0.0625,0.3329,-0.0090,173,0.0700,173,0,1.0000,0.0000,0.0000,3.3222,0.2098,0.7742,5.2463,2.9114,0.0000,1,0.0827,0.0501,18.0411,0.0007,1.000,70.00,342.76
18.1203,UKF,smooth,0.500,10.00,0.050,1,0.600,1,6.6761,8.2652,1.5891,1.3410,0.4062,0.1793,0.0527,6.0000,6.8654,0.9687,2.1102,0.5992,80.8568,-26.3124,82.6712,-26.5597,82.6504,-26.4002,81.2454,-26.3683,73.8288,-26.2359,1.8144,-0.2472,1.7935,-0.0878,0.3886,-0.0559,173,0.0800,173,0,1.0000,0.0000,0.0000,3.4634,0.2482,0.7485,5.2380,2.9264,0.0000,1,0.0827,0.0501,18.0411,0.0007,1.000,70.00,342.76
18.1303,UKF,smooth,0.500,10.00,0.050,1,0.600,1,6.6974,8.2863,1.5888,1.3744,0.4062,0.1793,0.0528,6.0000,6.8654,0.9700,2.4576,0.5978,80.6312,-26.2890,82.6712,-26.5597,82.6504,-26.4002,81.0776,-26.3824,73.7006,-26.3006,2.0400,-0.2707,2.0192,-0.1113,0.4464,-0.0934,173,0.0900,173,0,1.0000,0.0000,0.0000,3.5998,0.2862,0.7019,5.2295,2.9415,0.0000,1,0.0810,0.0528,18.0411,0.0019,1.000,70.00,342.76
18.1403,UKF,smooth,0.500,10.00,0.050,1,0.600,1,6.7174,8.3045,1.5871,1.4087,0.4062,0.1793,0.0529,6.0000,6.8654,0.9711,2.8197,0.5966,80.4070,-26.2667,82.6712,-26.5597,82.6504,-26.4002,80.9132,-26.3944,73.5735,-26.3452,2.2642,-0.2930,2.2434,-0.1336,0.5062,-0.1278,173,0.1000,173,0,1.0000,0.0000,0.0000,3.7331,0.3239,0.6492,5.2210,2.9565,0.0000,1,0.0810,0.0528,18.0411,0.0019,1.000,70.00,342.76
18.1503,UKF,smooth,0.500,10.00,0.050,1,0.600,1,6.7359,8.3198,1.5840,1.4439,0.4062,0.1793,0.0531,6.0000,6.8654,0.9723,3.1945,0.5955,80.1840,-26.2453,82.6712,-26.5597,82.6504,-26.4002,80.7523,-26.4058,73.4473,-26.3806,2.4872,-0.3143,2.4663,-0.1549,0.5682,-0.1605,173,0.1100,173,0,1.0000,0.0000,0.0000,3.8641,0.3618,0.5941,5.2124,2.9716,0.0000,1,0.0810,0.0528,18.0411,0.0019,1.000,70.00,342.76
18.1603,UKF,smooth,0.500,10.00,0.050,1,0.600,1,6.7529,8.3325,1.5796,1.4800,0.4062,0.1793,0.0532,6.0000,6.8654,0.9733,3.5812,0.5944,79.9623,-26.2247,82.6712,-26.5597,82.6504,-26.4002,80.5947,-26.4170,73.3220,-26.4113,2.7089,-0.3350,2.6881,-0.1756,0.6325,-0.1923,173,0.1200,173,0,1.0000,0.0000,0.0000,3.9933,0.3997,0.5380,5.2038,2.9867,0.0000,1,0.0810,0.0528,18.0411,0.0019,1.000,70.00,342.76
18.1703,UKF,smooth,0.500,10.00,0.050,1,0.600,1,6.7686,8.3425,1.5739,1.5169,0.4062,0.1793,0.0533,6.0000,6.8654,0.9742,3.9797,0.5935,79.7415,-26.2047,82.6712,-26.5597,82.6504,-26.4002,80.4405,-26.4283,73.1977,-26.4398,2.9296,-0.3550,2.9088,-0.1956,0.6990,-0.2236,173,0.1300,173,0,1.0000,0.0000,0.0000,4.1207,0.4377,0.4815,5.1951,3.0019,0.0000,1,0.0810,0.0528,18.0411,0.0019,1.000,70.00,342.76
18.1803,UKF,smooth,0.500,10.00,0.050,1,0.600,1,6.7829,8.3499,1.5670,1.5547,0.4062,0.1793,0.0534,6.0000,6.8654,0.9749,4.3904,0.5927,79.5217,-26.1853,82.6712,-26.5597,82.6504,-26.4002,80.2895,-26.4400,73.0743,-26.4675,3.1494,-0.3744,3.1286,-0.2150,0.7678,-0.2548,173,0.1400,173,0,1.0000,0.0000,0.0000,4.2466,0.4760,0.4252,5.1863,3.0170,0.0000,1,0.0810,0.0528,18.0411,0.0019,1.000,70.00,342.76
18.1903,UKF,smooth,0.500,10.00,0.050,1,0.600,1,6.7958,8.2446,1.4488,1.3063,0.4064,0.1800,0.0537,6.0000,6.5784,0.8784,1.5925,0.5919,79.3028,-26.1664,80.6312,-26.2890,80.5465,-26.4157,79.3981,-26.4185,70.2647,-26.3134,1.3284,-0.1225,1.2437,-0.2493,0.0953,-0.2521,174,0.0600,174,0,1.0000,0.0000,0.0000,4.3711,0.5144,0.3692,5.1775,3.0321,0.0000,1,0.0810,0.0528,18.1322,0.0019,1.000,70.00,342.76
18.2003,UKF,smooth,0.500,10.00,0.050,1,0.600,1,6.8073,8.2548,1.4474,1.3378,0.4064,0.1800,0.0538,6.0000,6.5784,0.8778,1.7756,0.5913,79.0845,-26.1481,80.6312,-26.2890,80.5465,-26.4157,79.2006,-26.4261,70.0826,-26.3325,1.5467,-0.1409,1.4619,-0.2676,0.1161,-0.2780,174,0.0700,174,0,1.0000,0.0000,0.0000,4.4941,0.5530,0.3138,5.1686,3.0473,0.0000,1,0.0810,0.0528,18.1322,0.0019,1.000,70.00,342.76
18.2103,UKF,smooth,0.500,10.00,0.050,1,0.600,1,6.8175,8.2623,1.4448,1.3703,0.4064,0.1800,0.0539,6.0000,6.5784,0.8773,1.9664,0.5907,78.8669,-26.1303,80.6312,-26.2890,80.5465,-26.4157,79.0062,-26.4344,69.9000,-26.3532,1.7643,-0.1586,1.6796,-0.2854,0.1393,-0.3041,174,0.0800,174,0,1.0000,0.0000,0.0000,4.6159,0.5919,0.2592,5.1596,3.0625,0.0000,1,0.0810,0.0528,18.1322,0.0019,1.000,70.00,342.76
18.2203,UKF,smooth,0.500,10.00,0.050,1,0.600,1,6.8263,8.2673,1.4409,1.4037,0.4064,0.1800,0.0540,6.0000,6.5784,0.8769,2.1660,0.5903,78.6498,-26.1131,80.6312,-26.2890,80.5465,-26.4157,78.8146,-26.4436,69.7169,-26.3758,1.9814,-0.1759,1.8967,-0.3026,0.1648,-0.3305,174,0.0900,174,0,1.0000,0.0000,0.0000,4.7363,0.6310,0.2054,5.1505,3.0777,0.0000,1,0.1169,0.0430,18.1322,-0.0004,1.000,70.00,342.76
18.2303,UKF,smooth,0.500,10.00,0.050,1,0.600,1,6.8338,8.2697,1.4359,1.4380,0.4064,0.1800,0.0541,6.0000,6.5784,0.8767,2.3755,0.5899,78.4331,-26.0964,80.6312,-26.2890,80.5465,-26.4157,78.6259,-26.4539,69.5333,-26.4009,2.1980,-0.1926,2.1133,-0.3193,0.1927,-0.3575,174,0.1000,174,0,1.0000,0.0000,0.0000,4.8555,0.6703,0.1526,5.1414,3.0929,0.0000,1,0.1169,0.0430,18.1322,-0.0004,1.000,70.00,342.76
18.2403,UKF,smooth,0.500,10.00,0.050,1,0.600,1,6.8400,8.2697,1.4297,1.4731,0.4064,0.1800,0.0542,6.0000,6.5784,0.8764,2.5960,0.5897,78.2168,-26.0803,80.6312,-26.2890,80.5465,-26.4157,78.4398,-26.4654,69.3491,-26.4291,2.4144,-0.2087,2.3296,-0.3354,0.2230,-0.3851,174,0.1100,174,0,1.0000,0.0000,0.0000,4.9735,0.7098,0.1008,5.1322,3.1081,0.0000,1,0.1169,0.0430,18.1322,-0.0004,1.000,70.00,342.76
18.2503,UKF,smooth,0.500,10.00,0.050,1,0.600,1,6.8449,8.2673,1.4224,1.5092,0.4064,0.1800,0.0543,6.0000,6.5784,0.8763,2.8287,0.5895,78.0008,-26.0648,80.6312,-26.2890,80.5465,-26.4157,78.2565,-26.4783,69.1644,-26.4608,2.6304,-0.2241,2.5457,-0.3509,0.2558,-0.4135,174,0.1200,174,0,1.0000,0.0000,0.0000,5.0903,0.7496,0.0502,5.1230,3.1233,0.0000,1,0.1169,0.0430,18.1322,-0.0004,1.000,70.00,342.76
18.2603,UKF,smooth,0.500,10.00,0.050,1,0.600,1,6.8485,8.2625,1.4139,1.5460,0.4064,0.1800,0.0544,6.0000,6.5784,0.8763,3.0748,0.5894,77.7849,-26.0500,80.6312,-26.2890,80.5465,-26.4157,78.0758,-26.4929,68.9790,-26.4967,2.8463,-0.2389,2.7616,-0.3657,0.2910,-0.4428,174,0.1300,174,0,1.0000,0.0000,0.0000,5.2060,0.7897,0.0008,5.1137,3.1386,0.0000,1,0.1169,0.0430,18.1322,-0.0004,1.000,70.00,342.76
18.2703,UKF,smooth,0.500,10.00,0.050,1,0.600,1,6.8509,8.3720,1.5210,1.2814,0.4058,0.1799,0.0539,6.0000,7.1181,1.9515,1.8594,0.5894,77.5690,-26.0360,78.6498,-26.1131,78.3120,-25.9936,77.2586,-25.8992,66.7980,-24.0507,1.0808,-0.0771,0.7430,0.0424,-0.3105,0.1367,175,0.0500,175,0,1.0000,0.0000,0.0000,5.3205,0.8300,-0.0473,5.1043,3.1538,0.0000,1,0.1169,0.0430,18.2200,-0.0004,1.000,70.00,342.76
18.2803,UKF,smooth,0.500,10.00,0.050,1,0.600,1,6.8520,8.3757,1.5237,1.3117,0.4058,0.1799,0.0540,6.0000,7.1181,1.9516,1.9291,0.5895,77.3532,-26.0227,78.6498,-26.1131,78.3120,-25.9936,77.0365,-25.8715,66.5789,-24.0324,1.2966,-0.0904,0.9588,0.0291,-0.3167,0.1512,175,0.0600,175,0,1.0000,0.0000,0.0000,5.4340,0.8706,-0.0940,5.0948,3.1691,0.0000,1,0.1169,0.0430,18.2200,-0.0004,1.000,70.00,342.76
18.2903,UKF,smooth,0.500,10.00,0.050,1,0.600,1,6.8519,8.3772,1.5253,1.3430,0.4058,0.1799,0.0541,6.0000,7.1181,1.9517,1.9860,0.5897,77.1373,-26.0103,78.6498,-26.1131,78.3120,-25.9936,76.8171,-25.8452,66.3586,-24.0180,1.5125,-0.1028,1.1747,0.0167,-0.3203,0.1651,175,0.0700,175,0,1.0000,0.0000,0.0000,5.5465,0.9114,-0.1393,5.0853,3.1843,0.0000,1,0.1169,0.0430,18.2200,-0.0004,1.000,70.00,342.76
18.3003,UKF,smooth,0.500,10.00,0.050,1,0.600,1,6.8505,8.3763,1.5258,1.3752,0.4058,0.1799,0.0542,6.0000,7.1181,1.9518,2.0298,0.5899,76.9213,-25.9988,78.6498,-26.1131,78.3120,-25.9936,76.6002,-25.8207,66.1370,-24.0081,1.7285,-0.1143,1.3908,0.0053,-0.3211,0.1781,175,0.0800,175,0,1.0000,0.0000,0.0000,5.6579,0.9525,-0.1829,5.0757,3.1996,0.0000,1,0.1169,0.0430,18.2200,-0.0004,1.000,70.00,342.76
18.3103,UKF,smooth,0.500,10.00,0.050,1,0.600,1,6.8479,8.3732,1.5253,1.4083,0.4058,0.1799,0.0543,6.0000,7.1181,1.9519,2.0601,0.5903,76.7050,-25.9884,78.6498,-26.1131,78.3120,-25.9936,76.3858,-25.7982,65.9143,-24.0035,1.9448,-0.1247,1.6071,-0.0052,-0.3192,0.1901,175,0.0900,175,0,1.0000,0.0000,0.0000,5.7683,0.9939,-0.2249,5.0660,3.2149,0.0000,1,0.1169,0.0430,18.2200,-0.0004,1.000,70.00,342.76
18.3203,UKF,smooth,0.500,10.00,0.050,1,0.600,1,6.8442,8.3678,1.5237,1.4424,0.4058,0.1799,0.0544,6.0000,7.1181,1.9519,2.0763,0.5907,76.4883,-25.9790,78.6498,-26.1131,78.3120,-25.9936,76.1738,-25.7780,65.6902,-24.0048,2.1615,-0.1341,1.8237,-0.0146,-0.3145,0.2010,175,0.1000,175,0,1.0000,0.0000,0.0000,5.8777,1.0356,-0.2652,5.0563,3.2302,0.0000,1,0.1169,0.0430,18.2200,-0.0004,1.000,70.00,342.76
18.3303,UKF,smooth,0.500,10.00,0.050,1,0.600,1,6.8392,8.3603,1.5211,1.4773,0.4058,0.1799,0.0545,6.0000,7.1181,1.9520,2.0777,0.5912,76.2713,-25.9709,78.6498,-26.1131,78.3120,-25.9936,75.9642,-25.7605,65.4648,-24.0131,2.3785,-0.1422,2.0407,-0.0227,-0.3071,0.2104,175,0.1100,175,0,1.0000,0.0000,0.0000,5.9862,1.0776,-0.3035,5.0465,3.2455,0.0000,1,0.1169,0.0430,18.2200,-0.0004,1.000,70.00,342.76
18.3403,UKF,smooth,0.500,10.00,0.050,1,0.600,1,6.8331,8.3506,1.5175,1.5132,0.4058,0.1799,0.0545,6.0000,7.1181,1.9520,2.0635,0.5918,76.0538,-25.9642,78.6498,-26.1131,78.3120,-25.9936,75.7569,-25.7460,65.2380,-24.0294,2.5960,-0.1489,2.2582,-0.0294,-0.2969,0.2182,175,0.1200,175,0,1.0000,0.0000,0.0000,6.0938,1.1200,-0.3397,5.0366,3.2607,0.0000,1,0.1136,0.0525,18.2200,-0.0018,1.000,70.00,342.76
18.3503,UKF,smooth,0.500,10.00,0.050,1,0.600,1,6.8258,8.3389,1.5130,1.5498,0.4058,0.1799,0.0546,6.0000,7.1181,1.9521,2.0322,0.5924,75.8358,-25.9589,78.6498,-26.1131,78.3120,-25.9936,75.5519,-25.7351,65.0097,-24.0548,2.8140,-0.1541,2.4763,-0.0346,-0.2839,0.2239,175,0.1300,175,0,1.0000,0.0000,0.0000,6.2005,1.1626,-0.3737,5.0267,3.2760,0.0000,1,0.1136,0.0525,18.2200,-0.0018,1.000,70.00,342.76
18.3603,UKF,smooth,0.500,10.00,0.050,1,0.600,1,6.8175,8.3251,1.5077,1.5873,0.4058,0.1799,0.0547,6.0000,7.1181,1.9521,1.9823,0.5932,75.6171,-25.9554,78.6498,-26.1131,78.3120,-25.9936,75.3491,-25.7282,64.7798,-24.0910,3.0327,-0.1577,2.6949,-0.0382,-0.2680,0.2272,175,0.1400,175,0,1.0000,0.0000,0.0000,6.3063,1.2055,-0.4053,5.0167,3.2914,0.0000,1,0.1136,0.0525,18.2200,-0.0018,1.000,70.00,342.76
18.3703,UKF,smooth,0.500,10.00,0.050,1,0.600,1,6.8080,8.3094,1.5015,1.6256,0.4058,0.1799,0.0548,6.0000,7.1181,1.9521,1.9118,0.5940,75.3977,-25.9536,78.6498,-26.1131,78.3120,-25.9936,75.1484,-25.7261,64.5484,-24.1394,3.2521,-0.1595,2.9143,-0.0399,-0.2493,0.2275,175,0.1500,175,0,1.0000,0.0000,0.0000,6.4114,1.2488,-0.4342,5.0066,3.3067,0.0000,1,0.1136,0.0525,18.2200,-0.0018,1.000,70.00,342.76
18.3803,UKF,smooth,0.500,10.00,0.050,1,0.600,1,6.7974,8.2918,1.4944,1.6647,0.4058,0.1799,0.0549,6.0000,7.1181,1.9522,1.8181,0.5948,75.1776,-25.9539,78.6498,-26.1131,78.3120,-25.9936,74.9499,-25.7295,64.3153,-24.2023,3.4722,-0.1591,3.1345,-0.0396,-0.2277,0.2244,175,0.1600,175,0,1.0000,0.0000,0.0000,6.5156,1.2925,-0.4601,4.9964,3.3220,0.0000,1,0.1136,0.0525,18.2200,-0.0018,1.000,70.00,342.76
18.3903,UKF,smooth,0.500,10.00,0.050,1,0.600,1,6.7857,8.2724,1.4867,1.7046,0.4058,0.1799,0.0550,6.0000,7.1181,1.9522,1.6978,0.5958,74.9566,-25.9565,78.6498,-26.1131,78.3120,-25.9936,74.7535,-25.7394,64.0805,-24.2822,3.6932,-0.1565,3.3555,-0.0370,-0.2031,0.2172,175,0.1700,175,0,1.0000,0.0000,0.0000,6.6190,1.3365,-0.4826,4.9862,3.3373,0.0000,1,0.1136,0.0525,18.2200,-0.0018,1.000,70.00,342.76
18.4003,UKF,smooth,0.500,10.00,0.050,1,0.600,1,6.7730,8.4884,1.7154,1.3585,0.4057,0.1807,0.0550,6.0000,7.2729,1.2065,1.0727,0.5968,74.7346,-25.9617,76.0538,-25.9642,75.8748,-26.0846,74.6619,-26.1287,64.6773,-26.1625,1.3192,-0.0025,1.1401,-0.1229,-0.0727,-0.1670,176,0.0600,176,0,1.0000,0.0000,0.0000,6.7217,1.3809,-0.5013,4.9759,3.3526,0.0000,1,0.1136,0.0525,18.3386,-0.0018,1.000,70.00,342.76
18.4103,UKF,smooth,0.500,10.00,0.050,1,0.600,1,6.7593,8.4819,1.7226,1.3903,0.4057,0.1807,0.0552,6.0000,7.2729,1.2074,1.1238,0.5978,74.5117,-25.9698,76.0538,-25.9642,75.8748,-26.0846,74.4682,-26.1536,64.4673,-26.2946,1.5421,0.0056,1.3631,-0.1148,-0.0435,-0.1838,176,0.0700,176,0,1.0000,0.0000,0.0000,6.8236,1.4256,-0.5156,4.9656,3.3679,0.0000,1,0.1136,0.0525,18.3386,-0.0018,1.000,70.00,342.76
18.4203,UKF,smooth,0.500,10.00,0.050,1,0.600,1,6.7446,8.4736,1.7291,1.4232,0.4057,0.1807,0.0553,6.0000,7.2729,1.2085,1.2235,0.5989,74.2877,-25.9812,76.0538,-25.9642,75.8748,-26.0846,74.2768,-26.1855,64.2564,-26.4504,1.7661,0.0170,1.5871,-0.1034,-0.0109,-0.2043,176,0.0800,176,0,1.0000,0.0000,0.0000,6.9247,1.4707,-0.5246,4.9552,3.3832,0.0000,1,0.1136,0.0525,18.3386,-0.0018,1.000,70.00,342.76
18.4303,UKF,smooth,0.500,10.00,0.050,1,0.600,1,6.7289,8.4637,1.7348,1.4569,0.4057,0.1807,0.0554,6.0000,7.2729,1.2095,1.3806,0.6001,74.0625,-25.9964,76.0538,-25.9642,75.8748,-26.0846,74.0876,-26.2261,64.0446,-26.6354,1.9913,0.0322,1.8122,-0.0882,0.0251,-0.2297,176,0.0900,176,0,1.0000,0.0000,0.0000,7.0249,1.5162,-0.5271,4.9447,3.3986,0.0000,1,0.1136,0.0525,18.3386,-0.0018,1.000,70.00,342.76
18.4403,UKF,smooth,0.500,10.00,0.050,1,0.600,1,6.7123,8.4523,1.7400,1.4915,0.4057,0.1807,0.0555,6.0000,7.2729,1.2106,1.6019,0.6013,73.8361,-26.0160,76.0538,-25.9642,75.8748,-26.0846,73.9007,-26.2774,63.8321,-26.8568,2.2177,0.0518,2.0387,-0.0686,0.0646,-0.2614,176,0.1000,176,0,1.0000,0.0000,0.0000,7.1241,1.5619,-0.5216,4.9341,3.4139,0.0000,1,0.1136,0.0525,18.3386,-0.0018,1.000,70.00,342.76
18.4503,UKF,smooth,0.500,10.00,0.050,1,0.600,1,6.6949,8.4398,1.7450,1.5270,0.4057,0.1807,0.0556,6.0000,7.2729,1.2117,1.8951,0.6025,73.6084,-26.0408,76.0538,-25.9642,75.8748,-26.0846,73.7160,-26.3425,63.6191,-27.1250,2.4454,0.0766,2.2664,-0.0438,0.1076,-0.3017,176,0.1100,176,0,1.0000,0.0000,0.0000,7.2217,1.6077,-0.5056,4.9235,3.4292,0.0000,1,0.1136,0.0525,18.3386,-0.0018,1.000,70.00,342.76
18.4603,UKF,smooth,0.500,10.00,0.050,1,0.600,1,6.6767,8.4267,1.7500,1.5634,0.4057,0.1807,0.0557,6.0000,7.2729,1.2129,2.2726,0.6037,73.3793,-26.0719,76.0538,-25.9642,75.8748,-26.0846,73.5334,-26.4257,63.4063,-27.4551,2.6745,0.1077,2.4955,-0.0127,0.1541,-0.3538,176,0.1200,176,0,1.0000,0.0000,0.0000,7.3167,1.6531,-0.4751,4.9128,3.4445,0.0000,1,0.0843,0.0517,18.3386,-0.0019,1.000,70.00,342.76
18.4703,UKF,smooth,0.500,10.00,0.050,1,0.600,1,6.6578,8.4139,1.7561,1.6005,0.4057,0.1807,0.0558,6.0000,7.2729,1.2140,2.7577,0.6049,73.1487,-26.1107,76.0538,-25.9642,75.8748,-26.0846,73.3528,-26.5338,63.1954,-27.8704,2.9052,0.1465,2.7261,0.0261,0.2041,-0.4231,176,0.1300,176,0,1.0000,0.0000,0.0000,7.4063,1.6973,-0.4234,4.9020,3.4598,0.0000,1,0.0843,0.0517,18.3386,-0.0019,1.000,70.00,342.76
18.4803,UKF,smooth,0.500,10.00,0.050,1,0.600,1,6.6386,8.4039,1.7652,1.6385,0.4057,0.1807,0.0559,6.0000,7.2729,1.2152,3.3888,0.6061,72.9163,-26.1594,76.0538,-25.9642,75.8748,-26.0846,73.1734,-26.6770,62.9913,-28.4037,3.1375,0.1953,2.9585,0.0749,0.2570,-0.5176,176,0.1400,176,0,1.0000,0.0000,0.0000,7.4828,1.7371,-0.3385,4.8911,3.4751,0.0000,1,0.0843,0.0517,18.3386,-0.0019,1.000,70.00,342.76
18.4903,UKF,smooth,0.500,10.00,0.050,1,0.600,1,6.6197,8.4021,1.7824,1.6772,0.4057,0.1807,0.0561,6.0000,7.2729,1.2163,4.1961,0.6072,72.6820,-26.2206,76.0538,-25.9642,75.8748,-26.0846,72.9929,-26.8645,62.8097,-29.0711,3.3718,0.2564,3.1928,0.1360,0.3109,-0.6439,176,0.1500,176,0,1.0000,0.0000,0.0000,7.5215,1.7631,-0.2022,4.8802,3.4905,0.0000,1,0.0843,0.0517,18.3386,-0.0019,1.000,70.00,342.76
18.5003,UKF,smooth,0.500,10.00,0.050,1,0.600,1,6.6021,8.4185,1.8164,1.7167,0.4057,0.1807,0.0562,6.0000,7.2729,1.2172,5.0001,0.6080,72.4451,-26.2939,76.0538,-25.9642,75.8748,-26.0846,72.8059,-27.0650,62.6857,-29.7079,3.6087,0.3298,3.4297,0.2094,0.3608,-0.7711,176,0.1600,176,0,1.0000,0.0000,0.0000,7.4674,1.7537,-0.0217,4.8693,3.5058,0.0000,1,0.0843,0.0517,18.3386,-0.0019,1.000,70.00,342.76
18.5103,UKF,smooth,0.500,10.00,0.050,1,0.600,1,6.5867,8.4523,1.8656,1.7570,0.4057,0.1807,0.0563,6.0000,7.2729,1.2179,5.4163,0.6087,72.2050,-26.3737,76.0538,-25.9642,75.8748,-26.0846,72.6103,-27.2036,62.6243,-30.0209,3.8489,0.4095,3.6698,0.2891,0.4053,-0.8299,176,0.1700,176,0,1.0000,0.0000,0.0000,7.3137,1.7052,0.1373,4.8582,3.5211,0.0000,1,0.0843,0.0517,18.3386,-0.0019,1.000,70.00,342.76
18.5203,UKF,smooth,0.500,10.00,0.050,1,0.600,1,6.5738,8.5285,1.9547,1.3802,0.4054,0.1828,0.0561,6.0000,7.6988,2.2636,1.7841,0.6091,71.9614,-26.4543,73.3793,-26.0719,73.0073,-26.2481,71.6325,-26.5021,60.1355,-28.2112,1.4179,0.3825,1.0460,0.2062,-0.3289,-0.0478,177,0.0600,177,0,1.0000,0.0000,0.0000,7.1129,1.6376,0.2523,4.8471,3.5364,0.0000,1,0.0843,0.0517,18.4584,-0.0019,1.000,70.00,342.76
18.5303,UKF,smooth,0.500,10.00,0.050,1,0.600,1,6.5634,8.5496,1.9863,1.4120,0.4054,0.1828,0.0563,6.0000,7.6988,2.2641,1.6932,0.6094,71.7144,-26.5324,73.3793,-26.0719,73.0073,-26.2481,71.3981,-26.5319,60.0952,-28.1036,1.6649,0.4606,1.2929,0.2843,-0.3164,0.0005,177,0.0700,177,0,1.0000,0.0000,0.0000,6.8939,1.5619,0.3336,4.8359,3.5516,0.0000,1,0.0843,0.0517,18.4584,-0.0019,1.000,70.00,342.76
18.5403,UKF,smooth,0.500,10.00,0.050,1,0.600,1,6.5554,8.5755,2.0201,1.4448,0.4054,0.1828,0.0564,6.0000,7.6988,2.2644,1.6503,0.6095,71.4643,-26.6056,73.3793,-26.0719,73.0073,-26.2481,71.1638,-26.5432,60.0637,-27.9028,1.9150,0.5338,1.5431,0.3575,-0.3005,0.0624,177,0.0800,177,0,1.0000,0.0000,0.0000,6.6678,1.4825,0.3906,4.8246,3.5669,0.0000,1,0.0843,0.0517,18.4584,-0.0019,1.000,70.00,342.76
18.5503,UKF,smooth,0.500,10.00,0.050,1,0.600,1,6.5498,8.6057,2.0559,1.4785,0.4054,0.1828,0.0566,6.0000,7.6988,2.2647,1.7112,0.6095,71.2111,-26.6722,73.3793,-26.0719,73.0073,-26.2481,70.9300,-26.5356,60.0377,-27.6356,2.1682,0.6004,1.7963,0.4242,-0.2811,0.1366,177,0.0900,177,0,1.0000,0.0000,0.0000,6.4393,1.4012,0.4288,4.8133,3.5822,0.0000,1,0.1019,0.0597,18.4584,0.0008,1.000,70.00,342.76
18.5603,UKF,smooth,0.500,10.00,0.050,1,0.600,1,6.5465,8.6401,2.0936,1.5130,0.4054,0.1828,0.0568,6.0000,7.6988,2.2648,1.9178,0.6094,70.9550,-26.7310,73.3793,-26.0719,73.0073,-26.2481,70.6970,-26.5083,60.0153,-27.3166,2.4243,0.6591,2.0523,0.4829,-0.2580,0.2226,177,0.1000,177,0,1.0000,0.0000,0.0000,6.2106,1.3189,0.4517,4.8019,3.5975,0.0000,1,0.1019,0.0597,18.4584,0.0008,1.000,70.00,342.76
18.5703,UKF,smooth,0.500,10.00,0.050,1,0.600,1,6.5455,8.6784,2.1328,1.5484,0.4054,0.1828,0.0569,6.0000,7.6988,2.2649,2.2792,0.6091,70.6964,-26.7806,73.3793,-26.0719,73.0073,-26.2481,70.4652,-26.4606,59.9955,-26.9543,2.6829,0.7088,2.3109,0.5325,-0.2312,0.3200,177,0.1100,177,0,1.0000,0.0000,0.0000,5.9831,1.2361,0.4610,4.7904,3.6127,0.0000,1,0.1019,0.0597,18.4584,0.0008,1.000,70.00,342.76
18.5803,UKF,smooth,0.500,10.00,0.050,1,0.600,1,6.5467,8.7203,2.1735,1.5847,0.4054,0.1828,0.0571,6.0000,7.6988,2.2650,2.7810,0.6088,70.4354,-26.8203,73.3793,-26.0719,73.0073,-26.2481,70.2347,-26.3915,59.9774,-26.5531,2.9438,0.7485,2.5719,0.5722,-0.2008,0.4288,177,0.1200,177,0,1.0000,0.0000,0.0000,5.7576,1.1532,0.4576,4.7789,3.6280,0.0000,1,0.1019,0.0597,18.4584,0.0008,1.000,70.00,342.76
18.5903,UKF,smooth,0.500,10.00,0.050,1,0.600,1,6.5500,8.7655,2.2155,1.6218,0.4054,0.1828,0.0573,6.0000,7.6988,2.2650,3.4048,0.6085,70.1724,-26.8491,73.3793,-26.0719,73.0073,-26.2481,70.0059,-26.2998,59.9603,-26.1150,3.2069,0.7772,2.8350,0.6010,-0.1665,0.5493,177,0.1300,177,0,1.0000,0.0000,0.0000,5.5351,1.0706,0.4418,4.7673,3.6432,0.0000,1,0.1019,0.0597,18.4584,0.0008,1.000,70.00,342.76
18.6003,UKF,smooth,0.500,10.00,0.050,1,0.600,1,6.5553,8.8137,2.2584,1.6596,0.4054,0.1828,0.0575,6.0000,7.6988,2.2648,4.1384,0.6080,69.9075,-26.8661,73.3793,-26.0719,73.0073,-26.2481,69.7789,-26.1840,59.9435,-25.6396,3.4718,0.7942,3.0999,0.6180,-0.1285,0.6821,177,0.1400,177,0,1.0000,0.0000,0.0000,5.3162,0.9886,0.4129,4.7556,3.6585,0.0000,1,0.1019,0.0597,18.4584,0.0008,1.000,70.00,342.76
18.6103,UKF,smooth,0.500,10.00,0.050,1,0.600,1,6.5625,8.7462,2.1837,1.3633,0.4054,0.1841,0.0577,6.0000,7.4775,0.6429,1.8966,0.6076,69.6410,-26.8704,71.2111,-26.6722,71.1522,-26.7662,69.9806,-26.7773,61.1789,-26.6926,1.5701,0.1981,1.5113,0.1041,0.3396,0.0931,178,0.0600,178,0,1.0000,0.0000,0.0000,5.1023,0.9078,0.3698,4.7439,3.6737,0.0000,1,0.1019,0.0597,18.5512,0.0008,1.000,70.00,342.76
18.6203,UKF,smooth,0.500,10.00,0.050,1,0.600,1,6.5715,8.7819,2.2104,1.3947,0.4054,0.1841,0.0579,6.0000,7.4775,0.6425,2.3410,0.6071,69.3732,-26.8610,71.2111,-26.6722,71.1522,-26.7662,69.7787,-26.7123,61.1392,-26.1988,1.8379,0.1887,1.7791,0.0947,0.4055,0.1487,178,0.0700,178,0,1.0000,0.0000,0.0000,4.8950,0.8291,0.3102,4.7320,3.6889,0.0000,1,0.1019,0.0597,18.5512,0.0008,1.000,70.00,342.76
18.6303,UKF,smooth,0.500,10.00,0.050,1,0.600,1,6.5821,8.8197,2.2376,1.4270,0.4054,0.1841,0.0581,6.0000,7.4775,0.6421,2.8428,0.6066,69.1044,-26.8368,71.2111,-26.6722,71.1522,-26.7662,69.5783,-26.6209,61.0985,-25.6558,2.1067,0.1646,2.0479,0.0706,0.4739,0.2159,178,0.0800,178,0,1.0000,0.0000,0.0000,4.6977,0.7538,0.2303,4.7201,3.7041,0.0000,1,0.1019,0.0597,18.5512,0.0008,1.000,70.00,342.76
18.6403,UKF,smooth,0.500,10.00,0.050,1,0.600,1,6.5939,8.8582,2.2643,1.4602,0.4054,0.1841,0.0583,6.0000,7.4775,0.6417,3.4142,0.6062,68.8349,-26.7966,71.2111,-26.6722,71.1522,-26.7662,69.3801,-26.4996,61.0548,-25.0549,2.3762,0.1243,2.3174,0.0303,0.5452,0.2970,178,0.0900,178,0,1.0000,0.0000,0.0000,4.5169,0.6852,0.1242,4.7082,3.7193,0.0000,1,0.1019,0.0597,18.5512,0.0008,1.000,70.00,342.76
18.6503,UKF,smooth,0.500,10.00,0.050,1,0.600,1,6.6066,8.8949,2.2882,1.4944,0.4054,0.1841,0.0585,6.0000,7.4775,0.6413,4.0674,0.6058,68.5650,-26.7392,71.2111,-26.6722,71.1522,-26.7662,69.1851,-26.3461,61.0040,-24.3924,2.6460,0.0669,2.5872,-0.0271,0.6201,0.3930,178,0.1000,178,0,1.0000,0.0000,0.0000,4.3673,0.6301,-0.0155,4.6962,3.7344,0.0000,1,0.1019,0.0597,18.5512,0.0008,1.000,70.00,342.76
18.6603,UKF,smooth,0.500,10.00,0.050,1,0.600,1,6.6195,8.9250,2.3056,1.5294,0.4054,0.1841,0.0587,6.0000,7.4775,0.6411,4.7848,0.6055,68.2955,-26.6647,71.2111,-26.6722,71.1522,-26.7662,68.9959,-26.1685,60.9380,-23.7084,2.9156,-0.0075,2.8568,-0.1015,0.7004,0.4962,178,0.1100,178,0,1.0000,0.0000,0.0000,4.2794,0.6032,-0.1886,4.6841,3.7496,0.0000,1,0.0961,0.0564,18.5512,0.0004,1.000,70.00,342.76
18.6703,UKF,smooth,0.500,10.00,0.050,1,0.600,1,6.6315,8.9447,2.3131,1.5653,0.4054,0.1841,0.0589,6.0000,7.4775,0.6411,5.4492,0.6055,68.0268,-26.5775,71.2111,-26.6722,71.1522,-26.7662,68.8153,-26.0032,60.8487,-23.1537,3.1842,-0.0947,3.1254,-0.1887,0.7885,0.5743,178,0.1200,178,0,1.0000,0.0000,0.0000,4.2848,0.6199,-0.3587,4.6719,3.7647,0.0000,1,0.0961,0.0564,18.5512,0.0004,1.000,70.00,342.76
18.6803,UKF,smooth,0.500,10.00,0.050,1,0.600,1,6.6423,8.9566,2.3142,1.6021,0.4054,0.1841,0.0591,6.0000,7.4775,0.6412,5.9452,0.6056,67.7595,-26.4847,71.2111,-26.6722,71.1522,-26.7662,68.6433,-25.8860,60.7425,-22.8491,3.4515,-0.1876,3.3927,-0.2816,0.8838,0.5987,178,0.1300,178,0,1.0000,0.0000,0.0000,4.3612,0.6706,-0.4773,4.6597,3.7799,0.0000,1,0.0961,0.0564,18.5512,0.0004,1.000,70.00,342.76
18.6903,UKF,smooth,0.500,10.00,0.050,1,0.600,1,6.6518,8.9650,2.3132,1.6397,0.4054,0.1841,0.0593,6.0000,7.4775,0.6414,6.3100,0.6058,67.4936,-26.3915,71.2111,-26.6722,71.1522,-26.7662,68.4777,-25.8158,60.6304,-22.7525,3.7174,-0.2807,3.6586,-0.3747,0.9841,0.5757,178,0.1400,178,0,1.0000,0.0000,0.0000,4.4670,0.7360,-0.5422,4.6474,3.7950,0.0000,1,0.0961,0.0564,18.5512,0.0004,1.000,70.00,342.76
18.7003,UKF,smooth,0.500,10.00,0.050,1,0.600,1,6.6601,8.9720,2.3119,1.6782,0.4054,0.1841,0.0595,6.0000,7.4775,0.6416,6.6222,0.6060,67.2291,-26.3014,71.2111,-26.6722,71.1522,-26.7662,68.3171,-25.7822,60.5177,-22.7956,3.9819,-0.3708,3.9231,-0.4648,1.0879,0.5192,178,0.1500,178,0,1.0000,0.0000,0.0000,4.5816,0.8064,-0.5686,4.6350,3.8101,0.0000,1,0.0961,0.0564,18.5512,0.0004,1.000,70.00,342.76
18.7103,UKF,smooth,0.500,10.00,0.050,1,0.600,1,6.6672,8.9780,2.3107,1.7175,0.4054,0.1841,0.0596,6.0000,7.4775,0.6419,6.9416,0.6063,66.9659,-26.2164,71.2111,-26.6722,71.1522,-26.7662,68.1608,-25.7776,60.4063,-22.9342,4.2452,-0.4559,4.1864,-0.5499,1.1949,0.4388,178,0.1600,178,0,1.0000,0.0000,0.0000,4.6971,0.8779,-0.5684,4.6226,3.8252,0.0000,1,0.0961,0.0564,18.5512,0.0004,1.000,70.00,342.76
18.7203,UKF,smooth,0.500,10.00,0.050,1,0.600,1,6.6734,9.0447,2.3714,1.4350,0.4061,0.1844,0.0606,6.0000,7.5143,1.5839,1.7017,0.6066,66.7037,-26.1377,68.2955,-26.6647,68.0065,-26.6069,66.6223,-26.4127,55.8555,-24.8729,1.5918,-0.5270,1.3028,-0.4692,-0.0814,-0.2749,179,0.0600,179,0,1.0000,0.0000,0.0000,4.8108,0.9492,-0.5495,4.6101,3.8402,0.0000,1,0.0961,0.0564,18.6607,0.0004,1.000,70.00,342.76
18.7303,UKF,smooth,0.500,10.00,0.050,1,0.600,1,6.6785,9.0603,2.3818,1.4676,0.4061,0.1844,0.0607,6.0000,7.5143,1.5840,2.1667,0.6069,66.4425,-26.0664,68.2955,-26.6647,68.0065,-26.6069,66.3854,-26.4250,55.6561,-25.1082,1.8530,-0.5983,1.5640,-0.5405,-0.0572,-0.3585,179,0.0700,179,0,1.0000,0.0000,0.0000,4.9216,1.0197,-0.5168,4.5975,3.8553,0.0000,1,0.0961,0.0564,18.6607,0.0004,1.000,70.00,342.76
18.7403,UKF,smooth,0.500,10.00,0.050,1,0.600,1,6.6828,9.0746,2.3918,1.5011,0.4061,0.1844,0.0609,6.0000,7.5143,1.5841,2.6890,0.6072,66.1822,-26.0030,68.2955,-26.6647,68.0065,-26.6069,66.1522,-26.4517,55.4580,-25.3798,2.1133,-0.6617,1.8243,-0.6039,-0.0300,-0.4487,179,0.0800,179,0,1.0000,0.0000,0.0000,5.0293,1.0894,-0.4738,4.5848,3.8703,0.0000,1,0.0961,0.0564,18.6607,0.0004,1.000,70.00,342.76
18.7503,UKF,smooth,0.500,10.00,0.050,1,0.600,1,6.6863,9.0877,2.4014,1.5355,0.4061,0.1844,0.0611,6.0000,7.5143,1.5842,3.2608,0.6075,65.9227,-25.9480,68.2955,-26.6647,68.0065,-26.6069,65.9227,-26.4931,55.2611,-25.6821,2.3728,-0.7167,2.0838,-0.6589,0.0001,-0.5451,179,0.0900,179,0,1.0000,0.0000,0.0000,5.1337,1.1581,-0.4231,4.5721,3.8853,0.0000,1,0.0961,0.0564,18.6607,0.0004,1.000,70.00,342.76
18.7603,UKF,smooth,0.500,10.00,0.050,1,0.600,1,6.6890,9.0997,2.4107,1.5708,0.4061,0.1844,0.0613,6.0000,7.5143,1.5843,3.8772,0.6078,65.6637,-25.9017,68.2955,-26.6647,68.0065,-26.6069,65.6968,-26.5491,55.0655,-26.0105,2.6318,-0.7630,2.3428,-0.7052,0.0331,-0.6474,179,0.1000,179,0,1.0000,0.0000,0.0000,5.2351,1.2259,-0.3663,4.5593,3.9003,0.0000,1,0.0812,0.0468,18.6607,0.0002,1.000,70.00,342.76
18.7703,UKF,smooth,0.500,10.00,0.050,1,0.600,1,6.6910,9.1107,2.4197,1.6069,0.4061,0.1844,0.0614,6.0000,7.5143,1.5844,4.5345,0.6081,65.4053,-25.8643,68.2955,-26.6647,68.0065,-26.6069,65.4744,-26.6197,54.8712,-26.3617,2.8902,-0.8004,2.6012,-0.7426,0.0691,-0.7554,179,0.1100,179,0,1.0000,0.0000,0.0000,5.3338,1.2929,-0.3051,4.5465,3.9153,0.0000,1,0.0812,0.0468,18.6607,0.0002,1.000,70.00,342.76
18.7803,UKF,smooth,0.500,10.00,0.050,1,0.600,1,6.6923,9.1207,2.4284,1.6439,0.4061,0.1844,0.0616,6.0000,7.5143,1.5846,5.2295,0.6083,65.1473,-25.8359,68.2955,-26.6647,68.0065,-26.6069,65.2553,-26.7046,54.6780,-26.7331,3.1482,-0.8288,2.8592,-0.7710,0.1081,-0.8687,179,0.1200,179,0,1.0000,0.0000,0.0000,5.4299,1.3593,-0.2406,4.5336,3.9302,0.0000,1,0.0812,0.0468,18.6607,0.0002,1.000,70.00,342.76
18.7903,UKF,smooth,0.500,10.00,0.050,1,0.600,1,6.6930,9.1298,2.4368,1.6816,0.4061,0.1844,0.0618,6.0000,7.5143,1.5847,5.9595,0.6085,64.8895,-25.8167,68.2955,-26.6647,68.0065,-26.6069,65.0396,-26.8037,54.4859,-27.1223,3.4060,-0.8480,3.1170,-0.7902,0.1501,-0.9870,179,0.1300,179,0,1.0000,0.0000,0.0000,5.5237,1.4251,-0.1736,4.5206,3.9452,0.0000,1,0.0812,0.0468,18.6607,0.0002,1.000,70.00,342.76
18.8003,UKF,smooth,0.500,10.00,0.050,1,0.600,1,6.6930,9.1379,2.4449,1.7201,0.4061,0.1844,0.0620,6.0000,7.5143,1.5849,6.7219,0.6087,64.6320,-25.8066,68.2955,-26.6647,68.0065,-26.6069,64.8272,-26.9164,54.2949,-27.5272,3.6635,-0.8581,3.3745,-0.8003,0.1952,-1.1098,179,0.1400,179,0,1.0000,0.0000,0.0000,5.6155,1.4904,-0.1052,4.5075,3.9601,0.0000,1,0.0812,0.0468,18.6607,0.0002,1.000,70.00,342.76
18.8103,UKF,smooth,0.500,10.00,0.050,1,0.600,1,6.6924,8.8404,2.1480,1.4235,0.4074,0.1839,0.0634,6.0000,6.9858,0.8457,1.1954,0.6089,64.3746,-25.8057,65.6637,-25.9017,65.5424,-25.9913,64.5756,-25.8905,53.9260,-24.5560,1.2892,-0.0960,1.1678,-0.1856,0.2010,-0.0848,180,0.0500,180,0,1.0000,0.0000,0.0000,5.7055,1.5555,-0.0360,4.4944,3.9749,0.0000,1,0.0812,0.0468,18.7606,0.0002,1.000,70.00,342.76
18.8203,UKF,smooth,0.500,10.00,0.050,1,0.600,1,6.6911,8.8443,2.1531,1.4554,0.4074,0.1839,0.0636,6.0000,6.9858,0.8460,1.4232,0.6090,64.1171,-25.8139,65.6637,-25.9017,65.5424,-25.9913,64.3577,-25.9128,53.7284,-24.8964,1.5466,-0.0877,1.4253,-0.1773,0.2405,-0.0988,180,0.0600,180,0,1.0000,0.0000,0.0000,5.7940,1.6204,0.0332,4.4812,3.9898,0.0000,1,0.0812,0.0468,18.7606,0.0002,1.000,70.00,342.76
18.8303,UKF,smooth,0.500,10.00,0.050,1,0.600,1,6.6893,8.8470,2.1577,1.4882,0.4074,0.1839,0.0638,6.0000,6.9858,0.8462,1.6776,0.6092,63.8597,-25.8312,65.6637,-25.9017,65.5424,-25.9913,64.1429,-25.9483,53.5313,-25.2483,1.8040,-0.0705,1.6827,-0.1601,0.2832,-0.1171,180,0.0700,180,0,1.0000,0.0000,0.0000,5.8813,1.6852,0.1017,4.4680,4.0046,0.0000,1,0.0812,0.0468,18.7606,0.0002,1.000,70.00,342.76
18.8403,UKF,smooth,0.500,10.00,0.050,1,0.600,1,6.6869,8.8485,2.1616,1.5219,0.4074,0.1839,0.0639,6.0000,6.9858,0.8464,1.9582,0.6092,63.6021,-25.8574,65.6637,-25.9017,65.5424,-25.9913,63.9314,-25.9967,53.3345,-25.6099,2.0617,-0.0443,1.9403,-0.1339,0.3293,-0.1394,180,0.0800,180,0,1.0000,0.0000,0.0000,5.9676,1.7501,0.1690,4.4547,4.0195,0.0000,1,0.0812,0.0468,18.7606,0.0002,1.000,70.00,342.76
18.8503,UKF,smooth,0.500,10.00,0.050,1,0.600,1,6.6839,8.8488,2.1649,1.5565,0.4074,0.1839,0.0641,6.0000,6.9858,0.8466,2.2641,0.6093,63.3442,-25.8923,65.6637,-25.9017,65.5424,-25.9913,63.7230,-26.0575,53.1380,-25.9793,2.3195,-0.0094,2.1982,-0.0989,0.3788,-0.1652,180,0.0900,180,0,1.0000,0.0000,0.0000,6.0531,1.8153,0.2341,4.4413,4.0342,0.0000,1,0.1160,0.0533,18.7606,-0.0019,1.000,70.00,342.76
18.8603,UKF,smooth,0.500,10.00,0.050,1,0.600,1,6.6802,8.8477,2.1675,1.5921,0.4074,0.1839,0.0643,6.0000,6.9858,0.8469,2.5944,0.6094,63.0860,-25.9358,65.6637,-25.9017,65.5424,-25.9913,63.5177,-26.1298,52.9415,-26.3540,2.5777,0.0341,2.4564,-0.0555,0.4317,-0.1940,180,0.1000,180,0,1.0000,0.0000,0.0000,6.1383,1.8810,0.2963,4.4278,4.0490,0.0000,1,0.1160,0.0533,18.7606,-0.0019,1.000,70.00,342.76
18.8703,UKF,smooth,0.500,10.00,0.050,1,0.600,1,6.6760,8.8452,2.1693,1.6285,0.4074,0.1839,0.0644,6.0000,6.9858,0.8471,2.9476,0.6094,62.8275,-25.9876,65.6637,-25.9017,65.5424,-25.9913,63.3155,-26.2127,52.7450,-26.7312,2.8363,0.0859,2.7149,-0.0037,0.4881,-0.2251,180,0.1100,180,0,1.0000,0.0000,0.0000,6.2232,1.9471,0.3547,4.4143,4.0637,0.0000,1,0.1160,0.0533,18.7606,-0.0019,1.000,70.00,342.76
18.8803,UKF,smooth,0.500,10.00,0.050,1,0.600,1,6.6710,8.8411,2.1701,1.6657,0.4074,0.1839,0.0646,6.0000,6.9858,0.8473,3.3215,0.6094,62.5684,-26.0473,65.6637,-25.9017,65.5424,-25.9913,63.1165,-26.3049,52.5481,-27.1074,3.0953,0.1456,2.9740,0.0560,0.5480,-0.2576,180,0.1200,180,0,1.0000,0.0000,0.0000,6.3082,2.0141,0.4081,4.4007,4.0785,0.0000,1,0.1160,0.0533,18.7606,-0.0019,1.000,70.00,342.76
18.8903,UKF,smooth,0.500,10.00,0.050,1,0.600,1,6.6655,8.8353,2.1699,1.7038,0.4074,0.1839,0.0648,6.0000,6.9858,0.8475,3.7127,0.6094,62.3089,-26.1145,65.6637,-25.9017,65.5424,-25.9913,62.9205,-26.4047,52.3508,-27.4778,3.3549,0.2128,3.2335,0.1233,0.6117,-0.2902,180,0.1300,180,0,1.0000,0.0000,0.0000,6.3936,2.0819,0.4553,4.3871,4.0931,0.0000,1,0.1160,0.0533,18.7606,-0.0019,1.000,70.00,342.76
18.9003,UKF,smooth,0.500,10.00,0.050,1,0.600,1,6.6591,8.8275,2.1683,1.7427,0.4074,0.1839,0.0650,6.0000,6.9858,0.8477,4.1167,0.6094,62.0487,-26.1887,65.6637,-25.9017,65.5424,-25.9913,62.7278,-26.5100,52.1528,-27.8359,3.6151,0.2871,3.4937,0.1975,0.6791,-0.3212,180,0.1400,180,0,1.0000,0.0000,0.0000,6.4795,2.1507,0.4944,4.3733,4.1078,0.0000,1,0.1160,0.0533,18.7606,-0.0019,1.000,70.00,342.76
18.9103,UKF,smooth,0.500,10.00,0.050,1,0.600,1,6.6520,8.8421,2.1901,1.4321,0.4083,0.1836,0.0660,6.0000,6.9691,1.7721,1.7191,0.6094,61.7878,-26.2692,63.3442,-25.8923,63.3842,-26.1864,61.9533,-26.5154,49.8913,-28.4991,1.5564,0.3769,1.5965,0.0828,0.1656,-0.2461,181,0.0600,181,0,1.0000,0.0000,0.0000,6.5661,2.2207,0.5229,4.3596,4.1224,0.0000,1,0.1160,0.0533,18.8484,-0.0019,1.000,70.00,342.76
18.9203,UKF,smooth,0.500,10.00,0.050,1,0.600,1,6.6441,8.8369,2.1928,1.4641,0.4083,0.1836,0.0662,6.0000,6.9691,1.7720,1.7820,0.6094,61.5261,-26.3549,63.3442,-25.8923,63.3842,-26.1864,61.7231,-26.5950,49.6444,-28.7676,1.8181,0.4626,1.8581,0.1685,0.1970,-0.2401,181,0.0700,181,0,1.0000,0.0000,0.0000,6.6532,2.2917,0.5372,4.3457,4.1370,0.0000,1,0.1160,0.0533,18.8484,-0.0019,1.000,70.00,342.76
18.9303,UKF,smooth,0.500,10.00,0.050,1,0.600,1,6.6352,8.8292,2.1940,1.4970,0.4083,0.1836,0.0664,6.0000,6.9691,1.7720,1.8477,0.6096,61.2636,-26.4444,63.3442,-25.8923,63.3842,-26.1864,61.4957,-26.6732,49.3962,-28.9831,2.0806,0.5521,2.1206,0.2580,0.2320,-0.2287,181,0.0800,181,0,1.0000,0.0000,0.0000,6.7399,2.3633,0.5319,4.3318,4.1516,0.0000,1,0.1160,0.0533,18.8484,-0.0019,1.000,70.00,342.76
18.9403,UKF,smooth,0.500,10.00,0.050,1,0.600,1,6.6253,8.8187,2.1934,1.5309,0.4083,0.1836,0.0665,6.0000,6.9691,1.7721,1.8984,0.6097,61.0001,-26.5354,63.3442,-25.8923,63.3842,-26.1864,61.2709,-26.7407,49.1487,-29.1057,2.3440,0.6430,2.3841,0.3490,0.2707,-0.2053,181,0.0900,181,0,1.0000,0.0000,0.0000,6.8233,2.4335,0.4979,4.3178,4.1661,0.0000,1,0.1160,0.0533,18.8484,-0.0019,1.000,70.00,342.76
18.9503,UKF,smooth,0.500,10.00,0.050,1,0.600,1,6.6143,8.8054,2.1911,1.5656,0.4083,0.1836,0.0667,6.0000,6.9691,1.7722,1.9150,0.6100,60.7356,-26.6239,63.3442,-25.8923,63.3842,-26.1864,61.0483,-26.7802,48.9096,-29.0574,2.6086,0.7316,2.6487,0.4375,0.3127,-0.1563,181,0.1000,181,0,1.0000,0.0000,0.0000,6.8945,2.4968,0.4202,4.3038,4.1806,0.0000,1,0.1160,0.0533,18.8484,-0.0019,1.000,70.00,342.76
18.9603,UKF,smooth,0.500,10.00,0.050,1,0.600,1,6.6023,8.7915,2.1891,1.6013,0.4083,0.1836,0.0669,6.0000,6.9691,1.7725,1.9352,0.6104,60.4696,-26.7034,63.3442,-25.8923,63.3842,-26.1864,60.8261,-26.7603,48.7028,-28.6998,2.8746,0.8111,2.9147,0.5170,0.3566,-0.0569,181,0.1100,181,0,1.0000,0.0000,0.0000,6.9257,2.5355,0.2807,4.2896,4.1951,0.0000,1,0.1160,0.0533,18.8484,-0.0019,1.000,70.00,342.76
18.9703,UKF,smooth,0.500,10.00,0.050,1,0.600,1,6.5902,8.7846,2.1945,1.6378,0.4083,0.1836,0.0671,6.0000,6.9691,1.7729,2.2300,0.6109,60.2016,-26.7664,63.3442,-25.8923,63.3842,-26.1864,60.6010,-26.6584,48.5719,-27.9700,3.1426,0.8741,3.1826,0.5800,0.3994,0.1080,181,0.1200,181,0,1.0000,0.0000,0.0000,6.8682,2.5176,0.0984,4.2755,4.2096,0.0000,1,0.1066,0.0439,18.8484,0.0005,1.000,70.00,342.76
18.9803,UKF,smooth,0.500,10.00,0.050,1,0.600,1,6.5788,8.7905,2.2118,1.6752,0.4083,0.1836,0.0673,6.0000,6.9691,1.7735,2.9615,0.6116,59.9313,-26.8107,63.3442,-25.8923,63.3842,-26.1864,60.3722,-26.5111,48.5147,-27.1124,3.4129,0.9184,3.4530,0.6243,0.4410,0.2996,181,0.1300,181,0,1.0000,0.0000,0.0000,6.7265,2.4452,-0.0602,4.2612,4.2240,0.0000,1,0.1066,0.0439,18.8484,0.0005,1.000,70.00,342.76
18.9903,UKF,smooth,0.500,10.00,0.050,1,0.600,1,6.5687,8.8068,2.2381,1.7134,0.4083,0.1836,0.0675,6.0000,6.9691,1.7741,3.8944,0.6124,59.6585,-26.8376,63.3442,-25.8923,63.3842,-26.1864,60.1420,-26.3510,48.4944,-26.3047,3.6857,0.9453,3.7258,0.6512,0.4835,0.4866,181,0.1400,181,0,1.0000,0.0000,0.0000,6.5450,2.3460,-0.1768,4.2469,4.2384,0.0000,1,0.1066,0.0439,18.8484,0.0005,1.000,70.00,342.76
19.0003,UKF,smooth,0.500,10.00,0.050,1,0.600,1,6.5605,8.8309,2.2705,1.7524,0.4083,0.1836,0.0677,6.0000,6.9691,1.7747,4.8688,0.6131,59.3833,-26.8489,63.3442,-25.8923,63.3842,-26.1864,59.9118,-26.1866,48.4905,-25.5773,3.9609,0.9566,4.0010,0.6625,0.5286,0.6623,181,0.1500,181,0,1.0000,0.0000,0.0000,6.3471,2.2351,-0.2601,4.2326,4.2527,0.0000,1,0.1066,0.0439,18.8484,0.0005,1.000,70.00,342.76
19.0103,UKF,smooth,0.500,10.00,0.050,1,0.600,1,6.5541,8.8616,2.3075,1.7921,0.4083,0.1836,0.0680,6.0000,6.9691,1.7753,5.8285,0.6138,59.1059,-26.8459,63.3442,-25.8923,63.3842,-26.1864,59.6825,-26.0198,48.4946,-24.9259,4.2383,0.9536,4.2784,0.6595,0.5766,0.8261,181,0.1600,181,0,1.0000,0.0000,0.0000,6.1428,2.1187,-0.3183,4.2181,4.2670,0.0000,1,0.1066,0.0439,18.8484,0.0005,1.000,70.00,342.76
19.0203,UKF,smooth,0.500,10.00,0.050,1,0.600,1,6.5497,8.5220,1.9723,1.4079,0.4080,0.1823,0.0679,6.0000,6.3699,2.3839,0.9251,0.6144,58.8266,-26.8302,60.2016,-26.7664,59.9893,-27.1163,58.9436,-26.9443,45.8014,-26.2121,1.3751,0.0638,1.1628,-0.2862,0.1171,-0.1141,182,0.0500,182,0,1.0000,0.0000,0.0000,5.9361,1.9996,-0.3568,4.2036,4.2813,0.0000,1,0.1066,0.0439,18.9709,0.0005,1.000,70.00,342.76
19.0303,UKF,smooth,0.500,10.00,0.050,1,0.600,1,6.5475,8.5325,1.9850,1.4390,0.4080,0.1823,0.0681,6.0000,6.3699,2.3846,0.8907,0.6151,58.5455,-26.8029,60.2016,-26.7664,59.9893,-27.1163,58.6805,-26.8905,45.7856,-25.7384,1.6561,0.0365,1.4438,-0.3134,0.1349,-0.0876,182,0.0600,182,0,1.0000,0.0000,0.0000,5.7294,1.8794,-0.3787,4.1891,4.2955,0.0000,1,0.1066,0.0439,18.9709,0.0005,1.000,70.00,342.76
19.0403,UKF,smooth,0.500,10.00,0.050,1,0.600,1,6.5474,8.5476,2.0002,1.4711,0.4080,0.1823,0.0684,6.0000,6.3699,2.3851,0.9061,0.6155,58.2630,-26.7653,60.2016,-26.7664,59.9893,-27.1163,58.4186,-26.8258,45.7740,-25.3135,1.9386,-0.0011,1.7263,-0.3510,0.1556,-0.0605,182,0.0700,182,0,1.0000,0.0000,0.0000,5.5241,1.7588,-0.3853,4.1744,4.3098,0.0000,1,0.1066,0.0439,18.9709,0.0005,1.000,70.00,342.76
19.0503,UKF,smooth,0.500,10.00,0.050,1,0.600,1,6.5496,8.5675,2.0179,1.5041,0.4080,0.1823,0.0686,6.0000,6.3699,2.3856,0.9782,0.6159,57.9793,-26.7187,60.2016,-26.7664,59.9893,-27.1163,58.1582,-26.7532,45.7654,-24.9395,2.2223,-0.0477,2.0100,-0.3976,0.1790,-0.0345,182,0.0800,182,0,1.0000,0.0000,0.0000,5.3210,1.6386,-0.3773,4.1598,4.3239,0.0000,1,0.1066,0.0439,18.9709,0.0005,1.000,70.00,342.76
19.0603,UKF,smooth,0.500,10.00,0.050,1,0.600,1,6.5540,8.5921,2.0381,1.5380,0.4080,0.1823,0.0688,6.0000,6.3699,2.3858,1.0991,0.6162,57.6947,-26.6644,60.2016,-26.7664,59.9893,-27.1163,57.8998,-26.6766,45.7584,-24.6223,2.5070,-0.1019,2.2947,-0.4519,0.2052,-0.0121,182,0.0900,182,0,1.0000,0.0000,0.0000,5.1213,1.5195,-0.3538,4.1450,4.3381,0.0000,1,0.1066,0.0439,18.9709,0.0005,1.000,70.00,342.76
19.0703,UKF,smooth,0.500,10.00,0.050,1,0.600,1,6.5607,8.6216,2.0609,1.5728,0.4080,0.1823,0.0691,6.0000,6.3699,2.3860,1.2531,0.6163,57.4094,-26.6042,60.2016,-26.7664,59.9893,-27.1163,57.6436,-26.6009,45.7517,-24.3736,2.7922,-0.1622,2.5799,-0.5121,0.2342,0.0033,182,0.1000,182,0,1.0000,0.0000,0.0000,4.9264,1.4027,-0.3124,4.1302,4.3522,0.0000,1,0.1066,0.0439,18.9709,0.0005,1.000,70.00,342.76
19.0803,UKF,smooth,0.500,10.00,0.050,1,0.600,1,6.5698,8.6559,2.0861,1.6085,0.4080,0.1823,0.0693,6.0000,6.3699,2.3860,1.4256,0.6163,57.1238,-26.5402,60.2016,-26.7664,59.9893,-27.1163,57.3900,-26.5346,45.7427,-24.2166,3.0779,-0.2261,2.8656,-0.5761,0.2663,0.0057,182,0.1100,182,0,1.0000,0.0000,0.0000,4.7394,1.2902,-0.2481,4.1153,4.3662,0.0000,1,0.0810,0.0555,18.9709,0.0016,1.000,70.00,342.76
19.0903,UKF,smooth,0.500,10.00,0.050,1,0.600,1,6.5812,8.6946,2.1134,1.6451,0.4080,0.1823,0.0696,6.0000,6.3699,2.3858,1.6188,0.6161,56.8381,-26.4759,60.2016,-26.7664,59.9893,-27.1163,57.1398,-26.4928,45.7257,-24.2003,3.3636,-0.2905,3.1513,-0.6405,0.3017,-0.0169,182,0.1200,182,0,1.0000,0.0000,0.0000,4.5680,1.1877,-0.1508,4.1004,4.3803,0.0000,1,0.0810,0.0555,18.9709,0.0016,1.000,70.00,342.76
19.1003,UKF,smooth,0.500,10.00,0.050,1,0.600,1,6.5946,8.7350,2.1404,1.6825,0.4080,0.1823,0.0698,6.0000,6.3699,2.3854,1.9104,0.6157,56.5528,-26.4171,60.2016,-26.7664,59.9893,-27.1163,56.8947,-26.5080,45.6826,-24.4311,3.6489,-0.3493,3.4366,-0.6992,0.3420,-0.0909,182,0.1300,182,0,1.0000,0.0000,0.0000,4.4374,1.1140,-0.0032,4.0854,4.3942,0.0000,1,0.0810,0.0555,18.9709,0.0016,1.000,70.00,342.76
19.1103,UKF,smooth,0.500,10.00,0.050,1,0.600,1,6.6092,8.7650,2.1559,1.7207,0.4080,0.1823,0.0701,6.0000,6.3699,2.3847,2.5333,0.6150,56.2686,-26.3714,60.2016,-26.7664,59.9893,-27.1163,56.6597,-26.6097,45.5671,-24.9710,3.9331,-0.3950,3.7208,-0.7450,0.3911,-0.2383,182,0.1400,182,0,1.0000,0.0000,0.0000,4.4133,1.1178,0.1751,4.0704,4.4082,0.0000,1,0.0810,0.0555,18.9709,0.0016,1.000,70.00,342.76
19.1203,UKF,smooth,0.500,10.00,0.050,1,0.600,1,6.6234,8.7778,2.1544,1.7598,0.4080,0.1823,0.0703,6.0000,6.3699,2.3840,3.3295,0.6143,55.9860,-26.3379,60.2016,-26.7664,59.9893,-27.1163,56.4347,-26.7234,45.3892,-25.4828,4.2156,-0.4284,4.0033,-0.7784,0.4487,-0.3855,182,0.1500,182,0,1.0000,0.0000,0.0000,4.4798,1.1888,0.2892,4.0552,4.4221,0.0000,1,0.0810,0.0555,18.9709,0.0016,1.000,70.00,342.76
19.1303,UKF,smooth,0.500,10.00,0.050,1,0.600,1,6.6369,8.7817,2.1447,1.7997,0.4080,0.1823,0.0705,6.0000,6.3699,2.3833,4.0689,0.6135,55.7051,-26.3136,60.2016,-26.7664,59.9893,-27.1163,56.2156,-26.8178,45.1940,-25.8685,4.4965,-0.4528,4.2842,-0.8027,0.5104,-0.5042,182,0.1600,182,0,1.0000,0.0000,0.0000,4.5705,1.2785,0.3473,4.0401,4.4360,0.0000,1,0.0810,0.0555,18.9709,0.0016,1.000,70.00,342.76
19.1403,UKF,smooth,0.500,10.00,0.050,1,0.600,1,6.6495,8.7351,2.0856,1.4091,0.4090,0.1814,0.0717,6.0000,6.2050,2.0871,4.5119,0.6128,55.4258,-26.2961,57.1238,-26.5402,57.1011,-26.8891,55.7464,-26.9938,44.1963,-27.4470,1.6979,-0.2441,1.6752,-0.5930,0.3206,-0.6976,183,0.0600,183,0,1.0000,0.0000,0.0000,4.6662,1.3727,0.3742,4.0248,4.4498,0.0000,1,0.0810,0.0555,19.0820,0.0016,1.000,70.00,342.76
19.1503,UKF,smooth,0.500,10.00,0.050,1,0.600,1,6.6609,8.7427,2.0818,1.4405,0.4090,0.1814,0.0720,6.0000,6.2050,2.0863,4.9343,0.6121,55.1480,-26.2841,57.1238,-26.5402,57.1011,-26.8891,55.5062,-27.0443,43.9773,-27.6822,1.9757,-0.2561,1.9530,-0.6050,0.3582,-0.7601,183,0.0700,183,0,1.0000,0.0000,0.0000,4.7623,1.4680,0.3824,4.0095,4.4636,0.0000,1,0.0810,0.0555,19.0820,0.0016,1.000,70.00,342.76
19.1603,UKF,smooth,0.500,10.00,0.050,1,0.600,1,6.6712,8.7478,2.0766,1.4728,0.4090,0.1814,0.0722,6.0000,6.2050,2.0857,5.3524,0.6115,54.8715,-26.2765,57.1238,-26.5402,57.1011,-26.8891,55.2700,-27.0972,43.7578,-27.8884,2.2523,-0.2637,2.2296,-0.6126,0.3985,-0.8208,183,0.0800,183,0,1.0000,0.0000,0.0000,4.8572,1.5633,0.3782,3.9942,4.4773,0.0000,1,0.0810,0.0555,19.0820,0.0016,1.000,70.00,342.76
19.1703,UKF,smooth,0.500,10.00,0.050,1,0.600,1,6.6804,8.7504,2.0700,1.5061,0.4090,0.1814,0.0724,6.0000,6.2050,2.0852,5.7678,0.6109,54.5962,-26.2725,57.1238,-26.5402,57.1011,-26.8891,55.0377,-27.1522,43.5382,-28.0736,2.5276,-0.2677,2.5049,-0.6166,0.4416,-0.8797,183,0.0900,183,0,1.0000,0.0000,0.0000,4.9505,1.6580,0.3652,3.9788,4.4910,0.0000,1,0.0872,0.0546,19.0820,-0.0012,1.000,70.00,342.76
19.1803,UKF,smooth,0.500,10.00,0.050,1,0.600,1,6.6884,8.7505,2.0621,1.5404,0.4090,0.1814,0.0726,6.0000,6.2050,2.0847,6.1822,0.6104,54.3219,-26.2716,57.1238,-26.5402,57.1011,-26.8891,54.8092,-27.2088,43.3187,-28.2430,2.8019,-0.2686,2.7792,-0.6175,0.4873,-0.9372,183,0.1000,183,0,1.0000,0.0000,0.0000,5.0420,1.7522,0.3457,3.9633,4.5047,0.0000,1,0.0872,0.0546,19.0820,-0.0012,1.000,70.00,342.76
19.1903,UKF,smooth,0.500,10.00,0.050,1,0.600,1,6.6953,8.7482,2.0530,1.5755,0.4090,0.1814,0.0728,6.0000,6.2050,2.0842,6.5966,0.6100,54.0486,-26.2733,57.1238,-26.5402,57.1011,-26.8891,54.5844,-27.2667,43.0992,-28.3999,3.0752,-0.2669,3.0525,-0.6158,0.5358,-0.9934,183,0.1100,183,0,1.0000,0.0000,0.0000,5.1317,1.8457,0.3210,3.9478,4.5183,0.0000,1,0.0872,0.0546,19.0820,-0.0012,1.000,70.00,342.76
19.2003,UKF,smooth,0.500,10.00,0.050,1,0.600,1,6.7009,8.7436,2.0426,1.6115,0.4090,0.1814,0.0731,6.0000,6.2050,2.0839,7.0124,0.6096,53.7761,-26.2772,57.1238,-26.5402,57.1011,-26.8891,54.3632,-27.3256,42.8799,-28.5468,3.3476,-0.2630,3.3249,-0.6119,0.5871,-1.0484,183,0.1200,183,0,1.0000,0.0000,0.0000,5.2195,1.9386,0.2923,3.9322,4.5319,0.0000,1,0.0872,0.0546,19.0820,-0.0012,1.000,70.00,342.76
19.2103,UKF,smooth,0.500,10.00,0.050,1,0.600,1,6.7054,8.7365,2.0311,1.6484,0.4090,0.1814,0.0733,6.0000,6.2050,2.0836,7.4307,0.6094,53.5044,-26.2830,57.1238,-26.5402,57.1011,-26.8891,54.1456,-27.3854,42.6606,-28.6857,3.6194,-0.2572,3.5967,-0.6061,0.6413,-1.1023,183,0.1300,183,0,1.0000,0.0000,0.0000,5.3055,2.0308,0.2604,3.9165,4.5454,0.0000,1,0.0872,0.0546,19.0820,-0.0012,1.000,70.00,342.76
19.2203,UKF,smooth,0.500,10.00,0.050,1,0.600,1,6.7088,8.7271,2.0183,1.6861,0.4090,0.1814,0.0735,6.0000,6.2050,2.0834,7.8525,0.6092,53.2332,-26.2905,57.1238,-26.5402,57.1011,-26.8891,53.9315,-27.4457,42.4415,-28.8178,3.8905,-0.2497,3.8678,-0.5986,0.6982,-1.1552,183,0.1400,183,0,1.0000,0.0000,0.0000,5.3898,2.1224,0.2258,3.9008,4.5589,0.0000,1,0.0872,0.0546,19.0820,-0.0012,1.000,70.00,342.76
19.2303,UKF,smooth,0.500,10.00,0.050,1,0.600,1,6.7109,8.8235,2.1125,1.3979,0.4108,0.1812,0.0755,6.0000,6.8986,1.6353,1.5017,0.6091,52.9626,-26.2994,54.5962,-26.2725,54.3176,-26.3841,52.6827,-26.2916,39.2571,-24.2582,1.6336,0.0268,1.3550,-0.0847,-0.2799,0.0078,184,0.0600,184,0,1.0000,0.0000,0.0000,5.4724,2.2133,0.1891,3.8851,4.5723,0.0000,1,0.0872,0.0546,19.1692,-0.0012,1.000,70.00,342.76
19.2403,UKF,smooth,0.500,10.00,0.050,1,0.600,1,6.7119,8.8210,2.1091,1.4293,0.4108,0.1812,0.0757,6.0000,6.8986,1.6354,1.5446,0.6090,52.6923,-26.3095,54.5962,-26.2725,54.3176,-26.3841,52.4077,-26.2700,38.9876,-24.2602,1.9039,0.0369,1.6253,-0.0746,-0.2846,0.0394,184,0.0700,184,0,1.0000,0.0000,0.0000,5.5533,2.3037,0.1506,3.8693,4.5857,0.0000,1,0.0872,0.0546,19.1692,-0.0012,1.000,70.00,342.76
19.2503,UKF,smooth,0.500,10.00,0.050,1,0.600,1,6.7118,8.8163,2.1045,1.4616,0.4108,0.1812,0.0759,6.0000,6.8986,1.6350,1.5928,0.6090,52.4222,-26.3206,54.5962,-26.2725,54.3176,-26.3841,52.1361,-26.2493,38.7175,-24.2565,2.1740,0.0481,1.8954,-0.0635,-0.2861,0.0713,184,0.0800,184,0,1.0000,0.0000,0.0000,5.6326,2.3936,0.1107,3.8534,4.5991,0.0000,1,0.0872,0.0546,19.1692,-0.0012,1.000,70.00,342.76
19.2603,UKF,smooth,0.500,10.00,0.050,1,0.600,1,6.7105,8.8094,2.0988,1.4949,0.4108,0.1812,0.0760,6.0000,6.8986,1.6346,1.6468,0.6090,52.1523,-26.3327,54.5962,-26.2725,54.3176,-26.3841,51.8678,-26.2291,38.4468,-24.2479,2.4439,0.0601,2.1653,-0.0514,-0.2845,0.1036,184,0.0900,184,0,1.0000,0.0000,0.0000,5.7103,2.4829,0.0695,3.8375,4.6124,0.0000,1,0.0967,0.0569,19.1692,-0.0006,1.000,70.00,342.76
19.2703,UKF,smooth,0.500,10.00,0.050,1,0.600,1,6.7081,8.8002,2.0921,1.5291,0.4108,0.1812,0.0762,6.0000,6.8986,1.6343,1.7073,0.6091,51.8824,-26.3455,54.5962,-26.2725,54.3176,-26.3841,51.6028,-26.2093,38.1753,-24.2348,2.7137,0.0730,2.4352,-0.0385,-0.2797,0.1363,184,0.1000,184,0,1.0000,0.0000,0.0000,5.7865,2.5717,0.0275,3.8215,4.6256,0.0000,1,0.0967,0.0569,19.1692,-0.0006,1.000,70.00,342.76
19.2803,UKF,smooth,0.500,10.00,0.050,1,0.600,1,6.7045,8.7889,2.0844,1.5643,0.4108,0.1812,0.0764,6.0000,6.8986,1.6340,1.7753,0.6093,51.6126,-26.3591,54.5962,-26.2725,54.3176,-26.3841,51.3409,-26.1897,37.9030,-24.2178,2.9836,0.0866,2.7050,-0.0249,-0.2717,0.1694,184,0.1100,184,0,1.0000,0.0000,0.0000,5.8613,2.6601,-0.0153,3.8054,4.6388,0.0000,1,0.0967,0.0569,19.1692,-0.0006,1.000,70.00,342.76
19.2903,UKF,smooth,0.500,10.00,0.050,1,0.600,1,6.6999,8.7755,2.0756,1.6002,0.4108,0.1812,0.0766,6.0000,6.8986,1.6338,1.8517,0.6096,51.3427,-26.3733,54.5962,-26.2725,54.3176,-26.3841,51.0821,-26.1703,37.6299,-24.1975,3.2535,0.1008,2.9749,-0.0107,-0.2606,0.2030,184,0.1200,184,0,1.0000,0.0000,0.0000,5.9346,2.7480,-0.0585,3.7893,4.6520,0.0000,1,0.0967,0.0569,19.1692,-0.0006,1.000,70.00,342.76
19.3003,UKF,smooth,0.500,10.00,0.050,1,0.600,1,6.6941,8.7599,2.0658,1.6371,0.4108,0.1812,0.0768,6.0000,6.8986,1.6337,1.9377,0.6100,51.0725,-26.3881,54.5962,-26.2725,54.3176,-26.3841,50.8263,-26.1511,37.3559,-24.1743,3.5236,0.1156,3.2450,0.0040,-0.2463,0.2370,184,0.1300,184,0,1.0000,0.0000,0.0000,6.0065,2.8355,-0.1020,3.7732,4.6651,0.0000,1,0.0967,0.0569,19.1692,-0.0006,1.000,70.00,342.76
19.3103,UKF,smooth,0.500,10.00,0.050,1,0.600,1,6.6873,8.7422,2.0550,1.6748,0.4108,0.1812,0.0769,6.0000,6.8986,1.6336,2.0341,0.6104,50.8021,-26.4034,54.5962,-26.2725,54.3176,-26.3841,50.5735,-26.1322,37.0810,-24.1493,3.7940,0.1309,3.5155,0.0193,-0.2287,0.2712,184,0.1400,184,0,1.0000,0.0000,0.0000,6.0771,2.9226,-0.1455,3.7570,4.6781,0.0000,1,0.0967,0.0569,19.1692,-0.0006,1.000,70.00,342.76
19.3203,UKF,smooth,0.500,10.00,0.050,1,0.600,1,6.6793,8.7271,2.0478,1.3891,0.4120,0.1811,0.0783,6.0000,6.4759,1.1111,0.6121,0.6110,50.5313,-26.4192,52.1523,-26.3327,52.0487,-26.4934,50.5861,-26.5090,37.8102,-25.9416,1.6209,0.0865,1.5174,-0.0742,0.0547,-0.0898,185,0.0600,185,0,1.0000,0.0000,0.0000,6.1465,3.0095,-0.1888,3.7407,4.6912,0.0000,1,0.0967,0.0569,19.2597,-0.0006,1.000,70.00,342.76
19.3303,UKF,smooth,0.500,10.00,0.050,1,0.600,1,6.6703,8.7139,2.0436,1.4207,0.4120,0.1811,0.0785,6.0000,6.4759,1.1116,0.6534,0.6116,50.2601,-26.4355,52.1523,-26.3327,52.0487,-26.4934,50.3457,-26.5134,37.5504,-25.9555,1.8922,0.1028,1.7886,-0.0579,0.0856,-0.0779,185,0.0700,185,0,1.0000,0.0000,0.0000,6.2146,3.0960,-0.2316,3.7244,4.7041,0.0000,1,0.0967,0.0569,19.2597,-0.0006,1.000,70.00,342.76
19.3403,UKF,smooth,0.500,10.00,0.050,1,0.600,1,6.6602,8.6986,2.0384,1.4534,0.4120,0.1811,0.0787,6.0000,6.4759,1.1121,0.7551,0.6123,49.9883,-26.4524,52.1523,-26.3327,52.0487,-26.4934,50.1082,-26.5188,37.2897,-25.9720,2.1639,0.1197,2.0604,-0.0410,0.1199,-0.0664,185,0.0800,185,0,1.0000,0.0000,0.0000,6.2816,3.1824,-0.2735,3.7080,4.7170,0.0000,1,0.0967,0.0569,19.2597,-0.0006,1.000,70.00,342.76
19.3503,UKF,smooth,0.500,10.00,0.050,1,0.600,1,6.6491,8.6813,2.0322,1.4870,0.4120,0.1811,0.0789,6.0000,6.4759,1.1127,0.9084,0.6131,49.7159,-26.4699,52.1523,-26.3327,52.0487,-26.4934,49.8737,-26.5257,37.0279,-25.9935,2.4364,0.1372,2.3328,-0.0235,0.1578,-0.0558,185,0.0900,185,0,1.0000,0.0000,0.0000,6.3476,3.2686,-0.3141,3.6916,4.7299,0.0000,1,0.0967,0.0569,19.2597,-0.0006,1.000,70.00,342.76
19.3603,UKF,smooth,0.500,10.00,0.050,1,0.600,1,6.6369,8.6620,2.0251,1.5216,0.4120,0.1811,0.0791,6.0000,6.4759,1.1134,1.1025,0.6140,49.4427,-26.4882,52.1523,-26.3327,52.0487,-26.4934,49.6420,-26.5348,36.7648,-26.0232,2.7095,0.1556,2.6060,-0.0052,0.1993,-0.0466,185,0.1000,185,0,1.0000,0.0000,0.0000,6.4127,3.3549,-0.3525,3.6752,4.7427,0.0000,1,0.0953,0.0576,19.2597,0.0019,1.000,70.00,342.76
19.3703,UKF,smooth,0.500,10.00,0.050,1,0.600,1,6.6237,8.6408,2.0170,1.5570,0.4120,0.1811,0.0793,6.0000,6.4759,1.1142,1.3296,0.6149,49.1688,-26.5076,52.1523,-26.3327,52.0487,-26.4934,49.4132,-26.5474,36.5001,-26.0672,2.9835,0.1750,2.8800,0.0142,0.2444,-0.0397,185,0.1100,185,0,1.0000,0.0000,0.0000,6.4771,3.4413,-0.3875,3.6586,4.7555,0.0000,1,0.0953,0.0576,19.2597,0.0019,1.000,70.00,342.76
19.3803,UKF,smooth,0.500,10.00,0.050,1,0.600,1,6.6096,8.6178,2.0082,1.5934,0.4120,0.1811,0.0795,6.0000,6.4759,1.1150,1.5855,0.6160,48.8939,-26.5286,52.1523,-26.3327,52.0487,-26.4934,49.1872,-26.5661,36.2335,-26.1376,3.2583,0.1959,3.1548,0.0352,0.2933,-0.0375,185,0.1200,185,0,1.0000,0.0000,0.0000,6.5411,3.5282,-0.4165,3.6421,4.7682,0.0000,1,0.0953,0.0576,19.2597,0.0019,1.000,70.00,342.76
19.3903,UKF,smooth,0.500,10.00,0.050,1,0.600,1,6.5945,8.5934,1.9990,1.6306,0.4120,0.1811,0.0797,6.0000,6.4759,1.1159,1.8715,0.6171,48.6181,-26.5522,52.1523,-26.3327,52.0487,-26.4934,48.9641,-26.5980,35.9640,-26.2659,3.5342,0.2195,3.4306,0.0587,0.3460,-0.0458,185,0.1300,185,0,1.0000,0.0000,0.0000,6.6053,3.6162,-0.4322,3.6254,4.7808,0.0000,1,0.0953,0.0576,19.2597,0.0019,1.000,70.00,342.76
19.4003,UKF,smooth,0.500,10.00,0.050,1,0.600,1,6.5787,8.5707,1.9920,1.6686,0.4120,0.1811,0.0799,6.0000,6.4759,1.1168,2.2240,0.6181,48.3412,-26.5822,52.1523,-26.3327,52.0487,-26.4934,48.7438,-26.6754,35.6946,-26.6003,3.8111,0.2495,3.7075,0.0888,0.4026,-0.0932,185,0.1400,185,0,1.0000,0.0000,0.0000,6.6673,3.7029,-0.3976,3.6088,4.7934,0.0000,1,0.0953,0.0576,19.2597,0.0019,1.000,70.00,342.76
19.4103,UKF,smooth,0.500,10.00,0.050,1,0.600,1,6.5653,8.5932,2.0279,1.7075,0.4120,0.1811,0.0801,6.0000,6.4759,1.1175,2.4921,0.6190,48.0620,-26.6157,52.1523,-26.3327,52.0487,-26.4934,48.5111,-26.7275,35.6935,-26.7935,4.0902,0.2831,3.9867,0.1223,0.4491,-0.1117,185,0.1500,185,0,1.0000,0.0000,0.0000,6.5180,3.5859,-0.2552,3.5920,4.8060,0.0000,1,0.0953,0.0576,19.2597,0.0019,1.000,70.00,342.76
19.4203,UKF,smooth,0.500,10.00,0.050,1,0.600,1,6.5545,8.5603,2.0057,1.3919,0.4125,0.1800,0.0808,6.0000,6.3586,0.8767,1.7630,0.6197,47.7807,-26.6461,49.4427,-26.4882,49.4877,-26.6281,48.1103,-26.6401,35.1679,-26.6721,1.6621,0.1579,1.7071,0.0180,0.3296,0.0061,186,0.0600,186,0,1.0000,0.0000,0.0000,6.3369,3.4367,-0.1745,3.5753,4.8184,0.0000,1,0.0953,0.0576,19.3623,0.0019,1.000,70.00,342.76
19.4303,UKF,smooth,0.500,10.00,0.050,1,0.600,1,6.5462,8.5680,2.0218,1.4236,0.4125,0.1800,0.0810,6.0000,6.3586,0.8773,1.9911,0.6202,47.4973,-26.6718,49.4427,-26.4882,49.4877,-26.6281,47.8666,-26.6291,35.1748,-26.4817,1.9455,0.1836,1.9904,0.0437,0.3693,0.0428,186,0.0700,186,0,1.0000,0.0000,0.0000,6.1534,3.2837,-0.1104,3.5584,4.8309,0.0000,1,0.0953,0.0576,19.3623,0.0019,1.000,70.00,342.76
19.4403,UKF,smooth,0.500,10.00,0.050,1,0.600,1,6.5404,8.5804,2.0400,1.4563,0.4125,0.1800,0.0813,6.0000,6.3586,0.8778,2.2617,0.6205,47.2122,-26.6922,49.4427,-26.4882,49.4877,-26.6281,47.6244,-26.6073,35.1866,-26.2623,2.2306,0.2039,2.2756,0.0641,0.4122,0.0849,186,0.0800,186,0,1.0000,0.0000,0.0000,5.9704,3.1298,-0.0545,3.5416,4.8433,0.0000,1,0.0953,0.0576,19.3623,0.0019,1.000,70.00,342.76
19.4503,UKF,smooth,0.500,10.00,0.050,1,0.600,1,6.5370,8.5974,2.0604,1.4900,0.4125,0.1800,0.0815,6.0000,6.3586,0.8782,2.5741,0.6207,46.9256,-26.7067,49.4427,-26.4882,49.4877,-26.6281,47.3839,-26.5752,35.2018,-26.0269,2.5172,0.2185,2.5622,0.0786,0.4583,0.1316,186,0.0900,186,0,1.0000,0.0000,0.0000,5.7888,2.9760,-0.0035,3.5247,4.8556,0.0000,1,0.0953,0.0576,19.3623,0.0019,1.000,70.00,342.76
19.4604,UKF,smooth,0.500,10.00,0.050,1,0.600,1,6.5361,8.6189,2.0829,1.5245,0.4125,0.1800,0.0817,6.0000,6.3586,0.8785,2.9258,0.6207,46.6377,-26.7153,49.4427,-26.4882,49.4877,-26.6281,47.1454,-26.5331,35.2196,-25.7814,2.8050,0.2270,2.8500,0.0872,0.5077,0.1822,186,0.1000,186,0,1.0000,0.0000,0.0000,5.6091,2.8225,0.0438,3.5077,4.8679,0.0000,1,0.0882,0.0443,19.3623,-0.0001,1.000,70.00,342.76
19.4704,UKF,smooth,0.500,10.00,0.050,1,0.600,1,6.5375,8.6449,2.1075,1.5600,0.4125,0.1800,0.0819,6.0000,6.3586,0.8787,3.3137,0.6206,46.3489,-26.7176,49.4427,-26.4882,49.4877,-26.6281,46.9091,-26.4813,35.2396,-25.5294,3.0939,0.2294,3.1388,0.0895,0.5602,0.2364,186,0.1100,186,0,1.0000,0.0000,0.0000,5.4313,2.6696,0.0884,3.4907,4.8801,0.0000,1,0.0882,0.0443,19.3623,-0.0001,1.000,70.00,342.76
19.4804,UKF,smooth,0.500,10.00,0.050,1,0.600,1,6.5413,8.6754,2.1341,1.5963,0.4125,0.1800,0.0822,6.0000,6.3586,0.8787,3.7346,0.6203,46.0594,-26.7137,49.4427,-26.4882,49.4877,-26.6281,46.6752,-26.4199,35.2611,-25.2729,3.3834,0.2255,3.4283,0.0856,0.6158,0.2938,186,0.1200,186,0,1.0000,0.0000,0.0000,5.2555,2.5172,0.1306,3.4736,4.8923,0.0000,1,0.0882,0.0443,19.3623,-0.0001,1.000,70.00,342.76
19.4904,UKF,smooth,0.500,10.00,0.050,1,0.600,1,6.5474,8.7101,2.1627,1.6335,0.4125,0.1800,0.0824,6.0000,6.3586,0.8787,4.1858,0.6199,45.7694,-26.7035,49.4427,-26.4882,49.4877,-26.6281,46.4438,-26.3493,35.2837,-25.0134,3.6733,0.2152,3.7183,0.0753,0.6744,0.3541,186,0.1300,186,0,1.0000,0.0000,0.0000,5.0818,2.3656,0.1709,3.4565,4.9044,0.0000,1,0.0882,0.0443,19.3623,-0.0001,1.000,70.00,342.76
19.5004,UKF,smooth,0.500,10.00,0.050,1,0.600,1,6.5558,8.7491,2.1933,1.6715,0.4125,0.1800,0.0827,6.0000,6.3586,0.8785,4.6649,0.6194,45.4793,-26.6868,49.4427,-26.4882,49.4877,-26.6281,46.2152,-26.2696,35.3073,-24.7517,3.9634,0.1985,4.0084,0.0587,0.7359,0.4172,186,0.1400,186,0,1.0000,0.0000,0.0000,4.9103,2.2146,0.2094,3.4393,4.9164,0.0000,1,0.0882,0.0443,19.3623,-0.0001,1.000,70.00,342.76
19.5104,UKF,smooth,0.500,10.00,0.050,1,0.600,1,6.5665,8.6350,2.0684,1.3617,0.4128,0.1792,0.0832,6.0000,6.3458,1.3216,0.5098,0.6187,45.1892,-26.6637,46.6377,-26.7153,46.3897,-26.7085,45.1231,-26.6023,32.0033,-25.1586,1.4484,-0.0516,1.2005,-0.0448,-0.0661,0.0614,187,0.0500,187,0,1.0000,0.0000,0.0000,4.7408,2.0644,0.2460,3.4221,4.9284,0.0000,1,0.0882,0.0443,19.4602,-0.0001,1.000,70.00,342.76
19.5204,UKF,smooth,0.500,10.00,0.050,1,0.600,1,6.5795,8.6601,2.0806,1.3923,0.4128,0.1792,0.0835,6.0000,6.3458,1.3208,0.5614,0.6179,44.8995,-26.6342,46.6377,-26.7153,46.3897,-26.7085,44.8415,-26.5559,32.0038,-24.9186,1.7382,-0.0811,1.4902,-0.0743,-0.0580,0.0782,187,0.0600,187,0,1.0000,0.0000,0.0000,4.5733,1.9147,0.2801,3.4049,4.9403,0.0000,1,0.0882,0.0443,19.4602,-0.0001,1.000,70.00,342.76
19.5304,UKF,smooth,0.500,10.00,0.050,1,0.600,1,6.5945,8.6883,2.0937,1.4240,0.4128,0.1792,0.0837,6.0000,6.3458,1.3198,0.7344,0.6170,44.6103,-26.5942,46.6377,-26.7153,46.3897,-26.7085,44.5633,-26.4789,32.0088,-24.5214,2.0274,-0.1211,1.7794,-0.1143,-0.0470,0.1153,187,0.0700,187,0,1.0000,0.0000,0.0000,4.4060,1.7635,0.2634,3.3876,4.9522,0.0000,1,0.0882,0.0443,19.4602,-0.0001,1.000,70.00,342.76
19.5404,UKF,smooth,0.500,10.00,0.050,1,0.600,1,6.6083,8.6940,2.0857,1.4566,0.4128,0.1792,0.0840,6.0000,6.3458,1.3189,0.5878,0.6162,44.3231,-26.5563,46.6377,-26.7153,46.3897,-26.7085,44.2956,-26.4612,31.7734,-24.5545,2.3146,-0.1590,2.0667,-0.1522,-0.0274,0.0951,187,0.0800,187,0,1.0000,0.0000,0.0000,4.4811,1.8763,0.2264,3.3702,4.9640,0.0000,1,0.0882,0.0443,19.4602,-0.0001,1.000,70.00,342.76
19.5504,UKF,smooth,0.500,10.00,0.050,1,0.600,1,6.6208,8.6974,2.0766,1.4901,0.4128,0.1792,0.0842,6.0000,6.3458,1.3179,0.4382,0.6155,44.0376,-26.5206,46.6377,-26.7153,46.3897,-26.7085,44.0324,-26.4475,31.5375,-24.5969,2.6001,-0.1947,2.3521,-0.1879,-0.0052,0.0731,187,0.0900,187,0,1.0000,0.0000,0.0000,4.5552,1.9888,0.1918,3.3529,4.9758,0.0000,1,0.0860,0.0581,19.4602,-0.0006,1.000,70.00,342.76
19.5604,UKF,smooth,0.500,10.00,0.050,1,0.600,1,6.6321,8.6984,2.0663,1.5246,0.4128,0.1792,0.0844,6.0000,6.3458,1.3172,0.3137,0.6149,43.7539,-26.4871,46.6377,-26.7153,46.3897,-26.7085,43.7735,-26.4377,31.3011,-24.6464,2.8838,-0.2282,2.6359,-0.2214,0.0196,0.0494,187,0.1000,187,0,1.0000,0.0000,0.0000,4.6280,2.1009,0.1589,3.3354,4.9875,0.0000,1,0.0860,0.0581,19.4602,-0.0006,1.000,70.00,342.76
19.5704,UKF,smooth,0.500,10.00,0.050,1,0.600,1,6.6422,8.6971,2.0549,1.5599,0.4128,0.1792,0.0846,6.0000,6.3458,1.3172,0.2895,0.6145,43.4718,-26.4559,46.6377,-26.7153,46.3897,-26.7085,43.5187,-26.4318,31.0642,-24.7027,3.1659,-0.2594,2.9179,-0.2526,0.0469,0.0241,187,0.1100,187,0,1.0000,0.0000,0.0000,4.6996,2.2126,0.1275,3.3180,4.9991,0.0000,1,0.0860,0.0581,19.4602,-0.0006,1.000,70.00,342.76
19.5804,UKF,smooth,0.500,10.00,0.050,1,0.600,1,6.6511,8.6936,2.0424,1.5961,0.4128,0.1792,0.0848,6.0000,6.3458,1.3172,0.4119,0.6141,43.1912,-26.4270,46.6377,-26.7153,46.3897,-26.7085,43.2680,-26.4300,30.8269,-24.7660,3.4465,-0.2883,3.1986,-0.2815,0.0768,-0.0031,187,0.1200,187,0,1.0000,0.0000,0.0000,4.7701,2.3239,0.0975,3.3005,5.0107,0.0000,1,0.0860,0.0581,19.4602,-0.0006,1.000,70.00,342.76
19.5904,UKF,smooth,0.500,10.00,0.050,1,0.600,1,6.6589,8.6877,2.0289,1.6332,0.4128,0.1792,0.0850,6.0000,6.3458,1.3173,0.6167,0.6138,42.9118,-26.4005,46.6377,-26.7153,46.3897,-26.7085,43.0212,-26.4325,30.5889,-24.8365,3.7259,-0.3148,3.4779,-0.3080,0.1094,-0.0321,187,0.1300,187,0,1.0000,0.0000,0.0000,4.8393,2.4346,0.0689,3.2829,5.0222,0.0000,1,0.0860,0.0581,19.4602,-0.0006,1.000,70.00,342.76
19.6004,UKF,smooth,0.500,10.00,0.050,1,0.600,1,6.6654,8.6797,2.0143,1.6711,0.4128,0.1792,0.0852,6.0000,6.3458,1.3173,0.8622,0.6136,42.6336,-26.3764,46.6377,-26.7153,46.3897,-26.7085,42.7783,-26.4394,30.3504,-24.9147,4.0041,-0.3389,3.7561,-0.3321,0.1447,-0.0631,187,0.1400,187,0,1.0000,0.0000,0.0000,4.9073,2.5450,0.0417,3.2653,5.0337,0.0000,1,0.0860,0.0581,19.4602,-0.0006,1.000,70.00,342.76
19.6104,UKF,smooth,0.500,10.00,0.050,1,0.600,1,6.6708,8.4475,1.7767,1.3906,0.4134,0.1788,0.0859,6.0000,5.6601,0.9302,2.4877,0.6134,42.3565,-26.3548,44.0376,-26.5206,44.1792,-26.4310,42.8155,-26.2943,30.8927,-24.7432,1.6812,-0.1658,1.8228,-0.0762,0.4590,0.0605,188,0.0600,188,0,1.0000,0.0000,0.0000,4.9742,2.6549,0.0159,3.2477,5.0451,0.0000,1,0.0860,0.0581,19.5498,-0.0006,1.000,70.00,342.76
19.6204,UKF,smooth,0.500,10.00,0.050,1,0.600,1,6.6751,8.4390,1.7639,1.4223,0.4134,0.1788,0.0861,6.0000,5.6601,0.9302,2.7206,0.6133,42.0803,-26.3357,44.0376,-26.5206,44.1792,-26.4310,42.5849,-26.2887,30.6607,-24.8232,1.9574,-0.1849,2.0990,-0.0953,0.5046,0.0470,188,0.0700,188,0,1.0000,0.0000,0.0000,5.0399,2.7643,-0.0083,3.2300,5.0564,0.0000,1,0.0860,0.0581,19.5498,-0.0006,1.000,70.00,342.76
19.6304,UKF,smooth,0.500,10.00,0.050,1,0.600,1,6.6783,8.4283,1.7501,1.4550,0.4134,0.1788,0.0863,6.0000,5.6601,0.9300,2.9722,0.6134,41.8049,-26.3193,44.0376,-26.5206,44.1792,-26.4310,42.3580,-26.2878,30.4281,-24.9122,2.2328,-0.2013,2.3744,-0.1117,0.5531,0.0315,188,0.0800,188,0,1.0000,0.0000,0.0000,5.1044,2.8733,-0.0311,3.2123,5.0677,0.0000,1,0.0860,0.0581,19.5498,-0.0006,1.000,70.00,342.76
19.6404,UKF,smooth,0.500,10.00,0.050,1,0.600,1,6.6803,8.4155,1.7351,1.4886,0.4134,0.1788,0.0865,6.0000,5.6601,0.9299,3.2433,0.6134,41.5302,-26.3055,44.0376,-26.5206,44.1792,-26.4310,42.1347,-26.2918,30.1946,-25.0109,2.5074,-0.2151,2.6490,-0.1255,0.6045,0.0137,188,0.0900,188,0,1.0000,0.0000,0.0000,5.1678,2.9819,-0.0523,3.1945,5.0789,0.0000,1,0.1131,0.0580,19.5498,0.0015,1.000,70.00,342.76
19.6504,UKF,smooth,0.500,10.00,0.050,1,0.600,1,6.6813,8.4005,1.7192,1.5231,0.4134,0.1788,0.0867,6.0000,5.6601,0.9297,3.5344,0.6135,41.2561,-26.2945,44.0376,-26.5206,44.1792,-26.4310,41.9151,-26.3009,29.9604,-25.1199,2.7815,-0.2261,2.9231,-0.1365,0.6590,-0.0064,188,0.1000,188,0,1.0000,0.0000,0.0000,5.2300,3.0900,-0.0718,3.1767,5.0900,0.0000,1,0.1131,0.0580,19.5498,0.0015,1.000,70.00,342.76
19.6604,UKF,smooth,0.500,10.00,0.050,1,0.600,1,6.6812,8.3834,1.7022,1.5585,0.4134,0.1788,0.0868,6.0000,5.6601,0.9294,3.8462,0.6137,40.9826,-26.2863,44.0376,-26.5206,44.1792,-26.4310,41.6990,-26.3156,29.7254,-25.2401,3.0551,-0.2342,3.1967,-0.1447,0.7164,-0.0293,188,0.1100,188,0,1.0000,0.0000,0.0000,5.2910,3.1977,-0.0897,3.1589,5.1011,0.0000,1,0.1131,0.0580,19.5498,0.0015,1.000,70.00,342.76
19.6704,UKF,smooth,0.500,10.00,0.050,1,0.600,1,6.6800,8.3644,1.6843,1.5949,0.4134,0.1788,0.0870,6.0000,5.6601,0.9291,4.1797,0.6140,40.7094,-26.2811,44.0376,-26.5206,44.1792,-26.4310,41.4864,-26.3361,29.4894,-25.3725,3.3282,-0.2394,3.4698,-0.1498,0.7770,-0.0550,188,0.1200,188,0,1.0000,0.0000,0.0000,5.3510,3.3049,-0.1057,3.1410,5.1121,0.0000,1,0.1131,0.0580,19.5498,0.0015,1.000,70.00,342.76
19.6804,UKF,smooth,0.500,10.00,0.050,1,0.600,1,6.6778,8.3433,1.6655,1.6320,0.4134,0.1788,0.0872,6.0000,5.6601,0.9287,4.5358,0.6143,40.4365,-26.2790,44.0376,-26.5206,44.1792,-26.4310,41.2772,-26.3628,29.2526,-25.5182,3.6011,-0.2416,3.7427,-0.1520,0.8407,-0.0838,188,0.1300,188,0,1.0000,0.0000,0.0000,5.4098,3.4117,-0.1198,3.1231,5.1231,0.0000,1,0.1131,0.0580,19.5498,0.0015,1.000,70.00,342.76
19.6904,UKF,smooth,0.500,10.00,0.050,1,0.600,1,6.6746,8.3204,1.6458,1.6701,0.4134,0.1788,0.0874,6.0000,5.6601,0.9283,4.9157,0.6147,40.1638,-26.2800,44.0376,-26.5206,44.1792,-26.4310,41.0714,-26.3963,29.0148,-25.6786,3.8738,-0.2405,4.0154,-0.1509,0.9076,-0.1163,188,0.1400,188,0,1.0000,0.0000,0.0000,5.4675,3.5181,-0.1319,3.1052,5.1340,0.0000,1,0.1131,0.0580,19.5498,0.0015,1.000,70.00,342.76
19.7004,UKF,smooth,0.500,10.00,0.050,1,0.600,1,6.6704,8.0510,1.3807,1.3582,0.4134,0.1790,0.0876,6.0000,5.2723,1.2938,2.5080,0.6151,39.8913,-26.2844,41.5302,-26.3055,41.5869,-26.0950,40.1888,-25.9613,25.6886,-23.9833,1.6390,-0.0211,1.6957,0.1894,0.2975,0.3231,189,0.0600,189,0,1.0000,0.0000,0.0000,5.5240,3.6240,-0.1417,3.0872,5.1448,0.0000,1,0.1131,0.0580,19.6418,0.0015,1.000,70.00,342.76
19.7104,UKF,smooth,0.500,10.00,0.050,1,0.600,1,6.6651,8.0270,1.3619,1.3890,0.4134,0.1790,0.0877,6.0000,5.2723,1.2934,2.6108,0.6155,39.6187,-26.2923,41.5302,-26.3055,41.5869,-26.0950,39.9334,-25.9597,25.3581,-24.1096,1.9115,-0.0132,1.9682,0.1973,0.3147,0.3326,189,0.0700,189,0,1.0000,0.0000,0.0000,5.5794,3.7294,-0.1491,3.0692,5.1556,0.0000,1,0.1131,0.0580,19.6418,0.0015,1.000,70.00,342.76
19.7204,UKF,smooth,0.500,10.00,0.050,1,0.600,1,6.6590,8.0011,1.3422,1.4208,0.4134,0.1790,0.0879,6.0000,5.2723,1.2928,2.7092,0.6161,39.3460,-26.3038,41.5302,-26.3055,41.5869,-26.0950,39.6808,-25.9650,25.0236,-24.2539,2.1842,-0.0017,2.2409,0.2088,0.3348,0.3387,189,0.0800,189,0,1.0000,0.0000,0.0000,5.6337,3.8344,-0.1538,3.0511,5.1663,0.0000,1,0.1131,0.0580,19.6418,0.0015,1.000,70.00,342.76
19.7304,UKF,smooth,0.500,10.00,0.050,1,0.600,1,6.6518,7.9735,1.3216,1.4536,0.4134,0.1790,0.0881,6.0000,5.2723,1.2922,2.8025,0.6166,39.0732,-26.3192,41.5302,-26.3055,41.5869,-26.0950,39.4309,-25.9781,24.6848,-24.4186,2.4570,0.0137,2.5137,0.2242,0.3577,0.3411,189,0.0900,189,0,1.0000,0.0000,0.0000,5.6869,3.9389,-0.1554,3.0330,5.1769,0.0000,1,0.1131,0.0580,19.6418,0.0015,1.000,70.00,342.76
19.7404,UKF,smooth,0.500,10.00,0.050,1,0.600,1,6.6438,7.9441,1.3003,1.4874,0.4134,0.1790,0.0883,6.0000,5.2723,1.2915,2.8903,0.6173,38.8001,-26.3387,41.5302,-26.3055,41.5869,-26.0950,39.1837,-25.9998,24.3417,-24.6071,2.7301,0.0332,2.7868,0.2438,0.3836,0.3390,189,0.1000,189,0,1.0000,0.0000,0.0000,5.7389,4.0428,-0.1536,3.0149,5.1875,0.0000,1,0.1131,0.0580,19.6418,0.0015,1.000,70.00,342.76
19.7504,UKF,smooth,0.500,10.00,0.050,1,0.600,1,6.6349,7.9132,1.2783,1.5220,0.4134,0.1790,0.0885,6.0000,5.2723,1.2909,2.9725,0.6179,38.5266,-26.3627,41.5302,-26.3055,41.5869,-26.0950,38.9390,-26.0311,23.9941,-24.8234,3.0036,0.0572,3.0603,0.2677,0.4124,0.3316,189,0.1100,189,0,1.0000,0.0000,0.0000,5.7897,4.1462,-0.1475,2.9967,5.1980,0.0000,1,0.1131,0.0580,19.6418,0.0015,1.000,70.00,342.76
19.7604,UKF,smooth,0.500,10.00,0.050,1,0.600,1,6.6251,7.8808,1.2557,1.5575,0.4134,0.1790,0.0887,6.0000,5.2723,1.2901,3.0490,0.6186,38.2526,-26.3915,41.5302,-26.3055,41.5869,-26.0950,38.6968,-26.0737,23.6420,-25.0735,3.2776,0.0860,3.3343,0.2965,0.4442,0.3178,189,0.1200,189,0,1.0000,0.0000,0.0000,5.8392,4.2488,-0.1364,2.9785,5.2085,0.0000,1,0.0998,0.0466,19.6418,0.0001,1.000,70.00,342.76
19.7704,UKF,smooth,0.500,10.00,0.050,1,0.600,1,6.6145,7.8472,1.2326,1.5940,0.4134,0.1790,0.0888,6.0000,5.2723,1.2894,3.1201,0.6193,37.9781,-26.4256,41.5302,-26.3055,41.5869,-26.0950,38.4572,-26.1298,23.2855,-25.3657,3.5521,0.1201,3.6088,0.3306,0.4791,0.2958,189,0.1300,189,0,1.0000,0.0000,0.0000,5.8873,4.3506,-0.1186,2.9603,5.2189,0.0000,1,0.0998,0.0466,19.6418,0.0001,1.000,70.00,342.76
19.7804,UKF,smooth,0.500,10.00,0.050,1,0.600,1,6.6032,7.8127,1.2095,1.6312,0.4134,0.1790,0.0890,6.0000,5.2723,1.2886,3.1870,0.6200,37.7029,-26.4656,41.5302,-26.3055,41.5869,-26.0950,38.2199,-26.2027,22.9253,-25.7137,3.8273,0.1601,3.8840,0.3706,0.5170,0.2629,189,0.1400,189,0,1.0000,0.0000,0.0000,5.9335,4.4509,-0.0917,2.9421,5.2292,0.0000,1,0.0998,0.0466,19.6418,0.0001,1.000,70.00,342.76
19.7904,UKF,smooth,0.500,10.00,0.050,1,0.600,1,6.5913,7.7782,1.1869,1.6693,0.4134,0.1790,0.0892,6.0000,5.2723,1.2879,3.2524,0.6208,37.4270,-26.5126,41.5302,-26.3055,41.5869,-26.0950,37.9850,-26.2986,22.5635,-26.1423,4.1032,0.2071,4.1599,0.4176,0.5580,0.2140,189,0.1500,189,0,1.0000,0.0000,0.0000,5.9771,4.5484,-0.0504,2.9238,5.2394,0.0000,1,0.0998,0.0466,19.6418,0.0001,1.000,70.00,342.76
19.8004,UKF,smooth,0.500,10.00,0.050,1,0.600,1,6.5789,7.7455,1.1667,1.7082,0.4134,0.1790,0.0894,6.0000,5.2723,1.2872,3.3257,0.6215,37.1503,-26.5684,41.5302,-26.3055,41.5869,-26.0950,37.7521,-26.4307,22.2092,-26.7053,4.3800,0.2629,4.4367,0.4734,0.6018,0.1377,189,0.1600,189,0,1.0000,0.0000,0.0000,6.0145,4.6385,0.0179,2.9054,5.2496,0.0000,1,0.0998,0.0466,19.6418,0.0001,1.000,70.00,342.76
19.8104,UKF,smooth,0.500,10.00,0.050,1,0.600,1,6.5668,7.9392,1.3724,1.2793,0.4130,0.1801,0.0892,6.0000,5.5530,0.4413,0.3001,0.6221,36.8724,-26.6364,38.2526,-26.3915,38.1712,-26.3991,36.9281,-26.6300,20.4082,-28.5501,1.3802,0.2449,1.2988,0.2373,0.0557,0.0064,190,0.0500,190,0,1.0000,0.0000,0.0000,6.0209,4.6858,0.1562,2.8871,5.2597,0.0000,1,0.0998,0.0466,19.7604,0.0001,1.000,70.00,342.76
19.8204,UKF,smooth,0.500,10.00,0.050,1,0.600,1,6.5572,7.9341,1.3768,1.3082,0.4130,0.1801,0.0894,6.0000,5.5530,0.4417,0.2960,0.6224,36.5929,-26.7056,38.2526,-26.3915,38.1712,-26.3991,36.6449,-26.6886,20.4153,-28.6338,1.6598,0.3141,1.5783,0.3065,0.0520,0.0170,190,0.0600,190,0,1.0000,0.0000,0.0000,5.8850,4.5313,0.2774,2.8687,5.2698,0.0000,1,0.0998,0.0466,19.7604,0.0001,1.000,70.00,342.76
19.8304,UKF,smooth,0.500,10.00,0.050,1,0.600,1,6.5501,7.9336,1.3835,1.3383,0.4130,0.1801,0.0896,6.0000,5.5530,0.4421,0.4988,0.6226,36.3117,-26.7670,38.2526,-26.3915,38.1712,-26.3991,36.3627,-26.6972,20.4840,-28.2696,1.9409,0.3755,1.8595,0.3679,0.0510,0.0698,190,0.0700,190,0,1.0000,0.0000,0.0000,5.7253,4.3410,0.3053,2.8503,5.2797,0.0000,1,0.0998,0.0466,19.7604,0.0001,1.000,70.00,342.76
19.8404,UKF,smooth,0.500,10.00,0.050,1,0.600,1,6.5453,7.9368,1.3915,1.3693,0.4130,0.1801,0.0898,6.0000,5.5530,0.4424,0.9022,0.6227,36.0291,-26.8177,38.2526,-26.3915,38.1712,-26.3991,36.0826,-26.6746,20.5606,-27.7667,2.2235,0.4262,2.1420,0.4186,0.0535,0.1431,190,0.0800,190,0,1.0000,0.0000,0.0000,5.5659,4.1494,0.2985,2.8319,5.2897,0.0000,1,0.0998,0.0466,19.7604,0.0001,1.000,70.00,342.76
19.8504,UKF,smooth,0.500,10.00,0.050,1,0.600,1,6.5426,7.9434,1.4008,1.4013,0.4130,0.1801,0.0900,6.0000,5.5530,0.4427,1.4221,0.6228,35.7455,-26.8562,38.2526,-26.3915,38.1712,-26.3991,35.8049,-26.6245,20.6382,-27.1932,2.5071,0.4647,2.4257,0.4572,0.0594,0.2317,190,0.0900,190,0,1.0000,0.0000,0.0000,5.4095,3.9605,0.2724,2.8134,5.2995,0.0000,1,0.0998,0.0466,19.7604,0.0001,1.000,70.00,342.76
19.8604,UKF,smooth,0.500,10.00,0.050,1,0.600,1,6.5421,7.9533,1.4113,1.4344,0.4130,0.1801,0.0903,6.0000,5.5530,0.4428,2.0334,0.6228,35.4611,-26.8817,38.2526,-26.3915,38.1712,-26.3991,35.5300,-26.5474,20.7151,-26.5713,2.7916,0.4902,2.7101,0.4826,0.0689,0.3343,190,0.1000,190,0,1.0000,0.0000,0.0000,5.2569,3.7750,0.2325,2.7949,5.3093,0.0000,1,0.0876,0.0554,19.7604,0.0000,1.000,70.00,342.76
19.8704,UKF,smooth,0.500,10.00,0.050,1,0.600,1,6.5434,7.9661,1.4227,1.4683,0.4130,0.1801,0.0905,6.0000,5.5530,0.4430,2.7294,0.6227,35.1761,-26.8934,38.2526,-26.3915,38.1712,-26.3991,35.2581,-26.4431,20.7905,-25.9097,3.0765,0.5019,2.9951,0.4943,0.0820,0.4503,190,0.1100,190,0,1.0000,0.0000,0.0000,5.1081,3.5934,0.1806,2.7764,5.3190,0.0000,1,0.0876,0.0554,19.7604,0.0000,1.000,70.00,342.76
19.8804,UKF,smooth,0.500,10.00,0.050,1,0.600,1,6.5466,7.9816,1.4350,1.5032,0.4130,0.1801,0.0907,6.0000,5.5530,0.4432,3.5106,0.6226,34.8908,-26.8907,38.2526,-26.3915,38.1712,-26.3991,34.9896,-26.3105,20.8631,-25.2106,3.3618,0.4992,3.2803,0.4916,0.0987,0.5801,190,0.1200,190,0,1.0000,0.0000,0.0000,4.9636,3.4164,0.1173,2.7578,5.3286,0.0000,1,0.0876,0.0554,19.7604,0.0000,1.000,70.00,342.76
19.8904,UKF,smooth,0.500,10.00,0.050,1,0.600,1,6.5516,7.9992,1.4476,1.5390,0.4130,0.1801,0.0909,6.0000,5.5530,0.4432,4.3824,0.6225,34.6056,-26.8728,38.2526,-26.3915,38.1712,-26.3991,34.7248,-26.1481,20.9312,-24.4714,3.6470,0.4813,3.5656,0.4737,0.1192,0.7247,190,0.1300,190,0,1.0000,0.0000,0.0000,4.8242,3.2453,0.0414,2.7392,5.3382,0.0000,1,0.0876,0.0554,19.7604,0.0000,1.000,70.00,342.76
19.9004,UKF,smooth,0.500,10.00,0.050,1,0.600,1,6.5580,8.0179,1.4599,1.5756,0.4130,0.1801,0.0911,6.0000,5.5530,0.4433,5.3571,0.6223,34.3206,-26.8390,38.2526,-26.3915,38.1712,-26.3991,34.4639,-25.9529,20.9916,-23.6836,3.9320,0.4476,3.8506,0.4400,0.1433,0.8862,190,0.1400,190,0,1.0000,0.0000,0.0000,4.6914,3.0827,-0.0503,2.7206,5.3477,0.0000,1,0.0876,0.0554,19.7604,0.0000,1.000,70.00,342.76
19.9104,UKF,smooth,0.500,10.00,0.050,1,0.600,1,6.5658,8.0358,1.4700,1.6131,0.4130,0.1801,0.0914,6.0000,5.5530,0.4433,6.4574,0.6223,34.0361,-26.7885,38.2526,-26.3915,38.1712,-26.3991,34.2075,-25.7202,21.0366,-22.8295,4.2166,0.3970,4.1351,0.3894,0.1714,1.0683,190,0.1500,190,0,1.0000,0.0000,0.0000,4.5697,2.9353,-0.1648,2.7020,5.3572,0.0000,1,0.0876,0.0554,19.7604,0.0000,1.000,70.00,342.76
19.9204,UKF,smooth,0.500,10.00,0.050,1,0.600,1,6.5743,8.0401,1.4658,1.2870,0.4122,0.1813,0.0908,6.0000,5.5815,1.3113,0.6293,0.6223,33.7524,-26.7201,35.4611,-26.8817,35.2251,-26.9430,33.6438,-26.6795,20.0310,-24.4504,1.7087,-0.1617,1.4727,-0.2230,-0.1086,0.0406,191,0.0600,191,0,1.0000,0.0000,0.0000,4.4739,2.8274,-0.3171,2.6834,5.3665,0.0000,1,0.0876,0.0554,19.8604,0.0000,1.000,70.00,342.76
19.9304,UKF,smooth,0.500,10.00,0.050,1,0.600,1,6.5819,8.0376,1.4557,1.3170,0.4122,0.1813,0.0910,6.0000,5.5815,1.3114,0.6542,0.6224,33.4701,-26.6395,35.4611,-26.8817,35.2251,-26.9430,33.3687,-26.5783,19.8541,-23.8605,1.9910,-0.2422,1.7551,-0.3035,-0.1014,0.0612,191,0.0700,191,0,1.0000,0.0000,0.0000,4.4661,2.8577,-0.4801,2.6647,5.3758,0.0000,1,0.0876,0.0554,19.8604,0.0000,1.000,70.00,342.76
19.9404,UKF,smooth,0.500,10.00,0.050,1,0.600,1,6.5885,8.0307,1.4423,1.3481,0.4122,0.1813,0.0912,6.0000,5.5815,1.3116,0.4838,0.6226,33.1893,-26.5618,35.4611,-26.8817,35.2251,-26.9430,33.0991,-26.5554,19.5800,-23.9205,2.2718,-0.3199,2.0359,-0.3812,-0.0901,0.0065,191,0.0800,191,0,1.0000,0.0000,0.0000,4.5154,2.9799,-0.5044,2.6460,5.3850,0.0000,1,0.0876,0.0554,19.8604,0.0000,1.000,70.00,342.76
19.9504,UKF,smooth,0.500,10.00,0.050,1,0.600,1,6.5941,8.0241,1.4300,1.3802,0.4122,0.1813,0.0914,6.0000,5.5815,1.3118,0.6317,0.6229,32.9099,-26.4917,35.4611,-26.8817,35.2251,-26.9430,32.8336,-26.5723,19.3051,-24.2149,2.5512,-0.3900,2.3153,-0.4513,-0.0763,-0.0806,191,0.0900,191,0,1.0000,0.0000,0.0000,4.5631,3.1007,-0.4663,2.6273,5.3942,0.0000,1,0.1005,0.0568,19.8604,-0.0010,1.000,70.00,342.76
19.9604,UKF,smooth,0.500,10.00,0.050,1,0.600,1,6.5991,8.0175,1.4184,1.4132,0.4122,0.1813,0.0916,6.0000,5.5815,1.3119,1.1459,0.6231,32.6317,-26.4308,35.4611,-26.8817,35.2251,-26.9430,32.5718,-26.6147,19.0346,-24.6031,2.8293,-0.4509,2.5934,-0.5122,-0.0599,-0.1839,191,0.1000,191,0,1.0000,0.0000,0.0000,4.6064,3.2153,-0.4044,2.6085,5.4033,0.0000,1,0.1005,0.0568,19.8604,-0.0010,1.000,70.00,342.76
19.9704,UKF,smooth,0.500,10.00,0.050,1,0.600,1,6.6035,8.0104,1.4069,1.4472,0.4122,0.1813,0.0918,6.0000,5.5815,1.3121,1.7984,0.6233,32.3548,-26.3796,35.4611,-26.8817,35.2251,-26.9430,32.3138,-26.6780,18.7671,-25.0424,3.1062,-0.5021,2.8703,-0.5634,-0.0410,-0.2984,191,0.1100,191,0,1.0000,0.0000,0.0000,4.6464,3.3255,-0.3315,2.5898,5.4123,0.0000,1,0.1005,0.0568,19.8604,-0.0010,1.000,70.00,342.76
19.9804,UKF,smooth,0.500,10.00,0.050,1,0.600,1,6.6073,8.0028,1.3954,1.4822,0.4122,0.1813,0.0920,6.0000,5.5815,1.3122,2.5244,0.6234,32.0789,-26.3384,35.4611,-26.8817,35.2251,-26.9430,32.0594,-26.7600,18.5009,-25.5145,3.3822,-0.5433,3.1462,-0.6047,-0.0195,-0.4216,191,0.1200,191,0,1.0000,0.0000,0.0000,4.6840,3.4329,-0.2537,2.5710,5.4213,0.0000,1,0.1005,0.0568,19.8604,-0.0010,1.000,70.00,342.76
19.9904,UKF,smooth,0.500,10.00,0.050,1,0.600,1,6.6107,7.9944,1.3837,1.5180,0.4122,0.1813,0.0923,6.0000,5.5815,1.3124,3.3032,0.6235,31.8040,-26.3071,35.4611,-26.8817,35.2251,-26.9430,31.8086,-26.8593,18.2348,-26.0096,3.6571,-0.5746,3.4212,-0.6359,0.0046,-0.5521,191,0.1300,191,0,1.0000,0.0000,0.0000,4.7201,3.5386,-0.1743,2.5522,5.4301,0.0000,1,0.1005,0.0568,19.8604,-0.0010,1.000,70.00,342.76
20.0004,UKF,smooth,0.500,10.00,0.050,1,0.600,1,6.6135,7.9850,1.3715,1.5547,0.4122,0.1813,0.0925,6.0000,5.5815,1.3125,4.1237,0.6236,31.5299,-26.2857,35.4611,-26.8817,35.2251,-26.9430,31.5613,-26.9745,17.9677,-26.5211,3.9312,-0.5960,3.6953,-0.6573,0.0315,-0.6887,191,0.1400,191,0,1.0000,0.0000,0.0000,4.7552,3.6435,-0.0955,2.5333,5.4390,0.0000,1,0.1005,0.0568,19.8604,-0.0010,1.000,70.00,342.76
