t_s,estimator,maneuver,horizon_s,detect_hz,latency_s,jitter,meas_corr,predict_on,true_range_m,est_range_m,range_err_m,range_sigma_m,est_size_w_m,est_size_h_m,size_err_m,true_speed_mps,est_speed_mps,held_err_px,est_err_px,track_err_px,origin_hdg,origin_att,delayed_hdg,delayed_att,jittered_hdg,jittered_att,est_hdg,est_att,pred_hdg,pred_att,err_delayed_hdg,err_delayed_att,err_jittered_hdg,err_jittered_att,err_est_hdg,err_est_att,detect_count,detect_age_s,tracker_updates,tracker_rejects,imm_p0,imm_p1,imm_p2,chaser_vx,chaser_vy,chaser_vz,target_vx,target_vy,target_vz
0.0100,IMM-EKF,jink,0.500,10.00,0.050,1,0.600,1,19.4193,nan,nan,nan,nan,nan,nan,6.0000,nan,0.0000,0.0000,0.0000,18.5716,-11.7368,nan,nan,nan,nan,nan,nan,nan,nan,nan,nan,nan,nan,nan,nan,0,0.0000,0,0,0.0000,0.0000,0.0000,0.0666,0.1666,-0.0147,5.5437,2.2950,0.0000
0.0200,IMM-EKF,jink,0.500,10.00,0.050,1,0.600,1,19.4549,nan,nan,nan,nan,nan,nan,6.0000,nan,0.0000,0.0000,0.0000,18.7056,-11.7142,nan,nan,nan,nan,nan,nan,nan,nan,nan,nan,nan,nan,nan,nan,0,0.0000,0,0,0.0000,0.0000,0.0000,0.1329,0.3314,-0.0292,5.5158,2.3614,0.0000
0.0300,IMM-EKF,jink,0.500,10.00,0.050,1,0.600,1,19.4894,nan,nan,nan,nan,nan,nan,6.0000,nan,0.0000,0.0000,0.0000,18.8373,-11.6919,nan,nan,nan,nan,nan,nan,nan,nan,nan,nan,nan,nan,nan,nan,0,0.0000,0,0,0.0000,0.0000,0.0000,0.1987,0.4944,-0.0435,5.4870,2.4274,0.0000
0.0400,IMM-EKF,jink,0.500,10.00,0.050,1,0.600,1,19.5227,nan,nan,nan,nan,nan,nan,6.0000,nan,0.0000,0.0000,0.0000,18.9668,-11.6699,nan,nan,nan,nan,nan,nan,nan,nan,nan,nan,nan,nan,nan,nan,0,0.0000,0,0,0.0000,0.0000,0.0000,0.2641,0.6558,-0.0576,5.4575,2.4931,0.0000
0.0500,IMM-EKF,jink,0.500,10.00,0.050,1,0.600,1,19.5550,18.2111,-1.3439,9.1472,0.3600,0.1065,0.0187,6.0000,0.0000,1.5766,4.2511,0.1722,19.0940,-11.6483,18.4354,-11.7598,18.4936,-12.0174,18.4850,-12.0352,18.3967,-12.2174,-0.6586,-0.1116,-0.6004,-0.3692,-0.6090,-0.3869,1,0.0500,1,0,0.3333,0.3333,0.3333,0.3290,0.8154,-0.0715,5.4272,2.5584,0.0000
0.0600,IMM-EKF,jink,0.500,10.00,0.050,1,0.600,1,19.5862,18.1922,-1.3940,9.1560,0.3600,0.1065,0.0187,6.0000,0.0000,1.5762,4.9859,0.1717,19.2190,-11.6270,18.4354,-11.7598,18.4936,-12.0174,18.4811,-12.0429,18.3738,-12.2623,-0.7836,-0.1329,-0.7254,-0.3905,-0.7378,-0.4160,1,0.0600,1,0,0.3333,0.3333,0.3333,0.3936,0.9733,-0.0852,5.3961,2.6233,0.0000
0.0700,IMM-EKF,jink,0.500,10.00,0.050,1,0.600,1,19.6163,18.1701,-1.4462,9.1664,0.3600,0.1065,0.0187,6.0000,0.0000,1.5758,5.7266,0.1712,19.3418,-11.6060,18.4354,-11.7598,18.4936,-12.0174,18.4765,-12.0520,18.3495,-12.3089,-0.9064,-0.1539,-0.8482,-0.4115,-0.8653,-0.4461,1,0.0700,1,0,0.3333,0.3333,0.3333,0.4577,1.1296,-0.0987,5.3643,2.6879,0.0000
0.0800,IMM-EKF,jink,0.500,10.00,0.050,1,0.600,1,19.6452,18.1447,-1.5006,9.1783,0.3600,0.1065,0.0185,6.0000,0.0000,1.5754,6.4689,0.1707,19.4624,-11.5853,18.4354,-11.7598,18.4936,-12.0174,18.4711,-12.0625,18.3240,-12.3572,-1.0270,-0.1745,-0.9688,-0.4321,-0.9913,-0.4772,1,0.0800,1,0,0.3333,0.3333,0.3333,0.5213,1.2843,-0.1120,5.3316,2.7521,0.0000
0.0900,IMM-EKF,jink,0.500,10.00,0.050,1,0.600,1,19.6731,18.1161,-1.5570,9.1919,0.3600,0.1065,0.0183,6.0000,0.0000,1.5750,7.2103,0.1702,19.5808,-11.5650,18.4354,-11.7598,18.4936,-12.0174,18.4649,-12.0744,18.2971,-12.4074,-1.1454,-0.1948,-1.0872,-0.4525,-1.1158,-0.5094,1,0.0900,1,0,0.3333,0.3333,0.3333,0.5846,1.4373,-0.1250,5.2982,2.8158,0.0000
0.1000,IMM-EKF,jink,0.500,10.00,0.050,1,0.600,1,19.7000,18.0845,-1.6155,9.2071,0.3600,0.1065,0.0180,6.0000,0.0000,1.5746,7.9496,0.1696,19.6970,-11.5450,18.4354,-11.7598,18.4936,-12.0174,18.4580,-12.0876,18.2689,-12.4593,-1.2616,-0.2149,-1.2034,-0.4725,-1.2390,-0.5427,1,0.1000,1,0,0.3333,0.3333,0.3333,0.6474,1.5887,-0.1379,5.2640,2.8792,0.0000
0.1100,IMM-EKF,jink,0.500,10.00,0.050,1,0.600,1,19.7257,18.0497,-1.6760,9.2239,0.3600,0.1065,0.0177,6.0000,0.0000,1.5741,8.6857,0.1691,19.8110,-11.5253,18.4354,-11.7598,18.4936,-12.0174,18.4502,-12.1022,18.2393,-12.5131,-1.3756,-0.2346,-1.3174,-0.4922,-1.3609,-0.5770,1,0.1100,1,0,0.3333,0.3333,0.3333,0.7097,1.7386,-0.1506,5.2291,2.9422,0.0000
0.1200,IMM-EKF,jink,0.500,10.00,0.050,1,0.600,1,19.7504,18.0120,-1.7384,9.2423,0.3600,0.1065,0.0173,6.0000,0.0000,1.5737,9.4181,0.1686,19.9229,-11.5059,18.4354,-11.7598,18.4936,-12.0174,18.4416,-12.1182,18.2083,-12.5689,-1.4875,-0.2539,-1.4293,-0.5115,-1.4814,-0.6123,1,0.1200,1,0,0.3333,0.3333,0.3333,0.7716,1.8868,-0.1631,5.1934,3.0047,0.0000
0.1300,IMM-EKF,jink,0.500,10.00,0.050,1,0.600,1,19.7741,17.9713,-1.8028,9.2623,0.3600,0.1065,0.0168,6.0000,0.0000,1.5733,10.1465,0.1680,20.0326,-11.4868,18.4354,-11.7598,18.4936,-12.0174,18.4321,-12.1355,18.1758,-12.6266,-1.5972,-0.2730,-1.5390,-0.5306,-1.6005,-0.6487,1,0.1300,1,0,0.3333,0.3333,0.3333,0.8331,2.0336,-0.1754,5.1570,3.0668,0.0000
0.1400,IMM-EKF,jink,0.500,10.00,0.050,1,0.600,1,19.7967,17.9276,-1.8691,9.2839,0.3600,0.1065,0.0162,6.0000,0.0000,1.5728,10.8709,0.1675,20.1402,-11.4681,18.4354,-11.7598,18.4936,-12.0174,18.4218,-12.1543,18.1418,-12.6863,-1.7048,-0.2918,-1.6466,-0.5494,-1.7184,-0.6862,1,0.1400,1,0,0.3333,0.3333,0.3333,0.8941,2.1787,-0.1876,5.1198,3.1285,0.0000
0.1500,IMM-EKF,jink,0.500,10.00,0.050,1,0.600,1,19.8182,18.4533,-1.3649,6.2403,0.3559,0.1074,0.0197,6.0000,4.0400,0.8445,1.7696,0.1669,20.2456,-11.4496,19.6970,-11.5450,19.6033,-11.4379,20.0953,-11.1932,25.7342,-8.2738,-0.5487,-0.0954,-0.6423,0.0117,-0.1504,0.2564,2,0.0500,2,0,0.3435,0.3395,0.3170,0.9547,2.3224,-0.1995,5.0819,3.1897,0.0000
0.1600,IMM-EKF,jink,0.500,10.00,0.050,1,0.600,1,19.8387,18.4212,-1.4175,6.2647,0.3559,0.1074,0.0190,6.0000,4.0400,0.8447,1.9343,0.1663,20.3489,-11.4315,19.6970,-11.5450,19.6033,-11.4379,20.2012,-11.1424,25.8674,-8.2302,-0.6519,-0.1135,-0.7456,-0.0065,-0.1477,0.2890,2,0.0600,2,0,0.3435,0.3395,0.3170,1.0148,2.4646,-0.2113,5.0433,3.2504,0.0000
0.1700,IMM-EKF,jink,0.500,10.00,0.050,1,0.600,1,19.8582,18.3863,-1.4719,6.2915,0.3559,0.1074,0.0183,6.0000,4.0400,0.8449,2.0963,0.1657,20.4501,-11.4136,19.6970,-11.5450,19.6033,-11.4379,20.3070,-11.0925,26.0022,-8.1868,-0.7531,-0.1314,-0.8468,-0.0243,-0.1431,0.3211,2,0.0700,2,0,0.3435,0.3395,0.3170,1.0745,2.6053,-0.2228,5.0039,3.3107,0.0000
0.1800,IMM-EKF,jink,0.500,10.00,0.050,1,0.600,1,19.8766,18.3485,-1.5281,6.3207,0.3559,0.1074,0.0174,6.0000,4.0400,0.8451,2.2559,0.1651,20.5491,-11.3961,19.6970,-11.5450,19.6033,-11.4379,20.4126,-11.0436,26.1388,-8.1433,-0.8522,-0.1489,-0.9458,-0.0418,-0.1365,0.3525,2,0.0800,2,0,0.3435,0.3395,0.3170,1.1338,2.7445,-0.2342,4.9638,3.3705,0.0000
0.1900,IMM-EKF,jink,0.500,10.00,0.050,1,0.600,1,19.8940,18.3079,-1.5861,6.3524,0.3559,0.1074,0.0165,6.0000,4.0400,0.8453,2.4134,0.1645,20.6461,-11.3788,19.6970,-11.5450,19.6033,-11.4379,20.5183,-10.9954,26.2773,-8.0998,-0.9491,-0.1661,-1.0428,-0.0591,-0.1278,0.3834,2,0.0900,2,0,0.3435,0.3395,0.3170,1.1925,2.8823,-0.2455,4.9230,3.4299,0.0000
0.2000,IMM-EKF,jink,0.500,10.00,0.050,1,0.600,1,19.9104,18.2645,-1.6459,6.3864,0.3559,0.1074,0.0157,6.0000,4.0400,0.8467,2.5698,0.1639,20.7412,-11.3619,19.6970,-11.5450,19.6033,-11.4379,20.6239,-10.9480,26.4176,-8.0564,-1.0442,-0.1831,-1.1379,-0.0760,-0.1173,0.4139,2,0.1000,2,0,0.3435,0.3395,0.3170,1.2508,3.0187,-0.2565,4.8815,3.4887,0.0000
0.2100,IMM-EKF,jink,0.500,10.00,0.050,1,0.600,1,19.9257,18.2184,-1.7073,6.4227,0.3559,0.1074,0.0151,6.0000,4.0400,0.8476,2.7246,0.1637,20.8341,-11.3452,19.6970,-11.5450,19.6033,-11.4379,20.7295,-10.9015,26.5600,-8.0128,-1.1371,-0.1998,-1.2308,-0.0927,-0.1046,0.4437,2,0.1100,2,0,0.3435,0.3395,0.3170,1.3087,3.1536,-0.2674,4.8393,3.5470,0.0000
0.2200,IMM-EKF,jink,0.500,10.00,0.050,1,0.600,1,19.9401,18.1697,-1.7704,6.4614,0.3559,0.1074,0.0146,6.0000,4.0400,0.8475,2.8787,0.1636,20.9247,-11.3288,19.6970,-11.5450,19.6033,-11.4379,20.8353,-10.8556,26.7045,-7.9693,-1.2277,-0.2162,-1.3214,-0.1092,-0.0894,0.4731,2,0.1200,2,0,0.3435,0.3395,0.3170,1.3661,3.2872,-0.2781,4.7964,3.6048,0.0000
0.2300,IMM-EKF,jink,0.500,10.00,0.050,1,0.600,1,19.9534,18.1183,-1.8351,6.5023,0.3559,0.1074,0.0140,6.0000,4.0400,0.8473,3.0333,0.1634,21.0132,-11.3126,19.6970,-11.5450,19.6033,-11.4379,20.9412,-10.8105,26.8511,-7.9256,-1.3162,-0.2323,-1.4099,-0.1253,-0.0720,0.5021,2,0.1300,2,0,0.3435,0.3395,0.3170,1.4230,3.4193,-0.2886,4.7528,3.6621,0.0000
0.2400,IMM-EKF,jink,0.500,10.00,0.050,1,0.600,1,19.9658,18.0643,-1.9014,6.5454,0.3559,0.1074,0.0133,6.0000,4.0400,0.8472,3.1894,0.1632,21.0996,-11.2968,19.6970,-11.5450,19.6033,-11.4379,21.0472,-10.7662,27.0001,-7.8819,-1.4026,-0.2481,-1.4963,-0.1411,-0.0524,0.5307,2,0.1400,2,0,0.3435,0.3395,0.3170,1.4795,3.5501,-0.2990,4.7085,3.7189,0.0000
0.2500,IMM-EKF,jink,0.500,10.00,0.050,1,0.600,1,19.9771,17.9645,-2.0125,4.9674,0.3478,0.1066,0.0206,6.0000,4.4349,1.3298,2.5928,0.1631,21.1839,-11.2813,20.7412,-11.3619,20.9414,-11.2579,21.6026,-11.1430,28.9946,-9.7865,-0.4427,-0.0806,-0.2425,0.0234,0.4187,0.1383,3,0.0500,3,0,0.4796,0.3706,0.1498,1.5355,3.6796,-0.3091,4.6635,3.7751,0.0000
0.2600,IMM-EKF,jink,0.500,10.00,0.050,1,0.600,1,19.9874,17.9223,-2.0651,5.0070,0.3478,0.1066,0.0198,6.0000,4.4349,1.3302,2.8946,0.1629,21.2661,-11.2661,20.7412,-11.3619,20.9414,-11.2579,21.7372,-11.1230,29.1835,-9.7819,-0.5249,-0.0958,-0.3247,0.0082,0.4712,0.1430,3,0.0600,3,0,0.4796,0.3706,0.1498,1.5910,3.8077,-0.3192,4.6179,3.8308,0.0000
0.2700,IMM-EKF,jink,0.500,10.00,0.050,1,0.600,1,19.9968,17.8775,-2.1192,5.0495,0.3478,0.1066,0.0190,6.0000,4.4349,1.3306,3.2105,0.1627,21.3462,-11.2512,20.7412,-11.3619,20.9414,-11.2579,21.8722,-11.1040,29.3753,-9.7779,-0.6050,-0.1107,-0.4048,-0.0067,0.5261,0.1471,3,0.0700,3,0,0.4796,0.3706,0.1498,1.6461,3.9345,-0.3290,4.5716,3.8859,0.0000
0.2800,IMM-EKF,jink,0.500,10.00,0.050,1,0.600,1,20.0051,17.8302,-2.1749,5.0946,0.3478,0.1066,0.0181,6.0000,4.4349,1.3311,3.5412,0.1625,21.4242,-11.2365,20.7412,-11.3619,20.9414,-11.2579,22.0077,-11.0860,29.5703,-9.7746,-0.6830,-0.1253,-0.4828,-0.0213,0.5835,0.1506,3,0.0800,3,0,0.4796,0.3706,0.1498,1.7007,4.0601,-0.3387,4.5246,3.9405,0.0000
0.2900,IMM-EKF,jink,0.500,10.00,0.050,1,0.600,1,20.0125,17.7803,-2.2321,5.1424,0.3478,0.1066,0.0171,6.0000,4.4349,1.3315,3.8868,0.1622,21.5001,-11.2222,20.7412,-11.3619,20.9414,-11.2579,22.1436,-11.0688,29.7685,-9.7719,-0.7589,-0.1397,-0.5587,-0.0357,0.6435,0.1535,3,0.0900,3,0,0.4796,0.3706,0.1498,1.7549,4.1843,-0.3483,4.4770,3.9945,0.0000
0.3000,IMM-EKF,jink,0.500,10.00,0.050,1,0.600,1,20.0188,17.7280,-2.2908,5.1928,0.3478,0.1066,0.0160,6.0000,4.4349,1.3319,4.2478,0.1620,21.5740,-11.2082,20.7412,-11.3619,20.9414,-11.2579,22.2800,-11.0524,29.9701,-9.7699,-0.8328,-0.1537,-0.6326,-0.0497,0.7060,0.1558,3,0.1000,3,0,0.4796,0.3706,0.1498,1.8085,4.3073,-0.3576,4.4288,4.0480,0.0000
0.3100,IMM-EKF,jink,0.500,10.00,0.050,1,0.600,1,20.0242,17.6733,-2.3509,5.2457,0.3478,0.1066,0.0149,6.0000,4.4349,1.3323,4.6247,0.1618,21.6457,-11.1945,20.7412,-11.3619,20.9414,-11.2579,22.4170,-11.0370,30.1752,-9.7686,-0.9046,-0.1674,-0.7044,-0.0634,0.7713,0.1575,3,0.1100,3,0,0.4796,0.3706,0.1498,1.8617,4.4290,-0.3669,4.3799,4.1008,0.0000
0.3200,IMM-EKF,jink,0.500,10.00,0.050,1,0.600,1,20.0286,17.6162,-2.4125,5.3010,0.3478,0.1066,0.0138,6.0000,4.4349,1.3328,5.0177,0.1616,21.7154,-11.1810,20.7412,-11.3619,20.9414,-11.2579,22.5547,-11.0224,30.3840,-9.7680,-0.9743,-0.1808,-0.7740,-0.0768,0.8393,0.1586,3,0.1200,3,0,0.4796,0.3706,0.1498,1.9144,4.5495,-0.3759,4.3303,4.1531,0.0000
0.3300,IMM-EKF,jink,0.500,10.00,0.050,1,0.600,1,20.0321,17.5567,-2.4754,5.3588,0.3478,0.1066,0.0125,6.0000,4.4349,1.3332,5.4273,0.1613,21.7830,-11.1679,20.7412,-11.3619,20.9414,-11.2579,22.6931,-11.0087,30.5966,-9.7680,-1.0419,-0.1940,-0.8417,-0.0900,0.9101,0.1592,3,0.1300,3,0,0.4796,0.3706,0.1498,1.9667,4.6687,-0.3848,4.2802,4.2047,0.0000
0.3400,IMM-EKF,jink,0.500,10.00,0.050,1,0.600,1,20.0345,17.4949,-2.5396,5.4189,0.3478,0.1066,0.0113,6.0000,4.4349,1.3336,5.8539,0.1610,21.8486,-11.1551,20.7412,-11.3619,20.9414,-11.2579,22.8323,-10.9958,30.8132,-9.7687,-1.1074,-0.2068,-0.9072,-0.1028,0.9837,0.1593,3,0.1400,3,0,0.4796,0.3706,0.1498,2.0184,4.7868,-0.3936,4.2294,4.2558,0.0000
0.3500,IMM-EKF,jink,0.500,10.00,0.050,1,0.600,1,20.0360,17.7422,-2.2938,4.8933,0.3393,0.1052,0.0185,6.0000,4.6540,1.3023,2.2495,0.1608,21.9121,-11.1426,21.5740,-11.2082,21.6968,-11.3896,22.2009,-11.3899,27.0227,-11.6218,-0.3381,-0.0656,-0.2152,-0.2470,0.2888,-0.2473,4,0.0500,4,0,0.6261,0.3197,0.0542,2.0697,4.9036,-0.4022,4.1781,4.3063,0.0000
0.3600,IMM-EKF,jink,0.500,10.00,0.050,1,0.600,1,20.0365,17.7181,-2.3184,4.9460,0.3393,0.1052,0.0171,6.0000,4.6540,1.3022,2.4640,0.1605,21.9734,-11.1304,21.5740,-11.2082,21.6968,-11.3896,22.2924,-11.3983,27.1382,-11.6583,-0.3995,-0.0778,-0.2766,-0.2592,0.3190,-0.2679,4,0.0600,4,0,0.6261,0.3197,0.0542,2.1205,5.0193,-0.4107,4.1261,4.3561,0.0000
0.3700,IMM-EKF,jink,0.500,10.00,0.050,1,0.600,1,20.0361,17.6917,-2.3444,5.0007,0.3393,0.1052,0.0156,6.0000,4.6540,1.3022,2.6911,0.1602,22.0328,-11.1185,21.5740,-11.2082,21.6968,-11.3896,22.3840,-11.4078,27.2551,-11.6961,-0.4588,-0.0897,-0.3359,-0.2711,0.3512,-0.2893,4,0.0700,4,0,0.6261,0.3197,0.0542,2.1709,5.1338,-0.4190,4.0735,4.4053,0.0000
0.3800,IMM-EKF,jink,0.500,10.00,0.050,1,0.600,1,20.0347,17.6629,-2.3718,5.0575,0.3393,0.1052,0.0141,6.0000,4.6540,1.3021,2.9312,0.1599,22.0900,-11.1068,21.5740,-11.2082,21.6968,-11.3896,22.4757,-11.4183,27.3737,-11.7353,-0.5160,-0.1013,-0.3932,-0.2827,0.3857,-0.3114,4,0.0800,4,0,0.6261,0.3197,0.0542,2.2207,5.2472,-0.4272,4.0204,4.4538,0.0000
0.3900,IMM-EKF,jink,0.500,10.00,0.050,1,0.600,1,20.0323,17.6318,-2.4006,5.1162,0.3393,0.1052,0.0125,6.0000,4.6540,1.3020,3.1843,0.1596,22.1452,-11.0955,21.5740,-11.2082,21.6968,-11.3896,22.5675,-11.4298,27.4939,-11.7757,-0.5712,-0.1126,-0.4484,-0.2940,0.4223,-0.3343,4,0.0900,4,0,0.6261,0.3197,0.0542,2.2701,5.3594,-0.4352,3.9666,4.5018,0.0000
0.4000,IMM-EKF,jink,0.500,10.00,0.050,1,0.600,1,20.0290,17.5984,-2.4306,5.1768,0.3393,0.1052,0.0109,6.0000,4.6540,1.3019,3.4508,0.1593,22.1983,-11.0846,21.5740,-11.2082,21.6968,-11.3896,22.6595,-11.4424,27.6158,-11.8175,-0.6243,-0.1236,-0.5015,-0.3050,0.4613,-0.3579,4,0.1000,4,0,0.6261,0.3197,0.0542,2.3190,5.4705,-0.4431,3.9123,4.5490,0.0000
0.4100,IMM-EKF,jink,0.500,10.00,0.050,1,0.600,1,20.0247,17.5628,-2.4619,5.2392,0.3393,0.1052,0.0093,6.0000,4.6540,1.3017,3.7309,0.1590,22.2493,-11.0739,21.5740,-11.2082,21.6968,-11.3896,22.7518,-11.4561,27.7396,-11.8607,-0.6753,-0.1343,-0.5525,-0.3157,0.5025,-0.3822,4,0.1100,4,0,0.6261,0.3197,0.0542,2.3674,5.5805,-0.4508,3.8575,4.5957,0.0000
0.4200,IMM-EKF,jink,0.500,10.00,0.050,1,0.600,1,20.0195,17.5250,-2.4945,5.3034,0.3393,0.1052,0.0075,6.0000,4.6540,1.3016,4.0250,0.1587,22.2983,-11.0635,21.5740,-11.2082,21.6968,-11.3896,22.8443,-11.4708,27.8652,-11.9053,-0.7243,-0.1447,-0.6014,-0.3261,0.5460,-0.4073,4,0.1200,4,0,0.6261,0.3197,0.0542,2.4153,5.6894,-0.4584,3.8020,4.6416,0.0000
0.4300,IMM-EKF,jink,0.500,10.00,0.050,1,0.600,1,20.0133,17.4850,-2.5283,5.3694,0.3393,0.1052,0.0057,6.0000,4.6540,1.3015,4.3333,0.1584,22.3451,-11.0534,21.5740,-11.2082,21.6968,-11.3896,22.9371,-11.4866,27.9927,-11.9513,-0.7712,-0.1547,-0.6483,-0.3361,0.5920,-0.4331,4,0.1300,4,0,0.6261,0.3197,0.0542,2.4627,5.7972,-0.4659,3.7461,4.6869,0.0000
0.4400,IMM-EKF,jink,0.500,10.00,0.050,1,0.600,1,20.0061,17.4429,-2.5632,5.4370,0.3393,0.1052,0.0039,6.0000,4.6540,1.3014,4.6559,0.1580,22.3900,-11.0437,21.5740,-11.2082,21.6968,-11.3896,23.0303,-11.5034,28.1223,-11.9987,-0.8160,-0.1645,-0.6931,-0.3459,0.6403,-0.4597,4,0.1400,4,0,0.6261,0.3197,0.0542,2.5097,5.9040,-0.4732,3.6895,4.7315,0.0000
0.4500,IMM-EKF,jink,0.500,10.00,0.050,1,0.600,1,19.9980,17.6886,-2.3094,4.9215,0.3348,0.1043,0.0065,6.0000,5.9363,0.8625,1.9545,0.1577,22.4327,-11.0343,22.1983,-11.0846,22.3418,-11.1146,22.7585,-11.1015,26.5323,-10.5013,-0.2344,-0.0503,-0.0909,-0.0803,0.3258,-0.0672,5,0.0500,5,0,0.7614,0.2176,0.0210,2.5561,6.0097,-0.4804,3.6325,4.7754,0.0000
0.4600,IMM-EKF,jink,0.500,10.00,0.050,1,0.600,1,19.9890,17.6706,-2.3184,4.9876,0.3348,0.1043,0.0046,6.0000,5.9363,0.8627,2.1418,0.1574,22.4734,-11.0252,22.1983,-11.0846,22.3418,-11.1146,22.8315,-11.0932,26.6210,-10.5144,-0.2751,-0.0594,-0.1315,-0.0894,0.3581,-0.0681,5,0.0600,5,0,0.7614,0.2176,0.0210,2.6021,6.1143,-0.4874,3.5749,4.8187,0.0000
0.4700,IMM-EKF,jink,0.500,10.00,0.050,1,0.600,1,19.9790,17.6503,-2.3287,5.0550,0.3348,0.1043,0.0026,6.0000,5.9363,0.8628,2.3425,0.1570,22.5119,-11.0164,22.1983,-11.0846,22.3418,-11.1146,22.9046,-11.0859,26.7108,-10.5284,-0.3137,-0.0682,-0.1701,-0.0982,0.3926,-0.0695,5,0.0700,5,0,0.7614,0.2176,0.0210,2.6475,6.2180,-0.4944,3.5169,4.8612,0.0000
0.4800,IMM-EKF,jink,0.500,10.00,0.050,1,0.600,1,19.9681,17.6280,-2.3401,5.1237,0.3348,0.1043,0.0005,6.0000,5.9363,0.8630,2.5566,0.1566,22.5484,-11.0079,22.1983,-11.0846,22.3418,-11.1146,22.9777,-11.0794,26.8017,-10.5433,-0.3502,-0.0767,-0.2066,-0.1067,0.4293,-0.0715,5,0.0800,5,0,0.7614,0.2176,0.0210,2.6925,6.3206,-0.5012,3.4583,4.9031,0.0000
0.4900,IMM-EKF,jink,0.500,10.00,0.050,1,0.600,1,19.9562,17.6035,-2.3527,5.1937,0.3348,0.1043,0.0015,6.0000,5.9363,0.8631,2.7843,0.1563,22.5829,-10.9998,22.1983,-11.0846,22.3418,-11.1146,23.0510,-11.0739,26.8940,-10.5591,-0.3846,-0.0848,-0.2411,-0.1148,0.4681,-0.0741,5,0.0900,5,0,0.7614,0.2176,0.0210,2.7370,6.4222,-0.5078,3.3992,4.9442,0.0000
0.5000,IMM-EKF,jink,0.500,10.00,0.050,1,0.600,1,19.9434,17.5770,-2.3664,5.2650,0.3348,0.1043,0.0035,6.0000,5.9363,0.8617,3.0240,0.1558,22.6155,-10.9919,22.1983,-11.0846,22.3418,-11.1146,23.1244,-11.0693,26.9875,-10.5758,-0.4172,-0.0926,-0.2737,-0.1227,0.5089,-0.0773,5,0.1000,5,0,0.7614,0.2176,0.0210,2.7810,6.5228,-0.5144,3.3396,4.9847,0.0000
0.5100,IMM-EKF,jink,0.500,10.00,0.050,1,0.600,1,19.9296,17.5485,-2.3812,5.3374,0.3348,0.1043,0.0053,6.0000,5.9363,0.8606,3.2779,0.1558,22.6460,-10.9844,22.1983,-11.0846,22.3418,-11.1146,23.1981,-11.0655,27.0824,-10.5934,-0.4477,-0.1002,-0.3042,-0.1302,0.5521,-0.0811,5,0.1100,5,0,0.7614,0.2176,0.0210,2.8245,6.6225,-0.5208,3.2796,5.0244,0.0000
0.5200,IMM-EKF,jink,0.500,10.00,0.050,1,0.600,1,19.9150,17.5179,-2.3970,5.4110,0.3348,0.1043,0.0069,6.0000,5.9363,0.8609,3.5471,0.1558,22.6742,-10.9771,22.1983,-11.0846,22.3418,-11.1146,23.2719,-11.0627,27.1786,-10.6120,-0.4759,-0.1074,-0.3324,-0.1374,0.5977,-0.0855,5,0.1200,5,0,0.7614,0.2176,0.0210,2.8675,6.7211,-0.5271,3.2190,5.0634,0.0000
0.5300,IMM-EKF,jink,0.500,10.00,0.050,1,0.600,1,19.8993,17.4854,-2.4139,5.4857,0.3348,0.1043,0.0087,6.0000,5.9363,0.8611,3.8306,0.1559,22.7002,-10.9703,22.1983,-11.0846,22.3418,-11.1146,23.3460,-11.0607,27.2764,-10.6314,-0.5020,-0.1143,-0.3584,-0.1443,0.6458,-0.0905,5,0.1300,5,0,0.7614,0.2176,0.0210,2.9100,6.8188,-0.5332,3.1580,5.1016,0.0000
0.5400,IMM-EKF,jink,0.500,10.00,0.050,1,0.600,1,19.8828,17.4509,-2.4318,5.5615,0.3348,0.1043,0.0104,6.0000,5.9363,0.8614,4.1283,0.1559,22.7242,-10.9637,22.1983,-11.0846,22.3418,-11.1146,23.4204,-11.0596,27.3757,-10.6518,-0.5260,-0.1209,-0.3824,-0.1509,0.6962,-0.0959,5,0.1400,5,0,0.7614,0.2176,0.0210,2.9520,6.9156,-0.5392,3.0966,5.1392,0.0000
0.5500,IMM-EKF,jink,0.500,10.00,0.050,1,0.600,1,19.8653,18.0342,-1.8311,5.2386,0.3259,0.1038,0.0033,6.0000,8.1745,1.6267,1.8978,0.1559,22.7462,-10.9575,22.6155,-10.9919,22.5391,-11.2533,22.8430,-11.2602,24.7929,-11.5094,-0.1307,-0.0344,-0.2070,-0.2958,0.0968,-0.3027,6,0.0500,6,0,0.8307,0.1544,0.0150,2.9935,7.0115,-0.5452,3.0347,5.1760,0.0000
0.5600,IMM-EKF,jink,0.500,10.00,0.050,1,0.600,1,19.8468,18.0326,-1.8142,5.3073,0.3259,0.1038,0.0052,6.0000,8.1745,1.6267,2.0127,0.1560,22.7660,-10.9516,22.6155,-10.9919,22.5391,-11.2533,22.8823,-11.2681,24.8361,-11.5405,-0.1505,-0.0403,-0.2268,-0.3017,0.1163,-0.3165,6,0.0600,6,0,0.8307,0.1544,0.0150,3.0346,7.1064,-0.5509,2.9724,5.2120,0.0000
0.5700,IMM-EKF,jink,0.500,10.00,0.050,1,0.600,1,19.8275,18.0290,-1.7984,5.3769,0.3259,0.1038,0.0071,6.0000,8.1745,1.6266,2.1384,0.1560,22.7837,-10.9461,22.6155,-10.9919,22.5391,-11.2533,22.9215,-11.2770,24.8800,-11.5726,-0.1682,-0.0459,-0.2446,-0.3072,0.1378,-0.3309,6,0.0700,6,0,0.8307,0.1544,0.0150,3.0751,7.2004,-0.5566,2.9096,5.2473,0.0000
0.5800,IMM-EKF,jink,0.500,10.00,0.050,1,0.600,1,19.8072,18.0235,-1.7836,5.4473,0.3259,0.1038,0.0090,6.0000,8.1745,1.6266,2.2755,0.1560,22.7993,-10.9409,22.6155,-10.9919,22.5391,-11.2533,22.9608,-11.2867,24.9244,-11.6057,-0.1838,-0.0510,-0.2602,-0.3124,0.1615,-0.3458,6,0.0800,6,0,0.8307,0.1544,0.0150,3.1151,7.2936,-0.5622,2.8464,5.2818,0.0000
0.5900,IMM-EKF,jink,0.500,10.00,0.050,1,0.600,1,19.7859,18.0161,-1.7698,5.5187,0.3259,0.1038,0.0110,6.0000,8.1745,1.6265,2.4247,0.1560,22.8128,-10.9361,22.6155,-10.9919,22.5391,-11.2533,23.0001,-11.2973,24.9695,-11.6397,-0.1973,-0.0559,-0.2737,-0.3172,0.1873,-0.3613,6,0.0900,6,0,0.8307,0.1544,0.0150,3.1546,7.3858,-0.5676,2.7829,5.3156,0.0000
0.6000,IMM-EKF,jink,0.500,10.00,0.050,1,0.600,1,19.7638,18.0068,-1.7570,5.5909,0.3259,0.1038,0.0130,6.0000,8.1745,1.6264,2.5865,0.1560,22.8242,-10.9316,22.6155,-10.9919,22.5391,-11.2533,23.0395,-11.3089,25.0152,-11.6747,-0.2087,-0.0603,-0.2851,-0.3217,0.2153,-0.3773,6,0.1000,6,0,0.8307,0.1544,0.0150,3.1936,7.4772,-0.5729,2.7189,5.3486,0.0000
0.6100,IMM-EKF,jink,0.500,10.00,0.050,1,0.600,1,19.7407,17.9957,-1.7450,5.6639,0.3259,0.1038,0.0151,6.0000,8.1745,1.6263,2.7612,0.1560,22.8335,-10.9275,22.6155,-10.9919,22.5391,-11.2533,23.0789,-11.3213,25.0617,-11.7108,-0.2181,-0.0644,-0.2944,-0.3258,0.2454,-0.3938,6,0.1100,6,0,0.8307,0.1544,0.0150,3.2321,7.5677,-0.5781,2.6545,5.3809,0.0000
0.6200,IMM-EKF,jink,0.500,10.00,0.050,1,0.600,1,19.7167,17.9827,-1.7340,5.7377,0.3259,0.1038,0.0172,6.0000,8.1745,1.6263,2.9494,0.1559,22.8407,-10.9237,22.6155,-10.9919,22.5391,-11.2533,23.1185,-11.3346,25.1089,-11.7478,-0.2253,-0.0682,-0.3016,-0.3296,0.2778,-0.4108,6,0.1200,6,0,0.8307,0.1544,0.0150,3.2701,7.6574,-0.5832,2.5897,5.4123,0.0000
0.6300,IMM-EKF,jink,0.500,10.00,0.050,1,0.600,1,19.6917,17.9679,-1.7238,5.8124,0.3259,0.1038,0.0193,6.0000,8.1745,1.6262,3.1513,0.1559,22.8458,-10.9203,22.6155,-10.9919,22.5391,-11.2533,23.1582,-11.3487,25.1569,-11.7859,-0.2303,-0.0716,-0.3067,-0.3330,0.3124,-0.4284,6,0.1300,6,0,0.8307,0.1544,0.0150,3.3076,7.7462,-0.5882,2.5246,5.4430,0.0000
0.6400,IMM-EKF,jink,0.500,10.00,0.050,1,0.600,1,19.6659,17.9514,-1.7145,5.8878,0.3259,0.1038,0.0215,6.0000,8.1745,1.6261,3.3672,0.1559,22.8488,-10.9173,22.6155,-10.9919,22.5391,-11.2533,23.1981,-11.3638,25.2057,-11.8250,-0.2333,-0.0746,-0.3097,-0.3360,0.3493,-0.4465,6,0.1400,6,0,0.8307,0.1544,0.0150,3.3446,7.8342,-0.5931,2.4591,5.4729,0.0000
0.6500,IMM-EKF,jink,0.500,10.00,0.050,1,0.600,1,19.6391,17.9243,-1.7148,5.5577,0.3169,0.1025,0.0147,6.0000,9.0558,1.6226,0.7532,0.1559,22.8496,-10.9147,22.8242,-10.9316,22.5484,-10.9136,22.7214,-10.9158,23.4146,-10.2788,-0.0254,-0.0169,-0.3012,0.0011,-0.1282,-0.0011,7,0.0500,7,0,0.8587,0.1266,0.0148,3.3810,7.9214,-0.5978,2.3933,5.5020,0.0000
0.6600,IMM-EKF,jink,0.500,10.00,0.050,1,0.600,1,19.6114,17.9223,-1.6891,5.6273,0.3169,0.1025,0.0154,6.0000,9.0558,1.6358,0.6776,0.1554,22.8506,-10.9124,22.8242,-10.9316,22.5484,-10.9136,22.7355,-10.9054,23.4307,-10.2876,-0.0264,-0.0192,-0.3022,-0.0012,-0.1151,0.0070,7,0.0600,7,0,0.8587,0.1266,0.0148,3.4170,8.0077,-0.6025,2.3271,5.5304,0.0000
0.6700,IMM-EKF,jink,0.500,10.00,0.050,1,0.600,1,19.5827,17.9185,-1.6642,5.6977,0.3169,0.1025,0.0145,6.0000,9.0558,1.6472,0.5913,0.1563,22.8492,-10.9104,22.8242,-10.9316,22.5484,-10.9136,22.7496,-10.8959,23.4473,-10.2972,-0.0249,-0.0212,-0.3007,-0.0031,-0.0996,0.0145,7,0.0700,7,0,0.8587,0.1266,0.0148,3.4525,8.0933,-0.6070,2.2605,5.5579,0.0000
0.6800,IMM-EKF,jink,0.500,10.00,0.050,1,0.600,1,19.5532,17.9129,-1.6402,5.7687,0.3169,0.1025,0.0123,6.0000,9.0558,1.6471,0.4864,0.1567,22.8436,-10.9089,22.8242,-10.9316,22.5484,-10.9136,22.7638,-10.8872,23.4644,-10.3075,-0.0194,-0.0227,-0.2952,-0.0047,-0.0798,0.0216,7,0.0800,7,0,0.8587,0.1266,0.0148,3.4874,8.1781,-0.6115,2.1937,5.5846,0.0000
0.6900,IMM-EKF,jink,0.500,10.00,0.050,1,0.600,1,19.5227,17.9056,-1.6170,5.8403,0.3169,0.1025,0.0102,6.0000,9.0558,1.6469,0.3796,0.1571,22.8359,-10.9077,22.8242,-10.9316,22.5484,-10.9136,22.7781,-10.8793,23.4819,-10.3185,-0.0117,-0.0239,-0.2875,-0.0059,-0.0578,0.0283,7,0.0900,7,0,0.8587,0.1266,0.0148,3.5218,8.2621,-0.6158,2.1265,5.6105,0.0000
0.7000,IMM-EKF,jink,0.500,10.00,0.050,1,0.600,1,19.4913,17.8967,-1.5946,5.9126,0.3169,0.1025,0.0081,6.0000,9.0558,1.6468,0.2860,0.1576,22.8261,-10.9068,22.8242,-10.9316,22.5484,-10.9136,22.7925,-10.8722,23.5001,-10.3302,-0.0018,-0.0248,-0.2776,-0.0067,-0.0336,0.0346,7,0.1000,7,0,0.8587,0.1266,0.0148,3.5557,8.3454,-0.6200,2.0590,5.6356,0.0000
0.7100,IMM-EKF,jink,0.500,10.00,0.050,1,0.600,1,19.4590,17.8860,-1.5730,5.9855,0.3169,0.1025,0.0060,6.0000,9.0558,1.6466,0.2459,0.1580,22.8141,-10.9064,22.8242,-10.9316,22.5484,-10.9136,22.8071,-10.8659,23.5188,-10.3427,0.0101,-0.0252,-0.2656,-0.0071,-0.0070,0.0405,7,0.1100,7,0,0.8587,0.1266,0.0148,3.5891,8.4278,-0.6242,1.9912,5.6599,0.0000
0.7200,IMM-EKF,jink,0.500,10.00,0.050,1,0.600,1,19.4257,17.8736,-1.5521,6.0590,0.3169,0.1025,0.0040,6.0000,9.0558,1.6464,0.3040,0.1584,22.7999,-10.9064,22.8242,-10.9316,22.5484,-10.9136,22.8218,-10.8604,23.5382,-10.3558,0.0243,-0.0252,-0.2515,-0.0071,0.0219,0.0461,7,0.1200,7,0,0.8587,0.1266,0.0148,3.6220,8.5096,-0.6282,1.9232,5.6834,0.0000
0.7300,IMM-EKF,jink,0.500,10.00,0.050,1,0.600,1,19.3916,17.8597,-1.5319,6.1331,0.3169,0.1025,0.0021,6.0000,9.0558,1.6463,0.4373,0.1588,22.7836,-10.9068,22.8242,-10.9316,22.5484,-10.9136,22.8367,-10.8556,23.5582,-10.3697,0.0406,-0.0248,-0.2352,-0.0067,0.0531,0.0512,7,0.1300,7,0,0.8587,0.1266,0.0148,3.6544,8.5906,-0.6321,1.8549,5.7061,0.0000
0.7400,IMM-EKF,jink,0.500,10.00,0.050,1,0.600,1,19.3565,17.8441,-1.5124,6.2077,0.3169,0.1025,0.0002,6.0000,9.0558,1.6461,0.6099,0.1592,22.7652,-10.9077,22.8242,-10.9316,22.5484,-10.9136,22.8519,-10.8516,23.5789,-10.3844,0.0591,-0.0239,-0.2167,-0.0059,0.0867,0.0560,7,0.1400,7,0,0.8587,0.1266,0.0148,3.6862,8.6709,-0.6359,1.7862,5.7279,0.0000
0.7500,IMM-EKF,jink,0.500,10.00,0.050,1,0.600,1,19.3205,17.7556,-1.5650,5.7206,0.3123,0.1018,0.0063,6.0000,9.2336,2.7221,1.9346,0.1596,22.7445,-10.9089,22.8261,-10.9068,22.4001,-11.0862,22.4733,-11.0925,22.2555,-11.3318,0.0816,0.0020,-0.3444,-0.1773,-0.2712,-0.1836,8,0.0500,8,0,0.8925,0.0954,0.0121,3.7176,8.7505,-0.6397,1.7174,5.7490,0.0000
0.7600,IMM-EKF,jink,0.500,10.00,0.050,1,0.600,1,19.2836,17.7477,-1.5359,5.7871,0.3123,0.1018,0.0081,6.0000,9.2336,2.7221,1.8645,0.1600,22.7217,-10.9105,22.8261,-10.9068,22.4001,-11.0862,22.4693,-11.0997,22.2536,-11.3606,0.1044,0.0037,-0.3216,-0.1756,-0.2524,-0.1891,8,0.0600,8,0,0.8925,0.0954,0.0121,3.7484,8.8293,-0.6433,1.6483,5.7692,0.0000
0.7700,IMM-EKF,jink,0.500,10.00,0.050,1,0.600,1,19.2458,17.7383,-1.5075,5.8541,0.3123,0.1018,0.0098,6.0000,9.2336,2.7221,1.7903,0.1604,22.6966,-10.9126,22.8261,-10.9068,22.4001,-11.0862,22.4655,-11.1077,22.2522,-11.3902,0.1295,0.0058,-0.2965,-0.1736,-0.2312,-0.1951,8,0.0700,8,0,0.8925,0.0954,0.0121,3.7787,8.9075,-0.6468,1.5789,5.7885,0.0000
0.7800,IMM-EKF,jink,0.500,10.00,0.050,1,0.600,1,19.2071,17.7273,-1.4798,5.9217,0.3123,0.1018,0.0115,6.0000,9.2336,2.7221,1.7142,0.1607,22.6694,-10.9151,22.8261,-10.9068,22.4001,-11.0862,22.4618,-11.1166,22.2513,-11.4207,0.1567,0.0083,-0.2693,-0.1710,-0.2076,-0.2014,8,0.0800,8,0,0.8925,0.0954,0.0121,3.8084,8.9850,-0.6502,1.5094,5.8071,0.0000
0.7900,IMM-EKF,jink,0.500,10.00,0.050,1,0.600,1,19.1674,17.7147,-1.4528,5.9897,0.3123,0.1018,0.0132,6.0000,9.2336,2.7221,1.6396,0.1611,22.6400,-10.9181,22.8261,-10.9068,22.4001,-11.0862,22.4583,-11.1262,22.2510,-11.4521,0.1861,0.0112,-0.2399,-0.1681,-0.1816,-0.2082,8,0.0900,8,0,0.8925,0.0954,0.0121,3.8377,9.0618,-0.6536,1.4396,5.8247,0.0000
0.8000,IMM-EKF,jink,0.500,10.00,0.050,1,0.600,1,19.1269,17.7005,-1.4263,6.0583,0.3123,0.1018,0.0148,6.0000,9.2336,2.7221,1.5708,0.1615,22.6084,-10.9214,22.8261,-10.9068,22.4001,-11.0862,22.4551,-11.1367,22.2514,-11.4845,0.2177,0.0146,-0.2083,-0.1647,-0.1532,-0.2152,8,0.1000,8,0,0.8925,0.0954,0.0121,3.8664,9.1379,-0.6568,1.3696,5.8416,0.0000
0.8100,IMM-EKF,jink,0.500,10.00,0.050,1,0.600,1,19.0854,17.6849,-1.4005,6.1273,0.3123,0.1018,0.0163,6.0000,9.2336,2.7221,1.5135,0.1619,22.5745,-10.9253,22.8261,-10.9068,22.4001,-11.0862,22.4521,-11.1479,22.2523,-11.5178,0.2516,0.0184,-0.1744,-0.1609,-0.1224,-0.2227,8,0.1100,8,0,0.8925,0.0954,0.0121,3.8946,9.2133,-0.6600,1.2994,5.8576,0.0000
0.8200,IMM-EKF,jink,0.500,10.00,0.050,1,0.600,1,19.0431,17.6678,-1.3753,6.1968,0.3123,0.1018,0.0178,6.0000,9.2336,2.7220,1.4744,0.1623,22.5384,-10.9296,22.8261,-10.9068,22.4001,-11.0862,22.4494,-11.1600,22.2539,-11.5520,0.2877,0.0227,-0.1383,-0.1566,-0.0890,-0.2305,8,0.1200,8,0,0.8925,0.0954,0.0121,3.9222,9.2882,-0.6630,1.2290,5.8728,0.0000
0.8300,IMM-EKF,jink,0.500,10.00,0.050,1,0.600,1,18.9998,17.6491,-1.3507,6.2668,0.3123,0.1018,0.0195,6.0000,9.2336,2.7239,1.4615,0.1629,22.5005,-10.9343,22.8261,-10.9068,22.4001,-11.0862,22.4470,-11.1729,22.2563,-11.5871,0.3256,0.0274,-0.1004,-0.1519,-0.0535,-0.2386,8,0.1300,8,0,0.8925,0.0954,0.0121,3.9494,9.3623,-0.6660,1.1584,5.8871,0.0000
0.8400,IMM-EKF,jink,0.500,10.00,0.050,1,0.600,1,18.9556,17.6291,-1.3265,6.3373,0.3123,0.1018,0.0213,6.0000,9.2336,2.7253,1.4812,0.1638,22.4602,-10.9394,22.8261,-10.9068,22.4001,-11.0862,22.4449,-11.1866,22.2594,-11.6232,0.3659,0.0326,-0.0601,-0.1467,-0.0153,-0.2471,8,0.1400,8,0,0.8925,0.0954,0.0121,3.9760,9.4359,-0.6689,1.0877,5.9006,0.0000
0.8500,IMM-EKF,jink,0.500,10.00,0.050,1,0.600,1,18.9105,17.6226,-1.2879,5.8616,0.3129,0.1018,0.0225,6.0000,9.2445,1.2196,1.3633,0.1645,22.4174,-10.9450,22.6084,-10.9214,22.5062,-11.0982,22.5403,-11.1384,22.6340,-11.4783,0.1910,0.0236,0.0888,-0.1532,0.1229,-0.1934,9,0.0500,9,0,0.9243,0.0663,0.0093,4.0020,9.5088,-0.6716,1.0168,5.9132,0.0000
0.8600,IMM-EKF,jink,0.500,10.00,0.050,1,0.600,1,18.8645,17.6073,-1.2573,5.9242,0.3129,0.1018,0.0243,6.0000,9.2445,1.2203,1.5431,0.1653,22.3724,-10.9511,22.6084,-10.9214,22.5062,-11.0982,22.5429,-11.1474,22.6441,-11.5090,0.2360,0.0297,0.1338,-0.1471,0.1705,-0.1963,9,0.0600,9,0,0.9243,0.0663,0.0093,4.0276,9.5810,-0.6743,0.9458,5.9250,0.0000
0.8700,IMM-EKF,jink,0.500,10.00,0.050,1,0.600,1,18.8176,17.5905,-1.2271,5.9872,0.3129,0.1018,0.0260,6.0000,9.2445,1.2209,1.7620,0.1661,22.3250,-10.9577,22.6084,-10.9214,22.5062,-11.0982,22.5459,-11.1571,22.6551,-11.5407,0.2833,0.0363,0.1811,-0.1405,0.2208,-0.1994,9,0.0700,9,0,0.9243,0.0663,0.0093,4.0525,9.6527,-0.6769,0.8746,5.9359,0.0000
0.8800,IMM-EKF,jink,0.500,10.00,0.050,1,0.600,1,18.7698,17.5723,-1.1975,6.0507,0.3129,0.1018,0.0277,6.0000,9.2445,1.2215,2.0142,0.1669,22.2755,-10.9648,22.6084,-10.9214,22.5062,-11.0982,22.5492,-11.1677,22.6670,-11.5733,0.3329,0.0433,0.2307,-0.1335,0.2738,-0.2029,9,0.0800,9,0,0.9243,0.0663,0.0093,4.0770,9.7238,-0.6795,0.8033,5.9460,0.0000
0.8900,IMM-EKF,jink,0.500,10.00,0.050,1,0.600,1,18.7211,17.5527,-1.1685,6.1145,0.3129,0.1018,0.0294,6.0000,9.2445,1.2221,2.2953,0.1677,22.2236,-10.9723,22.6084,-10.9214,22.5062,-11.0982,22.5530,-11.1790,22.6798,-11.6069,0.3848,0.0509,0.2826,-0.1259,0.3294,-0.2067,9,0.0900,9,0,0.9243,0.0663,0.0093,4.1009,9.7943,-0.6819,0.7319,5.9552,0.0000
0.9000,IMM-EKF,jink,0.500,10.00,0.050,1,0.600,1,18.6715,17.5317,-1.1399,6.1788,0.3129,0.1018,0.0310,6.0000,9.2445,1.2227,2.6021,0.1685,22.1694,-10.9804,22.6084,-10.9214,22.5062,-11.0982,22.5571,-11.1912,22.6937,-11.6413,0.4389,0.0589,0.3367,-0.1179,0.3877,-0.2108,9,0.1000,9,0,0.9243,0.0663,0.0093,4.1243,9.8642,-0.6842,0.6604,5.9635,0.0000
0.9100,IMM-EKF,jink,0.500,10.00,0.050,1,0.600,1,18.6210,17.5093,-1.1117,6.2434,0.3129,0.1018,0.0325,6.0000,9.2445,1.2233,2.9323,0.1693,22.1130,-10.9890,22.6084,-10.9214,22.5062,-11.0982,22.5618,-11.2041,22.7086,-11.6768,0.4954,0.0675,0.3932,-0.1093,0.4488,-0.2152,9,0.1100,9,0,0.9243,0.0663,0.0093,4.1472,9.9335,-0.6865,0.5888,5.9710,0.0000
0.9200,IMM-EKF,jink,0.500,10.00,0.050,1,0.600,1,18.5696,17.4856,-1.0841,6.3085,0.3129,0.1018,0.0341,6.0000,9.2445,1.2239,3.2845,0.1701,22.0542,-10.9980,22.6084,-10.9214,22.5062,-11.0982,22.5669,-11.2178,22.7247,-11.7132,0.5542,0.0766,0.4520,-0.1002,0.5127,-0.2198,9,0.1200,9,0,0.9243,0.0663,0.0093,4.1695,10.0022,-0.6887,0.5171,5.9777,0.0000
0.9300,IMM-EKF,jink,0.500,10.00,0.050,1,0.600,1,18.5173,17.4605,-1.0568,6.3740,0.3129,0.1018,0.0355,6.0000,9.2445,1.2245,3.6575,0.1709,21.9931,-11.0077,22.6084,-10.9214,22.5062,-11.0982,22.5726,-11.2323,22.7419,-11.7506,0.6153,0.0862,0.5131,-0.0906,0.5795,-0.2247,9,0.1300,9,0,0.9243,0.0663,0.0093,4.1912,10.0704,-0.6908,0.4453,5.9835,0.0000
0.9400,IMM-EKF,jink,0.500,10.00,0.050,1,0.600,1,18.4641,17.4341,-1.0300,6.4398,0.3129,0.1018,0.0369,6.0000,9.2445,1.2251,4.0509,0.1717,21.9296,-11.0178,22.6084,-10.9214,22.5062,-11.0982,22.5788,-11.2477,22.7604,-11.7890,0.6787,0.0964,0.5765,-0.0804,0.6492,-0.2298,9,0.1400,9,0,0.9243,0.0663,0.0093,4.2124,10.1381,-0.6928,0.3735,5.9884,0.0000
0.9500,IMM-EKF,jink,0.500,10.00,0.050,1,0.600,1,18.4100,17.5827,-0.8273,6.0376,0.3152,0.1022,0.0360,6.0000,9.3084,2.1567,3.1222,0.1725,21.8638,-11.0285,22.1694,-10.9804,22.2249,-11.3361,22.2317,-11.4056,21.5109,-12.3867,0.3056,0.0481,0.3611,-0.3075,0.3679,-0.3770,10,0.0500,10,0,0.9359,0.0544,0.0097,4.2331,10.2051,-0.6947,0.3016,5.9924,0.0000
0.9600,IMM-EKF,jink,0.500,10.00,0.050,1,0.600,1,18.3551,17.5615,-0.7935,6.0967,0.3152,0.1022,0.0374,6.0000,9.3084,2.1576,3.3965,0.1733,21.7957,-11.0398,22.1694,-10.9804,22.2249,-11.3361,22.2193,-11.4266,21.5069,-12.4325,0.3738,0.0594,0.4292,-0.2963,0.4237,-0.3868,10,0.0600,10,0,0.9359,0.0544,0.0097,4.2532,10.2717,-0.6965,0.2297,5.9956,0.0000
0.9700,IMM-EKF,jink,0.500,10.00,0.050,1,0.600,1,18.2992,17.5390,-0.7602,6.1562,0.3152,0.1022,0.0386,6.0000,9.3084,2.1584,3.6941,0.1741,21.7251,-11.0516,22.1694,-10.9804,22.2249,-11.3361,22.2074,-11.4485,21.5038,-12.4794,0.4443,0.0712,0.4998,-0.2845,0.4823,-0.3969,10,0.0700,10,0,0.9359,0.0544,0.0097,4.2727,10.3377,-0.6983,0.1577,5.9979,0.0000
0.9800,IMM-EKF,jink,0.500,10.00,0.050,1,0.600,1,18.2424,17.5152,-0.7273,6.2159,0.3152,0.1022,0.0399,6.0000,9.3084,2.1593,4.0145,0.1749,21.6522,-11.0639,22.1694,-10.9804,22.2249,-11.3361,22.1960,-11.4711,21.5019,-12.5274,0.5172,0.0835,0.5727,-0.2721,0.5439,-0.4072,10,0.0800,10,0,0.9359,0.0544,0.0097,4.2917,10.4032,-0.7000,0.0857,5.9994,0.0000
0.9900,IMM-EKF,jink,0.500,10.00,0.050,1,0.600,1,18.1848,17.4901,-0.6947,6.2761,0.3152,0.1022,0.0411,6.0000,9.3084,2.1602,4.3570,0.1758,21.5769,-11.0769,22.1694,-10.9804,22.2249,-11.3361,22.1852,-11.4946,21.5010,-12.5764,0.5926,0.0965,0.6480,-0.2592,0.6083,-0.4177,10,0.0900,10,0,0.9359,0.0544,0.0097,4.3102,10.4681,-0.7016,0.0137,6.0000,0.0000
1.0000,IMM-EKF,jink,0.500,10.00,0.050,1,0.600,1,18.1263,17.4638,-0.6625,6.3365,0.3152,0.1022,0.0422,6.0000,9.3084,2.1611,4.7213,0.1766,21.4991,-11.0904,22.1694,-10.9804,22.2249,-11.3361,22.1749,-11.5189,21.5014,-12.6266,0.6703,0.1100,0.7258,-0.2457,0.6758,-0.4285,10,0.1000,10,0,0.9359,0.0544,0.0097,4.3281,10.5326,-0.7031,-0.0583,5.9997,0.0000
1.0100,IMM-EKF,jink,0.500,10.00,0.050,1,0.600,1,18.0669,17.4362,-0.6307,6.3973,0.3152,0.1022,0.0433,6.0000,9.3084,2.1619,5.1071,0.1774,21.4189,-11.1045,22.1694,-10.9804,22.2249,-11.3361,22.1652,-11.5441,21.5029,-12.6779,0.7505,0.1241,0.8060,-0.2315,0.7463,-0.4395,10,0.1100,10,0,0.9359,0.0544,0.0097,4.3454,10.5965,-0.7046,-0.1302,5.9986,0.0000
1.0200,IMM-EKF,jink,0.500,10.00,0.050,1,0.600,1,18.0066,17.4074,-0.5991,6.4585,0.3152,0.1022,0.0444,6.0000,9.3084,2.1628,5.5141,0.1783,21.3363,-11.1192,22.1694,-10.9804,22.2249,-11.3361,22.1562,-11.5700,21.5058,-12.7303,0.8331,0.1389,0.8886,-0.2168,0.8199,-0.4508,10,0.1200,10,0,0.9359,0.0544,0.0097,4.3622,10.6600,-0.7059,-0.2022,5.9966,0.0000
1.0300,IMM-EKF,jink,0.500,10.00,0.050,1,0.600,1,17.9454,17.3775,-0.5679,6.5200,0.3152,0.1022,0.0454,6.0000,9.3084,2.1637,5.9422,0.1791,21.2512,-11.1346,22.1694,-10.9804,22.2249,-11.3361,22.1479,-11.5969,21.5100,-12.7839,0.9182,0.1542,0.9737,-0.2015,0.8967,-0.4623,10,0.1300,10,0,0.9359,0.0544,0.0097,4.3784,10.7230,-0.7072,-0.2742,5.9937,0.0000
1.0400,IMM-EKF,jink,0.500,10.00,0.050,1,0.600,1,17.8833,17.3463,-0.5370,6.5818,0.3152,0.1022,0.0463,6.0000,9.3084,2.1646,6.3914,0.1800,21.1636,-11.1505,22.1694,-10.9804,22.2249,-11.3361,22.1402,-11.6245,21.5157,-12.8386,1.0058,0.1702,1.0613,-0.1855,0.9766,-0.4740,10,0.1400,10,0,0.9359,0.0544,0.0097,4.3940,10.7854,-0.7084,-0.3461,5.9900,0.0000
1.0500,IMM-EKF,jink,0.500,10.00,0.050,1,0.600,1,17.8204,15.8966,-1.9238,6.0505,0.3093,0.0987,0.0532,6.0000,7.9283,2.3638,3.0959,0.1809,21.0736,-11.1671,21.4991,-11.0904,21.5352,-11.4832,21.3750,-11.5920,18.5752,-12.7803,0.4255,0.0767,0.4617,-0.3161,0.3014,-0.4249,11,0.0500,11,0,0.9279,0.0596,0.0126,4.4091,10.8474,-0.7096,-0.4179,5.9854,0.0000
1.0600,IMM-EKF,jink,0.500,10.00,0.050,1,0.600,1,17.7566,15.8545,-1.9021,6.1046,0.3093,0.0987,0.0541,6.0000,7.9283,2.3647,3.2854,0.1817,20.9810,-11.1844,21.4991,-11.0904,21.5352,-11.4832,21.3278,-11.6157,18.5248,-12.8368,0.5181,0.0940,0.5542,-0.2988,0.3468,-0.4313,11,0.0600,11,0,0.9279,0.0596,0.0126,4.4236,10.9090,-0.7106,-0.4897,5.9800,0.0000
1.0700,IMM-EKF,jink,0.500,10.00,0.050,1,0.600,1,17.6919,15.8112,-1.8808,6.1591,0.3093,0.0987,0.0549,6.0000,7.9283,2.3656,3.4983,0.1826,20.8859,-11.2022,21.4991,-11.0904,21.5352,-11.4832,21.2811,-11.6404,18.4754,-12.8948,0.6132,0.1118,0.6493,-0.2810,0.3951,-0.4381,11,0.0700,11,0,0.9279,0.0596,0.0126,4.4375,10.9700,-0.7116,-0.5614,5.9737,0.0000
1.0800,IMM-EKF,jink,0.500,10.00,0.050,1,0.600,1,17.6264,15.7667,-1.8597,6.2139,0.3093,0.0987,0.0557,6.0000,7.9283,2.3666,3.7348,0.1835,20.7883,-11.2208,21.4991,-11.0904,21.5352,-11.4832,21.2349,-11.6660,18.4268,-12.9543,0.7108,0.1304,0.7470,-0.2624,0.4466,-0.4452,11,0.0800,11,0,0.9279,0.0596,0.0126,4.4509,11.0306,-0.7125,-0.6331,5.9665,0.0000
1.0900,IMM-EKF,jink,0.500,10.00,0.050,1,0.600,1,17.5600,15.7211,-1.8389,6.2690,0.3093,0.0987,0.0565,6.0000,7.9283,2.3675,3.9952,0.1844,20.6881,-11.2400,21.4991,-11.0904,21.5352,-11.4832,21.1892,-11.6925,18.3794,-13.0154,0.8110,0.1496,0.8472,-0.2432,0.5012,-0.4525,11,0.0900,11,0,0.9279,0.0596,0.0126,4.4637,11.0908,-0.7134,-0.7046,5.9585,0.0000
1.1000,IMM-EKF,jink,0.500,10.00,0.050,1,0.600,1,17.4927,15.6744,-1.8183,6.3244,0.3093,0.0987,0.0572,6.0000,7.9283,2.3685,4.2794,0.1853,20.5853,-11.2599,21.4991,-11.0904,21.5352,-11.4832,21.1442,-11.7201,18.3330,-13.0781,0.9138,0.1695,0.9500,-0.2233,0.5589,-0.4601,11,0.1000,11,0,0.9279,0.0596,0.0126,4.4759,11.1505,-0.7141,-0.7761,5.9496,0.0000
1.1100,IMM-EKF,jink,0.500,10.00,0.050,1,0.600,1,17.4245,15.6266,-1.7980,6.3801,0.3093,0.0987,0.0578,6.0000,7.9283,2.3694,4.5875,0.1862,20.4799,-11.2806,21.4991,-11.0904,21.5352,-11.4832,21.0998,-11.7486,18.2878,-13.1424,1.0192,0.1902,1.0554,-0.2026,0.6199,-0.4680,11,0.1100,11,0,0.9279,0.0596,0.0126,4.4875,11.2097,-0.7148,-0.8474,5.9399,0.0000
1.1200,IMM-EKF,jink,0.500,10.00,0.050,1,0.600,1,17.3555,15.5777,-1.7779,6.4362,0.3093,0.0987,0.0585,6.0000,7.9283,2.3704,4.9194,0.1872,20.3718,-11.3019,21.4991,-11.0904,21.5352,-11.4832,21.0561,-11.7781,18.2438,-13.2083,1.1273,0.2115,1.1634,-0.1813,0.6842,-0.4762,11,0.1200,11,0,0.9279,0.0596,0.0126,4.4985,11.2686,-0.7154,-0.9186,5.9293,0.0000
1.1300,IMM-EKF,jink,0.500,10.00,0.050,1,0.600,1,17.2857,15.5277,-1.7580,6.4925,0.3093,0.0987,0.0591,6.0000,7.9283,2.3714,5.2751,0.1881,20.2612,-11.3239,21.4991,-11.0904,21.5352,-11.4832,21.0131,-11.8086,18.2012,-13.2760,1.2379,0.2335,1.2741,-0.1593,0.7519,-0.4846,11,0.1300,11,0,0.9279,0.0596,0.0126,4.5089,11.3270,-0.7160,-0.9897,5.9178,0.0000
1.1400,IMM-EKF,jink,0.500,10.00,0.050,1,0.600,1,17.2150,15.4767,-1.7383,6.5492,0.3093,0.0987,0.0596,6.0000,7.9283,2.3723,5.6547,0.1891,20.1478,-11.3467,21.4991,-11.0904,21.5352,-11.4832,20.9708,-11.8401,18.1601,-13.3453,1.3513,0.2563,1.3874,-0.1365,0.8230,-0.4934,11,0.1400,11,0,0.9279,0.0596,0.0126,4.5188,11.3849,-0.7165,-1.0607,5.9055,0.0000
1.1500,IMM-EKF,jink,0.500,10.00,0.050,1,0.600,1,17.1434,14.2974,-2.8460,5.2941,0.3012,0.0946,0.0682,6.0000,7.1307,1.6881,2.9656,0.1900,20.0318,-11.3702,20.5853,-11.2599,20.7970,-11.4500,20.5157,-11.5144,16.3785,-12.0720,0.5535,0.1103,0.7652,-0.0797,0.4839,-0.1442,12,0.0500,12,0,0.9336,0.0556,0.0108,4.5280,11.4425,-0.7169,-1.1314,5.8924,0.0000
1.1600,IMM-EKF,jink,0.500,10.00,0.050,1,0.600,1,17.0710,14.2403,-2.8307,5.3368,0.3012,0.0946,0.0687,6.0000,7.1307,1.6890,3.2528,0.1910,19.9131,-11.3945,20.5853,-11.2599,20.7970,-11.4500,20.4512,-11.5267,16.2982,-12.1174,0.6722,0.1346,0.8839,-0.0554,0.5382,-0.1321,12,0.0600,12,0,0.9336,0.0556,0.0108,4.5367,11.4996,-0.7172,-1.2021,5.8784,0.0000
1.1700,IMM-EKF,jink,0.500,10.00,0.050,1,0.600,1,16.9977,14.1822,-2.8155,5.3799,0.3012,0.0946,0.0692,6.0000,7.1307,1.6899,3.5658,0.1920,19.7916,-11.4196,20.5853,-11.2599,20.7970,-11.4500,20.3873,-11.5399,16.2188,-12.1645,0.7937,0.1597,1.0054,-0.0304,0.5957,-0.1202,12,0.0700,12,0,0.9336,0.0556,0.0108,4.5447,11.5564,-0.7175,-1.2725,5.8635,0.0000
1.1800,IMM-EKF,jink,0.500,10.00,0.050,1,0.600,1,16.9236,14.1230,-2.8006,5.4232,0.3012,0.0946,0.0696,6.0000,7.1307,1.6909,3.9039,0.1930,19.6673,-11.4455,20.5853,-11.2599,20.7970,-11.4500,20.3240,-11.5540,16.1404,-12.2133,0.9179,0.1855,1.1297,-0.0045,0.6566,-0.1085,12,0.0800,12,0,0.9336,0.0556,0.0108,4.5522,11.6127,-0.7176,-1.3428,5.8478,0.0000
1.1900,IMM-EKF,jink,0.500,10.00,0.050,1,0.600,1,16.8486,14.0628,-2.7858,5.4669,0.3012,0.0946,0.0699,6.0000,7.1307,1.6918,4.2662,0.1941,19.5403,-11.4722,20.5853,-11.2599,20.7970,-11.4500,20.2613,-11.5691,16.0631,-12.2638,1.0450,0.2122,1.2567,0.0222,0.7210,-0.0970,12,0.0900,12,0,0.9336,0.0556,0.0108,4.5590,11.6686,-0.7178,-1.4129,5.8313,0.0000
1.2000,IMM-EKF,jink,0.500,10.00,0.050,1,0.600,1,16.7729,14.0017,-2.7712,5.5109,0.3012,0.0946,0.0705,6.0000,7.1307,1.6911,4.6506,0.1952,19.4108,-11.4997,20.5853,-11.2599,20.7970,-11.4500,20.1994,-11.5853,15.9870,-12.3162,1.1745,0.2397,1.3862,0.0497,0.7886,-0.0856,12,0.1000,12,0,0.9336,0.0556,0.0108,4.5652,11.7242,-0.7178,-1.4827,5.8139,0.0000
1.2100,IMM-EKF,jink,0.500,10.00,0.050,1,0.600,1,16.6962,13.9395,-2.7567,5.5553,0.3012,0.0946,0.0709,6.0000,7.1307,1.6908,5.0587,0.1967,19.2785,-11.5279,20.5853,-11.2599,20.7970,-11.4500,20.1382,-11.6024,15.9123,-12.3704,1.3068,0.2680,1.5185,0.0779,0.8597,-0.0745,12,0.1100,12,0,0.9336,0.0556,0.0108,4.5709,11.7793,-0.7178,-1.5524,5.7957,0.0000
1.2200,IMM-EKF,jink,0.500,10.00,0.050,1,0.600,1,16.6188,13.8764,-2.7424,5.6000,0.3012,0.0946,0.0716,6.0000,7.1307,1.6918,5.4923,0.1982,19.1430,-11.5570,20.5853,-11.2599,20.7970,-11.4500,20.0779,-11.6205,15.8390,-12.4265,1.4423,0.2971,1.6540,0.1071,0.9349,-0.0635,12,0.1200,12,0,0.9336,0.0556,0.0108,4.5759,11.8341,-0.7177,-1.6218,5.7766,0.0000
1.2300,IMM-EKF,jink,0.500,10.00,0.050,1,0.600,1,16.5405,13.8123,-2.7282,5.6450,0.3012,0.0946,0.0722,6.0000,7.1307,1.6931,5.9501,0.1997,19.0045,-11.5870,20.5853,-11.2599,20.7970,-11.4500,20.0184,-11.6397,15.7672,-12.4846,1.5808,0.3271,1.7925,0.1371,1.0139,-0.0527,12,0.1300,12,0,0.9336,0.0556,0.0108,4.5802,11.8885,-0.7175,-1.6910,5.7568,0.0000
1.2400,IMM-EKF,jink,0.500,10.00,0.050,1,0.600,1,16.4614,13.7473,-2.7141,5.6904,0.3012,0.0946,0.0728,6.0000,7.1307,1.6944,6.4319,0.2012,18.8631,-11.6179,20.5853,-11.2599,20.7970,-11.4500,19.9599,-11.6599,15.6970,-12.5447,1.7222,0.3580,1.9339,0.1679,1.0968,-0.0420,12,0.1400,12,0,0.9336,0.0556,0.0108,4.5840,11.9425,-0.7173,-1.7600,5.7361,0.0000
1.2500,IMM-EKF,jink,0.500,10.00,0.050,1,0.600,1,16.3815,13.2361,-3.1453,4.7902,0.2985,0.0917,0.0760,6.0000,6.7171,3.0115,4.4029,0.2028,18.7187,-11.6497,19.4108,-11.4997,19.7784,-11.8504,19.3781,-12.0034,13.1528,-14.1885,0.6921,0.1500,1.0597,-0.2007,0.6594,-0.3537,13,0.0500,13,0,0.9388,0.0516,0.0096,4.5871,11.9962,-0.7170,-1.8287,5.7145,0.0000
1.2600,IMM-EKF,jink,0.500,10.00,0.050,1,0.600,1,16.3007,13.1698,-3.1309,4.8248,0.2985,0.0917,0.0765,6.0000,6.7171,3.0129,4.7093,0.2043,18.5714,-11.6824,19.4108,-11.4997,19.7784,-11.8504,19.2874,-12.0409,13.0195,-14.2861,0.8394,0.1827,1.2071,-0.1680,0.7161,-0.3585,13,0.0600,13,0,0.9388,0.0516,0.0096,4.5896,12.0494,-0.7166,-1.8971,5.6922,0.0000
1.2700,IMM-EKF,jink,0.500,10.00,0.050,1,0.600,1,16.2192,13.1025,-3.1166,4.8598,0.2985,0.0917,0.0770,6.0000,6.7171,3.0143,5.0389,0.2060,18.4210,-11.7160,19.4108,-11.4997,19.7784,-11.8504,19.1973,-12.0798,12.8866,-14.3868,0.9898,0.2164,1.3575,-0.1343,0.7764,-0.3637,13,0.0700,13,0,0.9388,0.0516,0.0096,4.5915,12.1024,-0.7162,-1.9653,5.6690,0.0000
1.2800,IMM-EKF,jink,0.500,10.00,0.050,1,0.600,1,16.1368,13.0343,-3.1025,4.8951,0.2985,0.0917,0.0774,6.0000,6.7171,3.0157,5.3921,0.2076,18.2675,-11.7507,19.4108,-11.4997,19.7784,-11.8504,19.1078,-12.1199,12.7543,-14.4906,1.1433,0.2510,1.5109,-0.0997,0.8403,-0.3692,13,0.0800,13,0,0.9388,0.0516,0.0096,4.5927,12.1549,-0.7157,-2.0332,5.6450,0.0000
1.2900,IMM-EKF,jink,0.500,10.00,0.050,1,0.600,1,16.0536,12.9652,-3.0884,4.9308,0.2985,0.0917,0.0778,6.0000,6.7171,3.0171,5.7692,0.2092,18.1109,-11.7862,19.4108,-11.4997,19.7784,-11.8504,19.0190,-12.1614,12.6226,-14.5977,1.2999,0.2866,1.6675,-0.0642,0.9081,-0.3752,13,0.0900,13,0,0.9388,0.0516,0.0096,4.5933,12.2072,-0.7151,-2.1008,5.6202,0.0000
1.3000,IMM-EKF,jink,0.500,10.00,0.050,1,0.600,1,15.9696,12.8953,-3.0744,4.9668,0.2985,0.0917,0.0782,6.0000,6.7171,3.0186,6.1707,0.2109,17.9512,-11.8228,19.4108,-11.4997,19.7784,-11.8504,18.9310,-12.2043,12.4917,-14.7080,1.4596,0.3232,1.8272,-0.0276,0.9797,-0.3814,13,0.1000,13,0,0.9388,0.0516,0.0096,4.5932,12.2590,-0.7144,-2.1681,5.5946,0.0000
1.3100,IMM-EKF,jink,0.500,10.00,0.050,1,0.600,1,15.8849,12.8245,-3.0604,5.0031,0.2985,0.0917,0.0785,6.0000,6.7171,3.0200,6.5971,0.2126,17.7883,-11.8604,19.4108,-11.4997,19.7784,-11.8504,18.8437,-12.2485,12.3617,-14.8219,1.6225,0.3608,1.9901,0.0100,1.0554,-0.3881,13,0.1100,13,0,0.9388,0.0516,0.0096,4.5925,12.3106,-0.7137,-2.2350,5.5682,0.0000
1.3200,IMM-EKF,jink,0.500,10.00,0.050,1,0.600,1,15.7993,12.7528,-3.0465,5.0398,0.2985,0.0917,0.0788,6.0000,6.7171,3.0215,7.0487,0.2144,17.6222,-11.8991,19.4108,-11.4997,19.7784,-11.8504,18.7573,-12.2943,12.2327,-14.9393,1.7886,0.3994,2.1562,0.0487,1.1351,-0.3952,13,0.1200,13,0,0.9388,0.0516,0.0096,4.5911,12.3617,-0.7129,-2.3017,5.5410,0.0000
1.3300,IMM-EKF,jink,0.500,10.00,0.050,1,0.600,1,15.7130,12.6803,-3.0326,5.0768,0.2985,0.0917,0.0791,6.0000,6.7171,3.0231,7.5262,0.2161,17.4529,-11.9388,19.4108,-11.4997,19.7784,-11.8504,18.6719,-12.3414,12.1048,-15.0603,1.9579,0.4392,2.3256,0.0884,1.2190,-0.4026,13,0.1300,13,0,0.9388,0.0516,0.0096,4.5890,12.4126,-0.7120,-2.3680,5.5129,0.0000
1.3400,IMM-EKF,jink,0.500,10.00,0.050,1,0.600,1,15.6258,12.6070,-3.0188,5.1142,0.2985,0.0917,0.0793,6.0000,6.7171,3.0246,8.0301,0.2180,17.2802,-11.9796,19.4108,-11.4997,19.7784,-11.8504,18.5874,-12.3901,11.9782,-15.1853,2.1306,0.4800,2.4982,0.1292,1.3072,-0.4105,13,0.1400,13,0,0.9388,0.0516,0.0096,4.5863,12.4631,-0.7111,-2.4340,5.4841,0.0000
1.3500,IMM-EKF,jink,0.500,10.00,0.050,1,0.600,1,15.5379,11.7529,-3.7851,4.1962,0.2930,0.0872,0.0851,6.0000,6.3060,2.6382,3.6877,0.2198,17.1042,-12.0215,17.9512,-11.8228,18.3339,-12.0539,17.7007,-12.2210,7.3426,-14.3248,0.8470,0.1987,1.2297,-0.0323,0.5966,-0.1995,14,0.0500,14,0,0.9399,0.0507,0.0094,4.5829,12.5133,-0.7101,-2.4996,5.4545,0.0000
1.3600,IMM-EKF,jink,0.500,10.00,0.050,1,0.600,1,15.4493,11.6755,-3.7738,4.2234,0.2930,0.0872,0.0852,6.0000,6.3060,2.6395,3.9095,0.2216,16.9248,-12.0646,17.9512,-11.8228,18.3339,-12.0539,17.5639,-12.2562,7.0820,-14.4318,1.0264,0.2418,1.4091,0.0107,0.6391,-0.1916,14,0.0600,14,0,0.9399,0.0507,0.0094,4.5788,12.5631,-0.7090,-2.5649,5.4241,0.0000
1.3700,IMM-EKF,jink,0.500,10.00,0.050,1,0.600,1,15.3598,11.5973,-3.7625,4.2509,0.2930,0.0872,0.0854,6.0000,6.3060,2.6409,4.1560,0.2236,16.7419,-12.1088,17.9512,-11.8228,18.3339,-12.0539,17.4273,-12.2929,6.8192,-14.5429,1.2093,0.2860,1.5920,0.0549,0.6854,-0.1841,14,0.0700,14,0,0.9399,0.0507,0.0094,4.5741,12.6127,-0.7079,-2.6298,5.3930,0.0000
1.3800,IMM-EKF,jink,0.500,10.00,0.050,1,0.600,1,15.2696,11.5184,-3.7512,4.2788,0.2930,0.0872,0.0855,6.0000,6.3060,2.6423,4.4275,0.2255,16.5556,-12.1542,17.9512,-11.8228,18.3339,-12.0539,17.2910,-12.3310,6.5542,-14.6581,1.3956,0.3314,1.7783,0.1003,0.7354,-0.1768,14,0.0800,14,0,0.9399,0.0507,0.0094,4.5686,12.6619,-0.7067,-2.6943,5.3610,0.0000
1.3900,IMM-EKF,jink,0.500,10.00,0.050,1,0.600,1,15.1786,11.4387,-3.7400,4.3071,0.2930,0.0872,0.0856,6.0000,6.3060,2.6437,4.7245,0.2275,16.3657,-12.2008,17.9512,-11.8228,18.3339,-12.0539,17.1550,-12.3707,6.2869,-14.7778,1.5855,0.3780,1.9682,0.1470,0.7893,-0.1699,14,0.0900,14,0,0.9399,0.0507,0.0094,4.5625,12.7108,-0.7054,-2.7585,5.3283,0.0000
1.4000,IMM-EKF,jink,0.500,10.00,0.050,1,0.600,1,15.0869,11.3582,-3.7287,4.3357,0.2930,0.0872,0.0856,6.0000,6.3060,2.6451,5.0473,0.2295,16.1722,-12.2487,17.9512,-11.8228,18.3339,-12.0539,17.0195,-12.4120,6.0175,-14.9020,1.7790,0.4259,2.1616,0.1948,0.8472,-0.1633,14,0.1000,14,0,0.9399,0.0507,0.0094,4.5556,12.7593,-0.7040,-2.8222,5.2948,0.0000
1.4100,IMM-EKF,jink,0.500,10.00,0.050,1,0.600,1,14.9945,11.2770,-3.7174,4.3647,0.2930,0.0872,0.0857,6.0000,6.3060,2.6466,5.3963,0.2316,15.9751,-12.2978,17.9512,-11.8228,18.3339,-12.0539,16.8845,-12.4548,5.7459,-15.0310,1.9761,0.4750,2.3587,0.2440,0.9094,-0.1570,14,0.1100,14,0,0.9399,0.0507,0.0094,4.5481,12.8076,-0.7026,-2.8856,5.2606,0.0000
1.4200,IMM-EKF,jink,0.500,10.00,0.050,1,0.600,1,14.9013,11.1951,-3.7062,4.3941,0.2930,0.0872,0.0857,6.0000,6.3060,2.6481,5.7722,0.2337,15.7743,-12.3483,17.9512,-11.8228,18.3339,-12.0539,16.7501,-12.4994,5.4722,-15.1649,2.1769,0.5254,2.5596,0.2944,0.9757,-0.1511,14,0.1200,14,0,0.9399,0.0507,0.0094,4.5398,12.8555,-0.7011,-2.9485,5.2256,0.0000
1.4300,IMM-EKF,jink,0.500,10.00,0.050,1,0.600,1,14.8073,11.1125,-3.6949,4.4239,0.2930,0.0872,0.0856,6.0000,6.3060,2.6497,6.1754,0.2358,15.5697,-12.4000,17.9512,-11.8228,18.3339,-12.0539,16.6163,-12.5456,5.1964,-15.3041,2.3815,0.5772,2.7641,0.3461,1.0466,-0.1456,14,0.1300,14,0,0.9399,0.0507,0.0094,4.5308,12.9032,-0.6995,-3.0110,5.1898,0.0000
1.4400,IMM-EKF,jink,0.500,10.00,0.050,1,0.600,1,14.7127,11.0291,-3.6836,4.4540,0.2930,0.0872,0.0856,6.0000,6.3060,2.6512,6.6066,0.2380,15.3613,-12.4531,17.9512,-11.8228,18.3339,-12.0539,16.4833,-12.5935,4.9186,-15.4488,2.5899,0.6303,2.9725,0.3993,1.1220,-0.1404,14,0.1400,14,0,0.9399,0.0507,0.0094,4.5211,12.9505,-0.6978,-3.0730,5.1533,0.0000
1.4500,IMM-EKF,jink,0.500,10.00,0.050,1,0.600,1,14.6173,10.4851,-4.1322,3.5233,0.2842,0.0821,0.0944,6.0000,6.1710,2.9422,3.6617,0.2402,15.1491,-12.5077,16.1722,-12.2487,16.5116,-12.6099,15.6392,-12.8898,0.1521,-17.0794,1.0232,0.2590,1.3625,-0.1023,0.4901,-0.3821,15,0.0500,15,0,0.9436,0.0482,0.0081,4.5107,12.9975,-0.6961,-3.1346,5.1161,0.0000
1.4600,IMM-EKF,jink,0.500,10.00,0.050,1,0.600,1,14.5212,10.4018,-4.1194,3.5431,0.2842,0.0821,0.0943,6.0000,6.1710,2.9442,3.8312,0.2425,14.9328,-12.5636,16.1722,-12.2487,16.5116,-12.6099,15.4542,-12.9529,-0.2870,-17.2683,1.2394,0.3149,1.5788,-0.0463,0.5214,-0.3893,15,0.0600,15,0,0.9436,0.0482,0.0081,4.4995,13.0443,-0.6943,-3.1958,5.0781,0.0000
1.4700,IMM-EKF,jink,0.500,10.00,0.050,1,0.600,1,14.4244,10.3179,-4.1065,3.5633,0.2842,0.0821,0.0942,6.0000,6.1710,2.9463,4.0225,0.2449,14.7126,-12.6210,16.1722,-12.2487,16.5116,-12.6099,15.2690,-13.0181,-0.7337,-17.4643,1.4597,0.3723,1.7990,0.0111,0.5564,-0.3971,15,0.0700,15,0,0.9436,0.0482,0.0081,4.4876,13.0907,-0.6924,-3.2565,5.0394,0.0000
1.4800,IMM-EKF,jink,0.500,10.00,0.050,1,0.600,1,14.3269,10.2334,-4.0935,3.5839,0.2842,0.0821,0.0940,6.0000,6.1710,2.9484,4.2367,0.2473,14.4883,-12.6799,16.1722,-12.2487,16.5116,-12.6099,15.0837,-13.0856,-1.1881,-17.6677,1.6840,0.4312,2.0233,0.0700,0.5955,-0.4057,15,0.0800,15,0,0.9436,0.0482,0.0081,4.4749,13.1368,-0.6904,-3.3167,4.9999,0.0000
1.4900,IMM-EKF,jink,0.500,10.00,0.050,1,0.600,1,14.2287,10.1482,-4.0805,3.6049,0.2842,0.0821,0.0938,6.0000,6.1710,2.9505,4.4749,0.2497,14.2598,-12.7404,16.1722,-12.2487,16.5116,-12.6099,14.8984,-13.1553,-1.6505,-17.8789,1.9125,0.4917,2.2518,0.1304,0.6386,-0.4149,15,0.0900,15,0,0.9436,0.0482,0.0081,4.4615,13.1826,-0.6884,-3.3765,4.9598,0.0000
1.5000,IMM-EKF,jink,0.500,10.00,0.050,1,0.600,1,14.1299,10.0624,-4.0675,3.6263,0.2842,0.0821,0.0936,6.0000,6.1710,2.9527,4.7382,0.2522,14.0271,-12.8024,16.1722,-12.2487,16.5116,-12.6099,14.7131,-13.2273,-2.1212,-18.0983,2.1452,0.5537,2.4845,0.1924,0.6860,-0.4249,15,0.1000,15,0,0.9436,0.0482,0.0081,4.4472,13.2281,-0.6862,-3.4358,4.9189,0.0000
1.5100,IMM-EKF,jink,0.500,10.00,0.050,1,0.600,1,14.0303,9.9760,-4.0543,3.6482,0.2842,0.0821,0.0934,6.0000,6.1710,2.9550,5.0278,0.2548,13.7900,-12.8660,16.1722,-12.2487,16.5116,-12.6099,14.5279,-13.3016,-2.6003,-18.3263,2.3822,0.6173,2.7216,0.2560,0.7378,-0.4356,15,0.1100,15,0,0.9436,0.0482,0.0081,4.4323,13.2734,-0.6840,-3.4946,4.8773,0.0000
1.5200,IMM-EKF,jink,0.500,10.00,0.050,1,0.600,1,13.9312,9.8890,-4.0422,3.6705,0.2842,0.0821,0.0938,6.0000,6.1710,2.9565,5.3257,0.2577,13.5528,-12.9302,16.1722,-12.2487,16.5116,-12.6099,14.3426,-13.3785,-3.0901,-18.5632,2.6194,0.6815,2.9588,0.3203,0.7898,-0.4483,15,0.1200,15,0,0.9436,0.0482,0.0081,4.4168,13.3182,-0.6817,-3.4358,4.9189,0.0000
1.5300,IMM-EKF,jink,0.500,10.00,0.050,1,0.600,1,13.8324,9.8014,-4.0310,3.6932,0.2842,0.0821,0.0942,6.0000,6.1710,2.9581,5.6322,0.2606,13.3152,-12.9951,16.1722,-12.2487,16.5116,-12.6099,14.1574,-13.4579,-3.5911,-18.8095,2.8570,0.7464,3.1964,0.3852,0.8421,-0.4628,15,0.1300,15,0,0.9436,0.0482,0.0081,4.4009,13.3628,-0.6793,-3.3765,4.9598,0.0000
1.5400,IMM-EKF,jink,0.500,10.00,0.050,1,0.600,1,13.7340,9.7132,-4.0208,3.7164,0.2842,0.0821,0.0944,6.0000,6.1710,2.9595,5.9468,0.2635,13.0773,-13.0607,16.1722,-12.2487,16.5116,-12.6099,13.9721,-13.5400,-4.1041,-19.0657,3.0949,0.8120,3.4342,0.4508,0.8948,-0.4793,15,0.1400,15,0,0.9436,0.0482,0.0081,4.3845,13.4070,-0.6768,-3.3167,4.9999,0.0000
1.5500,IMM-EKF,jink,0.500,10.00,0.050,1,0.600,1,13.6360,9.5416,-4.0944,2.9799,0.2799,0.0787,0.0988,6.0000,6.2676,3.3326,3.8921,0.2664,12.8392,-13.1270,14.0271,-12.8024,14.3940,-13.2277,13.3092,-13.5898,-7.3755,-19.0318,1.1879,0.3247,1.5548,-0.1007,0.4700,-0.4628,16,0.0500,16,0,0.9517,0.0419,0.0064,4.3677,13.4508,-0.6741,-3.2565,5.0394,0.0000
1.5600,IMM-EKF,jink,0.500,10.00,0.050,1,0.600,1,13.5384,9.4558,-4.0826,2.9942,0.2799,0.0787,0.0988,6.0000,6.2676,3.3342,3.9872,0.2693,12.6008,-13.1941,14.0271,-12.8024,14.3940,-13.2277,13.0808,-13.6697,-8.0117,-19.2739,1.4263,0.3917,1.7932,-0.0336,0.4800,-0.4756,16,0.0600,16,0,0.9517,0.0419,0.0064,4.3505,13.4943,-0.6714,-3.1958,5.0781,0.0000
1.5700,IMM-EKF,jink,0.500,10.00,0.050,1,0.600,1,13.4411,9.3695,-4.0716,3.0090,0.2799,0.0787,0.0987,6.0000,6.2676,3.3357,4.0877,0.2721,12.3622,-13.2619,14.0271,-12.8024,14.3940,-13.2277,12.8516,-13.7522,-8.6645,-19.5250,1.6648,0.4595,2.0318,0.0342,0.4894,-0.4904,16,0.0700,16,0,0.9517,0.0419,0.0064,4.3329,13.5374,-0.6686,-3.1346,5.1161,0.0000
1.5800,IMM-EKF,jink,0.500,10.00,0.050,1,0.600,1,13.3442,9.2826,-4.0615,3.0242,0.2799,0.0787,0.0985,6.0000,6.2676,3.3372,4.1940,0.2750,12.1235,-13.3304,14.0271,-12.8024,14.3940,-13.2277,12.6215,-13.8376,-9.3349,-19.7855,1.9035,0.5281,2.2705,0.1028,0.4980,-0.5071,16,0.0800,16,0,0.9517,0.0419,0.0064,4.3148,13.5802,-0.6656,-3.0730,5.1533,0.0000
1.5900,IMM-EKF,jink,0.500,10.00,0.050,1,0.600,1,13.2476,9.1953,-4.0523,3.0399,0.2799,0.0787,0.0983,6.0000,6.2676,3.3387,4.3064,0.2779,11.8848,-13.3998,14.0271,-12.8024,14.3940,-13.2277,12.3905,-13.9258,-10.0239,-20.0558,2.1423,0.5975,2.5092,0.1722,0.5058,-0.5260,16,0.0900,16,0,0.9517,0.0419,0.0064,4.2963,13.6227,-0.6626,-3.0110,5.1898,0.0000
1.6000,IMM-EKF,jink,0.500,10.00,0.050,1,0.600,1,13.1514,9.1074,-4.0440,3.0561,0.2799,0.0787,0.0979,6.0000,6.2676,3.3402,4.4252,0.2808,11.6460,-13.4700,14.0271,-12.8024,14.3940,-13.2277,12.1587,-14.0170,-10.7323,-20.3362,2.3810,0.6677,2.7480,0.2424,0.5127,-0.5470,16,0.1000,16,0,0.9517,0.0419,0.0064,4.2774,13.6648,-0.6594,-2.9485,5.2256,0.0000
1.6100,IMM-EKF,jink,0.500,10.00,0.050,1,0.600,1,13.0556,9.0191,-4.0365,3.0727,0.2799,0.0787,0.0974,6.0000,6.2676,3.3416,4.5512,0.2836,11.4073,-13.5411,14.0271,-12.8024,14.3940,-13.2277,11.9259,-14.1113,-11.4614,-20.6272,2.6198,0.7387,2.9867,0.3134,0.5186,-0.5702,16,0.1100,16,0,0.9517,0.0419,0.0064,4.2582,13.7066,-0.6561,-2.8856,5.2606,0.0000
1.6200,IMM-EKF,jink,0.500,10.00,0.050,1,0.600,1,12.9600,8.9302,-4.0298,3.0899,0.2799,0.0787,0.0969,6.0000,6.2676,3.3430,4.6848,0.2865,11.1687,-13.6130,14.0271,-12.8024,14.3940,-13.2277,11.6922,-14.2088,-12.2123,-20.9292,2.8584,0.8107,3.2253,0.3854,0.5235,-0.5958,16,0.1200,16,0,0.9517,0.0419,0.0064,4.2385,13.7480,-0.6527,-2.8222,5.2948,0.0000
1.6300,IMM-EKF,jink,0.500,10.00,0.050,1,0.600,1,12.8648,8.8409,-4.0239,3.1076,0.2799,0.0787,0.0962,6.0000,6.2676,3.3444,4.8268,0.2893,10.9302,-13.6859,14.0271,-12.8024,14.3940,-13.2277,11.4575,-14.3097,-12.9862,-21.2426,3.0969,0.8835,3.4638,0.4582,0.5273,-0.6238,16,0.1300,16,0,0.9517,0.0419,0.0064,4.2185,13.7891,-0.6492,-2.7585,5.3283,0.0000
1.6400,IMM-EKF,jink,0.500,10.00,0.050,1,0.600,1,12.7699,8.7511,-4.0188,3.1259,0.2799,0.0787,0.0954,6.0000,6.2676,3.3457,4.9780,0.2922,10.6919,-13.7597,14.0271,-12.8024,14.3940,-13.2277,11.2218,-14.4141,-13.7846,-21.5678,3.3351,0.9573,3.7021,0.5320,0.5299,-0.6544,16,0.1400,16,0,0.9517,0.0419,0.0064,4.1982,13.8299,-0.6455,-2.6943,5.3610,0.0000
1.6500,IMM-EKF,jink,0.500,10.00,0.050,1,0.600,1,12.6753,8.7023,-3.9730,2.6700,0.2794,0.0775,0.0951,6.0000,6.4850,1.9166,1.2663,0.2950,10.4539,-13.8344,11.6460,-13.4700,11.8974,-13.6761,10.5634,-14.0174,-16.3508,-18.2956,1.1921,0.3644,1.4435,0.1583,0.1096,-0.1830,17,0.0500,17,0,0.9592,0.0353,0.0055,4.1775,13.8703,-0.6418,-2.6298,5.3930,0.0000
1.6600,IMM-EKF,jink,0.500,10.00,0.050,1,0.600,1,12.5811,8.6151,-3.9660,2.6810,0.2794,0.0775,0.0942,6.0000,6.4850,1.9174,1.1318,0.2978,10.2162,-13.9101,11.6460,-13.4700,11.8974,-13.6761,10.2836,-14.0876,-17.2383,-18.4952,1.4298,0.4401,1.6812,0.2340,0.0675,-0.1775,17,0.0600,17,0,0.9592,0.0353,0.0055,4.1564,13.9104,-0.6379,-2.5649,5.4241,0.0000
1.6700,IMM-EKF,jink,0.500,10.00,0.050,1,0.600,1,12.4871,8.5274,-3.9597,2.6926,0.2794,0.0775,0.0931,6.0000,6.4850,1.9182,1.0480,0.3007,9.9788,-13.9869,11.6460,-13.4700,11.8974,-13.6761,10.0019,-14.1607,-18.1524,-18.7016,1.6672,0.5169,1.9185,0.3108,0.0231,-0.1737,17,0.0700,17,0,0.9592,0.0353,0.0055,4.1350,13.9502,-0.6339,-2.4996,5.4545,0.0000
1.6800,IMM-EKF,jink,0.500,10.00,0.050,1,0.600,1,12.3934,8.4393,-3.9541,2.7047,0.2794,0.0775,0.0923,6.0000,6.4850,1.9225,1.0365,0.3034,9.7411,-14.0647,11.6460,-13.4700,11.8974,-13.6761,9.7182,-14.2366,-19.0944,-18.9152,1.9049,0.5947,2.1563,0.3886,-0.0229,-0.1718,17,0.0800,17,0,0.9592,0.0353,0.0055,4.1133,13.9896,-0.6297,-2.4340,5.4841,0.0000
1.6900,IMM-EKF,jink,0.500,10.00,0.050,1,0.600,1,12.3000,8.3508,-3.9492,2.7173,0.2794,0.0775,0.0915,6.0000,6.4850,1.9271,1.1096,0.3072,9.5040,-14.1435,11.6460,-13.4700,11.8974,-13.6761,9.4324,-14.3155,-20.0658,-19.1359,2.1420,0.6734,2.3934,0.4674,-0.0716,-0.1720,17,0.0900,17,0,0.9592,0.0353,0.0055,4.0913,14.0286,-0.6254,-2.3680,5.5129,0.0000
1.7000,IMM-EKF,jink,0.500,10.00,0.050,1,0.600,1,12.2069,8.2619,-3.9450,2.7304,0.2794,0.0775,0.0908,6.0000,6.4850,1.9286,1.2647,0.3111,9.2681,-14.2233,11.6460,-13.4700,11.8974,-13.6761,9.1445,-14.3976,-21.0679,-19.3639,2.3779,0.7533,2.6293,0.5472,-0.1236,-0.1742,17,0.1000,17,0,0.9592,0.0353,0.0055,4.0689,14.0674,-0.6210,-2.3017,5.5410,0.0000
1.7100,IMM-EKF,jink,0.500,10.00,0.050,1,0.600,1,12.1140,8.1726,-3.9414,2.7440,0.2794,0.0775,0.0901,6.0000,6.4850,1.9301,1.4864,0.3150,9.0328,-14.3044,11.6460,-13.4700,11.8974,-13.6761,8.8544,-14.4829,-22.1025,-19.5993,2.6132,0.8343,2.8646,0.6283,-0.1784,-0.1785,17,0.1100,17,0,0.9592,0.0353,0.0055,4.0463,14.1058,-0.6165,-2.2350,5.5682,0.0000
1.7200,IMM-EKF,jink,0.500,10.00,0.050,1,0.600,1,12.0214,8.0829,-3.9384,2.7582,0.2794,0.0775,0.0892,6.0000,6.4850,1.9317,1.7599,0.3190,8.7981,-14.3866,11.6460,-13.4700,11.8974,-13.6761,8.5619,-14.5717,-23.1711,-19.8421,2.8479,0.9166,3.0993,0.7105,-0.2362,-0.1851,17,0.1200,17,0,0.9592,0.0353,0.0055,4.0234,14.1439,-0.6118,-2.1681,5.5946,0.0000
1.7300,IMM-EKF,jink,0.500,10.00,0.050,1,0.600,1,11.9290,7.9929,-3.9361,2.7730,0.2794,0.0775,0.0883,6.0000,6.4850,1.9332,2.0748,0.3230,8.5642,-14.4701,11.6460,-13.4700,11.8974,-13.6761,8.2670,-14.6640,-24.2754,-20.0925,3.0818,1.0001,3.3332,0.7940,-0.2971,-0.1939,17,0.1300,17,0,0.9592,0.0353,0.0055,4.0002,14.1816,-0.6070,-2.1008,5.6202,0.0000
1.7400,IMM-EKF,jink,0.500,10.00,0.050,1,0.600,1,11.8369,7.9025,-3.9344,2.7884,0.2794,0.0775,0.0873,6.0000,6.4850,1.9347,2.4246,0.3270,8.3310,-14.5549,11.6460,-13.4700,11.8974,-13.6761,7.9697,-14.7600,-25.4173,-20.3503,3.3150,1.0849,3.5664,0.8788,-0.3613,-0.2051,17,0.1400,17,0,0.9592,0.0353,0.0055,3.9768,14.2190,-0.6020,-2.0332,5.6450,0.0000
1.7500,IMM-EKF,jink,0.500,10.00,0.050,1,0.600,1,11.7449,8.5558,-3.1891,2.3615,0.2835,0.0789,0.0820,6.0000,7.1555,1.5357,0.1047,0.3310,8.0986,-14.6411,9.2681,-14.2233,9.5287,-14.2717,8.1167,-14.6413,-17.6023,-19.3067,1.1694,0.4177,1.4301,0.3693,0.0181,-0.0003,18,0.0500,18,0,0.9664,0.0289,0.0047,3.9531,14.2561,-0.5969,-1.9653,5.6690,0.0000
1.7600,IMM-EKF,jink,0.500,10.00,0.050,1,0.600,1,11.6532,8.4753,-3.1780,2.3700,0.2835,0.0789,0.0808,6.0000,7.1555,1.5351,0.1825,0.3351,7.8672,-14.7286,9.2681,-14.2233,9.5287,-14.2717,7.8373,-14.7189,-18.3932,-19.5231,1.4009,0.5053,1.6616,0.4569,-0.0299,0.0097,18,0.0600,18,0,0.9664,0.0289,0.0047,3.9291,14.2929,-0.5917,-1.8971,5.6922,0.0000
1.7700,IMM-EKF,jink,0.500,10.00,0.050,1,0.600,1,11.5618,8.3944,-3.1674,2.3789,0.2835,0.0789,0.0795,6.0000,7.1555,1.5344,0.4768,0.3392,7.6367,-14.8176,9.2681,-14.2233,9.5287,-14.2717,7.5564,-14.7995,-19.2050,-19.7472,1.6314,0.5942,1.8921,0.5458,-0.0803,0.0181,18,0.0700,18,0,0.9664,0.0289,0.0047,3.9050,14.3293,-0.5862,-1.8287,5.7145,0.0000
1.7800,IMM-EKF,jink,0.500,10.00,0.050,1,0.600,1,11.4705,8.3131,-3.1574,2.3884,0.2835,0.0789,0.0781,6.0000,7.1555,1.5337,0.7840,0.3432,7.4071,-14.9080,9.2681,-14.2233,9.5287,-14.2717,7.2740,-14.8832,-20.0387,-19.9794,1.8610,0.6847,2.1216,0.6363,-0.1332,0.0248,18,0.0800,18,0,0.9664,0.0289,0.0047,3.8806,14.3654,-0.5807,-1.7600,5.7361,0.0000
1.7900,IMM-EKF,jink,0.500,10.00,0.050,1,0.600,1,11.3794,8.2314,-3.1480,2.3985,0.2835,0.0789,0.0766,6.0000,7.1555,1.5331,1.1047,0.3474,7.1787,-15.0000,9.2681,-14.2233,9.5287,-14.2717,6.9900,-14.9702,-20.8954,-20.2197,2.0894,0.7767,2.3501,0.7283,-0.1886,0.0298,18,0.0900,18,0,0.9664,0.0289,0.0047,3.8560,14.4012,-0.5749,-1.6910,5.7568,0.0000
1.8000,IMM-EKF,jink,0.500,10.00,0.050,1,0.600,1,11.2884,8.1494,-3.1390,2.4092,0.2835,0.0789,0.0750,6.0000,7.1555,1.5324,1.4398,0.3515,6.9513,-15.0936,9.2681,-14.2233,9.5287,-14.2717,6.7044,-15.0606,-21.7763,-20.4685,2.3168,0.8703,2.5774,0.8219,-0.2469,0.0330,18,0.1000,18,0,0.9664,0.0289,0.0047,3.8312,14.4367,-0.5691,-1.6218,5.7766,0.0000
1.8100,IMM-EKF,jink,0.500,10.00,0.050,1,0.600,1,11.1977,8.0670,-3.1306,2.4204,0.2835,0.0789,0.0733,6.0000,7.1555,1.5317,1.7905,0.3556,6.7252,-15.1889,9.2681,-14.2233,9.5287,-14.2717,6.4171,-15.1545,-22.6825,-20.7259,2.5429,0.9655,2.8036,0.9171,-0.3081,0.0344,18,0.1100,18,0,0.9664,0.0289,0.0047,3.8062,14.4718,-0.5630,-1.5524,5.7957,0.0000
1.8200,IMM-EKF,jink,0.500,10.00,0.050,1,0.600,1,11.1071,7.9843,-3.1227,2.4322,0.2835,0.0789,0.0716,6.0000,7.1555,1.5310,2.1577,0.3598,6.5002,-15.2859,9.2681,-14.2233,9.5287,-14.2717,6.1280,-15.2521,-23.6155,-20.9922,2.7679,1.0625,3.0285,1.0141,-0.3722,0.0337,18,0.1200,18,0,0.9664,0.0289,0.0047,3.7810,14.5066,-0.5568,-1.4827,5.8139,0.0000
1.8300,IMM-EKF,jink,0.500,10.00,0.050,1,0.600,1,11.0166,7.9013,-3.1153,2.4447,0.2835,0.0789,0.0697,6.0000,7.1555,1.5303,2.5426,0.3640,6.2766,-15.3846,9.2681,-14.2233,9.5287,-14.2717,5.8370,-15.3536,-24.5764,-21.2676,2.9915,1.1613,3.2522,1.1129,-0.4396,0.0310,18,0.1300,18,0,0.9664,0.0289,0.0047,3.7557,14.5411,-0.5504,-1.4129,5.8313,0.0000
1.8400,IMM-EKF,jink,0.500,10.00,0.050,1,0.600,1,10.9263,7.8180,-3.1083,2.4578,0.2835,0.0789,0.0678,6.0000,7.1555,1.5296,2.9464,0.3683,6.0543,-15.4852,9.2681,-14.2233,9.5287,-14.2717,5.5440,-15.4591,-25.5667,-21.5521,3.2138,1.2619,3.4744,1.2135,-0.5103,0.0262,18,0.1400,18,0,0.9664,0.0289,0.0047,3.7302,14.5753,-0.5438,-1.3428,5.8478,0.0000
1.8500,IMM-EKF,jink,0.500,10.00,0.050,1,0.600,1,10.8361,8.0418,-2.7944,2.2627,0.2821,0.0792,0.0672,6.0000,7.5381,0.3577,2.3189,0.3725,5.8334,-15.5878,6.9513,-15.0936,6.8968,-15.1158,5.4310,-15.5851,-22.0590,-22.1716,1.1179,0.4941,1.0634,0.4719,-0.4024,0.0026,19,0.0500,19,0,0.9720,0.0240,0.0041,3.7045,14.6092,-0.5370,-1.2725,5.8635,0.0000
1.8600,IMM-EKF,jink,0.500,10.00,0.050,1,0.600,1,10.7460,7.9653,-2.7807,2.2716,0.2821,0.0792,0.0651,6.0000,7.5381,0.3610,2.7516,0.3768,5.6140,-15.6923,6.9513,-15.0936,6.8968,-15.1158,5.1363,-15.6904,-22.9099,-22.4598,1.3373,0.5987,1.2828,0.5764,-0.4777,0.0019,19,0.0600,19,0,0.9720,0.0240,0.0041,3.6787,14.6427,-0.5300,-1.2021,5.8784,0.0000
1.8700,IMM-EKF,jink,0.500,10.00,0.050,1,0.600,1,10.6561,7.8886,-2.7675,2.2810,0.2821,0.0792,0.0629,6.0000,7.5381,0.3644,3.2021,0.3811,5.3962,-15.7989,6.9513,-15.0936,6.8968,-15.1158,4.8399,-15.7995,-23.7839,-22.7575,1.5552,0.7052,1.5006,0.6830,-0.5563,-0.0006,19,0.0700,19,0,0.9720,0.0240,0.0041,3.6528,14.6760,-0.5229,-1.1314,5.8924,0.0000
1.8800,IMM-EKF,jink,0.500,10.00,0.050,1,0.600,1,10.5662,7.8116,-2.7546,2.2909,0.2821,0.0792,0.0606,6.0000,7.5381,0.3678,3.6715,0.3854,5.1799,-15.9076,6.9513,-15.0936,6.8968,-15.1158,4.5418,-15.9127,-24.6822,-23.0649,1.7714,0.8140,1.7169,0.7918,-0.6381,-0.0051,19,0.0800,19,0,0.9720,0.0240,0.0041,3.6268,14.7089,-0.5155,-1.0607,5.9055,0.0000
1.8900,IMM-EKF,jink,0.500,10.00,0.050,1,0.600,1,10.4764,7.7343,-2.7422,2.3014,0.2821,0.0792,0.0583,6.0000,7.5381,0.3713,4.1606,0.3898,4.9653,-16.0185,6.9513,-15.0936,6.8968,-15.1158,4.2418,-16.0300,-25.6059,-23.3823,1.9861,0.9249,1.9315,0.9027,-0.7235,-0.0115,19,0.0900,19,0,0.9720,0.0240,0.0041,3.6007,14.7415,-0.5079,-0.9897,5.9178,0.0000
1.9000,IMM-EKF,jink,0.500,10.00,0.050,1,0.600,1,10.3867,7.6567,-2.7300,2.3124,0.2821,0.0792,0.0559,6.0000,7.5381,0.3748,4.6708,0.3942,4.7524,-16.1318,6.9513,-15.0936,6.8968,-15.1158,3.9398,-16.1518,-26.5564,-23.7098,2.1990,1.0382,2.1444,1.0160,-0.8125,-0.0200,19,0.1000,19,0,0.9720,0.0240,0.0041,3.5745,14.7738,-0.5002,-0.9186,5.9293,0.0000
1.9100,IMM-EKF,jink,0.500,10.00,0.050,1,0.600,1,10.2971,7.5788,-2.7183,2.3240,0.2821,0.0792,0.0533,6.0000,7.5381,0.3783,5.2030,0.3986,4.5412,-16.2475,6.9513,-15.0936,6.8968,-15.1158,3.6359,-16.2782,-27.5348,-24.0476,2.4101,1.1538,2.3556,1.1316,-0.9054,-0.0307,19,0.1100,19,0,0.9720,0.0240,0.0041,3.5482,14.8058,-0.4921,-0.8474,5.9399,0.0000
1.9200,IMM-EKF,jink,0.500,10.00,0.050,1,0.600,1,10.2075,7.5007,-2.7068,2.3361,0.2821,0.0792,0.0509,6.0000,7.5381,0.3798,5.7561,0.4028,4.3315,-16.3656,6.9513,-15.0936,6.8968,-15.1158,3.3297,-16.4093,-28.5426,-24.3957,2.6198,1.2720,2.5653,1.2498,-1.0018,-0.0437,19,0.1200,19,0,0.9720,0.0240,0.0041,3.5219,14.8374,-0.4839,-0.7761,5.9496,0.0000
1.9300,IMM-EKF,jink,0.500,10.00,0.050,1,0.600,1,10.1180,7.4224,-2.6957,2.3488,0.2821,0.0792,0.0486,6.0000,7.5381,0.3789,6.3305,0.4074,4.1231,-16.4863,6.9513,-15.0936,6.8968,-15.1158,3.0212,-16.5455,-29.5812,-24.7544,2.8282,1.3927,2.7737,1.3704,-1.1019,-0.0592,19,0.1300,19,0,0.9720,0.0240,0.0041,3.4955,14.8688,-0.4754,-0.7046,5.9585,0.0000
1.9400,IMM-EKF,jink,0.500,10.00,0.050,1,0.600,1,10.0285,7.3438,-2.6848,2.3622,0.2821,0.0792,0.0463,6.0000,7.5381,0.3805,6.9332,0.4132,3.9170,-16.6095,6.9513,-15.0936,6.8968,-15.1158,2.7102,-16.6868,-30.6520,-25.1237,3.0343,1.5158,2.9797,1.4936,-1.2068,-0.0773,19,0.1400,19,0,0.9720,0.0240,0.0041,3.4690,14.8999,-0.4667,-0.6331,5.9665,0.0000
1.9500,IMM-EKF,jink,0.500,10.00,0.050,1,0.600,1,9.9391,8.0505,-1.8886,2.1005,0.2853,0.0819,0.0410,6.0000,8.4987,1.2650,0.2478,0.4193,3.7136,-16.7354,4.7524,-16.1318,4.9720,-16.1294,3.6741,-16.7185,-16.6292,-25.3339,1.0388,0.6036,1.2584,0.6061,-0.0395,0.0169,20,0.0500,20,0,0.9628,0.0310,0.0062,3.4426,14.9306,-0.4577,-0.5614,5.9737,0.0000
1.9600,IMM-EKF,jink,0.500,10.00,0.050,1,0.600,1,9.8497,7.9847,-1.8649,2.1083,0.2853,0.0819,0.0387,6.0000,8.4987,1.2633,0.4020,0.4256,3.5122,-16.8643,4.7524,-16.1318,4.9720,-16.1294,3.4439,-16.8488,-17.1795,-25.7091,1.2402,0.7325,1.4598,0.7350,-0.0683,0.0155,20,0.0600,20,0,0.9628,0.0310,0.0062,3.4161,14.9611,-0.4485,-0.4897,5.9800,0.0000
1.9700,IMM-EKF,jink,0.500,10.00,0.050,1,0.600,1,9.7603,7.9186,-1.8416,2.1167,0.2853,0.0819,0.0365,6.0000,8.4987,1.2616,0.5726,0.4319,3.3130,-16.9962,4.7524,-16.1318,4.9720,-16.1294,3.2137,-16.9836,-17.7425,-26.0979,1.4394,0.8644,1.6591,0.8669,-0.0992,0.0126,20,0.0700,20,0,0.9628,0.0310,0.0062,3.3896,14.9913,-0.4389,-0.4179,5.9854,0.0000
1.9800,IMM-EKF,jink,0.500,10.00,0.050,1,0.600,1,9.6708,7.8522,-1.8186,2.1256,0.2853,0.0819,0.0341,6.0000,8.4987,1.2599,0.7577,0.4384,3.1159,-17.1313,4.7524,-16.1318,4.9720,-16.1294,2.9837,-17.1231,-18.3188,-26.5008,1.6364,0.9995,1.8561,1.0019,-0.1323,0.0082,20,0.0800,20,0,0.9628,0.0310,0.0062,3.3631,15.0211,-0.4291,-0.3461,5.9900,0.0000
1.9900,IMM-EKF,jink,0.500,10.00,0.050,1,0.600,1,9.5814,7.7855,-1.7959,2.1350,0.2853,0.0819,0.0317,6.0000,8.4987,1.2582,0.9572,0.4449,2.9211,-17.2696,4.7524,-16.1318,4.9720,-16.1294,2.7536,-17.2675,-18.9094,-26.9185,1.8312,1.1378,2.0509,1.1403,-0.1676,0.0021,20,0.0900,20,0,0.9628,0.0310,0.0062,3.3366,15.0507,-0.4190,-0.2742,5.9937,0.0000
2.0000,IMM-EKF,jink,0.500,10.00,0.050,1,0.600,1,9.4920,7.7186,-1.7734,2.1451,0.2853,0.0819,0.0292,6.0000,8.4987,1.2566,1.1720,0.4515,2.7287,-17.4114,4.7524,-16.1318,4.9720,-16.1294,2.5234,-17.4169,-19.5150,-27.3515,2.0237,1.2796,2.2434,1.2820,-0.2052,-0.0056,20,0.1000,20,0,0.9628,0.0310,0.0062,3.3102,15.0799,-0.4085,-0.2022,5.9966,0.0000
2.0100,IMM-EKF,jink,0.500,10.00,0.050,1,0.600,1,9.4025,7.6513,-1.7512,2.1557,0.2853,0.0819,0.0266,6.0000,8.4987,1.2550,1.4027,0.4583,2.5386,-17.5566,4.7524,-16.1318,4.9720,-16.1294,2.2932,-17.5717,-20.1367,-27.8003,2.2137,1.4248,2.4334,1.4273,-0.2454,-0.0150,20,0.1100,20,0,0.9628,0.0310,0.0062,3.2838,15.1089,-0.3977,-0.1302,5.9986,0.0000
2.0200,IMM-EKF,jink,0.500,10.00,0.050,1,0.600,1,9.3130,7.5838,-1.7292,2.1670,0.2853,0.0819,0.0240,6.0000,8.4987,1.2534,1.6502,0.4651,2.3510,-17.7056,4.7524,-16.1318,4.9720,-16.1294,2.0627,-17.7319,-20.7753,-28.2655,2.4014,1.5738,2.6210,1.5763,-0.2883,-0.0263,20,0.1200,20,0,0.9628,0.0310,0.0062,3.2575,15.1375,-0.3866,-0.0583,5.9997,0.0000
2.0300,IMM-EKF,jink,0.500,10.00,0.050,1,0.600,1,9.2235,7.5161,-1.7074,2.1789,0.2853,0.0819,0.0213,6.0000,8.4987,1.2519,1.9156,0.4721,2.1659,-17.8585,4.7524,-16.1318,4.9720,-16.1294,1.8320,-17.8980,-21.4321,-28.7479,2.5865,1.7267,2.8062,1.7291,-0.3339,-0.0395,20,0.1300,20,0,0.9628,0.0310,0.0062,3.2312,15.1659,-0.3750,0.0137,6.0000,0.0000
2.0400,IMM-EKF,jink,0.500,10.00,0.050,1,0.600,1,9.1339,7.4482,-1.6857,2.1915,0.2853,0.0819,0.0185,6.0000,8.4987,1.2504,2.2000,0.4792,1.9833,-18.0153,4.7524,-16.1318,4.9720,-16.1294,1.6009,-18.0701,-22.1080,-29.2479,2.7690,1.8835,2.9887,1.8860,-0.3825,-0.0548,20,0.1400,20,0,0.9628,0.0310,0.0062,3.2050,15.1939,-0.3631,0.0857,5.9994,0.0000
2.0500,IMM-EKF,jink,0.500,10.00,0.050,1,0.600,1,9.0443,7.4398,-1.6045,1.9642,0.2757,0.0810,0.0273,6.0000,8.9980,1.5591,1.1218,0.4834,1.7967,-18.1764,2.7287,-17.4114,2.9460,-17.5570,1.8487,-18.3572,-17.4195,-30.6730,0.9320,0.7650,1.1494,0.6194,0.0521,-0.1809,21,0.0500,21,0,0.9702,0.0255,0.0043,3.1790,15.2217,-0.3508,0.1577,5.9979,0.0000
2.0600,IMM-EKF,jink,0.500,10.00,0.050,1,0.600,1,8.9546,7.3791,-1.5755,1.9734,0.2757,0.0810,0.0273,6.0000,8.9980,1.6080,1.1798,0.4928,1.6096,-18.3416,2.7287,-17.4114,2.9460,-17.5570,1.6390,-18.5368,-17.9470,-31.1985,1.1190,0.9302,1.3364,0.7846,0.0294,-0.1952,21,0.0600,21,0,0.9702,0.0255,0.0043,3.1530,15.2491,-0.3380,0.2297,5.9956,0.0000
2.0700,IMM-EKF,jink,0.500,10.00,0.050,1,0.600,1,8.8649,7.3182,-1.5467,1.9830,0.2757,0.0810,0.0290,6.0000,8.9980,1.6309,1.2643,0.5040,1.4311,-18.5112,2.7287,-17.4114,2.9460,-17.5570,1.4297,-18.7226,-18.4885,-31.7428,1.2976,1.0999,1.5149,0.9543,-0.0014,-0.2113,21,0.0700,21,0,0.9702,0.0255,0.0043,3.1271,15.2763,-0.3247,0.3016,5.9924,0.0000
2.0800,IMM-EKF,jink,0.500,10.00,0.050,1,0.600,1,8.7751,7.2571,-1.5180,1.9932,0.2757,0.0810,0.0317,6.0000,8.9980,1.6363,1.3879,0.5133,1.2592,-18.6857,2.7287,-17.4114,2.9460,-17.5570,1.2207,-18.9148,-19.0449,-32.3064,1.4695,1.2743,1.6869,1.1287,-0.0385,-0.2291,21,0.0800,21,0,0.9702,0.0255,0.0043,3.1014,15.3031,-0.3109,0.3735,5.9884,0.0000
2.0900,IMM-EKF,jink,0.500,10.00,0.050,1,0.600,1,8.6852,7.1957,-1.4894,2.0040,0.2757,0.0810,0.0343,6.0000,8.9980,1.6419,1.5523,0.5228,1.0901,-18.8650,2.7287,-17.4114,2.9460,-17.5570,1.0120,-19.1138,-19.6174,-32.8902,1.6385,1.4537,1.8559,1.3081,-0.0782,-0.2487,21,0.0900,21,0,0.9702,0.0255,0.0043,3.0759,15.3296,-0.2966,0.4453,5.9835,0.0000
2.1000,IMM-EKF,jink,0.500,10.00,0.050,1,0.600,1,8.5952,7.1343,-1.4609,2.0153,0.2757,0.0810,0.0369,6.0000,8.9980,1.6475,1.7546,0.5326,0.9241,-19.0496,2.7287,-17.4114,2.9460,-17.5570,0.8034,-19.3199,-20.2069,-33.4949,1.8046,1.6383,2.0219,1.4927,-0.1207,-0.2702,21,0.1000,21,0,0.9702,0.0255,0.0043,3.0505,15.3559,-0.2817,0.5171,5.9777,0.0000
2.1100,IMM-EKF,jink,0.500,10.00,0.050,1,0.600,1,8.5051,7.0726,-1.4325,2.0271,0.2757,0.0810,0.0394,6.0000,8.9980,1.6503,1.9875,0.5373,0.7611,-19.2405,2.7287,-17.4114,2.9460,-17.5570,0.5949,-19.5334,-20.8149,-34.1211,1.9675,1.8292,2.1849,1.6836,-0.1663,-0.2929,21,0.1100,21,0,0.9702,0.0255,0.0043,3.0253,15.3818,-0.2662,0.5888,5.9710,0.0000
2.1200,IMM-EKF,jink,0.500,10.00,0.050,1,0.600,1,8.4150,7.0108,-1.4041,2.0396,0.2757,0.0810,0.0417,6.0000,8.9980,1.6524,2.2528,0.5410,0.6013,-19.4373,2.7287,-17.4114,2.9460,-17.5570,0.3864,-19.7548,-21.4424,-34.7698,2.1274,2.0259,2.3447,1.8803,-0.2149,-0.3175,21,0.1200,21,0,0.9702,0.0255,0.0043,3.0003,15.4074,-0.2499,0.6604,5.9635,0.0000
2.1300,IMM-EKF,jink,0.500,10.00,0.050,1,0.600,1,8.3247,6.9490,-1.3758,2.0527,0.2757,0.0810,0.0441,6.0000,8.9980,1.6545,2.5500,0.5447,0.4447,-19.6401,2.7287,-17.4114,2.9460,-17.5570,0.1777,-19.9845,-22.0909,-35.4417,2.2840,2.2287,2.5014,2.0831,-0.2670,-0.3444,21,0.1300,21,0,0.9702,0.0255,0.0043,2.9755,15.4326,-0.2329,0.7319,5.9552,0.0000
2.1400,IMM-EKF,jink,0.500,10.00,0.050,1,0.600,1,8.2344,6.8870,-1.3474,2.0665,0.2757,0.0810,0.0463,6.0000,8.9980,1.6565,2.8785,0.5484,0.2913,-19.8491,2.7287,-17.4114,2.9460,-17.5570,-0.0312,-20.2229,-22.7619,-36.1376,2.4374,2.4377,2.6547,2.2922,-0.3225,-0.3738,21,0.1400,21,0,0.9702,0.0255,0.0043,2.9509,15.4576,-0.2151,0.8033,5.9460,0.0000
2.1500,IMM-EKF,jink,0.500,10.00,0.050,1,0.600,1,8.1440,7.2417,-0.9022,1.8414,0.2789,0.0838,0.0452,6.0000,9.5769,0.8956,1.8122,0.5522,0.1413,-20.0647,0.9241,-19.0496,1.0208,-18.9276,-0.0430,-19.8162,-18.4036,-32.3806,0.7828,1.0151,0.8794,1.1371,-0.1843,0.2485,22,0.0500,22,0,0.9723,0.0237,0.0040,2.9266,15.4822,-0.1963,0.8746,5.9359,0.0000
2.1600,IMM-EKF,jink,0.500,10.00,0.050,1,0.600,1,8.0534,7.1859,-0.8675,1.8496,0.2789,0.0838,0.0473,6.0000,9.5769,0.8924,2.1608,0.5560,-0.0052,-20.2873,0.9241,-19.0496,1.0208,-18.9276,-0.2477,-20.0069,-18.8972,-32.9371,0.9293,1.2376,1.0260,1.3596,-0.2425,0.2804,22,0.0600,22,0,0.9723,0.0237,0.0040,2.9025,15.5064,-0.1766,0.9458,5.9250,0.0000
2.1700,IMM-EKF,jink,0.500,10.00,0.050,1,0.600,1,7.9628,7.1300,-0.8328,1.8583,0.2789,0.0838,0.0493,6.0000,9.5769,0.8891,2.5280,0.5598,-0.1482,-20.5170,0.9241,-19.0496,1.0208,-18.9276,-0.4523,-20.2051,-19.4039,-33.5158,1.0723,1.4674,1.1690,1.5894,-0.3040,0.3120,22,0.0700,22,0,0.9723,0.0237,0.0040,2.8787,15.5302,-0.1557,1.0168,5.9132,0.0000
2.1800,IMM-EKF,jink,0.500,10.00,0.050,1,0.600,1,7.8721,7.0741,-0.7980,1.8675,0.2789,0.0838,0.0515,6.0000,9.5769,0.8888,2.9092,0.5641,-0.2885,-20.7544,0.9241,-19.0496,1.0208,-18.9276,-0.6567,-20.4114,-19.9246,-34.1177,1.2126,1.7048,1.3093,1.8268,-0.3682,0.3430,22,0.0800,22,0,0.9723,0.0237,0.0040,2.8552,15.5537,-0.1336,1.0877,5.9006,0.0000
2.1900,IMM-EKF,jink,0.500,10.00,0.050,1,0.600,1,7.7814,7.0181,-0.7633,1.8773,0.2789,0.0838,0.0536,6.0000,9.5769,0.8899,3.3058,0.5686,-0.4255,-20.9999,0.9241,-19.0496,1.0208,-18.9276,-0.8611,-20.6264,-20.4601,-34.7444,1.3496,1.9503,1.4462,2.0722,-0.4356,0.3735,22,0.0900,22,0,0.9723,0.0237,0.0040,2.8319,15.5767,-0.1100,1.1584,5.8871,0.0000
2.2000,IMM-EKF,jink,0.500,10.00,0.050,1,0.600,1,7.6905,6.9621,-0.7284,1.8877,0.2789,0.0838,0.0557,6.0000,9.5769,0.8912,3.7188,0.5731,-0.5587,-21.2538,0.9241,-19.0496,1.0208,-18.9276,-1.0656,-20.8507,-21.0112,-35.3974,1.4828,2.2042,1.5794,2.3262,-0.5070,0.4032,22,0.1000,22,0,0.9723,0.0237,0.0040,2.8090,15.5992,-0.0847,1.2290,5.8728,0.0000
2.2100,IMM-EKF,jink,0.500,10.00,0.050,1,0.600,1,7.5996,6.9062,-0.6934,1.8987,0.2789,0.0838,0.0580,6.0000,9.5769,0.8885,4.1533,0.5767,-0.6868,-21.5167,0.9241,-19.0496,1.0208,-18.9276,-1.2705,-21.0851,-21.5789,-36.0785,1.6110,2.4671,1.7076,2.5890,-0.5836,0.4316,22,0.1100,22,0,0.9723,0.0237,0.0040,2.7865,15.6212,-0.0576,1.2994,5.8576,0.0000
2.2200,IMM-EKF,jink,0.500,10.00,0.050,1,0.600,1,7.5086,6.8505,-0.6582,1.9104,0.2789,0.0838,0.0602,6.0000,9.5769,0.8856,4.6046,0.5803,-0.8110,-21.7890,0.9241,-19.0496,1.0208,-18.9276,-1.4757,-21.3305,-22.1639,-36.7899,1.7351,2.7394,1.8318,2.8614,-0.6647,0.4585,22,0.1200,22,0,0.9723,0.0237,0.0040,2.7643,15.6426,-0.0282,1.3696,5.8416,0.0000
2.2300,IMM-EKF,jink,0.500,10.00,0.050,1,0.600,1,7.4176,6.7949,-0.6227,1.9227,0.2789,0.0838,0.0624,6.0000,9.5769,0.8827,5.0722,0.5839,-0.9311,-22.0714,0.9241,-19.0496,1.0208,-18.9276,-1.6815,-21.5881,-22.7669,-37.5340,1.8552,3.0217,1.9518,3.1437,-0.7504,0.4832,22,0.1300,22,0,0.9723,0.0237,0.0040,2.7424,15.6632,0.0039,1.4396,5.8247,0.0000
2.2400,IMM-EKF,jink,0.500,10.00,0.050,1,0.600,1,7.3266,6.7397,-0.5869,1.9357,0.2789,0.0838,0.0644,6.0000,9.5769,0.8798,5.5554,0.5874,-1.0470,-22.3644,0.9241,-19.0496,1.0208,-18.9276,-1.8880,-21.8593,-23.3881,-38.3140,1.9711,3.3147,2.0677,3.4367,-0.8410,0.5051,22,0.1400,22,0,0.9723,0.0237,0.0040,2.7209,15.6830,0.0391,1.5094,5.8071,0.0000
2.2500,IMM-EKF,jink,0.500,10.00,0.050,1,0.600,1,7.2356,6.2756,-0.9601,1.7764,0.2779,0.0862,0.0675,6.0000,9.0430,1.6127,3.3441,0.5908,-1.1585,-22.6687,-0.5587,-21.2538,-0.5962,-20.9835,-1.5259,-22.2247,-23.0280,-43.7268,0.5999,1.4149,0.5624,1.6852,-0.3674,0.4440,23,0.0500,23,0,0.9742,0.0219,0.0038,2.6998,15.7016,0.0783,1.5789,5.7885,0.0000
2.2600,IMM-EKF,jink,0.500,10.00,0.050,1,0.600,1,7.1447,6.2154,-0.9293,1.7842,0.2779,0.0862,0.0694,6.0000,9.0430,1.6093,3.7356,0.5942,-1.2656,-22.9853,-0.5587,-21.2538,-0.5962,-20.9835,-1.7087,-22.5131,-23.8151,-44.7825,0.7070,1.7314,0.6695,2.0017,-0.4431,0.4722,23,0.0600,23,0,0.9742,0.0219,0.0038,2.6791,15.7188,0.1226,1.6483,5.7692,0.0000
2.2700,IMM-EKF,jink,0.500,10.00,0.050,1,0.600,1,7.0538,6.1557,-0.8982,1.7925,0.2779,0.0862,0.0712,6.0000,9.0430,1.6060,4.1363,0.5975,-1.3682,-23.3149,-0.5587,-21.2538,-0.5962,-20.9835,-1.8920,-22.8191,-24.6320,-45.8915,0.8095,2.0611,0.7721,2.3313,-0.5238,0.4957,23,0.0700,23,0,0.9742,0.0219,0.0038,2.6588,15.7338,0.1734,1.7174,5.7490,0.0000
2.2800,IMM-EKF,jink,0.500,10.00,0.050,1,0.600,1,6.9632,6.0969,-0.8663,1.8014,0.2779,0.0862,0.0730,6.0000,9.0430,1.6029,4.5406,0.6006,-1.4660,-23.6587,-0.5587,-21.2538,-0.5962,-20.9835,-2.0759,-23.1461,-25.4725,-47.0593,0.9074,2.4049,0.8699,2.6752,-0.6099,0.5126,23,0.0800,23,0,0.9742,0.0219,0.0038,2.6388,15.7455,0.2332,1.7862,5.7279,0.0000
2.2900,IMM-EKF,jink,0.500,10.00,0.050,1,0.600,1,6.8728,6.0395,-0.8333,1.8107,0.2779,0.0862,0.0746,6.0000,9.0430,1.5999,4.9404,0.6037,-1.5590,-24.0181,-0.5587,-21.2538,-0.5962,-20.9835,-2.2603,-23.4986,-26.3209,-48.2911,1.0003,2.7643,0.9628,3.0346,-0.7013,0.5195,23,0.0900,23,0,0.9742,0.0219,0.0038,2.6191,15.7516,0.3056,1.8548,5.7061,0.0000
2.3000,IMM-EKF,jink,0.500,10.00,0.050,1,0.600,1,6.7830,5.9846,-0.7983,1.8207,0.2779,0.0862,0.0763,6.0000,9.0430,1.5970,5.3236,0.6065,-1.6468,-24.3948,-0.5587,-21.2538,-0.5962,-20.9835,-2.4447,-23.8833,-27.1362,-49.5870,1.0882,3.1410,1.0507,3.4113,-0.7979,0.5115,23,0.1000,23,0,0.9742,0.0219,0.0038,2.5995,15.7472,0.3971,1.9232,5.6834,0.0000
2.3100,IMM-EKF,jink,0.500,10.00,0.050,1,0.600,1,6.6939,5.9346,-0.7593,1.8311,0.2779,0.0862,0.0778,6.0000,9.0430,1.5944,5.6759,0.6091,-1.7292,-24.7909,-0.5587,-21.2538,-0.5962,-20.9835,-2.6276,-24.3090,-27.8069,-50.9147,1.1706,3.5371,1.1331,3.8074,-0.8984,0.4819,23,0.1100,23,0,0.9742,0.0219,0.0038,2.5793,15.7193,0.5179,1.9912,5.6599,0.0000
2.3200,IMM-EKF,jink,0.500,10.00,0.050,1,0.600,1,6.6064,5.8946,-0.7118,1.8422,0.2779,0.0862,0.0792,6.0000,9.0430,1.5922,6.0034,0.6114,-1.8055,-25.2081,-0.5587,-21.2538,-0.5962,-20.9835,-2.8038,-24.7742,-28.0300,-52.0853,1.2469,3.9543,1.2094,4.2246,-0.9982,0.4339,23,0.1200,23,0,0.9742,0.0219,0.0038,2.5568,15.6336,0.6779,2.0590,5.6356,0.0000
2.3300,IMM-EKF,jink,0.500,10.00,0.050,1,0.600,1,6.5215,5.8701,-0.6514,1.8538,0.2779,0.0862,0.0806,6.0000,9.0430,1.5903,6.4192,0.6133,-1.8747,-25.6434,-0.5587,-21.2538,-0.5962,-20.9835,-2.9648,-25.2167,-27.4314,-52.5857,1.3161,4.3896,1.2786,4.6599,-1.0900,0.4267,23,0.1300,23,0,0.9742,0.0219,0.0038,2.5303,15.4467,0.8418,2.1265,5.6105,0.0000
2.3400,IMM-EKF,jink,0.500,10.00,0.050,1,0.600,1,6.4391,5.8520,-0.5871,1.8663,0.2779,0.0862,0.0819,6.0000,9.0430,1.5888,7.0674,0.6149,-1.9363,-26.0906,-0.5587,-21.2538,-0.5962,-20.9835,-3.1178,-25.5764,-26.5388,-52.4390,1.3777,4.8368,1.3402,5.1071,-1.1815,0.5142,23,0.1400,23,0,0.9742,0.0219,0.0038,2.5044,15.2202,0.9443,2.1937,5.5846,0.0000
2.3500,IMM-EKF,jink,0.500,10.00,0.050,1,0.600,1,6.3593,4.4747,-1.8846,1.4322,0.2579,0.0875,0.1032,6.0000,8.0588,1.8140,4.4713,0.6161,-1.9899,-26.5461,-1.6468,-24.3948,-1.9580,-24.4984,-2.6573,-26.9972,-54.4619,-72.7892,0.3431,2.1513,0.0319,2.0477,-0.6674,-0.4511,24,0.0500,24,0,0.9737,0.0223,0.0040,2.4782,14.9799,1.0081,2.2605,5.5579,0.0000
2.3600,IMM-EKF,jink,0.500,10.00,0.050,1,0.600,1,6.2821,4.4300,-1.8521,1.4367,0.2579,0.0875,0.1043,6.0000,8.0588,1.8159,4.8334,0.6170,-2.0349,-27.0076,-1.6468,-24.3948,-1.9580,-24.4984,-2.7972,-27.4472,-50.2811,-72.2438,0.3881,2.6128,0.0769,2.5092,-0.7623,-0.4396,24,0.0600,24,0,0.9737,0.0223,0.0040,2.4516,14.7348,1.0497,2.3271,5.5304,0.0000
2.3700,IMM-EKF,jink,0.500,10.00,0.050,1,0.600,1,6.2073,4.3899,-1.8173,1.4419,0.2579,0.0875,0.1054,6.0000,8.0588,1.8180,5.1392,0.6177,-2.0709,-27.4737,-1.6468,-24.3948,-1.9580,-24.4984,-2.9291,-27.8742,-46.1443,-71.5136,0.4241,3.0789,0.1129,2.9753,-0.8581,-0.4005,24,0.0700,24,0,0.9737,0.0223,0.0040,2.4247,14.4878,1.0775,2.3933,5.5020,0.0000
2.3800,IMM-EKF,jink,0.500,10.00,0.050,1,0.600,1,6.1349,4.3544,-1.7805,1.4477,0.2579,0.0875,0.1064,6.0000,8.0588,1.8201,5.4149,0.6180,-2.0974,-27.9432,-1.6468,-24.3948,-1.9580,-24.4984,-3.0519,-28.2756,-42.1558,-70.6193,0.4506,3.5484,0.1394,3.4448,-0.9544,-0.3324,24,0.0800,24,0,0.9737,0.0223,0.0040,2.3973,14.2400,1.0960,2.4591,5.4729,0.0000
2.3900,IMM-EKF,jink,0.500,10.00,0.050,1,0.600,1,6.0648,4.3233,-1.7415,1.4543,0.2579,0.0875,0.1074,6.0000,8.0588,1.8221,5.6973,0.6180,-2.1139,-28.4153,-1.6468,-24.3948,-1.9580,-24.4984,-3.1645,-28.6493,-38.3772,-69.5757,0.4670,4.0204,0.1558,3.9169,-1.0507,-0.2341,24,0.0900,24,0,0.9737,0.0223,0.0040,2.3694,13.9918,1.1077,2.5246,5.4430,0.0000
2.4000,IMM-EKF,jink,0.500,10.00,0.050,1,0.600,1,5.9971,4.2967,-1.7005,1.4616,0.2579,0.0875,0.1082,6.0000,8.0588,1.8242,6.0343,0.6179,-2.1197,-28.8890,-1.6468,-24.3948,-1.9580,-24.4984,-3.2661,-28.9932,-34.8429,-68.3959,0.4729,4.4942,0.1617,4.3906,-1.1464,-0.1042,24,0.1000,24,0,0.9737,0.0223,0.0040,2.3411,13.7435,1.1144,2.5897,5.4123,0.0000
2.4100,IMM-EKF,jink,0.500,10.00,0.050,1,0.600,1,5.9317,4.2743,-1.6574,1.4697,0.2579,0.0875,0.1090,6.0000,8.0588,1.8263,6.4822,0.6174,-2.1145,-29.3636,-1.6468,-24.3948,-1.9580,-24.4984,-3.3555,-29.3054,-31.5680,-67.0925,0.4677,4.9688,0.1565,4.8653,-1.2410,0.0582,24,0.1100,24,0,0.9737,0.0223,0.0040,2.3122,13.4952,1.1171,2.6545,5.3809,0.0000
2.4200,IMM-EKF,jink,0.500,10.00,0.050,1,0.600,1,5.8685,4.2561,-1.6124,1.4786,0.2579,0.0875,0.1098,6.0000,8.0588,1.8285,7.0980,0.6167,-2.0977,-29.8385,-1.6468,-24.3948,-1.9580,-24.4984,-3.4318,-29.5842,-28.5538,-65.6787,0.4508,5.4437,0.1396,5.3401,-1.3342,0.2542,24,0.1200,24,0,0.9737,0.0223,0.0040,2.2827,13.2470,1.1165,2.7189,5.3486,0.0000
2.4300,IMM-EKF,jink,0.500,10.00,0.050,1,0.600,1,5.8076,4.2422,-1.5654,1.4884,0.2579,0.0875,0.1105,6.0000,8.0588,1.8306,7.9302,0.6158,-2.0686,-30.3128,-1.6468,-24.3948,-1.9580,-24.4984,-3.4940,-29.8281,-25.7909,-64.1674,0.4218,5.9180,0.1106,5.8144,-1.4254,0.4847,24,0.1300,24,0,0.9737,0.0223,0.0040,2.2526,12.9988,1.1132,2.7829,5.3156,0.0000
2.4400,IMM-EKF,jink,0.500,10.00,0.050,1,0.600,1,5.7488,4.2324,-1.5165,1.4991,0.2579,0.0875,0.1111,6.0000,8.0588,1.8327,9.0128,0.6146,-2.0268,-30.7859,-1.6468,-24.3948,-1.9580,-24.4984,-3.5412,-30.0356,-23.2653,-62.5719,0.3800,6.3911,0.0688,6.2875,-1.5144,0.7503,24,0.1400,24,0,0.9737,0.0223,0.0040,2.2218,12.7508,1.1075,2.8464,5.2818,0.0000
2.4500,IMM-EKF,jink,0.500,10.00,0.050,1,0.600,1,5.6922,3.5098,-2.1824,0.9226,0.2416,0.0962,0.1280,6.0000,8.0339,2.7894,3.8161,0.6133,-1.9717,-31.2571,-2.1197,-28.8890,-2.5506,-29.1614,-2.7073,-31.3662,-15.7296,-72.8860,-0.1480,2.3681,-0.5789,2.0957,-0.7356,-0.1091,25,0.0500,25,0,0.9768,0.0200,0.0032,2.1903,12.5029,1.0997,2.9096,5.2473,0.0000
2.4600,IMM-EKF,jink,0.500,10.00,0.050,1,0.600,1,5.6377,3.4833,-2.1545,0.9224,0.2416,0.0962,0.1285,6.0000,8.0339,2.7908,4.1151,0.6117,-1.9027,-31.7257,-2.1197,-28.8890,-2.5506,-29.1614,-2.7105,-31.6946,-12.3536,-70.7213,-0.2170,2.8367,-0.6479,2.5643,-0.8077,0.0311,25,0.0600,25,0,0.9768,0.0200,0.0032,2.1580,12.2552,1.0902,2.9724,5.2120,0.0000
2.4700,IMM-EKF,jink,0.500,10.00,0.050,1,0.600,1,5.5854,3.4609,-2.1245,0.9233,0.2416,0.0962,0.1290,6.0000,8.0339,2.7916,4.6149,0.6100,-1.8194,-32.1910,-2.1197,-28.8890,-2.5506,-29.1614,-2.6955,-31.9808,-9.5664,-68.4376,-0.3003,3.3020,-0.7312,3.0296,-0.8760,0.2102,25,0.0700,25,0,0.9768,0.0200,0.0032,2.1250,12.0076,1.0791,3.0347,5.1760,0.0000
2.4800,IMM-EKF,jink,0.500,10.00,0.050,1,0.600,1,5.5350,3.4425,-2.0925,0.9251,0.2416,0.0962,0.1296,6.0000,8.0339,2.7873,5.3936,0.6086,-1.7224,-32.6523,-2.1197,-28.8890,-2.5506,-29.1614,-2.6613,-32.2225,-7.2404,-66.0600,-0.3974,3.7633,-0.8282,3.4909,-0.9390,0.4298,25,0.0800,25,0,0.9768,0.0200,0.0032,2.0911,11.7602,1.0667,3.0966,5.1392,0.0000
2.4900,IMM-EKF,jink,0.500,10.00,0.050,1,0.600,1,5.4867,3.4282,-2.0586,0.9280,0.2416,0.0962,0.1302,6.0000,8.0339,2.7828,6.5035,0.6070,-1.6097,-33.1090,-2.1197,-28.8890,-2.5506,-29.1614,-2.6073,-32.4177,-5.2778,-63.6120,-0.5100,4.2200,-0.9409,3.9476,-0.9976,0.6913,25,0.0900,25,0,0.9768,0.0200,0.0032,2.0564,11.5130,1.0529,3.1580,5.1016,0.0000
2.5000,IMM-EKF,jink,0.500,10.00,0.050,1,0.600,1,5.4404,3.4178,-2.0227,0.9319,0.2416,0.0962,0.1307,6.0000,8.0339,2.7784,7.9553,0.6051,-1.4810,-33.5603,-2.1197,-28.8890,-2.5506,-29.1614,-2.5326,-32.5649,-3.6039,-61.1159,-0.6388,4.6713,-1.0697,4.3990,-1.0517,0.9954,25,0.1000,25,0,0.9768,0.0200,0.0032,2.0208,11.2660,1.0380,3.2190,5.0634,0.0000
2.5100,IMM-EKF,jink,0.500,10.00,0.050,1,0.600,1,5.3961,3.4113,-1.9849,0.9370,0.2416,0.0962,0.1312,6.0000,8.0339,2.7738,9.7414,0.6029,-1.3355,-34.0056,-2.1197,-28.8890,-2.5506,-29.1614,-2.4369,-32.6628,-2.1613,-58.5927,-0.7843,5.1166,-1.2151,4.8443,-1.1014,1.3429,25,0.1100,25,0,0.9768,0.0200,0.0032,1.9843,11.0192,1.0220,3.2796,5.0244,0.0000
2.5200,IMM-EKF,jink,0.500,10.00,0.050,1,0.600,1,5.3538,3.4086,-1.9451,0.9433,0.2416,0.0962,0.1316,6.0000,8.0339,2.7691,11.8480,0.6005,-1.1728,-34.4442,-2.1197,-28.8890,-2.5506,-29.1614,-2.3197,-32.7104,-0.9060,-56.0624,-0.9470,5.5552,-1.3778,5.2828,-1.1469,1.7338,25,0.1200,25,0,0.9768,0.0200,0.0032,1.9468,10.7726,1.0050,3.3396,4.9847,0.0000
2.5300,IMM-EKF,jink,0.500,10.00,0.050,1,0.600,1,5.3133,3.4099,-1.9034,0.9507,0.2416,0.0962,0.1320,6.0000,8.0339,2.7655,14.2616,0.5980,-0.9921,-34.8753,-2.1197,-28.8890,-2.5506,-29.1614,-2.1809,-32.7073,0.1968,-53.5434,-1.1277,5.9863,-1.5585,5.7140,-1.1889,2.1680,25,0.1300,25,0,0.9768,0.0200,0.0032,1.9084,10.5262,0.9872,3.3992,4.9442,0.0000
2.5400,IMM-EKF,jink,0.500,10.00,0.050,1,0.600,1,5.2747,3.4150,-1.8598,0.9593,0.2416,0.0962,0.1325,6.0000,8.0339,2.7657,16.9708,0.5949,-0.7921,-35.2983,-2.1197,-28.8890,-2.5506,-29.1614,-2.0206,-32.6533,1.1740,-51.0526,-1.3276,6.4093,-1.7585,6.1369,-1.2285,2.6450,25,0.1400,25,0,0.9768,0.0200,0.0032,1.8689,10.2801,0.9684,3.4583,4.9031,0.0000
2.5500,IMM-EKF,jink,0.500,10.00,0.050,1,0.600,1,5.2380,3.1816,-2.0565,0.6888,0.2386,0.1080,0.1360,6.0000,7.2418,3.0601,3.8776,0.5917,-0.5735,-35.7124,-1.4810,-33.5603,-1.8866,-33.9480,-1.2551,-36.0518,16.3548,-65.4751,-0.9075,2.1521,-1.3131,1.7644,-0.6816,-0.3394,26,0.0500,26,0,0.9765,0.0203,0.0032,1.8284,10.0342,0.9489,3.5169,4.8612,0.0000
2.5600,IMM-EKF,jink,0.500,10.00,0.050,1,0.600,1,5.2032,3.1699,-2.0333,0.6891,0.2386,0.1080,0.1364,6.0000,7.2418,3.0593,3.6718,0.5885,-0.3357,-36.1169,-1.4810,-33.5603,-1.8866,-33.9480,-1.0576,-36.3104,16.3133,-63.0698,-1.1453,2.5566,-1.5509,2.1689,-0.7219,-0.1935,26,0.0600,26,0,0.9765,0.0203,0.0032,1.7867,9.7885,0.9286,3.5749,4.8187,0.0000
2.5700,IMM-EKF,jink,0.500,10.00,0.050,1,0.600,1,5.1702,3.1619,-2.0083,0.6905,0.2386,0.1080,0.1368,6.0000,7.2418,3.0585,3.6393,0.5853,-0.0783,-36.5112,-1.4810,-33.5603,-1.8866,-33.9480,-0.8351,-36.5113,16.2836,-60.6411,-1.4027,2.9509,-1.8084,2.5632,-0.7569,-0.0001,26,0.0700,26,0,0.9765,0.0203,0.0032,1.7439,9.5431,0.9076,3.6325,4.7754,0.0000
2.5800,IMM-EKF,jink,0.500,10.00,0.050,1,0.600,1,5.1389,3.1576,-1.9813,0.6931,0.2386,0.1080,0.1371,6.0000,7.2418,3.0577,4.0379,0.5820,0.1991,-36.8944,-1.4810,-33.5603,-1.8866,-33.9480,-0.5877,-36.6529,16.2656,-58.2036,-1.6801,3.3341,-2.0857,2.9464,-0.7868,0.2415,26,0.0800,26,0,0.9765,0.0203,0.0032,1.6999,9.2980,0.8859,3.6895,4.7315,0.0000
2.5900,IMM-EKF,jink,0.500,10.00,0.050,1,0.600,1,5.1095,3.1570,-1.9524,0.6969,0.2386,0.1080,0.1374,6.0000,7.2418,3.0568,5.0187,0.5788,0.4968,-37.2660,-1.4810,-33.5603,-1.8866,-33.9480,-0.3156,-36.7343,16.2591,-55.7713,-1.9778,3.7057,-2.3835,3.3180,-0.8125,0.5317,26,0.0900,26,0,0.9765,0.0203,0.0032,1.6547,9.0531,0.8635,3.7461,4.6869,0.0000
2.6000,IMM-EKF,jink,0.500,10.00,0.050,1,0.600,1,5.0817,3.1599,-1.9218,0.7021,0.2386,0.1080,0.1377,6.0000,7.2418,3.0559,6.5427,0.5756,0.8151,-37.6253,-1.4810,-33.5603,-1.8866,-33.9480,-0.0204,-36.7577,16.2689,-53.3848,-2.2961,4.0650,-2.7017,3.6773,-0.8356,0.8676,26,0.1000,26,0,0.9765,0.0203,0.0032,1.6087,8.8109,0.8407,3.8020,4.6416,0.0000
2.6100,IMM-EKF,jink,0.500,10.00,0.050,1,0.600,1,5.0557,3.1661,-1.8896,0.7087,0.2386,0.1080,0.1380,6.0000,7.2418,3.0550,8.5047,0.5724,1.1541,-37.9721,-1.4810,-33.5603,-1.8866,-33.9480,0.2963,-36.7250,16.2948,-51.0632,-2.6351,4.4118,-3.0407,4.0241,-0.8578,1.2471,26,0.1100,26,0,0.9765,0.0203,0.0032,1.5620,8.5723,0.8177,3.8575,4.5957,0.0000
2.6200,IMM-EKF,jink,0.500,10.00,0.050,1,0.600,1,5.0313,3.1756,-1.8557,0.7166,0.2386,0.1080,0.1382,6.0000,7.2418,3.0540,10.8247,0.5694,1.5140,-38.3058,-1.4810,-33.5603,-1.8866,-33.9480,0.6334,-36.6374,16.3348,-48.8129,-2.9950,4.7455,-3.4006,4.3578,-0.8806,1.6683,26,0.1200,26,0,0.9765,0.0203,0.0032,1.5146,8.3372,0.7944,3.9123,4.5490,0.0000
2.6300,IMM-EKF,jink,0.500,10.00,0.050,1,0.600,1,5.0085,3.1883,-1.8202,0.7260,0.2386,0.1080,0.1384,6.0000,7.2418,3.0531,13.4510,0.5663,1.8949,-38.6260,-1.4810,-33.5603,-1.8866,-33.9480,0.9894,-36.4965,16.3874,-46.6388,-3.3758,5.0657,-3.7815,4.6780,-0.9055,2.1295,26,0.1300,26,0,0.9765,0.0203,0.0032,1.4665,8.1054,0.7708,3.9666,4.5018,0.0000
2.6400,IMM-EKF,jink,0.500,10.00,0.050,1,0.600,1,4.9873,3.2042,-1.7832,0.7368,0.2386,0.1080,0.1386,6.0000,7.2418,3.0521,16.3479,0.5633,2.2967,-38.9324,-1.4810,-33.5603,-1.8866,-33.9480,1.3627,-36.3041,16.4514,-44.5443,-3.7777,5.3721,-4.1833,4.9844,-0.9340,2.6284,26,0.1400,26,0,0.9765,0.0203,0.0032,1.4176,7.8771,0.7471,4.0204,4.4538,0.0000
2.6500,IMM-EKF,jink,0.500,10.00,0.050,1,0.600,1,4.9677,2.8937,-2.0740,0.6085,0.2293,0.1128,0.1481,6.0000,6.7332,0.8622,2.1382,0.5605,2.7195,-39.2246,0.8151,-37.6253,0.6502,-37.6854,2.4507,-38.9344,27.6287,-50.1094,-1.9044,1.5993,-2.0693,1.5392,-0.2688,0.2902,27,0.0500,27,0,0.9830,0.0150,0.0020,1.3680,7.6520,0.7231,4.0735,4.4053,0.0000
2.6600,IMM-EKF,jink,0.500,10.00,0.050,1,0.600,1,4.9495,2.8945,-2.0550,0.6098,0.2293,0.1128,0.1482,6.0000,6.7332,0.8625,3.3589,0.5577,3.1632,-39.5023,0.8151,-37.6253,0.6502,-37.6854,2.8785,-38.9859,27.2007,-48.0860,-2.3481,1.8769,-2.5130,1.8169,-0.2847,0.5163,27,0.0600,27,0,0.9830,0.0150,0.0020,1.3176,7.4301,0.6990,4.1261,4.3561,0.0000
2.6700,IMM-EKF,jink,0.500,10.00,0.050,1,0.600,1,4.9328,2.8984,-2.0345,0.6121,0.2293,0.1128,0.1483,6.0000,6.7332,0.8628,4.9257,0.5551,3.6277,-39.7650,0.8151,-37.6253,0.6502,-37.6854,3.3275,-38.9751,26.8281,-46.1114,-2.8126,2.1397,-2.9775,2.0796,-0.3002,0.7899,27,0.0700,27,0,0.9830,0.0150,0.0020,1.2664,7.2114,0.6748,4.1781,4.3063,0.0000
2.6800,IMM-EKF,jink,0.500,10.00,0.050,1,0.600,1,4.9176,2.9054,-2.0123,0.6157,0.2293,0.1128,0.1484,6.0000,6.7332,0.8630,6.7978,0.5525,4.1128,-40.0125,0.8151,-37.6253,0.6502,-37.6854,3.7957,-38.9030,26.5045,-44.1906,-3.2976,2.3872,-3.4626,2.3271,-0.3170,1.1095,27,0.0800,27,0,0.9830,0.0150,0.0020,1.2144,6.9958,0.6504,4.2294,4.2558,0.0000
2.6900,IMM-EKF,jink,0.500,10.00,0.050,1,0.600,1,4.9039,2.9153,-1.9885,0.6205,0.2293,0.1128,0.1485,6.0000,6.7332,0.8631,8.9517,0.5501,4.6182,-40.2444,0.8151,-37.6253,0.6502,-37.6854,4.2813,-38.7712,26.2245,-42.3276,-3.8031,2.6191,-3.9680,2.5590,-0.3369,1.4732,27,0.0900,27,0,0.9830,0.0150,0.0020,1.1616,6.7833,0.6258,4.2802,4.2047,0.0000
2.7000,IMM-EKF,jink,0.500,10.00,0.050,1,0.600,1,4.8915,2.9283,-1.9632,0.6266,0.2293,0.1128,0.1486,6.0000,6.7332,0.8632,11.3695,0.5478,5.1436,-40.4606,0.8151,-37.6253,0.6502,-37.6854,4.7819,-38.5814,25.9836,-40.5253,-4.3285,2.8352,-4.4934,2.7751,-0.3617,1.8792,27,0.1000,27,0,0.9830,0.0150,0.0020,1.1079,6.5738,0.6012,4.3303,4.1531,0.0000
2.7100,IMM-EKF,jink,0.500,10.00,0.050,1,0.600,1,4.8805,2.9442,-1.9363,0.6340,0.2293,0.1128,0.1487,6.0000,6.7332,0.8633,14.0346,0.5457,5.6888,-40.6606,0.8151,-37.6253,0.6502,-37.6854,5.2956,-38.3357,25.7778,-38.7858,-4.8737,3.0352,-5.0386,2.9751,-0.3932,2.3249,27,0.1100,27,0,0.9830,0.0150,0.0020,1.0533,6.3673,0.5765,4.3799,4.1008,0.0000
2.7200,IMM-EKF,jink,0.500,10.00,0.050,1,0.600,1,4.8709,2.9631,-1.9079,0.6428,0.2293,0.1128,0.1487,6.0000,6.7332,0.8633,16.9305,0.5437,6.2532,-40.8442,0.8151,-37.6253,0.6502,-37.6854,5.8202,-38.0364,25.6037,-37.1102,-5.4381,3.2188,-5.6030,3.1588,-0.4330,2.8078,27,0.1200,27,0,0.9830,0.0150,0.0020,0.9979,6.1637,0.5516,4.4288,4.0480,0.0000
2.7300,IMM-EKF,jink,0.500,10.00,0.050,1,0.600,1,4.8627,2.9848,-1.8778,0.6530,0.2293,0.1128,0.1488,6.0000,6.7332,0.8632,20.0408,0.5419,6.8364,-41.0112,0.8151,-37.6253,0.6502,-37.6854,6.3535,-37.6861,25.4584,-35.4991,-6.0213,3.3859,-6.1862,3.3258,-0.4829,3.3251,27,0.1300,27,0,0.9830,0.0150,0.0020,0.9415,5.9629,0.5267,4.4770,3.9945,0.0000
2.7400,IMM-EKF,jink,0.500,10.00,0.050,1,0.600,1,4.8557,3.0096,-1.8462,0.6647,0.2293,0.1128,0.1488,6.0000,6.7332,0.8631,23.3484,0.5402,7.4379,-41.1614,0.8151,-37.6253,0.6502,-37.6854,6.8936,-37.2877,25.3392,-33.9521,-6.6228,3.5361,-6.7877,3.4760,-0.5443,3.8737,27,0.1400,27,0,0.9830,0.0150,0.0020,0.8843,5.7650,0.5017,4.5246,3.9405,0.0000
2.7500,IMM-EKF,jink,0.500,10.00,0.050,1,0.600,1,4.8502,2.9389,-1.9113,0.5456,0.2375,0.1226,0.1406,6.0000,5.5555,1.7687,3.7819,0.5387,8.0572,-41.2946,5.1436,-40.4606,4.7671,-40.5333,7.2254,-41.2019,33.1491,-45.0189,-2.9135,0.8340,-3.2901,0.7612,-0.8317,0.0927,28,0.0500,28,0,0.9781,0.0191,0.0028,0.8261,5.5698,0.4766,4.5716,3.8859,0.0000
2.7600,IMM-EKF,jink,0.500,10.00,0.050,1,0.600,1,4.8459,2.9469,-1.8990,0.5489,0.2375,0.1226,0.1406,6.0000,5.5555,1.7687,4.3821,0.5373,8.6934,-41.4106,5.1436,-40.4606,4.7671,-40.5333,7.7758,-41.1634,32.8551,-43.4761,-3.5498,0.9500,-3.9264,0.8772,-0.9176,0.2472,28,0.0600,28,0,0.9781,0.0191,0.0028,0.7670,5.3774,0.4515,4.6179,3.8308,0.0000
2.7700,IMM-EKF,jink,0.500,10.00,0.050,1,0.600,1,4.8429,2.9577,-1.8852,0.5533,0.2375,0.1226,0.1406,6.0000,5.5555,1.7687,5.2382,0.5361,9.3461,-41.5093,5.1436,-40.4606,4.7671,-40.5333,8.3406,-41.0667,32.5934,-41.9634,-4.2024,1.0487,-4.5790,0.9759,-1.0054,0.4425,28,0.0700,28,0,0.9781,0.0191,0.0028,0.7069,5.1876,0.4263,4.6635,3.7751,0.0000
2.7800,IMM-EKF,jink,0.500,10.00,0.050,1,0.600,1,4.8412,2.9711,-1.8702,0.5588,0.2375,0.1226,0.1406,6.0000,5.5555,1.7686,6.3828,0.5351,10.0143,-41.5905,5.1436,-40.4606,4.7671,-40.5333,8.9177,-40.9134,32.3617,-40.4836,-4.8707,1.1299,-5.2472,1.0571,-1.0966,0.6771,28,0.0800,28,0,0.9781,0.0191,0.0028,0.6458,5.0006,0.4010,4.7085,3.7189,0.0000
2.7900,IMM-EKF,jink,0.500,10.00,0.050,1,0.600,1,4.8409,2.9871,-1.8537,0.5657,0.2375,0.1226,0.1407,6.0000,5.5555,1.7684,7.8150,0.5343,10.6974,-41.6542,5.1436,-40.4606,4.7671,-40.5333,9.5050,-40.7052,32.1582,-39.0389,-5.5538,1.1936,-5.9303,1.1208,-1.1924,0.9490,28,0.0900,28,0,0.9781,0.0191,0.0028,0.5838,4.8161,0.3757,4.7528,3.6621,0.0000
2.8000,IMM-EKF,jink,0.500,10.00,0.050,1,0.600,1,4.8418,3.0058,-1.8360,0.5738,0.2375,0.1226,0.1406,6.0000,5.5555,1.7682,9.5173,0.5336,11.3945,-41.7002,5.1436,-40.4606,4.7671,-40.5333,10.1003,-40.4441,31.9809,-37.6313,-6.2509,1.2397,-6.6275,1.1669,-1.2942,1.2561,28,0.1000,28,0,0.9781,0.0191,0.0028,0.5208,4.6342,0.3504,4.7964,3.6048,0.0000
2.8100,IMM-EKF,jink,0.500,10.00,0.050,1,0.600,1,4.8440,3.0271,-1.8169,0.5834,0.2375,0.1226,0.1406,6.0000,5.5555,1.7680,11.4667,0.5332,12.1048,-41.7286,5.1436,-40.4606,4.7671,-40.5333,10.7015,-40.1326,31.8283,-36.2621,-6.9612,1.2681,-7.3378,1.1953,-1.4033,1.5960,28,0.1100,28,0,0.9781,0.0191,0.0028,0.4568,4.4549,0.3249,4.8393,3.5470,0.0000
2.8200,IMM-EKF,jink,0.500,10.00,0.050,1,0.600,1,4.8475,3.0511,-1.7964,0.5943,0.2375,0.1226,0.1406,6.0000,5.5555,1.7677,13.6406,0.5328,12.8274,-41.7394,5.1436,-40.4606,4.7671,-40.5333,11.3067,-39.7730,31.6986,-34.9322,-7.6837,1.2788,-8.0603,1.2061,-1.5206,1.9664,28,0.1200,28,0,0.9781,0.0191,0.0028,0.3918,4.2780,0.2995,4.8815,3.4887,0.0000
2.8300,IMM-EKF,jink,0.500,10.00,0.050,1,0.600,1,4.8522,3.0777,-1.7745,0.6066,0.2375,0.1226,0.1406,6.0000,5.5555,1.7674,16.0173,0.5327,13.5613,-41.7325,5.1436,-40.4606,4.7671,-40.5333,11.9140,-39.3679,31.5905,-33.6423,-8.4176,1.2720,-8.7942,1.1992,-1.6472,2.3647,28,0.1300,28,0,0.9781,0.0191,0.0028,0.3258,4.1037,0.2740,4.9230,3.4299,0.0000
2.8400,IMM-EKF,jink,0.500,10.00,0.050,1,0.600,1,4.8583,3.1069,-1.7513,0.6204,0.2375,0.1226,0.1406,6.0000,5.5555,1.7671,18.5765,0.5327,14.3056,-41.7081,5.1436,-40.4606,4.7671,-40.5333,12.5217,-38.9200,31.5026,-32.3927,-9.1619,1.2475,-9.5385,1.1747,-1.7839,2.7881,28,0.1400,28,0,0.9781,0.0191,0.0028,0.2588,3.9317,0.2485,4.9638,3.3705,0.0000
2.8500,IMM-EKF,jink,0.500,10.00,0.050,1,0.600,1,4.8656,2.9617,-1.9039,0.5372,0.2340,0.1254,0.1441,6.0000,5.0688,0.5729,0.2304,0.5329,15.0593,-41.6661,11.3945,-41.7002,11.4752,-41.7746,15.0705,-41.6285,41.6453,-36.7879,-3.6648,-0.0341,-3.5841,-0.1085,0.0112,0.0376,29,0.0500,29,0,0.9811,0.0168,0.0021,0.1908,3.7622,0.2229,5.0039,3.3107,0.0000
2.8600,IMM-EKF,jink,0.500,10.00,0.050,1,0.600,1,4.8742,2.9803,-1.8940,0.5419,0.2340,0.1254,0.1440,6.0000,5.0688,0.5734,1.0870,0.5333,15.8215,-41.6067,11.3945,-41.7002,11.4752,-41.7746,15.8016,-41.4256,41.3996,-35.6552,-4.4270,-0.0935,-4.3463,-0.1679,-0.0199,0.1811,29,0.0600,29,0,0.9811,0.0168,0.0021,0.1218,3.5951,0.1973,5.0433,3.2504,0.0000
2.8700,IMM-EKF,jink,0.500,10.00,0.050,1,0.600,1,4.8841,3.0014,-1.8827,0.5475,0.2340,0.1254,0.1440,6.0000,5.0688,0.5741,2.1718,0.5338,16.5911,-41.5301,11.3945,-41.7002,11.4752,-41.7746,16.5314,-41.1699,41.1740,-34.5440,-5.1966,-0.1701,-5.1159,-0.2445,-0.0597,0.3603,29,0.0700,29,0,0.9811,0.0168,0.0021,0.0517,3.4302,0.1716,5.0819,3.1897,0.0000
2.8800,IMM-EKF,jink,0.500,10.00,0.050,1,0.600,1,4.8953,3.0251,-1.8702,0.5543,0.2340,0.1254,0.1440,6.0000,5.0688,0.5750,3.4630,0.5345,17.3673,-41.4364,11.3945,-41.7002,11.4752,-41.7746,17.2578,-40.8635,40.9682,-33.4555,-5.9727,-0.2638,-5.8920,-0.3382,-0.1095,0.5729,29,0.0800,29,0,0.9811,0.0168,0.0021,-0.0194,3.2677,0.1459,5.1198,3.1285,0.0000
2.8900,IMM-EKF,jink,0.500,10.00,0.050,1,0.600,1,4.9078,3.0514,-1.8564,0.5622,0.2340,0.1254,0.1439,6.0000,5.0688,0.5759,4.9473,0.5353,18.1488,-41.3258,11.3945,-41.7002,11.4752,-41.7746,17.9785,-40.5090,40.7815,-32.3907,-6.7543,-0.3744,-6.6736,-0.4488,-0.1703,0.8168,29,0.0900,29,0,0.9811,0.0168,0.0021,-0.0916,3.1074,0.1202,5.1570,3.0668,0.0000
2.9000,IMM-EKF,jink,0.500,10.00,0.050,1,0.600,1,4.9216,3.0803,-1.8413,0.5713,0.2340,0.1254,0.1439,6.0000,5.0688,0.5770,6.6115,0.5363,18.9349,-41.1986,11.3945,-41.7002,11.4752,-41.7746,18.6918,-40.1091,40.6132,-31.3501,-7.5404,-0.5016,-7.4597,-0.5760,-0.2431,1.0895,29,0.1000,29,0,0.9811,0.0168,0.0021,-0.1647,2.9494,0.0944,5.1934,3.0047,0.0000
2.9100,IMM-EKF,jink,0.500,10.00,0.050,1,0.600,1,4.9368,3.1118,-1.8249,0.5816,0.2340,0.1254,0.1438,6.0000,5.0688,0.5782,8.4421,0.5374,19.7245,-41.0550,11.3945,-41.7002,11.4752,-41.7746,19.3960,-39.6665,40.4626,-30.3345,-8.3300,-0.6452,-8.2493,-0.7196,-0.3285,1.3885,29,0.1100,29,0,0.9811,0.0168,0.0021,-0.2390,2.7936,0.0685,5.2291,2.9422,0.0000
2.9200,IMM-EKF,jink,0.500,10.00,0.050,1,0.600,1,4.9532,3.1460,-1.8072,0.5932,0.2340,0.1254,0.1438,6.0000,5.0688,0.5795,10.4252,0.5386,20.5166,-40.8954,11.3945,-41.7002,11.4752,-41.7746,20.0898,-39.1842,40.3291,-29.3441,-9.1221,-0.8049,-9.0414,-0.8793,-0.4268,1.7112,29,0.1200,29,0,0.9811,0.0168,0.0021,-0.3142,2.6399,0.0426,5.2640,2.8792,0.0000
2.9300,IMM-EKF,jink,0.500,10.00,0.050,1,0.600,1,4.9710,3.1828,-1.7882,0.6061,0.2340,0.1254,0.1437,6.0000,5.0688,0.5809,12.5467,0.5400,21.3104,-40.7199,11.3945,-41.7002,11.4752,-41.7746,20.7719,-38.6650,40.2121,-28.3791,-9.9159,-0.9803,-9.8352,-1.0547,-0.5385,2.0549,29,0.1300,29,0,0.9811,0.0168,0.0021,-0.3905,2.4884,0.0166,5.2982,2.8158,0.0000
2.9400,IMM-EKF,jink,0.500,10.00,0.050,1,0.600,1,4.9901,3.2222,-1.7679,0.6203,0.2340,0.1254,0.1437,6.0000,5.0688,0.5823,14.7925,0.5414,22.1048,-40.5290,11.3945,-41.7002,11.4752,-41.7746,21.4414,-38.1118,40.1109,-27.4395,-10.7103,-1.1712,-10.6296,-1.2456,-0.6634,2.4172,29,0.1400,29,0,0.9811,0.0168,0.0021,-0.4679,2.3390,-0.0094,5.3316,2.7521,0.0000
2.9500,IMM-EKF,jink,0.500,10.00,0.050,1,0.600,1,5.0105,3.1688,-1.8417,0.5286,0.2361,0.1302,0.1415,6.0000,4.5197,0.4210,1.8934,0.5429,22.8991,-40.3231,18.9349,-41.1986,18.9927,-41.2525,22.4890,-40.2749,43.7835,-31.3298,-3.9642,-0.8755,-3.9064,-0.9294,-0.4101,0.0482,30,0.0500,30,0,0.9834,0.0147,0.0019,-0.5463,2.1916,-0.0355,5.3643,2.6879,0.0000
2.9600,IMM-EKF,jink,0.500,10.00,0.050,1,0.600,1,5.0324,3.1979,-1.8344,0.5351,0.2361,0.1302,0.1415,6.0000,4.5197,0.4226,2.5577,0.5446,23.6923,-40.1025,18.9349,-41.1986,18.9927,-41.2525,23.1733,-39.9450,43.6888,-30.4587,-4.7574,-1.0961,-4.6996,-1.1500,-0.5190,0.1575,30,0.0600,30,0,0.9834,0.0147,0.0019,-0.6258,2.0463,-0.0617,5.3961,2.6233,0.0000
2.9700,IMM-EKF,jink,0.500,10.00,0.050,1,0.600,1,5.0555,3.2295,-1.8260,0.5426,0.2361,0.1302,0.1414,6.0000,4.5197,0.4242,3.4129,0.5463,24.4837,-39.8677,18.9349,-41.1986,18.9927,-41.2525,23.8480,-39.5738,43.6049,-29.6020,-5.5488,-1.3309,-5.4910,-1.3848,-0.6357,0.2939,30,0.0700,30,0,0.9834,0.0147,0.0019,-0.7063,1.9030,-0.0880,5.4272,2.5584,0.0000
2.9800,IMM-EKF,jink,0.500,10.00,0.050,1,0.600,1,5.0801,3.2637,-1.8164,0.5512,0.2361,0.1302,0.1414,6.0000,4.5197,0.4259,4.4478,0.5481,25.2725,-39.6191,18.9349,-41.1986,18.9927,-41.2525,24.5121,-39.1637,43.5316,-28.7603,-6.3376,-1.5795,-6.2797,-1.6334,-0.7604,0.4554,30,0.0800,30,0,0.9834,0.0147,0.0019,-0.7878,1.7617,-0.1144,5.4575,2.4931,0.0000
2.9900,IMM-EKF,jink,0.500,10.00,0.050,1,0.600,1,5.1060,3.3003,-1.8057,0.5610,0.2361,0.1302,0.1413,6.0000,4.5197,0.4275,5.6474,0.5499,26.0579,-39.3571,18.9349,-41.1986,18.9927,-41.2525,25.1645,-38.7172,43.4688,-27.9340,-7.1230,-1.8415,-7.0651,-1.8953,-0.8933,0.6399,30,0.0900,30,0,0.9834,0.0147,0.0019,-0.8705,1.6223,-0.1408,5.4870,2.4274,0.0000
3.0000,IMM-EKF,jink,0.500,10.00,0.050,1,0.600,1,5.1333,3.3395,-1.7938,0.5719,0.2361,0.1302,0.1413,6.0000,4.5197,0.4292,6.9969,0.5518,26.8392,-39.0823,18.9349,-41.1986,18.9927,-41.2525,25.8046,-38.2368,43.4165,-27.1234,-7.9043,-2.1163,-7.8464,-2.1702,-1.0346,0.8455,30,0.1000,30,0,0.9834,0.0147,0.0019,-0.9542,1.4848,-0.1674,5.5158,2.3614,0.0000
3.0100,IMM-EKF,jink,0.500,10.00,0.050,1,0.600,1,5.1620,3.3813,-1.7807,0.5840,0.2361,0.1302,0.1412,6.0000,4.5197,0.4308,8.4817,0.5536,27.6157,-38.7951,18.9349,-41.1986,18.9927,-41.2525,26.4316,-37.7251,43.3743,-26.3288,-8.6808,-2.4035,-8.6230,-2.4573,-1.1841,1.0700,30,0.1100,30,0,0.9834,0.0147,0.0019,-1.0389,1.3492,-0.1941,5.5437,2.2950,0.0000
3.0200,IMM-EKF,jink,0.500,10.00,0.050,1,0.600,1,5.1929,3.4257,-1.7671,0.5973,0.2361,0.1302,0.1402,6.0000,4.5197,0.4385,10.0156,0.5572,28.3693,-38.4896,18.9349,-41.1986,18.9927,-41.2525,27.0430,-37.1841,43.3352,-25.5493,-9.4344,-2.7090,-9.3766,-2.7629,-1.3263,1.3054,30,0.1200,30,0,0.9834,0.0147,0.0019,-1.1240,1.2148,-0.2212,5.5158,2.3614,0.0000
3.0300,IMM-EKF,jink,0.500,10.00,0.050,1,0.600,1,5.2258,3.4727,-1.7530,0.6119,0.2361,0.1302,0.1391,6.0000,4.5197,0.4462,11.5984,0.5611,29.1010,-38.1668,18.9349,-41.1986,18.9927,-41.2525,27.6377,-36.6162,43.2990,-24.7846,-10.1661,-3.0318,-10.1082,-3.0856,-1.4632,1.5506,30,0.1300,30,0,0.9834,0.0147,0.0019,-1.2094,1.0817,-0.2487,5.4870,2.4274,0.0000
3.0400,IMM-EKF,jink,0.500,10.00,0.050,1,0.600,1,5.2608,3.5224,-1.7384,0.6277,0.2361,0.1302,0.1377,6.0000,4.5197,0.4538,13.2234,0.5653,29.8102,-37.8280,18.9349,-41.1986,18.9927,-41.2525,28.2154,-36.0236,43.2653,-24.0345,-10.8753,-3.3707,-10.8175,-3.4245,-1.5949,1.8043,30,0.1400,30,0,0.9834,0.0147,0.0019,-1.2950,0.9497,-0.2766,5.4575,2.4931,0.0000
3.0500,IMM-EKF,jink,0.500,10.00,0.050,1,0.600,1,5.2979,3.3960,-1.9019,0.5676,0.2432,0.1347,0.1294,6.0000,3.8159,0.5419,0.8494,0.5683,30.4994,-37.4740,26.8392,-39.0823,26.9098,-39.0102,30.3946,-37.3590,49.5689,-24.8836,-3.6603,-1.6084,-3.5896,-1.5363,-0.1049,0.1150,31,0.0500,31,0,0.9821,0.0156,0.0023,-1.3810,0.8187,-0.3050,5.4272,2.5584,0.0000
3.0600,IMM-EKF,jink,0.500,10.00,0.050,1,0.600,1,5.3370,3.4316,-1.9054,0.5761,0.2432,0.1347,0.1281,6.0000,3.8159,0.5338,1.2500,0.5705,31.1660,-37.1060,26.8392,-39.0823,26.9098,-39.0102,31.0494,-36.9189,49.4938,-24.1683,-4.3268,-1.9763,-4.2562,-1.9042,-0.1166,0.1871,31,0.0600,31,0,0.9821,0.0156,0.0023,-1.4673,0.6888,-0.3339,5.3961,2.6233,0.0000
3.0700,IMM-EKF,jink,0.500,10.00,0.050,1,0.600,1,5.3782,3.4698,-1.9083,0.5854,0.2432,0.1347,0.1269,6.0000,3.8159,0.5305,1.7669,0.5732,31.8076,-36.7250,26.8392,-39.0823,26.9098,-39.0102,31.6867,-36.4461,49.4186,-23.4613,-4.9684,-2.3573,-4.8978,-2.2852,-0.1209,0.2789,31,0.0700,31,0,0.9821,0.0156,0.0023,-1.5539,0.5597,-0.3634,5.3643,2.6879,0.0000
3.0800,IMM-EKF,jink,0.500,10.00,0.050,1,0.600,1,5.4213,3.5106,-1.9107,0.5958,0.2432,0.1347,0.1258,6.0000,3.8159,0.5327,2.3990,0.5765,32.4238,-36.3319,26.8392,-39.0823,26.9098,-39.0102,32.3053,-35.9425,49.3434,-22.7626,-5.5846,-2.7504,-5.5140,-2.6783,-0.1185,0.3894,31,0.0800,31,0,0.9821,0.0156,0.0023,-1.6409,0.4315,-0.3937,5.3316,2.7521,0.0000
3.0900,IMM-EKF,jink,0.500,10.00,0.050,1,0.600,1,5.4665,3.5540,-1.9125,0.6071,0.2432,0.1347,0.1245,6.0000,3.8159,0.5346,3.1432,0.5798,33.0165,-35.9277,26.8392,-39.0823,26.9098,-39.0102,32.9046,-35.4102,49.2685,-22.0721,-6.1773,-3.1546,-6.1067,-3.0825,-0.1119,0.5175,31,0.0900,31,0,0.9821,0.0156,0.0023,-1.7281,0.3042,-0.4246,5.2982,2.8158,0.0000
3.1000,IMM-EKF,jink,0.500,10.00,0.050,1,0.600,1,5.5137,3.6001,-1.9136,0.6194,0.2432,0.1347,0.1230,6.0000,3.8159,0.5364,3.9921,0.5833,33.5858,-35.5132,26.8392,-39.0823,26.9098,-39.0102,33.4840,-34.8511,49.1938,-21.3895,-6.7466,-3.5691,-6.6760,-3.4970,-0.1018,0.6621,31,0.1000,31,0,0.9821,0.0156,0.0023,-1.8156,0.1776,-0.4564,5.2640,2.8792,0.0000
3.1100,IMM-EKF,jink,0.500,10.00,0.050,1,0.600,1,5.5628,3.6488,-1.9140,0.6328,0.2432,0.1347,0.1214,6.0000,3.8159,0.5379,4.9382,0.5866,34.1319,-35.0895,26.8392,-39.0823,26.9098,-39.0102,34.0431,-34.2673,49.1195,-20.7145,-7.2927,-3.9929,-7.2221,-3.9207,-0.0888,0.8222,31,0.1100,31,0,0.9821,0.0156,0.0023,-1.9034,0.0517,-0.4891,5.2291,2.9422,0.0000
3.1200,IMM-EKF,jink,0.500,10.00,0.050,1,0.600,1,5.6139,3.7002,-1.9137,0.6473,0.2432,0.1347,0.1197,6.0000,3.8159,0.5394,5.9746,0.5899,34.6550,-34.6572,26.8392,-39.0823,26.9098,-39.0102,34.5816,-33.6605,49.0455,-20.0466,-7.8158,-4.4251,-7.7452,-4.3530,-0.0734,0.9968,31,0.1200,31,0,0.9821,0.0156,0.0023,-1.9915,-0.0736,-0.5229,5.1934,3.0047,0.0000
3.1300,IMM-EKF,jink,0.500,10.00,0.050,1,0.600,1,5.6669,3.7543,-1.9126,0.6628,0.2432,0.1347,0.1179,6.0000,3.8159,0.5406,7.0951,0.5931,35.1553,-34.2174,26.8392,-39.0823,26.9098,-39.0102,35.0993,-33.0325,48.9719,-19.3852,-8.3162,-4.8649,-8.2455,-4.7928,-0.0560,1.1849,31,0.1300,31,0,0.9821,0.0156,0.0023,-2.0798,-0.1982,-0.5579,5.1570,3.0668,0.0000
3.1400,IMM-EKF,jink,0.500,10.00,0.050,1,0.600,1,5.7219,3.8111,-1.9108,0.6795,0.2432,0.1347,0.1159,6.0000,3.8159,0.5418,8.2941,0.5962,35.6333,-33.7707,26.8392,-39.0823,26.9098,-39.0102,35.5964,-32.3849,48.8988,-18.7296,-8.7942,-5.3117,-8.7235,-5.2396,-0.0369,1.3858,31,0.1400,31,0,0.9821,0.0156,0.0023,-2.1684,-0.3223,-0.5942,5.1198,3.1285,0.0000
3.1500,IMM-EKF,jink,0.500,10.00,0.050,1,0.600,1,5.7787,3.8739,-1.9048,0.5956,0.2435,0.1338,0.1135,6.0000,3.9976,2.2833,3.1770,0.5990,36.0894,-33.3178,33.5858,-35.5132,33.9148,-35.2435,36.6623,-33.0892,50.3580,-20.0185,-2.5036,-2.1954,-2.1746,-1.9257,0.5729,0.2285,32,0.0500,32,0,0.9858,0.0125,0.0017,-2.2572,-0.4457,-0.6320,5.0819,3.1897,0.0000
3.1600,IMM-EKF,jink,0.500,10.00,0.050,1,0.600,1,5.8374,3.9267,-1.9107,0.6050,0.2435,0.1338,0.1113,6.0000,3.9976,2.2843,3.6004,0.6017,36.5239,-32.8595,33.5858,-35.5132,33.9148,-35.2435,37.1608,-32.5855,50.3044,-19.4374,-2.9381,-2.6538,-2.6091,-2.3840,0.6369,0.2740,32,0.0600,32,0,0.9858,0.0125,0.0017,-2.3462,-0.5686,-0.6717,5.0433,3.2504,0.0000
3.1700,IMM-EKF,jink,0.500,10.00,0.050,1,0.600,1,5.8980,3.9821,-1.9159,0.6153,0.2435,0.1338,0.1090,6.0000,3.9976,2.2852,4.0878,0.6041,36.9374,-32.3963,33.5858,-35.5132,33.9148,-35.2435,37.6397,-32.0588,50.2492,-18.8545,-3.3516,-3.1170,-3.0226,-2.8472,0.7023,0.3374,32,0.0700,32,0,0.9858,0.0125,0.0017,-2.4353,-0.6909,-0.7134,5.0039,3.3107,0.0000
3.1800,IMM-EKF,jink,0.500,10.00,0.050,1,0.600,1,5.9604,4.0399,-1.9204,0.6265,0.2435,0.1338,0.1067,6.0000,3.9976,2.2859,4.6442,0.6063,37.3303,-31.9288,33.5858,-35.5132,33.9148,-35.2435,38.0989,-31.5103,50.1925,-18.2685,-3.7445,-3.5844,-3.4155,-3.3147,0.7686,0.4185,32,0.0800,32,0,0.9858,0.0125,0.0017,-2.5244,-0.8126,-0.7576,4.9638,3.3705,0.0000
3.1900,IMM-EKF,jink,0.500,10.00,0.050,1,0.600,1,6.0245,4.1002,-1.9243,0.6387,0.2435,0.1338,0.1043,6.0000,3.9976,2.2866,5.2728,0.6082,37.7031,-31.4576,33.5858,-35.5132,33.9148,-35.2435,38.5384,-30.9416,50.1352,-17.6799,-4.1173,-4.0556,-3.7883,-3.7859,0.8353,0.5160,32,0.0900,32,0,0.9858,0.0125,0.0017,-2.6129,-0.9329,-0.8046,4.9230,3.4299,0.0000
3.2000,IMM-EKF,jink,0.500,10.00,0.050,1,0.600,1,6.0905,4.1628,-1.9277,0.6518,0.2435,0.1338,0.1018,6.0000,3.9976,2.2872,5.9747,0.6098,38.0564,-30.9832,33.5858,-35.5132,33.9148,-35.2435,38.9584,-30.3544,50.0782,-17.0891,-4.4706,-4.5300,-4.1416,-4.2603,0.9020,0.6288,32,0.1000,32,0,0.9858,0.0125,0.0017,-2.6999,-1.0510,-0.8545,4.8815,3.4887,0.0000
3.2100,IMM-EKF,jink,0.500,10.00,0.050,1,0.600,1,6.1581,4.2275,-1.9306,0.6659,0.2435,0.1338,0.0992,6.0000,3.9976,2.2877,6.7538,0.6112,38.3908,-30.5061,33.5858,-35.5132,33.9148,-35.2435,39.3591,-29.7492,50.0219,-16.4928,-4.8050,-5.0071,-4.4760,-4.7374,0.9683,0.7569,32,0.1100,32,0,0.9858,0.0125,0.0017,-2.7852,-1.1667,-0.9082,4.8393,3.5470,0.0000
3.2200,IMM-EKF,jink,0.500,10.00,0.050,1,0.600,1,6.2274,4.2941,-1.9333,0.6811,0.2435,0.1338,0.0966,6.0000,3.9976,2.2882,7.6159,0.6122,38.7067,-30.0267,33.5858,-35.5132,33.9148,-35.2435,39.7408,-29.1260,49.9667,-15.8862,-5.1209,-5.4866,-4.7919,-5.2168,1.0341,0.9007,32,0.1200,32,0,0.9858,0.0125,0.0017,-2.8683,-1.2795,-0.9668,4.7964,3.6048,0.0000
3.2300,IMM-EKF,jink,0.500,10.00,0.050,1,0.600,1,6.2983,4.3624,-1.9359,0.6974,0.2435,0.1338,0.0939,6.0000,3.9976,2.2886,8.5700,0.6130,39.0047,-29.5451,33.5858,-35.5132,33.9148,-35.2435,40.1040,-28.4834,49.9132,-15.2623,-5.4189,-5.9681,-5.0899,-5.6984,1.0993,1.0617,32,0.1300,32,0,0.9858,0.0125,0.0017,-2.9487,-1.3887,-1.0322,4.7528,3.6621,0.0000
3.2400,IMM-EKF,jink,0.500,10.00,0.050,1,0.600,1,6.3706,4.4317,-1.9389,0.7147,0.2435,0.1338,0.0912,6.0000,3.9976,2.2879,9.6312,0.6132,39.2857,-29.0615,33.5858,-35.5132,33.9148,-35.2435,40.4491,-27.8189,49.8626,-14.6101,-5.6999,-6.4518,-5.3709,-6.1820,1.1634,1.2426,32,0.1400,32,0,0.9858,0.0125,0.0017,-3.0250,-1.4930,-1.1069,4.7085,3.7189,0.0000
3.2500,IMM-EKF,jink,0.500,10.00,0.050,1,0.600,1,6.4442,4.5688,-1.8754,0.6680,0.2436,0.1316,0.0887,6.0000,4.2375,1.9142,3.1144,0.6120,39.5514,-28.5756,38.0564,-30.9832,38.4219,-30.9146,40.1287,-28.6950,48.2047,-16.6787,-1.4949,-2.4076,-1.1295,-2.3390,0.5773,-0.1194,33,0.0500,33,0,0.9836,0.0143,0.0021,-3.0947,-1.5897,-1.1956,4.6635,3.7751,0.0000
3.2600,IMM-EKF,jink,0.500,10.00,0.050,1,0.600,1,6.5189,4.6346,-1.8843,0.6795,0.2436,0.1316,0.0863,6.0000,4.2375,1.9061,3.3309,0.6105,39.8008,-28.0870,38.0564,-30.9832,38.4219,-30.9146,40.4223,-28.1852,48.1917,-16.0112,-1.7443,-2.8962,-1.3788,-2.8276,0.6215,-0.0982,33,0.0600,33,0,0.9836,0.0143,0.0021,-3.1517,-1.6719,-1.3063,4.6179,3.8308,0.0000
3.2700,IMM-EKF,jink,0.500,10.00,0.050,1,0.600,1,6.5940,4.6977,-1.8964,0.6919,0.2436,0.1316,0.0839,6.0000,4.2375,1.9020,3.5526,0.6094,40.0335,-27.5954,38.0564,-30.9832,38.4219,-30.9146,40.7013,-27.6465,48.1966,-15.2613,-1.9771,-3.3878,-1.6116,-3.3192,0.6677,-0.0511,33,0.0700,33,0,0.9836,0.0143,0.0021,-3.1790,-1.7207,-1.4502,4.5716,3.8859,0.0000
3.2800,IMM-EKF,jink,0.500,10.00,0.050,1,0.600,1,6.6686,4.7527,-1.9159,0.7050,0.2436,0.1316,0.0817,6.0000,4.2375,1.9030,3.8110,0.6089,40.2499,-27.1034,38.0564,-30.9832,38.4219,-30.9146,40.9655,-27.1126,48.2472,-14.5278,-2.1935,-3.8798,-1.8280,-3.8112,0.7156,-0.0092,33,0.0800,33,0,0.9836,0.0143,0.0021,-3.1368,-1.6919,-1.6151,4.5246,3.9405,0.0000
3.2900,IMM-EKF,jink,0.500,10.00,0.050,1,0.600,1,6.7419,4.7993,-1.9427,0.7190,0.2436,0.1316,0.0794,6.0000,4.2375,1.9040,4.0983,0.6083,40.4513,-26.6190,38.0564,-30.9832,38.4219,-30.9146,41.2163,-26.6614,48.3480,-14.0880,-2.3949,-4.3642,-2.0294,-4.2956,0.7649,-0.0424,33,0.0900,33,0,0.9836,0.0143,0.0021,-3.0223,-1.5824,-1.7291,4.4770,3.9945,0.0000
3.3000,IMM-EKF,jink,0.500,10.00,0.050,1,0.600,1,6.8139,4.8414,-1.9725,0.7339,0.2436,0.1316,0.0772,6.0000,4.2375,1.9048,4.4744,0.6076,40.6385,-26.1475,38.0564,-30.9832,38.4219,-30.9146,41.4565,-26.2921,48.4698,-13.9097,-2.5821,-4.8357,-2.2166,-4.7670,0.8180,-0.1445,33,0.1000,33,0,0.9836,0.0143,0.0021,-2.8824,-1.4444,-1.7855,4.4288,4.0480,0.0000
3.3100,IMM-EKF,jink,0.500,10.00,0.050,1,0.600,1,6.8845,4.8806,-2.0039,0.7497,0.2436,0.1316,0.0748,6.0000,4.2375,1.9055,5.0245,0.6069,40.8123,-25.6912,38.0564,-30.9832,38.4219,-30.9146,41.6880,-25.9814,48.6000,-13.8799,-2.7559,-5.2920,-2.3904,-5.2234,0.8757,-0.2902,33,0.1100,33,0,0.9836,0.0143,0.0021,-2.7364,-1.2995,-1.8081,4.3799,4.1008,0.0000
3.3200,IMM-EKF,jink,0.500,10.00,0.050,1,0.600,1,6.9537,4.9169,-2.0368,0.7665,0.2436,0.1316,0.0725,6.0000,4.2375,1.9062,5.7848,0.6060,40.9734,-25.2508,38.0564,-30.9832,38.4219,-30.9146,41.9117,-25.7171,48.7353,-13.9406,-2.9170,-5.7325,-2.5515,-5.6638,0.9384,-0.4663,33,0.1200,33,0,0.9836,0.0143,0.0021,-2.5896,-1.1534,-1.8108,4.3303,4.1531,0.0000
3.3300,IMM-EKF,jink,0.500,10.00,0.050,1,0.600,1,7.0216,4.9504,-2.0712,0.7843,0.2436,0.1316,0.0701,6.0000,4.2375,1.9067,6.7516,0.6050,41.1224,-24.8265,38.0564,-30.9832,38.4219,-30.9146,42.1287,-25.4927,48.8749,-14.0631,-3.0660,-6.1567,-2.7005,-6.0881,1.0063,-0.6662,33,0.1300,33,0,0.9836,0.0143,0.0021,-2.4436,-1.0080,-1.8011,4.2802,4.2047,0.0000
3.3400,IMM-EKF,jink,0.500,10.00,0.050,1,0.600,1,7.0882,4.9812,-2.1070,0.8030,0.2436,0.1316,0.0676,6.0000,4.2375,1.9073,7.9039,0.6040,41.2600,-24.4182,38.0564,-30.9832,38.4219,-30.9146,42.3398,-25.3044,49.0188,-14.2326,-3.2036,-6.5650,-2.8381,-6.4964,1.0798,-0.8862,33,0.1400,33,0,0.9836,0.0143,0.0021,-2.2991,-0.8639,-1.7828,4.2294,4.2558,0.0000
3.3500,IMM-EKF,jink,0.500,10.00,0.050,1,0.600,1,7.1535,5.1395,-2.0139,0.7647,0.2401,0.1278,0.0686,6.0000,4.5258,2.4756,4.4643,0.6028,41.3868,-24.0258,40.6385,-26.1475,41.0966,-26.1052,42.1039,-24.3850,47.6183,-13.8408,-0.7482,-2.1218,-0.2902,-2.0795,0.7171,-0.3592,34,0.0500,34,0,0.9827,0.0149,0.0024,-2.1561,-0.7212,-1.7584,4.1781,4.3063,0.0000
3.3600,IMM-EKF,jink,0.500,10.00,0.050,1,0.600,1,7.2174,5.1850,-2.0324,0.7783,0.2401,0.1278,0.0662,6.0000,4.5258,2.4759,5.1400,0.6016,41.5032,-23.6487,40.6385,-26.1475,41.0966,-26.1052,42.2793,-24.1331,47.7214,-14.0081,-0.8646,-2.4988,-0.4066,-2.4565,0.7761,-0.4844,34,0.0600,34,0,0.9827,0.0149,0.0024,-2.0148,-0.5801,-1.7296,4.1261,4.3561,0.0000
3.3700,IMM-EKF,jink,0.500,10.00,0.050,1,0.600,1,7.2801,5.2274,-2.0526,0.7926,0.2401,0.1278,0.0636,6.0000,4.5258,2.4760,5.9246,0.6003,41.6097,-23.2867,40.6385,-26.1475,41.0966,-26.1052,42.4489,-23.9106,47.8272,-14.1994,-0.9712,-2.8609,-0.5131,-2.8186,0.8392,-0.6239,34,0.0700,34,0,0.9827,0.0149,0.0024,-1.8752,-0.4405,-1.6973,4.0735,4.4053,0.0000
3.3800,IMM-EKF,jink,0.500,10.00,0.050,1,0.600,1,7.3413,5.2669,-2.0745,0.8076,0.2401,0.1278,0.0635,6.0000,4.5258,2.4200,6.7736,0.5938,41.7171,-22.9391,40.6385,-26.1475,41.0966,-26.1052,42.6135,-23.7165,47.9360,-14.4127,-1.0785,-3.2084,-0.6205,-3.1661,0.8964,-0.7773,34,0.0800,34,0,0.9827,0.0149,0.0024,-1.7373,-0.3024,-1.6625,4.0204,4.4538,0.0000
3.3900,IMM-EKF,jink,0.500,10.00,0.050,1,0.600,1,7.4013,5.3034,-2.0979,0.8233,0.2401,0.1278,0.0635,6.0000,4.5258,2.3619,7.7259,0.5917,41.8158,-22.6059,40.6385,-26.1475,41.0966,-26.1052,42.7737,-23.5498,48.0479,-14.6467,-1.1772,-3.5416,-0.7192,-3.4993,0.9579,-0.9439,34,0.0900,34,0,0.9827,0.0149,0.0024,-1.6011,-0.1657,-1.6255,3.9666,4.5018,0.0000
3.4000,IMM-EKF,jink,0.500,10.00,0.050,1,0.600,1,7.4598,5.3370,-2.1229,0.8398,0.2401,0.1278,0.0638,6.0000,4.5258,2.3150,8.7851,0.5932,41.9038,-22.2865,40.6385,-26.1475,41.0966,-26.1052,42.9300,-23.4096,48.1633,-14.9004,-1.2652,-3.8611,-0.8072,-3.8188,1.0262,-1.1232,34,0.1000,34,0,0.9827,0.0149,0.0024,-1.4665,-0.0305,-1.5869,3.9123,4.5490,0.0000
3.4100,IMM-EKF,jink,0.500,10.00,0.050,1,0.600,1,7.5170,5.3677,-2.1493,0.8572,0.2401,0.1278,0.0662,6.0000,4.5258,2.3175,9.9687,0.5900,41.9745,-21.9802,40.6385,-26.1475,41.0966,-26.1052,43.0829,-23.2951,48.2825,-15.1734,-1.3359,-4.1673,-0.8779,-4.1250,1.1084,-1.3149,34,0.1100,34,0,0.9827,0.0149,0.0024,-1.3335,0.1033,-1.5470,3.8575,4.5957,0.0000
3.4200,IMM-EKF,jink,0.500,10.00,0.050,1,0.600,1,7.5728,5.3956,-2.1772,0.8753,0.2401,0.1278,0.0685,6.0000,4.5258,2.3199,11.2397,0.5868,42.0372,-21.6868,40.6385,-26.1475,41.0966,-26.1052,43.2330,-23.2056,48.4057,-15.4652,-1.3987,-4.4608,-0.9406,-4.4184,1.1957,-1.5188,34,0.1200,34,0,0.9827,0.0149,0.0024,-1.2021,0.2358,-1.5061,3.8020,4.6416,0.0000
3.4300,IMM-EKF,jink,0.500,10.00,0.050,1,0.600,1,7.6273,5.4207,-2.2065,0.8943,0.2401,0.1278,0.0708,6.0000,4.5258,2.3223,12.5952,0.5838,42.0923,-21.4057,40.6385,-26.1475,41.0966,-26.1052,43.3806,-23.1401,48.5332,-15.7756,-1.4538,-4.7418,-0.9957,-4.6995,1.2883,-1.7344,34,0.1300,34,0,0.9827,0.0149,0.0024,-1.0724,0.3669,-1.4643,3.7461,4.6869,0.0000
3.4400,IMM-EKF,jink,0.500,10.00,0.050,1,0.600,1,7.6803,5.4431,-2.2371,0.9142,0.2401,0.1278,0.0730,6.0000,4.5258,2.3247,14.0329,0.5809,42.1401,-21.1366,40.6385,-26.1475,41.0966,-26.1052,43.5264,-23.0982,48.6653,-16.1045,-1.5015,-5.0109,-1.0435,-4.9686,1.3863,-1.9616,34,0.1400,34,0,0.9827,0.0149,0.0024,-0.9442,0.4968,-1.4219,3.6895,4.7315,0.0000
3.4500,IMM-EKF,jink,0.500,10.00,0.050,1,0.600,1,7.7319,5.6504,-2.0814,0.8809,0.2397,0.1257,0.0756,6.0000,4.9994,2.2179,3.9730,0.5780,42.1807,-20.8791,41.9038,-22.2865,42.2459,-22.4792,42.7663,-21.2565,45.7878,-12.4425,-0.2769,-1.4074,0.0652,-1.6001,0.5856,-0.3774,35,0.0500,35,0,0.9726,0.0232,0.0042,-0.8176,0.6254,-1.3789,3.6325,4.7754,0.0000
3.4600,IMM-EKF,jink,0.500,10.00,0.050,1,0.600,1,7.7820,5.6860,-2.0960,0.8960,0.2397,0.1257,0.0776,6.0000,4.9994,2.2183,4.4345,0.5752,42.2144,-20.6328,41.9038,-22.2865,42.2459,-22.4792,42.8516,-21.0742,45.8458,-12.6439,-0.3107,-1.6537,0.0314,-1.8465,0.6372,-0.4415,35,0.0600,35,0,0.9726,0.0232,0.0042,-0.6925,0.7528,-1.3355,3.5749,4.8187,0.0000
3.4700,IMM-EKF,jink,0.500,10.00,0.050,1,0.600,1,7.8308,5.7188,-2.1120,0.9118,0.2397,0.1257,0.0796,6.0000,4.9994,2.2188,4.9649,0.5726,42.2415,-20.3973,41.9038,-22.2865,42.2459,-22.4792,42.9349,-20.9148,45.9061,-12.8588,-0.3378,-1.8892,0.0043,-2.0819,0.6933,-0.5175,35,0.0700,35,0,0.9726,0.0232,0.0042,-0.5690,0.8790,-1.2918,3.5169,4.8612,0.0000
3.4800,IMM-EKF,jink,0.500,10.00,0.050,1,0.600,1,7.8781,5.7487,-2.1294,0.9282,0.2397,0.1257,0.0815,6.0000,4.9994,2.2192,5.5653,0.5700,42.2622,-20.1723,41.9038,-22.2865,42.2459,-22.4792,43.0164,-20.7775,45.9689,-13.0874,-0.3584,-2.1141,-0.0163,-2.3069,0.7542,-0.6051,35,0.0800,35,0,0.9726,0.0232,0.0042,-0.4470,1.0040,-1.2479,3.4583,4.9031,0.0000
3.4900,IMM-EKF,jink,0.500,10.00,0.050,1,0.600,1,7.9240,5.7759,-2.1481,0.9453,0.2397,0.1257,0.0833,6.0000,4.9994,2.2197,6.2360,0.5675,42.2766,-19.9576,41.9038,-22.2865,42.2459,-22.4792,43.0964,-20.6614,46.0345,-13.3298,-0.3728,-2.3289,-0.0307,-2.5217,0.8198,-0.7038,35,0.0900,35,0,0.9726,0.0232,0.0042,-0.3265,1.1279,-1.2039,3.3992,4.9442,0.0000
3.5000,IMM-EKF,jink,0.500,10.00,0.050,1,0.600,1,7.9684,5.8004,-2.1680,0.9630,0.2397,0.1257,0.0851,6.0000,4.9994,2.2202,6.9771,0.5651,42.2849,-19.7527,41.9038,-22.2865,42.2459,-22.4792,43.1753,-20.5659,46.1030,-13.5861,-0.3812,-2.5338,-0.0390,-2.7266,0.8903,-0.8133,35,0.1000,35,0,0.9726,0.0232,0.0042,-0.2074,1.2507,-1.1597,3.3396,4.9847,0.0000
3.5100,IMM-EKF,jink,0.500,10.00,0.050,1,0.600,1,8.0114,5.8222,-2.1892,0.9815,0.2397,0.1257,0.0868,6.0000,4.9994,2.2207,7.7879,0.5628,42.2874,-19.5573,41.9038,-22.2865,42.2459,-22.4792,43.2532,-20.4905,46.1746,-13.8565,-0.3836,-2.7291,-0.0415,-2.9219,0.9659,-0.9332,35,0.1100,35,0,0.9726,0.0232,0.0042,-0.0899,1.3724,-1.1156,3.2796,5.0244,0.0000
3.5200,IMM-EKF,jink,0.500,10.00,0.050,1,0.600,1,8.0530,5.8414,-2.2116,1.0007,0.2397,0.1257,0.0884,6.0000,4.9994,2.2213,8.6680,0.5606,42.2840,-19.3713,41.9038,-22.2865,42.2459,-22.4792,43.3305,-20.4346,46.2497,-14.1412,-0.3803,-2.9152,-0.0382,-3.1079,1.0465,-1.0633,35,0.1200,35,0,0.9726,0.0232,0.0042,0.0261,1.4931,-1.0714,3.2190,5.0634,0.0000
3.5300,IMM-EKF,jink,0.500,10.00,0.050,1,0.600,1,8.0931,5.8580,-2.2351,1.0207,0.2397,0.1257,0.0901,6.0000,4.9994,2.2193,9.6149,0.5587,42.2757,-19.1943,41.9038,-22.2865,42.2459,-22.4792,43.4075,-20.3976,46.3284,-14.4406,-0.3719,-3.0922,-0.0298,-3.2850,1.1318,-1.2033,35,0.1300,35,0,0.9726,0.0232,0.0042,0.1407,1.6126,-1.0273,3.1580,5.1016,0.0000
3.5400,IMM-EKF,jink,0.500,10.00,0.050,1,0.600,1,8.1317,5.8720,-2.2597,1.0415,0.2397,0.1257,0.0919,6.0000,4.9994,2.2153,10.6282,0.5572,42.2622,-19.0260,41.9038,-22.2865,42.2459,-22.4792,43.4843,-20.3792,46.4111,-14.7547,-0.3585,-3.2605,-0.0164,-3.4532,1.2220,-1.3532,35,0.1400,35,0,0.9726,0.0232,0.0042,0.2538,1.7312,-0.9833,3.0966,5.1392,0.0000
3.5500,IMM-EKF,jink,0.500,10.00,0.050,1,0.600,1,8.1689,5.8438,-2.3251,0.9881,0.2376,0.1227,0.0957,6.0000,5.0751,2.6220,4.2980,0.5557,42.2435,-18.8663,42.2849,-19.7527,42.7492,-19.7123,42.9892,-18.7328,44.5607,-10.7926,0.0415,-0.8864,0.5057,-0.8461,0.7457,0.1334,36,0.0500,36,0,0.9718,0.0243,0.0039,0.3655,1.8488,-0.9394,3.0347,5.1760,0.0000
3.5600,IMM-EKF,jink,0.500,10.00,0.050,1,0.600,1,8.2046,5.8650,-2.3397,1.0041,0.2376,0.1227,0.0975,6.0000,5.0751,2.6201,4.6553,0.5529,42.2192,-18.7150,42.2849,-19.7527,42.7492,-19.7123,43.0295,-18.5881,44.5994,-10.9858,0.0657,-1.0377,0.5300,-0.9973,0.8103,0.1269,36,0.0600,36,0,0.9718,0.0243,0.0039,0.4757,1.9654,-0.8956,2.9724,5.2120,0.0000
3.5700,IMM-EKF,jink,0.500,10.00,0.050,1,0.600,1,8.2389,5.8835,-2.3554,1.0206,0.2376,0.1227,0.0993,6.0000,5.0751,2.6222,5.0375,0.5484,42.1892,-18.5720,42.2849,-19.7527,42.7492,-19.7123,43.0695,-18.4619,44.6408,-11.1912,0.0957,-1.1806,0.5600,-1.1403,0.8804,0.1101,36,0.0700,36,0,0.9718,0.0243,0.0039,0.5845,2.0810,-0.8520,2.9096,5.2473,0.0000
3.5800,IMM-EKF,jink,0.500,10.00,0.050,1,0.600,1,8.2717,5.8994,-2.3723,1.0377,0.2376,0.1227,0.1011,6.0000,5.0751,2.6243,5.4465,0.5442,42.1542,-18.4369,42.2849,-19.7527,42.7492,-19.7123,43.1095,-18.3537,44.6852,-11.4091,0.1308,-1.3158,0.5950,-1.2754,0.9554,0.0832,36,0.0800,36,0,0.9718,0.0243,0.0039,0.6919,2.1957,-0.8086,2.8464,5.2818,0.0000
3.5900,IMM-EKF,jink,0.500,10.00,0.050,1,0.600,1,8.3031,5.9128,-2.3903,1.0554,0.2376,0.1227,0.1028,6.0000,5.0751,2.6263,5.8885,0.5402,42.1142,-18.3094,42.2849,-19.7527,42.7492,-19.7123,43.1497,-18.2630,44.7328,-11.6396,0.1707,-1.4433,0.6350,-1.4030,1.0354,0.0464,36,0.0900,36,0,0.9718,0.0243,0.0039,0.7979,2.3095,-0.7654,2.7829,5.3156,0.0000
3.6000,IMM-EKF,jink,0.500,10.00,0.050,1,0.600,1,8.3330,5.9236,-2.4093,1.0738,0.2376,0.1227,0.1045,6.0000,5.0751,2.6283,6.3697,0.5364,42.0694,-18.1893,42.2849,-19.7527,42.7492,-19.7123,43.1901,-18.1893,44.7839,-11.8830,0.2155,-1.5634,0.6798,-1.5230,1.1206,-0.0000,36,0.1000,36,0,0.9718,0.0243,0.0039,0.9025,2.4224,-0.7225,2.7189,5.3486,0.0000
3.6100,IMM-EKF,jink,0.500,10.00,0.050,1,0.600,1,8.3614,5.9320,-2.4294,1.0928,0.2376,0.1227,0.1061,6.0000,5.0751,2.6302,6.8954,0.5329,42.0199,-18.0765,42.2849,-19.7527,42.7492,-19.7123,43.2310,-18.1322,44.8386,-12.1398,0.2650,-1.6762,0.7293,-1.6359,1.2111,-0.0558,36,0.1100,36,0,0.9718,0.0243,0.0039,1.0056,2.5344,-0.6798,2.6545,5.3809,0.0000
3.6200,IMM-EKF,jink,0.500,10.00,0.050,1,0.600,1,8.3884,5.9379,-2.4505,1.1125,0.2376,0.1227,0.1077,6.0000,5.0751,2.6321,7.4706,0.5295,41.9657,-17.9707,42.2849,-19.7527,42.7492,-19.7123,43.2727,-18.0914,44.8974,-12.4103,0.3192,-1.7819,0.7835,-1.7416,1.3069,-0.1207,36,0.1200,36,0,0.9718,0.0243,0.0039,1.1074,2.6455,-0.6373,2.5897,5.4123,0.0000
3.6300,IMM-EKF,jink,0.500,10.00,0.050,1,0.600,1,8.4139,5.9414,-2.4725,1.1329,0.2376,0.1227,0.1092,6.0000,5.0751,2.6341,8.0993,0.5263,41.9069,-17.8719,42.2849,-19.7527,42.7492,-19.7123,43.3152,-18.0665,44.9606,-12.6947,0.3780,-1.8807,0.8423,-1.8404,1.4083,-0.1946,36,0.1300,36,0,0.9718,0.0243,0.0039,1.2078,2.7558,-0.5951,2.5246,5.4430,0.0000
3.6400,IMM-EKF,jink,0.500,10.00,0.050,1,0.600,1,8.4380,5.9426,-2.4955,1.1541,0.2376,0.1227,0.1107,6.0000,5.0751,2.6359,8.7849,0.5234,41.8436,-17.7799,42.2849,-19.7527,42.7492,-19.7123,43.3588,-18.0573,45.0283,-12.9936,0.4413,-1.9728,0.9056,-1.9324,1.5153,-0.2774,36,0.1400,36,0,0.9718,0.0243,0.0039,1.3068,2.8652,-0.5532,2.4591,5.4729,0.0000
3.6500,IMM-EKF,jink,0.500,10.00,0.050,1,0.600,1,8.4607,5.9672,-2.4935,1.0830,0.2377,0.1208,0.1120,6.0000,5.1357,1.5735,2.5432,0.5206,41.7758,-17.6945,42.0694,-18.1893,42.3114,-18.3174,42.1887,-17.8562,40.6817,-13.7616,0.2936,-0.4948,0.5356,-0.6229,0.4129,-0.1616,37,0.0500,37,0,0.9730,0.0232,0.0038,1.4044,2.9738,-0.5115,2.3933,5.5020,0.0000
3.6600,IMM-EKF,jink,0.500,10.00,0.050,1,0.600,1,8.4819,5.9757,-2.5062,1.0991,0.2377,0.1208,0.1134,6.0000,5.1357,1.5737,2.8239,0.5180,41.7036,-17.6156,42.0694,-18.1893,42.3114,-18.3174,42.1544,-17.8115,40.6422,-14.0442,0.3659,-0.5736,0.6078,-0.7018,0.4509,-0.1959,37,0.0600,37,0,0.9730,0.0232,0.0038,1.5007,3.0816,-0.4702,2.3271,5.5304,0.0000
3.6700,IMM-EKF,jink,0.500,10.00,0.050,1,0.600,1,8.5017,5.9818,-2.5198,1.1157,0.2377,0.1208,0.1147,6.0000,5.1357,1.5740,3.1581,0.5157,41.6270,-17.5431,42.0694,-18.1893,42.3114,-18.3174,42.1208,-17.7824,40.6040,-14.3414,0.4425,-0.6462,0.6844,-0.7743,0.4938,-0.2393,37,0.0700,37,0,0.9730,0.0232,0.0038,1.5956,3.1887,-0.4292,2.2605,5.5579,0.0000
3.6800,IMM-EKF,jink,0.500,10.00,0.050,1,0.600,1,8.5200,5.9856,-2.5344,1.1328,0.2377,0.1208,0.1160,6.0000,5.1357,1.5743,3.5487,0.5135,41.5461,-17.4769,42.0694,-18.1893,42.3114,-18.3174,42.0879,-17.7687,40.5673,-14.6536,0.5234,-0.7124,0.7653,-0.8406,0.5419,-0.2918,37,0.0800,37,0,0.9730,0.0232,0.0038,1.6891,3.2949,-0.3884,2.1937,5.5846,0.0000
3.6900,IMM-EKF,jink,0.500,10.00,0.050,1,0.600,1,8.5369,5.9870,-2.5499,1.1505,0.2377,0.1208,0.1172,6.0000,5.1357,1.5747,3.9975,0.5115,41.4608,-17.4168,42.0694,-18.1893,42.3114,-18.3174,42.0559,-17.7700,40.5324,-14.9811,0.6086,-0.7725,0.8505,-0.9007,0.5951,-0.3532,37,0.0900,37,0,0.9730,0.0232,0.0038,1.7813,3.4004,-0.3480,2.1265,5.6105,0.0000
3.7000,IMM-EKF,jink,0.500,10.00,0.050,1,0.600,1,8.5524,5.9861,-2.5663,1.1687,0.2377,0.1208,0.1184,6.0000,5.1357,1.5752,4.5061,0.5096,41.3714,-17.3627,42.0694,-18.1893,42.3114,-18.3174,42.0248,-17.7861,40.4994,-15.3246,0.6981,-0.8266,0.9400,-0.9547,0.6534,-0.4234,37,0.1000,37,0,0.9730,0.0232,0.0038,1.8721,3.5052,-0.3079,2.0590,5.6356,0.0000
3.7100,IMM-EKF,jink,0.500,10.00,0.050,1,0.600,1,8.5665,5.9830,-2.5835,1.1876,0.2377,0.1208,0.1195,6.0000,5.1357,1.5758,5.0754,0.5079,41.2777,-17.3146,42.0694,-18.1893,42.3114,-18.3174,41.9948,-17.8169,40.4685,-15.6845,0.7917,-0.8747,1.0337,-1.0029,0.7171,-0.5023,37,0.1100,37,0,0.9730,0.0232,0.0038,1.9616,3.6092,-0.2682,1.9912,5.6599,0.0000
3.7200,IMM-EKF,jink,0.500,10.00,0.050,1,0.600,1,8.5792,5.9777,-2.6015,1.2071,0.2377,0.1208,0.1206,6.0000,5.1357,1.5764,5.7061,0.5065,41.1798,-17.2723,42.0694,-18.1893,42.3114,-18.3174,41.9660,-17.8621,40.4400,-16.0614,0.8896,-0.9170,1.1315,-1.0452,0.7861,-0.5899,37,0.1200,37,0,0.9730,0.0232,0.0038,2.0498,3.7125,-0.2288,1.9232,5.6834,0.0000
3.7300,IMM-EKF,jink,0.500,10.00,0.050,1,0.600,1,8.5904,5.9702,-2.6203,1.2273,0.2377,0.1208,0.1216,6.0000,5.1357,1.5771,6.3986,0.5052,41.0778,-17.2357,42.0694,-18.1893,42.3114,-18.3174,41.9384,-17.9217,40.4141,-16.4558,0.9917,-0.9535,1.2336,-1.0817,0.8607,-0.6860,37,0.1300,37,0,0.9730,0.0232,0.0038,2.1366,3.8151,-0.1897,1.8548,5.7061,0.0000
3.7400,IMM-EKF,jink,0.500,10.00,0.050,1,0.600,1,8.6003,5.9605,-2.6398,1.2481,0.2377,0.1208,0.1226,6.0000,5.1357,1.5779,7.1532,0.5041,40.9716,-17.2049,42.0694,-18.1893,42.3114,-18.3174,41.9124,-17.9956,40.3912,-16.8685,1.0979,-0.9844,1.3398,-1.1125,0.9408,-0.7907,37,0.1400,37,0,0.9730,0.0232,0.0038,2.2221,3.9171,-0.1509,1.7862,5.7279,0.0000
3.7500,IMM-EKF,jink,0.500,10.00,0.050,1,0.600,1,8.6088,6.0130,-2.5957,1.1049,0.2401,0.1198,0.1211,6.0000,5.3263,1.4292,2.7340,0.5031,40.8613,-17.1796,41.3714,-17.3627,41.6065,-17.2852,41.3097,-17.0209,38.1071,-14.0805,0.5101,-0.1831,0.7452,-0.1056,0.4484,0.1587,38,0.0500,38,0,0.9753,0.0212,0.0035,2.3062,4.0183,-0.1125,1.7174,5.7490,0.0000
3.7600,IMM-EKF,jink,0.500,10.00,0.050,1,0.600,1,8.6159,6.0098,-2.6060,1.1204,0.2401,0.1198,0.1220,6.0000,5.3263,1.4308,2.9992,0.5023,40.7468,-17.1599,41.3714,-17.3627,41.6065,-17.2852,41.2451,-17.0033,38.0286,-14.3807,0.6245,-0.2028,0.8596,-0.1253,0.4982,0.1566,38,0.0600,38,0,0.9753,0.0212,0.0035,2.3891,4.1189,-0.0744,1.6483,5.7692,0.0000
3.7700,IMM-EKF,jink,0.500,10.00,0.050,1,0.600,1,8.6216,6.0044,-2.6172,1.1364,0.2401,0.1198,0.1228,6.0000,5.3263,1.4323,3.2829,0.5017,40.6283,-17.1457,41.3714,-17.3627,41.6065,-17.2852,41.1816,-16.9994,37.9511,-14.6965,0.7431,-0.2170,0.9782,-0.1395,0.5533,0.1463,38,0.0700,38,0,0.9753,0.0212,0.0035,2.4706,4.2189,-0.0367,1.5789,5.7885,0.0000
3.7800,IMM-EKF,jink,0.500,10.00,0.050,1,0.600,1,8.6259,5.9969,-2.6290,1.1529,0.2401,0.1198,0.1237,6.0000,5.3263,1.4337,3.5917,0.5012,40.5057,-17.1369,41.3714,-17.3627,41.6065,-17.2852,41.1193,-17.0090,37.8749,-15.0284,0.8657,-0.2258,1.1008,-0.1483,0.6136,0.1278,38,0.0800,38,0,0.9753,0.0212,0.0035,2.5508,4.3182,0.0007,1.5094,5.8071,0.0000
3.7900,IMM-EKF,jink,0.500,10.00,0.050,1,0.600,1,8.6289,5.9872,-2.6417,1.1701,0.2401,0.1198,0.1244,6.0000,5.3263,1.4351,3.9323,0.5009,40.3790,-17.1334,41.3714,-17.3627,41.6065,-17.2852,41.0584,-17.0320,37.8002,-15.3769,0.9924,-0.2293,1.2275,-0.1518,0.6794,0.1014,38,0.0900,38,0,0.9753,0.0212,0.0035,2.6297,4.4169,0.0377,1.4396,5.8247,0.0000
3.8000,IMM-EKF,jink,0.500,10.00,0.050,1,0.600,1,8.6305,5.9755,-2.6550,1.1878,0.2401,0.1198,0.1252,6.0000,5.3263,1.4364,4.3111,0.5007,40.2482,-17.1353,41.3714,-17.3627,41.6065,-17.2852,40.9988,-17.0682,37.7272,-15.7428,1.1232,-0.2274,1.3583,-0.1500,0.7507,0.0670,38,0.1000,38,0,0.9753,0.0212,0.0035,2.7073,4.5150,0.0744,1.3696,5.8416,0.0000
3.8100,IMM-EKF,jink,0.500,10.00,0.050,1,0.600,1,8.6308,5.9617,-2.6690,1.2061,0.2401,0.1198,0.1259,6.0000,5.3263,1.4377,4.7337,0.5008,40.1133,-17.1424,41.3714,-17.3627,41.6065,-17.2852,40.9408,-17.1176,37.6561,-16.1266,1.2581,-0.2203,1.4932,-0.1428,0.8276,0.0247,38,0.1100,38,0,0.9753,0.0212,0.0035,2.7836,4.6124,0.1107,1.2994,5.8576,0.0000
3.8200,IMM-EKF,jink,0.500,10.00,0.050,1,0.600,1,8.6297,5.9460,-2.6837,1.2251,0.2401,0.1198,0.1265,6.0000,5.3263,1.4389,5.2052,0.5010,39.9743,-17.1547,41.3714,-17.3627,41.6065,-17.2852,40.8845,-17.1801,37.5872,-16.5290,1.3971,-0.2080,1.6322,-0.1305,0.9102,-0.0254,38,0.1200,38,0,0.9753,0.0212,0.0035,2.8586,4.7093,0.1466,1.2290,5.8728,0.0000
3.8300,IMM-EKF,jink,0.500,10.00,0.050,1,0.600,1,8.6273,5.9282,-2.6991,1.2448,0.2401,0.1198,0.1272,6.0000,5.3263,1.4400,5.7295,0.5013,39.8312,-17.1723,41.3714,-17.3627,41.6065,-17.2852,40.8300,-17.2556,37.5207,-16.9509,1.5402,-0.1904,1.7753,-0.1129,0.9988,-0.0834,38,0.1300,38,0,0.9753,0.0212,0.0035,2.9323,4.8057,0.1822,1.1584,5.8871,0.0000
3.8400,IMM-EKF,jink,0.500,10.00,0.050,1,0.600,1,8.6236,5.9086,-2.7150,1.2652,0.2401,0.1198,0.1277,6.0000,5.3263,1.4411,6.3101,0.5018,39.6840,-17.1950,41.3714,-17.3627,41.6065,-17.2852,40.7774,-17.3442,37.4570,-17.3929,1.6874,-0.1677,1.9225,-0.0902,1.0934,-0.1492,38,0.1400,38,0,0.9753,0.0212,0.0035,3.0046,4.9014,0.2175,1.0877,5.9006,0.0000
3.8500,IMM-EKF,jink,0.500,10.00,0.050,1,0.600,1,8.6185,5.8714,-2.7471,1.1466,0.2403,0.1180,0.1281,6.0000,5.4409,0.6218,0.4398,0.5025,39.5327,-17.2229,40.2482,-17.1353,40.1531,-17.1874,39.5086,-17.2927,31.9667,-18.2151,0.7155,0.0876,0.6204,0.0354,-0.0240,-0.0698,39,0.0500,39,0,0.9746,0.0217,0.0037,3.0757,4.9966,0.2523,1.0168,5.9132,0.0000
3.8600,IMM-EKF,jink,0.500,10.00,0.050,1,0.600,1,8.6122,5.8572,-2.7550,1.1614,0.2403,0.1180,0.1286,6.0000,5.4409,0.6211,0.5788,0.5034,39.3772,-17.2559,40.2482,-17.1353,40.1531,-17.1874,39.3718,-17.3525,31.7469,-18.6406,0.8709,0.1206,0.7759,0.0684,-0.0054,-0.0966,39,0.0600,39,0,0.9746,0.0217,0.0037,3.1455,5.0913,0.2868,0.9458,5.9250,0.0000
3.8700,IMM-EKF,jink,0.500,10.00,0.050,1,0.600,1,8.6045,5.8410,-2.7635,1.1767,0.2403,0.1180,0.1291,6.0000,5.4409,0.6205,0.7925,0.5044,39.2176,-17.2940,40.2482,-17.1353,40.1531,-17.1874,39.2358,-17.4253,31.5239,-19.0865,1.0306,0.1587,0.9355,0.1065,0.0182,-0.1313,39,0.0700,39,0,0.9746,0.0217,0.0037,3.2140,5.1854,0.3210,0.8746,5.9359,0.0000
3.8800,IMM-EKF,jink,0.500,10.00,0.050,1,0.600,1,8.5956,5.8230,-2.7726,1.1925,0.2403,0.1180,0.1296,6.0000,5.4409,0.6200,1.0750,0.5055,39.0538,-17.3372,40.2482,-17.1353,40.1531,-17.1874,39.1008,-17.5111,31.2976,-19.5535,1.1944,0.2019,1.0993,0.1497,0.0471,-0.1740,39,0.0800,39,0,0.9746,0.0217,0.0037,3.2812,5.2791,0.3547,0.8033,5.9460,0.0000
3.8900,IMM-EKF,jink,0.500,10.00,0.050,1,0.600,1,8.5854,5.8031,-2.7823,1.2089,0.2403,0.1180,0.1300,6.0000,5.4409,0.6196,1.4211,0.5069,38.8858,-17.3854,40.2482,-17.1353,40.1531,-17.1874,38.9669,-17.6100,31.0682,-20.0425,1.3624,0.2502,1.2673,0.1980,0.0812,-0.2246,39,0.0900,39,0,0.9746,0.0217,0.0037,3.3471,5.3722,0.3881,0.7319,5.9552,0.0000
3.9000,IMM-EKF,jink,0.500,10.00,0.050,1,0.600,1,8.5739,5.7815,-2.7925,1.2259,0.2403,0.1180,0.1303,6.0000,5.4409,0.6192,1.8281,0.5083,38.7135,-17.4388,40.2482,-17.1353,40.1531,-17.1874,38.8341,-17.7220,30.8354,-20.5543,1.5347,0.3036,1.4396,0.2514,0.1206,-0.2831,39,0.1000,39,0,0.9746,0.0217,0.0037,3.4118,5.4648,0.4212,0.6604,5.9635,0.0000
3.9100,IMM-EKF,jink,0.500,10.00,0.050,1,0.600,1,8.5612,5.7580,-2.8032,1.2435,0.2403,0.1180,0.1308,6.0000,5.4409,0.6211,2.2939,0.5101,38.5374,-17.4973,40.2482,-17.1353,40.1531,-17.1874,38.7025,-17.8470,30.5992,-21.0900,1.7107,0.3620,1.6157,0.3099,0.1651,-0.3497,39,0.1100,39,0,0.9746,0.0217,0.0037,3.4751,5.5569,0.4538,0.5888,5.9710,0.0000
3.9200,IMM-EKF,jink,0.500,10.00,0.050,1,0.600,1,8.5473,5.7328,-2.8145,1.2617,0.2403,0.1180,0.1313,6.0000,5.4409,0.6243,2.8183,0.5120,38.3573,-17.5608,40.2482,-17.1353,40.1531,-17.1874,38.5722,-17.9852,30.3596,-21.6505,1.8909,0.4256,1.7958,0.3734,0.2150,-0.4243,39,0.1200,39,0,0.9746,0.0217,0.0037,3.5371,5.6486,0.4861,0.5171,5.9777,0.0000
3.9300,IMM-EKF,jink,0.500,10.00,0.050,1,0.600,1,8.5321,5.7058,-2.8262,1.2806,0.2403,0.1180,0.1318,6.0000,5.4409,0.6277,3.4025,0.5145,38.1728,-17.6294,40.2482,-17.1353,40.1531,-17.1874,38.4433,-18.1366,30.1166,-22.2370,2.0754,0.4942,1.9803,0.4420,0.2706,-0.5071,39,0.1300,39,0,0.9746,0.0217,0.0037,3.5979,5.7398,0.5180,0.4453,5.9835,0.0000
3.9400,IMM-EKF,jink,0.500,10.00,0.050,1,0.600,1,8.5156,5.6773,-2.8384,1.3001,0.2403,0.1180,0.1322,6.0000,5.4409,0.6315,4.0474,0.5179,37.9839,-17.7030,40.2482,-17.1353,40.1531,-17.1874,38.3160,-18.3013,29.8701,-22.8504,2.2643,0.5678,2.1692,0.5156,0.3321,-0.5983,39,0.1400,39,0,0.9746,0.0217,0.0037,3.6573,5.8305,0.5495,0.3735,5.9884,0.0000
3.9500,IMM-EKF,jink,0.500,10.00,0.050,1,0.600,1,8.4980,5.8168,-2.6812,1.0968,0.2422,0.1169,0.1307,6.0000,5.8078,0.9482,1.0702,0.5215,37.7906,-17.7817,38.7135,-17.4388,38.5919,-17.3308,37.8321,-17.6073,28.4597,-20.2080,0.9229,0.3429,0.8013,0.4509,0.0416,0.1745,40,0.0500,40,0,0.9775,0.0193,0.0032,3.7155,5.9208,0.5806,0.3016,5.9924,0.0000
3.9600,IMM-EKF,jink,0.500,10.00,0.050,1,0.600,1,8.4791,5.7958,-2.6834,1.1101,0.2422,0.1169,0.1312,6.0000,5.8078,0.9451,1.1378,0.5250,37.5922,-17.8656,38.7135,-17.4388,38.5919,-17.3308,37.6766,-17.6932,28.1916,-20.6787,1.1213,0.4268,0.9997,0.5348,0.0844,0.1724,40,0.0600,40,0,0.9775,0.0193,0.0032,3.7724,6.0107,0.6114,0.2297,5.9956,0.0000
3.9700,IMM-EKF,jink,0.500,10.00,0.050,1,0.600,1,8.4591,5.7730,-2.6861,1.1240,0.2422,0.1169,0.1318,6.0000,5.8078,0.9417,1.2360,0.5288,37.3893,-17.9546,38.7135,-17.4388,38.5919,-17.3308,37.5223,-17.7914,27.9197,-21.1714,1.3242,0.5158,1.2026,0.6238,0.1330,0.1633,40,0.0700,40,0,0.9775,0.0193,0.0032,3.8280,6.1001,0.6417,0.1577,5.9979,0.0000
3.9800,IMM-EKF,jink,0.500,10.00,0.050,1,0.600,1,8.4379,5.7486,-2.6893,1.1384,0.2422,0.1169,0.1322,6.0000,5.8078,0.9398,1.3852,0.5302,37.1817,-18.0493,38.7135,-17.4388,38.5919,-17.3308,37.3694,-17.9018,27.6439,-21.6870,1.5318,0.6105,1.4102,0.7185,0.1876,0.1475,40,0.0800,40,0,0.9775,0.0193,0.0032,3.8823,6.1891,0.6716,0.0857,5.9994,0.0000
3.9900,IMM-EKF,jink,0.500,10.00,0.050,1,0.600,1,8.4155,5.7226,-2.6930,1.1535,0.2422,0.1169,0.1327,6.0000,5.8078,0.9385,1.5978,0.5307,36.9696,-18.1494,38.7135,-17.4388,38.5919,-17.3308,37.2180,-18.0245,27.3642,-22.2264,1.7439,0.7106,1.6223,0.8186,0.2484,0.1249,40,0.0900,40,0,0.9775,0.0193,0.0032,3.9353,6.2778,0.7012,0.0137,6.0000,0.0000
4.0000,IMM-EKF,jink,0.500,10.00,0.050,1,0.600,1,8.3920,5.6949,-2.6971,1.1692,0.2422,0.1169,0.1331,6.0000,5.8078,0.9372,1.8806,0.5313,36.7527,-18.2547,38.7135,-17.4388,38.5919,-17.3308,37.0681,-18.1596,27.0805,-22.7905,1.9608,0.8159,1.8392,0.9239,0.3154,0.0952,40,0.1000,40,0,0.9775,0.0193,0.0032,3.9870,6.3660,0.7303,-0.0583,5.9997,0.0000
4.0100,IMM-EKF,jink,0.500,10.00,0.050,1,0.600,1,8.3673,5.6656,-2.7017,1.1856,0.2422,0.1169,0.1335,6.0000,5.8078,0.9359,2.2360,0.5319,36.5311,-18.3654,38.7135,-17.4388,38.5919,-17.3308,36.9201,-18.3071,26.7929,-23.3805,2.1824,0.9266,2.0608,1.0346,0.3889,0.0584,40,0.1100,40,0,0.9775,0.0193,0.0032,4.0374,6.4538,0.7590,-0.1302,5.9986,0.0000
4.0200,IMM-EKF,jink,0.500,10.00,0.050,1,0.600,1,8.3415,5.6348,-2.7067,1.2026,0.2422,0.1169,0.1339,6.0000,5.8078,0.9345,2.6634,0.5326,36.3047,-18.4815,38.7135,-17.4388,38.5919,-17.3308,36.7738,-18.4671,26.5011,-23.9973,2.4088,1.0427,2.2872,1.1507,0.4692,0.0144,40,0.1200,40,0,0.9775,0.0193,0.0032,4.0865,6.5413,0.7873,-0.2022,5.9966,0.0000
4.0300,IMM-EKF,jink,0.500,10.00,0.050,1,0.600,1,8.3146,5.6025,-2.7121,1.2204,0.2422,0.1169,0.1342,6.0000,5.8078,0.9331,3.1615,0.5332,36.0734,-18.6030,38.7135,-17.4388,38.5919,-17.3308,36.6297,-18.6397,26.2053,-24.6423,2.6401,1.1642,2.5185,1.2722,0.5563,-0.0367,40,0.1300,40,0,0.9775,0.0193,0.0032,4.1342,6.6284,0.8152,-0.2742,5.9937,0.0000
4.0400,IMM-EKF,jink,0.500,10.00,0.050,1,0.600,1,8.2866,5.5687,-2.7179,1.2389,0.2422,0.1169,0.1346,6.0000,5.8078,0.9317,3.7291,0.5340,35.8371,-18.7299,38.7135,-17.4388,38.5919,-17.3308,36.4877,-18.8251,25.9052,-25.3166,2.8764,1.2911,2.7548,1.3991,0.6507,-0.0952,40,0.1400,40,0,0.9775,0.0193,0.0032,4.1807,6.7152,0.8426,-0.3461,5.9900,0.0000
4.0500,IMM-EKF,jink,0.500,10.00,0.050,1,0.600,1,8.2575,5.5025,-2.7550,1.0946,0.2429,0.1149,0.1341,6.0000,5.8728,1.9227,1.4775,0.5348,35.5957,-18.8624,36.7527,-18.2547,36.4141,-18.2323,35.3358,-18.8404,20.1354,-25.9264,1.1570,0.6077,0.8183,0.6301,-0.2599,0.0221,41,0.0500,41,0,0.9779,0.0190,0.0032,4.2259,6.8016,0.8696,-0.4179,5.9854,0.0000
4.0600,IMM-EKF,jink,0.500,10.00,0.050,1,0.600,1,8.2273,5.4727,-2.7546,1.1071,0.2429,0.1149,0.1344,6.0000,5.8728,1.9214,1.3292,0.5356,35.3492,-19.0005,36.7527,-18.2547,36.4141,-18.2323,35.1142,-18.9990,19.6393,-26.5669,1.4035,0.7458,1.0648,0.7682,-0.2350,0.0015,41,0.0600,41,0,0.9779,0.0190,0.0032,4.2698,6.8877,0.8961,-0.4897,5.9800,0.0000
4.0700,IMM-EKF,jink,0.500,10.00,0.050,1,0.600,1,8.1961,5.4414,-2.7546,1.1202,0.2429,0.1149,0.1346,6.0000,5.8728,1.9202,1.1634,0.5365,35.0975,-19.1442,36.7527,-18.2547,36.4141,-18.2323,34.8935,-19.1704,19.1297,-27.2351,1.6552,0.8895,1.3166,0.9119,-0.2040,-0.0262,41,0.0700,41,0,0.9779,0.0190,0.0032,4.3123,6.9734,0.9221,-0.5614,5.9737,0.0000
4.0800,IMM-EKF,jink,0.500,10.00,0.050,1,0.600,1,8.1638,5.4087,-2.7550,1.1339,0.2429,0.1149,0.1348,6.0000,5.8728,1.9189,1.0099,0.5373,34.8405,-19.2936,36.7527,-18.2547,36.4141,-18.2323,34.6737,-19.3546,18.6058,-27.9321,1.9123,1.0389,1.5736,1.0613,-0.1668,-0.0610,41,0.0800,41,0,0.9779,0.0190,0.0032,4.3535,7.0589,0.9477,-0.6331,5.9665,0.0000
4.0900,IMM-EKF,jink,0.500,10.00,0.050,1,0.600,1,8.1305,5.3747,-2.7558,1.1481,0.2429,0.1149,0.1350,6.0000,5.8728,1.9177,0.9288,0.5382,34.5780,-19.4488,36.7527,-18.2547,36.4141,-18.2323,34.4548,-19.5519,18.0669,-28.6589,2.1747,1.1941,1.8361,1.2165,-0.1232,-0.1031,41,0.0900,41,0,0.9779,0.0190,0.0032,4.3934,7.1440,0.9727,-0.7046,5.9585,0.0000
4.1000,IMM-EKF,jink,0.500,10.00,0.050,1,0.600,1,8.0961,5.3392,-2.7569,1.1630,0.2429,0.1149,0.1352,6.0000,5.8728,1.9164,1.0003,0.5392,34.3100,-19.6098,36.7527,-18.2547,36.4141,-18.2323,34.2371,-19.7623,17.5118,-29.4165,2.4427,1.3551,2.1040,1.3775,-0.0729,-0.1525,41,0.1000,41,0,0.9779,0.0190,0.0032,4.4320,7.2288,0.9972,-0.7761,5.9496,0.0000
4.1100,IMM-EKF,jink,0.500,10.00,0.050,1,0.600,1,8.0608,5.3024,-2.7584,1.1786,0.2429,0.1149,0.1353,6.0000,5.8728,1.9151,1.2548,0.5402,34.0364,-19.7768,36.7527,-18.2547,36.4141,-18.2323,34.0207,-19.9860,16.9398,-30.2060,2.7163,1.5220,2.3776,1.5445,-0.0157,-0.2092,41,0.1100,41,0,0.9779,0.0190,0.0032,4.4692,7.3134,1.0212,-0.8474,5.9399,0.0000
4.1200,IMM-EKF,jink,0.500,10.00,0.050,1,0.600,1,8.0245,5.2643,-2.7602,1.1948,0.2429,0.1149,0.1355,6.0000,5.8728,1.9138,1.6585,0.5412,33.7571,-19.9497,36.7527,-18.2547,36.4141,-18.2323,33.8058,-20.2232,16.3497,-31.0285,2.9957,1.6950,2.6570,1.7174,0.0487,-0.2734,41,0.1200,41,0,0.9779,0.0190,0.0032,4.5051,7.3977,1.0445,-0.9186,5.9293,0.0000
4.1300,IMM-EKF,jink,0.500,10.00,0.050,1,0.600,1,7.9872,5.2249,-2.7623,1.2118,0.2429,0.1149,0.1356,6.0000,5.8728,1.9126,2.1728,0.5422,33.4718,-20.1287,36.7527,-18.2547,36.4141,-18.2323,33.5924,-20.4739,15.7402,-31.8851,3.2809,1.8740,2.9422,1.8964,0.1205,-0.3452,41,0.1300,41,0,0.9779,0.0190,0.0032,4.5396,7.4817,1.0673,-0.9897,5.9178,0.0000
4.1400,IMM-EKF,jink,0.500,10.00,0.050,1,0.600,1,7.9489,5.1843,-2.7646,1.2295,0.2429,0.1149,0.1357,6.0000,5.8728,1.9113,2.7762,0.5433,33.1806,-20.3139,36.7527,-18.2547,36.4141,-18.2323,33.3808,-20.7384,15.1100,-32.7768,3.5721,2.0592,3.2334,2.0816,0.2002,-0.4245,41,0.1400,41,0,0.9779,0.0190,0.0032,4.5727,7.5655,1.0895,-1.0607,5.9055,0.0000
4.1500,IMM-EKF,jink,0.500,10.00,0.050,1,0.600,1,7.9097,5.2278,-2.6819,0.9957,0.2431,0.1138,0.1356,6.0000,6.1135,2.3133,1.5833,0.5444,32.8833,-20.5053,34.3100,-19.6098,33.8987,-19.6208,32.6009,-20.5144,12.3343,-31.4047,1.4267,0.8955,1.0153,0.8845,-0.2824,-0.0091,42,0.0500,42,0,0.9794,0.0177,0.0029,4.6045,7.6490,1.1109,-1.1314,5.8924,0.0000
4.1600,IMM-EKF,jink,0.500,10.00,0.050,1,0.600,1,7.8696,5.1931,-2.6766,1.0065,0.2431,0.1138,0.1356,6.0000,6.1135,2.3121,1.3665,0.5455,32.5797,-20.7030,34.3100,-19.6098,33.8987,-19.6208,32.3371,-20.7292,11.6337,-32.1645,1.7303,1.0932,1.3189,1.0822,-0.2426,-0.0262,42,0.0600,42,0,0.9794,0.0177,0.0029,4.6350,7.7323,1.1316,-1.2021,5.8784,0.0000
4.1700,IMM-EKF,jink,0.500,10.00,0.050,1,0.600,1,7.8286,5.1571,-2.6715,1.0179,0.2431,0.1138,0.1356,6.0000,6.1135,2.3109,1.1317,0.5466,32.2698,-20.9071,34.3100,-19.6098,33.8987,-19.6208,32.0743,-20.9568,10.9101,-32.9524,2.0403,1.2973,1.6289,1.2863,-0.1954,-0.0497,42,0.0700,42,0,0.9794,0.0177,0.0029,4.6640,7.8154,1.1516,-1.2725,5.8635,0.0000
4.1800,IMM-EKF,jink,0.500,10.00,0.050,1,0.600,1,7.7867,5.1198,-2.6669,1.0299,0.2431,0.1138,0.1357,6.0000,6.1135,2.3098,0.9176,0.5478,31.9532,-21.1177,34.3100,-19.6098,33.8987,-19.6208,31.8126,-21.1974,10.1617,-33.7690,2.3568,1.5079,1.9454,1.4969,-0.1406,-0.0796,42,0.0800,42,0,0.9794,0.0177,0.0029,4.6917,7.8983,1.1707,-1.3428,5.8478,0.0000
4.1900,IMM-EKF,jink,0.500,10.00,0.050,1,0.600,1,7.7439,5.0814,-2.6625,1.0426,0.2431,0.1138,0.1356,6.0000,6.1135,2.3086,0.8174,0.5490,31.6300,-21.3349,34.3100,-19.6098,33.8987,-19.6208,31.5522,-21.4508,9.3868,-34.6146,2.6800,1.7251,2.2687,1.7141,-0.0777,-0.1159,42,0.0900,42,0,0.9794,0.0177,0.0029,4.7180,7.9811,1.1889,-1.4129,5.8313,0.0000
4.2000,IMM-EKF,jink,0.500,10.00,0.050,1,0.600,1,7.7002,5.0417,-2.6585,1.0561,0.2431,0.1138,0.1356,6.0000,6.1135,2.3074,0.9486,0.5501,31.2998,-21.5587,34.3100,-19.6098,33.8987,-19.6208,31.2933,-21.7172,8.5835,-35.4895,3.0102,1.9489,2.5988,1.9379,-0.0065,-0.1585,42,0.1000,42,0,0.9794,0.0177,0.0029,4.7429,8.0636,1.2060,-1.4827,5.8139,0.0000
4.2100,IMM-EKF,jink,0.500,10.00,0.050,1,0.600,1,7.6558,5.0009,-2.6549,1.0703,0.2431,0.1138,0.1356,6.0000,6.1135,2.3062,1.3047,0.5513,30.9627,-21.7893,34.3100,-19.6098,33.8987,-19.6208,31.0361,-21.9965,7.7496,-36.3935,3.3474,2.1795,2.9360,2.1685,0.0734,-0.2072,42,0.1100,42,0,0.9794,0.0177,0.0029,4.7664,8.1460,1.2221,-1.5524,5.7957,0.0000
4.2200,IMM-EKF,jink,0.500,10.00,0.050,1,0.600,1,7.6104,4.9589,-2.6515,1.0854,0.2431,0.1138,0.1356,6.0000,6.1135,2.3050,1.8072,0.5525,30.6182,-22.0267,34.3100,-19.6098,33.8987,-19.6208,30.7808,-22.2886,6.8827,-37.3267,3.6918,2.4169,3.2804,2.4058,0.1626,-0.2619,42,0.1200,42,0,0.9794,0.0177,0.0029,4.7884,8.2283,1.2369,-1.6218,5.7766,0.0000
4.2300,IMM-EKF,jink,0.500,10.00,0.050,1,0.600,1,7.5643,4.9158,-2.6485,1.1012,0.2431,0.1138,0.1355,6.0000,6.1135,2.3039,2.4100,0.5537,30.2664,-22.2709,34.3100,-19.6098,33.8987,-19.6208,30.5278,-22.5933,5.9799,-38.2883,4.0436,2.6611,3.6322,2.6501,0.2614,-0.3223,42,0.1300,42,0,0.9794,0.0177,0.0029,4.8090,8.3105,1.2502,-1.6910,5.7568,0.0000
4.2400,IMM-EKF,jink,0.500,10.00,0.050,1,0.600,1,7.5174,4.8714,-2.6459,1.1178,0.2431,0.1138,0.1354,6.0000,6.1135,2.3027,3.0936,0.5549,29.9069,-22.5221,34.3100,-19.6098,33.8987,-19.6208,30.2774,-22.9103,5.0381,-39.2776,4.4031,2.9123,3.9917,2.9013,0.3704,-0.3882,42,0.1400,42,0,0.9794,0.0177,0.0029,4.8282,8.3926,1.2619,-1.7600,5.7361,0.0000
4.2500,IMM-EKF,jink,0.500,10.00,0.050,1,0.600,1,7.4697,4.9816,-2.4880,0.9293,0.2443,0.1139,0.1341,6.0000,6.4665,1.6964,2.3954,0.5562,29.5396,-22.7803,31.2998,-21.5587,31.1261,-21.3242,29.6652,-22.3971,4.8430,-35.5995,1.7603,1.2215,1.5865,1.4561,0.1256,0.3832,43,0.0500,43,0,0.9804,0.0169,0.0027,4.8460,8.4746,1.2717,-1.8287,5.7145,0.0000
4.2600,IMM-EKF,jink,0.500,10.00,0.050,1,0.600,1,7.4212,4.9436,-2.4776,0.9389,0.2443,0.1139,0.1340,6.0000,6.4665,1.6947,2.6893,0.5574,29.1642,-23.0454,31.2998,-21.5587,31.1261,-21.3242,29.3733,-22.6393,3.9719,-36.3679,2.1356,1.4867,1.9619,1.7213,0.2091,0.4061,43,0.0600,43,0,0.9804,0.0169,0.0027,4.8623,8.5566,1.2791,-1.8971,5.6922,0.0000
4.2700,IMM-EKF,jink,0.500,10.00,0.050,1,0.600,1,7.3719,4.9044,-2.4675,0.9492,0.2443,0.1139,0.1339,6.0000,6.4665,1.6930,3.0469,0.5586,28.7805,-23.3176,31.2998,-21.5587,31.1261,-21.3242,29.0835,-22.8912,3.0696,-37.1490,2.5193,1.7588,2.3456,1.9934,0.3029,0.4263,43,0.0700,43,0,0.9804,0.0169,0.0027,4.8771,8.6385,1.2838,-1.9653,5.6690,0.0000
4.2800,IMM-EKF,jink,0.500,10.00,0.050,1,0.600,1,7.3220,4.8639,-2.4581,0.9602,0.2443,0.1139,0.1338,6.0000,6.4665,1.6914,3.4780,0.5598,28.3883,-23.5966,31.2998,-21.5587,31.1261,-21.3242,28.7960,-23.1517,2.1335,-37.9375,2.9116,2.0378,2.7378,2.2724,0.4077,0.4449,43,0.0800,43,0,0.9804,0.0169,0.0027,4.8904,8.7205,1.2849,-2.0332,5.6450,0.0000
4.2900,IMM-EKF,jink,0.500,10.00,0.050,1,0.600,1,7.2712,4.8221,-2.4491,0.9720,0.2443,0.1139,0.1337,6.0000,6.4665,1.6898,3.9917,0.5609,27.9872,-23.8824,31.2998,-21.5587,31.1261,-21.3242,28.5111,-23.4189,1.1610,-38.7250,3.3126,2.3237,3.1388,2.5583,0.5239,0.4635,43,0.0900,43,0,0.9804,0.0169,0.0027,4.9023,8.8025,1.2815,-2.1008,5.6202,0.0000
4.3000,IMM-EKF,jink,0.500,10.00,0.050,1,0.600,1,7.2197,4.7788,-2.4409,0.9846,0.2443,0.1139,0.1336,6.0000,6.4665,1.6881,4.5976,0.5621,27.5771,-24.1748,31.2998,-21.5587,31.1261,-21.3242,28.2293,-23.6898,0.1495,-39.4978,3.7227,2.6160,3.5489,2.8506,0.6522,0.4850,43,0.1000,43,0,0.9804,0.0169,0.0027,4.9125,8.8844,1.2720,-2.1681,5.5946,0.0000
4.3100,IMM-EKF,jink,0.500,10.00,0.050,1,0.600,1,7.1675,4.7340,-2.4334,0.9980,0.2443,0.1139,0.1335,6.0000,6.4665,1.6865,5.3088,0.5633,27.1576,-24.4732,31.2998,-21.5587,31.1261,-21.3242,27.9509,-23.9593,-0.9030,-40.2306,4.1422,2.9144,3.9684,3.1490,0.7933,0.5138,43,0.1100,43,0,0.9804,0.0169,0.0027,4.9211,8.9660,1.2536,-2.2350,5.5682,0.0000
4.3200,IMM-EKF,jink,0.500,10.00,0.050,1,0.600,1,7.1144,4.6874,-2.4270,1.0123,0.2443,0.1139,0.1334,6.0000,6.4665,1.6849,6.1485,0.5645,26.7285,-24.7768,31.2998,-21.5587,31.1261,-21.3242,27.6760,-24.2176,-1.9954,-40.8733,4.5714,3.2180,4.3976,3.4526,0.9475,0.5592,43,0.1200,43,0,0.9804,0.0169,0.0027,4.9277,9.0463,1.2216,-2.3017,5.5410,0.0000
4.3300,IMM-EKF,jink,0.500,10.00,0.050,1,0.600,1,7.0606,4.6387,-2.4218,1.0274,0.2443,0.1139,0.1333,6.0000,6.4665,1.6833,7.1693,0.5657,26.2893,-25.0838,31.2998,-21.5587,31.1261,-21.3242,27.4040,-24.4425,-3.1123,-41.3065,5.0106,3.5251,4.8368,3.7597,1.1147,0.6413,43,0.1300,43,0,0.9804,0.0169,0.0027,4.9313,9.1223,1.1658,-2.3680,5.5129,0.0000
4.3400,IMM-EKF,jink,0.500,10.00,0.050,1,0.600,1,7.0059,4.5883,-2.4176,1.0435,0.2443,0.1139,0.1331,6.0000,6.4665,1.6816,8.5291,0.5670,25.8394,-25.3903,31.2998,-21.5587,31.1261,-21.3242,27.1298,-24.5756,-4.1627,-41.1793,5.4605,3.8315,5.2867,4.0661,1.2904,0.8147,43,0.1400,43,0,0.9804,0.0169,0.0027,4.9275,9.1790,1.0622,-2.4340,5.4841,0.0000
4.3500,IMM-EKF,jink,0.500,10.00,0.050,1,0.600,1,6.9509,4.5817,-2.3692,0.8674,0.2443,0.1139,0.1330,6.0000,6.3633,0.9953,3.0031,0.5683,25.3771,-25.6869,27.5771,-24.1748,27.7567,-24.1968,25.9207,-25.5780,-11.0430,-42.7857,2.2000,1.5122,2.3796,1.4901,0.5435,0.1089,44,0.0500,44,0,0.9803,0.0170,0.0027,4.8946,9.1425,0.8811,-2.4996,5.4545,0.0000
4.3600,IMM-EKF,jink,0.500,10.00,0.050,1,0.600,1,6.8970,4.5491,-2.3479,0.8761,0.2443,0.1139,0.1329,6.0000,6.3633,0.9966,3.6939,0.5697,24.9001,-25.9698,27.5771,-24.1748,27.7567,-24.1968,25.5149,-25.6958,-10.8271,-40.7981,2.6770,1.7950,2.8565,1.7730,0.6148,0.2740,44,0.0600,44,0,0.9803,0.0170,0.0027,4.8218,8.9666,0.7191,-2.5649,5.4241,0.0000
4.3700,IMM-EKF,jink,0.500,10.00,0.050,1,0.600,1,6.8446,4.5224,-2.3223,0.8855,0.2443,0.1139,0.1328,6.0000,6.3633,0.9978,4.5787,0.5710,24.4077,-26.2410,27.5771,-24.1748,27.7567,-24.1968,25.0918,-25.7852,-10.4062,-38.9349,3.1695,2.0662,3.3490,2.0442,0.6841,0.4558,44,0.0700,44,0,0.9803,0.0170,0.0027,4.7423,8.7563,0.6098,-2.6298,5.3930,0.0000
4.3800,IMM-EKF,jink,0.500,10.00,0.050,1,0.600,1,6.7941,4.5006,-2.2935,0.8957,0.2443,0.1139,0.1327,6.0000,6.3633,0.9990,5.6529,0.5724,23.8994,-26.5015,27.5771,-24.1748,27.7567,-24.1968,24.6545,-25.8430,-9.9282,-37.1772,3.6777,2.3267,3.8572,2.3047,0.7551,0.6584,44,0.0800,44,0,0.9803,0.0170,0.0027,4.6617,8.5350,0.5259,-2.6943,5.3610,0.0000
4.3900,IMM-EKF,jink,0.500,10.00,0.050,1,0.600,1,6.7455,4.4835,-2.2620,0.9067,0.2443,0.1139,0.1325,6.0000,6.3633,1.0002,6.9127,0.5736,23.3754,-26.7517,27.5771,-24.1748,27.7567,-24.1968,24.2044,-25.8671,-9.4335,-35.4957,4.2018,2.5769,4.3813,2.5549,0.8290,0.8846,44,0.0900,44,0,0.9803,0.0170,0.0027,4.5816,8.3087,0.4562,-2.7585,5.3283,0.0000
4.4000,IMM-EKF,jink,0.500,10.00,0.050,1,0.600,1,6.6988,4.4709,-2.2279,0.9186,0.2443,0.1139,0.1324,6.0000,6.3633,1.0012,8.3539,0.5748,22.8354,-26.9917,27.5771,-24.1748,27.7567,-24.1968,23.7424,-25.8561,-8.9384,-33.8759,4.7417,2.8169,4.9213,2.7949,0.9070,1.1355,44,0.1000,44,0,0.9803,0.0170,0.0027,4.5027,8.0794,0.3955,-2.8222,5.2948,0.0000
4.4100,IMM-EKF,jink,0.500,10.00,0.050,1,0.600,1,6.6542,4.4628,-2.1913,0.9313,0.2443,0.1139,0.1324,6.0000,6.3633,1.0022,9.9722,0.5760,22.2796,-27.2213,27.5771,-24.1748,27.7567,-24.1968,23.2695,-25.8097,-8.4514,-32.3110,5.2975,3.0465,5.4771,3.0245,0.9899,1.4115,44,0.1100,44,0,0.9803,0.0170,0.0027,4.4251,7.8480,0.3411,-2.8856,5.2606,0.0000
4.4200,IMM-EKF,jink,0.500,10.00,0.050,1,0.600,1,6.6116,4.4592,-2.1524,0.9449,0.2443,0.1139,0.1323,6.0000,6.3633,1.0031,11.7629,0.5771,21.7081,-27.4404,27.5771,-24.1748,27.7567,-24.1968,22.7866,-25.7278,-7.9775,-30.7982,5.8691,3.2656,6.0486,3.2436,1.0786,1.7125,44,0.1200,44,0,0.9803,0.0170,0.0027,4.3491,7.6151,0.2914,-2.9485,5.2256,0.0000
4.4300,IMM-EKF,jink,0.500,10.00,0.050,1,0.600,1,6.5711,4.4602,-2.1109,0.9595,0.2443,0.1139,0.1322,6.0000,6.3633,1.0040,13.7208,0.5781,21.1209,-27.6487,27.5771,-24.1748,27.7567,-24.1968,22.2947,-25.6106,-7.5203,-29.3368,6.4562,3.4739,6.6358,3.4519,1.1738,2.0380,44,0.1300,44,0,0.9803,0.0170,0.0027,4.2748,7.3809,0.2454,-3.0110,5.1898,0.0000
4.4400,IMM-EKF,jink,0.500,10.00,0.050,1,0.600,1,6.5327,4.4656,-2.0671,0.9749,0.2443,0.1139,0.1321,6.0000,6.3633,1.0048,15.8399,0.5791,20.5183,-27.8459,27.5771,-24.1748,27.7567,-24.1968,21.7948,-25.4586,-7.0819,-27.9266,7.0588,3.6711,7.2384,3.6490,1.2765,2.3872,44,0.1400,44,0,0.9803,0.0170,0.0027,4.2023,7.1455,0.2023,-3.0730,5.1533,0.0000
4.4500,IMM-EKF,jink,0.500,10.00,0.050,1,0.600,1,6.4965,4.1237,-2.3728,0.7807,0.2414,0.1132,0.1350,6.0000,5.7459,2.4232,3.9082,0.5800,19.9005,-28.0316,22.8354,-26.9917,23.2379,-26.8043,20.5358,-27.6980,-16.4864,-33.3790,2.9349,1.0399,3.3374,1.2274,0.6353,0.3336,45,0.0500,45,0,0.9779,0.0190,0.0031,4.1316,6.9092,0.1616,-3.1346,5.1161,0.0000
4.4600,IMM-EKF,jink,0.500,10.00,0.050,1,0.600,1,6.4624,4.1133,-2.3490,0.7883,0.2414,0.1132,0.1349,6.0000,5.7459,2.4233,4.5588,0.5808,19.2677,-28.2056,22.8354,-26.9917,23.2379,-26.8043,19.9573,-27.7476,-15.9156,-32.0825,3.5677,1.2139,3.9701,1.4013,0.6896,0.4580,45,0.0600,45,0,0.9779,0.0190,0.0031,4.0629,6.6719,0.1231,-3.1958,5.0781,0.0000
4.4700,IMM-EKF,jink,0.500,10.00,0.050,1,0.600,1,6.4304,4.1074,-2.3231,0.7968,0.2414,0.1132,0.1349,6.0000,5.7459,2.4233,5.3888,0.5816,18.6204,-28.3675,22.8354,-26.9917,23.2379,-26.8043,19.3686,-27.7548,-15.3580,-30.8096,4.2150,1.3758,4.6175,1.5632,0.7482,0.6127,45,0.0700,45,0,0.9779,0.0190,0.0031,3.9962,6.4338,0.0864,-3.2565,5.0394,0.0000
4.4800,IMM-EKF,jink,0.500,10.00,0.050,1,0.600,1,6.4007,4.1059,-2.2949,0.8061,0.2414,0.1132,0.1349,6.0000,5.7459,2.4233,6.4116,0.5823,17.9588,-28.5168,22.8354,-26.9917,23.2379,-26.8043,18.7711,-27.7199,-14.8163,-29.5631,4.8766,1.5252,5.2790,1.7126,0.8123,0.7970,45,0.0800,45,0,0.9779,0.0190,0.0031,3.9315,6.1949,0.0512,-3.3167,4.9999,0.0000
4.4900,IMM-EKF,jink,0.500,10.00,0.050,1,0.600,1,6.3732,4.1087,-2.2646,0.8163,0.2414,0.1132,0.1349,6.0000,5.7459,2.4232,7.6238,0.5830,17.2835,-28.6536,22.8354,-26.9917,23.2379,-26.8043,18.1665,-27.6449,-14.3038,-28.3563,5.5519,1.6619,5.9544,1.8493,0.8830,1.0087,45,0.0900,45,0,0.9779,0.0190,0.0031,3.8696,5.9574,0.0178,-3.3765,4.9598,0.0000
4.5000,IMM-EKF,jink,0.500,10.00,0.050,1,0.600,1,6.3479,4.1157,-2.2322,0.8275,0.2414,0.1132,0.1349,6.0000,5.7459,2.4231,9.0179,0.5836,16.5949,-28.7774,22.8354,-26.9917,23.2379,-26.8043,17.5563,-27.5313,-13.8222,-27.1920,6.2405,1.7857,6.6430,1.9731,0.9614,1.2461,45,0.1000,45,0,0.9779,0.0190,0.0031,3.8105,5.7218,-0.0140,-3.4358,4.9189,0.0000
4.5100,IMM-EKF,jink,0.500,10.00,0.050,1,0.600,1,6.3258,4.1269,-2.1989,0.8396,0.2414,0.1132,0.1358,6.0000,5.7459,2.4176,10.5400,0.5833,15.9042,-28.8833,22.8354,-26.9917,23.2379,-26.8043,16.9434,-27.3792,-13.3651,-26.0649,6.9312,1.8916,7.3336,2.0790,1.0392,1.5041,45,0.1100,45,0,0.9779,0.0190,0.0031,3.7535,5.4884,-0.0452,-3.3765,4.9598,0.0000
4.5200,IMM-EKF,jink,0.500,10.00,0.050,1,0.600,1,6.3068,4.1422,-2.1646,0.8527,0.2414,0.1132,0.1365,6.0000,5.7459,2.4120,12.1854,0.5831,15.2115,-28.9710,22.8354,-26.9917,23.2379,-26.8043,16.3296,-27.1899,-12.9319,-24.9755,7.6239,1.9793,8.0264,2.1667,1.1181,1.7811,45,0.1200,45,0,0.9779,0.0190,0.0031,3.6985,5.2571,-0.0760,-3.3167,4.9999,0.0000
4.5300,IMM-EKF,jink,0.500,10.00,0.050,1,0.600,1,6.2909,4.1616,-2.1293,0.8668,0.2414,0.1132,0.1370,6.0000,5.7459,2.4062,13.9450,0.5830,14.5179,-29.0404,22.8354,-26.9917,23.2379,-26.8043,15.7167,-26.9650,-12.5217,-23.9239,8.3175,2.0487,8.7199,2.2361,1.1987,2.0754,45,0.1300,45,0,0.9779,0.0190,0.0031,3.6455,5.0279,-0.1064,-3.2565,5.0394,0.0000
4.5400,IMM-EKF,jink,0.500,10.00,0.050,1,0.600,1,6.2781,4.1851,-2.0930,0.8819,0.2414,0.1132,0.1373,6.0000,5.7459,2.4004,15.8086,0.5832,13.8247,-29.0914,22.8354,-26.9917,23.2379,-26.8043,15.1065,-26.7061,-12.1338,-22.9100,9.0107,2.0998,9.4131,2.2872,1.2817,2.3853,45,0.1400,45,0,0.9779,0.0190,0.0031,3.5945,4.8010,-0.1363,-3.1958,5.0781,0.0000
4.5500,IMM-EKF,jink,0.500,10.00,0.050,1,0.600,1,6.2683,3.9418,-2.3265,0.6969,0.2401,0.1134,0.1386,6.0000,5.1624,0.9615,0.7061,0.5835,13.1331,-29.1241,16.5949,-28.7774,16.7819,-28.7512,13.2661,-29.1449,-20.3147,-28.1317,3.4618,0.3468,3.6488,0.3730,0.1330,-0.0208,46,0.0500,46,0,0.9747,0.0219,0.0034,3.5454,4.5761,-0.1659,-3.1346,5.1161,0.0000
4.5600,IMM-EKF,jink,0.500,10.00,0.050,1,0.600,1,6.2614,3.9503,-2.3111,0.7039,0.2401,0.1134,0.1385,6.0000,5.1624,0.9549,0.6367,0.5840,12.4442,-29.1386,16.5949,-28.7774,16.7819,-28.7512,12.5542,-29.0927,-19.8822,-27.2078,4.1507,0.3612,4.3377,0.3874,0.1099,0.0459,46,0.0600,46,0,0.9747,0.0219,0.0034,3.4982,4.3534,-0.1951,-3.0730,5.1533,0.0000
4.5700,IMM-EKF,jink,0.500,10.00,0.050,1,0.600,1,6.2575,3.9629,-2.2946,0.7117,0.2401,0.1134,0.1381,6.0000,5.1624,0.9483,0.9269,0.5848,11.7593,-29.1350,16.5949,-28.7774,16.7819,-28.7512,11.8447,-28.9992,-19.4628,-26.3043,4.8356,0.3576,5.0226,0.3838,0.0854,0.1358,46,0.0700,46,0,0.9747,0.0219,0.0034,3.4528,4.1328,-0.2240,-3.0110,5.1898,0.0000
4.5800,IMM-EKF,jink,0.500,10.00,0.050,1,0.600,1,6.2565,3.9794,-2.2771,0.7205,0.2401,0.1134,0.1375,6.0000,5.1624,0.9418,1.5163,0.5857,11.0794,-29.1135,16.5949,-28.7774,16.7819,-28.7512,11.1401,-28.8656,-19.0566,-25.4220,5.5155,0.3361,5.7025,0.3623,0.0606,0.2479,46,0.0800,46,0,0.9747,0.0219,0.0034,3.4091,3.9144,-0.2526,-2.9485,5.2256,0.0000
4.5900,IMM-EKF,jink,0.500,10.00,0.050,1,0.600,1,6.2584,3.9999,-2.2585,0.7303,0.2401,0.1134,0.1367,6.0000,5.1624,0.9353,2.2867,0.5868,10.4058,-29.0744,16.5949,-28.7774,16.7819,-28.7512,10.4423,-28.6935,-18.6640,-24.5614,6.1891,0.2970,6.3761,0.3232,0.0365,0.3809,46,0.0900,46,0,0.9747,0.0219,0.0034,3.3671,3.6981,-0.2810,-2.8856,5.2606,0.0000
4.6000,IMM-EKF,jink,0.500,10.00,0.050,1,0.600,1,6.2631,4.0243,-2.2388,0.7411,0.2401,0.1134,0.1357,6.0000,5.1624,0.9290,3.1927,0.5880,9.7394,-29.0179,16.5949,-28.7774,16.7819,-28.7512,9.7535,-28.4844,-18.2849,-23.7230,6.8555,0.2405,7.0425,0.2667,0.0141,0.5335,46,0.1000,46,0,0.9747,0.0219,0.0034,3.3268,3.4839,-0.3091,-2.8222,5.2948,0.0000
4.6100,IMM-EKF,jink,0.500,10.00,0.050,1,0.600,1,6.2705,4.0525,-2.2180,0.7530,0.2401,0.1134,0.1344,6.0000,5.1624,0.9227,4.2137,0.5894,9.0814,-28.9446,16.5949,-28.7774,16.7819,-28.7512,9.0755,-28.2403,-17.9194,-22.9068,7.5135,0.1672,7.7005,0.1934,-0.0059,0.7043,46,0.1100,46,0,0.9747,0.0219,0.0034,3.2881,3.2719,-0.3371,-2.7585,5.3283,0.0000
4.6200,IMM-EKF,jink,0.500,10.00,0.050,1,0.600,1,6.2807,4.0845,-2.1962,0.7660,0.2401,0.1134,0.1331,6.0000,5.1624,0.9180,5.3360,0.5909,8.4324,-28.8547,16.5949,-28.7774,16.7819,-28.7512,8.4100,-27.9630,-17.5673,-22.1128,8.1625,0.0773,8.3495,0.1035,-0.0224,0.8917,46,0.1200,46,0,0.9747,0.0219,0.0034,3.2510,3.0619,-0.3649,-2.6943,5.3610,0.0000
4.6300,IMM-EKF,jink,0.500,10.00,0.050,1,0.600,1,6.2936,4.1203,-2.1733,0.7800,0.2401,0.1134,0.1320,6.0000,5.1624,0.9253,6.5481,0.5915,7.7913,-28.7488,16.5949,-28.7774,16.7819,-28.7512,7.7585,-27.6547,-17.2284,-21.3410,8.8036,-0.0286,8.9906,-0.0024,-0.0328,1.0940,46,0.1300,46,0,0.9747,0.0219,0.0034,3.2153,2.8541,-0.3926,-2.6298,5.3930,0.0000
4.6400,IMM-EKF,jink,0.500,10.00,0.050,1,0.600,1,6.3092,4.1598,-2.1493,0.7952,0.2401,0.1134,0.1307,6.0000,5.1624,0.9329,7.8405,0.5916,7.1613,-28.6274,16.5949,-28.7774,16.7819,-28.7512,7.1223,-27.3175,-16.9025,-20.5908,9.4336,-0.1500,9.6206,-0.1238,-0.0390,1.3099,46,0.1400,46,0,0.9747,0.0219,0.0034,3.1811,2.6484,-0.4203,-2.5649,5.4241,0.0000
4.6500,IMM-EKF,jink,0.500,10.00,0.050,1,0.600,1,6.3273,4.0549,-2.2724,0.6635,0.2417,0.1144,0.1280,6.0000,4.7166,2.3170,2.6569,0.5925,6.5454,-28.4909,9.7394,-29.0179,10.1578,-29.1446,6.9587,-28.7471,-16.7213,-23.4925,3.1941,-0.5270,3.6124,-0.6537,0.4133,-0.2561,47,0.0500,47,0,0.9803,0.0172,0.0024,3.1483,2.4447,-0.4480,-2.4996,5.4545,0.0000
4.6600,IMM-EKF,jink,0.500,10.00,0.050,1,0.600,1,6.3481,4.0817,-2.2664,0.6709,0.2417,0.1144,0.1268,6.0000,4.7166,2.3120,2.5024,0.5934,5.9425,-28.3400,9.7394,-29.0179,10.1578,-29.1446,6.3456,-28.5622,-16.4811,-22.7987,3.7970,-0.6779,4.2153,-0.8046,0.4031,-0.2221,47,0.0600,47,0,0.9803,0.0172,0.0024,3.1168,2.2432,-0.4758,-2.4340,5.4841,0.0000
4.6700,IMM-EKF,jink,0.500,10.00,0.050,1,0.600,1,6.3713,4.1119,-2.2594,0.6791,0.2417,0.1144,0.1255,6.0000,4.7166,2.3073,2.3001,0.5945,5.3528,-28.1752,9.7394,-29.0179,10.1578,-29.1446,5.7450,-28.3440,-16.2458,-22.1174,4.3866,-0.8428,4.8049,-0.9695,0.3922,-0.1688,47,0.0700,47,0,0.9803,0.0172,0.0024,3.0866,2.0438,-0.5038,-2.3680,5.5129,0.0000
4.6800,IMM-EKF,jink,0.500,10.00,0.050,1,0.600,1,6.3971,4.1458,-2.2513,0.6884,0.2417,0.1144,0.1240,6.0000,4.7166,2.3028,2.0947,0.5956,4.7771,-27.9970,9.7394,-29.0179,10.1578,-29.1446,5.1582,-28.0943,-16.0157,-21.4481,4.9624,-1.0209,5.3807,-1.1476,0.3811,-0.0973,47,0.0800,47,0,0.9803,0.0172,0.0024,3.0577,1.8465,-0.5321,-2.3017,5.5410,0.0000
4.6900,IMM-EKF,jink,0.500,10.00,0.050,1,0.600,1,6.4253,4.1830,-2.2423,0.6986,0.2417,0.1144,0.1223,6.0000,4.7166,2.2986,1.9613,0.5967,4.2157,-27.8061,9.7394,-29.0179,10.1578,-29.1446,4.5862,-27.8146,-15.7911,-20.7903,5.5238,-1.2119,5.9421,-1.3386,0.3705,-0.0086,47,0.0900,47,0,0.9803,0.0172,0.0024,3.0299,1.6513,-0.5609,-2.2350,5.5682,0.0000
4.7000,IMM-EKF,jink,0.500,10.00,0.050,1,0.600,1,6.4559,4.2237,-2.2322,0.7099,0.2417,0.1144,0.1205,6.0000,4.7166,2.2946,1.9996,0.5978,3.6691,-27.6029,9.7394,-29.0179,10.1578,-29.1446,4.0300,-27.5064,-15.5720,-20.1425,6.0703,-1.4150,6.4887,-1.5417,0.3609,0.0965,47,0.1000,47,0,0.9803,0.0172,0.0024,3.0032,1.4583,-0.5906,-2.1681,5.5946,0.0000
4.7100,IMM-EKF,jink,0.500,10.00,0.050,1,0.600,1,6.4889,4.2677,-2.2212,0.7223,0.2417,0.1144,0.1186,6.0000,4.7166,2.2908,2.2821,0.5989,3.1378,-27.3882,9.7394,-29.0179,10.1578,-29.1446,3.4905,-27.1709,-15.3588,-19.5025,6.6017,-1.6297,7.0200,-1.7564,0.3528,0.2173,47,0.1100,47,0,0.9803,0.0172,0.0024,2.9777,1.2676,-0.6217,-2.1008,5.6202,0.0000
4.7200,IMM-EKF,jink,0.500,10.00,0.050,1,0.600,1,6.5242,4.3149,-2.2093,0.7358,0.2417,0.1144,0.1165,6.0000,4.7166,2.2873,2.8083,0.6000,2.6220,-27.1624,9.7394,-29.0179,10.1578,-29.1446,2.9683,-26.8086,-15.1517,-18.8659,7.1175,-1.8556,7.5358,-1.9823,0.3463,0.3537,47,0.1200,47,0,0.9803,0.0172,0.0024,2.9531,1.0794,-0.6548,-2.0332,5.6450,0.0000
4.7300,IMM-EKF,jink,0.500,10.00,0.050,1,0.600,1,6.5617,4.3650,-2.1966,0.7504,0.2417,0.1144,0.1142,6.0000,4.7166,2.2841,3.5421,0.6009,2.1220,-26.9258,9.7394,-29.0179,10.1578,-29.1446,2.4639,-26.4186,-14.9512,-18.2237,7.6174,-2.0921,8.0357,-2.2188,0.3419,0.5072,47,0.1300,47,0,0.9803,0.0172,0.0024,2.9295,0.8941,-0.6921,-1.9653,5.6690,0.0000
4.7400,IMM-EKF,jink,0.500,10.00,0.050,1,0.600,1,6.6013,4.4175,-2.1838,0.7662,0.2417,0.1144,0.1119,6.0000,4.7166,2.2811,4.4798,0.6018,1.6381,-26.6785,9.7394,-29.0179,10.1578,-29.1446,1.9779,-25.9945,-14.7595,-17.5498,8.1014,-2.3394,8.5197,-2.4661,0.3398,0.6841,47,0.1400,47,0,0.9803,0.0172,0.0024,2.9067,0.7134,-0.7386,-1.8971,5.6922,0.0000
4.7500,IMM-EKF,jink,0.500,10.00,0.050,1,0.600,1,6.6427,4.4808,-2.1619,0.6775,0.2412,0.1134,0.1100,6.0000,5.0026,2.0819,1.7636,0.6026,1.1704,-26.4189,3.6691,-27.6029,4.0233,-27.4464,1.3944,-26.2030,-14.4827,-17.1528,2.4987,-1.1841,2.8528,-1.0275,0.2240,0.2159,48,0.0500,48,0,0.9839,0.0140,0.0021,2.8841,0.5524,-0.8244,-1.8287,5.7145,0.0000
4.7600,IMM-EKF,jink,0.500,10.00,0.050,1,0.600,1,6.6831,4.5092,-2.1739,0.6867,0.2412,0.1134,0.1074,6.0000,5.0026,2.0791,1.5284,0.6034,0.7209,-26.1638,3.6691,-27.6029,4.0233,-27.4464,0.9340,-25.9946,-14.7148,-17.1085,2.9482,-1.4391,3.3024,-1.2826,0.2131,0.1692,48,0.0600,48,0,0.9839,0.0140,0.0021,2.8473,0.7215,-0.8593,-1.7600,5.7361,0.0000
4.7700,IMM-EKF,jink,0.500,10.00,0.050,1,0.600,1,6.7227,4.5360,-2.1867,0.6967,0.2412,0.1134,0.1048,6.0000,5.0026,2.0765,1.1898,0.6042,0.2888,-25.9173,3.6691,-27.6029,4.0233,-27.4464,0.4922,-25.8395,-14.9538,-17.3095,3.3803,-1.6856,3.7345,-1.5291,0.2034,0.0778,48,0.0700,48,0,0.9839,0.0140,0.0021,2.8101,0.8939,-0.8438,-1.6910,5.7568,0.0000
4.7800,IMM-EKF,jink,0.500,10.00,0.050,1,0.600,1,6.7615,4.5606,-2.2009,0.7077,0.2412,0.1134,0.1020,6.0000,5.0026,2.0742,1.0662,0.6050,-0.1265,-25.6800,3.6691,-27.6029,4.0233,-27.4464,0.0674,-25.7154,-15.1942,-17.5713,3.7956,-1.9230,4.1497,-1.7664,0.1938,-0.0354,48,0.0800,48,0,0.9839,0.0140,0.0021,2.7727,1.0639,-0.8180,-1.6218,5.7766,0.0000
4.7900,IMM-EKF,jink,0.500,10.00,0.050,1,0.600,1,6.7994,4.5828,-2.2166,0.7195,0.2412,0.1134,0.0992,6.0000,5.0026,2.0720,1.4074,0.6057,-0.5255,-25.4519,3.6691,-27.6029,4.0233,-27.4464,-0.3417,-25.6188,-15.4364,-17.8674,4.1946,-2.1510,4.5487,-1.9945,0.1838,-0.1669,48,0.0900,48,0,0.9839,0.0140,0.0021,2.7351,1.2317,-0.7880,-1.5524,5.7957,0.0000
4.8000,IMM-EKF,jink,0.500,10.00,0.050,1,0.600,1,6.8366,4.6028,-2.2338,0.7324,0.2412,0.1134,0.0963,6.0000,5.0026,2.0701,2.1023,0.6063,-0.9089,-25.2331,3.6691,-27.6029,4.0233,-27.4464,-0.7362,-25.5480,-15.6811,-18.1894,4.5780,-2.3698,4.9321,-2.2133,0.1727,-0.3149,48,0.1000,48,0,0.9839,0.0140,0.0021,2.6974,1.3974,-0.7560,-1.4827,5.8139,0.0000
4.8100,IMM-EKF,jink,0.500,10.00,0.050,1,0.600,1,6.8728,4.6205,-2.2523,0.7463,0.2412,0.1134,0.0934,6.0000,5.0026,2.0697,2.9911,0.6066,-1.2774,-25.0235,3.6691,-27.6029,4.0233,-27.4464,-1.1171,-25.5020,-15.9287,-18.5337,4.9465,-2.5795,5.3007,-2.4229,0.1603,-0.4785,48,0.1100,48,0,0.9839,0.0140,0.0021,2.6597,1.5613,-0.7228,-1.4129,5.8313,0.0000
4.8200,IMM-EKF,jink,0.500,10.00,0.050,1,0.600,1,6.9082,4.6358,-2.2723,0.7612,0.2412,0.1134,0.0907,6.0000,5.0026,2.0766,4.0107,0.6058,-1.6329,-24.8229,3.6691,-27.6029,4.0233,-27.4464,-1.4855,-25.4799,-16.1796,-18.8985,5.3020,-2.7800,5.6561,-2.6234,0.1473,-0.6570,48,0.1200,48,0,0.9839,0.0140,0.0021,2.6218,1.7234,-0.6891,-1.3428,5.8478,0.0000
4.8300,IMM-EKF,jink,0.500,10.00,0.050,1,0.600,1,6.9426,4.6489,-2.2937,0.7773,0.2412,0.1134,0.0880,6.0000,5.0026,2.0835,5.1338,0.6047,-1.9742,-24.6313,3.6691,-27.6029,4.0233,-27.4464,-1.8423,-25.4811,-16.4344,-19.2830,5.6433,-2.9716,5.9974,-2.8150,0.1319,-0.8498,48,0.1300,48,0,0.9839,0.0140,0.0021,2.5840,1.8837,-0.6551,-1.2725,5.8635,0.0000
4.8400,IMM-EKF,jink,0.500,10.00,0.050,1,0.600,1,6.9762,4.6597,-2.3164,0.7944,0.2412,0.1134,0.0855,6.0000,5.0026,2.0839,6.3496,0.6046,-2.3005,-24.4485,3.6691,-27.6029,4.0233,-27.4464,-2.1883,-25.5049,-16.6937,-19.6870,5.9696,-3.1545,6.3238,-2.9979,0.1122,-1.0564,48,0.1400,48,0,0.9839,0.0140,0.0021,2.5461,2.0423,-0.6210,-1.2021,5.8784,0.0000
4.8500,IMM-EKF,jink,0.500,10.00,0.050,1,0.600,1,7.0088,4.8021,-2.2066,0.7310,0.2395,0.1116,0.0847,6.0000,5.3594,1.2495,1.2128,0.6047,-2.6132,-24.2742,-0.9089,-25.2331,-0.6815,-25.2141,-2.6263,-24.4766,-16.0637,-18.3538,1.7043,-0.9589,1.9317,-0.9400,-0.0131,-0.2024,49,0.0500,49,0,0.9831,0.0146,0.0023,2.5082,2.1993,-0.5871,-1.1314,5.8924,0.0000
4.8600,IMM-EKF,jink,0.500,10.00,0.050,1,0.600,1,7.0404,4.8243,-2.2161,0.7419,0.2395,0.1116,0.0821,6.0000,5.3594,1.2478,1.7585,0.6048,-2.9131,-24.1083,-0.9089,-25.2331,-0.6815,-25.2141,-2.9752,-24.3968,-16.2895,-18.6665,2.0043,-1.1248,2.2316,-1.1058,-0.0621,-0.2885,49,0.0600,49,0,0.9831,0.0146,0.0023,2.4704,2.3547,-0.5532,-1.0607,5.9055,0.0000
4.8700,IMM-EKF,jink,0.500,10.00,0.050,1,0.600,1,7.0710,4.8441,-2.2269,0.7535,0.2395,0.1116,0.0795,6.0000,5.3594,1.2463,2.4012,0.6048,-3.2007,-23.9507,-0.9089,-25.2331,-0.6815,-25.2141,-3.3130,-24.3388,-16.5184,-18.9942,2.2918,-1.2824,2.5192,-1.2634,-0.1123,-0.3881,49,0.0700,49,0,0.9831,0.0146,0.0023,2.4326,2.5085,-0.5197,-0.9897,5.9178,0.0000
4.8800,IMM-EKF,jink,0.500,10.00,0.050,1,0.600,1,7.1006,4.8616,-2.2390,0.7659,0.2395,0.1116,0.0768,6.0000,5.3594,1.2449,3.1275,0.6049,-3.4763,-23.8012,-0.9089,-25.2331,-0.6815,-25.2141,-3.6405,-24.3021,-16.7510,-19.3373,2.5674,-1.4319,2.7948,-1.4129,-0.1642,-0.5008,49,0.0800,49,0,0.9831,0.0146,0.0023,2.3950,2.6607,-0.4864,-0.9186,5.9293,0.0000
4.8900,IMM-EKF,jink,0.500,10.00,0.050,1,0.600,1,7.1292,4.8767,-2.2524,0.7792,0.2395,0.1116,0.0741,6.0000,5.3594,1.2436,3.9318,0.6050,-3.7402,-23.6597,-0.9089,-25.2331,-0.6815,-25.2141,-3.9584,-24.2859,-16.9877,-19.6958,2.8314,-1.5734,3.0587,-1.5545,-0.2182,-0.6263,49,0.0900,49,0,0.9831,0.0146,0.0023,2.3574,2.8113,-0.4535,-0.8474,5.9399,0.0000
4.9000,IMM-EKF,jink,0.500,10.00,0.050,1,0.600,1,7.1567,4.8897,-2.2670,0.7933,0.2395,0.1116,0.0713,6.0000,5.3594,1.2424,4.8112,0.6051,-3.9929,-23.5259,-0.9089,-25.2331,-0.6815,-25.2141,-4.2677,-24.2899,-17.2288,-20.0701,3.0840,-1.7072,3.3114,-1.6883,-0.2748,-0.7640,49,0.1000,49,0,0.9831,0.0146,0.0023,2.3200,2.9605,-0.4209,-0.7761,5.9496,0.0000
4.9100,IMM-EKF,jink,0.500,10.00,0.050,1,0.600,1,7.1832,4.9003,-2.2828,0.8084,0.2395,0.1116,0.0685,6.0000,5.3594,1.2413,5.7640,0.6052,-4.2346,-23.3997,-0.9089,-25.2331,-0.6815,-25.2141,-4.5688,-24.3134,-17.4750,-20.4605,3.3257,-1.8334,3.5531,-1.8144,-0.3342,-0.9137,49,0.1100,49,0,0.9831,0.0146,0.0023,2.2827,3.1081,-0.3887,-0.7046,5.9585,0.0000
4.9200,IMM-EKF,jink,0.500,10.00,0.050,1,0.600,1,7.2086,4.9088,-2.2998,0.8245,0.2395,0.1116,0.0656,6.0000,5.3594,1.2404,6.7892,0.6053,-4.4656,-23.2811,-0.9089,-25.2331,-0.6815,-25.2141,-4.8625,-24.3562,-17.7266,-20.8673,3.5567,-1.9521,3.7841,-1.9331,-0.3969,-1.0751,49,0.1200,49,0,0.9831,0.0146,0.0023,2.2457,3.2543,-0.3570,-0.6331,5.9665,0.0000
4.9300,IMM-EKF,jink,0.500,10.00,0.050,1,0.600,1,7.2329,4.9151,-2.3178,0.8414,0.2395,0.1116,0.0641,6.0000,5.3594,1.2728,7.8754,0.6016,-4.6923,-23.1697,-0.9089,-25.2331,-0.6815,-25.2141,-5.1494,-24.4178,-17.9842,-21.2909,3.7835,-2.0634,4.0108,-2.0444,-0.4571,-1.2481,49,0.1300,49,0,0.9831,0.0146,0.0023,2.2088,3.3990,-0.3257,-0.5614,5.9737,0.0000
4.9400,IMM-EKF,jink,0.500,10.00,0.050,1,0.600,1,7.2561,4.9192,-2.3369,0.8594,0.2395,0.1116,0.0641,6.0000,5.3594,1.3418,9.0208,0.5991,-4.9156,-23.0657,-0.9089,-25.2331,-0.6815,-25.2141,-5.4301,-24.4980,-18.2484,-21.7318,4.0067,-2.1674,4.2341,-2.1484,-0.5145,-1.4323,49,0.1400,49,0,0.9831,0.0146,0.0023,2.1721,3.5423,-0.2949,-0.4897,5.9800,0.0000
4.9500,IMM-EKF,jink,0.500,10.00,0.050,1,0.600,1,7.2782,5.2297,-2.0486,0.7977,0.2384,0.1100,0.0653,6.0000,6.2328,1.6580,1.4231,0.6026,-5.1283,-22.9690,-3.9929,-23.5259,-3.7485,-23.6425,-5.1058,-23.2060,-14.9731,-19.0422,1.1355,-0.5569,1.3799,-0.6735,0.0226,-0.2370,50,0.0500,50,0,0.9787,0.0182,0.0031,2.1357,3.6842,-0.2645,-0.4179,5.9854,0.0000
4.9600,IMM-EKF,jink,0.500,10.00,0.050,1,0.600,1,7.2992,5.2484,-2.0508,0.8099,0.2384,0.1100,0.0681,6.0000,6.2328,1.6555,1.7071,0.6004,-5.3193,-22.8792,-3.9929,-23.5259,-3.7485,-23.6425,-5.3439,-23.1637,-15.1320,-19.3405,1.3264,-0.6467,1.5708,-0.7633,-0.0246,-0.2845,50,0.0600,50,0,0.9787,0.0182,0.0031,2.0996,3.8247,-0.2346,-0.3461,5.9900,0.0000
4.9700,IMM-EKF,jink,0.500,10.00,0.050,1,0.600,1,7.3190,5.2649,-2.0542,0.8227,0.2384,0.1100,0.0708,6.0000,6.2328,1.6531,2.0896,0.5983,-5.5008,-22.7963,-3.9929,-23.5259,-3.7485,-23.6425,-5.5750,-23.1388,-15.2935,-19.6512,1.5079,-0.7296,1.7523,-0.8462,-0.0743,-0.3426,50,0.0700,50,0,0.9787,0.0182,0.0031,2.0637,3.9637,-0.2051,-0.2742,5.9937,0.0000
4.9800,IMM-EKF,jink,0.500,10.00,0.050,1,0.600,1,7.3377,5.2791,-2.0586,0.8363,0.2384,0.1100,0.0733,6.0000,6.2328,1.6507,2.5550,0.5963,-5.6732,-22.7200,-3.9929,-23.5259,-3.7485,-23.6425,-5.7997,-23.1309,-15.4577,-19.9748,1.6803,-0.8059,1.9247,-0.9225,-0.1265,-0.4109,50,0.0800,50,0,0.9787,0.0182,0.0031,2.0281,4.1014,-0.1761,-0.2022,5.9966,0.0000
4.9900,IMM-EKF,jink,0.500,10.00,0.050,1,0.600,1,7.3552,5.2912,-2.0641,0.8507,0.2384,0.1100,0.0758,6.0000,6.2328,1.6483,3.0927,0.5944,-5.8366,-22.6504,-3.9929,-23.5259,-3.7485,-23.6425,-6.0183,-23.1395,-15.6252,-20.3113,1.8437,-0.8755,2.0882,-0.9922,-0.1817,-0.4891,50,0.0900,50,0,0.9787,0.0182,0.0031,1.9928,4.2378,-0.1477,-0.1302,5.9986,0.0000
5.0000,IMM-EKF,jink,0.500,10.00,0.050,1,0.600,1,7.3716,5.3011,-2.0705,0.8659,0.2384,0.1100,0.0782,6.0000,6.2328,1.6459,3.6968,0.5926,-5.9913,-22.5872,-3.9929,-23.5259,-3.7485,-23.6425,-6.2315,-23.1642,-15.7961,-20.6612,1.9985,-0.9387,2.2429,-1.0553,-0.2401,-0.5770,50,0.1000,50,0,0.9787,0.0182,0.0031,1.9579,4.3728,-0.1197,-0.0583,5.9997,0.0000
5.0100,IMM-EKF,jink,0.500,10.00,0.050,1,0.600,1,7.3868,5.3088,-2.0780,0.8819,0.2384,0.1100,0.0805,6.0000,6.2328,1.6436,4.3634,0.5908,-6.1375,-22.5304,-3.9929,-23.5259,-3.7485,-23.6425,-6.4395,-23.2046,-15.9709,-21.0247,2.1446,-0.9955,2.3891,-1.1121,-0.3020,-0.6742,50,0.1100,50,0,0.9787,0.0182,0.0031,1.9233,4.5065,-0.0922,0.0137,6.0000,0.0000
5.0200,IMM-EKF,jink,0.500,10.00,0.050,1,0.600,1,7.4009,5.3145,-2.0864,0.8988,0.2384,0.1100,0.0828,6.0000,6.2328,1.6412,5.0905,0.5891,-6.2753,-22.4799,-3.9929,-23.5259,-3.7485,-23.6425,-6.6430,-23.2605,-16.1499,-21.4021,2.2825,-1.0460,2.5269,-1.1626,-0.3676,-0.7806,50,0.1200,50,0,0.9787,0.0182,0.0031,1.8890,4.6389,-0.0652,0.0857,5.9994,0.0000
5.0300,IMM-EKF,jink,0.500,10.00,0.050,1,0.600,1,7.4137,5.3181,-2.0957,0.9166,0.2384,0.1100,0.0849,6.0000,6.2328,1.6389,5.8766,0.5875,-6.4050,-22.4356,-3.9929,-23.5259,-3.7485,-23.6425,-6.8422,-23.3315,-16.3337,-21.7938,2.4121,-1.0903,2.6565,-1.2069,-0.4372,-0.8959,50,0.1300,50,0,0.9787,0.0182,0.0031,1.8552,4.7700,-0.0386,0.1577,5.9979,0.0000
5.0400,IMM-EKF,jink,0.500,10.00,0.050,1,0.600,1,7.4254,5.3196,-2.1058,0.9353,0.2384,0.1100,0.0869,6.0000,6.2328,1.6367,6.7209,0.5860,-6.5266,-22.3974,-3.9929,-23.5259,-3.7485,-23.6425,-7.0376,-23.4174,-16.5227,-22.2001,2.5337,-1.1284,2.7781,-1.2451,-0.5111,-1.0200,50,0.1400,50,0,0.9787,0.0182,0.0031,1.8217,4.8999,-0.0126,0.2297,5.9956,0.0000
5.0500,IMM-EKF,jink,0.500,10.00,0.050,1,0.600,1,7.4358,5.4507,-1.9852,0.8767,0.2371,0.1087,0.0903,6.0000,6.6537,0.6392,1.3327,0.5846,-6.6403,-22.3653,-5.9913,-22.5872,-5.9089,-22.6649,-6.8736,-22.4210,-14.6408,-19.8258,0.6489,-0.2219,0.7314,-0.2996,-0.2333,-0.0557,51,0.0500,51,0,0.9792,0.0179,0.0028,1.7886,5.0285,0.0129,0.3016,5.9924,0.0000
5.0600,IMM-EKF,jink,0.500,10.00,0.050,1,0.600,1,7.4451,5.4616,-1.9835,0.8901,0.2371,0.1087,0.0922,6.0000,6.6537,0.6385,1.7112,0.5834,-6.7466,-22.3392,-5.9913,-22.5872,-5.9089,-22.6649,-7.0462,-22.4105,-14.7751,-20.1228,0.7553,-0.2480,0.8378,-0.3257,-0.2996,-0.0713,51,0.0600,51,0,0.9792,0.0179,0.0028,1.7560,5.1558,0.0379,0.3735,5.9884,0.0000
5.0700,IMM-EKF,jink,0.500,10.00,0.050,1,0.600,1,7.4532,5.4705,-1.9827,0.9040,0.2371,0.1087,0.0943,6.0000,6.6537,0.6412,2.1164,0.5830,-6.8463,-22.3189,-5.9913,-22.5872,-5.9089,-22.6649,-7.2146,-22.4144,-14.9126,-20.4318,0.8549,-0.2683,0.9374,-0.3460,-0.3684,-0.0955,51,0.0700,51,0,0.9792,0.0179,0.0028,1.7238,5.2819,0.0624,0.4453,5.9835,0.0000
5.0800,IMM-EKF,jink,0.500,10.00,0.050,1,0.600,1,7.4601,5.4772,-1.9828,0.9187,0.2371,0.1087,0.0963,6.0000,6.6537,0.6438,2.5557,0.5824,-6.9384,-22.3045,-5.9913,-22.5872,-5.9089,-22.6649,-7.3792,-22.4323,-15.0538,-20.7529,0.9471,-0.2827,1.0295,-0.3604,-0.4408,-0.1278,51,0.0800,51,0,0.9792,0.0179,0.0028,1.6921,5.4068,0.0864,0.5171,5.9777,0.0000
5.0900,IMM-EKF,jink,0.500,10.00,0.050,1,0.600,1,7.4657,5.4819,-1.9838,0.9340,0.2371,0.1087,0.0984,6.0000,6.6537,0.6451,3.0341,0.5817,-7.0229,-22.2959,-5.9913,-22.5872,-5.9089,-22.6649,-7.5403,-22.4641,-15.1990,-21.0864,1.0315,-0.2913,1.1140,-0.3690,-0.5175,-0.1681,51,0.0900,51,0,0.9792,0.0179,0.0028,1.6608,5.5305,0.1099,0.5888,5.9710,0.0000
5.1000,IMM-EKF,jink,0.500,10.00,0.050,1,0.600,1,7.4702,5.4846,-1.9856,0.9501,0.2371,0.1087,0.1005,6.0000,6.6537,0.6431,3.5572,0.5804,-7.0992,-22.2930,-5.9913,-22.5872,-5.9089,-22.6649,-7.6984,-22.5092,-15.3485,-21.4326,1.1079,-0.2942,1.1904,-0.3719,-0.5991,-0.2162,51,0.1000,51,0,0.9792,0.0179,0.0028,1.6300,5.6530,0.1329,0.6604,5.9635,0.0000
5.1100,IMM-EKF,jink,0.500,10.00,0.050,1,0.600,1,7.4734,5.4853,-1.9881,0.9669,0.2371,0.1087,0.1025,6.0000,6.6537,0.6412,4.1229,0.5792,-7.1685,-22.2958,-5.9913,-22.5872,-5.9089,-22.6649,-7.8536,-22.5676,-15.5029,-21.7918,1.1771,-0.2914,1.2596,-0.3691,-0.6851,-0.2718,51,0.1100,51,0,0.9792,0.0179,0.0028,1.5997,5.7744,0.1553,0.7319,5.9552,0.0000
5.1200,IMM-EKF,jink,0.500,10.00,0.050,1,0.600,1,7.4755,5.4840,-1.9915,0.9845,0.2371,0.1087,0.1045,6.0000,6.6537,0.6393,4.7333,0.5780,-7.2307,-22.3042,-5.9913,-22.5872,-5.9089,-22.6649,-8.0065,-22.6390,-15.6625,-22.1642,1.2393,-0.2829,1.3218,-0.3607,-0.7758,-0.3347,51,0.1200,51,0,0.9792,0.0179,0.0028,1.5699,5.8946,0.1772,0.8033,5.9460,0.0000
5.1300,IMM-EKF,jink,0.500,10.00,0.050,1,0.600,1,7.4763,5.4807,-1.9955,1.0029,0.2371,0.1087,0.1064,6.0000,6.6537,0.6374,5.3901,0.5770,-7.2859,-22.3183,-5.9913,-22.5872,-5.9089,-22.6649,-8.1573,-22.7231,-15.8279,-22.5501,1.2946,-0.2689,1.3771,-0.3466,-0.8713,-0.4048,51,0.1300,51,0,0.9792,0.0179,0.0028,1.5406,6.0136,0.1987,0.8746,5.9359,0.0000
5.1400,IMM-EKF,jink,0.500,10.00,0.050,1,0.600,1,7.4759,5.4756,-2.0003,1.0222,0.2371,0.1087,0.1083,6.0000,6.6537,0.6356,6.0947,0.5760,-7.3343,-22.3378,-5.9913,-22.5872,-5.9089,-22.6649,-8.3063,-22.8198,-15.9996,-22.9499,1.3430,-0.2493,1.4255,-0.3271,-0.9720,-0.4820,51,0.1400,51,0,0.9792,0.0179,0.0028,1.5119,6.1315,0.2195,0.9458,5.9250,0.0000
5.1500,IMM-EKF,jink,0.500,10.00,0.050,1,0.600,1,7.4743,5.3769,-2.0974,0.9469,0.2373,0.1078,0.1098,6.0000,6.5486,0.9070,0.3969,0.5750,-7.3760,-22.3629,-7.0992,-22.2930,-6.9348,-22.3111,-7.4311,-22.3204,-11.9065,-22.1919,0.2767,0.0699,0.4411,0.0518,-0.0551,0.0425,52,0.0500,52,0,0.9777,0.0191,0.0032,1.4837,6.2483,0.2399,1.0168,5.9132,0.0000
5.1600,IMM-EKF,jink,0.500,10.00,0.050,1,0.600,1,7.4715,5.3748,-2.0966,0.9607,0.2373,0.1078,0.1115,6.0000,6.5486,0.9051,0.6141,0.5742,-7.4109,-22.3935,-7.0992,-22.2930,-6.9348,-22.3111,-7.5156,-22.3595,-11.9736,-22.5546,0.3116,0.1005,0.4761,0.0824,-0.1047,0.0340,52,0.0600,52,0,0.9777,0.0191,0.0032,1.4560,6.3640,0.2597,1.0877,5.9006,0.0000
5.1700,IMM-EKF,jink,0.500,10.00,0.050,1,0.600,1,7.4674,5.3708,-2.0967,0.9751,0.2373,0.1078,0.1131,6.0000,6.5486,0.9032,0.8841,0.5734,-7.4392,-22.4296,-7.0992,-22.2930,-6.9348,-22.3111,-7.5978,-22.4113,-12.0437,-22.9319,0.3399,0.1366,0.5043,0.1185,-0.1586,0.0182,52,0.0700,52,0,0.9777,0.0191,0.0032,1.4289,6.4786,0.2790,1.1584,5.8871,0.0000
5.1800,IMM-EKF,jink,0.500,10.00,0.050,1,0.600,1,7.4622,5.3648,-2.0974,0.9900,0.2373,0.1078,0.1147,6.0000,6.5486,0.9013,1.2003,0.5727,-7.4609,-22.4711,-7.0992,-22.2930,-6.9348,-22.3111,-7.6780,-22.4758,-12.1174,-23.3243,0.3616,0.1781,0.5260,0.1600,-0.2171,-0.0047,52,0.0800,52,0,0.9777,0.0191,0.0032,1.4025,6.5921,0.2977,1.2290,5.8728,0.0000
5.1900,IMM-EKF,jink,0.500,10.00,0.050,1,0.600,1,7.4558,5.3569,-2.0989,1.0057,0.2373,0.1078,0.1161,6.0000,6.5486,0.8995,1.5621,0.5720,-7.4761,-22.5181,-7.0992,-22.2930,-6.9348,-22.3111,-7.7563,-22.5526,-12.1951,-23.7321,0.3768,0.2250,0.5412,0.2070,-0.2802,-0.0345,52,0.0900,52,0,0.9777,0.0191,0.0032,1.3766,6.7045,0.3158,1.2994,5.8576,0.0000
5.2000,IMM-EKF,jink,0.500,10.00,0.050,1,0.600,1,7.4481,5.3471,-2.1010,1.0220,0.2373,0.1078,0.1176,6.0000,6.5486,0.8976,1.9701,0.5714,-7.4848,-22.5704,-7.0992,-22.2930,-6.9348,-22.3111,-7.8331,-22.6416,-12.2772,-24.1558,0.3855,0.2774,0.5499,0.2594,-0.3483,-0.0712,52,0.1000,52,0,0.9777,0.0191,0.0032,1.3513,6.8159,0.3334,1.3696,5.8416,0.0000
5.2100,IMM-EKF,jink,0.500,10.00,0.050,1,0.600,1,7.4392,5.3355,-2.1038,1.0391,0.2373,0.1078,0.1189,6.0000,6.5486,0.8957,2.4253,0.5709,-7.4871,-22.6283,-7.0992,-22.2930,-6.9348,-22.3111,-7.9086,-22.7428,-12.3643,-24.5959,0.3878,0.3352,0.5522,0.3172,-0.4215,-0.1145,52,0.1100,52,0,0.9777,0.0191,0.0032,1.3267,6.9262,0.3504,1.4396,5.8247,0.0000
5.2200,IMM-EKF,jink,0.500,10.00,0.050,1,0.600,1,7.4292,5.3220,-2.1072,1.0569,0.2373,0.1078,0.1202,6.0000,6.5486,0.8938,2.9286,0.5704,-7.4830,-22.6915,-7.0992,-22.2930,-6.9348,-22.3111,-7.9831,-22.8558,-12.4569,-25.0527,0.3837,0.3985,0.5481,0.3804,-0.5001,-0.1643,52,0.1200,52,0,0.9777,0.0191,0.0032,1.3026,7.0356,0.3667,1.5094,5.8071,0.0000
5.2300,IMM-EKF,jink,0.500,10.00,0.050,1,0.600,1,7.4179,5.3068,-2.1112,1.0755,0.2373,0.1078,0.1214,6.0000,6.5486,0.8920,3.4808,0.5701,-7.4725,-22.7601,-7.0992,-22.2930,-6.9348,-22.3111,-8.0569,-22.9806,-12.5557,-25.5269,0.3733,0.4671,0.5377,0.4490,-0.5844,-0.2205,52,0.1300,52,0,0.9777,0.0191,0.0032,1.2793,7.1438,0.3825,1.5789,5.7885,0.0000
5.2400,IMM-EKF,jink,0.500,10.00,0.050,1,0.600,1,7.4055,5.2897,-2.1157,1.0948,0.2373,0.1078,0.1226,6.0000,6.5486,0.8901,4.0826,0.5697,-7.4557,-22.8342,-7.0992,-22.2930,-6.9348,-22.3111,-8.1302,-23.1171,-12.6613,-26.0187,0.3565,0.5412,0.5209,0.5231,-0.6745,-0.2830,52,0.1400,52,0,0.9777,0.0191,0.0032,1.2566,7.2511,0.3976,1.6483,5.7692,0.0000
5.2500,IMM-EKF,jink,0.500,10.00,0.050,1,0.600,1,7.3918,5.1620,-2.2298,0.9554,0.2371,0.1072,0.1239,6.0000,6.4296,1.5178,3.4974,0.5695,-7.4326,-22.9137,-7.4848,-22.5704,-7.5801,-22.3333,-7.9005,-22.5194,-11.3120,-24.3722,-0.0522,0.3432,-0.1475,0.5804,-0.4679,0.3943,53,0.0500,53,0,0.9800,0.0172,0.0028,1.2345,7.3574,0.4121,1.7174,5.7490,0.0000
5.2600,IMM-EKF,jink,0.500,10.00,0.050,1,0.600,1,7.3770,5.1475,-2.2295,0.9685,0.2371,0.1072,0.1249,6.0000,6.4296,1.5185,3.9142,0.5693,-7.4032,-22.9986,-7.4848,-22.5704,-7.5801,-22.3333,-7.9575,-22.5900,-11.3866,-24.8035,-0.0816,0.4281,-0.1769,0.6653,-0.5543,0.4086,53,0.0600,53,0,0.9800,0.0172,0.0028,1.2132,7.4627,0.4259,1.7862,5.7279,0.0000
5.2700,IMM-EKF,jink,0.500,10.00,0.050,1,0.600,1,7.3609,5.1312,-2.2298,0.9821,0.2371,0.1072,0.1259,6.0000,6.4296,1.5192,4.3476,0.5691,-7.3676,-23.0890,-7.4848,-22.5704,-7.5801,-22.3333,-8.0137,-22.6722,-11.4676,-25.2526,-0.1172,0.5185,-0.2126,0.7557,-0.6462,0.4168,53,0.0700,53,0,0.9800,0.0172,0.0028,1.1925,7.5671,0.4390,1.8548,5.7061,0.0000
5.2800,IMM-EKF,jink,0.500,10.00,0.050,1,0.600,1,7.3437,5.1131,-2.2307,0.9964,0.2371,0.1072,0.1268,6.0000,6.4296,1.5198,4.8034,0.5690,-7.3256,-23.1848,-7.4848,-22.5704,-7.5801,-22.3333,-8.0695,-22.7658,-11.5556,-25.7200,-0.1592,0.6143,-0.2545,0.8515,-0.7439,0.4189,53,0.0800,53,0,0.9800,0.0172,0.0028,1.1726,7.6704,0.4513,1.9232,5.6834,0.0000
5.2900,IMM-EKF,jink,0.500,10.00,0.050,1,0.600,1,7.3253,5.0932,-2.2322,1.0114,0.2371,0.1072,0.1277,6.0000,6.4296,1.5204,5.2867,0.5690,-7.2774,-23.2861,-7.4848,-22.5704,-7.5801,-22.3333,-8.1252,-22.8708,-11.6515,-26.2061,-0.2074,0.7157,-0.3027,0.9528,-0.8478,0.4153,53,0.0900,53,0,0.9800,0.0172,0.0028,1.1533,7.7729,0.4629,1.9912,5.6599,0.0000
5.3000,IMM-EKF,jink,0.500,10.00,0.050,1,0.600,1,7.3058,5.0716,-2.2342,1.0270,0.2371,0.1072,0.1285,6.0000,6.4296,1.5209,5.8027,0.5690,-7.2229,-23.3929,-7.4848,-22.5704,-7.5801,-22.3333,-8.1810,-22.9867,-11.7562,-26.7115,-0.2619,0.8225,-0.3572,1.0596,-0.9581,0.4062,53,0.1000,53,0,0.9800,0.0172,0.0028,1.1349,7.8743,0.4736,2.0590,5.6356,0.0000
5.3100,IMM-EKF,jink,0.500,10.00,0.050,1,0.600,1,7.2850,5.0482,-2.2368,1.0434,0.2371,0.1072,0.1293,6.0000,6.4296,1.5214,6.3558,0.5691,-7.1621,-23.5052,-7.4848,-22.5704,-7.5801,-22.3333,-8.2373,-23.1136,-11.8707,-27.2363,-0.3227,0.9348,-0.4180,1.1719,-1.0752,0.3916,53,0.1100,53,0,0.9800,0.0172,0.0028,1.1171,7.9749,0.4834,2.1265,5.6105,0.0000
5.3200,IMM-EKF,jink,0.500,10.00,0.050,1,0.600,1,7.2632,5.0232,-2.2400,1.0605,0.2371,0.1072,0.1300,6.0000,6.4296,1.5218,6.9503,0.5693,-7.0950,-23.6231,-7.4848,-22.5704,-7.5801,-22.3333,-8.2944,-23.2511,-11.9960,-27.7812,-0.3898,1.0526,-0.4851,1.2898,-1.1995,0.3719,53,0.1200,53,0,0.9800,0.0172,0.0028,1.1002,8.0745,0.4923,2.1937,5.5846,0.0000
5.3300,IMM-EKF,jink,0.500,10.00,0.050,1,0.600,1,7.2401,4.9965,-2.2436,1.0784,0.2371,0.1072,0.1307,6.0000,6.4296,1.5222,7.5901,0.5695,-7.0215,-23.7465,-7.4848,-22.5704,-7.5801,-22.3333,-8.3527,-23.3991,-12.1335,-28.3462,-0.4632,1.1760,-0.5586,1.4132,-1.3311,0.3474,53,0.1300,53,0,0.9800,0.0172,0.0028,1.0840,8.1732,0.5002,2.2605,5.5579,0.0000
5.3400,IMM-EKF,jink,0.500,10.00,0.050,1,0.600,1,7.2159,4.9681,-2.2478,1.0971,0.2371,0.1072,0.1313,6.0000,6.4296,1.5225,8.2785,0.5697,-6.9417,-23.8755,-7.4848,-22.5704,-7.5801,-22.3333,-8.4124,-23.5573,-12.2845,-28.9316,-0.5430,1.3050,-0.6384,1.5422,-1.4707,0.3182,53,0.1400,53,0,0.9800,0.0172,0.0028,1.0686,8.2711,0.5070,2.3271,5.5304,0.0000
5.3500,IMM-EKF,jink,0.500,10.00,0.050,1,0.600,1,7.1905,4.9289,-2.2617,0.9277,0.2367,0.1072,0.1322,6.0000,6.4529,0.1480,1.2976,0.5700,-6.8555,-24.0100,-7.2229,-23.3929,-7.2313,-23.3697,-7.0917,-24.0329,-4.6853,-32.3360,-0.3673,0.6171,-0.3757,0.6403,-0.2361,-0.0229,54,0.0500,54,0,0.9768,0.0198,0.0034,1.0540,8.3680,0.5125,2.3933,5.5020,0.0000
5.3600,IMM-EKF,jink,0.500,10.00,0.050,1,0.600,1,7.1640,4.9051,-2.2589,0.9394,0.2367,0.1072,0.1328,6.0000,6.4529,0.1483,1.6139,0.5704,-6.7629,-24.1502,-7.2229,-23.3929,-7.2313,-23.3697,-7.0535,-24.2000,-4.5639,-32.9858,-0.4600,0.7573,-0.4683,0.7805,-0.2906,-0.0499,54,0.0600,54,0,0.9768,0.0198,0.0034,1.0402,8.4640,0.5167,2.4591,5.4729,0.0000
5.3700,IMM-EKF,jink,0.500,10.00,0.050,1,0.600,1,7.1363,4.8796,-2.2567,0.9516,0.2367,0.1072,0.1333,6.0000,6.4529,0.1486,1.9759,0.5709,-6.6638,-24.2959,-7.2229,-23.3929,-7.2313,-23.3697,-7.0151,-24.3776,-4.4423,-33.6571,-0.5591,0.9030,-0.5675,0.9262,-0.3512,-0.0817,54,0.0700,54,0,0.9768,0.0198,0.0034,1.0272,8.5592,0.5194,2.5246,5.4430,0.0000
5.3800,IMM-EKF,jink,0.500,10.00,0.050,1,0.600,1,7.1075,4.8525,-2.2550,0.9646,0.2367,0.1072,0.1337,6.0000,6.4529,0.1489,2.3837,0.5713,-6.5582,-24.4472,-7.2229,-23.3929,-7.2313,-23.3697,-6.9765,-24.5650,-4.3207,-34.3493,-0.6647,1.0543,-0.6731,1.0775,-0.4183,-0.1178,54,0.0800,54,0,0.9768,0.0198,0.0034,1.0151,8.6535,0.5202,2.5897,5.4123,0.0000
5.3900,IMM-EKF,jink,0.500,10.00,0.050,1,0.600,1,7.0776,4.8238,-2.2538,0.9782,0.2367,0.1072,0.1342,6.0000,6.4529,0.1480,2.8340,0.5719,-6.4465,-24.6041,-7.2229,-23.3929,-7.2313,-23.3697,-6.9381,-24.7618,-4.1998,-35.0609,-0.7764,1.2112,-0.7848,1.2344,-0.4916,-0.1577,54,0.0900,54,0,0.9768,0.0198,0.0034,1.0038,8.7469,0.5190,2.6545,5.3809,0.0000
5.4000,IMM-EKF,jink,0.500,10.00,0.050,1,0.600,1,7.0465,4.7933,-2.2532,0.9925,0.2367,0.1072,0.1348,6.0000,6.4529,0.1461,3.3261,0.5728,-6.3285,-24.7664,-7.2229,-23.3929,-7.2313,-23.3697,-6.9001,-24.9669,-4.0800,-35.7894,-0.8944,1.3735,-0.9027,1.3967,-0.5716,-0.2005,54,0.1000,54,0,0.9768,0.0198,0.0034,0.9935,8.8395,0.5153,2.7189,5.3486,0.0000
5.4100,IMM-EKF,jink,0.500,10.00,0.050,1,0.600,1,7.0143,4.7612,-2.2531,1.0076,0.2367,0.1072,0.1353,6.0000,6.4529,0.1442,3.8601,0.5736,-6.2039,-24.9341,-7.2229,-23.3929,-7.2313,-23.3697,-6.8628,-25.1791,-3.9618,-36.5309,-1.0190,1.5412,-1.0274,1.5644,-0.6590,-0.2449,54,0.1100,54,0,0.9768,0.0198,0.0034,0.9840,8.9311,0.5084,2.7829,5.3156,0.0000
5.4200,IMM-EKF,jink,0.500,10.00,0.050,1,0.600,1,6.9809,4.7273,-2.2536,1.0235,0.2367,0.1072,0.1358,6.0000,6.4529,0.1425,4.4323,0.5743,-6.0724,-25.1071,-7.2229,-23.3929,-7.2313,-23.3697,-6.8266,-25.3962,-3.8458,-37.2781,-1.1505,1.7142,-1.1589,1.7374,-0.7542,-0.2891,54,0.1200,54,0,0.9768,0.0198,0.0034,0.9754,9.0216,0.4976,2.8464,5.2818,0.0000
5.4300,IMM-EKF,jink,0.500,10.00,0.050,1,0.600,1,6.9464,4.6916,-2.2548,1.0402,0.2367,0.1072,0.1363,6.0000,6.4529,0.1408,5.0365,0.5751,-5.9340,-25.2850,-7.2229,-23.3929,-7.2313,-23.3697,-6.7916,-25.6152,-3.7326,-38.0186,-1.2889,1.8921,-1.2973,1.9153,-0.8577,-0.3301,54,0.1300,54,0,0.9768,0.0198,0.0034,0.9677,9.1111,0.4814,2.9096,5.2473,0.0000
5.4400,IMM-EKF,jink,0.500,10.00,0.050,1,0.600,1,6.9107,4.6540,-2.2568,1.0577,0.2367,0.1072,0.1368,6.0000,6.4529,0.1402,5.6649,0.5757,-5.7880,-25.4674,-7.2229,-23.3929,-7.2313,-23.3697,-6.7582,-25.8302,-3.6227,-38.7287,-1.4349,2.0745,-1.4433,2.0977,-0.9702,-0.3627,54,0.1400,54,0,0.9768,0.0198,0.0034,0.9610,9.1989,0.4574,2.9724,5.2120,0.0000
5.4500,IMM-EKF,jink,0.500,10.00,0.050,1,0.600,1,6.8738,4.6095,-2.2643,0.8365,0.2352,0.1069,0.1389,6.0000,6.6434,0.3534,1.1057,0.5763,-5.6345,-25.6534,-6.3285,-24.7664,-6.3110,-24.8224,-5.8377,-25.6784,2.3235,-37.5863,-0.6940,0.8870,-0.6765,0.8311,-0.2032,-0.0249,55,0.0500,55,0,0.9797,0.0176,0.0027,0.9552,9.2841,0.4211,3.0347,5.1760,0.0000
5.4600,IMM-EKF,jink,0.500,10.00,0.050,1,0.600,1,6.8357,4.5766,-2.2591,0.8467,0.2352,0.1069,0.1394,6.0000,6.6434,0.3537,1.4088,0.5770,-5.4737,-25.8412,-6.3285,-24.7664,-6.3110,-24.8224,-5.7353,-25.8396,2.6873,-37.9149,-0.8548,1.0748,-0.8373,1.0189,-0.2617,0.0017,55,0.0600,55,0,0.9797,0.0176,0.0027,0.9501,9.3624,0.3616,3.0966,5.1392,0.0000
5.4700,IMM-EKF,jink,0.500,10.00,0.050,1,0.600,1,6.7964,4.5420,-2.2544,0.8575,0.2352,0.1069,0.1399,6.0000,6.6434,0.3540,1.8100,0.5778,-5.3051,-26.0258,-6.3285,-24.7664,-6.3110,-24.8224,-5.6292,-25.9441,3.0556,-37.6393,-1.0234,1.2594,-1.0059,1.2034,-0.3241,0.0816,55,0.0700,55,0,0.9797,0.0176,0.0027,0.9452,9.4115,0.2482,3.1580,5.1016,0.0000
5.4800,IMM-EKF,jink,0.500,10.00,0.050,1,0.600,1,6.7570,4.5152,-2.2418,0.8691,0.2352,0.1069,0.1404,6.0000,6.6434,0.3545,2.6868,0.5787,-5.1266,-26.1957,-6.3285,-24.7664,-6.3110,-24.8224,-5.4968,-25.8939,3.3833,-35.6844,-1.2019,1.4293,-1.1844,1.3733,-0.3702,0.3018,55,0.0800,55,0,0.9797,0.0176,0.0027,0.9348,9.2920,0.0676,3.2190,5.0634,0.0000
5.4900,IMM-EKF,jink,0.500,10.00,0.050,1,0.600,1,6.7190,4.5011,-2.2180,0.8815,0.2352,0.1069,0.1408,6.0000,6.6434,0.3551,3.8533,0.5797,-4.9368,-26.3529,-6.3285,-24.7664,-6.3110,-24.8224,-5.3381,-25.8192,3.6693,-33.6949,-1.3918,1.5865,-1.3742,1.5306,-0.4013,0.5338,55,0.0900,55,0,0.9797,0.0176,0.0027,0.9199,9.0625,-0.0305,3.2796,5.0244,0.0000
5.5000,IMM-EKF,jink,0.500,10.00,0.050,1,0.600,1,6.6826,4.4932,-2.1894,0.8947,0.2352,0.1069,0.1411,6.0000,6.6434,0.3556,5.1223,0.5807,-4.7354,-26.4998,-6.3285,-24.7664,-6.3110,-24.8224,-5.1650,-25.7354,3.9380,-31.9881,-1.5932,1.7334,-1.5756,1.6774,-0.4296,0.7644,55,0.1000,55,0,0.9797,0.0176,0.0027,0.9037,8.8198,-0.0880,3.3396,4.9847,0.0000
5.5100,IMM-EKF,jink,0.500,10.00,0.050,1,0.600,1,6.6479,4.4903,-2.1576,0.9088,0.2352,0.1069,0.1415,6.0000,6.6434,0.3562,6.4936,0.5816,-4.5222,-26.6372,-6.3285,-24.7664,-6.3110,-24.8224,-4.9787,-25.6322,4.1939,-30.4469,-1.8063,1.8708,-1.7887,1.8148,-0.4565,1.0050,55,0.1100,55,0,0.9797,0.0176,0.0027,0.8864,8.5735,-0.1275,3.3992,4.9442,0.0000
5.5200,IMM-EKF,jink,0.500,10.00,0.050,1,0.600,1,6.6149,4.4923,-2.1227,0.9237,0.2352,0.1069,0.1418,6.0000,6.6434,0.3567,7.9703,0.5825,-4.2974,-26.7656,-6.3285,-24.7664,-6.3110,-24.8224,-4.7799,-25.5060,4.4390,-29.0226,-2.0311,1.9992,-2.0136,1.9433,-0.4826,1.2596,55,0.1200,55,0,0.9797,0.0176,0.0027,0.8680,8.3259,-0.1567,3.4583,4.9031,0.0000
5.5300,IMM-EKF,jink,0.500,10.00,0.050,1,0.600,1,6.5838,4.4989,-2.0849,0.9395,0.2352,0.1069,0.1421,6.0000,6.6434,0.3572,9.5520,0.5834,-4.0607,-26.8853,-6.3285,-24.7664,-6.3110,-24.8224,-4.5690,-25.3557,4.6745,-27.6919,-2.2678,2.1189,-2.2502,2.0630,-0.5082,1.5296,55,0.1300,55,0,0.9797,0.0176,0.0027,0.8486,8.0777,-0.1792,3.5169,4.8612,0.0000
5.5400,IMM-EKF,jink,0.500,10.00,0.050,1,0.600,1,6.5545,4.5101,-2.0443,0.9563,0.2352,0.1069,0.1423,6.0000,6.6434,0.3576,11.2361,0.5843,-3.8123,-26.9964,-6.3285,-24.7664,-6.3110,-24.8224,-4.3462,-25.1812,4.9016,-26.4417,-2.5163,2.2300,-2.4987,2.1740,-0.5339,1.8152,55,0.1400,55,0,0.9797,0.0176,0.0027,0.8280,7.8292,-0.1971,3.5749,4.8187,0.0000
5.5500,IMM-EKF,jink,0.500,10.00,0.050,1,0.600,1,6.5270,4.3260,-2.2010,0.7781,0.2364,0.1078,0.1413,6.0000,6.2138,0.8243,1.1813,0.5852,-3.5520,-27.0989,-4.7354,-26.4998,-4.7598,-26.6348,-3.7636,-27.1583,9.8105,-33.1760,-1.1833,0.5991,-1.2078,0.4642,-0.2116,-0.0594,56,0.0500,56,0,0.9784,0.0186,0.0030,0.8064,7.5805,-0.2113,3.6325,4.7754,0.0000
5.5600,IMM-EKF,jink,0.500,10.00,0.050,1,0.600,1,6.5014,4.3216,-2.1798,0.7873,0.2364,0.1078,0.1415,6.0000,6.2138,0.8255,1.2881,0.5860,-3.2800,-27.1929,-4.7354,-26.4998,-4.7598,-26.6348,-3.5206,-27.1693,9.9383,-32.0201,-1.4553,0.6931,-1.4798,0.5581,-0.2406,0.0235,56,0.0600,56,0,0.9784,0.0186,0.0030,0.7836,7.3318,-0.2226,3.6895,4.7315,0.0000
5.5700,IMM-EKF,jink,0.500,10.00,0.050,1,0.600,1,6.4776,4.3216,-2.1560,0.7973,0.2364,0.1078,0.1417,6.0000,6.2138,0.8265,1.6230,0.5867,-2.9964,-27.2782,-4.7354,-26.4998,-4.7598,-26.6348,-3.2649,-27.1494,10.0608,-30.9014,-1.7390,0.7784,-1.7634,0.6434,-0.2685,0.1288,56,0.0700,56,0,0.9784,0.0186,0.0030,0.7596,7.0831,-0.2316,3.7461,4.6869,0.0000
5.5800,IMM-EKF,jink,0.500,10.00,0.050,1,0.600,1,6.4557,4.3260,-2.1297,0.8080,0.2364,0.1078,0.1418,6.0000,6.2138,0.8276,2.1947,0.5875,-2.7011,-27.3548,-4.7354,-26.4998,-4.7598,-26.6348,-2.9967,-27.0989,10.1788,-29.8202,-2.0342,0.8551,-2.0587,0.7201,-0.2956,0.2559,56,0.0800,56,0,0.9784,0.0186,0.0030,0.7344,6.8345,-0.2386,3.8020,4.6416,0.0000
5.5900,IMM-EKF,jink,0.500,10.00,0.050,1,0.600,1,6.4357,4.3348,-2.1009,0.8196,0.2364,0.1078,0.1419,6.0000,6.2138,0.8286,2.9617,0.5881,-2.3944,-27.4229,-4.7354,-26.4998,-4.7598,-26.6348,-2.7170,-27.0194,10.2943,-28.7826,-2.3409,0.9231,-2.3654,0.7881,-0.3226,0.4035,56,0.0900,56,0,0.9784,0.0186,0.0030,0.7081,6.5873,-0.2438,3.8575,4.5957,0.0000
5.6000,IMM-EKF,jink,0.500,10.00,0.050,1,0.600,1,6.4175,4.3479,-2.0696,0.8322,0.2364,0.1078,0.1420,6.0000,6.2138,0.8296,3.8852,0.5888,-2.0764,-27.4823,-4.7354,-26.4998,-4.7598,-26.6348,-2.4266,-26.9124,10.4088,-27.7924,-2.6589,0.9825,-2.6834,0.8475,-0.3502,0.5699,56,0.1000,56,0,0.9784,0.0186,0.0030,0.6808,6.3427,-0.2474,3.9123,4.5490,0.0000
5.6100,IMM-EKF,jink,0.500,10.00,0.050,1,0.600,1,6.4012,4.3652,-2.0360,0.8456,0.2364,0.1078,0.1421,6.0000,6.2138,0.8305,4.9408,0.5894,-1.7474,-27.5332,-4.7354,-26.4998,-4.7598,-26.6348,-2.1264,-26.7793,10.5228,-26.8481,-2.9880,1.0334,-3.0125,0.8984,-0.3790,0.7538,56,0.1100,56,0,0.9784,0.0186,0.0030,0.6525,6.1006,-0.2497,3.9666,4.5018,0.0000
5.6200,IMM-EKF,jink,0.500,10.00,0.050,1,0.600,1,6.3868,4.3867,-2.0001,0.8600,0.2364,0.1078,0.1422,6.0000,6.2138,0.8314,6.1112,0.5900,-1.4074,-27.5756,-4.7354,-26.4998,-4.7598,-26.6348,-1.8170,-26.6214,10.6368,-25.9481,-3.3279,1.0758,-3.3524,0.9408,-0.4096,0.9541,56,0.1200,56,0,0.9784,0.0186,0.0030,0.6232,5.8611,-0.2507,4.0204,4.4538,0.0000
5.6300,IMM-EKF,jink,0.500,10.00,0.050,1,0.600,1,6.3742,4.4124,-1.9618,0.8754,0.2364,0.1078,0.1423,6.0000,6.2138,0.8323,7.3834,0.5906,-1.0569,-27.6095,-4.7354,-26.4998,-4.7598,-26.6348,-1.4993,-26.4402,10.7512,-25.0910,-3.6785,1.1097,-3.7029,0.9748,-0.4424,1.1694,56,0.1300,56,0,0.9784,0.0186,0.0030,0.5928,5.6241,-0.2507,4.0735,4.4053,0.0000
5.6400,IMM-EKF,jink,0.500,10.00,0.050,1,0.600,1,6.3634,4.4421,-1.9212,0.8917,0.2364,0.1078,0.1423,6.0000,6.2138,0.8330,8.7458,0.5911,-0.6960,-27.6351,-4.7354,-26.4998,-4.7598,-26.6348,-1.1742,-26.2371,10.8663,-24.2752,-4.0394,1.1353,-4.0639,1.0003,-0.4783,1.3980,56,0.1400,56,0,0.9784,0.0186,0.0030,0.5614,5.3897,-0.2496,4.1261,4.3561,0.0000
5.6500,IMM-EKF,jink,0.500,10.00,0.050,1,0.600,1,6.3544,4.1428,-2.2116,0.7344,0.2342,0.1077,0.1445,6.0000,5.8152,1.3397,0.7935,0.5916,-0.3250,-27.6524,-2.0764,-27.4823,-1.8438,-27.5720,-0.1754,-27.6594,16.0789,-27.4025,-1.7515,0.1701,-1.5188,0.0804,0.1495,-0.0071,57,0.0500,57,0,0.9802,0.0172,0.0026,0.5289,5.1578,-0.2476,4.1781,4.3063,0.0000
5.6600,IMM-EKF,jink,0.500,10.00,0.050,1,0.600,1,6.3472,4.1556,-2.1916,0.7429,0.2342,0.1077,0.1446,6.0000,5.8152,1.3385,0.8334,0.5920,0.0558,-27.6614,-2.0764,-27.4823,-1.8438,-27.5720,0.1889,-27.5872,16.1223,-26.6317,-2.1323,0.1791,-1.8996,0.0894,0.1331,0.0741,57,0.0600,57,0,0.9802,0.0172,0.0026,0.4954,4.9285,-0.2447,4.2294,4.2558,0.0000
5.6700,IMM-EKF,jink,0.500,10.00,0.050,1,0.600,1,6.3418,4.1725,-2.1694,0.7523,0.2342,0.1077,0.1446,6.0000,5.8152,1.3374,1.2090,0.5924,0.4461,-27.6623,-2.0764,-27.4823,-1.8438,-27.5720,0.5615,-27.4879,16.1677,-25.8895,-2.5225,0.1800,-2.2899,0.0903,0.1154,0.1743,57,0.0700,57,0,0.9802,0.0172,0.0026,0.4609,4.7016,-0.2409,4.2802,4.2047,0.0000
5.6800,IMM-EKF,jink,0.500,10.00,0.050,1,0.600,1,6.3383,4.1934,-2.1448,0.7625,0.2342,0.1077,0.1446,6.0000,5.8152,1.3363,1.8208,0.5927,0.8455,-27.6551,-2.0764,-27.4823,-1.8438,-27.5720,0.9411,-27.3628,16.2153,-25.1755,-2.9219,0.1728,-2.6893,0.0831,0.0956,0.2923,57,0.0800,57,0,0.9802,0.0172,0.0026,0.4253,4.4773,-0.2365,4.3303,4.1531,0.0000
5.6900,IMM-EKF,jink,0.500,10.00,0.050,1,0.600,1,6.3365,4.2184,-2.1180,0.7737,0.2342,0.1077,0.1445,6.0000,5.8152,1.3352,2.5830,0.5930,1.2537,-27.6400,-2.0764,-27.4823,-1.8438,-27.5720,1.3270,-27.2131,16.2656,-24.4894,-3.3301,0.1577,-3.0975,0.0680,0.0733,0.4268,57,0.0900,57,0,0.9802,0.0172,0.0026,0.3886,4.2555,-0.2313,4.3799,4.1008,0.0000
5.7000,IMM-EKF,jink,0.500,10.00,0.050,1,0.600,1,6.3364,4.2474,-2.0890,0.7857,0.2342,0.1077,0.1445,6.0000,5.8152,1.3341,3.4586,0.5932,1.6703,-27.6170,-2.0764,-27.4823,-1.8438,-27.5720,1.7180,-27.0405,16.3189,-23.8308,-3.7468,0.1347,-3.5141,0.0450,0.0477,0.5766,57,0.1000,57,0,0.9802,0.0172,0.0026,0.3509,4.0362,-0.2254,4.4288,4.0480,0.0000
5.7100,IMM-EKF,jink,0.500,10.00,0.050,1,0.600,1,6.3382,4.2804,-2.0578,0.7988,0.2342,0.1077,0.1445,6.0000,5.8152,1.3330,4.4286,0.5934,2.0950,-27.5864,-2.0764,-27.4823,-1.8438,-27.5720,2.1134,-26.8463,16.3753,-23.1992,-4.1715,0.1041,-3.9388,0.0144,0.0184,0.7401,57,0.1100,57,0,0.9802,0.0172,0.0026,0.3122,3.8194,-0.2189,4.4770,3.9945,0.0000
5.7200,IMM-EKF,jink,0.500,10.00,0.050,1,0.600,1,6.3417,4.3173,-2.0244,0.8128,0.2342,0.1077,0.1444,6.0000,5.8152,1.3320,5.4803,0.5936,2.5274,-27.5481,-2.0764,-27.4823,-1.8438,-27.5720,2.5121,-26.6323,16.4349,-22.5939,-4.6039,0.0659,-4.3712,-0.0238,-0.0153,0.9159,57,0.1200,57,0,0.9802,0.0172,0.0026,0.2724,3.6050,-0.2117,4.5246,3.9405,0.0000
5.7300,IMM-EKF,jink,0.500,10.00,0.050,1,0.600,1,6.3469,4.3582,-1.9888,0.8278,0.2342,0.1077,0.1444,6.0000,5.8152,1.3310,6.6029,0.5937,2.9671,-27.5025,-2.0764,-27.4823,-1.8438,-27.5720,2.9133,-26.4000,16.4981,-22.0143,-5.0435,0.0202,-4.8109,-0.0695,-0.0538,1.1025,57,0.1300,57,0,0.9802,0.0172,0.0026,0.2315,3.3931,-0.2038,4.5716,3.8859,0.0000
5.7400,IMM-EKF,jink,0.500,10.00,0.050,1,0.600,1,6.3539,4.4029,-1.9511,0.8439,0.2342,0.1077,0.1444,6.0000,5.8152,1.3300,7.7868,0.5937,3.4137,-27.4496,-2.0764,-27.4823,-1.8438,-27.5720,3.3161,-26.1511,16.5648,-21.4597,-5.4901,-0.0327,-5.2575,-0.1224,-0.0976,1.2985,57,0.1400,57,0,0.9802,0.0172,0.0026,0.1896,3.1837,-0.1954,4.6179,3.8308,0.0000
5.7500,IMM-EKF,jink,0.500,10.00,0.050,1,0.600,1,6.3627,4.2953,-2.0674,0.7009,0.2351,0.1088,0.1434,6.0000,5.5029,0.6147,2.6425,0.5937,3.8668,-27.3896,1.6703,-27.6170,1.6743,-27.5142,3.4669,-27.1274,17.1284,-23.4855,-2.1965,-0.2274,-2.1924,-0.1246,-0.3999,0.2622,58,0.0500,58,0,0.9824,0.0153,0.0023,0.1467,2.9768,-0.1864,4.6635,3.7751,0.0000
5.7600,IMM-EKF,jink,0.500,10.00,0.050,1,0.600,1,6.3732,4.3261,-2.0471,0.7094,0.2351,0.1088,0.1434,6.0000,5.5029,0.6147,3.2708,0.5936,4.3259,-27.3227,1.6703,-27.6170,1.6743,-27.5142,3.8428,-26.9849,17.2167,-22.9899,-2.6556,-0.2943,-2.6516,-0.1915,-0.4831,0.3378,58,0.0600,58,0,0.9824,0.0153,0.0023,0.1027,2.7723,-0.1768,4.7085,3.7189,0.0000
5.7700,IMM-EKF,jink,0.500,10.00,0.050,1,0.600,1,6.3854,4.3607,-2.0247,0.7188,0.2351,0.1088,0.1433,6.0000,5.5029,0.6149,3.9614,0.5935,4.7908,-27.2491,1.6703,-27.6170,1.6743,-27.5142,4.2222,-26.8225,17.3067,-22.5109,-3.1204,-0.3680,-3.1164,-0.2652,-0.5686,0.4266,58,0.0700,58,0,0.9824,0.0153,0.0023,0.0577,2.5702,-0.1666,4.7528,3.6621,0.0000
5.7800,IMM-EKF,jink,0.500,10.00,0.050,1,0.600,1,6.3993,4.3992,-2.0002,0.7290,0.2351,0.1088,0.1432,6.0000,5.5029,0.6151,4.7135,0.5933,5.2608,-27.1689,1.6703,-27.6170,1.6743,-27.5142,4.6043,-26.6417,17.3987,-22.0487,-3.5905,-0.4481,-3.5865,-0.3453,-0.6565,0.5272,58,0.0800,58,0,0.9824,0.0153,0.0023,0.0117,2.3706,-0.1557,4.7964,3.6048,0.0000
5.7900,IMM-EKF,jink,0.500,10.00,0.050,1,0.600,1,6.4150,4.4414,-1.9736,0.7402,0.2351,0.1088,0.1432,6.0000,5.5029,0.6153,5.5250,0.5930,5.7357,-27.0825,1.6703,-27.6170,1.6743,-27.5142,4.9883,-26.4441,17.4926,-21.6031,-4.0654,-0.5346,-4.0614,-0.4318,-0.7474,0.6383,58,0.0900,58,0,0.9824,0.0153,0.0023,-0.0352,2.1734,-0.1443,4.8393,3.5470,0.0000
5.8000,IMM-EKF,jink,0.500,10.00,0.050,1,0.600,1,6.4323,4.4873,-1.9450,0.7524,0.2351,0.1088,0.1431,6.0000,5.5029,0.6157,6.3923,0.5927,6.2151,-26.9899,1.6703,-27.6170,1.6743,-27.5142,5.3736,-26.2312,17.5887,-21.1742,-4.5447,-0.6271,-4.5407,-0.5243,-0.8414,0.7587,58,0.1000,58,0,0.9824,0.0153,0.0023,-0.0832,1.9786,-0.1322,4.8815,3.4887,0.0000
5.8100,IMM-EKF,jink,0.500,10.00,0.050,1,0.600,1,6.4514,4.5369,-1.9145,0.7656,0.2351,0.1088,0.1430,6.0000,5.5029,0.6161,7.3110,0.5923,6.6984,-26.8915,1.6703,-27.6170,1.6743,-27.5142,5.7596,-26.0046,17.6871,-20.7618,-5.0281,-0.7255,-5.0240,-0.6227,-0.9388,0.8869,58,0.1100,58,0,0.9824,0.0153,0.0023,-0.1322,1.7862,-0.1195,4.9230,3.4299,0.0000
5.8200,IMM-EKF,jink,0.500,10.00,0.050,1,0.600,1,6.4722,4.5902,-1.8819,0.7798,0.2351,0.1088,0.1429,6.0000,5.5029,0.6166,8.2757,0.5918,7.1853,-26.7875,1.6703,-27.6170,1.6743,-27.5142,6.1455,-25.7659,17.7878,-20.3658,-5.5150,-0.8296,-5.5109,-0.7268,-1.0398,1.0216,58,0.1200,58,0,0.9824,0.0153,0.0023,-0.1821,1.5962,-0.1061,4.9638,3.3705,0.0000
5.8300,IMM-EKF,jink,0.500,10.00,0.050,1,0.600,1,6.4946,4.6472,-1.8475,0.7951,0.2351,0.1088,0.1428,6.0000,5.5029,0.6172,9.2808,0.5912,7.6754,-26.6781,1.6703,-27.6170,1.6743,-27.5142,6.5309,-25.5165,17.8910,-19.9863,-6.0051,-0.9390,-6.0010,-0.8362,-1.1445,1.1615,58,0.1300,58,0,0.9824,0.0153,0.0023,-0.2330,1.4086,-0.0920,5.0039,3.3107,0.0000
5.8400,IMM-EKF,jink,0.500,10.00,0.050,1,0.600,1,6.5188,4.7077,-1.8111,0.8114,0.2351,0.1088,0.1428,6.0000,5.5029,0.6178,10.3203,0.5906,8.1682,-26.5635,1.6703,-27.6170,1.6743,-27.5142,6.9151,-25.2582,17.9965,-19.6230,-6.4979,-1.0535,-6.4939,-0.9507,-1.2531,1.3053,58,0.1400,58,0,0.9824,0.0153,0.0023,-0.2848,1.2234,-0.0772,5.0433,3.2504,0.0000
5.8500,IMM-EKF,jink,0.500,10.00,0.050,1,0.600,1,6.5446,4.5040,-2.0406,0.7270,0.2380,0.1103,0.1397,6.0000,5.0624,1.2333,2.1084,0.5899,8.6635,-26.4442,6.2151,-26.9899,6.2456,-26.7860,8.4215,-26.1664,22.8880,-21.1529,-2.4484,-0.5457,-2.4178,-0.3418,-0.2419,0.2778,59,0.0500,59,0,0.9795,0.0176,0.0029,-0.3375,1.0406,-0.0615,5.0819,3.1897,0.0000
5.8600,IMM-EKF,jink,0.500,10.00,0.050,1,0.600,1,6.5721,4.5477,-2.0244,0.7367,0.2380,0.1103,0.1396,6.0000,5.0624,1.2340,2.5290,0.5891,9.1607,-26.3203,6.2151,-26.9899,6.2456,-26.7860,8.8587,-25.9959,22.9688,-20.8181,-2.9457,-0.6696,-2.9151,-0.4657,-0.3020,0.3244,59,0.0600,59,0,0.9795,0.0176,0.0029,-0.3911,0.8602,-0.0449,5.1198,3.1285,0.0000
5.8700,IMM-EKF,jink,0.500,10.00,0.050,1,0.600,1,6.6012,4.5950,-2.0062,0.7472,0.2380,0.1103,0.1395,6.0000,5.0624,1.2348,3.0033,0.5882,9.6596,-26.1921,6.2151,-26.9899,6.2456,-26.7860,9.2941,-25.8124,23.0511,-20.4967,-3.4445,-0.7978,-3.4139,-0.5939,-0.3654,0.3797,59,0.0700,59,0,0.9795,0.0176,0.0029,-0.4456,0.6822,-0.0273,5.1570,3.0668,0.0000
5.8800,IMM-EKF,jink,0.500,10.00,0.050,1,0.600,1,6.6321,4.6459,-1.9861,0.7585,0.2380,0.1103,0.1394,6.0000,5.0624,1.2357,3.5249,0.5873,10.1597,-26.0599,6.2151,-26.9899,6.2456,-26.7860,9.7272,-25.6176,23.1349,-20.1892,-3.9446,-0.9300,-3.9140,-0.7260,-0.4325,0.4423,59,0.0800,59,0,0.9795,0.0176,0.0029,-0.5009,0.5066,-0.0086,5.1934,3.0047,0.0000
5.8900,IMM-EKF,jink,0.500,10.00,0.050,1,0.600,1,6.6645,4.7005,-1.9641,0.7707,0.2380,0.1103,0.1393,6.0000,5.0624,1.2367,4.0880,0.5862,10.6607,-25.9241,6.2151,-26.9899,6.2456,-26.7860,10.1573,-25.4132,23.2205,-19.8964,-4.4456,-1.0658,-4.4150,-0.8618,-0.5034,0.5109,59,0.0900,59,0,0.9795,0.0176,0.0029,-0.5570,0.3334,0.0114,5.2291,2.9422,0.0000
5.9000,IMM-EKF,jink,0.500,10.00,0.050,1,0.600,1,6.6987,4.7586,-1.9401,0.7839,0.2380,0.1103,0.1392,6.0000,5.0624,1.2378,4.6867,0.5851,11.1622,-25.7850,6.2151,-26.9899,6.2456,-26.7860,10.5839,-25.2009,23.3079,-19.6193,-4.9471,-1.2049,-4.9166,-1.0010,-0.5783,0.5841,59,0.1000,59,0,0.9795,0.0176,0.0029,-0.6140,0.1627,0.0329,5.2640,2.8792,0.0000
5.9100,IMM-EKF,jink,0.500,10.00,0.050,1,0.600,1,6.7345,4.8202,-1.9142,0.7980,0.2380,0.1103,0.1391,6.0000,5.0624,1.2389,5.3142,0.5838,11.6639,-25.6429,6.2151,-26.9899,6.2456,-26.7860,11.0066,-24.9827,23.3973,-19.3593,-5.4489,-1.3470,-5.4183,-1.1430,-0.6573,0.6602,59,0.1100,59,0,0.9795,0.0176,0.0029,-0.6716,-0.0056,0.0563,5.2982,2.8158,0.0000
5.9200,IMM-EKF,jink,0.500,10.00,0.050,1,0.600,1,6.7719,4.8854,-1.8865,0.8131,0.2380,0.1103,0.1390,6.0000,5.0624,1.2402,5.9629,0.5826,12.1655,-25.4983,6.2151,-26.9899,6.2456,-26.7860,11.4250,-24.7609,23.4886,-19.1184,-5.9505,-1.4916,-5.9199,-1.2876,-0.7406,0.7374,59,0.1200,59,0,0.9795,0.0176,0.0029,-0.7299,-0.1713,0.0820,5.3316,2.7521,0.0000
5.9300,IMM-EKF,jink,0.500,10.00,0.050,1,0.600,1,6.8109,4.9541,-1.8568,0.8291,0.2380,0.1103,0.1388,6.0000,5.0624,1.2415,6.6233,0.5812,12.6667,-25.3516,6.2151,-26.9899,6.2456,-26.7860,11.8386,-24.5382,23.5820,-18.8995,-6.4516,-1.6383,-6.4211,-1.4343,-0.8281,0.8135,59,0.1300,59,0,0.9795,0.0176,0.0029,-0.7889,-0.3343,0.1106,5.3643,2.6879,0.0000
5.9400,IMM-EKF,jink,0.500,10.00,0.050,1,0.600,1,6.8516,5.0264,-1.8252,0.8463,0.2380,0.1103,0.1387,6.0000,5.0624,1.2430,7.2830,0.5797,13.1671,-25.2034,6.2151,-26.9899,6.2456,-26.7860,12.2472,-24.3180,23.6775,-18.7076,-6.9521,-1.7865,-6.9215,-1.5826,-0.9199,0.8854,59,0.1400,59,0,0.9795,0.0176,0.0029,-0.8483,-0.4945,0.1434,5.3961,2.6233,0.0000
5.9500,IMM-EKF,jink,0.500,10.00,0.050,1,0.600,1,6.8939,4.7857,-2.1082,0.7449,0.2384,0.1102,0.1382,6.0000,4.5784,1.3195,2.8271,0.5780,13.6665,-25.0543,11.1622,-25.7850,11.0432,-25.5937,13.1868,-24.8694,26.1576,-19.7361,-2.5043,-0.7308,-2.6232,-0.5394,-0.4797,0.1849,60,0.0500,60,0,0.9809,0.0165,0.0026,-0.9079,-0.6512,0.1822,5.4272,2.5584,0.0000
5.9600,IMM-EKF,jink,0.500,10.00,0.050,1,0.600,1,6.9379,4.8424,-2.0955,0.7554,0.2384,0.1102,0.1380,6.0000,4.5784,1.3212,3.2374,0.5763,14.1645,-24.9053,11.1622,-25.7850,11.0432,-25.5937,13.6065,-24.7149,26.2535,-19.6256,-3.0023,-0.8797,-3.1213,-0.6884,-0.5580,0.1904,60,0.0600,60,0,0.9809,0.0165,0.0026,-0.9672,-0.8033,0.2310,5.4575,2.4931,0.0000
5.9700,IMM-EKF,jink,0.500,10.00,0.050,1,0.600,1,6.9834,4.9026,-2.0808,0.7667,0.2384,0.1102,0.1379,6.0000,4.5784,1.3231,3.6485,0.5745,14.6608,-24.7584,11.1622,-25.7850,11.0432,-25.5937,14.0207,-24.5753,26.3518,-19.6113,-3.4986,-1.0266,-3.6176,-0.8353,-0.6401,0.1831,60,0.0700,60,0,0.9809,0.0165,0.0026,-1.0243,-0.9467,0.2997,5.4870,2.4274,0.0000
5.9800,IMM-EKF,jink,0.500,10.00,0.050,1,0.600,1,7.0306,4.9655,-2.0651,0.7789,0.2384,0.1102,0.1377,6.0000,4.5784,1.3250,4.0431,0.5725,15.1547,-24.6189,11.1622,-25.7850,11.0432,-25.5937,14.4236,-24.4981,26.4575,-19.8744,-3.9925,-1.1661,-4.1114,-0.9748,-0.7311,0.1209,60,0.0800,60,0,0.9809,0.0165,0.0026,-1.0668,-1.0544,0.4226,5.5158,2.3614,0.0000
5.9900,IMM-EKF,jink,0.500,10.00,0.050,1,0.600,1,7.0771,5.0130,-2.0641,0.7919,0.2384,0.1102,0.1376,6.0000,4.5784,1.3271,4.7376,0.5704,15.6427,-24.4960,11.1622,-25.7850,11.0432,-25.5937,14.7744,-24.5517,26.5990,-20.5633,-4.4805,-1.2890,-4.5994,-1.0977,-0.8683,-0.0558,60,0.0900,60,0,0.9809,0.0165,0.0026,-1.0108,-0.9454,0.5621,5.5437,2.2950,0.0000
6.0000,IMM-EKF,jink,0.500,10.00,0.050,1,0.600,1,7.1221,5.0499,-2.0722,0.8058,0.2384,0.1102,0.1374,6.0000,4.5784,1.3291,5.7023,0.5684,16.1242,-24.3841,11.1622,-25.7850,11.0432,-25.5937,15.0975,-24.5719,26.7454,-20.9696,-4.9620,-1.4009,-5.0810,-1.2096,-1.0267,-0.1878,60,0.1000,60,0,0.9809,0.0165,0.0026,-0.9268,-0.7785,0.6031,5.5709,2.2283,0.0000
6.0100,IMM-EKF,jink,0.500,10.00,0.050,1,0.600,1,7.1664,5.0820,-2.0844,0.8207,0.2384,0.1102,0.1383,6.0000,4.5784,1.3291,6.7109,0.5657,16.5909,-24.2771,11.1622,-25.7850,11.0432,-25.5937,15.4051,-24.5811,26.8913,-21.2607,-5.4287,-1.5079,-5.5477,-1.3166,-1.1859,-0.3040,60,0.1100,60,0,0.9809,0.0165,0.0026,-0.8405,-0.6086,0.6108,5.5437,2.2950,0.0000
6.0200,IMM-EKF,jink,0.500,10.00,0.050,1,0.600,1,7.2098,5.1105,-2.0993,0.8366,0.2384,0.1102,0.1390,6.0000,4.5784,1.3290,7.7496,0.5631,17.0442,-24.1741,11.1622,-25.7850,11.0432,-25.5937,15.6990,-24.5942,27.0362,-21.5173,-5.8820,-1.6109,-6.0010,-1.4196,-1.3452,-0.4202,60,0.1200,60,0,0.9809,0.0165,0.0026,-0.7542,-0.4403,0.6075,5.5158,2.3614,0.0000
6.0300,IMM-EKF,jink,0.500,10.00,0.050,1,0.600,1,7.2525,5.1357,-2.1168,0.8534,0.2384,0.1102,0.1395,6.0000,4.5784,1.3289,8.8146,0.5607,17.4845,-24.0745,11.1622,-25.7850,11.0432,-25.5937,15.9803,-24.6150,27.1801,-21.7607,-6.3223,-1.7105,-6.4412,-1.5192,-1.5042,-0.5405,60,0.1300,60,0,0.9809,0.0165,0.0026,-0.6682,-0.2739,0.5989,5.4870,2.4274,0.0000
6.0400,IMM-EKF,jink,0.500,10.00,0.050,1,0.600,1,7.2942,5.1576,-2.1366,0.8712,0.2384,0.1102,0.1399,6.0000,4.5784,1.3288,9.9042,0.5585,17.9121,-23.9782,11.1622,-25.7850,11.0432,-25.5937,16.2496,-24.6447,27.3232,-21.9996,-6.7499,-1.8068,-6.8688,-1.6155,-1.6625,-0.6665,60,0.1400,60,0,0.9809,0.0165,0.0026,-0.5824,-0.1096,0.5872,5.4575,2.4931,0.0000
6.0500,IMM-EKF,jink,0.500,10.00,0.050,1,0.600,1,7.3352,5.0492,-2.2859,0.8009,0.2408,0.1099,0.1378,6.0000,4.4766,0.7956,1.7194,0.5564,18.3273,-23.8848,16.1242,-24.3841,16.1787,-24.5079,18.2748,-24.1682,32.6013,-21.1033,-2.2031,-0.4993,-2.1486,-0.6230,-0.0525,-0.2834,61,0.0500,61,0,0.9774,0.0193,0.0033,-0.4969,0.0527,0.5735,5.4272,2.5584,0.0000
6.0600,IMM-EKF,jink,0.500,10.00,0.050,1,0.600,1,7.3752,5.0759,-2.2993,0.8127,0.2408,0.1099,0.1379,6.0000,4.4766,0.7954,2.1159,0.5544,18.7307,-23.7944,16.1242,-24.3841,16.1787,-24.5079,18.6566,-24.1416,32.8726,-21.2838,-2.6065,-0.5897,-2.5519,-0.7135,-0.0740,-0.3472,61,0.0600,61,0,0.9774,0.0193,0.0033,-0.4118,0.2131,0.5584,5.3961,2.6233,0.0000
6.0700,IMM-EKF,jink,0.500,10.00,0.050,1,0.600,1,7.4143,5.0994,-2.3149,0.8252,0.2408,0.1099,0.1379,6.0000,4.4766,0.7954,2.5638,0.5526,19.1224,-23.7067,16.1242,-24.3841,16.1787,-24.5079,19.0271,-24.1263,33.1479,-21.4681,-2.9982,-0.6774,-2.9436,-0.8012,-0.0953,-0.4196,61,0.0700,61,0,0.9774,0.0193,0.0033,-0.3270,0.3715,0.5424,5.3643,2.6879,0.0000
6.0800,IMM-EKF,jink,0.500,10.00,0.050,1,0.600,1,7.4525,5.1199,-2.3326,0.8384,0.2408,0.1099,0.1377,6.0000,4.4766,0.7954,3.0596,0.5509,19.5027,-23.6216,16.1242,-24.3841,16.1787,-24.5079,19.3871,-24.1220,33.4275,-21.6572,-3.3785,-0.7625,-3.3240,-0.8862,-0.1157,-0.5004,61,0.0800,61,0,0.9774,0.0193,0.0033,-0.2425,0.5281,0.5256,5.3316,2.7521,0.0000
6.0900,IMM-EKF,jink,0.500,10.00,0.050,1,0.600,1,7.4898,5.1373,-2.3525,0.8525,0.2408,0.1099,0.1374,6.0000,4.4766,0.7954,3.6011,0.5494,19.8721,-23.5392,16.1242,-24.3841,16.1787,-24.5079,19.7373,-24.1283,33.7118,-21.8520,-3.7479,-0.8449,-3.6934,-0.9687,-0.1348,-0.5892,61,0.0900,61,0,0.9774,0.0193,0.0033,-0.1585,0.6828,0.5084,5.2982,2.8158,0.0000
6.1000,IMM-EKF,jink,0.500,10.00,0.050,1,0.600,1,7.5261,5.1517,-2.3744,0.8674,0.2408,0.1099,0.1370,6.0000,4.4766,0.7955,4.1863,0.5480,20.2307,-23.4592,16.1242,-24.3841,16.1787,-24.5079,20.0787,-24.1450,34.0014,-22.0533,-4.1065,-0.9249,-4.0520,-1.0487,-0.1521,-0.6858,61,0.1000,61,0,0.9774,0.0193,0.0033,-0.0748,0.8356,0.4909,5.2640,2.8792,0.0000
6.1100,IMM-EKF,jink,0.500,10.00,0.050,1,0.600,1,7.5615,5.1631,-2.3984,0.8832,0.2408,0.1099,0.1365,6.0000,4.4766,0.7957,4.8142,0.5467,20.5789,-23.3817,16.1242,-24.3841,16.1787,-24.5079,20.4117,-24.1717,34.2966,-22.2618,-4.4547,-1.0024,-4.4002,-1.1262,-0.1672,-0.7900,61,0.1100,61,0,0.9774,0.0193,0.0033,0.0084,0.9867,0.4731,5.2291,2.9422,0.0000
6.1200,IMM-EKF,jink,0.500,10.00,0.050,1,0.600,1,7.5959,5.1716,-2.4243,0.8999,0.2408,0.1099,0.1358,6.0000,4.4766,0.7960,5.4841,0.5455,20.9169,-23.3066,16.1242,-24.3841,16.1787,-24.5079,20.7372,-24.2084,34.5981,-22.4781,-4.7927,-1.0775,-4.7382,-1.2013,-0.1797,-0.9018,61,0.1200,61,0,0.9774,0.0193,0.0033,0.0913,1.1361,0.4551,5.1934,3.0047,0.0000
6.1300,IMM-EKF,jink,0.500,10.00,0.050,1,0.600,1,7.6294,5.1772,-2.4522,0.9175,0.2408,0.1099,0.1351,6.0000,4.4766,0.7962,6.1954,0.5443,21.2449,-23.2338,16.1242,-24.3841,16.1787,-24.5079,21.0557,-24.2548,34.9063,-22.7028,-5.1207,-1.1503,-5.0662,-1.2740,-0.1892,-1.0210,61,0.1300,61,0,0.9774,0.0193,0.0033,0.1737,1.2837,0.4371,5.1570,3.0668,0.0000
6.1400,IMM-EKF,jink,0.500,10.00,0.050,1,0.600,1,7.6619,5.1800,-2.4819,0.9360,0.2408,0.1099,0.1342,6.0000,4.4766,0.7965,6.9481,0.5433,21.5632,-23.1634,16.1242,-24.3841,16.1787,-24.5079,21.3679,-24.3109,35.2219,-22.9364,-5.4390,-1.2207,-5.3845,-1.3445,-0.1953,-1.1475,61,0.1400,61,0,0.9774,0.0193,0.0033,0.2556,1.4296,0.4190,5.1198,3.1285,0.0000
6.1500,IMM-EKF,jink,0.500,10.00,0.050,1,0.600,1,7.6934,5.1847,-2.5087,0.8314,0.2417,0.1089,0.1324,6.0000,4.4877,1.1747,1.8661,0.5424,21.8721,-23.0952,20.2307,-23.4592,20.2256,-23.6566,21.9887,-23.3882,36.0326,-20.4221,-1.6413,-0.3640,-1.6465,-0.5614,0.1166,-0.2930,62,0.0500,62,0,0.9802,0.0171,0.0027,0.3371,1.5739,0.4009,5.0819,3.1897,0.0000
6.1600,IMM-EKF,jink,0.500,10.00,0.050,1,0.600,1,7.7239,5.1956,-2.5283,0.8435,0.2417,0.1089,0.1313,6.0000,4.4877,1.1738,2.1557,0.5416,22.1716,-23.0293,20.2307,-23.4592,20.2256,-23.6566,22.3209,-23.3625,36.3569,-20.5673,-1.9409,-0.4299,-1.9460,-0.6273,0.1492,-0.3332,62,0.0600,62,0,0.9802,0.0171,0.0027,0.4181,1.7166,0.3828,5.0433,3.2504,0.0000
6.1700,IMM-EKF,jink,0.500,10.00,0.050,1,0.600,1,7.7535,5.2036,-2.5499,0.8562,0.2417,0.1089,0.1305,6.0000,4.4877,1.1729,2.4904,0.5404,22.4636,-22.9656,20.2307,-23.4592,20.2256,-23.6566,22.6466,-23.3463,36.6891,-20.7196,-2.2329,-0.4936,-2.2380,-0.6910,0.1830,-0.3808,62,0.0700,62,0,0.9802,0.0171,0.0027,0.4986,1.8576,0.3648,5.0039,3.3107,0.0000
6.1800,IMM-EKF,jink,0.500,10.00,0.050,1,0.600,1,7.7820,5.2088,-2.5732,0.8697,0.2417,0.1089,0.1296,6.0000,4.4877,1.1720,2.8719,0.5392,22.7467,-22.9041,20.2307,-23.4592,20.2256,-23.6566,22.9666,-23.3394,37.0299,-20.8793,-2.5159,-0.5551,-2.5211,-0.7525,0.2199,-0.4354,62,0.0800,62,0,0.9802,0.0171,0.0027,0.5786,1.9970,0.3468,4.9638,3.3705,0.0000
6.1900,IMM-EKF,jink,0.500,10.00,0.050,1,0.600,1,7.8095,5.2111,-2.5984,0.8840,0.2417,0.1089,0.1287,6.0000,4.4877,1.1710,3.3013,0.5381,23.0205,-22.8447,20.2307,-23.4592,20.2256,-23.6566,23.2813,-23.3417,37.3799,-21.0469,-2.7897,-0.6145,-2.7948,-0.8119,0.2609,-0.4969,62,0.0900,62,0,0.9802,0.0171,0.0027,0.6581,2.1349,0.3290,4.9230,3.4299,0.0000
6.2000,IMM-EKF,jink,0.500,10.00,0.050,1,0.600,1,7.8361,5.2107,-2.6254,0.8990,0.2417,0.1089,0.1280,6.0000,4.4877,1.1700,3.7795,0.5373,23.2849,-22.7875,20.2307,-23.4592,20.2256,-23.6566,23.5914,-23.3528,37.7399,-21.2227,-3.0542,-0.6717,-3.0593,-0.8691,0.3065,-0.5653,62,0.1000,62,0,0.9802,0.0171,0.0027,0.7371,2.2713,0.3113,4.8815,3.4887,0.0000
6.2100,IMM-EKF,jink,0.500,10.00,0.050,1,0.600,1,7.8616,5.2076,-2.6540,0.9149,0.2417,0.1089,0.1271,6.0000,4.4877,1.1691,4.3046,0.5366,23.5410,-22.7324,20.2307,-23.4592,20.2256,-23.6566,23.8974,-23.3729,38.1106,-21.4071,-3.3103,-0.7268,-3.3154,-0.9242,0.3564,-0.6405,62,0.1100,62,0,0.9802,0.0171,0.0027,0.8155,2.4062,0.2937,4.8393,3.5470,0.0000
6.2200,IMM-EKF,jink,0.500,10.00,0.050,1,0.600,1,7.8861,5.2018,-2.6843,0.9317,0.2417,0.1089,0.1262,6.0000,4.4877,1.1684,4.8775,0.5360,23.7889,-22.6794,20.2307,-23.4592,20.2256,-23.6566,24.1997,-23.4017,38.4930,-21.6006,-3.5582,-0.7798,-3.5633,-0.9772,0.4108,-0.7224,62,0.1200,62,0,0.9802,0.0171,0.0027,0.8934,2.5395,0.2763,4.7964,3.6048,0.0000
6.2300,IMM-EKF,jink,0.500,10.00,0.050,1,0.600,1,7.9096,5.1934,-2.7163,0.9494,0.2417,0.1089,0.1252,6.0000,4.4877,1.1676,5.4988,0.5354,24.0288,-22.6284,20.2307,-23.4592,20.2256,-23.6566,24.4990,-23.4394,38.8879,-21.8036,-3.7981,-0.8308,-3.8032,-1.0282,0.4702,-0.8109,62,0.1300,62,0,0.9802,0.0171,0.0027,0.9707,2.6715,0.2590,4.7528,3.6621,0.0000
6.2400,IMM-EKF,jink,0.500,10.00,0.050,1,0.600,1,7.9321,5.1823,-2.7498,0.9680,0.2417,0.1089,0.1241,6.0000,4.4877,1.1670,6.1693,0.5349,24.2609,-22.5795,20.2307,-23.4592,20.2256,-23.6566,24.7957,-23.4857,39.2964,-22.0166,-4.0302,-0.8797,-4.0353,-1.0771,0.5348,-0.9062,62,0.1400,62,0,0.9802,0.0171,0.0027,1.0474,2.8020,0.2419,4.7085,3.7189,0.0000
6.2500,IMM-EKF,jink,0.500,10.00,0.050,1,0.600,1,7.9535,5.3752,-2.5783,0.8679,0.2407,0.1076,0.1239,6.0000,4.7280,1.8148,2.2419,0.5345,24.4853,-22.5327,23.2849,-22.7875,23.1544,-23.0676,24.5349,-22.9046,36.5005,-20.7613,-1.2004,-0.2549,-1.3308,-0.5349,0.0496,-0.3720,63,0.0500,63,0,0.9806,0.0167,0.0027,1.1236,2.9311,0.2250,4.6635,3.7751,0.0000
6.2600,IMM-EKF,jink,0.500,10.00,0.050,1,0.600,1,7.9739,5.3770,-2.5970,0.8803,0.2407,0.1076,0.1226,6.0000,4.7280,1.8135,2.4788,0.5342,24.7020,-22.4878,23.2849,-22.7875,23.1544,-23.0676,24.7933,-22.8935,36.8006,-20.9129,-1.4172,-0.2997,-1.5476,-0.5797,0.0913,-0.4057,63,0.0600,63,0,0.9806,0.0167,0.0027,1.1992,3.0588,0.2082,4.6179,3.8308,0.0000
6.2700,IMM-EKF,jink,0.500,10.00,0.050,1,0.600,1,7.9933,5.3761,-2.6173,0.8933,0.2407,0.1076,0.1213,6.0000,4.7280,1.8123,2.7711,0.5340,24.9114,-22.4450,23.2849,-22.7875,23.1544,-23.0676,25.0482,-22.8907,37.1094,-21.0729,-1.6265,-0.3425,-1.7570,-0.6226,0.1368,-0.4457,63,0.0700,63,0,0.9806,0.0167,0.0027,1.2741,3.1851,0.1917,4.5716,3.8859,0.0000
6.2800,IMM-EKF,jink,0.500,10.00,0.050,1,0.600,1,8.0117,5.3726,-2.6391,0.9070,0.2407,0.1076,0.1199,6.0000,4.7280,1.8111,3.1171,0.5338,25.1134,-22.4041,23.2849,-22.7875,23.1544,-23.0676,25.2999,-22.8959,37.4277,-21.2414,-1.8285,-0.3834,-1.9590,-0.6634,0.1865,-0.4918,63,0.0800,63,0,0.9806,0.0167,0.0027,1.3485,3.3101,0.1753,4.5246,3.9405,0.0000
6.2900,IMM-EKF,jink,0.500,10.00,0.050,1,0.600,1,8.0290,5.3665,-2.6625,0.9215,0.2407,0.1076,0.1184,6.0000,4.7280,1.8101,3.5152,0.5337,25.3082,-22.3653,23.2849,-22.7875,23.1544,-23.0676,25.5488,-22.9093,37.7563,-21.4189,-2.0233,-0.4222,-2.1538,-0.7022,0.2407,-0.5440,63,0.0900,63,0,0.9806,0.0167,0.0027,1.4222,3.4338,0.1591,4.4770,3.9945,0.0000
6.3000,IMM-EKF,jink,0.500,10.00,0.050,1,0.600,1,8.0453,5.3578,-2.6875,0.9368,0.2407,0.1076,0.1168,6.0000,4.7280,1.8091,3.9644,0.5337,25.4959,-22.3284,23.2849,-22.7875,23.1544,-23.0676,25.7955,-22.9306,38.0960,-21.6058,-2.2110,-0.4591,-2.3415,-0.7391,0.2996,-0.6022,63,0.1000,63,0,0.9806,0.0167,0.0027,1.4954,3.5562,0.1432,4.4288,4.0480,0.0000
6.3100,IMM-EKF,jink,0.500,10.00,0.050,1,0.600,1,8.0606,5.3467,-2.7138,0.9528,0.2407,0.1076,0.1152,6.0000,4.7280,1.8082,4.4641,0.5337,25.6766,-22.2935,23.2849,-22.7875,23.1544,-23.0676,26.0403,-22.9600,38.4477,-21.8026,-2.3917,-0.4940,-2.5222,-0.7740,0.3637,-0.6664,63,0.1100,63,0,0.9806,0.0167,0.0027,1.5678,3.6773,0.1274,4.3799,4.1008,0.0000
6.3200,IMM-EKF,jink,0.500,10.00,0.050,1,0.600,1,8.0748,5.3331,-2.7416,0.9697,0.2407,0.1076,0.1135,6.0000,4.7280,1.8074,5.0142,0.5339,25.8505,-22.2606,23.2849,-22.7875,23.1544,-23.0676,26.2835,-22.9973,38.8122,-22.0098,-2.5656,-0.5269,-2.6961,-0.8069,0.4331,-0.7367,63,0.1200,63,0,0.9806,0.0167,0.0027,1.6397,3.7972,0.1119,4.3303,4.1531,0.0000
6.3300,IMM-EKF,jink,0.500,10.00,0.050,1,0.600,1,8.0879,5.3171,-2.7708,0.9874,0.2407,0.1076,0.1117,6.0000,4.7280,1.8067,5.6149,0.5340,26.0175,-22.2297,23.2849,-22.7875,23.1544,-23.0676,26.5257,-23.0426,39.1907,-22.2278,-2.7327,-0.5578,-2.8631,-0.8379,0.5082,-0.8129,63,0.1300,63,0,0.9806,0.0167,0.0027,1.7109,3.9158,0.0966,4.2802,4.2047,0.0000
6.3401,IMM-EKF,jink,0.500,10.00,0.050,1,0.600,1,8.1000,5.2987,-2.8014,1.0060,0.2407,0.1076,0.1098,6.0000,4.7280,1.8061,6.2670,0.5342,26.1779,-22.2007,23.2849,-22.7875,23.1544,-23.0676,26.7672,-23.0960,39.5842,-22.4573,-2.8930,-0.5868,-3.0235,-0.8668,0.5893,-0.8953,63,0.1400,63,0,0.9806,0.0167,0.0027,1.7814,4.0333,0.0815,4.2294,4.2558,0.0000
6.3501,IMM-EKF,jink,0.500,10.00,0.050,1,0.600,1,8.1111,5.5235,-2.5876,0.9100,0.2395,0.1066,0.1092,6.0000,5.1701,1.9927,1.1620,0.5346,26.3317,-22.1737,25.4959,-22.3284,25.1349,-22.3517,26.1235,-22.1501,35.0740,-19.4497,-0.8358,-0.1548,-1.1967,-0.1781,-0.2082,0.0236,64,0.0500,64,0,0.9768,0.0198,0.0034,1.8513,4.1495,0.0666,4.1781,4.3063,0.0000
6.3601,IMM-EKF,jink,0.500,10.00,0.050,1,0.600,1,8.1212,5.5179,-2.6032,0.9228,0.2395,0.1066,0.1072,6.0000,5.1701,1.9911,0.9864,0.5349,26.4790,-22.1486,25.4959,-22.3284,25.1349,-22.3517,26.3032,-22.1223,35.3032,-19.5678,-0.9831,-0.1798,-1.3440,-0.2031,-0.1757,0.0263,64,0.0600,64,0,0.9768,0.0198,0.0034,1.9205,4.2645,0.0519,4.1261,4.3561,0.0000
6.3701,IMM-EKF,jink,0.500,10.00,0.050,1,0.600,1,8.1302,5.5099,-2.6203,0.9363,0.2395,0.1066,0.1052,6.0000,5.1701,1.9895,0.7827,0.5353,26.6198,-22.1255,25.4959,-22.3284,25.1349,-22.3517,26.4809,-22.1017,35.5401,-19.6935,-1.1239,-0.2029,-1.4848,-0.2262,-0.1389,0.0238,64,0.0700,64,0,0.9768,0.0198,0.0034,1.9890,4.3785,0.0375,4.0735,4.4053,0.0000
6.3801,IMM-EKF,jink,0.500,10.00,0.050,1,0.600,1,8.1381,5.4995,-2.6386,0.9504,0.2395,0.1066,0.1031,6.0000,5.1701,1.9879,0.5482,0.5358,26.7542,-22.1044,25.4959,-22.3284,25.1349,-22.3517,26.6569,-22.0882,35.7851,-19.8272,-1.2584,-0.2240,-1.6193,-0.2473,-0.0973,0.0162,64,0.0800,64,0,0.9768,0.0198,0.0034,2.0569,4.4912,0.0233,4.0204,4.4538,0.0000
6.3901,IMM-EKF,jink,0.500,10.00,0.050,1,0.600,1,8.1450,5.4867,-2.6583,0.9652,0.2395,0.1066,0.1010,6.0000,5.1701,1.9865,0.2832,0.5363,26.8824,-22.0853,25.4959,-22.3284,25.1349,-22.3517,26.8315,-22.0818,36.0391,-19.9693,-1.3865,-0.2432,-1.7475,-0.2665,-0.0509,0.0035,64,0.0900,64,0,0.9768,0.0198,0.0034,2.1240,4.6029,0.0093,3.9666,4.5018,0.0000
6.4001,IMM-EKF,jink,0.500,10.00,0.050,1,0.600,1,8.1509,5.4715,-2.6793,0.9807,0.2395,0.1066,0.0988,6.0000,5.1701,1.9850,0.0853,0.5369,27.0043,-22.0681,25.4959,-22.3284,25.1349,-22.3517,27.0049,-22.0823,36.3027,-20.1202,-1.5085,-0.2604,-1.8694,-0.2836,0.0006,-0.0142,64,0.1000,64,0,0.9768,0.0198,0.0034,2.1905,4.7135,-0.0045,3.9123,4.5490,0.0000
6.4101,IMM-EKF,jink,0.500,10.00,0.050,1,0.600,1,8.1557,5.4541,-2.7016,0.9971,0.2395,0.1066,0.0966,6.0000,5.1701,1.9837,0.3877,0.5376,27.1201,-22.0529,25.4959,-22.3284,25.1349,-22.3517,27.1775,-22.0899,36.5767,-20.2804,-1.6242,-0.2756,-1.9852,-0.2988,0.0574,-0.0370,64,0.1100,64,0,0.9768,0.0198,0.0034,2.2562,4.8230,-0.0180,3.8575,4.5957,0.0000
6.4201,IMM-EKF,jink,0.500,10.00,0.050,1,0.600,1,8.1594,5.4343,-2.7251,1.0142,0.2395,0.1066,0.0944,6.0000,5.1701,1.9842,0.7676,0.5381,27.2301,-22.0397,25.4959,-22.3284,25.1349,-22.3517,27.3496,-22.1045,36.8621,-20.4503,-1.7342,-0.2888,-2.0952,-0.3121,0.1195,-0.0648,64,0.1200,64,0,0.9768,0.0198,0.0034,2.3212,4.9314,-0.0313,3.8020,4.6416,0.0000
6.4301,IMM-EKF,jink,0.500,10.00,0.050,1,0.600,1,8.1621,5.4124,-2.7498,1.0321,0.2395,0.1066,0.0924,6.0000,5.1701,1.9891,1.1881,0.5381,27.3349,-22.0285,25.4959,-22.3284,25.1349,-22.3517,27.5215,-22.1261,37.1597,-20.6305,-1.8390,-0.3000,-2.1999,-0.3233,0.1867,-0.0976,64,0.1300,64,0,0.9768,0.0198,0.0034,2.3855,5.0388,-0.0443,3.7461,4.6869,0.0000
6.4401,IMM-EKF,jink,0.500,10.00,0.050,1,0.600,1,8.1638,5.3882,-2.7756,1.0509,0.2395,0.1066,0.0903,6.0000,5.1701,1.9939,1.6530,0.5381,27.4336,-22.0193,25.4959,-22.3284,25.1349,-22.3517,27.6935,-22.1547,37.4707,-20.8215,-1.9377,-0.3091,-2.2987,-0.3324,0.2599,-0.1354,64,0.1400,64,0,0.9768,0.0198,0.0034,2.4491,5.1452,-0.0572,3.6895,4.7315,0.0000
6.4501,IMM-EKF,jink,0.500,10.00,0.050,1,0.600,1,8.1644,5.7313,-2.4331,0.9466,0.2390,0.1062,0.0888,6.0000,5.7256,1.4360,0.5802,0.5385,27.5257,-22.0121,27.0043,-22.0681,26.7637,-22.1523,27.5594,-22.1040,35.3650,-21.3815,-0.5214,-0.0560,-0.7621,-0.1401,0.0337,-0.0918,65,0.0500,65,0,0.9797,0.0175,0.0028,2.5120,5.2506,-0.0698,3.6325,4.7754,0.0000
6.4601,IMM-EKF,jink,0.500,10.00,0.050,1,0.600,1,8.1640,5.7214,-2.4426,0.9595,0.2390,0.1062,0.0869,6.0000,5.7256,1.4349,0.8376,0.5392,27.6115,-22.0070,27.0043,-22.0681,26.7637,-22.1523,27.7091,-22.1139,35.5851,-21.5509,-0.6071,-0.0611,-0.8478,-0.1453,0.0976,-0.1069,65,0.0600,65,0,0.9797,0.0175,0.0028,2.5741,5.3550,-0.0821,3.5749,4.8187,0.0000
6.4701,IMM-EKF,jink,0.500,10.00,0.050,1,0.600,1,8.1625,5.7093,-2.4532,0.9731,0.2390,0.1062,0.0850,6.0000,5.7256,1.4338,1.1944,0.5400,27.6913,-22.0039,27.0043,-22.0681,26.7637,-22.1523,27.8581,-22.1304,35.8137,-21.7297,-0.6870,-0.0641,-0.9277,-0.1483,0.1667,-0.1264,65,0.0700,65,0,0.9797,0.0175,0.0028,2.6355,5.4584,-0.0943,3.5169,4.8612,0.0000
6.4801,IMM-EKF,jink,0.500,10.00,0.050,1,0.600,1,8.1600,5.6951,-2.4650,0.9872,0.2390,0.1062,0.0831,6.0000,5.7256,1.4328,1.6127,0.5409,27.7654,-22.0029,27.0043,-22.0681,26.7637,-22.1523,28.0067,-22.1535,36.0514,-21.9182,-0.7611,-0.0652,-1.0017,-0.1494,0.2413,-0.1506,65,0.0800,65,0,0.9797,0.0175,0.0028,2.6961,5.5609,-0.1061,3.4583,4.9031,0.0000
6.4901,IMM-EKF,jink,0.500,10.00,0.050,1,0.600,1,8.1565,5.6786,-2.4779,1.0021,0.2390,0.1062,0.0811,6.0000,5.7256,1.4319,2.0801,0.5418,27.8337,-22.0040,27.0043,-22.0681,26.7637,-22.1523,28.1552,-22.1832,36.2991,-22.1170,-0.8293,-0.0641,-1.0700,-0.1483,0.3215,-0.1793,65,0.0900,65,0,0.9797,0.0175,0.0028,2.7560,5.6624,-0.1178,3.3992,4.9442,0.0000
6.5001,IMM-EKF,jink,0.500,10.00,0.050,1,0.600,1,8.1519,5.6601,-2.4918,1.0176,0.2390,0.1062,0.0790,6.0000,5.7256,1.4310,2.5928,0.5428,27.8962,-22.0071,27.0043,-22.0681,26.7637,-22.1523,28.3039,-22.2196,36.5574,-22.3266,-0.8919,-0.0610,-1.1325,-0.1452,0.4077,-0.2125,65,0.1000,65,0,0.9797,0.0175,0.0028,2.8152,5.7630,-0.1292,3.3396,4.9847,0.0000
6.5101,IMM-EKF,jink,0.500,10.00,0.050,1,0.600,1,8.1463,5.6395,-2.5068,1.0339,0.2390,0.1062,0.0769,6.0000,5.7256,1.4302,3.1499,0.5438,27.9530,-22.0124,27.0043,-22.0681,26.7637,-22.1523,28.4531,-22.2627,36.8274,-22.5475,-0.9487,-0.0557,-1.1893,-0.1399,0.5001,-0.2503,65,0.1100,65,0,0.9797,0.0175,0.0028,2.8735,5.8628,-0.1404,3.2796,5.0244,0.0000
6.5201,IMM-EKF,jink,0.500,10.00,0.050,1,0.600,1,8.1396,5.6168,-2.5228,1.0510,0.2390,0.1062,0.0748,6.0000,5.7256,1.4294,3.7519,0.5449,28.0041,-22.0198,27.0043,-22.0681,26.7637,-22.1523,28.6030,-22.3125,37.1099,-22.7803,-0.9998,-0.0483,-1.2404,-0.1325,0.5989,-0.2927,65,0.1200,65,0,0.9797,0.0175,0.0028,2.9311,5.9616,-0.1513,3.2190,5.0634,0.0000
6.5301,IMM-EKF,jink,0.500,10.00,0.050,1,0.600,1,8.1319,5.5921,-2.5398,1.0688,0.2390,0.1062,0.0727,6.0000,5.7256,1.4286,4.3999,0.5461,28.0495,-22.0294,27.0043,-22.0681,26.7637,-22.1523,28.7540,-22.3692,37.4060,-23.0256,-1.0452,-0.0387,-1.2859,-0.1229,0.7045,-0.3398,65,0.1300,65,0,0.9797,0.0175,0.0028,2.9879,6.0596,-0.1620,3.1580,5.1016,0.0000
6.5401,IMM-EKF,jink,0.500,10.00,0.050,1,0.600,1,8.1232,5.5654,-2.5577,1.0875,0.2390,0.1062,0.0705,6.0000,5.7256,1.4279,5.0952,0.5473,28.0893,-22.0411,27.0043,-22.0681,26.7637,-22.1523,28.9063,-22.4328,37.7169,-23.2840,-1.0850,-0.0270,-1.3256,-0.1112,0.8170,-0.3917,65,0.1400,65,0,0.9797,0.0175,0.0028,3.0439,6.1567,-0.1724,3.0966,5.1392,0.0000
6.5501,IMM-EKF,jink,0.500,10.00,0.050,1,0.600,1,8.1134,5.8656,-2.2478,0.9861,0.2402,0.1058,0.0671,6.0000,6.2938,1.0887,3.1758,0.5485,28.1235,-22.0550,27.8962,-22.0071,27.9966,-21.8505,28.6430,-21.8323,35.2404,-21.0777,-0.2273,0.0479,-0.1269,0.2046,0.5195,0.2228,66,0.0500,66,0,0.9792,0.0178,0.0030,3.0992,6.2530,-0.1826,3.0347,5.1760,0.0000
6.5601,IMM-EKF,jink,0.500,10.00,0.050,1,0.600,1,8.1026,5.8507,-2.2519,0.9992,0.2402,0.1058,0.0648,6.0000,6.2938,1.0882,3.6760,0.5499,28.1520,-22.0712,27.8962,-22.0071,27.9966,-21.8505,28.7654,-21.8392,35.4503,-21.2370,-0.2558,0.0641,-0.1554,0.2207,0.6134,0.2321,66,0.0600,66,0,0.9792,0.0178,0.0030,3.1536,6.3484,-0.1925,2.9724,5.2120,0.0000
6.5701,IMM-EKF,jink,0.500,10.00,0.050,1,0.600,1,8.0908,5.8338,-2.2570,1.0129,0.2402,0.1058,0.0631,6.0000,6.2938,1.0818,4.1953,0.5500,28.1770,-22.0897,27.8962,-22.0071,27.9966,-21.8505,28.8884,-21.8521,35.6697,-21.4054,-0.2808,0.0825,-0.1804,0.2392,0.7115,0.2376,66,0.0700,66,0,0.9792,0.0178,0.0030,3.2073,6.4431,-0.2022,2.9096,5.2473,0.0000
6.5801,IMM-EKF,jink,0.500,10.00,0.050,1,0.600,1,8.0779,5.8149,-2.2630,1.0273,0.2402,0.1058,0.0631,6.0000,6.2938,1.0565,4.7106,0.5484,28.2032,-22.1104,27.8962,-22.0071,27.9966,-21.8505,29.0122,-21.8711,35.8994,-21.5834,-0.3070,0.1033,-0.2067,0.2599,0.8090,0.2393,66,0.0800,66,0,0.9792,0.0178,0.0030,3.2601,6.5370,-0.2117,2.8464,5.2818,0.0000
6.5901,IMM-EKF,jink,0.500,10.00,0.050,1,0.600,1,8.0640,5.7941,-2.2699,1.0423,0.2402,0.1058,0.0631,6.0000,6.2938,1.0339,5.2605,0.5501,28.2239,-22.1336,27.8962,-22.0071,27.9966,-21.8505,29.1371,-21.8962,36.1402,-21.7716,-0.3277,0.1265,-0.2273,0.2831,0.9132,0.2374,66,0.0900,66,0,0.9792,0.0178,0.0030,3.3122,6.6301,-0.2209,2.7829,5.3156,0.0000
6.6001,IMM-EKF,jink,0.500,10.00,0.050,1,0.600,1,8.0492,5.7714,-2.2777,1.0580,0.2402,0.1058,0.0640,6.0000,6.2938,1.0218,5.8676,0.5531,28.2352,-22.1593,27.8962,-22.0071,27.9966,-21.8505,29.2633,-21.9274,36.3929,-21.9703,-0.3390,0.1521,-0.2386,0.3088,1.0281,0.2318,66,0.1000,66,0,0.9792,0.0178,0.0030,3.3634,6.7224,-0.2298,2.7189,5.3486,0.0000
6.6101,IMM-EKF,jink,0.500,10.00,0.050,1,0.600,1,8.0332,5.7468,-2.2864,1.0744,0.2402,0.1058,0.0662,6.0000,6.2938,1.0218,6.5424,0.5532,28.2358,-22.1873,27.8962,-22.0071,27.9966,-21.8505,29.3911,-21.9649,36.6585,-22.1801,-0.3395,0.1802,-0.2392,0.3368,1.1553,0.2224,66,0.1100,66,0,0.9792,0.0178,0.0030,3.4138,6.8140,-0.2384,2.6545,5.3809,0.0000
6.6201,IMM-EKF,jink,0.500,10.00,0.050,1,0.600,1,8.0163,5.7204,-2.2960,1.0916,0.2402,0.1058,0.0683,6.0000,6.2938,1.0218,7.2598,0.5534,28.2307,-22.2177,27.8962,-22.0071,27.9966,-21.8505,29.5208,-22.0086,36.9381,-22.4016,-0.3345,0.2106,-0.2342,0.3672,1.2901,0.2091,66,0.1200,66,0,0.9792,0.0178,0.0030,3.4633,6.9048,-0.2468,2.5897,5.4123,0.0000
6.6301,IMM-EKF,jink,0.500,10.00,0.050,1,0.600,1,7.9984,5.6921,-2.3063,1.1096,0.2402,0.1058,0.0704,6.0000,6.2938,1.0218,8.0222,0.5537,28.2200,-22.2507,27.8962,-22.0071,27.9966,-21.8505,29.6528,-22.0587,37.2328,-22.6354,-0.3238,0.2435,-0.2235,0.4002,1.4327,0.1919,66,0.1300,66,0,0.9792,0.0178,0.0030,3.5120,6.9950,-0.2550,2.5246,5.4430,0.0000
6.6401,IMM-EKF,jink,0.500,10.00,0.050,1,0.600,1,7.9794,5.6620,-2.3174,1.1284,0.2402,0.1058,0.0724,6.0000,6.2938,1.0218,8.8320,0.5540,28.2037,-22.2861,27.8962,-22.0071,27.9966,-21.8505,29.7872,-22.1153,37.5439,-22.8822,-0.3075,0.2790,-0.2072,0.4356,1.5835,0.1708,66,0.1400,66,0,0.9792,0.0178,0.0030,3.5599,7.0844,-0.2628,2.4591,5.4729,0.0000
6.6501,IMM-EKF,jink,0.500,10.00,0.050,1,0.600,1,7.9595,6.0307,-1.9288,1.0229,0.2401,0.1054,0.0744,6.0000,6.8823,0.8601,2.7795,0.5543,28.1818,-22.3241,28.2352,-22.1593,28.3470,-22.0599,28.6664,-22.2028,31.1245,-23.8425,0.0534,0.1648,0.1652,0.2642,0.4846,0.1212,67,0.0500,67,0,0.9746,0.0215,0.0039,3.6070,7.1731,-0.2704,2.3933,5.5020,0.0000
6.6601,IMM-EKF,jink,0.500,10.00,0.050,1,0.600,1,7.9385,6.0140,-1.9246,1.0361,0.2401,0.1054,0.0763,6.0000,6.8823,0.8602,3.1607,0.5548,28.1542,-22.3647,28.2352,-22.1593,28.3470,-22.0599,28.7118,-22.2507,31.2188,-24.0765,0.0810,0.2055,0.1928,0.3048,0.5576,0.1140,67,0.0600,67,0,0.9746,0.0215,0.0039,3.6531,7.2612,-0.2777,2.3271,5.5304,0.0000
6.6701,IMM-EKF,jink,0.500,10.00,0.050,1,0.600,1,7.9166,5.9954,-1.9212,1.0499,0.2401,0.1054,0.0781,6.0000,6.8823,0.8604,3.5796,0.5553,28.1209,-22.4080,28.2352,-22.1593,28.3470,-22.0599,28.7581,-22.3046,31.3198,-24.3223,0.1143,0.2487,0.2261,0.3481,0.6372,0.1033,67,0.0700,67,0,0.9746,0.0215,0.0039,3.6984,7.3486,-0.2848,2.2605,5.5579,0.0000
6.6801,IMM-EKF,jink,0.500,10.00,0.050,1,0.600,1,7.8937,5.9750,-1.9186,1.0643,0.2401,0.1054,0.0798,6.0000,6.8823,0.8605,4.0385,0.5558,28.0819,-22.4539,28.2352,-22.1593,28.3470,-22.0599,28.8057,-22.3647,31.4281,-24.5805,0.1533,0.2947,0.2651,0.3940,0.7238,0.0892,67,0.0800,67,0,0.9746,0.0215,0.0039,3.7429,7.4354,-0.2915,2.1937,5.5846,0.0000
6.6901,IMM-EKF,jink,0.500,10.00,0.050,1,0.600,1,7.8697,5.9529,-1.9168,1.0793,0.2401,0.1054,0.0816,6.0000,6.8823,0.8606,4.5397,0.5564,28.0371,-22.5026,28.2352,-22.1593,28.3470,-22.0599,28.8546,-22.4311,31.5443,-24.8517,0.1981,0.3434,0.3099,0.4428,0.8175,0.0715,67,0.0900,67,0,0.9746,0.0215,0.0039,3.7865,7.5215,-0.2979,2.1265,5.6105,0.0000
6.7001,IMM-EKF,jink,0.500,10.00,0.050,1,0.600,1,7.8448,5.9291,-1.9157,1.0951,0.2401,0.1054,0.0832,6.0000,6.8823,0.8606,5.0850,0.5571,27.9866,-22.5542,28.2352,-22.1593,28.3470,-22.0599,28.9052,-22.5038,31.6691,-25.1366,0.2486,0.3949,0.3604,0.4943,0.9186,0.0503,67,0.1000,67,0,0.9746,0.0215,0.0039,3.8292,7.6070,-0.3040,2.0590,5.6356,0.0000
6.7101,IMM-EKF,jink,0.500,10.00,0.050,1,0.600,1,7.8189,5.9036,-1.9154,1.1115,0.2401,0.1054,0.0848,6.0000,6.8823,0.8607,5.6763,0.5578,27.9304,-22.6086,28.2352,-22.1593,28.3470,-22.0599,28.9576,-22.5831,31.8034,-25.4360,0.3048,0.4493,0.4167,0.5487,1.0273,0.0255,67,0.1100,67,0,0.9746,0.0215,0.0039,3.8710,7.6919,-0.3099,1.9912,5.6599,0.0000
6.7201,IMM-EKF,jink,0.500,10.00,0.050,1,0.600,1,7.7921,5.8764,-1.9157,1.1287,0.2401,0.1054,0.0864,6.0000,6.8823,0.8607,6.3157,0.5585,27.8682,-22.6659,28.2352,-22.1593,28.3470,-22.0599,29.0122,-22.6690,31.9479,-25.7506,0.3670,0.5067,0.4788,0.6061,1.1440,-0.0030,67,0.1200,67,0,0.9746,0.0215,0.0039,3.9119,7.7761,-0.3154,1.9232,5.6834,0.0000
6.7301,IMM-EKF,jink,0.500,10.00,0.050,1,0.600,1,7.7643,5.8476,-1.9166,1.1467,0.2401,0.1054,0.0878,6.0000,6.8823,0.8607,7.0050,0.5594,27.8002,-22.7263,28.2352,-22.1593,28.3470,-22.0599,29.0692,-22.7617,32.1036,-26.0813,0.4350,0.5670,0.5468,0.6664,1.2689,-0.0354,67,0.1300,67,0,0.9746,0.0215,0.0039,3.9519,7.8598,-0.3205,1.8548,5.7061,0.0000
6.7401,IMM-EKF,jink,0.500,10.00,0.050,1,0.600,1,7.7355,5.8173,-1.9182,1.1654,0.2401,0.1054,0.0894,6.0000,6.8823,0.8589,7.7437,0.5605,27.7267,-22.7897,28.2352,-22.1593,28.3470,-22.0599,29.1288,-22.8613,32.2715,-26.4289,0.5085,0.6305,0.6203,0.7298,1.4020,-0.0716,67,0.1400,67,0,0.9746,0.0215,0.0039,3.9910,7.9430,-0.3253,1.7862,5.7279,0.0000
6.7501,IMM-EKF,jink,0.500,10.00,0.050,1,0.600,1,7.7057,5.6914,-2.0143,1.0422,0.2368,0.1037,0.0943,6.0000,6.8385,0.3579,0.8269,0.5620,27.6478,-22.8563,27.9866,-22.5542,27.9504,-22.5042,27.7931,-22.8221,25.1622,-26.7015,0.3389,0.3021,0.3027,0.3521,0.1453,0.0342,68,0.0500,68,0,0.9727,0.0233,0.0039,4.0291,8.0256,-0.3298,1.7174,5.7490,0.0000
6.7601,IMM-EKF,jink,0.500,10.00,0.050,1,0.600,1,7.6750,5.6656,-2.0094,1.0555,0.2368,0.1037,0.0959,6.0000,6.8385,0.3595,1.0642,0.5635,27.5628,-22.9261,27.9866,-22.5542,27.9504,-22.5042,27.7546,-22.9051,25.1040,-27.0536,0.4239,0.3719,0.3877,0.4219,0.1918,0.0210,68,0.0600,68,0,0.9727,0.0233,0.0039,4.0664,8.1076,-0.3339,1.6483,5.7692,0.0000
6.7701,IMM-EKF,jink,0.500,10.00,0.050,1,0.600,1,7.6434,5.6381,-2.0053,1.0693,0.2368,0.1037,0.0974,6.0000,6.8385,0.3612,1.3523,0.5650,27.4717,-22.9992,27.9866,-22.5542,27.9504,-22.5042,27.7172,-22.9953,25.0490,-27.4250,0.5149,0.4451,0.4788,0.4951,0.2455,0.0039,68,0.0700,68,0,0.9727,0.0233,0.0039,4.1027,8.1891,-0.3376,1.5789,5.7885,0.0000
6.7801,IMM-EKF,jink,0.500,10.00,0.050,1,0.600,1,7.6108,5.6091,-2.0017,1.0838,0.2368,0.1037,0.0990,6.0000,6.8385,0.3609,1.6949,0.5662,27.3739,-23.0757,27.9866,-22.5542,27.9504,-22.5042,27.6813,-23.0928,24.9978,-27.8170,0.6128,0.5216,0.5766,0.5716,0.3074,-0.0171,68,0.0800,68,0,0.9727,0.0233,0.0039,4.1380,8.2700,-0.3409,1.5094,5.8071,0.0000
6.7901,IMM-EKF,jink,0.500,10.00,0.050,1,0.600,1,7.5773,5.5785,-1.9988,1.0989,0.2368,0.1037,0.1007,6.0000,6.8385,0.3597,2.0906,0.5672,27.2695,-23.1557,27.9866,-22.5542,27.9504,-22.5042,27.6469,-23.1979,24.9509,-28.2309,0.7171,0.6015,0.6809,0.6516,0.3774,-0.0421,68,0.0900,68,0,0.9727,0.0233,0.0039,4.1724,8.3505,-0.3438,1.4396,5.8247,0.0000
6.8001,IMM-EKF,jink,0.500,10.00,0.050,1,0.600,1,7.5429,5.5464,-1.9965,1.1148,0.2368,0.1037,0.1022,6.0000,6.8385,0.3584,2.5389,0.5682,27.1589,-23.2393,27.9866,-22.5542,27.9504,-22.5042,27.6143,-23.3107,24.9090,-28.6681,0.8277,0.6851,0.7915,0.7351,0.4554,-0.0714,68,0.1000,68,0,0.9727,0.0233,0.0039,4.2059,8.4304,-0.3463,1.3696,5.8416,0.0000
6.8101,IMM-EKF,jink,0.500,10.00,0.050,1,0.600,1,7.5075,5.5128,-1.9947,1.1313,0.2368,0.1037,0.1038,6.0000,6.8385,0.3571,3.0410,0.5693,27.0419,-23.3265,27.9866,-22.5542,27.9504,-22.5042,27.5838,-23.4316,24.8727,-29.1303,0.9447,0.7723,0.9085,0.8223,0.5418,-0.1051,68,0.1100,68,0,0.9727,0.0233,0.0039,4.2383,8.5099,-0.3482,1.2994,5.8576,0.0000
6.8201,IMM-EKF,jink,0.500,10.00,0.050,1,0.600,1,7.4713,5.4779,-1.9934,1.1486,0.2368,0.1037,0.1052,6.0000,6.8385,0.3557,3.5986,0.5705,26.9185,-23.4175,27.9866,-22.5542,27.9504,-22.5042,27.5555,-23.5609,24.8427,-29.6192,1.0681,0.8633,1.0319,0.9134,0.6370,-0.1434,68,0.1200,68,0,0.9727,0.0233,0.0039,4.2698,8.5888,-0.3497,1.2290,5.8728,0.0000
6.8301,IMM-EKF,jink,0.500,10.00,0.050,1,0.600,1,7.4341,5.4415,-1.9927,1.1666,0.2368,0.1037,0.1067,6.0000,6.8385,0.3543,4.2136,0.5717,26.7886,-23.5124,27.9866,-22.5542,27.9504,-22.5042,27.5298,-23.6989,24.8201,-30.1368,1.1981,0.9582,1.1619,1.0082,0.7412,-0.1865,68,0.1300,68,0,0.9727,0.0233,0.0039,4.3003,8.6673,-0.3506,1.1584,5.8871,0.0000
6.8401,IMM-EKF,jink,0.500,10.00,0.050,1,0.600,1,7.3961,5.4037,-1.9924,1.1854,0.2368,0.1037,0.1080,6.0000,6.8385,0.3528,4.8880,0.5729,26.6520,-23.6113,27.9866,-22.5542,27.9504,-22.5042,27.5069,-23.8460,24.8057,-30.6852,1.3346,1.0572,1.2984,1.1072,0.8549,-0.2347,68,0.1400,68,0,0.9727,0.0233,0.0039,4.3298,8.7454,-0.3510,1.0877,5.9006,0.0000
6.8501,IMM-EKF,jink,0.500,10.00,0.050,1,0.600,1,7.3572,5.3646,-1.9926,1.2049,0.2368,0.1037,0.1094,6.0000,6.8385,0.3513,5.6244,0.5742,26.5087,-23.7144,27.9866,-22.5542,27.9504,-22.5042,27.4871,-24.0027,24.8007,-31.2667,1.4779,1.1602,1.4417,1.2102,0.9784,-0.2883,68,0.1500,68,0,0.9727,0.0233,0.0039,4.3583,8.8230,-0.3507,1.0168,5.9132,0.0000
6.8601,IMM-EKF,jink,0.500,10.00,0.050,1,0.600,1,7.3174,5.0563,-2.2612,0.9987,0.2354,0.1025,0.1121,6.0000,6.4622,0.3327,1.9121,0.5755,26.3586,-23.8217,27.0419,-23.3265,27.0978,-23.3053,26.7069,-23.7969,20.0548,-31.2501,0.6834,0.4952,0.7392,0.5163,0.3483,0.0248,69,0.0500,69,0,0.9791,0.0182,0.0027,4.3857,8.9001,-0.3497,0.9458,5.9250,0.0000
6.8701,IMM-EKF,jink,0.500,10.00,0.050,1,0.600,1,7.2768,5.0175,-2.2593,1.0107,0.2354,0.1025,0.1133,6.0000,6.4622,0.3328,2.3514,0.5769,26.2015,-23.9334,27.0419,-23.3265,27.0978,-23.3053,26.6314,-23.9222,19.8536,-31.8932,0.8404,0.6069,0.8963,0.6281,0.4298,0.0112,69,0.0600,69,0,0.9791,0.0182,0.0027,4.4121,8.9768,-0.3480,0.8746,5.9359,0.0000
6.8801,IMM-EKF,jink,0.500,10.00,0.050,1,0.600,1,7.2353,4.9774,-2.2579,1.0233,0.2354,0.1025,0.1145,6.0000,6.4622,0.3329,2.8435,0.5783,26.0374,-24.0497,27.0419,-23.3265,27.0978,-23.3053,26.5578,-24.0577,19.6512,-32.5828,1.0046,0.7232,1.0604,0.7444,0.5204,-0.0080,69,0.0700,69,0,0.9791,0.0182,0.0027,4.4375,9.0531,-0.3454,0.8033,5.9460,0.0000
6.8901,IMM-EKF,jink,0.500,10.00,0.050,1,0.600,1,7.1930,4.9360,-2.2570,1.0366,0.2354,0.1025,0.1156,6.0000,6.4622,0.3331,3.3922,0.5797,25.8661,-24.1708,27.0419,-23.3265,27.0978,-23.3053,26.4866,-24.2040,19.4480,-33.3233,1.1759,0.8443,1.2317,0.8654,0.6205,-0.0332,69,0.0800,69,0,0.9791,0.0182,0.0027,4.4617,9.1290,-0.3418,0.7319,5.9552,0.0000
6.9001,IMM-EKF,jink,0.500,10.00,0.050,1,0.600,1,7.1499,4.8934,-2.2565,1.0505,0.2354,0.1025,0.1167,6.0000,6.4622,0.3332,4.0013,0.5812,25.6875,-24.2968,27.0419,-23.3265,27.0978,-23.3053,26.4180,-24.3617,19.2443,-34.1199,1.3545,0.9702,1.4103,0.9914,0.7305,-0.0650,69,0.0900,69,0,0.9791,0.0182,0.0027,4.4849,9.2044,-0.3372,0.6604,5.9635,0.0000
6.9101,IMM-EKF,jink,0.500,10.00,0.050,1,0.600,1,7.1059,4.8495,-2.2564,1.0652,0.2354,0.1025,0.1178,6.0000,6.4622,0.3334,4.6748,0.5827,25.5014,-24.4279,27.0419,-23.3265,27.0978,-23.3053,26.3524,-24.5318,19.0408,-34.9785,1.5405,1.1014,1.5964,1.1225,0.8510,-0.1039,69,0.1000,69,0,0.9791,0.0182,0.0027,4.5071,9.2794,-0.3312,0.5888,5.9710,0.0000
6.9201,IMM-EKF,jink,0.500,10.00,0.050,1,0.600,1,7.0612,4.8045,-2.2567,1.0806,0.2354,0.1025,0.1188,6.0000,6.4622,0.3336,5.4173,0.5842,25.3078,-24.5644,27.0419,-23.3265,27.0978,-23.3053,26.2900,-24.7152,18.8380,-35.9059,1.7342,1.2378,1.7901,1.2590,0.9823,-0.1509,69,0.1100,69,0,0.9791,0.0182,0.0027,4.5280,9.3540,-0.3238,0.5171,5.9777,0.0000
6.9301,IMM-EKF,jink,0.500,10.00,0.050,1,0.600,1,7.0157,4.7584,-2.2573,1.0967,0.2354,0.1025,0.1198,6.0000,6.4622,0.3337,6.2337,0.5858,25.1064,-24.7065,27.0419,-23.3265,27.0978,-23.3053,26.2314,-24.9132,18.6367,-36.9102,1.9356,1.3799,1.9915,1.4011,1.1250,-0.2068,69,0.1200,69,0,0.9791,0.0182,0.0027,4.5479,9.4282,-0.3146,0.4453,5.9835,0.0000
6.9401,IMM-EKF,jink,0.500,10.00,0.050,1,0.600,1,6.9695,4.7114,-2.2581,1.1137,0.2354,0.1025,0.1207,6.0000,6.4622,0.3339,7.1301,0.5874,24.8970,-24.8545,27.0419,-23.3265,27.0978,-23.3053,26.1769,-25.1275,18.4377,-38.0012,2.1449,1.5280,2.2008,1.5491,1.2798,-0.2730,69,0.1300,69,0,0.9791,0.0182,0.0027,4.5666,9.5019,-0.3031,0.3735,5.9884,0.0000
6.9501,IMM-EKF,jink,0.500,10.00,0.050,1,0.600,1,6.9225,4.6634,-2.2591,1.1315,0.2354,0.1025,0.1216,6.0000,6.4622,0.3340,8.1138,0.5890,24.6796,-25.0088,27.0419,-23.3265,27.0978,-23.3053,26.1270,-25.3601,18.2421,-39.1909,2.3623,1.6822,2.4182,1.7034,1.4474,-0.3513,69,0.1400,69,0,0.9791,0.0182,0.0027,4.5841,9.5750,-0.2888,0.3016,5.9924,0.0000
6.9601,IMM-EKF,jink,0.500,10.00,0.050,1,0.600,1,6.8749,4.5398,-2.3351,0.8754,0.2348,0.1022,0.1231,6.0000,6.3298,1.8806,4.0053,0.5907,24.4539,-25.1697,25.5014,-24.4279,25.7770,-24.6153,25.1055,-25.4880,9.5851,-40.9880,1.0475,0.7419,1.3231,0.5545,0.6516,-0.3183,70,0.0500,70,0,0.9802,0.0171,0.0028,4.6003,9.6475,-0.2707,0.2297,5.9956,0.0000
6.9701,IMM-EKF,jink,0.500,10.00,0.050,1,0.600,1,6.8266,4.4943,-2.3323,0.8850,0.2348,0.1022,0.1239,6.0000,6.3298,1.8822,4.6367,0.5923,24.2197,-25.3380,25.5014,-24.4279,25.7770,-24.6153,24.9723,-25.7115,8.8661,-42.3256,1.2817,0.9101,1.5573,0.7227,0.7525,-0.3736,70,0.0600,70,0,0.9802,0.0171,0.0028,4.6152,9.7192,-0.2471,0.1577,5.9979,0.0000
6.9801,IMM-EKF,jink,0.500,10.00,0.050,1,0.600,1,6.7777,4.4482,-2.3295,0.8953,0.2348,0.1022,0.1247,6.0000,6.3298,1.8839,5.3646,0.5939,23.9769,-25.5142,25.5014,-24.4279,25.7770,-24.6153,24.8413,-25.9589,8.1044,-43.8120,1.5245,1.0863,1.8001,0.8989,0.8644,-0.4447,70,0.0700,70,0,0.9802,0.0171,0.0028,4.6284,9.7893,-0.2152,0.0857,5.9994,0.0000
6.9901,IMM-EKF,jink,0.500,10.00,0.050,1,0.600,1,6.7284,4.4020,-2.3263,0.9063,0.2348,0.1022,0.1254,6.0000,6.3298,1.8855,6.2145,0.5955,23.7251,-25.6996,25.5014,-24.4279,25.7770,-24.6153,24.7128,-26.2385,7.3024,-45.4928,1.7763,1.2717,2.0519,1.0843,0.9877,-0.5389,70,0.0800,70,0,0.9802,0.0171,0.0028,4.6395,9.8562,-0.1687,0.0137,6.0000,0.0000
7.0001,IMM-EKF,jink,0.500,10.00,0.050,1,0.600,1,6.6788,4.3575,-2.3213,0.9181,0.2348,0.1022,0.1261,6.0000,6.3298,1.8871,7.2437,0.5971,23.4641,-25.8965,25.5014,-24.4279,25.7770,-24.6153,24.5859,-26.5697,6.4940,-47.4429,2.0373,1.4686,2.3129,1.2812,1.1218,-0.6732,70,0.0900,70,0,0.9802,0.0171,0.0028,4.6456,9.9119,-0.0906,-0.0583,5.9997,0.0000
7.0101,IMM-EKF,jink,0.500,10.00,0.050,1,0.600,1,6.6301,4.3238,-2.3063,0.9307,0.2348,0.1022,0.1268,6.0000,6.3298,1.8886,8.5180,0.5984,23.1930,-26.1084,25.5014,-24.4279,25.7770,-24.6153,24.4497,-26.9818,6.0120,-49.3785,2.3084,1.6805,2.5840,1.4931,1.2567,-0.8734,70,0.1000,70,0,0.9802,0.0171,0.0028,4.6254,9.8913,0.0702,-0.1302,5.9986,0.0000
7.0201,IMM-EKF,jink,0.500,10.00,0.050,1,0.600,1,6.5838,4.3090,-2.2748,0.9442,0.2348,0.1022,0.1274,6.0000,6.3298,1.8900,9.1515,0.5995,22.9099,-26.3245,25.5014,-24.4279,25.7770,-24.6153,24.2774,-27.2459,6.3890,-48.8668,2.5916,1.8967,2.8672,1.7093,1.3675,-0.9214,70,0.1100,70,0,0.9802,0.0171,0.0028,4.5450,9.6848,0.1860,-0.2022,5.9966,0.0000
7.0301,IMM-EKF,jink,0.500,10.00,0.050,1,0.600,1,6.5400,4.2983,-2.2416,0.9586,0.2348,0.1022,0.1280,6.0000,6.3298,1.8913,9.4416,0.6005,22.6144,-26.5391,25.5014,-24.4279,25.7770,-24.6153,24.0924,-27.4079,6.8174,-47.5934,2.8870,2.1112,3.1626,1.9238,1.4780,-0.8689,70,0.1200,70,0,0.9802,0.0171,0.0028,4.4594,9.4563,0.2403,-0.2742,5.9937,0.0000
7.0401,IMM-EKF,jink,0.500,10.00,0.050,1,0.600,1,6.4984,4.2916,-2.2068,0.9740,0.2348,0.1022,0.1286,6.0000,6.3298,1.8926,9.6376,0.6014,22.3065,-26.7498,25.5014,-24.4279,25.7770,-24.6153,23.8983,-27.5162,7.2216,-46.1151,3.1949,2.3219,3.4705,2.1345,1.5918,-0.7664,70,0.1300,70,0,0.9802,0.0171,0.0028,4.3737,9.2237,0.2725,-0.3461,5.9900,0.0000
7.0501,IMM-EKF,jink,0.500,10.00,0.050,1,0.600,1,6.4591,4.2891,-2.1701,0.9903,0.2348,0.1022,0.1291,6.0000,6.3298,1.8938,9.8370,0.6021,21.9861,-26.9554,25.5014,-24.4279,25.7770,-24.6153,23.6959,-27.5822,7.5930,-44.5600,3.5153,2.5276,3.7909,2.3402,1.7098,-0.6268,70,0.1400,70,0,0.9802,0.0171,0.0028,4.2888,8.9895,0.2936,-0.4179,5.9854,0.0000
7.0601,IMM-EKF,jink,0.500,10.00,0.050,1,0.600,1,6.4221,4.2696,-2.1524,0.7354,0.2361,0.1044,0.1283,6.0000,6.8295,2.2589,4.4003,0.6027,21.6532,-27.1551,23.1930,-26.1084,23.6126,-26.1100,22.3696,-26.7899,1.0932,-34.6172,1.5398,1.0467,1.9594,1.0451,0.7164,0.3652,71,0.0500,71,0,0.9768,0.0199,0.0033,4.2049,8.7544,0.3079,-0.4897,5.9800,0.0000
7.0701,IMM-EKF,jink,0.500,10.00,0.050,1,0.600,1,6.3873,4.2544,-2.1329,0.7431,0.2361,0.1044,0.1287,6.0000,6.8295,2.2598,5.1580,0.6032,21.3079,-27.3480,23.1930,-26.1084,23.6126,-26.1100,22.0872,-26.8362,1.4521,-33.4619,1.8851,1.2397,2.3048,1.2380,0.7793,0.5118,71,0.0600,71,0,0.9768,0.0199,0.0033,4.1221,8.5187,0.3176,-0.5614,5.9737,0.0000
7.0801,IMM-EKF,jink,0.500,10.00,0.050,1,0.600,1,6.3547,4.2436,-2.1111,0.7516,0.2361,0.1044,0.1292,6.0000,6.8295,2.2607,6.0844,0.6036,20.9502,-27.5336,23.1930,-26.1084,23.6126,-26.1100,21.7979,-26.8513,1.7988,-32.2982,2.2428,1.4253,2.6625,1.4236,0.8478,0.6824,71,0.0700,71,0,0.9768,0.0199,0.0033,4.0405,8.2825,0.3238,-0.6331,5.9665,0.0000
7.0901,IMM-EKF,jink,0.500,10.00,0.050,1,0.600,1,6.3243,4.2373,-2.0870,0.7609,0.2361,0.1044,0.1296,6.0000,6.8295,2.2617,7.1824,0.6039,20.5802,-27.7113,23.1930,-26.1084,23.6126,-26.1100,21.5023,-26.8342,2.1317,-31.1365,2.6128,1.6030,3.0325,1.6013,0.9221,0.8771,71,0.0800,71,0,0.9768,0.0199,0.0033,3.9602,8.0458,0.3274,-0.7046,5.9585,0.0000
7.1001,IMM-EKF,jink,0.500,10.00,0.050,1,0.600,1,6.2961,4.2356,-2.0605,0.7713,0.2361,0.1044,0.1300,6.0000,6.8295,2.2626,8.4510,0.6041,20.1980,-27.8806,23.1930,-26.1084,23.6126,-26.1100,21.2007,-26.7846,2.4493,-29.9843,2.9950,1.7723,3.4146,1.7706,1.0027,1.0960,71,0.0900,71,0,0.9768,0.0199,0.0033,3.8811,7.8086,0.3288,-0.7761,5.9496,0.0000
7.1101,IMM-EKF,jink,0.500,10.00,0.050,1,0.600,1,6.2701,4.2383,-2.0318,0.7826,0.2361,0.1044,0.1303,6.0000,6.8295,2.2636,9.8868,0.6042,19.8038,-28.0410,23.1930,-26.1084,23.6126,-26.1100,20.8938,-26.7020,2.7509,-28.8474,3.3892,1.9326,3.8088,1.9309,1.0900,1.3390,71,0.1000,71,0,0.9768,0.0199,0.0033,3.8034,7.5710,0.3284,-0.8474,5.9399,0.0000
7.1201,IMM-EKF,jink,0.500,10.00,0.050,1,0.600,1,6.2463,4.2455,-2.0008,0.7949,0.2361,0.1044,0.1307,6.0000,6.8295,2.2645,11.4853,0.6043,19.3978,-28.1919,23.1930,-26.1084,23.6126,-26.1100,20.5822,-26.5866,3.0358,-27.7304,3.7951,2.0836,4.2148,2.0819,1.1843,1.6054,71,0.1100,71,0,0.9768,0.0199,0.0033,3.7270,7.3330,0.3264,-0.9186,5.9293,0.0000
7.1301,IMM-EKF,jink,0.500,10.00,0.050,1,0.600,1,6.2246,4.2572,-1.9674,0.8082,0.2361,0.1044,0.1310,6.0000,6.8295,2.2654,13.2407,0.6044,18.9803,-28.3331,23.1930,-26.1084,23.6126,-26.1100,20.2662,-26.4385,3.3036,-26.6367,4.2127,2.2248,4.6324,2.2231,1.2860,1.8947,71,0.1200,71,0,0.9768,0.0199,0.0033,3.6521,7.0945,0.3230,-0.9897,5.9178,0.0000
7.1401,IMM-EKF,jink,0.500,10.00,0.050,1,0.600,1,6.2051,4.2734,-1.9317,0.8226,0.2361,0.1044,0.1313,6.0000,6.8295,2.2663,15.1470,0.6043,18.5513,-28.4641,23.1930,-26.1084,23.6126,-26.1100,19.9467,-26.2582,3.5541,-25.5690,4.6417,2.3558,5.0613,2.3541,1.3954,2.2060,71,0.1300,71,0,0.9768,0.0199,0.0033,3.5785,6.8556,0.3184,-1.0607,5.9055,0.0000
7.1501,IMM-EKF,jink,0.500,10.00,0.050,1,0.600,1,6.1878,4.2941,-1.8937,0.8380,0.2361,0.1044,0.1315,6.0000,6.8295,2.2672,17.1968,0.6042,18.1113,-28.5846,23.1930,-26.1084,23.6126,-26.1100,19.6241,-26.0463,3.7873,-24.5293,5.0817,2.4762,5.5013,2.4745,1.5127,2.5382,71,0.1400,71,0,0.9768,0.0199,0.0033,3.5065,6.6163,0.3127,-1.1314,5.8924,0.0000
7.1601,IMM-EKF,jink,0.500,10.00,0.050,1,0.600,1,6.1726,4.1203,-2.0523,0.6631,0.2394,0.1071,0.1285,6.0000,6.1054,1.5786,3.0534,0.6041,17.6606,-28.6941,19.8038,-28.0410,19.9113,-27.7950,17.8466,-28.2106,-6.0919,-30.7048,2.1432,0.6531,2.2507,0.8990,0.1860,0.4835,72,0.0500,72,0,0.9736,0.0226,0.0038,3.4360,6.3765,0.3060,-1.2021,5.8784,0.0000
7.1701,IMM-EKF,jink,0.500,10.00,0.050,1,0.600,1,6.1596,4.1232,-2.0364,0.6713,0.2394,0.1071,0.1287,6.0000,6.1054,1.5790,3.7738,0.6039,17.1995,-28.7923,19.8038,-28.0410,19.9113,-27.7950,17.4134,-28.1902,-5.7074,-29.7031,2.6043,0.7513,2.7118,0.9973,0.2139,0.6021,72,0.0600,72,0,0.9736,0.0226,0.0038,3.3671,6.1363,0.2983,-1.2725,5.8635,0.0000
7.1801,IMM-EKF,jink,0.500,10.00,0.050,1,0.600,1,6.1487,4.1304,-2.0183,0.6803,0.2394,0.1071,0.1290,6.0000,6.1054,1.5795,4.6452,0.6036,16.7284,-28.8791,19.8038,-28.0410,19.9113,-27.7950,16.9780,-28.1343,-5.3439,-28.7225,3.0754,0.8381,3.1828,1.0841,0.2496,0.7448,72,0.0700,72,0,0.9736,0.0226,0.0038,3.3004,5.8981,0.2897,-1.3428,5.8478,0.0000
7.1901,IMM-EKF,jink,0.500,10.00,0.050,1,0.600,1,6.1400,4.1420,-1.9980,0.6904,0.2394,0.1071,0.1292,6.0000,6.1054,1.5800,5.6632,0.6034,16.2478,-28.9543,19.8038,-28.0410,19.9113,-27.7950,16.5413,-28.0436,-5.0019,-27.7650,3.5560,0.9134,3.6635,1.1593,0.2935,0.9107,72,0.0800,72,0,0.9736,0.0226,0.0038,3.2361,5.6620,0.2804,-1.4129,5.8313,0.0000
7.2001,IMM-EKF,jink,0.500,10.00,0.050,1,0.600,1,6.1333,4.1577,-1.9756,0.7015,0.2394,0.1071,0.1294,6.0000,6.1054,1.5806,6.8227,0.6030,15.7580,-29.0178,19.8038,-28.0410,19.9113,-27.7950,16.1043,-27.9189,-4.6810,-26.8316,4.0458,0.9769,4.1533,1.2228,0.3464,1.0989,72,0.0900,72,0,0.9736,0.0226,0.0038,3.1740,5.4280,0.2704,-1.4827,5.8139,0.0000
7.2101,IMM-EKF,jink,0.500,10.00,0.050,1,0.600,1,6.1287,4.1775,-1.9512,0.7137,0.2394,0.1071,0.1295,6.0000,6.1054,1.5812,8.1178,0.6027,15.2595,-29.0696,19.8038,-28.0410,19.9113,-27.7950,15.6681,-27.7613,-4.3810,-25.9229,4.5443,1.0286,4.6518,1.2745,0.4086,1.3082,72,0.1000,72,0,0.9736,0.0226,0.0038,3.1143,5.1961,0.2597,-1.5524,5.7957,0.0000
7.2201,IMM-EKF,jink,0.500,10.00,0.050,1,0.600,1,6.1262,4.2014,-1.9247,0.7269,0.2394,0.1071,0.1297,6.0000,6.1054,1.5818,9.5416,0.6023,14.7528,-29.1094,19.8038,-28.0410,19.9113,-27.7950,15.2334,-27.5720,-4.1014,-25.0394,5.0510,1.0685,5.1584,1.3144,0.4805,1.5374,72,0.1100,72,0,0.9736,0.0226,0.0038,3.0568,4.9663,0.2484,-1.6218,5.7766,0.0000
7.2301,IMM-EKF,jink,0.500,10.00,0.050,1,0.600,1,6.1257,4.2294,-1.8963,0.7413,0.2394,0.1071,0.1299,6.0000,6.1054,1.5824,11.0868,0.6019,14.2385,-29.1374,19.8038,-28.0410,19.9113,-27.7950,14.8011,-27.3524,-3.8415,-24.1814,5.5654,1.0964,5.6728,1.3424,0.5626,1.7850,72,0.1200,72,0,0.9736,0.0226,0.0038,3.0016,4.7385,0.2365,-1.6910,5.7568,0.0000
7.2401,IMM-EKF,jink,0.500,10.00,0.050,1,0.600,1,6.1272,4.2613,-1.8659,0.7569,0.2394,0.1071,0.1300,6.0000,6.1054,1.5830,12.7452,0.6015,13.7169,-29.1534,19.8038,-28.0410,19.9113,-27.7950,14.3719,-27.1038,-3.6009,-23.3488,6.0869,1.1125,6.1944,1.3584,0.6550,2.0496,72,0.1300,72,0,0.9736,0.0226,0.0038,2.9487,4.5129,0.2240,-1.7600,5.7361,0.0000
7.2501,IMM-EKF,jink,0.500,10.00,0.050,1,0.600,1,6.1308,4.2972,-1.8336,0.7736,0.2394,0.1071,0.1301,6.0000,6.1054,1.5837,14.5088,0.6010,13.1886,-29.1576,19.8038,-28.0410,19.9113,-27.7950,13.9465,-26.8281,-3.3790,-22.5415,6.6152,1.1166,6.7226,1.3626,0.7579,2.3295,72,0.1400,72,0,0.9736,0.0226,0.0038,2.8981,4.2893,0.2109,-1.8287,5.7145,0.0000
7.2601,IMM-EKF,jink,0.500,10.00,0.050,1,0.600,1,6.1363,4.1034,-2.0329,0.6280,0.2359,0.1066,0.1338,6.0000,5.5367,1.6684,3.8881,0.6005,12.6542,-29.1499,15.2595,-29.0696,15.5694,-29.1339,13.3714,-29.3252,-5.5379,-29.5282,2.6053,0.0803,2.9152,0.0159,0.7172,-0.1753,73,0.0500,73,0,0.9740,0.0226,0.0034,2.8497,4.0679,0.1972,-1.8971,5.6922,0.0000
7.2701,IMM-EKF,jink,0.500,10.00,0.050,1,0.600,1,6.1438,4.1256,-2.0181,0.6365,0.2359,0.1066,0.1339,6.0000,5.5367,1.6690,4.3342,0.6000,12.1142,-29.1304,15.2595,-29.0696,15.5694,-29.1339,12.9310,-29.2584,-5.3484,-28.7476,3.1453,0.0608,3.4552,-0.0035,0.8168,-0.1280,73,0.0600,73,0,0.9740,0.0226,0.0034,2.8036,3.8485,0.1829,-1.9653,5.6690,0.0000
7.2801,IMM-EKF,jink,0.500,10.00,0.050,1,0.600,1,6.1532,4.1517,-2.0016,0.6460,0.2359,0.1066,0.1340,6.0000,5.5367,1.6696,4.8427,0.5995,11.5691,-29.0992,15.2595,-29.0696,15.5694,-29.1339,12.4933,-29.1579,-5.1712,-27.9803,3.6904,0.0297,4.0003,-0.0347,0.9242,-0.0587,73,0.0700,73,0,0.9740,0.0226,0.0034,2.7597,3.6312,0.1681,-2.0332,5.6450,0.0000
7.2901,IMM-EKF,jink,0.500,10.00,0.050,1,0.600,1,6.1646,4.1814,-1.9832,0.6565,0.2359,0.1066,0.1341,6.0000,5.5367,1.6702,5.4403,0.5989,11.0195,-29.0564,15.2595,-29.0696,15.5694,-29.1339,12.0590,-29.0251,-5.0062,-27.2269,4.2400,-0.0131,4.5499,-0.0775,1.0395,0.0314,73,0.0800,73,0,0.9740,0.0226,0.0034,2.7180,3.4159,0.1528,-2.1008,5.6202,0.0000
7.3001,IMM-EKF,jink,0.500,10.00,0.050,1,0.600,1,6.1779,4.2148,-1.9631,0.6680,0.2359,0.1066,0.1342,6.0000,5.5367,1.6708,6.1469,0.5983,10.4659,-29.0022,15.2595,-29.0696,15.5694,-29.1339,11.6287,-28.8611,-4.8534,-26.4879,4.7936,-0.0673,5.1035,-0.1317,1.1628,0.1411,73,0.0900,73,0,0.9740,0.0226,0.0034,2.6784,3.2028,0.1368,-2.1681,5.5946,0.0000
7.3101,IMM-EKF,jink,0.500,10.00,0.050,1,0.600,1,6.1931,4.2519,-1.9412,0.6807,0.2359,0.1066,0.1343,6.0000,5.5367,1.6714,6.9740,0.5977,9.9088,-28.9367,15.2595,-29.0696,15.5694,-29.1339,11.2030,-28.6675,-4.7127,-25.7635,5.3507,-0.1328,5.6606,-0.1972,1.2942,0.2692,73,0.1000,73,0,0.9740,0.0226,0.0034,2.6411,2.9917,0.1202,-2.2350,5.5682,0.0000
7.3201,IMM-EKF,jink,0.500,10.00,0.050,1,0.600,1,6.2102,4.2925,-1.9177,0.6944,0.2359,0.1066,0.1344,6.0000,5.5367,1.6720,7.9258,0.5971,9.3489,-28.8601,15.2595,-29.0696,15.5694,-29.1339,10.7826,-28.4457,-4.5839,-25.0538,5.9106,-0.2095,6.2205,-0.2738,1.4337,0.4144,73,0.1100,73,0,0.9740,0.0226,0.0034,2.6059,2.7827,0.1030,-2.3017,5.5410,0.0000
7.3301,IMM-EKF,jink,0.500,10.00,0.050,1,0.600,1,6.2292,4.3366,-1.8926,0.7094,0.2359,0.1066,0.1345,6.0000,5.5367,1.6726,9.0005,0.5964,8.7866,-28.7725,15.2595,-29.0696,15.5694,-29.1339,10.3678,-28.1972,-4.4669,-24.3588,6.4729,-0.2970,6.7828,-0.3614,1.5812,0.5754,73,0.1200,73,0,0.9740,0.0226,0.0034,2.5728,2.5758,0.0852,-2.3680,5.5129,0.0000
7.3401,IMM-EKF,jink,0.500,10.00,0.050,1,0.600,1,6.2501,4.3842,-1.8659,0.7254,0.2359,0.1066,0.1346,6.0000,5.5367,1.6731,10.1930,0.5957,8.2224,-28.6743,15.2595,-29.0696,15.5694,-29.1339,9.9590,-27.9236,-4.3613,-23.6783,7.0371,-0.3953,7.3470,-0.4597,1.7366,0.7507,73,0.1300,73,0,0.9740,0.0226,0.0034,2.5418,2.3710,0.0666,-2.4340,5.4841,0.0000
7.3501,IMM-EKF,jink,0.500,10.00,0.050,1,0.600,1,6.2728,4.4352,-1.8376,0.7426,0.2359,0.1066,0.1347,6.0000,5.5367,1.6736,11.4955,0.5950,7.6570,-28.5655,15.2595,-29.0696,15.5694,-29.1339,9.5565,-27.6264,-4.2670,-23.0121,7.6025,-0.5041,7.9124,-0.5685,1.8995,0.9390,73,0.1400,73,0,0.9740,0.0226,0.0034,2.5129,2.1683,0.0473,-2.4996,5.4545,0.0000
7.3601,IMM-EKF,jink,0.500,10.00,0.050,1,0.600,1,6.2973,4.2904,-2.0069,0.6478,0.2375,0.1085,0.1332,6.0000,5.1157,1.2077,1.3962,0.5943,7.0909,-28.4464,9.9088,-28.9367,9.8782,-29.1374,7.2213,-28.6498,-11.2350,-23.8307,2.8180,-0.4903,2.7874,-0.6910,0.1304,-0.2034,74,0.0500,74,0,0.9762,0.0207,0.0031,2.4861,1.9677,0.0272,-2.5649,5.4241,0.0000
7.3701,IMM-EKF,jink,0.500,10.00,0.050,1,0.600,1,6.3237,4.3270,-1.9966,0.6574,0.2375,0.1085,0.1333,6.0000,5.1157,1.2070,1.2979,0.5935,6.5244,-28.3174,9.9088,-28.9367,9.8782,-29.1374,6.7080,-28.4623,-11.1162,-23.2347,3.3844,-0.6193,3.3538,-0.8201,0.1836,-0.1449,74,0.0600,74,0,0.9762,0.0207,0.0031,2.4613,1.7692,0.0062,-2.6298,5.3930,0.0000
7.3801,IMM-EKF,jink,0.500,10.00,0.050,1,0.600,1,6.3518,4.3671,-1.9847,0.6678,0.2375,0.1085,0.1334,6.0000,5.1157,1.2062,1.3600,0.5927,5.9581,-28.1785,9.9088,-28.9367,9.8782,-29.1374,6.2043,-28.2465,-11.0044,-22.6449,3.9507,-0.7582,3.9201,-0.9589,0.2462,-0.0680,74,0.0700,74,0,0.9762,0.0207,0.0031,2.4384,1.5729,-0.0158,-2.6943,5.3610,0.0000
7.3901,IMM-EKF,jink,0.500,10.00,0.050,1,0.600,1,6.3818,4.4106,-1.9712,0.6791,0.2375,0.1085,0.1335,6.0000,5.1157,1.2054,1.6882,0.5919,5.3924,-28.0302,9.9088,-28.9367,9.8782,-29.1374,5.7107,-28.0038,-10.8999,-22.0610,4.5164,-0.9066,4.4859,-1.1073,0.3183,0.0263,74,0.0800,74,0,0.9762,0.0207,0.0031,2.4176,1.3787,-0.0390,-2.7585,5.3283,0.0000
7.4001,IMM-EKF,jink,0.500,10.00,0.050,1,0.600,1,6.4135,4.4573,-1.9562,0.6914,0.2375,0.1085,0.1337,6.0000,5.1157,1.2046,2.2693,0.5910,4.8277,-27.8725,9.9088,-28.9367,9.8782,-29.1374,5.2275,-27.7354,-10.8027,-21.4823,5.0812,-1.0642,5.0506,-1.2649,0.3998,0.1371,74,0.0900,74,0,0.9762,0.0207,0.0031,2.3986,1.1867,-0.0636,-2.8222,5.2948,0.0000
7.4101,IMM-EKF,jink,0.500,10.00,0.050,1,0.600,1,6.4470,4.5074,-1.9396,0.7046,0.2375,0.1085,0.1338,6.0000,5.1157,1.2037,3.0422,0.5900,4.2644,-27.7059,9.9088,-28.9367,9.8782,-29.1374,4.7551,-27.4425,-10.7129,-20.9079,5.6445,-1.2308,5.6139,-1.4316,0.4907,0.2634,74,0.1000,74,0,0.9762,0.0207,0.0031,2.3816,0.9970,-0.0897,-2.8856,5.2606,0.0000
7.4201,IMM-EKF,jink,0.500,10.00,0.050,1,0.600,1,6.4822,4.5605,-1.9216,0.7189,0.2375,0.1085,0.1339,6.0000,5.1157,1.2028,3.9641,0.5891,3.7029,-27.5304,9.9088,-28.9367,9.8782,-29.1374,4.2937,-27.1260,-10.6306,-20.3366,6.2059,-1.4063,6.1753,-1.6070,0.5908,0.4044,74,0.1100,74,0,0.9762,0.0207,0.0031,2.3664,0.8096,-0.1177,-2.9485,5.2256,0.0000
7.4301,IMM-EKF,jink,0.500,10.00,0.050,1,0.600,1,6.5190,4.6168,-1.9022,0.7342,0.2375,0.1085,0.1340,6.0000,5.1157,1.2017,5.0114,0.5880,3.1437,-27.3463,9.9088,-28.9367,9.8782,-29.1374,3.8435,-26.7866,-10.5559,-19.7661,6.7651,-1.5904,6.7345,-1.7911,0.6998,0.5598,74,0.1200,74,0,0.9762,0.0207,0.0031,2.3531,0.6246,-0.1481,-3.0110,5.1898,0.0000
7.4401,IMM-EKF,jink,0.500,10.00,0.050,1,0.600,1,6.5576,4.6760,-1.8816,0.7506,0.2375,0.1085,0.1342,6.0000,5.1157,1.2007,6.1722,0.5870,2.5871,-27.1538,9.9088,-28.9367,9.8782,-29.1374,3.4045,-26.4246,-10.4887,-19.1934,7.3218,-1.7829,7.2912,-1.9836,0.8175,0.7292,74,0.1300,74,0,0.9762,0.0207,0.0031,2.3415,0.4422,-0.1816,-3.0730,5.1533,0.0000
7.4501,IMM-EKF,jink,0.500,10.00,0.050,1,0.600,1,6.5978,4.7380,-1.8598,0.7680,0.2375,0.1085,0.1343,6.0000,5.1157,1.1997,7.4429,0.5859,2.0334,-26.9530,9.9088,-28.9367,9.8782,-29.1374,2.9769,-26.0396,-10.4291,-18.6136,7.8755,-1.9837,7.8449,-2.1844,0.9435,0.9134,74,0.1400,74,0,0.9762,0.0207,0.0031,2.3316,0.2627,-0.2193,-3.1346,5.1161,0.0000
7.4601,IMM-EKF,jink,0.500,10.00,0.050,1,0.600,1,6.6396,4.6243,-2.0152,0.6497,0.2400,0.1091,0.1319,6.0000,4.6536,1.5381,3.7220,0.5847,1.4829,-26.7438,4.2644,-27.7059,4.5040,-27.8528,2.1712,-26.8419,-12.1312,-19.5848,2.7815,-0.9621,3.0211,-1.1090,0.6883,-0.0981,75,0.0500,75,0,0.9812,0.0164,0.0024,2.3233,0.0867,-0.2631,-3.1958,5.0781,0.0000
7.4701,IMM-EKF,jink,0.500,10.00,0.050,1,0.600,1,6.6829,4.6729,-2.0099,0.6602,0.2400,0.1091,0.1321,6.0000,4.6536,1.5371,4.2619,0.5835,0.9360,-26.5260,4.2644,-27.7059,4.5040,-27.8528,1.7315,-26.5578,-12.1008,-18.9974,3.3284,-1.1799,3.5679,-1.3268,0.7955,-0.0318,75,0.0600,75,0,0.9812,0.0164,0.0024,2.3164,-0.0844,-0.3168,-3.2565,5.0394,0.0000
7.4801,IMM-EKF,jink,0.500,10.00,0.050,1,0.600,1,6.7275,4.7233,-2.0042,0.6715,0.2400,0.1091,0.1322,6.0000,4.6536,1.5360,4.8971,0.5822,0.3930,-26.2989,4.2644,-27.7059,4.5040,-27.8528,1.3033,-26.2377,-12.0778,-18.3472,3.8713,-1.4070,4.1109,-1.5539,0.9103,0.0611,75,0.0700,75,0,0.9812,0.0164,0.0024,2.3103,-0.2461,-0.3889,-3.3167,4.9999,0.0000
7.4901,IMM-EKF,jink,0.500,10.00,0.050,1,0.600,1,6.7730,4.7725,-2.0004,0.6838,0.2400,0.1091,0.1323,6.0000,4.6536,1.5349,5.6897,0.5810,-0.1455,-26.0606,4.2644,-27.7059,4.5040,-27.8528,0.8898,-25.8656,-12.0718,-17.5512,4.4099,-1.6453,4.6495,-1.7922,1.0353,0.1949,75,0.0800,75,0,0.9812,0.0164,0.0024,2.3025,-0.3771,-0.5049,-3.3765,4.9598,0.0000
7.5001,IMM-EKF,jink,0.500,10.00,0.050,1,0.600,1,6.8175,4.8067,-2.0109,0.6970,0.2400,0.1091,0.1325,6.0000,4.6536,1.5338,6.7137,0.5799,-0.6776,-25.8142,4.2644,-27.7059,4.5040,-27.8528,0.5161,-25.4957,-12.1461,-16.7682,4.9419,-1.8917,5.1815,-2.0386,1.1937,0.3185,75,0.0900,75,0,0.9812,0.0164,0.0024,2.2735,-0.3247,-0.6731,-3.4358,4.9189,0.0000
7.5101,IMM-EKF,jink,0.500,10.00,0.050,1,0.600,1,6.8612,4.8330,-2.0283,0.7112,0.2400,0.1091,0.1313,6.0000,4.6536,1.5393,7.5924,0.5791,-1.1925,-25.5704,4.2644,-27.7059,4.5040,-27.8528,0.1785,-25.2924,-12.2697,-16.6874,5.4569,-2.1354,5.6965,-2.2823,1.3710,0.2780,75,0.1000,75,0,0.9812,0.0164,0.0024,2.2288,-0.1505,-0.7184,-3.3765,4.9598,0.0000
7.5201,IMM-EKF,jink,0.500,10.00,0.050,1,0.600,1,6.9042,4.8571,-2.0471,0.7265,0.2400,0.1091,0.1303,6.0000,4.6536,1.5409,8.4528,0.5784,-1.6886,-25.3324,4.2644,-27.7059,4.5040,-27.8528,-0.1412,-25.1415,-12.3936,-16.7755,5.9530,-2.3735,6.1926,-2.5204,1.5474,0.1909,75,0.1100,75,0,0.9812,0.0164,0.0024,2.1830,0.0285,-0.7292,-3.3167,4.9999,0.0000
7.5301,IMM-EKF,jink,0.500,10.00,0.050,1,0.600,1,6.9464,4.8787,-2.0676,0.7428,0.2400,0.1091,0.1293,6.0000,4.6536,1.5371,9.3425,0.5780,-2.1663,-25.1008,4.2644,-27.7059,4.5040,-27.8528,-0.4448,-25.0233,-12.5157,-16.9349,6.4307,-2.6051,6.6703,-2.7520,1.7215,0.0775,75,0.1200,75,0,0.9812,0.0164,0.0024,2.1368,0.2065,-0.7268,-3.2565,5.0394,0.0000
7.5401,IMM-EKF,jink,0.500,10.00,0.050,1,0.600,1,6.9878,4.8979,-2.0899,0.7602,0.2400,0.1091,0.1282,6.0000,4.6536,1.5336,10.2847,0.5777,-2.6273,-24.8762,4.2644,-27.7059,4.5040,-27.8528,-0.7334,-24.9321,-12.6355,-17.1379,6.8916,-2.8297,7.1312,-2.9766,1.8939,-0.0559,75,0.1300,75,0,0.9812,0.0164,0.0024,2.0904,0.3827,-0.7174,-3.1958,5.0781,0.0000
7.5501,IMM-EKF,jink,0.500,10.00,0.050,1,0.600,1,7.0285,4.9146,-2.1139,0.7787,0.2400,0.1091,0.1270,6.0000,4.6536,1.5302,11.2861,0.5774,-3.0722,-24.6587,4.2644,-27.7059,4.5040,-27.8528,-1.0077,-24.8652,-12.7533,-17.3731,7.3365,-3.0472,7.5761,-3.1941,2.0644,-0.2065,75,0.1400,75,0,0.9812,0.0164,0.0024,2.0438,0.5569,-0.7038,-3.1346,5.1161,0.0000
7.5601,IMM-EKF,jink,0.500,10.00,0.050,1,0.600,1,7.0685,4.9523,-2.1161,0.7039,0.2446,0.1099,0.1210,6.0000,4.4395,0.2501,1.9061,0.5773,-3.5015,-24.4483,-1.1925,-25.5704,-1.1863,-25.6126,-3.4665,-24.7654,-19.2517,-17.9559,2.3090,-1.1221,2.3151,-1.1642,0.0350,-0.3170,76,0.0500,76,0,0.9743,0.0219,0.0038,1.9970,0.7291,-0.6874,-3.0730,5.1533,0.0000
7.5701,IMM-EKF,jink,0.500,10.00,0.050,1,0.600,1,7.1076,4.9756,-2.1320,0.7159,0.2446,0.1099,0.1196,6.0000,4.4395,0.2494,2.5072,0.5771,-3.9157,-24.2452,-1.1925,-25.5704,-1.1863,-25.6126,-3.8865,-24.6635,-19.5287,-18.1871,2.7232,-1.3252,2.7294,-1.3673,0.0293,-0.4183,76,0.0600,76,0,0.9743,0.0219,0.0038,1.9501,0.8995,-0.6691,-3.0110,5.1898,0.0000
7.5801,IMM-EKF,jink,0.500,10.00,0.050,1,0.600,1,7.1459,4.9962,-2.1497,0.7287,0.2446,0.1099,0.1180,6.0000,4.4395,0.2488,3.1900,0.5769,-4.3155,-24.0492,-1.1925,-25.5704,-1.1863,-25.6126,-4.2931,-24.5821,-19.8093,-18.4372,3.1229,-1.5212,3.1291,-1.5633,0.0223,-0.5328,76,0.0700,76,0,0.9743,0.0219,0.0038,1.9032,1.0679,-0.6495,-2.9485,5.2256,0.0000
7.5901,IMM-EKF,jink,0.500,10.00,0.050,1,0.600,1,7.1834,5.0143,-2.1692,0.7423,0.2446,0.1099,0.1163,6.0000,4.4395,0.2482,3.9513,0.5768,-4.7011,-23.8604,-1.1925,-25.5704,-1.1863,-25.6126,-4.6874,-24.5208,-20.0940,-18.7055,3.5086,-1.7101,3.5148,-1.7522,0.0137,-0.6604,76,0.0800,76,0,0.9743,0.0219,0.0038,1.8562,1.2345,-0.6289,-2.8856,5.2606,0.0000
7.6001,IMM-EKF,jink,0.500,10.00,0.050,1,0.600,1,7.2201,5.0298,-2.1903,0.7567,0.2446,0.1099,0.1145,6.0000,4.4395,0.2478,4.7892,0.5767,-5.0731,-23.6786,-1.1925,-25.5704,-1.1863,-25.6126,-5.0701,-24.4791,-20.3830,-18.9914,3.8806,-1.8919,3.8868,-1.9340,0.0030,-0.8005,76,0.0900,76,0,0.9743,0.0219,0.0038,1.8091,1.3992,-0.6075,-2.8222,5.2948,0.0000
7.6101,IMM-EKF,jink,0.500,10.00,0.050,1,0.600,1,7.2559,5.0428,-2.2131,0.7721,0.2446,0.1099,0.1126,6.0000,4.4395,0.2474,5.7018,0.5766,-5.4319,-23.5037,-1.1925,-25.5704,-1.1863,-25.6126,-5.4423,-24.4568,-20.6770,-19.2947,4.2394,-2.0667,4.2455,-2.1088,-0.0104,-0.9530,76,0.1000,76,0,0.9743,0.0219,0.0038,1.7621,1.5622,-0.5856,-2.7585,5.3283,0.0000
7.6201,IMM-EKF,jink,0.500,10.00,0.050,1,0.600,1,7.2908,5.0533,-2.2375,0.7884,0.2446,0.1099,0.1107,6.0000,4.4395,0.2470,6.6877,0.5766,-5.7778,-23.3358,-1.1925,-25.5704,-1.1863,-25.6126,-5.8047,-24.4533,-20.9764,-19.6153,4.5853,-2.2347,4.5915,-2.2768,-0.0269,-1.1176,76,0.1100,76,0,0.9743,0.0219,0.0038,1.7151,1.7234,-0.5633,-2.6943,5.3610,0.0000
7.6301,IMM-EKF,jink,0.500,10.00,0.050,1,0.600,1,7.3248,5.0613,-2.2635,0.8056,0.2446,0.1099,0.1086,6.0000,4.4395,0.2467,7.7459,0.5765,-6.1114,-23.1745,-1.1925,-25.5704,-1.1863,-25.6126,-6.1580,-24.4685,-21.2818,-19.9534,4.9189,-2.3959,4.9250,-2.4380,-0.0467,-1.2939,76,0.1200,76,0,0.9743,0.0219,0.0038,1.6682,1.8829,-0.5408,-2.6298,5.3930,0.0000
7.6401,IMM-EKF,jink,0.500,10.00,0.050,1,0.600,1,7.3579,5.0669,-2.2909,0.8237,0.2446,0.1099,0.1064,6.0000,4.4395,0.2464,8.8758,0.5765,-6.4328,-23.0200,-1.1925,-25.5704,-1.1863,-25.6126,-6.5030,-24.5020,-21.5938,-20.3092,5.2403,-2.5505,5.2465,-2.5926,-0.0702,-1.4820,76,0.1300,76,0,0.9743,0.0219,0.0038,1.6213,2.0406,-0.5180,-2.5649,5.4241,0.0000
7.6501,IMM-EKF,jink,0.500,10.00,0.050,1,0.600,1,7.3900,5.0702,-2.3199,0.8429,0.2446,0.1099,0.1042,6.0000,4.4395,0.2462,10.0769,0.5765,-6.7425,-22.8719,-1.1925,-25.5704,-1.1863,-25.6126,-6.8403,-24.5536,-21.9129,-20.6829,5.5500,-2.6985,5.5562,-2.7406,-0.0978,-1.6817,76,0.1400,76,0,0.9743,0.0219,0.0038,1.5745,2.1967,-0.4952,-2.4996,5.4545,0.0000
7.6601,IMM-EKF,jink,0.500,10.00,0.050,1,0.600,1,7.4212,5.2440,-2.1772,0.7325,0.2471,0.1100,0.0994,6.0000,4.8075,0.3608,1.7110,0.5765,-7.0409,-22.7304,-5.4319,-23.5037,-5.4491,-23.5616,-7.3046,-22.8811,-21.5263,-16.3824,1.6090,-0.7734,1.5918,-0.8312,-0.2637,-0.1507,77,0.0500,77,0,0.9769,0.0199,0.0032,1.5279,2.3512,-0.4723,-2.4340,5.4841,0.0000
7.6701,IMM-EKF,jink,0.500,10.00,0.050,1,0.600,1,7.4515,5.2574,-2.1940,0.7449,0.2471,0.1100,0.0971,6.0000,4.8075,0.3611,2.1233,0.5765,-7.3282,-22.5951,-5.4319,-23.5037,-5.4491,-23.5616,-7.6500,-22.7895,-21.8113,-16.6009,1.8963,-0.9086,1.8790,-0.9665,-0.3219,-0.1944,77,0.0600,77,0,0.9769,0.0199,0.0032,1.4814,2.5040,-0.4493,-2.3680,5.5129,0.0000
7.6801,IMM-EKF,jink,0.500,10.00,0.050,1,0.600,1,7.4807,5.2684,-2.2123,0.7581,0.2471,0.1100,0.0946,6.0000,4.8075,0.3615,2.5856,0.5765,-7.6047,-22.4661,-5.4319,-23.5037,-5.4491,-23.5616,-7.9873,-22.7151,-22.1019,-16.8322,2.1728,-1.0376,2.1555,-1.0955,-0.3827,-0.2490,77,0.0700,77,0,0.9769,0.0199,0.0032,1.4351,2.6552,-0.4265,-2.3017,5.5410,0.0000
7.6901,IMM-EKF,jink,0.500,10.00,0.050,1,0.600,1,7.5090,5.2769,-2.2321,0.7721,0.2471,0.1100,0.0921,6.0000,4.8075,0.3618,3.1017,0.5766,-7.8706,-22.3432,-5.4319,-23.5037,-5.4491,-23.5616,-8.3172,-22.6573,-22.3986,-17.0766,2.4388,-1.1605,2.4215,-1.2184,-0.4465,-0.3141,77,0.0800,77,0,0.9769,0.0199,0.0032,1.3889,2.8049,-0.4036,-2.2350,5.5682,0.0000
7.7001,IMM-EKF,jink,0.500,10.00,0.050,1,0.600,1,7.5362,5.2831,-2.2532,0.7870,0.2471,0.1100,0.0895,6.0000,4.8075,0.3622,3.6744,0.5767,-8.1264,-22.2264,-5.4319,-23.5037,-5.4491,-23.5616,-8.6402,-22.6158,-22.7019,-17.3343,2.6945,-1.2774,2.6773,-1.3352,-0.5138,-0.3895,77,0.0900,77,0,0.9769,0.0199,0.0032,1.3430,2.9530,-0.3809,-2.1681,5.5946,0.0000
7.7101,IMM-EKF,jink,0.500,10.00,0.050,1,0.600,1,7.5625,5.2868,-2.2757,0.8027,0.2471,0.1100,0.0869,6.0000,4.8075,0.3618,4.3041,0.5764,-8.3727,-22.1154,-5.4319,-23.5037,-5.4491,-23.5616,-8.9570,-22.5904,-23.0124,-17.6056,2.9408,-1.3883,2.9236,-1.4462,-0.5843,-0.4750,77,0.1000,77,0,0.9769,0.0199,0.0032,1.2973,3.0995,-0.3583,-2.1008,5.6202,0.0000
7.7201,IMM-EKF,jink,0.500,10.00,0.050,1,0.600,1,7.5877,5.2882,-2.2995,0.8193,0.2471,0.1100,0.0846,6.0000,4.8075,0.3598,4.9907,0.5755,-8.6102,-22.0103,-5.4319,-23.5037,-5.4491,-23.5616,-9.2682,-22.5806,-23.3308,-17.8909,3.1783,-1.4934,3.1610,-1.5513,-0.6580,-0.5703,77,0.1100,77,0,0.9769,0.0199,0.0032,1.2518,3.2445,-0.3359,-2.0332,5.6450,0.0000
7.7301,IMM-EKF,jink,0.500,10.00,0.050,1,0.600,1,7.6119,5.2873,-2.3246,0.8369,0.2471,0.1100,0.0821,6.0000,4.8075,0.3577,5.7394,0.5745,-8.8381,-21.9110,-5.4319,-23.5037,-5.4491,-23.5616,-9.5743,-22.5864,-23.6575,-18.1905,3.4063,-1.5927,3.3890,-1.6506,-0.7361,-0.6754,77,0.1200,77,0,0.9769,0.0199,0.0032,1.2066,3.3881,-0.3136,-1.9653,5.6690,0.0000
7.7401,IMM-EKF,jink,0.500,10.00,0.050,1,0.600,1,7.6350,5.2841,-2.3509,0.8554,0.2471,0.1100,0.0799,6.0000,4.8075,0.3575,6.5559,0.5743,-9.0557,-21.8173,-5.4319,-23.5037,-5.4491,-23.5616,-9.8759,-22.6074,-23.9934,-18.5050,3.6238,-1.6864,3.6066,-1.7443,-0.8202,-0.7901,77,0.1300,77,0,0.9769,0.0199,0.0032,1.1617,3.5302,-0.2915,-1.8971,5.6922,0.0000
7.7501,IMM-EKF,jink,0.500,10.00,0.050,1,0.600,1,7.6571,5.2787,-2.3784,0.8748,0.2471,0.1100,0.0777,6.0000,4.8075,0.3577,7.4372,0.5742,-9.2639,-21.7292,-5.4319,-23.5037,-5.4491,-23.5616,-10.1735,-22.6435,-24.3391,-18.8346,3.8321,-1.7746,3.8148,-1.8324,-0.9096,-0.9143,77,0.1400,77,0,0.9769,0.0199,0.0032,1.1170,3.6708,-0.2696,-1.8287,5.7145,0.0000
7.7601,IMM-EKF,jink,0.500,10.00,0.050,1,0.600,1,7.6781,5.4153,-2.2628,0.7858,0.2446,0.1079,0.0779,6.0000,5.1303,1.8584,1.9103,0.5742,-9.4633,-21.6465,-8.3727,-22.1154,-8.1567,-22.3521,-9.4254,-21.9639,-19.8378,-18.0592,1.0907,-0.4689,1.3066,-0.7055,0.0380,-0.3174,78,0.0500,78,0,0.9776,0.0193,0.0032,1.0727,3.8100,-0.2479,-1.7600,5.7361,0.0000
7.7701,IMM-EKF,jink,0.500,10.00,0.050,1,0.600,1,7.6981,5.4212,-2.2768,0.7990,0.2446,0.1079,0.0756,6.0000,5.1303,1.8574,2.1516,0.5743,-9.6541,-21.5693,-8.3727,-22.1154,-8.1567,-22.3521,-9.6534,-21.9289,-20.0461,-18.3267,1.2814,-0.5462,1.4974,-0.7828,0.0007,-0.3597,78,0.0600,78,0,0.9776,0.0193,0.0032,1.0287,3.9478,-0.2264,-1.6910,5.7568,0.0000
7.7801,IMM-EKF,jink,0.500,10.00,0.050,1,0.600,1,7.7169,5.4248,-2.2921,0.8129,0.2446,0.1079,0.0732,6.0000,5.1303,1.8565,2.4709,0.5743,-9.8364,-21.4973,-8.3727,-22.1154,-8.1567,-22.3521,-9.8764,-21.9086,-20.2592,-18.6078,1.4637,-0.6182,1.6797,-0.8548,-0.0401,-0.4114,78,0.0700,78,0,0.9776,0.0193,0.0032,0.9851,4.0841,-0.2051,-1.6218,5.7766,0.0000
7.7901,IMM-EKF,jink,0.500,10.00,0.050,1,0.600,1,7.7347,5.4261,-2.3086,0.8276,0.2446,0.1079,0.0708,6.0000,5.1303,1.8557,2.8640,0.5744,-10.0104,-21.4305,-8.3727,-22.1154,-8.1567,-22.3521,-10.0949,-21.9028,-20.4777,-18.9030,1.6377,-0.6849,1.8537,-0.9215,-0.0845,-0.4723,78,0.0800,78,0,0.9776,0.0193,0.0032,0.9418,4.2191,-0.1841,-1.5524,5.7957,0.0000
7.8001,IMM-EKF,jink,0.500,10.00,0.050,1,0.600,1,7.7514,5.4251,-2.3262,0.8430,0.2446,0.1079,0.0683,6.0000,5.1303,1.8550,3.3267,0.5746,-10.1763,-21.3690,-8.3727,-22.1154,-8.1567,-22.3521,-10.3091,-21.9112,-20.7020,-19.2126,1.8036,-0.7465,2.0196,-0.9831,-0.1328,-0.5422,78,0.0900,78,0,0.9776,0.0193,0.0032,0.8989,4.3528,-0.1633,-1.4827,5.8139,0.0000
7.8101,IMM-EKF,jink,0.500,10.00,0.050,1,0.600,1,7.7669,5.4219,-2.3451,0.8592,0.2446,0.1079,0.0658,6.0000,5.1303,1.8543,3.8558,0.5747,-10.3342,-21.3125,-8.3727,-22.1154,-8.1567,-22.3521,-10.5195,-21.9335,-20.9326,-19.5372,1.9615,-0.8030,2.1775,-1.0396,-0.1854,-0.6211,78,0.1000,78,0,0.9776,0.0193,0.0032,0.8563,4.4851,-0.1428,-1.4129,5.8313,0.0000
7.8201,IMM-EKF,jink,0.500,10.00,0.050,1,0.600,1,7.7814,5.4164,-2.3650,0.8763,0.2446,0.1079,0.0633,6.0000,5.1303,1.8537,4.4489,0.5750,-10.4843,-21.2610,-8.3727,-22.1154,-8.1567,-22.3521,-10.7266,-21.9697,-21.1702,-19.8772,2.1116,-0.8544,2.3276,-1.0910,-0.2423,-0.7087,78,0.1100,78,0,0.9776,0.0193,0.0032,0.8142,4.6161,-0.1225,-1.3428,5.8478,0.0000
7.8301,IMM-EKF,jink,0.500,10.00,0.050,1,0.600,1,7.7947,5.4088,-2.3859,0.8942,0.2446,0.1079,0.0607,6.0000,5.1303,1.8532,5.1044,0.5752,-10.6267,-21.2145,-8.3727,-22.1154,-8.1567,-22.3521,-10.9306,-22.0196,-21.4153,-20.2332,2.2540,-0.9009,2.4700,-1.1375,-0.3039,-0.8051,78,0.1200,78,0,0.9776,0.0193,0.0032,0.7725,4.7458,-0.1024,-1.2725,5.8635,0.0000
7.8401,IMM-EKF,jink,0.500,10.00,0.050,1,0.600,1,7.8070,5.3990,-2.4079,0.9130,0.2446,0.1079,0.0588,6.0000,5.1303,1.8643,5.8154,0.5735,-10.7648,-21.1729,-8.3727,-22.1154,-8.1567,-22.3521,-11.1319,-22.0831,-21.6685,-20.6058,2.3921,-0.9425,2.6080,-1.1791,-0.3671,-0.9102,78,0.1300,78,0,0.9776,0.0193,0.0032,0.7312,4.8741,-0.0826,-1.2021,5.8784,0.0000
7.8501,IMM-EKF,jink,0.500,10.00,0.050,1,0.600,1,7.8181,5.3872,-2.4309,0.9327,0.2446,0.1079,0.0589,6.0000,5.1303,1.9029,6.5719,0.5709,-10.9029,-21.1362,-8.3727,-22.1154,-8.1567,-22.3521,-11.3310,-22.1601,-21.9307,-20.9956,2.5302,-0.9792,2.7461,-1.2158,-0.4281,-1.0239,78,0.1400,78,0,0.9776,0.0193,0.0032,0.6904,5.0013,-0.0631,-1.1314,5.8924,0.0000
7.8601,IMM-EKF,jink,0.500,10.00,0.050,1,0.600,1,7.8281,5.7970,-2.0311,0.8342,0.2446,0.1076,0.0588,6.0000,6.0953,0.3583,2.2291,0.5728,-11.0335,-21.1046,-10.3342,-21.3125,-10.4124,-21.3441,-11.4328,-21.0979,-20.3304,-18.0282,0.6993,-0.2079,0.6211,-0.2395,-0.3993,0.0066,79,0.0500,79,0,0.9776,0.0192,0.0032,0.6500,5.1271,-0.0439,-1.0607,5.9055,0.0000
7.8701,IMM-EKF,jink,0.500,10.00,0.050,1,0.600,1,7.8370,5.8005,-2.0365,0.8479,0.2446,0.1076,0.0608,6.0000,6.0953,0.3474,2.6455,0.5730,-11.1488,-21.0777,-10.3342,-21.3125,-10.4124,-21.3441,-11.6227,-21.0736,-20.5210,-18.2645,0.8146,-0.2348,0.7364,-0.2664,-0.4739,0.0040,79,0.0600,79,0,0.9776,0.0192,0.0032,0.6101,5.2518,-0.0249,-0.9897,5.9178,0.0000
7.8801,IMM-EKF,jink,0.500,10.00,0.050,1,0.600,1,7.8447,5.8018,-2.0429,0.8623,0.2446,0.1076,0.0632,6.0000,6.0953,0.3479,3.0984,0.5718,-11.2546,-21.0555,-10.3342,-21.3125,-10.4124,-21.3441,-11.8096,-21.0614,-20.7167,-18.5120,0.9204,-0.2570,0.8423,-0.2886,-0.5549,-0.0060,79,0.0700,79,0,0.9776,0.0192,0.0032,0.5707,5.3752,-0.0062,-0.9186,5.9293,0.0000
7.8901,IMM-EKF,jink,0.500,10.00,0.050,1,0.600,1,7.8513,5.8010,-2.0503,0.8774,0.2446,0.1076,0.0656,6.0000,6.0953,0.3484,3.5776,0.5706,-11.3535,-21.0379,-10.3342,-21.3125,-10.4124,-21.3441,-11.9938,-21.0610,-20.9181,-18.7708,1.0193,-0.2745,0.9411,-0.3061,-0.6403,-0.0231,79,0.0800,79,0,0.9776,0.0192,0.0032,0.5317,5.4974,0.0122,-0.8474,5.9399,0.0000
7.9001,IMM-EKF,jink,0.500,10.00,0.050,1,0.600,1,7.8568,5.7981,-2.0587,0.8932,0.2446,0.1076,0.0680,6.0000,6.0953,0.3490,4.0869,0.5695,-11.4455,-21.0250,-10.3342,-21.3125,-10.4124,-21.3441,-12.1757,-21.0722,-21.1254,-19.0412,1.1113,-0.2874,1.0331,-0.3190,-0.7302,-0.0472,79,0.0900,79,0,0.9776,0.0192,0.0032,0.4933,5.6184,0.0304,-0.7761,5.9496,0.0000
7.9101,IMM-EKF,jink,0.500,10.00,0.050,1,0.600,1,7.8612,5.7932,-2.0680,0.9098,0.2446,0.1076,0.0702,6.0000,6.0953,0.3497,4.6295,0.5685,-11.5306,-21.0167,-10.3342,-21.3125,-10.4124,-21.3441,-12.3556,-21.0949,-21.3393,-19.3237,1.1965,-0.2957,1.1183,-0.3273,-0.8249,-0.0782,79,0.1000,79,0,0.9776,0.0192,0.0032,0.4554,5.7382,0.0482,-0.7046,5.9585,0.0000
7.9201,IMM-EKF,jink,0.500,10.00,0.050,1,0.600,1,7.8644,5.7862,-2.0782,0.9272,0.2446,0.1076,0.0724,6.0000,6.0953,0.3504,5.2086,0.5675,-11.6091,-21.0130,-10.3342,-21.3125,-10.4124,-21.3441,-12.5338,-21.1289,-21.5603,-19.6186,1.2749,-0.2995,1.1967,-0.3311,-0.9247,-0.1159,79,0.1100,79,0,0.9776,0.0192,0.0032,0.4180,5.8569,0.0658,-0.6331,5.9665,0.0000
7.9301,IMM-EKF,jink,0.500,10.00,0.050,1,0.600,1,7.8664,5.7772,-2.0893,0.9454,0.2446,0.1076,0.0745,6.0000,6.0953,0.3511,5.8272,0.5666,-11.6810,-21.0138,-10.3342,-21.3125,-10.4124,-21.3441,-12.7107,-21.1741,-21.7889,-19.9262,1.3468,-0.2987,1.2686,-0.3303,-1.0297,-0.1603,79,0.1200,79,0,0.9776,0.0192,0.0032,0.3812,5.9744,0.0831,-0.5614,5.9737,0.0000
7.9401,IMM-EKF,jink,0.500,10.00,0.050,1,0.600,1,7.8673,5.7662,-2.1012,0.9644,0.2446,0.1076,0.0765,6.0000,6.0953,0.3519,6.4880,0.5658,-11.7463,-21.0191,-10.3342,-21.3125,-10.4124,-21.3441,-12.8866,-21.2303,-22.0258,-20.2468,1.4121,-0.2934,1.3339,-0.3250,-1.1403,-0.2112,79,0.1300,79,0,0.9776,0.0192,0.0032,0.3449,6.0908,0.1001,-0.4897,5.9800,0.0000
7.9501,IMM-EKF,jink,0.500,10.00,0.050,1,0.600,1,7.8671,5.7532,-2.1139,0.9842,0.2446,0.1076,0.0784,6.0000,6.0953,0.3528,7.1933,0.5650,-11.8052,-21.0289,-10.3342,-21.3125,-10.4124,-21.3441,-13.0618,-21.2975,-22.2716,-20.5810,1.4710,-0.2835,1.3928,-0.3151,-1.2566,-0.2686,79,0.1400,79,0,0.9776,0.0192,0.0032,0.3092,6.2061,0.1168,-0.4179,5.9854,0.0000
7.9601,IMM-EKF,jink,0.500,10.00,0.050,1,0.600,1,7.8658,5.8717,-1.9941,0.9044,0.2451,0.1070,0.0798,6.0000,6.2621,1.8272,4.0192,0.5643,-11.8576,-21.0432,-11.5306,-21.0167,-11.8467,-21.0923,-12.5760,-21.0872,-19.3542,-20.8002,0.3270,0.0265,0.0109,-0.0490,-0.7184,-0.0440,80,0.0500,80,0,0.9790,0.0181,0.0029,0.2740,6.3203,0.1332,-0.3461,5.9900,0.0000
7.9701,IMM-EKF,jink,0.500,10.00,0.050,1,0.600,1,7.8633,5.8668,-1.9964,0.9187,0.2451,0.1070,0.0816,6.0000,6.2621,1.8284,4.5042,0.5636,-11.9037,-21.0620,-11.5306,-21.0167,-11.8467,-21.0923,-12.7084,-21.1177,-19.5165,-21.1007,0.3730,0.0453,0.0570,-0.0303,-0.8047,-0.0557,80,0.0600,80,0,0.9790,0.0181,0.0029,0.2395,6.4334,0.1493,-0.2742,5.9937,0.0000
7.9801,IMM-EKF,jink,0.500,10.00,0.050,1,0.600,1,7.8597,5.8600,-1.9996,0.9336,0.2451,0.1070,0.0834,6.0000,6.2621,1.8297,5.0202,0.5631,-11.9435,-21.0852,-11.5306,-21.0167,-11.8467,-21.0923,-12.8395,-21.1590,-19.6850,-21.4141,0.4128,0.0685,0.0968,-0.0071,-0.8961,-0.0738,80,0.0700,80,0,0.9790,0.0181,0.0029,0.2055,6.5454,0.1652,-0.2022,5.9966,0.0000
7.9901,IMM-EKF,jink,0.500,10.00,0.050,1,0.600,1,7.8549,5.8513,-2.0036,0.9491,0.2451,0.1070,0.0853,6.0000,6.2621,1.8261,5.5644,0.5631,-11.9779,-21.1129,-11.5306,-21.0167,-11.8467,-21.0923,-12.9697,-21.2108,-19.8601,-21.7407,0.4472,0.0961,0.1312,0.0206,-0.9918,-0.0979,80,0.0800,80,0,0.9790,0.0181,0.0029,0.1721,6.6564,0.1807,-0.1302,5.9986,0.0000
8.0001,IMM-EKF,jink,0.500,10.00,0.050,1,0.600,1,7.8490,5.8406,-2.0084,0.9653,0.2451,0.1070,0.0872,6.0000,6.2621,1.8216,6.1433,0.5632,-12.0063,-21.1450,-11.5306,-21.0167,-11.8467,-21.0923,-13.0991,-21.2731,-20.0424,-22.0809,0.4756,0.1283,0.1596,0.0527,-1.0928,-0.1282,80,0.0900,80,0,0.9790,0.0181,0.0029,0.1394,6.7663,0.1959,-0.0583,5.9997,0.0000
