t_s,estimator,maneuver,horizon_s,detect_hz,latency_s,jitter,meas_corr,predict_on,true_range_m,est_range_m,range_err_m,range_sigma_m,est_size_w_m,est_size_h_m,size_err_m,true_speed_mps,est_speed_mps,held_err_px,est_err_px,track_err_px,origin_hdg,origin_att,delayed_hdg,delayed_att,jittered_hdg,jittered_att,est_hdg,est_att,pred_hdg,pred_att,err_delayed_hdg,err_delayed_att,err_jittered_hdg,err_jittered_att,err_est_hdg,err_est_att,detect_count,detect_age_s,tracker_updates,tracker_rejects,imm_p0,imm_p1,imm_p2,chaser_vx,chaser_vy,chaser_vz,target_vx,target_vy,target_vz
0.0100,UKF,jink,0.500,10.00,0.150,1,0.600,1,19.4193,nan,nan,nan,nan,nan,nan,6.0000,nan,0.0000,0.0000,0.0000,18.5716,-11.7368,nan,nan,nan,nan,nan,nan,nan,nan,nan,nan,nan,nan,nan,nan,0,0.0000,0,0,0.0000,0.0000,0.0000,0.0666,0.1666,-0.0147,5.5437,2.2950,0.0000
0.0200,UKF,jink,0.500,10.00,0.150,1,0.600,1,19.4549,nan,nan,nan,nan,nan,nan,6.0000,nan,0.0000,0.0000,0.0000,18.7056,-11.7142,nan,nan,nan,nan,nan,nan,nan,nan,nan,nan,nan,nan,nan,nan,0,0.0000,0,0,0.0000,0.0000,0.0000,0.1329,0.3314,-0.0292,5.5158,2.3614,0.0000
0.0300,UKF,jink,0.500,10.00,0.150,1,0.600,1,19.4894,nan,nan,nan,nan,nan,nan,6.0000,nan,0.0000,0.0000,0.0000,18.8373,-11.6919,nan,nan,nan,nan,nan,nan,nan,nan,nan,nan,nan,nan,nan,nan,0,0.0000,0,0,0.0000,0.0000,0.0000,0.1987,0.4944,-0.0435,5.4870,2.4274,0.0000
0.0400,UKF,jink,0.500,10.00,0.150,1,0.600,1,19.5227,nan,nan,nan,nan,nan,nan,6.0000,nan,0.0000,0.0000,0.0000,18.9668,-11.6699,nan,nan,nan,nan,nan,nan,nan,nan,nan,nan,nan,nan,nan,nan,0,0.0000,0,0,0.0000,0.0000,0.0000,0.2641,0.6558,-0.0576,5.4575,2.4931,0.0000
0.0500,UKF,jink,0.500,10.00,0.150,1,0.600,1,19.5550,nan,nan,nan,nan,nan,nan,6.0000,nan,0.0000,0.0000,0.0000,19.0940,-11.6483,nan,nan,nan,nan,nan,nan,nan,nan,nan,nan,nan,nan,nan,nan,0,0.0000,0,0,0.0000,0.0000,0.0000,0.3290,0.8154,-0.0715,5.4272,2.5584,0.0000
0.0600,UKF,jink,0.500,10.00,0.150,1,0.600,1,19.5862,nan,nan,nan,nan,nan,nan,6.0000,nan,0.0000,0.0000,0.0000,19.2190,-11.6270,nan,nan,nan,nan,nan,nan,nan,nan,nan,nan,nan,nan,nan,nan,0,0.0000,0,0,0.0000,0.0000,0.0000,0.3936,0.9733,-0.0852,5.3961,2.6233,0.0000
0.0700,UKF,jink,0.500,10.00,0.150,1,0.600,1,19.6163,nan,nan,nan,nan,nan,nan,6.0000,nan,0.0000,0.0000,0.0000,19.3418,-11.6060,nan,nan,nan,nan,nan,nan,nan,nan,nan,nan,nan,nan,nan,nan,0,0.0000,0,0,0.0000,0.0000,0.0000,0.4577,1.1296,-0.0987,5.3643,2.6879,0.0000
0.0800,UKF,jink,0.500,10.00,0.150,1,0.600,1,19.6452,nan,nan,nan,nan,nan,nan,6.0000,nan,0.0000,0.0000,0.0000,19.4624,-11.5853,nan,nan,nan,nan,nan,nan,nan,nan,nan,nan,nan,nan,nan,nan,0,0.0000,0,0,0.0000,0.0000,0.0000,0.5213,1.2843,-0.1120,5.3316,2.7521,0.0000
0.0900,UKF,jink,0.500,10.00,0.150,1,0.600,1,19.6731,nan,nan,nan,nan,nan,nan,6.0000,nan,0.0000,0.0000,0.0000,19.5808,-11.5650,nan,nan,nan,nan,nan,nan,nan,nan,nan,nan,nan,nan,nan,nan,0,0.0000,0,0,0.0000,0.0000,0.0000,0.5846,1.4373,-0.1250,5.2982,2.8158,0.0000
0.1000,UKF,jink,0.500,10.00,0.150,1,0.600,1,19.7000,nan,nan,nan,nan,nan,nan,6.0000,nan,0.0000,0.0000,0.0000,19.6970,-11.5450,nan,nan,nan,nan,nan,nan,nan,nan,nan,nan,nan,nan,nan,nan,0,0.0000,0,0,0.0000,0.0000,0.0000,0.6474,1.5887,-0.1379,5.2640,2.8792,0.0000
0.1100,UKF,jink,0.500,10.00,0.150,1,0.600,1,19.7257,nan,nan,nan,nan,nan,nan,6.0000,nan,0.0000,0.0000,0.0000,19.8110,-11.5253,nan,nan,nan,nan,nan,nan,nan,nan,nan,nan,nan,nan,nan,nan,0,0.0000,0,0,0.0000,0.0000,0.0000,0.7097,1.7386,-0.1506,5.2291,2.9422,0.0000
0.1200,UKF,jink,0.500,10.00,0.150,1,0.600,1,19.7504,nan,nan,nan,nan,nan,nan,6.0000,nan,0.0000,0.0000,0.0000,19.9229,-11.5059,nan,nan,nan,nan,nan,nan,nan,nan,nan,nan,nan,nan,nan,nan,0,0.0000,0,0,0.0000,0.0000,0.0000,0.7716,1.8868,-0.1631,5.1934,3.0047,0.0000
0.1300,UKF,jink,0.500,10.00,0.150,1,0.600,1,19.7741,nan,nan,nan,nan,nan,nan,6.0000,nan,0.0000,0.0000,0.0000,20.0326,-11.4868,nan,nan,nan,nan,nan,nan,nan,nan,nan,nan,nan,nan,nan,nan,0,0.0000,0,0,0.0000,0.0000,0.0000,0.8331,2.0336,-0.1754,5.1570,3.0668,0.0000
0.1400,UKF,jink,0.500,10.00,0.150,1,0.600,1,19.7967,nan,nan,nan,nan,nan,nan,6.0000,nan,0.0000,0.0000,0.0000,20.1402,-11.4681,nan,nan,nan,nan,nan,nan,nan,nan,nan,nan,nan,nan,nan,nan,0,0.0000,0,0,0.0000,0.0000,0.0000,0.8941,2.1787,-0.1876,5.1198,3.1285,0.0000
0.1500,UKF,jink,0.500,10.00,0.150,1,0.600,1,19.8182,17.8811,-1.9371,9.3070,0.3600,0.1065,0.0156,6.0000,0.0000,1.5723,11.5910,0.1669,20.2456,-11.4496,18.4354,-11.7598,18.4936,-12.0174,18.4106,-12.1744,18.1063,-12.7481,-1.8102,-0.3102,-1.7520,-0.5678,-1.8350,-0.7247,1,0.1500,1,0,1.0000,0.0000,0.0000,0.9547,2.3224,-0.1995,5.0819,3.1897,0.0000
0.1600,UKF,jink,0.500,10.00,0.150,1,0.600,1,19.8387,17.8317,-2.0070,9.3318,0.3600,0.1065,0.0149,6.0000,0.0000,1.5718,12.3069,0.1663,20.3489,-11.4315,18.4354,-11.7598,18.4936,-12.0174,18.3986,-12.1958,18.0692,-12.8120,-1.9135,-0.3284,-1.8553,-0.5860,-1.9504,-0.7644,1,0.1600,1,0,1.0000,0.0000,0.0000,1.0148,2.4646,-0.2113,5.0433,3.2504,0.0000
0.1700,UKF,jink,0.500,10.00,0.150,1,0.600,1,19.8582,17.7795,-2.0786,9.3582,0.3600,0.1065,0.0141,6.0000,0.0000,1.5713,13.0186,0.1657,20.4501,-11.4136,18.4354,-11.7598,18.4936,-12.0174,18.3856,-12.2187,18.0306,-12.8780,-2.0147,-0.3462,-1.9565,-0.6038,-2.0645,-0.8051,1,0.1700,1,0,1.0000,0.0000,0.0000,1.0745,2.6053,-0.2228,5.0039,3.3107,0.0000
0.1800,UKF,jink,0.500,10.00,0.150,1,0.600,1,19.8766,17.7246,-2.1520,9.3861,0.3600,0.1065,0.0133,6.0000,0.0000,1.5708,13.7263,0.1651,20.5491,-11.3961,18.4354,-11.7598,18.4936,-12.0174,18.3718,-12.2430,17.9903,-12.9463,-2.1137,-0.3638,-2.0555,-0.6214,-2.1774,-0.8469,1,0.1800,1,0,1.0000,0.0000,0.0000,1.1338,2.7445,-0.2342,4.9638,3.3705,0.0000
0.1900,UKF,jink,0.500,10.00,0.150,1,0.600,1,19.8940,17.6670,-2.2270,9.4156,0.3600,0.1065,0.0124,6.0000,0.0000,1.5703,14.4299,0.1645,20.6461,-11.3788,18.4354,-11.7598,18.4936,-12.0174,18.3570,-12.2687,17.9483,-13.0169,-2.2107,-0.3810,-2.1525,-0.6386,-2.2891,-0.8899,1,0.1900,1,0,1.0000,0.0000,0.0000,1.1925,2.8823,-0.2455,4.9230,3.4299,0.0000
0.2000,UKF,jink,0.500,10.00,0.150,1,0.600,1,19.9104,17.6067,-2.3036,9.4466,0.3600,0.1065,0.0116,6.0000,0.0000,1.5694,15.1314,0.1639,20.7412,-11.3619,18.4354,-11.7598,18.4936,-12.0174,18.3412,-12.2958,17.9046,-13.0899,-2.3058,-0.3979,-2.2476,-0.6555,-2.3999,-0.9339,1,0.2000,1,0,1.0000,0.0000,0.0000,1.2508,3.0187,-0.2565,4.8815,3.4887,0.0000
0.2100,UKF,jink,0.500,10.00,0.150,1,0.600,1,19.9257,17.5439,-2.3819,9.4792,0.3600,0.1065,0.0109,6.0000,0.0000,1.5690,15.8291,0.1637,20.8341,-11.3452,18.4354,-11.7598,18.4936,-12.0174,18.3246,-12.3244,17.8591,-13.1653,-2.3987,-0.4147,-2.3405,-0.6723,-2.5096,-0.9792,1,0.2100,1,0,1.0000,0.0000,0.0000,1.3087,3.1536,-0.2674,4.8393,3.5470,0.0000
0.2200,UKF,jink,0.500,10.00,0.150,1,0.600,1,19.9401,17.4784,-2.4617,9.5133,0.3600,0.1065,0.0104,6.0000,0.0000,1.5689,16.5217,0.1636,20.9247,-11.3288,18.4354,-11.7598,18.4936,-12.0174,18.3069,-12.3544,17.8118,-13.2433,-2.4893,-0.4311,-2.4311,-0.6887,-2.6178,-1.0256,1,0.2200,1,0,1.0000,0.0000,0.0000,1.3661,3.2872,-0.2781,4.7964,3.6048,0.0000
0.2300,UKF,jink,0.500,10.00,0.150,1,0.600,1,19.9534,17.4104,-2.5430,9.5490,0.3600,0.1065,0.0098,6.0000,0.0000,1.5689,17.2110,0.1634,21.0132,-11.3126,18.4354,-11.7598,18.4936,-12.0174,18.2883,-12.3859,17.7626,-13.3238,-2.5778,-0.4472,-2.5196,-0.7048,-2.7249,-1.0733,1,0.2300,1,0,1.0000,0.0000,0.0000,1.4230,3.4193,-0.2886,4.7528,3.6621,0.0000
0.2400,UKF,jink,0.500,10.00,0.150,1,0.600,1,19.9658,17.3399,-2.6259,9.5862,0.3600,0.1065,0.0092,6.0000,0.0000,1.5688,17.8970,0.1632,21.0996,-11.2968,18.4354,-11.7598,18.4936,-12.0174,18.2687,-12.4189,17.7115,-13.4070,-2.6642,-0.4630,-2.6060,-0.7206,-2.8309,-1.1220,1,0.2400,1,0,1.0000,0.0000,0.0000,1.4795,3.5501,-0.2990,4.7085,3.7189,0.0000
0.2500,UKF,jink,0.500,10.00,0.150,1,0.600,1,19.9771,19.1171,-0.8600,6.4242,0.3597,0.1038,0.0088,6.0000,1.8705,0.8471,16.2493,0.1631,21.1839,-11.2813,19.6970,-11.5450,19.6033,-11.4379,18.4407,-10.9325,18.1987,-8.6336,-1.4869,-0.2637,-1.5806,-0.1566,-2.7431,0.3488,2,0.1500,2,0,1.0000,0.0000,0.0000,1.5355,3.6796,-0.3091,4.6635,3.7751,0.0000
0.2600,UKF,jink,0.500,10.00,0.150,1,0.600,1,19.9874,19.0584,-0.9290,6.4708,0.3597,0.1038,0.0080,6.0000,1.8705,0.8471,16.8052,0.1629,21.2661,-11.2661,19.6970,-11.5450,19.6033,-11.4379,18.4304,-10.8987,18.1650,-8.6066,-1.5691,-0.2789,-1.6628,-0.1718,-2.8357,0.3674,2,0.1600,2,0,1.0000,0.0000,0.0000,1.5910,3.8077,-0.3192,4.6179,3.8308,0.0000
0.2700,UKF,jink,0.500,10.00,0.150,1,0.600,1,19.9968,18.9972,-0.9996,6.5195,0.3597,0.1038,0.0071,6.0000,1.8705,0.8470,17.3535,0.1627,21.3462,-11.2512,19.6970,-11.5450,19.6033,-11.4379,18.4192,-10.8657,18.1299,-8.5798,-1.6492,-0.2938,-1.7429,-0.1867,-2.9270,0.3855,2,0.1700,2,0,1.0000,0.0000,0.0000,1.6461,3.9345,-0.3290,4.5716,3.8859,0.0000
0.2800,UKF,jink,0.500,10.00,0.150,1,0.600,1,20.0051,18.9335,-1.0716,6.5703,0.3597,0.1038,0.0062,6.0000,1.8705,0.8469,17.8941,0.1625,21.4242,-11.2365,19.6970,-11.5450,19.6033,-11.4379,18.4072,-10.8333,18.0936,-8.5532,-1.7272,-0.3084,-1.8209,-0.2014,-3.0170,0.4032,2,0.1800,2,0,1.0000,0.0000,0.0000,1.7007,4.0601,-0.3387,4.5246,3.9405,0.0000
0.2900,UKF,jink,0.500,10.00,0.150,1,0.600,1,20.0125,18.8673,-1.1451,6.6230,0.3597,0.1038,0.0052,6.0000,1.8705,0.8469,18.4272,0.1622,21.5001,-11.2222,19.6970,-11.5450,19.6033,-11.4379,18.3944,-10.8017,18.0559,-8.5268,-1.8031,-0.3228,-1.8968,-0.2157,-3.1057,0.4205,2,0.1900,2,0,1.0000,0.0000,0.0000,1.7549,4.1843,-0.3483,4.4770,3.9945,0.0000
0.3000,UKF,jink,0.500,10.00,0.150,1,0.600,1,20.0188,18.7988,-1.2201,6.6778,0.3597,0.1038,0.0042,6.0000,1.8705,0.8468,18.9528,0.1620,21.5740,-11.2082,19.6970,-11.5450,19.6033,-11.4379,18.3808,-10.7707,18.0168,-8.5006,-1.8770,-0.3368,-1.9707,-0.2297,-3.1932,0.4375,2,0.2000,2,0,1.0000,0.0000,0.0000,1.8085,4.3073,-0.3576,4.4288,4.0480,0.0000
0.3100,UKF,jink,0.500,10.00,0.150,1,0.600,1,20.0242,18.7278,-1.2964,6.7345,0.3597,0.1038,0.0031,6.0000,1.8705,0.8468,19.4709,0.1618,21.6457,-11.1945,19.6970,-11.5450,19.6033,-11.4379,18.3664,-10.7404,17.9764,-8.4746,-1.9487,-0.3505,-2.0424,-0.2434,-3.2794,0.4540,2,0.2100,2,0,1.0000,0.0000,0.0000,1.8617,4.4290,-0.3669,4.3799,4.1008,0.0000
0.3200,UKF,jink,0.500,10.00,0.150,1,0.600,1,20.0286,18.6546,-1.3741,6.7931,0.3597,0.1038,0.0019,6.0000,1.8705,0.8467,19.9815,0.1616,21.7154,-11.1810,19.6970,-11.5450,19.6033,-11.4379,18.3511,-10.7108,17.9345,-8.4488,-2.0184,-0.3639,-2.1121,-0.2569,-3.3643,0.4702,2,0.2200,2,0,1.0000,0.0000,0.0000,1.9144,4.5495,-0.3759,4.3303,4.1531,0.0000
0.3300,UKF,jink,0.500,10.00,0.150,1,0.600,1,20.0321,18.5790,-1.4531,6.8535,0.3597,0.1038,0.0007,6.0000,1.8705,0.8468,20.4848,0.1613,21.7830,-11.1679,19.6970,-11.5450,19.6033,-11.4379,18.3351,-10.6818,17.8912,-8.4231,-2.0861,-0.3770,-2.1797,-0.2700,-3.4480,0.4861,2,0.2300,2,0,1.0000,0.0000,0.0000,1.9667,4.6687,-0.3848,4.2802,4.2047,0.0000
0.3400,UKF,jink,0.500,10.00,0.150,1,0.600,1,20.0345,18.5012,-1.5334,6.9158,0.3597,0.1038,0.0006,6.0000,1.8705,0.8467,20.9806,0.1610,21.8486,-11.1551,19.6970,-11.5450,19.6033,-11.4379,18.3181,-10.6535,17.8464,-8.3976,-2.1516,-0.3899,-2.2453,-0.2828,-3.5305,0.5016,2,0.2400,2,0,1.0000,0.0000,0.0000,2.0184,4.7868,-0.3936,4.2294,4.2558,0.0000
0.3500,UKF,jink,0.500,10.00,0.150,1,0.600,1,20.0360,19.4274,-0.6086,5.0714,0.3615,0.1039,0.0038,6.0000,2.2928,1.3340,12.2858,0.1608,21.9121,-11.1426,20.7412,-11.3619,20.9414,-11.2579,19.8405,-10.8611,22.0009,-9.3035,-1.1709,-0.2193,-0.9707,-0.1153,-2.0715,0.2815,3,0.1500,3,0,1.0000,0.0000,0.0000,2.0697,4.9036,-0.4022,4.1781,4.3063,0.0000
0.3600,UKF,jink,0.500,10.00,0.150,1,0.600,1,20.0365,19.3613,-0.6752,5.1385,0.3615,0.1039,0.0052,6.0000,2.2928,1.3344,12.4507,0.1605,21.9734,-11.1304,20.7412,-11.3619,20.9414,-11.2579,19.8748,-10.8410,22.0415,-9.2946,-1.2323,-0.2315,-1.0321,-0.1275,-2.0986,0.2894,3,0.1600,3,0,1.0000,0.0000,0.0000,2.1205,5.0193,-0.4107,4.1261,4.3561,0.0000
0.3700,UKF,jink,0.500,10.00,0.150,1,0.600,1,20.0361,19.2929,-0.7432,5.2077,0.3615,0.1039,0.0066,6.0000,2.2928,1.3348,12.6047,0.1602,22.0328,-11.1185,20.7412,-11.3619,20.9414,-11.2579,19.9089,-10.8215,22.0825,-9.2862,-1.2916,-0.2434,-1.0914,-0.1394,-2.1239,0.2969,3,0.1700,3,0,1.0000,0.0000,0.0000,2.1709,5.1338,-0.4190,4.0735,4.4053,0.0000
0.3800,UKF,jink,0.500,10.00,0.150,1,0.600,1,20.0347,19.2222,-0.8124,5.2791,0.3615,0.1039,0.0081,6.0000,2.2928,1.3352,12.7476,0.1599,22.0900,-11.1068,20.7412,-11.3619,20.9414,-11.2579,19.9427,-10.8029,22.1239,-9.2784,-1.3488,-0.2550,-1.1486,-0.1510,-2.1473,0.3040,3,0.1800,3,0,1.0000,0.0000,0.0000,2.2207,5.2472,-0.4272,4.0204,4.4538,0.0000
0.3900,UKF,jink,0.500,10.00,0.150,1,0.600,1,20.0323,19.1494,-0.8829,5.3526,0.3615,0.1039,0.0097,6.0000,2.2928,1.3357,12.8794,0.1596,22.1452,-11.0955,20.7412,-11.3619,20.9414,-11.2579,19.9764,-10.7849,22.1657,-9.2712,-1.4040,-0.2663,-1.2038,-0.1623,-2.1688,0.3107,3,0.1900,3,0,1.0000,0.0000,0.0000,2.2701,5.3594,-0.4352,3.9666,4.5018,0.0000
0.4000,UKF,jink,0.500,10.00,0.150,1,0.600,1,20.0290,19.0743,-0.9546,5.4280,0.3615,0.1039,0.0113,6.0000,2.2928,1.3361,12.9999,0.1593,22.1983,-11.0846,20.7412,-11.3619,20.9414,-11.2579,20.0098,-10.7676,22.2080,-9.2645,-1.4571,-0.2773,-1.2569,-0.1733,-2.1885,0.3170,3,0.2000,3,0,1.0000,0.0000,0.0000,2.3190,5.4705,-0.4431,3.9123,4.5490,0.0000
0.4100,UKF,jink,0.500,10.00,0.150,1,0.600,1,20.0247,18.9972,-1.0276,5.5052,0.3615,0.1039,0.0130,6.0000,2.2928,1.3365,13.1091,0.1590,22.2493,-11.0739,20.7412,-11.3619,20.9414,-11.2579,20.0431,-10.7510,22.2509,-9.2584,-1.5081,-0.2880,-1.3079,-0.1840,-2.2062,0.3229,3,0.2100,3,0,1.0000,0.0000,0.0000,2.3674,5.5805,-0.4508,3.8575,4.5957,0.0000
0.4200,UKF,jink,0.500,10.00,0.150,1,0.600,1,20.0195,18.9179,-1.1016,5.5844,0.3615,0.1039,0.0147,6.0000,2.2928,1.3369,13.2067,0.1587,22.2983,-11.0635,20.7412,-11.3619,20.9414,-11.2579,20.0762,-10.7351,22.2944,-9.2528,-1.5571,-0.2984,-1.3569,-0.1944,-2.2221,0.3284,3,0.2200,3,0,1.0000,0.0000,0.0000,2.4153,5.6894,-0.4584,3.8020,4.6416,0.0000
0.4300,UKF,jink,0.500,10.00,0.150,1,0.600,1,20.0133,18.8365,-1.1768,5.6653,0.3615,0.1039,0.0165,6.0000,2.2928,1.3373,13.2928,0.1584,22.3451,-11.0534,20.7412,-11.3619,20.9414,-11.2579,20.1092,-10.7199,22.3385,-9.2479,-1.6040,-0.3084,-1.4038,-0.2044,-2.2360,0.3335,3,0.2300,3,0,1.0000,0.0000,0.0000,2.4627,5.7972,-0.4659,3.7461,4.6869,0.0000
0.4400,UKF,jink,0.500,10.00,0.150,1,0.600,1,20.0061,18.7530,-1.2531,5.7479,0.3615,0.1039,0.0183,6.0000,2.2928,1.3377,13.3671,0.1580,22.3900,-11.0437,20.7412,-11.3619,20.9414,-11.2579,20.1420,-10.7054,22.3833,-9.2435,-1.6488,-0.3182,-1.4486,-0.2142,-2.2479,0.3383,3,0.2400,3,0,1.0000,0.0000,0.0000,2.5097,5.9040,-0.4732,3.6895,4.7315,0.0000
0.4500,UKF,jink,0.500,10.00,0.150,1,0.600,1,19.9980,18.9940,-1.0040,5.3510,0.3490,0.1011,0.0077,6.0000,3.1830,1.3012,2.8548,0.1577,22.4327,-11.0343,21.5740,-11.2082,21.6968,-11.3896,22.0216,-11.2893,27.0098,-11.2585,-0.8587,-0.1739,-0.7359,-0.3553,-0.4111,-0.2550,4,0.1500,4,0,1.0000,0.0000,0.0000,2.5561,6.0097,-0.4804,3.6325,4.7754,0.0000
0.4600,UKF,jink,0.500,10.00,0.150,1,0.600,1,19.9890,18.9213,-1.0677,5.4329,0.3490,0.1011,0.0097,6.0000,3.1830,1.3011,2.7010,0.1574,22.4734,-11.0252,21.5740,-11.2082,21.6968,-11.3896,22.1059,-11.2970,27.1423,-11.2926,-0.8994,-0.1830,-0.7765,-0.3644,-0.3675,-0.2718,4,0.1600,4,0,1.0000,0.0000,0.0000,2.6021,6.1143,-0.4874,3.5749,4.8187,0.0000
0.4700,UKF,jink,0.500,10.00,0.150,1,0.600,1,19.9790,18.8465,-1.1325,5.5164,0.3490,0.1011,0.0116,6.0000,3.1830,1.3009,2.5588,0.1570,22.5119,-11.0164,21.5740,-11.2082,21.6968,-11.3896,22.1907,-11.3055,27.2774,-11.3281,-0.9380,-0.1918,-0.8151,-0.3732,-0.3212,-0.2892,4,0.1700,4,0,1.0000,0.0000,0.0000,2.6475,6.2180,-0.4944,3.5169,4.8612,0.0000
0.4800,UKF,jink,0.500,10.00,0.150,1,0.600,1,19.9681,18.7698,-1.1983,5.6014,0.3490,0.1011,0.0137,6.0000,3.1830,1.3007,2.4356,0.1566,22.5484,-11.0079,21.5740,-11.2082,21.6968,-11.3896,22.2761,-11.3151,27.4151,-11.3650,-0.9745,-0.2003,-0.8516,-0.3817,-0.2724,-0.3072,4,0.1800,4,0,1.0000,0.0000,0.0000,2.6925,6.3206,-0.5012,3.4583,4.9031,0.0000
0.4900,UKF,jink,0.500,10.00,0.150,1,0.600,1,19.9562,18.6910,-1.2652,5.6878,0.3490,0.1011,0.0157,6.0000,3.1830,1.3005,2.3406,0.1563,22.5829,-10.9998,21.5740,-11.2082,21.6968,-11.3896,22.3620,-11.3255,27.5556,-11.4033,-1.0089,-0.2084,-0.8861,-0.3898,-0.2209,-0.3258,4,0.1900,4,0,1.0000,0.0000,0.0000,2.7370,6.4222,-0.5078,3.3992,4.9442,0.0000
0.5000,UKF,jink,0.500,10.00,0.150,1,0.600,1,19.9434,18.6104,-1.3330,5.7758,0.3490,0.1011,0.0177,6.0000,3.1830,1.2995,2.2846,0.1558,22.6155,-10.9919,21.5740,-11.2082,21.6968,-11.3896,22.4486,-11.3369,27.6990,-11.4431,-1.0415,-0.2163,-0.9187,-0.3976,-0.1669,-0.3450,4,0.2000,4,0,1.0000,0.0000,0.0000,2.7810,6.5228,-0.5144,3.3396,4.9847,0.0000
0.5100,UKF,jink,0.500,10.00,0.150,1,0.600,1,19.9296,18.5278,-1.4018,5.8650,0.3490,0.1011,0.0195,6.0000,3.1830,1.2989,2.2767,0.1558,22.6460,-10.9844,21.5740,-11.2082,21.6968,-11.3896,22.5358,-11.3493,27.8455,-11.4843,-1.0720,-0.2238,-0.9492,-0.4052,-0.1101,-0.3649,4,0.2100,4,0,1.0000,0.0000,0.0000,2.8245,6.6225,-0.5208,3.2796,5.0244,0.0000
0.5200,UKF,jink,0.500,10.00,0.150,1,0.600,1,19.9150,18.4434,-1.4716,5.9556,0.3490,0.1011,0.0211,6.0000,3.1830,1.2990,2.3249,0.1558,22.6742,-10.9771,21.5740,-11.2082,21.6968,-11.3896,22.6238,-11.3626,27.9951,-11.5271,-1.1002,-0.2310,-0.9773,-0.4124,-0.0503,-0.3855,4,0.2200,4,0,1.0000,0.0000,0.0000,2.8675,6.7211,-0.5271,3.2190,5.0634,0.0000
0.5300,UKF,jink,0.500,10.00,0.150,1,0.600,1,19.8993,18.3571,-1.5422,6.0475,0.3490,0.1011,0.0229,6.0000,3.1830,1.2992,2.4339,0.1559,22.7002,-10.9703,21.5740,-11.2082,21.6968,-11.3896,22.7126,-11.3769,28.1480,-11.5715,-1.1263,-0.2379,-1.0034,-0.4193,0.0124,-0.4067,4,0.2300,4,0,1.0000,0.0000,0.0000,2.9100,6.8188,-0.5332,3.1580,5.1016,0.0000
0.5400,UKF,jink,0.500,10.00,0.150,1,0.600,1,19.8828,18.2690,-1.6138,6.1406,0.3490,0.1011,0.0246,6.0000,3.1830,1.2993,2.6040,0.1559,22.7242,-10.9637,21.5740,-11.2082,21.6968,-11.3896,22.8022,-11.3922,28.3044,-11.6175,-1.1503,-0.2445,-1.0274,-0.4259,0.0780,-0.4285,4,0.2400,4,0,1.0000,0.0000,0.0000,2.9520,6.9156,-0.5392,3.0966,5.1392,0.0000
0.5500,UKF,jink,0.500,10.00,0.150,1,0.600,1,19.8653,18.6500,-1.2153,5.5863,0.3467,0.1007,0.0241,6.0000,3.7758,0.8616,4.0238,0.1559,22.7462,-10.9575,22.1983,-11.0846,22.3418,-11.1146,23.4302,-10.9951,29.5894,-10.4142,-0.5479,-0.1271,-0.4043,-0.1571,0.6841,-0.0377,5,0.1500,5,0,1.0000,0.0000,0.0000,2.9935,7.0115,-0.5452,3.0347,5.1760,0.0000
0.5600,UKF,jink,0.500,10.00,0.150,1,0.600,1,19.8468,18.5723,-1.2745,5.6733,0.3467,0.1007,0.0260,6.0000,3.7758,0.8618,4.5191,0.1560,22.7660,-10.9516,22.1983,-11.0846,22.3418,-11.1146,23.5342,-10.9933,29.7643,-10.4302,-0.5677,-0.1329,-0.4242,-0.1630,0.7683,-0.0417,5,0.1600,5,0,1.0000,0.0000,0.0000,3.0346,7.1064,-0.5509,2.9724,5.2120,0.0000
0.5700,UKF,jink,0.500,10.00,0.150,1,0.600,1,19.8275,18.4929,-1.3346,5.7616,0.3467,0.1007,0.0279,6.0000,3.7758,0.8620,5.0324,0.1560,22.7837,-10.9461,22.1983,-11.0846,22.3418,-11.1146,23.6392,-10.9922,29.9429,-10.4471,-0.5854,-0.1385,-0.4419,-0.1685,0.8555,-0.0461,5,0.1700,5,0,1.0000,0.0000,0.0000,3.0751,7.2004,-0.5566,2.9096,5.2473,0.0000
0.5800,UKF,jink,0.500,10.00,0.150,1,0.600,1,19.8072,18.4116,-1.3955,5.8510,0.3467,0.1007,0.0298,6.0000,3.7758,0.8623,5.5641,0.1560,22.7993,-10.9409,22.1983,-11.0846,22.3418,-11.1146,23.7452,-10.9919,30.1253,-10.4649,-0.6010,-0.1437,-0.4575,-0.1737,0.9459,-0.0510,5,0.1800,5,0,1.0000,0.0000,0.0000,3.1151,7.2936,-0.5622,2.8464,5.2818,0.0000
0.5900,UKF,jink,0.500,10.00,0.150,1,0.600,1,19.7859,18.3286,-1.4573,5.9414,0.3467,0.1007,0.0318,6.0000,3.7758,0.8625,6.1146,0.1560,22.8128,-10.9361,22.1983,-11.0846,22.3418,-11.1146,23.8523,-10.9924,30.3118,-10.4838,-0.6145,-0.1485,-0.4710,-0.1785,1.0394,-0.0563,5,0.1900,5,0,1.0000,0.0000,0.0000,3.1546,7.3858,-0.5676,2.7829,5.3156,0.0000
0.6000,UKF,jink,0.500,10.00,0.150,1,0.600,1,19.7638,18.2439,-1.5199,6.0330,0.3467,0.1007,0.0338,6.0000,3.7758,0.8627,6.6842,0.1560,22.8242,-10.9316,22.1983,-11.0846,22.3418,-11.1146,23.9605,-10.9937,30.5024,-10.5036,-0.6260,-0.1530,-0.4824,-0.1830,1.1362,-0.0621,5,0.2000,5,0,1.0000,0.0000,0.0000,3.1936,7.4772,-0.5729,2.7189,5.3486,0.0000
0.6100,UKF,jink,0.500,10.00,0.150,1,0.600,1,19.7407,18.1575,-1.5832,6.1256,0.3467,0.1007,0.0359,6.0000,3.7758,0.8629,7.2733,0.1560,22.8335,-10.9275,22.1983,-11.0846,22.3418,-11.1146,24.0698,-10.9958,30.6973,-10.5245,-0.6353,-0.1571,-0.4917,-0.1871,1.2363,-0.0683,5,0.2100,5,0,1.0000,0.0000,0.0000,3.2321,7.5677,-0.5781,2.6545,5.3809,0.0000
0.6200,UKF,jink,0.500,10.00,0.150,1,0.600,1,19.7167,18.0693,-1.6473,6.2191,0.3467,0.1007,0.0380,6.0000,3.7758,0.8630,7.8824,0.1559,22.8407,-10.9237,22.1983,-11.0846,22.3418,-11.1146,24.1805,-10.9986,30.8968,-10.5463,-0.6425,-0.1608,-0.4989,-0.1909,1.3397,-0.0749,5,0.2200,5,0,1.0000,0.0000,0.0000,3.2701,7.6574,-0.5832,2.5897,5.4123,0.0000
0.6300,UKF,jink,0.500,10.00,0.150,1,0.600,1,19.6917,17.9796,-1.7121,6.3136,0.3467,0.1007,0.0402,6.0000,3.7758,0.8633,8.5118,0.1559,22.8458,-10.9203,22.1983,-11.0846,22.3418,-11.1146,24.2924,-11.0023,31.1009,-10.5693,-0.6475,-0.1642,-0.5040,-0.1943,1.4466,-0.0819,5,0.2300,5,0,1.0000,0.0000,0.0000,3.3076,7.7462,-0.5882,2.5246,5.4430,0.0000
0.6400,UKF,jink,0.500,10.00,0.150,1,0.600,1,19.6659,17.8883,-1.7776,6.4090,0.3467,0.1007,0.0423,6.0000,3.7758,0.8634,9.1619,0.1559,22.8488,-10.9173,22.1983,-11.0846,22.3418,-11.1146,24.4058,-11.0067,31.3100,-10.5933,-0.6505,-0.1672,-0.5070,-0.1973,1.5570,-0.0894,5,0.2400,5,0,1.0000,0.0000,0.0000,3.3446,7.8342,-0.5931,2.4591,5.4729,0.0000
0.6500,UKF,jink,0.500,10.00,0.150,1,0.600,1,19.6391,19.5582,-0.0809,4.9858,0.3552,0.1045,0.0531,6.0000,4.6074,1.6260,5.4108,0.1559,22.8496,-10.9147,22.6155,-10.9919,22.5391,-11.2533,23.6367,-11.3854,28.4287,-11.9956,-0.2341,-0.0773,-0.3105,-0.3386,0.7871,-0.4707,6,0.1500,6,0,1.0000,0.0000,0.0000,3.3810,7.9214,-0.5978,2.3933,5.5020,0.0000
0.6600,UKF,jink,0.500,10.00,0.150,1,0.600,1,19.6114,19.4942,-0.1171,5.0653,0.3552,0.1045,0.0538,6.0000,4.6074,1.6296,5.8962,0.1554,22.8506,-10.9124,22.6155,-10.9919,22.5391,-11.2533,23.7216,-11.4033,28.5603,-12.0415,-0.2351,-0.0795,-0.3115,-0.3409,0.8710,-0.4909,6,0.1600,6,0,1.0000,0.0000,0.0000,3.4170,8.0077,-0.6025,2.3271,5.5304,0.0000
0.6700,UKF,jink,0.500,10.00,0.150,1,0.600,1,19.5827,19.4286,-0.1541,5.1460,0.3552,0.1045,0.0529,6.0000,4.6074,1.6333,6.4030,0.1563,22.8492,-10.9104,22.6155,-10.9919,22.5391,-11.2533,23.8073,-11.4222,28.6944,-12.0886,-0.2337,-0.0815,-0.3100,-0.3429,0.9581,-0.5117,6,0.1700,6,0,1.0000,0.0000,0.0000,3.4525,8.0933,-0.6070,2.2605,5.5579,0.0000
0.6800,UKF,jink,0.500,10.00,0.150,1,0.600,1,19.5532,19.3614,-0.1918,5.2277,0.3552,0.1045,0.0507,6.0000,4.6074,1.6337,6.9397,0.1567,22.8436,-10.9089,22.6155,-10.9919,22.5391,-11.2533,23.8937,-11.4419,28.8312,-12.1371,-0.2281,-0.0831,-0.3045,-0.3445,1.0501,-0.5330,6,0.1800,6,0,1.0000,0.0000,0.0000,3.4874,8.1781,-0.6115,2.1937,5.5846,0.0000
0.6900,UKF,jink,0.500,10.00,0.150,1,0.600,1,19.5227,19.2925,-0.2302,5.3104,0.3552,0.1045,0.0485,6.0000,4.6074,1.6341,7.4962,0.1571,22.8359,-10.9077,22.6155,-10.9919,22.5391,-11.2533,23.9810,-11.4625,28.9708,-12.1870,-0.2204,-0.0843,-0.2968,-0.3457,1.1451,-0.5548,6,0.1900,6,0,1.0000,0.0000,0.0000,3.5218,8.2621,-0.6158,2.1265,5.6105,0.0000
0.7000,UKF,jink,0.500,10.00,0.150,1,0.600,1,19.4913,19.2221,-0.2692,5.3942,0.3552,0.1045,0.0464,6.0000,4.6074,1.6345,8.0724,0.1576,22.8261,-10.9068,22.6155,-10.9919,22.5391,-11.2533,24.0692,-11.4840,29.1132,-12.2383,-0.2106,-0.0851,-0.2870,-0.3465,1.2431,-0.5771,6,0.2000,6,0,1.0000,0.0000,0.0000,3.5557,8.3454,-0.6200,2.0590,5.6356,0.0000
0.7100,UKF,jink,0.500,10.00,0.150,1,0.600,1,19.4590,19.1502,-0.3088,5.4788,0.3552,0.1045,0.0444,6.0000,4.6074,1.6348,8.6684,0.1580,22.8141,-10.9064,22.6155,-10.9919,22.5391,-11.2533,24.1584,-11.5064,29.2585,-12.2910,-0.1986,-0.0855,-0.2750,-0.3469,1.3443,-0.5999,6,0.2100,6,0,1.0000,0.0000,0.0000,3.5891,8.4278,-0.6242,1.9912,5.6599,0.0000
0.7200,UKF,jink,0.500,10.00,0.150,1,0.600,1,19.4257,19.0767,-0.3490,5.5644,0.3552,0.1045,0.0424,6.0000,4.6074,1.6352,9.2844,0.1584,22.7999,-10.9064,22.6155,-10.9919,22.5391,-11.2533,24.2486,-11.5297,29.4070,-12.3451,-0.1845,-0.0855,-0.2608,-0.3469,1.4486,-0.6233,6,0.2200,6,0,1.0000,0.0000,0.0000,3.6220,8.5096,-0.6282,1.9232,5.6834,0.0000
0.7300,UKF,jink,0.500,10.00,0.150,1,0.600,1,19.3916,19.0017,-0.3898,5.6509,0.3552,0.1045,0.0404,6.0000,4.6074,1.6355,9.9206,0.1588,22.7836,-10.9068,22.6155,-10.9919,22.5391,-11.2533,24.3398,-11.5540,29.5587,-12.4007,-0.1681,-0.0851,-0.2445,-0.3465,1.5562,-0.6471,6,0.2300,6,0,1.0000,0.0000,0.0000,3.6544,8.5906,-0.6321,1.8549,5.7061,0.0000
0.7400,UKF,jink,0.500,10.00,0.150,1,0.600,1,19.3565,18.9253,-0.4312,5.7382,0.3552,0.1045,0.0385,6.0000,4.6074,1.6359,10.5771,0.1592,22.7652,-10.9077,22.6155,-10.9919,22.5391,-11.2533,24.4322,-11.5791,29.7137,-12.4578,-0.1497,-0.0843,-0.2260,-0.3457,1.6670,-0.6715,6,0.2400,6,0,1.0000,0.0000,0.0000,3.6862,8.6709,-0.6359,1.7862,5.7279,0.0000
0.7500,UKF,jink,0.500,10.00,0.150,1,0.600,1,19.3205,20.0192,0.6986,5.1088,0.3554,0.1063,0.0369,6.0000,5.8446,1.6459,4.1226,0.1596,22.7445,-10.9089,22.8242,-10.9316,22.5484,-10.9136,23.4170,-10.7127,26.1598,-9.8776,0.0797,-0.0227,-0.1960,-0.0047,0.6725,0.1961,7,0.1500,7,0,1.0000,0.0000,0.0000,3.7176,8.7505,-0.6397,1.7174,5.7490,0.0000
0.7600,UKF,jink,0.500,10.00,0.150,1,0.600,1,19.2836,19.9648,0.6812,5.1889,0.3554,0.1063,0.0351,6.0000,5.8446,1.6457,4.5575,0.1600,22.7217,-10.9105,22.8242,-10.9316,22.5484,-10.9136,23.4680,-10.7035,26.2362,-9.8816,0.1026,-0.0211,-0.1732,-0.0031,0.7464,0.2070,7,0.1600,7,0,1.0000,0.0000,0.0000,3.7484,8.8293,-0.6433,1.6483,5.7692,0.0000
0.7700,UKF,jink,0.500,10.00,0.150,1,0.600,1,19.2458,19.9089,0.6631,5.2698,0.3554,0.1063,0.0333,6.0000,5.8446,1.6455,5.0084,0.1604,22.6966,-10.9126,22.8242,-10.9316,22.5484,-10.9136,23.5196,-10.6948,26.3143,-9.8864,0.1276,-0.0190,-0.1482,-0.0010,0.8229,0.2178,7,0.1700,7,0,1.0000,0.0000,0.0000,3.7787,8.9075,-0.6468,1.5789,5.7885,0.0000
0.7800,UKF,jink,0.500,10.00,0.150,1,0.600,1,19.2071,19.8515,0.6444,5.3516,0.3554,0.1063,0.0316,6.0000,5.8446,1.6453,5.4756,0.1607,22.6694,-10.9151,22.8242,-10.9316,22.5484,-10.9136,23.5717,-10.6868,26.3941,-9.8917,0.1548,-0.0165,-0.1210,0.0015,0.9023,0.2283,7,0.1800,7,0,1.0000,0.0000,0.0000,3.8084,8.9850,-0.6502,1.5094,5.8071,0.0000
0.7900,UKF,jink,0.500,10.00,0.150,1,0.600,1,19.1674,19.7927,0.6252,5.4342,0.3554,0.1063,0.0299,6.0000,5.8446,1.6451,5.9594,0.1611,22.6400,-10.9181,22.8242,-10.9316,22.5484,-10.9136,23.6245,-10.6794,26.4756,-9.8977,0.1843,-0.0135,-0.0915,0.0045,0.9845,0.2387,7,0.1900,7,0,1.0000,0.0000,0.0000,3.8377,9.0618,-0.6536,1.4396,5.8247,0.0000
0.8000,UKF,jink,0.500,10.00,0.150,1,0.600,1,19.1269,19.7324,0.6055,5.5176,0.3554,0.1063,0.0283,6.0000,5.8446,1.6449,6.4600,0.1615,22.6084,-10.9214,22.8242,-10.9316,22.5484,-10.9136,23.6779,-10.6725,26.5591,-9.9043,0.2159,-0.0102,-0.0599,0.0079,1.0696,0.2489,7,0.2000,7,0,1.0000,0.0000,0.0000,3.8664,9.1379,-0.6568,1.3696,5.8416,0.0000
0.8100,UKF,jink,0.500,10.00,0.150,1,0.600,1,19.0854,19.6706,0.5852,5.6018,0.3554,0.1063,0.0268,6.0000,5.8446,1.6447,6.9776,0.1619,22.5745,-10.9253,22.8242,-10.9316,22.5484,-10.9136,23.7321,-10.6663,26.6445,-9.9115,0.2497,-0.0063,-0.0261,0.0117,1.1576,0.2589,7,0.2100,7,0,1.0000,0.0000,0.0000,3.8946,9.2133,-0.6600,1.2994,5.8576,0.0000
0.8200,UKF,jink,0.500,10.00,0.150,1,0.600,1,19.0431,19.6075,0.5645,5.6867,0.3554,0.1063,0.0253,6.0000,5.8446,1.6445,7.5127,0.1623,22.5384,-10.9296,22.8242,-10.9316,22.5484,-10.9136,23.7871,-10.6607,26.7319,-9.9194,0.2858,-0.0020,0.0100,0.0160,1.2486,0.2689,7,0.2200,7,0,1.0000,0.0000,0.0000,3.9222,9.2882,-0.6630,1.2290,5.8728,0.0000
0.8300,UKF,jink,0.500,10.00,0.150,1,0.600,1,18.9998,19.5431,0.5433,5.7723,0.3554,0.1063,0.0236,6.0000,5.8446,1.6463,8.0635,0.1629,22.5005,-10.9343,22.8242,-10.9316,22.5484,-10.9136,23.8428,-10.6557,26.8214,-9.9280,0.3238,0.0027,0.0480,0.0207,1.3423,0.2786,7,0.2300,7,0,1.0000,0.0000,0.0000,3.9494,9.3623,-0.6660,1.1584,5.8871,0.0000
0.8400,UKF,jink,0.500,10.00,0.150,1,0.600,1,18.9556,19.4772,0.5216,5.8586,0.3554,0.1063,0.0218,6.0000,5.8446,1.6474,8.6330,0.1638,22.4602,-10.9394,22.8242,-10.9316,22.5484,-10.9136,23.8994,-10.6513,26.9130,-9.9372,0.3641,0.0078,0.0883,0.0258,1.4392,0.2882,7,0.2400,7,0,1.0000,0.0000,0.0000,3.9760,9.4359,-0.6689,1.0877,5.9006,0.0000
0.8500,UKF,jink,0.500,10.00,0.150,1,0.600,1,18.9105,20.7364,1.8259,4.9312,0.3587,0.1086,0.0233,6.0000,7.2157,2.7254,2.5537,0.1645,22.4174,-10.9450,22.8261,-10.9068,22.4001,-11.0862,22.6354,-11.3145,23.0102,-11.9687,0.4087,0.0382,-0.0173,-0.1411,0.2180,-0.3694,8,0.1500,8,0,1.0000,0.0000,0.0000,4.0020,9.5088,-0.6716,1.0168,5.9132,0.0000
0.8600,UKF,jink,0.500,10.00,0.150,1,0.600,1,18.8645,20.6933,1.8288,5.0059,0.3587,0.1086,0.0215,6.0000,7.2157,2.7256,2.7822,0.1653,22.3724,-10.9511,22.8261,-10.9068,22.4001,-11.0862,22.6442,-11.3321,23.0279,-12.0091,0.4537,0.0443,0.0277,-0.1350,0.2719,-0.3810,8,0.1600,8,0,1.0000,0.0000,0.0000,4.0276,9.5810,-0.6743,0.9458,5.9250,0.0000
0.8700,UKF,jink,0.500,10.00,0.150,1,0.600,1,18.8176,20.6489,1.8312,5.0814,0.3587,0.1086,0.0197,6.0000,7.2157,2.7257,3.0392,0.1661,22.3250,-10.9577,22.8261,-10.9068,22.4001,-11.0862,22.6535,-11.3504,23.0467,-12.0505,0.5010,0.0508,0.0751,-0.1285,0.3285,-0.3927,8,0.1700,8,0,1.0000,0.0000,0.0000,4.0525,9.6527,-0.6769,0.8746,5.9359,0.0000
0.8800,UKF,jink,0.500,10.00,0.150,1,0.600,1,18.7698,20.6031,1.8332,5.1577,0.3587,0.1086,0.0180,6.0000,7.2157,2.7259,3.3230,0.1669,22.2755,-10.9648,22.8261,-10.9068,22.4001,-11.0862,22.6632,-11.3695,23.0665,-12.0929,0.5506,0.0579,0.1246,-0.1214,0.3877,-0.4048,8,0.1800,8,0,1.0000,0.0000,0.0000,4.0770,9.7238,-0.6795,0.8033,5.9460,0.0000
0.8900,UKF,jink,0.500,10.00,0.150,1,0.600,1,18.7211,20.5559,1.8348,5.2346,0.3587,0.1086,0.0164,6.0000,7.2157,2.7260,3.6321,0.1677,22.2236,-10.9723,22.8261,-10.9068,22.4001,-11.0862,22.6734,-11.3893,23.0873,-12.1363,0.6025,0.0655,0.1765,-0.1138,0.4498,-0.4170,8,0.1900,8,0,1.0000,0.0000,0.0000,4.1009,9.7943,-0.6819,0.7319,5.9552,0.0000
0.9000,UKF,jink,0.500,10.00,0.150,1,0.600,1,18.6715,20.5075,1.8360,5.3123,0.3587,0.1086,0.0148,6.0000,7.2157,2.7262,3.9652,0.1685,22.1694,-10.9804,22.8261,-10.9068,22.4001,-11.0862,22.6840,-11.4099,23.1093,-12.1807,0.6567,0.0735,0.2307,-0.1058,0.5146,-0.4295,8,0.2000,8,0,1.0000,0.0000,0.0000,4.1243,9.8642,-0.6842,0.6604,5.9635,0.0000
0.9100,UKF,jink,0.500,10.00,0.150,1,0.600,1,18.6210,20.4577,1.8367,5.3906,0.3587,0.1086,0.0132,6.0000,7.2157,2.7263,4.3214,0.1693,22.1130,-10.9890,22.8261,-10.9068,22.4001,-11.0862,22.6952,-11.4312,23.1325,-12.2262,0.7131,0.0821,0.2871,-0.0972,0.5822,-0.4423,8,0.2100,8,0,1.0000,0.0000,0.0000,4.1472,9.9335,-0.6865,0.5888,5.9710,0.0000
0.9200,UKF,jink,0.500,10.00,0.150,1,0.600,1,18.5696,20.4067,1.8371,5.4695,0.3587,0.1086,0.0117,6.0000,7.2157,2.7265,4.7000,0.1701,22.0542,-10.9980,22.8261,-10.9068,22.4001,-11.0862,22.7069,-11.4533,23.1569,-12.2728,0.7719,0.0912,0.3459,-0.0881,0.6527,-0.4553,8,0.2200,8,0,1.0000,0.0000,0.0000,4.1695,10.0022,-0.6887,0.5171,5.9777,0.0000
0.9300,UKF,jink,0.500,10.00,0.150,1,0.600,1,18.5173,20.3545,1.8372,5.5492,0.3587,0.1086,0.0102,6.0000,7.2157,2.7266,5.1002,0.1709,21.9931,-11.0077,22.8261,-10.9068,22.4001,-11.0862,22.7193,-11.4761,23.1826,-12.3204,0.8330,0.1008,0.4070,-0.0785,0.7262,-0.4685,8,0.2300,8,0,1.0000,0.0000,0.0000,4.1912,10.0704,-0.6908,0.4453,5.9835,0.0000
0.9400,UKF,jink,0.500,10.00,0.150,1,0.600,1,18.4641,20.3010,1.8369,5.6294,0.3587,0.1086,0.0088,6.0000,7.2157,2.7267,5.5217,0.1717,21.9296,-11.0178,22.8261,-10.9068,22.4001,-11.0862,22.7322,-11.4997,23.2096,-12.3692,0.8965,0.1110,0.4705,-0.0683,0.8026,-0.4819,8,0.2400,8,0,1.0000,0.0000,0.0000,4.2124,10.1381,-0.6928,0.3735,5.9884,0.0000
0.9500,UKF,jink,0.500,10.00,0.150,1,0.600,1,18.4100,20.8344,2.4244,4.8045,0.3622,0.1100,0.0109,6.0000,7.8577,1.2257,4.4823,0.1725,21.8638,-11.0285,22.6084,-10.9214,22.5062,-11.0982,22.6268,-11.0530,22.9136,-11.1333,0.7445,0.1071,0.6423,-0.0697,0.7630,-0.0244,9,0.1500,9,0,1.0000,0.0000,0.0000,4.2331,10.2051,-0.6947,0.3016,5.9924,0.0000
0.9600,UKF,jink,0.500,10.00,0.150,1,0.600,1,18.3551,20.7911,2.4360,4.8752,0.3622,0.1100,0.0096,6.0000,7.8577,1.2264,4.9312,0.1733,21.7957,-11.0398,22.6084,-10.9214,22.5062,-11.0982,22.6352,-11.0595,22.9348,-11.1578,0.8127,0.1183,0.7105,-0.0585,0.8396,-0.0197,9,0.1600,9,0,1.0000,0.0000,0.0000,4.2532,10.2717,-0.6965,0.2297,5.9956,0.0000
0.9700,UKF,jink,0.500,10.00,0.150,1,0.600,1,18.2992,20.7465,2.4473,4.9467,0.3622,0.1100,0.0083,6.0000,7.8577,1.2270,5.3978,0.1741,21.7251,-11.0516,22.6084,-10.9214,22.5062,-11.0982,22.6443,-11.0667,22.9571,-11.1831,0.8832,0.1301,0.7810,-0.0467,0.9192,-0.0151,9,0.1700,9,0,1.0000,0.0000,0.0000,4.2727,10.3377,-0.6983,0.1577,5.9979,0.0000
0.9800,UKF,jink,0.500,10.00,0.150,1,0.600,1,18.2424,20.7007,2.4582,5.0188,0.3622,0.1100,0.0071,6.0000,7.8577,1.2276,5.8821,0.1749,21.6522,-11.0639,22.6084,-10.9214,22.5062,-11.0982,22.6539,-11.0745,22.9808,-11.2092,0.9562,0.1425,0.8540,-0.0343,1.0017,-0.0105,9,0.1800,9,0,1.0000,0.0000,0.0000,4.2917,10.4032,-0.7000,0.0857,5.9994,0.0000
0.9900,UKF,jink,0.500,10.00,0.150,1,0.600,1,18.1848,20.6537,2.4689,5.0915,0.3622,0.1100,0.0059,6.0000,7.8577,1.2282,6.3845,0.1758,21.5769,-11.0769,22.6084,-10.9214,22.5062,-11.0982,22.6642,-11.0829,23.0058,-11.2362,1.0315,0.1554,0.9293,-0.0214,1.0874,-0.0060,9,0.1900,9,0,1.0000,0.0000,0.0000,4.3102,10.4681,-0.7016,0.0137,6.0000,0.0000
1.0000,UKF,jink,0.500,10.00,0.150,1,0.600,1,18.1263,20.6055,2.4792,5.1648,0.3622,0.1100,0.0048,6.0000,7.8577,1.2288,6.9053,0.1766,21.4991,-11.0904,22.6084,-10.9214,22.5062,-11.0982,22.6752,-11.0920,23.0323,-11.2639,1.1092,0.1690,1.0071,-0.0078,1.1761,-0.0016,9,0.2000,9,0,1.0000,0.0000,0.0000,4.3281,10.5326,-0.7031,-0.0583,5.9997,0.0000
1.0100,UKF,jink,0.500,10.00,0.150,1,0.600,1,18.0669,20.5561,2.4892,5.2388,0.3622,0.1100,0.0037,6.0000,7.8577,1.2294,7.4446,0.1774,21.4189,-11.1045,22.6084,-10.9214,22.5062,-11.0982,22.6869,-11.1017,23.0603,-11.2924,1.1894,0.1831,1.0872,0.0063,1.2680,0.0028,9,0.2100,9,0,1.0000,0.0000,0.0000,4.3454,10.5965,-0.7046,-0.1302,5.9986,0.0000
1.0200,UKF,jink,0.500,10.00,0.150,1,0.600,1,18.0066,20.5056,2.4990,5.3134,0.3622,0.1100,0.0026,6.0000,7.8577,1.2301,8.0028,0.1783,21.3363,-11.1192,22.6084,-10.9214,22.5062,-11.0982,22.6994,-11.1121,23.0897,-11.3218,1.2721,0.1978,1.1699,0.0210,1.3631,0.0072,9,0.2200,9,0,1.0000,0.0000,0.0000,4.3622,10.6600,-0.7059,-0.2022,5.9966,0.0000
1.0300,UKF,jink,0.500,10.00,0.150,1,0.600,1,17.9454,20.4540,2.5086,5.3886,0.3622,0.1100,0.0016,6.0000,7.8577,1.2307,8.5802,0.1791,21.2512,-11.1346,22.6084,-10.9214,22.5062,-11.0982,22.7126,-11.1231,23.1208,-11.3519,1.3571,0.2131,1.2550,0.0363,1.4614,0.0115,9,0.2300,9,0,1.0000,0.0000,0.0000,4.3784,10.7230,-0.7072,-0.2742,5.9937,0.0000
1.0400,UKF,jink,0.500,10.00,0.150,1,0.600,1,17.8833,20.4012,2.5179,5.4643,0.3622,0.1100,0.0006,6.0000,7.8577,1.2313,9.1770,0.1800,21.1636,-11.1505,22.6084,-10.9214,22.5062,-11.0982,22.7267,-11.1347,23.1536,-11.3830,1.4447,0.2291,1.3425,0.0523,1.5631,0.0158,9,0.2400,9,0,1.0000,0.0000,0.0000,4.3940,10.7854,-0.7084,-0.3461,5.9900,0.0000
1.0500,UKF,jink,0.500,10.00,0.150,1,0.600,1,17.8204,20.9310,3.1106,4.9296,0.3666,0.1115,0.0041,6.0000,8.3047,2.1655,6.7865,0.1809,21.0736,-11.1671,22.1694,-10.9804,22.2249,-11.3361,22.0675,-11.7484,21.2859,-13.1943,1.0958,0.1867,1.1513,-0.1689,0.9939,-0.5812,10,0.1500,10,0,1.0000,0.0000,0.0000,4.4091,10.8474,-0.7096,-0.4179,5.9854,0.0000
1.0600,UKF,jink,0.500,10.00,0.150,1,0.600,1,17.7566,20.8877,3.1311,4.9977,0.3666,0.1115,0.0032,6.0000,8.3047,2.1665,7.2486,0.1817,20.9810,-11.1844,22.1694,-10.9804,22.2249,-11.3361,22.0575,-11.7802,21.2867,-13.2519,1.1884,0.2040,1.2439,-0.1517,1.0764,-0.5958,10,0.1600,10,0,1.0000,0.0000,0.0000,4.4236,10.9090,-0.7106,-0.4897,5.9800,0.0000
1.0700,UKF,jink,0.500,10.00,0.150,1,0.600,1,17.6919,20.8433,3.1514,5.0663,0.3666,0.1115,0.0024,6.0000,8.3047,2.1674,7.7312,0.1826,20.8859,-11.2022,22.1694,-10.9804,22.2249,-11.3361,22.0481,-11.8127,21.2887,-13.3106,1.2835,0.2219,1.3390,-0.1338,1.1622,-0.6105,10,0.1700,10,0,1.0000,0.0000,0.0000,4.4375,10.9700,-0.7116,-0.5614,5.9737,0.0000
1.0800,UKF,jink,0.500,10.00,0.150,1,0.600,1,17.6264,20.7978,3.1714,5.1355,0.3666,0.1115,0.0016,6.0000,8.3047,2.1683,8.2343,0.1835,20.7883,-11.2208,22.1694,-10.9804,22.2249,-11.3361,22.0395,-11.8461,21.2921,-13.3704,1.3812,0.2404,1.4366,-0.1153,1.2512,-0.6253,10,0.1800,10,0,1.0000,0.0000,0.0000,4.4509,11.0306,-0.7125,-0.6331,5.9665,0.0000
1.0900,UKF,jink,0.500,10.00,0.150,1,0.600,1,17.5600,20.7512,3.1912,5.2053,0.3666,0.1115,0.0008,6.0000,8.3047,2.1693,8.7579,0.1844,20.6881,-11.2400,22.1694,-10.9804,22.2249,-11.3361,22.0316,-11.8801,21.2969,-13.4314,1.4814,0.2596,1.5368,-0.0960,1.3436,-0.6401,10,0.1900,10,0,1.0000,0.0000,0.0000,4.4637,11.0908,-0.7134,-0.7046,5.9585,0.0000
1.1000,UKF,jink,0.500,10.00,0.150,1,0.600,1,17.4927,20.7035,3.2109,5.2756,0.3666,0.1115,0.0001,6.0000,8.3047,2.1703,9.3024,0.1853,20.5853,-11.2599,22.1694,-10.9804,22.2249,-11.3361,22.0245,-11.9150,21.3032,-13.4935,1.5842,0.2796,1.6396,-0.0761,1.4392,-0.6550,10,0.2000,10,0,1.0000,0.0000,0.0000,4.4759,11.1505,-0.7141,-0.7761,5.9496,0.0000
1.1100,UKF,jink,0.500,10.00,0.150,1,0.600,1,17.4245,20.6549,3.2303,5.3465,0.3666,0.1115,0.0006,6.0000,8.3047,2.1712,9.8679,0.1862,20.4799,-11.2806,22.1694,-10.9804,22.2249,-11.3361,22.0182,-11.9506,21.3110,-13.5568,1.6896,0.3002,1.7450,-0.0555,1.5384,-0.6701,10,0.2100,10,0,1.0000,0.0000,0.0000,4.4875,11.2097,-0.7148,-0.8474,5.9399,0.0000
1.1200,UKF,jink,0.500,10.00,0.150,1,0.600,1,17.3555,20.6052,3.2496,5.4179,0.3666,0.1115,0.0012,6.0000,8.3047,2.1722,10.4548,0.1872,20.3718,-11.3019,22.1694,-10.9804,22.2249,-11.3361,22.0128,-11.9870,21.3205,-13.6212,1.7976,0.3215,1.8531,-0.0342,1.6410,-0.6851,10,0.2200,10,0,1.0000,0.0000,0.0000,4.4985,11.2686,-0.7154,-0.9186,5.9293,0.0000
1.1300,UKF,jink,0.500,10.00,0.150,1,0.600,1,17.2857,20.5545,3.2688,5.4899,0.3666,0.1115,0.0018,6.0000,8.3047,2.1732,11.0631,0.1881,20.2612,-11.3239,22.1694,-10.9804,22.2249,-11.3361,22.0083,-12.0242,21.3317,-13.6868,1.9083,0.3435,1.9637,-0.0121,1.7471,-0.7003,10,0.2300,10,0,1.0000,0.0000,0.0000,4.5089,11.3270,-0.7160,-0.9897,5.9178,0.0000
1.1400,UKF,jink,0.500,10.00,0.150,1,0.600,1,17.2150,20.5028,3.2878,5.5624,0.3666,0.1115,0.0023,6.0000,8.3047,2.1742,11.6932,0.1891,20.1478,-11.3467,22.1694,-10.9804,22.2249,-11.3361,22.0047,-12.0622,21.3446,-13.7536,2.0216,0.3663,2.0771,0.0106,1.8568,-0.7155,10,0.2400,10,0,1.0000,0.0000,0.0000,4.5188,11.3849,-0.7165,-1.0607,5.9055,0.0000
1.1500,UKF,jink,0.500,10.00,0.150,1,0.600,1,17.1434,20.3693,3.2259,4.8488,0.3694,0.1112,0.0000,6.0000,8.1764,2.3733,6.3444,0.1900,20.0318,-11.3702,21.4991,-11.0904,21.5352,-11.4832,21.0958,-11.5631,18.6719,-12.2858,1.4673,0.2798,1.5034,-0.1130,1.0640,-0.1929,11,0.1500,11,0,1.0000,0.0000,0.0000,4.5280,11.4425,-0.7169,-1.1314,5.8924,0.0000
1.1600,UKF,jink,0.500,10.00,0.150,1,0.600,1,17.0710,20.3179,3.2470,4.9125,0.3694,0.1112,0.0005,6.0000,8.1764,2.3744,6.8057,0.1910,19.9131,-11.3945,21.4991,-11.0904,21.5352,-11.4832,21.0581,-11.5812,18.6389,-12.3263,1.5861,0.3041,1.6222,-0.0887,1.1450,-0.1867,11,0.1600,11,0,1.0000,0.0000,0.0000,4.5367,11.4996,-0.7172,-1.2021,5.8784,0.0000
1.1700,UKF,jink,0.500,10.00,0.150,1,0.600,1,16.9977,20.2656,3.2679,4.9767,0.3694,0.1112,0.0010,6.0000,8.1764,2.3754,7.2889,0.1920,19.7916,-11.4196,21.4991,-11.0904,21.5352,-11.4832,21.0211,-11.6001,18.6073,-12.3677,1.7075,0.3292,1.7437,-0.0636,1.2295,-0.1804,11,0.1700,11,0,1.0000,0.0000,0.0000,4.5447,11.5564,-0.7175,-1.2725,5.8635,0.0000
1.1800,UKF,jink,0.500,10.00,0.150,1,0.600,1,16.9236,20.2123,3.2887,5.0416,0.3694,0.1112,0.0013,6.0000,8.1764,2.3765,7.7942,0.1930,19.6673,-11.4455,21.4991,-11.0904,21.5352,-11.4832,20.9849,-11.6196,18.5770,-12.4102,1.8318,0.3551,1.8679,-0.0377,1.3176,-0.1741,11,0.1800,11,0,1.0000,0.0000,0.0000,4.5522,11.6127,-0.7176,-1.3428,5.8478,0.0000
1.1900,UKF,jink,0.500,10.00,0.150,1,0.600,1,16.8486,20.1580,3.3094,5.1069,0.3694,0.1112,0.0017,6.0000,8.1764,2.3775,8.3215,0.1941,19.5403,-11.4722,21.4991,-11.0904,21.5352,-11.4832,20.9495,-11.6398,18.5482,-12.4536,1.9588,0.3818,1.9949,-0.0110,1.4092,-0.1676,11,0.1900,11,0,1.0000,0.0000,0.0000,4.5590,11.6686,-0.7178,-1.4129,5.8313,0.0000
1.2000,UKF,jink,0.500,10.00,0.150,1,0.600,1,16.7729,20.1028,3.3299,5.1729,0.3694,0.1112,0.0023,6.0000,8.1764,2.3784,8.8693,0.1952,19.4108,-11.4997,21.4991,-11.0904,21.5352,-11.4832,20.9150,-11.6607,18.5209,-12.4981,2.0883,0.4093,2.1244,0.0165,1.5041,-0.1610,11,0.2000,11,0,1.0000,0.0000,0.0000,4.5652,11.7242,-0.7178,-1.4827,5.8139,0.0000
1.2100,UKF,jink,0.500,10.00,0.150,1,0.600,1,16.6962,20.0466,3.3504,5.2394,0.3694,0.1112,0.0027,6.0000,8.1764,2.3797,9.4399,0.1967,19.2785,-11.5279,21.4991,-11.0904,21.5352,-11.4832,20.8813,-11.6823,18.4952,-12.5437,2.2206,0.4375,2.2568,0.0447,1.6028,-0.1543,11,0.2100,11,0,1.0000,0.0000,0.0000,4.5709,11.7793,-0.7178,-1.5524,5.7957,0.0000
1.2200,UKF,jink,0.500,10.00,0.150,1,0.600,1,16.6188,19.9896,3.3708,5.3064,0.3694,0.1112,0.0034,6.0000,8.1764,2.3812,10.0353,0.1982,19.1430,-11.5570,21.4991,-11.0904,21.5352,-11.4832,20.8485,-11.7046,18.4711,-12.5902,2.3561,0.4667,2.3923,0.0739,1.7056,-0.1475,11,0.2200,11,0,1.0000,0.0000,0.0000,4.5759,11.8341,-0.7177,-1.6218,5.7766,0.0000
1.2300,UKF,jink,0.500,10.00,0.150,1,0.600,1,16.5405,19.9316,3.3911,5.3739,0.3694,0.1112,0.0040,6.0000,8.1764,2.3827,10.6544,0.1997,19.0045,-11.5870,21.4991,-11.0904,21.5352,-11.4832,20.8168,-11.7276,18.4488,-12.6379,2.4946,0.4966,2.5307,0.1038,1.8123,-0.1406,11,0.2300,11,0,1.0000,0.0000,0.0000,4.5802,11.8885,-0.7175,-1.6910,5.7568,0.0000
1.2400,UKF,jink,0.500,10.00,0.150,1,0.600,1,16.4614,19.8728,3.4114,5.4420,0.3694,0.1112,0.0046,6.0000,8.1764,2.3843,11.2974,0.2012,18.8631,-11.6179,21.4991,-11.0904,21.5352,-11.4832,20.7860,-11.7514,18.4283,-12.6867,2.6360,0.5275,2.6721,0.1347,1.9229,-0.1335,11,0.2400,11,0,1.0000,0.0000,0.0000,4.5840,11.9425,-0.7173,-1.7600,5.7361,0.0000
1.2500,UKF,jink,0.500,10.00,0.150,1,0.600,1,16.3815,19.4638,3.0824,4.7425,0.3700,0.1100,0.0045,6.0000,7.7408,1.6957,7.9117,0.2028,18.7187,-11.6497,20.5853,-11.2599,20.7970,-11.4500,20.0410,-11.9199,16.2128,-13.2666,1.8665,0.3898,2.0783,0.1997,1.3223,-0.2702,12,0.1500,12,0,1.0000,0.0000,0.0000,4.5871,11.9962,-0.7170,-1.8287,5.7145,0.0000
1.2600,UKF,jink,0.500,10.00,0.150,1,0.600,1,16.3007,19.4027,3.1020,4.8020,0.3700,0.1100,0.0050,6.0000,7.7408,1.6970,8.4175,0.2043,18.5714,-11.6824,20.5853,-11.2599,20.7970,-11.4500,19.9826,-11.9489,16.1524,-13.3249,2.0139,0.4225,2.2256,0.2324,1.4113,-0.2665,12,0.1600,12,0,1.0000,0.0000,0.0000,4.5896,12.0494,-0.7166,-1.8971,5.6922,0.0000
1.2700,UKF,jink,0.500,10.00,0.150,1,0.600,1,16.2192,19.3407,3.1215,4.8622,0.3700,0.1100,0.0055,6.0000,7.7408,1.6984,8.9471,0.2060,18.4210,-11.7160,20.5853,-11.2599,20.7970,-11.4500,19.9251,-11.9786,16.0935,-13.3844,2.1643,0.4561,2.3760,0.2661,1.5041,-0.2626,12,0.1700,12,0,1.0000,0.0000,0.0000,4.5915,12.1024,-0.7162,-1.9653,5.6690,0.0000
1.2800,UKF,jink,0.500,10.00,0.150,1,0.600,1,16.1368,19.2778,3.1410,4.9228,0.3700,0.1100,0.0059,6.0000,7.7408,1.6998,9.5007,0.2076,18.2675,-11.7507,20.5853,-11.2599,20.7970,-11.4500,19.8684,-12.0092,16.0360,-13.4453,2.3178,0.4907,2.5295,0.3007,1.6009,-0.2585,12,0.1800,12,0,1.0000,0.0000,0.0000,4.5927,12.1549,-0.7157,-2.0332,5.6450,0.0000
1.2900,UKF,jink,0.500,10.00,0.150,1,0.600,1,16.0536,19.2140,3.1604,4.9841,0.3700,0.1100,0.0063,6.0000,7.7408,1.7011,10.0787,0.2092,18.1109,-11.7862,20.5853,-11.2599,20.7970,-11.4500,19.8126,-12.0406,15.9802,-13.5076,2.4743,0.5263,2.6861,0.3363,1.7016,-0.2543,12,0.1900,12,0,1.0000,0.0000,0.0000,4.5933,12.2072,-0.7151,-2.1008,5.6202,0.0000
1.3000,UKF,jink,0.500,10.00,0.150,1,0.600,1,15.9696,19.1495,3.1798,5.0458,0.3700,0.1100,0.0067,6.0000,7.7408,1.7026,10.6815,0.2109,17.9512,-11.8228,20.5853,-11.2599,20.7970,-11.4500,19.7577,-12.0727,15.9261,-13.5713,2.6340,0.5629,2.8458,0.3728,1.8065,-0.2499,12,0.2000,12,0,1.0000,0.0000,0.0000,4.5932,12.2590,-0.7144,-2.1681,5.5946,0.0000
1.3100,UKF,jink,0.500,10.00,0.150,1,0.600,1,15.8849,19.0841,3.1992,5.1081,0.3700,0.1100,0.0071,6.0000,7.7408,1.7040,11.3095,0.2126,17.7883,-11.8604,20.5853,-11.2599,20.7970,-11.4500,19.7039,-12.1058,15.8738,-13.6363,2.7969,0.6005,3.0087,0.4105,1.9156,-0.2453,12,0.2100,12,0,1.0000,0.0000,0.0000,4.5925,12.3106,-0.7137,-2.2350,5.5682,0.0000
1.3200,UKF,jink,0.500,10.00,0.150,1,0.600,1,15.7993,19.0179,3.2186,5.1710,0.3700,0.1100,0.0074,6.0000,7.7408,1.7055,11.9633,0.2144,17.6222,-11.8991,20.5853,-11.2599,20.7970,-11.4500,19.6512,-12.1396,15.8233,-13.7028,2.9630,0.6392,3.1748,0.4491,2.0290,-0.2405,12,0.2200,12,0,1.0000,0.0000,0.0000,4.5911,12.3617,-0.7129,-2.3017,5.5410,0.0000
1.3300,UKF,jink,0.500,10.00,0.150,1,0.600,1,15.7130,18.9510,3.2380,5.2343,0.3700,0.1100,0.0076,6.0000,7.7408,1.7070,12.6434,0.2161,17.4529,-11.9388,20.5853,-11.2599,20.7970,-11.4500,19.5996,-12.1744,15.7749,-13.7707,3.1324,0.6789,3.3441,0.4888,2.1467,-0.2355,12,0.2300,12,0,1.0000,0.0000,0.0000,4.5890,12.4126,-0.7120,-2.3680,5.5129,0.0000
1.3400,UKF,jink,0.500,10.00,0.150,1,0.600,1,15.6258,18.8833,3.2574,5.2982,0.3700,0.1100,0.0079,6.0000,7.7408,1.7086,13.3502,0.2180,17.2802,-11.9796,20.5853,-11.2599,20.7970,-11.4500,19.5492,-12.2099,15.7286,-13.8402,3.3051,0.7197,3.5168,0.5296,2.2690,-0.2303,12,0.2400,12,0,1.0000,0.0000,0.0000,4.5863,12.4631,-0.7111,-2.4340,5.4841,0.0000
1.3500,UKF,jink,0.500,10.00,0.150,1,0.600,1,15.5379,18.4329,2.8950,4.5892,0.3706,0.1082,0.0075,6.0000,7.4551,3.0262,8.9593,0.2198,17.1042,-12.0215,19.4108,-11.4997,19.7784,-11.8504,18.6345,-12.0653,12.9109,-13.4441,2.3066,0.5219,2.6742,0.1711,1.5304,-0.0438,13,0.1500,13,0,1.0000,0.0000,0.0000,4.5829,12.5133,-0.7101,-2.4996,5.4545,0.0000
1.3600,UKF,jink,0.500,10.00,0.150,1,0.600,1,15.4493,18.3625,2.9133,4.6447,0.3706,0.1082,0.0077,6.0000,7.4551,3.0278,9.5092,0.2216,16.9248,-12.0646,19.4108,-11.4997,19.7784,-11.8504,18.5496,-12.0947,12.8106,-13.5059,2.4860,0.5649,2.8537,0.2142,1.6249,-0.0301,13,0.1600,13,0,1.0000,0.0000,0.0000,4.5788,12.5631,-0.7090,-2.5649,5.4241,0.0000
1.3700,UKF,jink,0.500,10.00,0.150,1,0.600,1,15.3598,18.2914,2.9315,4.7007,0.3706,0.1082,0.0078,6.0000,7.4551,3.0294,10.0852,0.2236,16.7419,-12.1088,19.4108,-11.4997,19.7784,-11.8504,18.4656,-12.1248,12.7117,-13.5692,2.6689,0.6092,3.0365,0.2584,1.7237,-0.0160,13,0.1700,13,0,1.0000,0.0000,0.0000,4.5741,12.6127,-0.7079,-2.6298,5.3930,0.0000
1.3800,UKF,jink,0.500,10.00,0.150,1,0.600,1,15.2696,18.2194,2.9498,4.7572,0.3706,0.1082,0.0079,6.0000,7.4551,3.0311,10.6877,0.2255,16.5556,-12.1542,19.4108,-11.4997,19.7784,-11.8504,18.3826,-12.1559,12.6144,-13.6341,2.8552,0.6546,3.2228,0.3038,1.8270,-0.0017,13,0.1800,13,0,1.0000,0.0000,0.0000,4.5686,12.6619,-0.7067,-2.6943,5.3610,0.0000
1.3900,UKF,jink,0.500,10.00,0.150,1,0.600,1,15.1786,18.1468,2.9682,4.8144,0.3706,0.1082,0.0080,6.0000,7.4551,3.0328,11.3174,0.2275,16.3657,-12.2008,19.4108,-11.4997,19.7784,-11.8504,18.3005,-12.1878,12.5187,-13.7006,3.0451,0.7012,3.4127,0.3504,1.9348,0.0131,13,0.1900,13,0,1.0000,0.0000,0.0000,4.5625,12.7108,-0.7054,-2.7585,5.3283,0.0000
1.4000,UKF,jink,0.500,10.00,0.150,1,0.600,1,15.0869,18.0734,2.9865,4.8721,0.3706,0.1082,0.0081,6.0000,7.4551,3.0346,11.9747,0.2295,16.1722,-12.2487,19.4108,-11.4997,19.7784,-11.8504,18.2195,-12.2206,12.4249,-13.7686,3.2386,0.7490,3.6062,0.3983,2.0472,0.0281,13,0.2000,13,0,1.0000,0.0000,0.0000,4.5556,12.7593,-0.7040,-2.8222,5.2948,0.0000
1.4100,UKF,jink,0.500,10.00,0.150,1,0.600,1,14.9945,17.9994,3.0049,4.9303,0.3706,0.1082,0.0081,6.0000,7.4551,3.0363,12.6604,0.2316,15.9751,-12.2978,19.4108,-11.4997,19.7784,-11.8504,18.1396,-12.2542,12.3329,-13.8384,3.4357,0.7982,3.8033,0.4474,2.1644,0.0436,13,0.2100,13,0,1.0000,0.0000,0.0000,4.5481,12.8076,-0.7026,-2.8856,5.2606,0.0000
1.4200,UKF,jink,0.500,10.00,0.150,1,0.600,1,14.9013,17.9246,3.0233,4.9892,0.3706,0.1082,0.0081,6.0000,7.4551,3.0382,13.3751,0.2337,15.7743,-12.3483,19.4108,-11.4997,19.7784,-11.8504,18.0608,-12.2888,12.2429,-13.9098,3.6365,0.8486,4.0041,0.4979,2.2865,0.0594,13,0.2200,13,0,1.0000,0.0000,0.0000,4.5398,12.8555,-0.7011,-2.9485,5.2256,0.0000
1.4300,UKF,jink,0.500,10.00,0.150,1,0.600,1,14.8073,17.8492,3.0418,5.0485,0.3706,0.1082,0.0081,6.0000,7.4551,3.0400,14.1194,0.2358,15.5697,-12.4000,19.4108,-11.4997,19.7784,-11.8504,17.9834,-12.3244,12.1551,-13.9830,3.8411,0.9004,4.2087,0.5496,2.4137,0.0757,13,0.2300,13,0,1.0000,0.0000,0.0000,4.5308,12.9032,-0.6995,-3.0110,5.1898,0.0000
1.4400,UKF,jink,0.500,10.00,0.150,1,0.600,1,14.7127,17.7731,3.0604,5.1084,0.3706,0.1082,0.0080,6.0000,7.4551,3.0419,14.8941,0.2380,15.3613,-12.4531,19.4108,-11.4997,19.7784,-11.8504,17.9073,-12.3608,12.0696,-14.0580,4.0495,0.9535,4.4171,0.6027,2.5459,0.0923,13,0.2400,13,0,1.0000,0.0000,0.0000,4.5211,12.9505,-0.6978,-3.0730,5.1533,0.0000
1.4500,UKF,jink,0.500,10.00,0.150,1,0.600,1,14.6173,17.1354,2.5181,4.3960,0.3709,0.1055,0.0077,6.0000,7.0485,2.6528,9.6479,0.2402,15.1491,-12.5077,17.9512,-11.8228,18.3339,-12.0539,16.7832,-12.7462,8.2723,-15.4241,2.8022,0.6848,3.1848,0.4538,1.6341,-0.2386,14,0.1500,14,0,1.0000,0.0000,0.0000,4.5107,12.9975,-0.6961,-3.1346,5.1161,0.0000
1.4600,UKF,jink,0.500,10.00,0.150,1,0.600,1,14.5212,17.0548,2.5336,4.4474,0.3709,0.1055,0.0076,6.0000,7.0485,2.6544,10.1969,0.2425,14.9328,-12.5636,17.9512,-11.8228,18.3339,-12.0539,16.6630,-12.7969,8.1059,-15.5261,3.0184,0.7408,3.4011,0.5097,1.7302,-0.2333,14,0.1600,14,0,1.0000,0.0000,0.0000,4.4995,13.0443,-0.6943,-3.1958,5.0781,0.0000
1.4700,UKF,jink,0.500,10.00,0.150,1,0.600,1,14.4244,16.9736,2.5492,4.4995,0.3709,0.1055,0.0075,6.0000,7.0485,2.6561,10.7747,0.2449,14.7126,-12.6210,17.9512,-11.8228,18.3339,-12.0539,16.5437,-12.8486,7.9406,-15.6305,3.2386,0.7982,3.6213,0.5671,1.8311,-0.2276,14,0.1700,14,0,1.0000,0.0000,0.0000,4.4876,13.0907,-0.6924,-3.2565,5.0394,0.0000
1.4800,UKF,jink,0.500,10.00,0.150,1,0.600,1,14.3269,16.8918,2.5649,4.5521,0.3709,0.1055,0.0073,6.0000,7.0485,2.6578,11.3820,0.2473,14.4883,-12.6799,17.9512,-11.8228,18.3339,-12.0539,16.4253,-12.9015,7.7765,-15.7374,3.4630,0.8571,3.8456,0.6260,1.9371,-0.2216,14,0.1800,14,0,1.0000,0.0000,0.0000,4.4749,13.1368,-0.6904,-3.3167,4.9999,0.0000
1.4900,UKF,jink,0.500,10.00,0.150,1,0.600,1,14.2287,16.8093,2.5806,4.6053,0.3709,0.1055,0.0071,6.0000,7.0485,2.6595,12.0198,0.2497,14.2598,-12.7404,17.9512,-11.8228,18.3339,-12.0539,16.3079,-12.9557,7.6138,-15.8468,3.6915,0.9175,4.0741,0.6865,2.0481,-0.2153,14,0.1900,14,0,1.0000,0.0000,0.0000,4.4615,13.1826,-0.6884,-3.3765,4.9598,0.0000
1.5000,UKF,jink,0.500,10.00,0.150,1,0.600,1,14.1299,16.7263,2.5964,4.6591,0.3709,0.1055,0.0070,6.0000,7.0485,2.6613,12.6887,0.2522,14.0271,-12.8024,17.9512,-11.8228,18.3339,-12.0539,16.1916,-13.0110,7.4526,-15.9588,3.9242,0.9795,4.3068,0.7485,2.1645,-0.2086,14,0.2000,14,0,1.0000,0.0000,0.0000,4.4472,13.2281,-0.6862,-3.4358,4.9189,0.0000
1.5100,UKF,jink,0.500,10.00,0.150,1,0.600,1,14.0303,16.6427,2.6124,4.7134,0.3709,0.1055,0.0067,6.0000,7.0485,2.6631,13.3896,0.2548,13.7900,-12.8660,17.9512,-11.8228,18.3339,-12.0539,16.0763,-13.0676,7.2930,-16.0735,4.1612,1.0432,4.5439,0.8121,2.2863,-0.2016,14,0.2100,14,0,1.0000,0.0000,0.0000,4.4323,13.2734,-0.6840,-3.4946,4.8773,0.0000
1.5200,UKF,jink,0.500,10.00,0.150,1,0.600,1,13.9312,16.5585,2.6273,4.7683,0.3709,0.1055,0.0072,6.0000,7.0485,2.6639,14.0981,0.2577,13.5528,-12.9302,17.9512,-11.8228,18.3339,-12.0539,15.9621,-13.1254,7.1341,-16.1911,4.3984,1.1074,4.7811,0.8763,2.4093,-0.1952,14,0.2200,14,0,1.0000,0.0000,0.0000,4.4168,13.3182,-0.6817,-3.4358,4.9189,0.0000
1.5300,UKF,jink,0.500,10.00,0.150,1,0.600,1,13.8324,16.4737,2.6414,4.8238,0.3709,0.1055,0.0075,6.0000,7.0485,2.6647,14.8153,0.2606,13.3152,-12.9951,17.9512,-11.8228,18.3339,-12.0539,15.8488,-13.1846,6.9759,-16.3115,4.6360,1.1723,5.0186,0.9412,2.5336,-0.1895,14,0.2300,14,0,1.0000,0.0000,0.0000,4.4009,13.3628,-0.6793,-3.3765,4.9598,0.0000
1.5400,UKF,jink,0.500,10.00,0.150,1,0.600,1,13.7340,16.3884,2.6544,4.8798,0.3709,0.1055,0.0077,6.0000,7.0485,2.6654,15.5408,0.2635,13.0773,-13.0607,17.9512,-11.8228,18.3339,-12.0539,15.7366,-13.2451,6.8185,-16.4349,4.8739,1.2379,5.2565,1.0068,2.6593,-0.1844,14,0.2400,14,0,1.0000,0.0000,0.0000,4.3845,13.4070,-0.6768,-3.3167,4.9999,0.0000
1.5500,UKF,jink,0.500,10.00,0.150,1,0.600,1,13.6360,15.9221,2.2861,4.0810,0.3699,0.1023,0.0087,6.0000,7.1113,2.9610,9.2010,0.2664,12.8392,-13.1270,16.1722,-12.2487,16.5116,-12.6099,14.4181,-13.1245,2.3408,-15.9585,3.3331,0.8783,3.6724,0.5171,1.5789,0.0025,15,0.1500,15,0,1.0000,0.0000,0.0000,4.3677,13.4508,-0.6741,-3.2565,5.0394,0.0000
1.5600,UKF,jink,0.500,10.00,0.150,1,0.600,1,13.5384,15.8349,2.2965,4.1285,0.3699,0.1023,0.0088,6.0000,7.1113,2.9625,9.6283,0.2693,12.6008,-13.1941,16.1722,-12.2487,16.5116,-12.6099,14.2533,-13.1785,2.0811,-16.0697,3.5715,0.9454,3.9108,0.5841,1.6526,0.0155,15,0.1600,15,0,1.0000,0.0000,0.0000,4.3505,13.4943,-0.6714,-3.1958,5.0781,0.0000
1.5700,UKF,jink,0.500,10.00,0.150,1,0.600,1,13.4411,15.7472,2.3061,4.1766,0.3699,0.1023,0.0087,6.0000,7.1113,2.9639,10.0589,0.2721,12.3622,-13.2619,16.1722,-12.2487,16.5116,-12.6099,14.0889,-13.2339,1.8202,-16.1837,3.8100,1.0132,4.1494,0.6519,1.7267,0.0280,15,0.1700,15,0,1.0000,0.0000,0.0000,4.3329,13.5374,-0.6686,-3.1346,5.1161,0.0000
1.5800,UKF,jink,0.500,10.00,0.150,1,0.600,1,13.3442,15.6590,2.3148,4.2253,0.3699,0.1023,0.0085,6.0000,7.1113,2.9653,10.4924,0.2750,12.1235,-13.3304,16.1722,-12.2487,16.5116,-12.6099,13.9249,-13.2906,1.5580,-16.3007,4.0487,1.0817,4.3881,0.7205,1.8013,0.0398,15,0.1800,15,0,1.0000,0.0000,0.0000,4.3148,13.5802,-0.6656,-3.0730,5.1533,0.0000
1.5900,UKF,jink,0.500,10.00,0.150,1,0.600,1,13.2476,15.5703,2.3227,4.2747,0.3699,0.1023,0.0083,6.0000,7.1113,2.9667,10.9286,0.2779,11.8848,-13.3998,16.1722,-12.2487,16.5116,-12.6099,13.7612,-13.3487,1.2946,-16.4207,4.2875,1.1511,4.6268,0.7899,1.8764,0.0511,15,0.1900,15,0,1.0000,0.0000,0.0000,4.2963,13.6227,-0.6626,-3.0110,5.1898,0.0000
1.6000,UKF,jink,0.500,10.00,0.150,1,0.600,1,13.1514,15.4812,2.3297,4.3246,0.3699,0.1023,0.0079,6.0000,7.1113,2.9680,11.3671,0.2808,11.6460,-13.4700,16.1722,-12.2487,16.5116,-12.6099,13.5979,-13.4083,1.0298,-16.5439,4.5262,1.2213,4.8656,0.8601,1.9519,0.0618,15,0.2000,15,0,1.0000,0.0000,0.0000,4.2774,13.6648,-0.6594,-2.9485,5.2256,0.0000
1.6100,UKF,jink,0.500,10.00,0.150,1,0.600,1,13.0556,15.3915,2.3360,4.3752,0.3699,0.1023,0.0074,6.0000,7.1113,2.9693,11.8077,0.2836,11.4073,-13.5411,16.1722,-12.2487,16.5116,-12.6099,13.4351,-13.4692,0.7637,-16.6704,4.7650,1.2924,5.1043,0.9312,2.0278,0.0719,15,0.2100,15,0,1.0000,0.0000,0.0000,4.2582,13.7066,-0.6561,-2.8856,5.2606,0.0000
1.6200,UKF,jink,0.500,10.00,0.150,1,0.600,1,12.9600,15.3014,2.3414,4.4264,0.3699,0.1023,0.0068,6.0000,7.1113,2.9706,12.2499,0.2865,11.1687,-13.6130,16.1722,-12.2487,16.5116,-12.6099,13.2727,-13.5317,0.4962,-16.8001,5.0036,1.3643,5.3429,1.0031,2.1040,0.0813,15,0.2200,15,0,1.0000,0.0000,0.0000,4.2385,13.7480,-0.6527,-2.8222,5.2948,0.0000
1.6300,UKF,jink,0.500,10.00,0.150,1,0.600,1,12.8648,15.2109,2.3461,4.4782,0.3699,0.1023,0.0062,6.0000,7.1113,2.9719,12.6937,0.2893,10.9302,-13.6859,16.1722,-12.2487,16.5116,-12.6099,13.1107,-13.5957,0.2272,-16.9334,5.2421,1.4372,5.5814,1.0759,2.1805,0.0902,15,0.2300,15,0,1.0000,0.0000,0.0000,4.2185,13.7891,-0.6492,-2.7585,5.3283,0.0000
1.6400,UKF,jink,0.500,10.00,0.150,1,0.600,1,12.7699,15.1199,2.3500,4.5305,0.3699,0.1023,0.0054,6.0000,7.1113,2.9732,13.1386,0.2922,10.6919,-13.7597,16.1722,-12.2487,16.5116,-12.6099,12.9492,-13.6613,-0.0432,-17.0702,5.4803,1.5110,5.8197,1.1497,2.2573,0.0984,15,0.2400,15,0,1.0000,0.0000,0.0000,4.1982,13.8299,-0.6455,-2.6943,5.3610,0.0000
1.6500,UKF,jink,0.500,10.00,0.150,1,0.600,1,12.6753,14.6419,1.9666,3.8666,0.3708,0.0998,0.0037,6.0000,6.9361,3.3471,8.3394,0.2950,10.4539,-13.8344,14.0271,-12.8024,14.3940,-13.2277,11.7433,-14.4502,-4.5771,-19.9904,3.5732,1.0320,3.9401,0.6067,1.2894,-0.6158,16,0.1500,16,0,1.0000,0.0000,0.0000,4.1775,13.8703,-0.6418,-2.6298,5.3930,0.0000
1.6600,UKF,jink,0.500,10.00,0.150,1,0.600,1,12.5811,14.5488,1.9677,3.9114,0.3708,0.0998,0.0028,6.0000,6.9361,3.3484,8.5329,0.2978,10.2162,-13.9101,14.0271,-12.8024,14.3940,-13.2277,11.5325,-14.5472,-4.9687,-20.1856,3.8109,1.1078,4.1778,0.6825,1.3163,-0.6371,16,0.1600,16,0,1.0000,0.0000,0.0000,4.1564,13.9104,-0.6379,-2.5649,5.4241,0.0000
1.6700,UKF,jink,0.500,10.00,0.150,1,0.600,1,12.4871,14.4553,1.9681,3.9568,0.3708,0.0998,0.0017,6.0000,6.9361,3.3497,8.7255,0.3007,9.9788,-13.9869,14.0271,-12.8024,14.3940,-13.2277,11.3212,-14.6463,-5.3647,-20.3854,4.0482,1.1845,4.4152,0.7592,1.3424,-0.6593,16,0.1700,16,0,1.0000,0.0000,0.0000,4.1350,13.9502,-0.6339,-2.4996,5.4545,0.0000
1.6800,UKF,jink,0.500,10.00,0.150,1,0.600,1,12.3934,14.3614,1.9680,4.0029,0.3708,0.0998,0.0009,6.0000,6.9361,3.3540,8.9211,0.3034,9.7411,-14.0647,14.0271,-12.8024,14.3940,-13.2277,11.1096,-14.7474,-5.7652,-20.5898,4.2859,1.2624,4.6529,0.8371,1.3685,-0.6827,16,0.1800,16,0,1.0000,0.0000,0.0000,4.1133,13.9896,-0.6297,-2.4340,5.4841,0.0000
1.6900,UKF,jink,0.500,10.00,0.150,1,0.600,1,12.3000,14.2672,1.9672,4.0496,0.3708,0.0998,0.0001,6.0000,6.9361,3.3587,9.1152,0.3072,9.5040,-14.1435,14.0271,-12.8024,14.3940,-13.2277,10.8976,-14.8508,-6.1705,-20.7991,4.5231,1.3411,4.8900,0.9158,1.3936,-0.7073,16,0.1900,16,0,1.0000,0.0000,0.0000,4.0913,14.0286,-0.6254,-2.3680,5.5129,0.0000
1.7000,UKF,jink,0.500,10.00,0.150,1,0.600,1,12.2069,14.1727,1.9658,4.0969,0.3708,0.0998,0.0006,6.0000,6.9361,3.3609,9.3045,0.3111,9.2681,-14.2233,14.0271,-12.8024,14.3940,-13.2277,10.6852,-14.9564,-6.5806,-21.0133,4.7590,1.4210,5.1259,0.9957,1.4171,-0.7330,16,0.2000,16,0,1.0000,0.0000,0.0000,4.0689,14.0674,-0.6210,-2.3017,5.5410,0.0000
1.7100,UKF,jink,0.500,10.00,0.150,1,0.600,1,12.1140,14.0778,1.9638,4.1449,0.3708,0.0998,0.0013,6.0000,6.9361,3.3630,9.4923,0.3150,9.0328,-14.3044,14.0271,-12.8024,14.3940,-13.2277,10.4723,-15.0643,-6.9958,-21.2325,4.9943,1.5020,5.3612,1.0767,1.4396,-0.7599,16,0.2100,16,0,1.0000,0.0000,0.0000,4.0463,14.1058,-0.6165,-2.2350,5.5682,0.0000
1.7200,UKF,jink,0.500,10.00,0.150,1,0.600,1,12.0214,13.9827,1.9613,4.1934,0.3708,0.0998,0.0022,6.0000,6.9361,3.3652,9.6786,0.3190,8.7981,-14.3866,14.0271,-12.8024,14.3940,-13.2277,10.2591,-15.1746,-7.4162,-21.4570,5.2289,1.5843,5.5959,1.1590,1.4609,-0.7880,16,0.2200,16,0,1.0000,0.0000,0.0000,4.0234,14.1439,-0.6118,-2.1681,5.5946,0.0000
1.7300,UKF,jink,0.500,10.00,0.150,1,0.600,1,11.9290,13.8872,1.9582,4.2425,0.3708,0.0998,0.0031,6.0000,6.9361,3.3674,9.8633,0.3230,8.5642,-14.4701,14.0271,-12.8024,14.3940,-13.2277,10.0454,-15.2873,-7.8420,-21.6868,5.4629,1.6678,5.8298,1.2425,1.4812,-0.8172,16,0.2300,16,0,1.0000,0.0000,0.0000,4.0002,14.1816,-0.6070,-2.1008,5.6202,0.0000
1.7400,UKF,jink,0.500,10.00,0.150,1,0.600,1,11.8369,13.7915,1.9547,4.2922,0.3708,0.0998,0.0042,6.0000,6.9361,3.3695,10.0462,0.3270,8.3310,-14.5549,14.0271,-12.8024,14.3940,-13.2277,9.8312,-15.4026,-8.2734,-21.9221,5.6961,1.7526,6.0630,1.3273,1.5002,-0.8476,16,0.2400,16,0,1.0000,0.0000,0.0000,3.9768,14.2190,-0.6020,-2.0332,5.6450,0.0000
1.7500,UKF,jink,0.500,10.00,0.150,1,0.600,1,11.7449,13.3771,1.6321,3.6051,0.3745,0.0991,0.0090,6.0000,7.0341,1.9363,3.1484,0.3310,8.0986,-14.6411,11.6460,-13.4700,11.8974,-13.6761,8.5687,-14.3767,-12.7711,-17.6097,3.5474,1.1710,3.7987,0.9650,0.4700,0.2644,17,0.1500,17,0,1.0000,0.0000,0.0000,3.9531,14.2561,-0.5969,-1.9653,5.6690,0.0000
1.7600,UKF,jink,0.500,10.00,0.150,1,0.600,1,11.6532,13.2784,1.6252,3.6475,0.3745,0.0991,0.0102,6.0000,7.0341,1.9378,3.0419,0.3351,7.8672,-14.7286,11.6460,-13.4700,11.8974,-13.6761,8.3025,-14.4438,-13.3224,-17.7413,3.7788,1.2586,4.0302,1.0525,0.4353,0.2848,17,0.1600,17,0,1.0000,0.0000,0.0000,3.9291,14.2929,-0.5917,-1.8971,5.6922,0.0000
1.7700,UKF,jink,0.500,10.00,0.150,1,0.600,1,11.5618,13.1796,1.6178,3.6907,0.3745,0.0991,0.0115,6.0000,7.0341,1.9393,2.9381,0.3392,7.6367,-14.8176,11.6460,-13.4700,11.8974,-13.6761,8.0348,-14.5129,-13.8819,-17.8763,4.0094,1.3475,4.2607,1.1415,0.3982,0.3047,17,0.1700,17,0,1.0000,0.0000,0.0000,3.9050,14.3293,-0.5862,-1.8287,5.7145,0.0000
1.7800,UKF,jink,0.500,10.00,0.150,1,0.600,1,11.4705,13.0804,1.6100,3.7346,0.3745,0.0991,0.0129,6.0000,7.0341,1.9408,2.8397,0.3432,7.4071,-14.9080,11.6460,-13.4700,11.8974,-13.6761,7.7658,-14.5840,-14.4500,-18.0149,4.2389,1.4380,4.4903,1.2319,0.3586,0.3241,17,0.1800,17,0,1.0000,0.0000,0.0000,3.8806,14.3654,-0.5807,-1.7600,5.7361,0.0000
1.7900,UKF,jink,0.500,10.00,0.150,1,0.600,1,11.3794,12.9811,1.6017,3.7791,0.3745,0.0991,0.0144,6.0000,7.0341,1.9423,2.7498,0.3474,7.1787,-15.0000,11.6460,-13.4700,11.8974,-13.6761,7.4952,-14.6570,-15.0269,-18.1572,4.4674,1.5300,4.7187,1.3239,0.3165,0.3430,17,0.1900,17,0,1.0000,0.0000,0.0000,3.8560,14.4012,-0.5749,-1.6910,5.7568,0.0000
1.8000,UKF,jink,0.500,10.00,0.150,1,0.600,1,11.2884,12.8815,1.5930,3.8243,0.3745,0.0991,0.0160,6.0000,7.0341,1.9439,2.6727,0.3515,6.9513,-15.0936,11.6460,-13.4700,11.8974,-13.6761,7.2231,-14.7322,-15.6130,-18.3032,4.6947,1.6236,4.9461,1.4175,0.2718,0.3614,17,0.2000,17,0,1.0000,0.0000,0.0000,3.8312,14.4367,-0.5691,-1.6218,5.7766,0.0000
1.8100,UKF,jink,0.500,10.00,0.150,1,0.600,1,11.1977,12.7816,1.5840,3.8701,0.3745,0.0991,0.0177,6.0000,7.0341,1.9454,2.6132,0.3556,6.7252,-15.1889,11.6460,-13.4700,11.8974,-13.6761,6.9494,-14.8095,-16.2085,-18.4530,4.9209,1.7189,5.1722,1.5128,0.2242,0.3793,17,0.2100,17,0,1.0000,0.0000,0.0000,3.8062,14.4718,-0.5630,-1.5524,5.7957,0.0000
1.8200,UKF,jink,0.500,10.00,0.150,1,0.600,1,11.1071,12.6816,1.5746,3.9166,0.3745,0.0991,0.0194,6.0000,7.0341,1.9469,2.5771,0.3598,6.5002,-15.2859,11.6460,-13.4700,11.8974,-13.6761,6.6740,-14.8891,-16.8137,-18.6069,5.1458,1.8158,5.3972,1.6098,0.1738,0.3968,17,0.2200,17,0,1.0000,0.0000,0.0000,3.7810,14.5066,-0.5568,-1.4827,5.8139,0.0000
1.8300,UKF,jink,0.500,10.00,0.150,1,0.600,1,11.0166,12.5814,1.5648,3.9637,0.3745,0.0991,0.0213,6.0000,7.0341,1.9485,2.5703,0.3640,6.2766,-15.3846,11.6460,-13.4700,11.8974,-13.6761,6.3969,-14.9710,-17.4291,-18.7647,5.3694,1.9146,5.6208,1.7085,0.1203,0.4136,17,0.2300,17,0,1.0000,0.0000,0.0000,3.7557,14.5411,-0.5504,-1.4129,5.8313,0.0000
1.8400,UKF,jink,0.500,10.00,0.150,1,0.600,1,10.9263,12.4810,1.5547,4.0114,0.3745,0.0991,0.0232,6.0000,7.0341,1.9500,2.5985,0.3683,6.0543,-15.4852,11.6460,-13.4700,11.8974,-13.6761,6.1181,-15.0553,-18.0548,-18.9268,5.5917,2.0152,5.8431,1.8091,0.0638,0.4300,17,0.2400,17,0,1.0000,0.0000,0.0000,3.7302,14.5753,-0.5438,-1.3428,5.8478,0.0000
1.8500,UKF,jink,0.500,10.00,0.150,1,0.600,1,10.8361,12.3066,1.4705,3.3733,0.3770,0.0992,0.0277,6.0000,6.8104,1.5289,2.5080,0.3725,5.8334,-15.5878,9.2681,-14.2233,9.5287,-14.2717,5.4102,-15.6858,-20.5858,-21.4997,3.4347,1.3644,3.6953,1.3160,-0.4233,-0.0980,18,0.1500,18,0,1.0000,0.0000,0.0000,3.7045,14.6092,-0.5370,-1.2725,5.8635,0.0000
1.8600,UKF,jink,0.500,10.00,0.150,1,0.600,1,10.7460,12.2068,1.4607,3.4138,0.3770,0.0992,0.0298,6.0000,6.8104,1.5282,3.0168,0.3768,5.6140,-15.6923,9.2681,-14.2233,9.5287,-14.2717,5.1013,-15.7960,-21.3013,-21.7080,3.6541,1.4689,3.9147,1.4205,-0.5127,-0.1037,18,0.1600,18,0,1.0000,0.0000,0.0000,3.6787,14.6427,-0.5300,-1.2021,5.8784,0.0000
1.8700,UKF,jink,0.500,10.00,0.150,1,0.600,1,10.6561,12.1069,1.4508,3.4549,0.3770,0.0992,0.0320,6.0000,6.8104,1.5275,3.5509,0.3811,5.3962,-15.7989,9.2681,-14.2233,9.5287,-14.2717,4.7899,-15.9091,-22.0297,-21.9205,3.8719,1.5755,4.1326,1.5271,-0.6063,-0.1102,18,0.1700,18,0,1.0000,0.0000,0.0000,3.6528,14.6760,-0.5229,-1.1314,5.8924,0.0000
1.8800,UKF,jink,0.500,10.00,0.150,1,0.600,1,10.5662,12.0068,1.4406,3.4968,0.3770,0.0992,0.0343,6.0000,6.8104,1.5268,4.1102,0.3854,5.1799,-15.9076,9.2681,-14.2233,9.5287,-14.2717,4.4758,-16.0252,-22.7714,-22.1374,4.0882,1.6842,4.3489,1.6358,-0.7041,-0.1176,18,0.1800,18,0,1.0000,0.0000,0.0000,3.6268,14.7089,-0.5155,-1.0607,5.9055,0.0000
1.8900,UKF,jink,0.500,10.00,0.150,1,0.600,1,10.4764,11.9067,1.4303,3.5392,0.3770,0.0992,0.0366,6.0000,6.8104,1.5262,4.6951,0.3898,4.9653,-16.0185,9.2681,-14.2233,9.5287,-14.2717,4.1591,-16.1444,-23.5267,-22.3586,4.3028,1.7952,4.5635,1.7468,-0.8062,-0.1258,18,0.1900,18,0,1.0000,0.0000,0.0000,3.6007,14.7415,-0.5079,-0.9897,5.9178,0.0000
1.9000,UKF,jink,0.500,10.00,0.150,1,0.600,1,10.3867,11.8065,1.4198,3.5823,0.3770,0.0992,0.0390,6.0000,6.8104,1.5255,5.3064,0.3942,4.7524,-16.1318,9.2681,-14.2233,9.5287,-14.2717,3.8395,-16.2667,-24.2960,-22.5841,4.5157,1.9085,4.7764,1.8601,-0.9129,-0.1349,18,0.2000,18,0,1.0000,0.0000,0.0000,3.5745,14.7738,-0.5002,-0.9186,5.9293,0.0000
1.9100,UKF,jink,0.500,10.00,0.150,1,0.600,1,10.2971,11.7063,1.4091,3.6260,0.3770,0.0992,0.0415,6.0000,6.8104,1.5248,5.9447,0.3986,4.5412,-16.2475,9.2681,-14.2233,9.5287,-14.2717,3.5169,-16.3924,-25.0798,-22.8141,4.7269,2.0241,4.9875,1.9757,-1.0243,-0.1449,18,0.2100,18,0,1.0000,0.0000,0.0000,3.5482,14.8058,-0.4921,-0.8474,5.9399,0.0000
1.9200,UKF,jink,0.500,10.00,0.150,1,0.600,1,10.2075,11.6059,1.3984,3.6703,0.3770,0.0992,0.0440,6.0000,6.8104,1.5265,6.6084,0.4028,4.3315,-16.3656,9.2681,-14.2233,9.5287,-14.2717,3.1914,-16.5215,-25.8785,-23.0485,4.9366,2.1423,5.1973,2.0939,-1.1401,-0.1559,18,0.2200,18,0,1.0000,0.0000,0.0000,3.5219,14.8374,-0.4839,-0.7761,5.9496,0.0000
1.9300,UKF,jink,0.500,10.00,0.150,1,0.600,1,10.1180,11.5056,1.3875,3.7152,0.3770,0.0992,0.0463,6.0000,6.8104,1.5315,7.2978,0.4074,4.1231,-16.4863,9.2681,-14.2233,9.5287,-14.2717,2.8626,-16.6541,-26.6925,-23.2872,5.1450,2.2629,5.4057,2.2145,-1.2605,-0.1678,18,0.2300,18,0,1.0000,0.0000,0.0000,3.4955,14.8688,-0.4754,-0.7046,5.9585,0.0000
1.9400,UKF,jink,0.500,10.00,0.150,1,0.600,1,10.0285,11.4052,1.3766,3.7606,0.3770,0.0992,0.0486,6.0000,6.8104,1.5345,8.0191,0.4132,3.9170,-16.6095,9.2681,-14.2233,9.5287,-14.2717,2.5306,-16.7904,-27.5221,-23.5304,5.3511,2.3861,5.6117,2.3377,-1.3865,-0.1810,18,0.2400,18,0,1.0000,0.0000,0.0000,3.4690,14.8999,-0.4667,-0.6331,5.9665,0.0000
1.9500,UKF,jink,0.500,10.00,0.150,1,0.600,1,9.9391,11.3431,1.4040,3.0863,0.3785,0.1001,0.0522,6.0000,6.8208,0.3851,9.8584,0.4193,3.7136,-16.7354,6.9513,-15.0936,6.8968,-15.1158,2.0345,-16.3832,-28.1502,-21.7985,3.2377,1.6418,3.1832,1.6196,-1.6790,0.3523,19,0.1500,19,0,1.0000,0.0000,0.0000,3.4426,14.9306,-0.4577,-0.5614,5.9737,0.0000
1.9600,UKF,jink,0.500,10.00,0.150,1,0.600,1,9.8497,11.2446,1.3949,3.1248,0.3785,0.1001,0.0545,6.0000,6.8208,0.3899,10.7133,0.4256,3.5122,-16.8643,6.9513,-15.0936,6.8968,-15.1158,1.6831,-16.4969,-29.0044,-21.9934,3.4391,1.7707,3.3846,1.7485,-1.8291,0.3674,19,0.1600,19,0,1.0000,0.0000,0.0000,3.4161,14.9611,-0.4485,-0.4897,5.9800,0.0000
1.9700,UKF,jink,0.500,10.00,0.150,1,0.600,1,9.7603,11.1460,1.3857,3.1640,0.3785,0.1001,0.0567,6.0000,6.8208,0.3947,11.6001,0.4319,3.3130,-16.9962,6.9513,-15.0936,6.8968,-15.1158,1.3279,-16.6140,-29.8744,-22.1919,3.6384,1.9026,3.5838,1.8804,-1.9851,0.3822,19,0.1700,19,0,1.0000,0.0000,0.0000,3.3896,14.9913,-0.4389,-0.4179,5.9854,0.0000
1.9800,UKF,jink,0.500,10.00,0.150,1,0.600,1,9.6708,11.0474,1.3766,3.2039,0.3785,0.1001,0.0591,6.0000,6.8208,0.3996,12.5201,0.4384,3.1159,-17.1313,6.9513,-15.0936,6.8968,-15.1158,0.9688,-16.7346,-30.7605,-22.3938,3.8354,2.0377,3.7809,2.0155,-2.1471,0.3967,19,0.1800,19,0,1.0000,0.0000,0.0000,3.3631,15.0211,-0.4291,-0.3461,5.9900,0.0000
1.9900,UKF,jink,0.500,10.00,0.150,1,0.600,1,9.5814,10.9488,1.3674,3.2445,0.3785,0.1001,0.0615,6.0000,6.8208,0.4047,13.4743,0.4449,2.9211,-17.2696,6.9513,-15.0936,6.8968,-15.1158,0.6058,-16.8588,-31.6632,-22.5991,4.0302,2.1760,3.9756,2.1538,-2.3154,0.4108,19,0.1900,19,0,1.0000,0.0000,0.0000,3.3366,15.0507,-0.4190,-0.2742,5.9937,0.0000
2.0000,UKF,jink,0.500,10.00,0.150,1,0.600,1,9.4920,10.8503,1.3583,3.2857,0.3785,0.1001,0.0640,6.0000,6.8208,0.4098,14.4638,0.4515,2.7287,-17.4114,6.9513,-15.0936,6.8968,-15.1158,0.2385,-16.9867,-32.5826,-22.8078,4.2226,2.3177,4.1681,2.2955,-2.4901,0.4246,19,0.2000,19,0,1.0000,0.0000,0.0000,3.3102,15.0799,-0.4085,-0.2022,5.9966,0.0000
2.0100,UKF,jink,0.500,10.00,0.150,1,0.600,1,9.4025,10.7518,1.3493,3.3276,0.3785,0.1001,0.0666,6.0000,6.8208,0.4151,15.4899,0.4583,2.5386,-17.5566,6.9513,-15.0936,6.8968,-15.1158,-0.1330,-17.1186,-33.5193,-23.0199,4.4127,2.4630,4.3582,2.4408,-2.6716,0.4380,19,0.2100,19,0,1.0000,0.0000,0.0000,3.2838,15.1089,-0.3977,-0.1302,5.9986,0.0000
2.0200,UKF,jink,0.500,10.00,0.150,1,0.600,1,9.3130,10.6534,1.3404,3.3702,0.3785,0.1001,0.0692,6.0000,6.8208,0.4205,16.5538,0.4651,2.3510,-17.7056,6.9513,-15.0936,6.8968,-15.1158,-0.5091,-17.2545,-34.4733,-23.2353,4.6003,2.6120,4.5458,2.5898,-2.8601,0.4511,19,0.2200,19,0,1.0000,0.0000,0.0000,3.2575,15.1375,-0.3866,-0.0583,5.9997,0.0000
2.0300,UKF,jink,0.500,10.00,0.150,1,0.600,1,9.2235,10.5551,1.3316,3.4133,0.3785,0.1001,0.0719,6.0000,6.8208,0.4260,17.6569,0.4721,2.1659,-17.8585,6.9513,-15.0936,6.8968,-15.1158,-0.8899,-17.3947,-35.4452,-23.4540,4.7854,2.7648,4.7309,2.7426,-3.0558,0.4638,19,0.2300,19,0,1.0000,0.0000,0.0000,3.2312,15.1659,-0.3750,0.0137,6.0000,0.0000
2.0400,UKF,jink,0.500,10.00,0.150,1,0.600,1,9.1339,10.4569,1.3230,3.4570,0.3785,0.1001,0.0747,6.0000,6.8208,0.4316,18.8004,0.4792,1.9833,-18.0153,6.9513,-15.0936,6.8968,-15.1158,-1.2756,-17.5393,-36.4351,-23.6759,4.9680,2.9217,4.9134,2.8995,-3.2589,0.4760,19,0.2400,19,0,1.0000,0.0000,0.0000,3.2050,15.1939,-0.3631,0.0857,5.9994,0.0000
2.0500,UKF,jink,0.500,10.00,0.150,1,0.600,1,9.0443,10.9335,1.8892,2.7573,0.3805,0.1027,0.0775,6.0000,6.8023,1.2875,10.1743,0.4834,1.7967,-18.1764,4.7524,-16.1318,4.9720,-16.1294,0.0073,-18.2099,-28.2090,-27.5028,2.9557,2.0446,3.1754,2.0470,-1.7894,-0.0335,20,0.1500,20,0,1.0000,0.0000,0.0000,3.1790,15.2217,-0.3508,0.1577,5.9979,0.0000
2.0600,UKF,jink,0.500,10.00,0.150,1,0.600,1,8.9546,10.8433,1.8886,2.7935,0.3805,0.1027,0.0775,6.0000,6.8023,1.3418,10.9428,0.4928,1.6096,-18.3416,4.7524,-16.1318,4.9720,-16.1294,-0.3166,-18.3798,-29.0150,-27.8311,3.1427,2.2098,3.3624,2.2122,-1.9263,-0.0382,20,0.1600,20,0,1.0000,0.0000,0.0000,3.1530,15.2491,-0.3380,0.2297,5.9956,0.0000
2.0700,UKF,jink,0.500,10.00,0.150,1,0.600,1,8.8649,10.7531,1.8882,2.8305,0.3805,0.1027,0.0758,6.0000,6.8023,1.3638,11.7764,0.5040,1.4311,-18.5112,4.7524,-16.1318,4.9720,-16.1294,-0.6438,-18.5546,-29.8378,-28.1659,3.3212,2.3794,3.5409,2.3819,-2.0749,-0.0433,20,0.1700,20,0,1.0000,0.0000,0.0000,3.1271,15.2763,-0.3247,0.3016,5.9924,0.0000
2.0800,UKF,jink,0.500,10.00,0.150,1,0.600,1,8.7751,10.6630,1.8879,2.8683,0.3805,0.1027,0.0731,6.0000,6.8023,1.3646,12.6650,0.5133,1.2592,-18.6857,4.7524,-16.1318,4.9720,-16.1294,-0.9745,-18.7344,-30.6777,-28.5074,3.4932,2.5538,3.7129,2.5563,-2.2336,-0.0487,20,0.1800,20,0,1.0000,0.0000,0.0000,3.1014,15.3031,-0.3109,0.3735,5.9884,0.0000
2.0900,UKF,jink,0.500,10.00,0.150,1,0.600,1,8.6852,10.5730,1.8878,2.9068,0.3805,0.1027,0.0705,6.0000,6.8023,1.3655,13.5885,0.5228,1.0901,-18.8650,4.7524,-16.1318,4.9720,-16.1294,-1.3087,-18.9195,-31.5352,-28.8556,3.6622,2.7332,3.8819,2.7357,-2.3989,-0.0544,20,0.1900,20,0,1.0000,0.0000,0.0000,3.0759,15.3296,-0.2966,0.4453,5.9835,0.0000
2.1000,UKF,jink,0.500,10.00,0.150,1,0.600,1,8.5952,10.4831,1.8879,2.9460,0.3805,0.1027,0.0679,6.0000,6.8023,1.3664,14.5481,0.5326,0.9241,-19.0496,4.7524,-16.1318,4.9720,-16.1294,-1.6468,-19.1100,-32.4109,-29.2105,3.8283,2.9178,4.0479,2.9203,-2.5709,-0.0604,20,0.2000,20,0,1.0000,0.0000,0.0000,3.0505,15.3559,-0.2817,0.5171,5.9777,0.0000
2.1100,UKF,jink,0.500,10.00,0.150,1,0.600,1,8.5051,10.3933,1.8882,2.9860,0.3805,0.1027,0.0655,6.0000,6.8023,1.3668,15.5448,0.5373,0.7611,-19.2405,4.7524,-16.1318,4.9720,-16.1294,-1.9889,-19.3064,-33.3052,-29.5723,3.9912,3.1087,4.2109,3.1112,-2.7500,-0.0659,20,0.2100,20,0,1.0000,0.0000,0.0000,3.0253,15.3818,-0.2662,0.5888,5.9710,0.0000
2.1200,UKF,jink,0.500,10.00,0.150,1,0.600,1,8.4150,10.3038,1.8888,3.0266,0.3805,0.1027,0.0631,6.0000,6.8023,1.3671,16.5798,0.5410,0.6013,-19.4373,4.7524,-16.1318,4.9720,-16.1294,-2.3351,-19.5088,-34.2186,-29.9411,4.1511,3.3055,4.3707,3.3079,-2.9364,-0.0715,20,0.2200,20,0,1.0000,0.0000,0.0000,3.0003,15.4074,-0.2499,0.6604,5.9635,0.0000
2.1300,UKF,jink,0.500,10.00,0.150,1,0.600,1,8.3247,10.2144,1.8897,3.0679,0.3805,0.1027,0.0608,6.0000,6.8023,1.3673,17.6546,0.5447,0.4447,-19.6401,4.7524,-16.1318,4.9720,-16.1294,-2.6857,-19.7175,-35.1515,-30.3169,4.3077,3.5083,4.5274,3.5107,-3.1304,-0.0775,20,0.2300,20,0,1.0000,0.0000,0.0000,2.9755,15.4326,-0.2329,0.7319,5.9552,0.0000
2.1400,UKF,jink,0.500,10.00,0.150,1,0.600,1,8.2344,10.1253,1.8909,3.1098,0.3805,0.1027,0.0585,6.0000,6.8023,1.3675,18.7704,0.5484,0.2913,-19.8491,4.7524,-16.1318,4.9720,-16.1294,-3.0410,-19.9330,-36.1042,-30.6999,4.4610,3.7173,4.6807,3.7198,-3.3323,-0.0839,20,0.2400,20,0,1.0000,0.0000,0.0000,2.9509,15.4576,-0.2151,0.8033,5.9460,0.0000
2.1500,UKF,jink,0.500,10.00,0.150,1,0.600,1,8.1440,10.6009,2.4569,2.4416,0.3820,0.1062,0.0578,6.0000,7.0844,1.6585,5.8333,0.5522,0.1413,-20.0647,2.7287,-17.4114,2.9460,-17.5570,-0.8877,-19.9400,-23.5635,-32.1948,2.5873,2.6534,2.8047,2.5078,-1.0291,0.1248,21,0.1500,21,0,1.0000,0.0000,0.0000,2.9266,15.4822,-0.1963,0.8746,5.9359,0.0000
2.1600,UKF,jink,0.500,10.00,0.150,1,0.600,1,8.0534,10.5197,2.4663,2.4776,0.3820,0.1062,0.0557,6.0000,7.0844,1.6605,6.4310,0.5560,-0.0052,-20.2873,2.7287,-17.4114,2.9460,-17.5570,-1.1412,-20.1492,-24.2109,-32.6617,2.7339,2.8759,2.9512,2.7303,-1.1360,0.1380,21,0.1600,21,0,1.0000,0.0000,0.0000,2.9025,15.5064,-0.1766,0.9458,5.9250,0.0000
2.1700,UKF,jink,0.500,10.00,0.150,1,0.600,1,7.9628,10.4386,2.4758,2.5145,0.3820,0.1062,0.0537,6.0000,7.0844,1.6624,7.0586,0.5598,-0.1482,-20.5170,2.7287,-17.4114,2.9460,-17.5570,-1.3968,-20.3652,-24.8742,-33.1419,2.8769,3.1057,3.0942,2.9601,-1.2486,0.1519,21,0.1700,21,0,1.0000,0.0000,0.0000,2.8787,15.5302,-0.1557,1.0168,5.9132,0.0000
2.1800,UKF,jink,0.500,10.00,0.150,1,0.600,1,7.8721,10.3577,2.4856,2.5523,0.3820,0.1062,0.0516,6.0000,7.0844,1.6684,7.7122,0.5641,-0.2885,-20.7544,2.7287,-17.4114,2.9460,-17.5570,-1.6547,-20.5883,-25.5539,-33.6361,3.0172,3.3431,3.2345,3.1975,-1.3662,0.1661,21,0.1800,21,0,1.0000,0.0000,0.0000,2.8552,15.5537,-0.1336,1.0877,5.9006,0.0000
2.1900,UKF,jink,0.500,10.00,0.150,1,0.600,1,7.7814,10.2770,2.4957,2.5910,0.3820,0.1062,0.0494,6.0000,7.0844,1.6759,8.3956,0.5686,-0.4255,-20.9999,2.7287,-17.4114,2.9460,-17.5570,-1.9150,-20.8190,-26.2506,-34.1451,3.1541,3.5885,3.3715,3.4429,-1.4895,0.1808,21,0.1900,21,0,1.0000,0.0000,0.0000,2.8319,15.5767,-0.1100,1.1584,5.8871,0.0000
2.2000,UKF,jink,0.500,10.00,0.150,1,0.600,1,7.6905,10.1966,2.5061,2.6306,0.3820,0.1062,0.0473,6.0000,7.0844,1.6834,9.1117,0.5731,-0.5587,-21.2538,2.7287,-17.4114,2.9460,-17.5570,-2.1779,-21.0580,-26.9649,-34.6697,3.2873,3.8425,3.5047,3.6969,-1.6193,0.1958,21,0.2000,21,0,1.0000,0.0000,0.0000,2.8090,15.5992,-0.0847,1.2290,5.8728,0.0000
2.2100,UKF,jink,0.500,10.00,0.150,1,0.600,1,7.5996,10.1166,2.5170,2.6710,0.3820,0.1062,0.0450,6.0000,7.0844,1.6857,9.8677,0.5767,-0.6868,-21.5167,2.7287,-17.4114,2.9460,-17.5570,-2.4436,-21.3058,-27.6974,-35.2110,3.4155,4.1053,3.6329,3.9597,-1.7568,0.2109,21,0.2100,21,0,1.0000,0.0000,0.0000,2.7865,15.6212,-0.0576,1.2994,5.8576,0.0000
2.2200,UKF,jink,0.500,10.00,0.150,1,0.600,1,7.5086,10.0371,2.5284,2.7122,0.3820,0.1062,0.0428,6.0000,7.0844,1.6878,10.6586,0.5803,-0.8110,-21.7890,2.7287,-17.4114,2.9460,-17.5570,-2.7122,-21.5634,-28.4485,-35.7704,3.5397,4.3776,3.7570,4.2321,-1.9012,0.2256,21,0.2200,21,0,1.0000,0.0000,0.0000,2.7643,15.6426,-0.0282,1.3696,5.8416,0.0000
2.2300,UKF,jink,0.500,10.00,0.150,1,0.600,1,7.4176,9.9581,2.5405,2.7542,0.3820,0.1062,0.0407,6.0000,7.0844,1.6897,11.4849,0.5839,-0.9311,-22.0714,2.7287,-17.4114,2.9460,-17.5570,-2.9840,-21.8316,-29.2184,-36.3495,3.6598,4.6600,3.8771,4.5144,-2.0529,0.2398,21,0.2300,21,0,1.0000,0.0000,0.0000,2.7424,15.6632,0.0039,1.4396,5.8247,0.0000
2.2400,UKF,jink,0.500,10.00,0.150,1,0.600,1,7.3266,9.8799,2.5532,2.7969,0.3820,0.1062,0.0386,6.0000,7.0844,1.6916,12.3470,0.5874,-1.0470,-22.3644,2.7287,-17.4114,2.9460,-17.5570,-3.2590,-22.1116,-30.0071,-36.9505,3.7756,4.9530,3.9930,4.8074,-2.2120,0.2527,21,0.2400,21,0,1.0000,0.0000,0.0000,2.7209,15.6830,0.0391,1.5094,5.8071,0.0000
2.2500,UKF,jink,0.500,10.00,0.150,1,0.600,1,7.2356,9.9623,2.7266,2.3075,0.3807,0.1092,0.0354,6.0000,7.2863,0.8768,6.7651,0.5908,-1.1585,-22.6687,0.9241,-19.0496,1.0208,-18.9276,-2.1455,-22.0016,-22.7661,-37.5405,2.0826,3.6191,2.1793,3.7411,-0.9870,0.6671,22,0.1500,22,0,1.0000,0.0000,0.0000,2.6998,15.7016,0.0783,1.5789,5.7885,0.0000
2.2600,UKF,jink,0.500,10.00,0.150,1,0.600,1,7.1447,9.8880,2.7434,2.3435,0.3807,0.1092,0.0335,6.0000,7.2863,0.8739,7.4142,0.5942,-1.2656,-22.9853,0.9241,-19.0496,1.0208,-18.9276,-2.3637,-22.2723,-23.3780,-38.2065,2.1898,3.9356,2.2864,4.0576,-1.0980,0.7129,22,0.1600,22,0,1.0000,0.0000,0.0000,2.6791,15.7188,0.1226,1.6483,5.7692,0.0000
2.2700,UKF,jink,0.500,10.00,0.150,1,0.600,1,7.0538,9.8150,2.7611,2.3804,0.3807,0.1092,0.0316,6.0000,7.2863,0.8709,8.0872,0.5975,-1.3682,-23.3149,0.9241,-19.0496,1.0208,-18.9276,-2.5838,-22.5575,-24.0022,-38.9071,2.2923,4.2653,2.3890,4.3872,-1.2156,0.7573,22,0.1700,22,0,1.0000,0.0000,0.0000,2.6588,15.7338,0.1734,1.7174,5.7490,0.0000
2.2800,UKF,jink,0.500,10.00,0.150,1,0.600,1,6.9632,9.7435,2.7803,2.4182,0.3807,0.1092,0.0299,6.0000,7.2863,0.8680,8.7790,0.6006,-1.4660,-23.6587,0.9241,-19.0496,1.0208,-18.9276,-2.8058,-22.8603,-24.6346,-39.6487,2.3902,4.6091,2.4868,4.7311,-1.3398,0.7984,22,0.1800,22,0,1.0000,0.0000,0.0000,2.6388,15.7455,0.2332,1.7862,5.7279,0.0000
2.2900,UKF,jink,0.500,10.00,0.150,1,0.600,1,6.8728,9.6746,2.8018,2.4567,0.3807,0.1092,0.0282,6.0000,7.2863,0.8651,9.4808,0.6037,-1.5590,-24.0181,0.9241,-19.0496,1.0208,-18.9276,-3.0297,-23.1850,-25.2664,-40.4399,2.4831,4.9685,2.5798,5.0905,-1.4707,0.8332,22,0.1900,22,0,1.0000,0.0000,0.0000,2.6191,15.7516,0.3056,1.8548,5.7061,0.0000
2.3000,UKF,jink,0.500,10.00,0.150,1,0.600,1,6.7830,9.6101,2.8271,2.4960,0.3807,0.1092,0.0266,6.0000,7.2863,0.8623,10.1774,0.6065,-1.6468,-24.3948,0.9241,-19.0496,1.0208,-18.9276,-3.2546,-23.5379,-25.8764,-41.2903,2.5709,5.3452,2.6676,5.4672,-1.6077,0.8569,22,0.2000,22,0,1.0000,0.0000,0.0000,2.5995,15.7472,0.3971,1.9232,5.6834,0.0000
2.3100,UKF,jink,0.500,10.00,0.150,1,0.600,1,6.6939,9.5538,2.8599,2.5360,0.3807,0.1092,0.0251,6.0000,7.2863,0.8596,10.8466,0.6091,-1.7292,-24.7909,0.9241,-19.0496,1.0208,-18.9276,-3.4784,-23.9272,-26.4084,-42.1972,2.6533,5.7413,2.7500,5.8633,-1.7492,0.8638,22,0.2100,22,0,1.0000,0.0000,0.0000,2.5793,15.7193,0.5179,1.9912,5.6599,0.0000
2.3200,UKF,jink,0.500,10.00,0.150,1,0.600,1,6.6064,9.5147,2.9082,2.5767,0.3807,0.1092,0.0236,6.0000,7.2863,0.8570,11.4819,0.6114,-1.8055,-25.2081,0.9241,-19.0496,1.0208,-18.9276,-3.6947,-24.3485,-26.7100,-43.0708,2.7296,6.1585,2.8263,6.2805,-1.8891,0.8596,22,0.2200,22,0,1.0000,0.0000,0.0000,2.5568,15.6336,0.6779,2.0590,5.6356,0.0000
2.3300,UKF,jink,0.500,10.00,0.150,1,0.600,1,6.5215,9.5004,2.9790,2.6182,0.3807,0.1092,0.0222,6.0000,7.2863,0.8546,12.2175,0.6133,-1.8747,-25.6434,0.9241,-19.0496,1.0208,-18.9276,-3.8937,-24.7326,-26.5866,-43.5820,2.7988,6.5938,2.8955,6.7157,-2.0190,0.9107,22,0.2300,22,0,1.0000,0.0000,0.0000,2.5303,15.4467,0.8418,2.1265,5.6105,0.0000
2.3400,UKF,jink,0.500,10.00,0.150,1,0.600,1,6.4391,9.4938,3.0547,2.6607,0.3807,0.1092,0.0209,6.0000,7.2863,0.8523,13.2533,0.6149,-1.9363,-26.0906,0.9241,-19.0496,1.0208,-18.9276,-4.0856,-25.0212,-26.2987,-43.6603,2.8604,7.0410,2.9571,7.1630,-2.1492,1.0694,22,0.2400,22,0,1.0000,0.0000,0.0000,2.5044,15.2202,0.9443,2.1937,5.5846,0.0000
2.3500,UKF,jink,0.500,10.00,0.150,1,0.600,1,6.3593,8.7683,2.4090,2.1495,0.3796,0.1137,0.0186,6.0000,6.3158,1.5876,10.7294,0.6161,-1.9899,-26.5461,-0.5587,-21.2538,-0.5962,-20.9835,-3.0872,-25.0499,-23.7195,-48.1254,1.4313,5.2923,1.3938,5.5625,-1.0973,1.4962,23,0.1500,23,0,1.0000,0.0000,0.0000,2.4782,14.9799,1.0081,2.2605,5.5579,0.0000
2.3600,UKF,jink,0.500,10.00,0.150,1,0.600,1,6.2821,8.7348,2.4527,2.1852,0.3796,0.1137,0.0174,6.0000,6.3158,1.5868,12.1148,0.6170,-2.0349,-27.0076,-0.5587,-21.2538,-0.5962,-20.9835,-3.2418,-25.2977,-23.3592,-47.8791,1.4763,5.7538,1.4388,6.0240,-1.2069,1.7099,23,0.1600,23,0,1.0000,0.0000,0.0000,2.4516,14.7348,1.0497,2.3271,5.5304,0.0000
2.3700,UKF,jink,0.500,10.00,0.150,1,0.600,1,6.2073,8.7055,2.4982,2.2218,0.3796,0.1137,0.0163,6.0000,6.3158,1.5862,13.6498,0.6177,-2.0709,-27.4737,-0.5587,-21.2538,-0.5962,-20.9835,-3.3917,-25.5235,-22.9673,-47.5466,1.5123,6.2198,1.4748,6.4901,-1.3207,1.9502,23,0.1700,23,0,1.0000,0.0000,0.0000,2.4247,14.4878,1.0775,2.3933,5.5020,0.0000
2.3800,UKF,jink,0.500,10.00,0.150,1,0.600,1,6.1349,8.6805,2.5456,2.2595,0.3796,0.1137,0.0153,6.0000,6.3158,1.5860,15.3197,0.6180,-2.0974,-27.9432,-0.5587,-21.2538,-0.5962,-20.9835,-3.5363,-25.7295,-22.5500,-47.1515,1.5388,6.6894,1.5013,6.9597,-1.4389,2.2137,23,0.1800,23,0,1.0000,0.0000,0.0000,2.3973,14.2400,1.0960,2.4591,5.4729,0.0000
2.3900,UKF,jink,0.500,10.00,0.150,1,0.600,1,6.0648,8.6597,2.5948,2.2980,0.3796,0.1137,0.0144,6.0000,6.3158,1.5860,17.1158,0.6180,-2.1139,-28.4153,-0.5587,-21.2538,-0.5962,-20.9835,-3.6752,-25.9169,-22.1115,-46.7072,1.5552,7.1614,1.5177,7.4317,-1.5613,2.4984,23,0.1900,23,0,1.0000,0.0000,0.0000,2.3694,13.9918,1.1077,2.5246,5.4430,0.0000
2.4000,UKF,jink,0.500,10.00,0.150,1,0.600,1,5.9971,8.6431,2.6460,2.3376,0.3796,0.1137,0.0135,6.0000,6.3158,1.5864,19.0323,0.6179,-2.1197,-28.8890,-0.5587,-21.2538,-0.5962,-20.9835,-3.8079,-26.0859,-21.6545,-46.2222,1.5611,7.6352,1.5236,7.9054,-1.6882,2.8031,23,0.2000,23,0,1.0000,0.0000,0.0000,2.3411,13.7435,1.1144,2.5897,5.4123,0.0000
2.4100,UKF,jink,0.500,10.00,0.150,1,0.600,1,5.9317,8.6307,2.6990,2.3780,0.3796,0.1137,0.0127,6.0000,6.3158,1.5870,21.0652,0.6174,-2.1145,-29.3636,-0.5587,-21.2538,-0.5962,-20.9835,-3.9340,-26.2369,-21.1817,-45.7023,1.5558,8.1098,1.5184,8.3801,-1.8195,3.1268,23,0.2100,23,0,1.0000,0.0000,0.0000,2.3122,13.4952,1.1171,2.6545,5.3809,0.0000
2.4200,UKF,jink,0.500,10.00,0.150,1,0.600,1,5.8685,8.6225,2.7540,2.4193,0.3796,0.1137,0.0120,6.0000,6.3158,1.5878,23.2110,0.6167,-2.0977,-29.8385,-0.5587,-21.2538,-0.5962,-20.9835,-4.0530,-26.3698,-20.6950,-45.1519,1.5390,8.5847,1.5015,8.8549,-1.9553,3.4687,23,0.2200,23,0,1.0000,0.0000,0.0000,2.2827,13.2470,1.1165,2.7189,5.3486,0.0000
2.4300,UKF,jink,0.500,10.00,0.150,1,0.600,1,5.8076,8.6185,2.8109,2.4616,0.3796,0.1137,0.0113,6.0000,6.3158,1.5889,25.4669,0.6158,-2.0686,-30.3128,-0.5587,-21.2538,-0.5962,-20.9835,-4.1643,-26.4845,-20.1960,-44.5743,1.5100,9.0590,1.4725,9.3293,-2.0957,3.8283,23,0.2300,23,0,1.0000,0.0000,0.0000,2.2526,12.9988,1.1132,2.7829,5.3156,0.0000
2.4400,UKF,jink,0.500,10.00,0.150,1,0.600,1,5.7488,8.6186,2.8698,2.5047,0.3796,0.1137,0.0107,6.0000,6.3158,1.5903,27.8302,0.6146,-2.0268,-30.7859,-0.5587,-21.2538,-0.5962,-20.9835,-4.2675,-26.5810,-19.6866,-43.9723,1.4682,9.5321,1.4307,9.8024,-2.2407,4.2049,23,0.2400,23,0,1.0000,0.0000,0.0000,2.2218,12.7508,1.1075,2.8464,5.2818,0.0000
2.4500,UKF,jink,0.500,10.00,0.150,1,0.600,1,5.6922,7.0463,1.3541,1.9018,0.3734,0.1218,0.0039,6.0000,4.2122,1.8348,10.8566,0.6133,-1.9717,-31.2571,-1.6468,-24.3948,-1.9580,-24.4984,-3.3823,-29.9093,-25.0373,-63.7452,0.3249,6.8623,0.0137,6.7587,-1.4106,1.3478,24,0.1500,24,0,1.0000,0.0000,0.0000,2.1903,12.5029,1.0997,2.9096,5.2473,0.0000
2.4600,UKF,jink,0.500,10.00,0.150,1,0.600,1,5.6377,7.0135,1.3758,1.9356,0.3734,0.1218,0.0033,6.0000,4.2122,1.8370,12.2365,0.6117,-1.9027,-31.7257,-1.6468,-24.3948,-1.9580,-24.4984,-3.4552,-30.1740,-23.8678,-63.0467,0.2559,7.3309,-0.0553,7.2273,-1.5525,1.5516,24,0.1600,24,0,1.0000,0.0000,0.0000,2.1580,12.2552,1.0902,2.9724,5.2120,0.0000
2.4700,UKF,jink,0.500,10.00,0.150,1,0.600,1,5.5854,6.9849,1.3996,1.9704,0.3734,0.1218,0.0029,6.0000,4.2122,1.8384,13.7182,0.6100,-1.8194,-32.1910,-1.6468,-24.3948,-1.9580,-24.4984,-3.5188,-30.4177,-22.6935,-62.3001,0.1726,7.7962,-0.1386,7.6926,-1.6994,1.7733,24,0.1700,24,0,1.0000,0.0000,0.0000,2.1250,12.0076,1.0791,3.0347,5.1760,0.0000
2.4800,UKF,jink,0.500,10.00,0.150,1,0.600,1,5.5350,6.9604,1.4254,2.0063,0.3734,0.1218,0.0022,6.0000,4.2122,1.8339,15.2999,0.6086,-1.7224,-32.6523,-1.6468,-24.3948,-1.9580,-24.4984,-3.5727,-30.6396,-21.5210,-61.5069,0.0755,8.2575,-0.2356,8.1539,-1.8503,2.0127,24,0.1800,24,0,1.0000,0.0000,0.0000,2.0911,11.7602,1.0667,3.0966,5.1392,0.0000
2.4900,UKF,jink,0.500,10.00,0.150,1,0.600,1,5.4867,6.9399,1.4531,2.0432,0.3734,0.1218,0.0017,6.0000,4.2122,1.8294,16.9868,0.6070,-1.6097,-33.1090,-1.6468,-24.3948,-1.9580,-24.4984,-3.6162,-30.8390,-20.3560,-60.6690,-0.0371,8.7142,-0.3483,8.6106,-2.0064,2.2700,24,0.1900,24,0,1.0000,0.0000,0.0000,2.0564,11.5130,1.0529,3.1580,5.1016,0.0000
2.5000,UKF,jink,0.500,10.00,0.150,1,0.600,1,5.4404,6.9233,1.4829,2.0811,0.3734,0.1218,0.0011,6.0000,4.2122,1.8250,18.7797,0.6051,-1.4810,-33.5603,-1.6468,-24.3948,-1.9580,-24.4984,-3.6486,-31.0153,-19.2035,-59.7883,-0.1659,9.1655,-0.4771,9.0619,-2.1677,2.5450,24,0.2000,24,0,1.0000,0.0000,0.0000,2.0208,11.2660,1.0380,3.2190,5.0634,0.0000
2.5100,UKF,jink,0.500,10.00,0.150,1,0.600,1,5.3961,6.9107,1.5146,2.1201,0.3734,0.1218,0.0007,6.0000,4.2122,1.8205,20.6788,0.6029,-1.3355,-34.0056,-1.6468,-24.3948,-1.9580,-24.4984,-3.6696,-31.1681,-18.0677,-58.8672,-0.3114,9.6108,-0.6225,9.5073,-2.3341,2.8376,24,0.2100,24,0,1.0000,0.0000,0.0000,1.9843,11.0192,1.0220,3.2796,5.0244,0.0000
2.5200,UKF,jink,0.500,10.00,0.150,1,0.600,1,5.3538,6.9020,1.5482,2.1600,0.3734,0.1218,0.0002,6.0000,4.2122,1.8160,22.6835,0.6005,-1.1728,-34.4442,-1.6468,-24.3948,-1.9580,-24.4984,-3.6786,-31.2967,-16.9518,-57.9080,-0.4741,10.0494,-0.7852,9.9458,-2.5058,3.1475,24,0.2200,24,0,1.0000,0.0000,0.0000,1.9468,10.7726,1.0050,3.3396,4.9847,0.0000
2.5300,UKF,jink,0.500,10.00,0.150,1,0.600,1,5.3133,6.8971,1.5838,2.2009,0.3734,0.1218,0.0002,6.0000,4.2122,1.8128,24.7938,0.5980,-0.9921,-34.8753,-1.6468,-24.3948,-1.9580,-24.4984,-3.6750,-31.4010,-15.8586,-56.9133,-0.6548,10.4805,-0.9659,10.3770,-2.6829,3.4743,24,0.2300,24,0,1.0000,0.0000,0.0000,1.9084,10.5262,0.9872,3.3992,4.9442,0.0000
2.5400,UKF,jink,0.500,10.00,0.150,1,0.600,1,5.2747,6.8961,1.6213,2.2427,0.3734,0.1218,0.0007,6.0000,4.2122,1.8140,27.0103,0.5949,-0.7921,-35.2983,-1.6468,-24.3948,-1.9580,-24.4984,-3.6585,-31.4806,-14.7901,-55.8859,-0.8547,10.9035,-1.1659,10.7999,-2.8664,3.8177,24,0.2400,24,0,1.0000,0.0000,0.0000,1.8689,10.2801,0.9684,3.4583,4.9031,0.0000
2.5500,UKF,jink,0.500,10.00,0.150,1,0.600,1,5.2380,5.7153,0.4772,1.5402,0.3644,0.1368,0.0101,6.0000,3.8155,2.7659,17.8349,0.5917,-0.5735,-35.7124,-2.1197,-28.8890,-2.5506,-29.1614,-2.1251,-33.0233,-3.5035,-67.0046,-1.5462,6.8234,-1.9771,6.5510,-1.5516,2.6891,25,0.1500,25,0,1.0000,0.0000,0.0000,1.8284,10.0342,0.9489,3.5169,4.8612,0.0000
2.5600,UKF,jink,0.500,10.00,0.150,1,0.600,1,5.2032,5.6878,0.4846,1.5740,0.3644,0.1368,0.0106,6.0000,3.8155,2.7660,19.5826,0.5885,-0.3357,-36.1169,-2.1197,-28.8890,-2.5506,-29.1614,-2.0351,-33.1611,-2.0773,-65.4989,-1.7840,7.2279,-2.2149,6.9556,-1.6994,2.9558,25,0.1600,25,0,1.0000,0.0000,0.0000,1.7867,9.7885,0.9286,3.5749,4.8187,0.0000
2.5700,UKF,jink,0.500,10.00,0.150,1,0.600,1,5.1702,5.6642,0.4940,1.6089,0.3644,0.1368,0.0110,6.0000,3.8155,2.7661,21.4461,0.5853,-0.0783,-36.5112,-2.1197,-28.8890,-2.5506,-29.1614,-1.9294,-33.2689,-0.7615,-63.9264,-2.0415,7.6222,-2.4723,7.3498,-1.8512,3.2422,25,0.1700,25,0,1.0000,0.0000,0.0000,1.7439,9.5431,0.9076,3.6325,4.7754,0.0000
2.5800,UKF,jink,0.500,10.00,0.150,1,0.600,1,5.1389,5.6443,0.5054,1.6450,0.3644,0.1368,0.0113,6.0000,3.8155,2.7662,23.4260,0.5820,0.1991,-36.8944,-2.1197,-28.8890,-2.5506,-29.1614,-1.8078,-33.3460,0.4531,-62.2940,-2.3189,8.0054,-2.7497,7.7330,-2.0069,3.5484,25,0.1800,25,0,1.0000,0.0000,0.0000,1.6999,9.2980,0.8859,3.6895,4.7315,0.0000
2.5900,UKF,jink,0.500,10.00,0.150,1,0.600,1,5.1095,5.6282,0.5187,1.6822,0.3644,0.1368,0.0116,6.0000,3.8155,2.7662,25.5226,0.5788,0.4968,-37.2660,-2.1197,-28.8890,-2.5506,-29.1614,-1.6697,-33.3917,1.5759,-60.6091,-2.6166,8.3770,-3.0474,8.1046,-2.1666,3.8742,25,0.1900,25,0,1.0000,0.0000,0.0000,1.6547,9.0531,0.8635,3.7461,4.6869,0.0000
2.6000,UKF,jink,0.500,10.00,0.150,1,0.600,1,5.0817,5.6154,0.5337,1.7206,0.3644,0.1368,0.0119,6.0000,3.8155,2.7661,27.7223,0.5756,0.8151,-37.6253,-2.1197,-28.8890,-2.5506,-29.1614,-1.5163,-33.4087,2.6080,-58.9038,-2.9348,8.7364,-3.3657,8.4640,-2.3314,4.2166,25,0.2000,25,0,1.0000,0.0000,0.0000,1.6087,8.8109,0.8407,3.8020,4.6416,0.0000
2.6100,UKF,jink,0.500,10.00,0.150,1,0.600,1,5.0557,5.6057,0.5500,1.7600,0.3644,0.1368,0.0122,6.0000,3.8155,2.7660,30.0175,0.5724,1.1541,-37.9721,-2.1197,-28.8890,-2.5506,-29.1614,-1.3479,-33.3983,3.5584,-57.1943,-3.2739,9.0831,-3.7047,8.8107,-2.5020,4.5738,25,0.2100,25,0,1.0000,0.0000,0.0000,1.5620,8.5723,0.8177,3.8575,4.5957,0.0000
2.6200,UKF,jink,0.500,10.00,0.150,1,0.600,1,5.0313,5.5992,0.5679,1.8005,0.3644,0.1368,0.0124,6.0000,3.8155,2.7659,32.4055,0.5694,1.5140,-38.3058,-2.1197,-28.8890,-2.5506,-29.1614,-1.1646,-33.3608,4.4380,-55.4861,-3.6337,9.4168,-4.0646,9.1444,-2.6786,4.9450,25,0.2200,25,0,1.0000,0.0000,0.0000,1.5146,8.3372,0.7944,3.9123,4.5490,0.0000
2.6300,UKF,jink,0.500,10.00,0.150,1,0.600,1,5.0085,5.5956,0.5871,1.8419,0.3644,0.1368,0.0126,6.0000,3.8155,2.7658,34.8828,0.5663,1.8949,-38.6260,-2.1197,-28.8890,-2.5506,-29.1614,-0.9666,-33.2965,5.2560,-53.7848,-4.0146,9.7370,-4.4455,9.4647,-2.8615,5.3295,25,0.2300,25,0,1.0000,0.0000,0.0000,1.4665,8.1054,0.7708,3.9666,4.5018,0.0000
2.6400,UKF,jink,0.500,10.00,0.150,1,0.600,1,4.9873,5.5950,0.6077,1.8844,0.3644,0.1368,0.0128,6.0000,3.8155,2.7655,37.4461,0.5633,2.2967,-38.9324,-2.1197,-28.8890,-2.5506,-29.1614,-0.7541,-33.2059,6.0205,-52.0954,-4.4164,10.0435,-4.8473,9.7711,-3.0508,5.7265,25,0.2400,25,0,1.0000,0.0000,0.0000,1.4176,7.8771,0.7471,4.0204,4.4538,0.0000
2.6500,UKF,jink,0.500,10.00,0.150,1,0.600,1,4.9677,5.0047,0.0370,1.2722,0.3576,0.1556,0.0198,6.0000,3.5908,3.0511,7.4276,0.5605,2.7195,-39.2246,-1.4810,-33.5603,-1.8866,-33.9480,1.4868,-38.4379,36.1282,-65.9057,-4.2005,5.6643,-4.6061,5.2766,-1.2327,0.7867,26,0.1500,26,0,1.0000,0.0000,0.0000,1.3680,7.6520,0.7231,4.0735,4.4053,0.0000
2.6600,UKF,jink,0.500,10.00,0.150,1,0.600,1,4.9495,4.9882,0.0387,1.3068,0.3576,0.1556,0.0199,6.0000,3.5908,3.0501,8.4060,0.5577,3.1632,-39.5023,-1.4810,-33.5603,-1.8866,-33.9480,1.8294,-38.5535,35.5686,-64.2942,-4.6442,5.9420,-5.0498,5.5543,-1.3338,0.9487,26,0.1600,26,0,1.0000,0.0000,0.0000,1.3176,7.4301,0.6990,4.1261,4.3561,0.0000
2.6700,UKF,jink,0.500,10.00,0.150,1,0.600,1,4.9328,4.9745,0.0417,1.3426,0.3576,0.1556,0.0200,6.0000,3.5908,3.0491,9.4909,0.5551,3.6277,-39.7650,-1.4810,-33.5603,-1.8866,-33.9480,2.1901,-38.6360,35.0768,-62.6649,-5.1086,6.2047,-5.5143,5.8170,-1.4375,1.1290,26,0.1700,26,0,1.0000,0.0000,0.0000,1.2664,7.2114,0.6748,4.1781,4.3063,0.0000
2.6800,UKF,jink,0.500,10.00,0.150,1,0.600,1,4.9176,4.9637,0.0461,1.3797,0.3576,0.1556,0.0201,6.0000,3.5908,3.0481,10.6841,0.5525,4.1128,-40.0125,-1.4810,-33.5603,-1.8866,-33.9480,2.5684,-38.6853,34.6449,-61.0229,-5.5937,6.4522,-5.9994,6.0645,-1.5443,1.3272,26,0.1800,26,0,1.0000,0.0000,0.0000,1.2144,6.9958,0.6504,4.2294,4.2558,0.0000
2.6900,UKF,jink,0.500,10.00,0.150,1,0.600,1,4.9039,4.9557,0.0518,1.4178,0.3576,0.1556,0.0202,6.0000,3.5908,3.0471,11.9862,0.5501,4.6182,-40.2444,-1.4810,-33.5603,-1.8866,-33.9480,2.9638,-38.7016,34.2665,-59.3728,-6.0991,6.6841,-6.5048,6.2965,-1.6544,1.5429,26,0.1900,26,0,1.0000,0.0000,0.0000,1.1616,6.7833,0.6258,4.2802,4.2047,0.0000
2.7000,UKF,jink,0.500,10.00,0.150,1,0.600,1,4.8915,4.9504,0.0589,1.4571,0.3576,0.1556,0.0203,6.0000,3.5908,3.0462,13.3965,0.5478,5.1436,-40.4606,-1.4810,-33.5603,-1.8866,-33.9480,3.3756,-38.6851,33.9359,-57.7195,-6.6246,6.9002,-7.0302,6.5126,-1.7681,1.7755,26,0.2000,26,0,1.0000,0.0000,0.0000,1.1079,6.5738,0.6012,4.3303,4.1531,0.0000
2.7100,UKF,jink,0.500,10.00,0.150,1,0.600,1,4.8805,4.9478,0.0673,1.4975,0.3576,0.1556,0.0204,6.0000,3.5908,3.0452,14.9131,0.5457,5.6888,-40.6606,-1.4810,-33.5603,-1.8866,-33.9480,3.8031,-38.6360,33.6483,-56.0676,-7.1697,7.1003,-7.5754,6.7126,-1.8857,2.0245,26,0.2100,26,0,1.0000,0.0000,0.0000,1.0533,6.3673,0.5765,4.3799,4.1008,0.0000
2.7200,UKF,jink,0.500,10.00,0.150,1,0.600,1,4.8709,4.9478,0.0769,1.5388,0.3576,0.1556,0.0204,6.0000,3.5908,3.0443,16.5332,0.5437,6.2532,-40.8442,-1.4810,-33.5603,-1.8866,-33.9480,4.2457,-38.5549,33.3996,-54.4214,-7.7342,7.2839,-8.1398,6.8962,-2.0075,2.2892,26,0.2200,26,0,1.0000,0.0000,0.0000,0.9979,6.1637,0.5516,4.4288,4.0480,0.0000
2.7300,UKF,jink,0.500,10.00,0.150,1,0.600,1,4.8627,4.9504,0.0878,1.5812,0.3576,0.1556,0.0205,6.0000,3.5908,3.0434,18.2539,0.5419,6.8364,-41.0112,-1.4810,-33.5603,-1.8866,-33.9480,4.7025,-38.4422,33.1861,-52.7854,-8.3174,7.4509,-8.7231,7.0632,-2.1340,2.5690,26,0.2300,26,0,1.0000,0.0000,0.0000,0.9415,5.9629,0.5267,4.4770,3.9945,0.0000
2.7400,UKF,jink,0.500,10.00,0.150,1,0.600,1,4.8557,4.9557,0.0999,1.6245,0.3576,0.1556,0.0205,6.0000,3.5908,3.0426,20.0712,0.5402,7.4379,-41.1614,-1.4810,-33.5603,-1.8866,-33.9480,5.1727,-38.2984,33.0048,-51.1635,-8.9189,7.6011,-9.3246,7.2134,-2.2653,2.8630,26,0.2400,26,0,1.0000,0.0000,0.0000,0.8843,5.7650,0.5017,4.5246,3.9405,0.0000
2.7500,UKF,jink,0.500,10.00,0.150,1,0.600,1,4.8502,4.4765,-0.3736,1.1047,0.3486,0.1687,0.0295,6.0000,4.1257,0.8630,16.3862,0.5387,8.0572,-41.2946,0.8151,-37.6253,0.6502,-37.6854,6.4864,-38.8357,41.1539,-44.4118,-7.2420,3.6692,-7.4070,3.6092,-1.5708,2.4589,27,0.1500,27,0,1.0000,0.0000,0.0000,0.8261,5.5698,0.4766,4.5716,3.8859,0.0000
2.7600,UKF,jink,0.500,10.00,0.150,1,0.600,1,4.8459,4.4689,-0.3769,1.1393,0.3486,0.1687,0.0296,6.0000,4.1257,0.8628,17.9873,0.5373,8.6934,-41.4106,0.8151,-37.6253,0.6502,-37.6854,7.0280,-38.6905,40.8196,-42.7774,-7.8783,3.7852,-8.0432,3.7252,-1.6654,2.7201,27,0.1600,27,0,1.0000,0.0000,0.0000,0.7670,5.3774,0.4515,4.6179,3.8308,0.0000
2.7700,UKF,jink,0.500,10.00,0.150,1,0.600,1,4.8429,4.4641,-0.3788,1.1751,0.3486,0.1687,0.0296,6.0000,4.1257,0.8626,19.7032,0.5361,9.3461,-41.5093,0.8151,-37.6253,0.6502,-37.6854,7.5838,-38.5090,40.5152,-41.1661,-8.5309,3.8839,-8.6958,3.8238,-1.7623,3.0003,27,0.1700,27,0,1.0000,0.0000,0.0000,0.7069,5.1876,0.4263,4.6635,3.7751,0.0000
2.7800,UKF,jink,0.500,10.00,0.150,1,0.600,1,4.8412,4.4620,-0.3793,1.2119,0.3486,0.1687,0.0296,6.0000,4.1257,0.8624,21.5321,0.5351,10.0143,-41.5905,0.8151,-37.6253,0.6502,-37.6854,8.1525,-38.2915,40.2393,-39.5818,-9.1992,3.9651,-9.3641,3.9051,-1.8618,3.2990,27,0.1800,27,0,1.0000,0.0000,0.0000,0.6458,5.0006,0.4010,4.7085,3.7189,0.0000
2.7900,UKF,jink,0.500,10.00,0.150,1,0.600,1,4.8409,4.4625,-0.3783,1.2498,0.3486,0.1687,0.0296,6.0000,4.1257,0.8621,23.4713,0.5343,10.6974,-41.6542,0.8151,-37.6253,0.6502,-37.6854,8.7329,-38.0389,39.9902,-38.0278,-9.8823,4.0288,-10.0472,3.9687,-1.9645,3.6153,27,0.1900,27,0,1.0000,0.0000,0.0000,0.5838,4.8161,0.3757,4.7528,3.6621,0.0000
2.8000,UKF,jink,0.500,10.00,0.150,1,0.600,1,4.8418,4.4658,-0.3759,1.2885,0.3486,0.1687,0.0296,6.0000,4.1257,0.8618,25.5172,0.5336,11.3945,-41.7002,0.8151,-37.6253,0.6502,-37.6854,9.3237,-37.7518,39.7668,-36.5070,-10.5794,4.0749,-10.7443,4.0148,-2.0708,3.9484,27,0.2000,27,0,1.0000,0.0000,0.0000,0.5208,4.6342,0.3504,4.7964,3.6048,0.0000
2.8100,UKF,jink,0.500,10.00,0.150,1,0.600,1,4.8440,4.4718,-0.3721,1.3282,0.3486,0.1687,0.0296,6.0000,4.1257,0.8615,27.6655,0.5332,12.1048,-41.7286,0.8151,-37.6253,0.6502,-37.6854,9.9238,-37.4312,39.5675,-35.0219,-11.2897,4.1033,-11.4546,4.0432,-2.1810,4.2975,27,0.2100,27,0,1.0000,0.0000,0.0000,0.4568,4.4549,0.3249,4.8393,3.5470,0.0000
2.8200,UKF,jink,0.500,10.00,0.150,1,0.600,1,4.8475,4.4806,-0.3669,1.3687,0.3486,0.1687,0.0295,6.0000,4.1257,0.8612,29.9116,0.5328,12.8274,-41.7394,0.8151,-37.6253,0.6502,-37.6854,10.5319,-37.0781,39.3911,-33.5743,-12.0123,4.1141,-12.1772,4.0540,-2.2955,4.6613,27,0.2200,27,0,1.0000,0.0000,0.0000,0.3918,4.2780,0.2995,4.8815,3.4887,0.0000
2.8300,UKF,jink,0.500,10.00,0.150,1,0.600,1,4.8522,4.4921,-0.3601,1.4099,0.3486,0.1687,0.0295,6.0000,4.1257,0.8609,32.2504,0.5327,13.5613,-41.7325,0.8151,-37.6253,0.6502,-37.6854,11.1466,-36.6935,39.2364,-32.1658,-12.7462,4.1072,-12.9111,4.0471,-2.4146,5.0390,27,0.2300,27,0,1.0000,0.0000,0.0000,0.3258,4.1037,0.2740,4.9230,3.4299,0.0000
2.8400,UKF,jink,0.500,10.00,0.150,1,0.600,1,4.8583,4.5063,-0.3519,1.4519,0.3486,0.1687,0.0295,6.0000,4.1257,0.8606,34.6759,0.5327,14.3056,-41.7081,0.8151,-37.6253,0.6502,-37.6854,11.7669,-36.2787,39.1023,-30.7975,-13.4905,4.0827,-13.6554,4.0227,-2.5387,5.4293,27,0.2400,27,0,1.0000,0.0000,0.0000,0.2588,3.9317,0.2485,4.9638,3.3705,0.0000
2.8500,UKF,jink,0.500,10.00,0.150,1,0.600,1,4.8656,4.2532,-0.6124,0.9894,0.3420,0.1781,0.0360,6.0000,3.9608,1.7667,12.3702,0.5329,15.0593,-41.6661,5.1436,-40.4606,4.7671,-40.5333,13.0475,-40.2645,46.1487,-36.0076,-9.9157,1.2056,-10.2923,1.1328,-2.0118,1.4016,28,0.1500,28,0,1.0000,0.0000,0.0000,0.1908,3.7622,0.2229,5.0039,3.3107,0.0000
2.8600,UKF,jink,0.500,10.00,0.150,1,0.600,1,4.8742,4.2582,-0.6160,1.0226,0.3420,0.1781,0.0360,6.0000,3.9608,1.7664,13.5342,0.5333,15.8215,-41.6067,5.1436,-40.4606,4.7671,-40.5333,13.7422,-39.9833,45.9315,-34.7198,-10.6779,1.1462,-11.0544,1.0734,-2.0793,1.6234,28,0.1600,28,0,1.0000,0.0000,0.0000,0.1218,3.5951,0.1973,5.0433,3.2504,0.0000
2.8700,UKF,jink,0.500,10.00,0.150,1,0.600,1,4.8841,4.2659,-0.6182,1.0569,0.3420,0.1781,0.0360,6.0000,3.9608,1.7661,14.8288,0.5338,16.5911,-41.5301,5.1436,-40.4606,4.7671,-40.5333,14.4429,-39.6656,45.7322,-33.4564,-11.4475,1.0696,-11.8241,0.9968,-2.1482,1.8646,28,0.1700,28,0,1.0000,0.0000,0.0000,0.0517,3.4302,0.1716,5.0819,3.1897,0.0000
2.8800,UKF,jink,0.500,10.00,0.150,1,0.600,1,4.8953,4.2762,-0.6191,1.0920,0.3420,0.1781,0.0359,6.0000,3.9608,1.7658,16.2522,0.5345,17.3673,-41.4364,5.1436,-40.4606,4.7671,-40.5333,15.1482,-39.3123,45.5503,-32.2192,-12.2236,0.9759,-12.6002,0.9031,-2.2191,2.1241,28,0.1800,28,0,1.0000,0.0000,0.0000,-0.0194,3.2677,0.1459,5.1198,3.1285,0.0000
2.8900,UKF,jink,0.500,10.00,0.150,1,0.600,1,4.9078,4.2892,-0.6186,1.1281,0.3420,0.1781,0.0359,6.0000,3.9608,1.7654,17.8006,0.5353,18.1488,-41.3258,5.1436,-40.4606,4.7671,-40.5333,15.8564,-38.9246,45.3854,-31.0092,-13.0052,0.8653,-13.3818,0.7925,-2.2925,2.4012,28,0.1900,28,0,1.0000,0.0000,0.0000,-0.0916,3.1074,0.1202,5.1570,3.0668,0.0000
2.9000,UKF,jink,0.500,10.00,0.150,1,0.600,1,4.9216,4.3049,-0.6168,1.1649,0.3420,0.1781,0.0358,6.0000,3.9608,1.7651,19.4686,0.5363,18.9349,-41.1986,5.1436,-40.4606,4.7671,-40.5333,16.5661,-38.5039,45.2369,-29.8277,-13.7913,0.7381,-14.1678,0.6653,-2.3688,2.6948,28,0.2000,28,0,1.0000,0.0000,0.0000,-0.1647,2.9494,0.0944,5.1934,3.0047,0.0000
2.9100,UKF,jink,0.500,10.00,0.150,1,0.600,1,4.9368,4.3233,-0.6135,1.2026,0.3420,0.1781,0.0358,6.0000,3.9608,1.7648,21.2498,0.5374,19.7245,-41.0550,5.1436,-40.4606,4.7671,-40.5333,17.2758,-38.0514,45.1044,-28.6753,-14.5809,0.5945,-14.9574,0.5217,-2.4486,3.0036,28,0.2100,28,0,1.0000,0.0000,0.0000,-0.2390,2.7936,0.0685,5.2291,2.9422,0.0000
2.9200,UKF,jink,0.500,10.00,0.150,1,0.600,1,4.9532,4.3445,-0.6087,1.2409,0.3420,0.1781,0.0357,6.0000,3.9608,1.7645,23.1368,0.5386,20.5166,-40.8954,5.1436,-40.4606,4.7671,-40.5333,17.9844,-37.5687,44.9872,-27.5525,-15.3730,0.4348,-15.7496,0.3620,-2.5322,3.3266,28,0.2200,28,0,1.0000,0.0000,0.0000,-0.3142,2.6399,0.0426,5.2640,2.8792,0.0000
2.9300,UKF,jink,0.500,10.00,0.150,1,0.600,1,4.9710,4.3684,-0.6025,1.2799,0.3420,0.1781,0.0357,6.0000,3.9608,1.7643,25.1216,0.5400,21.3104,-40.7199,5.1436,-40.4606,4.7671,-40.5333,18.6906,-37.0573,44.8848,-26.4599,-16.1667,0.2593,-16.5433,0.1866,-2.6198,3.6626,28,0.2300,28,0,1.0000,0.0000,0.0000,-0.3905,2.4884,0.0166,5.2982,2.8158,0.0000
2.9400,UKF,jink,0.500,10.00,0.150,1,0.600,1,4.9901,4.3952,-0.5949,1.3194,0.3420,0.1781,0.0356,6.0000,3.9608,1.7641,27.1960,0.5414,22.1048,-40.5290,5.1436,-40.4606,4.7671,-40.5333,19.3932,-36.5188,44.7968,-25.3975,-16.9612,0.0685,-17.3378,-0.0043,-2.7116,4.0102,28,0.2400,28,0,1.0000,0.0000,0.0000,-0.4679,2.3390,-0.0094,5.3316,2.7521,0.0000
2.9500,UKF,jink,0.500,10.00,0.150,1,0.600,1,5.0105,4.3384,-0.6721,0.9341,0.3339,0.1827,0.0437,6.0000,4.5477,0.5838,9.4628,0.5429,22.8991,-40.3231,11.3945,-41.7002,11.4752,-41.7746,22.5530,-38.7644,50.2742,-26.5426,-11.5046,-1.3771,-11.4239,-1.4515,-0.3461,1.5587,29,0.1500,29,0,1.0000,0.0000,0.0000,-0.5463,2.1916,-0.0355,5.3643,2.6879,0.0000
2.9600,UKF,jink,0.500,10.00,0.150,1,0.600,1,5.0324,4.3638,-0.6685,0.9648,0.3339,0.1827,0.0436,6.0000,4.5477,0.5854,10.9190,0.5446,23.6923,-40.1025,11.3945,-41.7002,11.4752,-41.7746,23.3286,-38.2999,50.1698,-25.6552,-12.2978,-1.5977,-12.2171,-1.6721,-0.3637,1.8026,29,0.1600,29,0,1.0000,0.0000,0.0000,-0.6258,2.0463,-0.0617,5.3961,2.6233,0.0000
2.9700,UKF,jink,0.500,10.00,0.150,1,0.600,1,5.0555,4.3921,-0.6634,0.9963,0.3339,0.1827,0.0435,6.0000,4.5477,0.5870,12.4736,0.5463,24.4837,-39.8677,11.3945,-41.7002,11.4752,-41.7746,24.0947,-37.8058,50.0742,-24.7862,-13.0892,-1.8325,-13.0085,-1.9069,-0.3890,2.0619,29,0.1700,29,0,1.0000,0.0000,0.0000,-0.7063,1.9030,-0.0880,5.4272,2.5584,0.0000
2.9800,UKF,jink,0.500,10.00,0.150,1,0.600,1,5.0801,4.4232,-0.6568,1.0287,0.3339,0.1827,0.0435,6.0000,4.5477,0.5887,14.1181,0.5481,25.2725,-39.6191,11.3945,-41.7002,11.4752,-41.7746,24.8503,-37.2839,49.9876,-23.9359,-13.8780,-2.0811,-13.7973,-2.1556,-0.4222,2.3352,29,0.1800,29,0,1.0000,0.0000,0.0000,-0.7878,1.7617,-0.1144,5.4575,2.4931,0.0000
2.9900,UKF,jink,0.500,10.00,0.150,1,0.600,1,5.1060,4.4573,-0.6487,1.0618,0.3339,0.1827,0.0434,6.0000,4.5477,0.5903,15.8444,0.5499,26.0579,-39.3571,11.3945,-41.7002,11.4752,-41.7746,25.5944,-36.7359,49.9098,-23.1044,-14.6633,-2.3431,-14.5826,-2.4175,-0.4635,2.6212,29,0.1900,29,0,1.0000,0.0000,0.0000,-0.8705,1.6223,-0.1408,5.4870,2.4274,0.0000
3.0000,UKF,jink,0.500,10.00,0.150,1,0.600,1,5.1333,4.4943,-0.6390,1.0956,0.3339,0.1827,0.0434,6.0000,4.5477,0.5920,17.6445,0.5518,26.8392,-39.0823,11.3945,-41.7002,11.4752,-41.7746,26.3263,-36.1638,49.8409,-22.2918,-15.4446,-2.6179,-15.3640,-2.6923,-0.5129,2.9185,29,0.2000,29,0,1.0000,0.0000,0.0000,-0.9542,1.4848,-0.1674,5.5158,2.3614,0.0000
3.0100,UKF,jink,0.500,10.00,0.150,1,0.600,1,5.1620,4.5343,-0.6277,1.1301,0.3339,0.1827,0.0433,6.0000,4.5477,0.5937,19.5106,0.5536,27.6157,-38.7951,11.3945,-41.7002,11.4752,-41.7746,27.0453,-35.5694,49.7806,-21.4980,-16.2212,-2.9051,-16.1405,-2.9795,-0.5705,3.2258,29,0.2100,29,0,1.0000,0.0000,0.0000,-1.0389,1.3492,-0.1941,5.5437,2.2950,0.0000
3.0200,UKF,jink,0.500,10.00,0.150,1,0.600,1,5.1929,4.5774,-0.6155,1.1652,0.3339,0.1827,0.0424,6.0000,4.5477,0.6014,21.3910,0.5572,28.3693,-38.4896,11.3945,-41.7002,11.4752,-41.7746,27.7477,-34.9537,49.7221,-20.7220,-16.9748,-3.2106,-16.8941,-3.2851,-0.6216,3.5359,29,0.2200,29,0,1.0000,0.0000,0.0000,-1.1240,1.2148,-0.2212,5.5158,2.3614,0.0000
3.0300,UKF,jink,0.500,10.00,0.150,1,0.600,1,5.2258,4.6235,-0.6023,1.2008,0.3339,0.1827,0.0412,6.0000,4.5477,0.6091,23.2837,0.5611,29.1010,-38.1668,11.3945,-41.7002,11.4752,-41.7746,28.4329,-34.3186,49.6654,-19.9635,-17.7065,-3.5334,-17.6258,-3.6078,-0.6681,3.8483,29,0.2300,29,0,1.0000,0.0000,0.0000,-1.2094,1.0817,-0.2487,5.4870,2.4274,0.0000
3.0400,UKF,jink,0.500,10.00,0.150,1,0.600,1,5.2608,4.6727,-0.5881,1.2371,0.3339,0.1827,0.0398,6.0000,4.5477,0.6167,25.1851,0.5653,29.8102,-37.8280,11.3945,-41.7002,11.4752,-41.7746,29.1002,-33.6657,49.6103,-19.2218,-18.4157,-3.8723,-18.3350,-3.9467,-0.7100,4.1623,29,0.2400,29,0,1.0000,0.0000,0.0000,-1.2950,0.9497,-0.2766,5.4575,2.4931,0.0000
3.0500,UKF,jink,0.500,10.00,0.150,1,0.600,1,5.2979,4.6197,-0.6782,0.9590,0.3271,0.1859,0.0455,6.0000,4.4875,0.4529,7.4900,0.5683,30.4994,-37.4740,18.9349,-41.1986,18.9927,-41.2525,29.6517,-36.4213,50.1744,-22.8923,-11.5645,-3.7247,-11.5067,-3.7785,-0.8478,1.0526,30,0.1500,30,0,1.0000,0.0000,0.0000,-1.3810,0.8187,-0.3050,5.4272,2.5584,0.0000
3.0600,UKF,jink,0.500,10.00,0.150,1,0.600,1,5.3370,4.6640,-0.6730,0.9894,0.3271,0.1859,0.0442,6.0000,4.4875,0.4496,8.4325,0.5705,31.1660,-37.1060,18.9349,-41.1986,18.9927,-41.2525,30.3074,-35.8773,50.1430,-22.1983,-12.2311,-4.0926,-12.1733,-4.1465,-0.8586,1.2286,30,0.1600,30,0,1.0000,0.0000,0.0000,-1.4673,0.6888,-0.3339,5.3961,2.6233,0.0000
3.0700,UKF,jink,0.500,10.00,0.150,1,0.600,1,5.3782,4.7112,-0.6670,1.0207,0.3271,0.1859,0.0430,6.0000,4.4875,0.4506,9.4258,0.5732,31.8076,-36.7250,18.9349,-41.1986,18.9927,-41.2525,30.9460,-35.3124,50.1105,-21.5142,-12.8727,-4.4736,-12.8148,-4.5275,-0.8616,1.4126,30,0.1700,30,0,1.0000,0.0000,0.0000,-1.5539,0.5597,-0.3634,5.3643,2.6879,0.0000
3.0800,UKF,jink,0.500,10.00,0.150,1,0.600,1,5.4213,4.7612,-0.6601,1.0527,0.3271,0.1859,0.0418,6.0000,4.4875,0.4570,10.4672,0.5765,32.4238,-36.3319,18.9349,-41.1986,18.9927,-41.2525,31.5668,-34.7278,50.0769,-20.8399,-13.4889,-4.8667,-13.4310,-4.9206,-0.8569,1.6041,30,0.1800,30,0,1.0000,0.0000,0.0000,-1.6409,0.4315,-0.3937,5.3316,2.7521,0.0000
3.0900,UKF,jink,0.500,10.00,0.150,1,0.600,1,5.4665,4.8142,-0.6524,1.0854,0.3271,0.1859,0.0406,6.0000,4.4875,0.4632,11.5582,0.5798,33.0165,-35.9277,18.9349,-41.1986,18.9927,-41.2525,32.1696,-34.1252,50.0424,-20.1749,-14.0816,-5.2709,-14.0237,-5.3248,-0.8468,1.8025,30,0.1900,30,0,1.0000,0.0000,0.0000,-1.7281,0.3042,-0.4246,5.2982,2.8158,0.0000
3.1000,UKF,jink,0.500,10.00,0.150,1,0.600,1,5.5137,4.8701,-0.6436,1.1189,0.3271,0.1859,0.0391,6.0000,4.4875,0.4691,12.6958,0.5833,33.5858,-35.5132,18.9349,-41.1986,18.9927,-41.2525,32.7541,-33.5058,50.0070,-19.5189,-14.6509,-5.6854,-14.5931,-5.7392,-0.8317,2.0074,30,0.2000,30,0,1.0000,0.0000,0.0000,-1.8156,0.1776,-0.4564,5.2640,2.8792,0.0000
3.1100,UKF,jink,0.500,10.00,0.150,1,0.600,1,5.5628,4.9289,-0.6339,1.1530,0.3271,0.1859,0.0375,6.0000,4.4875,0.4747,13.8774,0.5866,34.1319,-35.0895,18.9349,-41.1986,18.9927,-41.2525,33.3199,-32.8710,49.9708,-18.8714,-15.1970,-6.1092,-15.1391,-6.1630,-0.8120,2.2185,30,0.2100,30,0,1.0000,0.0000,0.0000,-1.9034,0.0517,-0.4891,5.2291,2.9422,0.0000
3.1200,UKF,jink,0.500,10.00,0.150,1,0.600,1,5.6139,4.9907,-0.6232,1.1877,0.3271,0.1859,0.0358,6.0000,4.4875,0.4801,15.1005,0.5899,34.6550,-34.6572,18.9349,-41.1986,18.9927,-41.2525,33.8670,-32.2220,49.9337,-18.2318,-15.7201,-6.5414,-15.6622,-6.5952,-0.7880,2.4352,30,0.2200,30,0,1.0000,0.0000,0.0000,-1.9915,-0.0736,-0.5229,5.1934,3.0047,0.0000
3.1300,UKF,jink,0.500,10.00,0.150,1,0.600,1,5.6669,5.0555,-0.6114,1.2231,0.3271,0.1859,0.0340,6.0000,4.4875,0.4851,16.3629,0.5931,35.1553,-34.2174,18.9349,-41.1986,18.9927,-41.2525,34.3954,-31.5599,49.8959,-17.5994,-16.2204,-6.9812,-16.1626,-7.0351,-0.7599,2.6574,30,0.2300,30,0,1.0000,0.0000,0.0000,-2.0798,-0.1982,-0.5579,5.1570,3.0668,0.0000
3.1400,UKF,jink,0.500,10.00,0.150,1,0.600,1,5.7219,5.1233,-0.5985,1.2590,0.3271,0.1859,0.0320,6.0000,4.4875,0.4898,17.6631,0.5962,35.6333,-33.7707,18.9349,-41.1986,18.9927,-41.2525,34.9051,-30.8858,49.8573,-16.9733,-16.6984,-7.4280,-16.6406,-7.4818,-0.7282,2.8849,30,0.2400,30,0,1.0000,0.0000,0.0000,-2.1684,-0.3223,-0.5942,5.1198,3.1285,0.0000
3.1500,UKF,jink,0.500,10.00,0.150,1,0.600,1,5.7787,4.8871,-0.8916,1.0319,0.3247,0.1876,0.0323,6.0000,4.2947,0.5428,7.2950,0.5990,36.0894,-33.3178,26.8392,-39.0823,26.9098,-39.0102,36.2669,-32.1078,52.0024,-16.7450,-9.2502,-5.7645,-9.1796,-5.6924,0.1775,1.2100,31,0.1500,31,0,1.0000,0.0000,0.0000,-2.2572,-0.4457,-0.6320,5.0819,3.1897,0.0000
3.1600,UKF,jink,0.500,10.00,0.150,1,0.600,1,5.8374,4.9448,-0.8926,1.0619,0.3247,0.1876,0.0301,6.0000,4.2947,0.5437,8.3923,0.6017,36.5239,-32.8595,26.8392,-39.0823,26.9098,-39.0102,36.7855,-31.4745,51.9603,-16.1388,-9.6847,-6.2229,-9.6141,-6.1508,0.2616,1.3849,31,0.1600,31,0,1.0000,0.0000,0.0000,-2.3462,-0.5686,-0.6717,5.0433,3.2504,0.0000
3.1700,UKF,jink,0.500,10.00,0.150,1,0.600,1,5.8980,5.0054,-0.8926,1.0926,0.3247,0.1876,0.0279,6.0000,4.2947,0.5445,9.5666,0.6041,36.9374,-32.3963,26.8392,-39.0823,26.9098,-39.0102,37.2853,-30.8253,51.9162,-15.5337,-10.0982,-6.6861,-10.0276,-6.6140,0.3479,1.5710,31,0.1700,31,0,1.0000,0.0000,0.0000,-2.4353,-0.6909,-0.7134,5.0039,3.3107,0.0000
3.1800,UKF,jink,0.500,10.00,0.150,1,0.600,1,5.9604,5.0687,-0.8917,1.1240,0.3247,0.1876,0.0255,6.0000,4.2947,0.5452,10.8153,0.6063,37.3303,-31.9288,26.8392,-39.0823,26.9098,-39.0102,37.7664,-30.1606,51.8704,-14.9281,-10.4911,-7.1535,-10.4205,-7.0814,0.4362,1.7682,31,0.1800,31,0,1.0000,0.0000,0.0000,-2.5244,-0.8126,-0.7576,4.9638,3.3705,0.0000
3.1900,UKF,jink,0.500,10.00,0.150,1,0.600,1,6.0245,5.1347,-0.8899,1.1561,0.3247,0.1876,0.0231,6.0000,4.2947,0.5459,12.1295,0.6082,37.7031,-31.4576,26.8392,-39.0823,26.9098,-39.0102,38.2288,-29.4823,51.8239,-14.3222,-10.8640,-7.6247,-10.7933,-7.5526,0.5257,1.9753,31,0.1900,31,0,1.0000,0.0000,0.0000,-2.6129,-0.9329,-0.8046,4.9230,3.4299,0.0000
3.2000,UKF,jink,0.500,10.00,0.150,1,0.600,1,6.0905,5.2030,-0.8875,1.1888,0.3247,0.1876,0.0206,6.0000,4.2947,0.5465,13.5010,0.6098,38.0564,-30.9832,26.8392,-39.0823,26.9098,-39.0102,38.6725,-28.7918,51.7779,-13.7160,-11.2173,-8.0991,-11.1467,-8.0270,0.6161,2.1914,31,0.2000,31,0,1.0000,0.0000,0.0000,-2.6999,-1.0510,-0.8545,4.8815,3.4887,0.0000
3.2100,UKF,jink,0.500,10.00,0.150,1,0.600,1,6.1581,5.2735,-0.8847,1.2222,0.3247,0.1876,0.0180,6.0000,4.2947,0.5470,14.9331,0.6112,38.3908,-30.5061,26.8392,-39.0823,26.9098,-39.0102,39.0979,-28.0890,51.7325,-13.1057,-11.5516,-8.5762,-11.4810,-8.5041,0.7071,2.4171,31,0.2100,31,0,1.0000,0.0000,0.0000,-2.7852,-1.1667,-0.9082,4.8393,3.5470,0.0000
3.2200,UKF,jink,0.500,10.00,0.150,1,0.600,1,6.2274,5.3458,-0.8817,1.2561,0.3247,0.1876,0.0154,6.0000,4.2947,0.5474,16.4335,0.6122,38.7067,-30.0267,26.8392,-39.0823,26.9098,-39.0102,39.5052,-27.3728,51.6883,-12.4860,-11.8675,-9.0557,-11.7969,-8.9835,0.7985,2.6539,31,0.2200,31,0,1.0000,0.0000,0.0000,-2.8683,-1.2795,-0.9668,4.7964,3.6048,0.0000
3.2300,UKF,jink,0.500,10.00,0.150,1,0.600,1,6.2983,5.4195,-0.8788,1.2906,0.3247,0.1876,0.0127,6.0000,4.2947,0.5479,18.0162,0.6130,39.0047,-29.5451,26.8392,-39.0823,26.9098,-39.0102,39.8949,-26.6408,51.6462,-11.8495,-12.1655,-9.5372,-12.0949,-9.4651,0.8902,2.9043,31,0.2300,31,0,1.0000,0.0000,0.0000,-2.9487,-1.3887,-1.0322,4.7528,3.6621,0.0000
3.2400,UKF,jink,0.500,10.00,0.150,1,0.600,1,6.3706,5.4937,-0.8769,1.3256,0.3247,0.1876,0.0101,6.0000,4.2947,0.5472,19.7054,0.6132,39.2857,-29.0615,26.8392,-39.0823,26.9098,-39.0102,40.2673,-25.8887,51.6075,-11.1842,-12.4465,-10.0209,-12.3759,-9.9488,0.9816,3.1728,31,0.2400,31,0,1.0000,0.0000,0.0000,-3.0250,-1.4930,-1.1069,4.7085,3.7189,0.0000
3.2500,UKF,jink,0.500,10.00,0.150,1,0.600,1,6.4442,5.7441,-0.7001,1.0776,0.3257,0.1877,0.0067,6.0000,4.9895,2.2816,8.4786,0.6120,39.5514,-28.5756,33.5858,-35.5132,33.9148,-35.2435,40.9177,-27.8286,51.6042,-14.1194,-5.9656,-6.9377,-5.6366,-6.6679,1.3663,0.7470,32,0.1500,32,0,1.0000,0.0000,0.0000,-3.0947,-1.5897,-1.1956,4.6635,3.7751,0.0000
3.2600,UKF,jink,0.500,10.00,0.150,1,0.600,1,6.5189,5.8152,-0.7036,1.1078,0.3257,0.1877,0.0042,6.0000,4.9895,2.2759,9.5179,0.6105,39.8008,-28.0870,33.5858,-35.5132,33.9148,-35.2435,41.2729,-27.1765,51.6023,-13.4336,-6.2150,-7.4262,-5.8860,-7.1565,1.4721,0.9105,32,0.1600,32,0,1.0000,0.0000,0.0000,-3.1517,-1.6719,-1.3063,4.6179,3.8308,0.0000
3.2700,UKF,jink,0.500,10.00,0.150,1,0.600,1,6.5940,5.8787,-0.7153,1.1388,0.3257,0.1877,0.0018,6.0000,4.9895,2.2731,10.6856,0.6094,40.0335,-27.5954,33.5858,-35.5132,33.9148,-35.2435,41.6127,-26.4952,51.6285,-12.6589,-6.4477,-7.9178,-6.1187,-7.6481,1.5792,1.1001,32,0.1700,32,0,1.0000,0.0000,0.0000,-3.1790,-1.7207,-1.4502,4.5716,3.8859,0.0000
3.2800,UKF,jink,0.500,10.00,0.150,1,0.600,1,6.6686,5.9244,-0.7442,1.1706,0.3257,0.1877,0.0004,6.0000,4.9895,2.2742,11.7746,0.6089,40.2499,-27.1034,33.5858,-35.5132,33.9148,-35.2435,41.9390,-25.8445,51.7249,-11.8840,-6.6641,-8.4098,-6.3351,-8.1401,1.6891,1.2589,32,0.1800,32,0,1.0000,0.0000,0.0000,-3.1368,-1.6919,-1.6151,4.5246,3.9405,0.0000
3.2900,UKF,jink,0.500,10.00,0.150,1,0.600,1,6.7419,5.9542,-0.7878,1.2034,0.3257,0.1877,0.0026,6.0000,4.9895,2.2753,12.3376,0.6083,40.4513,-26.6190,33.5858,-35.5132,33.9148,-35.2435,42.2558,-25.3468,51.8985,-11.3849,-6.8655,-8.8942,-6.5365,-8.6244,1.8045,1.2722,32,0.1900,32,0,1.0000,0.0000,0.0000,-3.0223,-1.5824,-1.7291,4.4770,3.9945,0.0000
3.3000,UKF,jink,0.500,10.00,0.150,1,0.600,1,6.8139,5.9786,-0.8352,1.2372,0.3257,0.1877,0.0049,6.0000,4.9895,2.2763,12.5425,0.6076,40.6385,-26.1475,33.5858,-35.5132,33.9148,-35.2435,42.5658,-24.9774,52.1045,-11.1396,-7.0527,-9.3657,-6.7237,-9.0959,1.9273,1.1701,32,0.2000,32,0,1.0000,0.0000,0.0000,-2.8824,-1.4444,-1.7855,4.4288,4.0480,0.0000
3.3100,UKF,jink,0.500,10.00,0.150,1,0.600,1,6.8845,6.0007,-0.8838,1.2719,0.3257,0.1877,0.0073,6.0000,4.9895,2.2773,12.6666,0.6069,40.8123,-25.6912,33.5858,-35.5132,33.9148,-35.2435,42.8703,-24.6856,52.3238,-11.0389,-7.2265,-9.8221,-6.8975,-9.5523,2.0579,1.0056,32,0.2100,32,0,1.0000,0.0000,0.0000,-2.7364,-1.2995,-1.8081,4.3799,4.1008,0.0000
3.3200,UKF,jink,0.500,10.00,0.150,1,0.600,1,6.9537,6.0206,-0.9331,1.3075,0.3257,0.1877,0.0096,6.0000,4.9895,2.2783,12.8639,0.6060,40.9734,-25.2508,33.5858,-35.5132,33.9148,-35.2435,43.1700,-24.4465,52.5513,-11.0251,-7.3876,-10.2625,-7.0586,-9.9927,2.1966,0.8042,32,0.2200,32,0,1.0000,0.0000,0.0000,-2.5896,-1.1534,-1.8108,4.3303,4.1531,0.0000
3.3300,UKF,jink,0.500,10.00,0.150,1,0.600,1,7.0216,6.0383,-0.9833,1.3439,0.3257,0.1877,0.0120,6.0000,4.9895,2.2793,13.2195,0.6050,41.1224,-24.8265,33.5858,-35.5132,33.9148,-35.2435,43.4657,-24.2481,52.7855,-11.0700,-7.5366,-10.6867,-7.2076,-10.4170,2.3433,0.5784,32,0.2300,32,0,1.0000,0.0000,0.0000,-2.4436,-1.0080,-1.8011,4.2802,4.2047,0.0000
3.3400,UKF,jink,0.500,10.00,0.150,1,0.600,1,7.0882,6.0538,-1.0344,1.3812,0.3257,0.1877,0.0145,6.0000,4.9895,2.2802,13.7784,0.6040,41.2600,-24.4182,33.5858,-35.5132,33.9148,-35.2435,43.7580,-24.0838,53.0264,-11.1581,-7.6742,-11.0950,-7.3452,-10.8252,2.4980,0.3345,32,0.2400,32,0,1.0000,0.0000,0.0000,-2.2991,-0.8639,-1.7828,4.2294,4.2558,0.0000
3.3500,UKF,jink,0.500,10.00,0.150,1,0.600,1,7.1535,6.5766,-0.5769,1.2210,0.3273,0.1859,0.0185,6.0000,5.8797,1.9077,11.6911,0.6028,41.3868,-24.0258,38.0564,-30.9832,38.4219,-30.9146,43.0753,-25.2345,50.8468,-14.2160,-3.3303,-6.9574,-2.9648,-6.8888,1.6885,-1.2087,33,0.1500,33,0,1.0000,0.0000,0.0000,-2.1561,-0.7212,-1.7584,4.1781,4.3063,0.0000
3.3600,UKF,jink,0.500,10.00,0.150,1,0.600,1,7.2174,6.6153,-0.6021,1.2539,0.3273,0.1859,0.0210,6.0000,5.8797,1.9081,13.0110,0.6016,41.5032,-23.6487,38.0564,-30.9832,38.4219,-30.9146,43.3186,-25.0598,51.0196,-14.3595,-3.4467,-7.3345,-3.0812,-7.2659,1.8155,-1.4111,33,0.1600,33,0,1.0000,0.0000,0.0000,-2.0148,-0.5801,-1.7296,4.1261,4.3561,0.0000
3.3700,UKF,jink,0.500,10.00,0.150,1,0.600,1,7.2801,6.6515,-0.6286,1.2877,0.3273,0.1859,0.0235,6.0000,5.8797,1.9084,14.4068,0.6003,41.6097,-23.2867,38.0564,-30.9832,38.4219,-30.9146,43.5578,-24.9089,51.1963,-14.5235,-3.5533,-7.6966,-3.1878,-7.6279,1.9481,-1.6222,33,0.1700,33,0,1.0000,0.0000,0.0000,-1.8752,-0.4405,-1.6973,4.0735,4.4053,0.0000
3.3800,UKF,jink,0.500,10.00,0.150,1,0.600,1,7.3413,6.6850,-0.6563,1.3223,0.3273,0.1859,0.0236,6.0000,5.8797,1.8536,15.8331,0.5938,41.7171,-22.9391,38.0564,-30.9832,38.4219,-30.9146,43.7933,-24.7806,51.3771,-14.7060,-3.6606,-8.0441,-3.2952,-7.9755,2.0762,-1.8415,33,0.1800,33,0,1.0000,0.0000,0.0000,-1.7373,-0.3024,-1.6625,4.0204,4.4538,0.0000
3.3900,UKF,jink,0.500,10.00,0.150,1,0.600,1,7.4013,6.7160,-0.6853,1.3578,0.3273,0.1859,0.0236,6.0000,5.8797,1.7970,17.3262,0.5917,41.8158,-22.6059,38.0564,-30.9832,38.4219,-30.9146,44.0257,-24.6741,51.5623,-14.9056,-3.7593,-8.3773,-3.3939,-8.3087,2.2099,-2.0682,33,0.1900,33,0,1.0000,0.0000,0.0000,-1.6011,-0.1657,-1.6255,3.9666,4.5018,0.0000
3.4000,UKF,jink,0.500,10.00,0.150,1,0.600,1,7.4598,6.7444,-0.7155,1.3940,0.3273,0.1859,0.0233,6.0000,5.8797,1.7515,18.8922,0.5932,41.9038,-22.2865,38.0564,-30.9832,38.4219,-30.9146,44.2555,-24.5886,51.7522,-15.1212,-3.8473,-8.6968,-3.4818,-8.6281,2.3517,-2.3021,33,0.2000,33,0,1.0000,0.0000,0.0000,-1.4665,-0.0305,-1.5869,3.9123,4.5490,0.0000
3.4100,UKF,jink,0.500,10.00,0.150,1,0.600,1,7.5170,6.7702,-0.7468,1.4310,0.3273,0.1859,0.0209,6.0000,5.8797,1.7543,20.5542,0.5900,41.9745,-21.9802,38.0564,-30.9832,38.4219,-30.9146,44.4832,-24.5233,51.9470,-15.3521,-3.9180,-9.0030,-3.5526,-8.9344,2.5087,-2.5431,33,0.2100,33,0,1.0000,0.0000,0.0000,-1.3335,0.1033,-1.5470,3.8575,4.5957,0.0000
3.4200,UKF,jink,0.500,10.00,0.150,1,0.600,1,7.5728,6.7936,-0.7792,1.4687,0.3273,0.1859,0.0186,6.0000,5.8797,1.7571,22.2761,0.5868,42.0372,-21.6868,38.0564,-30.9832,38.4219,-30.9146,44.7092,-24.4777,52.1470,-15.5978,-3.9808,-9.2964,-3.6153,-9.2278,2.6720,-2.7909,33,0.2200,33,0,1.0000,0.0000,0.0000,-1.2021,0.2358,-1.5061,3.8020,4.6416,0.0000
3.4300,UKF,jink,0.500,10.00,0.150,1,0.600,1,7.6273,6.8145,-0.8127,1.5073,0.3273,0.1859,0.0163,6.0000,5.8797,1.7598,24.0569,0.5838,42.0923,-21.4057,38.0564,-30.9832,38.4219,-30.9146,44.9341,-24.4511,52.3525,-15.8578,-4.0359,-9.5775,-3.6704,-9.5089,2.8417,-3.0454,33,0.2300,33,0,1.0000,0.0000,0.0000,-1.0724,0.3669,-1.4643,3.7461,4.6869,0.0000
3.4400,UKF,jink,0.500,10.00,0.150,1,0.600,1,7.6803,6.8330,-0.8472,1.5465,0.3273,0.1859,0.0142,6.0000,5.8797,1.7625,25.8959,0.5809,42.1401,-21.1366,38.0564,-30.9832,38.4219,-30.9146,45.1582,-24.4430,52.5640,-16.1318,-4.0837,-9.8466,-3.7182,-9.7780,3.0181,-3.3064,33,0.2400,33,0,1.0000,0.0000,0.0000,-0.9442,0.4968,-1.4219,3.6895,4.7315,0.0000
3.4500,UKF,jink,0.500,10.00,0.150,1,0.600,1,7.7319,7.5488,-0.1831,1.4060,0.3276,0.1829,0.0124,6.0000,7.0728,2.3270,13.5309,0.5780,42.1807,-20.8791,40.6385,-26.1475,41.0966,-26.1052,43.8771,-22.4998,49.1031,-14.8779,-1.5422,-5.2685,-1.0841,-5.2262,1.6964,-1.6207,34,0.1500,34,0,1.0000,0.0000,0.0000,-0.8176,0.6254,-1.3789,3.6325,4.7754,0.0000
3.4600,UKF,jink,0.500,10.00,0.150,1,0.600,1,7.7820,7.5893,-0.1927,1.4413,0.3276,0.1829,0.0103,6.0000,7.0728,2.3294,14.7014,0.5752,42.2144,-20.6328,40.6385,-26.1475,41.0966,-26.1052,44.0313,-22.4150,49.2245,-15.0765,-1.5759,-5.5148,-1.1178,-5.4725,1.8169,-1.7822,34,0.1600,34,0,1.0000,0.0000,0.0000,-0.6925,0.7528,-1.3355,3.5749,4.8187,0.0000
3.4700,UKF,jink,0.500,10.00,0.150,1,0.600,1,7.8308,7.6273,-0.2035,1.4774,0.3276,0.1829,0.0084,6.0000,7.0728,2.3316,15.9180,0.5726,42.2415,-20.3973,40.6385,-26.1475,41.0966,-26.1052,44.1840,-22.3465,49.3490,-15.2850,-1.6030,-5.7502,-1.1449,-5.7079,1.9425,-1.9492,34,0.1700,34,0,1.0000,0.0000,0.0000,-0.5690,0.8790,-1.2918,3.5169,4.8612,0.0000
3.4800,UKF,jink,0.500,10.00,0.150,1,0.600,1,7.8781,7.6627,-0.2154,1.5142,0.3276,0.1829,0.0065,6.0000,7.0728,2.3339,17.1802,0.5700,42.2622,-20.1723,40.6385,-26.1475,41.0966,-26.1052,44.3354,-22.2939,49.4767,-15.5034,-1.6237,-5.9752,-1.1656,-5.9329,2.0732,-2.1216,34,0.1800,34,0,1.0000,0.0000,0.0000,-0.4470,1.0040,-1.2479,3.4583,4.9031,0.0000
3.4900,UKF,jink,0.500,10.00,0.150,1,0.600,1,7.9240,7.6956,-0.2284,1.5518,0.3276,0.1829,0.0046,6.0000,7.0728,2.3360,18.4873,0.5675,42.2766,-19.9576,40.6385,-26.1475,41.0966,-26.1052,44.4857,-22.2568,49.6079,-15.7314,-1.6381,-6.1900,-1.1800,-6.1477,2.2092,-2.2992,34,0.1900,34,0,1.0000,0.0000,0.0000,-0.3265,1.1279,-1.2039,3.3992,4.9442,0.0000
3.5000,UKF,jink,0.500,10.00,0.150,1,0.600,1,7.9684,7.7260,-0.2424,1.5901,0.3276,0.1829,0.0029,6.0000,7.0728,2.3382,19.8392,0.5651,42.2849,-19.7527,40.6385,-26.1475,41.0966,-26.1052,44.6354,-22.2347,49.7427,-15.9693,-1.6464,-6.3949,-1.1883,-6.3526,2.3505,-2.4820,34,0.2000,34,0,1.0000,0.0000,0.0000,-0.2074,1.2507,-1.1597,3.3396,4.9847,0.0000
3.5100,UKF,jink,0.500,10.00,0.150,1,0.600,1,8.0114,7.7540,-0.2574,1.6291,0.3276,0.1829,0.0012,6.0000,7.0728,2.3403,21.2354,0.5628,42.2874,-19.5573,40.6385,-26.1475,41.0966,-26.1052,44.7847,-22.2272,49.8814,-16.2168,-1.6488,-6.5902,-1.1908,-6.5479,2.4974,-2.6699,34,0.2100,34,0,1.0000,0.0000,0.0000,-0.0899,1.3724,-1.1156,3.2796,5.0244,0.0000
3.5200,UKF,jink,0.500,10.00,0.150,1,0.600,1,8.0530,7.7796,-0.2734,1.6689,0.3276,0.1829,0.0005,6.0000,7.0728,2.3424,22.6760,0.5606,42.2840,-19.3713,40.6385,-26.1475,41.0966,-26.1052,44.9338,-22.2340,50.0241,-16.4740,-1.6455,-6.7763,-1.1874,-6.7340,2.6498,-2.8627,34,0.2200,34,0,1.0000,0.0000,0.0000,0.0261,1.4931,-1.0714,3.2190,5.0634,0.0000
3.5300,UKF,jink,0.500,10.00,0.150,1,0.600,1,8.0931,7.8029,-0.2902,1.7093,0.3276,0.1829,0.0022,6.0000,7.0728,2.3415,24.1591,0.5587,42.2757,-19.1943,40.6385,-26.1475,41.0966,-26.1052,45.0831,-22.2546,50.1712,-16.7409,-1.6371,-6.9533,-1.1791,-6.9110,2.8075,-3.0604,34,0.2300,34,0,1.0000,0.0000,0.0000,0.1407,1.6126,-1.0273,3.1580,5.1016,0.0000
3.5400,UKF,jink,0.500,10.00,0.150,1,0.600,1,8.1317,7.8239,-0.3079,1.7504,0.3276,0.1829,0.0040,6.0000,7.0728,2.3382,25.6851,0.5572,42.2622,-19.0260,40.6385,-26.1475,41.0966,-26.1052,45.2328,-22.2889,50.3227,-17.0176,-1.6237,-7.1216,-1.1656,-7.0792,2.9705,-3.2629,34,0.2400,34,0,1.0000,0.0000,0.0000,0.2538,1.7312,-0.9833,3.0966,5.1392,0.0000
3.5500,UKF,jink,0.500,10.00,0.150,1,0.600,1,8.1689,8.5261,0.3572,1.6120,0.3288,0.1805,0.0045,6.0000,8.3824,2.2112,9.5877,0.5557,42.2435,-18.8663,41.9038,-22.2865,42.2459,-22.4792,43.6287,-19.7930,46.3674,-13.7547,-0.3397,-3.4202,0.0024,-3.6130,1.3852,-0.9268,35,0.1500,35,0,1.0000,0.0000,0.0000,0.3655,1.8488,-0.9394,3.0347,5.1760,0.0000
3.5600,UKF,jink,0.500,10.00,0.150,1,0.600,1,8.2046,8.5673,0.3627,1.6493,0.3288,0.1805,0.0063,6.0000,8.3824,2.2078,10.3719,0.5529,42.2192,-18.7150,41.9038,-22.2865,42.2459,-22.4792,43.7069,-19.7304,46.4337,-13.9269,-0.3155,-3.5714,0.0267,-3.7642,1.4877,-1.0154,35,0.1600,35,0,1.0000,0.0000,0.0000,0.4757,1.9654,-0.8956,2.9724,5.2120,0.0000
3.5700,UKF,jink,0.500,10.00,0.150,1,0.600,1,8.2389,8.6060,0.3672,1.6874,0.3288,0.1805,0.0081,6.0000,8.3824,2.2071,11.1973,0.5484,42.1892,-18.5720,41.9038,-22.2865,42.2459,-22.4792,43.7850,-19.6803,46.5022,-14.1060,-0.2854,-3.7144,0.0567,-3.9072,1.5958,-1.1083,35,0.1700,35,0,1.0000,0.0000,0.0000,0.5845,2.0810,-0.8520,2.9096,5.2473,0.0000
3.5800,UKF,jink,0.500,10.00,0.150,1,0.600,1,8.2717,8.6424,0.3707,1.7261,0.3288,0.1805,0.0099,6.0000,8.3824,2.2065,12.0612,0.5442,42.1542,-18.4369,41.9038,-22.2865,42.2459,-22.4792,43.8630,-19.6422,46.5732,-14.2920,-0.2504,-3.8496,0.0917,-4.0423,1.7088,-1.2053,35,0.1800,35,0,1.0000,0.0000,0.0000,0.6919,2.1957,-0.8086,2.8464,5.2818,0.0000
3.5900,UKF,jink,0.500,10.00,0.150,1,0.600,1,8.3031,8.6763,0.3733,1.7655,0.3288,0.1805,0.0116,6.0000,8.3824,2.2060,12.9634,0.5402,42.1142,-18.3094,41.9038,-22.2865,42.2459,-22.4792,43.9411,-19.6158,46.6468,-14.4851,-0.2104,-3.9771,0.1317,-4.1699,1.8269,-1.3064,35,0.1900,35,0,1.0000,0.0000,0.0000,0.7979,2.3095,-0.7654,2.7829,5.3156,0.0000
3.6000,UKF,jink,0.500,10.00,0.150,1,0.600,1,8.3330,8.7080,0.3750,1.8057,0.3288,0.1805,0.0133,6.0000,8.3824,2.2056,13.9037,0.5364,42.0694,-18.1893,41.9038,-22.2865,42.2459,-22.4792,44.0195,-19.6008,46.7231,-14.6850,-0.1657,-4.0972,0.1765,-4.2899,1.9501,-1.4115,35,0.2000,35,0,1.0000,0.0000,0.0000,0.9025,2.4224,-0.7225,2.7189,5.3486,0.0000
3.6100,UKF,jink,0.500,10.00,0.150,1,0.600,1,8.3614,8.7373,0.3759,1.8465,0.3288,0.1805,0.0149,6.0000,8.3824,2.2053,14.8819,0.5329,42.0199,-18.0765,41.9038,-22.2865,42.2459,-22.4792,44.0984,-19.5969,46.8023,-14.8920,-0.1161,-4.2100,0.2260,-4.4028,2.0785,-1.5204,35,0.2100,35,0,1.0000,0.0000,0.0000,1.0056,2.5344,-0.6798,2.6545,5.3809,0.0000
3.6200,UKF,jink,0.500,10.00,0.150,1,0.600,1,8.3884,8.7644,0.3760,1.8879,0.3288,0.1805,0.0165,6.0000,8.3824,2.2051,15.8979,0.5295,41.9657,-17.9707,41.9038,-22.2865,42.2459,-22.4792,44.1780,-19.6038,46.8845,-15.1060,-0.0620,-4.3157,0.2802,-4.5085,2.2122,-1.6331,35,0.2200,35,0,1.0000,0.0000,0.0000,1.1074,2.6455,-0.6373,2.5897,5.4123,0.0000
3.6300,UKF,jink,0.500,10.00,0.150,1,0.600,1,8.4139,8.7892,0.3753,1.9301,0.3288,0.1805,0.0180,6.0000,8.3824,2.2050,16.9518,0.5263,41.9069,-17.8719,41.9038,-22.2865,42.2459,-22.4792,44.2583,-19.6212,46.9698,-15.3269,-0.0032,-4.4145,0.3390,-4.6073,2.3514,-1.7493,35,0.2300,35,0,1.0000,0.0000,0.0000,1.2078,2.7558,-0.5951,2.5246,5.4430,0.0000
3.6400,UKF,jink,0.500,10.00,0.150,1,0.600,1,8.4380,8.8119,0.3739,1.9728,0.3288,0.1805,0.0195,6.0000,8.3824,2.2050,18.0436,0.5234,41.8436,-17.7799,41.9038,-22.2865,42.2459,-22.4792,44.3396,-19.6490,47.0585,-15.5550,0.0602,-4.5066,0.4023,-4.6993,2.4960,-1.8691,35,0.2400,35,0,1.0000,0.0000,0.0000,1.3068,2.8652,-0.5532,2.4591,5.4729,0.0000
3.6500,UKF,jink,0.500,10.00,0.150,1,0.600,1,8.4607,9.1418,0.6811,1.8109,0.3295,0.1778,0.0202,6.0000,8.8756,2.6377,9.5853,0.5206,41.7758,-17.6945,42.2849,-19.7527,42.7492,-19.7123,43.4540,-17.6026,44.8989,-12.4457,0.5091,-2.0582,0.9734,-2.0178,1.6782,0.0919,36,0.1500,36,0,1.0000,0.0000,0.0000,1.4044,2.9738,-0.5115,2.3933,5.5020,0.0000
3.6600,UKF,jink,0.500,10.00,0.150,1,0.600,1,8.4819,9.1752,0.6933,1.8498,0.3295,0.1778,0.0216,6.0000,8.8756,2.6395,10.2361,0.5180,41.7036,-17.6156,42.2849,-19.7527,42.7492,-19.7123,43.4968,-17.5525,44.9467,-12.5944,0.5814,-2.1370,1.0456,-2.0967,1.7932,0.0631,36,0.1600,36,0,1.0000,0.0000,0.0000,1.5007,3.0816,-0.4702,2.3271,5.5304,0.0000
3.6700,UKF,jink,0.500,10.00,0.150,1,0.600,1,8.5017,9.2064,0.7047,1.8893,0.3295,0.1778,0.0229,6.0000,8.8756,2.6413,10.9196,0.5157,41.6270,-17.5431,42.2849,-19.7527,42.7492,-19.7123,43.5403,-17.5123,44.9969,-12.7489,0.6580,-2.2095,1.1222,-2.1692,1.9133,0.0308,36,0.1700,36,0,1.0000,0.0000,0.0000,1.5956,3.1887,-0.4292,2.2605,5.5579,0.0000
3.6800,UKF,jink,0.500,10.00,0.150,1,0.600,1,8.5200,9.2353,0.7153,1.9295,0.3295,0.1778,0.0242,6.0000,8.8756,2.6430,11.6367,0.5135,41.5461,-17.4769,42.2849,-19.7527,42.7492,-19.7123,43.5847,-17.4818,45.0497,-12.9092,0.7389,-2.2758,1.2032,-2.2354,2.0386,-0.0049,36,0.1800,36,0,1.0000,0.0000,0.0000,1.6891,3.2949,-0.3884,2.1937,5.5846,0.0000
3.6900,UKF,jink,0.500,10.00,0.150,1,0.600,1,8.5369,9.2620,0.7251,1.9703,0.3295,0.1778,0.0254,6.0000,8.8756,2.6447,12.3883,0.5115,41.4608,-17.4168,42.2849,-19.7527,42.7492,-19.7123,43.6300,-17.4606,45.1053,-13.0752,0.8241,-2.3359,1.2884,-2.2955,2.1692,-0.0438,36,0.1900,36,0,1.0000,0.0000,0.0000,1.7813,3.4004,-0.3480,2.1265,5.6105,0.0000
3.7000,UKF,jink,0.500,10.00,0.150,1,0.600,1,8.5524,9.2866,0.7342,2.0118,0.3295,0.1778,0.0266,6.0000,8.8756,2.6463,13.1750,0.5096,41.3714,-17.3627,42.2849,-19.7527,42.7492,-19.7123,43.6765,-17.4485,45.1638,-13.2470,0.9136,-2.3900,1.3778,-2.3496,2.3052,-0.0858,36,0.2000,36,0,1.0000,0.0000,0.0000,1.8721,3.5052,-0.3079,2.0590,5.6356,0.0000
3.7100,UKF,jink,0.500,10.00,0.150,1,0.600,1,8.5665,9.3090,0.7425,2.0540,0.3295,0.1778,0.0277,6.0000,8.8756,2.6480,13.9974,0.5079,41.2777,-17.3146,42.2849,-19.7527,42.7492,-19.7123,43.7243,-17.4454,45.2254,-13.4246,1.0072,-2.4381,1.4715,-2.3978,2.4466,-0.1308,36,0.2100,36,0,1.0000,0.0000,0.0000,1.9616,3.6092,-0.2682,1.9912,5.6599,0.0000
3.7200,UKF,jink,0.500,10.00,0.150,1,0.600,1,8.5792,9.3294,0.7502,2.0968,0.3295,0.1778,0.0288,6.0000,8.8756,2.6496,14.8564,0.5065,41.1798,-17.2723,42.2849,-19.7527,42.7492,-19.7123,43.7734,-17.4509,45.2901,-13.6080,1.1051,-2.4804,1.5694,-2.4400,2.5936,-0.1786,36,0.2200,36,0,1.0000,0.0000,0.0000,2.0498,3.7125,-0.2288,1.9232,5.6834,0.0000
3.7300,UKF,jink,0.500,10.00,0.150,1,0.600,1,8.5904,9.3477,0.7573,2.1402,0.3295,0.1778,0.0298,6.0000,8.8756,2.6511,15.7522,0.5052,41.0778,-17.2357,42.2849,-19.7527,42.7492,-19.7123,43.8241,-17.4649,45.3582,-13.7972,1.2072,-2.5169,1.6714,-2.4766,2.7463,-0.2292,36,0.2300,36,0,1.0000,0.0000,0.0000,2.1366,3.8151,-0.1897,1.8548,5.7061,0.0000
3.7400,UKF,jink,0.500,10.00,0.150,1,0.600,1,8.6003,9.3640,0.7637,2.1842,0.3295,0.1778,0.0308,6.0000,8.8756,2.6527,16.6856,0.5041,40.9716,-17.2049,42.2849,-19.7527,42.7492,-19.7123,43.8764,-17.4873,45.4299,-13.9923,1.3134,-2.5478,1.7776,-2.5074,2.9048,-0.2824,36,0.2400,36,0,1.0000,0.0000,0.0000,2.2221,3.9171,-0.1509,1.7862,5.7279,0.0000
3.7500,UKF,jink,0.500,10.00,0.150,1,0.600,1,8.6088,9.5011,0.8923,1.9721,0.3308,0.1756,0.0304,6.0000,8.7521,1.5788,6.8465,0.5031,40.8613,-17.1796,42.0694,-18.1893,42.3114,-18.3174,42.0206,-17.4705,40.9857,-15.3348,1.2082,-1.0096,1.4501,-1.1378,1.1593,-0.2909,37,0.1500,37,0,1.0000,0.0000,0.0000,2.3062,4.0183,-0.1125,1.7174,5.7490,0.0000
3.7600,UKF,jink,0.500,10.00,0.150,1,0.600,1,8.6159,9.5233,0.9075,2.0114,0.3308,0.1756,0.0313,6.0000,8.7521,1.5797,7.4336,0.5023,40.7468,-17.1599,42.0694,-18.1893,42.3114,-18.3174,42.0011,-17.4915,40.9805,-15.5337,1.3226,-1.0294,1.5645,-1.1575,1.2543,-0.3316,37,0.1600,37,0,1.0000,0.0000,0.0000,2.3891,4.1189,-0.0744,1.6483,5.7692,0.0000
3.7700,UKF,jink,0.500,10.00,0.150,1,0.600,1,8.6216,9.5435,0.9219,2.0513,0.3308,0.1756,0.0321,6.0000,8.7521,1.5807,8.0563,0.5017,40.6283,-17.1457,42.0694,-18.1893,42.3114,-18.3174,41.9830,-17.5207,40.9776,-15.7387,1.4411,-1.0436,1.6831,-1.1717,1.3547,-0.3750,37,0.1700,37,0,1.0000,0.0000,0.0000,2.4706,4.2189,-0.0367,1.5789,5.7885,0.0000
3.7800,UKF,jink,0.500,10.00,0.150,1,0.600,1,8.6259,9.5617,0.9358,2.0920,0.3308,0.1756,0.0330,6.0000,8.7521,1.5818,8.7147,0.5012,40.5057,-17.1369,42.0694,-18.1893,42.3114,-18.3174,41.9664,-17.5579,40.9771,-15.9497,1.5638,-1.0524,1.8057,-1.1806,1.4607,-0.4210,37,0.1800,37,0,1.0000,0.0000,0.0000,2.5508,4.3182,0.0007,1.5094,5.8071,0.0000
3.7900,UKF,jink,0.500,10.00,0.150,1,0.600,1,8.6289,9.5779,0.9490,2.1332,0.3308,0.1756,0.0337,6.0000,8.7521,1.5829,9.4091,0.5009,40.3790,-17.1334,42.0694,-18.1893,42.3114,-18.3174,41.9514,-17.6030,40.9792,-16.1670,1.6905,-1.0559,1.9324,-1.1840,1.5724,-0.4696,37,0.1900,37,0,1.0000,0.0000,0.0000,2.6297,4.4169,0.0377,1.4396,5.8247,0.0000
3.8000,UKF,jink,0.500,10.00,0.150,1,0.600,1,8.6305,9.5921,0.9616,2.1751,0.3308,0.1756,0.0345,6.0000,8.7521,1.5841,10.1397,0.5007,40.2482,-17.1353,42.0694,-18.1893,42.3114,-18.3174,41.9380,-17.6558,40.9841,-16.3904,1.8213,-1.0540,2.0632,-1.1822,1.6898,-0.5206,37,0.2000,37,0,1.0000,0.0000,0.0000,2.7073,4.5150,0.0744,1.3696,5.8416,0.0000
3.8100,UKF,jink,0.500,10.00,0.150,1,0.600,1,8.6308,9.6045,0.9737,2.2177,0.3308,0.1756,0.0352,6.0000,8.7521,1.5854,10.9066,0.5008,40.1133,-17.1424,42.0694,-18.1893,42.3114,-18.3174,41.9264,-17.7163,40.9918,-16.6200,1.9562,-1.0469,2.1981,-1.1751,1.8131,-0.5739,37,0.2100,37,0,1.0000,0.0000,0.0000,2.7836,4.6124,0.1107,1.2994,5.8576,0.0000
3.8200,UKF,jink,0.500,10.00,0.150,1,0.600,1,8.6297,9.6150,0.9853,2.2608,0.3308,0.1756,0.0358,6.0000,8.7521,1.5867,11.7102,0.5010,39.9743,-17.1547,42.0694,-18.1893,42.3114,-18.3174,41.9166,-17.7843,41.0027,-16.8559,2.0952,-1.0346,2.3371,-1.1627,1.9424,-0.6295,37,0.2200,37,0,1.0000,0.0000,0.0000,2.8586,4.7093,0.1466,1.2290,5.8728,0.0000
3.8300,UKF,jink,0.500,10.00,0.150,1,0.600,1,8.6273,9.6236,0.9963,2.3046,0.3308,0.1756,0.0364,6.0000,8.7521,1.5880,12.5508,0.5013,39.8312,-17.1723,42.0694,-18.1893,42.3114,-18.3174,41.9088,-17.8596,41.0167,-17.0982,2.2382,-1.0170,2.4802,-1.1452,2.0776,-0.6873,37,0.2300,37,0,1.0000,0.0000,0.0000,2.9323,4.8057,0.1822,1.1584,5.8871,0.0000
3.8400,UKF,jink,0.500,10.00,0.150,1,0.600,1,8.6236,9.6305,1.0069,2.3489,0.3308,0.1756,0.0370,6.0000,8.7521,1.5895,13.4287,0.5018,39.6840,-17.1950,42.0694,-18.1893,42.3114,-18.3174,41.9031,-17.9422,41.0341,-17.3467,2.3854,-0.9943,2.6274,-1.1224,2.2191,-0.7472,37,0.2400,37,0,1.0000,0.0000,0.0000,3.0046,4.9014,0.2175,1.0877,5.9006,0.0000
3.8500,UKF,jink,0.500,10.00,0.150,1,0.600,1,8.6185,9.4937,0.8752,2.0417,0.3317,0.1730,0.0367,6.0000,8.3651,1.4421,9.0950,0.5025,39.5327,-17.2229,41.3714,-17.3627,41.6065,-17.2852,41.0280,-16.7082,38.8830,-15.2511,1.8387,-0.1398,2.0738,-0.0623,1.4953,0.5146,38,0.1500,38,0,1.0000,0.0000,0.0000,3.0757,4.9966,0.2523,1.0168,5.9132,0.0000
3.8600,UKF,jink,0.500,10.00,0.150,1,0.600,1,8.6122,9.5007,0.8885,2.0808,0.3317,0.1730,0.0372,6.0000,8.3651,1.4431,9.7258,0.5034,39.3772,-17.2559,41.3714,-17.3627,41.6065,-17.2852,40.9890,-16.7401,38.8638,-15.4533,1.9942,-0.1068,2.2293,-0.0294,1.6118,0.5157,38,0.1600,38,0,1.0000,0.0000,0.0000,3.1455,5.0913,0.2868,0.9458,5.9250,0.0000
3.8700,UKF,jink,0.500,10.00,0.150,1,0.600,1,8.6045,9.5059,0.9013,2.1206,0.3317,0.1730,0.0377,6.0000,8.3651,1.4440,10.3897,0.5044,39.2176,-17.2940,41.3714,-17.3627,41.6065,-17.2852,40.9519,-16.7793,38.8475,-15.6618,2.1538,-0.0687,2.3889,0.0088,1.7343,0.5146,38,0.1700,38,0,1.0000,0.0000,0.0000,3.2140,5.1854,0.3210,0.8746,5.9359,0.0000
3.8800,UKF,jink,0.500,10.00,0.150,1,0.600,1,8.5956,9.5092,0.9136,2.1610,0.3317,0.1730,0.0381,6.0000,8.3651,1.4449,11.0880,0.5055,39.0538,-17.3372,41.3714,-17.3627,41.6065,-17.2852,40.9168,-16.8257,38.8342,-15.8766,2.3176,-0.0255,2.5527,0.0520,1.8630,0.5115,38,0.1800,38,0,1.0000,0.0000,0.0000,3.2812,5.2791,0.3547,0.8033,5.9460,0.0000
3.8900,UKF,jink,0.500,10.00,0.150,1,0.600,1,8.5854,9.5108,0.9254,2.2022,0.3317,0.1730,0.0385,6.0000,8.3651,1.4457,11.8219,0.5069,38.8858,-17.3854,41.3714,-17.3627,41.6065,-17.2852,40.8838,-16.8791,38.8242,-16.0977,2.4856,0.0228,2.7207,0.1002,1.9980,0.5063,38,0.1900,38,0,1.0000,0.0000,0.0000,3.3471,5.3722,0.3881,0.7319,5.9552,0.0000
3.9000,UKF,jink,0.500,10.00,0.150,1,0.600,1,8.5739,9.5106,0.9366,2.2440,0.3317,0.1730,0.0389,6.0000,8.3651,1.4464,12.5928,0.5083,38.7135,-17.4388,41.3714,-17.3627,41.6065,-17.2852,40.8530,-16.9395,38.8177,-16.3253,2.6579,0.0761,2.8930,0.1536,2.1395,0.4993,38,0.2000,38,0,1.0000,0.0000,0.0000,3.4118,5.4648,0.4212,0.6604,5.9635,0.0000
3.9100,UKF,jink,0.500,10.00,0.150,1,0.600,1,8.5612,9.5086,0.9474,2.2865,0.3317,0.1730,0.0394,6.0000,8.3651,1.4447,13.3990,0.5101,38.5374,-17.4973,41.3714,-17.3627,41.6065,-17.2852,40.8246,-17.0067,38.8149,-16.5593,2.8340,0.1346,3.0691,0.2121,2.2871,0.4906,38,0.2100,38,0,1.0000,0.0000,0.0000,3.4751,5.5569,0.4538,0.5888,5.9710,0.0000
3.9200,UKF,jink,0.500,10.00,0.150,1,0.600,1,8.5473,9.5050,0.9578,2.3296,0.3317,0.1730,0.0399,6.0000,8.3651,1.4417,14.2429,0.5120,38.3573,-17.5608,41.3714,-17.3627,41.6065,-17.2852,40.7985,-17.0807,38.8160,-16.7999,3.0141,0.1981,3.2492,0.2756,2.4412,0.4801,38,0.2200,38,0,1.0000,0.0000,0.0000,3.5371,5.6486,0.4861,0.5171,5.9777,0.0000
3.9300,UKF,jink,0.500,10.00,0.150,1,0.600,1,8.5321,9.4998,0.9677,2.3733,0.3317,0.1730,0.0403,6.0000,8.3651,1.4386,15.1268,0.5145,38.1728,-17.6294,41.3714,-17.3627,41.6065,-17.2852,40.7751,-17.1614,38.8212,-17.0471,3.1986,0.2667,3.4337,0.3442,2.6023,0.4680,38,0.2300,38,0,1.0000,0.0000,0.0000,3.5979,5.7398,0.5180,0.4453,5.9835,0.0000
3.9400,UKF,jink,0.500,10.00,0.150,1,0.600,1,8.5156,9.4929,0.9773,2.4177,0.3317,0.1730,0.0408,6.0000,8.3651,1.4352,16.0518,0.5179,37.9839,-17.7030,41.3714,-17.3627,41.6065,-17.2852,40.7543,-17.2487,38.8307,-17.3009,3.3875,0.3403,3.6226,0.4178,2.7704,0.4543,38,0.2400,38,0,1.0000,0.0000,0.0000,3.6573,5.8305,0.5495,0.3735,5.9884,0.0000
3.9500,UKF,jink,0.500,10.00,0.150,1,0.600,1,8.4980,9.3339,0.8359,2.0392,0.3340,0.1714,0.0388,6.0000,7.9078,0.6354,4.2342,0.5215,37.7906,-17.7817,40.2482,-17.1353,40.1531,-17.1874,38.4623,-18.0859,32.5316,-20.6595,2.4576,0.6465,2.3625,0.5943,0.6717,-0.3042,39,0.1500,39,0,1.0000,0.0000,0.0000,3.7155,5.9208,0.5806,0.3016,5.9924,0.0000
3.9600,UKF,jink,0.500,10.00,0.150,1,0.600,1,8.4791,9.3273,0.8482,2.0767,0.3340,0.1714,0.0394,6.0000,7.9078,0.6366,4.7677,0.5250,37.5922,-17.8656,40.2482,-17.1353,40.1531,-17.1874,38.3516,-18.2027,32.4177,-20.9641,2.6559,0.7304,2.5609,0.6782,0.7594,-0.3371,39,0.1600,39,0,1.0000,0.0000,0.0000,3.7724,6.0107,0.6114,0.2297,5.9956,0.0000
3.9700,UKF,jink,0.500,10.00,0.150,1,0.600,1,8.4591,9.3192,0.8601,2.1149,0.3340,0.1714,0.0399,6.0000,7.9078,0.6376,5.3390,0.5288,37.3893,-17.9546,40.2482,-17.1353,40.1531,-17.1874,38.2429,-18.3266,32.3058,-21.2766,2.8589,0.8194,2.7638,0.7672,0.8537,-0.3719,39,0.1700,39,0,1.0000,0.0000,0.0000,3.8280,6.1001,0.6417,0.1577,5.9979,0.0000
3.9800,UKF,jink,0.500,10.00,0.150,1,0.600,1,8.4379,9.3096,0.8717,2.1538,0.3340,0.1714,0.0404,6.0000,7.9078,0.6374,5.9474,0.5302,37.1817,-18.0493,40.2482,-17.1353,40.1531,-17.1874,38.1362,-18.4574,32.1962,-21.5971,3.0664,0.9141,2.9714,0.8619,0.9545,-0.4081,39,0.1800,39,0,1.0000,0.0000,0.0000,3.8823,6.1891,0.6716,0.0857,5.9994,0.0000
3.9900,UKF,jink,0.500,10.00,0.150,1,0.600,1,8.4155,9.2984,0.8829,2.1934,0.3340,0.1714,0.0408,6.0000,7.9078,0.6367,6.5939,0.5307,36.9696,-18.1494,40.2482,-17.1353,40.1531,-17.1874,38.0317,-18.5951,32.0891,-21.9257,3.2786,1.0141,3.1835,0.9620,1.0621,-0.4457,39,0.1900,39,0,1.0000,0.0000,0.0000,3.9353,6.2778,0.7012,0.0137,6.0000,0.0000
4.0000,UKF,jink,0.500,10.00,0.150,1,0.600,1,8.3920,9.2858,0.8938,2.2337,0.3340,0.1714,0.0413,6.0000,7.9078,0.6360,7.2795,0.5313,36.7527,-18.2547,40.2482,-17.1353,40.1531,-17.1874,37.9294,-18.7397,31.9846,-22.2625,3.4954,1.1195,3.4004,1.0673,1.1767,-0.4849,39,0.2000,39,0,1.0000,0.0000,0.0000,3.9870,6.3660,0.7303,-0.0583,5.9997,0.0000
4.0100,UKF,jink,0.500,10.00,0.150,1,0.600,1,8.3673,9.2717,0.9043,2.2746,0.3340,0.1714,0.0417,6.0000,7.9078,0.6354,8.0050,0.5319,36.5311,-18.3654,40.2482,-17.1353,40.1531,-17.1874,37.8295,-18.8911,31.8831,-22.6075,3.7170,1.2302,3.6220,1.1780,1.2984,-0.5257,39,0.2100,39,0,1.0000,0.0000,0.0000,4.0374,6.4538,0.7590,-0.1302,5.9986,0.0000
4.0200,UKF,jink,0.500,10.00,0.150,1,0.600,1,8.3415,9.2561,0.9146,2.3161,0.3340,0.1714,0.0420,6.0000,7.9078,0.6347,8.7711,0.5326,36.3047,-18.4815,40.2482,-17.1353,40.1531,-17.1874,37.7320,-19.0493,31.7846,-22.9608,3.9435,1.3463,3.8484,1.2941,1.4273,-0.5678,39,0.2200,39,0,1.0000,0.0000,0.0000,4.0865,6.5413,0.7873,-0.2022,5.9966,0.0000
4.0300,UKF,jink,0.500,10.00,0.150,1,0.600,1,8.3146,9.2392,0.9246,2.3582,0.3340,0.1714,0.0424,6.0000,7.9078,0.6341,9.5784,0.5332,36.0734,-18.6030,40.2482,-17.1353,40.1531,-17.1874,37.6372,-19.2142,31.6896,-23.3226,4.1748,1.4677,4.0797,1.4156,1.5639,-0.6112,39,0.2300,39,0,1.0000,0.0000,0.0000,4.1342,6.6284,0.8152,-0.2742,5.9937,0.0000
4.0400,UKF,jink,0.500,10.00,0.150,1,0.600,1,8.2866,9.2209,0.9343,2.4010,0.3340,0.1714,0.0427,6.0000,7.9078,0.6336,10.4279,0.5340,35.8371,-18.7299,40.2482,-17.1353,40.1531,-17.1874,37.5452,-19.3859,31.5982,-23.6928,4.4111,1.5947,4.3160,1.5425,1.7081,-0.6560,39,0.2400,39,0,1.0000,0.0000,0.0000,4.1807,6.7152,0.8426,-0.3461,5.9900,0.0000
4.0500,UKF,jink,0.500,10.00,0.150,1,0.600,1,8.2575,9.0942,0.8367,1.9434,0.3366,0.1698,0.0404,6.0000,7.7194,0.9303,8.8355,0.5348,35.5957,-18.8624,38.7135,-17.4388,38.5919,-17.3308,36.8019,-17.9294,29.7216,-20.3635,3.1178,1.4236,2.9962,1.5316,1.2061,0.9330,40,0.1500,40,0,1.0000,0.0000,0.0000,4.2259,6.8016,0.8696,-0.4179,5.9854,0.0000
4.0600,UKF,jink,0.500,10.00,0.150,1,0.600,1,8.2273,9.0755,0.8482,1.9805,0.3366,0.1698,0.0407,6.0000,7.7194,0.9288,9.5223,0.5356,35.3492,-19.0005,38.7135,-17.4388,38.5919,-17.3308,36.6830,-18.0346,29.5947,-20.6608,3.3643,1.5617,3.2427,1.6697,1.3337,0.9659,40,0.1600,40,0,1.0000,0.0000,0.0000,4.2698,6.8877,0.8961,-0.4897,5.9800,0.0000
4.0700,UKF,jink,0.500,10.00,0.150,1,0.600,1,8.1961,9.0554,0.8594,2.0184,0.3366,0.1698,0.0409,6.0000,7.7194,0.9274,10.2491,0.5365,35.0975,-19.1442,38.7135,-17.4388,38.5919,-17.3308,36.5665,-18.1462,29.4709,-20.9661,3.6160,1.7054,3.4944,1.8134,1.4690,0.9980,40,0.1700,40,0,1.0000,0.0000,0.0000,4.3123,6.9734,0.9221,-0.5614,5.9737,0.0000
4.0800,UKF,jink,0.500,10.00,0.150,1,0.600,1,8.1638,9.0339,0.8702,2.0571,0.3366,0.1698,0.0411,6.0000,7.7194,0.9258,11.0177,0.5373,34.8405,-19.2936,38.7135,-17.4388,38.5919,-17.3308,36.4527,-18.2643,29.3504,-21.2795,3.8730,1.8548,3.7514,1.9628,1.6123,1.0293,40,0.1800,40,0,1.0000,0.0000,0.0000,4.3535,7.0589,0.9477,-0.6331,5.9665,0.0000
4.0900,UKF,jink,0.500,10.00,0.150,1,0.600,1,8.1305,9.0111,0.8806,2.0965,0.3366,0.1698,0.0413,6.0000,7.7194,0.9243,11.8303,0.5382,34.5780,-19.4488,38.7135,-17.4388,38.5919,-17.3308,36.3417,-18.3887,29.2336,-21.6011,4.1355,2.0100,4.0139,2.1180,1.7637,1.0602,40,0.1900,40,0,1.0000,0.0000,0.0000,4.3934,7.1440,0.9727,-0.7046,5.9585,0.0000
4.1000,UKF,jink,0.500,10.00,0.150,1,0.600,1,8.0961,8.9868,0.8907,2.1367,0.3366,0.1698,0.0415,6.0000,7.7194,0.9228,12.6886,0.5392,34.3100,-19.6098,38.7135,-17.4388,38.5919,-17.3308,36.2336,-18.5193,29.1208,-21.9309,4.4035,2.1710,4.2819,2.2790,1.9236,1.0905,40,0.2000,40,0,1.0000,0.0000,0.0000,4.4320,7.2288,0.9972,-0.7761,5.9496,0.0000
4.1100,UKF,jink,0.500,10.00,0.150,1,0.600,1,8.0608,8.9612,0.9004,2.1777,0.3366,0.1698,0.0416,6.0000,7.7194,0.9212,13.5947,0.5402,34.0364,-19.7768,38.7135,-17.4388,38.5919,-17.3308,36.1286,-18.6562,29.0122,-22.2690,4.6771,2.3380,4.5555,2.4460,2.0922,1.1206,40,0.2100,40,0,1.0000,0.0000,0.0000,4.4692,7.3134,1.0212,-0.8474,5.9399,0.0000
4.1200,UKF,jink,0.500,10.00,0.150,1,0.600,1,8.0245,8.9344,0.9099,2.2193,0.3366,0.1698,0.0418,6.0000,7.7194,0.9196,14.5505,0.5412,33.7571,-19.9497,38.7135,-17.4388,38.5919,-17.3308,36.0269,-18.7992,28.9082,-22.6153,4.9564,2.5109,4.8348,2.6189,2.2698,1.1505,40,0.2200,40,0,1.0000,0.0000,0.0000,4.5051,7.3977,1.0445,-0.9186,5.9293,0.0000
4.1300,UKF,jink,0.500,10.00,0.150,1,0.600,1,7.9872,8.9062,0.9190,2.2617,0.3366,0.1698,0.0419,6.0000,7.7194,0.9180,15.5578,0.5422,33.4718,-20.1287,38.7135,-17.4388,38.5919,-17.3308,35.9286,-18.9482,28.8093,-22.9698,5.2416,2.6899,5.1200,2.7979,2.4567,1.1805,40,0.2300,40,0,1.0000,0.0000,0.0000,4.5396,7.4817,1.0673,-0.9897,5.9178,0.0000
4.1400,UKF,jink,0.500,10.00,0.150,1,0.600,1,7.9489,8.8768,0.9278,2.3048,0.3366,0.1698,0.0419,6.0000,7.7194,0.9164,16.6187,0.5433,33.1806,-20.3139,38.7135,-17.4388,38.5919,-17.3308,35.8340,-19.1032,28.7159,-23.3325,5.5329,2.8751,5.4113,2.9831,2.6533,1.2107,40,0.2400,40,0,1.0000,0.0000,0.0000,4.5727,7.5655,1.0895,-1.0607,5.9055,0.0000
4.1500,UKF,jink,0.500,10.00,0.150,1,0.600,1,7.9097,8.5796,0.6699,1.8924,0.3403,0.1686,0.0383,6.0000,7.0687,1.9100,4.5200,0.5444,32.8833,-20.5053,36.7527,-18.2547,36.4141,-18.2323,33.6789,-20.6318,21.4213,-29.0509,3.8694,2.2506,3.5307,2.2730,0.7956,-0.1265,41,0.1500,41,0,1.0000,0.0000,0.0000,4.6045,7.6490,1.1109,-1.1314,5.8924,0.0000
4.1600,UKF,jink,0.500,10.00,0.150,1,0.600,1,7.8696,8.5483,0.6786,1.9283,0.3403,0.1686,0.0384,6.0000,7.0687,1.9088,5.1882,0.5455,32.5797,-20.7030,36.7527,-18.2547,36.4141,-18.2323,33.4945,-20.8460,21.1441,-29.5205,4.1730,2.4483,3.8343,2.4707,0.9148,-0.1430,41,0.1600,41,0,1.0000,0.0000,0.0000,4.6350,7.7323,1.1316,-1.2021,5.8784,0.0000
4.1700,UKF,jink,0.500,10.00,0.150,1,0.600,1,7.8286,8.5157,0.6871,1.9650,0.3403,0.1686,0.0384,6.0000,7.0687,1.9075,5.9029,0.5466,32.2698,-20.9071,36.7527,-18.2547,36.4141,-18.2323,33.3125,-21.0672,20.8675,-30.0003,4.4830,2.6524,4.1443,2.6748,1.0428,-0.1601,41,0.1700,41,0,1.0000,0.0000,0.0000,4.6640,7.8154,1.1516,-1.2725,5.8635,0.0000
4.1800,UKF,jink,0.500,10.00,0.150,1,0.600,1,7.7867,8.4821,0.6954,2.0025,0.3403,0.1686,0.0384,6.0000,7.0687,1.9062,6.6653,0.5478,31.9532,-21.1177,36.7527,-18.2547,36.4141,-18.2323,33.1330,-21.2952,20.5919,-30.4901,4.7995,2.8630,4.4608,2.8854,1.1797,-0.1774,41,0.1800,41,0,1.0000,0.0000,0.0000,4.6917,7.8983,1.1707,-1.3428,5.8478,0.0000
4.1900,UKF,jink,0.500,10.00,0.150,1,0.600,1,7.7439,8.4473,0.7034,2.0406,0.3403,0.1686,0.0384,6.0000,7.0687,1.9049,7.4771,0.5490,31.6300,-21.3349,36.7527,-18.2547,36.4141,-18.2323,32.9561,-21.5299,20.3174,-30.9898,5.1228,3.0802,4.7841,3.1026,1.3261,-0.1950,41,0.1900,41,0,1.0000,0.0000,0.0000,4.7180,7.9811,1.1889,-1.4129,5.8313,0.0000
4.2000,UKF,jink,0.500,10.00,0.150,1,0.600,1,7.7002,8.4114,0.7111,2.0795,0.3403,0.1686,0.0384,6.0000,7.0687,1.9037,8.3397,0.5501,31.2998,-21.5587,36.7527,-18.2547,36.4141,-18.2323,32.7821,-21.7711,20.0445,-31.4990,5.4529,3.3040,5.1142,3.3264,1.4822,-0.2124,41,0.2000,41,0,1.0000,0.0000,0.0000,4.7429,8.0636,1.2060,-1.4827,5.8139,0.0000
4.2100,UKF,jink,0.500,10.00,0.150,1,0.600,1,7.6558,8.3744,0.7186,2.1190,0.3403,0.1686,0.0384,6.0000,7.0687,1.9024,9.2545,0.5513,30.9627,-21.7893,36.7527,-18.2547,36.4141,-18.2323,32.6112,-22.0187,19.7735,-32.0176,5.7901,3.5346,5.4514,3.5570,1.6486,-0.2294,41,0.2100,41,0,1.0000,0.0000,0.0000,4.7664,8.1460,1.2221,-1.5524,5.7957,0.0000
4.2200,UKF,jink,0.500,10.00,0.150,1,0.600,1,7.6104,8.3363,0.7258,2.1592,0.3403,0.1686,0.0383,6.0000,7.0687,1.9011,10.2234,0.5525,30.6182,-22.0267,36.7527,-18.2547,36.4141,-18.2323,32.4437,-22.2723,19.5046,-32.5450,6.1345,3.7719,5.7958,3.7944,1.8254,-0.2456,41,0.2200,41,0,1.0000,0.0000,0.0000,4.7884,8.2283,1.2369,-1.6218,5.7766,0.0000
4.2300,UKF,jink,0.500,10.00,0.150,1,0.600,1,7.5643,8.2970,0.7327,2.2001,0.3403,0.1686,0.0383,6.0000,7.0687,1.8998,11.2480,0.5537,30.2664,-22.2709,36.7527,-18.2547,36.4141,-18.2323,32.2798,-22.5317,19.2384,-33.0804,6.4863,4.0162,6.1477,4.0386,2.0134,-0.2607,41,0.2300,41,0,1.0000,0.0000,0.0000,4.8090,8.3105,1.2502,-1.6910,5.7568,0.0000
4.2400,UKF,jink,0.500,10.00,0.150,1,0.600,1,7.5174,8.2567,0.7393,2.2416,0.3403,0.1686,0.0382,6.0000,7.0687,1.8985,12.3303,0.5549,29.9069,-22.5221,36.7527,-18.2547,36.4141,-18.2323,32.1197,-22.7963,18.9752,-33.6232,6.8458,4.2674,6.5071,4.2898,2.2128,-0.2741,41,0.2400,41,0,1.0000,0.0000,0.0000,4.8282,8.3926,1.2619,-1.7600,5.7361,0.0000
4.2500,UKF,jink,0.500,10.00,0.150,1,0.600,1,7.4697,7.9998,0.5302,1.7555,0.3419,0.1670,0.0365,6.0000,6.9109,2.3016,8.5604,0.5562,29.5396,-22.7803,34.3100,-19.6098,33.8987,-19.6208,30.6404,-21.7757,13.9214,-31.0312,4.7704,3.1704,4.3591,3.1594,1.1008,1.0046,42,0.1500,42,0,1.0000,0.0000,0.0000,4.8460,8.4746,1.2717,-1.8287,5.7145,0.0000
4.2600,UKF,jink,0.500,10.00,0.150,1,0.600,1,7.4212,7.9572,0.5360,1.7914,0.3419,0.1670,0.0364,6.0000,6.9109,2.3004,9.3859,0.5574,29.1642,-23.0454,34.3100,-19.6098,33.8987,-19.6208,30.4168,-21.9864,13.5174,-31.5034,5.1458,3.4356,4.7344,3.4246,1.2526,1.0590,42,0.1600,42,0,1.0000,0.0000,0.0000,4.8623,8.5566,1.2791,-1.8971,5.6922,0.0000
4.2700,UKF,jink,0.500,10.00,0.150,1,0.600,1,7.3719,7.9133,0.5414,1.8282,0.3419,0.1670,0.0363,6.0000,6.9109,2.2992,10.2792,0.5586,28.7805,-23.3176,34.3100,-19.6098,33.8987,-19.6208,30.1960,-22.2009,13.1119,-31.9770,5.5295,3.7077,5.1181,3.6967,1.4155,1.1167,42,0.1700,42,0,1.0000,0.0000,0.0000,4.8771,8.6385,1.2838,-1.9653,5.6690,0.0000
4.2800,UKF,jink,0.500,10.00,0.150,1,0.600,1,7.3220,7.8682,0.5462,1.8658,0.3419,0.1670,0.0362,6.0000,6.9109,2.2981,11.2464,0.5598,28.3883,-23.5966,34.3100,-19.6098,33.8987,-19.6208,29.9783,-22.4178,12.7053,-32.4481,5.9217,3.9868,5.5104,3.9758,1.5901,1.1788,42,0.1800,42,0,1.0000,0.0000,0.0000,4.8904,8.7205,1.2849,-2.0332,5.6450,0.0000
4.2900,UKF,jink,0.500,10.00,0.150,1,0.600,1,7.2712,7.8215,0.5503,1.9042,0.3419,0.1670,0.0361,6.0000,6.9109,2.2970,12.2950,0.5609,27.9872,-23.8824,34.3100,-19.6098,33.8987,-19.6208,29.7641,-22.6352,12.2978,-32.9112,6.3228,4.2726,5.9114,4.2616,1.7769,1.2472,42,0.1900,42,0,1.0000,0.0000,0.0000,4.9023,8.8025,1.2815,-2.1008,5.6202,0.0000
4.3000,UKF,jink,0.500,10.00,0.150,1,0.600,1,7.2197,7.7734,0.5537,1.9434,0.3419,0.1670,0.0360,6.0000,6.9109,2.2958,13.4360,0.5621,27.5771,-24.1748,34.3100,-19.6098,33.8987,-19.6208,29.5535,-22.8501,11.8899,-33.3568,6.7329,4.5649,6.3215,4.5539,1.9764,1.3247,42,0.2000,42,0,1.0000,0.0000,0.0000,4.9125,8.8844,1.2720,-2.1681,5.5946,0.0000
4.3100,UKF,jink,0.500,10.00,0.150,1,0.600,1,7.1675,7.7234,0.5560,1.9834,0.3419,0.1670,0.0359,6.0000,6.9109,2.2947,14.6860,0.5633,27.1576,-24.4732,34.3100,-19.6098,33.8987,-19.6208,29.3469,-23.0572,11.4821,-33.7683,7.1524,4.8633,6.7410,4.8523,2.1892,1.4160,42,0.2100,42,0,1.0000,0.0000,0.0000,4.9211,8.9660,1.2536,-2.2350,5.5682,0.0000
4.3200,UKF,jink,0.500,10.00,0.150,1,0.600,1,7.1144,7.6714,0.5569,2.0241,0.3419,0.1670,0.0358,6.0000,6.9109,2.2935,16.0753,0.5645,26.7285,-24.7768,34.3100,-19.6098,33.8987,-19.6208,29.1441,-23.2467,11.0758,-34.1135,7.5815,5.1669,7.1702,5.1559,2.4157,1.5301,42,0.2200,42,0,1.0000,0.0000,0.0000,4.9277,9.0463,1.2216,-2.3017,5.5410,0.0000
4.3300,UKF,jink,0.500,10.00,0.150,1,0.600,1,7.0606,7.6168,0.5562,2.0657,0.3419,0.1670,0.0356,6.0000,6.9109,2.2924,17.6676,0.5657,26.2893,-25.0838,34.3100,-19.6098,33.8987,-19.6208,28.9444,-23.3970,10.6750,-34.3179,8.0208,5.4740,7.6094,5.4630,2.6552,1.6868,42,0.2300,42,0,1.0000,0.0000,0.0000,4.9313,9.1223,1.1658,-2.3680,5.5129,0.0000
4.3400,UKF,jink,0.500,10.00,0.150,1,0.600,1,7.0059,7.5606,0.5547,2.1080,0.3419,0.1670,0.0355,6.0000,6.9109,2.2913,19.6288,0.5670,25.8394,-25.3903,34.3100,-19.6098,33.8987,-19.6208,28.7416,-23.4513,10.2960,-34.1718,8.4706,5.7804,8.0593,5.7694,2.9022,1.9390,42,0.2400,42,0,1.0000,0.0000,0.0000,4.9275,9.1790,1.0622,-2.4340,5.4841,0.0000
4.3500,UKF,jink,0.500,10.00,0.150,1,0.600,1,6.9509,7.3346,0.3837,1.6667,0.3432,0.1658,0.0341,6.0000,6.3972,1.6799,12.5741,0.5683,25.3771,-25.6869,31.2998,-21.5587,31.1261,-21.3242,27.2805,-24.4859,3.9481,-37.5740,5.9227,4.1282,5.7489,4.3628,1.9033,1.2011,43,0.1500,43,0,1.0000,0.0000,0.0000,4.8946,9.1425,0.8811,-2.4996,5.4545,0.0000
4.3600,UKF,jink,0.500,10.00,0.150,1,0.600,1,6.8970,7.3101,0.4131,1.7021,0.3432,0.1658,0.0339,6.0000,6.3972,1.6781,14.4189,0.5697,24.9001,-25.9698,31.2998,-21.5587,31.1261,-21.3242,26.9477,-24.4303,3.7880,-36.2722,6.3997,4.4110,6.2259,4.6456,2.0476,1.5395,43,0.1600,43,0,1.0000,0.0000,0.0000,4.8218,8.9666,0.7191,-2.5649,5.4241,0.0000
4.3700,UKF,jink,0.500,10.00,0.150,1,0.600,1,6.8446,7.2968,0.4522,1.7384,0.3432,0.1658,0.0338,6.0000,6.3972,1.6765,16.2492,0.5710,24.4077,-26.2410,31.2998,-21.5587,31.1261,-21.3242,26.5971,-24.3837,3.6862,-35.0838,6.8922,4.6822,6.7184,4.9168,2.1894,1.8573,43,0.1700,43,0,1.0000,0.0000,0.0000,4.7423,8.7563,0.6098,-2.6298,5.3930,0.0000
4.3800,UKF,jink,0.500,10.00,0.150,1,0.600,1,6.7941,7.2906,0.4965,1.7754,0.3432,0.1658,0.0337,6.0000,6.3972,1.6748,18.1186,0.5724,23.8994,-26.5015,31.2998,-21.5587,31.1261,-21.3242,26.2355,-24.3326,3.6072,-33.9755,7.4004,4.9427,7.2266,5.1773,2.3361,2.1689,43,0.1800,43,0,1.0000,0.0000,0.0000,4.6617,8.5350,0.5259,-2.6943,5.3610,0.0000
4.3900,UKF,jink,0.500,10.00,0.150,1,0.600,1,6.7455,7.2900,0.5446,1.8133,0.3432,0.1658,0.0336,6.0000,6.3972,1.6733,20.0502,0.5736,23.3754,-26.7517,31.2998,-21.5587,31.1261,-21.3242,25.8651,-24.2700,3.5408,-32.9192,7.9245,5.1929,7.7507,5.4275,2.4898,2.4817,43,0.1900,43,0,1.0000,0.0000,0.0000,4.5816,8.3087,0.4562,-2.7585,5.3283,0.0000
4.4000,UKF,jink,0.500,10.00,0.150,1,0.600,1,6.6988,7.2947,0.5958,1.8520,0.3432,0.1658,0.0335,6.0000,6.3972,1.6718,22.0529,0.5748,22.8354,-26.9917,31.2998,-21.5587,31.1261,-21.3242,25.4868,-24.1927,3.4826,-31.9005,8.4644,5.4329,8.2906,5.6675,2.6514,2.7989,43,0.2000,43,0,1.0000,0.0000,0.0000,4.5027,8.0794,0.3955,-2.8222,5.2948,0.0000
4.4100,UKF,jink,0.500,10.00,0.150,1,0.600,1,6.6542,7.3043,0.6501,1.8915,0.3432,0.1658,0.0334,6.0000,6.3972,1.6704,24.1298,0.5760,22.2796,-27.2213,31.2998,-21.5587,31.1261,-21.3242,25.1012,-24.0991,3.4299,-30.9118,9.0202,5.6625,8.8464,5.8971,2.8215,3.1222,43,0.2100,43,0,1.0000,0.0000,0.0000,4.4251,7.8480,0.3411,-2.8856,5.2606,0.0000
4.4200,UKF,jink,0.500,10.00,0.150,1,0.600,1,6.6116,7.3187,0.7071,1.9317,0.3432,0.1658,0.0333,6.0000,6.3972,1.6691,26.2812,0.5771,21.7081,-27.4404,31.2998,-21.5587,31.1261,-21.3242,24.7087,-23.9883,3.3810,-29.9490,9.5918,5.8816,9.4180,6.1162,3.0006,3.4521,43,0.2200,43,0,1.0000,0.0000,0.0000,4.3491,7.6151,0.2914,-2.9485,5.2256,0.0000
4.4300,UKF,jink,0.500,10.00,0.150,1,0.600,1,6.5711,7.3380,0.7669,1.9726,0.3432,0.1658,0.0333,6.0000,6.3972,1.6679,28.5054,0.5781,21.1209,-27.6487,31.2998,-21.5587,31.1261,-21.3242,24.3098,-23.8602,3.3344,-29.0100,10.1789,6.0899,10.0052,6.3245,3.1889,3.7885,43,0.2300,43,0,1.0000,0.0000,0.0000,4.2748,7.3809,0.2454,-3.0110,5.1898,0.0000
4.4400,UKF,jink,0.500,10.00,0.150,1,0.600,1,6.5327,7.3620,0.8293,2.0142,0.3432,0.1658,0.0332,6.0000,6.3972,1.6667,30.7999,0.5791,20.5183,-27.8459,31.2998,-21.5587,31.1261,-21.3242,23.9050,-23.7147,3.2889,-28.0935,10.7816,6.2871,10.6078,6.5217,3.3867,4.1312,43,0.2400,43,0,1.0000,0.0000,0.0000,4.2023,7.1455,0.2023,-3.0730,5.1533,0.0000
4.4500,UKF,jink,0.500,10.00,0.150,1,0.600,1,6.4965,6.9368,0.4404,1.5412,0.3424,0.1642,0.0340,6.0000,6.0686,1.0054,18.2130,0.5800,19.9005,-28.0316,27.5771,-24.1748,27.7567,-24.1968,22.2819,-25.8533,-3.5571,-30.8946,7.6766,3.8569,7.8562,3.8348,2.3814,2.1783,44,0.1500,44,0,1.0000,0.0000,0.0000,4.1316,6.9092,0.1616,-3.1346,5.1161,0.0000
4.4600,UKF,jink,0.500,10.00,0.150,1,0.600,1,6.4624,6.9444,0.4821,1.5753,0.3424,0.1642,0.0340,6.0000,6.0686,1.0060,19.8550,0.5808,19.2677,-28.2056,27.5771,-24.1748,27.7567,-24.1968,21.8199,-25.7931,-3.5511,-30.0307,8.3094,4.0308,8.4889,4.0088,2.5522,2.4125,44,0.1600,44,0,1.0000,0.0000,0.0000,4.0629,6.6719,0.1231,-3.1958,5.0781,0.0000
4.4700,UKF,jink,0.500,10.00,0.150,1,0.600,1,6.4304,6.9567,0.5262,1.6103,0.3424,0.1642,0.0339,6.0000,6.0686,1.0066,21.5800,0.5816,18.6204,-28.3675,27.5771,-24.1748,27.7567,-24.1968,21.3520,-25.7105,-3.5418,-29.1783,8.9567,4.1927,9.1363,4.1706,2.7316,2.6570,44,0.1700,44,0,1.0000,0.0000,0.0000,3.9962,6.4338,0.0864,-3.2565,5.0394,0.0000
4.4800,UKF,jink,0.500,10.00,0.150,1,0.600,1,6.4007,6.9736,0.5728,1.6462,0.3424,0.1642,0.0339,6.0000,6.0686,1.0071,23.3852,0.5823,17.9588,-28.5168,27.5771,-24.1748,27.7567,-24.1968,20.8786,-25.6058,-3.5303,-28.3385,9.6183,4.3421,9.7978,4.3200,2.9197,2.9110,44,0.1800,44,0,1.0000,0.0000,0.0000,3.9315,6.1949,0.0512,-3.3167,4.9999,0.0000
4.4900,UKF,jink,0.500,10.00,0.150,1,0.600,1,6.3732,6.9947,0.6215,1.6828,0.3424,0.1642,0.0339,6.0000,6.0686,1.0074,25.2601,0.5830,17.2835,-28.6536,27.5771,-24.1748,27.7567,-24.1968,20.4007,-25.4816,-3.5229,-27.5198,10.2936,4.4788,10.4732,4.4567,3.1172,3.1720,44,0.1900,44,0,1.0000,0.0000,0.0000,3.8696,5.9574,0.0178,-3.3765,4.9598,0.0000
4.5000,UKF,jink,0.500,10.00,0.150,1,0.600,1,6.3479,7.0201,0.6722,1.7201,0.3424,0.1642,0.0339,6.0000,6.0686,1.0077,27.1986,0.5836,16.5949,-28.7774,27.5771,-24.1748,27.7567,-24.1968,19.9190,-25.3389,-3.5208,-26.7235,10.9822,4.6026,11.1618,4.5806,3.3241,3.4385,44,0.2000,44,0,1.0000,0.0000,0.0000,3.8105,5.7218,-0.0140,-3.4358,4.9189,0.0000
4.5100,UKF,jink,0.500,10.00,0.150,1,0.600,1,6.3258,7.0496,0.7238,1.7582,0.3424,0.1642,0.0348,6.0000,6.0686,1.0016,29.1491,0.5833,15.9042,-28.8833,27.5771,-24.1748,27.7567,-24.1968,19.4354,-25.1770,-3.5198,-25.9454,11.6729,4.7085,11.8524,4.6865,3.5312,3.7063,44,0.2100,44,0,1.0000,0.0000,0.0000,3.7535,5.4884,-0.0452,-3.3765,4.9598,0.0000
4.5200,UKF,jink,0.500,10.00,0.150,1,0.600,1,6.3068,7.0831,0.7763,1.7969,0.3424,0.1642,0.0355,6.0000,6.0686,0.9954,31.1093,0.5831,15.2115,-28.9710,27.5771,-24.1748,27.7567,-24.1968,18.9509,-24.9968,-3.5201,-25.1856,12.3656,4.7962,12.5452,4.7742,3.7394,3.9742,44,0.2200,44,0,1.0000,0.0000,0.0000,3.6985,5.2571,-0.0760,-3.3167,4.9999,0.0000
4.5300,UKF,jink,0.500,10.00,0.150,1,0.600,1,6.2909,7.1206,0.8297,1.8363,0.3424,0.1642,0.0360,6.0000,6.0686,0.9890,33.0735,0.5830,14.5179,-29.0404,27.5771,-24.1748,27.7567,-24.1968,18.4661,-24.7991,-3.5219,-24.4442,13.0592,4.8656,13.2387,4.8436,3.9482,4.2413,44,0.2300,44,0,1.0000,0.0000,0.0000,3.6455,5.0279,-0.1064,-3.2565,5.0394,0.0000
4.5400,UKF,jink,0.500,10.00,0.150,1,0.600,1,6.2781,7.1621,0.8840,1.8763,0.3424,0.1642,0.0363,6.0000,6.0686,0.9826,35.0360,0.5832,13.8247,-29.0914,27.5771,-24.1748,27.7567,-24.1968,17.9818,-24.5848,-3.5254,-23.7213,13.7524,4.9167,13.9319,4.8946,4.1571,4.5066,44,0.2400,44,0,1.0000,0.0000,0.0000,3.5945,4.8010,-0.1363,-3.1958,5.0781,0.0000
4.5500,UKF,jink,0.500,10.00,0.150,1,0.600,1,6.2683,6.4156,0.1473,1.4405,0.3433,0.1643,0.0355,6.0000,5.2296,2.3944,16.7603,0.5835,13.1331,-29.1241,22.8354,-26.9917,23.2379,-26.8043,16.0242,-27.9468,-12.5614,-28.7124,9.7023,2.1325,10.1048,2.3199,2.8911,1.1774,45,0.1500,45,0,1.0000,0.0000,0.0000,3.5454,4.5761,-0.1659,-3.1346,5.1161,0.0000
4.5600,UKF,jink,0.500,10.00,0.150,1,0.600,1,6.2614,6.4350,0.1735,1.4736,0.3433,0.1643,0.0353,6.0000,5.2296,2.3883,17.6506,0.5840,12.4442,-29.1386,22.8354,-26.9917,23.2379,-26.8043,15.4499,-27.8305,-12.4814,-27.9543,10.3912,2.1469,10.7937,2.3343,3.0057,1.3081,45,0.1600,45,0,1.0000,0.0000,0.0000,3.4982,4.3534,-0.1951,-3.0730,5.1533,0.0000
4.5700,UKF,jink,0.500,10.00,0.150,1,0.600,1,6.2575,6.4583,0.2007,1.5076,0.3433,0.1643,0.0349,6.0000,5.2296,2.3822,18.5514,0.5848,11.7593,-29.1350,22.8354,-26.9917,23.2379,-26.8043,14.8760,-27.6915,-12.4017,-27.2099,11.0761,2.1433,11.4786,2.3307,3.1167,1.4435,45,0.1700,45,0,1.0000,0.0000,0.0000,3.4528,4.1328,-0.2240,-3.0110,5.1898,0.0000
4.5800,UKF,jink,0.500,10.00,0.150,1,0.600,1,6.2565,6.4855,0.2289,1.5424,0.3433,0.1643,0.0343,6.0000,5.2296,2.3761,19.4615,0.5857,11.0794,-29.1135,22.8354,-26.9917,23.2379,-26.8043,14.3036,-27.5305,-12.3227,-26.4795,11.7560,2.1218,12.1584,2.3092,3.2241,1.5830,45,0.1800,45,0,1.0000,0.0000,0.0000,3.4091,3.9144,-0.2526,-2.9485,5.2256,0.0000
4.5900,UKF,jink,0.500,10.00,0.150,1,0.600,1,6.2584,6.5165,0.2581,1.5779,0.3433,0.1643,0.0335,6.0000,5.2296,2.3701,20.3794,0.5868,10.4058,-29.0744,22.8354,-26.9917,23.2379,-26.8043,13.7336,-27.3483,-12.2447,-25.7635,12.4296,2.0827,12.8321,2.2701,3.3278,1.7260,45,0.1900,45,0,1.0000,0.0000,0.0000,3.3671,3.6981,-0.2810,-2.8856,5.2606,0.0000
4.6000,UKF,jink,0.500,10.00,0.150,1,0.600,1,6.2631,6.5513,0.2883,1.6142,0.3433,0.1643,0.0325,6.0000,5.2296,2.3641,21.3031,0.5880,9.7394,-29.0179,22.8354,-26.9917,23.2379,-26.8043,13.1670,-27.1459,-12.1681,-25.0621,13.0960,2.0263,13.4984,2.2137,3.4275,1.8720,45,0.2000,45,0,1.0000,0.0000,0.0000,3.3268,3.4839,-0.3091,-2.8222,5.2948,0.0000
4.6100,UKF,jink,0.500,10.00,0.150,1,0.600,1,6.2705,6.5900,0.3194,1.6512,0.3433,0.1643,0.0313,6.0000,5.2296,2.3582,22.2308,0.5894,9.0814,-28.9446,22.8354,-26.9917,23.2379,-26.8043,12.6048,-26.9242,-12.0930,-24.3753,13.7540,1.9529,14.1565,2.1403,3.5234,2.0204,45,0.2100,45,0,1.0000,0.0000,0.0000,3.2881,3.2719,-0.3371,-2.7585,5.3283,0.0000
4.6200,UKF,jink,0.500,10.00,0.150,1,0.600,1,6.2807,6.6323,0.3516,1.6888,0.3433,0.1643,0.0299,6.0000,5.2296,2.3535,23.1611,0.5909,8.4324,-28.8547,22.8354,-26.9917,23.2379,-26.8043,12.0478,-26.6842,-12.0196,-23.7032,14.4030,1.8630,14.8055,2.0504,3.6155,2.1705,45,0.2200,45,0,1.0000,0.0000,0.0000,3.2510,3.0619,-0.3649,-2.6943,5.3610,0.0000
4.6300,UKF,jink,0.500,10.00,0.150,1,0.600,1,6.2936,6.6784,0.3848,1.7272,0.3433,0.1643,0.0288,6.0000,5.2296,2.3598,24.1008,0.5915,7.7913,-28.7488,22.8354,-26.9917,23.2379,-26.8043,11.4970,-26.4268,-11.9481,-23.0457,15.0441,1.7571,15.4466,1.9445,3.7057,2.3220,45,0.2300,45,0,1.0000,0.0000,0.0000,3.2153,2.8541,-0.3926,-2.6298,5.3930,0.0000
4.6400,UKF,jink,0.500,10.00,0.150,1,0.600,1,6.3092,6.7281,0.4190,1.7661,0.3433,0.1643,0.0275,6.0000,5.2296,2.3663,25.0376,0.5916,7.1613,-28.6274,22.8354,-26.9917,23.2379,-26.8043,10.9529,-26.1530,-11.8785,-22.4027,15.6741,1.6357,16.0766,1.8231,3.7916,2.4744,45,0.2400,45,0,1.0000,0.0000,0.0000,3.1811,2.6484,-0.4203,-2.5649,5.4241,0.0000
4.6500,UKF,jink,0.500,10.00,0.150,1,0.600,1,6.3273,6.1271,-0.2002,1.3282,0.3429,0.1642,0.0268,6.0000,5.0835,0.9292,5.7719,0.5925,6.5454,-28.4909,16.5949,-28.7774,16.7819,-28.7512,7.5737,-28.1573,-20.8715,-22.9132,10.0495,-0.2864,10.2365,-0.2602,1.0283,0.3337,46,0.1500,46,0,1.0000,0.0000,0.0000,3.1483,2.4447,-0.4480,-2.4996,5.4545,0.0000
4.6600,UKF,jink,0.500,10.00,0.150,1,0.600,1,6.3481,6.1606,-0.1875,1.3596,0.3429,0.1642,0.0256,6.0000,5.0835,0.9236,5.7166,0.5934,5.9425,-28.3400,16.5949,-28.7774,16.7819,-28.7512,6.9179,-27.9240,-20.7417,-22.2973,10.6524,-0.4374,10.8394,-0.4112,0.9754,0.4160,46,0.1600,46,0,1.0000,0.0000,0.0000,3.1168,2.2432,-0.4758,-2.4340,5.4841,0.0000
4.6700,UKF,jink,0.500,10.00,0.150,1,0.600,1,6.3713,6.1978,-0.1735,1.3918,0.3429,0.1642,0.0243,6.0000,5.0835,0.9184,5.7243,0.5945,5.3528,-28.1752,16.5949,-28.7774,16.7819,-28.7512,6.2721,-27.6696,-20.6119,-21.6914,11.2421,-0.6022,11.4291,-0.5760,0.9193,0.5056,46,0.1700,46,0,1.0000,0.0000,0.0000,3.0866,2.0438,-0.5038,-2.3680,5.5129,0.0000
4.6800,UKF,jink,0.500,10.00,0.150,1,0.600,1,6.3971,6.2387,-0.1584,1.4248,0.3429,0.1642,0.0228,6.0000,5.0835,0.9133,5.8093,0.5956,4.7771,-27.9970,16.5949,-28.7774,16.7819,-28.7512,5.6374,-27.3949,-20.4823,-21.0952,11.8179,-0.7804,12.0049,-0.7542,0.8603,0.6021,46,0.1800,46,0,1.0000,0.0000,0.0000,3.0577,1.8465,-0.5321,-2.3017,5.5410,0.0000
4.6900,UKF,jink,0.500,10.00,0.150,1,0.600,1,6.4253,6.2832,-0.1421,1.4586,0.3429,0.1642,0.0211,6.0000,5.0835,0.9085,5.9829,0.5967,4.2157,-27.8061,16.5949,-28.7774,16.7819,-28.7512,5.0145,-27.1008,-20.3535,-20.5079,12.3792,-0.9713,12.5663,-0.9451,0.7989,0.7053,46,0.1900,46,0,1.0000,0.0000,0.0000,3.0299,1.6513,-0.5609,-2.2350,5.5682,0.0000
4.7000,UKF,jink,0.500,10.00,0.150,1,0.600,1,6.4559,6.3312,-0.1247,1.4931,0.3429,0.1642,0.0193,6.0000,5.0835,0.9039,6.2519,0.5978,3.6691,-27.6029,16.5949,-28.7774,16.7819,-28.7512,4.4044,-26.7880,-20.2256,-19.9282,12.9258,-1.1744,13.1128,-1.1482,0.7353,0.8150,46,0.2000,46,0,1.0000,0.0000,0.0000,3.0032,1.4583,-0.5906,-2.1681,5.5946,0.0000
4.7100,UKF,jink,0.500,10.00,0.150,1,0.600,1,6.4889,6.3826,-0.1063,1.5283,0.3429,0.1642,0.0174,6.0000,5.0835,0.8997,6.6199,0.5989,3.1378,-27.3882,16.5949,-28.7774,16.7819,-28.7512,3.8075,-26.4568,-20.0991,-19.3542,13.4571,-1.3892,13.6442,-1.3630,0.6698,0.9314,46,0.2100,46,0,1.0000,0.0000,0.0000,2.9777,1.2676,-0.6217,-2.1008,5.6202,0.0000
4.7200,UKF,jink,0.500,10.00,0.150,1,0.600,1,6.5242,6.4372,-0.0870,1.5642,0.3429,0.1642,0.0153,6.0000,5.0835,0.8957,7.0905,0.6000,2.6220,-27.1624,16.5949,-28.7774,16.7819,-28.7512,3.2247,-26.1068,-19.9745,-18.7819,13.9729,-1.6150,14.1599,-1.5888,0.6027,1.0555,46,0.2200,46,0,1.0000,0.0000,0.0000,2.9531,1.0794,-0.6548,-2.0332,5.6450,0.0000
4.7300,UKF,jink,0.500,10.00,0.150,1,0.600,1,6.5617,6.4947,-0.0670,1.6007,0.3429,0.1642,0.0130,6.0000,5.0835,0.8920,7.6737,0.6009,2.1220,-26.9258,16.5949,-28.7774,16.7819,-28.7512,2.6564,-25.7361,-19.8525,-18.2032,14.4729,-1.8516,14.6599,-1.8254,0.5344,1.1897,46,0.2300,46,0,1.0000,0.0000,0.0000,2.9295,0.8941,-0.6921,-1.9653,5.6690,0.0000
4.7400,UKF,jink,0.500,10.00,0.150,1,0.600,1,6.6013,6.5540,-0.0473,1.6378,0.3429,0.1642,0.0107,6.0000,5.0835,0.8886,8.4112,0.6018,1.6381,-26.6785,16.5949,-28.7774,16.7819,-28.7512,2.1033,-25.3364,-19.7359,-17.5955,14.9568,-2.0989,15.1438,-2.0727,0.4652,1.3421,46,0.2400,46,0,1.0000,0.0000,0.0000,2.9067,0.7134,-0.7386,-1.8971,5.6922,0.0000
4.7500,UKF,jink,0.500,10.00,0.150,1,0.600,1,6.6427,6.1266,-0.5161,1.2361,0.3429,0.1643,0.0083,6.0000,4.8393,2.2783,5.9385,0.6026,1.1704,-26.4189,9.7394,-29.0179,10.1578,-29.1446,0.0828,-26.6142,-23.7865,-17.4040,8.5690,-2.5991,8.9873,-2.7258,-1.0876,-0.1954,47,0.1500,47,0,1.0000,0.0000,0.0000,2.8841,0.5524,-0.8244,-1.8287,5.7145,0.0000
4.7600,UKF,jink,0.500,10.00,0.150,1,0.600,1,6.6831,6.1238,-0.5594,1.2675,0.3429,0.1643,0.0057,6.0000,4.8393,2.2758,6.8423,0.6034,0.7209,-26.1638,9.7394,-29.0179,10.1578,-29.1446,-0.5005,-26.4950,-24.2948,-17.3243,9.0186,-2.8541,9.4369,-2.9808,-1.2213,-0.3312,47,0.1600,47,0,1.0000,0.0000,0.0000,2.8473,0.7215,-0.8593,-1.7600,5.7361,0.0000
4.7700,UKF,jink,0.500,10.00,0.150,1,0.600,1,6.7227,6.1214,-0.6013,1.2999,0.3429,0.1643,0.0031,6.0000,4.8393,2.2734,8.0011,0.6042,0.2888,-25.9173,9.7394,-29.0179,10.1578,-29.1446,-1.0753,-26.4558,-24.8219,-17.4841,9.4507,-3.1006,9.8690,-3.2273,-1.3641,-0.5385,47,0.1700,47,0,1.0000,0.0000,0.0000,2.8101,0.8939,-0.8438,-1.6910,5.7568,0.0000
4.7800,UKF,jink,0.500,10.00,0.150,1,0.600,1,6.7615,6.1178,-0.6437,1.3333,0.3429,0.1643,0.0003,6.0000,4.8393,2.2713,9.3484,0.6050,-0.1265,-25.6800,9.7394,-29.0179,10.1578,-29.1446,-1.6429,-26.4450,-25.3579,-17.7006,9.8659,-3.3380,10.2842,-3.4647,-1.5164,-0.7650,47,0.1800,47,0,1.0000,0.0000,0.0000,2.7727,1.0639,-0.8180,-1.6218,5.7766,0.0000
4.7900,UKF,jink,0.500,10.00,0.150,1,0.600,1,6.7994,6.1126,-0.6869,1.3675,0.3429,0.1643,0.0025,6.0000,4.8393,2.2693,10.8460,0.6057,-0.5255,-25.4519,9.7394,-29.0179,10.1578,-29.1446,-2.2041,-26.4555,-25.9038,-17.9473,10.2649,-3.5660,10.6832,-3.6927,-1.6786,-1.0036,47,0.1900,47,0,1.0000,0.0000,0.0000,2.7351,1.2317,-0.7880,-1.5524,5.7957,0.0000
4.8000,UKF,jink,0.500,10.00,0.150,1,0.600,1,6.8366,6.1056,-0.7310,1.4026,0.3429,0.1643,0.0054,6.0000,4.8393,2.2675,12.4681,0.6063,-0.9089,-25.2331,9.7394,-29.0179,10.1578,-29.1446,-2.7597,-26.4848,-26.4606,-18.2157,10.6483,-3.7848,11.0666,-3.9115,-1.8508,-1.2517,47,0.2000,47,0,1.0000,0.0000,0.0000,2.6974,1.3974,-0.7560,-1.4827,5.8139,0.0000
4.8100,UKF,jink,0.500,10.00,0.150,1,0.600,1,6.8728,6.0968,-0.7760,1.4385,0.3429,0.1643,0.0083,6.0000,4.8393,2.2674,14.1967,0.6066,-1.2774,-25.0235,9.7394,-29.0179,10.1578,-29.1446,-3.3104,-26.5318,-27.0292,-18.5019,11.0169,-3.9944,11.4352,-4.1211,-2.0330,-1.5083,47,0.2100,47,0,1.0000,0.0000,0.0000,2.6597,1.5613,-0.7228,-1.4129,5.8313,0.0000
4.8200,UKF,jink,0.500,10.00,0.150,1,0.600,1,6.9082,6.0862,-0.8219,1.4753,0.3429,0.1643,0.0110,6.0000,4.8393,2.2748,16.0165,0.6058,-1.6329,-24.8229,9.7394,-29.0179,10.1578,-29.1446,-3.8571,-26.5958,-27.6106,-18.8039,11.3723,-4.1950,11.7906,-4.3217,-2.2243,-1.7728,47,0.2200,47,0,1.0000,0.0000,0.0000,2.6218,1.7234,-0.6891,-1.3428,5.8478,0.0000
4.8300,UKF,jink,0.500,10.00,0.150,1,0.600,1,6.9426,6.0738,-0.8688,1.5128,0.3429,0.1643,0.0137,6.0000,4.8393,2.2820,17.9268,0.6047,-1.9742,-24.6313,9.7394,-29.0179,10.1578,-29.1446,-4.4006,-26.6763,-28.2055,-19.1206,11.7136,-4.3866,12.1319,-4.5133,-2.4264,-2.0450,47,0.2300,47,0,1.0000,0.0000,0.0000,2.5840,1.8837,-0.6551,-1.2725,5.8635,0.0000
4.8400,UKF,jink,0.500,10.00,0.150,1,0.600,1,6.9762,6.0597,-0.9165,1.5510,0.3429,0.1643,0.0162,6.0000,4.8393,2.2824,19.9285,0.6046,-2.3005,-24.4485,9.7394,-29.0179,10.1578,-29.1446,-4.9415,-26.7731,-28.8148,-19.4511,12.0399,-4.5695,12.4583,-4.6962,-2.6410,-2.3247,47,0.2400,47,0,1.0000,0.0000,0.0000,2.5461,2.0423,-0.6210,-1.2021,5.8784,0.0000
4.8500,UKF,jink,0.500,10.00,0.150,1,0.600,1,7.0088,6.4266,-0.5821,1.1865,0.3430,0.1637,0.0188,6.0000,5.3440,2.0823,9.2370,0.6047,-2.6132,-24.2742,3.6691,-27.6029,4.0233,-27.4464,-3.9280,-25.2529,-23.4825,-17.4466,6.2823,-3.3288,6.6364,-3.1722,-1.3148,-0.9787,48,0.1500,48,0,1.0000,0.0000,0.0000,2.5082,2.1993,-0.5871,-1.1314,5.8924,0.0000
4.8600,UKF,jink,0.500,10.00,0.150,1,0.600,1,7.0404,6.4280,-0.6124,1.2190,0.3430,0.1637,0.0214,6.0000,5.3440,2.0809,10.4632,0.6048,-2.9131,-24.1083,3.6691,-27.6029,4.0233,-27.4464,-4.3877,-25.2318,-23.9138,-17.6846,6.5822,-3.4946,6.9364,-3.3380,-1.4745,-1.1235,48,0.1600,48,0,1.0000,0.0000,0.0000,2.4704,2.3547,-0.5532,-1.0607,5.9055,0.0000
4.8700,UKF,jink,0.500,10.00,0.150,1,0.600,1,7.0710,6.4274,-0.6436,1.2525,0.3430,0.1637,0.0240,6.0000,5.3440,2.0796,11.7450,0.6048,-3.2007,-23.9507,3.6691,-27.6029,4.0233,-27.4464,-4.8420,-25.2254,-24.3536,-17.9332,6.8698,-3.6522,7.2239,-3.4956,-1.6413,-1.2746,48,0.1700,48,0,1.0000,0.0000,0.0000,2.4326,2.5085,-0.5197,-0.9897,5.9178,0.0000
4.8800,UKF,jink,0.500,10.00,0.150,1,0.600,1,7.1006,6.4248,-0.6758,1.2869,0.3430,0.1637,0.0267,6.0000,5.3440,2.0783,13.0829,0.6049,-3.4763,-23.8012,3.6691,-27.6029,4.0233,-27.4464,-5.2916,-25.2334,-24.8025,-18.1924,7.1454,-3.8017,7.4995,-3.6451,-1.8153,-1.4321,48,0.1800,48,0,1.0000,0.0000,0.0000,2.3950,2.6607,-0.4864,-0.9186,5.9293,0.0000
4.8900,UKF,jink,0.500,10.00,0.150,1,0.600,1,7.1292,6.4202,-0.7090,1.3222,0.3430,0.1637,0.0294,6.0000,5.3440,2.0772,14.4776,0.6050,-3.7402,-23.6597,3.6691,-27.6029,4.0233,-27.4464,-5.7371,-25.2555,-25.2610,-18.4621,7.4093,-3.9433,7.7635,-3.7867,-1.9969,-1.5959,48,0.1900,48,0,1.0000,0.0000,0.0000,2.3574,2.8113,-0.4535,-0.8474,5.9399,0.0000
4.9000,UKF,jink,0.500,10.00,0.150,1,0.600,1,7.1567,6.4137,-0.7430,1.3584,0.3430,0.1637,0.0322,6.0000,5.3440,2.0762,15.9297,0.6051,-3.9929,-23.5259,3.6691,-27.6029,4.0233,-27.4464,-6.1792,-25.2917,-25.7298,-18.7424,7.6620,-4.0771,8.0161,-3.9205,-2.1863,-1.7658,48,0.2000,48,0,1.0000,0.0000,0.0000,2.3200,2.9605,-0.4209,-0.7761,5.9496,0.0000
4.9100,UKF,jink,0.500,10.00,0.150,1,0.600,1,7.1832,6.4052,-0.7779,1.3955,0.3430,0.1637,0.0350,6.0000,5.3440,2.0752,17.4401,0.6052,-4.2346,-23.3997,3.6691,-27.6029,4.0233,-27.4464,-6.6185,-25.3417,-26.2096,-19.0332,7.9037,-4.2032,8.2578,-4.0466,-2.3839,-1.9419,48,0.2100,48,0,1.0000,0.0000,0.0000,2.2827,3.1081,-0.3887,-0.7046,5.9585,0.0000
4.9200,UKF,jink,0.500,10.00,0.150,1,0.600,1,7.2086,6.3949,-0.8136,1.4334,0.3430,0.1637,0.0379,6.0000,5.3440,2.0744,19.0099,0.6053,-4.4656,-23.2811,3.6691,-27.6029,4.0233,-27.4464,-7.0555,-25.4053,-26.7009,-19.3347,8.1347,-4.3219,8.4888,-4.1653,-2.5899,-2.1242,48,0.2200,48,0,1.0000,0.0000,0.0000,2.2457,3.2543,-0.3570,-0.6331,5.9665,0.0000
4.9300,UKF,jink,0.500,10.00,0.150,1,0.600,1,7.2329,6.3828,-0.8501,1.4720,0.3430,0.1637,0.0394,6.0000,5.3440,2.1035,20.6156,0.6016,-4.6923,-23.1697,3.6691,-27.6029,4.0233,-27.4464,-7.4908,-25.4823,-27.2046,-19.6468,8.3614,-4.4332,8.7156,-4.2766,-2.7985,-2.3126,48,0.2300,48,0,1.0000,0.0000,0.0000,2.2088,3.3990,-0.3257,-0.5614,5.9737,0.0000
4.9400,UKF,jink,0.500,10.00,0.150,1,0.600,1,7.2561,6.3688,-0.8873,1.5115,0.3430,0.1637,0.0394,6.0000,5.3440,2.1661,22.2559,0.5991,-4.9156,-23.0657,3.6691,-27.6029,4.0233,-27.4464,-7.9251,-25.5728,-27.7214,-19.9697,8.5847,-4.5372,8.9389,-4.3807,-3.0095,-2.5071,48,0.2400,48,0,1.0000,0.0000,0.0000,2.1721,3.5423,-0.2949,-0.4897,5.9800,0.0000
4.9500,UKF,jink,0.500,10.00,0.150,1,0.600,1,7.2782,6.9267,-0.3515,1.2494,0.3413,0.1617,0.0376,6.0000,6.1496,1.4073,8.4826,0.6026,-5.1283,-22.9690,-0.9089,-25.2331,-0.6815,-25.2141,-6.4413,-23.7152,-21.0686,-18.5343,4.2195,-2.2641,4.4469,-2.2451,-1.3129,-0.7462,49,0.1500,49,0,1.0000,0.0000,0.0000,2.1357,3.6842,-0.2645,-0.4179,5.9854,0.0000
4.9600,UKF,jink,0.500,10.00,0.150,1,0.600,1,7.2992,6.9299,-0.3693,1.2835,0.3413,0.1617,0.0348,6.0000,6.1496,1.4057,9.4348,0.6004,-5.3193,-22.8792,-0.9089,-25.2331,-0.6815,-25.2141,-6.7714,-23.7204,-21.3845,-18.7779,4.4104,-2.3539,4.6378,-2.3349,-1.4521,-0.8412,49,0.1600,49,0,1.0000,0.0000,0.0000,2.0996,3.8247,-0.2346,-0.3461,5.9900,0.0000
4.9700,UKF,jink,0.500,10.00,0.150,1,0.600,1,7.3190,6.9311,-0.3879,1.3184,0.3413,0.1617,0.0321,6.0000,6.1496,1.4041,10.4316,0.5983,-5.5008,-22.7963,-0.9089,-25.2331,-0.6815,-25.2141,-7.0979,-23.7377,-21.7067,-19.0303,4.5919,-2.4368,4.8193,-2.4179,-1.5972,-0.9414,49,0.1700,49,0,1.0000,0.0000,0.0000,2.0637,3.9637,-0.2051,-0.2742,5.9937,0.0000
4.9800,UKF,jink,0.500,10.00,0.150,1,0.600,1,7.3377,6.9303,-0.4074,1.3542,0.3413,0.1617,0.0295,6.0000,6.1496,1.4024,11.4736,0.5963,-5.6732,-22.7200,-0.9089,-25.2331,-0.6815,-25.2141,-7.4215,-23.7667,-22.0357,-19.2916,4.7643,-2.5131,4.9917,-2.4941,-1.7483,-1.0467,49,0.1800,49,0,1.0000,0.0000,0.0000,2.0281,4.1014,-0.1761,-0.2022,5.9966,0.0000
4.9900,UKF,jink,0.500,10.00,0.150,1,0.600,1,7.3552,6.9276,-0.4277,1.3909,0.3413,0.1617,0.0271,6.0000,6.1496,1.4007,12.5615,0.5944,-5.8366,-22.6504,-0.9089,-25.2331,-0.6815,-25.2141,-7.7425,-23.8073,-22.3720,-19.5619,4.9278,-2.5828,5.1551,-2.5638,-1.9059,-1.1569,49,0.1900,49,0,1.0000,0.0000,0.0000,1.9928,4.2378,-0.1477,-0.1302,5.9986,0.0000
5.0000,UKF,jink,0.500,10.00,0.150,1,0.600,1,7.3716,6.9229,-0.4487,1.4283,0.3413,0.1617,0.0247,6.0000,6.1496,1.3990,13.6959,0.5926,-5.9913,-22.5872,-0.9089,-25.2331,-0.6815,-25.2141,-8.0613,-23.8592,-22.7159,-19.8412,5.0825,-2.6459,5.3098,-2.6270,-2.0699,-1.2721,49,0.2000,49,0,1.0000,0.0000,0.0000,1.9579,4.3728,-0.1197,-0.0583,5.9997,0.0000
5.0100,UKF,jink,0.500,10.00,0.150,1,0.600,1,7.3868,6.9163,-0.4705,1.4666,0.3413,0.1617,0.0223,6.0000,6.1496,1.3973,14.8776,0.5908,-6.1375,-22.5304,-0.9089,-25.2331,-0.6815,-25.2141,-8.3783,-23.9224,-23.0681,-20.1296,5.2287,-2.7027,5.4560,-2.6837,-2.2408,-1.3920,49,0.2100,49,0,1.0000,0.0000,0.0000,1.9233,4.5065,-0.0922,0.0137,6.0000,0.0000
5.0200,UKF,jink,0.500,10.00,0.150,1,0.600,1,7.4009,6.9078,-0.4930,1.5057,0.3413,0.1617,0.0201,6.0000,6.1496,1.3955,16.1075,0.5891,-6.2753,-22.4799,-0.9089,-25.2331,-0.6815,-25.2141,-8.6941,-23.9967,-23.4290,-20.4274,5.3665,-2.7532,5.5938,-2.7342,-2.4188,-1.5168,49,0.2200,49,0,1.0000,0.0000,0.0000,1.8890,4.6389,-0.0652,0.0857,5.9994,0.0000
5.0300,UKF,jink,0.500,10.00,0.150,1,0.600,1,7.4137,6.8975,-0.5162,1.5455,0.3413,0.1617,0.0180,6.0000,6.1496,1.3937,17.3863,0.5875,-6.4050,-22.4356,-0.9089,-25.2331,-0.6815,-25.2141,-9.0089,-24.0819,-23.7991,-20.7345,5.4961,-2.7975,5.7235,-2.7785,-2.6040,-1.6463,49,0.2300,49,0,1.0000,0.0000,0.0000,1.8552,4.7700,-0.0386,0.1577,5.9979,0.0000
5.0400,UKF,jink,0.500,10.00,0.150,1,0.600,1,7.4254,6.8854,-0.5399,1.5861,0.3413,0.1617,0.0160,6.0000,6.1496,1.3920,18.7151,0.5860,-6.5266,-22.3974,-0.9089,-25.2331,-0.6815,-25.2141,-9.3233,-24.1780,-24.1792,-21.0510,5.6177,-2.8357,5.8451,-2.8167,-2.7968,-1.7806,49,0.2400,49,0,1.0000,0.0000,0.0000,1.8217,4.8999,-0.0126,0.2297,5.9956,0.0000
5.0500,UKF,jink,0.500,10.00,0.150,1,0.600,1,7.4358,7.6360,0.2001,1.3780,0.3380,0.1586,0.0106,6.0000,7.6065,1.6344,6.9513,0.5846,-6.6403,-22.3653,-3.9929,-23.5259,-3.7485,-23.6425,-7.7873,-22.8435,-17.5401,-20.1557,2.6474,-1.1606,2.8918,-1.2772,-1.1470,-0.4782,50,0.1500,50,0,1.0000,0.0000,0.0000,1.7886,5.0285,0.0129,0.3016,5.9924,0.0000
5.0600,UKF,jink,0.500,10.00,0.150,1,0.600,1,7.4451,7.6460,0.2009,1.4136,0.3380,0.1586,0.0087,6.0000,7.6065,1.6341,7.6494,0.5834,-6.7466,-22.3392,-3.9929,-23.5259,-3.7485,-23.6425,-8.0041,-22.8748,-17.7325,-20.3916,2.7538,-1.1867,2.9982,-1.3034,-1.2575,-0.5356,50,0.1600,50,0,1.0000,0.0000,0.0000,1.7560,5.1558,0.0379,0.3735,5.9884,0.0000
5.0700,UKF,jink,0.500,10.00,0.150,1,0.600,1,7.4532,7.6540,0.2008,1.4501,0.3380,0.1586,0.0066,6.0000,7.6065,1.6381,8.3783,0.5830,-6.8463,-22.3189,-3.9929,-23.5259,-3.7485,-23.6425,-8.2186,-22.9155,-17.9285,-20.6344,2.8534,-1.2070,3.0978,-1.3236,-1.3724,-0.5966,50,0.1700,50,0,1.0000,0.0000,0.0000,1.7238,5.2819,0.0624,0.4453,5.9835,0.0000
5.0800,UKF,jink,0.500,10.00,0.150,1,0.600,1,7.4601,7.6602,0.2001,1.4874,0.3380,0.1586,0.0046,6.0000,7.6065,1.6421,9.1427,0.5824,-6.9384,-22.3045,-3.9929,-23.5259,-3.7485,-23.6425,-8.4310,-22.9654,-18.1285,-20.8841,2.9455,-1.2214,3.1900,-1.3380,-1.4926,-0.6609,50,0.1800,50,0,1.0000,0.0000,0.0000,1.6921,5.4068,0.0864,0.5171,5.9777,0.0000
5.0900,UKF,jink,0.500,10.00,0.150,1,0.600,1,7.4657,7.6644,0.1987,1.5255,0.3380,0.1586,0.0026,6.0000,7.6065,1.6443,9.9448,0.5817,-7.0229,-22.2959,-3.9929,-23.5259,-3.7485,-23.6425,-8.6416,-23.0245,-18.3328,-21.1408,3.0300,-1.2300,3.2744,-1.3466,-1.6187,-0.7285,50,0.1900,50,0,1.0000,0.0000,0.0000,1.6608,5.5305,0.1099,0.5888,5.9710,0.0000
5.1000,UKF,jink,0.500,10.00,0.150,1,0.600,1,7.4702,7.6668,0.1966,1.5643,0.3380,0.1586,0.0004,6.0000,7.6065,1.6423,10.7878,0.5804,-7.0992,-22.2930,-3.9929,-23.5259,-3.7485,-23.6425,-8.8507,-23.0924,-18.5417,-21.4044,3.1064,-1.2329,3.3508,-1.3495,-1.7515,-0.7994,50,0.2000,50,0,1.0000,0.0000,0.0000,1.6300,5.6530,0.1329,0.6604,5.9635,0.0000
5.1100,UKF,jink,0.500,10.00,0.150,1,0.600,1,7.4734,7.6673,0.1939,1.6040,0.3380,0.1586,0.0016,6.0000,7.6065,1.6403,11.6678,0.5792,-7.1685,-22.2958,-3.9929,-23.5259,-3.7485,-23.6425,-9.0586,-23.1690,-18.7555,-21.6751,3.1756,-1.2301,3.4200,-1.3467,-1.8901,-0.8732,50,0.2100,50,0,1.0000,0.0000,0.0000,1.5997,5.7744,0.1553,0.7319,5.9552,0.0000
5.1200,UKF,jink,0.500,10.00,0.150,1,0.600,1,7.4755,7.6660,0.1905,1.6443,0.3380,0.1586,0.0036,6.0000,7.6065,1.6383,12.5854,0.5780,-7.2307,-22.3042,-3.9929,-23.5259,-3.7485,-23.6425,-9.2655,-23.2542,-18.9745,-21.9529,3.2378,-1.2216,3.4822,-1.3383,-2.0348,-0.9500,50,0.2200,50,0,1.0000,0.0000,0.0000,1.5699,5.8946,0.1772,0.8033,5.9460,0.0000
5.1300,UKF,jink,0.500,10.00,0.150,1,0.600,1,7.4763,7.6629,0.1867,1.6854,0.3380,0.1586,0.0055,6.0000,7.6065,1.6363,13.5410,0.5770,-7.2859,-22.3183,-3.9929,-23.5259,-3.7485,-23.6425,-9.4718,-23.3479,-19.1992,-22.2377,3.2931,-1.2076,3.5375,-1.3243,-2.1859,-1.0296,50,0.2300,50,0,1.0000,0.0000,0.0000,1.5406,6.0136,0.1987,0.8746,5.9359,0.0000
5.1400,UKF,jink,0.500,10.00,0.150,1,0.600,1,7.4759,7.6581,0.1822,1.7272,0.3380,0.1586,0.0074,6.0000,7.6065,1.6344,14.5354,0.5760,-7.3343,-22.3378,-3.9929,-23.5259,-3.7485,-23.6425,-9.6778,-23.4498,-19.4298,-22.5297,3.3415,-1.1881,3.5859,-1.3047,-2.3435,-1.1120,50,0.2400,50,0,1.0000,0.0000,0.0000,1.5119,6.1315,0.2195,0.9458,5.9250,0.0000
5.1500,UKF,jink,0.500,10.00,0.150,1,0.600,1,7.4743,8.1577,0.6834,1.5463,0.3357,0.1564,0.0114,6.0000,8.5351,0.6338,7.1582,0.5750,-7.3760,-22.3629,-5.9913,-22.5872,-5.9089,-22.6649,-8.6682,-22.4256,-15.5160,-21.4794,1.3846,-0.2243,1.4671,-0.3020,-1.2922,-0.0626,51,0.1500,51,0,1.0000,0.0000,0.0000,1.4837,6.2483,0.2399,1.0168,5.9132,0.0000
5.1600,UKF,jink,0.500,10.00,0.150,1,0.600,1,7.4715,8.1680,0.6965,1.5837,0.3357,0.1564,0.0131,6.0000,8.5351,0.6320,7.7928,0.5742,-7.4109,-22.3935,-5.9913,-22.5872,-5.9089,-22.6649,-8.8170,-22.4781,-15.6511,-21.7071,1.4196,-0.1937,1.5020,-0.2714,-1.4061,-0.0845,51,0.1600,51,0,1.0000,0.0000,0.0000,1.4560,6.3640,0.2597,1.0877,5.9006,0.0000
5.1700,UKF,jink,0.500,10.00,0.150,1,0.600,1,7.4674,8.1765,0.7090,1.6218,0.3357,0.1564,0.0147,6.0000,8.5351,0.6303,8.4588,0.5734,-7.4392,-22.4296,-5.9913,-22.5872,-5.9089,-22.6649,-8.9647,-22.5381,-15.7895,-21.9403,1.4478,-0.1576,1.5303,-0.2353,-1.5255,-0.1085,51,0.1700,51,0,1.0000,0.0000,0.0000,1.4289,6.4786,0.2790,1.1584,5.8871,0.0000
5.1800,UKF,jink,0.500,10.00,0.150,1,0.600,1,7.4622,8.1831,0.7209,1.6607,0.3357,0.1564,0.0163,6.0000,8.5351,0.6287,9.1572,0.5727,-7.4609,-22.4711,-5.9913,-22.5872,-5.9089,-22.6649,-9.1114,-22.6055,-15.9314,-22.1790,1.4695,-0.1161,1.5520,-0.1938,-1.6505,-0.1344,51,0.1800,51,0,1.0000,0.0000,0.0000,1.4025,6.5921,0.2977,1.2290,5.8728,0.0000
5.1900,UKF,jink,0.500,10.00,0.150,1,0.600,1,7.4558,8.1880,0.7322,1.7003,0.3357,0.1564,0.0177,6.0000,8.5351,0.6270,9.8888,0.5720,-7.4761,-22.5181,-5.9913,-22.5872,-5.9089,-22.6649,-9.2575,-22.6800,-16.0772,-22.4231,1.4847,-0.0691,1.5672,-0.1468,-1.7814,-0.1620,51,0.1900,51,0,1.0000,0.0000,0.0000,1.3766,6.7045,0.3158,1.2994,5.8576,0.0000
5.2000,UKF,jink,0.500,10.00,0.150,1,0.600,1,7.4481,8.1911,0.7430,1.7407,0.3357,0.1564,0.0191,6.0000,8.5351,0.6255,10.6542,0.5714,-7.4848,-22.5704,-5.9913,-22.5872,-5.9089,-22.6649,-9.4031,-22.7615,-16.2270,-22.6726,1.4934,-0.0167,1.5759,-0.0944,-1.9183,-0.1911,51,0.2000,51,0,1.0000,0.0000,0.0000,1.3513,6.8159,0.3334,1.3696,5.8416,0.0000
5.2100,UKF,jink,0.500,10.00,0.150,1,0.600,1,7.4392,8.1925,0.7532,1.7817,0.3357,0.1564,0.0205,6.0000,8.5351,0.6239,11.4543,0.5709,-7.4871,-22.6283,-5.9913,-22.5872,-5.9089,-22.6649,-9.5484,-22.8499,-16.3812,-22.9274,1.4957,0.0411,1.5782,-0.0366,-2.0614,-0.2216,51,0.2100,51,0,1.0000,0.0000,0.0000,1.3267,6.9262,0.3504,1.4396,5.8247,0.0000
5.2200,UKF,jink,0.500,10.00,0.150,1,0.600,1,7.4292,8.1922,0.7630,1.8234,0.3357,0.1564,0.0218,6.0000,8.5351,0.6224,12.2900,0.5704,-7.4830,-22.6915,-5.9913,-22.5872,-5.9089,-22.6649,-9.6939,-22.9449,-16.5401,-23.1874,1.4916,0.1043,1.5741,0.0266,-2.2109,-0.2534,51,0.2200,51,0,1.0000,0.0000,0.0000,1.3026,7.0356,0.3667,1.5094,5.8071,0.0000
5.2300,UKF,jink,0.500,10.00,0.150,1,0.600,1,7.4179,8.1901,0.7722,1.8658,0.3357,0.1564,0.0230,6.0000,8.5351,0.6210,13.1620,0.5701,-7.4725,-22.7601,-5.9913,-22.5872,-5.9089,-22.6649,-9.8395,-23.0464,-16.7039,-23.4526,1.4812,0.1729,1.5636,0.0952,-2.3670,-0.2863,51,0.2300,51,0,1.0000,0.0000,0.0000,1.2793,7.1438,0.3825,1.5789,5.7885,0.0000
5.2400,UKF,jink,0.500,10.00,0.150,1,0.600,1,7.4055,8.1865,0.7810,1.9089,0.3357,0.1564,0.0242,6.0000,8.5351,0.6196,14.0711,0.5697,-7.4557,-22.8342,-5.9913,-22.5872,-5.9089,-22.6649,-9.9857,-23.1542,-16.8731,-23.7229,1.4644,0.2470,1.5468,0.1693,-2.5300,-0.3201,51,0.2400,51,0,1.0000,0.0000,0.0000,1.2566,7.2511,0.3976,1.6483,5.7692,0.0000
5.2500,UKF,jink,0.500,10.00,0.150,1,0.600,1,7.3918,8.1366,0.7448,1.7045,0.3359,0.1551,0.0251,6.0000,8.2065,0.8882,5.9370,0.5695,-7.4326,-22.9137,-7.0992,-22.2930,-6.9348,-22.3111,-8.4900,-22.7272,-12.6104,-23.9181,0.3334,0.6206,0.4978,0.6026,-1.0574,0.1865,52,0.1500,52,0,1.0000,0.0000,0.0000,1.2345,7.3574,0.4121,1.7174,5.7490,0.0000
5.2600,UKF,jink,0.500,10.00,0.150,1,0.600,1,7.3770,8.1343,0.7573,1.7429,0.3359,0.1551,0.0261,6.0000,8.2065,0.8864,6.5313,0.5693,-7.4032,-22.9986,-7.0992,-22.2930,-6.9348,-22.3111,-8.5715,-22.8151,-12.6981,-24.1821,0.3040,0.7056,0.4684,0.6875,-1.1682,0.1835,52,0.1600,52,0,1.0000,0.0000,0.0000,1.2132,7.4627,0.4259,1.7862,5.7279,0.0000
5.2700,UKF,jink,0.500,10.00,0.150,1,0.600,1,7.3609,8.1302,0.7693,1.7821,0.3359,0.1551,0.0271,6.0000,8.2065,0.8845,7.1604,0.5691,-7.3676,-23.0890,-7.0992,-22.2930,-6.9348,-22.3111,-8.6529,-22.9094,-12.7898,-24.4516,0.2683,0.7959,0.4327,0.7779,-1.2854,0.1796,52,0.1700,52,0,1.0000,0.0000,0.0000,1.1925,7.5671,0.4390,1.8548,5.7061,0.0000
5.2800,UKF,jink,0.500,10.00,0.150,1,0.600,1,7.3437,8.1245,0.7808,1.8220,0.3359,0.1551,0.0281,6.0000,8.2065,0.8826,7.8254,0.5690,-7.3256,-23.1848,-7.0992,-22.2930,-6.9348,-22.3111,-8.7347,-23.0099,-12.8857,-24.7264,0.2264,0.8918,0.3908,0.8737,-1.4091,0.1749,52,0.1800,52,0,1.0000,0.0000,0.0000,1.1726,7.6704,0.4513,1.9232,5.6834,0.0000
5.2900,UKF,jink,0.500,10.00,0.150,1,0.600,1,7.3253,8.1171,0.7918,1.8626,0.3359,0.1551,0.0289,6.0000,8.2065,0.8808,8.5274,0.5690,-7.2774,-23.2861,-7.0992,-22.2930,-6.9348,-22.3111,-8.8169,-23.1165,-12.9862,-25.0064,0.1781,0.9931,0.3425,0.9750,-1.5395,0.1696,52,0.1900,52,0,1.0000,0.0000,0.0000,1.1533,7.7729,0.4629,1.9912,5.6599,0.0000
5.3000,UKF,jink,0.500,10.00,0.150,1,0.600,1,7.3058,8.1081,0.8023,1.9039,0.3359,0.1551,0.0298,6.0000,8.2065,0.8789,9.2674,0.5690,-7.2229,-23.3929,-7.0992,-22.2930,-6.9348,-22.3111,-8.8998,-23.2288,-13.0916,-25.2914,0.1236,1.0999,0.2880,1.0818,-1.6769,0.1641,52,0.2000,52,0,1.0000,0.0000,0.0000,1.1349,7.8743,0.4736,2.0590,5.6356,0.0000
5.3100,UKF,jink,0.500,10.00,0.150,1,0.600,1,7.2850,8.0974,0.8123,1.9458,0.3359,0.1551,0.0305,6.0000,8.2065,0.8770,10.0465,0.5691,-7.1621,-23.5052,-7.0992,-22.2930,-6.9348,-22.3111,-8.9836,-23.3467,-13.2023,-25.5810,0.0628,1.2122,0.2272,1.1941,-1.8216,0.1585,52,0.2100,52,0,1.0000,0.0000,0.0000,1.1171,7.9749,0.4834,2.1265,5.6105,0.0000
5.3200,UKF,jink,0.500,10.00,0.150,1,0.600,1,7.2632,8.0850,0.8219,1.9884,0.3359,0.1551,0.0312,6.0000,8.2065,0.8752,10.8660,0.5693,-7.0950,-23.6231,-7.0992,-22.2930,-6.9348,-22.3111,-9.0686,-23.4699,-13.3188,-25.8751,-0.0043,1.3301,0.1601,1.3120,-1.9736,0.1531,52,0.2200,52,0,1.0000,0.0000,0.0000,1.1002,8.0745,0.4923,2.1937,5.5846,0.0000
5.3300,UKF,jink,0.500,10.00,0.150,1,0.600,1,7.2401,8.0711,0.8310,2.0317,0.3359,0.1551,0.0319,6.0000,8.2065,0.8733,11.7269,0.5695,-7.0215,-23.7465,-7.0992,-22.2930,-6.9348,-22.3111,-9.1550,-23.5982,-13.4414,-26.1731,-0.0777,1.4535,0.0867,1.4354,-2.1334,0.1483,52,0.2300,52,0,1.0000,0.0000,0.0000,1.0840,8.1732,0.5002,2.2605,5.5579,0.0000
5.3400,UKF,jink,0.500,10.00,0.150,1,0.600,1,7.2159,8.0556,0.8397,2.0756,0.3359,0.1551,0.0325,6.0000,8.2065,0.8714,12.6305,0.5697,-6.9417,-23.8755,-7.0992,-22.2930,-6.9348,-22.3111,-9.2430,-23.7312,-13.5706,-26.4745,-0.1575,1.5824,0.0069,1.5644,-2.3012,0.1443,52,0.2400,52,0,1.0000,0.0000,0.0000,1.0686,8.2711,0.5070,2.3271,5.5304,0.0000
5.3500,UKF,jink,0.500,10.00,0.150,1,0.600,1,7.1905,7.7591,0.5686,1.7708,0.3356,0.1540,0.0334,6.0000,7.5252,1.5229,10.4360,0.5700,-6.8555,-24.0100,-7.4848,-22.5704,-7.5801,-22.3333,-8.5097,-23.1481,-11.4840,-26.0401,-0.6292,1.4396,-0.7246,1.6767,-1.6542,0.8619,53,0.1500,53,0,1.0000,0.0000,0.0000,1.0540,8.3680,0.5125,2.3933,5.5020,0.0000
5.3600,UKF,jink,0.500,10.00,0.150,1,0.600,1,7.1640,7.7401,0.5761,1.8087,0.3356,0.1540,0.0339,6.0000,7.5252,1.5231,11.2451,0.5704,-6.7629,-24.1502,-7.4848,-22.5704,-7.5801,-22.3333,-8.5670,-23.2546,-11.5791,-26.3340,-0.7219,1.5797,-0.8172,1.8169,-1.8041,0.8956,53,0.1600,53,0,1.0000,0.0000,0.0000,1.0402,8.4640,0.5167,2.4591,5.4729,0.0000
5.3700,UKF,jink,0.500,10.00,0.150,1,0.600,1,7.1363,7.7195,0.5831,1.8473,0.3356,0.1540,0.0344,6.0000,7.5252,1.5234,12.0981,0.5709,-6.6638,-24.2959,-7.4848,-22.5704,-7.5801,-22.3333,-8.6257,-23.3655,-11.6810,-26.6303,-0.8210,1.7255,-0.9163,1.9626,-1.9619,0.9304,53,0.1700,53,0,1.0000,0.0000,0.0000,1.0272,8.5592,0.5194,2.5246,5.4430,0.0000
5.3800,UKF,jink,0.500,10.00,0.150,1,0.600,1,7.1075,7.6971,0.5896,1.8867,0.3356,0.1540,0.0348,6.0000,7.5252,1.5236,12.9976,0.5713,-6.5582,-24.4472,-7.4848,-22.5704,-7.5801,-22.3333,-8.6862,-23.4804,-11.7902,-26.9277,-0.9266,1.8768,-1.0219,2.1139,-2.1280,0.9668,53,0.1800,53,0,1.0000,0.0000,0.0000,1.0151,8.6535,0.5202,2.5897,5.4123,0.0000
5.3900,UKF,jink,0.500,10.00,0.150,1,0.600,1,7.0776,7.6731,0.5955,1.9268,0.3356,0.1540,0.0354,6.0000,7.5252,1.5227,13.9441,0.5719,-6.4465,-24.6041,-7.4848,-22.5704,-7.5801,-22.3333,-8.7486,-23.5985,-11.9072,-27.2245,-1.0383,2.0336,-1.1336,2.2708,-2.3021,1.0056,53,0.1900,53,0,1.0000,0.0000,0.0000,1.0038,8.7469,0.5190,2.6545,5.3809,0.0000
5.4000,UKF,jink,0.500,10.00,0.150,1,0.600,1,7.0465,7.6474,0.6008,1.9675,0.3356,0.1540,0.0359,6.0000,7.5252,1.5208,14.9415,0.5728,-6.3285,-24.7664,-7.4848,-22.5704,-7.5801,-22.3333,-8.8132,-23.7187,-12.0327,-27.5182,-1.1563,2.1960,-1.2516,2.4331,-2.4846,1.0477,53,0.2000,53,0,1.0000,0.0000,0.0000,0.9935,8.8395,0.5153,2.7189,5.3486,0.0000
5.4100,UKF,jink,0.500,10.00,0.150,1,0.600,1,7.0143,7.6199,0.6056,2.0090,0.3356,0.1540,0.0365,6.0000,7.5252,1.5190,15.9963,0.5736,-6.2039,-24.9341,-7.4848,-22.5704,-7.5801,-22.3333,-8.8803,-23.8397,-12.1673,-27.8050,-1.2809,2.3637,-1.3762,2.6008,-2.6764,1.0945,53,0.2100,53,0,1.0000,0.0000,0.0000,0.9840,8.9311,0.5084,2.7829,5.3156,0.0000
5.4200,UKF,jink,0.500,10.00,0.150,1,0.600,1,6.9809,7.5906,0.6096,2.0512,0.3356,0.1540,0.0369,6.0000,7.5252,1.5173,17.1142,0.5743,-6.0724,-25.1071,-7.4848,-22.5704,-7.5801,-22.3333,-8.9501,-23.9594,-12.3114,-28.0795,-1.4124,2.5367,-1.5077,2.7738,-2.8777,1.1477,53,0.2200,53,0,1.0000,0.0000,0.0000,0.9754,9.0216,0.4976,2.8464,5.2818,0.0000
5.4300,UKF,jink,0.500,10.00,0.150,1,0.600,1,6.9464,7.5594,0.6129,2.0940,0.3356,0.1540,0.0374,6.0000,7.5252,1.5156,18.3032,0.5751,-5.9340,-25.2850,-7.4848,-22.5704,-7.5801,-22.3333,-9.0230,-24.0746,-12.4657,-28.3327,-1.5508,2.7146,-1.6461,2.9518,-3.0890,1.2104,53,0.2300,53,0,1.0000,0.0000,0.0000,0.9677,9.1111,0.4814,2.9096,5.2473,0.0000
5.4400,UKF,jink,0.500,10.00,0.150,1,0.600,1,6.9107,7.5260,0.6153,2.1374,0.3356,0.1540,0.0379,6.0000,7.5252,1.5150,19.5788,0.5757,-5.7880,-25.4674,-7.4848,-22.5704,-7.5801,-22.3333,-9.0990,-24.1799,-12.6301,-28.5488,-1.6968,2.8970,-1.7921,3.1342,-3.3110,1.2875,53,0.2400,53,0,1.0000,0.0000,0.0000,0.9610,9.1989,0.4574,2.9724,5.2120,0.0000
5.4500,UKF,jink,0.500,10.00,0.150,1,0.600,1,6.8738,7.2406,0.3668,1.7192,0.3346,0.1530,0.0395,6.0000,6.7707,0.1401,9.1624,0.5763,-5.6345,-25.6534,-7.2229,-23.3929,-7.2313,-23.3697,-7.3312,-25.5883,-6.8169,-34.6615,-1.5884,2.2605,-1.5968,2.2837,-1.6967,0.0652,54,0.1500,54,0,1.0000,0.0000,0.0000,0.9552,9.2841,0.4211,3.0347,5.1760,0.0000
5.4600,UKF,jink,0.500,10.00,0.150,1,0.600,1,6.8357,7.2047,0.3689,1.7552,0.3346,0.1530,0.0400,6.0000,6.7707,0.1400,10.0285,0.5770,-5.4737,-25.8412,-7.2229,-23.3929,-7.2313,-23.3697,-7.3300,-25.7209,-6.8357,-34.8458,-1.7492,2.4483,-1.7576,2.4715,-1.8564,0.1203,54,0.1600,54,0,1.0000,0.0000,0.0000,0.9501,9.3624,0.3616,3.0966,5.1392,0.0000
5.4700,UKF,jink,0.500,10.00,0.150,1,0.600,1,6.7964,7.1673,0.3709,1.7921,0.3346,0.1530,0.0405,6.0000,6.7707,0.1398,10.9778,0.5778,-5.3051,-26.0258,-7.2229,-23.3929,-7.2313,-23.3697,-7.3242,-25.7687,-6.8296,-34.6529,-1.9178,2.6329,-1.9262,2.6561,-2.0191,0.2571,54,0.1700,54,0,1.0000,0.0000,0.0000,0.9452,9.4115,0.2482,3.1580,5.1016,0.0000
5.4800,UKF,jink,0.500,10.00,0.150,1,0.600,1,6.7570,7.1498,0.3928,1.8300,0.3346,0.1530,0.0410,6.0000,6.7707,0.1395,12.0850,0.5787,-5.1266,-26.1957,-7.2229,-23.3929,-7.2313,-23.3697,-7.2756,-25.6120,-6.6293,-33.4849,-2.0963,2.8028,-2.1047,2.8260,-2.1490,0.5837,54,0.1800,54,0,1.0000,0.0000,0.0000,0.9348,9.2920,0.0676,3.2190,5.0634,0.0000
5.4900,UKF,jink,0.500,10.00,0.150,1,0.600,1,6.7190,7.1583,0.4393,1.8687,0.3346,0.1530,0.0414,6.0000,6.7707,0.1392,13.2569,0.5797,-4.9368,-26.3529,-7.2229,-23.3929,-7.2313,-23.3697,-7.1916,-25.4629,-6.3004,-32.3431,-2.2861,2.9600,-2.2945,2.9832,-2.2549,0.8901,54,0.1900,54,0,1.0000,0.0000,0.0000,0.9199,9.0625,-0.0305,3.2796,5.0244,0.0000
5.5000,UKF,jink,0.500,10.00,0.150,1,0.600,1,6.6826,7.1759,0.4933,1.9081,0.3346,0.1530,0.0417,6.0000,6.7707,0.1390,14.4946,0.5807,-4.7354,-26.4998,-7.2229,-23.3929,-7.2313,-23.3697,-7.0952,-25.3341,-5.9590,-31.3700,-2.4875,3.1069,-2.4959,3.1301,-2.3598,1.1656,54,0.2000,54,0,1.0000,0.0000,0.0000,0.9037,8.8198,-0.0880,3.3396,4.9847,0.0000
5.5100,UKF,jink,0.500,10.00,0.150,1,0.600,1,6.6479,7.1997,0.5518,1.9482,0.3346,0.1530,0.0421,6.0000,6.7707,0.1388,15.8018,0.5816,-4.5222,-26.6372,-7.2229,-23.3929,-7.2313,-23.3697,-6.9886,-25.2064,-5.6164,-30.4851,-2.7006,3.2443,-2.7090,3.2675,-2.4663,1.4307,54,0.2100,54,0,1.0000,0.0000,0.0000,0.8864,8.5735,-0.1275,3.3992,4.9442,0.0000
5.5200,UKF,jink,0.500,10.00,0.150,1,0.600,1,6.6149,7.2288,0.6138,1.9890,0.3346,0.1530,0.0424,6.0000,6.7707,0.1387,17.1757,0.5825,-4.2974,-26.7656,-7.2229,-23.3929,-7.2313,-23.3697,-6.8724,-25.0728,-5.2753,-29.6563,-2.9255,3.3727,-2.9339,3.3959,-2.5750,1.6928,54,0.2200,54,0,1.0000,0.0000,0.0000,0.8680,8.3259,-0.1567,3.4583,4.9031,0.0000
5.5300,UKF,jink,0.500,10.00,0.150,1,0.600,1,6.5838,7.2628,0.6790,2.0305,0.3346,0.1530,0.0427,6.0000,6.7707,0.1386,18.6115,0.5834,-4.0607,-26.8853,-7.2229,-23.3929,-7.2313,-23.3697,-6.7469,-24.9303,-4.9368,-28.8687,-3.1621,3.4924,-3.1705,3.5156,-2.6862,1.9550,54,0.2300,54,0,1.0000,0.0000,0.0000,0.8486,8.0777,-0.1792,3.5169,4.8612,0.0000
5.5400,UKF,jink,0.500,10.00,0.150,1,0.600,1,6.5545,7.3017,0.7473,2.0728,0.3346,0.1530,0.0429,6.0000,6.7707,0.1386,20.1040,0.5843,-3.8123,-26.9964,-7.2229,-23.3929,-7.2313,-23.3697,-6.6122,-24.7777,-4.6011,-28.1143,-3.4106,3.6035,-3.4190,3.6267,-2.8000,2.2187,54,0.2400,54,0,1.0000,0.0000,0.0000,0.8280,7.8292,-0.1971,3.5749,4.8187,0.0000
5.5500,UKF,jink,0.500,10.00,0.150,1,0.600,1,6.5270,6.9612,0.4342,1.5805,0.3334,0.1524,0.0444,6.0000,6.5681,0.3581,12.6134,0.5852,-3.5520,-27.0989,-6.3285,-24.7664,-6.3110,-24.8224,-4.9551,-25.4083,1.2708,-27.9385,-2.7765,2.3325,-2.7589,2.2765,-1.4031,1.6906,55,0.1500,55,0,1.0000,0.0000,0.0000,0.8064,7.5805,-0.2113,3.6325,4.7754,0.0000
5.5600,UKF,jink,0.500,10.00,0.150,1,0.600,1,6.5014,6.9823,0.4810,1.6148,0.3334,0.1524,0.0445,6.0000,6.5681,0.3585,13.8820,0.5860,-3.2800,-27.1929,-6.3285,-24.7664,-6.3110,-24.8224,-4.7811,-25.3044,1.5212,-27.2462,-3.0485,2.4265,-3.0309,2.3705,-1.5010,1.8885,55,0.1600,55,0,1.0000,0.0000,0.0000,0.7836,7.3318,-0.2226,3.6895,4.7315,0.0000
5.5700,UKF,jink,0.500,10.00,0.150,1,0.600,1,6.4776,7.0081,0.5305,1.6500,0.3334,0.1524,0.0447,6.0000,6.5681,0.3589,15.2002,0.5867,-2.9964,-27.2782,-6.3285,-24.7664,-6.3110,-24.8224,-4.5989,-25.1851,1.7694,-26.5720,-3.3321,2.5118,-3.3146,2.4558,-1.6025,2.0931,55,0.1700,55,0,1.0000,0.0000,0.0000,0.7596,7.0831,-0.2316,3.7461,4.6869,0.0000
5.5800,UKF,jink,0.500,10.00,0.150,1,0.600,1,6.4557,7.0384,0.5827,1.6860,0.3334,0.1524,0.0449,6.0000,6.5681,0.3593,16.5652,0.5875,-2.7011,-27.3548,-6.3285,-24.7664,-6.3110,-24.8224,-4.4087,-25.0509,2.0154,-25.9154,-3.6274,2.5884,-3.6098,2.5325,-1.7075,2.3039,55,0.1800,55,0,1.0000,0.0000,0.0000,0.7344,6.8345,-0.2386,3.8020,4.6416,0.0000
5.5900,UKF,jink,0.500,10.00,0.150,1,0.600,1,6.4357,7.0731,0.6375,1.7229,0.3334,0.1524,0.0450,6.0000,6.5681,0.3596,17.9707,0.5881,-2.3944,-27.4229,-6.3285,-24.7664,-6.3110,-24.8224,-4.2111,-24.9032,2.2589,-25.2795,-3.9341,2.6565,-3.9165,2.6005,-1.8166,2.5196,55,0.1900,55,0,1.0000,0.0000,0.0000,0.7081,6.5873,-0.2438,3.8575,4.5957,0.0000
5.6000,UKF,jink,0.500,10.00,0.150,1,0.600,1,6.4175,7.1120,0.6945,1.7605,0.3334,0.1524,0.0451,6.0000,6.5681,0.3600,19.4103,0.5888,-2.0764,-27.4823,-6.3285,-24.7664,-6.3110,-24.8224,-4.0067,-24.7436,2.4996,-24.6664,-4.2521,2.7159,-4.2345,2.6599,-1.9302,2.7387,55,0.2000,55,0,1.0000,0.0000,0.0000,0.6808,6.3427,-0.2474,3.9123,4.5490,0.0000
5.6100,UKF,jink,0.500,10.00,0.150,1,0.600,1,6.4012,7.1550,0.7538,1.7988,0.3334,0.1524,0.0452,6.0000,6.5681,0.3602,20.8800,0.5894,-1.7474,-27.5332,-6.3285,-24.7664,-6.3110,-24.8224,-3.7958,-24.5726,2.7377,-24.0753,-4.5812,2.7668,-4.5636,2.7108,-2.0484,2.9606,55,0.2100,55,0,1.0000,0.0000,0.0000,0.6525,6.1006,-0.2497,3.9666,4.5018,0.0000
5.6200,UKF,jink,0.500,10.00,0.150,1,0.600,1,6.3868,7.2021,0.8154,1.8379,0.3334,0.1524,0.0452,6.0000,6.5681,0.3605,22.3760,0.5900,-1.4074,-27.5756,-6.3285,-24.7664,-6.3110,-24.8224,-3.5788,-24.3912,2.9733,-23.5055,-4.9211,2.8092,-4.9035,2.7532,-2.1713,3.1844,55,0.2200,55,0,1.0000,0.0000,0.0000,0.6232,5.8611,-0.2507,4.0204,4.4538,0.0000
5.6300,UKF,jink,0.500,10.00,0.150,1,0.600,1,6.3742,7.2533,0.8791,1.8777,0.3334,0.1524,0.0453,6.0000,6.5681,0.3608,23.8944,0.5906,-1.0569,-27.6095,-6.3285,-24.7664,-6.3110,-24.8224,-3.3559,-24.2000,3.2067,-22.9563,-5.2716,2.8431,-5.2541,2.7871,-2.2990,3.4095,55,0.2300,55,0,1.0000,0.0000,0.0000,0.5928,5.6241,-0.2507,4.0735,4.4053,0.0000
5.6400,UKF,jink,0.500,10.00,0.150,1,0.600,1,6.3634,7.3084,0.9450,1.9183,0.3334,0.1524,0.0453,6.0000,6.5681,0.3609,25.4312,0.5911,-0.6960,-27.6351,-6.3285,-24.7664,-6.3110,-24.8224,-3.1276,-24.0000,3.4381,-22.4271,-5.6326,2.8687,-5.6150,2.8127,-2.4316,3.6351,55,0.2400,55,0,1.0000,0.0000,0.0000,0.5614,5.3897,-0.2496,4.1261,4.3561,0.0000
5.6500,UKF,jink,0.500,10.00,0.150,1,0.600,1,6.3544,6.6459,0.2915,1.4358,0.3336,0.1526,0.0452,6.0000,5.8994,0.8338,4.9426,0.5916,-0.3250,-27.6524,-4.7354,-26.4998,-4.7598,-26.6348,-1.1766,-27.3181,10.9079,-28.9483,-4.4104,1.1526,-4.4349,1.0176,-0.8516,0.3343,56,0.1500,56,0,1.0000,0.0000,0.0000,0.5289,5.1578,-0.2476,4.1781,4.3063,0.0000
5.6600,UKF,jink,0.500,10.00,0.150,1,0.600,1,6.3472,6.6791,0.3319,1.4693,0.3336,0.1526,0.0452,6.0000,5.8994,0.8345,5.6140,0.5920,0.0558,-27.6614,-4.7354,-26.4998,-4.7598,-26.6348,-0.8777,-27.2208,11.0751,-28.3711,-4.7912,1.1616,-4.8156,1.0266,-0.9335,0.4406,56,0.1600,56,0,1.0000,0.0000,0.0000,0.4954,4.9285,-0.2447,4.2294,4.2558,0.0000
5.6700,UKF,jink,0.500,10.00,0.150,1,0.600,1,6.3418,6.7163,0.3745,1.5037,0.3336,0.1526,0.0452,6.0000,5.8994,0.8351,6.3484,0.5924,0.4461,-27.6623,-4.7354,-26.4998,-4.7598,-26.6348,-0.5738,-27.1092,11.2411,-27.8093,-5.1814,1.1625,-5.2059,1.0275,-1.0198,0.5531,56,0.1700,56,0,1.0000,0.0000,0.0000,0.4609,4.7016,-0.2409,4.2802,4.2047,0.0000
5.6800,UKF,jink,0.500,10.00,0.150,1,0.600,1,6.3383,6.7574,0.4192,1.5390,0.3336,0.1526,0.0452,6.0000,5.8994,0.8357,7.1399,0.5927,0.8455,-27.6551,-4.7354,-26.4998,-4.7598,-26.6348,-0.2652,-26.9841,11.4061,-27.2628,-5.5808,1.1553,-5.6053,1.0203,-1.1107,0.6710,56,0.1800,56,0,1.0000,0.0000,0.0000,0.4253,4.4773,-0.2365,4.3303,4.1531,0.0000
5.6900,UKF,jink,0.500,10.00,0.150,1,0.600,1,6.3365,6.8024,0.4659,1.5752,0.3336,0.1526,0.0452,6.0000,5.8994,0.8362,7.9827,0.5930,1.2537,-27.6400,-4.7354,-26.4998,-4.7598,-26.6348,0.0475,-26.8463,11.5705,-26.7317,-5.9890,1.1402,-6.0135,1.0052,-1.2061,0.7937,56,0.1900,56,0,1.0000,0.0000,0.0000,0.3886,4.2555,-0.2313,4.3799,4.1008,0.0000
5.7000,UKF,jink,0.500,10.00,0.150,1,0.600,1,6.3364,6.8512,0.5147,1.6122,0.3336,0.1526,0.0451,6.0000,5.8994,0.8367,8.8715,0.5932,1.6703,-27.6170,-4.7354,-26.4998,-4.7598,-26.6348,0.3640,-26.6966,11.7344,-26.2161,-6.4057,1.1172,-6.4301,0.9822,-1.3063,0.9205,56,0.2000,56,0,1.0000,0.0000,0.0000,0.3509,4.0362,-0.2254,4.4288,4.0480,0.0000
5.7100,UKF,jink,0.500,10.00,0.150,1,0.600,1,6.3382,6.9038,0.5656,1.6500,0.3336,0.1526,0.0451,6.0000,5.8994,0.8371,9.8015,0.5934,2.0950,-27.5864,-4.7354,-26.4998,-4.7598,-26.6348,0.6838,-26.5358,11.8980,-25.7157,-6.8304,1.0866,-6.8549,0.9516,-1.4112,1.0505,56,0.2100,56,0,1.0000,0.0000,0.0000,0.3122,3.8194,-0.2189,4.4770,3.9945,0.0000
5.7200,UKF,jink,0.500,10.00,0.150,1,0.600,1,6.3417,6.9601,0.6184,1.6887,0.3336,0.1526,0.0451,6.0000,5.8994,0.8375,10.7680,0.5936,2.5274,-27.5481,-4.7354,-26.4998,-4.7598,-26.6348,1.0065,-26.3649,12.0615,-25.2305,-7.2628,1.0484,-7.2872,0.9134,-1.5209,1.1832,56,0.2200,56,0,1.0000,0.0000,0.0000,0.2724,3.6050,-0.2117,4.5246,3.9405,0.0000
5.7300,UKF,jink,0.500,10.00,0.150,1,0.600,1,6.3469,7.0202,0.6732,1.7281,0.3336,0.1526,0.0450,6.0000,5.8994,0.8378,11.7666,0.5937,2.9671,-27.5025,-4.7354,-26.4998,-4.7598,-26.6348,1.3318,-26.1847,12.2250,-24.7605,-7.7025,1.0027,-7.7269,0.8677,-1.6353,1.3178,56,0.2300,56,0,1.0000,0.0000,0.0000,0.2315,3.3931,-0.2038,4.5716,3.8859,0.0000
5.7400,UKF,jink,0.500,10.00,0.150,1,0.600,1,6.3539,7.0839,0.7300,1.7682,0.3336,0.1526,0.0450,6.0000,5.8994,0.8381,12.7932,0.5937,3.4137,-27.4496,-4.7354,-26.4998,-4.7598,-26.6348,1.6591,-25.9960,12.3887,-24.3053,-8.1491,0.9498,-8.1735,0.8148,-1.7546,1.4536,56,0.2400,56,0,1.0000,0.0000,0.0000,0.1896,3.1837,-0.1954,4.6179,3.8308,0.0000
5.7500,UKF,jink,0.500,10.00,0.150,1,0.600,1,6.3627,6.4569,0.0942,1.3066,0.3321,0.1526,0.0464,6.0000,5.6593,1.3289,6.7279,0.5937,3.8668,-27.3896,-2.0764,-27.4823,-1.8438,-27.5720,3.2630,-26.4024,17.3526,-22.6349,-5.9432,-0.0927,-5.7106,-0.1824,-0.6038,0.9872,57,0.1500,57,0,1.0000,0.0000,0.0000,0.1467,2.9768,-0.1864,4.6635,3.7751,0.0000
5.7600,UKF,jink,0.500,10.00,0.150,1,0.600,1,6.3732,6.5016,0.1284,1.3398,0.3321,0.1526,0.0464,6.0000,5.6593,1.3280,7.5749,0.5936,4.3259,-27.3227,-2.0764,-27.4823,-1.8438,-27.5720,3.6389,-26.2152,17.4809,-22.2014,-6.4024,-0.1596,-6.1698,-0.2493,-0.6870,1.1075,57,0.1600,57,0,1.0000,0.0000,0.0000,0.1027,2.7723,-0.1768,4.7085,3.7189,0.0000
5.7700,UKF,jink,0.500,10.00,0.150,1,0.600,1,6.3854,6.5500,0.1646,1.3740,0.3321,0.1526,0.0463,6.0000,5.6593,1.3270,8.4535,0.5935,4.7908,-27.2491,-2.0764,-27.4823,-1.8438,-27.5720,4.0162,-26.0176,17.6095,-21.7813,-6.8672,-0.2332,-6.6346,-0.3229,-0.7745,1.2315,57,0.1700,57,0,1.0000,0.0000,0.0000,0.0577,2.5702,-0.1666,4.7528,3.6621,0.0000
5.7800,UKF,jink,0.500,10.00,0.150,1,0.600,1,6.3993,6.6022,0.2029,1.4091,0.3321,0.1526,0.0462,6.0000,5.6593,1.3260,9.3601,0.5933,5.2608,-27.1689,-2.0764,-27.4823,-1.8438,-27.5720,4.3945,-25.8104,17.7384,-21.3746,-7.3373,-0.3134,-7.1046,-0.4031,-0.8663,1.3585,57,0.1800,57,0,1.0000,0.0000,0.0000,0.0117,2.3706,-0.1557,4.7964,3.6048,0.0000
5.7900,UKF,jink,0.500,10.00,0.150,1,0.600,1,6.4150,6.6582,0.2432,1.4450,0.3321,0.1526,0.0461,6.0000,5.6593,1.3250,10.2912,0.5930,5.7357,-27.0825,-2.0764,-27.4823,-1.8438,-27.5720,4.7732,-25.5947,17.8679,-20.9811,-7.8122,-0.3998,-7.5796,-0.4895,-0.9625,1.4877,57,0.1900,57,0,1.0000,0.0000,0.0000,-0.0352,2.1734,-0.1443,4.8393,3.5470,0.0000
5.8000,UKF,jink,0.500,10.00,0.150,1,0.600,1,6.4323,6.7178,0.2855,1.4818,0.3321,0.1526,0.0461,6.0000,5.6593,1.3241,11.2431,0.5927,6.2151,-26.9899,-2.0764,-27.4823,-1.8438,-27.5720,5.1521,-25.3714,17.9980,-20.6010,-8.2915,-0.4924,-8.0589,-0.5821,-1.0630,1.6185,57,0.2000,57,0,1.0000,0.0000,0.0000,-0.0832,1.9786,-0.1322,4.8815,3.4887,0.0000
5.8100,UKF,jink,0.500,10.00,0.150,1,0.600,1,6.4514,6.7811,0.3297,1.5194,0.3321,0.1526,0.0460,6.0000,5.6593,1.3231,12.2124,0.5923,6.6984,-26.8915,-2.0764,-27.4823,-1.8438,-27.5720,5.5307,-25.1415,18.1290,-20.2341,-8.7748,-0.5908,-8.5422,-0.6805,-1.1677,1.7500,57,0.2100,57,0,1.0000,0.0000,0.0000,-0.1322,1.7862,-0.1195,4.9230,3.4299,0.0000
5.8200,UKF,jink,0.500,10.00,0.150,1,0.600,1,6.4722,6.8479,0.3758,1.5578,0.3321,0.1526,0.0459,6.0000,5.6593,1.3222,13.1954,0.5918,7.1853,-26.7875,-2.0764,-27.4823,-1.8438,-27.5720,5.9087,-24.9059,18.2608,-19.8805,-9.2617,-0.6948,-9.0291,-0.7845,-1.2766,1.8816,57,0.2200,57,0,1.0000,0.0000,0.0000,-0.1821,1.5962,-0.1061,4.9638,3.3705,0.0000
5.8300,UKF,jink,0.500,10.00,0.150,1,0.600,1,6.4946,6.9184,0.4238,1.5969,0.3321,0.1526,0.0458,6.0000,5.6593,1.3212,14.1890,0.5912,7.6754,-26.6781,-2.0764,-27.4823,-1.8438,-27.5720,6.2857,-24.6656,18.3936,-19.5402,-9.7518,-0.8042,-9.5192,-0.8939,-1.3897,2.0125,57,0.2300,57,0,1.0000,0.0000,0.0000,-0.2330,1.4086,-0.0920,5.0039,3.3107,0.0000
5.8400,UKF,jink,0.500,10.00,0.150,1,0.600,1,6.5188,6.9924,0.4737,1.6368,0.3321,0.1526,0.0457,6.0000,5.6593,1.3202,15.1896,0.5906,8.1682,-26.5635,-2.0764,-27.4823,-1.8438,-27.5720,6.6615,-24.4215,18.5275,-19.2131,-10.2447,-0.9188,-10.0120,-1.0084,-1.5068,2.1421,57,0.2400,57,0,1.0000,0.0000,0.0000,-0.2848,1.2234,-0.0772,5.0433,3.2504,0.0000
5.8500,UKF,jink,0.500,10.00,0.150,1,0.600,1,6.5446,6.6159,0.0713,1.2299,0.3331,0.1538,0.0446,6.0000,5.2663,0.6185,8.4084,0.5899,8.6635,-26.4442,1.6703,-27.6170,1.6743,-27.5142,7.1774,-25.9998,20.5362,-21.2323,-6.9932,-1.1728,-6.9891,-1.0701,-1.4861,0.4444,58,0.1500,58,0,1.0000,0.0000,0.0000,-0.3375,1.0406,-0.0615,5.0819,3.1897,0.0000
5.8600,UKF,jink,0.500,10.00,0.150,1,0.600,1,6.5721,6.6741,0.1020,1.2638,0.3331,0.1538,0.0445,6.0000,5.2663,0.6193,9.1064,0.5891,9.1607,-26.3203,1.6703,-27.6170,1.6743,-27.5142,7.5667,-25.8048,20.6721,-20.9165,-7.4904,-1.2968,-7.4864,-1.1940,-1.5940,0.5155,58,0.1600,58,0,1.0000,0.0000,0.0000,-0.3911,0.8602,-0.0449,5.1198,3.1285,0.0000
5.8700,UKF,jink,0.500,10.00,0.150,1,0.600,1,6.6012,6.7358,0.1346,1.2987,0.3331,0.1538,0.0444,6.0000,5.2663,0.6202,9.8266,0.5882,9.6596,-26.1921,1.6703,-27.6170,1.6743,-27.5142,7.9553,-25.6037,20.8085,-20.6125,-7.9893,-1.4249,-7.9852,-1.3222,-1.7043,0.5884,58,0.1700,58,0,1.0000,0.0000,0.0000,-0.4456,0.6822,-0.0273,5.1570,3.0668,0.0000
5.8800,UKF,jink,0.500,10.00,0.150,1,0.600,1,6.6321,6.8011,0.1690,1.3345,0.3331,0.1538,0.0443,6.0000,5.2663,0.6212,10.5663,0.5873,10.1597,-26.0599,1.6703,-27.6170,1.6743,-27.5142,8.3427,-25.3976,20.9454,-20.3210,-8.4894,-1.5571,-8.4853,-1.4543,-1.8169,0.6623,58,0.1800,58,0,1.0000,0.0000,0.0000,-0.5009,0.5066,-0.0086,5.1934,3.0047,0.0000
5.8900,UKF,jink,0.500,10.00,0.150,1,0.600,1,6.6645,6.8698,0.2053,1.3712,0.3331,0.1538,0.0442,6.0000,5.2663,0.6223,11.3229,0.5862,10.6607,-25.9241,1.6703,-27.6170,1.6743,-27.5142,8.7287,-25.1878,21.0829,-20.0424,-8.9904,-1.6929,-8.9863,-1.5901,-1.9319,0.7363,58,0.1900,58,0,1.0000,0.0000,0.0000,-0.5570,0.3334,0.0114,5.2291,2.9422,0.0000
5.9000,UKF,jink,0.500,10.00,0.150,1,0.600,1,6.6987,6.9420,0.2434,1.4087,0.3331,0.1538,0.0441,6.0000,5.2663,0.6234,12.0930,0.5851,11.1622,-25.7850,1.6703,-27.6170,1.6743,-27.5142,9.1130,-24.9755,21.2211,-19.7779,-9.4919,-1.8320,-9.4879,-1.7292,-2.0492,0.8095,58,0.2000,58,0,1.0000,0.0000,0.0000,-0.6140,0.1627,0.0329,5.2640,2.8792,0.0000
5.9100,UKF,jink,0.500,10.00,0.150,1,0.600,1,6.7345,7.0177,0.2833,1.4471,0.3331,0.1538,0.0440,6.0000,5.2663,0.6247,12.8729,0.5838,11.6639,-25.6429,1.6703,-27.6170,1.6743,-27.5142,9.4952,-24.7622,21.3600,-19.5285,-9.9936,-1.9741,-9.9896,-1.8713,-2.1687,0.8808,58,0.2100,58,0,1.0000,0.0000,0.0000,-0.6716,-0.0056,0.0563,5.2982,2.8158,0.0000
5.9200,UKF,jink,0.500,10.00,0.150,1,0.600,1,6.7719,7.0969,0.3250,1.4862,0.3331,0.1538,0.0439,6.0000,5.2663,0.6260,13.6584,0.5826,12.1655,-25.4983,1.6703,-27.6170,1.6743,-27.5142,9.8751,-24.5497,21.4996,-19.2960,-10.4952,-2.1187,-10.4912,-2.0159,-2.2904,0.9487,58,0.2200,58,0,1.0000,0.0000,0.0000,-0.7299,-0.1713,0.0820,5.3316,2.7521,0.0000
5.9300,UKF,jink,0.500,10.00,0.150,1,0.600,1,6.8109,7.1796,0.3686,1.5261,0.3331,0.1538,0.0438,6.0000,5.2663,0.6274,14.4438,0.5812,12.6667,-25.3516,1.6703,-27.6170,1.6743,-27.5142,10.2524,-24.3401,21.6401,-19.0834,-10.9964,-2.2654,-10.9924,-2.1626,-2.4143,1.0115,58,0.2300,58,0,1.0000,0.0000,0.0000,-0.7889,-0.3343,0.1106,5.3643,2.6879,0.0000
5.9400,UKF,jink,0.500,10.00,0.150,1,0.600,1,6.8516,7.2657,0.4141,1.5667,0.3331,0.1538,0.0436,6.0000,5.2663,0.6289,15.2222,0.5797,13.1671,-25.2034,1.6703,-27.6170,1.6743,-27.5142,10.6268,-24.1368,21.7813,-18.8951,-11.4968,-2.4136,-11.4928,-2.3109,-2.5403,1.0666,58,0.2400,58,0,1.0000,0.0000,0.0000,-0.8483,-0.4945,0.1434,5.3961,2.6233,0.0000
5.9500,UKF,jink,0.500,10.00,0.150,1,0.600,1,6.8939,6.8071,-0.0869,1.2569,0.3345,0.1550,0.0421,6.0000,5.2577,1.2445,8.0662,0.5780,13.6665,-25.0543,6.2151,-26.9899,6.2456,-26.7860,12.5552,-24.1618,26.3645,-17.4886,-7.4514,-1.9356,-7.4208,-1.7317,-1.1113,0.8925,59,0.1500,59,0,1.0000,0.0000,0.0000,-0.9079,-0.6512,0.1822,5.4272,2.5584,0.0000
5.9600,UKF,jink,0.500,10.00,0.150,1,0.600,1,6.9379,6.8775,-0.0603,1.2911,0.3345,0.1550,0.0419,6.0000,5.2577,1.2462,8.5543,0.5763,14.1645,-24.9053,6.2151,-26.9899,6.2456,-26.7860,12.9766,-23.9702,26.4925,-17.3766,-7.9494,-2.0846,-7.9189,-1.8807,-1.1879,0.9351,59,0.1600,59,0,1.0000,0.0000,0.0000,-0.9672,-0.8033,0.2310,5.4575,2.4931,0.0000
5.9700,UKF,jink,0.500,10.00,0.150,1,0.600,1,6.9834,6.9517,-0.0317,1.3262,0.3345,0.1550,0.0418,6.0000,5.2577,1.2480,8.9542,0.5745,14.6608,-24.7584,6.2151,-26.9899,6.2456,-26.7860,13.3921,-23.8087,26.6219,-17.3546,-8.4458,-2.2315,-8.4152,-2.0276,-1.2687,0.9497,59,0.1700,59,0,1.0000,0.0000,0.0000,-1.0243,-0.9467,0.2997,5.4870,2.4274,0.0000
5.9800,UKF,jink,0.500,10.00,0.150,1,0.600,1,7.0306,7.0273,-0.0033,1.3623,0.3345,0.1550,0.0416,6.0000,5.2577,1.2499,9.0894,0.5725,15.1547,-24.6189,6.2151,-26.9899,6.2456,-26.7860,13.7926,-23.7452,26.7582,-17.5878,-8.9396,-2.3710,-8.9090,-2.1670,-1.3621,0.8738,59,0.1800,59,0,1.0000,0.0000,0.0000,-1.0668,-1.0544,0.4226,5.5158,2.3614,0.0000
5.9900,UKF,jink,0.500,10.00,0.150,1,0.600,1,7.0771,7.0667,-0.0104,1.3995,0.3345,0.1550,0.0415,6.0000,5.2577,1.2519,9.1623,0.5704,15.6427,-24.4960,6.2151,-26.9899,6.2456,-26.7860,14.1153,-23.8610,26.9324,-18.1807,-9.4276,-2.4939,-9.3970,-2.2900,-1.5273,0.6350,59,0.1900,59,0,1.0000,0.0000,0.0000,-1.0108,-0.9454,0.5621,5.5437,2.2950,0.0000
6.0000,UKF,jink,0.500,10.00,0.150,1,0.600,1,7.1221,7.0858,-0.0363,1.4376,0.3345,0.1550,0.0413,6.0000,5.2577,1.2539,9.8116,0.5684,16.1242,-24.3841,6.2151,-26.9899,6.2456,-26.7860,14.4077,-23.8992,27.1134,-18.4934,-9.9091,-2.6058,-9.8786,-2.4019,-1.7165,0.4849,59,0.2000,59,0,1.0000,0.0000,0.0000,-0.9268,-0.7785,0.6031,5.5709,2.2283,0.0000
6.0100,UKF,jink,0.500,10.00,0.150,1,0.600,1,7.1664,7.0985,-0.0678,1.4764,0.3345,0.1550,0.0422,6.0000,5.2577,1.2570,10.6238,0.5657,16.5909,-24.2771,6.2151,-26.9899,6.2456,-26.7860,14.6893,-23.9056,27.2949,-18.6936,-10.3759,-2.7128,-10.3453,-2.5088,-1.9017,0.3716,59,0.2100,59,0,1.0000,0.0000,0.0000,-0.8405,-0.6086,0.6108,5.5437,2.2950,0.0000
6.0200,UKF,jink,0.500,10.00,0.150,1,0.600,1,7.2098,7.1074,-0.1024,1.5160,0.3345,0.1550,0.0429,6.0000,5.2577,1.2599,11.4924,0.5631,17.0442,-24.1741,6.2151,-26.9899,6.2456,-26.7860,14.9621,-23.9058,27.4763,-18.8583,-10.8292,-2.8158,-10.7986,-2.6119,-2.0822,0.2682,59,0.2200,59,0,1.0000,0.0000,0.0000,-0.7542,-0.4403,0.6075,5.5158,2.3614,0.0000
6.0300,UKF,jink,0.500,10.00,0.150,1,0.600,1,7.2525,7.1129,-0.1396,1.5563,0.3345,0.1550,0.0434,6.0000,5.2577,1.2627,12.3860,0.5607,17.4845,-24.0745,6.2151,-26.9899,6.2456,-26.7860,15.2267,-23.9067,27.6578,-19.0075,-11.2694,-2.9154,-11.2388,-2.7114,-2.2578,0.1678,59,0.2300,59,0,1.0000,0.0000,0.0000,-0.6682,-0.2739,0.5989,5.4870,2.4274,0.0000
6.0400,UKF,jink,0.500,10.00,0.150,1,0.600,1,7.2942,7.1153,-0.1790,1.5974,0.3345,0.1550,0.0438,6.0000,5.2577,1.2654,13.2905,0.5585,17.9121,-23.9782,6.2151,-26.9899,6.2456,-26.7860,15.4835,-23.9107,27.8396,-19.1493,-11.6970,-3.0117,-11.6664,-2.8078,-2.4286,0.0675,59,0.2400,59,0,1.0000,0.0000,0.0000,-0.5824,-0.1096,0.5872,5.4575,2.4931,0.0000
6.0500,UKF,jink,0.500,10.00,0.150,1,0.600,1,7.3352,6.8907,-0.4445,1.3122,0.3360,0.1556,0.0426,6.0000,4.9723,1.3287,9.4027,0.5564,18.3273,-23.8848,11.1622,-25.7850,11.0432,-25.5937,16.7535,-24.5242,30.7526,-20.9436,-7.1651,-1.9002,-7.2841,-1.7088,-1.5739,-0.6393,60,0.1500,60,0,1.0000,0.0000,0.0000,-0.4969,0.0527,0.5735,5.4272,2.5584,0.0000
6.0600,UKF,jink,0.500,10.00,0.150,1,0.600,1,7.3752,6.8992,-0.4760,1.3473,0.3360,0.1556,0.0427,6.0000,4.9723,1.3285,10.0793,0.5544,18.7307,-23.7944,11.1622,-25.7850,11.0432,-25.5937,17.0690,-24.5285,31.0041,-21.0962,-7.5685,-1.9906,-7.6874,-1.7993,-1.6616,-0.7341,60,0.1600,60,0,1.0000,0.0000,0.0000,-0.4118,0.2131,0.5584,5.3961,2.6233,0.0000
6.0700,UKF,jink,0.500,10.00,0.150,1,0.600,1,7.4143,6.9047,-0.5096,1.3833,0.3360,0.1556,0.0427,6.0000,4.9723,1.3283,10.7554,0.5526,19.1224,-23.7067,11.1622,-25.7850,11.0432,-25.5937,17.3774,-24.5399,31.2583,-21.2509,-7.9602,-2.0783,-8.0791,-1.8870,-1.7450,-0.8332,60,0.1700,60,0,1.0000,0.0000,0.0000,-0.3270,0.3715,0.5424,5.3643,2.6879,0.0000
6.0800,UKF,jink,0.500,10.00,0.150,1,0.600,1,7.4525,6.9074,-0.5451,1.4201,0.3360,0.1556,0.0425,6.0000,4.9723,1.3281,11.4317,0.5509,19.5027,-23.6216,11.1622,-25.7850,11.0432,-25.5937,17.6789,-24.5583,31.5157,-21.4088,-8.3405,-2.1634,-8.4595,-1.9720,-1.8238,-0.9366,60,0.1800,60,0,1.0000,0.0000,0.0000,-0.2425,0.5281,0.5256,5.3316,2.7521,0.0000
6.0900,UKF,jink,0.500,10.00,0.150,1,0.600,1,7.4898,6.9071,-0.5827,1.4578,0.3360,0.1556,0.0422,6.0000,4.9723,1.3278,12.1092,0.5494,19.8721,-23.5392,11.1622,-25.7850,11.0432,-25.5937,17.9741,-24.5836,31.7764,-21.5705,-8.7099,-2.2458,-8.8289,-2.0545,-1.8980,-1.0445,60,0.1900,60,0,1.0000,0.0000,0.0000,-0.1585,0.6828,0.5084,5.2982,2.8158,0.0000
6.1000,UKF,jink,0.500,10.00,0.150,1,0.600,1,7.5261,6.9040,-0.6221,1.4962,0.3360,0.1556,0.0418,6.0000,4.9723,1.3276,12.7888,0.5480,20.2307,-23.4592,11.1622,-25.7850,11.0432,-25.5937,18.2634,-24.6160,32.0409,-21.7368,-9.0685,-2.3258,-9.1875,-2.1345,-1.9673,-1.1568,60,0.2000,60,0,1.0000,0.0000,0.0000,-0.0748,0.8356,0.4909,5.2640,2.8792,0.0000
6.1100,UKF,jink,0.500,10.00,0.150,1,0.600,1,7.5615,6.8982,-0.6633,1.5354,0.3360,0.1556,0.0413,6.0000,4.9723,1.3273,13.4716,0.5467,20.5789,-23.3817,11.1622,-25.7850,11.0432,-25.5937,18.5471,-24.6554,32.3095,-21.9082,-9.4167,-2.4033,-9.5357,-2.2120,-2.0318,-1.2737,60,0.2100,60,0,1.0000,0.0000,0.0000,0.0084,0.9867,0.4731,5.2291,2.9422,0.0000
6.1200,UKF,jink,0.500,10.00,0.150,1,0.600,1,7.5959,6.8896,-0.7064,1.5754,0.3360,0.1556,0.0406,6.0000,4.9723,1.3269,14.1588,0.5455,20.9169,-23.3066,11.1622,-25.7850,11.0432,-25.5937,18.8256,-24.7018,32.5825,-22.0853,-9.7547,-2.4784,-9.8736,-2.2871,-2.0913,-1.3952,60,0.2200,60,0,1.0000,0.0000,0.0000,0.0913,1.1361,0.4551,5.1934,3.0047,0.0000
6.1300,UKF,jink,0.500,10.00,0.150,1,0.600,1,7.6294,6.8782,-0.7512,1.6161,0.3360,0.1556,0.0399,6.0000,4.9723,1.3266,14.8518,0.5443,21.2449,-23.2338,11.1622,-25.7850,11.0432,-25.5937,19.0993,-24.7552,32.8605,-22.2685,-10.0827,-2.5512,-10.2017,-2.3598,-2.1456,-1.5213,60,0.2300,60,0,1.0000,0.0000,0.0000,0.1737,1.2837,0.4371,5.1570,3.0668,0.0000
6.1400,UKF,jink,0.500,10.00,0.150,1,0.600,1,7.6619,6.8642,-0.7976,1.6575,0.3360,0.1556,0.0390,6.0000,4.9723,1.3263,15.5519,0.5433,21.5632,-23.1634,11.1622,-25.7850,11.0432,-25.5937,19.3686,-24.8156,33.1437,-22.4582,-10.4010,-2.6216,-10.5200,-2.4303,-2.1946,-1.6523,60,0.2400,60,0,1.0000,0.0000,0.0000,0.2556,1.4296,0.4190,5.1198,3.1285,0.0000
6.1500,UKF,jink,0.500,10.00,0.150,1,0.600,1,7.6934,6.9415,-0.7519,1.4031,0.3373,0.1551,0.0368,6.0000,5.2606,0.7969,4.2802,0.5424,21.8721,-23.0952,16.1242,-24.3841,16.1787,-24.5079,21.7037,-23.7938,37.6362,-20.7647,-5.7479,-1.2889,-5.6934,-1.4126,-0.1683,-0.6986,61,0.1500,61,0,1.0000,0.0000,0.0000,0.3371,1.5739,0.4009,5.0819,3.1897,0.0000
6.1600,UKF,jink,0.500,10.00,0.150,1,0.600,1,7.7239,6.9350,-0.7889,1.4389,0.3373,0.1551,0.0357,6.0000,5.2606,0.7973,4.6996,0.5416,22.1716,-23.0293,16.1242,-24.3841,16.1787,-24.5079,22.0484,-23.8067,38.0168,-20.8907,-6.0474,-1.3548,-5.9929,-1.4786,-0.1233,-0.7774,61,0.1600,61,0,1.0000,0.0000,0.0000,0.4181,1.7166,0.3828,5.0433,3.2504,0.0000
6.1700,UKF,jink,0.500,10.00,0.150,1,0.600,1,7.7535,6.9258,-0.8277,1.4754,0.3373,0.1551,0.0349,6.0000,5.2606,0.7942,5.1636,0.5404,22.4636,-22.9656,16.1242,-24.3841,16.1787,-24.5079,22.3897,-23.8260,38.4059,-21.0217,-6.3394,-1.4185,-6.2849,-1.5423,-0.0739,-0.8604,61,0.1700,61,0,1.0000,0.0000,0.0000,0.4986,1.8576,0.3648,5.0039,3.3107,0.0000
6.1800,UKF,jink,0.500,10.00,0.150,1,0.600,1,7.7820,6.9140,-0.8680,1.5127,0.3373,0.1551,0.0340,6.0000,5.2606,0.7910,5.6713,0.5392,22.7467,-22.9041,16.1242,-24.3841,16.1787,-24.5079,22.7283,-23.8519,38.8042,-21.1579,-6.6225,-1.4800,-6.5680,-1.6038,-0.0184,-0.9478,61,0.1800,61,0,1.0000,0.0000,0.0000,0.5786,1.9970,0.3468,4.9638,3.3705,0.0000
6.1900,UKF,jink,0.500,10.00,0.150,1,0.600,1,7.8095,6.8996,-0.9099,1.5507,0.3373,0.1551,0.0331,6.0000,5.2606,0.7892,6.2234,0.5381,23.0205,-22.8447,16.1242,-24.3841,16.1787,-24.5079,23.0644,-23.8842,39.2123,-21.2996,-6.8963,-1.5394,-6.8418,-1.6631,0.0440,-1.0395,61,0.1900,61,0,1.0000,0.0000,0.0000,0.6581,2.1349,0.3290,4.9230,3.4299,0.0000
6.2000,UKF,jink,0.500,10.00,0.150,1,0.600,1,7.8361,6.8827,-0.9533,1.5895,0.3373,0.1551,0.0324,6.0000,5.2606,0.7896,6.8217,0.5373,23.2849,-22.7875,16.1242,-24.3841,16.1787,-24.5079,23.3986,-23.9229,39.6307,-21.4469,-7.1607,-1.5966,-7.1062,-1.7204,0.1137,-1.1354,61,0.2000,61,0,1.0000,0.0000,0.0000,0.7371,2.2713,0.3113,4.8815,3.4887,0.0000
6.2100,UKF,jink,0.500,10.00,0.150,1,0.600,1,7.8616,6.8634,-0.9982,1.6290,0.3373,0.1551,0.0316,6.0000,5.2606,0.7900,7.4669,0.5366,23.5410,-22.7324,16.1242,-24.3841,16.1787,-24.5079,23.7313,-23.9682,40.0603,-21.6002,-7.4168,-1.6517,-7.3623,-1.7755,0.1903,-1.2357,61,0.2100,61,0,1.0000,0.0000,0.0000,0.8155,2.4062,0.2937,4.8393,3.5470,0.0000
6.2200,UKF,jink,0.500,10.00,0.150,1,0.600,1,7.8861,6.8415,-1.0446,1.6692,0.3373,0.1551,0.0306,6.0000,5.2606,0.7905,8.1600,0.5360,23.7889,-22.6794,16.1242,-24.3841,16.1787,-24.5079,24.0627,-24.0198,40.5016,-21.7596,-7.6647,-1.7047,-7.6102,-1.8285,0.2738,-1.3405,61,0.2200,61,0,1.0000,0.0000,0.0000,0.8934,2.5395,0.2763,4.7964,3.6048,0.0000
6.2300,UKF,jink,0.500,10.00,0.150,1,0.600,1,7.9096,6.8173,-1.0923,1.7101,0.3373,0.1551,0.0296,6.0000,5.2606,0.7910,8.9019,0.5354,24.0288,-22.6284,16.1242,-24.3841,16.1787,-24.5079,24.3935,-24.0781,40.9556,-21.9254,-7.9046,-1.7557,-7.8501,-1.8794,0.3647,-1.4496,61,0.2300,61,0,1.0000,0.0000,0.0000,0.9707,2.6715,0.2590,4.7528,3.6621,0.0000
6.2400,UKF,jink,0.500,10.00,0.150,1,0.600,1,7.9321,6.7907,-1.1414,1.7516,0.3373,0.1551,0.0285,6.0000,5.2606,0.7915,9.6939,0.5349,24.2609,-22.5795,16.1242,-24.3841,16.1787,-24.5079,24.7240,-24.1429,41.4230,-22.0978,-8.1367,-1.8046,-8.0822,-1.9283,0.4630,-1.5633,61,0.2400,61,0,1.0000,0.0000,0.0000,1.0474,2.8020,0.2419,4.7085,3.7189,0.0000
6.2500,UKF,jink,0.500,10.00,0.150,1,0.600,1,7.9535,7.0261,-0.9274,1.4554,0.3375,0.1537,0.0271,6.0000,5.4764,1.1664,7.1300,0.5345,24.4853,-22.5327,20.2307,-23.4592,20.2256,-23.6566,25.5381,-23.2249,41.9757,-20.6790,-4.2545,-0.9265,-4.2596,-1.1239,1.0529,-0.6923,62,0.1500,62,0,1.0000,0.0000,0.0000,1.1236,2.9311,0.2250,4.6635,3.7751,0.0000
6.2600,UKF,jink,0.500,10.00,0.150,1,0.600,1,7.9739,7.0102,-0.9637,1.4911,0.3375,0.1537,0.0258,6.0000,5.4764,1.1659,7.9118,0.5342,24.7020,-22.4878,20.2307,-23.4592,20.2256,-23.6566,25.8794,-23.2440,42.4280,-20.7955,-4.4713,-0.9714,-4.4764,-1.1688,1.1773,-0.7562,62,0.1600,62,0,1.0000,0.0000,0.0000,1.1992,3.0588,0.2082,4.6179,3.8308,0.0000
6.2700,UKF,jink,0.500,10.00,0.150,1,0.600,1,7.9933,6.9920,-1.0014,1.5275,0.3375,0.1537,0.0245,6.0000,5.4764,1.1656,8.7390,0.5340,24.9114,-22.4450,20.2307,-23.4592,20.2256,-23.6566,26.2201,-23.2689,42.8927,-20.9171,-4.6806,-1.0142,-4.6857,-1.2116,1.3087,-0.8239,62,0.1700,62,0,1.0000,0.0000,0.0000,1.2741,3.1851,0.1917,4.5716,3.8859,0.0000
6.2800,UKF,jink,0.500,10.00,0.150,1,0.600,1,8.0117,6.9713,-1.0404,1.5647,0.3375,0.1537,0.0231,6.0000,5.4764,1.1652,9.6127,0.5338,25.1134,-22.4041,20.2307,-23.4592,20.2256,-23.6566,26.5608,-23.2996,43.3705,-21.0437,-4.8826,-1.0551,-4.8878,-1.2525,1.4474,-0.8955,62,0.1800,62,0,1.0000,0.0000,0.0000,1.3485,3.3101,0.1753,4.5246,3.9405,0.0000
6.2900,UKF,jink,0.500,10.00,0.150,1,0.600,1,8.0290,6.9484,-1.0807,1.6026,0.3375,0.1537,0.0216,6.0000,5.4764,1.1650,10.5342,0.5337,25.3082,-22.3653,20.2307,-23.4592,20.2256,-23.6566,26.9018,-23.3362,43.8623,-21.1756,-5.0774,-1.0939,-5.0826,-1.2913,1.5936,-0.9709,62,0.1900,62,0,1.0000,0.0000,0.0000,1.4222,3.4338,0.1591,4.4770,3.9945,0.0000
6.3000,UKF,jink,0.500,10.00,0.150,1,0.600,1,8.0453,6.9231,-1.1222,1.6412,0.3375,0.1537,0.0200,6.0000,5.4764,1.1647,11.5051,0.5337,25.4959,-22.3284,20.2307,-23.4592,20.2256,-23.6566,27.2435,-23.3786,44.3688,-21.3130,-5.2651,-1.1308,-5.2703,-1.3282,1.7476,-1.0502,62,0.2000,62,0,1.0000,0.0000,0.0000,1.4954,3.5562,0.1432,4.4288,4.0480,0.0000
6.3100,UKF,jink,0.500,10.00,0.150,1,0.600,1,8.0606,6.8956,-1.1649,1.6806,0.3375,0.1537,0.0184,6.0000,5.4764,1.1646,12.5268,0.5337,25.6766,-22.2935,20.2307,-23.4592,20.2256,-23.6566,27.5865,-23.4269,44.8910,-21.4559,-5.4459,-1.1657,-5.4510,-1.3630,1.9099,-1.1333,62,0.2100,62,0,1.0000,0.0000,0.0000,1.5678,3.6773,0.1274,4.3799,4.1008,0.0000
6.3200,UKF,jink,0.500,10.00,0.150,1,0.600,1,8.0748,6.8660,-1.2088,1.7206,0.3375,0.1537,0.0166,6.0000,5.4764,1.1646,13.6010,0.5339,25.8505,-22.2606,20.2307,-23.4592,20.2256,-23.6566,27.9310,-23.4811,45.4298,-21.6045,-5.6197,-1.1986,-5.6248,-1.3960,2.0806,-1.2204,62,0.2200,62,0,1.0000,0.0000,0.0000,1.6397,3.7972,0.1119,4.3303,4.1531,0.0000
6.3300,UKF,jink,0.500,10.00,0.150,1,0.600,1,8.0879,6.8342,-1.2538,1.7613,0.3375,0.1537,0.0149,6.0000,5.4764,1.1646,14.7292,0.5340,26.0175,-22.2297,20.2307,-23.4592,20.2256,-23.6566,28.2776,-23.5412,45.9863,-21.7589,-5.7868,-1.2295,-5.7919,-1.4269,2.2601,-1.3115,62,0.2300,62,0,1.0000,0.0000,0.0000,1.7109,3.9158,0.0966,4.2802,4.2047,0.0000
6.3401,UKF,jink,0.500,10.00,0.150,1,0.600,1,8.1000,6.8002,-1.2998,1.8027,0.3375,0.1537,0.0130,6.0000,5.4764,1.1647,15.9135,0.5342,26.1779,-22.2007,20.2307,-23.4592,20.2256,-23.6566,28.6268,-23.6074,46.5614,-21.9194,-5.9472,-1.2585,-5.9523,-1.4559,2.4489,-1.4067,62,0.2400,62,0,1.0000,0.0000,0.0000,1.7814,4.0333,0.0815,4.2294,4.2558,0.0000
6.3501,UKF,jink,0.500,10.00,0.150,1,0.600,1,8.1111,7.3827,-0.7284,1.4873,0.3381,0.1527,0.0106,6.0000,5.9159,1.8056,8.2598,0.5346,26.3317,-22.1737,23.2849,-22.7875,23.1544,-23.0676,27.6519,-22.8201,41.4391,-21.1853,-3.0468,-0.6138,-3.1773,-0.8939,1.3203,-0.6465,63,0.1500,63,0,1.0000,0.0000,0.0000,1.8513,4.1495,0.0666,4.1781,4.3063,0.0000
6.3601,UKF,jink,0.500,10.00,0.150,1,0.600,1,8.1212,7.3659,-0.7553,1.5228,0.3381,0.1527,0.0086,6.0000,5.9159,1.8051,9.0547,0.5349,26.4790,-22.1486,23.2849,-22.7875,23.1544,-23.0676,27.9327,-22.8459,41.8264,-21.3103,-3.1941,-0.6389,-3.3245,-0.9189,1.4537,-0.6973,63,0.1600,63,0,1.0000,0.0000,0.0000,1.9205,4.2645,0.0519,4.1261,4.3561,0.0000
6.3701,UKF,jink,0.500,10.00,0.150,1,0.600,1,8.1302,7.3469,-0.7833,1.5592,0.3381,0.1527,0.0066,6.0000,5.9159,1.8047,9.8924,0.5353,26.6198,-22.1255,23.2849,-22.7875,23.1544,-23.0676,28.2138,-22.8769,42.2245,-21.4406,-3.3349,-0.6620,-3.4654,-0.9420,1.5940,-0.7513,63,0.1700,63,0,1.0000,0.0000,0.0000,1.9890,4.3785,0.0375,4.0735,4.4053,0.0000
6.3801,UKF,jink,0.500,10.00,0.150,1,0.600,1,8.1381,7.3257,-0.8124,1.5964,0.3381,0.1527,0.0045,6.0000,5.9159,1.8044,10.7739,0.5358,26.7542,-22.1044,23.2849,-22.7875,23.1544,-23.0676,28.4955,-22.9131,42.6341,-21.5763,-3.4694,-0.6831,-3.5998,-0.9631,1.7413,-0.8087,63,0.1800,63,0,1.0000,0.0000,0.0000,2.0569,4.4912,0.0233,4.0204,4.4538,0.0000
6.3901,UKF,jink,0.500,10.00,0.150,1,0.600,1,8.1450,7.3024,-0.8426,1.6343,0.3381,0.1527,0.0024,6.0000,5.9159,1.8041,11.7005,0.5363,26.8824,-22.0853,23.2849,-22.7875,23.1544,-23.0676,28.7783,-22.9545,43.0558,-21.7177,-3.5975,-0.7023,-3.7280,-0.9823,1.8959,-0.8693,63,0.1900,63,0,1.0000,0.0000,0.0000,2.1240,4.6029,0.0093,3.9666,4.5018,0.0000
6.4001,UKF,jink,0.500,10.00,0.150,1,0.600,1,8.1509,7.2770,-0.8739,1.6730,0.3381,0.1527,0.0002,6.0000,5.9159,1.8040,12.6735,0.5369,27.0043,-22.0681,23.2849,-22.7875,23.1544,-23.0676,29.0624,-23.0013,43.4904,-21.8647,-3.7194,-0.7194,-3.8499,-0.9995,2.0581,-0.9332,63,0.2000,63,0,1.0000,0.0000,0.0000,2.1905,4.7135,-0.0045,3.9123,4.5490,0.0000
6.4101,UKF,jink,0.500,10.00,0.150,1,0.600,1,8.1557,7.2495,-0.9062,1.7124,0.3381,0.1527,0.0020,6.0000,5.9159,1.8039,13.6943,0.5376,27.1201,-22.0529,23.2849,-22.7875,23.1544,-23.0676,29.3483,-23.0533,43.9387,-22.0177,-3.8352,-0.7346,-3.9657,-1.0147,2.2282,-1.0005,63,0.2100,63,0,1.0000,0.0000,0.0000,2.2562,4.8230,-0.0180,3.8575,4.5957,0.0000
6.4201,UKF,jink,0.500,10.00,0.150,1,0.600,1,8.1594,7.2200,-0.9394,1.7525,0.3381,0.1527,0.0042,6.0000,5.9159,1.8046,14.7627,0.5381,27.2301,-22.0397,23.2849,-22.7875,23.1544,-23.0676,29.6362,-23.1107,44.4014,-22.1768,-3.9452,-0.7478,-4.0757,-1.0279,2.4060,-1.0711,63,0.2200,63,0,1.0000,0.0000,0.0000,2.3212,4.9314,-0.0313,3.8020,4.6416,0.0000
6.4301,UKF,jink,0.500,10.00,0.150,1,0.600,1,8.1621,7.1886,-0.9736,1.7933,0.3381,0.1527,0.0062,6.0000,5.9159,1.8070,15.8780,0.5381,27.3349,-22.0285,23.2849,-22.7875,23.1544,-23.0676,29.9265,-23.1735,44.8795,-22.3420,-4.0500,-0.7591,-4.1805,-1.0391,2.5916,-1.1451,63,0.2300,63,0,1.0000,0.0000,0.0000,2.3855,5.0388,-0.0443,3.7461,4.6869,0.0000
6.4401,UKF,jink,0.500,10.00,0.150,1,0.600,1,8.1638,7.1552,-1.0086,1.8348,0.3381,0.1527,0.0083,6.0000,5.9159,1.8093,17.0458,0.5381,27.4336,-22.0193,23.2849,-22.7875,23.1544,-23.0676,30.2196,-23.2418,45.3737,-22.5136,-4.1487,-0.7682,-4.2792,-1.0483,2.7860,-1.2225,63,0.2400,63,0,1.0000,0.0000,0.0000,2.4491,5.1452,-0.0572,3.6895,4.7315,0.0000
6.4501,UKF,jink,0.500,10.00,0.150,1,0.600,1,8.1644,7.7843,-0.3802,1.5481,0.3381,0.1517,0.0102,6.0000,6.6369,1.9951,4.7019,0.5385,27.5257,-22.0121,25.4959,-22.3284,25.1349,-22.3517,28.3669,-21.9166,37.9653,-19.9844,-2.0298,-0.3163,-2.3908,-0.3396,0.8412,0.0955,64,0.1500,64,0,1.0000,0.0000,0.0000,2.5120,5.2506,-0.0698,3.6325,4.7754,0.0000
6.4601,UKF,jink,0.500,10.00,0.150,1,0.600,1,8.1640,7.7683,-0.3957,1.5843,0.3381,0.1517,0.0121,6.0000,6.6369,1.9938,5.2897,0.5392,27.6115,-22.0070,25.4959,-22.3284,25.1349,-22.3517,28.5604,-21.9223,38.2271,-20.0820,-2.1156,-0.3214,-2.4765,-0.3447,0.9490,0.0847,64,0.1600,64,0,1.0000,0.0000,0.0000,2.5741,5.3550,-0.0821,3.5749,4.8187,0.0000
6.4701,UKF,jink,0.500,10.00,0.150,1,0.600,1,8.1625,7.7503,-0.4122,1.6212,0.3381,0.1517,0.0140,6.0000,6.6369,1.9924,5.9136,0.5400,27.6913,-22.0039,25.4959,-22.3284,25.1349,-22.3517,28.7544,-21.9326,38.4964,-20.1843,-2.1955,-0.3245,-2.5564,-0.3478,1.0630,0.0714,64,0.1700,64,0,1.0000,0.0000,0.0000,2.6355,5.4584,-0.0943,3.5169,4.8612,0.0000
6.4801,UKF,jink,0.500,10.00,0.150,1,0.600,1,8.1600,7.7303,-0.4297,1.6589,0.3381,0.1517,0.0160,6.0000,6.6369,1.9911,6.5750,0.5409,27.7654,-22.0029,25.4959,-22.3284,25.1349,-22.3517,28.9489,-21.9473,38.7735,-20.2915,-2.2695,-0.3255,-2.6305,-0.3488,1.1835,0.0556,64,0.1800,64,0,1.0000,0.0000,0.0000,2.6961,5.5609,-0.1061,3.4583,4.9031,0.0000
6.4901,UKF,jink,0.500,10.00,0.150,1,0.600,1,8.1565,7.7083,-0.4482,1.6974,0.3381,0.1517,0.0180,6.0000,6.6369,1.9899,7.2751,0.5418,27.8337,-22.0040,25.4959,-22.3284,25.1349,-22.3517,29.1444,-21.9665,39.0591,-20.4037,-2.3378,-0.3245,-2.6987,-0.3478,1.3107,0.0374,64,0.1900,64,0,1.0000,0.0000,0.0000,2.7560,5.6624,-0.1178,3.3992,4.9442,0.0000
6.5001,UKF,jink,0.500,10.00,0.150,1,0.600,1,8.1519,7.6844,-0.4675,1.7367,0.3381,0.1517,0.0200,6.0000,6.6369,1.9887,8.0153,0.5428,27.8962,-22.0071,25.4959,-22.3284,25.1349,-22.3517,29.3409,-21.9903,39.3535,-20.5211,-2.4003,-0.3213,-2.7613,-0.3446,1.4447,0.0168,64,0.2000,64,0,1.0000,0.0000,0.0000,2.8152,5.7630,-0.1292,3.3396,4.9847,0.0000
6.5101,UKF,jink,0.500,10.00,0.150,1,0.600,1,8.1463,7.6585,-0.4878,1.7767,0.3381,0.1517,0.0221,6.0000,6.6369,1.9875,8.7969,0.5438,27.9530,-22.0124,25.4959,-22.3284,25.1349,-22.3517,29.5388,-22.0186,39.6574,-20.6438,-2.4571,-0.3160,-2.8181,-0.3393,1.5858,-0.0062,64,0.2100,64,0,1.0000,0.0000,0.0000,2.8735,5.8628,-0.1404,3.2796,5.0244,0.0000
6.5201,UKF,jink,0.500,10.00,0.150,1,0.600,1,8.1396,7.6307,-0.5089,1.8175,0.3381,0.1517,0.0242,6.0000,6.6369,1.9863,9.6213,0.5449,28.0041,-22.0198,25.4959,-22.3284,25.1349,-22.3517,29.7384,-22.0515,39.9712,-20.7720,-2.5082,-0.3086,-2.8692,-0.3319,1.7343,-0.0317,64,0.2200,64,0,1.0000,0.0000,0.0000,2.9311,5.9616,-0.1513,3.2190,5.0634,0.0000
6.5301,UKF,jink,0.500,10.00,0.150,1,0.600,1,8.1319,7.6010,-0.5309,1.8589,0.3381,0.1517,0.0264,6.0000,6.6369,1.9852,10.4897,0.5461,28.0495,-22.0294,25.4959,-22.3284,25.1349,-22.3517,29.9399,-22.0890,40.2957,-20.9058,-2.5537,-0.2991,-2.9146,-0.3224,1.8903,-0.0596,64,0.2300,64,0,1.0000,0.0000,0.0000,2.9879,6.0596,-0.1620,3.1580,5.1016,0.0000
6.5401,UKF,jink,0.500,10.00,0.150,1,0.600,1,8.1232,7.5696,-0.5536,1.9011,0.3381,0.1517,0.0286,6.0000,6.6369,1.9842,11.4036,0.5473,28.0893,-22.0411,25.4959,-22.3284,25.1349,-22.3517,30.1435,-22.1311,40.6315,-21.0456,-2.5934,-0.2873,-2.9544,-0.3106,2.0542,-0.0900,64,0.2400,64,0,1.0000,0.0000,0.0000,3.0439,6.1567,-0.1724,3.0966,5.1392,0.0000
6.5501,UKF,jink,0.500,10.00,0.150,1,0.600,1,8.1134,8.3023,0.1889,1.6197,0.3380,0.1511,0.0307,6.0000,7.5929,1.4273,4.9240,0.5485,28.1235,-22.0550,27.0043,-22.0681,26.7637,-22.1523,28.9822,-22.2670,35.8430,-22.4457,-1.1191,-0.0130,-1.3598,-0.0972,0.8587,-0.2120,65,0.1500,65,0,1.0000,0.0000,0.0000,3.0992,6.2530,-0.1826,3.0347,5.1760,0.0000
6.5601,UKF,jink,0.500,10.00,0.150,1,0.600,1,8.1026,8.2906,0.1880,1.6564,0.3380,0.1511,0.0330,6.0000,7.5929,1.4267,5.5627,0.5499,28.1520,-22.0712,27.0043,-22.0681,26.7637,-22.1523,29.1226,-22.3096,36.0326,-22.5902,-1.1477,0.0031,-1.3883,-0.0811,0.9706,-0.2383,65,0.1600,65,0,1.0000,0.0000,0.0000,3.1536,6.3484,-0.1925,2.9724,5.2120,0.0000
6.5701,UKF,jink,0.500,10.00,0.150,1,0.600,1,8.0908,8.2771,0.1863,1.6939,0.3380,0.1511,0.0347,6.0000,7.5929,1.4369,6.2271,0.5500,28.1770,-22.0897,27.0043,-22.0681,26.7637,-22.1523,29.2638,-22.3564,36.2280,-22.7400,-1.1726,0.0216,-1.4133,-0.0626,1.0868,-0.2667,65,0.1700,65,0,1.0000,0.0000,0.0000,3.2073,6.4431,-0.2022,2.9096,5.2473,0.0000
6.5801,UKF,jink,0.500,10.00,0.150,1,0.600,1,8.0779,8.2617,0.1837,1.7322,0.3380,0.1511,0.0347,6.0000,7.5929,1.4829,6.8924,0.5484,28.2032,-22.1104,27.0043,-22.0681,26.7637,-22.1523,29.4059,-22.4075,36.4296,-22.8954,-1.1989,0.0423,-1.4396,-0.0419,1.2027,-0.2971,65,0.1800,65,0,1.0000,0.0000,0.0000,3.2601,6.5370,-0.2117,2.8464,5.2818,0.0000
6.5901,UKF,jink,0.500,10.00,0.150,1,0.600,1,8.0640,8.2444,0.1804,1.7712,0.3380,0.1511,0.0347,6.0000,7.5929,1.5285,7.5963,0.5501,28.2239,-22.1336,27.0043,-22.0681,26.7637,-22.1523,29.5492,-22.4629,36.6377,-23.0565,-1.2195,0.0655,-1.4602,-0.0187,1.3253,-0.3293,65,0.1900,65,0,1.0000,0.0000,0.0000,3.3122,6.6301,-0.2209,2.7829,5.3156,0.0000
6.6001,UKF,jink,0.500,10.00,0.150,1,0.600,1,8.0492,8.2254,0.1763,1.8110,0.3380,0.1511,0.0338,6.0000,7.5929,1.5548,8.3600,0.5531,28.2352,-22.1593,27.0043,-22.0681,26.7637,-22.1523,29.6938,-22.5228,36.8528,-23.2236,-1.2309,0.0912,-1.4715,0.0070,1.4586,-0.3635,65,0.2000,65,0,1.0000,0.0000,0.0000,3.3634,6.7224,-0.2298,2.7189,5.3486,0.0000
6.6101,UKF,jink,0.500,10.00,0.150,1,0.600,1,8.0332,8.2047,0.1715,1.8515,0.3380,0.1511,0.0316,6.0000,7.5929,1.5543,9.1921,0.5532,28.2358,-22.1873,27.0043,-22.0681,26.7637,-22.1523,29.8399,-22.5870,37.0753,-23.3967,-1.2314,0.1192,-1.4721,0.0350,1.6042,-0.3998,65,0.2100,65,0,1.0000,0.0000,0.0000,3.4138,6.8140,-0.2384,2.6545,5.3809,0.0000
6.6201,UKF,jink,0.500,10.00,0.150,1,0.600,1,8.0163,8.1823,0.1660,1.8928,0.3380,0.1511,0.0295,6.0000,7.5929,1.5538,10.0662,0.5534,28.2307,-22.2177,27.0043,-22.0681,26.7637,-22.1523,29.9879,-22.6557,37.3056,-23.5760,-1.2264,0.1496,-1.4670,0.0655,1.7572,-0.4380,65,0.2200,65,0,1.0000,0.0000,0.0000,3.4633,6.9048,-0.2468,2.5897,5.4123,0.0000
6.6301,UKF,jink,0.500,10.00,0.150,1,0.600,1,7.9984,8.1582,0.1598,1.9347,0.3380,0.1511,0.0274,6.0000,7.5929,1.5532,10.9836,0.5537,28.2200,-22.2507,27.0043,-22.0681,26.7637,-22.1523,30.1379,-22.7290,37.5443,-23.7619,-1.2157,0.1826,-1.4564,0.0984,1.9179,-0.4783,65,0.2300,65,0,1.0000,0.0000,0.0000,3.5120,6.9950,-0.2550,2.5246,5.4430,0.0000
6.6401,UKF,jink,0.500,10.00,0.150,1,0.600,1,7.9794,8.1324,0.1530,1.9773,0.3380,0.1511,0.0254,6.0000,7.5929,1.5527,11.9455,0.5540,28.2037,-22.2861,27.0043,-22.0681,26.7637,-22.1523,30.2901,-22.8068,37.7917,-23.9543,-1.1994,0.2180,-1.4401,0.1338,2.0864,-0.5207,65,0.2400,65,0,1.0000,0.0000,0.0000,3.5599,7.0844,-0.2628,2.4591,5.4729,0.0000
6.6501,UKF,jink,0.500,10.00,0.150,1,0.600,1,7.9595,8.6879,0.7285,1.7085,0.3385,0.1503,0.0240,6.0000,8.5089,1.0216,8.7119,0.5543,28.1818,-22.3241,27.8962,-22.0071,27.9966,-21.8505,29.6889,-21.9112,35.1509,-21.9186,-0.2856,0.3170,-0.1852,0.4736,1.5071,0.4129,66,0.1500,66,0,1.0000,0.0000,0.0000,3.6070,7.1731,-0.2704,2.3933,5.5020,0.0000
6.6601,UKF,jink,0.500,10.00,0.150,1,0.600,1,7.9385,8.6772,0.7387,1.7461,0.3385,0.1503,0.0221,6.0000,8.5089,1.0215,9.4888,0.5548,28.1542,-22.3647,27.8962,-22.0071,27.9966,-21.8505,29.8053,-21.9452,35.3171,-22.0447,-0.2580,0.3576,-0.1576,0.5142,1.6512,0.4195,66,0.1600,66,0,1.0000,0.0000,0.0000,3.6531,7.2612,-0.2777,2.3271,5.5304,0.0000
6.6701,UKF,jink,0.500,10.00,0.150,1,0.600,1,7.9166,8.6647,0.7482,1.7845,0.3385,0.1503,0.0203,6.0000,8.5089,1.0212,10.3045,0.5553,28.1209,-22.4080,27.8962,-22.0071,27.9966,-21.8505,29.9232,-21.9831,35.4890,-22.1756,-0.2247,0.4008,-0.1243,0.5575,1.8023,0.4249,66,0.1700,66,0,1.0000,0.0000,0.0000,3.6984,7.3486,-0.2848,2.2605,5.5579,0.0000
6.6801,UKF,jink,0.500,10.00,0.150,1,0.600,1,7.8937,8.6507,0.7570,1.8236,0.3385,0.1503,0.0185,6.0000,8.5089,1.0210,11.1603,0.5558,28.0819,-22.4539,27.8962,-22.0071,27.9966,-21.8505,30.0426,-22.0249,35.6671,-22.3114,-0.1857,0.4468,-0.0853,0.6034,1.9607,0.4290,66,0.1800,66,0,1.0000,0.0000,0.0000,3.7429,7.4354,-0.2915,2.1937,5.5846,0.0000
6.6901,UKF,jink,0.500,10.00,0.150,1,0.600,1,7.8697,8.6349,0.7652,1.8635,0.3385,0.1503,0.0168,6.0000,8.5089,1.0207,12.0575,0.5564,28.0371,-22.5026,27.8962,-22.0071,27.9966,-21.8505,30.1639,-22.0707,35.8517,-22.4523,-0.1409,0.4955,-0.0406,0.6521,2.1267,0.4320,66,0.1900,66,0,1.0000,0.0000,0.0000,3.7865,7.5215,-0.2979,2.1265,5.6105,0.0000
6.7001,UKF,jink,0.500,10.00,0.150,1,0.600,1,7.8448,8.6176,0.7728,1.9042,0.3385,0.1503,0.0152,6.0000,8.5089,1.0204,12.9972,0.5571,27.9866,-22.5542,27.8962,-22.0071,27.9966,-21.8505,30.2871,-22.1204,36.0432,-22.5986,-0.0904,0.5471,0.0099,0.7037,2.3004,0.4338,66,0.2000,66,0,1.0000,0.0000,0.0000,3.8292,7.6070,-0.3040,2.0590,5.6356,0.0000
6.7101,UKF,jink,0.500,10.00,0.150,1,0.600,1,7.8189,8.5988,0.7798,1.9456,0.3385,0.1503,0.0136,6.0000,8.5089,1.0200,13.9809,0.5578,27.9304,-22.6086,27.8962,-22.0071,27.9966,-21.8505,30.4125,-22.1742,36.2419,-22.7502,-0.0341,0.6015,0.0662,0.7581,2.4822,0.4344,66,0.2100,66,0,1.0000,0.0000,0.0000,3.8710,7.6919,-0.3099,1.9912,5.6599,0.0000
6.7201,UKF,jink,0.500,10.00,0.150,1,0.600,1,7.7921,8.5784,0.7863,1.9876,0.3385,0.1503,0.0120,6.0000,8.5089,1.0196,15.0100,0.5585,27.8682,-22.6659,27.8962,-22.0071,27.9966,-21.8505,30.5404,-22.2321,36.4483,-22.9074,0.0280,0.6588,0.1283,0.8155,2.6722,0.4339,66,0.2200,66,0,1.0000,0.0000,0.0000,3.9119,7.7761,-0.3154,1.9232,5.6834,0.0000
6.7301,UKF,jink,0.500,10.00,0.150,1,0.600,1,7.7643,8.5565,0.7923,2.0304,0.3385,0.1503,0.0105,6.0000,8.5089,1.0191,16.0857,0.5594,27.8002,-22.7263,27.8962,-22.0071,27.9966,-21.8505,30.6709,-22.2941,36.6628,-23.0704,0.0960,0.7192,0.1963,0.8758,2.8707,0.4322,66,0.2300,66,0,1.0000,0.0000,0.0000,3.9519,7.8598,-0.3205,1.8548,5.7061,0.0000
6.7401,UKF,jink,0.500,10.00,0.150,1,0.600,1,7.7355,8.5332,0.7977,2.0738,0.3385,0.1503,0.0090,6.0000,8.5089,1.0176,17.2073,0.5605,27.7267,-22.7897,27.8962,-22.0071,27.9966,-21.8505,30.8043,-22.3603,36.8859,-23.2394,0.1695,0.7826,0.2698,0.9392,3.0775,0.4294,66,0.2400,66,0,1.0000,0.0000,0.0000,3.9910,7.9430,-0.3253,1.7862,5.7279,0.0000
6.7501,UKF,jink,0.500,10.00,0.150,1,0.600,1,7.7057,9.1682,1.4625,1.7848,0.3390,0.1498,0.0078,6.0000,9.3656,0.8551,9.0845,0.5620,27.6478,-22.8563,28.2352,-22.1593,28.3470,-22.0599,29.2859,-22.7021,32.0230,-24.7455,0.5874,0.6970,0.6993,0.7964,1.6381,0.1542,67,0.1500,67,0,1.0000,0.0000,0.0000,4.0291,8.0256,-0.3298,1.7174,5.7490,0.0000
6.7601,UKF,jink,0.500,10.00,0.150,1,0.600,1,7.6750,9.1609,1.4859,1.8229,0.3390,0.1498,0.0063,6.0000,9.3656,0.8513,9.8966,0.5635,27.5628,-22.9261,28.2352,-22.1593,28.3470,-22.0599,29.3501,-22.7758,32.1297,-24.9193,0.6724,0.7669,0.7842,0.8662,1.7873,0.1503,67,0.1600,67,0,1.0000,0.0000,0.0000,4.0664,8.1076,-0.3339,1.6483,5.7692,0.0000
6.7701,UKF,jink,0.500,10.00,0.150,1,0.600,1,7.6434,9.1521,1.5087,1.8618,0.3390,0.1498,0.0048,6.0000,9.3656,0.8475,10.7520,0.5650,27.4717,-22.9992,28.2352,-22.1593,28.3470,-22.0599,29.4161,-22.8534,32.2417,-25.0988,0.7635,0.8400,0.8753,0.9394,1.9444,0.1458,67,0.1700,67,0,1.0000,0.0000,0.0000,4.1027,8.1891,-0.3376,1.5789,5.7885,0.0000
6.7801,UKF,jink,0.500,10.00,0.150,1,0.600,1,7.6108,9.1419,1.5311,1.9014,0.3390,0.1498,0.0032,6.0000,9.3656,0.8461,11.6552,0.5662,27.3739,-23.0757,28.2352,-22.1593,28.3470,-22.0599,29.4842,-22.9351,32.3593,-25.2841,0.8613,0.9165,0.9732,1.0159,2.1103,0.1406,67,0.1800,67,0,1.0000,0.0000,0.0000,4.1380,8.2700,-0.3409,1.5094,5.8071,0.0000
6.7901,UKF,jink,0.500,10.00,0.150,1,0.600,1,7.5773,9.1302,1.5529,1.9417,0.3390,0.1498,0.0015,6.0000,9.3656,0.8458,12.6057,0.5672,27.2695,-23.1557,28.2352,-22.1593,28.3470,-22.0599,29.5545,-23.0210,32.4829,-25.4754,0.9657,0.9965,1.0775,1.0958,2.2850,0.1348,67,0.1900,67,0,1.0000,0.0000,0.0000,4.1724,8.3505,-0.3438,1.4396,5.8247,0.0000
6.8001,UKF,jink,0.500,10.00,0.150,1,0.600,1,7.5429,9.1172,1.5743,1.9828,0.3390,0.1498,0.0001,6.0000,9.3656,0.8454,13.6032,0.5682,27.1589,-23.2393,28.2352,-22.1593,28.3470,-22.0599,29.6272,-23.1110,32.6128,-25.6730,1.0763,1.0800,1.1881,1.1794,2.4683,0.1283,67,0.2000,67,0,1.0000,0.0000,0.0000,4.2059,8.4304,-0.3463,1.3696,5.8416,0.0000
6.8101,UKF,jink,0.500,10.00,0.150,1,0.600,1,7.5075,9.1028,1.5953,2.0245,0.3390,0.1498,0.0016,6.0000,9.3656,0.8451,14.6490,0.5693,27.0419,-23.3265,28.2352,-22.1593,28.3470,-22.0599,29.7026,-23.2053,32.7494,-25.8770,1.1932,1.1673,1.3051,1.2666,2.6606,0.1212,67,0.2100,67,0,1.0000,0.0000,0.0000,4.2383,8.5099,-0.3482,1.2994,5.8576,0.0000
6.8201,UKF,jink,0.500,10.00,0.150,1,0.600,1,7.4713,9.0871,1.6158,2.0670,0.3390,0.1498,0.0031,6.0000,9.3656,0.8447,15.7445,0.5705,26.9185,-23.4175,28.2352,-22.1593,28.3470,-22.0599,29.7808,-23.3041,32.8930,-26.0879,1.3167,1.2583,1.4285,1.3576,2.8622,0.1134,67,0.2200,67,0,1.0000,0.0000,0.0000,4.2698,8.5888,-0.3497,1.2290,5.8728,0.0000
6.8301,UKF,jink,0.500,10.00,0.150,1,0.600,1,7.4341,9.0701,1.6360,2.1101,0.3390,0.1498,0.0045,6.0000,9.3656,0.8443,16.8912,0.5717,26.7886,-23.5124,28.2352,-22.1593,28.3470,-22.0599,29.8620,-23.4074,33.0442,-26.3058,1.4466,1.3532,1.5584,1.4525,3.0734,0.1050,67,0.2300,67,0,1.0000,0.0000,0.0000,4.3003,8.6673,-0.3506,1.1584,5.8871,0.0000
6.8401,UKF,jink,0.500,10.00,0.150,1,0.600,1,7.3961,9.0519,1.6558,2.1539,0.3390,0.1498,0.0059,6.0000,9.3656,0.8439,18.0904,0.5729,26.6520,-23.6113,28.2352,-22.1593,28.3470,-22.0599,29.9464,-23.5154,33.2032,-26.5311,1.5832,1.4521,1.6950,1.5515,3.2944,0.0959,67,0.2400,67,0,1.0000,0.0000,0.0000,4.3298,8.7454,-0.3510,1.0877,5.9006,0.0000
6.8501,UKF,jink,0.500,10.00,0.150,1,0.600,1,7.3572,9.0627,1.7055,1.8690,0.3382,0.1490,0.0079,6.0000,9.2213,0.3513,8.7013,0.5742,26.5087,-23.7144,27.9866,-22.5542,27.9504,-22.5042,28.0639,-23.4268,27.6139,-26.8181,1.4779,1.1602,1.4417,1.2102,1.5552,0.2876,68,0.1500,68,0,1.0000,0.0000,0.0000,4.3583,8.8230,-0.3507,1.0168,5.9132,0.0000
6.8601,UKF,jink,0.500,10.00,0.150,1,0.600,1,7.3174,9.0478,1.7304,1.9078,0.3382,0.1490,0.0092,6.0000,9.2213,0.3498,9.5357,0.5755,26.3586,-23.8217,27.9866,-22.5542,27.9504,-22.5042,28.0686,-23.5272,27.6592,-27.0469,1.6281,1.2675,1.5919,1.3175,1.7101,0.2945,68,0.1600,68,0,1.0000,0.0000,0.0000,4.3857,8.9001,-0.3497,0.9458,5.9250,0.0000
6.8701,UKF,jink,0.500,10.00,0.150,1,0.600,1,7.2768,9.0317,1.7549,1.9474,0.3382,0.1490,0.0105,6.0000,9.2213,0.3481,10.4207,0.5769,26.2015,-23.9334,27.9866,-22.5542,27.9504,-22.5042,28.0759,-23.6326,27.7103,-27.2844,1.7851,1.3792,1.7489,1.4292,1.8744,0.3009,68,0.1700,68,0,1.0000,0.0000,0.0000,4.4121,8.9768,-0.3480,0.8746,5.9359,0.0000
6.8801,UKF,jink,0.500,10.00,0.150,1,0.600,1,7.2353,9.0143,1.7790,1.9878,0.3382,0.1490,0.0117,6.0000,9.2213,0.3465,11.3572,0.5783,26.0374,-24.0497,27.9866,-22.5542,27.9504,-22.5042,28.0859,-23.7431,27.7678,-27.5312,1.9492,1.4955,1.9130,1.5455,2.0485,0.3066,68,0.1800,68,0,1.0000,0.0000,0.0000,4.4375,9.0531,-0.3454,0.8033,5.9460,0.0000
6.8901,UKF,jink,0.500,10.00,0.150,1,0.600,1,7.1930,8.9958,1.8028,2.0288,0.3382,0.1490,0.0128,6.0000,9.2213,0.3449,12.3472,0.5797,25.8661,-24.1708,27.9866,-22.5542,27.9504,-22.5042,28.0987,-23.8590,27.8320,-27.7881,2.1205,1.6166,2.0844,1.6666,2.2326,0.3117,68,0.1900,68,0,1.0000,0.0000,0.0000,4.4617,9.1290,-0.3418,0.7319,5.9552,0.0000
6.9001,UKF,jink,0.500,10.00,0.150,1,0.600,1,7.1499,8.9761,1.8263,2.0706,0.3382,0.1490,0.0139,6.0000,9.2213,0.3431,13.3918,0.5812,25.6875,-24.2968,27.9866,-22.5542,27.9504,-22.5042,28.1148,-23.9808,27.9033,-28.0558,2.2992,1.7426,2.2630,1.7926,2.4273,0.3160,68,0.2000,68,0,1.0000,0.0000,0.0000,4.4849,9.2044,-0.3372,0.6604,5.9635,0.0000
6.9101,UKF,jink,0.500,10.00,0.150,1,0.600,1,7.1059,8.9554,1.8495,2.1131,0.3382,0.1490,0.0150,6.0000,9.2213,0.3414,14.4928,0.5827,25.5014,-24.4279,27.9866,-22.5542,27.9504,-22.5042,28.1341,-24.1087,27.9822,-28.3353,2.4852,1.8737,2.4490,1.9237,2.6327,0.3192,68,0.2100,68,0,1.0000,0.0000,0.0000,4.5071,9.2794,-0.3312,0.5888,5.9710,0.0000
6.9201,UKF,jink,0.500,10.00,0.150,1,0.600,1,7.0612,8.9337,1.8725,2.1562,0.3382,0.1490,0.0160,6.0000,9.2213,0.3397,15.6516,0.5842,25.3078,-24.5644,27.9866,-22.5542,27.9504,-22.5042,28.1571,-24.2434,28.0692,-28.6281,2.6789,2.0102,2.6427,2.0602,2.8493,0.3210,68,0.2200,68,0,1.0000,0.0000,0.0000,4.5280,9.3540,-0.3238,0.5171,5.9777,0.0000
6.9301,UKF,jink,0.500,10.00,0.150,1,0.600,1,7.0157,8.9111,1.8954,2.2001,0.3382,0.1490,0.0169,6.0000,9.2213,0.3379,16.8698,0.5858,25.1064,-24.7065,27.9866,-22.5542,27.9504,-22.5042,28.1839,-24.3854,28.1647,-28.9357,2.8803,2.1523,2.8441,2.2023,3.0775,0.3210,68,0.2300,68,0,1.0000,0.0000,0.0000,4.5479,9.4282,-0.3146,0.4453,5.9835,0.0000
6.9401,UKF,jink,0.500,10.00,0.150,1,0.600,1,6.9695,8.8877,1.9182,2.2446,0.3382,0.1490,0.0179,6.0000,9.2213,0.3361,18.1490,0.5874,24.8970,-24.8545,27.9866,-22.5542,27.9504,-22.5042,28.2147,-24.5358,28.2694,-29.2604,3.0896,2.3003,3.0534,2.3503,3.3176,0.3186,68,0.2400,68,0,1.0000,0.0000,0.0000,4.5666,9.5019,-0.3031,0.3735,5.9884,0.0000
6.9501,UKF,jink,0.500,10.00,0.150,1,0.600,1,6.9225,8.8637,1.9411,2.2897,0.3382,0.1490,0.0188,6.0000,9.2213,0.3343,19.4908,0.5890,24.6796,-25.0088,27.9866,-22.5542,27.9504,-22.5042,28.2498,-24.6959,28.3837,-29.6054,3.3070,2.4546,3.2708,2.5046,3.5702,0.3129,68,0.2500,68,0,1.0000,0.0000,0.0000,4.5841,9.5750,-0.2888,0.3016,5.9924,0.0000
6.9601,UKF,jink,0.500,10.00,0.150,1,0.600,1,6.8749,8.1895,1.3147,1.8993,0.3371,0.1479,0.0208,6.0000,7.8376,0.3342,13.0369,0.5907,24.4539,-25.1697,27.0419,-23.3265,27.0978,-23.3053,26.8480,-24.9652,23.8884,-31.9582,2.5880,1.8432,2.6439,1.8644,2.3941,0.2045,69,0.1500,69,0,1.0000,0.0000,0.0000,4.6003,9.6475,-0.2707,0.2297,5.9956,0.0000
6.9701,UKF,jink,0.500,10.00,0.150,1,0.600,1,6.8266,8.1565,1.3299,1.9377,0.3371,0.1479,0.0216,6.0000,7.8376,0.3344,14.1474,0.5923,24.2197,-25.3380,27.0419,-23.3265,27.0978,-23.3053,26.8239,-25.1434,23.9129,-32.4347,2.8222,2.0114,2.8781,2.0326,2.6042,0.1945,69,0.1600,69,0,1.0000,0.0000,0.0000,4.6152,9.7192,-0.2471,0.1577,5.9979,0.0000
6.9801,UKF,jink,0.500,10.00,0.150,1,0.600,1,6.7777,8.1234,1.3457,1.9769,0.3371,0.1479,0.0224,6.0000,7.8376,0.3346,15.3180,0.5939,23.9769,-25.5142,27.0419,-23.3265,27.0978,-23.3053,26.8036,-25.3383,23.9467,-32.9609,3.0650,2.1877,3.1209,2.2088,2.8266,0.1759,69,0.1700,69,0,1.0000,0.0000,0.0000,4.6284,9.7893,-0.2152,0.0857,5.9994,0.0000
6.9901,UKF,jink,0.500,10.00,0.150,1,0.600,1,6.7284,8.0913,1.3629,2.0168,0.3371,0.1479,0.0231,6.0000,7.8376,0.3349,16.5479,0.5955,23.7251,-25.6996,27.0419,-23.3265,27.0978,-23.3053,26.7868,-25.5577,23.9894,-33.5623,3.3168,2.3731,3.3727,2.3942,3.0616,0.1419,69,0.1800,69,0,1.0000,0.0000,0.0000,4.6395,9.8562,-0.1687,0.0137,6.0000,0.0000
7.0001,UKF,jink,0.500,10.00,0.150,1,0.600,1,6.6788,8.0631,1.3844,2.0573,0.3371,0.1479,0.0238,6.0000,7.8376,0.3351,17.8285,0.5971,23.4641,-25.8965,27.0419,-23.3265,27.0978,-23.3053,26.7719,-25.8201,24.0360,-34.2949,3.5778,2.5699,3.6337,2.5911,3.3078,0.0763,69,0.1900,69,0,1.0000,0.0000,0.0000,4.6456,9.9119,-0.0906,-0.0583,5.9997,0.0000
7.0101,UKF,jink,0.500,10.00,0.150,1,0.600,1,6.6301,8.0566,1.4265,2.0985,0.3371,0.1479,0.0245,6.0000,7.8376,0.3355,19.0879,0.5984,23.1930,-26.1084,27.0419,-23.3265,27.0978,-23.3053,26.7431,-26.1531,24.0377,-35.1724,3.8490,2.7818,3.9048,2.8030,3.5501,-0.0448,69,0.2000,69,0,1.0000,0.0000,0.0000,4.6254,9.8913,0.0702,-0.1302,5.9986,0.0000
7.0201,UKF,jink,0.500,10.00,0.150,1,0.600,1,6.5838,8.0843,1.5005,2.1405,0.3371,0.1479,0.0251,6.0000,7.8376,0.3359,20.1615,0.5995,22.9099,-26.3245,27.0419,-23.3265,27.0978,-23.3053,26.6657,-26.3174,23.8944,-35.1879,4.1321,2.9980,4.1879,3.0192,3.7558,0.0072,69,0.2100,69,0,1.0000,0.0000,0.0000,4.5450,9.6848,0.1860,-0.2022,5.9966,0.0000
7.0301,UKF,jink,0.500,10.00,0.150,1,0.600,1,6.5400,8.1155,1.5755,2.1834,0.3371,0.1479,0.0257,6.0000,7.8376,0.3365,21.2676,0.6005,22.6144,-26.5391,27.0419,-23.3265,27.0978,-23.3053,26.5766,-26.3802,23.7276,-34.8361,4.4275,3.2126,4.4834,3.2337,3.9622,0.1588,69,0.2200,69,0,1.0000,0.0000,0.0000,4.4594,9.4563,0.2403,-0.2742,5.9937,0.0000
7.0401,UKF,jink,0.500,10.00,0.150,1,0.600,1,6.4984,8.1500,1.6516,2.2271,0.3371,0.1479,0.0263,6.0000,7.8376,0.3371,22.4627,0.6014,22.3065,-26.7498,27.0419,-23.3265,27.0978,-23.3053,26.4808,-26.3996,23.5552,-34.3684,4.7354,3.4233,4.7913,3.4444,4.1743,0.3502,69,0.2300,69,0,1.0000,0.0000,0.0000,4.3737,9.2237,0.2725,-0.3461,5.9900,0.0000
7.0501,UKF,jink,0.500,10.00,0.150,1,0.600,1,6.4591,8.1882,1.7291,2.2715,0.3371,0.1479,0.0268,6.0000,7.8376,0.3377,23.7623,0.6021,21.9861,-26.9554,27.0419,-23.3265,27.0978,-23.3053,26.3790,-26.3899,23.3797,-33.8462,5.0558,3.6289,5.1117,3.6501,4.3929,0.5655,69,0.2400,69,0,1.0000,0.0000,0.0000,4.2888,8.9895,0.2936,-0.4179,5.9854,0.0000
7.0601,UKF,jink,0.500,10.00,0.150,1,0.600,1,6.4221,7.4059,0.9838,1.7441,0.3351,0.1466,0.0292,6.0000,6.6255,1.8950,16.0033,0.6027,21.6532,-27.1551,25.5014,-24.4279,25.7770,-24.6153,24.6111,-26.7165,16.4285,-36.0366,3.8482,2.7272,4.1238,2.5399,2.9579,0.4386,70,0.1500,70,0,1.0000,0.0000,0.0000,4.2049,8.7544,0.3079,-0.4897,5.9800,0.0000
7.0701,UKF,jink,0.500,10.00,0.150,1,0.600,1,6.3873,7.4166,1.0293,1.7803,0.3351,0.1466,0.0297,6.0000,6.6255,1.8960,17.1596,0.6032,21.3079,-27.3480,25.5014,-24.4279,25.7770,-24.6153,24.4549,-26.7489,16.3135,-35.4205,4.1935,2.9202,4.4691,2.7328,3.1470,0.5991,70,0.1600,70,0,1.0000,0.0000,0.0000,4.1221,8.5187,0.3176,-0.5614,5.9737,0.0000
7.0801,UKF,jink,0.500,10.00,0.150,1,0.600,1,6.3547,7.4316,1.0769,1.8175,0.3351,0.1466,0.0301,6.0000,6.6255,1.8971,18.4039,0.6036,20.9502,-27.5336,25.5014,-24.4279,25.7770,-24.6153,24.2933,-26.7612,16.1979,-34.7856,4.5512,3.1058,4.8268,2.9184,3.3431,0.7725,70,0.1700,70,0,1.0000,0.0000,0.0000,4.0405,8.2825,0.3238,-0.6331,5.9665,0.0000
7.0901,UKF,jink,0.500,10.00,0.150,1,0.600,1,6.3243,7.4509,1.1266,1.8554,0.3351,0.1466,0.0305,6.0000,6.6255,1.8981,19.7361,0.6039,20.5802,-27.7113,25.5014,-24.4279,25.7770,-24.6153,24.1265,-26.7535,16.0816,-34.1372,4.9212,3.2835,5.1968,3.0961,3.5464,0.9578,70,0.1800,70,0,1.0000,0.0000,0.0000,3.9602,8.0458,0.3274,-0.7046,5.9585,0.0000
7.1001,UKF,jink,0.500,10.00,0.150,1,0.600,1,6.2961,7.4745,1.1784,1.8942,0.3351,0.1466,0.0309,6.0000,6.6255,1.8990,21.1555,0.6041,20.1980,-27.8806,25.5014,-24.4279,25.7770,-24.6153,23.9545,-26.7262,15.9641,-33.4790,5.3034,3.4527,5.5790,3.2654,3.7565,1.1544,70,0.1900,70,0,1.0000,0.0000,0.0000,3.8811,7.8086,0.3288,-0.7761,5.9496,0.0000
7.1101,UKF,jink,0.500,10.00,0.150,1,0.600,1,6.2701,7.5025,1.2324,1.9338,0.3351,0.1466,0.0313,6.0000,6.6255,1.8999,22.6599,0.6042,19.8038,-28.0410,25.5014,-24.4279,25.7770,-24.6153,23.7773,-26.6796,15.8453,-32.8141,5.6976,3.6131,5.9732,3.4257,3.9735,1.3613,70,0.2000,70,0,1.0000,0.0000,0.0000,3.8034,7.5710,0.3284,-0.8474,5.9399,0.0000
7.1201,UKF,jink,0.500,10.00,0.150,1,0.600,1,6.2463,7.5348,1.2885,1.9741,0.3351,0.1466,0.0316,6.0000,6.6255,1.9007,24.2466,0.6043,19.3978,-28.1919,25.5014,-24.4279,25.7770,-24.6153,23.5950,-26.6140,15.7249,-32.1449,6.1036,3.7641,6.3792,3.5767,4.1971,1.5779,70,0.2100,70,0,1.0000,0.0000,0.0000,3.7270,7.3330,0.3264,-0.9186,5.9293,0.0000
7.1301,UKF,jink,0.500,10.00,0.150,1,0.600,1,6.2246,7.5714,1.3468,2.0152,0.3351,0.1466,0.0319,6.0000,6.6255,1.9015,25.9124,0.6044,18.9803,-28.3331,25.5014,-24.4279,25.7770,-24.6153,23.4075,-26.5297,15.6027,-31.4735,6.5212,3.9053,6.7968,3.7179,4.4272,1.8034,70,0.2200,70,0,1.0000,0.0000,0.0000,3.6521,7.0945,0.3230,-0.9897,5.9178,0.0000
7.1401,UKF,jink,0.500,10.00,0.150,1,0.600,1,6.2051,7.6124,1.4073,2.0571,0.3351,0.1466,0.0322,6.0000,6.6255,1.9023,27.6537,0.6043,18.5513,-28.4641,25.5014,-24.4279,25.7770,-24.6153,23.2150,-26.4271,15.4783,-30.8017,6.9501,4.0363,7.2257,3.8489,4.6637,2.0370,70,0.2300,70,0,1.0000,0.0000,0.0000,3.5785,6.8556,0.3184,-1.0607,5.9055,0.0000
7.1501,UKF,jink,0.500,10.00,0.150,1,0.600,1,6.1878,7.6577,1.4700,2.0996,0.3351,0.1466,0.0325,6.0000,6.6255,1.9030,29.4663,0.6042,18.1113,-28.5846,25.5014,-24.4279,25.7770,-24.6153,23.0175,-26.3066,15.3518,-30.1311,7.3901,4.1567,7.6657,3.9693,4.9061,2.2780,70,0.2400,70,0,1.0000,0.0000,0.0000,3.5065,6.6163,0.3127,-1.1314,5.8924,0.0000
7.1601,UKF,jink,0.500,10.00,0.150,1,0.600,1,6.1726,6.8348,0.6623,1.5473,0.3337,0.1467,0.0342,6.0000,6.1829,2.2681,22.4537,0.6041,17.6606,-28.6941,23.1930,-26.1084,23.6126,-26.1100,20.9480,-26.3386,7.8059,-27.3953,5.5324,2.5857,5.9520,2.5840,3.2874,2.3554,71,0.1500,71,0,1.0000,0.0000,0.0000,3.4360,6.3765,0.3060,-1.2021,5.8784,0.0000
7.1701,UKF,jink,0.500,10.00,0.150,1,0.600,1,6.1596,6.8580,0.6984,1.5816,0.3337,0.1467,0.0344,6.0000,6.1829,2.2690,24.0947,0.6039,17.1995,-28.7923,23.1930,-26.1084,23.6126,-26.1100,20.6767,-26.2121,7.7634,-26.7027,5.9935,2.6839,6.4131,2.6823,3.4772,2.5802,71,0.1600,71,0,1.0000,0.0000,0.0000,3.3671,6.1363,0.2983,-1.2725,5.8635,0.0000
7.1801,UKF,jink,0.500,10.00,0.150,1,0.600,1,6.1487,6.8853,0.7366,1.6168,0.3337,0.1467,0.0346,6.0000,6.1829,2.2699,25.7993,0.6036,16.7284,-28.8791,23.1930,-26.1084,23.6126,-26.1100,20.4020,-26.0671,7.7172,-26.0202,6.4646,2.7707,6.8842,2.7691,3.6735,2.8120,71,0.1700,71,0,1.0000,0.0000,0.0000,3.3004,5.8981,0.2897,-1.3428,5.8478,0.0000
7.1901,UKF,jink,0.500,10.00,0.150,1,0.600,1,6.1400,6.9165,0.7766,1.6529,0.3337,0.1467,0.0348,6.0000,6.1829,2.2708,27.5630,0.6034,16.2478,-28.9543,23.1930,-26.1084,23.6126,-26.1100,20.1241,-25.9044,7.6672,-25.3490,6.9452,2.8460,7.3649,2.8443,3.8763,3.0500,71,0.1800,71,0,1.0000,0.0000,0.0000,3.2361,5.6620,0.2804,-1.4129,5.8313,0.0000
7.2001,UKF,jink,0.500,10.00,0.150,1,0.600,1,6.1333,6.9518,0.8185,1.6897,0.3337,0.1467,0.0350,6.0000,6.1829,2.2716,29.3818,0.6030,15.7580,-29.0178,23.1930,-26.1084,23.6126,-26.1100,19.8434,-25.7246,7.6131,-24.6895,7.4350,2.9095,7.8547,2.9078,4.0854,3.2932,71,0.1900,71,0,1.0000,0.0000,0.0000,3.1740,5.4280,0.2704,-1.4827,5.8139,0.0000
7.2101,UKF,jink,0.500,10.00,0.150,1,0.600,1,6.1287,6.9909,0.8622,1.7274,0.3337,0.1467,0.0352,6.0000,6.1829,2.2725,31.2510,0.6027,15.2595,-29.0696,23.1930,-26.1084,23.6126,-26.1100,19.5601,-25.5286,7.5547,-24.0422,7.9335,2.9612,8.3531,2.9595,4.3006,3.5410,71,0.2000,71,0,1.0000,0.0000,0.0000,3.1143,5.1961,0.2597,-1.5524,5.7957,0.0000
7.2201,UKF,jink,0.500,10.00,0.150,1,0.600,1,6.1262,7.0340,0.9078,1.7659,0.3337,0.1467,0.0354,6.0000,6.1829,2.2733,33.1663,0.6023,14.7528,-29.1094,23.1930,-26.1084,23.6126,-26.1100,19.2745,-25.3170,7.4921,-23.4075,8.4401,3.0011,8.8598,2.9994,4.5216,3.7924,71,0.2100,71,0,1.0000,0.0000,0.0000,3.0568,4.9663,0.2484,-1.6218,5.7766,0.0000
7.2301,UKF,jink,0.500,10.00,0.150,1,0.600,1,6.1257,7.0808,0.9551,1.8050,0.3337,0.1467,0.0355,6.0000,6.1829,2.2741,35.1230,0.6019,14.2385,-29.1374,23.1930,-26.1084,23.6126,-26.1100,18.9867,-25.0907,7.4252,-22.7856,8.9545,3.0290,9.3742,3.0273,4.7482,4.0467,71,0.2200,71,0,1.0000,0.0000,0.0000,3.0016,4.7385,0.2365,-1.6910,5.7568,0.0000
7.2401,UKF,jink,0.500,10.00,0.150,1,0.600,1,6.1272,7.1314,1.0042,1.8449,0.3337,0.1467,0.0357,6.0000,6.1829,2.2749,37.1165,0.6015,13.7169,-29.1534,23.1930,-26.1084,23.6126,-26.1100,18.6971,-24.8504,7.3540,-22.1765,9.4761,3.0451,9.8958,3.0434,4.9802,4.3030,71,0.2300,71,0,1.0000,0.0000,0.0000,2.9487,4.5129,0.2240,-1.7600,5.7361,0.0000
7.2501,UKF,jink,0.500,10.00,0.150,1,0.600,1,6.1308,7.1858,1.0550,1.8855,0.3337,0.1467,0.0358,6.0000,6.1829,2.2757,39.1427,0.6010,13.1886,-29.1576,23.1930,-26.1084,23.6126,-26.1100,18.4058,-24.5969,7.2784,-21.5803,10.0044,3.0492,10.4240,3.0475,5.2172,4.5606,71,0.2400,71,0,1.0000,0.0000,0.0000,2.8981,4.2893,0.2109,-1.8287,5.7145,0.0000
7.2601,UKF,jink,0.500,10.00,0.150,1,0.600,1,6.1363,6.3097,0.1734,1.4080,0.3346,0.1482,0.0350,6.0000,4.8652,1.5844,15.9865,0.6005,12.6542,-29.1499,19.8038,-28.0410,19.9113,-27.7950,15.4459,-28.0889,-3.1316,-27.6112,7.1496,1.1089,7.2570,1.3549,2.7917,1.0609,72,0.1500,72,0,1.0000,0.0000,0.0000,2.8497,4.0679,0.1972,-1.8971,5.6922,0.0000
7.2701,UKF,jink,0.500,10.00,0.150,1,0.600,1,6.1438,6.3385,0.1947,1.4417,0.3346,0.1482,0.0351,6.0000,4.8652,1.5851,17.0174,0.6000,12.1142,-29.1304,19.8038,-28.0410,19.9113,-27.7950,15.0487,-27.9335,-3.1040,-26.9327,7.6896,1.0894,7.7971,1.3354,2.9345,1.1969,72,0.1600,72,0,1.0000,0.0000,0.0000,2.8036,3.8485,0.1829,-1.9653,5.6690,0.0000
7.2801,UKF,jink,0.500,10.00,0.150,1,0.600,1,6.1532,6.3710,0.2177,1.4763,0.3346,0.1482,0.0353,6.0000,4.8652,1.5859,18.1060,0.5995,11.5691,-29.0992,19.8038,-28.0410,19.9113,-27.7950,14.6511,-27.7584,-3.0815,-26.2643,8.2347,1.0583,8.3422,1.3042,3.0820,1.3408,72,0.1700,72,0,1.0000,0.0000,0.0000,2.7597,3.6312,0.1681,-2.0332,5.6450,0.0000
7.2901,UKF,jink,0.500,10.00,0.150,1,0.600,1,6.1646,6.4071,0.2425,1.5118,0.3346,0.1482,0.0354,6.0000,4.8652,1.5866,19.2505,0.5989,11.0195,-29.0564,19.8038,-28.0410,19.9113,-27.7950,14.2537,-27.5644,-3.0645,-25.6063,8.7844,1.0155,8.8918,1.2614,3.2342,1.4920,72,0.1800,72,0,1.0000,0.0000,0.0000,2.7180,3.4159,0.1528,-2.1008,5.6202,0.0000
7.3001,UKF,jink,0.500,10.00,0.150,1,0.600,1,6.1779,6.4468,0.2689,1.5482,0.3346,0.1482,0.0355,6.0000,4.8652,1.5874,20.4488,0.5983,10.4659,-29.0022,19.8038,-28.0410,19.9113,-27.7950,13.8569,-27.3522,-3.0529,-24.9589,9.3380,0.9613,9.4454,1.2072,3.3910,1.6500,72,0.1900,72,0,1.0000,0.0000,0.0000,2.6784,3.2028,0.1368,-2.1681,5.5946,0.0000
7.3101,UKF,jink,0.500,10.00,0.150,1,0.600,1,6.1931,6.4900,0.2969,1.5854,0.3346,0.1482,0.0356,6.0000,4.8652,1.5882,21.6983,0.5977,9.9088,-28.9367,19.8038,-28.0410,19.9113,-27.7950,13.4609,-27.1227,-3.0471,-24.3224,9.8950,0.8958,10.0024,1.1417,3.5521,1.8140,72,0.2000,72,0,1.0000,0.0000,0.0000,2.6411,2.9917,0.1202,-2.2350,5.5682,0.0000
7.3201,UKF,jink,0.500,10.00,0.150,1,0.600,1,6.2102,6.5367,0.3265,1.6234,0.3346,0.1482,0.0357,6.0000,4.8652,1.5890,22.9960,0.5971,9.3489,-28.8601,19.8038,-28.0410,19.9113,-27.7950,13.0663,-26.8767,-3.0469,-23.6968,10.4549,0.8191,10.5624,1.0651,3.7174,1.9834,72,0.2100,72,0,1.0000,0.0000,0.0000,2.6059,2.7827,0.1030,-2.3017,5.5410,0.0000
7.3301,UKF,jink,0.500,10.00,0.150,1,0.600,1,6.2292,6.5868,0.3576,1.6622,0.3346,0.1482,0.0358,6.0000,4.8652,1.5899,24.3388,0.5964,8.7866,-28.7725,19.8038,-28.0410,19.9113,-27.7950,12.6732,-26.6149,-3.0524,-23.0820,11.0173,0.7316,11.1247,0.9775,3.8867,2.1576,72,0.2200,72,0,1.0000,0.0000,0.0000,2.5728,2.5758,0.0852,-2.3680,5.5129,0.0000
7.3401,UKF,jink,0.500,10.00,0.150,1,0.600,1,6.2501,6.6404,0.3903,1.7016,0.3346,0.1482,0.0358,6.0000,4.8652,1.5908,25.7236,0.5957,8.2224,-28.6743,19.8038,-28.0410,19.9113,-27.7950,12.2821,-26.3382,-3.0636,-22.4778,11.5814,0.6333,11.6888,0.8792,4.0597,2.3361,72,0.2300,72,0,1.0000,0.0000,0.0000,2.5418,2.3710,0.0666,-2.4340,5.4841,0.0000
7.3501,UKF,jink,0.500,10.00,0.150,1,0.600,1,6.2728,6.6972,0.4244,1.7418,0.3346,0.1482,0.0359,6.0000,4.8652,1.5917,27.1468,0.5950,7.6570,-28.5655,19.8038,-28.0410,19.9113,-27.7950,11.8931,-26.0474,-3.0805,-21.8841,12.1469,0.5245,12.2543,0.7705,4.2361,2.5181,72,0.2400,72,0,1.0000,0.0000,0.0000,2.5129,2.1683,0.0473,-2.4996,5.4545,0.0000
7.3601,UKF,jink,0.500,10.00,0.150,1,0.600,1,6.2973,6.2145,-0.0828,1.2878,0.3334,0.1490,0.0373,6.0000,4.5875,1.6729,12.0215,0.5943,7.0909,-28.4464,15.2595,-29.0696,15.5694,-29.1339,9.3100,-27.9867,-9.6310,-23.4603,8.1686,-0.6231,8.4785,-0.6875,2.2191,0.4597,73,0.1500,73,0,1.0000,0.0000,0.0000,2.4861,1.9677,0.0272,-2.5649,5.4241,0.0000
7.3701,UKF,jink,0.500,10.00,0.150,1,0.600,1,6.3237,6.2561,-0.0676,1.3207,0.3334,0.1490,0.0374,6.0000,4.5875,1.6723,12.7409,0.5935,6.5244,-28.3174,15.2595,-29.0696,15.5694,-29.1339,8.8480,-27.7470,-9.6105,-22.8801,8.7351,-0.7522,9.0450,-0.8166,2.3236,0.5704,73,0.1600,73,0,1.0000,0.0000,0.0000,2.4613,1.7692,0.0062,-2.6298,5.3930,0.0000
7.3801,UKF,jink,0.500,10.00,0.150,1,0.600,1,6.3518,6.3010,-0.0509,1.3544,0.3334,0.1490,0.0375,6.0000,4.5875,1.6717,13.5187,0.5927,5.9581,-28.1785,15.2595,-29.0696,15.5694,-29.1339,8.3904,-27.4891,-9.5943,-22.3059,9.3014,-0.8910,9.6113,-0.9554,2.4323,0.6894,73,0.1700,73,0,1.0000,0.0000,0.0000,2.4384,1.5729,-0.0158,-2.6943,5.3610,0.0000
7.3901,UKF,jink,0.500,10.00,0.150,1,0.600,1,6.3818,6.3491,-0.0326,1.3891,0.3334,0.1490,0.0376,6.0000,4.5875,1.6711,14.3550,0.5919,5.3924,-28.0302,15.2595,-29.0696,15.5694,-29.1339,7.9374,-27.2137,-9.5825,-21.7373,9.8671,-1.0394,10.1770,-1.1038,2.5450,0.8164,73,0.1800,73,0,1.0000,0.0000,0.0000,2.4176,1.3787,-0.0390,-2.7585,5.3283,0.0000
7.4001,UKF,jink,0.500,10.00,0.150,1,0.600,1,6.4135,6.4005,-0.0130,1.4245,0.3334,0.1490,0.0378,6.0000,4.5875,1.6705,15.2496,0.5910,4.8277,-27.8725,15.2595,-29.0696,15.5694,-29.1339,7.4895,-26.9214,-9.5752,-21.1735,10.4319,-1.1970,10.7417,-1.2614,2.6618,0.9511,73,0.1900,73,0,1.0000,0.0000,0.0000,2.3986,1.1867,-0.0636,-2.8222,5.2948,0.0000
7.4101,UKF,jink,0.500,10.00,0.150,1,0.600,1,6.4470,6.4550,0.0080,1.4608,0.3334,0.1490,0.0379,6.0000,4.5875,1.6699,16.2016,0.5900,4.2644,-27.7059,15.2595,-29.0696,15.5694,-29.1339,7.0468,-26.6126,-9.5725,-20.6136,10.9951,-1.3637,11.3050,-1.4281,2.7824,1.0933,73,0.2000,73,0,1.0000,0.0000,0.0000,2.3816,0.9970,-0.0897,-2.8856,5.2606,0.0000
7.4201,UKF,jink,0.500,10.00,0.150,1,0.600,1,6.4822,6.5125,0.0303,1.4978,0.3334,0.1490,0.0380,6.0000,4.5875,1.6693,17.2106,0.5891,3.7029,-27.5304,15.2595,-29.0696,15.5694,-29.1339,6.6097,-26.2876,-9.5744,-20.0562,11.5566,-1.5392,11.8664,-1.6035,2.9067,1.2428,73,0.2100,73,0,1.0000,0.0000,0.0000,2.3664,0.8096,-0.1177,-2.9485,5.2256,0.0000
7.4301,UKF,jink,0.500,10.00,0.150,1,0.600,1,6.5190,6.5729,0.0538,1.5355,0.3334,0.1490,0.0381,6.0000,4.5875,1.6687,18.2769,0.5880,3.1437,-27.3463,15.2595,-29.0696,15.5694,-29.1339,6.1783,-25.9463,-9.5811,-19.4994,12.1158,-1.7232,12.4257,-1.7876,3.0346,1.4000,73,0.2200,73,0,1.0000,0.0000,0.0000,2.3531,0.6246,-0.1481,-3.0110,5.1898,0.0000
7.4401,UKF,jink,0.500,10.00,0.150,1,0.600,1,6.5576,6.6360,0.0784,1.5740,0.3334,0.1490,0.0383,6.0000,4.5875,1.6681,19.4019,0.5870,2.5871,-27.1538,15.2595,-29.0696,15.5694,-29.1339,5.7530,-25.5883,-9.5925,-18.9401,12.6724,-1.9157,12.9823,-1.9801,3.1659,1.5656,73,0.2300,73,0,1.0000,0.0000,0.0000,2.3415,0.4422,-0.1816,-3.0730,5.1533,0.0000
7.4501,UKF,jink,0.500,10.00,0.150,1,0.600,1,6.5978,6.7016,0.1038,1.6131,0.3334,0.1490,0.0384,6.0000,4.5875,1.6674,20.5901,0.5859,2.0334,-26.9530,15.2595,-29.0696,15.5694,-29.1339,5.3339,-25.2122,-9.6088,-18.3735,13.2261,-2.1166,13.5360,-2.1809,3.3006,1.7408,73,0.2400,73,0,1.0000,0.0000,0.0000,2.3316,0.2627,-0.2193,-3.1346,5.1161,0.0000
7.4601,UKF,jink,0.500,10.00,0.150,1,0.600,1,6.6396,6.4039,-0.2357,1.2322,0.3334,0.1505,0.0385,6.0000,4.6865,1.1985,5.0345,0.5847,1.4829,-26.7438,9.9088,-28.9367,9.8782,-29.1374,2.4159,-26.6289,-15.3071,-18.9880,8.4259,-2.1929,8.3953,-2.3936,0.9330,0.1149,74,0.1500,74,0,1.0000,0.0000,0.0000,2.3233,0.0867,-0.2631,-3.1958,5.0781,0.0000
7.4701,UKF,jink,0.500,10.00,0.150,1,0.600,1,6.6829,6.4573,-0.2256,1.2650,0.3334,0.1505,0.0386,6.0000,4.6865,1.1974,5.5466,0.5835,0.9360,-26.5260,9.9088,-28.9367,9.8782,-29.1374,1.9346,-26.2820,-15.3117,-18.4046,8.9728,-2.4107,8.9422,-2.6114,0.9986,0.2440,74,0.1600,74,0,1.0000,0.0000,0.0000,2.3164,-0.0844,-0.3168,-3.2565,5.0394,0.0000
7.4801,UKF,jink,0.500,10.00,0.150,1,0.600,1,6.7275,6.5111,-0.2164,1.2985,0.3334,0.1505,0.0387,6.0000,4.6865,1.1961,6.2295,0.5822,0.3930,-26.2989,9.9088,-28.9367,9.8782,-29.1374,1.4635,-25.8989,-15.3241,-17.7609,9.5158,-2.6379,9.4852,-2.8386,1.0705,0.4000,74,0.1700,74,0,1.0000,0.0000,0.0000,2.3103,-0.2461,-0.3889,-3.3167,4.9999,0.0000
7.4901,UKF,jink,0.500,10.00,0.150,1,0.600,1,6.7730,6.5594,-0.2136,1.3329,0.3334,0.1505,0.0389,6.0000,4.6865,1.1950,7.1919,0.5810,-0.1455,-26.0606,9.9088,-28.9367,9.8782,-29.1374,1.0078,-25.4557,-15.3592,-16.9755,10.0543,-2.8762,10.0238,-3.0769,1.1533,0.6049,74,0.1800,74,0,1.0000,0.0000,0.0000,2.3025,-0.3771,-0.5049,-3.3765,4.9598,0.0000
7.5001,UKF,jink,0.500,10.00,0.150,1,0.600,1,6.8175,6.5741,-0.2434,1.3682,0.3334,0.1505,0.0390,6.0000,4.6865,1.1939,8.3395,0.5799,-0.6776,-25.8142,9.9088,-28.9367,9.8782,-29.1374,0.6054,-25.0396,-15.5196,-16.1938,10.5864,-3.1226,10.5558,-3.3233,1.2830,0.7746,74,0.1900,74,0,1.0000,0.0000,0.0000,2.2735,-0.3247,-0.6731,-3.4358,4.9189,0.0000
7.5101,UKF,jink,0.500,10.00,0.150,1,0.600,1,6.8612,6.5753,-0.2860,1.4048,0.3334,0.1505,0.0379,6.0000,4.6865,1.1925,8.7923,0.5791,-1.1925,-25.5704,9.9088,-28.9367,9.8782,-29.1374,0.2440,-24.8845,-15.7631,-16.0827,11.1013,-3.3663,11.0707,-3.5670,1.4365,0.6859,74,0.2000,74,0,1.0000,0.0000,0.0000,2.2288,-0.1505,-0.7184,-3.3765,4.9598,0.0000
7.5201,UKF,jink,0.500,10.00,0.150,1,0.600,1,6.9042,6.5752,-0.3290,1.4423,0.3334,0.1505,0.0368,6.0000,4.6865,1.1916,9.1632,0.5784,-1.6886,-25.3324,9.9088,-28.9367,9.8782,-29.1374,-0.1055,-24.7951,-16.0126,-16.1324,11.5975,-3.6044,11.5669,-3.8051,1.5831,0.5372,74,0.2100,74,0,1.0000,0.0000,0.0000,2.1830,0.0285,-0.7292,-3.3167,4.9999,0.0000
7.5301,UKF,jink,0.500,10.00,0.150,1,0.600,1,6.9464,6.5735,-0.3729,1.4807,0.3334,0.1505,0.0359,6.0000,4.6865,1.1916,9.5879,0.5780,-2.1663,-25.1008,9.9088,-28.9367,9.8782,-29.1374,-0.4452,-24.7387,-16.2643,-16.2488,12.0751,-3.8359,12.0445,-4.0366,1.7211,0.3621,74,0.2200,74,0,1.0000,0.0000,0.0000,2.1368,0.2065,-0.7268,-3.2565,5.0394,0.0000
7.5401,UKF,jink,0.500,10.00,0.150,1,0.600,1,6.9878,6.5698,-0.4181,1.5200,0.3334,0.1505,0.0348,6.0000,4.6865,1.1916,10.1099,0.5777,-2.6273,-24.8762,9.9088,-28.9367,9.8782,-29.1374,-0.7757,-24.7060,-16.5181,-16.4049,12.5361,-4.0606,12.5055,-4.2613,1.8515,0.1702,74,0.2300,74,0,1.0000,0.0000,0.0000,2.0904,0.3827,-0.7174,-3.1958,5.0781,0.0000
7.5501,UKF,jink,0.500,10.00,0.150,1,0.600,1,7.0285,6.5640,-0.4646,1.5601,0.3334,0.1505,0.0336,6.0000,4.6865,1.1917,10.7386,0.5774,-3.0722,-24.6587,9.9088,-28.9367,9.8782,-29.1374,-1.0977,-24.6932,-16.7742,-16.5896,12.9810,-4.2781,12.9504,-4.4788,1.9745,-0.0345,74,0.2400,74,0,1.0000,0.0000,0.0000,2.0438,0.5569,-0.7038,-3.1346,5.1161,0.0000
7.5601,UKF,jink,0.500,10.00,0.150,1,0.600,1,7.0685,6.4826,-0.5859,1.2277,0.3332,0.1506,0.0324,6.0000,4.7090,1.5270,6.7146,0.5773,-3.5015,-24.4483,4.2644,-27.7059,4.5040,-27.8528,-2.3683,-24.8947,-18.6059,-16.1296,7.7658,-3.2576,8.0054,-3.4045,1.1332,-0.4464,75,0.1500,75,0,1.0000,0.0000,0.0000,1.9970,0.7291,-0.6874,-3.0730,5.1533,0.0000
7.5701,UKF,jink,0.500,10.00,0.150,1,0.600,1,7.1076,6.4861,-0.6215,1.2616,0.3332,0.1506,0.0310,6.0000,4.7090,1.5239,7.2889,0.5771,-3.9157,-24.2452,4.2644,-27.7059,4.5040,-27.8528,-2.7363,-24.8221,-18.8946,-16.2900,8.1801,-3.4607,8.4197,-3.6076,1.1795,-0.5769,75,0.1600,75,0,1.0000,0.0000,0.0000,1.9501,0.8995,-0.6691,-3.0110,5.1898,0.0000
7.5801,UKF,jink,0.500,10.00,0.150,1,0.600,1,7.1459,6.4873,-0.6587,1.2964,0.3332,0.1506,0.0294,6.0000,4.7090,1.5211,7.9064,0.5769,-4.3155,-24.0492,4.2644,-27.7059,4.5040,-27.8528,-3.0957,-24.7651,-19.1869,-16.4661,8.5798,-3.6567,8.8194,-3.8036,1.2197,-0.7159,75,0.1700,75,0,1.0000,0.0000,0.0000,1.9032,1.0679,-0.6495,-2.9485,5.2256,0.0000
7.5901,UKF,jink,0.500,10.00,0.150,1,0.600,1,7.1834,6.4861,-0.6974,1.3322,0.3332,0.1506,0.0277,6.0000,4.7090,1.5183,8.5679,0.5768,-4.7011,-23.8604,4.2644,-27.7059,4.5040,-27.8528,-3.4473,-24.7233,-19.4831,-16.6569,8.9655,-3.8455,9.2051,-3.9924,1.2538,-0.8629,75,0.1800,75,0,1.0000,0.0000,0.0000,1.8562,1.2345,-0.6289,-2.8856,5.2606,0.0000
7.6001,UKF,jink,0.500,10.00,0.150,1,0.600,1,7.2201,6.4825,-0.7376,1.3688,0.3332,0.1506,0.0259,6.0000,4.7090,1.5157,9.2742,0.5767,-5.0731,-23.6786,4.2644,-27.7059,4.5040,-27.8528,-3.7915,-24.6963,-19.7837,-16.8617,9.3375,-4.0273,9.5771,-4.1742,1.2816,-1.0177,75,0.1900,75,0,1.0000,0.0000,0.0000,1.8091,1.3992,-0.6075,-2.8222,5.2948,0.0000
7.6101,UKF,jink,0.500,10.00,0.150,1,0.600,1,7.2559,6.4767,-0.7792,1.4063,0.3332,0.1506,0.0241,6.0000,4.7090,1.5133,10.0258,0.5766,-5.4319,-23.5037,4.2644,-27.7059,4.5040,-27.8528,-4.1289,-24.6838,-20.0891,-17.0803,9.6963,-4.2021,9.9358,-4.3490,1.3030,-1.1801,75,0.2000,75,0,1.0000,0.0000,0.0000,1.7621,1.5622,-0.5856,-2.7585,5.3283,0.0000
7.6201,UKF,jink,0.500,10.00,0.150,1,0.600,1,7.2908,6.4686,-0.8222,1.4446,0.3332,0.1506,0.0221,6.0000,4.7090,1.5109,10.8235,0.5766,-5.7778,-23.3358,4.2644,-27.7059,4.5040,-27.8528,-4.4599,-24.6857,-20.3998,-17.3123,10.0422,-4.3701,10.2818,-4.5170,1.3180,-1.3499,75,0.2100,75,0,1.0000,0.0000,0.0000,1.7151,1.7234,-0.5633,-2.6943,5.3610,0.0000
7.6301,UKF,jink,0.500,10.00,0.150,1,0.600,1,7.3248,6.4582,-0.8666,1.4838,0.3332,0.1506,0.0200,6.0000,4.7090,1.5088,11.6680,0.5765,-6.1114,-23.1745,4.2644,-27.7059,4.5040,-27.8528,-4.7850,-24.7017,-20.7162,-17.5578,10.3757,-4.5314,10.6153,-4.6782,1.3264,-1.5271,75,0.2200,75,0,1.0000,0.0000,0.0000,1.6682,1.8829,-0.5408,-2.6298,5.3930,0.0000
7.6401,UKF,jink,0.500,10.00,0.150,1,0.600,1,7.3579,6.4456,-0.9122,1.5237,0.3332,0.1506,0.0179,6.0000,4.7090,1.5067,12.5602,0.5765,-6.4328,-23.0200,4.2644,-27.7059,4.5040,-27.8528,-5.1047,-24.7317,-21.0390,-17.8169,10.6972,-4.6859,10.9368,-4.8328,1.3281,-1.7117,75,0.2300,75,0,1.0000,0.0000,0.0000,1.6213,2.0406,-0.5180,-2.5649,5.4241,0.0000
7.6501,UKF,jink,0.500,10.00,0.150,1,0.600,1,7.3900,6.4308,-0.9592,1.5644,0.3332,0.1506,0.0156,6.0000,4.7090,1.5048,13.5009,0.5765,-6.7425,-22.8719,4.2644,-27.7059,4.5040,-27.8528,-5.4194,-24.7755,-21.3686,-18.0896,11.0069,-4.8340,11.2465,-4.9809,1.3231,-1.9036,75,0.2400,75,0,1.0000,0.0000,0.0000,1.5745,2.1967,-0.4952,-2.4996,5.4545,0.0000
7.6601,UKF,jink,0.500,10.00,0.150,1,0.600,1,7.4212,6.6520,-0.7692,1.2537,0.3334,0.1499,0.0131,6.0000,5.0065,0.2460,8.5775,0.5765,-7.0409,-22.7304,-1.1925,-25.5704,-1.1863,-25.6126,-7.7289,-24.0174,-25.1445,-18.1282,5.8484,-2.8401,5.8545,-2.8822,-0.6880,-1.2870,76,0.1500,76,0,1.0000,0.0000,0.0000,1.5279,2.3512,-0.4723,-2.4340,5.4841,0.0000
7.6701,UKF,jink,0.500,10.00,0.150,1,0.600,1,7.4515,6.6479,-0.8036,1.2882,0.3334,0.1499,0.0107,6.0000,5.0065,0.2459,9.5495,0.5765,-7.3282,-22.5951,-1.1925,-25.5704,-1.1863,-25.6126,-8.1129,-24.0191,-25.5422,-18.3587,6.1357,-2.9753,6.1418,-3.0174,-0.7848,-1.4240,76,0.1600,76,0,1.0000,0.0000,0.0000,1.4814,2.5040,-0.4493,-2.3680,5.5129,0.0000
7.6801,UKF,jink,0.500,10.00,0.150,1,0.600,1,7.4807,6.6415,-0.8392,1.3236,0.3334,0.1499,0.0082,6.0000,5.0065,0.2457,10.5744,0.5765,-7.6047,-22.4661,-1.1925,-25.5704,-1.1863,-25.6126,-8.4929,-24.0336,-25.9487,-18.6002,6.4122,-3.1043,6.4183,-3.1464,-0.8882,-1.5675,76,0.1700,76,0,1.0000,0.0000,0.0000,1.4351,2.6552,-0.4265,-2.3017,5.5410,0.0000
7.6901,UKF,jink,0.500,10.00,0.150,1,0.600,1,7.5090,6.6330,-0.8760,1.3598,0.3334,0.1499,0.0057,6.0000,5.0065,0.2456,11.6530,0.5766,-7.8706,-22.3432,-1.1925,-25.5704,-1.1863,-25.6126,-8.8693,-24.0607,-26.3643,-18.8528,6.6781,-3.2272,6.6843,-3.2693,-0.9986,-1.7174,76,0.1800,76,0,1.0000,0.0000,0.0000,1.3889,2.8049,-0.4036,-2.2350,5.5682,0.0000
7.7001,UKF,jink,0.500,10.00,0.150,1,0.600,1,7.5362,6.6224,-0.9139,1.3968,0.3334,0.1499,0.0031,6.0000,5.0065,0.2456,12.7859,0.5767,-8.1264,-22.2264,-1.1925,-25.5704,-1.1863,-25.6126,-9.2426,-24.1003,-26.7899,-19.1167,6.9339,-3.3441,6.9401,-3.3862,-1.1162,-1.8739,76,0.1900,76,0,1.0000,0.0000,0.0000,1.3430,2.9530,-0.3809,-2.1681,5.5946,0.0000
7.7101,UKF,jink,0.500,10.00,0.150,1,0.600,1,7.5625,6.6096,-0.9529,1.4346,0.3334,0.1499,0.0006,6.0000,5.0065,0.2454,13.9728,0.5764,-8.3727,-22.1154,-1.1925,-25.5704,-1.1863,-25.6126,-9.6134,-24.1522,-27.2260,-19.3921,7.1802,-3.4550,7.1863,-3.4971,-1.2408,-2.0368,76,0.2000,76,0,1.0000,0.0000,0.0000,1.2973,3.0995,-0.3583,-2.1008,5.6202,0.0000
7.7201,UKF,jink,0.500,10.00,0.150,1,0.600,1,7.5877,6.5948,-0.9929,1.4732,0.3334,0.1499,0.0018,6.0000,5.0065,0.2451,15.2131,0.5755,-8.6102,-22.0103,-1.1925,-25.5704,-1.1863,-25.6126,-9.9822,-24.2166,-27.6733,-19.6792,7.4177,-3.5601,7.4238,-3.6022,-1.3720,-2.2062,76,0.2100,76,0,1.0000,0.0000,0.0000,1.2518,3.2445,-0.3359,-2.0332,5.6450,0.0000
7.7301,UKF,jink,0.500,10.00,0.150,1,0.600,1,7.6119,6.5779,-1.0340,1.5126,0.3334,0.1499,0.0042,6.0000,5.0065,0.2447,16.5105,0.5745,-8.8381,-21.9110,-1.1925,-25.5704,-1.1863,-25.6126,-10.3494,-24.2932,-28.1325,-19.9781,7.6456,-3.6594,7.6518,-3.7015,-1.5112,-2.3822,76,0.2200,76,0,1.0000,0.0000,0.0000,1.2066,3.3881,-0.3136,-1.9653,5.6690,0.0000
7.7401,UKF,jink,0.500,10.00,0.150,1,0.600,1,7.6350,6.5591,-1.0760,1.5526,0.3334,0.1499,0.0065,6.0000,5.0065,0.2444,17.8695,0.5743,-9.0557,-21.8173,-1.1925,-25.5704,-1.1863,-25.6126,-10.7155,-24.3821,-28.6046,-20.2891,7.8632,-3.7531,7.8694,-3.7952,-1.6598,-2.5648,76,0.2300,76,0,1.0000,0.0000,0.0000,1.1617,3.5302,-0.2915,-1.8971,5.6922,0.0000
7.7501,UKF,jink,0.500,10.00,0.150,1,0.600,1,7.6571,6.5382,-1.1189,1.5933,0.3334,0.1499,0.0087,6.0000,5.0065,0.2442,19.2891,0.5742,-9.2639,-21.7292,-1.1925,-25.5704,-1.1863,-25.6126,-11.0810,-24.4832,-29.0902,-20.6125,8.0714,-3.8413,8.0776,-3.8834,-1.8170,-2.7540,76,0.2400,76,0,1.0000,0.0000,0.0000,1.1170,3.6708,-0.2696,-1.8287,5.7145,0.0000
7.7601,UKF,jink,0.500,10.00,0.150,1,0.600,1,7.6781,6.9754,-0.7027,1.3178,0.3346,0.1494,0.0121,6.0000,5.6767,0.3579,8.4332,0.5742,-9.4633,-21.6465,-5.4319,-23.5037,-5.4491,-23.5616,-10.9220,-22.0384,-25.9908,-16.5082,4.0315,-1.8572,4.0142,-1.9151,-1.4586,-0.3918,77,0.1500,77,0,1.0000,0.0000,0.0000,1.0727,3.8100,-0.2479,-1.7600,5.7361,0.0000
7.7701,UKF,jink,0.500,10.00,0.150,1,0.600,1,7.6981,6.9683,-0.7297,1.3533,0.3346,0.1494,0.0144,6.0000,5.6767,0.3582,9.2613,0.5743,-9.6541,-21.5693,-5.4319,-23.5037,-5.4491,-23.5616,-11.2468,-22.0261,-26.3526,-16.6961,4.2222,-1.9345,4.2050,-1.9924,-1.5927,-0.4568,77,0.1600,77,0,1.0000,0.0000,0.0000,1.0287,3.9478,-0.2264,-1.6910,5.7568,0.0000
7.7801,UKF,jink,0.500,10.00,0.150,1,0.600,1,7.7169,6.9591,-0.7578,1.3896,0.3346,0.1494,0.0168,6.0000,5.6767,0.3585,10.1352,0.5743,-9.8364,-21.4973,-5.4319,-23.5037,-5.4491,-23.5616,-11.5696,-22.0242,-26.7228,-16.8925,4.4045,-2.0065,4.3873,-2.0643,-1.7332,-0.5270,77,0.1700,77,0,1.0000,0.0000,0.0000,0.9851,4.0841,-0.2051,-1.6218,5.7766,0.0000
7.7901,UKF,jink,0.500,10.00,0.150,1,0.600,1,7.7347,6.9479,-0.7868,1.4268,0.3346,0.1494,0.0192,6.0000,5.6767,0.3588,11.0563,0.5744,-10.0104,-21.4305,-5.4319,-23.5037,-5.4491,-23.5616,-11.8908,-22.0327,-27.1019,-17.0975,4.5785,-2.0732,4.5613,-2.1311,-1.8804,-0.6022,77,0.1800,77,0,1.0000,0.0000,0.0000,0.9418,4.2191,-0.1841,-1.5524,5.7957,0.0000
7.8001,UKF,jink,0.500,10.00,0.150,1,0.600,1,7.7514,6.9346,-0.8167,1.4647,0.3346,0.1494,0.0217,6.0000,5.6767,0.3592,12.0257,0.5746,-10.1763,-21.3690,-5.4319,-23.5037,-5.4491,-23.5616,-12.2107,-22.0514,-27.4906,-17.3113,4.7444,-2.1348,4.7272,-2.1927,-2.0344,-0.6824,77,0.1900,77,0,1.0000,0.0000,0.0000,0.8989,4.3528,-0.1633,-1.4827,5.8139,0.0000
7.8101,UKF,jink,0.500,10.00,0.150,1,0.600,1,7.7669,6.9193,-0.8476,1.5035,0.3346,0.1494,0.0242,6.0000,5.6767,0.3595,13.0448,0.5747,-10.3342,-21.3125,-5.4319,-23.5037,-5.4491,-23.5616,-12.5297,-22.0801,-27.8894,-17.5339,4.9023,-2.1913,4.8851,-2.2491,-2.1955,-0.7677,77,0.2000,77,0,1.0000,0.0000,0.0000,0.8563,4.4851,-0.1428,-1.4129,5.8313,0.0000
7.8201,UKF,jink,0.500,10.00,0.150,1,0.600,1,7.7814,6.9021,-0.8793,1.5430,0.3346,0.1494,0.0268,6.0000,5.6767,0.3599,14.1148,0.5750,-10.4843,-21.2610,-5.4319,-23.5037,-5.4491,-23.5616,-12.8483,-22.1189,-28.2990,-17.7656,5.0524,-2.2427,5.0352,-2.3006,-2.3641,-0.8579,77,0.2100,77,0,1.0000,0.0000,0.0000,0.8142,4.6161,-0.1225,-1.3428,5.8478,0.0000
7.8301,UKF,jink,0.500,10.00,0.150,1,0.600,1,7.7947,6.8829,-0.9119,1.5832,0.3346,0.1494,0.0293,6.0000,5.6767,0.3604,15.2369,0.5752,-10.6267,-21.2145,-5.4319,-23.5037,-5.4491,-23.5616,-13.1669,-22.1676,-28.7199,-18.0065,5.1948,-2.2892,5.1776,-2.3471,-2.5402,-0.9531,77,0.2200,77,0,1.0000,0.0000,0.0000,0.7725,4.7458,-0.1024,-1.2725,5.8635,0.0000
7.8401,UKF,jink,0.500,10.00,0.150,1,0.600,1,7.8070,6.8617,-0.9452,1.6242,0.3346,0.1494,0.0312,6.0000,5.6767,0.3557,16.3961,0.5735,-10.7648,-21.1729,-5.4319,-23.5037,-5.4491,-23.5616,-13.4859,-22.2262,-29.1530,-18.2567,5.3329,-2.3308,5.3157,-2.3887,-2.7211,-1.0532,77,0.2300,77,0,1.0000,0.0000,0.0000,0.7312,4.8741,-0.0826,-1.2021,5.8784,0.0000
7.8501,UKF,jink,0.500,10.00,0.150,1,0.600,1,7.8181,6.8387,-0.9794,1.6658,0.3346,0.1494,0.0311,6.0000,5.6767,0.3451,17.5723,0.5709,-10.9029,-21.1362,-5.4319,-23.5037,-5.4491,-23.5616,-13.8057,-22.2946,-29.5989,-18.5165,5.4710,-2.3675,5.4537,-2.4254,-2.9028,-1.1584,77,0.2400,77,0,1.0000,0.0000,0.0000,0.6904,5.0013,-0.0631,-1.1314,5.8924,0.0000
7.8601,UKF,jink,0.500,10.00,0.150,1,0.600,1,7.8281,7.3420,-0.4861,1.4216,0.3325,0.1471,0.0291,6.0000,6.1924,1.9410,8.3150,0.5728,-11.0335,-21.1046,-8.3727,-22.1154,-8.1567,-22.3521,-12.3025,-21.8372,-23.5581,-19.6833,2.6608,-1.0109,2.8768,-1.2475,-1.2690,-0.7326,78,0.1500,78,0,1.0000,0.0000,0.0000,0.6500,5.1271,-0.0439,-1.0607,5.9055,0.0000
7.8701,UKF,jink,0.500,10.00,0.150,1,0.600,1,7.8370,7.3348,-0.5022,1.4580,0.3325,0.1471,0.0272,6.0000,6.1924,1.9485,9.0884,0.5730,-11.1488,-21.0777,-8.3727,-22.1154,-8.1567,-22.3521,-12.5342,-21.8809,-23.8284,-19.9300,2.7761,-1.0378,2.9921,-1.2744,-1.3854,-0.8032,78,0.1600,78,0,1.0000,0.0000,0.0000,0.6101,5.2518,-0.0249,-0.9897,5.9178,0.0000
7.8801,UKF,jink,0.500,10.00,0.150,1,0.600,1,7.8447,7.3256,-0.5191,1.4952,0.3325,0.1471,0.0247,6.0000,6.1924,1.9468,9.9155,0.5718,-11.2546,-21.0555,-8.3727,-22.1154,-8.1567,-22.3521,-12.7649,-21.9338,-24.1055,-20.1856,2.8820,-1.0600,3.0979,-1.2966,-1.5102,-0.8783,78,0.1700,78,0,1.0000,0.0000,0.0000,0.5707,5.3752,-0.0062,-0.9186,5.9293,0.0000
7.8901,UKF,jink,0.500,10.00,0.150,1,0.600,1,7.8513,7.3144,-0.5369,1.5332,0.3325,0.1471,0.0223,6.0000,6.1924,1.9452,10.7857,0.5706,-11.3535,-21.0379,-8.3727,-22.1154,-8.1567,-22.3521,-12.9948,-21.9957,-24.3900,-20.4503,2.9808,-1.0775,3.1968,-1.3141,-1.6413,-0.9577,78,0.1800,78,0,1.0000,0.0000,0.0000,0.5317,5.4974,0.0122,-0.8474,5.9399,0.0000
7.9001,UKF,jink,0.500,10.00,0.150,1,0.600,1,7.8568,7.3014,-0.5555,1.5720,0.3325,0.1471,0.0200,6.0000,6.1924,1.9436,11.6998,0.5695,-11.4455,-21.0250,-8.3727,-22.1154,-8.1567,-22.3521,-13.2243,-22.0666,-24.6824,-20.7243,3.0728,-1.0904,3.2887,-1.3270,-1.7788,-1.0416,78,0.1900,78,0,1.0000,0.0000,0.0000,0.4933,5.6184,0.0304,-0.7761,5.9496,0.0000
7.9101,UKF,jink,0.500,10.00,0.150,1,0.600,1,7.8612,7.2864,-0.5748,1.6114,0.3325,0.1471,0.0177,6.0000,6.1924,1.9421,12.6585,0.5685,-11.5306,-21.0167,-8.3727,-22.1154,-8.1567,-22.3521,-13.4537,-22.1464,-24.9830,-21.0078,3.1580,-1.0987,3.3739,-1.3353,-1.9230,-1.1297,78,0.2000,78,0,1.0000,0.0000,0.0000,0.4554,5.7382,0.0482,-0.7046,5.9585,0.0000
7.9201,UKF,jink,0.500,10.00,0.150,1,0.600,1,7.8644,7.2696,-0.5948,1.6516,0.3325,0.1471,0.0155,6.0000,6.1924,1.9406,13.6629,0.5675,-11.6091,-21.0130,-8.3727,-22.1154,-8.1567,-22.3521,-13.6832,-22.2351,-25.2926,-21.3009,3.2364,-1.1025,3.4524,-1.3391,-2.0741,-1.2221,78,0.2100,78,0,1.0000,0.0000,0.0000,0.4180,5.8569,0.0658,-0.6331,5.9665,0.0000
7.9301,UKF,jink,0.500,10.00,0.150,1,0.600,1,7.8664,7.2509,-0.6155,1.6925,0.3325,0.1471,0.0134,6.0000,6.1924,1.9391,14.7137,0.5666,-11.6810,-21.0138,-8.3727,-22.1154,-8.1567,-22.3521,-13.9133,-22.3326,-25.6116,-21.6039,3.3083,-1.1016,3.5243,-1.3383,-2.2323,-1.3189,78,0.2200,78,0,1.0000,0.0000,0.0000,0.3812,5.9744,0.0831,-0.5614,5.9737,0.0000
7.9401,UKF,jink,0.500,10.00,0.150,1,0.600,1,7.8673,7.2305,-0.6368,1.7341,0.3325,0.1471,0.0114,6.0000,6.1924,1.9377,15.8122,0.5658,-11.7463,-21.0191,-8.3727,-22.1154,-8.1567,-22.3521,-14.1442,-22.4390,-25.9406,-21.9168,3.3736,-1.0963,3.5896,-1.3329,-2.3978,-1.4198,78,0.2300,78,0,1.0000,0.0000,0.0000,0.3449,6.0908,0.1001,-0.4897,5.9800,0.0000
7.9501,UKF,jink,0.500,10.00,0.150,1,0.600,1,7.8671,7.2084,-0.6588,1.7763,0.3325,0.1471,0.0095,6.0000,6.1924,1.9363,16.9594,0.5650,-11.8052,-21.0289,-8.3727,-22.1154,-8.1567,-22.3521,-14.3762,-22.5541,-26.2803,-22.2400,3.4325,-1.0865,3.6484,-1.3231,-2.5710,-1.5251,78,0.2400,78,0,1.0000,0.0000,0.0000,0.3092,6.2061,0.1168,-0.4179,5.9854,0.0000
7.9601,UKF,jink,0.500,10.00,0.150,1,0.600,1,7.8658,8.0278,0.1620,1.5325,0.3317,0.1460,0.0067,6.0000,7.7943,0.3537,9.3370,0.5643,-11.8576,-21.0432,-10.3342,-21.3125,-10.4124,-21.3441,-13.5284,-20.9938,-21.6756,-19.5372,1.5234,-0.2692,1.4452,-0.3008,-1.6708,0.0495,79,0.1500,79,0,1.0000,0.0000,0.0000,0.2740,6.3203,0.1332,-0.3461,5.9900,0.0000
7.9701,UKF,jink,0.500,10.00,0.150,1,0.600,1,7.8633,8.0277,0.1644,1.5697,0.3317,0.1460,0.0049,6.0000,7.7943,0.3546,10.0459,0.5636,-11.9037,-21.0620,-10.3342,-21.3125,-10.4124,-21.3441,-13.7022,-21.0311,-21.8647,-19.7398,1.5695,-0.2505,1.4913,-0.2821,-1.7985,0.0309,79,0.1600,79,0,1.0000,0.0000,0.0000,0.2395,6.4334,0.1493,-0.2742,5.9937,0.0000
7.9801,UKF,jink,0.500,10.00,0.150,1,0.600,1,7.8597,8.0257,0.1661,1.6078,0.3317,0.1460,0.0032,6.0000,7.7943,0.3556,10.7883,0.5631,-11.9435,-21.0852,-10.3342,-21.3125,-10.4124,-21.3441,-13.8755,-21.0756,-22.0586,-19.9487,1.6093,-0.2273,1.5311,-0.2589,-1.9321,0.0097,79,0.1700,79,0,1.0000,0.0000,0.0000,0.2055,6.5454,0.1652,-0.2022,5.9966,0.0000
7.9901,UKF,jink,0.500,10.00,0.150,1,0.600,1,7.8549,8.0219,0.1670,1.6466,0.3317,0.1460,0.0013,6.0000,7.7943,0.3523,11.5603,0.5631,-11.9779,-21.1129,-10.3342,-21.3125,-10.4124,-21.3441,-14.0486,-21.1271,-22.2576,-20.1639,1.6437,-0.1996,1.5655,-0.2312,-2.0708,-0.0142,79,0.1800,79,0,1.0000,0.0000,0.0000,0.1721,6.6564,0.1807,-0.1302,5.9986,0.0000
8.0001,UKF,jink,0.500,10.00,0.150,1,0.600,1,7.8490,8.0164,0.1673,1.6861,0.3317,0.1460,0.0006,6.0000,7.7943,0.3483,12.3670,0.5632,-12.0063,-21.1450,-10.3342,-21.3125,-10.4124,-21.3441,-14.2217,-21.1856,-22.4619,-20.3854,1.6721,-0.1675,1.5939,-0.1991,-2.2155,-0.0406,79,0.1900,79,0,1.0000,0.0000,0.0000,0.1394,6.7663,0.1959,-0.0583,5.9997,0.0000
