t_s,estimator,maneuver,horizon_s,detect_hz,latency_s,jitter,meas_corr,predict_on,true_range_m,est_range_m,range_err_m,range_sigma_m,est_size_w_m,est_size_h_m,size_err_m,true_speed_mps,est_speed_mps,held_err_px,est_err_px,track_err_px,origin_hdg,origin_att,delayed_hdg,delayed_att,jittered_hdg,jittered_att,est_hdg,est_att,pred_hdg,pred_att,err_delayed_hdg,err_delayed_att,err_jittered_hdg,err_jittered_att,err_est_hdg,err_est_att,detect_count,detect_age_s,tracker_updates,tracker_rejects,imm_p0,imm_p1,imm_p2,chaser_vx,chaser_vy,chaser_vz,target_vx,target_vy,target_vz,timing_on,period_s,pkt_latency_s,meas_stamp_s,stamp_err_s
0.0100,IMM-UKF,jink,0.500,10.00,0.150,1,0.600,1,19.4193,nan,nan,nan,nan,nan,nan,6.0000,nan,0.0000,0.0000,0.0000,18.5716,-11.7368,nan,nan,nan,nan,nan,nan,nan,nan,nan,nan,nan,nan,nan,nan,0,0.0000,0,0,0.0000,0.0000,0.0000,0.0666,0.1666,-0.0147,5.5437,2.2950,0.0000,1,0.0886,0.1453,0.0000,-0.0020
0.0200,IMM-UKF,jink,0.500,10.00,0.150,1,0.600,1,19.4549,nan,nan,nan,nan,nan,nan,6.0000,nan,0.0000,0.0000,0.0000,18.7056,-11.7142,nan,nan,nan,nan,nan,nan,nan,nan,nan,nan,nan,nan,nan,nan,0,0.0000,0,0,0.0000,0.0000,0.0000,0.1329,0.3314,-0.0292,5.5158,2.3614,0.0000,1,0.0886,0.1453,0.0000,-0.0020
0.0300,IMM-UKF,jink,0.500,10.00,0.150,1,0.600,1,19.4894,nan,nan,nan,nan,nan,nan,6.0000,nan,0.0000,0.0000,0.0000,18.8373,-11.6919,nan,nan,nan,nan,nan,nan,nan,nan,nan,nan,nan,nan,nan,nan,0,0.0000,0,0,0.0000,0.0000,0.0000,0.1987,0.4944,-0.0435,5.4870,2.4274,0.0000,1,0.0886,0.1453,0.0000,-0.0020
0.0400,IMM-UKF,jink,0.500,10.00,0.150,1,0.600,1,19.5227,nan,nan,nan,nan,nan,nan,6.0000,nan,0.0000,0.0000,0.0000,18.9668,-11.6699,nan,nan,nan,nan,nan,nan,nan,nan,nan,nan,nan,nan,nan,nan,0,0.0000,0,0,0.0000,0.0000,0.0000,0.2641,0.6558,-0.0576,5.4575,2.4931,0.0000,1,0.0886,0.1453,0.0000,-0.0020
0.0500,IMM-UKF,jink,0.500,10.00,0.150,1,0.600,1,19.5550,nan,nan,nan,nan,nan,nan,6.0000,nan,0.0000,0.0000,0.0000,19.0940,-11.6483,nan,nan,nan,nan,nan,nan,nan,nan,nan,nan,nan,nan,nan,nan,0,0.0000,0,0,0.0000,0.0000,0.0000,0.3290,0.8154,-0.0715,5.4272,2.5584,0.0000,1,0.0886,0.1453,0.0000,-0.0020
0.0600,IMM-UKF,jink,0.500,10.00,0.150,1,0.600,1,19.5862,nan,nan,nan,nan,nan,nan,6.0000,nan,0.0000,0.0000,0.0000,19.2190,-11.6270,nan,nan,nan,nan,nan,nan,nan,nan,nan,nan,nan,nan,nan,nan,0,0.0000,0,0,0.0000,0.0000,0.0000,0.3936,0.9733,-0.0852,5.3961,2.6233,0.0000,1,0.0886,0.1453,0.0000,-0.0020
0.0700,IMM-UKF,jink,0.500,10.00,0.150,1,0.600,1,19.6163,nan,nan,nan,nan,nan,nan,6.0000,nan,0.0000,0.0000,0.0000,19.3418,-11.6060,nan,nan,nan,nan,nan,nan,nan,nan,nan,nan,nan,nan,nan,nan,0,0.0000,0,0,0.0000,0.0000,0.0000,0.4577,1.1296,-0.0987,5.3643,2.6879,0.0000,1,0.0886,0.1453,0.0000,-0.0020
0.0800,IMM-UKF,jink,0.500,10.00,0.150,1,0.600,1,19.6452,nan,nan,nan,nan,nan,nan,6.0000,nan,0.0000,0.0000,0.0000,19.4624,-11.5853,nan,nan,nan,nan,nan,nan,nan,nan,nan,nan,nan,nan,nan,nan,0,0.0000,0,0,0.0000,0.0000,0.0000,0.5213,1.2843,-0.1120,5.3316,2.7521,0.0000,1,0.0886,0.1453,0.0000,-0.0020
0.0900,IMM-UKF,jink,0.500,10.00,0.150,1,0.600,1,19.6731,nan,nan,nan,nan,nan,nan,6.0000,nan,0.0000,0.0000,0.0000,19.5808,-11.5650,nan,nan,nan,nan,nan,nan,nan,nan,nan,nan,nan,nan,nan,nan,0,0.0000,0,0,0.0000,0.0000,0.0000,0.5846,1.4373,-0.1250,5.2982,2.8158,0.0000,1,0.1182,0.1416,0.0000,0.0000
0.1000,IMM-UKF,jink,0.500,10.00,0.150,1,0.600,1,19.7000,nan,nan,nan,nan,nan,nan,6.0000,nan,0.0000,0.0000,0.0000,19.6970,-11.5450,nan,nan,nan,nan,nan,nan,nan,nan,nan,nan,nan,nan,nan,nan,0,0.0000,0,0,0.0000,0.0000,0.0000,0.6474,1.5887,-0.1379,5.2640,2.8792,0.0000,1,0.1182,0.1416,0.0000,0.0000
0.1100,IMM-UKF,jink,0.500,10.00,0.150,1,0.600,1,19.7257,nan,nan,nan,nan,nan,nan,6.0000,nan,0.0000,0.0000,0.0000,19.8110,-11.5253,nan,nan,nan,nan,nan,nan,nan,nan,nan,nan,nan,nan,nan,nan,0,0.0000,0,0,0.0000,0.0000,0.0000,0.7097,1.7386,-0.1506,5.2291,2.9422,0.0000,1,0.1182,0.1416,0.0000,0.0000
0.1200,IMM-UKF,jink,0.500,10.00,0.150,1,0.600,1,19.7504,nan,nan,nan,nan,nan,nan,6.0000,nan,0.0000,0.0000,0.0000,19.9229,-11.5059,nan,nan,nan,nan,nan,nan,nan,nan,nan,nan,nan,nan,nan,nan,0,0.0000,0,0,0.0000,0.0000,0.0000,0.7716,1.8868,-0.1631,5.1934,3.0047,0.0000,1,0.1182,0.1416,0.0000,0.0000
0.1300,IMM-UKF,jink,0.500,10.00,0.150,1,0.600,1,19.7741,nan,nan,nan,nan,nan,nan,6.0000,nan,0.0000,0.0000,0.0000,20.0326,-11.4868,nan,nan,nan,nan,nan,nan,nan,nan,nan,nan,nan,nan,nan,nan,0,0.0000,0,0,0.0000,0.0000,0.0000,0.8331,2.0336,-0.1754,5.1570,3.0668,0.0000,1,0.1182,0.1416,0.0000,0.0000
0.1400,IMM-UKF,jink,0.500,10.00,0.150,1,0.600,1,19.7967,nan,nan,nan,nan,nan,nan,6.0000,nan,0.0000,0.0000,0.0000,20.1402,-11.4681,nan,nan,nan,nan,nan,nan,nan,nan,nan,nan,nan,nan,nan,nan,0,0.0000,0,0,0.0000,0.0000,0.0000,0.8941,2.1787,-0.1876,5.1198,3.1285,0.0000,1,0.1182,0.1416,0.0000,0.0000
0.1500,IMM-UKF,jink,0.500,10.00,0.150,1,0.600,1,19.8182,17.8762,-1.9420,9.3118,0.3600,0.1065,0.0156,6.0000,0.0000,1.5723,11.6016,0.1669,20.2456,-11.4496,18.4354,-11.7598,18.4936,-12.0174,18.4095,-12.1764,18.1050,-12.7505,-1.8102,-0.3102,-1.7520,-0.5678,-1.8361,-0.7268,1,0.1500,1,0,0.3333,0.3333,0.3333,0.9547,2.3224,-0.1995,5.0819,3.1897,0.0000,1,0.1182,0.1416,-0.0020,0.0000
0.1600,IMM-UKF,jink,0.500,10.00,0.150,1,0.600,1,19.8387,17.8265,-2.0122,9.3368,0.3600,0.1065,0.0149,6.0000,0.0000,1.5718,12.3183,0.1663,20.3489,-11.4315,18.4354,-11.7598,18.4936,-12.0174,18.3974,-12.1981,18.0678,-12.8146,-1.9135,-0.3284,-1.8553,-0.5860,-1.9516,-0.7666,1,0.1600,1,0,0.3333,0.3333,0.3333,1.0148,2.4646,-0.2113,5.0433,3.2504,0.0000,1,0.1182,0.1416,-0.0020,0.0000
0.1700,IMM-UKF,jink,0.500,10.00,0.150,1,0.600,1,19.8582,17.7741,-2.0841,9.3635,0.3600,0.1065,0.0141,6.0000,0.0000,1.5713,13.0308,0.1657,20.4501,-11.4136,18.4354,-11.7598,18.4936,-12.0174,18.3843,-12.2211,18.0291,-12.8808,-2.0147,-0.3462,-1.9565,-0.6038,-2.0658,-0.8075,1,0.1700,1,0,0.3333,0.3333,0.3333,1.0745,2.6053,-0.2228,5.0039,3.3107,0.0000,1,0.1182,0.1416,-0.0020,0.0000
0.1800,IMM-UKF,jink,0.500,10.00,0.150,1,0.600,1,19.8766,17.7189,-2.1577,9.3917,0.3600,0.1065,0.0133,6.0000,0.0000,1.5708,13.7393,0.1651,20.5491,-11.3961,18.4354,-11.7598,18.4936,-12.0174,18.3704,-12.2455,17.9886,-12.9493,-2.1137,-0.3638,-2.0555,-0.6214,-2.1787,-0.8494,1,0.1800,1,0,0.3333,0.3333,0.3333,1.1338,2.7445,-0.2342,4.9638,3.3705,0.0000,1,0.1182,0.1416,-0.0020,0.0000
0.1900,IMM-UKF,jink,0.500,10.00,0.150,1,0.600,1,19.8940,17.6610,-2.2330,9.4215,0.3600,0.1065,0.0124,6.0000,0.0000,1.5703,14.4437,0.1645,20.6461,-11.3788,18.4354,-11.7598,18.4936,-12.0174,18.3555,-12.2714,17.9465,-13.0201,-2.2107,-0.3810,-2.1525,-0.6386,-2.2905,-0.8925,1,0.1900,1,0,0.3333,0.3333,0.3333,1.1925,2.8823,-0.2455,4.9230,3.4299,0.0000,1,0.1182,0.1416,-0.0020,0.0000
0.2000,IMM-UKF,jink,0.500,10.00,0.150,1,0.600,1,19.9104,17.6004,-2.3100,9.4529,0.3600,0.1065,0.0116,6.0000,0.0000,1.5694,15.1461,0.1639,20.7412,-11.3619,18.4354,-11.7598,18.4936,-12.0174,18.3397,-12.2986,17.9027,-13.0933,-2.3058,-0.3979,-2.2476,-0.6555,-2.4015,-0.9367,1,0.2000,1,0,0.3333,0.3333,0.3333,1.2508,3.0187,-0.2565,4.8815,3.4887,0.0000,1,0.1182,0.1416,-0.0020,0.0000
0.2100,IMM-UKF,jink,0.500,10.00,0.150,1,0.600,1,19.9257,17.5372,-2.3885,9.4858,0.3600,0.1065,0.0109,6.0000,0.0000,1.5690,15.8446,0.1637,20.8341,-11.3452,18.4354,-11.7598,18.4936,-12.0174,18.3229,-12.3274,17.8571,-13.1690,-2.3987,-0.4147,-2.3405,-0.6723,-2.5112,-0.9822,1,0.2100,1,0,0.3333,0.3333,0.3333,1.3087,3.1536,-0.2674,4.8393,3.5470,0.0000,1,0.0881,0.1590,-0.0020,0.0017
0.2200,IMM-UKF,jink,0.500,10.00,0.150,1,0.600,1,19.9401,17.4715,-2.4686,9.5202,0.3600,0.1065,0.0104,6.0000,0.0000,1.5689,16.5381,0.1636,20.9247,-11.3288,18.4354,-11.7598,18.4936,-12.0174,18.3052,-12.3575,17.8096,-13.2471,-2.4893,-0.4311,-2.4311,-0.6887,-2.6195,-1.0288,1,0.2200,1,0,0.3333,0.3333,0.3333,1.3661,3.2872,-0.2781,4.7964,3.6048,0.0000,1,0.0881,0.1590,-0.0020,0.0017
0.2300,IMM-UKF,jink,0.500,10.00,0.150,1,0.600,1,19.9534,17.4032,-2.5502,9.5561,0.3600,0.1065,0.0098,6.0000,0.0000,1.5689,17.2283,0.1634,21.0132,-11.3126,18.4354,-11.7598,18.4936,-12.0174,18.2865,-12.3892,17.7603,-13.3279,-2.5778,-0.4472,-2.5196,-0.7048,-2.7267,-1.0765,1,0.2300,1,0,0.3333,0.3333,0.3333,1.4230,3.4193,-0.2886,4.7528,3.6621,0.0000,1,0.0881,0.1590,-0.0020,0.0017
0.2400,IMM-UKF,jink,0.500,10.00,0.150,1,0.600,1,19.9658,18.9615,-1.0043,6.4372,0.3609,0.1036,0.0083,6.0000,0.8795,2.9282,13.5580,0.1632,21.0996,-11.2968,19.5808,-11.5650,19.8615,-11.9709,18.9521,-12.1395,19.9293,-12.6233,-1.5188,-0.2682,-1.2381,-0.6741,-2.1474,-0.8427,2,0.1500,2,0,0.3499,0.3433,0.3068,1.4795,3.5501,-0.2990,4.7085,3.7189,0.0000,1,0.0881,0.1590,0.0900,0.0017
0.2500,IMM-UKF,jink,0.500,10.00,0.150,1,0.600,1,19.9771,18.9033,-1.0738,6.4852,0.3609,0.1036,0.0075,6.0000,0.8795,2.9283,14.0254,0.1631,21.1839,-11.2813,19.5808,-11.5650,19.8615,-11.9709,18.9644,-12.1578,19.9317,-12.6802,-1.6031,-0.2837,-1.3223,-0.6896,-2.2194,-0.8765,2,0.1600,2,0,0.3499,0.3433,0.3068,1.5355,3.6796,-0.3091,4.6635,3.7751,0.0000,1,0.0881,0.1590,0.0900,0.0017
0.2600,IMM-UKF,jink,0.500,10.00,0.150,1,0.600,1,19.9874,18.8426,-1.1448,6.5354,0.3609,0.1036,0.0067,6.0000,0.8795,2.9283,14.4869,0.1629,21.2661,-11.2661,19.5808,-11.5650,19.8615,-11.9709,18.9762,-12.1774,19.9335,-12.7391,-1.6853,-0.2989,-1.4045,-0.7048,-2.2899,-0.9113,2,0.1700,2,0,0.3499,0.3433,0.3068,1.5910,3.8077,-0.3192,4.6179,3.8308,0.0000,1,0.0881,0.1590,0.0900,0.0017
0.2700,IMM-UKF,jink,0.500,10.00,0.150,1,0.600,1,19.9968,18.7794,-1.2174,6.5877,0.3609,0.1036,0.0059,6.0000,0.8795,2.9283,14.9425,0.1627,21.3462,-11.2512,19.5808,-11.5650,19.8615,-11.9709,18.9873,-12.1982,19.9348,-12.8000,-1.7654,-0.3138,-1.4846,-0.7197,-2.3589,-0.9470,2,0.1800,2,0,0.3499,0.3433,0.3068,1.6461,3.9345,-0.3290,4.5716,3.8859,0.0000,1,0.0881,0.1590,0.0900,0.0017
0.2800,IMM-UKF,jink,0.500,10.00,0.150,1,0.600,1,20.0051,18.7137,-1.2914,6.6421,0.3609,0.1036,0.0050,6.0000,0.8795,2.9283,15.3923,0.1625,21.4242,-11.2365,19.5808,-11.5650,19.8615,-11.9709,18.9978,-12.2203,19.9354,-12.8629,-1.8434,-0.3284,-1.5627,-0.7343,-2.4264,-0.9837,2,0.1900,2,0,0.3499,0.3433,0.3068,1.7007,4.0601,-0.3387,4.5246,3.9405,0.0000,1,0.0881,0.1590,0.0900,0.0017
0.2900,IMM-UKF,jink,0.500,10.00,0.150,1,0.600,1,20.0125,18.6456,-1.3669,6.6987,0.3609,0.1036,0.0040,6.0000,0.8795,2.9283,15.8364,0.1622,21.5001,-11.2222,19.5808,-11.5650,19.8615,-11.9709,19.0078,-12.2436,19.9355,-12.9280,-1.9193,-0.3428,-1.6386,-0.7487,-2.4924,-1.0214,2,0.2000,2,0,0.3499,0.3433,0.3068,1.7549,4.1843,-0.3483,4.4770,3.9945,0.0000,1,0.0881,0.1590,0.0900,0.0017
0.3000,IMM-UKF,jink,0.500,10.00,0.150,1,0.600,1,20.0188,18.5751,-1.4438,6.7572,0.3609,0.1036,0.0029,6.0000,0.8795,2.9284,16.2748,0.1620,21.5740,-11.2082,19.5808,-11.5650,19.8615,-11.9709,19.0171,-12.2683,19.9349,-12.9952,-1.9932,-0.3568,-1.7124,-0.7627,-2.5568,-1.0601,2,0.2100,2,0,0.3499,0.3433,0.3068,1.8085,4.3073,-0.3576,4.4288,4.0480,0.0000,1,0.1129,0.1435,0.0900,0.0005
0.3100,IMM-UKF,jink,0.500,10.00,0.150,1,0.600,1,20.0242,18.5022,-1.5220,6.8177,0.3609,0.1036,0.0018,6.0000,0.8795,2.9283,16.7078,0.1618,21.6457,-11.1945,19.5808,-11.5650,19.8615,-11.9709,19.0259,-12.2942,19.9338,-13.0647,-2.0650,-0.3705,-1.7842,-0.7764,-2.6198,-1.0997,2,0.2200,2,0,0.3499,0.3433,0.3068,1.8617,4.4290,-0.3669,4.3799,4.1008,0.0000,1,0.1129,0.1435,0.0900,0.0005
0.3200,IMM-UKF,jink,0.500,10.00,0.150,1,0.600,1,20.0286,18.4270,-1.6016,6.8802,0.3609,0.1036,0.0007,6.0000,0.8795,2.9283,17.1354,0.1616,21.7154,-11.1810,19.5808,-11.5650,19.8615,-11.9709,19.0342,-12.3214,19.9321,-13.1365,-2.1347,-0.3839,-1.8539,-0.7898,-2.6813,-1.1404,2,0.2300,2,0,0.3499,0.3433,0.3068,1.9144,4.5495,-0.3759,4.3303,4.1531,0.0000,1,0.1129,0.1435,0.0900,0.0005
0.3300,IMM-UKF,jink,0.500,10.00,0.150,1,0.600,1,20.0321,18.3496,-1.6825,6.9446,0.3609,0.1036,0.0005,6.0000,0.8795,2.9283,17.5576,0.1613,21.7830,-11.1679,19.5808,-11.5650,19.8615,-11.9709,19.0418,-12.3500,19.9298,-13.2106,-2.2023,-0.3971,-1.9215,-0.8030,-2.7412,-1.1821,2,0.2400,2,0,0.3499,0.3433,0.3068,1.9667,4.6687,-0.3848,4.2802,4.2047,0.0000,1,0.1129,0.1435,0.0900,0.0005
0.3400,IMM-UKF,jink,0.500,10.00,0.150,1,0.600,1,20.0345,18.2699,-1.7647,7.0108,0.3609,0.1036,0.0018,6.0000,0.8795,2.9282,17.9747,0.1610,21.8486,-11.1551,19.5808,-11.5650,19.8615,-11.9709,19.0489,-12.3799,19.9270,-13.2872,-2.2678,-0.4099,-1.9871,-0.8158,-2.7997,-1.2248,2,0.2500,2,0,0.3499,0.3433,0.3068,2.0184,4.7868,-0.3936,4.2294,4.2558,0.0000,1,0.1129,0.1435,0.0900,0.0005
0.3500,IMM-UKF,jink,0.500,10.00,0.150,1,0.600,1,20.0360,18.1879,-1.8481,7.0788,0.3609,0.1036,0.0032,6.0000,0.8795,2.9282,18.3868,0.1608,21.9121,-11.1426,19.5808,-11.5650,19.8615,-11.9709,19.0555,-12.4111,19.9236,-13.3664,-2.3313,-0.4224,-2.0505,-0.8283,-2.8566,-1.2685,2,0.2600,2,0,0.3499,0.3433,0.3068,2.0697,4.9036,-0.4022,4.1781,4.3063,0.0000,1,0.1129,0.1435,0.0900,0.0005
0.3600,IMM-UKF,jink,0.500,10.00,0.150,1,0.600,1,20.0365,18.1039,-1.9327,7.1486,0.3609,0.1036,0.0046,6.0000,0.8795,2.9281,18.7939,0.1605,21.9734,-11.1304,19.5808,-11.5650,19.8615,-11.9709,19.0615,-12.4437,19.9196,-13.4481,-2.3927,-0.4346,-2.1119,-0.8405,-2.9120,-1.3134,2,0.2700,2,0,0.3499,0.3433,0.3068,2.1205,5.0193,-0.4107,4.1261,4.3561,0.0000,1,0.1129,0.1435,0.0900,0.0005
0.3700,IMM-UKF,jink,0.500,10.00,0.150,1,0.600,1,20.0361,19.0900,-0.9461,5.2205,0.3605,0.1024,0.0056,6.0000,2.2195,3.1336,10.5060,0.1602,22.0328,-11.1185,20.8341,-11.3452,20.9784,-11.8499,20.4223,-11.8879,23.4868,-11.8905,-1.1986,-0.2267,-1.0544,-0.7315,-1.6104,-0.7695,3,0.1600,3,0,0.3979,0.3608,0.2413,2.1709,5.1338,-0.4190,4.0735,4.4053,0.0000,1,0.1129,0.1435,0.2117,0.0005
0.3800,IMM-UKF,jink,0.500,10.00,0.150,1,0.600,1,20.0347,19.0207,-1.0140,5.2950,0.3605,0.1024,0.0071,6.0000,2.2195,3.1334,10.5992,0.1599,22.0900,-11.1068,20.8341,-11.3452,20.9784,-11.8499,20.4723,-11.8971,23.5562,-11.9307,-1.2559,-0.2383,-1.1117,-0.7431,-1.6177,-0.7903,3,0.1700,3,0,0.3979,0.3608,0.2413,2.2207,5.2472,-0.4272,4.0204,4.4538,0.0000,1,0.1129,0.1435,0.2117,0.0005
0.3900,IMM-UKF,jink,0.500,10.00,0.150,1,0.600,1,20.0323,18.9492,-1.0832,5.3717,0.3605,0.1024,0.0086,6.0000,2.2195,3.1331,10.6845,0.1596,22.1452,-11.0955,20.8341,-11.3452,20.9784,-11.8499,20.5223,-11.9073,23.6266,-11.9725,-1.3111,-0.2496,-1.1668,-0.7544,-1.6229,-0.8118,3,0.1800,3,0,0.3979,0.3608,0.2413,2.2701,5.3594,-0.4352,3.9666,4.5018,0.0000,1,0.1129,0.1435,0.2117,0.0005
0.4000,IMM-UKF,jink,0.500,10.00,0.150,1,0.600,1,20.0290,18.8755,-1.1535,5.4504,0.3605,0.1024,0.0103,6.0000,2.2195,3.1329,10.7621,0.1593,22.1983,-11.0846,20.8341,-11.3452,20.9784,-11.8499,20.5723,-11.9187,23.6982,-12.0159,-1.3642,-0.2606,-1.2199,-0.7654,-1.6260,-0.8341,3,0.1900,3,0,0.3979,0.3608,0.2413,2.3190,5.4705,-0.4431,3.9123,4.5490,0.0000,1,0.1129,0.1435,0.2117,0.0005
0.4100,IMM-UKF,jink,0.500,10.00,0.150,1,0.600,1,20.0247,18.7996,-1.2251,5.5311,0.3605,0.1024,0.0119,6.0000,2.2195,3.1327,10.8321,0.1590,22.2493,-11.0739,20.8341,-11.3452,20.9784,-11.8499,20.6223,-11.9310,23.7710,-12.0610,-1.4152,-0.2713,-1.2710,-0.7760,-1.6270,-0.8572,3,0.2000,3,0,0.3979,0.3608,0.2413,2.3674,5.5805,-0.4508,3.8575,4.5957,0.0000,1,0.1129,0.1435,0.2117,0.0005
0.4200,IMM-UKF,jink,0.500,10.00,0.150,1,0.600,1,20.0195,18.7216,-1.2978,5.6137,0.3605,0.1024,0.0137,6.0000,2.2195,3.1324,10.8948,0.1587,22.2983,-11.0635,20.8341,-11.3452,20.9784,-11.8499,20.6723,-11.9445,23.8451,-12.1078,-1.4641,-0.2817,-1.3199,-0.7864,-1.6259,-0.8810,3,0.2100,3,0,0.3979,0.3608,0.2413,2.4153,5.6894,-0.4584,3.8020,4.6416,0.0000,1,0.0998,0.1556,0.2117,0.0005
0.4300,IMM-UKF,jink,0.500,10.00,0.150,1,0.600,1,20.0133,18.6416,-1.3717,5.6982,0.3605,0.1024,0.0154,6.0000,2.2195,3.1322,10.9502,0.1584,22.3451,-11.0534,20.8341,-11.3452,20.9784,-11.8499,20.7225,-11.9590,23.9205,-12.1563,-1.5110,-0.2917,-1.3668,-0.7965,-1.6227,-0.9056,3,0.2200,3,0,0.3979,0.3608,0.2413,2.4627,5.7972,-0.4659,3.7461,4.6869,0.0000,1,0.0998,0.1556,0.2117,0.0005
0.4400,IMM-UKF,jink,0.500,10.00,0.150,1,0.600,1,20.0061,18.5595,-1.4467,5.7844,0.3605,0.1024,0.0173,6.0000,2.2195,3.1319,10.9986,0.1580,22.3900,-11.0437,20.8341,-11.3452,20.9784,-11.8499,20.7727,-11.9747,23.9973,-12.2067,-1.5558,-0.3015,-1.4116,-0.8062,-1.6173,-0.9310,3,0.2300,3,0,0.3979,0.3608,0.2413,2.5097,5.9040,-0.4732,3.6895,4.7315,0.0000,1,0.0998,0.1556,0.2117,0.0005
0.4500,IMM-UKF,jink,0.500,10.00,0.150,1,0.600,1,19.9980,18.4924,-1.5057,5.3305,0.3498,0.0990,0.0085,6.0000,3.6890,2.0133,0.8911,0.1577,22.4327,-11.0343,21.5740,-11.2082,21.9085,-11.2806,22.5833,-11.0524,28.5113,-9.3574,-0.8587,-0.1739,-0.5242,-0.2463,0.1507,-0.0181,4,0.1500,4,0,0.4753,0.3721,0.1526,2.5561,6.0097,-0.4804,3.6325,4.7754,0.0000,1,0.0998,0.1556,0.3005,0.0005
0.4600,IMM-UKF,jink,0.500,10.00,0.150,1,0.600,1,19.9890,18.4151,-1.5739,5.4139,0.3498,0.0990,0.0104,6.0000,3.6890,2.0135,1.2324,0.1574,22.4734,-11.0252,21.5740,-11.2082,21.9085,-11.2806,22.6831,-11.0320,28.6755,-9.3439,-0.8994,-0.1830,-0.5649,-0.2554,0.2098,-0.0068,4,0.1600,4,0,0.4753,0.3721,0.1526,2.6021,6.1143,-0.4874,3.5749,4.8187,0.0000,1,0.0998,0.1556,0.3005,0.0005
0.4700,IMM-UKF,jink,0.500,10.00,0.150,1,0.600,1,19.9790,18.3358,-1.6432,5.4990,0.3498,0.0990,0.0124,6.0000,3.6890,2.0137,1.5957,0.1570,22.5119,-11.0164,21.5740,-11.2082,21.9085,-11.2806,22.7836,-11.0123,28.8431,-9.3308,-0.9380,-0.1918,-0.6035,-0.2642,0.2717,0.0040,4,0.1700,4,0,0.4753,0.3721,0.1526,2.6475,6.2180,-0.4944,3.5169,4.8612,0.0000,1,0.0998,0.1556,0.3005,0.0005
0.4800,IMM-UKF,jink,0.500,10.00,0.150,1,0.600,1,19.9681,18.2545,-1.7136,5.5857,0.3498,0.0990,0.0144,6.0000,3.6890,2.0138,1.9781,0.1566,22.5484,-11.0079,21.5740,-11.2082,21.9085,-11.2806,22.8850,-10.9933,29.0141,-9.3182,-0.9745,-0.2003,-0.6400,-0.2727,0.3365,0.0146,4,0.1800,4,0,0.4753,0.3721,0.1526,2.6925,6.3206,-0.5012,3.4583,4.9031,0.0000,1,0.0998,0.1556,0.3005,0.0005
0.4900,IMM-UKF,jink,0.500,10.00,0.150,1,0.600,1,19.9562,18.1713,-1.7849,5.6739,0.3498,0.0990,0.0165,6.0000,3.6890,2.0140,2.3786,0.1563,22.5829,-10.9998,21.5740,-11.2082,21.9085,-11.2806,22.9871,-10.9750,29.1889,-9.3060,-1.0089,-0.2084,-0.6744,-0.2808,0.4042,0.0247,4,0.1900,4,0,0.4753,0.3721,0.1526,2.7370,6.4222,-0.5078,3.3992,4.9442,0.0000,1,0.0998,0.1556,0.3005,0.0005
0.5000,IMM-UKF,jink,0.500,10.00,0.150,1,0.600,1,19.9434,18.0861,-1.8573,5.7636,0.3498,0.0990,0.0184,6.0000,3.6890,2.0126,2.7954,0.1558,22.6155,-10.9919,21.5740,-11.2082,21.9085,-11.2806,23.0902,-10.9574,29.3675,-9.2941,-1.0415,-0.2163,-0.7070,-0.2886,0.4747,0.0346,4,0.2000,4,0,0.4753,0.3721,0.1526,2.7810,6.5228,-0.5144,3.3396,4.9847,0.0000,1,0.0998,0.1556,0.3005,0.0005
0.5100,IMM-UKF,jink,0.500,10.00,0.150,1,0.600,1,19.9296,17.9991,-1.9305,5.8547,0.3498,0.0990,0.0202,6.0000,3.6890,2.0115,3.2304,0.1558,22.6460,-10.9844,21.5740,-11.2082,21.9085,-11.2806,23.1942,-10.9404,29.5500,-9.2828,-1.0720,-0.2238,-0.7375,-0.2962,0.5482,0.0440,4,0.2100,4,0,0.4753,0.3721,0.1526,2.8245,6.6225,-0.5208,3.2796,5.0244,0.0000,1,0.0998,0.1556,0.3005,0.0005
0.5200,IMM-UKF,jink,0.500,10.00,0.150,1,0.600,1,19.9150,17.9102,-2.0048,5.9472,0.3498,0.0990,0.0219,6.0000,3.6890,2.0117,3.6849,0.1558,22.6742,-10.9771,21.5740,-11.2082,21.9085,-11.2806,23.2992,-10.9240,29.7368,-9.2718,-1.1002,-0.2310,-0.7657,-0.3034,0.6250,0.0531,4,0.2200,4,0,0.4753,0.3721,0.1526,2.8675,6.7211,-0.5271,3.2190,5.0634,0.0000,1,0.1134,0.1441,0.3005,0.0000
0.5300,IMM-UKF,jink,0.500,10.00,0.150,1,0.600,1,19.8993,17.8194,-2.0799,6.0409,0.3498,0.0990,0.0236,6.0000,3.6890,2.0120,4.1579,0.1559,22.7002,-10.9703,21.5740,-11.2082,21.9085,-11.2806,23.4053,-10.9083,29.9278,-9.2612,-1.1263,-0.2379,-0.7918,-0.3103,0.7051,0.0619,4,0.2300,4,0,0.4753,0.3721,0.1526,2.9100,6.8188,-0.5332,3.1580,5.1016,0.0000,1,0.1134,0.1441,0.3005,0.0000
0.5400,IMM-UKF,jink,0.500,10.00,0.150,1,0.600,1,19.8828,17.7269,-2.1559,6.1359,0.3498,0.0990,0.0254,6.0000,3.6890,2.0122,4.6496,0.1559,22.7242,-10.9637,21.5740,-11.2082,21.9085,-11.2806,23.5125,-10.8933,30.1235,-9.2511,-1.1503,-0.2445,-0.8158,-0.3169,0.7883,0.0704,4,0.2400,4,0,0.4753,0.3721,0.1526,2.9520,6.9156,-0.5392,3.0966,5.1392,0.0000,1,0.1134,0.1441,0.3005,0.0000
0.5500,IMM-UKF,jink,0.500,10.00,0.150,1,0.600,1,19.8653,17.6326,-2.2327,6.2320,0.3498,0.0990,0.0272,6.0000,3.6890,2.0125,5.1605,0.1559,22.7462,-10.9575,21.5740,-11.2082,21.9085,-11.2806,23.6210,-10.8789,30.3238,-9.2414,-1.1722,-0.2507,-0.8377,-0.3231,0.8748,0.0786,4,0.2500,4,0,0.4753,0.3721,0.1526,2.9935,7.0115,-0.5452,3.0347,5.1760,0.0000,1,0.1134,0.1441,0.3005,0.0000
0.5600,IMM-UKF,jink,0.500,10.00,0.150,1,0.600,1,19.8468,17.5365,-2.3103,6.3293,0.3498,0.0990,0.0291,6.0000,3.6890,2.0127,5.6910,0.1560,22.7660,-10.9516,21.5740,-11.2082,21.9085,-11.2806,23.7307,-10.8652,30.5292,-9.2321,-1.1920,-0.2566,-0.8575,-0.3290,0.9647,0.0864,4,0.2600,4,0,0.4753,0.3721,0.1526,3.0346,7.1064,-0.5509,2.9724,5.2120,0.0000,1,0.1134,0.1441,0.3005,0.0000
0.5700,IMM-UKF,jink,0.500,10.00,0.150,1,0.600,1,19.8275,17.4388,-2.3887,6.4276,0.3498,0.0990,0.0310,6.0000,3.6890,2.0129,6.2414,0.1560,22.7837,-10.9461,21.5740,-11.2082,21.9085,-11.2806,23.8417,-10.8521,30.7396,-9.2232,-1.2097,-0.2621,-0.8752,-0.3345,1.0581,0.0940,4,0.2700,4,0,0.4753,0.3721,0.1526,3.0751,7.2004,-0.5566,2.9096,5.2473,0.0000,1,0.1134,0.1441,0.3005,0.0000
0.5800,IMM-UKF,jink,0.500,10.00,0.150,1,0.600,1,19.8072,18.2103,-1.5969,5.4471,0.3492,0.0990,0.0323,6.0000,3.6526,1.4397,5.2997,0.1560,22.7993,-10.9409,22.2983,-11.0635,22.2384,-11.2974,23.6632,-11.1976,29.7047,-10.6249,-0.5010,-0.1226,-0.5610,-0.3565,0.8639,-0.2567,5,0.1600,5,0,0.6265,0.3184,0.0551,3.1151,7.2936,-0.5622,2.8464,5.2818,0.0000,1,0.1134,0.1441,0.4205,0.0000
0.5900,IMM-UKF,jink,0.500,10.00,0.150,1,0.600,1,19.7859,18.1301,-1.6558,5.5314,0.3492,0.0990,0.0343,6.0000,3.6526,1.4396,5.8010,0.1560,22.8128,-10.9361,22.2983,-11.0635,22.2384,-11.2974,23.7645,-11.1967,29.8805,-10.6429,-0.5146,-0.1274,-0.5745,-0.3613,0.9517,-0.2606,5,0.1700,5,0,0.6265,0.3184,0.0551,3.1546,7.3858,-0.5676,2.7829,5.3156,0.0000,1,0.1134,0.1441,0.4205,0.0000
0.6000,IMM-UKF,jink,0.500,10.00,0.150,1,0.600,1,19.7638,18.0482,-1.7156,5.6168,0.3492,0.0990,0.0363,6.0000,3.6526,1.4395,6.3233,0.1560,22.8242,-10.9316,22.2983,-11.0635,22.2384,-11.2974,23.8668,-11.1965,30.0602,-10.6619,-0.5260,-0.1319,-0.5859,-0.3658,1.0425,-0.2649,5,0.1800,5,0,0.6265,0.3184,0.0551,3.1936,7.4772,-0.5729,2.7189,5.3486,0.0000,1,0.1134,0.1441,0.4205,0.0000
0.6100,IMM-UKF,jink,0.500,10.00,0.150,1,0.600,1,19.7407,17.9646,-1.7761,5.7033,0.3492,0.0990,0.0384,6.0000,3.6526,1.4395,6.8664,0.1560,22.8335,-10.9275,22.2983,-11.0635,22.2384,-11.2974,23.9702,-11.1971,30.2441,-10.6820,-0.5353,-0.1360,-0.5952,-0.3699,1.1366,-0.2696,5,0.1900,5,0,0.6265,0.3184,0.0551,3.2321,7.5677,-0.5781,2.6545,5.3809,0.0000,1,0.1134,0.1441,0.4205,0.0000
0.6200,IMM-UKF,jink,0.500,10.00,0.150,1,0.600,1,19.7167,17.8792,-1.8374,5.7908,0.3492,0.0990,0.0405,6.0000,3.6526,1.4394,7.4304,0.1559,22.8407,-10.9237,22.2983,-11.0635,22.2384,-11.2974,24.0748,-11.1986,30.4321,-10.7031,-0.5425,-0.1398,-0.6024,-0.3736,1.2340,-0.2749,5,0.2000,5,0,0.6265,0.3184,0.0551,3.2701,7.6574,-0.5832,2.5897,5.4123,0.0000,1,0.1134,0.1441,0.4205,0.0000
0.6300,IMM-UKF,jink,0.500,10.00,0.150,1,0.600,1,19.6917,17.7922,-1.8995,5.8794,0.3492,0.0990,0.0427,6.0000,3.6526,1.4393,8.0154,0.1559,22.8458,-10.9203,22.2983,-11.0635,22.2384,-11.2974,24.1805,-11.2009,30.6247,-10.7253,-0.5476,-0.1432,-0.6075,-0.3770,1.3347,-0.2805,5,0.2100,5,0,0.6265,0.3184,0.0551,3.3076,7.7462,-0.5882,2.5246,5.4430,0.0000,1,0.1134,0.1441,0.4205,0.0000
0.6400,IMM-UKF,jink,0.500,10.00,0.150,1,0.600,1,19.6659,17.7036,-1.9623,5.9689,0.3492,0.0990,0.0448,6.0000,3.6526,1.4392,8.6215,0.1559,22.8488,-10.9173,22.2983,-11.0635,22.2384,-11.2974,24.2876,-11.2040,30.8219,-10.7486,-0.5505,-0.1462,-0.6104,-0.3800,1.4388,-0.2866,5,0.2200,5,0,0.6265,0.3184,0.0551,3.3446,7.8342,-0.5931,2.4591,5.4729,0.0000,1,0.1176,0.1458,0.4205,0.0020
0.6500,IMM-UKF,jink,0.500,10.00,0.150,1,0.600,1,19.6391,17.6133,-2.0257,6.0593,0.3492,0.0990,0.0471,6.0000,3.6526,1.4391,9.2492,0.1559,22.8496,-10.9147,22.2983,-11.0635,22.2384,-11.2974,24.3960,-11.2079,31.0239,-10.7731,-0.5514,-0.1488,-0.6113,-0.3827,1.5464,-0.2932,5,0.2300,5,0,0.6265,0.3184,0.0551,3.3810,7.9214,-0.5978,2.3933,5.5020,0.0000,1,0.1176,0.1458,0.4205,0.0020
0.6600,IMM-UKF,jink,0.500,10.00,0.150,1,0.600,1,19.6114,17.5215,-2.0899,6.1506,0.3492,0.0990,0.0478,6.0000,3.6526,1.4424,9.8855,0.1554,22.8506,-10.9124,22.2983,-11.0635,22.2384,-11.2974,24.5059,-11.2127,31.2310,-10.7987,-0.5523,-0.1511,-0.6122,-0.3850,1.6553,-0.3003,5,0.2400,5,0,0.6265,0.3184,0.0551,3.4170,8.0077,-0.6025,2.3271,5.5304,0.0000,1,0.1176,0.1458,0.4205,0.0020
0.6700,IMM-UKF,jink,0.500,10.00,0.150,1,0.600,1,19.5827,18.7536,-0.8291,4.8776,0.3559,0.1014,0.0535,6.0000,4.2892,1.7202,4.9568,0.1563,22.8492,-10.9104,22.6742,-10.9771,22.5422,-11.2320,23.6727,-11.0921,28.4398,-10.6203,-0.1750,-0.0667,-0.3069,-0.3216,0.8235,-0.1816,6,0.1500,6,0,0.7612,0.2182,0.0206,3.4525,8.0933,-0.6070,2.2605,5.5579,0.0000,1,0.1176,0.1458,0.5200,0.0020
0.6800,IMM-UKF,jink,0.500,10.00,0.150,1,0.600,1,19.5532,18.6835,-0.8697,4.9521,0.3559,0.1014,0.0513,6.0000,4.2892,1.7205,5.4654,0.1567,22.8436,-10.9089,22.6742,-10.9771,22.5422,-11.2320,23.7555,-11.0911,28.5751,-10.6378,-0.1695,-0.0683,-0.3014,-0.3231,0.9119,-0.1823,6,0.1600,6,0,0.7612,0.2182,0.0206,3.4874,8.1781,-0.6115,2.1937,5.5846,0.0000,1,0.1176,0.1458,0.5200,0.0020
0.6900,IMM-UKF,jink,0.500,10.00,0.150,1,0.600,1,19.5227,18.6118,-0.9109,5.0276,0.3559,0.1014,0.0492,6.0000,4.2892,1.7209,5.9935,0.1571,22.8359,-10.9077,22.6742,-10.9771,22.5422,-11.2320,23.8392,-11.0909,28.7134,-10.6564,-0.1618,-0.0695,-0.2937,-0.3243,1.0033,-0.1833,6,0.1700,6,0,0.7612,0.2182,0.0206,3.5218,8.2621,-0.6158,2.1265,5.6105,0.0000,1,0.1176,0.1458,0.5200,0.0020
0.7000,IMM-UKF,jink,0.500,10.00,0.150,1,0.600,1,19.4913,18.5385,-0.9528,5.1042,0.3559,0.1014,0.0471,6.0000,4.2892,1.7212,6.5411,0.1576,22.8261,-10.9068,22.6742,-10.9771,22.5422,-11.2320,23.9238,-11.0915,28.8547,-10.6758,-0.1519,-0.0703,-0.2839,-0.3251,1.0977,-0.1846,6,0.1800,6,0,0.7612,0.2182,0.0206,3.5557,8.3454,-0.6200,2.0590,5.6356,0.0000,1,0.1176,0.1458,0.5200,0.0020
0.7100,IMM-UKF,jink,0.500,10.00,0.150,1,0.600,1,19.4590,18.4636,-0.9953,5.1816,0.3559,0.1014,0.0450,6.0000,4.2892,1.7215,7.1081,0.1580,22.8141,-10.9064,22.6742,-10.9771,22.5422,-11.2320,24.0094,-11.0928,28.9991,-10.6962,-0.1399,-0.0707,-0.2719,-0.3255,1.1953,-0.1863,6,0.1900,6,0,0.7612,0.2182,0.0206,3.5891,8.4278,-0.6242,1.9912,5.6599,0.0000,1,0.1176,0.1458,0.5200,0.0020
0.7200,IMM-UKF,jink,0.500,10.00,0.150,1,0.600,1,19.4257,18.3872,-1.0385,5.2600,0.3559,0.1014,0.0430,6.0000,4.2892,1.7218,7.6948,0.1584,22.7999,-10.9064,22.6742,-10.9771,22.5422,-11.2320,24.0960,-11.0949,29.1467,-10.7176,-0.1258,-0.0707,-0.2577,-0.3256,1.2960,-0.1884,6,0.2000,6,0,0.7612,0.2182,0.0206,3.6220,8.5096,-0.6282,1.9232,5.6834,0.0000,1,0.1176,0.1458,0.5200,0.0020
0.7300,IMM-UKF,jink,0.500,10.00,0.150,1,0.600,1,19.3916,18.3093,-1.0823,5.3392,0.3559,0.1014,0.0411,6.0000,4.2892,1.7221,8.3013,0.1588,22.7836,-10.9068,22.6742,-10.9771,22.5422,-11.2320,24.1836,-11.0977,29.2977,-10.7400,-0.1095,-0.0703,-0.2414,-0.3252,1.3999,-0.1908,6,0.2100,6,0,0.7612,0.2182,0.0206,3.6544,8.5906,-0.6321,1.8549,5.7061,0.0000,1,0.1176,0.1458,0.5200,0.0020
0.7400,IMM-UKF,jink,0.500,10.00,0.150,1,0.600,1,19.3565,18.2298,-1.1267,5.4193,0.3559,0.1014,0.0392,6.0000,4.2892,1.7224,8.9278,0.1592,22.7652,-10.9077,22.6742,-10.9771,22.5422,-11.2320,24.2723,-11.1013,29.4523,-10.7635,-0.0910,-0.0695,-0.2229,-0.3243,1.5072,-0.1936,6,0.2200,6,0,0.7612,0.2182,0.0206,3.6862,8.6709,-0.6359,1.7862,5.7279,0.0000,1,0.1176,0.1458,0.5200,0.0020
0.7500,IMM-UKF,jink,0.500,10.00,0.150,1,0.600,1,19.3205,18.1489,-1.1716,5.5002,0.3559,0.1014,0.0373,6.0000,4.2892,1.7227,9.5746,0.1596,22.7445,-10.9089,22.6742,-10.9771,22.5422,-11.2320,24.3622,-11.1056,29.6105,-10.7879,-0.0703,-0.0683,-0.2023,-0.3231,1.6177,-0.1967,6,0.2300,6,0,0.7612,0.2182,0.0206,3.7176,8.7505,-0.6397,1.7174,5.7490,0.0000,1,0.1176,0.1458,0.5200,0.0020
0.7600,IMM-UKF,jink,0.500,10.00,0.150,1,0.600,1,19.2836,18.0666,-1.2170,5.5819,0.3559,0.1014,0.0355,6.0000,4.2892,1.7230,10.2421,0.1600,22.7217,-10.9105,22.6742,-10.9771,22.5422,-11.2320,24.4534,-11.1107,29.7725,-10.8134,-0.0475,-0.0666,-0.1794,-0.3215,1.7317,-0.2002,6,0.2400,6,0,0.7612,0.2182,0.0206,3.7484,8.8293,-0.6433,1.6483,5.7692,0.0000,1,0.0822,0.1508,0.5200,0.0010
0.7700,IMM-UKF,jink,0.500,10.00,0.150,1,0.600,1,19.2458,17.9829,-1.2629,5.6643,0.3559,0.1014,0.0338,6.0000,4.2892,1.7233,10.9304,0.1604,22.6966,-10.9126,22.6742,-10.9771,22.5422,-11.2320,24.5458,-11.1166,29.9385,-10.8400,-0.0225,-0.0645,-0.1544,-0.3194,1.8492,-0.2040,6,0.2500,6,0,0.7612,0.2182,0.0206,3.7787,8.9075,-0.6468,1.5789,5.7885,0.0000,1,0.0822,0.1508,0.5200,0.0010
0.7800,IMM-UKF,jink,0.500,10.00,0.150,1,0.600,1,19.2071,17.8977,-1.3093,5.7475,0.3559,0.1014,0.0321,6.0000,4.2892,1.7235,11.6401,0.1607,22.6694,-10.9151,22.6742,-10.9771,22.5422,-11.2320,24.6396,-11.1233,30.1086,-10.8677,0.0047,-0.0620,-0.1272,-0.3169,1.9702,-0.2082,6,0.2600,6,0,0.7612,0.2182,0.0206,3.8084,8.9850,-0.6502,1.5094,5.8071,0.0000,1,0.0822,0.1508,0.5200,0.0010
0.7900,IMM-UKF,jink,0.500,10.00,0.150,1,0.600,1,19.1674,18.8102,-0.3572,4.9722,0.3506,0.1015,0.0251,6.0000,5.3856,1.1120,8.2368,0.1611,22.6400,-10.9181,22.8488,-10.9173,22.9796,-11.0544,24.0346,-11.0623,27.9239,-10.8729,0.2088,0.0007,0.3396,-0.1363,1.3946,-0.1443,7,0.1500,7,0,0.8915,0.0999,0.0087,3.8377,9.0618,-0.6536,1.4396,5.8247,0.0000,1,0.0822,0.1508,0.6420,0.0010
0.8000,IMM-UKF,jink,0.500,10.00,0.150,1,0.600,1,19.1269,18.7479,-0.3790,5.0410,0.3506,0.1015,0.0235,6.0000,5.3856,1.1124,8.8321,0.1615,22.6084,-10.9214,22.8488,-10.9173,22.9796,-11.0544,24.1048,-11.0655,28.0380,-10.8958,0.2404,0.0041,0.3712,-0.1329,1.4965,-0.1440,7,0.1600,7,0,0.8915,0.0999,0.0087,3.8664,9.1379,-0.6568,1.3696,5.8416,0.0000,1,0.0822,0.1508,0.6420,0.0010
0.8100,IMM-UKF,jink,0.500,10.00,0.150,1,0.600,1,19.0854,18.6842,-0.4013,5.1106,0.3506,0.1015,0.0220,6.0000,5.3856,1.1128,9.4461,0.1619,22.5745,-10.9253,22.8488,-10.9173,22.9796,-11.0544,24.1760,-11.0693,28.1547,-10.9197,0.2743,0.0079,0.4051,-0.1291,1.6015,-0.1440,7,0.1700,7,0,0.8915,0.0999,0.0087,3.8946,9.2133,-0.6600,1.2994,5.8576,0.0000,1,0.0822,0.1508,0.6420,0.0010
0.8200,IMM-UKF,jink,0.500,10.00,0.150,1,0.600,1,19.0431,18.6190,-0.4241,5.1809,0.3506,0.1015,0.0204,6.0000,5.3856,1.1132,10.0792,0.1623,22.5384,-10.9296,22.8488,-10.9173,22.9796,-11.0544,24.2481,-11.0739,28.2740,-10.9446,0.3104,0.0122,0.4411,-0.1248,1.7096,-0.1443,7,0.1800,7,0,0.8915,0.0999,0.0087,3.9222,9.2882,-0.6630,1.2290,5.8728,0.0000,1,0.0822,0.1508,0.6420,0.0010
0.8300,IMM-UKF,jink,0.500,10.00,0.150,1,0.600,1,18.9998,18.5525,-0.4473,5.2519,0.3506,0.1015,0.0188,6.0000,5.3856,1.1123,10.7296,0.1629,22.5005,-10.9343,22.8488,-10.9173,22.9796,-11.0544,24.3211,-11.0792,28.3961,-10.9704,0.3483,0.0170,0.4791,-0.1201,1.8206,-0.1449,7,0.1900,7,0,0.8915,0.0999,0.0087,3.9494,9.3623,-0.6660,1.1584,5.8871,0.0000,1,0.0822,0.1508,0.6420,0.0010
0.8400,IMM-UKF,jink,0.500,10.00,0.150,1,0.600,1,18.9556,18.4845,-0.4711,5.3235,0.3506,0.1015,0.0170,6.0000,5.3856,1.1122,11.4004,0.1638,22.4602,-10.9394,22.8488,-10.9173,22.9796,-11.0544,24.3952,-11.0852,28.5212,-10.9972,0.3886,0.0221,0.5194,-0.1150,1.9351,-0.1458,7,0.2000,7,0,0.8915,0.0999,0.0087,3.9760,9.4359,-0.6689,1.0877,5.9006,0.0000,1,0.0822,0.1508,0.6420,0.0010
0.8500,IMM-UKF,jink,0.500,10.00,0.150,1,0.600,1,18.9105,18.4153,-0.4952,5.3959,0.3506,0.1015,0.0151,6.0000,5.3856,1.1129,12.0924,0.1645,22.4174,-10.9450,22.8488,-10.9173,22.9796,-11.0544,24.4704,-11.0920,28.6492,-11.0250,0.4314,0.0277,0.5622,-0.1093,2.0530,-0.1470,7,0.2100,7,0,0.8915,0.0999,0.0087,4.0020,9.5088,-0.6716,1.0168,5.9132,0.0000,1,0.1030,0.1559,0.6420,0.0016
0.8600,IMM-UKF,jink,0.500,10.00,0.150,1,0.600,1,18.8645,18.3447,-0.5198,5.4688,0.3506,0.1015,0.0133,6.0000,5.3856,1.1136,12.8046,0.1653,22.3724,-10.9511,22.8488,-10.9173,22.9796,-11.0544,24.5468,-11.0996,28.7803,-11.0538,0.4764,0.0338,0.6072,-0.1033,2.1744,-0.1484,7,0.2200,7,0,0.8915,0.0999,0.0087,4.0276,9.5810,-0.6743,0.9458,5.9250,0.0000,1,0.1030,0.1559,0.6420,0.0016
0.8700,IMM-UKF,jink,0.500,10.00,0.150,1,0.600,1,18.8176,18.2728,-0.5448,5.5424,0.3506,0.1015,0.0116,6.0000,5.3856,1.1143,13.5375,0.1661,22.3250,-10.9577,22.8488,-10.9173,22.9796,-11.0544,24.6243,-11.1079,28.9146,-11.0837,0.5237,0.0404,0.6545,-0.0967,2.2993,-0.1502,7,0.2300,7,0,0.8915,0.0999,0.0087,4.0525,9.6527,-0.6769,0.8746,5.9359,0.0000,1,0.1030,0.1559,0.6420,0.0016
0.8800,IMM-UKF,jink,0.500,10.00,0.150,1,0.600,1,18.7698,18.1996,-0.5702,5.6166,0.3506,0.1015,0.0099,6.0000,5.3856,1.1150,14.2915,0.1669,22.2755,-10.9648,22.8488,-10.9173,22.9796,-11.0544,24.7032,-11.1169,29.0524,-11.1146,0.5733,0.0474,0.7041,-0.0896,2.4277,-0.1521,7,0.2400,7,0,0.8915,0.0999,0.0087,4.0770,9.7238,-0.6795,0.8033,5.9460,0.0000,1,0.1030,0.1559,0.6420,0.0016
0.8900,IMM-UKF,jink,0.500,10.00,0.150,1,0.600,1,18.7211,18.1252,-0.5959,5.6913,0.3506,0.1015,0.0082,6.0000,5.3856,1.1158,15.0668,0.1677,22.2236,-10.9723,22.8488,-10.9173,22.9796,-11.0544,24.7833,-11.1267,29.1936,-11.1466,0.6252,0.0550,0.7560,-0.0821,2.5597,-0.1544,7,0.2500,7,0,0.8915,0.0999,0.0087,4.1009,9.7943,-0.6819,0.7319,5.9552,0.0000,1,0.1030,0.1559,0.6420,0.0016
0.9000,IMM-UKF,jink,0.500,10.00,0.150,1,0.600,1,18.6715,18.0496,-0.6220,5.7667,0.3506,0.1015,0.0066,6.0000,5.3856,1.1165,15.8640,0.1685,22.1694,-10.9804,22.8488,-10.9173,22.9796,-11.0544,24.8648,-11.1373,29.3384,-11.1797,0.6793,0.0630,0.8101,-0.0740,2.6954,-0.1569,7,0.2600,7,0,0.8915,0.0999,0.0087,4.1243,9.8642,-0.6842,0.6604,5.9635,0.0000,1,0.1030,0.1559,0.6420,0.0016
0.9100,IMM-UKF,jink,0.500,10.00,0.150,1,0.600,1,18.6210,17.9727,-0.6483,5.8426,0.3506,0.1015,0.0051,6.0000,5.3856,1.1172,16.6835,0.1693,22.1130,-10.9890,22.8488,-10.9173,22.9796,-11.0544,24.9478,-11.1486,29.4871,-11.2139,0.7358,0.0716,0.8666,-0.0654,2.8348,-0.1597,7,0.2700,7,0,0.8915,0.0999,0.0087,4.1472,9.9335,-0.6865,0.5888,5.9710,0.0000,1,0.1030,0.1559,0.6420,0.0016
0.9200,IMM-UKF,jink,0.500,10.00,0.150,1,0.600,1,18.5696,19.5487,0.9791,4.8604,0.3578,0.1041,0.0108,6.0000,7.2708,1.9266,10.4484,0.1701,22.0542,-10.9980,22.7217,-10.9105,23.0414,-10.9809,23.8322,-10.9539,25.9580,-10.8398,0.6675,0.0875,0.9872,0.0171,1.7780,0.0442,8,0.1600,8,0,0.9221,0.0661,0.0117,4.1695,10.0022,-0.6887,0.5171,5.9777,0.0000,1,0.1030,0.1559,0.7610,0.0016
0.9300,IMM-UKF,jink,0.500,10.00,0.150,1,0.600,1,18.5173,19.4996,0.9823,4.9205,0.3578,0.1041,0.0093,6.0000,7.2708,1.9270,11.0577,0.1709,21.9931,-11.0077,22.7217,-10.9105,23.0414,-10.9809,23.8747,-10.9576,26.0280,-10.8616,0.7286,0.0971,1.0483,0.0268,1.8816,0.0501,8,0.1700,8,0,0.9221,0.0661,0.0117,4.1912,10.0704,-0.6908,0.4453,5.9835,0.0000,1,0.1030,0.1559,0.7610,0.0016
0.9400,IMM-UKF,jink,0.500,10.00,0.150,1,0.600,1,18.4641,19.4493,0.9851,4.9812,0.3578,0.1041,0.0079,6.0000,7.2708,1.9274,11.6858,0.1717,21.9296,-11.0178,22.7217,-10.9105,23.0414,-10.9809,23.9180,-10.9620,26.0998,-10.8842,0.7920,0.1073,1.1118,0.0369,1.9883,0.0558,8,0.1800,8,0,0.9221,0.0661,0.0117,4.2124,10.1381,-0.6928,0.3735,5.9884,0.0000,1,0.1030,0.1559,0.7610,0.0016
0.9500,IMM-UKF,jink,0.500,10.00,0.150,1,0.600,1,18.4100,19.3977,0.9876,5.0424,0.3578,0.1041,0.0065,6.0000,7.2708,1.9278,12.3327,0.1725,21.8638,-11.0285,22.7217,-10.9105,23.0414,-10.9809,23.9621,-10.9671,26.1737,-10.9076,0.8578,0.1180,1.1776,0.0476,2.0983,0.0614,8,0.1900,8,0,0.9221,0.0661,0.0117,4.2331,10.2051,-0.6947,0.3016,5.9924,0.0000,1,0.1030,0.1559,0.7610,0.0016
0.9600,IMM-UKF,jink,0.500,10.00,0.150,1,0.600,1,18.3551,19.3449,0.9898,5.1043,0.3578,0.1041,0.0052,6.0000,7.2708,1.9282,12.9990,0.1733,21.7957,-11.0398,22.7217,-10.9105,23.0414,-10.9809,24.0072,-10.9728,26.2497,-10.9319,0.9260,0.1292,1.2458,0.0589,2.2115,0.0669,8,0.2000,8,0,0.9221,0.0661,0.0117,4.2532,10.2717,-0.6965,0.2297,5.9956,0.0000,1,0.0944,0.1582,0.7610,0.0008
0.9700,IMM-UKF,jink,0.500,10.00,0.150,1,0.600,1,18.2992,19.2908,0.9916,5.1667,0.3578,0.1041,0.0039,6.0000,7.2708,1.9286,13.6848,0.1741,21.7251,-11.0516,22.7217,-10.9105,23.0414,-10.9809,24.0532,-10.9792,26.3278,-10.9569,0.9965,0.1410,1.3163,0.0707,2.3281,0.0723,8,0.2100,8,0,0.9221,0.0661,0.0117,4.2727,10.3377,-0.6983,0.1577,5.9979,0.0000,1,0.0944,0.1582,0.7610,0.0008
0.9800,IMM-UKF,jink,0.500,10.00,0.150,1,0.600,1,18.2424,19.2357,0.9932,5.2297,0.3578,0.1041,0.0027,6.0000,7.2708,1.9291,14.3907,0.1749,21.6522,-11.0639,22.7217,-10.9105,23.0414,-10.9809,24.1003,-10.9863,26.4082,-10.9829,1.0695,0.1534,1.3892,0.0830,2.4481,0.0776,8,0.2200,8,0,0.9221,0.0661,0.0117,4.2917,10.4032,-0.7000,0.0857,5.9994,0.0000,1,0.0944,0.1582,0.7610,0.0008
0.9900,IMM-UKF,jink,0.500,10.00,0.150,1,0.600,1,18.1848,19.1793,0.9945,5.2933,0.3578,0.1041,0.0015,6.0000,7.2708,1.9295,15.1169,0.1758,21.5769,-11.0769,22.7217,-10.9105,23.0414,-10.9809,24.1484,-10.9940,26.4909,-11.0096,1.1448,0.1663,1.4646,0.0960,2.5715,0.0829,8,0.2300,8,0,0.9221,0.0661,0.0117,4.3102,10.4681,-0.7016,0.0137,6.0000,0.0000,1,0.0944,0.1582,0.7610,0.0008
1.0000,IMM-UKF,jink,0.500,10.00,0.150,1,0.600,1,18.1263,19.1218,0.9955,5.3574,0.3578,0.1041,0.0003,6.0000,7.2708,1.9299,15.8639,0.1766,21.4991,-11.0904,22.7217,-10.9105,23.0414,-10.9809,24.1976,-11.0024,26.5760,-11.0373,1.2225,0.1799,1.5423,0.1095,2.6985,0.0880,8,0.2400,8,0,0.9221,0.0661,0.0117,4.3281,10.5326,-0.7031,-0.0583,5.9997,0.0000,1,0.0944,0.1582,0.7610,0.0008
1.0100,IMM-UKF,jink,0.500,10.00,0.150,1,0.600,1,18.0669,18.3537,0.2868,4.7827,0.3395,0.0991,0.0191,6.0000,6.8277,2.3835,11.6592,0.1774,21.4189,-11.1045,22.4174,-10.9450,22.7181,-11.2099,23.3817,-11.4041,24.3722,-12.2900,0.9985,0.1595,1.2992,-0.1054,1.9628,-0.2996,9,0.1600,9,0,0.9221,0.0589,0.0190,4.3454,10.5965,-0.7046,-0.1302,5.9986,0.0000,1,0.0944,0.1582,0.8516,0.0008
1.0200,IMM-UKF,jink,0.500,10.00,0.150,1,0.600,1,18.0066,18.2966,0.2901,4.8400,0.3395,0.0991,0.0201,6.0000,6.8277,2.3843,12.2755,0.1783,21.3363,-11.1192,22.4174,-10.9450,22.7181,-11.2099,23.4043,-11.4257,24.4219,-12.3402,1.0811,0.1742,1.3818,-0.0907,2.0680,-0.3065,9,0.1700,9,0,0.9221,0.0589,0.0190,4.3622,10.6600,-0.7059,-0.2022,5.9966,0.0000,1,0.0944,0.1582,0.8516,0.0008
1.0300,IMM-UKF,jink,0.500,10.00,0.150,1,0.600,1,17.9454,18.2384,0.2930,4.8979,0.3395,0.0991,0.0211,6.0000,6.8277,2.3851,12.9122,0.1791,21.2512,-11.1346,22.4174,-10.9450,22.7181,-11.2099,23.4279,-11.4482,24.4737,-12.3916,1.1662,0.1895,1.4669,-0.0753,2.1766,-0.3136,9,0.1800,9,0,0.9221,0.0589,0.0190,4.3784,10.7230,-0.7072,-0.2742,5.9937,0.0000,1,0.0944,0.1582,0.8516,0.0008
1.0400,IMM-UKF,jink,0.500,10.00,0.150,1,0.600,1,17.8833,18.1791,0.2958,4.9563,0.3395,0.0991,0.0221,6.0000,6.8277,2.3859,13.5695,0.1800,21.1636,-11.1505,22.4174,-10.9450,22.7181,-11.2099,23.4524,-11.4714,24.5278,-12.4444,1.2537,0.2055,1.5545,-0.0594,2.2888,-0.3209,9,0.1900,9,0,0.9221,0.0589,0.0190,4.3940,10.7854,-0.7084,-0.3461,5.9900,0.0000,1,0.0944,0.1582,0.8516,0.0008
1.0500,IMM-UKF,jink,0.500,10.00,0.150,1,0.600,1,17.8204,18.1186,0.2982,5.0153,0.3395,0.0991,0.0230,6.0000,6.8277,2.3867,14.2477,0.1809,21.0736,-11.1671,22.4174,-10.9450,22.7181,-11.2099,23.4780,-11.4956,24.5843,-12.4985,1.3438,0.2221,1.6445,-0.0428,2.4044,-0.3284,9,0.2000,9,0,0.9221,0.0589,0.0190,4.4091,10.8474,-0.7096,-0.4179,5.9854,0.0000,1,0.0944,0.1582,0.8516,0.0008
1.0600,IMM-UKF,jink,0.500,10.00,0.150,1,0.600,1,17.7566,18.0571,0.3005,5.0747,0.3395,0.0991,0.0239,6.0000,6.8277,2.3875,14.9473,0.1817,20.9810,-11.1844,22.4174,-10.9450,22.7181,-11.2099,23.5047,-11.5205,24.6432,-12.5540,1.4364,0.2393,1.7371,-0.0255,2.5237,-0.3362,9,0.2100,9,0,0.9221,0.0589,0.0190,4.4236,10.9090,-0.7106,-0.4897,5.9800,0.0000,1,0.1181,0.1499,0.8516,0.0013
1.0700,IMM-UKF,jink,0.500,10.00,0.150,1,0.600,1,17.6919,17.9945,0.3026,5.1346,0.3395,0.0991,0.0247,6.0000,6.8277,2.3883,15.6688,0.1826,20.8859,-11.2022,22.4174,-10.9450,22.7181,-11.2099,23.5326,-11.5464,24.7047,-12.6109,1.5315,0.2572,1.8322,-0.0077,2.6467,-0.3441,9,0.2200,9,0,0.9221,0.0589,0.0190,4.4375,10.9700,-0.7116,-0.5614,5.9737,0.0000,1,0.1181,0.1499,0.8516,0.0013
1.0800,IMM-UKF,jink,0.500,10.00,0.150,1,0.600,1,17.6264,17.9308,0.3044,5.1950,0.3395,0.0991,0.0255,6.0000,6.8277,2.3891,16.4124,0.1835,20.7883,-11.2208,22.4174,-10.9450,22.7181,-11.2099,23.5617,-11.5730,24.7688,-12.6691,1.6291,0.2758,1.9298,0.0109,2.7734,-0.3523,9,0.2300,9,0,0.9221,0.0589,0.0190,4.4509,11.0306,-0.7125,-0.6331,5.9665,0.0000,1,0.1181,0.1499,0.8516,0.0013
1.0900,IMM-UKF,jink,0.500,10.00,0.150,1,0.600,1,17.5600,17.8661,0.3062,5.2559,0.3395,0.0991,0.0263,6.0000,6.8277,2.3900,17.1786,0.1844,20.6881,-11.2400,22.4174,-10.9450,22.7181,-11.2099,23.5921,-11.6006,24.8357,-12.7288,1.7293,0.2950,2.0300,0.0301,2.9040,-0.3606,9,0.2400,9,0,0.9221,0.0589,0.0190,4.4637,11.0908,-0.7134,-0.7046,5.9585,0.0000,1,0.1181,0.1499,0.8516,0.0013
1.1000,IMM-UKF,jink,0.500,10.00,0.150,1,0.600,1,17.4927,17.8004,0.3077,5.3173,0.3395,0.0991,0.0270,6.0000,6.8277,2.3908,17.9680,0.1853,20.5853,-11.2599,22.4174,-10.9450,22.7181,-11.2099,23.6237,-11.6290,24.9055,-12.7899,1.8321,0.3149,2.1328,0.0500,3.0385,-0.3691,9,0.2500,9,0,0.9221,0.0589,0.0190,4.4759,11.1505,-0.7141,-0.7761,5.9496,0.0000,1,0.1181,0.1499,0.8516,0.0013
1.1100,IMM-UKF,jink,0.500,10.00,0.150,1,0.600,1,17.4245,17.7337,0.3092,5.3792,0.3395,0.0991,0.0277,6.0000,6.8277,2.3917,18.7809,0.1862,20.4799,-11.2806,22.4174,-10.9450,22.7181,-11.2099,23.6568,-11.6584,24.9783,-12.8525,1.9375,0.3355,2.2382,0.0707,3.1770,-0.3778,9,0.2600,9,0,0.9221,0.0589,0.0190,4.4875,11.2097,-0.7148,-0.8474,5.9399,0.0000,1,0.1181,0.1499,0.8516,0.0013
1.1200,IMM-UKF,jink,0.500,10.00,0.150,1,0.600,1,17.3555,17.7977,0.4421,4.6574,0.3319,0.0964,0.0358,6.0000,7.3733,1.3376,8.6206,0.1872,20.3718,-11.3019,21.7957,-11.0398,21.9130,-11.2287,21.8409,-11.2829,19.9781,-11.8535,1.4238,0.2621,1.5411,0.0732,1.4691,0.0189,10,0.1600,10,0,0.8905,0.0845,0.0250,4.4985,11.2686,-0.7154,-0.9186,5.9293,0.0000,1,0.1181,0.1499,0.9608,0.0013
1.1300,IMM-UKF,jink,0.500,10.00,0.150,1,0.600,1,17.2857,17.7394,0.4537,4.7091,0.3319,0.0964,0.0364,6.0000,7.3733,1.3386,9.1204,0.1881,20.2612,-11.3239,21.7957,-11.0398,21.9130,-11.2287,21.8154,-11.2989,19.9606,-11.8954,1.5345,0.2842,1.6518,0.0953,1.5542,0.0251,10,0.1700,10,0,0.8905,0.0845,0.0250,4.5089,11.3270,-0.7160,-0.9897,5.9178,0.0000,1,0.1181,0.1499,0.9608,0.0013
1.1400,IMM-UKF,jink,0.500,10.00,0.150,1,0.600,1,17.2150,17.6801,0.4652,4.7613,0.3319,0.0964,0.0370,6.0000,7.3733,1.3396,9.6409,0.1891,20.1478,-11.3467,21.7957,-11.0398,21.9130,-11.2287,21.7907,-11.3155,19.9448,-11.9385,1.6478,0.3069,1.7651,0.1181,1.6429,0.0312,10,0.1800,10,0,0.8905,0.0845,0.0250,4.5188,11.3849,-0.7165,-1.0607,5.9055,0.0000,1,0.1181,0.1499,0.9608,0.0013
1.1500,IMM-UKF,jink,0.500,10.00,0.150,1,0.600,1,17.1434,17.6198,0.4764,4.8140,0.3319,0.0964,0.0375,6.0000,7.3733,1.3406,10.1825,0.1900,20.0318,-11.3702,21.7957,-11.0398,21.9130,-11.2287,21.7670,-11.3330,19.9308,-11.9829,1.7639,0.3305,1.8812,0.1416,1.7352,0.0372,10,0.1900,10,0,0.8905,0.0845,0.0250,4.5280,11.4425,-0.7169,-1.1314,5.8924,0.0000,1,0.1181,0.1499,0.9608,0.0013
1.1600,IMM-UKF,jink,0.500,10.00,0.150,1,0.600,1,17.0710,17.5585,0.4876,4.8672,0.3319,0.0964,0.0380,6.0000,7.3733,1.3417,10.7456,0.1910,19.9131,-11.3945,21.7957,-11.0398,21.9130,-11.2287,21.7442,-11.3513,19.9185,-12.0285,1.8826,0.3548,1.9999,0.1659,1.8311,0.0433,10,0.2000,10,0,0.8905,0.0845,0.0250,4.5367,11.4996,-0.7172,-1.2021,5.8784,0.0000,1,0.1181,0.1499,0.9608,0.0013
1.1700,IMM-UKF,jink,0.500,10.00,0.150,1,0.600,1,16.9977,17.4963,0.4986,4.9208,0.3319,0.0964,0.0384,6.0000,7.3733,1.3427,11.3306,0.1920,19.7916,-11.4196,21.7957,-11.0398,21.9130,-11.2287,21.7223,-11.3703,19.9082,-12.0754,2.0041,0.3799,2.1214,0.1910,1.9308,0.0493,10,0.2100,10,0,0.8905,0.0845,0.0250,4.5447,11.5564,-0.7175,-1.2725,5.8635,0.0000,1,0.1181,0.1499,0.9608,0.0013
1.1800,IMM-UKF,jink,0.500,10.00,0.150,1,0.600,1,16.9236,17.4330,0.5094,4.9749,0.3319,0.0964,0.0388,6.0000,7.3733,1.3438,11.9379,0.1930,19.6673,-11.4455,21.7957,-11.0398,21.9130,-11.2287,21.7016,-11.3902,19.8999,-12.1236,2.1283,0.4057,2.2457,0.2168,2.0343,0.0553,10,0.2200,10,0,0.8905,0.0845,0.0250,4.5522,11.6127,-0.7176,-1.3428,5.8478,0.0000,1,0.1175,0.1555,0.9608,-0.0003
1.1900,IMM-UKF,jink,0.500,10.00,0.150,1,0.600,1,16.8486,17.3689,0.5202,5.0296,0.3319,0.0964,0.0392,6.0000,7.3733,1.3448,12.5679,0.1941,19.5403,-11.4722,21.7957,-11.0398,21.9130,-11.2287,21.6819,-11.4109,19.8937,-12.1731,2.2554,0.4324,2.3727,0.2435,2.1416,0.0613,10,0.2300,10,0,0.8905,0.0845,0.0250,4.5590,11.6686,-0.7178,-1.4129,5.8313,0.0000,1,0.1175,0.1555,0.9608,-0.0003
1.2000,IMM-UKF,jink,0.500,10.00,0.150,1,0.600,1,16.7729,17.3038,0.5309,5.0846,0.3319,0.0964,0.0397,6.0000,7.3733,1.3447,13.2192,0.1952,19.4108,-11.4997,21.7957,-11.0398,21.9130,-11.2287,21.6634,-11.4324,19.8898,-12.2240,2.3848,0.4599,2.5022,0.2710,2.2526,0.0673,10,0.2400,10,0,0.8905,0.0845,0.0250,4.5652,11.7242,-0.7178,-1.4827,5.8139,0.0000,1,0.1175,0.1555,0.9608,-0.0003
1.2100,IMM-UKF,jink,0.500,10.00,0.150,1,0.600,1,16.6962,16.0394,-0.6568,4.1680,0.3146,0.0904,0.0575,6.0000,6.4618,0.8378,7.9302,0.1967,19.2785,-11.5279,20.9810,-11.1844,20.8462,-11.2283,20.6153,-11.7334,16.7531,-13.3096,1.7025,0.3436,1.5678,0.2996,1.3368,-0.2055,11,0.1500,11,0,0.8956,0.0853,0.0191,4.5709,11.7793,-0.7178,-1.5524,5.7957,0.0000,1,0.1175,0.1555,1.0613,-0.0003
1.2200,IMM-UKF,jink,0.500,10.00,0.150,1,0.600,1,16.6188,15.9677,-0.6511,4.2123,0.3146,0.0904,0.0581,6.0000,6.4618,0.8384,8.4073,0.1982,19.1430,-11.5570,20.9810,-11.1844,20.8462,-11.2283,20.5618,-11.7654,16.6892,-13.3852,1.8380,0.3727,1.7033,0.3288,1.4189,-0.2084,11,0.1600,11,0,0.8956,0.0853,0.0191,4.5759,11.8341,-0.7177,-1.6218,5.7766,0.0000,1,0.1175,0.1555,1.0613,-0.0003
1.2300,IMM-UKF,jink,0.500,10.00,0.150,1,0.600,1,16.5405,15.8950,-0.6455,4.2570,0.3146,0.0904,0.0587,6.0000,6.4618,0.8386,8.9070,0.1997,19.0045,-11.5870,20.9810,-11.1844,20.8462,-11.2283,20.5092,-11.7985,16.6267,-13.4629,1.9765,0.4027,1.8417,0.3588,1.5047,-0.2115,11,0.1700,11,0,0.8956,0.0853,0.0191,4.5802,11.8885,-0.7175,-1.6910,5.7568,0.0000,1,0.1175,0.1555,1.0613,-0.0003
1.2400,IMM-UKF,jink,0.500,10.00,0.150,1,0.600,1,16.4614,15.8214,-0.6399,4.3023,0.3146,0.0904,0.0593,6.0000,6.4618,0.8388,9.4293,0.2012,18.8631,-11.6179,20.9810,-11.1844,20.8462,-11.2283,20.4575,-11.8327,16.5658,-13.5428,2.1179,0.4336,1.9831,0.3896,1.5944,-0.2148,11,0.1800,11,0,0.8956,0.0853,0.0191,4.5840,11.9425,-0.7173,-1.7600,5.7361,0.0000,1,0.1175,0.1555,1.0613,-0.0003
1.2500,IMM-UKF,jink,0.500,10.00,0.150,1,0.600,1,16.3815,15.7470,-0.6345,4.3480,0.3146,0.0904,0.0599,6.0000,6.4618,0.8390,9.9747,0.2028,18.7187,-11.6497,20.9810,-11.1844,20.8462,-11.2283,20.4068,-11.8679,16.5066,-13.6249,2.2623,0.4653,2.1275,0.4214,1.6880,-0.2182,11,0.1900,11,0,0.8956,0.0853,0.0191,4.5871,11.9962,-0.7170,-1.8287,5.7145,0.0000,1,0.1175,0.1555,1.0613,-0.0003
1.2600,IMM-UKF,jink,0.500,10.00,0.150,1,0.600,1,16.3007,15.6716,-0.6291,4.3943,0.3146,0.0904,0.0604,6.0000,6.4618,0.8392,10.5439,0.2043,18.5714,-11.6824,20.9810,-11.1844,20.8462,-11.2283,20.3570,-11.9042,16.4493,-13.7092,2.4096,0.4980,2.2749,0.4541,1.7857,-0.2218,11,0.2000,11,0,0.8956,0.0853,0.0191,4.5896,12.0494,-0.7166,-1.8971,5.6922,0.0000,1,0.1175,0.1555,1.0613,-0.0003
1.2700,IMM-UKF,jink,0.500,10.00,0.150,1,0.600,1,16.2192,15.5955,-0.6237,4.4410,0.3146,0.0904,0.0609,6.0000,6.4618,0.8394,11.1372,0.2060,18.4210,-11.7160,20.9810,-11.1844,20.8462,-11.2283,20.3084,-11.9417,16.3940,-13.7959,2.5600,0.5317,2.4253,0.4878,1.8874,-0.2256,11,0.2100,11,0,0.8956,0.0853,0.0191,4.5915,12.1024,-0.7162,-1.9653,5.6690,0.0000,1,0.1175,0.1555,1.0613,-0.0003
1.2800,IMM-UKF,jink,0.500,10.00,0.150,1,0.600,1,16.1368,15.5184,-0.6184,4.4882,0.3146,0.0904,0.0613,6.0000,6.4618,0.8396,11.7553,0.2076,18.2675,-11.7507,20.9810,-11.1844,20.8462,-11.2283,20.2609,-11.9802,16.3408,-13.8850,2.7135,0.5663,2.5787,0.5224,1.9934,-0.2295,11,0.2200,11,0,0.8956,0.0853,0.0191,4.5927,12.1549,-0.7157,-2.0332,5.6450,0.0000,1,0.1175,0.1555,1.0613,-0.0003
1.2900,IMM-UKF,jink,0.500,10.00,0.150,1,0.600,1,16.0536,15.4406,-0.6131,4.5359,0.3146,0.0904,0.0617,6.0000,6.4618,0.8399,12.3988,0.2092,18.1109,-11.7862,20.9810,-11.1844,20.8462,-11.2283,20.2147,-12.0199,16.2898,-13.9766,2.8701,0.6019,2.7353,0.5580,2.1037,-0.2336,11,0.2300,11,0,0.8956,0.0853,0.0191,4.5933,12.2072,-0.7151,-2.1008,5.6202,0.0000,1,0.1175,0.1555,1.0613,-0.0003
1.3000,IMM-UKF,jink,0.500,10.00,0.150,1,0.600,1,15.9696,15.3619,-0.6078,4.5840,0.3146,0.0904,0.0621,6.0000,6.4618,0.8401,13.0683,0.2109,17.9512,-11.8228,20.9810,-11.1844,20.8462,-11.2283,20.1697,-12.0607,16.2412,-14.0707,3.0298,0.6385,2.8950,0.5946,2.2185,-0.2379,11,0.2400,11,0,0.8956,0.0853,0.0191,4.5932,12.2590,-0.7144,-2.1681,5.5946,0.0000,1,0.1084,0.1466,1.0613,-0.0015
1.3100,IMM-UKF,jink,0.500,10.00,0.150,1,0.600,1,15.8849,15.2824,-0.6025,4.6326,0.3146,0.0904,0.0624,6.0000,6.4618,0.8404,13.7644,0.2126,17.7883,-11.8604,20.9810,-11.1844,20.8462,-11.2283,20.1261,-12.1028,16.1952,-14.1674,3.1927,0.6761,3.0579,0.6322,2.3378,-0.2423,11,0.2500,11,0,0.8956,0.0853,0.0191,4.5925,12.3106,-0.7137,-2.2350,5.5682,0.0000,1,0.1084,0.1466,1.0613,-0.0015
1.3200,IMM-UKF,jink,0.500,10.00,0.150,1,0.600,1,15.7993,15.2022,-0.5971,4.6818,0.3146,0.0904,0.0627,6.0000,6.4618,0.8406,14.4878,0.2144,17.6222,-11.8991,20.9810,-11.1844,20.8462,-11.2283,20.0840,-12.1460,16.1519,-14.2668,3.3588,0.7147,3.2240,0.6708,2.4618,-0.2469,11,0.2600,11,0,0.8956,0.0853,0.0191,4.5911,12.3617,-0.7129,-2.3017,5.5410,0.0000,1,0.1084,0.1466,1.0613,-0.0015
1.3300,IMM-UKF,jink,0.500,10.00,0.150,1,0.600,1,15.7130,15.1212,-0.5918,4.7313,0.3146,0.0904,0.0630,6.0000,6.4618,0.8409,15.2392,0.2161,17.4529,-11.9388,20.9810,-11.1844,20.8462,-11.2283,20.0434,-12.1905,16.1115,-14.3690,3.5282,0.7545,3.3934,0.7105,2.5905,-0.2516,11,0.2700,11,0,0.8956,0.0853,0.0191,4.5890,12.4126,-0.7120,-2.3680,5.5129,0.0000,1,0.1084,0.1466,1.0613,-0.0015
1.3400,IMM-UKF,jink,0.500,10.00,0.150,1,0.600,1,15.6258,14.7181,-0.9077,3.9124,0.3128,0.0876,0.0651,6.0000,6.4549,1.0572,8.2591,0.2180,17.2802,-11.9796,19.6673,-11.4455,19.5705,-11.2922,18.5183,-11.3201,11.6380,-11.7105,2.3871,0.5341,2.2903,0.6874,1.2381,0.6595,12,0.1600,12,0,0.8988,0.0867,0.0145,4.5863,12.4631,-0.7111,-2.4340,5.4841,0.0000,1,0.1084,0.1466,1.1797,-0.0015
1.3500,IMM-UKF,jink,0.500,10.00,0.150,1,0.600,1,15.5379,14.6370,-0.9010,3.9511,0.3128,0.0876,0.0653,6.0000,6.4549,1.0555,8.7762,0.2198,17.1042,-12.0215,19.6673,-11.4455,19.5705,-11.2922,18.4271,-11.3340,11.5022,-11.7564,2.5631,0.5761,2.4663,0.7294,1.3230,0.6876,12,0.1700,12,0,0.8988,0.0867,0.0145,4.5829,12.5133,-0.7101,-2.4996,5.4545,0.0000,1,0.1084,0.1466,1.1797,-0.0015
1.3600,IMM-UKF,jink,0.500,10.00,0.150,1,0.600,1,15.4493,14.5550,-0.8942,3.9903,0.3128,0.0876,0.0655,6.0000,6.4549,1.0537,9.3169,0.2216,16.9248,-12.0646,19.6673,-11.4455,19.5705,-11.2922,18.3369,-11.3487,11.3675,-11.8041,2.7425,0.6191,2.6457,0.7724,1.4121,0.7158,12,0.1800,12,0,0.8988,0.0867,0.0145,4.5788,12.5631,-0.7090,-2.5649,5.4241,0.0000,1,0.1084,0.1466,1.1797,-0.0015
1.3700,IMM-UKF,jink,0.500,10.00,0.150,1,0.600,1,15.3598,14.4723,-0.8875,4.0299,0.3128,0.0876,0.0656,6.0000,6.4549,1.0518,9.8821,0.2236,16.7419,-12.1088,19.6673,-11.4455,19.5705,-11.2922,18.2476,-11.3644,11.2340,-11.8538,2.9254,0.6633,2.8285,0.8166,1.5057,0.7444,12,0.1900,12,0,0.8988,0.0867,0.0145,4.5741,12.6127,-0.7079,-2.6298,5.3930,0.0000,1,0.1084,0.1466,1.1797,-0.0015
1.3800,IMM-UKF,jink,0.500,10.00,0.150,1,0.600,1,15.2696,14.3889,-0.8808,4.0701,0.3128,0.0876,0.0658,6.0000,6.4549,1.0500,10.4726,0.2255,16.5556,-12.1542,19.6673,-11.4455,19.5705,-11.2922,18.1593,-11.3810,11.1017,-11.9054,3.1117,0.7087,3.0149,0.8620,1.6037,0.7732,12,0.2000,12,0,0.8988,0.0867,0.0145,4.5686,12.6619,-0.7067,-2.6943,5.3610,0.0000,1,0.1084,0.1466,1.1797,-0.0015
1.3900,IMM-UKF,jink,0.500,10.00,0.150,1,0.600,1,15.1786,14.3047,-0.8740,4.1108,0.3128,0.0876,0.0658,6.0000,6.4549,1.0481,11.0892,0.2275,16.3657,-12.2008,19.6673,-11.4455,19.5705,-11.2922,18.0722,-11.3986,10.9709,-11.9591,3.3016,0.7554,3.2047,0.9087,1.7065,0.8022,12,0.2100,12,0,0.8988,0.0867,0.0145,4.5625,12.7108,-0.7054,-2.7585,5.3283,0.0000,1,0.1084,0.1466,1.1797,-0.0015
1.4000,IMM-UKF,jink,0.500,10.00,0.150,1,0.600,1,15.0869,14.2198,-0.8672,4.1519,0.3128,0.0876,0.0659,6.0000,6.4549,1.0461,11.7328,0.2295,16.1722,-12.2487,19.6673,-11.4455,19.5705,-11.2922,17.9862,-11.4171,10.8417,-12.0149,3.4951,0.8032,3.3982,0.9565,1.8140,0.8316,12,0.2200,12,0,0.8988,0.0867,0.0145,4.5556,12.7593,-0.7040,-2.8222,5.2948,0.0000,1,0.1084,0.1466,1.1797,-0.0015
1.4100,IMM-UKF,jink,0.500,10.00,0.150,1,0.600,1,14.9945,14.1341,-0.8603,4.1935,0.3128,0.0876,0.0659,6.0000,6.4549,1.0441,12.4041,0.2316,15.9751,-12.2978,19.6673,-11.4455,19.5705,-11.2922,17.9015,-11.4367,10.7142,-12.0729,3.6922,0.8523,3.5953,1.0057,1.9264,0.8612,12,0.2300,12,0,0.8988,0.0867,0.0145,4.5481,12.8076,-0.7026,-2.8856,5.2606,0.0000,1,0.1158,0.1598,1.1797,-0.0015
1.4200,IMM-UKF,jink,0.500,10.00,0.150,1,0.600,1,14.9013,14.0478,-0.8534,4.2357,0.3128,0.0876,0.0659,6.0000,6.4549,1.0421,13.1043,0.2337,15.7743,-12.3483,19.6673,-11.4455,19.5705,-11.2922,17.8182,-11.4572,10.5887,-12.1332,3.8930,0.9028,3.7961,1.0561,2.0439,0.8911,12,0.2400,12,0,0.8988,0.0867,0.0145,4.5398,12.8555,-0.7011,-2.9485,5.2256,0.0000,1,0.1158,0.1598,1.1797,-0.0015
1.4300,IMM-UKF,jink,0.500,10.00,0.150,1,0.600,1,14.8073,13.9608,-0.8465,4.2783,0.3128,0.0876,0.0659,6.0000,6.4549,1.0401,13.8342,0.2358,15.5697,-12.4000,19.6673,-11.4455,19.5705,-11.2922,17.7364,-11.4787,10.4652,-12.1958,4.0976,0.9545,4.0007,1.1078,2.1666,0.9213,12,0.2500,12,0,0.8988,0.0867,0.0145,4.5308,12.9032,-0.6995,-3.0110,5.1898,0.0000,1,0.1158,0.1598,1.1797,-0.0015
1.4400,IMM-UKF,jink,0.500,10.00,0.150,1,0.600,1,14.7127,13.8732,-0.8395,4.3214,0.3128,0.0876,0.0659,6.0000,6.4549,1.0380,14.5948,0.2380,15.3613,-12.4531,19.6673,-11.4455,19.5705,-11.2922,17.6561,-11.5013,10.3440,-12.2608,4.3060,1.0077,4.2091,1.1610,2.2947,0.9518,12,0.2600,12,0,0.8988,0.0867,0.0145,4.5211,12.9505,-0.6978,-3.0730,5.1533,0.0000,1,0.1158,0.1598,1.1797,-0.0015
1.4500,IMM-UKF,jink,0.500,10.00,0.150,1,0.600,1,14.6173,13.6490,-0.9683,3.4646,0.3129,0.0852,0.0656,6.0000,6.3267,1.8514,7.4748,0.2402,15.1491,-12.5077,17.9512,-11.8228,17.8595,-11.5215,16.3749,-12.1520,6.3460,-14.5134,2.8022,0.6848,2.7104,0.9862,1.2259,0.3557,13,0.1500,13,0,0.9170,0.0722,0.0109,4.5107,12.9975,-0.6961,-3.1346,5.1161,0.0000,1,0.1158,0.1598,1.2985,-0.0015
1.4600,IMM-UKF,jink,0.500,10.00,0.150,1,0.600,1,14.5212,13.5626,-0.9586,3.4969,0.3129,0.0852,0.0655,6.0000,6.3267,1.8491,7.9990,0.2425,14.9328,-12.5636,17.9512,-11.8228,17.8595,-11.5215,16.2487,-12.1958,6.1281,-14.6248,3.0184,0.7408,2.9266,1.0422,1.3159,0.3678,13,0.1600,13,0,0.9170,0.0722,0.0109,4.4995,13.0443,-0.6943,-3.1958,5.0781,0.0000,1,0.1158,0.1598,1.2985,-0.0015
1.4700,IMM-UKF,jink,0.500,10.00,0.150,1,0.600,1,14.4244,13.4756,-0.9488,3.5298,0.3129,0.0852,0.0654,6.0000,6.3267,1.8467,8.5515,0.2449,14.7126,-12.6210,17.9512,-11.8228,17.8595,-11.5215,16.1234,-12.2411,5.9103,-14.7399,3.2386,0.7982,3.1469,1.0996,1.4108,0.3799,13,0.1700,13,0,0.9170,0.0722,0.0109,4.4876,13.0907,-0.6924,-3.2565,5.0394,0.0000,1,0.1158,0.1598,1.2985,-0.0015
1.4800,IMM-UKF,jink,0.500,10.00,0.150,1,0.600,1,14.3269,13.3879,-0.9390,3.5631,0.3129,0.0852,0.0652,6.0000,6.3267,1.8443,9.1330,0.2473,14.4883,-12.6799,17.9512,-11.8228,17.8595,-11.5215,15.9991,-12.2878,5.6926,-14.8587,3.4630,0.8571,3.3712,1.1585,1.5108,0.3922,13,0.1800,13,0,0.9170,0.0722,0.0109,4.4749,13.1368,-0.6904,-3.3167,4.9999,0.0000,1,0.1158,0.1598,1.2985,-0.0015
1.4900,IMM-UKF,jink,0.500,10.00,0.150,1,0.600,1,14.2287,13.2996,-0.9291,3.5969,0.3129,0.0852,0.0651,6.0000,6.3267,1.8418,9.7446,0.2497,14.2598,-12.7404,17.9512,-11.8228,17.8595,-11.5215,15.8758,-12.3359,5.4754,-14.9814,3.6915,0.9175,3.5997,1.2189,1.6160,0.4045,13,0.1900,13,0,0.9170,0.0722,0.0109,4.4615,13.1826,-0.6884,-3.3765,4.9598,0.0000,1,0.1158,0.1598,1.2985,-0.0015
1.5000,IMM-UKF,jink,0.500,10.00,0.150,1,0.600,1,14.1299,13.2107,-0.9192,3.6312,0.3129,0.0852,0.0649,6.0000,6.3267,1.8392,10.3873,0.2522,14.0271,-12.8024,17.9512,-11.8228,17.8595,-11.5215,15.7536,-12.3855,5.2586,-15.1083,3.9242,0.9795,3.8324,1.2809,1.7266,0.4168,13,0.2000,13,0,0.9170,0.0722,0.0109,4.4472,13.2281,-0.6862,-3.4358,4.9189,0.0000,1,0.1158,0.1598,1.2985,-0.0015
1.5100,IMM-UKF,jink,0.500,10.00,0.150,1,0.600,1,14.0303,13.1212,-0.9091,3.6661,0.3129,0.0852,0.0647,6.0000,6.3267,1.8366,11.0620,0.2548,13.7900,-12.8660,17.9512,-11.8228,17.8595,-11.5215,15.6327,-12.4367,5.0425,-15.2394,4.1612,1.0432,4.0694,1.3445,1.8427,0.4293,13,0.2100,13,0,0.9170,0.0722,0.0109,4.4323,13.2734,-0.6840,-3.4946,4.8773,0.0000,1,0.1158,0.1598,1.2985,-0.0015
1.5200,IMM-UKF,jink,0.500,10.00,0.150,1,0.600,1,13.9312,13.0311,-0.9001,3.7014,0.3129,0.0852,0.0651,6.0000,6.3267,1.8341,11.7427,0.2577,13.5528,-12.9302,17.9512,-11.8228,17.8595,-11.5215,15.5129,-12.4894,4.8258,-15.3750,4.3984,1.1074,4.3066,1.4088,1.9600,0.4408,13,0.2200,13,0,0.9170,0.0722,0.0109,4.4168,13.3182,-0.6817,-3.4358,4.9189,0.0000,1,0.1158,0.1598,1.2985,-0.0015
1.5300,IMM-UKF,jink,0.500,10.00,0.150,1,0.600,1,13.8324,12.9404,-0.8920,3.7373,0.3129,0.0852,0.0654,6.0000,6.3267,1.8316,12.4309,0.2606,13.3152,-12.9951,17.9512,-11.8228,17.8595,-11.5215,15.3941,-12.5438,4.6083,-15.5152,4.6360,1.1723,4.5442,1.4737,2.0789,0.4513,13,0.2300,13,0,0.9170,0.0722,0.0109,4.4009,13.3628,-0.6793,-3.3765,4.9598,0.0000,1,0.1053,0.1505,1.2985,-0.0001
1.5400,IMM-UKF,jink,0.500,10.00,0.150,1,0.600,1,13.7340,12.8491,-0.8849,3.7736,0.3129,0.0852,0.0656,6.0000,6.3267,1.8291,13.1263,0.2635,13.0773,-13.0607,17.9512,-11.8228,17.8595,-11.5215,15.2764,-12.5998,4.3901,-15.6603,4.8739,1.2379,4.7821,1.5393,2.1991,0.4609,13,0.2400,13,0,0.9170,0.0722,0.0109,4.3845,13.4070,-0.6768,-3.3167,4.9999,0.0000,1,0.1053,0.1505,1.2985,-0.0001
1.5500,IMM-UKF,jink,0.500,10.00,0.150,1,0.600,1,13.6360,12.7573,-0.8787,3.8105,0.3129,0.0852,0.0658,6.0000,6.3267,1.8266,13.8291,0.2664,12.8392,-13.1270,17.9512,-11.8228,17.8595,-11.5215,15.1600,-12.6576,4.1711,-15.8104,5.1121,1.3042,5.0203,1.6056,2.3208,0.4694,13,0.2500,13,0,0.9170,0.0722,0.0109,4.3677,13.4508,-0.6741,-3.2565,5.0394,0.0000,1,0.1053,0.1505,1.2985,-0.0001
1.5600,IMM-UKF,jink,0.500,10.00,0.150,1,0.600,1,13.5384,12.6650,-0.8734,3.8479,0.3129,0.0852,0.0658,6.0000,6.3267,1.8242,14.5393,0.2693,12.6008,-13.1941,17.9512,-11.8228,17.8595,-11.5215,15.0447,-12.7172,3.9514,-15.9659,5.3504,1.3712,5.2587,1.6726,2.4439,0.4769,13,0.2600,13,0,0.9170,0.0722,0.0109,4.3505,13.4943,-0.6714,-3.1958,5.0781,0.0000,1,0.1053,0.1505,1.2985,-0.0001
1.5700,IMM-UKF,jink,0.500,10.00,0.150,1,0.600,1,13.4411,12.2358,-1.2053,3.1365,0.3157,0.0828,0.0629,6.0000,6.2654,2.8897,9.4150,0.2721,12.3622,-13.2619,15.9751,-12.2978,15.7632,-11.8548,13.4195,-12.0737,-1.6942,-13.6508,3.6129,0.9640,3.4010,1.4071,1.0573,1.1881,14,0.1600,14,0,0.9299,0.0592,0.0109,4.3329,13.5374,-0.6686,-3.1346,5.1161,0.0000,1,0.1053,0.1505,1.4085,-0.0001
1.5800,IMM-UKF,jink,0.500,10.00,0.150,1,0.600,1,13.3442,12.1416,-1.2025,3.1652,0.3157,0.0828,0.0628,6.0000,6.2654,2.8876,9.8092,0.2750,12.1235,-13.3304,15.9751,-12.2978,15.7632,-11.8548,13.2441,-12.1088,-2.0711,-13.7477,3.8516,1.0326,3.6397,1.4756,1.1205,1.2217,14,0.1700,14,0,0.9299,0.0592,0.0109,4.3148,13.5802,-0.6656,-3.0730,5.1533,0.0000,1,0.1053,0.1505,1.4085,-0.0001
1.5900,IMM-UKF,jink,0.500,10.00,0.150,1,0.600,1,13.2476,12.0469,-1.2007,3.1944,0.3157,0.0828,0.0625,6.0000,6.2654,2.8855,10.2032,0.2779,11.8848,-13.3998,15.9751,-12.2978,15.7632,-11.8548,13.0688,-12.1453,-2.4534,-13.8486,4.0904,1.1020,3.8784,1.5450,1.1840,1.2545,14,0.1800,14,0,0.9299,0.0592,0.0109,4.2963,13.6227,-0.6626,-3.0110,5.1898,0.0000,1,0.1053,0.1505,1.4085,-0.0001
1.6000,IMM-UKF,jink,0.500,10.00,0.150,1,0.600,1,13.1514,11.9517,-1.1997,3.2242,0.3157,0.0828,0.0621,6.0000,6.2654,2.8834,10.5966,0.2808,11.6460,-13.4700,15.9751,-12.2978,15.7632,-11.8548,12.8937,-12.1834,-2.8415,-13.9536,4.3291,1.1722,4.1172,1.6152,1.2477,1.2867,14,0.1900,14,0,0.9299,0.0592,0.0109,4.2774,13.6648,-0.6594,-2.9485,5.2256,0.0000,1,0.1053,0.1505,1.4085,-0.0001
1.6100,IMM-UKF,jink,0.500,10.00,0.150,1,0.600,1,13.0556,11.8560,-1.1995,3.2545,0.3157,0.0828,0.0617,6.0000,6.2654,2.8814,10.9891,0.2836,11.4073,-13.5411,15.9751,-12.2978,15.7632,-11.8548,12.7188,-12.2230,-3.2356,-14.0630,4.5678,1.2433,4.3559,1.6863,1.3115,1.3181,14,0.2000,14,0,0.9299,0.0592,0.0109,4.2582,13.7066,-0.6561,-2.8856,5.2606,0.0000,1,0.1053,0.1505,1.4085,-0.0001
1.6200,IMM-UKF,jink,0.500,10.00,0.150,1,0.600,1,12.9600,11.7598,-1.2002,3.2854,0.3157,0.0828,0.0611,6.0000,6.2654,2.8794,11.3804,0.2865,11.1687,-13.6130,15.9751,-12.2978,15.7632,-11.8548,12.5441,-12.2642,-3.6359,-14.1770,4.8065,1.3152,4.5946,1.7582,1.3754,1.3488,14,0.2100,14,0,0.9299,0.0592,0.0109,4.2385,13.7480,-0.6527,-2.8222,5.2948,0.0000,1,0.1053,0.1505,1.4085,-0.0001
1.6300,IMM-UKF,jink,0.500,10.00,0.150,1,0.600,1,12.8648,11.6631,-1.2017,3.3168,0.3157,0.0828,0.0604,6.0000,6.2654,2.8773,11.7700,0.2893,10.9302,-13.6859,15.9751,-12.2978,15.7632,-11.8548,12.3696,-12.3072,-4.0427,-14.2957,5.0450,1.3881,4.8330,1.8311,1.4394,1.3787,14,0.2200,14,0,0.9299,0.0592,0.0109,4.2185,13.7891,-0.6492,-2.7585,5.3283,0.0000,1,0.1053,0.1505,1.4085,-0.0001
1.6400,IMM-UKF,jink,0.500,10.00,0.150,1,0.600,1,12.7699,11.5659,-1.2040,3.3487,0.3157,0.0828,0.0597,6.0000,6.2654,2.8754,12.1578,0.2922,10.6919,-13.7597,15.9751,-12.2978,15.7632,-11.8548,12.1953,-12.3518,-4.4564,-14.4194,5.2832,1.4618,5.0713,1.9049,1.5034,1.4078,14,0.2300,14,0,0.9299,0.0592,0.0109,4.1982,13.8299,-0.6455,-2.6943,5.3610,0.0000,1,0.0871,0.1514,1.4085,0.0004
1.6500,IMM-UKF,jink,0.500,10.00,0.150,1,0.600,1,12.6753,11.4683,-1.2071,3.3812,0.3157,0.0828,0.0588,6.0000,6.2654,2.8734,12.5433,0.2950,10.4539,-13.8344,15.9751,-12.2978,15.7632,-11.8548,12.0212,-12.3983,-4.8773,-14.5483,5.5212,1.5366,5.3093,1.9796,1.5674,1.4361,14,0.2400,14,0,0.9299,0.0592,0.0109,4.1775,13.8703,-0.6418,-2.6298,5.3930,0.0000,1,0.0871,0.1514,1.4085,0.0004
1.6600,IMM-UKF,jink,0.500,10.00,0.150,1,0.600,1,12.5811,11.3702,-1.2109,3.4142,0.3157,0.0828,0.0579,6.0000,6.2654,2.8715,12.9262,0.2978,10.2162,-13.9101,15.9751,-12.2978,15.7632,-11.8548,11.8474,-12.4467,-5.3058,-14.6827,5.7590,1.6123,5.5470,2.0553,1.6313,1.4635,14,0.2500,14,0,0.9299,0.0592,0.0109,4.1564,13.9104,-0.6379,-2.5649,5.4241,0.0000,1,0.0871,0.1514,1.4085,0.0004
1.6700,IMM-UKF,jink,0.500,10.00,0.150,1,0.600,1,12.4871,11.2716,-1.2155,3.4478,0.3157,0.0828,0.0568,6.0000,6.2654,2.8696,13.3061,0.3007,9.9788,-13.9869,15.9751,-12.2978,15.7632,-11.8548,11.6739,-12.4969,-5.7421,-14.8229,5.9963,1.6891,5.7844,2.1321,1.6950,1.4900,14,0.2600,14,0,0.9299,0.0592,0.0109,4.1350,13.9502,-0.6339,-2.4996,5.4545,0.0000,1,0.0871,0.1514,1.4085,0.0004
1.6800,IMM-UKF,jink,0.500,10.00,0.150,1,0.600,1,12.3934,11.1726,-1.2208,3.4820,0.3157,0.0828,0.0560,6.0000,6.2654,2.8656,13.6861,0.3034,9.7411,-14.0647,15.9751,-12.2978,15.7632,-11.8548,11.5006,-12.5492,-6.1868,-14.9690,6.2340,1.7669,6.0221,2.2099,1.7594,1.5155,14,0.2700,14,0,0.9299,0.0592,0.0109,4.1133,13.9896,-0.6297,-2.4340,5.4841,0.0000,1,0.0871,0.1514,1.4085,0.0004
1.6900,IMM-UKF,jink,0.500,10.00,0.150,1,0.600,1,12.3000,11.2364,-1.0636,2.8545,0.3216,0.0830,0.0492,6.0000,6.1511,0.3718,5.1216,0.3072,9.5040,-14.1435,13.3152,-12.9951,13.3807,-12.9834,10.3552,-14.3720,-9.8560,-21.8650,3.8112,1.1484,3.8767,1.1601,0.8512,-0.2285,15,0.1600,15,0,0.9406,0.0489,0.0105,4.0913,14.0286,-0.6254,-2.3680,5.5129,0.0000,1,0.0871,0.1514,1.5299,0.0004
1.7000,IMM-UKF,jink,0.500,10.00,0.150,1,0.600,1,12.2069,11.1410,-1.0659,2.8796,0.3216,0.0830,0.0485,6.0000,6.1511,0.3702,5.2795,0.3111,9.2681,-14.2233,13.3152,-12.9951,13.3807,-12.9834,10.1364,-14.4899,-10.4217,-22.1669,4.0472,1.2282,4.1126,1.2399,0.8683,-0.2666,15,0.1700,15,0,0.9406,0.0489,0.0105,4.0689,14.0674,-0.6210,-2.3017,5.5410,0.0000,1,0.0871,0.1514,1.5299,0.0004
1.7100,IMM-UKF,jink,0.500,10.00,0.150,1,0.600,1,12.1140,11.0452,-1.0688,2.9052,0.3216,0.0830,0.0478,6.0000,6.1511,0.3687,5.4407,0.3150,9.0328,-14.3044,13.3152,-12.9951,13.3807,-12.9834,9.9169,-14.6111,-10.9997,-22.4780,4.2825,1.3093,4.3479,1.3210,0.8841,-0.3068,15,0.1800,15,0,0.9406,0.0489,0.0105,4.0463,14.1058,-0.6165,-2.2350,5.5682,0.0000,1,0.0871,0.1514,1.5299,0.0004
1.7200,IMM-UKF,jink,0.500,10.00,0.150,1,0.600,1,12.0214,10.9490,-1.0723,2.9314,0.3216,0.0830,0.0469,6.0000,6.1511,0.3671,5.6062,0.3190,8.7981,-14.3866,13.3152,-12.9951,13.3807,-12.9834,9.6966,-14.7356,-11.5909,-22.7987,4.5171,1.3915,4.5826,1.4032,0.8985,-0.3490,15,0.1900,15,0,0.9406,0.0489,0.0105,4.0234,14.1439,-0.6118,-2.1681,5.5946,0.0000,1,0.0871,0.1514,1.5299,0.0004
1.7300,IMM-UKF,jink,0.500,10.00,0.150,1,0.600,1,11.9290,10.8525,-1.0765,2.9581,0.3216,0.0830,0.0460,6.0000,6.1511,0.3656,5.7764,0.3230,8.5642,-14.4701,13.3152,-12.9951,13.3807,-12.9834,9.4756,-14.8636,-12.1958,-23.1292,4.7511,1.4750,4.8165,1.4867,0.9114,-0.3934,15,0.2000,15,0,0.9406,0.0489,0.0105,4.0002,14.1816,-0.6070,-2.1008,5.6202,0.0000,1,0.0888,0.1503,1.5299,0.0001
1.7400,IMM-UKF,jink,0.500,10.00,0.150,1,0.600,1,11.8369,10.7557,-1.0811,2.9853,0.3216,0.0830,0.0450,6.0000,6.1511,0.3641,5.9521,0.3270,8.3310,-14.5549,13.3152,-12.9951,13.3807,-12.9834,9.2537,-14.9950,-12.8152,-23.4698,4.9842,1.5598,5.0497,1.5715,0.9227,-0.4401,15,0.2100,15,0,0.9406,0.0489,0.0105,3.9768,14.2190,-0.6020,-2.0332,5.6450,0.0000,1,0.0888,0.1503,1.5299,0.0001
1.7500,IMM-UKF,jink,0.500,10.00,0.150,1,0.600,1,11.7449,10.6586,-1.0864,3.0131,0.3216,0.0830,0.0439,6.0000,6.1511,0.3626,6.1342,0.3310,8.0986,-14.6411,13.3152,-12.9951,13.3807,-12.9834,9.0311,-15.1302,-13.4496,-23.8209,5.2166,1.6460,5.2820,1.6577,0.9324,-0.4891,15,0.2200,15,0,0.9406,0.0489,0.0105,3.9531,14.2561,-0.5969,-1.9653,5.6690,0.0000,1,0.0888,0.1503,1.5299,0.0001
1.7600,IMM-UKF,jink,0.500,10.00,0.150,1,0.600,1,11.6532,10.5611,-1.0921,3.0414,0.3216,0.0830,0.0426,6.0000,6.1511,0.3612,6.3237,0.3351,7.8672,-14.7286,13.3152,-12.9951,13.3807,-12.9834,8.8075,-15.2691,-14.1000,-24.1828,5.4481,1.7335,5.5135,1.7452,0.9403,-0.5405,15,0.2300,15,0,0.9406,0.0489,0.0105,3.9291,14.2929,-0.5917,-1.8971,5.6922,0.0000,1,0.0888,0.1503,1.5299,0.0001
1.7700,IMM-UKF,jink,0.500,10.00,0.150,1,0.600,1,11.5618,10.4634,-1.0983,3.0703,0.3216,0.0830,0.0413,6.0000,6.1511,0.3597,6.5215,0.3392,7.6367,-14.8176,13.3152,-12.9951,13.3807,-12.9834,8.5831,-15.4120,-14.7671,-24.5559,5.6786,1.8225,5.7440,1.8342,0.9464,-0.5944,15,0.2400,15,0,0.9406,0.0489,0.0105,3.9050,14.3293,-0.5862,-1.8287,5.7145,0.0000,1,0.0888,0.1503,1.5299,0.0001
1.7800,IMM-UKF,jink,0.500,10.00,0.150,1,0.600,1,11.4705,10.3654,-1.1051,3.0997,0.3216,0.0830,0.0399,6.0000,6.1511,0.3583,6.7288,0.3432,7.4071,-14.9080,13.3152,-12.9951,13.3807,-12.9834,8.3577,-15.5590,-15.4518,-24.9403,5.9081,1.9129,5.9736,1.9246,0.9506,-0.6509,15,0.2500,15,0,0.9406,0.0489,0.0105,3.8806,14.3654,-0.5807,-1.7600,5.7361,0.0000,1,0.0888,0.1503,1.5299,0.0001
1.7900,IMM-UKF,jink,0.500,10.00,0.150,1,0.600,1,11.3794,10.2671,-1.1123,3.1296,0.3216,0.0830,0.0384,6.0000,6.1511,0.3569,6.9468,0.3474,7.1787,-15.0000,13.3152,-12.9951,13.3807,-12.9834,8.1313,-15.7101,-16.1550,-25.3366,6.1366,2.0049,6.2020,2.0166,0.9526,-0.7101,15,0.2600,15,0,0.9406,0.0489,0.0105,3.8560,14.4012,-0.5749,-1.6910,5.7568,0.0000,1,0.0888,0.1503,1.5299,0.0001
1.8000,IMM-UKF,jink,0.500,10.00,0.150,1,0.600,1,11.2884,10.3694,-0.9190,2.4846,0.3248,0.0830,0.0337,6.0000,6.4515,0.8438,1.5731,0.3515,6.9513,-15.0936,10.6919,-13.7597,10.5534,-13.7837,6.7127,-15.2205,-19.6601,-22.6880,3.7406,1.3340,3.6020,1.3100,-0.2386,-0.1269,16,0.1600,16,0,0.9523,0.0386,0.0092,3.8312,14.4367,-0.5691,-1.6218,5.7766,0.0000,1,0.0888,0.1503,1.6404,0.0001
1.8100,IMM-UKF,jink,0.500,10.00,0.150,1,0.600,1,11.1977,10.2747,-0.9230,2.5073,0.3248,0.0830,0.0320,6.0000,6.4515,0.8463,1.9413,0.3556,6.7252,-15.1889,10.6919,-13.7597,10.5534,-13.7837,6.4313,-15.3469,-20.4415,-22.9824,3.9668,1.4292,3.8282,1.4052,-0.2938,-0.1580,16,0.1700,16,0,0.9523,0.0386,0.0092,3.8062,14.4718,-0.5630,-1.5524,5.7957,0.0000,1,0.0888,0.1503,1.6404,0.0001
1.8200,IMM-UKF,jink,0.500,10.00,0.150,1,0.600,1,11.1071,10.1797,-0.9273,2.5306,0.3248,0.0830,0.0303,6.0000,6.4515,0.8489,2.3317,0.3598,6.5002,-15.2859,10.6919,-13.7597,10.5534,-13.7837,6.1479,-15.4770,-21.2417,-23.2844,4.1917,1.5262,4.0531,1.5022,-0.3523,-0.1911,16,0.1800,16,0,0.9523,0.0386,0.0092,3.7810,14.5066,-0.5568,-1.4827,5.8139,0.0000,1,0.0831,0.1584,1.6404,0.0018
1.8300,IMM-UKF,jink,0.500,10.00,0.150,1,0.600,1,11.0166,10.0845,-0.9321,2.5544,0.3248,0.0830,0.0284,6.0000,6.4515,0.8515,2.7452,0.3640,6.2766,-15.3846,10.6919,-13.7597,10.5534,-13.7837,5.8623,-15.6109,-22.0616,-23.5942,4.4153,1.6250,4.2768,1.6009,-0.4143,-0.2262,16,0.1900,16,0,0.9523,0.0386,0.0092,3.7557,14.5411,-0.5504,-1.4129,5.8313,0.0000,1,0.0831,0.1584,1.6404,0.0018
1.8400,IMM-UKF,jink,0.500,10.00,0.150,1,0.600,1,10.9263,9.9891,-0.9372,2.5789,0.3248,0.0830,0.0265,6.0000,6.4515,0.8541,3.1827,0.3683,6.0543,-15.4852,10.6919,-13.7597,10.5534,-13.7837,5.5744,-15.7487,-22.9019,-23.9118,4.6376,1.7256,4.4991,1.7016,-0.4799,-0.2635,16,0.2000,16,0,0.9523,0.0386,0.0092,3.7302,14.5753,-0.5438,-1.3428,5.8478,0.0000,1,0.0831,0.1584,1.6404,0.0018
1.8500,IMM-UKF,jink,0.500,10.00,0.150,1,0.600,1,10.8361,9.8935,-0.9426,2.6040,0.3248,0.0830,0.0245,6.0000,6.4515,0.8568,3.6452,0.3725,5.8334,-15.5878,10.6919,-13.7597,10.5534,-13.7837,5.2842,-15.8907,-23.7634,-24.2373,4.8585,1.8281,4.7199,1.8041,-0.5493,-0.3029,16,0.2100,16,0,0.9523,0.0386,0.0092,3.7045,14.6092,-0.5370,-1.2725,5.8635,0.0000,1,0.0831,0.1584,1.6404,0.0018
1.8600,IMM-UKF,jink,0.500,10.00,0.150,1,0.600,1,10.7460,9.7977,-0.9483,2.6297,0.3248,0.0830,0.0224,6.0000,6.4515,0.8595,4.1336,0.3768,5.6140,-15.6923,10.6919,-13.7597,10.5534,-13.7837,4.9914,-16.0369,-24.6471,-24.5708,5.0779,1.9326,4.9393,1.9086,-0.6226,-0.3446,16,0.2200,16,0,0.9523,0.0386,0.0092,3.6787,14.6427,-0.5300,-1.2021,5.8784,0.0000,1,0.0831,0.1584,1.6404,0.0018
1.8700,IMM-UKF,jink,0.500,10.00,0.150,1,0.600,1,10.6561,9.7017,-0.9543,2.6559,0.3248,0.0830,0.0202,6.0000,6.4515,0.8623,4.6491,0.3811,5.3962,-15.7989,10.6919,-13.7597,10.5534,-13.7837,4.6962,-16.1876,-25.5539,-24.9123,5.2957,2.0392,5.1572,2.0152,-0.7000,-0.3887,16,0.2300,16,0,0.9523,0.0386,0.0092,3.6528,14.6760,-0.5229,-1.1314,5.8924,0.0000,1,0.0831,0.1584,1.6404,0.0018
1.8800,IMM-UKF,jink,0.500,10.00,0.150,1,0.600,1,10.5662,9.6056,-0.9606,2.6828,0.3248,0.0830,0.0179,6.0000,6.4515,0.8651,5.1929,0.3854,5.1799,-15.9076,10.6919,-13.7597,10.5534,-13.7837,4.3982,-16.3428,-26.4847,-25.2618,5.5120,2.1479,5.3735,2.1239,-0.7817,-0.4353,16,0.2400,16,0,0.9523,0.0386,0.0092,3.6268,14.7089,-0.5155,-1.0607,5.9055,0.0000,1,0.0831,0.1584,1.6404,0.0018
1.8900,IMM-UKF,jink,0.500,10.00,0.150,1,0.600,1,10.4764,9.6567,-0.8197,2.3954,0.3253,0.0827,0.0150,6.0000,6.4789,0.9397,5.9025,0.3898,4.9653,-16.0185,8.5642,-14.4701,8.7203,-14.5149,4.0987,-16.5491,-26.0728,-26.1050,3.5989,1.5484,3.7551,1.5036,-0.8665,-0.5306,17,0.1600,17,0,0.9537,0.0357,0.0107,3.6007,14.7415,-0.5079,-0.9897,5.9178,0.0000,1,0.0831,0.1584,1.7301,0.0018
1.9000,IMM-UKF,jink,0.500,10.00,0.150,1,0.600,1,10.3867,9.5638,-0.8229,2.4169,0.3253,0.0827,0.0126,6.0000,6.4789,0.9396,6.5200,0.3942,4.7524,-16.1318,8.5642,-14.4701,8.7203,-14.5149,3.7893,-16.7100,-27.0068,-26.4648,3.8118,1.6617,3.9680,1.6169,-0.9631,-0.5781,17,0.1700,17,0,0.9537,0.0357,0.0107,3.5745,14.7738,-0.5002,-0.9186,5.9293,0.0000,1,0.0831,0.1584,1.7301,0.0018
1.9100,IMM-UKF,jink,0.500,10.00,0.150,1,0.600,1,10.2971,9.4708,-0.8263,2.4390,0.3253,0.0827,0.0101,6.0000,6.4789,0.9395,7.1679,0.3986,4.5412,-16.2475,8.5642,-14.4701,8.7203,-14.5149,3.4768,-16.8756,-27.9651,-26.8321,4.0230,1.7773,4.1791,1.7326,-1.0644,-0.6281,17,0.1800,17,0,0.9537,0.0357,0.0107,3.5482,14.8058,-0.4921,-0.8474,5.9399,0.0000,1,0.1167,0.1547,1.7301,-0.0014
1.9200,IMM-UKF,jink,0.500,10.00,0.150,1,0.600,1,10.2075,9.3776,-0.8299,2.4617,0.3253,0.0827,0.0076,6.0000,6.4789,0.9416,7.8452,0.4028,4.3315,-16.3656,8.5642,-14.4701,8.7203,-14.5149,3.1613,-17.0461,-28.9487,-27.2070,4.2327,1.8955,4.3888,1.8507,-1.1702,-0.6805,17,0.1900,17,0,0.9537,0.0357,0.0107,3.5219,14.8374,-0.4839,-0.7761,5.9496,0.0000,1,0.1167,0.1547,1.7301,-0.0014
1.9300,IMM-UKF,jink,0.500,10.00,0.150,1,0.600,1,10.1180,9.2843,-0.8337,2.4850,0.3253,0.0827,0.0053,6.0000,6.4789,0.9471,8.5525,0.4074,4.1231,-16.4863,8.5642,-14.4701,8.7203,-14.5149,2.8425,-17.2219,-29.9585,-27.5891,4.4411,2.0161,4.5972,1.9714,-1.2806,-0.7356,17,0.2000,17,0,0.9537,0.0357,0.0107,3.4955,14.8688,-0.4754,-0.7046,5.9585,0.0000,1,0.1167,0.1547,1.7301,-0.0014
1.9400,IMM-UKF,jink,0.500,10.00,0.150,1,0.600,1,10.0285,9.1910,-0.8376,2.5088,0.3253,0.0827,0.0030,6.0000,6.4789,0.9508,9.2962,0.4132,3.9170,-16.6095,8.5642,-14.4701,8.7203,-14.5149,2.5202,-17.4030,-30.9954,-27.9785,4.6471,2.1393,4.8033,2.0946,-1.3968,-0.7935,17,0.2100,17,0,0.9537,0.0357,0.0107,3.4690,14.8999,-0.4667,-0.6331,5.9665,0.0000,1,0.1167,0.1547,1.7301,-0.0014
1.9500,IMM-UKF,jink,0.500,10.00,0.150,1,0.600,1,9.9391,9.0975,-0.8416,2.5333,0.3253,0.0827,0.0009,6.0000,6.4789,0.9514,10.0779,0.4193,3.7136,-16.7354,8.5642,-14.4701,8.7203,-14.5149,2.1944,-17.5897,-32.0604,-28.3748,4.8506,2.2653,5.0067,2.2205,-1.5191,-0.8542,17,0.2200,17,0,0.9537,0.0357,0.0107,3.4426,14.9306,-0.4577,-0.5614,5.9737,0.0000,1,0.1167,0.1547,1.7301,-0.0014
1.9600,IMM-UKF,jink,0.500,10.00,0.150,1,0.600,1,9.8497,9.0040,-0.8456,2.5583,0.3253,0.0827,0.0013,6.0000,6.4789,0.9521,10.8961,0.4256,3.5122,-16.8643,8.5642,-14.4701,8.7203,-14.5149,1.8649,-17.7822,-33.1545,-28.7778,5.0520,2.3942,5.2081,2.3494,-1.6473,-0.9178,17,0.2300,17,0,0.9537,0.0357,0.0107,3.4161,14.9611,-0.4485,-0.4897,5.9800,0.0000,1,0.1167,0.1547,1.7301,-0.0014
1.9700,IMM-UKF,jink,0.500,10.00,0.150,1,0.600,1,9.7603,8.9105,-0.8497,2.5840,0.3253,0.0827,0.0036,6.0000,6.4789,0.9528,11.7523,0.4319,3.3130,-16.9962,8.5642,-14.4701,8.7203,-14.5149,1.5313,-17.9807,-34.2786,-29.1872,5.2512,2.5261,5.4074,2.4813,-1.7816,-0.9845,17,0.2400,17,0,0.9537,0.0357,0.0107,3.3896,14.9913,-0.4389,-0.4179,5.9854,0.0000,1,0.1167,0.1547,1.7301,-0.0014
1.9800,IMM-UKF,jink,0.500,10.00,0.150,1,0.600,1,9.6708,9.0887,-0.5821,2.3325,0.3253,0.0838,0.0059,6.0000,6.6879,0.7012,9.0016,0.4384,3.1159,-17.1313,6.5002,-15.2859,6.6016,-15.3415,1.6066,-17.5646,-30.6717,-27.6963,3.3843,1.8454,3.4857,1.7898,-1.5093,-0.4333,18,0.1600,18,0,0.9541,0.0356,0.0103,3.3631,15.0211,-0.4291,-0.3461,5.9900,0.0000,1,0.1167,0.1547,1.8218,-0.0014
1.9900,IMM-UKF,jink,0.500,10.00,0.150,1,0.600,1,9.5814,8.9995,-0.5819,2.3530,0.3253,0.0838,0.0083,6.0000,6.6879,0.7034,9.7788,0.4449,2.9211,-17.2696,6.5002,-15.2859,6.6016,-15.3415,1.2801,-17.7402,-31.6874,-28.0782,3.5791,1.9838,3.6805,1.9281,-1.6410,-0.4706,18,0.1700,18,0,0.9541,0.0356,0.0103,3.3366,15.0507,-0.4190,-0.2742,5.9937,0.0000,1,0.1167,0.1547,1.8218,-0.0014
2.0000,IMM-UKF,jink,0.500,10.00,0.150,1,0.600,1,9.4920,8.9102,-0.5818,2.3742,0.3253,0.0838,0.0108,6.0000,6.6879,0.7058,10.5906,0.4515,2.7287,-17.4114,6.5002,-15.2859,6.6016,-15.3415,0.9501,-17.9215,-32.7302,-28.4675,3.7715,2.1255,3.8729,2.0699,-1.7786,-0.5101,18,0.1800,18,0,0.9541,0.0356,0.0103,3.3102,15.0799,-0.4085,-0.2022,5.9966,0.0000,1,0.1167,0.1547,1.8218,-0.0014
2.0100,IMM-UKF,jink,0.500,10.00,0.150,1,0.600,1,9.4025,8.8209,-0.5816,2.3959,0.3253,0.0838,0.0134,6.0000,6.6879,0.7083,11.4383,0.4583,2.5386,-17.5566,6.5002,-15.2859,6.6016,-15.3415,0.6163,-18.1085,-33.8010,-28.8640,3.9616,2.2708,4.0630,2.2151,-1.9223,-0.5519,18,0.1900,18,0,0.9541,0.0356,0.0103,3.2838,15.1089,-0.3977,-0.1302,5.9986,0.0000,1,0.1167,0.1547,1.8218,-0.0014
2.0200,IMM-UKF,jink,0.500,10.00,0.150,1,0.600,1,9.3130,8.7315,-0.5815,2.4182,0.3253,0.0838,0.0160,6.0000,6.6879,0.7109,12.3234,0.4651,2.3510,-17.7056,6.5002,-15.2859,6.6016,-15.3415,0.2785,-18.3017,-34.9007,-29.2674,4.1492,2.4198,4.2506,2.3641,-2.0725,-0.5960,18,0.2000,18,0,0.9541,0.0356,0.0103,3.2575,15.1375,-0.3866,-0.0583,5.9997,0.0000,1,0.1167,0.1547,1.8218,-0.0014
2.0300,IMM-UKF,jink,0.500,10.00,0.150,1,0.600,1,9.2235,8.6422,-0.5813,2.4411,0.3253,0.0838,0.0187,6.0000,6.6879,0.7136,13.2473,0.4721,2.1659,-17.8585,6.5002,-15.2859,6.6016,-15.3415,-0.0635,-18.5011,-36.0302,-29.6775,4.3343,2.5726,4.4357,2.5170,-2.2294,-0.6427,18,0.2100,18,0,0.9541,0.0356,0.0103,3.2312,15.1659,-0.3750,0.0137,6.0000,0.0000,1,0.1112,0.1582,1.8218,0.0018
2.0400,IMM-UKF,jink,0.500,10.00,0.150,1,0.600,1,9.1339,8.5528,-0.5811,2.4646,0.3253,0.0838,0.0215,6.0000,6.6879,0.7165,14.2117,0.4792,1.9833,-18.0153,6.5002,-15.2859,6.6016,-15.3415,-0.4098,-18.7072,-37.1904,-30.0940,4.5169,2.7295,4.6183,2.6738,-2.3932,-0.6919,18,0.2200,18,0,0.9541,0.0356,0.0103,3.2050,15.1939,-0.3631,0.0857,5.9994,0.0000,1,0.1112,0.1582,1.8218,0.0018
2.0500,IMM-UKF,jink,0.500,10.00,0.150,1,0.600,1,9.0443,8.4635,-0.5808,2.4886,0.3253,0.0838,0.0222,6.0000,6.6879,0.7497,15.1812,0.4834,1.7967,-18.1764,6.5002,-15.2859,6.6016,-15.3415,-0.7608,-18.9203,-38.3822,-30.5163,4.7036,2.8905,4.8050,2.8349,-2.5575,-0.7439,18,0.2300,18,0,0.9541,0.0356,0.0103,3.1790,15.2217,-0.3508,0.1577,5.9979,0.0000,1,0.1112,0.1582,1.8218,0.0018
2.0600,IMM-UKF,jink,0.500,10.00,0.150,1,0.600,1,8.9546,8.3743,-0.5803,2.5133,0.3253,0.0838,0.0222,6.0000,6.6879,0.7980,16.1786,0.4928,1.6096,-18.3416,6.5002,-15.2859,6.6016,-15.3415,-1.1166,-19.1405,-39.6063,-30.9443,4.8906,3.0557,4.9920,3.0001,-2.7263,-0.7989,18,0.2400,18,0,0.9541,0.0356,0.0103,3.1530,15.2491,-0.3380,0.2297,5.9956,0.0000,1,0.1112,0.1582,1.8218,0.0018
2.0700,IMM-UKF,jink,0.500,10.00,0.150,1,0.600,1,8.8649,8.5276,-0.3373,2.2732,0.3242,0.0849,0.0194,6.0000,6.9674,0.9490,12.5579,0.5040,1.4311,-18.5112,4.5412,-16.2475,4.5092,-16.0720,-0.7796,-18.4326,-34.4702,-28.6411,3.1101,2.2638,3.0781,2.4392,-2.2107,0.0787,19,0.1600,19,0,0.9491,0.0394,0.0115,3.1271,15.2763,-0.3247,0.3016,5.9924,0.0000,1,0.1112,0.1582,1.9086,0.0018
2.0800,IMM-UKF,jink,0.500,10.00,0.150,1,0.600,1,8.7751,8.4423,-0.3327,2.2931,0.3242,0.0849,0.0167,6.0000,6.9674,0.9397,13.4714,0.5133,1.2592,-18.6857,4.5412,-16.2475,4.5092,-16.0720,-1.1152,-18.6173,-35.5496,-29.0455,3.2820,2.4382,3.2500,2.6136,-2.3744,0.0683,19,0.1700,19,0,0.9491,0.0394,0.0115,3.1014,15.3031,-0.3109,0.3735,5.9884,0.0000,1,0.1112,0.1582,1.9086,0.0018
2.0900,IMM-UKF,jink,0.500,10.00,0.150,1,0.600,1,8.6852,8.3571,-0.3280,2.3136,0.3242,0.0849,0.0141,6.0000,6.9674,0.9301,14.4229,0.5228,1.0901,-18.8650,4.5412,-16.2475,4.5092,-16.0720,-1.4551,-18.8087,-36.6588,-29.4585,3.4511,2.6176,3.4191,2.7930,-2.5452,0.0563,19,0.1800,19,0,0.9491,0.0394,0.0115,3.0759,15.3296,-0.2966,0.4453,5.9835,0.0000,1,0.1112,0.1582,1.9086,0.0018
2.1000,IMM-UKF,jink,0.500,10.00,0.150,1,0.600,1,8.5952,8.2719,-0.3232,2.3347,0.3242,0.0849,0.0116,6.0000,6.9674,0.9203,15.4140,0.5326,0.9241,-19.0496,4.5412,-16.2475,4.5092,-16.0720,-1.7993,-19.0071,-37.7986,-29.8800,3.6171,2.8021,3.5851,2.9776,-2.7234,0.0425,19,0.1900,19,0,0.9491,0.0394,0.0115,3.0505,15.3559,-0.2817,0.5171,5.9777,0.0000,1,0.1112,0.1582,1.9086,0.0018
2.1100,IMM-UKF,jink,0.500,10.00,0.150,1,0.600,1,8.5051,8.1868,-0.3183,2.3563,0.3242,0.0849,0.0091,6.0000,6.9674,0.9156,16.4463,0.5373,0.7611,-19.2405,4.5412,-16.2475,4.5092,-16.0720,-2.1481,-19.2129,-38.9699,-30.3099,3.7801,2.9930,3.7481,3.1685,-2.9092,0.0276,19,0.2000,19,0,0.9491,0.0394,0.0115,3.0253,15.3818,-0.2662,0.5888,5.9710,0.0000,1,0.1112,0.1582,1.9086,0.0018
2.1200,IMM-UKF,jink,0.500,10.00,0.150,1,0.600,1,8.4150,8.1018,-0.3132,2.3786,0.3242,0.0849,0.0067,6.0000,6.9674,0.9119,17.5214,0.5410,0.6013,-19.4373,4.5412,-16.2475,4.5092,-16.0720,-2.5018,-19.4265,-40.1735,-30.7480,3.9399,3.1898,3.9079,3.3653,-3.1031,0.0108,19,0.2100,19,0,0.9491,0.0394,0.0115,3.0003,15.4074,-0.2499,0.6604,5.9635,0.0000,1,0.1112,0.1582,1.9086,0.0018
2.1300,IMM-UKF,jink,0.500,10.00,0.150,1,0.600,1,8.3247,8.0169,-0.3078,2.4015,0.3242,0.0849,0.0044,6.0000,6.9674,0.9082,18.6410,0.5447,0.4447,-19.6401,4.5412,-16.2475,4.5092,-16.0720,-2.8607,-19.6483,-41.4100,-31.1941,4.0965,3.3926,4.0645,3.5680,-3.3054,-0.0082,19,0.2200,19,0,0.9491,0.0394,0.0115,2.9755,15.4326,-0.2329,0.7319,5.9552,0.0000,1,0.1112,0.1582,1.9086,0.0018
2.1400,IMM-UKF,jink,0.500,10.00,0.150,1,0.600,1,8.2344,7.9321,-0.3022,2.4249,0.3242,0.0849,0.0022,6.0000,6.9674,0.9044,19.8070,0.5484,0.2913,-19.8491,4.5412,-16.2475,4.5092,-16.0720,-3.2251,-19.8788,-42.6803,-31.6480,4.2499,3.6016,4.2179,3.7771,-3.5164,-0.0297,19,0.2300,19,0,0.9491,0.0394,0.0115,2.9509,15.4576,-0.2151,0.8033,5.9460,0.0000,1,0.1112,0.1582,1.9086,0.0018
2.1500,IMM-UKF,jink,0.500,10.00,0.150,1,0.600,1,8.1440,7.8476,-0.2963,2.4490,0.3242,0.0849,0.0000,6.0000,6.9674,0.9007,21.0213,0.5522,0.1413,-20.0647,4.5412,-16.2475,4.5092,-16.0720,-3.5953,-20.1186,-43.9847,-32.1097,4.3999,3.8173,4.3679,3.9927,-3.7366,-0.0539,19,0.2400,19,0,0.9491,0.0394,0.0115,2.9266,15.4822,-0.1963,0.8746,5.9359,0.0000,1,0.1050,0.1488,1.9086,0.0011
2.1600,IMM-UKF,jink,0.500,10.00,0.150,1,0.600,1,8.0534,7.7633,-0.2901,2.4736,0.3242,0.0849,0.0021,6.0000,6.9674,0.8969,22.2860,0.5560,-0.0052,-20.2873,4.5412,-16.2475,4.5092,-16.0720,-3.9715,-20.3683,-45.3237,-32.5789,4.5464,4.0398,4.5144,4.2152,-3.9663,-0.0810,19,0.2500,19,0,0.9491,0.0394,0.0115,2.9025,15.5064,-0.1766,0.9458,5.9250,0.0000,1,0.1050,0.1488,1.9086,0.0011
2.1700,IMM-UKF,jink,0.500,10.00,0.150,1,0.600,1,7.9628,7.6794,-0.2835,2.4988,0.3242,0.0849,0.0041,6.0000,6.9674,0.8931,23.6031,0.5598,-0.1482,-20.5170,4.5412,-16.2475,4.5092,-16.0720,-4.3543,-20.6285,-46.6975,-33.0556,4.6894,4.2696,4.6574,4.4450,-4.2061,-0.1115,19,0.2600,19,0,0.9491,0.0394,0.0115,2.8787,15.5302,-0.1557,1.0168,5.9132,0.0000,1,0.1050,0.1488,1.9086,0.0011
2.1800,IMM-UKF,jink,0.500,10.00,0.150,1,0.600,1,7.8721,7.5957,-0.2764,2.5245,0.3242,0.0849,0.0062,6.0000,6.9674,0.8888,24.9699,0.5641,-0.2885,-20.7544,4.5412,-16.2475,4.5092,-16.0720,-4.7438,-20.9000,-48.1060,-33.5399,4.8297,4.5070,4.7977,4.6824,-4.4553,-0.1456,19,0.2700,19,0,0.9491,0.0394,0.0115,2.8552,15.5537,-0.1336,1.0877,5.9006,0.0000,1,0.1050,0.1488,1.9086,0.0011
2.1900,IMM-UKF,jink,0.500,10.00,0.150,1,0.600,1,7.7814,8.4757,0.6943,1.8984,0.3320,0.0895,0.0005,6.0000,7.6459,0.9142,10.3657,0.5686,-0.4255,-20.9999,2.1659,-17.8585,2.1457,-17.9953,-2.2808,-20.9876,-29.4915,-35.9421,2.5913,3.1414,2.5712,3.0046,-1.8553,0.0123,20,0.1600,20,0,0.9559,0.0369,0.0072,2.8319,15.5767,-0.1100,1.1584,5.8871,0.0000,1,0.1050,0.1488,2.0318,0.0011
2.2000,IMM-UKF,jink,0.500,10.00,0.150,1,0.600,1,7.6905,8.4019,0.7114,1.9163,0.3320,0.0895,0.0026,6.0000,7.6459,0.9179,11.1277,0.5731,-0.5587,-21.2538,2.1659,-17.8585,2.1457,-17.9953,-2.5537,-21.2431,-30.3546,-36.5569,2.7245,3.3954,2.7044,3.2585,-1.9951,0.0107,20,0.1700,20,0,0.9559,0.0369,0.0072,2.8090,15.5992,-0.0847,1.2290,5.8728,0.0000,1,0.1050,0.1488,2.0318,0.0011
2.2100,IMM-UKF,jink,0.500,10.00,0.150,1,0.600,1,7.5996,8.3285,0.7289,1.9349,0.3320,0.0895,0.0049,6.0000,7.6459,0.9215,11.9306,0.5767,-0.6868,-21.5167,2.1659,-17.8585,2.1457,-17.9953,-2.8297,-21.5091,-31.2439,-37.1915,2.8527,3.6582,2.8326,3.5214,-2.1428,0.0076,20,0.1800,20,0,0.9559,0.0369,0.0072,2.7865,15.6212,-0.0576,1.2994,5.8576,0.0000,1,0.1050,0.1488,2.0318,0.0011
2.2200,IMM-UKF,jink,0.500,10.00,0.150,1,0.600,1,7.5086,8.2554,0.7467,1.9542,0.3320,0.0895,0.0071,6.0000,7.6459,0.9252,12.7696,0.5803,-0.8110,-21.7890,2.1659,-17.8585,2.1457,-17.9953,-3.1088,-21.7864,-32.1599,-37.8472,2.9769,3.9305,2.9567,3.7937,-2.2978,0.0026,20,0.1900,20,0,0.9559,0.0369,0.0072,2.7643,15.6426,-0.0282,1.3696,5.8416,0.0000,1,0.1050,0.1488,2.0318,0.0011
2.2300,IMM-UKF,jink,0.500,10.00,0.150,1,0.600,1,7.4176,8.1828,0.7652,1.9742,0.3320,0.0895,0.0093,6.0000,7.6459,0.9288,13.6458,0.5839,-0.9311,-22.0714,2.1659,-17.8585,2.1457,-17.9953,-3.3913,-22.0763,-33.1032,-38.5257,3.0970,4.2129,3.0768,4.0760,-2.4602,-0.0049,20,0.2000,20,0,0.9559,0.0369,0.0072,2.7424,15.6632,0.0039,1.4396,5.8247,0.0000,1,0.1050,0.1488,2.0318,0.0011
2.2400,IMM-UKF,jink,0.500,10.00,0.150,1,0.600,1,7.3266,8.1109,0.7843,1.9950,0.3320,0.0895,0.0113,6.0000,7.6459,0.9324,14.5604,0.5874,-1.0470,-22.3644,2.1659,-17.8585,2.1457,-17.9953,-3.6774,-22.3800,-34.0737,-39.2291,3.2128,4.5059,3.1927,4.3690,-2.6304,-0.0156,20,0.2100,20,0,0.9559,0.0369,0.0072,2.7209,15.6830,0.0391,1.5094,5.8071,0.0000,1,0.1050,0.1488,2.0318,0.0011
2.2500,IMM-UKF,jink,0.500,10.00,0.150,1,0.600,1,7.2356,8.0398,0.8042,2.0164,0.3320,0.0895,0.0133,6.0000,7.6459,0.9359,15.5146,0.5908,-1.1585,-22.6687,2.1659,-17.8585,2.1457,-17.9953,-3.9673,-22.6995,-35.0709,-39.9605,3.3244,4.8103,3.3042,4.6734,-2.8088,-0.0307,20,0.2200,20,0,0.9559,0.0369,0.0072,2.6998,15.7016,0.0783,1.5789,5.7885,0.0000,1,0.1050,0.1488,2.0318,0.0011
2.2600,IMM-UKF,jink,0.500,10.00,0.150,1,0.600,1,7.1447,7.9699,0.8252,2.0386,0.3320,0.0895,0.0152,6.0000,7.6459,0.9393,16.5097,0.5942,-1.2656,-22.9853,2.1659,-17.8585,2.1457,-17.9953,-4.2612,-23.0370,-36.0927,-40.7237,3.4315,5.1268,3.4114,4.9899,-2.9956,-0.0517,20,0.2300,20,0,0.9559,0.0369,0.0072,2.6791,15.7188,0.1226,1.6483,5.7692,0.0000,1,0.1074,0.1469,2.0318,-0.0017
2.2700,IMM-UKF,jink,0.500,10.00,0.150,1,0.600,1,7.0538,7.9015,0.8477,2.0614,0.3320,0.0895,0.0171,6.0000,7.6459,0.9427,17.5466,0.5975,-1.3682,-23.3149,2.1659,-17.8585,2.1457,-17.9953,-4.5591,-23.3958,-37.1348,-41.5244,3.5341,5.4564,3.5139,5.3196,-3.1909,-0.0809,20,0.2400,20,0,0.9559,0.0369,0.0072,2.6588,15.7338,0.1734,1.7174,5.7490,0.0000,1,0.1074,0.1469,2.0318,-0.0017
2.2800,IMM-UKF,jink,0.500,10.00,0.150,1,0.600,1,6.9632,7.8354,0.8722,2.0849,0.3320,0.0895,0.0188,6.0000,7.6459,0.9459,18.6261,0.6006,-1.4660,-23.6587,2.1659,-17.8585,2.1457,-17.9953,-4.8610,-23.7805,-38.1882,-42.3705,3.6319,5.8002,3.6117,5.6634,-3.3950,-0.1218,20,0.2500,20,0,0.9559,0.0369,0.0072,2.6388,15.7455,0.2332,1.7862,5.7279,0.0000,1,0.1074,0.1469,2.0318,-0.0017
2.2900,IMM-UKF,jink,0.500,10.00,0.150,1,0.600,1,6.8728,7.7727,0.8999,2.1090,0.3320,0.0895,0.0205,6.0000,7.6459,0.9491,19.7483,0.6037,-1.5590,-24.0181,2.1659,-17.8585,2.1457,-17.9953,-5.1663,-24.1976,-39.2336,-43.2728,3.7249,6.1596,3.7047,6.0228,-3.6073,-0.1795,20,0.2600,20,0,0.9559,0.0369,0.0072,2.6191,15.7516,0.3056,1.8548,5.7061,0.0000,1,0.1074,0.1469,2.0318,-0.0017
2.3000,IMM-UKF,jink,0.500,10.00,0.150,1,0.600,1,6.7830,7.6676,0.8846,1.7677,0.3330,0.0942,0.0212,6.0000,7.7511,1.4756,6.4819,0.6065,-1.6468,-24.3948,0.1413,-20.0647,0.3924,-19.9911,-2.7226,-23.9361,-26.6369,-46.6392,1.7882,4.3301,2.0392,4.4037,-1.0758,0.4587,21,0.1500,21,0,0.9460,0.0449,0.0091,2.5995,15.7472,0.3971,1.9232,5.6834,0.0000,1,0.1074,0.1469,2.1511,-0.0017
2.3100,IMM-UKF,jink,0.500,10.00,0.150,1,0.600,1,6.6939,7.6109,0.9169,1.7850,0.3330,0.0942,0.0227,6.0000,7.7511,1.4739,6.9757,0.6091,-1.7292,-24.7909,0.1413,-20.0647,0.3924,-19.9911,-2.9187,-24.3560,-27.2741,-47.7759,1.8706,4.7262,2.1216,4.7999,-1.1895,0.4349,21,0.1600,21,0,0.9460,0.0449,0.0091,2.5793,15.7193,0.5179,1.9912,5.6599,0.0000,1,0.1074,0.1469,2.1511,-0.0017
2.3200,IMM-UKF,jink,0.500,10.00,0.150,1,0.600,1,6.6064,7.5678,0.9613,1.8030,0.3330,0.0942,0.0242,6.0000,7.7511,1.4722,7.4498,0.6114,-1.8055,-25.2081,0.1413,-20.0647,0.3924,-19.9911,-3.1078,-24.8113,-27.5811,-48.8177,1.9469,5.1434,2.1979,5.2170,-1.3023,0.3968,21,0.1700,21,0,0.9460,0.0449,0.0091,2.5568,15.6336,0.6779,2.0590,5.6356,0.0000,1,0.1074,0.1469,2.1511,-0.0017
2.3300,IMM-UKF,jink,0.500,10.00,0.150,1,0.600,1,6.5215,7.5447,1.0232,1.8217,0.3330,0.0942,0.0256,6.0000,7.7511,1.4704,7.9833,0.6133,-1.8747,-25.6434,0.1413,-20.0647,0.3924,-19.9911,-3.2812,-25.2346,-27.2752,-49.3472,2.0161,5.5787,2.2671,5.6523,-1.4064,0.4088,21,0.1800,21,0,0.9460,0.0449,0.0091,2.5303,15.4467,0.8418,2.1265,5.6105,0.0000,1,0.1074,0.1469,2.1511,-0.0017
2.3400,IMM-UKF,jink,0.500,10.00,0.150,1,0.600,1,6.4391,7.5286,1.0895,1.8412,0.3330,0.0942,0.0269,6.0000,7.7511,1.4686,8.7224,0.6149,-1.9363,-26.0906,0.1413,-20.0647,0.3924,-19.9911,-3.4474,-25.5661,-26.7372,-49.3423,2.0777,6.0259,2.3287,6.0996,-1.5111,0.5245,21,0.1900,21,0,0.9460,0.0449,0.0091,2.5044,15.2202,0.9443,2.1937,5.5846,0.0000,1,0.1074,0.1469,2.1511,-0.0017
2.3500,IMM-UKF,jink,0.500,10.00,0.150,1,0.600,1,6.3593,7.5168,1.1575,1.8617,0.3330,0.0942,0.0281,6.0000,7.7511,1.4667,9.6643,0.6161,-1.9899,-26.5461,0.1413,-20.0647,0.3924,-19.9911,-3.6066,-25.8363,-26.1090,-49.0587,2.1312,6.4813,2.3823,6.5550,-1.6167,0.7098,21,0.2000,21,0,0.9460,0.0449,0.0091,2.4782,14.9799,1.0081,2.2605,5.5579,0.0000,1,0.1074,0.1469,2.1511,-0.0017
2.3600,IMM-UKF,jink,0.500,10.00,0.150,1,0.600,1,6.2821,7.5090,1.2269,1.8830,0.3330,0.0942,0.0292,6.0000,7.7511,1.4647,10.8174,0.6170,-2.0349,-27.0076,0.1413,-20.0647,0.3924,-19.9911,-3.7588,-26.0647,-25.4429,-48.6250,2.1763,6.9429,2.4273,7.0165,-1.7238,0.9429,21,0.2100,21,0,0.9460,0.0449,0.0091,2.4516,14.7348,1.0497,2.3271,5.5304,0.0000,1,0.1074,0.1469,2.1511,-0.0017
2.3700,IMM-UKF,jink,0.500,10.00,0.150,1,0.600,1,6.2073,7.5050,1.2977,1.9051,0.3330,0.0942,0.0303,6.0000,7.7511,1.4627,12.1831,0.6177,-2.0709,-27.4737,0.1413,-20.0647,0.3924,-19.9911,-3.9035,-26.2606,-24.7580,-48.0980,2.2123,7.4089,2.4633,7.4826,-1.8325,1.2131,21,0.2200,21,0,0.9460,0.0449,0.0091,2.4247,14.4878,1.0775,2.3933,5.5020,0.0000,1,0.0812,0.1468,2.1511,-0.0017
2.3800,IMM-UKF,jink,0.500,10.00,0.150,1,0.600,1,6.1349,7.5050,1.3702,1.9281,0.3330,0.0942,0.0313,6.0000,7.7511,1.4607,13.7551,0.6180,-2.0974,-27.9432,0.1413,-20.0647,0.3924,-19.9911,-4.0403,-26.4285,-24.0628,-47.5059,2.2388,7.8785,2.4898,7.9521,-1.9429,1.5147,21,0.2300,21,0,0.9460,0.0449,0.0091,2.3973,14.2400,1.0960,2.4591,5.4729,0.0000,1,0.0812,0.1468,2.1511,-0.0017
2.3900,IMM-UKF,jink,0.500,10.00,0.150,1,0.600,1,6.0648,7.5090,1.4442,1.9519,0.3330,0.0942,0.0323,6.0000,7.7511,1.4585,15.5236,0.6180,-2.1139,-28.4153,0.1413,-20.0647,0.3924,-19.9911,-4.1688,-26.5709,-23.3621,-46.8647,2.2552,8.3505,2.5062,8.4242,-2.0549,1.8443,21,0.2400,21,0,0.9460,0.0449,0.0091,2.3694,13.9918,1.1077,2.5246,5.4430,0.0000,1,0.0812,0.1468,2.1511,-0.0017
2.4000,IMM-UKF,jink,0.500,10.00,0.150,1,0.600,1,5.9971,7.5171,1.5199,1.9766,0.3330,0.0942,0.0332,6.0000,7.7511,1.4564,17.4772,0.6179,-2.1197,-28.8890,0.1413,-20.0647,0.3924,-19.9911,-4.2885,-26.6892,-22.6593,-46.1848,2.2611,8.8243,2.5121,8.8979,-2.1687,2.1998,21,0.2500,21,0,0.9460,0.0449,0.0091,2.3411,13.7435,1.1144,2.5897,5.4123,0.0000,1,0.0812,0.1468,2.1511,-0.0017
2.4100,IMM-UKF,jink,0.500,10.00,0.150,1,0.600,1,5.9317,6.5039,0.5722,1.6290,0.3216,0.0999,0.0453,6.0000,7.1627,2.2809,9.9594,0.6174,-2.1145,-29.3636,-1.2656,-22.9853,-0.8506,-23.0273,-3.3531,-28.1025,-21.7506,-54.5502,0.8489,6.3784,1.2639,6.3363,-1.2386,1.2611,22,0.1500,22,0,0.9507,0.0412,0.0081,2.3122,13.4952,1.1171,2.6545,5.3809,0.0000,1,0.0812,0.1468,2.2583,-0.0017
2.4200,IMM-UKF,jink,0.500,10.00,0.150,1,0.600,1,5.8685,6.4904,0.6218,1.6464,0.3216,0.0999,0.0460,6.0000,7.1627,2.2784,11.5465,0.6167,-2.0977,-29.8385,-1.2656,-22.9853,-0.8506,-23.0273,-3.4538,-28.3161,-20.8778,-53.7570,0.8320,6.8532,1.2471,6.8111,-1.3562,1.5224,22,0.1600,22,0,0.9507,0.0412,0.0081,2.2827,13.2470,1.1165,2.7189,5.3486,0.0000,1,0.0812,0.1468,2.2583,-0.0017
2.4300,IMM-UKF,jink,0.500,10.00,0.150,1,0.600,1,5.8076,6.4810,0.6734,1.6646,0.3216,0.0999,0.0467,6.0000,7.1627,2.2758,13.2748,0.6158,-2.0686,-30.3128,-1.2656,-22.9853,-0.8506,-23.0273,-3.5452,-28.5061,-20.0078,-52.9259,0.8030,7.3275,1.2180,7.2855,-1.4766,1.8067,22,0.1700,22,0,0.9507,0.0412,0.0081,2.2526,12.9988,1.1132,2.7829,5.3156,0.0000,1,0.0812,0.1468,2.2583,-0.0017
2.4400,IMM-UKF,jink,0.500,10.00,0.150,1,0.600,1,5.7488,6.4757,0.7269,1.6837,0.3216,0.0999,0.0473,6.0000,7.1627,2.2731,15.1434,0.6146,-2.0268,-30.7859,-1.2656,-22.9853,-0.8506,-23.0273,-3.6267,-28.6719,-19.1438,-52.0607,0.7612,7.8006,1.1762,7.7586,-1.5999,2.1140,22,0.1800,22,0,0.9507,0.0412,0.0081,2.2218,12.7508,1.1075,2.8464,5.2818,0.0000,1,0.0812,0.1468,2.2583,-0.0017
2.4500,IMM-UKF,jink,0.500,10.00,0.150,1,0.600,1,5.6922,6.4746,0.7823,1.7036,0.3216,0.0999,0.0479,6.0000,7.1627,2.2703,17.1510,0.6133,-1.9717,-31.2571,-1.2656,-22.9853,-0.8506,-23.0273,-3.6978,-28.8132,-18.2884,-51.1650,0.7061,8.2718,1.1211,8.2297,-1.7261,2.4439,22,0.1900,22,0,0.9507,0.0412,0.0081,2.1903,12.5029,1.0997,2.9096,5.2473,0.0000,1,0.0812,0.1468,2.2583,-0.0017
2.4600,IMM-UKF,jink,0.500,10.00,0.150,1,0.600,1,5.6377,6.4775,0.8397,1.7244,0.3216,0.0999,0.0484,6.0000,7.1627,2.2674,19.2958,0.6117,-1.9027,-31.7257,-1.2656,-22.9853,-0.8506,-23.0273,-3.7580,-28.9298,-17.4440,-50.2423,0.6371,8.7404,1.0521,8.6983,-1.8552,2.7959,22,0.2000,22,0,0.9507,0.0412,0.0081,2.1580,12.2552,1.0902,2.9724,5.2120,0.0000,1,0.1142,0.1509,2.2583,-0.0009
2.4700,IMM-UKF,jink,0.500,10.00,0.150,1,0.600,1,5.5854,6.4844,0.8990,1.7461,0.3216,0.0999,0.0489,6.0000,7.1627,2.2651,21.5753,0.6100,-1.8194,-32.1910,-1.2656,-22.9853,-0.8506,-23.0273,-3.8067,-29.0213,-16.6123,-49.2959,0.5538,9.2057,0.9688,9.1636,-1.9873,3.1696,22,0.2100,22,0,0.9507,0.0412,0.0081,2.1250,12.0076,1.0791,3.0347,5.1760,0.0000,1,0.1142,0.1509,2.2583,-0.0009
2.4800,IMM-UKF,jink,0.500,10.00,0.150,1,0.600,1,5.5350,6.4953,0.9603,1.7686,0.3216,0.0999,0.0495,6.0000,7.1627,2.2690,23.9845,0.6086,-1.7224,-32.6523,-1.2656,-22.9853,-0.8506,-23.0273,-3.8436,-29.0878,-15.7948,-48.3290,0.4567,9.6671,0.8718,9.6250,-2.1213,3.5645,22,0.2200,22,0,0.9507,0.0412,0.0081,2.0911,11.7602,1.0667,3.0966,5.1392,0.0000,1,0.1142,0.1509,2.2583,-0.0009
2.4900,IMM-UKF,jink,0.500,10.00,0.150,1,0.600,1,5.4867,6.5102,1.0234,1.7921,0.3216,0.0999,0.0501,6.0000,7.1627,2.2728,26.5236,0.6070,-1.6097,-33.1090,-1.2656,-22.9853,-0.8506,-23.0273,-3.8684,-29.1291,-14.9925,-47.3447,0.3441,10.1237,0.7591,10.0816,-2.2586,3.9799,22,0.2300,22,0,0.9507,0.0412,0.0081,2.0564,11.5130,1.0529,3.1580,5.1016,0.0000,1,0.1142,0.1509,2.2583,-0.0009
2.5000,IMM-UKF,jink,0.500,10.00,0.150,1,0.600,1,5.4404,6.5290,1.0886,1.8164,0.3216,0.0999,0.0506,6.0000,7.1627,2.2765,29.1893,0.6051,-1.4810,-33.5603,-1.2656,-22.9853,-0.8506,-23.0273,-3.8806,-29.1453,-14.2063,-46.3459,0.2153,10.5751,0.6304,10.5330,-2.3996,4.4150,22,0.2400,22,0,0.9507,0.0412,0.0081,2.0208,11.2660,1.0380,3.2190,5.0634,0.0000,1,0.1142,0.1509,2.2583,-0.0009
2.5100,IMM-UKF,jink,0.500,10.00,0.150,1,0.600,1,5.3961,6.5518,1.1556,1.8416,0.3216,0.0999,0.0511,6.0000,7.1627,2.2800,31.9780,0.6029,-1.3355,-34.0056,-1.2656,-22.9853,-0.8506,-23.0273,-3.8800,-29.1366,-13.4368,-45.3358,0.0698,11.0204,0.4849,10.9783,-2.5445,4.8690,22,0.2500,22,0,0.9507,0.0412,0.0081,1.9843,11.0192,1.0220,3.2796,5.0244,0.0000,1,0.1142,0.1509,2.2583,-0.0009
2.5200,IMM-UKF,jink,0.500,10.00,0.150,1,0.600,1,5.3538,5.3898,0.0360,1.3165,0.3080,0.1102,0.0651,6.0000,6.6937,2.3071,17.1891,0.6005,-1.1728,-34.4442,-2.0709,-27.4737,-1.7339,-27.7213,-2.5517,-31.8159,-7.9460,-53.4764,-0.8982,6.9705,-0.5612,6.7229,-1.3789,2.6283,23,0.1500,23,0,0.9554,0.0379,0.0067,1.9468,10.7726,1.0050,3.3396,4.9847,0.0000,1,0.1142,0.1509,2.3683,-0.0009
2.5300,IMM-UKF,jink,0.500,10.00,0.150,1,0.600,1,5.3133,5.3904,0.0771,1.3333,0.3080,0.1102,0.0655,6.0000,6.6937,2.3072,19.4070,0.5980,-0.9921,-34.8753,-2.0709,-27.4737,-1.7339,-27.7213,-2.5094,-31.8928,-7.0733,-52.1804,-1.0789,7.4017,-0.7419,7.1540,-1.5173,2.9825,23,0.1600,23,0,0.9554,0.0379,0.0067,1.9084,10.5262,0.9872,3.3992,4.9442,0.0000,1,0.1142,0.1509,2.3683,-0.0009
2.5400,IMM-UKF,jink,0.500,10.00,0.150,1,0.600,1,5.2747,5.3950,0.1203,1.3510,0.3080,0.1102,0.0660,6.0000,6.6937,2.3035,21.7684,0.5949,-0.7921,-35.2983,-2.0709,-27.4737,-1.7339,-27.7213,-2.4527,-31.9379,-6.2342,-50.8650,-1.2788,7.8246,-0.9418,7.5770,-1.6605,3.3604,23,0.1700,23,0,0.9554,0.0379,0.0067,1.8689,10.2801,0.9684,3.4583,4.9031,0.0000,1,0.1142,0.1509,2.3683,-0.0009
2.5500,IMM-UKF,jink,0.500,10.00,0.150,1,0.600,1,5.2380,5.4034,0.1653,1.3697,0.3080,0.1102,0.0665,6.0000,6.6937,2.2998,24.2694,0.5917,-0.5735,-35.7124,-2.0709,-27.4737,-1.7339,-27.7213,-2.3811,-31.9511,-5.4278,-49.5351,-1.4974,8.2387,-1.1604,7.9911,-1.8076,3.7613,23,0.1800,23,0,0.9554,0.0379,0.0067,1.8284,10.0342,0.9489,3.5169,4.8612,0.0000,1,0.1142,0.1509,2.3683,-0.0009
2.5600,IMM-UKF,jink,0.500,10.00,0.150,1,0.600,1,5.2032,5.4156,0.2124,1.3893,0.3080,0.1102,0.0669,6.0000,6.6937,2.2961,26.9076,0.5885,-0.3357,-36.1169,-2.0709,-27.4737,-1.7339,-27.7213,-2.2946,-31.9324,-4.6526,-48.1953,-1.7353,8.6432,-1.3983,8.3956,-1.9589,4.1845,23,0.1900,23,0,0.9554,0.0379,0.0067,1.7867,9.7885,0.9286,3.5749,4.8187,0.0000,1,0.1142,0.1509,2.3683,-0.0009
2.5700,IMM-UKF,jink,0.500,10.00,0.150,1,0.600,1,5.1702,5.4316,0.2614,1.4100,0.3080,0.1102,0.0673,6.0000,6.6937,2.2924,29.6798,0.5853,-0.0783,-36.5112,-2.0709,-27.4737,-1.7339,-27.7213,-2.1929,-31.8819,-3.9073,-46.8500,-1.9927,9.0375,-1.6557,8.7899,-2.1147,4.6293,23,0.2000,23,0,0.9554,0.0379,0.0067,1.7439,9.5431,0.9076,3.6325,4.7754,0.0000,1,0.1142,0.1509,2.3683,-0.0009
2.5800,IMM-UKF,jink,0.500,10.00,0.150,1,0.600,1,5.1389,5.4514,0.3125,1.4315,0.3080,0.1102,0.0677,6.0000,6.6937,2.2888,32.5820,0.5820,0.1991,-36.8944,-2.0709,-27.4737,-1.7339,-27.7213,-2.0761,-31.7998,-3.1905,-45.5035,-2.2701,9.4207,-1.9331,9.1731,-2.2752,5.0946,23,0.2100,23,0,0.9554,0.0379,0.0067,1.6999,9.2980,0.8859,3.6895,4.7315,0.0000,1,0.0950,0.1598,2.3683,0.0012
2.5900,IMM-UKF,jink,0.500,10.00,0.150,1,0.600,1,5.1095,5.4750,0.3655,1.4540,0.3080,0.1102,0.0680,6.0000,6.6937,2.2852,35.6096,0.5788,0.4968,-37.2660,-2.0709,-27.4737,-1.7339,-27.7213,-1.9441,-31.6868,-2.5005,-44.1600,-2.5678,9.7923,-2.2308,9.5447,-2.4410,5.5792,23,0.2200,23,0,0.9554,0.0379,0.0067,1.6547,9.0531,0.8635,3.7461,4.6869,0.0000,1,0.0950,0.1598,2.3683,0.0012
2.6000,IMM-UKF,jink,0.500,10.00,0.150,1,0.600,1,5.0817,5.5020,0.4203,1.4775,0.3080,0.1102,0.0683,6.0000,6.6937,2.2816,38.7410,0.5756,0.8151,-37.6253,-2.0709,-27.4737,-1.7339,-27.7213,-1.7986,-31.5466,-1.8421,-42.8388,-2.8861,10.1517,-2.5491,9.9040,-2.6137,6.0787,23,0.2300,23,0,0.9554,0.0379,0.0067,1.6087,8.8109,0.8407,3.8020,4.6416,0.0000,1,0.0950,0.1598,2.3683,0.0012
2.6100,IMM-UKF,jink,0.500,10.00,0.150,1,0.600,1,5.0557,5.5321,0.4765,1.5019,0.3080,0.1102,0.0685,6.0000,6.6937,2.2781,41.9629,0.5724,1.1541,-37.9721,-2.0709,-27.4737,-1.7339,-27.7213,-1.6404,-31.3817,-1.2147,-41.5477,-3.2251,10.4984,-2.8881,10.2508,-2.7945,6.5903,23,0.2400,23,0,0.9554,0.0379,0.0067,1.5620,8.5723,0.8177,3.8575,4.5957,0.0000,1,0.0950,0.1598,2.3683,0.0012
2.6200,IMM-UKF,jink,0.500,10.00,0.150,1,0.600,1,5.0313,4.6826,-0.3487,1.0944,0.2959,0.1232,0.0809,6.0000,6.1064,2.5034,16.4534,0.5694,1.5140,-38.3058,-1.9027,-31.7257,-1.6411,-32.0874,-0.1485,-35.8986,7.6498,-51.5435,-3.4167,6.5801,-3.1552,6.2183,-1.6625,2.4072,24,0.1600,24,0,0.9517,0.0395,0.0087,1.5146,8.3372,0.7944,3.9123,4.5490,0.0000,1,0.0950,0.1598,2.4591,0.0012
2.6300,IMM-UKF,jink,0.500,10.00,0.150,1,0.600,1,5.0085,4.6956,-0.3129,1.1118,0.2959,0.1232,0.0811,6.0000,6.1064,2.4999,18.7820,0.5663,1.8949,-38.6260,-1.9027,-31.7257,-1.6411,-32.0874,0.0788,-35.8428,8.1205,-50.0136,-3.7976,6.9004,-3.5360,6.5386,-1.8161,2.7833,24,0.1700,24,0,0.9517,0.0395,0.0087,1.4665,8.1054,0.7708,3.9666,4.5018,0.0000,1,0.0950,0.1598,2.4591,0.0012
2.6400,IMM-UKF,jink,0.500,10.00,0.150,1,0.600,1,4.9873,4.7116,-0.2757,1.1303,0.2959,0.1232,0.0813,6.0000,6.1064,2.4966,21.2424,0.5633,2.2967,-38.9324,-1.9027,-31.7257,-1.6411,-32.0874,0.3205,-35.7531,8.5685,-48.5086,-4.1994,7.2068,-3.9379,6.8450,-1.9762,3.1793,24,0.1800,24,0,0.9517,0.0395,0.0087,1.4176,7.8771,0.7471,4.0204,4.4538,0.0000,1,0.0950,0.1598,2.4591,0.0012
2.6500,IMM-UKF,jink,0.500,10.00,0.150,1,0.600,1,4.9677,4.7306,-0.2371,1.1499,0.2959,0.1232,0.0814,6.0000,6.1064,2.4934,23.8275,0.5605,2.7195,-39.2246,-1.9027,-31.7257,-1.6411,-32.0874,0.5763,-35.6307,8.9966,-47.0311,-4.6222,7.4990,-4.3607,7.1372,-2.1432,3.5939,24,0.1900,24,0,0.9517,0.0395,0.0087,1.3680,7.6520,0.7231,4.0735,4.4053,0.0000,1,0.0950,0.1598,2.4591,0.0012
2.6600,IMM-UKF,jink,0.500,10.00,0.150,1,0.600,1,4.9495,4.7525,-0.1970,1.1705,0.2959,0.1232,0.0816,6.0000,6.1064,2.4903,26.5299,0.5577,3.1632,-39.5023,-1.9027,-31.7257,-1.6411,-32.0874,0.8454,-35.4766,9.4074,-45.5832,-5.0659,7.7766,-4.8044,7.4149,-2.3179,4.0257,24,0.2000,24,0,0.9517,0.0395,0.0087,1.3176,7.4301,0.6990,4.1261,4.3561,0.0000,1,0.0950,0.1598,2.4591,0.0012
2.6700,IMM-UKF,jink,0.500,10.00,0.150,1,0.600,1,4.9328,4.7773,-0.1555,1.1922,0.2959,0.1232,0.0817,6.0000,6.1064,2.4874,29.3420,0.5551,3.6277,-39.7650,-1.9027,-31.7257,-1.6411,-32.0874,1.1271,-35.2920,9.8031,-44.1667,-5.5304,8.0393,-5.2688,7.6776,-2.5005,4.4730,24,0.2100,24,0,0.9517,0.0395,0.0087,1.2664,7.2114,0.6748,4.1781,4.3063,0.0000,1,0.0950,0.1598,2.4591,0.0012
2.6800,IMM-UKF,jink,0.500,10.00,0.150,1,0.600,1,4.9176,4.8050,-0.1126,1.2150,0.2959,0.1232,0.0818,6.0000,6.1064,2.4846,32.2559,0.5525,4.1128,-40.0125,-1.9027,-31.7257,-1.6411,-32.0874,1.4210,-35.0782,10.1853,-42.7830,-6.0155,8.2868,-5.7539,7.9251,-2.6918,4.9343,24,0.2200,24,0,0.9517,0.0395,0.0087,1.2144,6.9958,0.6504,4.2294,4.2558,0.0000,1,0.1064,0.1569,2.4591,-0.0004
2.6900,IMM-UKF,jink,0.500,10.00,0.150,1,0.600,1,4.9039,4.8355,-0.0683,1.2388,0.2959,0.1232,0.0819,6.0000,6.1064,2.4820,35.2636,0.5501,4.6182,-40.2444,-1.9027,-31.7257,-1.6411,-32.0874,1.7262,-34.8364,10.5559,-41.4333,-6.5209,8.5188,-6.2593,8.1570,-2.8920,5.4080,24,0.2300,24,0,0.9517,0.0395,0.0087,1.1616,6.7833,0.6258,4.2802,4.2047,0.0000,1,0.1064,0.1569,2.4591,-0.0004
2.7000,IMM-UKF,jink,0.500,10.00,0.150,1,0.600,1,4.8915,4.8689,-0.0226,1.2636,0.2959,0.1232,0.0820,6.0000,6.1064,2.4796,38.3572,0.5478,5.1436,-40.4606,-1.9027,-31.7257,-1.6411,-32.0874,2.0420,-34.5681,10.9163,-40.1185,-7.0464,8.7349,-6.7848,8.3731,-3.1016,5.8925,24,0.2400,24,0,0.9517,0.0395,0.0087,1.1079,6.5738,0.6012,4.3303,4.1531,0.0000,1,0.1064,0.1569,2.4591,-0.0004
2.7100,IMM-UKF,jink,0.500,10.00,0.150,1,0.600,1,4.8805,4.9050,0.0245,1.2895,0.2959,0.1232,0.0820,6.0000,6.1064,2.4773,41.5284,0.5457,5.6888,-40.6606,-1.9027,-31.7257,-1.6411,-32.0874,2.3678,-34.2746,11.2677,-38.8390,-7.5915,8.9349,-7.3299,8.5731,-3.3210,6.3859,24,0.2500,24,0,0.9517,0.0395,0.0087,1.0533,6.3673,0.5765,4.3799,4.1008,0.0000,1,0.1064,0.1569,2.4591,-0.0004
2.7200,IMM-UKF,jink,0.500,10.00,0.150,1,0.600,1,4.8709,4.9440,0.0730,1.3163,0.2959,0.1232,0.0821,6.0000,6.1064,2.4752,44.7689,0.5437,6.2532,-40.8442,-1.9027,-31.7257,-1.6411,-32.0874,2.7028,-33.9574,11.6112,-37.5951,-8.1559,9.1185,-7.8943,8.7567,-3.5504,6.8868,24,0.2600,24,0,0.9517,0.0395,0.0087,0.9979,6.1637,0.5516,4.4288,4.0480,0.0000,1,0.1064,0.1569,2.4591,-0.0004
2.7300,IMM-UKF,jink,0.500,10.00,0.150,1,0.600,1,4.8627,4.9857,0.1230,1.3440,0.2959,0.1232,0.0821,6.0000,6.1064,2.4733,48.0709,0.5419,6.8364,-41.0112,-1.9027,-31.7257,-1.6411,-32.0874,3.0464,-33.6179,11.9478,-36.3871,-8.7392,9.2855,-8.4776,8.9238,-3.7901,7.3933,24,0.2700,24,0,0.9517,0.0395,0.0087,0.9415,5.9629,0.5267,4.4770,3.9945,0.0000,1,0.1064,0.1569,2.4591,-0.0004
2.7400,IMM-UKF,jink,0.500,10.00,0.150,1,0.600,1,4.8557,4.1912,-0.6646,0.9011,0.2788,0.1380,0.0993,6.0000,5.8921,1.2094,23.6261,0.5402,7.4379,-41.1614,0.1991,-36.8944,0.4536,-36.8700,5.4557,-37.5285,21.8799,-39.4501,-7.2388,4.2670,-6.9843,4.2914,-1.9823,3.6329,25,0.1600,25,0,0.9700,0.0271,0.0029,0.8843,5.7650,0.5017,4.5246,3.9405,0.0000,1,0.1064,0.1569,2.5812,-0.0004
2.7500,IMM-UKF,jink,0.500,10.00,0.150,1,0.600,1,4.8502,4.2144,-0.6357,0.9189,0.2788,0.1380,0.0993,6.0000,5.8921,1.2092,26.1767,0.5387,8.0572,-41.2946,0.1991,-36.8944,0.4536,-36.8700,5.8860,-37.2637,21.9850,-38.1574,-7.8580,4.4002,-7.6035,4.4246,-2.1712,4.0309,25,0.1700,25,0,0.9700,0.0271,0.0029,0.8261,5.5698,0.4766,4.5716,3.8859,0.0000,1,0.1064,0.1569,2.5812,-0.0004
2.7600,IMM-UKF,jink,0.500,10.00,0.150,1,0.600,1,4.8459,4.2404,-0.6055,0.9379,0.2788,0.1380,0.0993,6.0000,5.8921,1.2090,28.8358,0.5373,8.6934,-41.4106,0.1991,-36.8944,0.4536,-36.8700,6.3247,-36.9660,22.0965,-36.8970,-8.4943,4.5162,-8.2398,4.5406,-2.3688,4.4446,25,0.1800,25,0,0.9700,0.0271,0.0029,0.7670,5.3774,0.4515,4.6179,3.8308,0.0000,1,0.1064,0.1569,2.5812,-0.0004
2.7700,IMM-UKF,jink,0.500,10.00,0.150,1,0.600,1,4.8429,4.2692,-0.5737,0.9579,0.2788,0.1380,0.0993,6.0000,5.8921,1.2089,31.5952,0.5361,9.3461,-41.5093,0.1991,-36.8944,0.4536,-36.8700,6.7707,-36.6369,22.2142,-35.6695,-9.1469,4.6149,-8.8924,4.6393,-2.5754,4.8724,25,0.1900,25,0,0.9700,0.0271,0.0029,0.7069,5.1876,0.4263,4.6635,3.7751,0.0000,1,0.1064,0.1569,2.5812,-0.0004
2.7800,IMM-UKF,jink,0.500,10.00,0.150,1,0.600,1,4.8412,4.3007,-0.5406,0.9792,0.2788,0.1380,0.0993,6.0000,5.8921,1.2089,34.4463,0.5351,10.0143,-41.5905,0.1991,-36.8944,0.4536,-36.8700,7.2230,-36.2782,22.3381,-34.4754,-9.8152,4.6961,-9.5607,4.7205,-2.7913,5.3123,25,0.2000,25,0,0.9700,0.0271,0.0029,0.6458,5.0006,0.4010,4.7085,3.7189,0.0000,1,0.1064,0.1569,2.5812,-0.0004
2.7900,IMM-UKF,jink,0.500,10.00,0.150,1,0.600,1,4.8409,4.3349,-0.5059,1.0015,0.2788,0.1380,0.0993,6.0000,5.8921,1.2090,37.3804,0.5343,10.6974,-41.6542,0.1991,-36.8944,0.4536,-36.8700,7.6807,-35.8915,22.4679,-33.3148,-10.4983,4.7598,-10.2438,4.7842,-3.0167,5.7627,25,0.2100,25,0,0.9700,0.0271,0.0029,0.5838,4.8161,0.3757,4.7528,3.6621,0.0000,1,0.1071,0.1544,2.5812,0.0004
2.8000,IMM-UKF,jink,0.500,10.00,0.150,1,0.600,1,4.8418,4.3719,-0.4698,1.0249,0.2788,0.1380,0.0993,6.0000,5.8921,1.2092,40.3888,0.5336,11.3945,-41.7002,0.1991,-36.8944,0.4536,-36.8700,8.1430,-35.4786,22.6036,-32.1879,-11.1954,4.8058,-10.9409,4.8303,-3.2516,6.2217,25,0.2200,25,0,0.9700,0.0271,0.0029,0.5208,4.6342,0.3504,4.7964,3.6048,0.0000,1,0.1071,0.1544,2.5812,0.0004
2.8100,IMM-UKF,jink,0.500,10.00,0.150,1,0.600,1,4.8440,4.4117,-0.4322,1.0494,0.2788,0.1380,0.0993,6.0000,5.8921,1.2094,43.4622,0.5332,12.1048,-41.7286,0.1991,-36.8944,0.4536,-36.8700,8.6089,-35.0412,22.7450,-31.0945,-11.9057,4.8342,-11.6512,4.8587,-3.4960,6.6874,25,0.2300,25,0,0.9700,0.0271,0.0029,0.4568,4.4549,0.3249,4.8393,3.5470,0.0000,1,0.1071,0.1544,2.5812,0.0004
2.8200,IMM-UKF,jink,0.500,10.00,0.150,1,0.600,1,4.8475,4.4543,-0.3932,1.0750,0.2788,0.1380,0.0993,6.0000,5.8921,1.2096,46.5921,0.5328,12.8274,-41.7394,0.1991,-36.8944,0.4536,-36.8700,9.0776,-34.5812,22.8919,-30.0341,-12.6282,4.8450,-12.3737,4.8694,-3.7498,7.1582,25,0.2400,25,0,0.9700,0.0271,0.0029,0.3918,4.2780,0.2995,4.8815,3.4887,0.0000,1,0.1071,0.1544,2.5812,0.0004
2.8300,IMM-UKF,jink,0.500,10.00,0.150,1,0.600,1,4.8522,4.4996,-0.3526,1.1015,0.2788,0.1380,0.0993,6.0000,5.8921,1.2099,49.7694,0.5327,13.5613,-41.7325,0.1991,-36.8944,0.4536,-36.8700,9.5485,-34.1003,23.0443,-29.0066,-13.3621,4.8381,-13.1077,4.8626,-4.0128,7.6322,25,0.2500,25,0,0.9700,0.0271,0.0029,0.3258,4.1037,0.2740,4.9230,3.4299,0.0000,1,0.1071,0.1544,2.5812,0.0004
2.8400,IMM-UKF,jink,0.500,10.00,0.150,1,0.600,1,4.8583,3.9717,-0.8865,0.7864,0.2766,0.1538,0.1015,6.0000,4.9546,1.5073,16.4370,0.5327,14.3056,-41.7081,4.1128,-40.0125,4.2003,-40.2589,11.4468,-40.0156,31.9411,-36.9296,-10.1928,1.6956,-10.1053,1.4491,-2.8587,1.6925,26,0.1600,26,0,0.9665,0.0283,0.0052,0.2588,3.9317,0.2485,4.9638,3.3705,0.0000,1,0.1071,0.1544,2.6796,0.0004
2.8500,IMM-UKF,jink,0.500,10.00,0.150,1,0.600,1,4.8656,3.9993,-0.8663,0.8062,0.2766,0.1538,0.1014,6.0000,4.9546,1.5076,18.3143,0.5329,15.0593,-41.6661,4.1128,-40.0125,4.2003,-40.2589,12.0189,-39.6570,31.9391,-35.7711,-10.9466,1.6536,-10.8590,1.4072,-3.0404,2.0091,26,0.1700,26,0,0.9665,0.0283,0.0052,0.1908,3.7622,0.2229,5.0039,3.3107,0.0000,1,0.1071,0.1544,2.6796,0.0004
2.8600,IMM-UKF,jink,0.500,10.00,0.150,1,0.600,1,4.8742,4.0293,-0.8449,0.8272,0.2766,0.1538,0.1014,6.0000,4.9546,1.5080,20.3246,0.5333,15.8215,-41.6067,4.1128,-40.0125,4.2003,-40.2589,12.5931,-39.2658,31.9492,-34.6392,-11.7087,1.5942,-11.6212,1.3478,-3.2284,2.3409,26,0.1800,26,0,0.9665,0.0283,0.0052,0.1218,3.5951,0.1973,5.0433,3.2504,0.0000,1,0.1071,0.1544,2.6796,0.0004
2.8700,IMM-UKF,jink,0.500,10.00,0.150,1,0.600,1,4.8841,4.0620,-0.8221,0.8493,0.2766,0.1538,0.1014,6.0000,4.9546,1.5086,22.4560,0.5338,16.5911,-41.5301,4.1128,-40.0125,4.2003,-40.2589,13.1683,-38.8439,31.9709,-33.5345,-12.4784,1.5176,-12.3908,1.2712,-3.4229,2.6862,26,0.1900,26,0,0.9665,0.0283,0.0052,0.0517,3.4302,0.1716,5.0819,3.1897,0.0000,1,0.1071,0.1544,2.6796,0.0004
2.8800,IMM-UKF,jink,0.500,10.00,0.150,1,0.600,1,4.8953,4.0972,-0.7981,0.8726,0.2766,0.1538,0.1013,6.0000,4.9546,1.5094,24.6962,0.5345,17.3673,-41.4364,4.1128,-40.0125,4.2003,-40.2589,13.7435,-38.3930,32.0037,-32.4572,-13.2545,1.4239,-13.1670,1.1775,-3.6238,3.0434,26,0.2000,26,0,0.9665,0.0283,0.0052,-0.0194,3.2677,0.1459,5.1198,3.1285,0.0000,1,0.1071,0.1544,2.6796,0.0004
2.8900,IMM-UKF,jink,0.500,10.00,0.150,1,0.600,1,4.9078,4.1351,-0.7727,0.8970,0.2766,0.1538,0.1013,6.0000,4.9546,1.5103,27.0335,0.5353,18.1488,-41.3258,4.1128,-40.0125,4.2003,-40.2589,14.3177,-37.9151,32.0470,-31.4077,-14.0361,1.3133,-13.9485,1.0669,-3.8311,3.4108,26,0.2100,26,0,0.9665,0.0283,0.0052,-0.0916,3.1074,0.1202,5.1570,3.0668,0.0000,1,0.1071,0.1544,2.6796,0.0004
2.9000,IMM-UKF,jink,0.500,10.00,0.150,1,0.600,1,4.9216,4.1756,-0.7460,0.9224,0.2766,0.1538,0.1012,6.0000,4.9546,1.5114,29.4562,0.5363,18.9349,-41.1986,4.1128,-40.0125,4.2003,-40.2589,14.8901,-37.4120,32.1006,-30.3859,-14.8221,1.1861,-14.7346,0.9397,-4.0448,3.7866,26,0.2200,26,0,0.9665,0.0283,0.0052,-0.1647,2.9494,0.0944,5.1934,3.0047,0.0000,1,0.1109,0.1528,2.6796,0.0014
2.9100,IMM-UKF,jink,0.500,10.00,0.150,1,0.600,1,4.9368,4.2187,-0.7180,0.9489,0.2766,0.1538,0.1012,6.0000,4.9546,1.5125,31.9535,0.5374,19.7245,-41.0550,4.1128,-40.0125,4.2003,-40.2589,15.4598,-36.8858,32.1638,-29.3917,-15.6117,1.0425,-15.5242,0.7961,-4.2646,4.1693,26,0.2300,26,0,0.9665,0.0283,0.0052,-0.2390,2.7936,0.0685,5.2291,2.9422,0.0000,1,0.1109,0.1528,2.6796,0.0014
2.9200,IMM-UKF,jink,0.500,10.00,0.150,1,0.600,1,4.9532,4.2646,-0.6886,0.9764,0.2766,0.1538,0.1011,6.0000,4.9546,1.5139,34.5146,0.5386,20.5166,-40.8954,4.1128,-40.0125,4.2003,-40.2589,16.0263,-36.3382,32.2364,-28.4250,-16.4039,0.8829,-16.3163,0.6364,-4.4903,4.5572,26,0.2400,26,0,0.9665,0.0283,0.0052,-0.3142,2.6399,0.0426,5.2640,2.8792,0.0000,1,0.1109,0.1528,2.6796,0.0014
2.9300,IMM-UKF,jink,0.500,10.00,0.150,1,0.600,1,4.9710,4.3132,-0.6578,1.0048,0.2766,0.1538,0.1011,6.0000,4.9546,1.5153,37.1292,0.5400,21.3104,-40.7199,4.1128,-40.0125,4.2003,-40.2589,16.5888,-35.7712,32.3179,-27.4853,-17.1976,0.7074,-17.1101,0.4610,-4.7216,4.9487,26,0.2500,26,0,0.9665,0.0283,0.0052,-0.3905,2.4884,0.0166,5.2982,2.8158,0.0000,1,0.1109,0.1528,2.6796,0.0014
2.9400,IMM-UKF,jink,0.500,10.00,0.150,1,0.600,1,4.9901,4.3645,-0.6256,1.0342,0.2766,0.1538,0.1010,6.0000,4.9546,1.5168,39.7874,0.5414,22.1048,-40.5290,4.1128,-40.0125,4.2003,-40.2589,17.1468,-35.1868,32.4079,-26.5723,-17.9921,0.5165,-17.9045,0.2701,-4.9580,5.3423,26,0.2600,26,0,0.9665,0.0283,0.0052,-0.4679,2.3390,-0.0094,5.3316,2.7521,0.0000,1,0.1109,0.1528,2.6796,0.0014
2.9500,IMM-UKF,jink,0.500,10.00,0.150,1,0.600,1,5.0105,3.7839,-1.2266,0.7572,0.2730,0.1614,0.1047,6.0000,4.5808,0.9405,20.8824,0.5429,22.8991,-40.3231,10.6974,-41.6542,10.8099,-41.7850,20.5662,-37.3477,40.5939,-24.6402,-12.2017,-1.3311,-12.0892,-1.4619,-2.3329,2.9754,27,0.1600,27,0,0.9774,0.0199,0.0027,-0.5463,2.1916,-0.0355,5.3643,2.6879,0.0000,1,0.1109,0.1528,2.7904,0.0014
2.9600,IMM-UKF,jink,0.500,10.00,0.150,1,0.600,1,5.0324,3.8192,-1.2132,0.7761,0.2730,0.1614,0.1046,6.0000,4.5808,0.9421,23.1357,0.5446,23.6923,-40.1025,10.6974,-41.6542,10.8099,-41.7850,21.2108,-36.7658,40.5651,-23.7331,-12.9950,-1.5516,-12.8825,-1.6824,-2.4815,3.3367,27,0.1700,27,0,0.9774,0.0199,0.0027,-0.6258,2.0463,-0.0617,5.3961,2.6233,0.0000,1,0.1109,0.1528,2.7904,0.0014
2.9700,IMM-UKF,jink,0.500,10.00,0.150,1,0.600,1,5.0555,3.8573,-1.1983,0.7961,0.2730,0.1614,0.1045,6.0000,4.5808,0.9438,25.4791,0.5463,24.4837,-39.8677,10.6974,-41.6542,10.8099,-41.7850,21.8470,-36.1584,40.5470,-22.8509,-13.7863,-1.7865,-13.6739,-1.9173,-2.6367,3.7093,27,0.1800,27,0,0.9774,0.0199,0.0027,-0.7063,1.9030,-0.0880,5.4272,2.5584,0.0000,1,0.1109,0.1528,2.7904,0.0014
2.9800,IMM-UKF,jink,0.500,10.00,0.150,1,0.600,1,5.0801,3.8982,-1.1819,0.8172,0.2730,0.1614,0.1045,6.0000,4.5808,0.9456,27.9014,0.5481,25.2725,-39.6191,10.6974,-41.6542,10.8099,-41.7850,22.4742,-35.5277,40.5394,-21.9931,-14.5751,-2.0351,-14.4626,-2.1659,-2.7983,4.0914,27,0.1900,27,0,0.9774,0.0199,0.0027,-0.7878,1.7617,-0.1144,5.4575,2.4931,0.0000,1,0.1109,0.1528,2.7904,0.0014
2.9900,IMM-UKF,jink,0.500,10.00,0.150,1,0.600,1,5.1060,3.9420,-1.1640,0.8394,0.2730,0.1614,0.1044,6.0000,4.5808,0.9473,30.3913,0.5499,26.0579,-39.3571,10.6974,-41.6542,10.8099,-41.7850,23.0918,-34.8758,40.5420,-21.1596,-15.3605,-2.2970,-15.2480,-2.4278,-2.9661,4.4813,27,0.2000,27,0,0.9774,0.0199,0.0027,-0.8705,1.6223,-0.1408,5.4870,2.4274,0.0000,1,0.1109,0.1528,2.7904,0.0014
3.0000,IMM-UKF,jink,0.500,10.00,0.150,1,0.600,1,5.1333,3.9887,-1.1446,0.8625,0.2730,0.1614,0.1044,6.0000,4.5808,0.9490,32.9382,0.5518,26.8392,-39.0823,10.6974,-41.6542,10.8099,-41.7850,23.6994,-34.2052,40.5543,-20.3498,-16.1418,-2.5718,-16.0293,-2.7026,-3.1398,4.8771,27,0.2100,27,0,0.9774,0.0199,0.0027,-0.9542,1.4848,-0.1674,5.5158,2.3614,0.0000,1,0.1109,0.1528,2.7904,0.0014
3.0100,IMM-UKF,jink,0.500,10.00,0.150,1,0.600,1,5.1620,4.0384,-1.1236,0.8867,0.2730,0.1614,0.1043,6.0000,4.5808,0.9508,35.5316,0.5536,27.6157,-38.7951,10.6974,-41.6542,10.8099,-41.7850,24.2968,-33.5179,40.5760,-19.5633,-16.9184,-2.8590,-16.8059,-2.9898,-3.3190,5.2773,27,0.2200,27,0,0.9774,0.0199,0.0027,-1.0389,1.3492,-0.1941,5.5437,2.2950,0.0000,1,0.1109,0.1528,2.7904,0.0014
3.0200,IMM-UKF,jink,0.500,10.00,0.150,1,0.600,1,5.1929,4.0911,-1.1018,0.9118,0.2730,0.1614,0.1034,6.0000,4.5808,0.9579,38.1009,0.5572,28.3693,-38.4896,10.6974,-41.6542,10.8099,-41.7850,24.8802,-32.8151,40.5996,-18.7981,-17.6719,-3.1646,-17.5594,-3.2954,-3.4891,5.6745,27,0.2300,27,0,0.9774,0.0199,0.0027,-1.1240,1.2148,-0.2212,5.5158,2.3614,0.0000,1,0.0876,0.1478,2.7904,0.0001
3.0300,IMM-UKF,jink,0.500,10.00,0.150,1,0.600,1,5.2258,4.1468,-1.0790,0.9379,0.2730,0.1614,0.1022,6.0000,4.5808,0.9651,40.6453,0.5611,29.1010,-38.1668,10.6974,-41.6542,10.8099,-41.7850,25.4491,-32.0988,40.6249,-18.0535,-18.4036,-3.4873,-18.2911,-3.6181,-3.6519,6.0680,27,0.2400,27,0,0.9774,0.0199,0.0027,-1.2094,1.0817,-0.2487,5.4870,2.4274,0.0000,1,0.0876,0.1478,2.7904,0.0001
3.0400,IMM-UKF,jink,0.500,10.00,0.150,1,0.600,1,5.2608,4.2056,-1.0552,0.9649,0.2730,0.1614,0.1008,6.0000,4.5808,0.9723,43.1596,0.5653,29.8102,-37.8280,10.6974,-41.6542,10.8099,-41.7850,26.0033,-31.3709,40.6516,-17.3286,-19.1129,-3.8262,-19.0004,-3.9570,-3.8070,6.4571,27,0.2500,27,0,0.9774,0.0199,0.0027,-1.2950,0.9497,-0.2766,5.4575,2.4931,0.0000,1,0.0876,0.1478,2.7904,0.0001
3.0500,IMM-UKF,jink,0.500,10.00,0.150,1,0.600,1,5.2979,4.2674,-1.0304,0.9929,0.2730,0.1614,0.0996,6.0000,4.5808,0.9721,45.6448,0.5683,30.4994,-37.4740,10.6974,-41.6542,10.8099,-41.7850,26.5424,-30.6330,40.6796,-16.6226,-19.8020,-4.1802,-19.6895,-4.3110,-3.9570,6.8410,27,0.2600,27,0,0.9774,0.0199,0.0027,-1.3810,0.8187,-0.3050,5.4272,2.5584,0.0000,1,0.0876,0.1478,2.7904,0.0001
3.0600,IMM-UKF,jink,0.500,10.00,0.150,1,0.600,1,5.3370,4.1368,-1.2002,0.7147,0.2777,0.1701,0.0936,6.0000,4.2205,1.1507,16.7078,0.5705,31.1660,-37.1060,18.9349,-41.1986,18.6930,-41.1242,28.6563,-35.1873,45.2717,-21.4710,-12.2311,-4.0926,-12.4730,-4.0182,-2.5097,1.9186,28,0.1600,28,0,0.9782,0.0190,0.0029,-1.4673,0.6888,-0.3339,5.3961,2.6233,0.0000,1,0.0876,0.1478,2.9014,0.0001
3.0700,IMM-UKF,jink,0.500,10.00,0.150,1,0.600,1,5.3782,4.1864,-1.1918,0.7349,0.2777,0.1701,0.0924,6.0000,4.2205,1.1514,17.9960,0.5732,31.8076,-36.7250,18.9349,-41.1986,18.6930,-41.1242,29.2300,-34.5696,45.2597,-20.7621,-12.8727,-4.4736,-13.1145,-4.3992,-2.5776,2.1555,28,0.1700,28,0,0.9782,0.0190,0.0029,-1.5539,0.5597,-0.3634,5.3643,2.6879,0.0000,1,0.0876,0.1478,2.9014,0.0001
3.0800,IMM-UKF,jink,0.500,10.00,0.150,1,0.600,1,5.4213,4.2388,-1.1826,0.7562,0.2777,0.1701,0.0912,6.0000,4.2205,1.1441,19.3138,0.5765,32.4238,-36.3319,18.9349,-41.1986,18.6930,-41.1242,29.7876,-33.9332,45.2479,-20.0653,-13.4889,-4.8667,-13.7307,-4.7923,-2.6362,2.3987,28,0.1800,28,0,0.9782,0.0190,0.0029,-1.6409,0.4315,-0.3937,5.3316,2.7521,0.0000,1,0.0876,0.1478,2.9014,0.0001
3.0900,IMM-UKF,jink,0.500,10.00,0.150,1,0.600,1,5.4665,4.2941,-1.1725,0.7787,0.2777,0.1701,0.0899,6.0000,4.2205,1.1372,20.6650,0.5798,33.0165,-35.9277,18.9349,-41.1986,18.6930,-41.1242,30.3287,-33.2800,45.2361,-19.3799,-14.0816,-5.2709,-14.3234,-5.1965,-2.6877,2.6477,28,0.1900,28,0,0.9782,0.0190,0.0029,-1.7281,0.3042,-0.4246,5.2982,2.8158,0.0000,1,0.0876,0.1478,2.9014,0.0001
3.1000,IMM-UKF,jink,0.500,10.00,0.150,1,0.600,1,5.5137,4.3522,-1.1614,0.8022,0.2777,0.1701,0.0885,6.0000,4.2205,1.1306,22.0469,0.5833,33.5858,-35.5132,18.9349,-41.1986,18.6930,-41.1242,30.8533,-32.6113,45.2243,-18.7055,-14.6509,-5.6854,-14.8928,-5.6109,-2.7325,2.9019,28,0.2000,28,0,0.9782,0.0190,0.0029,-1.8156,0.1776,-0.4564,5.2640,2.8792,0.0000,1,0.0876,0.1478,2.9014,0.0001
3.1100,IMM-UKF,jink,0.500,10.00,0.150,1,0.600,1,5.5628,4.4133,-1.1495,0.8267,0.2777,0.1701,0.0869,6.0000,4.2205,1.1244,23.4567,0.5866,34.1319,-35.0895,18.9349,-41.1986,18.6930,-41.1242,31.3611,-31.9288,45.2125,-18.0415,-15.1970,-6.1092,-15.4388,-6.0347,-2.7708,3.1607,28,0.2100,28,0,0.9782,0.0190,0.0029,-1.9034,0.0517,-0.4891,5.2291,2.9422,0.0000,1,0.0815,0.1516,2.9014,-0.0013
3.1200,IMM-UKF,jink,0.500,10.00,0.150,1,0.600,1,5.6139,4.4774,-1.1365,0.8523,0.2777,0.1701,0.0852,6.0000,4.2205,1.1187,24.8920,0.5899,34.6550,-34.6572,18.9349,-41.1986,18.6930,-41.1242,31.8521,-31.2337,45.2007,-17.3870,-15.7201,-6.5414,-15.9619,-6.4669,-2.8029,3.4236,28,0.2200,28,0,0.9782,0.0190,0.0029,-1.9915,-0.0736,-0.5229,5.1934,3.0047,0.0000,1,0.0815,0.1516,2.9014,-0.0013
3.1300,IMM-UKF,jink,0.500,10.00,0.150,1,0.600,1,5.6669,4.5444,-1.1226,0.8789,0.2777,0.1701,0.0833,6.0000,4.2205,1.1134,26.3507,0.5931,35.1553,-34.2174,18.9349,-41.1986,18.6930,-41.1242,32.3263,-30.5272,45.1887,-16.7413,-16.2204,-6.9812,-16.4623,-6.9068,-2.8290,3.6902,28,0.2300,28,0,0.9782,0.0190,0.0029,-2.0798,-0.1982,-0.5579,5.1570,3.0668,0.0000,1,0.0815,0.1516,2.9014,-0.0013
3.1400,IMM-UKF,jink,0.500,10.00,0.150,1,0.600,1,5.7219,4.6143,-1.1076,0.9064,0.2777,0.1701,0.0814,6.0000,4.2205,1.1084,27.8314,0.5962,35.6333,-33.7707,18.9349,-41.1986,18.6930,-41.1242,32.7839,-29.8104,45.1767,-16.1034,-16.6984,-7.4280,-16.9403,-7.3535,-2.8495,3.9602,28,0.2400,28,0,0.9782,0.0190,0.0029,-2.1684,-0.3223,-0.5942,5.1198,3.1285,0.0000,1,0.0815,0.1516,2.9014,-0.0013
3.1500,IMM-UKF,jink,0.500,10.00,0.150,1,0.600,1,5.7787,4.6872,-1.0915,0.9349,0.2777,0.1701,0.0793,6.0000,4.2205,1.1040,29.3333,0.5990,36.0894,-33.3178,18.9349,-41.1986,18.6930,-41.1242,33.2248,-29.0843,45.1644,-15.4721,-17.1545,-7.8808,-17.3963,-7.8064,-2.8645,4.2335,28,0.2500,28,0,0.9782,0.0190,0.0029,-2.2572,-0.4457,-0.6320,5.0819,3.1897,0.0000,1,0.0815,0.1516,2.9014,-0.0013
3.1600,IMM-UKF,jink,0.500,10.00,0.150,1,0.600,1,5.8374,4.7630,-1.0744,0.9642,0.2777,0.1701,0.0771,6.0000,4.2205,1.0999,30.8564,0.6017,36.5239,-32.8595,18.9349,-41.1986,18.6930,-41.1242,33.6495,-28.3494,45.1520,-14.8461,-17.5890,-8.3392,-17.8309,-8.2647,-2.8744,4.5100,28,0.2600,28,0,0.9782,0.0190,0.0029,-2.3462,-0.5686,-0.6717,5.0433,3.2504,0.0000,1,0.0815,0.1516,2.9014,-0.0013
3.1700,IMM-UKF,jink,0.500,10.00,0.150,1,0.600,1,5.8980,4.5589,-1.3391,0.7430,0.2763,0.1704,0.0763,6.0000,4.0729,0.5420,4.2683,0.6041,36.9374,-32.3963,28.3693,-38.4896,28.3580,-38.5732,36.8452,-31.6871,50.2421,-18.0066,-8.5681,-6.0933,-8.5794,-6.1769,-0.0921,0.7092,29,0.1500,29,0,0.9785,0.0188,0.0027,-2.4353,-0.6909,-0.7134,5.0039,3.3107,0.0000,1,0.0815,0.1516,3.0201,-0.0013
3.1800,IMM-UKF,jink,0.500,10.00,0.150,1,0.600,1,5.9604,4.6231,-1.3373,0.7625,0.2763,0.1704,0.0739,6.0000,4.0729,0.5437,5.2435,0.6063,37.3303,-31.9288,28.3693,-38.4896,28.3580,-38.5732,37.3053,-31.0526,50.1924,-17.3900,-8.9610,-6.5608,-8.9723,-6.6444,-0.0250,0.8762,29,0.1600,29,0,0.9785,0.0188,0.0027,-2.5244,-0.8126,-0.7576,4.9638,3.3705,0.0000,1,0.0815,0.1516,3.0201,-0.0013
3.1900,IMM-UKF,jink,0.500,10.00,0.150,1,0.600,1,6.0245,4.6898,-1.3348,0.7831,0.2763,0.1704,0.0715,6.0000,4.0729,0.5453,6.3145,0.6082,37.7031,-31.4576,28.3693,-38.4896,28.3580,-38.5732,37.7464,-30.4029,50.1424,-16.7727,-9.3338,-7.0320,-9.3452,-7.1156,0.0433,1.0547,29,0.1700,29,0,0.9785,0.0188,0.0027,-2.6129,-0.9329,-0.8046,4.9230,3.4299,0.0000,1,0.0815,0.1516,3.0201,-0.0013
3.2000,IMM-UKF,jink,0.500,10.00,0.150,1,0.600,1,6.0905,4.7587,-1.3318,0.8047,0.2763,0.1704,0.0690,6.0000,4.0729,0.5466,7.4639,0.6098,38.0564,-30.9832,28.3693,-38.4896,28.3580,-38.5732,38.1687,-29.7395,50.0931,-16.1550,-9.6871,-7.5064,-9.6985,-7.5900,0.1122,1.2437,29,0.1800,29,0,0.9785,0.0188,0.0027,-2.6999,-1.0510,-0.8545,4.8815,3.4887,0.0000,1,0.1015,0.1410,3.0201,0.0011
3.2100,IMM-UKF,jink,0.500,10.00,0.150,1,0.600,1,6.1581,4.8296,-1.3285,0.8274,0.2763,0.1704,0.0665,6.0000,4.0729,0.5477,8.6893,0.6112,38.3908,-30.5061,28.3693,-38.4896,28.3580,-38.5732,38.5725,-29.0626,50.0447,-15.5330,-10.0215,-7.9835,-10.0328,-8.0671,0.1817,1.4436,29,0.1900,29,0,0.9785,0.0188,0.0027,-2.7852,-1.1667,-0.9082,4.8393,3.5470,0.0000,1,0.1015,0.1410,3.0201,0.0011
3.2200,IMM-UKF,jink,0.500,10.00,0.150,1,0.600,1,6.2274,4.9023,-1.3251,0.8510,0.2763,0.1704,0.0639,6.0000,4.0729,0.5485,9.9950,0.6122,38.7067,-30.0267,28.3693,-38.4896,28.3580,-38.5732,38.9581,-28.3709,49.9977,-14.9017,-10.3374,-8.4629,-10.3487,-8.5465,0.2515,1.6557,29,0.2000,29,0,0.9785,0.0188,0.0027,-2.8683,-1.2795,-0.9668,4.7964,3.6048,0.0000,1,0.1015,0.1410,3.0201,0.0011
3.2300,IMM-UKF,jink,0.500,10.00,0.150,1,0.600,1,6.2983,4.9763,-1.3220,0.8756,0.2763,0.1704,0.0612,6.0000,4.0729,0.5491,11.3929,0.6130,39.0047,-29.5451,28.3693,-38.4896,28.3580,-38.5732,39.3261,-27.6625,49.9526,-14.2536,-10.6354,-8.9445,-10.6467,-9.0281,0.3214,1.8826,29,0.2100,29,0,0.9785,0.0188,0.0027,-2.9487,-1.3887,-1.0322,4.7528,3.6621,0.0000,1,0.1015,0.1410,3.0201,0.0011
3.2400,IMM-UKF,jink,0.500,10.00,0.150,1,0.600,1,6.3706,5.0508,-1.3198,0.9011,0.2763,0.1704,0.0585,6.0000,4.0729,0.5494,12.9055,0.6132,39.2857,-29.0615,28.3693,-38.4896,28.3580,-38.5732,39.6767,-26.9331,49.9106,-13.5770,-10.9164,-9.4281,-10.9277,-9.5117,0.3910,2.1283,29,0.2200,29,0,0.9785,0.0188,0.0027,-3.0250,-1.4930,-1.1069,4.7085,3.7189,0.0000,1,0.1015,0.1410,3.0201,0.0011
3.2500,IMM-UKF,jink,0.500,10.00,0.150,1,0.600,1,6.4442,5.1244,-1.3198,0.9275,0.2763,0.1704,0.0561,6.0000,4.0729,0.5496,14.5712,0.6120,39.5514,-28.5756,28.3693,-38.4896,28.3580,-38.5732,40.0102,-26.1758,49.8744,-12.8531,-11.1821,-9.9140,-11.1934,-9.9976,0.4589,2.3998,29,0.2300,29,0,0.9785,0.0188,0.0027,-3.0947,-1.5897,-1.1956,4.6635,3.7751,0.0000,1,0.1015,0.1410,3.0201,0.0011
3.2600,IMM-UKF,jink,0.500,10.00,0.150,1,0.600,1,6.5189,5.1940,-1.3249,0.9548,0.2763,0.1704,0.0536,6.0000,4.0729,0.5493,16.4511,0.6105,39.8008,-28.0870,28.3693,-38.4896,28.3580,-38.5732,40.3269,-25.3798,49.8500,-12.0509,-11.4315,-10.4026,-11.4428,-10.4862,0.5262,2.7072,29,0.2400,29,0,0.9785,0.0188,0.0027,-3.1517,-1.6719,-1.3063,4.6179,3.8308,0.0000,1,0.1015,0.1410,3.0201,0.0011
3.2700,IMM-UKF,jink,0.500,10.00,0.150,1,0.600,1,6.5940,5.1583,-1.4357,0.7941,0.2753,0.1692,0.0522,6.0000,4.2275,0.9691,9.7466,0.6094,40.0335,-27.5954,34.1319,-35.0895,34.1589,-35.2461,41.4560,-26.5711,51.0540,-12.5333,-5.9017,-7.4941,-5.8746,-7.6507,1.4224,1.0243,30,0.1600,30,0,0.9786,0.0179,0.0035,-3.1790,-1.7207,-1.4502,4.5716,3.8859,0.0000,1,0.1015,0.1410,3.1087,0.0011
3.2800,IMM-UKF,jink,0.500,10.00,0.150,1,0.600,1,6.6686,5.1997,-1.4689,0.8151,0.2753,0.1692,0.0500,6.0000,4.2275,0.9686,10.9268,0.6089,40.2499,-27.1034,34.1319,-35.0895,34.1589,-35.2461,41.7717,-25.8872,51.1399,-11.6940,-6.1180,-7.9860,-6.0910,-8.1426,1.5218,1.2162,30,0.1700,30,0,0.9786,0.0179,0.0035,-3.1368,-1.6919,-1.6151,4.5246,3.9405,0.0000,1,0.1015,0.1410,3.1087,0.0011
3.2900,IMM-UKF,jink,0.500,10.00,0.150,1,0.600,1,6.7419,5.2258,-1.5161,0.8373,0.2753,0.1692,0.0477,6.0000,4.2275,0.9681,11.5085,0.6083,40.4513,-26.6190,34.1319,-35.0895,34.1589,-35.2461,42.0767,-25.3686,51.3063,-11.1574,-6.3194,-8.4704,-6.2924,-8.6270,1.6254,1.2504,30,0.1800,30,0,0.9786,0.0179,0.0035,-3.0223,-1.5824,-1.7291,4.4770,3.9945,0.0000,1,0.1015,0.1410,3.1087,0.0011
3.3000,IMM-UKF,jink,0.500,10.00,0.150,1,0.600,1,6.8139,5.2467,-1.5672,0.8607,0.2753,0.1692,0.0455,6.0000,4.2275,0.9674,11.6564,0.6076,40.6385,-26.1475,34.1319,-35.0895,34.1589,-35.2461,42.3745,-24.9894,51.5068,-10.9006,-6.5067,-8.9419,-6.4796,-9.0985,1.7360,1.1582,30,0.1900,30,0,0.9786,0.0179,0.0035,-2.8824,-1.4444,-1.7855,4.4288,4.0480,0.0000,1,0.1015,0.1410,3.1087,0.0011
3.3100,IMM-UKF,jink,0.500,10.00,0.150,1,0.600,1,6.8845,5.2650,-1.6195,0.8852,0.2753,0.1692,0.0431,6.0000,4.2275,0.9667,11.6776,0.6069,40.8123,-25.6912,34.1319,-35.0895,34.1589,-35.2461,42.6665,-24.6950,51.7215,-10.8037,-6.6804,-9.3983,-6.6534,-9.5549,1.8542,0.9962,30,0.2000,30,0,0.9786,0.0179,0.0035,-2.7364,-1.2995,-1.8081,4.3799,4.1008,0.0000,1,0.0887,0.1538,3.1087,-0.0001
3.3200,IMM-UKF,jink,0.500,10.00,0.150,1,0.600,1,6.9537,5.2811,-1.6726,0.9109,0.2753,0.1692,0.0408,6.0000,4.2275,0.9658,11.7518,0.6060,40.9734,-25.2508,34.1319,-35.0895,34.1589,-35.2461,42.9537,-24.4587,51.9452,-10.8035,-6.8415,-9.8387,-6.8145,-9.9953,1.9803,0.7921,30,0.2100,30,0,0.9786,0.0179,0.0035,-2.5896,-1.1534,-1.8108,4.3303,4.1531,0.0000,1,0.0887,0.1538,3.1087,-0.0001
3.3300,IMM-UKF,jink,0.500,10.00,0.150,1,0.600,1,7.0216,5.2950,-1.7266,0.9376,0.2753,0.1692,0.0384,6.0000,4.2275,0.9649,11.9862,0.6050,41.1224,-24.8265,34.1319,-35.0895,34.1589,-35.2461,43.2368,-24.2675,52.1767,-10.8689,-6.9905,-10.2630,-6.9635,-10.4196,2.1143,0.5590,30,0.2200,30,0,0.9786,0.0179,0.0035,-2.4436,-1.0080,-1.8011,4.2802,4.2047,0.0000,1,0.0887,0.1538,3.1087,-0.0001
3.3400,IMM-UKF,jink,0.500,10.00,0.150,1,0.600,1,7.0882,5.3065,-1.7817,0.9653,0.2753,0.1692,0.0359,6.0000,4.2275,0.9638,12.4451,0.6040,41.2600,-24.4182,34.1319,-35.0895,34.1589,-35.2461,43.5165,-24.1144,52.4156,-10.9832,-7.1281,-10.6712,-7.1011,-10.8278,2.2565,0.3038,30,0.2300,30,0,0.9786,0.0179,0.0035,-2.2991,-0.8639,-1.7828,4.2294,4.2558,0.0000,1,0.0887,0.1538,3.1087,-0.0001
3.3500,IMM-UKF,jink,0.500,10.00,0.150,1,0.600,1,7.1535,5.5801,-1.5734,0.8283,0.2753,0.1672,0.0335,6.0000,4.4423,1.4366,9.4735,0.6028,41.3868,-24.0258,38.0564,-30.9832,37.9566,-31.2076,42.4485,-25.2810,49.8653,-13.4867,-3.3303,-6.9574,-3.4302,-7.1818,1.0618,-1.2552,31,0.1500,31,0,0.9760,0.0204,0.0036,-2.1561,-0.7212,-1.7584,4.1781,4.3063,0.0000,1,0.0887,0.1538,3.2011,-0.0001
3.3600,IMM-UKF,jink,0.500,10.00,0.150,1,0.600,1,7.2174,5.6061,-1.6113,0.8493,0.2753,0.1672,0.0310,6.0000,4.4423,1.4354,10.8396,0.6016,41.5032,-23.6487,38.0564,-30.9832,37.9566,-31.2076,42.6719,-25.1144,50.0348,-13.6645,-3.4467,-7.3345,-3.5466,-7.5589,1.1687,-1.4657,31,0.1600,31,0,0.9760,0.0204,0.0036,-2.0148,-0.5801,-1.7296,4.1261,4.3561,0.0000,1,0.0887,0.1538,3.2011,-0.0001
3.3700,IMM-UKF,jink,0.500,10.00,0.150,1,0.600,1,7.2801,5.6294,-1.6506,0.8714,0.2753,0.1672,0.0285,6.0000,4.4423,1.4342,12.2920,0.6003,41.6097,-23.2867,38.0564,-30.9832,37.9566,-31.2076,42.8913,-24.9752,50.2092,-13.8680,-3.5533,-7.6966,-3.6531,-7.9210,1.2816,-1.6885,31,0.1700,31,0,0.9760,0.0204,0.0036,-1.8752,-0.4405,-1.6973,4.0735,4.4053,0.0000,1,0.0887,0.1538,3.2011,-0.0001
3.3800,IMM-UKF,jink,0.500,10.00,0.150,1,0.600,1,7.3413,5.6501,-1.6913,0.8944,0.2753,0.1672,0.0283,6.0000,4.4423,1.4545,13.7957,0.5938,41.7171,-22.9391,38.0564,-30.9832,37.9566,-31.2076,43.1074,-24.8621,50.3889,-14.0949,-3.6606,-8.0441,-3.7605,-8.2685,1.3903,-1.9229,31,0.1800,31,0,0.9760,0.0204,0.0036,-1.7373,-0.3024,-1.6625,4.0204,4.4538,0.0000,1,0.0887,0.1538,3.2011,-0.0001
3.3900,IMM-UKF,jink,0.500,10.00,0.150,1,0.600,1,7.4013,5.6681,-1.7331,0.9185,0.2753,0.1672,0.0283,6.0000,4.4423,1.4768,15.3785,0.5917,41.8158,-22.6059,38.0564,-30.9832,37.9566,-31.2076,43.3206,-24.7743,50.5742,-14.3438,-3.7593,-8.3773,-3.8592,-8.6017,1.5049,-2.1684,31,0.1900,31,0,0.9760,0.0204,0.0036,-1.6011,-0.1657,-1.6255,3.9666,4.5018,0.0000,1,0.0887,0.1538,3.2011,-0.0001
3.4000,IMM-UKF,jink,0.500,10.00,0.150,1,0.600,1,7.4598,5.6836,-1.7763,0.9435,0.2753,0.1672,0.0286,6.0000,4.4423,1.4953,17.0452,0.5932,41.9038,-22.2865,38.0564,-30.9832,37.9566,-31.2076,43.5317,-24.7109,50.7655,-14.6136,-3.8473,-8.6968,-3.9472,-8.9212,1.6279,-2.4244,31,0.2000,31,0,0.9760,0.0204,0.0036,-1.4665,-0.0305,-1.5869,3.9123,4.5490,0.0000,1,0.0831,0.1455,3.2011,-0.0012
3.4100,IMM-UKF,jink,0.500,10.00,0.150,1,0.600,1,7.5170,5.6965,-1.8205,0.9696,0.2753,0.1672,0.0310,6.0000,4.4423,1.4916,18.8139,0.5900,41.9745,-21.9802,38.0564,-30.9832,37.9566,-31.2076,43.7411,-24.6713,50.9632,-14.9036,-3.9180,-9.0030,-4.0179,-9.2274,1.7666,-2.6910,31,0.2100,31,0,0.9760,0.0204,0.0036,-1.3335,0.1033,-1.5470,3.8575,4.5957,0.0000,1,0.0831,0.1455,3.2011,-0.0012
3.4200,IMM-UKF,jink,0.500,10.00,0.150,1,0.600,1,7.5728,5.7069,-1.8660,0.9966,0.2753,0.1672,0.0334,6.0000,4.4423,1.4881,20.6578,0.5868,42.0372,-21.6868,38.0564,-30.9832,37.9566,-31.2076,43.9492,-24.6548,51.1678,-15.2136,-3.9808,-9.2964,-4.0807,-9.5208,1.9120,-2.9680,31,0.2200,31,0,0.9760,0.0204,0.0036,-1.2021,0.2358,-1.5061,3.8020,4.6416,0.0000,1,0.0831,0.1455,3.2011,-0.0012
3.4300,IMM-UKF,jink,0.500,10.00,0.150,1,0.600,1,7.6273,5.7148,-1.9125,1.0245,0.2753,0.1672,0.0356,6.0000,4.4423,1.4847,22.5765,0.5838,42.0923,-21.4057,38.0564,-30.9832,37.9566,-31.2076,44.1568,-24.6609,51.3798,-15.5431,-4.0359,-9.5775,-4.1358,-9.8019,2.0644,-3.2552,31,0.2300,31,0,0.9760,0.0204,0.0036,-1.0724,0.3669,-1.4643,3.7461,4.6869,0.0000,1,0.0831,0.1455,3.2011,-0.0012
3.4400,IMM-UKF,jink,0.500,10.00,0.150,1,0.600,1,7.6803,5.7202,-1.9600,1.0534,0.2753,0.1672,0.0378,6.0000,4.4423,1.4813,24.5703,0.5809,42.1401,-21.1366,38.0564,-30.9832,37.9566,-31.2076,44.3641,-24.6892,51.5996,-15.8922,-4.0837,-9.8466,-4.1835,-10.0710,2.2240,-3.5525,31,0.2400,31,0,0.9760,0.0204,0.0036,-0.9442,0.4968,-1.4219,3.6895,4.7315,0.0000,1,0.0831,0.1455,3.2011,-0.0012
3.4500,IMM-UKF,jink,0.500,10.00,0.150,1,0.600,1,7.7319,5.7233,-2.0086,1.0831,0.2753,0.1672,0.0399,6.0000,4.4423,1.4781,26.6399,0.5780,42.1807,-20.8791,38.0564,-30.9832,37.9566,-31.2076,44.5717,-24.7392,51.8278,-16.2609,-4.1243,-10.1041,-4.2241,-10.3285,2.3910,-3.8601,31,0.2500,31,0,0.9760,0.0204,0.0036,-0.8176,0.6254,-1.3789,3.6325,4.7754,0.0000,1,0.0831,0.1455,3.2011,-0.0012
3.4600,IMM-UKF,jink,0.500,10.00,0.150,1,0.600,1,7.7820,5.7240,-2.0580,1.1138,0.2753,0.1672,0.0419,6.0000,4.4423,1.4749,28.7861,0.5752,42.2144,-20.6328,38.0564,-30.9832,37.9566,-31.2076,44.7802,-24.8107,52.0650,-16.6494,-4.1580,-10.3505,-4.2579,-10.5748,2.5657,-4.1779,31,0.2600,31,0,0.9760,0.0204,0.0036,-0.6925,0.7528,-1.3355,3.5749,4.8187,0.0000,1,0.0831,0.1455,3.2011,-0.0012
3.4700,IMM-UKF,jink,0.500,10.00,0.150,1,0.600,1,7.8308,6.1635,-1.6673,0.9662,0.2694,0.1608,0.0498,6.0000,4.9782,0.6825,12.7349,0.5726,42.2415,-20.3973,40.8123,-25.6912,40.8330,-25.5827,43.7402,-22.0023,49.1361,-14.1750,-1.4292,-5.2939,-1.4085,-5.1854,1.4987,-1.6050,32,0.1600,32,0,0.9745,0.0218,0.0037,-0.5690,0.8790,-1.2918,3.5169,4.8612,0.0000,1,0.0831,0.1455,3.3099,-0.0012
3.4800,IMM-UKF,jink,0.500,10.00,0.150,1,0.600,1,7.8781,6.1799,-1.6982,0.9892,0.2694,0.1608,0.0517,6.0000,4.9782,0.6848,14.0452,0.5700,42.2622,-20.1723,40.8123,-25.6912,40.8330,-25.5827,43.8892,-21.9617,49.2836,-14.4533,-1.4499,-5.5188,-1.4292,-5.4103,1.6270,-1.7894,32,0.1700,32,0,0.9745,0.0218,0.0037,-0.4470,1.0040,-1.2479,3.4583,4.9031,0.0000,1,0.0831,0.1455,3.3099,-0.0012
3.4900,IMM-UKF,jink,0.500,10.00,0.150,1,0.600,1,7.9240,6.1938,-1.7302,1.0131,0.2694,0.1608,0.0536,6.0000,4.9782,0.6870,15.4179,0.5675,42.2766,-19.9576,40.8123,-25.6912,40.8330,-25.5827,44.0376,-21.9399,49.4365,-14.7461,-1.4643,-5.7336,-1.4436,-5.6251,1.7610,-1.9824,32,0.1800,32,0,0.9745,0.0218,0.0037,-0.3265,1.1279,-1.2039,3.3992,4.9442,0.0000,1,0.0948,0.1572,3.3099,-0.0009
3.5000,IMM-UKF,jink,0.500,10.00,0.150,1,0.600,1,7.9684,6.2051,-1.7633,1.0380,0.2694,0.1608,0.0553,6.0000,4.9782,0.6891,16.8533,0.5651,42.2849,-19.7527,40.8123,-25.6912,40.8330,-25.5827,44.1859,-21.9365,49.5952,-15.0537,-1.4726,-5.9385,-1.4519,-5.8300,1.9010,-2.1839,32,0.1900,32,0,0.9745,0.0218,0.0037,-0.2074,1.2507,-1.1597,3.3396,4.9847,0.0000,1,0.0948,0.1572,3.3099,-0.0009
3.5100,IMM-UKF,jink,0.500,10.00,0.150,1,0.600,1,8.0114,6.2140,-1.7975,1.0637,0.2694,0.1608,0.0570,6.0000,4.9782,0.6912,18.3514,0.5628,42.2874,-19.5573,40.8123,-25.6912,40.8330,-25.5827,44.3344,-21.9511,49.7600,-15.3762,-1.4750,-6.1338,-1.4543,-6.0253,2.0471,-2.3938,32,0.2000,32,0,0.9745,0.0218,0.0037,-0.0899,1.3724,-1.1156,3.2796,5.0244,0.0000,1,0.0948,0.1572,3.3099,-0.0009
3.5200,IMM-UKF,jink,0.500,10.00,0.150,1,0.600,1,8.0530,6.2204,-1.8326,1.0902,0.2694,0.1608,0.0587,6.0000,4.9782,0.6932,19.9127,0.5606,42.2840,-19.3713,40.8123,-25.6912,40.8330,-25.5827,44.4834,-21.9834,49.9313,-15.7139,-1.4717,-6.3199,-1.4510,-6.2114,2.1994,-2.6122,32,0.2100,32,0,0.9745,0.0218,0.0037,0.0261,1.4931,-1.0714,3.2190,5.0634,0.0000,1,0.0948,0.1572,3.3099,-0.0009
3.5300,IMM-UKF,jink,0.500,10.00,0.150,1,0.600,1,8.0931,6.2245,-1.8686,1.1177,0.2694,0.1608,0.0604,6.0000,4.9782,0.6952,21.5359,0.5587,42.2757,-19.1943,40.8123,-25.6912,40.8330,-25.5827,44.6333,-22.0332,50.1095,-16.0670,-1.4633,-6.4969,-1.4426,-6.3884,2.3577,-2.8389,32,0.2200,32,0,0.9745,0.0218,0.0037,0.1407,1.6126,-1.0273,3.1580,5.1016,0.0000,1,0.0948,0.1572,3.3099,-0.0009
3.5400,IMM-UKF,jink,0.500,10.00,0.150,1,0.600,1,8.1317,6.2262,-1.9055,1.1460,0.2694,0.1608,0.0622,6.0000,4.9782,0.6972,23.2221,0.5572,42.2622,-19.0260,40.8123,-25.6912,40.8330,-25.5827,44.7844,-22.1002,50.2951,-16.4359,-1.4499,-6.6652,-1.4292,-6.5567,2.5222,-3.0742,32,0.2300,32,0,0.9745,0.0218,0.0037,0.2538,1.7312,-0.9833,3.0966,5.1392,0.0000,1,0.0948,0.1572,3.3099,-0.0009
3.5500,IMM-UKF,jink,0.500,10.00,0.150,1,0.600,1,8.1689,6.6376,-1.5313,1.0500,0.2652,0.1556,0.0681,6.0000,5.6369,1.4435,11.6313,0.5557,42.2435,-18.8663,41.9038,-22.2865,42.1528,-22.2300,44.0224,-19.8464,48.0524,-13.7674,-0.3397,-3.4202,-0.0907,-3.3638,1.7789,-0.9802,33,0.1500,33,0,0.9648,0.0293,0.0059,0.3655,1.8488,-0.9394,3.0347,5.1760,0.0000,1,0.0948,0.1572,3.3988,-0.0009
3.5600,IMM-UKF,jink,0.500,10.00,0.150,1,0.600,1,8.2046,6.6521,-1.5525,1.0727,0.2652,0.1556,0.0698,6.0000,5.6369,1.4423,12.6820,0.5529,42.2192,-18.7150,41.9038,-22.2865,42.1528,-22.2300,44.1316,-19.8249,48.1737,-14.0321,-0.3155,-3.5714,-0.0664,-3.5150,1.9123,-1.1098,33,0.1600,33,0,0.9648,0.0293,0.0059,0.4757,1.9654,-0.8956,2.9724,5.2120,0.0000,1,0.0948,0.1572,3.3988,-0.0009
3.5700,IMM-UKF,jink,0.500,10.00,0.150,1,0.600,1,8.2389,6.6641,-1.5748,1.0963,0.2652,0.1556,0.0716,6.0000,5.6369,1.4450,13.7912,0.5484,42.1892,-18.5720,41.9038,-22.2865,42.1528,-22.2300,44.2412,-19.8187,48.3000,-14.3089,-0.2854,-3.7144,-0.0364,-3.6580,2.0520,-1.2466,33,0.1700,33,0,0.9648,0.0293,0.0059,0.5845,2.0810,-0.8520,2.9096,5.2473,0.0000,1,0.0948,0.1572,3.3988,-0.0009
3.5800,IMM-UKF,jink,0.500,10.00,0.150,1,0.600,1,8.2717,6.6738,-1.5979,1.1207,0.2652,0.1556,0.0734,6.0000,5.6369,1.4477,14.9566,0.5442,42.1542,-18.4369,41.9038,-22.2865,42.1528,-22.2300,44.3516,-19.8275,48.4316,-14.5979,-0.2504,-3.8496,-0.0014,-3.7931,2.1974,-1.3906,33,0.1800,33,0,0.9648,0.0293,0.0059,0.6919,2.1957,-0.8086,2.8464,5.2818,0.0000,1,0.0948,0.1572,3.3988,-0.0009
3.5900,IMM-UKF,jink,0.500,10.00,0.150,1,0.600,1,8.3031,6.6810,-1.6220,1.1459,0.2652,0.1556,0.0752,6.0000,5.6369,1.4503,16.1787,0.5402,42.1142,-18.3094,41.9038,-22.2865,42.1528,-22.2300,44.4629,-19.8512,48.5687,-14.8993,-0.2104,-3.9771,0.0386,-3.9207,2.3487,-1.5419,33,0.1900,33,0,0.9648,0.0293,0.0059,0.7979,2.3095,-0.7654,2.7829,5.3156,0.0000,1,0.0974,0.1557,3.3988,-0.0017
3.6000,IMM-UKF,jink,0.500,10.00,0.150,1,0.600,1,8.3330,6.6860,-1.6470,1.1720,0.2652,0.1556,0.0769,6.0000,5.6369,1.4528,17.4579,0.5364,42.0694,-18.1893,41.9038,-22.2865,42.1528,-22.2300,44.5756,-19.8895,48.7118,-15.2135,-0.1657,-4.0972,0.0834,-4.0408,2.5061,-1.7002,33,0.2000,33,0,0.9648,0.0293,0.0059,0.9025,2.4224,-0.7225,2.7189,5.3486,0.0000,1,0.0974,0.1557,3.3988,-0.0017
3.6100,IMM-UKF,jink,0.500,10.00,0.150,1,0.600,1,8.3614,6.6887,-1.6727,1.1989,0.2652,0.1556,0.0785,6.0000,5.6369,1.4553,18.7945,0.5329,42.0199,-18.0765,41.9038,-22.2865,42.1528,-22.2300,44.6897,-19.9421,48.8613,-15.5405,-0.1161,-4.2100,0.1329,-4.1536,2.6698,-1.8657,33,0.2100,33,0,0.9648,0.0293,0.0059,1.0056,2.5344,-0.6798,2.6545,5.3809,0.0000,1,0.0974,0.1557,3.3988,-0.0017
3.6200,IMM-UKF,jink,0.500,10.00,0.150,1,0.600,1,8.3884,6.6892,-1.6992,1.2266,0.2652,0.1556,0.0801,6.0000,5.6369,1.4577,20.1891,0.5295,41.9657,-17.9707,41.9038,-22.2865,42.1528,-22.2300,44.8057,-20.0089,49.0174,-15.8808,-0.0620,-4.3157,0.1871,-4.2593,2.8400,-2.0382,33,0.2200,33,0,0.9648,0.0293,0.0059,1.1074,2.6455,-0.6373,2.5897,5.4123,0.0000,1,0.0974,0.1557,3.3988,-0.0017
3.6300,IMM-UKF,jink,0.500,10.00,0.150,1,0.600,1,8.4139,6.6874,-1.7265,1.2551,0.2652,0.1556,0.0816,6.0000,5.6369,1.4601,21.6427,0.5263,41.9069,-17.8719,41.9038,-22.2865,42.1528,-22.2300,44.9237,-20.0898,49.1807,-16.2347,-0.0032,-4.4145,0.2459,-4.3581,3.0168,-2.2178,33,0.2300,33,0,0.9648,0.0293,0.0059,1.2078,2.7558,-0.5951,2.5246,5.4430,0.0000,1,0.0974,0.1557,3.3988,-0.0017
3.6400,IMM-UKF,jink,0.500,10.00,0.150,1,0.600,1,8.4380,6.6836,-1.7544,1.2844,0.2652,0.1556,0.0830,6.0000,5.6369,1.4624,23.1558,0.5234,41.8436,-17.7799,41.9038,-22.2865,42.1528,-22.2300,45.0440,-20.1845,49.3515,-16.6024,0.0602,-4.5066,0.3092,-4.4501,3.2004,-2.4046,33,0.2400,33,0,0.9648,0.0293,0.0059,1.3068,2.8652,-0.5532,2.4591,5.4729,0.0000,1,0.0974,0.1557,3.3988,-0.0017
3.6500,IMM-UKF,jink,0.500,10.00,0.150,1,0.600,1,8.4607,7.0360,-1.4247,1.1881,0.2636,0.1518,0.0861,6.0000,6.1207,0.3542,9.6704,0.5206,41.7758,-17.6945,42.2766,-19.9576,42.3354,-19.9490,43.2691,-18.4670,44.9803,-14.6327,0.5008,-2.2631,0.5596,-2.2545,1.4933,-0.7725,34,0.1600,34,0,0.9557,0.0371,0.0072,1.4044,2.9738,-0.5115,2.3933,5.5020,0.0000,1,0.0974,0.1557,3.4891,-0.0017
3.6600,IMM-UKF,jink,0.500,10.00,0.150,1,0.600,1,8.4819,7.0422,-1.4396,1.2121,0.2636,0.1518,0.0874,6.0000,6.1207,0.3563,10.5739,0.5180,41.7036,-17.6156,42.2766,-19.9576,42.3354,-19.9490,43.3165,-18.4936,45.0471,-14.9191,0.5730,-2.3419,0.6318,-2.3334,1.6129,-0.8780,34,0.1700,34,0,0.9557,0.0371,0.0072,1.5007,3.0816,-0.4702,2.3271,5.5304,0.0000,1,0.0974,0.1557,3.4891,-0.0017
3.6700,IMM-UKF,jink,0.500,10.00,0.150,1,0.600,1,8.5017,7.0463,-1.4554,1.2369,0.2636,0.1518,0.0887,6.0000,6.1207,0.3584,11.5286,0.5157,41.6270,-17.5431,42.2766,-19.9576,42.3354,-19.9490,43.3652,-18.5329,45.1183,-15.2171,0.6496,-2.4144,0.7084,-2.4059,1.7382,-0.9898,34,0.1800,34,0,0.9557,0.0371,0.0072,1.5956,3.1887,-0.4292,2.2605,5.5579,0.0000,1,0.0974,0.1557,3.4891,-0.0017
3.6800,IMM-UKF,jink,0.500,10.00,0.150,1,0.600,1,8.5200,7.0482,-1.4718,1.2624,0.2636,0.1518,0.0900,6.0000,6.1207,0.3605,12.5347,0.5135,41.5461,-17.4769,42.2766,-19.9576,42.3354,-19.9490,43.4154,-18.5846,45.1940,-15.5267,0.7305,-2.4807,0.7894,-2.4721,1.8694,-1.1078,34,0.1900,34,0,0.9557,0.0371,0.0072,1.6891,3.2949,-0.3884,2.1937,5.5846,0.0000,1,0.0974,0.1557,3.4891,-0.0017
3.6900,IMM-UKF,jink,0.500,10.00,0.150,1,0.600,1,8.5369,7.0479,-1.4890,1.2887,0.2636,0.1518,0.0912,6.0000,6.1207,0.3624,13.5925,0.5115,41.4608,-17.4168,42.2766,-19.9576,42.3354,-19.9490,43.4673,-18.6487,45.2745,-15.8483,0.8158,-2.5408,0.8746,-2.5322,2.0065,-1.2319,34,0.2000,34,0,0.9557,0.0371,0.0072,1.7813,3.4004,-0.3480,2.1265,5.6105,0.0000,1,0.0840,0.1560,3.4891,-0.0015
3.7000,IMM-UKF,jink,0.500,10.00,0.150,1,0.600,1,8.5524,7.0455,-1.5069,1.3158,0.2636,0.1518,0.0924,6.0000,6.1207,0.3644,14.7027,0.5096,41.3714,-17.3627,42.2766,-19.9576,42.3354,-19.9490,43.5211,-18.7249,45.3603,-16.1822,0.9052,-2.5949,0.9640,-2.5863,2.1497,-1.3622,34,0.2100,34,0,0.9557,0.0371,0.0072,1.8721,3.5052,-0.3079,2.0590,5.6356,0.0000,1,0.0840,0.1560,3.4891,-0.0015
3.7100,IMM-UKF,jink,0.500,10.00,0.150,1,0.600,1,8.5665,7.0410,-1.5255,1.3437,0.2636,0.1518,0.0935,6.0000,6.1207,0.3662,15.8655,0.5079,41.2777,-17.3146,42.2766,-19.9576,42.3354,-19.9490,43.5770,-18.8132,45.4516,-16.5285,0.9989,-2.6430,1.0577,-2.6344,2.2993,-1.4987,34,0.2200,34,0,0.9557,0.0371,0.0072,1.9616,3.6092,-0.2682,1.9912,5.6599,0.0000,1,0.0840,0.1560,3.4891,-0.0015
3.7200,IMM-UKF,jink,0.500,10.00,0.150,1,0.600,1,8.5792,7.0346,-1.5446,1.3723,0.2636,0.1518,0.0946,6.0000,6.1207,0.3680,17.0817,0.5065,41.1798,-17.2723,42.2766,-19.9576,42.3354,-19.9490,43.6352,-18.9136,45.5487,-16.8877,1.0968,-2.6853,1.1556,-2.6767,2.4553,-1.6413,34,0.2300,34,0,0.9557,0.0371,0.0072,2.0498,3.7125,-0.2288,1.9232,5.6834,0.0000,1,0.0840,0.1560,3.4891,-0.0015
3.7300,IMM-UKF,jink,0.500,10.00,0.150,1,0.600,1,8.5904,7.0261,-1.5643,1.4017,0.2636,0.1518,0.0956,6.0000,6.1207,0.3697,18.3519,0.5052,41.0778,-17.2357,42.2766,-19.9576,42.3354,-19.9490,43.6958,-19.0258,45.6522,-17.2600,1.1988,-2.7218,1.2576,-2.7133,2.6180,-1.7900,34,0.2400,34,0,0.9557,0.0371,0.0072,2.1366,3.8151,-0.1897,1.8548,5.7061,0.0000,1,0.0840,0.1560,3.4891,-0.0015
3.7400,IMM-UKF,jink,0.500,10.00,0.150,1,0.600,1,8.6003,7.0157,-1.5846,1.4319,0.2636,0.1518,0.0966,6.0000,6.1207,0.3714,19.6770,0.5041,40.9716,-17.2049,42.2766,-19.9576,42.3354,-19.9490,43.7592,-19.1499,45.7623,-17.6458,1.3050,-2.7527,1.3638,-2.7441,2.7876,-1.9450,34,0.2500,34,0,0.9557,0.0371,0.0072,2.2221,3.9171,-0.1509,1.7862,5.7279,0.0000,1,0.0840,0.1560,3.4891,-0.0015
3.7500,IMM-UKF,jink,0.500,10.00,0.150,1,0.600,1,8.6088,7.1695,-1.4393,1.2990,0.2622,0.1477,0.0990,6.0000,6.2553,0.8932,9.4375,0.5031,40.8613,-17.1796,42.1142,-18.3094,42.1628,-18.4558,42.3202,-17.9232,42.2439,-16.4421,1.2529,-1.1297,1.3015,-1.2762,1.4589,-0.7436,35,0.1600,35,0,0.9600,0.0344,0.0057,2.3062,4.0183,-0.1125,1.7174,5.7490,0.0000,1,0.0840,0.1560,3.5883,-0.0015
3.7600,IMM-UKF,jink,0.500,10.00,0.150,1,0.600,1,8.6159,7.1662,-1.4497,1.3231,0.2622,0.1477,0.0999,6.0000,6.2553,0.8930,10.3102,0.5023,40.7468,-17.1599,42.1142,-18.3094,42.1628,-18.4558,42.3278,-17.9950,42.2746,-16.7722,1.3674,-1.1494,1.4160,-1.2959,1.5810,-0.8350,35,0.1700,35,0,0.9600,0.0344,0.0057,2.3891,4.1189,-0.0744,1.6483,5.7692,0.0000,1,0.0840,0.1560,3.5883,-0.0015
3.7700,IMM-UKF,jink,0.500,10.00,0.150,1,0.600,1,8.6216,7.1609,-1.4607,1.3480,0.2622,0.1477,0.1008,6.0000,6.2553,0.8930,11.2314,0.5017,40.6283,-17.1457,42.1142,-18.3094,42.1628,-18.4558,42.3374,-18.0779,42.3096,-17.1146,1.4859,-1.1637,1.5345,-1.3101,1.7091,-0.9322,35,0.1800,35,0,0.9600,0.0344,0.0057,2.4706,4.2189,-0.0367,1.5789,5.7885,0.0000,1,0.0840,0.1560,3.5883,-0.0015
3.7800,IMM-UKF,jink,0.500,10.00,0.150,1,0.600,1,8.6259,7.1536,-1.4723,1.3736,0.2622,0.1477,0.1016,6.0000,6.2553,0.8931,12.2016,0.5012,40.5057,-17.1369,42.1142,-18.3094,42.1628,-18.4558,42.3490,-18.1721,42.3493,-17.4697,1.6085,-1.1725,1.6571,-1.3190,1.8433,-1.0352,35,0.1900,35,0,0.9600,0.0344,0.0057,2.5508,4.3182,0.0007,1.5094,5.8071,0.0000,1,0.0804,0.1492,3.5883,0.0005
3.7900,IMM-UKF,jink,0.500,10.00,0.150,1,0.600,1,8.6289,7.1444,-1.4845,1.3999,0.2622,0.1477,0.1024,6.0000,6.2553,0.8934,13.2217,0.5009,40.3790,-17.1334,42.1142,-18.3094,42.1628,-18.4558,42.3629,-18.2772,42.3940,-17.8376,1.7352,-1.1760,1.7839,-1.3224,1.9840,-1.1438,35,0.2000,35,0,0.9600,0.0344,0.0057,2.6297,4.4169,0.0377,1.4396,5.8247,0.0000,1,0.0804,0.1492,3.5883,0.0005
3.8000,IMM-UKF,jink,0.500,10.00,0.150,1,0.600,1,8.6305,7.1333,-1.4972,1.4269,0.2622,0.1477,0.1031,6.0000,6.2553,0.8938,14.2924,0.5007,40.2482,-17.1353,42.1142,-18.3094,42.1628,-18.4558,42.3793,-18.3934,42.4440,-18.2188,1.8661,-1.1741,1.9147,-1.3206,2.1311,-1.2582,35,0.2100,35,0,0.9600,0.0344,0.0057,2.7073,4.5150,0.0744,1.3696,5.8416,0.0000,1,0.0804,0.1492,3.5883,0.0005
3.8100,IMM-UKF,jink,0.500,10.00,0.150,1,0.600,1,8.6308,7.1203,-1.5104,1.4547,0.2622,0.1477,0.1038,6.0000,6.2553,0.8944,15.4145,0.5008,40.1133,-17.1424,42.1142,-18.3094,42.1628,-18.4558,42.3983,-18.5206,42.4998,-18.6136,2.0009,-1.1670,2.0496,-1.3135,2.2850,-1.3782,35,0.2200,35,0,0.9600,0.0344,0.0057,2.7836,4.6124,0.1107,1.2994,5.8576,0.0000,1,0.0804,0.1492,3.5883,0.0005
3.8200,IMM-UKF,jink,0.500,10.00,0.150,1,0.600,1,8.6297,7.1056,-1.5241,1.4832,0.2622,0.1477,0.1045,6.0000,6.2553,0.8951,16.5888,0.5010,39.9743,-17.1547,42.1142,-18.3094,42.1628,-18.4558,42.4201,-18.6587,42.5618,-19.0224,2.1399,-1.1546,2.1885,-1.3011,2.4458,-1.5040,35,0.2300,35,0,0.9600,0.0344,0.0057,2.8586,4.7093,0.1466,1.2290,5.8728,0.0000,1,0.0804,0.1492,3.5883,0.0005
3.8300,IMM-UKF,jink,0.500,10.00,0.150,1,0.600,1,8.6273,7.0891,-1.5382,1.5124,0.2622,0.1477,0.1051,6.0000,6.2553,0.8960,17.8163,0.5013,39.8312,-17.1723,42.1142,-18.3094,42.1628,-18.4558,42.4449,-18.8078,42.6302,-19.4455,2.2830,-1.1371,2.3316,-1.2836,2.6138,-1.6356,35,0.2400,35,0,0.9600,0.0344,0.0057,2.9323,4.8057,0.1822,1.1584,5.8871,0.0000,1,0.0804,0.1492,3.5883,0.0005
3.8400,IMM-UKF,jink,0.500,10.00,0.150,1,0.600,1,8.6236,7.0708,-1.5528,1.5424,0.2622,0.1477,0.1057,6.0000,6.2553,0.8970,19.0980,0.5018,39.6840,-17.1950,42.1142,-18.3094,42.1628,-18.4558,42.4730,-18.9679,42.7057,-19.8832,2.4302,-1.1144,2.4788,-1.2608,2.7890,-1.7729,35,0.2500,35,0,0.9600,0.0344,0.0057,3.0046,4.9014,0.2175,1.0877,5.9006,0.0000,1,0.0804,0.1492,3.5883,0.0005
3.8500,IMM-UKF,jink,0.500,10.00,0.150,1,0.600,1,8.6185,7.2523,-1.3662,1.3840,0.2627,0.1449,0.1057,6.0000,6.4641,1.1662,9.9871,0.5025,39.5327,-17.2229,41.4608,-17.4168,41.6190,-17.5368,41.1995,-17.7307,39.5328,-18.2217,1.9282,-0.1939,2.0863,-0.3139,1.6668,-0.5078,36,0.1600,36,0,0.9631,0.0315,0.0054,3.0757,4.9966,0.2523,1.0168,5.9132,0.0000,1,0.0804,0.1492,3.6885,0.0005
3.8600,IMM-UKF,jink,0.500,10.00,0.150,1,0.600,1,8.6122,7.2409,-1.3712,1.4079,0.2627,0.1449,0.1062,6.0000,6.4641,1.1678,10.8465,0.5034,39.3772,-17.2559,41.4608,-17.4168,41.6190,-17.5368,41.1789,-17.8341,39.5352,-18.5880,2.0836,-0.1609,2.2418,-0.2809,1.8017,-0.5783,36,0.1700,36,0,0.9631,0.0315,0.0054,3.1455,5.0913,0.2868,0.9458,5.9250,0.0000,1,0.0804,0.1492,3.6885,0.0005
3.8700,IMM-UKF,jink,0.500,10.00,0.150,1,0.600,1,8.6045,7.2278,-1.3768,1.4324,0.2627,0.1449,0.1067,6.0000,6.4641,1.1695,11.7531,0.5044,39.2176,-17.2940,41.4608,-17.4168,41.6190,-17.5368,41.1607,-17.9478,39.5424,-18.9673,2.2433,-0.1228,2.4014,-0.2428,1.9431,-0.6538,36,0.1800,36,0,0.9631,0.0315,0.0054,3.2140,5.1854,0.3210,0.8746,5.9359,0.0000,1,0.0996,0.1409,3.6885,0.0004
3.8800,IMM-UKF,jink,0.500,10.00,0.150,1,0.600,1,8.5956,7.2128,-1.3828,1.4577,0.2627,0.1449,0.1072,6.0000,6.4641,1.1713,12.7081,0.5055,39.0538,-17.3372,41.4608,-17.4168,41.6190,-17.5368,41.1452,-18.0715,39.5548,-19.3600,2.4071,-0.0796,2.5652,-0.1996,2.0914,-0.7344,36,0.1900,36,0,0.9631,0.0315,0.0054,3.2812,5.2791,0.3547,0.8033,5.9460,0.0000,1,0.0996,0.1409,3.6885,0.0004
3.8900,IMM-UKF,jink,0.500,10.00,0.150,1,0.600,1,8.5854,7.1961,-1.3893,1.4836,0.2627,0.1449,0.1076,6.0000,6.4641,1.1732,13.7123,0.5069,38.8858,-17.3854,41.4608,-17.4168,41.6190,-17.5368,41.1325,-18.2055,39.5726,-19.7664,2.5751,-0.0313,2.7332,-0.1513,2.2467,-0.8200,36,0.2000,36,0,0.9631,0.0315,0.0054,3.3471,5.3722,0.3881,0.7319,5.9552,0.0000,1,0.0996,0.1409,3.6885,0.0004
3.9000,IMM-UKF,jink,0.500,10.00,0.150,1,0.600,1,8.5739,7.1778,-1.3962,1.5103,0.2627,0.1449,0.1079,6.0000,6.4641,1.1752,14.7670,0.5083,38.7135,-17.4388,41.4608,-17.4168,41.6190,-17.5368,41.1228,-18.3496,39.5964,-20.1869,2.7473,0.0221,2.9055,-0.0980,2.4093,-0.9107,36,0.2100,36,0,0.9631,0.0315,0.0054,3.4118,5.4648,0.4212,0.6604,5.9635,0.0000,1,0.0996,0.1409,3.6885,0.0004
3.9100,IMM-UKF,jink,0.500,10.00,0.150,1,0.600,1,8.5612,7.1578,-1.4034,1.5377,0.2627,0.1449,0.1084,6.0000,6.4641,1.1752,15.8708,0.5101,38.5374,-17.4973,41.4608,-17.4168,41.6190,-17.5368,41.1164,-18.5038,39.6265,-20.6218,2.9234,0.0805,3.0816,-0.0395,2.5790,-1.0065,36,0.2200,36,0,0.9631,0.0315,0.0054,3.4751,5.5569,0.4538,0.5888,5.9710,0.0000,1,0.0996,0.1409,3.6885,0.0004
3.9200,IMM-UKF,jink,0.500,10.00,0.150,1,0.600,1,8.5473,7.1362,-1.4111,1.5658,0.2627,0.1449,0.1089,6.0000,6.4641,1.1744,17.0261,0.5120,38.3573,-17.5608,41.4608,-17.4168,41.6190,-17.5368,41.1134,-18.6682,39.6635,-21.0715,3.1036,0.1441,3.2617,0.0241,2.7561,-1.1073,36,0.2300,36,0,0.9631,0.0315,0.0054,3.5371,5.6486,0.4861,0.5171,5.9777,0.0000,1,0.0996,0.1409,3.6885,0.0004
3.9300,IMM-UKF,jink,0.500,10.00,0.150,1,0.600,1,8.5321,7.1942,-1.3378,1.4055,0.2624,0.1418,0.1097,6.0000,6.6836,1.0980,5.6277,0.5145,38.1728,-17.6294,40.5057,-17.1369,40.3265,-17.0645,39.1598,-17.6383,34.3267,-19.3912,2.3329,0.4926,2.1537,0.5649,0.9870,-0.0088,37,0.1500,37,0,0.9548,0.0375,0.0077,3.5979,5.7398,0.5180,0.4453,5.9835,0.0000,1,0.0996,0.1409,3.7805,0.0004
3.9400,IMM-UKF,jink,0.500,10.00,0.150,1,0.600,1,8.5156,7.1773,-1.3383,1.4281,0.2624,0.1418,0.1101,6.0000,6.6836,1.0991,6.2535,0.5179,37.9839,-17.7030,40.5057,-17.1369,40.3265,-17.0645,39.0799,-17.7540,34.2387,-19.7777,2.5218,0.5662,2.3426,0.6385,1.0960,-0.0510,37,0.1600,37,0,0.9548,0.0375,0.0077,3.6573,5.8305,0.5495,0.3735,5.9884,0.0000,1,0.0996,0.1409,3.7805,0.0004
3.9500,IMM-UKF,jink,0.500,10.00,0.150,1,0.600,1,8.4980,7.1587,-1.3393,1.4514,0.2624,0.1418,0.1105,6.0000,6.6836,1.1001,6.9273,0.5215,37.7906,-17.7817,40.5057,-17.1369,40.3265,-17.0645,39.0025,-17.8794,34.1538,-20.1779,2.7151,0.6449,2.5359,0.7172,1.2119,-0.0977,37,0.1700,37,0,0.9548,0.0375,0.0077,3.7155,5.9208,0.5806,0.3016,5.9924,0.0000,1,0.0996,0.1409,3.7805,0.0004
3.9600,IMM-UKF,jink,0.500,10.00,0.150,1,0.600,1,8.4791,7.1384,-1.3407,1.4754,0.2624,0.1418,0.1111,6.0000,6.6836,1.0979,7.6533,0.5250,37.5922,-17.8656,40.5057,-17.1369,40.3265,-17.0645,38.9276,-18.0144,34.0724,-20.5921,2.9135,0.7287,2.7343,0.8011,1.3354,-0.1488,37,0.1800,37,0,0.9548,0.0375,0.0077,3.7724,6.0107,0.6114,0.2297,5.9956,0.0000,1,0.0996,0.1409,3.7805,0.0004
3.9700,IMM-UKF,jink,0.500,10.00,0.150,1,0.600,1,8.4591,7.1166,-1.3425,1.5000,0.2624,0.1418,0.1116,6.0000,6.6836,1.0954,8.4294,0.5288,37.3893,-17.9546,40.5057,-17.1369,40.3265,-17.0645,38.8554,-18.1590,33.9947,-21.0208,3.1164,0.8178,2.9372,0.8902,1.4661,-0.2044,37,0.1900,37,0,0.9548,0.0375,0.0077,3.8280,6.1001,0.6417,0.1577,5.9979,0.0000,1,0.1053,0.1447,3.7805,0.0003
3.9800,IMM-UKF,jink,0.500,10.00,0.150,1,0.600,1,8.4379,7.0933,-1.3446,1.5254,0.2624,0.1418,0.1121,6.0000,6.6836,1.0937,9.2558,0.5302,37.1817,-18.0493,40.5057,-17.1369,40.3265,-17.0645,38.7860,-18.3133,33.9211,-21.4641,3.3239,0.9124,3.1447,0.9848,1.6043,-0.2640,37,0.2000,37,0,0.9548,0.0375,0.0077,3.8823,6.1891,0.6716,0.0857,5.9994,0.0000,1,0.1053,0.1447,3.7805,0.0003
3.9900,IMM-UKF,jink,0.500,10.00,0.150,1,0.600,1,8.4155,7.0684,-1.3471,1.5515,0.2624,0.1418,0.1125,6.0000,6.6836,1.0924,10.1338,0.5307,36.9696,-18.1494,40.5057,-17.1369,40.3265,-17.0645,38.7197,-18.4773,33.8520,-21.9227,3.5361,1.0125,3.3569,1.0849,1.7501,-0.3279,37,0.2100,37,0,0.9548,0.0375,0.0077,3.9353,6.2778,0.7012,0.0137,6.0000,0.0000,1,0.1053,0.1447,3.7805,0.0003
4.0000,IMM-UKF,jink,0.500,10.00,0.150,1,0.600,1,8.3920,7.0420,-1.3500,1.5783,0.2624,0.1418,0.1130,6.0000,6.6836,1.0910,11.0645,0.5313,36.7527,-18.2547,40.5057,-17.1369,40.3265,-17.0645,38.6566,-18.6509,33.7878,-22.3968,3.7529,1.1179,3.5737,1.1903,1.9039,-0.3961,37,0.2200,37,0,0.9548,0.0375,0.0077,3.9870,6.3660,0.7303,-0.0583,5.9997,0.0000,1,0.1053,0.1447,3.7805,0.0003
4.0100,IMM-UKF,jink,0.500,10.00,0.150,1,0.600,1,8.3673,7.0142,-1.3531,1.6058,0.2624,0.1418,0.1134,6.0000,6.6836,1.0897,12.0490,0.5319,36.5311,-18.3654,40.5057,-17.1369,40.3265,-17.0645,38.5971,-18.8342,33.7290,-22.8869,3.9745,1.2286,3.7953,1.3009,2.0659,-0.4688,37,0.2300,37,0,0.9548,0.0375,0.0077,4.0374,6.4538,0.7590,-0.1302,5.9986,0.0000,1,0.1053,0.1447,3.7805,0.0003
4.0200,IMM-UKF,jink,0.500,10.00,0.150,1,0.600,1,8.3415,6.9780,-1.3635,1.3961,0.2605,0.1381,0.1156,6.0000,6.6049,1.2334,7.7002,0.5326,36.3047,-18.4815,39.2176,-17.2940,39.1292,-17.4774,37.5777,-18.9315,30.9287,-24.3965,2.9129,1.1875,2.8245,1.0041,1.2730,-0.4500,38,0.1500,38,0,0.9592,0.0343,0.0065,4.0865,6.5413,0.7873,-0.2022,5.9966,0.0000,1,0.1053,0.1447,3.8704,0.0003
4.0300,IMM-UKF,jink,0.500,10.00,0.150,1,0.600,1,8.3146,6.9540,-1.3606,1.4178,0.2605,0.1381,0.1159,6.0000,6.6049,1.2335,8.5235,0.5332,36.0734,-18.6030,39.2176,-17.2940,39.1292,-17.4774,37.4792,-19.1123,30.8034,-24.9002,3.1442,1.3090,3.0558,1.1256,1.4058,-0.5093,38,0.1600,38,0,0.9592,0.0343,0.0065,4.1342,6.6284,0.8152,-0.2742,5.9937,0.0000,1,0.1053,0.1447,3.8704,0.0003
4.0400,IMM-UKF,jink,0.500,10.00,0.150,1,0.600,1,8.2866,6.9285,-1.3581,1.4402,0.2605,0.1381,0.1163,6.0000,6.6049,1.2338,9.3969,0.5340,35.8371,-18.7299,39.2176,-17.2940,39.1292,-17.4774,37.3836,-19.3030,30.6817,-25.4204,3.3805,1.4360,3.2921,1.2525,1.5466,-0.5730,38,0.1700,38,0,0.9592,0.0343,0.0065,4.1807,6.7152,0.8426,-0.3461,5.9900,0.0000,1,0.1053,0.1447,3.8704,0.0003
4.0500,IMM-UKF,jink,0.500,10.00,0.150,1,0.600,1,8.2575,6.9017,-1.3558,1.4633,0.2605,0.1381,0.1166,6.0000,6.6049,1.2340,10.3217,0.5348,35.5957,-18.8624,39.2176,-17.2940,39.1292,-17.4774,37.2912,-19.5035,30.5639,-25.9576,3.6219,1.5685,3.5335,1.3850,1.6955,-0.6411,38,0.1800,38,0,0.9592,0.0343,0.0065,4.2259,6.8016,0.8696,-0.4179,5.9854,0.0000,1,0.1053,0.1447,3.8704,0.0003
4.0600,IMM-UKF,jink,0.500,10.00,0.150,1,0.600,1,8.2273,6.8734,-1.3539,1.4870,0.2605,0.1381,0.1168,6.0000,6.6049,1.2343,11.2991,0.5356,35.3492,-19.0005,39.2176,-17.2940,39.1292,-17.4774,37.2021,-19.7140,30.4505,-26.5120,3.8684,1.7065,3.7800,1.5231,1.8529,-0.7135,38,0.1900,38,0,0.9592,0.0343,0.0065,4.2698,6.8877,0.8961,-0.4897,5.9800,0.0000,1,0.1053,0.1447,3.8704,0.0003
4.0700,IMM-UKF,jink,0.500,10.00,0.150,1,0.600,1,8.1961,6.8439,-1.3522,1.5115,0.2605,0.1381,0.1171,6.0000,6.6049,1.2347,12.3304,0.5365,35.0975,-19.1442,39.2176,-17.2940,39.1292,-17.4774,37.1166,-19.9344,30.3420,-27.0842,4.1201,1.8502,4.0317,1.6668,2.0191,-0.7902,38,0.2000,38,0,0.9592,0.0343,0.0065,4.3123,6.9734,0.9221,-0.5614,5.9737,0.0000,1,0.1053,0.1447,3.8704,0.0003
4.0800,IMM-UKF,jink,0.500,10.00,0.150,1,0.600,1,8.1638,6.8130,-1.3508,1.5367,0.2605,0.1381,0.1173,6.0000,6.6049,1.2350,13.4172,0.5373,34.8405,-19.2936,39.2176,-17.2940,39.1292,-17.4774,37.0349,-20.1648,30.2389,-27.6746,4.3771,1.9997,4.2888,1.8162,2.1944,-0.8712,38,0.2100,38,0,0.9592,0.0343,0.0065,4.3535,7.0589,0.9477,-0.6331,5.9665,0.0000,1,0.0997,0.1575,3.8704,-0.0003
4.0900,IMM-UKF,jink,0.500,10.00,0.150,1,0.600,1,8.1305,6.7809,-1.3496,1.5626,0.2605,0.1381,0.1175,6.0000,6.6049,1.2354,14.5608,0.5382,34.5780,-19.4488,39.2176,-17.2940,39.1292,-17.4774,36.9572,-20.4052,30.1417,-28.2835,4.6396,2.1549,4.5512,1.9714,2.3792,-0.9564,38,0.2200,38,0,0.9592,0.0343,0.0065,4.3934,7.1440,0.9727,-0.7046,5.9585,0.0000,1,0.0997,0.1575,3.8704,-0.0003
4.1000,IMM-UKF,jink,0.500,10.00,0.150,1,0.600,1,8.0961,6.7475,-1.3487,1.5893,0.2605,0.1381,0.1176,6.0000,6.6049,1.2358,15.7629,0.5392,34.3100,-19.6098,39.2176,-17.2940,39.1292,-17.4774,36.8840,-20.6556,30.0512,-28.9113,4.9076,2.3159,4.8192,2.1324,2.5739,-1.0458,38,0.2300,38,0,0.9592,0.0343,0.0065,4.4320,7.2288,0.9972,-0.7761,5.9496,0.0000,1,0.0997,0.1575,3.8704,-0.0003
4.1100,IMM-UKF,jink,0.500,10.00,0.150,1,0.600,1,8.0608,6.7129,-1.3479,1.6166,0.2605,0.1381,0.1178,6.0000,6.6049,1.2363,17.0251,0.5402,34.0364,-19.7768,39.2176,-17.2940,39.1292,-17.4774,36.8153,-20.9162,29.9679,-29.5585,5.1812,2.4828,5.0928,2.2994,2.7789,-1.1394,38,0.2400,38,0,0.9592,0.0343,0.0065,4.4692,7.3134,1.0212,-0.8474,5.9399,0.0000,1,0.0997,0.1575,3.8704,-0.0003
4.1200,IMM-UKF,jink,0.500,10.00,0.150,1,0.600,1,8.0245,6.7380,-1.2865,1.3590,0.2619,0.1361,0.1165,6.0000,6.8420,1.8654,5.1502,0.5412,33.7571,-19.9497,37.3893,-17.9546,37.0588,-17.9699,34.6663,-19.8490,23.6055,-27.0755,3.6322,1.9951,3.3017,1.9798,0.9092,0.1007,39,0.1500,39,0,0.9591,0.0345,0.0065,4.5051,7.3977,1.0445,-0.9186,5.9293,0.0000,1,0.0997,0.1575,3.9703,-0.0003
4.1300,IMM-UKF,jink,0.500,10.00,0.150,1,0.600,1,7.9872,6.7072,-1.2800,1.3801,0.2619,0.1361,0.1166,6.0000,6.8420,1.8643,5.8504,0.5422,33.4718,-20.1287,37.3893,-17.9546,37.0588,-17.9699,34.5099,-20.0527,23.3526,-27.6261,3.9174,2.1741,3.5870,2.1588,1.0381,0.0761,39,0.1600,39,0,0.9591,0.0345,0.0065,4.5396,7.4817,1.0673,-0.9897,5.9178,0.0000,1,0.0997,0.1575,3.9703,-0.0003
4.1400,IMM-UKF,jink,0.500,10.00,0.150,1,0.600,1,7.9489,6.6752,-1.2738,1.4019,0.2619,0.1361,0.1167,6.0000,6.8420,1.8632,6.6059,0.5433,33.1806,-20.3139,37.3893,-17.9546,37.0588,-17.9699,34.3567,-20.2656,23.1009,-28.1936,4.2086,2.3593,3.8782,2.3440,1.1760,0.0483,39,0.1700,39,0,0.9591,0.0345,0.0065,4.5727,7.5655,1.0895,-1.0607,5.9055,0.0000,1,0.0997,0.1575,3.9703,-0.0003
4.1500,IMM-UKF,jink,0.500,10.00,0.150,1,0.600,1,7.9097,6.6419,-1.2679,1.4245,0.2619,0.1361,0.1167,6.0000,6.8420,1.8620,7.4180,0.5444,32.8833,-20.5053,37.3893,-17.9546,37.0588,-17.9699,34.2068,-20.4879,22.8507,-28.7782,4.5059,2.5507,4.1755,2.5354,1.3235,0.0174,39,0.1800,39,0,0.9591,0.0345,0.0065,4.6045,7.6490,1.1109,-1.1314,5.8924,0.0000,1,0.0997,0.1575,3.9703,-0.0003
4.1600,IMM-UKF,jink,0.500,10.00,0.150,1,0.600,1,7.8696,6.6074,-1.2623,1.4478,0.2619,0.1361,0.1168,6.0000,6.8420,1.8609,8.2881,0.5455,32.5797,-20.7030,37.3893,-17.9546,37.0588,-17.9699,34.0605,-20.7194,22.6024,-29.3804,4.8095,2.7484,4.4791,2.7331,1.4808,-0.0164,39,0.1900,39,0,0.9591,0.0345,0.0065,4.6350,7.7323,1.1316,-1.2021,5.8784,0.0000,1,0.0997,0.1575,3.9703,-0.0003
4.1700,IMM-UKF,jink,0.500,10.00,0.150,1,0.600,1,7.8286,6.5717,-1.2569,1.4718,0.2619,0.1361,0.1168,6.0000,6.8420,1.8598,9.2179,0.5466,32.2698,-20.9071,37.3893,-17.9546,37.0588,-17.9699,33.9182,-20.9601,22.3563,-30.0001,5.1195,2.9525,4.7890,2.9372,1.6484,-0.0529,39,0.2000,39,0,0.9591,0.0345,0.0065,4.6640,7.8154,1.1516,-1.2725,5.8635,0.0000,1,0.0997,0.1575,3.9703,-0.0003
4.1800,IMM-UKF,jink,0.500,10.00,0.150,1,0.600,1,7.7867,6.5348,-1.2519,1.4966,0.2619,0.1361,0.1168,6.0000,6.8420,1.8586,10.2087,0.5478,31.9532,-21.1177,37.3893,-17.9546,37.0588,-17.9699,33.7800,-21.2099,22.1130,-30.6376,5.4360,3.1631,5.1056,3.1478,1.8267,-0.0921,39,0.2100,39,0,0.9591,0.0345,0.0065,4.6917,7.8983,1.1707,-1.3428,5.8478,0.0000,1,0.1023,0.1451,3.9703,-0.0018
4.1900,IMM-UKF,jink,0.500,10.00,0.150,1,0.600,1,7.7439,6.4968,-1.2471,1.5222,0.2619,0.1361,0.1168,6.0000,6.8420,1.8575,11.2626,0.5490,31.6300,-21.3349,37.3893,-17.9546,37.0588,-17.9699,33.6463,-21.4686,21.8730,-31.2929,5.7593,3.3803,5.4288,3.3650,2.0163,-0.1337,39,0.2200,39,0,0.9591,0.0345,0.0065,4.7180,7.9811,1.1889,-1.4129,5.8313,0.0000,1,0.1023,0.1451,3.9703,-0.0018
4.2000,IMM-UKF,jink,0.500,10.00,0.150,1,0.600,1,7.7002,6.4576,-1.2426,1.5485,0.2619,0.1361,0.1168,6.0000,6.8420,1.8563,12.3812,0.5501,31.2998,-21.5587,37.3893,-17.9546,37.0588,-17.9699,33.5174,-21.7362,21.6368,-31.9661,6.0894,3.6041,5.7590,3.5888,2.2176,-0.1775,39,0.2300,39,0,0.9591,0.0345,0.0065,4.7429,8.0636,1.2060,-1.4827,5.8139,0.0000,1,0.1023,0.1451,3.9703,-0.0018
4.2100,IMM-UKF,jink,0.500,10.00,0.150,1,0.600,1,7.6558,6.4173,-1.2385,1.5756,0.2619,0.1361,0.1168,6.0000,6.8420,1.8552,13.5666,0.5513,30.9627,-21.7893,37.3893,-17.9546,37.0588,-17.9699,33.3938,-22.0124,21.4050,-32.6569,6.4266,3.8347,6.0961,3.8194,2.4311,-0.2230,39,0.2400,39,0,0.9591,0.0345,0.0065,4.7664,8.1460,1.2221,-1.5524,5.7957,0.0000,1,0.1023,0.1451,3.9703,-0.0018
4.2200,IMM-UKF,jink,0.500,10.00,0.150,1,0.600,1,7.6104,6.3759,-1.2346,1.6035,0.2619,0.1361,0.1167,6.0000,6.8420,1.8541,14.8208,0.5525,30.6182,-22.0267,37.3893,-17.9546,37.0588,-17.9699,33.2758,-22.2968,21.1785,-33.3650,6.7710,4.0720,6.4405,4.0568,2.6575,-0.2701,39,0.2500,39,0,0.9591,0.0345,0.0065,4.7884,8.2283,1.2369,-1.6218,5.7766,0.0000,1,0.1023,0.1451,3.9703,-0.0018
4.2300,IMM-UKF,jink,0.500,10.00,0.150,1,0.600,1,7.5643,6.3333,-1.2310,1.6321,0.2619,0.1361,0.1167,6.0000,6.8420,1.8530,16.1458,0.5537,30.2664,-22.2709,37.3893,-17.9546,37.0588,-17.9699,33.1638,-22.5890,20.9579,-34.0899,7.1229,4.3163,6.7924,4.3010,2.8974,-0.3180,39,0.2600,39,0,0.9591,0.0345,0.0065,4.8090,8.3105,1.2502,-1.6910,5.7568,0.0000,1,0.1023,0.1451,3.9703,-0.0018
4.2400,IMM-UKF,jink,0.500,10.00,0.150,1,0.600,1,7.5174,6.0726,-1.4448,1.3218,0.2598,0.1323,0.1187,6.0000,6.4904,1.7125,10.2390,0.5549,29.9069,-22.5221,34.8405,-19.2936,34.6498,-19.5159,31.7012,-22.9575,15.6134,-36.9343,4.9335,3.2285,4.7428,3.0062,1.7942,-0.4354,40,0.1600,40,0,0.9694,0.0263,0.0043,4.8282,8.3926,1.2619,-1.7600,5.7361,0.0000,1,0.1023,0.1451,4.0797,-0.0018
4.2500,IMM-UKF,jink,0.500,10.00,0.150,1,0.600,1,7.4697,6.0315,-1.4382,1.3427,0.2598,0.1323,0.1186,6.0000,6.4904,1.7128,11.3104,0.5562,29.5396,-22.7803,34.8405,-19.2936,34.6498,-19.5159,31.5266,-23.2575,15.1988,-37.7126,5.3009,3.4867,5.1102,3.2644,1.9870,-0.4772,40,0.1700,40,0,0.9694,0.0263,0.0043,4.8460,8.4746,1.2717,-1.8287,5.7145,0.0000,1,0.1023,0.1451,4.0797,-0.0018
4.2600,IMM-UKF,jink,0.500,10.00,0.150,1,0.600,1,7.4212,5.9892,-1.4319,1.3643,0.2598,0.1323,0.1186,6.0000,6.4904,1.7129,12.4464,0.5574,29.1642,-23.0454,34.8405,-19.2936,34.6498,-19.5159,31.3569,-23.5649,14.7810,-38.5054,5.6763,3.7518,5.4856,3.5295,2.1927,-0.5195,40,0.1800,40,0,0.9694,0.0263,0.0043,4.8623,8.5566,1.2791,-1.8971,5.6922,0.0000,1,0.1023,0.1451,4.0797,-0.0018
4.2700,IMM-UKF,jink,0.500,10.00,0.150,1,0.600,1,7.3719,5.9457,-1.4262,1.3867,0.2598,0.1323,0.1185,6.0000,6.4904,1.7131,13.6486,0.5586,28.7805,-23.3176,34.8405,-19.2936,34.6498,-19.5159,31.1925,-23.8787,14.3603,-39.3099,6.0600,4.0239,5.8693,3.8016,2.4120,-0.5612,40,0.1900,40,0,0.9694,0.0263,0.0043,4.8771,8.6385,1.2838,-1.9653,5.6690,0.0000,1,0.1023,0.1451,4.0797,-0.0018
4.2800,IMM-UKF,jink,0.500,10.00,0.150,1,0.600,1,7.3220,5.9009,-1.4210,1.4098,0.2598,0.1323,0.1184,6.0000,6.4904,1.7133,14.9178,0.5598,28.3883,-23.5966,34.8405,-19.2936,34.6498,-19.5159,31.0338,-24.1972,13.9368,-40.1220,6.4522,4.3030,6.2615,4.0807,2.6456,-0.6006,40,0.2000,40,0,0.9694,0.0263,0.0043,4.8904,8.7205,1.2849,-2.0332,5.6450,0.0000,1,0.1023,0.1451,4.0797,-0.0018
4.2900,IMM-UKF,jink,0.500,10.00,0.150,1,0.600,1,7.2712,5.8547,-1.4165,1.4338,0.2598,0.1323,0.1182,6.0000,6.4904,1.7135,16.2546,0.5609,27.9872,-23.8824,34.8405,-19.2936,34.6498,-19.5159,30.8815,-24.5176,13.5110,-40.9349,6.8532,4.5888,6.6625,4.3665,2.8942,-0.6352,40,0.2100,40,0,0.9694,0.0263,0.0043,4.9023,8.8025,1.2815,-2.1008,5.6202,0.0000,1,0.1121,0.1410,4.0797,-0.0014
4.3000,IMM-UKF,jink,0.500,10.00,0.150,1,0.600,1,7.2197,5.8069,-1.4128,1.4585,0.2598,0.1323,0.1181,6.0000,6.4904,1.7137,17.6581,0.5621,27.5771,-24.1748,34.8405,-19.2936,34.6498,-19.5159,30.7359,-24.8358,13.0831,-41.7374,7.2633,4.8811,7.0726,4.6588,3.1588,-0.6610,40,0.2200,40,0,0.9694,0.0263,0.0043,4.9125,8.8844,1.2720,-2.1681,5.5946,0.0000,1,0.1121,0.1410,4.0797,-0.0014
4.3100,IMM-UKF,jink,0.500,10.00,0.150,1,0.600,1,7.1675,5.7572,-1.4103,1.4840,0.2598,0.1323,0.1180,6.0000,6.4904,1.7139,19.1251,0.5633,27.1576,-24.4732,34.8405,-19.2936,34.6498,-19.5159,30.5976,-25.1444,12.6542,-42.5086,7.6828,5.1795,7.4921,4.9572,3.4400,-0.6713,40,0.2300,40,0,0.9694,0.0263,0.0043,4.9211,8.9660,1.2536,-2.2350,5.5682,0.0000,1,0.1121,0.1410,4.0797,-0.0014
4.3200,IMM-UKF,jink,0.500,10.00,0.150,1,0.600,1,7.1144,5.7053,-1.4092,1.5104,0.2598,0.1323,0.1179,6.0000,6.4904,1.7141,20.6472,0.5645,26.7285,-24.7768,34.8405,-19.2936,34.6498,-19.5159,30.4667,-25.4295,12.2259,-43.2068,8.1120,5.4831,7.9213,5.2608,3.7382,-0.6527,40,0.2400,40,0,0.9694,0.0263,0.0043,4.9277,9.0463,1.2216,-2.3017,5.5410,0.0000,1,0.1121,0.1410,4.0797,-0.0014
4.3300,IMM-UKF,jink,0.500,10.00,0.150,1,0.600,1,7.0606,5.6311,-1.4295,1.1805,0.2610,0.1310,0.1165,6.0000,6.5872,0.7445,12.2795,0.5657,26.2893,-25.0838,31.9532,-21.1177,32.0805,-21.1409,28.4583,-24.5070,5.3112,-39.8485,5.6640,3.9661,5.7912,3.9430,2.1690,0.5768,41,0.1500,41,0,0.9693,0.0256,0.0051,4.9313,9.1223,1.1658,-2.3680,5.5129,0.0000,1,0.1121,0.1410,4.1782,-0.0014
4.3400,IMM-UKF,jink,0.500,10.00,0.150,1,0.600,1,7.0059,5.5808,-1.4250,1.2002,0.2610,0.1310,0.1164,6.0000,6.5872,0.7459,13.7208,0.5670,25.8394,-25.3903,31.9532,-21.1177,32.0805,-21.1409,28.2273,-24.6339,4.6902,-39.7870,6.1139,4.2725,6.2411,4.2494,2.3879,0.7564,41,0.1600,41,0,0.9693,0.0256,0.0051,4.9275,9.1790,1.0622,-2.4340,5.4841,0.0000,1,0.1121,0.1410,4.1782,-0.0014
4.3500,IMM-UKF,jink,0.500,10.00,0.150,1,0.600,1,6.9509,5.5384,-1.4125,1.2208,0.2610,0.1310,0.1163,6.0000,6.5872,0.7473,15.5796,0.5683,25.3771,-25.6869,31.9532,-21.1177,32.0805,-21.1409,27.9631,-24.5507,4.3181,-38.5585,6.5761,4.5692,6.7033,4.5461,2.5860,1.1362,41,0.1700,41,0,0.9693,0.0256,0.0051,4.8946,9.1425,0.8811,-2.4996,5.4545,0.0000,1,0.1121,0.1410,4.1782,-0.0014
4.3600,IMM-UKF,jink,0.500,10.00,0.150,1,0.600,1,6.8970,5.5203,-1.3766,1.2423,0.2610,0.1310,0.1162,6.0000,6.5872,0.7486,17.7229,0.5697,24.9001,-25.9698,31.9532,-21.1177,32.0805,-21.1409,27.6368,-24.3493,4.3182,-36.5515,7.0531,4.8520,7.1803,4.8289,2.7366,1.6205,41,0.1800,41,0,0.9693,0.0256,0.0051,4.8218,8.9666,0.7191,-2.5649,5.4241,0.0000,1,0.1121,0.1410,4.1782,-0.0014
4.3700,IMM-UKF,jink,0.500,10.00,0.150,1,0.600,1,6.8446,5.5147,-1.3299,1.2646,0.2610,0.1310,0.1160,6.0000,6.5872,0.7500,19.9300,0.5710,24.4077,-26.2410,31.9532,-21.1177,32.0805,-21.1409,27.2845,-24.1676,4.3885,-34.7204,7.5456,5.1232,7.6728,5.1001,2.8769,2.0734,41,0.1900,41,0,0.9693,0.0256,0.0051,4.7423,8.7563,0.6098,-2.6298,5.3930,0.0000,1,0.1121,0.1410,4.1782,-0.0014
4.3800,IMM-UKF,jink,0.500,10.00,0.150,1,0.600,1,6.7941,5.5165,-1.2776,1.2878,0.2610,0.1310,0.1159,6.0000,6.5872,0.7512,22.2427,0.5724,23.8994,-26.5015,31.9532,-21.1177,32.0805,-21.1409,26.9177,-23.9849,4.4761,-33.0303,8.0538,5.3838,8.1810,5.3606,3.0183,2.5166,41,0.2000,41,0,0.9693,0.0256,0.0051,4.6617,8.5350,0.5259,-2.6943,5.3610,0.0000,1,0.1121,0.1410,4.1782,-0.0014
4.3900,IMM-UKF,jink,0.500,10.00,0.150,1,0.600,1,6.7455,5.5241,-1.2214,1.3117,0.2610,0.1310,0.1158,6.0000,6.5872,0.7524,24.6747,0.5736,23.3754,-26.7517,31.9532,-21.1177,32.0805,-21.1409,26.5395,-23.7907,4.5664,-31.4440,8.5779,5.6340,8.7051,5.6108,3.1642,2.9610,41,0.2100,41,0,0.9693,0.0256,0.0051,4.5816,8.3087,0.4562,-2.7585,5.3283,0.0000,1,0.1121,0.1410,4.1782,-0.0014
4.4000,IMM-UKF,jink,0.500,10.00,0.150,1,0.600,1,6.6988,5.5371,-1.1617,1.3365,0.2610,0.1310,0.1157,6.0000,6.5872,0.7536,27.2271,0.5748,22.8354,-26.9917,31.9532,-21.1177,32.0805,-21.1409,26.1514,-23.5801,4.6539,-29.9413,9.1178,5.8739,9.2451,5.8508,3.3160,3.4116,41,0.2200,41,0,0.9693,0.0256,0.0051,4.5027,8.0794,0.3955,-2.8222,5.2948,0.0000,1,0.1121,0.1410,4.1782,-0.0014
4.4100,IMM-UKF,jink,0.500,10.00,0.150,1,0.600,1,6.6542,5.5551,-1.0990,1.3621,0.2610,0.1310,0.1156,6.0000,6.5872,0.7546,29.8963,0.5760,22.2796,-27.2213,31.9532,-21.1177,32.0805,-21.1409,25.7544,-23.3510,4.7356,-28.5111,9.6736,6.1036,9.8008,6.0804,3.4748,3.8703,41,0.2300,41,0,0.9693,0.0256,0.0051,4.4251,7.8480,0.3411,-2.8856,5.2606,0.0000,1,0.0909,0.1508,4.1782,-0.0018
4.4200,IMM-UKF,jink,0.500,10.00,0.150,1,0.600,1,6.6116,5.5781,-1.0335,1.3886,0.2610,0.1310,0.1156,6.0000,6.5872,0.7556,32.6764,0.5771,21.7081,-27.4404,31.9532,-21.1177,32.0805,-21.1409,25.3493,-23.1026,4.8099,-27.1468,10.2452,6.3227,10.3724,6.2995,3.6412,4.3378,41,0.2400,41,0,0.9693,0.0256,0.0051,4.3491,7.6151,0.2914,-2.9485,5.2256,0.0000,1,0.0909,0.1508,4.1782,-0.0018
4.4300,IMM-UKF,jink,0.500,10.00,0.150,1,0.600,1,6.5711,5.6060,-0.9651,1.4158,0.2610,0.1310,0.1155,6.0000,6.5872,0.7565,35.5602,0.5781,21.1209,-27.6487,31.9532,-21.1177,32.0805,-21.1409,24.9366,-22.8347,4.8755,-25.8441,10.8323,6.5309,10.9596,6.5078,3.8157,4.8140,41,0.2500,41,0,0.9693,0.0256,0.0051,4.2748,7.3809,0.2454,-3.0110,5.1898,0.0000,1,0.0909,0.1508,4.1782,-0.0018
4.4400,IMM-UKF,jink,0.500,10.00,0.150,1,0.600,1,6.5327,5.1616,-1.3711,1.0847,0.2589,0.1278,0.1175,6.0000,6.3167,1.4256,17.2206,0.5791,20.5183,-27.8459,27.9872,-23.8824,28.0508,-24.1099,22.2574,-25.4261,-5.3839,-28.3813,7.4689,3.9634,7.5325,3.7359,1.7391,2.4198,42,0.1500,42,0,0.9725,0.0235,0.0041,4.2023,7.1455,0.2023,-3.0730,5.1533,0.0000,1,0.0909,0.1508,4.2886,-0.0018
4.4500,IMM-UKF,jink,0.500,10.00,0.150,1,0.600,1,6.4965,5.1723,-1.3242,1.1038,0.2589,0.1278,0.1175,6.0000,6.3167,1.4266,19.3462,0.5800,19.9005,-28.0316,27.9872,-23.8824,28.0508,-24.1099,21.7653,-25.2644,-5.1305,-27.1841,8.0867,4.1492,8.1503,3.9217,1.8648,2.7673,42,0.1600,42,0,0.9725,0.0235,0.0041,4.1316,6.9092,0.1616,-3.1346,5.1161,0.0000,1,0.0909,0.1508,4.2886,-0.0018
4.4600,IMM-UKF,jink,0.500,10.00,0.150,1,0.600,1,6.4624,5.1875,-1.2748,1.1237,0.2589,0.1278,0.1174,6.0000,6.3167,1.4275,21.5992,0.5808,19.2677,-28.2056,27.9872,-23.8824,28.0508,-24.1099,21.2672,-25.0740,-4.8871,-26.0246,8.7195,4.3232,8.7831,4.0957,1.9994,3.1316,42,0.1700,42,0,0.9725,0.0235,0.0041,4.0629,6.6719,0.1231,-3.1958,5.0781,0.0000,1,0.0909,0.1508,4.2886,-0.0018
4.4700,IMM-UKF,jink,0.500,10.00,0.150,1,0.600,1,6.4304,5.2075,-1.2230,1.1445,0.2589,0.1278,0.1174,6.0000,6.3167,1.4283,23.9719,0.5816,18.6204,-28.3675,27.9872,-23.8824,28.0508,-24.1099,20.7639,-24.8558,-4.6549,-24.9030,9.3668,4.4850,9.4304,4.2575,2.1435,3.5116,42,0.1800,42,0,0.9725,0.0235,0.0041,3.9962,6.4338,0.0864,-3.2565,5.0394,0.0000,1,0.0909,0.1508,4.2886,-0.0018
4.4800,IMM-UKF,jink,0.500,10.00,0.150,1,0.600,1,6.4007,5.2321,-1.1686,1.1661,0.2589,0.1278,0.1174,6.0000,6.3167,1.4291,26.4564,0.5823,17.9588,-28.5168,27.9872,-23.8824,28.0508,-24.1099,20.2564,-24.6109,-4.4349,-23.8196,10.0284,4.6344,10.0920,4.4069,2.2976,3.9060,42,0.1900,42,0,0.9725,0.0235,0.0041,3.9315,6.1949,0.0512,-3.3167,4.9999,0.0000,1,0.0909,0.1508,4.2886,-0.0018
4.4900,IMM-UKF,jink,0.500,10.00,0.150,1,0.600,1,6.3732,5.2611,-1.1121,1.1886,0.2589,0.1278,0.1174,6.0000,6.3167,1.4298,29.0316,0.5830,17.2835,-28.6536,27.9872,-23.8824,28.0508,-24.1099,19.7460,-24.3430,-4.2342,-22.7836,10.7037,4.7711,10.7673,4.5436,2.4624,4.3106,42,0.2000,42,0,0.9725,0.0235,0.0041,3.8696,5.9574,0.0178,-3.3765,4.9598,0.0000,1,0.0909,0.1508,4.2886,-0.0018
4.5000,IMM-UKF,jink,0.500,10.00,0.150,1,0.600,1,6.3479,5.2944,-1.0535,1.2120,0.2589,0.1278,0.1174,6.0000,6.3167,1.4305,31.6857,0.5836,16.5949,-28.7774,27.9872,-23.8824,28.0508,-24.1099,19.2334,-24.0541,-4.0535,-21.7950,11.3923,4.8950,11.4559,4.6674,2.6385,4.7233,42,0.2100,42,0,0.9725,0.0235,0.0041,3.8105,5.7218,-0.0140,-3.4358,4.9189,0.0000,1,0.0909,0.1508,4.2886,-0.0018
4.5100,IMM-UKF,jink,0.500,10.00,0.150,1,0.600,1,6.3258,5.3318,-0.9940,1.2362,0.2589,0.1278,0.1183,6.0000,6.3167,1.4289,34.3736,0.5833,15.9042,-28.8833,27.9872,-23.8824,28.0508,-24.1099,18.7216,-23.7436,-3.8863,-20.8461,12.0830,5.0009,12.1466,4.7734,2.8174,5.1397,42,0.2200,42,0,0.9725,0.0235,0.0041,3.7535,5.4884,-0.0452,-3.3765,4.9598,0.0000,1,0.1074,0.1512,4.2886,0.0005
4.5200,IMM-UKF,jink,0.500,10.00,0.150,1,0.600,1,6.3068,5.3734,-0.9334,1.2612,0.2589,0.1278,0.1190,6.0000,6.3167,1.4273,37.0878,0.5831,15.2115,-28.9710,27.9872,-23.8824,28.0508,-24.1099,18.2116,-23.4132,-3.7320,-19.9356,12.7757,5.0886,12.8393,4.8611,3.0001,5.5578,42,0.2300,42,0,0.9725,0.0235,0.0041,3.6985,5.2571,-0.0760,-3.3167,4.9999,0.0000,1,0.1074,0.1512,4.2886,0.0005
4.5300,IMM-UKF,jink,0.500,10.00,0.150,1,0.600,1,6.2909,5.4191,-0.8719,1.2870,0.2589,0.1278,0.1195,6.0000,6.3167,1.4259,39.8189,0.5830,14.5179,-29.0404,27.9872,-23.8824,28.0508,-24.1099,17.7044,-23.0643,-3.5898,-19.0623,13.4693,5.1580,13.5329,4.9305,3.1864,5.9761,42,0.2400,42,0,0.9725,0.0235,0.0041,3.6455,5.0279,-0.1064,-3.2565,5.0394,0.0000,1,0.1074,0.1512,4.2886,0.0005
4.5400,IMM-UKF,jink,0.500,10.00,0.150,1,0.600,1,6.2781,5.4688,-0.8093,1.3137,0.2589,0.1278,0.1198,6.0000,6.3167,1.4245,42.5575,0.5832,13.8247,-29.0914,27.9872,-23.8824,28.0508,-24.1099,17.2007,-22.6985,-3.4593,-18.2250,14.1625,5.2090,14.2261,4.9815,3.3760,6.3929,42,0.2500,42,0,0.9725,0.0235,0.0041,3.5945,4.8010,-0.1363,-3.1958,5.0781,0.0000,1,0.1074,0.1512,4.2886,0.0005
4.5500,IMM-UKF,jink,0.500,10.00,0.150,1,0.600,1,6.2683,5.5226,-0.7457,1.3411,0.2589,0.1278,0.1198,6.0000,6.3167,1.4233,45.2943,0.5835,13.1331,-29.1241,27.9872,-23.8824,28.0508,-24.1099,16.7016,-22.3174,-3.3396,-17.4221,14.8541,5.2417,14.9177,5.0142,3.5685,6.8067,42,0.2600,42,0,0.9725,0.0235,0.0041,3.5454,4.5761,-0.1659,-3.1346,5.1161,0.0000,1,0.1074,0.1512,4.2886,0.0005
4.5600,IMM-UKF,jink,0.500,10.00,0.150,1,0.600,1,6.2614,5.5804,-0.6811,1.3693,0.2589,0.1278,0.1197,6.0000,6.3167,1.4222,48.0205,0.5840,12.4442,-29.1386,27.9872,-23.8824,28.0508,-24.1099,16.2078,-21.9226,-3.2302,-16.6525,15.5430,5.2562,15.6066,5.0287,3.7636,7.2160,42,0.2700,42,0,0.9725,0.0235,0.0041,3.4982,4.3534,-0.1951,-3.0730,5.1533,0.0000,1,0.1074,0.1512,4.2886,0.0005
4.5700,IMM-UKF,jink,0.500,10.00,0.150,1,0.600,1,6.2575,4.8550,-1.4026,0.9906,0.2569,0.1254,0.1212,6.0000,5.5816,1.6357,15.5000,0.5848,11.7593,-29.1350,22.2796,-27.2213,22.1143,-27.4459,13.5743,-27.1000,-12.0697,-23.4520,10.5203,1.9137,10.3550,1.6890,1.8150,2.0350,43,0.1600,43,0,0.9708,0.0250,0.0043,3.4528,4.1328,-0.2240,-3.0110,5.1898,0.0000,1,0.1074,0.1512,4.4082,0.0005
4.5800,IMM-UKF,jink,0.500,10.00,0.150,1,0.600,1,6.2565,4.8902,-1.3663,1.0105,0.2569,0.1254,0.1206,6.0000,5.5816,1.6400,17.0571,0.5857,11.0794,-29.1135,22.2796,-27.2213,22.1143,-27.4459,12.9845,-26.8146,-11.8265,-22.6150,11.2002,1.8922,11.0349,1.6675,1.9051,2.2989,43,0.1700,43,0,0.9708,0.0250,0.0043,3.4091,3.9144,-0.2526,-2.9485,5.2256,0.0000,1,0.1074,0.1512,4.4082,0.0005
4.5900,IMM-UKF,jink,0.500,10.00,0.150,1,0.600,1,6.2584,4.9294,-1.3290,1.0313,0.2569,0.1254,0.1198,6.0000,5.5816,1.6443,18.6721,0.5868,10.4058,-29.0744,22.2796,-27.2213,22.1143,-27.4459,12.4022,-26.5047,-11.5947,-21.8039,11.8738,1.8531,11.7085,1.6284,1.9964,2.5697,43,0.1800,43,0,0.9708,0.0250,0.0043,3.3671,3.6981,-0.2810,-2.8856,5.2606,0.0000,1,0.1074,0.1512,4.4082,0.0005
4.6000,IMM-UKF,jink,0.500,10.00,0.150,1,0.600,1,6.2631,4.9724,-1.2907,1.0531,0.2569,0.1254,0.1188,6.0000,5.5816,1.6486,20.3354,0.5880,9.7394,-29.0179,22.2796,-27.2213,22.1143,-27.4459,11.8284,-26.1719,-11.3739,-21.0183,12.5402,1.7966,12.3749,1.5720,2.0890,2.8461,43,0.1900,43,0,0.9708,0.0250,0.0043,3.3268,3.4839,-0.3091,-2.8222,5.2948,0.0000,1,0.1074,0.1512,4.4082,0.0005
4.6100,IMM-UKF,jink,0.500,10.00,0.150,1,0.600,1,6.2705,5.0192,-1.2513,1.0758,0.2569,0.1254,0.1176,6.0000,5.5816,1.6529,22.0377,0.5894,9.0814,-28.9446,22.2796,-27.2213,22.1143,-27.4459,11.2642,-25.8179,-11.1636,-20.2577,13.1982,1.7233,13.0329,1.4986,2.1828,3.1266,43,0.2000,43,0,0.9708,0.0250,0.0043,3.2881,3.2719,-0.3371,-2.7585,5.3283,0.0000,1,0.1074,0.1512,4.4082,0.0005
4.6200,IMM-UKF,jink,0.500,10.00,0.150,1,0.600,1,6.2807,5.0698,-1.2109,1.0994,0.2569,0.1254,0.1162,6.0000,5.5816,1.6565,23.7708,0.5909,8.4324,-28.8547,22.2796,-27.2213,22.1143,-27.4459,10.7104,-25.4446,-10.9636,-19.5213,13.8472,1.6334,13.6819,1.4088,2.2780,3.4101,43,0.2100,43,0,0.9708,0.0250,0.0043,3.2510,3.0619,-0.3649,-2.6943,5.3610,0.0000,1,0.0828,0.1428,4.4082,-0.0008
4.6300,IMM-UKF,jink,0.500,10.00,0.150,1,0.600,1,6.2936,5.1242,-1.1694,1.1239,0.2569,0.1254,0.1151,6.0000,5.5816,1.6531,25.5318,0.5915,7.7913,-28.7488,22.2796,-27.2213,22.1143,-27.4459,10.1678,-25.0535,-10.7734,-18.8086,14.4883,1.5275,14.3230,1.3028,2.3765,3.6953,43,0.2200,43,0,0.9708,0.0250,0.0043,3.2153,2.8541,-0.3926,-2.6298,5.3930,0.0000,1,0.0828,0.1428,4.4082,-0.0008
4.6400,IMM-UKF,jink,0.500,10.00,0.150,1,0.600,1,6.3092,5.1823,-1.1269,1.1494,0.2569,0.1254,0.1138,6.0000,5.5816,1.6492,27.3068,0.5916,7.1613,-28.6274,22.2796,-27.2213,22.1143,-27.4459,9.6371,-24.6463,-10.5925,-18.1187,15.1183,1.4061,14.9530,1.1814,2.4758,3.9811,43,0.2300,43,0,0.9708,0.0250,0.0043,3.1811,2.6484,-0.4203,-2.5649,5.4241,0.0000,1,0.0828,0.1428,4.4082,-0.0008
4.6500,IMM-UKF,jink,0.500,10.00,0.150,1,0.600,1,6.3273,5.2441,-1.0833,1.1756,0.2569,0.1254,0.1128,6.0000,5.5816,1.6518,29.0823,0.5925,6.5454,-28.4909,22.2796,-27.2213,22.1143,-27.4459,9.1188,-24.2246,-10.4207,-17.4506,15.7342,1.2697,15.5689,1.0450,2.5734,4.2664,43,0.2400,43,0,0.9708,0.0250,0.0043,3.1483,2.4447,-0.4480,-2.4996,5.4545,0.0000,1,0.0828,0.1428,4.4082,-0.0008
4.6600,IMM-UKF,jink,0.500,10.00,0.150,1,0.600,1,6.3481,5.3095,-1.0386,1.2028,0.2569,0.1254,0.1116,6.0000,5.5816,1.6554,30.8567,0.5934,5.9425,-28.3400,22.2796,-27.2213,22.1143,-27.4459,8.6134,-23.7899,-10.2573,-16.8034,16.3371,1.1187,16.1718,0.8941,2.6709,4.5502,43,0.2500,43,0,0.9708,0.0250,0.0043,3.1168,2.2432,-0.4758,-2.4340,5.4841,0.0000,1,0.0828,0.1428,4.4082,-0.0008
4.6700,IMM-UKF,jink,0.500,10.00,0.150,1,0.600,1,6.3713,4.8529,-1.5184,0.9014,0.2553,0.1246,0.1119,6.0000,5.2497,1.3602,10.6554,0.5945,5.3528,-28.1752,15.9042,-28.8833,15.7507,-29.0562,6.1762,-26.5517,-15.2288,-18.9030,10.5514,-0.7081,10.3979,-0.8810,0.8234,1.6234,44,0.1600,44,0,0.9739,0.0219,0.0042,3.0866,2.0438,-0.5038,-2.3680,5.5129,0.0000,1,0.0828,0.1428,4.5105,-0.0008
4.6800,IMM-UKF,jink,0.500,10.00,0.150,1,0.600,1,6.3971,4.9040,-1.4931,0.9209,0.2553,0.1246,0.1103,6.0000,5.2497,1.3640,11.8231,0.5956,4.7771,-27.9970,15.9042,-28.8833,15.7507,-29.0562,5.6156,-26.1680,-15.0293,-18.2710,11.1272,-0.8863,10.9737,-1.0592,0.8386,1.8290,44,0.1700,44,0,0.9739,0.0219,0.0042,3.0577,1.8465,-0.5321,-2.3017,5.5410,0.0000,1,0.0828,0.1428,4.5105,-0.0008
4.6900,IMM-UKF,jink,0.500,10.00,0.150,1,0.600,1,6.4253,4.9586,-1.4667,0.9414,0.2553,0.1246,0.1087,6.0000,5.2497,1.3676,13.0416,0.5967,4.2157,-27.8061,15.9042,-28.8833,15.7507,-29.0562,5.0709,-25.7653,-14.8362,-17.6528,11.6886,-1.0772,11.5351,-1.2502,0.8553,2.0408,44,0.1800,44,0,0.9739,0.0219,0.0042,3.0299,1.6513,-0.5609,-2.2350,5.5682,0.0000,1,0.0828,0.1428,4.5105,-0.0008
4.7000,IMM-UKF,jink,0.500,10.00,0.150,1,0.600,1,6.4559,5.0167,-1.4392,0.9629,0.2553,0.1246,0.1069,6.0000,5.2497,1.3710,14.3051,0.5978,3.6691,-27.6029,15.9042,-28.8833,15.7507,-29.0562,4.5425,-25.3447,-14.6494,-17.0467,12.2351,-1.2804,12.0816,-1.4533,0.8734,2.2582,44,0.1900,44,0,0.9739,0.0219,0.0042,3.0032,1.4583,-0.5906,-2.1681,5.5946,0.0000,1,0.0828,0.1428,4.5105,-0.0008
4.7100,IMM-UKF,jink,0.500,10.00,0.150,1,0.600,1,6.4889,5.0781,-1.4108,0.9853,0.2553,0.1246,0.1049,6.0000,5.2497,1.3743,15.6105,0.5989,3.1378,-27.3882,15.9042,-28.8833,15.7507,-29.0562,4.0308,-24.9070,-14.4689,-16.4499,12.7665,-1.4951,12.6130,-1.6680,0.8930,2.4812,44,0.2000,44,0,0.9739,0.0219,0.0042,2.9777,1.2676,-0.6217,-2.1008,5.6202,0.0000,1,0.0998,0.1511,4.5105,-0.0005
4.7200,IMM-UKF,jink,0.500,10.00,0.150,1,0.600,1,6.5242,5.1427,-1.3814,1.0087,0.2553,0.1246,0.1028,6.0000,5.2497,1.3773,16.9605,0.6000,2.6220,-27.1624,15.9042,-28.8833,15.7507,-29.0562,3.5360,-24.4519,-14.2949,-15.8579,13.2822,-1.7209,13.1287,-1.8938,0.9140,2.7105,44,0.2100,44,0,0.9739,0.0219,0.0042,2.9531,1.0794,-0.6548,-2.0332,5.6450,0.0000,1,0.0998,0.1511,4.5105,-0.0005
4.7300,IMM-UKF,jink,0.500,10.00,0.150,1,0.600,1,6.5617,5.2102,-1.3515,1.0331,0.2553,0.1246,0.1006,6.0000,5.2497,1.3800,18.3698,0.6009,2.1220,-26.9258,15.9042,-28.8833,15.7507,-29.0562,3.0584,-23.9770,-14.1275,-15.2612,13.7822,-1.9575,13.6287,-2.1304,0.9363,2.9487,44,0.2200,44,0,0.9739,0.0219,0.0042,2.9295,0.8941,-0.6921,-1.9653,5.6690,0.0000,1,0.0998,0.1511,4.5105,-0.0005
4.7400,IMM-UKF,jink,0.500,10.00,0.150,1,0.600,1,6.6013,5.2795,-1.3217,1.0583,0.2553,0.1246,0.0983,6.0000,5.2497,1.3826,19.8943,0.6018,1.6381,-26.6785,15.9042,-28.8833,15.7507,-29.0562,2.5983,-23.4728,-13.9685,-14.6336,14.2661,-2.2048,14.1126,-2.3777,0.9602,3.2057,44,0.2300,44,0,0.9739,0.0219,0.0042,2.9067,0.7134,-0.7386,-1.8971,5.6922,0.0000,1,0.0998,0.1511,4.5105,-0.0005
4.7500,IMM-UKF,jink,0.500,10.00,0.150,1,0.600,1,6.6427,5.3446,-1.2981,1.0843,0.2553,0.1246,0.0958,6.0000,5.2497,1.3850,21.8568,0.6026,1.1704,-26.4189,15.9042,-28.8833,15.7507,-29.0562,2.1590,-22.8829,-13.8346,-13.8334,14.7338,-2.4644,14.5803,-2.6373,0.9885,3.5360,44,0.2400,44,0,0.9739,0.0219,0.0042,2.8841,0.5524,-0.8244,-1.8287,5.7145,0.0000,1,0.0998,0.1511,4.5105,-0.0005
4.7600,IMM-UKF,jink,0.500,10.00,0.150,1,0.600,1,6.6831,5.3417,-1.3415,1.1123,0.2553,0.1246,0.0933,6.0000,5.2497,1.3872,21.3692,0.6034,0.7209,-26.1638,15.9042,-28.8833,15.7507,-29.0562,1.8081,-22.7367,-14.0736,-13.7414,15.1834,-2.7195,15.0299,-2.8924,1.0872,3.4271,44,0.2500,44,0,0.9739,0.0219,0.0042,2.8473,0.7215,-0.8593,-1.7600,5.7361,0.0000,1,0.0998,0.1511,4.5105,-0.0005
4.7700,IMM-UKF,jink,0.500,10.00,0.150,1,0.600,1,6.7227,4.9808,-1.7420,0.8636,0.2601,0.1270,0.0858,6.0000,4.6716,1.9798,2.5862,0.6042,0.2888,-25.9173,8.4324,-28.8547,8.5798,-29.1605,-0.1053,-26.1653,-18.2611,-17.8508,8.1436,-2.9374,8.2910,-3.2432,-0.3941,-0.2480,45,0.1500,45,0,0.9709,0.0244,0.0047,2.8101,0.8939,-0.8438,-1.6910,5.7568,0.0000,1,0.0998,0.1511,4.6192,-0.0005
4.7800,IMM-UKF,jink,0.500,10.00,0.150,1,0.600,1,6.7615,4.9893,-1.7722,0.8834,0.2601,0.1270,0.0831,6.0000,4.6716,1.9794,3.6284,0.6050,-0.1265,-25.6800,8.4324,-28.8547,8.5798,-29.1605,-0.5530,-26.1497,-18.6096,-18.1479,8.5588,-3.1747,8.7062,-3.4805,-0.4265,-0.4698,45,0.1600,45,0,0.9709,0.0244,0.0047,2.7727,1.0639,-0.8180,-1.6218,5.7766,0.0000,1,0.0998,0.1511,4.6192,-0.0005
4.7900,IMM-UKF,jink,0.500,10.00,0.150,1,0.600,1,6.7994,4.9960,-1.8035,0.9044,0.2601,0.1270,0.0803,6.0000,4.6716,1.9789,4.9231,0.6057,-0.5255,-25.4519,8.4324,-28.8547,8.5798,-29.1605,-0.9898,-26.1607,-18.9640,-18.4817,8.9579,-3.4028,9.1052,-3.7086,-0.4643,-0.7088,45,0.1700,45,0,0.9709,0.0244,0.0047,2.7351,1.2317,-0.7880,-1.5524,5.7957,0.0000,1,0.0998,0.1511,4.6192,-0.0005
4.8000,IMM-UKF,jink,0.500,10.00,0.150,1,0.600,1,6.8366,5.0006,-1.8360,0.9264,0.2601,0.1270,0.0774,6.0000,4.6716,1.9784,6.3758,0.6063,-0.9089,-25.2331,8.4324,-28.8547,8.5798,-29.1605,-1.4166,-26.1956,-19.3249,-18.8428,9.3412,-3.6216,9.4886,-3.9274,-0.5078,-0.9625,45,0.1800,45,0,0.9709,0.0244,0.0047,2.6974,1.3974,-0.7560,-1.4827,5.8139,0.0000,1,0.0998,0.1511,4.6192,-0.0005
4.8100,IMM-UKF,jink,0.500,10.00,0.150,1,0.600,1,6.8728,5.0031,-1.8697,0.9494,0.2601,0.1270,0.0745,6.0000,4.6716,1.9786,7.9458,0.6066,-1.2774,-25.0235,8.4324,-28.8547,8.5798,-29.1605,-1.8342,-26.2530,-19.6932,-19.2274,9.7098,-3.8312,9.8572,-4.1370,-0.5568,-1.2295,45,0.1900,45,0,0.9709,0.0244,0.0047,2.6597,1.5613,-0.7228,-1.4129,5.8313,0.0000,1,0.1159,0.1445,4.6192,-0.0013
4.8200,IMM-UKF,jink,0.500,10.00,0.150,1,0.600,1,6.9082,5.0035,-1.9046,0.9735,0.2601,0.1270,0.0718,6.0000,4.6716,1.9817,9.6127,0.6058,-1.6329,-24.8229,8.4324,-28.8547,8.5798,-29.1605,-2.2435,-26.3321,-20.0697,-19.6335,10.0653,-4.0318,10.2127,-4.3375,-0.6106,-1.5092,45,0.2000,45,0,0.9709,0.0244,0.0047,2.6218,1.7234,-0.6891,-1.3428,5.8478,0.0000,1,0.1159,0.1445,4.6192,-0.0013
4.8300,IMM-UKF,jink,0.500,10.00,0.150,1,0.600,1,6.9426,5.0019,-1.9407,0.9987,0.2601,0.1270,0.0691,6.0000,4.6716,1.9845,11.3700,0.6047,-1.9742,-24.6313,8.4324,-28.8547,8.5798,-29.1605,-2.6451,-26.4323,-20.4550,-20.0603,10.4066,-4.2234,10.5540,-4.5292,-0.6710,-1.8010,45,0.2100,45,0,0.9709,0.0244,0.0047,2.5840,1.8837,-0.6551,-1.2725,5.8635,0.0000,1,0.1159,0.1445,4.6192,-0.0013
4.8400,IMM-UKF,jink,0.500,10.00,0.150,1,0.600,1,6.9762,4.9983,-1.9779,1.0248,0.2601,0.1270,0.0666,6.0000,4.6716,1.9846,13.2151,0.6046,-2.3005,-24.4485,8.4324,-28.8547,8.5798,-29.1605,-3.0399,-26.5533,-20.8501,-20.5073,10.7329,-4.4062,10.8803,-4.7120,-0.7394,-2.1049,45,0.2200,45,0,0.9709,0.0244,0.0047,2.5461,2.0423,-0.6210,-1.2021,5.8784,0.0000,1,0.1159,0.1445,4.6192,-0.0013
4.8500,IMM-UKF,jink,0.500,10.00,0.150,1,0.600,1,7.0088,4.9926,-2.0162,1.0519,0.2601,0.1270,0.0641,6.0000,4.6716,1.9838,15.1437,0.6047,-2.6132,-24.2742,8.4324,-28.8547,8.5798,-29.1605,-3.4286,-26.6948,-21.2558,-20.9744,11.0456,-4.5805,11.1930,-4.8863,-0.8154,-2.4206,45,0.2300,45,0,0.9709,0.0244,0.0047,2.5082,2.1993,-0.5871,-1.1314,5.8924,0.0000,1,0.1159,0.1445,4.6192,-0.0013
4.8600,IMM-UKF,jink,0.500,10.00,0.150,1,0.600,1,7.0404,4.9849,-2.0554,1.0800,0.2601,0.1270,0.0615,6.0000,4.6716,1.9831,17.1544,0.6048,-2.9131,-24.1083,8.4324,-28.8547,8.5798,-29.1605,-3.8119,-26.8565,-21.6730,-21.4618,11.3455,-4.7464,11.4929,-5.0521,-0.8987,-2.7482,45,0.2400,45,0,0.9709,0.0244,0.0047,2.4704,2.3547,-0.5532,-1.0607,5.9055,0.0000,1,0.1159,0.1445,4.6192,-0.0013
4.8700,IMM-UKF,jink,0.500,10.00,0.150,1,0.600,1,7.0710,5.0368,-2.0342,0.8822,0.2606,0.1269,0.0585,6.0000,4.6521,1.9854,9.6359,0.6048,-3.2007,-23.9507,3.1378,-27.3882,3.5066,-27.3200,-3.7839,-25.4715,-20.1443,-19.6061,6.3385,-3.4375,6.7073,-3.3693,-0.5832,-1.5208,46,0.1600,46,0,0.9716,0.0235,0.0049,2.4326,2.5085,-0.5197,-0.9897,5.9178,0.0000,1,0.1159,0.1445,4.7095,-0.0013
4.8800,IMM-UKF,jink,0.500,10.00,0.150,1,0.600,1,7.1006,5.0352,-2.0654,0.9034,0.2606,0.1269,0.0558,6.0000,4.6521,1.9841,10.9963,0.6049,-3.4763,-23.8012,3.1378,-27.3882,3.5066,-27.3200,-4.1441,-25.5358,-20.5085,-20.0171,6.6140,-3.5870,6.9828,-3.5188,-0.6679,-1.7345,46,0.1700,46,0,0.9716,0.0235,0.0049,2.3950,2.6607,-0.4864,-0.9186,5.9293,0.0000,1,0.1159,0.1445,4.7095,-0.0013
4.8900,IMM-UKF,jink,0.500,10.00,0.150,1,0.600,1,7.1292,5.0315,-2.0977,0.9258,0.2606,0.1269,0.0531,6.0000,4.6521,1.9828,12.4311,0.6050,-3.7402,-23.6597,3.1378,-27.3882,3.5066,-27.3200,-4.4985,-25.6192,-20.8828,-20.4463,6.8780,-3.7285,7.2468,-3.6604,-0.7583,-1.9596,46,0.1800,46,0,0.9716,0.0235,0.0049,2.3574,2.8113,-0.4535,-0.8474,5.9399,0.0000,1,0.1159,0.1445,4.7095,-0.0013
4.9000,IMM-UKF,jink,0.500,10.00,0.150,1,0.600,1,7.1567,5.0257,-2.1310,0.9491,0.2606,0.1269,0.0503,6.0000,4.6521,1.9816,13.9406,0.6051,-3.9929,-23.5259,3.1378,-27.3882,3.5066,-27.3200,-4.8476,-25.7217,-21.2680,-20.8940,7.1306,-3.8623,7.4994,-3.7942,-0.8547,-2.1958,46,0.1900,46,0,0.9716,0.0235,0.0049,2.3200,2.9605,-0.4209,-0.7761,5.9496,0.0000,1,0.1159,0.1445,4.7095,-0.0013
4.9100,IMM-UKF,jink,0.500,10.00,0.150,1,0.600,1,7.1832,5.0179,-2.1653,0.9735,0.2606,0.1269,0.0475,6.0000,4.6521,1.9806,15.5258,0.6052,-4.2346,-23.3997,3.1378,-27.3882,3.5066,-27.3200,-5.1922,-25.8431,-21.6650,-21.3608,7.3723,-3.9885,7.7411,-3.9203,-0.9576,-2.4433,46,0.2000,46,0,0.9716,0.0235,0.0049,2.2827,3.1081,-0.3887,-0.7046,5.9585,0.0000,1,0.1159,0.1445,4.7095,-0.0013
4.9200,IMM-UKF,jink,0.500,10.00,0.150,1,0.600,1,7.2086,5.0080,-2.2006,0.9989,0.2606,0.1269,0.0446,6.0000,4.6521,1.9796,17.1876,0.6053,-4.4656,-23.2811,3.1378,-27.3882,3.5066,-27.3200,-5.5328,-25.9832,-22.0749,-21.8471,7.6034,-4.1072,7.9722,-4.0390,-1.0672,-2.7021,46,0.2100,46,0,0.9716,0.0235,0.0049,2.2457,3.2543,-0.3570,-0.6331,5.9665,0.0000,1,0.1159,0.1445,4.7095,-0.0013
4.9300,IMM-UKF,jink,0.500,10.00,0.150,1,0.600,1,7.2329,4.9962,-2.2367,1.0254,0.2606,0.1269,0.0431,6.0000,4.6521,2.0115,18.9159,0.6016,-4.6923,-23.1697,3.1378,-27.3882,3.5066,-27.3200,-5.8701,-26.1421,-22.4987,-22.3534,7.8301,-4.2185,8.1989,-4.1503,-1.1778,-2.9723,46,0.2200,46,0,0.9716,0.0235,0.0049,2.2088,3.3990,-0.3257,-0.5614,5.9737,0.0000,1,0.1094,0.1431,4.7095,0.0017
4.9400,IMM-UKF,jink,0.500,10.00,0.150,1,0.600,1,7.2561,4.9824,-2.2737,1.0527,0.2606,0.1269,0.0431,6.0000,4.6521,2.0795,20.7108,0.5991,-4.9156,-23.0657,3.1378,-27.3882,3.5066,-27.3200,-6.2047,-26.3196,-22.9376,-22.8805,8.0534,-4.3225,8.4222,-4.2543,-1.2891,-3.2539,46,0.2300,46,0,0.9716,0.0235,0.0049,2.1721,3.5423,-0.2949,-0.4897,5.9800,0.0000,1,0.1094,0.1431,4.7095,0.0017
4.9500,IMM-UKF,jink,0.500,10.00,0.150,1,0.600,1,7.2782,4.9667,-2.3115,1.0811,0.2606,0.1269,0.0431,6.0000,4.6521,2.1443,22.5864,0.6026,-5.1283,-22.9690,3.1378,-27.3882,3.5066,-27.3200,-6.5373,-26.5159,-23.3927,-23.4288,8.2661,-4.4192,8.6349,-4.3510,-1.4089,-3.5469,46,0.2400,46,0,0.9716,0.0235,0.0049,2.1357,3.6842,-0.2645,-0.4179,5.9854,0.0000,1,0.1094,0.1431,4.7095,0.0017
4.9600,IMM-UKF,jink,0.500,10.00,0.150,1,0.600,1,7.2992,5.3134,-1.9858,0.8771,0.2588,0.1248,0.0477,6.0000,5.1213,1.7609,10.9823,0.6004,-5.3193,-22.8792,-1.2774,-25.0235,-1.0202,-25.1596,-6.3339,-24.4619,-20.4266,-21.4064,4.0418,-2.1443,4.2990,-2.2804,-1.0147,-1.5826,47,0.1500,47,0,0.9734,0.0226,0.0040,2.0996,3.8247,-0.2346,-0.3461,5.9900,0.0000,1,0.1094,0.1431,4.8087,0.0017
4.9700,IMM-UKF,jink,0.500,10.00,0.150,1,0.600,1,7.3190,5.3090,-2.0100,0.8978,0.2588,0.1248,0.0504,6.0000,5.1213,1.7584,12.2055,0.5983,-5.5008,-22.7963,-1.2774,-25.0235,-1.0202,-25.1596,-6.6288,-24.5549,-20.7623,-21.8340,4.2233,-2.2272,4.4806,-2.3634,-1.1280,-1.7586,47,0.1600,47,0,0.9734,0.0226,0.0040,2.0637,3.9637,-0.2051,-0.2742,5.9937,0.0000,1,0.1094,0.1431,4.8087,0.0017
4.9800,IMM-UKF,jink,0.500,10.00,0.150,1,0.600,1,7.3377,5.3026,-2.0351,0.9195,0.2588,0.1248,0.0530,6.0000,5.1213,1.7560,13.4945,0.5963,-5.6732,-22.7200,-1.2774,-25.0235,-1.0202,-25.1596,-6.9203,-24.6642,-21.1086,-22.2785,4.3957,-2.3035,4.6530,-2.4396,-1.2471,-1.9442,47,0.1700,47,0,0.9734,0.0226,0.0040,2.0281,4.1014,-0.1761,-0.2022,5.9966,0.0000,1,0.1094,0.1431,4.8087,0.0017
4.9900,IMM-UKF,jink,0.500,10.00,0.150,1,0.600,1,7.3552,5.2941,-2.0611,0.9422,0.2588,0.1248,0.0555,6.0000,5.1213,1.7535,14.8501,0.5944,-5.8366,-22.6504,-1.2774,-25.0235,-1.0202,-25.1596,-7.2090,-24.7897,-21.4663,-22.7403,4.5592,-2.3731,4.8164,-2.5093,-1.3724,-2.1393,47,0.1800,47,0,0.9734,0.0226,0.0040,1.9928,4.2378,-0.1477,-0.1302,5.9986,0.0000,1,0.1094,0.1431,4.8087,0.0017
5.0000,IMM-UKF,jink,0.500,10.00,0.150,1,0.600,1,7.3716,5.2838,-2.0879,0.9659,0.2588,0.1248,0.0579,6.0000,5.1213,1.7511,16.2733,0.5926,-5.9913,-22.5872,-1.2774,-25.0235,-1.0202,-25.1596,-7.4955,-24.9313,-21.8363,-23.2200,4.7139,-2.4363,4.9711,-2.5725,-1.5042,-2.3441,47,0.1900,47,0,0.9734,0.0226,0.0040,1.9579,4.3728,-0.1197,-0.0583,5.9997,0.0000,1,0.1094,0.1431,4.8087,0.0017
5.0100,IMM-UKF,jink,0.500,10.00,0.150,1,0.600,1,7.3868,5.2715,-2.1154,0.9905,0.2588,0.1248,0.0602,6.0000,5.1213,1.7488,17.7652,0.5908,-6.1375,-22.5304,-1.2774,-25.0235,-1.0202,-25.1596,-7.7802,-25.0890,-22.2195,-23.7180,4.8601,-2.4931,5.1173,-2.6292,-1.6427,-2.5586,47,0.2000,47,0,0.9734,0.0226,0.0040,1.9233,4.5065,-0.0922,0.0137,6.0000,0.0000,1,0.1094,0.1431,4.8087,0.0017
5.0200,IMM-UKF,jink,0.500,10.00,0.150,1,0.600,1,7.4009,5.2573,-2.1436,1.0161,0.2588,0.1248,0.0624,6.0000,5.1213,1.7464,19.3271,0.5891,-6.2753,-22.4799,-1.2774,-25.0235,-1.0202,-25.1596,-8.0637,-25.2626,-22.6171,-24.2349,4.9979,-2.5436,5.2551,-2.6797,-1.7884,-2.7827,47,0.2100,47,0,0.9734,0.0226,0.0040,1.8890,4.6389,-0.0652,0.0857,5.9994,0.0000,1,0.1094,0.1431,4.8087,0.0017
5.0300,IMM-UKF,jink,0.500,10.00,0.150,1,0.600,1,7.4137,5.2413,-2.1725,1.0427,0.2588,0.1248,0.0645,6.0000,5.1213,1.7441,20.9606,0.5875,-6.4050,-22.4356,-1.2774,-25.0235,-1.0202,-25.1596,-8.3465,-25.4523,-23.0302,-24.7712,5.1275,-2.5879,5.3847,-2.7240,-1.9416,-3.0167,47,0.2200,47,0,0.9734,0.0226,0.0040,1.8552,4.7700,-0.0386,0.1577,5.9979,0.0000,1,0.1094,0.1431,4.8087,0.0017
5.0400,IMM-UKF,jink,0.500,10.00,0.150,1,0.600,1,7.4254,5.2234,-2.2020,1.0702,0.2588,0.1248,0.0666,6.0000,5.1213,1.7418,22.6672,0.5860,-6.5266,-22.3974,-1.2774,-25.0235,-1.0202,-25.1596,-8.6291,-25.6581,-23.4600,-25.3274,5.2491,-2.6260,5.5063,-2.7622,-2.1026,-3.2606,47,0.2300,47,0,0.9734,0.0226,0.0040,1.8217,4.8999,-0.0126,0.2297,5.9956,0.0000,1,0.0910,0.1580,4.8087,0.0012
5.0500,IMM-UKF,jink,0.500,10.00,0.150,1,0.600,1,7.4358,5.2038,-2.2321,1.0987,0.2588,0.1248,0.0685,6.0000,5.1213,1.7395,24.4489,0.5846,-6.6403,-22.3653,-1.2774,-25.0235,-1.0202,-25.1596,-8.9121,-25.8800,-23.9078,-25.9042,5.3628,-2.6582,5.6201,-2.7943,-2.2719,-3.5146,47,0.2400,47,0,0.9734,0.0226,0.0040,1.7886,5.0285,0.0129,0.3016,5.9924,0.0000,1,0.0910,0.1580,4.8087,0.0012
5.0600,IMM-UKF,jink,0.500,10.00,0.150,1,0.600,1,7.4451,5.1824,-2.2627,1.1280,0.2588,0.1248,0.0705,6.0000,5.1213,1.7391,26.3065,0.5834,-6.7466,-22.3392,-1.2774,-25.0235,-1.0202,-25.1596,-9.1960,-26.1180,-24.3750,-26.5021,5.4692,-2.6843,5.7264,-2.8205,-2.4494,-3.7789,47,0.2500,47,0,0.9734,0.0226,0.0040,1.7560,5.1558,0.0379,0.3735,5.9884,0.0000,1,0.0910,0.1580,4.8087,0.0012
5.0700,IMM-UKF,jink,0.500,10.00,0.150,1,0.600,1,7.4532,5.1594,-2.2938,1.1582,0.2588,0.1248,0.0726,6.0000,5.1213,1.7431,28.2412,0.5830,-6.8463,-22.3189,-1.2774,-25.0235,-1.0202,-25.1596,-9.4814,-26.3725,-24.8633,-27.1217,5.5688,-2.7046,5.8260,-2.8407,-2.6351,-4.0536,47,0.2600,47,0,0.9734,0.0226,0.0040,1.7238,5.2819,0.0624,0.4453,5.9835,0.0000,1,0.0910,0.1580,4.8087,0.0012
5.0800,IMM-UKF,jink,0.500,10.00,0.150,1,0.600,1,7.4601,5.7384,-1.7217,0.9549,0.2588,0.1231,0.0746,6.0000,6.1484,0.9994,8.9828,0.5824,-6.9384,-22.3045,-4.6923,-23.1697,-4.5576,-23.0903,-8.4745,-22.7956,-19.1326,-20.8715,2.2461,-0.8652,2.3808,-0.7858,-1.5361,-0.4911,48,0.1500,48,0,0.9702,0.0257,0.0041,1.6921,5.4068,0.0864,0.5171,5.9777,0.0000,1,0.0910,0.1580,4.9317,0.0012
5.0900,IMM-UKF,jink,0.500,10.00,0.150,1,0.600,1,7.4657,5.7312,-1.7346,0.9762,0.2588,0.1231,0.0766,6.0000,6.1484,1.0026,9.8370,0.5817,-7.0229,-22.2959,-4.6923,-23.1697,-4.5576,-23.0903,-8.6900,-22.8730,-19.3954,-21.2346,2.3306,-0.8738,2.4652,-0.7944,-1.6672,-0.5771,48,0.1600,48,0,0.9702,0.0257,0.0041,1.6608,5.5305,0.1099,0.5888,5.9710,0.0000,1,0.0910,0.1580,4.9317,0.0012
5.1000,IMM-UKF,jink,0.500,10.00,0.150,1,0.600,1,7.4702,5.7221,-1.7481,0.9984,0.2588,0.1231,0.0787,6.0000,6.1484,1.0015,10.7460,0.5804,-7.0992,-22.2930,-4.6923,-23.1697,-4.5576,-23.0903,-8.9043,-22.9630,-19.6672,-21.6110,2.4069,-0.8767,2.5416,-0.7973,-1.8051,-0.6700,48,0.1700,48,0,0.9702,0.0257,0.0041,1.6300,5.6530,0.1329,0.6604,5.9635,0.0000,1,0.0910,0.1580,4.9317,0.0012
5.1100,IMM-UKF,jink,0.500,10.00,0.150,1,0.600,1,7.4734,5.7111,-1.7623,1.0215,0.2588,0.1231,0.0808,6.0000,6.1484,1.0005,11.7069,0.5792,-7.1685,-22.2958,-4.6923,-23.1697,-4.5576,-23.0903,-9.1178,-23.0653,-19.9488,-22.0009,2.4762,-0.8739,2.6108,-0.7945,-1.9493,-0.7695,48,0.1800,48,0,0.9702,0.0257,0.0041,1.5997,5.7744,0.1553,0.7319,5.9552,0.0000,1,0.0910,0.1580,4.9317,0.0012
5.1200,IMM-UKF,jink,0.500,10.00,0.150,1,0.600,1,7.4755,5.6982,-1.7772,1.0456,0.2588,0.1231,0.0828,6.0000,6.1484,0.9995,12.7211,0.5780,-7.2307,-22.3042,-4.6923,-23.1697,-4.5576,-23.0903,-9.3308,-23.1800,-20.2410,-22.4048,2.5384,-0.8655,2.6730,-0.7861,-2.1001,-0.8757,48,0.1900,48,0,0.9702,0.0257,0.0041,1.5699,5.8946,0.1772,0.8033,5.9460,0.0000,1,0.0910,0.1580,4.9317,0.0012
5.1300,IMM-UKF,jink,0.500,10.00,0.150,1,0.600,1,7.4763,5.6836,-1.7927,1.0706,0.2588,0.1231,0.0847,6.0000,6.1484,0.9983,13.7900,0.5770,-7.2859,-22.3183,-4.6923,-23.1697,-4.5576,-23.0903,-9.5437,-23.3068,-20.5444,-22.8229,2.5936,-0.8515,2.7283,-0.7721,-2.2578,-0.9886,48,0.2000,48,0,0.9702,0.0257,0.0041,1.5406,6.0136,0.1987,0.8746,5.9359,0.0000,1,0.0910,0.1580,4.9317,0.0012
5.1400,IMM-UKF,jink,0.500,10.00,0.150,1,0.600,1,7.4759,5.6671,-1.8088,1.0965,0.2588,0.1231,0.0865,6.0000,6.1484,0.9972,14.9149,0.5760,-7.3343,-22.3378,-4.6923,-23.1697,-4.5576,-23.0903,-9.7570,-23.4458,-20.8600,-23.2555,2.6420,-0.8319,2.7767,-0.7525,-2.4227,-1.1080,48,0.2100,48,0,0.9702,0.0257,0.0041,1.5119,6.1315,0.2195,0.9458,5.9250,0.0000,1,0.0996,0.1467,4.9317,-0.0002
5.1500,IMM-UKF,jink,0.500,10.00,0.150,1,0.600,1,7.4743,5.6489,-1.8254,1.1233,0.2588,0.1231,0.0883,6.0000,6.1484,0.9960,16.0973,0.5750,-7.3760,-22.3629,-4.6923,-23.1697,-4.5576,-23.0903,-9.9711,-23.5969,-21.1888,-23.7032,2.6837,-0.8068,2.8183,-0.7274,-2.5952,-1.2340,48,0.2200,48,0,0.9702,0.0257,0.0041,1.4837,6.2483,0.2399,1.0168,5.9132,0.0000,1,0.0996,0.1467,4.9317,-0.0002
5.1600,IMM-UKF,jink,0.500,10.00,0.150,1,0.600,1,7.4715,5.6289,-1.8425,1.1511,0.2588,0.1231,0.0900,6.0000,6.1484,0.9947,17.3386,0.5742,-7.4109,-22.3935,-4.6923,-23.1697,-4.5576,-23.0903,-10.1864,-23.7600,-21.5317,-24.1661,2.7186,-0.7762,2.8533,-0.6968,-2.7755,-1.3665,48,0.2300,48,0,0.9702,0.0257,0.0041,1.4560,6.3640,0.2597,1.0877,5.9006,0.0000,1,0.0996,0.1467,4.9317,-0.0002
5.1700,IMM-UKF,jink,0.500,10.00,0.150,1,0.600,1,7.4674,5.6073,-1.8602,1.1797,0.2588,0.1231,0.0916,6.0000,6.1484,0.9935,18.6402,0.5734,-7.4392,-22.4296,-4.6923,-23.1697,-4.5576,-23.0903,-10.4033,-23.9352,-21.8898,-24.6447,2.7469,-0.7402,2.8815,-0.6608,-2.9642,-1.5056,48,0.2400,48,0,0.9702,0.0257,0.0041,1.4289,6.4786,0.2790,1.1584,5.8871,0.0000,1,0.0996,0.1467,4.9317,-0.0002
5.1800,IMM-UKF,jink,0.500,10.00,0.150,1,0.600,1,7.4622,5.5840,-1.8782,1.2091,0.2588,0.1231,0.0931,6.0000,6.1484,0.9922,20.0036,0.5727,-7.4609,-22.4711,-4.6923,-23.1697,-4.5576,-23.0903,-10.6224,-24.1223,-22.2642,-25.1392,2.7686,-0.6986,2.9032,-0.6192,-3.1615,-1.6512,48,0.2500,48,0,0.9702,0.0257,0.0041,1.4025,6.5921,0.2977,1.2290,5.8728,0.0000,1,0.0996,0.1467,4.9317,-0.0002
5.1900,IMM-UKF,jink,0.500,10.00,0.150,1,0.600,1,7.4558,5.5591,-1.8967,1.2395,0.2588,0.1231,0.0946,6.0000,6.1484,0.9908,21.4306,0.5720,-7.4761,-22.5181,-4.6923,-23.1697,-4.5576,-23.0903,-10.8439,-24.3215,-22.6562,-25.6502,2.7837,-0.6517,2.9184,-0.5723,-3.3679,-1.8034,48,0.2600,48,0,0.9702,0.0257,0.0041,1.3766,6.7045,0.3158,1.2994,5.8576,0.0000,1,0.0996,0.1467,4.9317,-0.0002
5.2000,IMM-UKF,jink,0.500,10.00,0.150,1,0.600,1,7.4481,5.7744,-1.6737,1.0542,0.2557,0.1201,0.0992,6.0000,6.4473,0.7899,10.3920,0.5714,-7.4848,-22.5704,-6.5266,-22.3974,-6.4230,-22.4922,-9.2611,-23.1509,-17.2146,-24.8269,0.9582,0.1730,1.0618,0.0783,-1.7763,-0.5805,49,0.1600,49,0,0.9704,0.0251,0.0045,1.3513,6.8159,0.3334,1.3696,5.8416,0.0000,1,0.0996,0.1467,5.0412,-0.0002
5.2100,IMM-UKF,jink,0.500,10.00,0.150,1,0.600,1,7.4392,5.7582,-1.6810,1.0766,0.2557,0.1201,0.1005,6.0000,6.4473,0.7883,11.2989,0.5709,-7.4871,-22.6283,-6.5266,-22.3974,-6.4230,-22.4922,-9.4077,-23.2895,-17.4428,-25.2726,0.9605,0.2308,1.0641,0.1361,-1.9207,-0.6613,49,0.1700,49,0,0.9704,0.0251,0.0045,1.3267,6.9262,0.3504,1.4396,5.8247,0.0000,1,0.0996,0.1467,5.0412,-0.0002
5.2200,IMM-UKF,jink,0.500,10.00,0.150,1,0.600,1,7.4292,5.7403,-1.6889,1.0998,0.2557,0.1201,0.1018,6.0000,6.4473,0.7868,12.2554,0.5704,-7.4830,-22.6915,-6.5266,-22.3974,-6.4230,-22.4922,-9.5551,-23.4391,-17.6821,-25.7332,0.9564,0.2940,1.0600,0.1993,-2.0721,-0.7476,49,0.1800,49,0,0.9704,0.0251,0.0045,1.3026,7.0356,0.3667,1.5094,5.8071,0.0000,1,0.0996,0.1467,5.0412,-0.0002
5.2300,IMM-UKF,jink,0.500,10.00,0.150,1,0.600,1,7.4179,5.7207,-1.6972,1.1239,0.2557,0.1201,0.1030,6.0000,6.4473,0.7853,13.2631,0.5701,-7.4725,-22.7601,-6.5266,-22.3974,-6.4230,-22.4922,-9.7036,-23.5995,-17.9334,-26.2089,0.9459,0.3627,1.0495,0.2679,-2.2311,-0.8394,49,0.1900,49,0,0.9704,0.0251,0.0045,1.2793,7.1438,0.3825,1.5789,5.7885,0.0000,1,0.0996,0.1467,5.0412,-0.0002
5.2400,IMM-UKF,jink,0.500,10.00,0.150,1,0.600,1,7.4055,5.6994,-1.7061,1.1489,0.2557,0.1201,0.1042,6.0000,6.4473,0.7839,14.3232,0.5697,-7.4557,-22.8342,-6.5266,-22.3974,-6.4230,-22.4922,-9.8534,-23.7707,-18.1976,-26.7002,0.9292,0.4367,1.0327,0.3420,-2.3977,-0.9365,49,0.2000,49,0,0.9704,0.0251,0.0045,1.2566,7.2511,0.3976,1.6483,5.7692,0.0000,1,0.0970,0.1489,5.0412,0.0002
5.2500,IMM-UKF,jink,0.500,10.00,0.150,1,0.600,1,7.3918,5.6764,-1.7154,1.1747,0.2557,0.1201,0.1053,6.0000,6.4473,0.7825,15.4371,0.5695,-7.4326,-22.9137,-6.5266,-22.3974,-6.4230,-22.4922,-10.0052,-23.9526,-18.4759,-27.2072,0.9061,0.5162,1.0096,0.4215,-2.5726,-1.0389,49,0.2100,49,0,0.9704,0.0251,0.0045,1.2345,7.3574,0.4121,1.7174,5.7490,0.0000,1,0.0970,0.1489,5.0412,0.0002
5.2600,IMM-UKF,jink,0.500,10.00,0.150,1,0.600,1,7.3770,5.6519,-1.7251,1.2014,0.2557,0.1201,0.1063,6.0000,6.4473,0.7811,16.6063,0.5693,-7.4032,-22.9986,-6.5266,-22.3974,-6.4230,-22.4922,-10.1591,-24.1451,-18.7694,-27.7302,0.8767,0.6011,0.9803,0.5064,-2.7559,-1.1465,49,0.2200,49,0,0.9704,0.0251,0.0045,1.2132,7.4627,0.4259,1.7862,5.7279,0.0000,1,0.0970,0.1489,5.0412,0.0002
5.2700,IMM-UKF,jink,0.500,10.00,0.150,1,0.600,1,7.3609,5.6257,-1.7352,1.2289,0.2557,0.1201,0.1073,6.0000,6.4473,0.7798,17.8321,0.5691,-7.3676,-23.0890,-6.5266,-22.3974,-6.4230,-22.4922,-10.3157,-24.3481,-19.0793,-28.2694,0.8410,0.6915,0.9446,0.5968,-2.9481,-1.2592,49,0.2300,49,0,0.9704,0.0251,0.0045,1.1925,7.5671,0.4390,1.8548,5.7061,0.0000,1,0.0970,0.1489,5.0412,0.0002
5.2800,IMM-UKF,jink,0.500,10.00,0.150,1,0.600,1,7.3437,5.5980,-1.7457,1.2572,0.2557,0.1201,0.1083,6.0000,6.4473,0.7785,19.1161,0.5690,-7.3256,-23.1848,-6.5266,-22.3974,-6.4230,-22.4922,-10.4754,-24.5616,-19.4071,-28.8251,0.7990,0.7873,0.9026,0.6926,-3.1498,-1.3769,49,0.2400,49,0,0.9704,0.0251,0.0045,1.1726,7.6704,0.4513,1.9232,5.6834,0.0000,1,0.0970,0.1489,5.0412,0.0002
5.2900,IMM-UKF,jink,0.500,10.00,0.150,1,0.600,1,7.3253,5.5681,-1.7572,1.0834,0.2551,0.1184,0.1096,6.0000,6.4289,0.1124,10.1463,0.5690,-7.2774,-23.2861,-7.3343,-22.3378,-7.3318,-22.3199,-9.1204,-23.3937,-14.8736,-27.2809,-0.0570,0.9483,-0.0544,0.9662,-1.8430,-0.1076,50,0.1500,50,0,0.9678,0.0267,0.0055,1.1533,7.7729,0.4629,1.9912,5.6599,0.0000,1,0.0970,0.1489,5.1398,0.0002
5.3000,IMM-UKF,jink,0.500,10.00,0.150,1,0.600,1,7.3058,5.5433,-1.7625,1.1050,0.2551,0.1184,0.1105,6.0000,6.4289,0.1124,10.9949,0.5690,-7.2229,-23.3929,-7.3343,-22.3378,-7.3318,-22.3199,-9.2185,-23.5508,-15.0757,-27.7918,-0.1115,1.0551,-0.1089,1.0730,-1.9956,-0.1579,50,0.1600,50,0,0.9678,0.0267,0.0055,1.1349,7.8743,0.4736,2.0590,5.6356,0.0000,1,0.0970,0.1489,5.1398,0.0002
5.3100,IMM-UKF,jink,0.500,10.00,0.150,1,0.600,1,7.2850,5.5168,-1.7683,1.1275,0.2551,0.1184,0.1112,6.0000,6.4289,0.1125,11.8932,0.5691,-7.1621,-23.5052,-7.3343,-22.3378,-7.3318,-22.3199,-9.3185,-23.7178,-15.2918,-28.3194,-0.1723,1.1674,-0.1697,1.1853,-2.1564,-0.2126,50,0.1700,50,0,0.9678,0.0267,0.0055,1.1171,7.9749,0.4834,2.1265,5.6105,0.0000,1,0.0970,0.1489,5.1398,0.0002
5.3200,IMM-UKF,jink,0.500,10.00,0.150,1,0.600,1,7.2632,5.4886,-1.7745,1.1508,0.2551,0.1184,0.1120,6.0000,6.4289,0.1125,12.8430,0.5693,-7.0950,-23.6231,-7.3343,-22.3378,-7.3318,-22.3199,-9.4208,-23.8944,-15.5230,-28.8638,-0.2394,1.2853,-0.2368,1.3032,-2.3258,-0.2714,50,0.1800,50,0,0.9678,0.0267,0.0055,1.1002,8.0745,0.4923,2.1937,5.5846,0.0000,1,0.0970,0.1489,5.1398,0.0002
5.3300,IMM-UKF,jink,0.500,10.00,0.150,1,0.600,1,7.2401,5.4589,-1.7812,1.1750,0.2551,0.1184,0.1126,6.0000,6.4289,0.1126,13.8462,0.5695,-7.0215,-23.7465,-7.3343,-22.3378,-7.3318,-22.3199,-9.5256,-24.0805,-15.7710,-29.4250,-0.3128,1.4087,-0.3102,1.4266,-2.5041,-0.3340,50,0.1900,50,0,0.9678,0.0267,0.0055,1.0840,8.1732,0.5002,2.2605,5.5579,0.0000,1,0.0970,0.1489,5.1398,0.0002
5.3400,IMM-UKF,jink,0.500,10.00,0.150,1,0.600,1,7.2159,5.4275,-1.7883,1.2000,0.2551,0.1184,0.1133,6.0000,6.4289,0.1126,14.9045,0.5697,-6.9417,-23.8755,-7.3343,-22.3378,-7.3318,-22.3199,-9.6335,-24.2757,-16.0372,-30.0027,-0.3926,1.5376,-0.3900,1.5556,-2.6918,-0.4002,50,0.2000,50,0,0.9678,0.0267,0.0055,1.0686,8.2711,0.5070,2.3271,5.5304,0.0000,1,0.0963,0.1576,5.1398,0.0003
5.3500,IMM-UKF,jink,0.500,10.00,0.150,1,0.600,1,7.1905,5.3946,-1.7959,1.2259,0.2551,0.1184,0.1138,6.0000,6.4289,0.1126,16.0196,0.5700,-6.8555,-24.0100,-7.3343,-22.3378,-7.3318,-22.3199,-9.7449,-24.4797,-16.3234,-30.5967,-0.4788,1.6722,-0.4762,1.6901,-2.8893,-0.4696,50,0.2100,50,0,0.9678,0.0267,0.0055,1.0540,8.3680,0.5125,2.3933,5.5020,0.0000,1,0.0963,0.1576,5.1398,0.0003
5.3600,IMM-UKF,jink,0.500,10.00,0.150,1,0.600,1,7.1640,5.3601,-1.8039,1.2525,0.2551,0.1184,0.1144,6.0000,6.4289,0.1126,17.1931,0.5704,-6.7629,-24.1502,-7.3343,-22.3378,-7.3318,-22.3199,-9.8602,-24.6920,-16.6315,-31.2062,-0.5714,1.8123,-0.5689,1.8303,-3.0973,-0.5418,50,0.2200,50,0,0.9678,0.0267,0.0055,1.0402,8.4640,0.5167,2.4591,5.4729,0.0000,1,0.0963,0.1576,5.1398,0.0003
5.3700,IMM-UKF,jink,0.500,10.00,0.150,1,0.600,1,7.1363,5.3241,-1.8123,1.2800,0.2551,0.1184,0.1149,6.0000,6.4289,0.1125,18.4264,0.5709,-6.6638,-24.2959,-7.3343,-22.3378,-7.3318,-22.3199,-9.9799,-24.9120,-16.9637,-31.8303,-0.6705,1.9581,-0.6680,1.9760,-3.3161,-0.6161,50,0.2300,50,0,0.9678,0.0267,0.0055,1.0272,8.5592,0.5194,2.5246,5.4430,0.0000,1,0.0963,0.1576,5.1398,0.0003
5.3800,IMM-UKF,jink,0.500,10.00,0.150,1,0.600,1,7.1075,5.2865,-1.8211,1.3084,0.2551,0.1184,0.1153,6.0000,6.4289,0.1125,19.7207,0.5713,-6.5582,-24.4472,-7.3343,-22.3378,-7.3318,-22.3199,-10.1047,-25.1390,-17.3224,-32.4673,-0.7762,2.1094,-0.7736,2.1273,-3.5465,-0.6918,50,0.2400,50,0,0.9678,0.0267,0.0055,1.0151,8.6535,0.5202,2.5897,5.4123,0.0000,1,0.0963,0.1576,5.1398,0.0003
5.3900,IMM-UKF,jink,0.500,10.00,0.150,1,0.600,1,7.0776,5.1276,-1.9500,1.0944,0.2547,0.1164,0.1163,6.0000,6.2434,1.7721,12.8640,0.5719,-6.4465,-24.6041,-7.4557,-22.8342,-7.7066,-22.6541,-8.7943,-24.3707,-12.7229,-32.1848,-1.0093,1.7699,-1.2602,1.9499,-2.3479,0.2334,51,0.1500,51,0,0.9697,0.0253,0.0050,1.0038,8.7469,0.5190,2.6545,5.3809,0.0000,1,0.0963,0.1576,5.2403,0.0003
5.4000,IMM-UKF,jink,0.500,10.00,0.150,1,0.600,1,7.0465,5.0908,-1.9557,1.1154,0.2547,0.1164,0.1169,6.0000,6.2434,1.7690,13.8251,0.5728,-6.3285,-24.7664,-7.4557,-22.8342,-7.7066,-22.6541,-8.8597,-24.5574,-12.9503,-32.8270,-1.1272,1.9322,-1.3781,2.1123,-2.5312,0.2090,51,0.1600,51,0,0.9697,0.0253,0.0050,0.9935,8.8395,0.5153,2.7189,5.3486,0.0000,1,0.0963,0.1576,5.2403,0.0003
5.4100,IMM-UKF,jink,0.500,10.00,0.150,1,0.600,1,7.0143,5.0524,-1.9619,1.1373,0.2547,0.1164,0.1174,6.0000,6.2434,1.7660,14.8440,0.5736,-6.2039,-24.9341,-7.4557,-22.8342,-7.7066,-22.6541,-8.9289,-24.7486,-13.2015,-33.4755,-1.2519,2.1000,-1.5028,2.2800,-2.7250,0.1856,51,0.1700,51,0,0.9697,0.0253,0.0050,0.9840,8.9311,0.5084,2.7829,5.3156,0.0000,1,0.0963,0.1576,5.2403,0.0003
5.4200,IMM-UKF,jink,0.500,10.00,0.150,1,0.600,1,6.9809,5.0121,-1.9688,1.1600,0.2547,0.1164,0.1179,6.0000,6.2434,1.7631,15.9237,0.5743,-6.0724,-25.1071,-7.4557,-22.8342,-7.7066,-22.6541,-9.0022,-24.9417,-13.4790,-34.1222,-1.3833,2.2729,-1.6343,2.4530,-2.9298,0.1654,51,0.1800,51,0,0.9697,0.0253,0.0050,0.9754,9.0216,0.4976,2.8464,5.2818,0.0000,1,0.0963,0.1576,5.2403,0.0003
5.4300,IMM-UKF,jink,0.500,10.00,0.150,1,0.600,1,6.9464,4.9700,-1.9765,1.1836,0.2547,0.1164,0.1183,6.0000,6.2434,1.7601,17.0671,0.5751,-5.9340,-25.2850,-7.4557,-22.8342,-7.7066,-22.6541,-9.0802,-25.1327,-13.7855,-34.7528,-1.5217,2.4509,-1.7727,2.6309,-3.1462,0.1523,51,0.1900,51,0,0.9697,0.0253,0.0050,0.9677,9.1111,0.4814,2.9096,5.2473,0.0000,1,0.0963,0.1576,5.2403,0.0003
5.4400,IMM-UKF,jink,0.500,10.00,0.150,1,0.600,1,6.9107,4.9258,-1.9850,1.2081,0.2547,0.1164,0.1189,6.0000,6.2434,1.7597,18.2809,0.5757,-5.7880,-25.4674,-7.4557,-22.8342,-7.7066,-22.6541,-9.1632,-25.3144,-14.1228,-35.3410,-1.6677,2.6333,-1.9187,2.8133,-3.3752,0.1530,51,0.2000,51,0,0.9697,0.0253,0.0050,0.9610,9.1989,0.4574,2.9724,5.2120,0.0000,1,0.0843,0.1520,5.2403,0.0010
5.4500,IMM-UKF,jink,0.500,10.00,0.150,1,0.600,1,6.8738,4.8793,-1.9946,1.2334,0.2547,0.1164,0.1194,6.0000,6.2434,1.7606,19.5685,0.5763,-5.6345,-25.6534,-7.4557,-22.8342,-7.7066,-22.6541,-9.2511,-25.4726,-14.4902,-35.8313,-1.8212,2.8193,-2.0722,2.9993,-3.6166,0.1809,51,0.2100,51,0,0.9697,0.0253,0.0050,0.9552,9.2841,0.4211,3.0347,5.1760,0.0000,1,0.0843,0.1520,5.2403,0.0010
5.4600,IMM-UKF,jink,0.500,10.00,0.150,1,0.600,1,6.8357,4.8301,-2.0056,1.2596,0.2547,0.1164,0.1200,6.0000,6.2434,1.7615,20.9394,0.5770,-5.4737,-25.8412,-7.4557,-22.8342,-7.7066,-22.6541,-9.3423,-25.5727,-14.8734,-36.0818,-1.9820,3.0071,-2.2330,3.1871,-3.8686,0.2685,51,0.2200,51,0,0.9697,0.0253,0.0050,0.9501,9.3624,0.3616,3.0966,5.1392,0.0000,1,0.0843,0.1520,5.2403,0.0010
5.4700,IMM-UKF,jink,0.500,10.00,0.150,1,0.600,1,6.7964,4.7797,-2.0167,1.2868,0.2547,0.1164,0.1205,6.0000,6.2434,1.7624,22.4366,0.5778,-5.3051,-26.0258,-7.4557,-22.8342,-7.7066,-22.6541,-9.4229,-25.5018,-15.1693,-35.5929,-2.1506,3.1916,-2.4015,3.3716,-4.1178,0.5239,51,0.2300,51,0,0.9697,0.0253,0.0050,0.9452,9.4115,0.2482,3.1580,5.1016,0.0000,1,0.0843,0.1520,5.2403,0.0010
5.4800,IMM-UKF,jink,0.500,10.00,0.150,1,0.600,1,6.7570,4.7564,-2.0006,1.3152,0.2547,0.1164,0.1209,6.0000,6.2434,1.7631,24.1267,0.5787,-5.1266,-26.1957,-7.4557,-22.8342,-7.7066,-22.6541,-9.4004,-25.0291,-14.7170,-33.1597,-2.3291,3.3615,-2.5800,3.5416,-4.2738,1.1666,51,0.2400,51,0,0.9697,0.0253,0.0050,0.9348,9.2920,0.0676,3.2190,5.0634,0.0000,1,0.0843,0.1520,5.2403,0.0010
5.4900,IMM-UKF,jink,0.500,10.00,0.150,1,0.600,1,6.7190,4.7672,-1.9518,1.3444,0.2547,0.1164,0.1213,6.0000,6.2434,1.7639,25.8414,0.5797,-4.9368,-26.3529,-7.4557,-22.8342,-7.7066,-22.6541,-9.2961,-24.5918,-13.8005,-30.8247,-2.5189,3.5188,-2.7699,3.6988,-4.3594,1.7612,51,0.2500,51,0,0.9697,0.0253,0.0050,0.9199,9.0625,-0.0305,3.2796,5.0244,0.0000,1,0.0843,0.1520,5.2403,0.0010
5.5000,IMM-UKF,jink,0.500,10.00,0.150,1,0.600,1,6.6826,4.7061,-1.9765,1.0618,0.2533,0.1146,0.1231,6.0000,6.1536,1.2933,14.7406,0.5807,-4.7354,-26.4998,-6.9417,-23.8755,-7.1679,-23.9347,-7.1819,-25.3933,-4.7968,-32.8107,-2.2064,2.6243,-2.4325,2.5651,-2.4466,1.1065,52,0.1600,52,0,0.9702,0.0249,0.0049,0.9037,8.8198,-0.0880,3.3396,4.9847,0.0000,1,0.0843,0.1520,5.3404,0.0010
5.5100,IMM-UKF,jink,0.500,10.00,0.150,1,0.600,1,6.6479,4.7122,-1.9357,1.0829,0.2533,0.1146,0.1234,6.0000,6.1536,1.2953,16.0290,0.5816,-4.5222,-26.6372,-6.9417,-23.8755,-7.1679,-23.9347,-7.0413,-25.2103,-4.2325,-31.1602,-2.4195,2.7617,-2.6456,2.7025,-2.5190,1.4269,52,0.1700,52,0,0.9702,0.0249,0.0049,0.8864,8.5735,-0.1275,3.3992,4.9442,0.0000,1,0.0843,0.1520,5.3404,0.0010
5.5200,IMM-UKF,jink,0.500,10.00,0.150,1,0.600,1,6.6149,4.7235,-1.8915,1.1049,0.2533,0.1146,0.1237,6.0000,6.1536,1.2973,17.4508,0.5825,-4.2974,-26.7656,-6.9417,-23.8755,-7.1679,-23.9347,-6.8860,-25.0131,-3.6908,-29.6410,-2.6444,2.8902,-2.8705,2.8310,-2.5886,1.7525,52,0.1800,52,0,0.9702,0.0249,0.0049,0.8680,8.3259,-0.1567,3.4583,4.9031,0.0000,1,0.0843,0.1520,5.3404,0.0010
5.5300,IMM-UKF,jink,0.500,10.00,0.150,1,0.600,1,6.5838,4.7396,-1.8442,1.1279,0.2533,0.1146,0.1240,6.0000,6.1536,1.2992,18.9994,0.5834,-4.0607,-26.8853,-6.9417,-23.8755,-7.1679,-23.9347,-6.7165,-24.7989,-3.1716,-28.2276,-2.8810,3.0099,-3.1071,2.9507,-2.6558,2.0864,52,0.1900,52,0,0.9702,0.0249,0.0049,0.8486,8.0777,-0.1792,3.5169,4.8612,0.0000,1,0.1147,0.1592,5.3404,0.0013
5.5400,IMM-UKF,jink,0.500,10.00,0.150,1,0.600,1,6.5545,4.7605,-1.7940,1.1517,0.2533,0.1146,0.1242,6.0000,6.1536,1.3012,20.6667,0.5843,-3.8123,-26.9964,-6.9417,-23.8755,-7.1679,-23.9347,-6.5332,-24.5668,-2.6738,-26.9055,-3.1295,3.1210,-3.3556,3.0618,-2.7209,2.4296,52,0.2000,52,0,0.9702,0.0249,0.0049,0.8280,7.8292,-0.1971,3.5749,4.8187,0.0000,1,0.1147,0.1592,5.3404,0.0013
5.5500,IMM-UKF,jink,0.500,10.00,0.150,1,0.600,1,6.5270,4.7861,-1.7409,1.1764,0.2533,0.1146,0.1244,6.0000,6.1536,1.3031,22.4435,0.5852,-3.5520,-27.0989,-6.9417,-23.8755,-7.1679,-23.9347,-6.3365,-24.3167,-2.1961,-25.6650,-3.3897,3.2235,-3.6158,3.1643,-2.7844,2.7822,52,0.2100,52,0,0.9702,0.0249,0.0049,0.8064,7.5805,-0.2113,3.6325,4.7754,0.0000,1,0.1147,0.1592,5.3404,0.0013
5.5600,IMM-UKF,jink,0.500,10.00,0.150,1,0.600,1,6.5014,4.8164,-1.6849,1.2020,0.2533,0.1146,0.1246,6.0000,6.1536,1.3050,24.3199,0.5860,-3.2800,-27.1929,-6.9417,-23.8755,-7.1679,-23.9347,-6.1268,-24.0491,-1.7370,-24.4995,-3.6617,3.3174,-3.8878,3.2582,-2.8467,3.1438,52,0.2200,52,0,0.9702,0.0249,0.0049,0.7836,7.3318,-0.2226,3.6895,4.7315,0.0000,1,0.1147,0.1592,5.3404,0.0013
5.5700,IMM-UKF,jink,0.500,10.00,0.150,1,0.600,1,6.4776,4.8516,-1.6260,1.2284,0.2533,0.1146,0.1248,6.0000,6.1536,1.3069,26.2859,0.5867,-2.9964,-27.2782,-6.9417,-23.8755,-7.1679,-23.9347,-5.9046,-23.7648,-1.2953,-23.4035,-3.9454,3.4027,-4.1715,3.3435,-2.9082,3.5134,52,0.2300,52,0,0.9702,0.0249,0.0049,0.7596,7.0831,-0.2316,3.7461,4.6869,0.0000,1,0.1147,0.1592,5.3404,0.0013
5.5800,IMM-UKF,jink,0.500,10.00,0.150,1,0.600,1,6.4557,4.8914,-1.5643,1.2557,0.2533,0.1146,0.1249,6.0000,6.1536,1.3087,28.3308,0.5875,-2.7011,-27.3548,-6.9417,-23.8755,-7.1679,-23.9347,-5.6705,-23.4648,-0.8696,-22.3725,-4.2406,3.4794,-4.4667,3.4202,-2.9694,3.8900,52,0.2400,52,0,0.9702,0.0249,0.0049,0.7344,6.8345,-0.2386,3.8020,4.6416,0.0000,1,0.1147,0.1592,5.3404,0.0013
5.5900,IMM-UKF,jink,0.500,10.00,0.150,1,0.600,1,6.4357,4.9357,-1.4999,1.2839,0.2533,0.1146,0.1251,6.0000,6.1536,1.3106,30.4388,0.5881,-2.3944,-27.4229,-6.9417,-23.8755,-7.1679,-23.9347,-5.4259,-23.1519,-0.4602,-21.4075,-4.5473,3.5474,-4.7734,3.4882,-3.0315,4.2709,52,0.2500,52,0,0.9702,0.0249,0.0049,0.7081,6.5873,-0.2438,3.8575,4.5957,0.0000,1,0.1147,0.1592,5.3404,0.0013
5.6000,IMM-UKF,jink,0.500,10.00,0.150,1,0.600,1,6.4175,4.7835,-1.6340,0.9592,0.2533,0.1144,0.1251,6.0000,6.4374,2.1556,21.3054,0.5888,-2.0764,-27.4823,-5.7880,-25.4674,-6.1717,-25.3846,-4.1217,-24.4378,4.2617,-21.0094,-3.7115,2.0149,-4.0953,2.0977,-2.0452,3.0445,53,0.1600,53,0,0.9717,0.0239,0.0044,0.6808,6.3427,-0.2474,3.9123,4.5490,0.0000,1,0.1147,0.1592,5.4410,0.0013
5.6100,IMM-UKF,jink,0.500,10.00,0.150,1,0.600,1,6.4012,4.8145,-1.5867,0.9793,0.2533,0.1144,0.1252,6.0000,6.4374,2.1571,23.1257,0.5894,-1.7474,-27.5332,-5.7880,-25.4674,-6.1717,-25.3846,-3.8596,-24.1739,4.5160,-20.2054,-4.0406,2.0657,-4.4244,2.1486,-2.1122,3.3593,53,0.1700,53,0,0.9717,0.0239,0.0044,0.6525,6.1006,-0.2497,3.9666,4.5018,0.0000,1,0.1147,0.1592,5.4410,0.0013
5.6200,IMM-UKF,jink,0.500,10.00,0.150,1,0.600,1,6.3868,4.8498,-1.5369,1.0004,0.2533,0.1144,0.1253,6.0000,6.4374,2.1585,25.0087,0.5900,-1.4074,-27.5756,-5.7880,-25.4674,-6.1717,-25.3846,-3.5887,-23.8942,4.7648,-19.4466,-4.3805,2.1081,-4.7643,2.1910,-2.1812,3.6814,53,0.1800,53,0,0.9717,0.0239,0.0044,0.6232,5.8611,-0.2507,4.0204,4.4538,0.0000,1,0.1147,0.1592,5.4410,0.0013
5.6300,IMM-UKF,jink,0.500,10.00,0.150,1,0.600,1,6.3742,4.8893,-1.4849,1.0224,0.2533,0.1144,0.1253,6.0000,6.4374,2.1599,26.9452,0.5906,-1.0569,-27.6095,-5.7880,-25.4674,-6.1717,-25.3846,-3.3097,-23.6001,5.0087,-18.7306,-4.7311,2.1421,-5.1149,2.2250,-2.2528,4.0094,53,0.1900,53,0,0.9717,0.0239,0.0044,0.5928,5.6241,-0.2507,4.0735,4.4053,0.0000,1,0.1147,0.1592,5.4410,0.0013
5.6400,IMM-UKF,jink,0.500,10.00,0.150,1,0.600,1,6.3634,4.9329,-1.4305,1.0453,0.2533,0.1144,0.1254,6.0000,6.4374,2.1612,28.9259,0.5911,-0.6960,-27.6351,-5.7880,-25.4674,-6.1717,-25.3846,-3.0233,-23.2932,5.2482,-18.0548,-5.0920,2.1677,-5.4758,2.2505,-2.3273,4.3419,53,0.2000,53,0,0.9717,0.0239,0.0044,0.5614,5.3897,-0.2496,4.1261,4.3561,0.0000,1,0.1147,0.1592,5.4410,0.0013
5.6500,IMM-UKF,jink,0.500,10.00,0.150,1,0.600,1,6.3544,4.9806,-1.3738,1.0691,0.2533,0.1144,0.1254,6.0000,6.4374,2.1626,30.9417,0.5916,-0.3250,-27.6524,-5.7880,-25.4674,-6.1717,-25.3846,-2.7301,-22.9750,5.4837,-17.4169,-5.4630,2.1849,-5.8468,2.2678,-2.4051,4.6774,53,0.2100,53,0,0.9717,0.0239,0.0044,0.5289,5.1578,-0.2476,4.1781,4.3063,0.0000,1,0.0980,0.1475,5.4410,0.0018
5.6600,IMM-UKF,jink,0.500,10.00,0.150,1,0.600,1,6.3472,5.0324,-1.3148,1.0939,0.2533,0.1144,0.1254,6.0000,6.4374,2.1639,32.9841,0.5920,0.0558,-27.6614,-5.7880,-25.4674,-6.1717,-25.3846,-2.4309,-22.6470,5.7158,-16.8148,-5.8438,2.1940,-6.2276,2.2768,-2.4867,5.0144,53,0.2200,53,0,0.9717,0.0239,0.0044,0.4954,4.9285,-0.2447,4.2294,4.2558,0.0000,1,0.0980,0.1475,5.4410,0.0018
5.6700,IMM-UKF,jink,0.500,10.00,0.150,1,0.600,1,6.3418,5.0882,-1.2536,1.1195,0.2533,0.1144,0.1254,6.0000,6.4374,2.1652,35.0443,0.5924,0.4461,-27.6623,-5.7880,-25.4674,-6.1717,-25.3846,-2.1263,-22.3107,5.9447,-16.2464,-6.2340,2.1948,-6.6178,2.2777,-2.5724,5.3515,53,0.2300,53,0,0.9717,0.0239,0.0044,0.4609,4.7016,-0.2409,4.2802,4.2047,0.0000,1,0.0980,0.1475,5.4410,0.0018
5.6800,IMM-UKF,jink,0.500,10.00,0.150,1,0.600,1,6.3383,5.1481,-1.1902,1.1461,0.2533,0.1144,0.1254,6.0000,6.4374,2.1664,37.1144,0.5927,0.8455,-27.6551,-5.7880,-25.4674,-6.1717,-25.3846,-1.8170,-21.9676,6.1710,-15.7098,-6.6334,2.1877,-7.0172,2.2705,-2.6624,5.6875,53,0.2400,53,0,0.9717,0.0239,0.0044,0.4253,4.4773,-0.2365,4.3303,4.1531,0.0000,1,0.0980,0.1475,5.4410,0.0018
5.6900,IMM-UKF,jink,0.500,10.00,0.150,1,0.600,1,6.3365,4.9126,-1.4239,0.8906,0.2553,0.1163,0.1234,6.0000,6.3329,2.1900,17.3271,0.5930,1.2537,-27.6400,-4.0607,-26.8853,-4.3439,-26.6230,-0.2574,-25.0824,11.0129,-20.6584,-5.3144,0.7546,-5.5975,1.0170,-1.5111,2.5576,54,0.1600,54,0,0.9643,0.0292,0.0065,0.3886,4.2555,-0.2313,4.3799,4.1008,0.0000,1,0.0980,0.1475,5.5314,0.0018
5.7000,IMM-UKF,jink,0.500,10.00,0.150,1,0.600,1,6.3364,4.9602,-1.3762,0.9110,0.2553,0.1163,0.1234,6.0000,6.3329,2.1908,18.7769,0.5932,1.6703,-27.6170,-4.0607,-26.8853,-4.3439,-26.6230,0.0911,-24.8198,11.1600,-20.1013,-5.7310,0.7317,-6.0142,0.9940,-1.5792,2.7972,54,0.1700,54,0,0.9643,0.0292,0.0065,0.3509,4.0362,-0.2254,4.4288,4.0480,0.0000,1,0.0980,0.1475,5.5314,0.0018
5.7100,IMM-UKF,jink,0.500,10.00,0.150,1,0.600,1,6.3382,5.0118,-1.3264,0.9324,0.2553,0.1163,0.1234,6.0000,6.3329,2.1915,20.2681,0.5934,2.0950,-27.5864,-4.0607,-26.8853,-4.3439,-26.6230,0.4430,-24.5452,11.3075,-19.5692,-6.1558,0.7010,-6.4389,0.9633,-1.6521,3.0412,54,0.1800,54,0,0.9643,0.0292,0.0065,0.3122,3.8194,-0.2189,4.4770,3.9945,0.0000,1,0.0980,0.1475,5.5314,0.0018
5.7200,IMM-UKF,jink,0.500,10.00,0.150,1,0.600,1,6.3417,5.0672,-1.2745,0.9548,0.2553,0.1163,0.1233,6.0000,6.3329,2.1923,21.7927,0.5936,2.5274,-27.5481,-4.0607,-26.8853,-4.3439,-26.6230,0.7976,-24.2599,11.4557,-19.0612,-6.5882,0.6628,-6.8713,0.9251,-1.7298,3.2882,54,0.1900,54,0,0.9643,0.0292,0.0065,0.2724,3.6050,-0.2117,4.5246,3.9405,0.0000,1,0.0980,0.1475,5.5314,0.0018
5.7300,IMM-UKF,jink,0.500,10.00,0.150,1,0.600,1,6.3469,5.1266,-1.2204,0.9782,0.2553,0.1163,0.1233,6.0000,6.3329,2.1930,23.3430,0.5937,2.9671,-27.5025,-4.0607,-26.8853,-4.3439,-26.6230,1.1543,-23.9654,11.6046,-18.5765,-7.0278,0.6172,-7.3110,0.8795,-1.8128,3.5371,54,0.2000,54,0,0.9643,0.0292,0.0065,0.2315,3.3931,-0.2038,4.5716,3.8859,0.0000,1,0.0980,0.1475,5.5314,0.0018
5.7400,IMM-UKF,jink,0.500,10.00,0.150,1,0.600,1,6.3539,5.1897,-1.1642,1.0026,0.2553,0.1163,0.1232,6.0000,6.3329,2.1938,24.9119,0.5937,3.4137,-27.4496,-4.0607,-26.8853,-4.3439,-26.6230,1.5126,-23.6632,11.7544,-18.1142,-7.4744,0.5643,-7.7576,0.8266,-1.9011,3.7864,54,0.2100,54,0,0.9643,0.0292,0.0065,0.1896,3.1837,-0.1954,4.6179,3.8308,0.0000,1,0.0980,0.1475,5.5314,0.0018
5.7500,IMM-UKF,jink,0.500,10.00,0.150,1,0.600,1,6.3627,5.2567,-1.1060,1.0280,0.2553,0.1163,0.1232,6.0000,6.3329,2.1946,26.4922,0.5937,3.8668,-27.3896,-4.0607,-26.8853,-4.3439,-26.6230,1.8718,-23.3545,11.9052,-17.6734,-7.9275,0.5043,-8.2106,0.7666,-1.9950,4.0351,54,0.2200,54,0,0.9643,0.0292,0.0065,0.1467,2.9768,-0.1864,4.6635,3.7751,0.0000,1,0.1163,0.1565,5.5314,-0.0004
5.7600,IMM-UKF,jink,0.500,10.00,0.150,1,0.600,1,6.3732,5.3275,-1.0457,1.0543,0.2553,0.1163,0.1231,6.0000,6.3329,2.1954,28.0774,0.5936,4.3259,-27.3227,-4.0607,-26.8853,-4.3439,-26.6230,2.2315,-23.0407,12.0570,-17.2534,-8.3867,0.4374,-8.6698,0.6997,-2.0944,4.2820,54,0.2300,54,0,0.9643,0.0292,0.0065,0.1027,2.7723,-0.1768,4.7085,3.7189,0.0000,1,0.1163,0.1565,5.5314,-0.0004
5.7700,IMM-UKF,jink,0.500,10.00,0.150,1,0.600,1,6.3854,5.4020,-0.9834,1.0816,0.2553,0.1163,0.1230,6.0000,6.3329,2.1962,29.6613,0.5935,4.7908,-27.2491,-4.0607,-26.8853,-4.3439,-26.6230,2.5913,-22.7231,12.2099,-16.8534,-8.8515,0.3637,-9.1346,0.6260,-2.1995,4.5260,54,0.2400,54,0,0.9643,0.0292,0.0065,0.0577,2.5702,-0.1666,4.7528,3.6621,0.0000,1,0.1163,0.1565,5.5314,-0.0004
5.7800,IMM-UKF,jink,0.500,10.00,0.150,1,0.600,1,6.3993,5.4802,-0.9191,1.1098,0.2553,0.1163,0.1230,6.0000,6.3329,2.1970,31.2383,0.5933,5.2608,-27.1689,-4.0607,-26.8853,-4.3439,-26.6230,2.9507,-22.4029,12.3640,-16.4727,-9.3216,0.2836,-9.6047,0.5459,-2.3102,4.7661,54,0.2500,54,0,0.9643,0.0292,0.0065,0.0117,2.3706,-0.1557,4.7964,3.6048,0.0000,1,0.1163,0.1565,5.5314,-0.0004
5.7900,IMM-UKF,jink,0.500,10.00,0.150,1,0.600,1,6.4150,5.5621,-0.8529,1.1389,0.2553,0.1163,0.1229,6.0000,6.3329,2.1979,32.8030,0.5930,5.7357,-27.0825,-4.0607,-26.8853,-4.3439,-26.6230,3.3092,-22.0812,12.5193,-16.1105,-9.7965,0.1971,-10.0796,0.4594,-2.4265,5.0013,54,0.2600,54,0,0.9643,0.0292,0.0065,-0.0352,2.1734,-0.1443,4.8393,3.5470,0.0000,1,0.1163,0.1565,5.5314,-0.0004
5.8000,IMM-UKF,jink,0.500,10.00,0.150,1,0.600,1,6.4323,5.0223,-1.4100,0.8464,0.2533,0.1157,0.1248,6.0000,5.8311,0.9334,8.7534,0.5927,6.2151,-26.9899,-0.3250,-27.6524,-0.4857,-27.5954,5.0220,-25.9900,17.3491,-21.7817,-6.5400,-0.6625,-6.7008,-0.6055,-1.1931,0.9999,55,0.1500,55,0,0.9657,0.0301,0.0042,-0.0832,1.9786,-0.1322,4.8815,3.4887,0.0000,1,0.1163,0.1565,5.6519,-0.0004
5.8100,IMM-UKF,jink,0.500,10.00,0.150,1,0.600,1,6.4514,5.0834,-1.3680,0.8664,0.2533,0.1157,0.1248,6.0000,5.8311,0.9344,9.6339,0.5923,6.6984,-26.8915,-0.3250,-27.6524,-0.4857,-27.5954,5.4218,-25.7589,17.4579,-21.3791,-7.0234,-0.7609,-7.1841,-0.7039,-1.2766,1.1326,55,0.1600,55,0,0.9657,0.0301,0.0042,-0.1322,1.7862,-0.1195,4.9230,3.4299,0.0000,1,0.1163,0.1565,5.6519,-0.0004
5.8200,IMM-UKF,jink,0.500,10.00,0.150,1,0.600,1,6.4722,5.1482,-1.3240,0.8874,0.2533,0.1157,0.1247,6.0000,5.8311,0.9353,10.5539,0.5918,7.1853,-26.7875,-0.3250,-27.6524,-0.4857,-27.5954,5.8203,-25.5189,17.5687,-20.9926,-7.5103,-0.8649,-7.6710,-0.8080,-1.3650,1.2686,55,0.1700,55,0,0.9657,0.0301,0.0042,-0.1821,1.5962,-0.1061,4.9638,3.3705,0.0000,1,0.1163,0.1565,5.6519,-0.0004
5.8300,IMM-UKF,jink,0.500,10.00,0.150,1,0.600,1,6.4946,5.2166,-1.2781,0.9094,0.2533,0.1157,0.1246,6.0000,5.8311,0.9362,11.5073,0.5912,7.6754,-26.6781,-0.3250,-27.6524,-0.4857,-27.5954,6.2171,-25.2715,17.6815,-20.6220,-8.0003,-0.9743,-8.1611,-0.9174,-1.4583,1.4066,55,0.1800,55,0,0.9657,0.0301,0.0042,-0.2330,1.4086,-0.0920,5.0039,3.3107,0.0000,1,0.1163,0.1565,5.6519,-0.0004
5.8400,IMM-UKF,jink,0.500,10.00,0.150,1,0.600,1,6.5188,5.2885,-1.2303,0.9324,0.2533,0.1157,0.1245,6.0000,5.8311,0.9372,12.4874,0.5906,8.1682,-26.5635,-0.3250,-27.6524,-0.4857,-27.5954,6.6116,-25.0180,17.7963,-20.2672,-8.4932,-1.0888,-8.6539,-1.0319,-1.5567,1.5456,55,0.1900,55,0,0.9657,0.0301,0.0042,-0.2848,1.2234,-0.0772,5.0433,3.2504,0.0000,1,0.1163,0.1565,5.6519,-0.0004
5.8500,IMM-UKF,jink,0.500,10.00,0.150,1,0.600,1,6.5446,5.3640,-1.1806,0.9565,0.2533,0.1157,0.1244,6.0000,5.8311,0.9381,13.4884,0.5899,8.6635,-26.4442,-0.3250,-27.6524,-0.4857,-27.5954,7.0035,-24.7597,17.9133,-19.9281,-8.9884,-1.2082,-9.1492,-1.1513,-1.6600,1.6845,55,0.2000,55,0,0.9657,0.0301,0.0042,-0.3375,1.0406,-0.0615,5.0819,3.1897,0.0000,1,0.1163,0.1565,5.6519,-0.0004
5.8600,IMM-UKF,jink,0.500,10.00,0.150,1,0.600,1,6.5721,5.4429,-1.1291,0.9815,0.2533,0.1157,0.1243,6.0000,5.8311,0.9391,14.5043,0.5891,9.1607,-26.3203,-0.3250,-27.6524,-0.4857,-27.5954,7.3925,-24.4981,18.0323,-19.6048,-9.4857,-1.3321,-9.6464,-1.2752,-1.7682,1.8222,55,0.2100,55,0,0.9657,0.0301,0.0042,-0.3911,0.8602,-0.0449,5.1198,3.1285,0.0000,1,0.1163,0.1565,5.6519,-0.0004
5.8700,IMM-UKF,jink,0.500,10.00,0.150,1,0.600,1,6.6012,5.5254,-1.0758,1.0075,0.2533,0.1157,0.1242,6.0000,5.8311,0.9400,15.5293,0.5882,9.6596,-26.1921,-0.3250,-27.6524,-0.4857,-27.5954,7.7782,-24.2345,18.1534,-19.2973,-9.9845,-1.4603,-10.1453,-1.4034,-1.8813,1.9576,55,0.2200,55,0,0.9657,0.0301,0.0042,-0.4456,0.6822,-0.0273,5.1570,3.0668,0.0000,1,0.1175,0.1410,5.6519,-0.0014
5.8800,IMM-UKF,jink,0.500,10.00,0.150,1,0.600,1,6.6321,5.6113,-1.0207,1.0345,0.2533,0.1157,0.1241,6.0000,5.8311,0.9410,16.5576,0.5873,10.1597,-26.0599,-0.3250,-27.6524,-0.4857,-27.5954,8.1605,-23.9703,18.2765,-19.0059,-10.4846,-1.5924,-10.6454,-1.5355,-1.9992,2.0896,55,0.2300,55,0,0.9657,0.0301,0.0042,-0.5009,0.5066,-0.0086,5.1934,3.0047,0.0000,1,0.1175,0.1410,5.6519,-0.0014
5.8900,IMM-UKF,jink,0.500,10.00,0.150,1,0.600,1,6.6645,5.7007,-0.9639,1.0625,0.2533,0.1157,0.1240,6.0000,5.8311,0.9420,17.5837,0.5862,10.6607,-25.9241,-0.3250,-27.6524,-0.4857,-27.5954,8.5391,-23.7069,18.4017,-18.7311,-10.9856,-1.7282,-11.1464,-1.6713,-2.1216,2.2172,55,0.2400,55,0,0.9657,0.0301,0.0042,-0.5570,0.3334,0.0114,5.2291,2.9422,0.0000,1,0.1175,0.1410,5.6519,-0.0014
5.9000,IMM-UKF,jink,0.500,10.00,0.150,1,0.600,1,6.6987,5.7934,-0.9053,1.0913,0.2533,0.1157,0.1239,6.0000,5.8311,0.9429,18.6014,0.5851,11.1622,-25.7850,-0.3250,-27.6524,-0.4857,-27.5954,8.9137,-23.4460,18.5288,-18.4734,-11.4872,-1.8674,-11.6479,-1.8104,-2.2485,2.3390,55,0.2500,55,0,0.9657,0.0301,0.0042,-0.6140,0.1627,0.0329,5.2640,2.8792,0.0000,1,0.1175,0.1410,5.6519,-0.0014
5.9100,IMM-UKF,jink,0.500,10.00,0.150,1,0.600,1,6.7345,5.3392,-1.3953,0.8387,0.2503,0.1149,0.1268,6.0000,5.5604,1.2310,7.2923,0.5838,11.6639,-25.6429,3.8668,-27.3896,4.0235,-27.5449,10.5860,-24.9112,22.0132,-19.7039,-7.7971,-1.7467,-7.6404,-1.9019,-1.0779,0.7317,56,0.1600,56,0,0.9711,0.0249,0.0041,-0.6716,-0.0056,0.0563,5.2982,2.8158,0.0000,1,0.1175,0.1410,5.7496,-0.0014
5.9200,IMM-UKF,jink,0.500,10.00,0.150,1,0.600,1,6.7719,5.4181,-1.3537,0.8602,0.2503,0.1149,0.1267,6.0000,5.5604,1.2296,8.0448,0.5826,12.1655,-25.4983,3.8668,-27.3896,4.0235,-27.5449,10.9873,-24.6803,22.1157,-19.4673,-8.2988,-1.8913,-8.1420,-2.0465,-1.1782,0.8180,56,0.1700,56,0,0.9711,0.0249,0.0041,-0.7299,-0.1713,0.0820,5.3316,2.7521,0.0000,1,0.1175,0.1410,5.7496,-0.0014
5.9300,IMM-UKF,jink,0.500,10.00,0.150,1,0.600,1,6.8109,5.5006,-1.3103,0.8829,0.2503,0.1149,0.1266,6.0000,5.5604,1.2282,8.8020,0.5812,12.6667,-25.3516,3.8668,-27.3896,4.0235,-27.5449,11.3835,-24.4520,22.2201,-19.2524,-8.7999,-2.0380,-8.6432,-2.1932,-1.2832,0.8996,56,0.1800,56,0,0.9711,0.0249,0.0041,-0.7889,-0.3343,0.1106,5.3643,2.6879,0.0000,1,0.1175,0.1410,5.7496,-0.0014
5.9400,IMM-UKF,jink,0.500,10.00,0.150,1,0.600,1,6.8516,5.5865,-1.2651,0.9065,0.2503,0.1149,0.1264,6.0000,5.5604,1.2267,9.5519,0.5797,13.1671,-25.2034,3.8668,-27.3896,4.0235,-27.5449,11.7744,-24.2299,22.3266,-19.0641,-9.3003,-2.1862,-9.1436,-2.3415,-1.3927,0.9735,56,0.1900,56,0,0.9711,0.0249,0.0041,-0.8483,-0.4945,0.1434,5.3961,2.6233,0.0000,1,0.1175,0.1410,5.7496,-0.0014
5.9500,IMM-UKF,jink,0.500,10.00,0.150,1,0.600,1,6.8939,5.6760,-1.2179,0.9312,0.2503,0.1149,0.1263,6.0000,5.5604,1.2252,10.2773,0.5780,13.6665,-25.0543,3.8668,-27.3896,4.0235,-27.5449,12.1596,-24.0196,22.4349,-18.9110,-9.7997,-2.3354,-9.6429,-2.4906,-1.5069,1.0347,56,0.2000,56,0,0.9711,0.0249,0.0041,-0.9079,-0.6512,0.1822,5.4272,2.5584,0.0000,1,0.1175,0.1410,5.7496,-0.0014
5.9600,IMM-UKF,jink,0.500,10.00,0.150,1,0.600,1,6.9379,5.7691,-1.1688,0.9569,0.2503,0.1149,0.1262,6.0000,5.5604,1.2236,10.9481,0.5763,14.1645,-24.9053,3.8668,-27.3896,4.0235,-27.5449,12.5384,-23.8316,22.5449,-18.8116,-10.2977,-2.4843,-10.1409,-2.6396,-1.6261,1.0737,56,0.2100,56,0,0.9711,0.0249,0.0041,-0.9672,-0.8033,0.2310,5.4575,2.4931,0.0000,1,0.1175,0.1410,5.7496,-0.0014
5.9700,IMM-UKF,jink,0.500,10.00,0.150,1,0.600,1,6.9834,5.8657,-1.1177,0.9837,0.2503,0.1149,0.1260,6.0000,5.5604,1.2219,11.4975,0.5745,14.6608,-24.7584,3.8668,-27.3896,4.0235,-27.5449,12.9086,-23.6918,22.6561,-18.8140,-10.7940,-2.6312,-10.6373,-2.7865,-1.7522,1.0666,56,0.2200,56,0,0.9711,0.0249,0.0041,-1.0243,-0.9467,0.2997,5.4870,2.4274,0.0000,1,0.1175,0.1410,5.7496,-0.0014
5.9800,IMM-UKF,jink,0.500,10.00,0.150,1,0.600,1,7.0306,5.9629,-1.0676,1.0116,0.2503,0.1149,0.1259,6.0000,5.5604,1.2201,11.7341,0.5725,15.1547,-24.6189,3.8668,-27.3896,4.0235,-27.5449,13.2564,-23.6998,22.7644,-19.1062,-11.2879,-2.7707,-11.1311,-2.9259,-1.8982,0.9191,56,0.2300,56,0,0.9711,0.0249,0.0041,-1.0668,-1.0544,0.4226,5.5158,2.3614,0.0000,1,0.1175,0.1410,5.7496,-0.0014
5.9900,IMM-UKF,jink,0.500,10.00,0.150,1,0.600,1,7.0771,6.0136,-1.0635,1.0408,0.2503,0.1149,0.1257,6.0000,5.5604,1.2183,12.1940,0.5704,15.6427,-24.4960,3.8668,-27.3896,4.0235,-27.5449,13.4841,-23.9695,22.8370,-19.8292,-11.7759,-2.8936,-11.6191,-3.0489,-2.1585,0.5265,56,0.2400,56,0,0.9711,0.0249,0.0041,-1.0108,-0.9454,0.5621,5.5437,2.2950,0.0000,1,0.0983,0.1553,5.7496,-0.0017
6.0000,IMM-UKF,jink,0.500,10.00,0.150,1,0.600,1,7.1221,6.0390,-1.0831,1.0708,0.2503,0.1149,0.1256,6.0000,5.5604,1.2165,13.5012,0.5684,16.1242,-24.3841,3.8668,-27.3896,4.0235,-27.5449,13.6677,-24.1157,22.8921,-20.2464,-12.2574,-3.0055,-12.1007,-3.1608,-2.4565,0.2684,56,0.2500,56,0,0.9711,0.0249,0.0041,-0.9268,-0.7785,0.6031,5.5709,2.2283,0.0000,1,0.0983,0.1553,5.7496,-0.0017
6.0100,IMM-UKF,jink,0.500,10.00,0.150,1,0.600,1,7.1664,6.0571,-1.1093,1.1017,0.2503,0.1149,0.1264,6.0000,5.5604,1.2177,15.0326,0.5657,16.5909,-24.2771,3.8668,-27.3896,4.0235,-27.5449,13.8377,-24.2104,22.9422,-20.5395,-12.7242,-3.1125,-12.5674,-3.2677,-2.7532,0.0667,56,0.2600,56,0,0.9711,0.0249,0.0041,-0.8405,-0.6086,0.6108,5.5437,2.2950,0.0000,1,0.0983,0.1553,5.7496,-0.0017
6.0200,IMM-UKF,jink,0.500,10.00,0.150,1,0.600,1,7.2098,5.6341,-1.5757,0.8789,0.2540,0.1167,0.1234,6.0000,5.0544,0.3953,10.8112,0.5631,17.0442,-24.1741,9.6596,-26.1921,9.7283,-26.2191,15.2034,-24.8514,25.8686,-21.5857,-7.3847,-2.0180,-7.3160,-2.0450,-1.8408,-0.6773,57,0.1500,57,0,0.9747,0.0219,0.0034,-0.7542,-0.4403,0.6075,5.5158,2.3614,0.0000,1,0.0983,0.1553,5.8687,-0.0017
6.0300,IMM-UKF,jink,0.500,10.00,0.150,1,0.600,1,7.2525,5.6587,-1.5937,0.9004,0.2540,0.1167,0.1239,6.0000,5.0544,0.3987,12.0628,0.5607,17.4845,-24.0745,9.6596,-26.1921,9.7283,-26.2191,15.4538,-24.8790,25.9853,-21.8146,-7.8249,-2.1176,-7.7562,-2.1446,-2.0307,-0.8045,57,0.1600,57,0,0.9747,0.0219,0.0034,-0.6682,-0.2739,0.5989,5.4870,2.4274,0.0000,1,0.0983,0.1553,5.8687,-0.0017
6.0400,IMM-UKF,jink,0.500,10.00,0.150,1,0.600,1,7.2942,5.6801,-1.6141,0.9229,0.2540,0.1167,0.1243,6.0000,5.0544,0.4019,13.3229,0.5585,17.9121,-23.9782,9.6596,-26.1921,9.7283,-26.2191,15.6932,-24.9137,26.1003,-22.0386,-8.2525,-2.2139,-8.1838,-2.2409,-2.2189,-0.9355,57,0.1700,57,0,0.9747,0.0219,0.0034,-0.5824,-0.1096,0.5872,5.4575,2.4931,0.0000,1,0.0983,0.1553,5.8687,-0.0017
6.0500,IMM-UKF,jink,0.500,10.00,0.150,1,0.600,1,7.3352,5.6983,-1.6368,0.9464,0.2540,0.1167,0.1246,6.0000,5.0544,0.4052,14.5926,0.5564,18.3273,-23.8848,9.6596,-26.1921,9.7283,-26.2191,15.9221,-24.9561,26.2137,-22.2620,-8.6678,-2.3072,-8.5991,-2.3342,-2.4052,-1.0713,57,0.1800,57,0,0.9747,0.0219,0.0034,-0.4969,0.0527,0.5735,5.4272,2.5584,0.0000,1,0.0983,0.1553,5.8687,-0.0017
6.0600,IMM-UKF,jink,0.500,10.00,0.150,1,0.600,1,7.3752,5.7135,-1.6617,0.9709,0.2540,0.1167,0.1247,6.0000,5.0544,0.4083,15.8729,0.5544,18.7307,-23.7944,9.6596,-26.1921,9.7283,-26.2191,16.1411,-25.0067,26.3255,-22.4873,-9.0711,-2.3977,-9.0024,-2.4247,-2.5896,-1.2123,57,0.1900,57,0,0.9747,0.0219,0.0034,-0.4118,0.2131,0.5584,5.3961,2.6233,0.0000,1,0.0983,0.1553,5.8687,-0.0017
6.0700,IMM-UKF,jink,0.500,10.00,0.150,1,0.600,1,7.4143,5.7257,-1.6886,0.9964,0.2540,0.1167,0.1247,6.0000,5.0544,0.4114,17.1644,0.5526,19.1224,-23.7067,9.6596,-26.1921,9.7283,-26.2191,16.3505,-25.0657,26.4359,-22.7165,-9.4628,-2.4854,-9.3941,-2.5124,-2.7718,-1.3590,57,0.2000,57,0,0.9747,0.0219,0.0034,-0.3270,0.3715,0.5424,5.3643,2.6879,0.0000,1,0.0983,0.1553,5.8687,-0.0017
6.0800,IMM-UKF,jink,0.500,10.00,0.150,1,0.600,1,7.4525,5.7349,-1.7176,1.0228,0.2540,0.1167,0.1245,6.0000,5.0544,0.4145,18.4678,0.5509,19.5027,-23.6216,9.6596,-26.1921,9.7283,-26.2191,16.5509,-25.1331,26.5450,-22.9507,-9.8432,-2.5704,-9.7745,-2.5975,-2.9519,-1.5114,57,0.2100,57,0,0.9747,0.0219,0.0034,-0.2425,0.5281,0.5256,5.3316,2.7521,0.0000,1,0.0983,0.1553,5.8687,-0.0017
6.0900,IMM-UKF,jink,0.500,10.00,0.150,1,0.600,1,7.4898,5.7413,-1.7485,1.0502,0.2540,0.1167,0.1242,6.0000,5.0544,0.4175,19.7839,0.5494,19.8721,-23.5392,9.6596,-26.1921,9.7283,-26.2191,16.7425,-25.2091,26.6529,-23.1910,-10.2125,-2.6529,-10.1438,-2.6799,-3.1296,-1.6699,57,0.2200,57,0,0.9747,0.0219,0.0034,-0.1585,0.6828,0.5084,5.2982,2.8158,0.0000,1,0.1185,0.1536,5.8687,0.0009
6.1000,IMM-UKF,jink,0.500,10.00,0.150,1,0.600,1,7.5261,5.7447,-1.7814,1.0785,0.2540,0.1167,0.1238,6.0000,5.0544,0.4204,21.1134,0.5480,20.2307,-23.4592,9.6596,-26.1921,9.7283,-26.2191,16.9257,-25.2937,26.7596,-23.4382,-10.5712,-2.7329,-10.5025,-2.7599,-3.3051,-1.8345,57,0.2300,57,0,0.9747,0.0219,0.0034,-0.0748,0.8356,0.4909,5.2640,2.8792,0.0000,1,0.1185,0.1536,5.8687,0.0009
6.1100,IMM-UKF,jink,0.500,10.00,0.150,1,0.600,1,7.5615,5.7454,-1.8161,1.1078,0.2540,0.1167,0.1233,6.0000,5.0544,0.4233,22.4573,0.5467,20.5789,-23.3817,9.6596,-26.1921,9.7283,-26.2191,17.1008,-25.3869,26.8653,-23.6932,-10.9193,-2.8104,-10.8506,-2.8374,-3.4781,-2.0053,57,0.2400,57,0,0.9747,0.0219,0.0034,0.0084,0.9867,0.4731,5.2291,2.9422,0.0000,1,0.1185,0.1536,5.8687,0.0009
6.1200,IMM-UKF,jink,0.500,10.00,0.150,1,0.600,1,7.5959,5.7433,-1.8526,1.1379,0.2540,0.1167,0.1226,6.0000,5.0544,0.4261,23.8166,0.5455,20.9169,-23.3066,9.6596,-26.1921,9.7283,-26.2191,17.2683,-25.4890,26.9702,-23.9567,-11.2573,-2.8855,-11.1886,-2.9125,-3.6486,-2.1824,57,0.2500,57,0,0.9747,0.0219,0.0034,0.0913,1.1361,0.4551,5.1934,3.0047,0.0000,1,0.1185,0.1536,5.8687,0.0009
6.1300,IMM-UKF,jink,0.500,10.00,0.150,1,0.600,1,7.6294,5.7385,-1.8908,1.1690,0.2540,0.1167,0.1219,6.0000,5.0544,0.4288,25.1924,0.5443,21.2449,-23.2338,9.6596,-26.1921,9.7283,-26.2191,17.4282,-25.5999,27.0743,-24.2292,-11.5853,-2.9583,-11.5167,-2.9853,-3.8167,-2.3661,57,0.2600,57,0,0.9747,0.0219,0.0034,0.1737,1.2837,0.4371,5.1570,3.0668,0.0000,1,0.1185,0.1536,5.8687,0.0009
6.1400,IMM-UKF,jink,0.500,10.00,0.150,1,0.600,1,7.6619,5.7311,-1.9308,1.2009,0.2540,0.1167,0.1210,6.0000,5.0544,0.4314,26.5859,0.5433,21.5632,-23.1634,9.6596,-26.1921,9.7283,-26.2191,17.5809,-25.7197,27.1779,-24.5115,-11.9037,-3.0287,-11.8350,-3.0557,-3.9823,-2.5564,57,0.2700,57,0,0.9747,0.0219,0.0034,0.2556,1.4296,0.4190,5.1198,3.1285,0.0000,1,0.1185,0.1536,5.8687,0.0009
6.1500,IMM-UKF,jink,0.500,10.00,0.150,1,0.600,1,7.6934,5.6752,-2.0182,0.9938,0.2579,0.1176,0.1162,6.0000,4.7482,1.1286,8.4982,0.5424,21.8721,-23.0952,15.6427,-24.4960,15.6326,-24.3120,20.4522,-23.6596,32.0826,-21.4473,-6.2294,-1.4008,-6.2395,-1.2168,-1.4199,-0.5644,58,0.1600,58,0,0.9745,0.0215,0.0040,0.3371,1.5739,0.4009,5.0819,3.1897,0.0000,1,0.1185,0.1536,5.9884,0.0009
6.1600,IMM-UKF,jink,0.500,10.00,0.150,1,0.600,1,7.7239,5.6738,-2.0501,1.0168,0.2579,0.1176,0.1151,6.0000,4.7482,1.1295,9.0460,0.5416,22.1716,-23.0293,15.6427,-24.4960,15.6326,-24.3120,20.6953,-23.6993,32.3096,-21.6421,-6.5290,-1.4667,-6.5391,-1.2828,-1.4763,-0.6700,58,0.1700,58,0,0.9745,0.0215,0.0040,0.4181,1.7166,0.3828,5.0433,3.2504,0.0000,1,0.1185,0.1536,5.9884,0.0009
6.1700,IMM-UKF,jink,0.500,10.00,0.150,1,0.600,1,7.7535,5.6697,-2.0838,1.0406,0.2579,0.1176,0.1143,6.0000,4.7482,1.1304,9.6212,0.5404,22.4636,-22.9656,15.6427,-24.4960,15.6326,-24.3120,20.9330,-23.7472,32.5411,-21.8452,-6.8209,-1.5304,-6.8310,-1.3465,-1.5306,-0.7817,58,0.1800,58,0,0.9745,0.0215,0.0040,0.4986,1.8576,0.3648,5.0039,3.3107,0.0000,1,0.1185,0.1536,5.9884,0.0009
6.1800,IMM-UKF,jink,0.500,10.00,0.150,1,0.600,1,7.7820,5.6628,-2.1192,1.0654,0.2579,0.1176,0.1134,6.0000,4.7482,1.1315,10.2175,0.5392,22.7467,-22.9041,15.6427,-24.4960,15.6326,-24.3120,21.1657,-23.8035,32.7775,-22.0569,-7.1040,-1.5919,-7.1141,-1.4080,-1.5809,-0.8995,58,0.1900,58,0,0.9745,0.0215,0.0040,0.5786,1.9970,0.3468,4.9638,3.3705,0.0000,1,0.1185,0.1536,5.9884,0.0009
6.1900,IMM-UKF,jink,0.500,10.00,0.150,1,0.600,1,7.8095,5.6533,-2.1563,1.0911,0.2579,0.1176,0.1125,6.0000,4.7482,1.1325,10.8336,0.5381,23.0205,-22.8447,15.6427,-24.4960,15.6326,-24.3120,21.3938,-23.8682,33.0192,-22.2779,-7.3778,-1.6512,-7.3879,-1.4673,-1.6267,-1.0235,58,0.2000,58,0,0.9745,0.0215,0.0040,0.6581,2.1349,0.3290,4.9230,3.4299,0.0000,1,0.1185,0.1536,5.9884,0.0009
6.2000,IMM-UKF,jink,0.500,10.00,0.150,1,0.600,1,7.8361,5.6412,-2.1949,1.1177,0.2579,0.1176,0.1118,6.0000,4.7482,1.1334,11.4701,0.5373,23.2849,-22.7875,15.6427,-24.4960,15.6326,-24.3120,21.6175,-23.9412,33.2668,-22.5086,-7.6422,-1.7085,-7.6523,-1.5245,-1.6674,-1.1537,58,0.2100,58,0,0.9745,0.0215,0.0040,0.7371,2.2713,0.3113,4.8815,3.4887,0.0000,1,0.1185,0.1536,5.9884,0.0009
6.2100,IMM-UKF,jink,0.500,10.00,0.150,1,0.600,1,7.8616,5.6264,-2.2352,1.1451,0.2579,0.1176,0.1110,6.0000,4.7482,1.1342,12.1327,0.5366,23.5410,-22.7324,15.6427,-24.4960,15.6326,-24.3120,21.8373,-24.0226,33.5208,-22.7495,-7.8983,-1.7636,-7.9084,-1.5796,-1.7037,-1.2902,58,0.2200,58,0,0.9745,0.0215,0.0040,0.8155,2.4062,0.2937,4.8393,3.5470,0.0000,1,0.1000,0.1431,5.9884,-0.0007
6.2200,IMM-UKF,jink,0.500,10.00,0.150,1,0.600,1,7.8861,5.6092,-2.2769,1.1734,0.2579,0.1176,0.1100,6.0000,4.7482,1.1349,12.8232,0.5360,23.7889,-22.6794,15.6427,-24.4960,15.6326,-24.3120,22.0534,-24.1126,33.7818,-23.0014,-8.1462,-1.8166,-8.1563,-1.6327,-1.7355,-1.4332,58,0.2300,58,0,0.9745,0.0215,0.0040,0.8934,2.5395,0.2763,4.7964,3.6048,0.0000,1,0.1000,0.1431,5.9884,-0.0007
6.2300,IMM-UKF,jink,0.500,10.00,0.150,1,0.600,1,7.9096,5.5894,-2.3202,1.2026,0.2579,0.1176,0.1090,6.0000,4.7482,1.1357,13.5434,0.5354,24.0288,-22.6284,15.6427,-24.4960,15.6326,-24.3120,22.2663,-24.2112,34.0504,-23.2647,-8.3862,-1.8675,-8.3963,-1.6836,-1.7626,-1.5827,58,0.2400,58,0,0.9745,0.0215,0.0040,0.9707,2.6715,0.2590,4.7528,3.6621,0.0000,1,0.1000,0.1431,5.9884,-0.0007
6.2400,IMM-UKF,jink,0.500,10.00,0.150,1,0.600,1,7.9321,5.5673,-2.3648,1.2327,0.2579,0.1176,0.1079,6.0000,4.7482,1.1363,14.2956,0.5349,24.2609,-22.5795,15.6427,-24.4960,15.6326,-24.3120,22.4762,-24.3185,34.3273,-23.5401,-8.6182,-1.9165,-8.6283,-1.7325,-1.7847,-1.7390,58,0.2500,58,0,0.9745,0.0215,0.0040,1.0474,2.8020,0.2419,4.7085,3.7189,0.0000,1,0.1000,0.1431,5.9884,-0.0007
6.2500,IMM-UKF,jink,0.500,10.00,0.150,1,0.600,1,7.9535,5.5203,-2.4333,1.0252,0.2585,0.1168,0.1061,6.0000,4.6554,2.0113,2.1676,0.5345,24.4853,-22.5327,19.8721,-23.5392,19.8418,-23.2065,24.6620,-22.8563,38.7130,-20.8824,-4.6132,-1.0065,-4.6435,-0.6738,0.1767,-0.3236,59,0.1600,59,0,0.9742,0.0214,0.0043,1.1236,2.9311,0.2250,4.6635,3.7751,0.0000,1,0.1000,0.1431,6.0910,-0.0007
6.2600,IMM-UKF,jink,0.500,10.00,0.150,1,0.600,1,7.9739,5.5033,-2.4706,1.0476,0.2585,0.1168,0.1049,6.0000,4.6554,2.0116,2.7996,0.5342,24.7020,-22.4878,19.8721,-23.5392,19.8418,-23.2065,24.9420,-22.9001,39.1121,-21.0714,-4.8299,-1.0513,-4.8603,-0.7186,0.2399,-0.4123,59,0.1700,59,0,0.9742,0.0214,0.0043,1.1992,3.0588,0.2082,4.6179,3.8308,0.0000,1,0.1000,0.1431,6.0910,-0.0007
6.2700,IMM-UKF,jink,0.500,10.00,0.150,1,0.600,1,7.9933,5.4839,-2.5094,1.0708,0.2585,0.1168,0.1035,6.0000,4.6554,2.0118,3.4797,0.5340,24.9114,-22.4450,19.8721,-23.5392,19.8418,-23.2065,25.2207,-22.9518,39.5254,-21.2698,-5.0393,-1.0942,-5.0696,-0.7615,0.3093,-0.5069,59,0.1800,59,0,0.9742,0.0214,0.0043,1.2741,3.1851,0.1917,4.5716,3.8859,0.0000,1,0.1000,0.1431,6.0910,-0.0007
6.2800,IMM-UKF,jink,0.500,10.00,0.150,1,0.600,1,8.0117,5.4621,-2.5496,1.0950,0.2585,0.1168,0.1021,6.0000,4.6554,2.0120,4.2090,0.5338,25.1134,-22.4041,19.8721,-23.5392,19.8418,-23.2065,25.4985,-23.0114,39.9540,-21.4781,-5.2413,-1.1350,-5.2716,-0.8023,0.3851,-0.6073,59,0.1900,59,0,0.9742,0.0214,0.0043,1.3485,3.3101,0.1753,4.5246,3.9405,0.0000,1,0.1000,0.1431,6.0910,-0.0007
6.2900,IMM-UKF,jink,0.500,10.00,0.150,1,0.600,1,8.0290,5.4378,-2.5912,1.1201,0.2585,0.1168,0.1006,6.0000,4.6554,2.0121,4.9889,0.5337,25.3082,-22.3653,19.8721,-23.5392,19.8418,-23.2065,25.7758,-23.0790,40.3990,-21.6967,-5.4361,-1.1739,-5.4664,-0.8412,0.4676,-0.7137,59,0.2000,59,0,0.9742,0.0214,0.0043,1.4222,3.4338,0.1591,4.4770,3.9945,0.0000,1,0.1000,0.1431,6.0910,-0.0007
6.3000,IMM-UKF,jink,0.500,10.00,0.150,1,0.600,1,8.0453,5.4112,-2.6341,1.1460,0.2585,0.1168,0.0990,6.0000,4.6554,2.0122,5.8212,0.5337,25.4959,-22.3284,19.8721,-23.5392,19.8418,-23.2065,26.0532,-23.1546,40.8619,-21.9262,-5.6238,-1.2107,-5.6541,-0.8780,0.5573,-0.8262,59,0.2100,59,0,0.9742,0.0214,0.0043,1.4954,3.5562,0.1432,4.4288,4.0480,0.0000,1,0.1000,0.1431,6.0910,-0.0007
6.3100,IMM-UKF,jink,0.500,10.00,0.150,1,0.600,1,8.0606,5.3823,-2.6782,1.1728,0.2585,0.1168,0.0974,6.0000,4.6554,2.0122,6.7075,0.5337,25.6766,-22.2935,19.8721,-23.5392,19.8418,-23.2065,26.3309,-23.2385,41.3440,-22.1671,-5.8045,-1.2456,-5.8349,-0.9129,0.6543,-0.9449,59,0.2200,59,0,0.9742,0.0214,0.0043,1.5678,3.6773,0.1274,4.3799,4.1008,0.0000,1,0.0997,0.1562,6.0910,0.0019
6.3200,IMM-UKF,jink,0.500,10.00,0.150,1,0.600,1,8.0748,5.3511,-2.7236,1.2004,0.2585,0.1168,0.0957,6.0000,4.6554,2.0121,7.6500,0.5339,25.8505,-22.2606,19.8721,-23.5392,19.8418,-23.2065,26.6097,-23.3307,41.8469,-22.4201,-5.9784,-1.2785,-6.0087,-0.9458,0.7592,-1.0701,59,0.2300,59,0,0.9742,0.0214,0.0043,1.6397,3.7972,0.1119,4.3303,4.1531,0.0000,1,0.0997,0.1562,6.0910,0.0019
6.3300,IMM-UKF,jink,0.500,10.00,0.150,1,0.600,1,8.0879,5.3177,-2.7702,1.2289,0.2585,0.1168,0.0939,6.0000,4.6554,2.0120,8.6507,0.5340,26.0175,-22.2297,19.8721,-23.5392,19.8418,-23.2065,26.8898,-23.4314,42.3723,-22.6858,-6.1454,-1.3095,-6.1758,-0.9768,0.8722,-1.2017,59,0.2400,59,0,0.9742,0.0214,0.0043,1.7109,3.9158,0.0966,4.2802,4.2047,0.0000,1,0.0997,0.1562,6.0910,0.0019
6.3401,IMM-UKF,jink,0.500,10.00,0.150,1,0.600,1,8.1000,5.2821,-2.8179,1.2582,0.2585,0.1168,0.0921,6.0000,4.6554,2.0119,9.7122,0.5342,26.1779,-22.2007,19.8721,-23.5392,19.8418,-23.2065,27.1718,-23.5409,42.9219,-22.9649,-6.3058,-1.3385,-6.3362,-1.0058,0.9939,-1.3402,59,0.2500,59,0,0.9742,0.0214,0.0043,1.7814,4.0333,0.0815,4.2294,4.2558,0.0000,1,0.0997,0.1562,6.0910,0.0019
6.3501,IMM-UKF,jink,0.500,10.00,0.150,1,0.600,1,8.1111,5.2443,-2.8668,1.2884,0.2585,0.1168,0.0902,6.0000,4.6554,2.0116,10.8369,0.5346,26.3317,-22.1737,19.8721,-23.5392,19.8418,-23.2065,27.4562,-23.6593,43.4979,-23.2579,-6.4596,-1.3655,-6.4899,-1.0328,1.1245,-1.4856,59,0.2600,59,0,0.9742,0.0214,0.0043,1.8513,4.1495,0.0666,4.1781,4.3063,0.0000,1,0.0997,0.1562,6.0910,0.0019
6.3601,IMM-UKF,jink,0.500,10.00,0.150,1,0.600,1,8.1212,5.4149,-2.7063,1.0184,0.2590,0.1159,0.0877,6.0000,4.7139,1.9282,8.8326,0.5349,26.4790,-22.1486,23.5410,-22.7324,23.6544,-22.4302,28.0638,-22.3125,43.7784,-20.8224,-2.9380,-0.5838,-2.8245,-0.2815,1.5849,-0.1639,60,0.1500,60,0,0.9800,0.0172,0.0028,1.9205,4.2645,0.0519,4.1261,4.3561,0.0000,1,0.0997,0.1562,6.2094,0.0019
6.3701,IMM-UKF,jink,0.500,10.00,0.150,1,0.600,1,8.1302,5.3873,-2.7428,1.0396,0.2590,0.1159,0.0857,6.0000,4.7139,1.9286,9.7186,0.5353,26.6198,-22.1255,23.5410,-22.7324,23.6544,-22.4302,28.3559,-22.3614,44.3326,-21.0149,-3.0788,-0.6069,-2.9653,-0.3046,1.7362,-0.2358,60,0.1600,60,0,0.9800,0.0172,0.0028,1.9890,4.3785,0.0375,4.0735,4.4053,0.0000,1,0.0997,0.1562,6.2094,0.0019
6.3801,IMM-UKF,jink,0.500,10.00,0.150,1,0.600,1,8.1381,5.3575,-2.7806,1.0617,0.2590,0.1159,0.0836,6.0000,4.7139,1.9288,10.6654,0.5358,26.7542,-22.1044,23.5410,-22.7324,23.6544,-22.4302,28.6501,-22.4176,44.9117,-21.2174,-3.2132,-0.6280,-3.0998,-0.3258,1.8959,-0.3132,60,0.1700,60,0,0.9800,0.0172,0.0028,2.0569,4.4912,0.0233,4.0204,4.4538,0.0000,1,0.0997,0.1562,6.2094,0.0019
6.3901,IMM-UKF,jink,0.500,10.00,0.150,1,0.600,1,8.1450,5.3256,-2.8194,1.0846,0.2590,0.1159,0.0815,6.0000,4.7139,1.9290,11.6750,0.5363,26.8824,-22.0853,23.5410,-22.7324,23.6544,-22.4302,28.9469,-22.4814,45.5174,-21.4303,-3.3414,-0.6472,-3.2280,-0.3449,2.0645,-0.3961,60,0.1800,60,0,0.9800,0.0172,0.0028,2.1240,4.6029,0.0093,3.9666,4.5018,0.0000,1,0.0997,0.1562,6.2094,0.0019
6.4001,IMM-UKF,jink,0.500,10.00,0.150,1,0.600,1,8.1509,5.2915,-2.8594,1.1085,0.2590,0.1159,0.0793,6.0000,4.7139,1.9291,12.7496,0.5369,27.0043,-22.0681,23.5410,-22.7324,23.6544,-22.4302,29.2467,-22.5528,46.1521,-21.6541,-3.4633,-0.6643,-3.3499,-0.3621,2.2423,-0.4847,60,0.1900,60,0,0.9800,0.0172,0.0028,2.1905,4.7135,-0.0045,3.9123,4.5490,0.0000,1,0.0997,0.1562,6.2094,0.0019
6.4101,IMM-UKF,jink,0.500,10.00,0.150,1,0.600,1,8.1557,5.2553,-2.9004,1.1332,0.2590,0.1159,0.0771,6.0000,4.7139,1.9291,13.8916,0.5376,27.1201,-22.0529,23.5410,-22.7324,23.6544,-22.4302,29.5501,-22.6320,46.8178,-21.8892,-3.5791,-0.6795,-3.4657,-0.3773,2.4300,-0.5792,60,0.2000,60,0,0.9800,0.0172,0.0028,2.2562,4.8230,-0.0180,3.8575,4.5957,0.0000,1,0.1000,0.1449,6.2094,-0.0014
6.4201,IMM-UKF,jink,0.500,10.00,0.150,1,0.600,1,8.1594,5.2170,-2.9424,1.1588,0.2590,0.1159,0.0749,6.0000,4.7139,1.9284,15.1016,0.5381,27.2301,-22.0397,23.5410,-22.7324,23.6544,-22.4302,29.8577,-22.7192,47.5172,-22.1362,-3.6891,-0.6927,-3.5757,-0.3905,2.6276,-0.6795,60,0.2100,60,0,0.9800,0.0172,0.0028,2.3212,4.9314,-0.0313,3.8020,4.6416,0.0000,1,0.1000,0.1449,6.2094,-0.0014
6.4301,IMM-UKF,jink,0.500,10.00,0.150,1,0.600,1,8.1621,5.1768,-2.9854,1.1853,0.2590,0.1159,0.0729,6.0000,4.7139,1.9262,16.3803,0.5381,27.3349,-22.0285,23.5410,-22.7324,23.6544,-22.4302,30.1701,-22.8145,48.2530,-22.3954,-3.7939,-0.7040,-3.6804,-0.4017,2.8352,-0.7861,60,0.2200,60,0,0.9800,0.0172,0.0028,2.3855,5.0388,-0.0443,3.7461,4.6869,0.0000,1,0.1000,0.1449,6.2094,-0.0014
6.4401,IMM-UKF,jink,0.500,10.00,0.150,1,0.600,1,8.1638,5.1345,-3.0293,1.2126,0.2590,0.1159,0.0708,6.0000,4.7139,1.9241,17.7348,0.5381,27.4336,-22.0193,23.5410,-22.7324,23.6544,-22.4302,30.4879,-22.9182,49.0279,-22.6674,-3.8926,-0.7131,-3.7792,-0.4109,3.0543,-0.8989,60,0.2300,60,0,0.9800,0.0172,0.0028,2.4491,5.1452,-0.0572,3.6895,4.7315,0.0000,1,0.1000,0.1449,6.2094,-0.0014
6.4501,IMM-UKF,jink,0.500,10.00,0.150,1,0.600,1,8.1644,5.0903,-3.0741,1.2408,0.2590,0.1159,0.0688,6.0000,4.7139,1.9232,19.1719,0.5385,27.5257,-22.0121,23.5410,-22.7324,23.6544,-22.4302,30.8118,-23.0305,49.8454,-22.9527,-3.9847,-0.7203,-3.8713,-0.4180,3.2860,-1.0184,60,0.2400,60,0,0.9800,0.0172,0.0028,2.5120,5.2506,-0.0698,3.6325,4.7754,0.0000,1,0.1000,0.1449,6.2094,-0.0014
6.4601,IMM-UKF,jink,0.500,10.00,0.150,1,0.600,1,8.1640,5.0443,-3.1197,1.2698,0.2590,0.1159,0.0670,6.0000,4.7139,1.9231,20.6942,0.5392,27.6115,-22.0070,23.5410,-22.7324,23.6544,-22.4302,31.1424,-23.1516,50.7090,-23.2516,-4.0705,-0.7254,-3.9570,-0.4232,3.5309,-1.1446,60,0.2500,60,0,0.9800,0.0172,0.0028,2.5741,5.3550,-0.0821,3.5749,4.8187,0.0000,1,0.1000,0.1449,6.2094,-0.0014
6.4701,IMM-UKF,jink,0.500,10.00,0.150,1,0.600,1,8.1625,5.4646,-2.6979,1.0205,0.2596,0.1149,0.0644,6.0000,4.8711,0.7840,11.8192,0.5400,27.6913,-22.0039,25.6766,-22.2935,25.8108,-22.2549,29.6657,-22.7575,43.9105,-23.8777,-2.0147,-0.2896,-1.8806,-0.2509,1.9743,-0.7536,61,0.1600,61,0,0.9772,0.0190,0.0038,2.6355,5.4584,-0.0943,3.5169,4.8612,0.0000,1,0.1000,0.1449,6.3119,-0.0014
6.4801,IMM-UKF,jink,0.500,10.00,0.150,1,0.600,1,8.1600,5.4303,-2.7298,1.0420,0.2596,0.1149,0.0624,6.0000,4.8711,0.7851,12.9079,0.5409,27.7654,-22.0029,25.6766,-22.2935,25.8108,-22.2549,29.9109,-22.8506,44.4805,-24.1778,-2.0888,-0.2906,-1.9546,-0.2520,2.1455,-0.8477,61,0.1700,61,0,0.9772,0.0190,0.0038,2.6961,5.5609,-0.1061,3.4583,4.9031,0.0000,1,0.1000,0.1449,6.3119,-0.0014
6.4901,IMM-UKF,jink,0.500,10.00,0.150,1,0.600,1,8.1565,5.3939,-2.7626,1.0644,0.2596,0.1149,0.0604,6.0000,4.8711,0.7861,14.0591,0.5418,27.8337,-22.0040,25.6766,-22.2935,25.8108,-22.2549,30.1597,-22.9516,45.0805,-24.4931,-2.1571,-0.2896,-2.0229,-0.2509,2.3261,-0.9476,61,0.1800,61,0,0.9772,0.0190,0.0038,2.7560,5.6624,-0.1178,3.3992,4.9442,0.0000,1,0.1000,0.1449,6.3119,-0.0014
6.5001,IMM-UKF,jink,0.500,10.00,0.150,1,0.600,1,8.1519,5.3557,-2.7962,1.0877,0.2596,0.1149,0.0584,6.0000,4.8711,0.7871,15.2754,0.5428,27.8962,-22.0071,25.6766,-22.2935,25.8108,-22.2549,30.4127,-23.0606,45.7129,-24.8244,-2.2196,-0.2864,-2.0854,-0.2478,2.5165,-1.0535,61,0.1900,61,0,0.9772,0.0190,0.0038,2.8152,5.7630,-0.1292,3.3396,4.9847,0.0000,1,0.1000,0.1449,6.3119,-0.0014
6.5101,IMM-UKF,jink,0.500,10.00,0.150,1,0.600,1,8.1463,5.3155,-2.8307,1.1120,0.2596,0.1149,0.0563,6.0000,4.8711,0.7880,16.5598,0.5438,27.9530,-22.0124,25.6766,-22.2935,25.8108,-22.2549,30.6702,-23.1780,46.3807,-25.1724,-2.2764,-0.2812,-2.1422,-0.2425,2.7172,-1.1656,61,0.2000,61,0,0.9772,0.0190,0.0038,2.8735,5.8628,-0.1404,3.2796,5.0244,0.0000,1,0.0898,0.1496,6.3119,-0.0001
6.5201,IMM-UKF,jink,0.500,10.00,0.150,1,0.600,1,8.1396,5.2735,-2.8661,1.1371,0.2596,0.1149,0.0542,6.0000,4.8711,0.7889,17.9151,0.5449,28.0041,-22.0198,25.6766,-22.2935,25.8108,-22.2549,30.9330,-23.3038,47.0867,-25.5378,-2.3275,-0.2737,-2.1933,-0.2351,2.9289,-1.2840,61,0.2100,61,0,0.9772,0.0190,0.0038,2.9311,5.9616,-0.1513,3.2190,5.0634,0.0000,1,0.0898,0.1496,6.3119,-0.0001
6.5301,IMM-UKF,jink,0.500,10.00,0.150,1,0.600,1,8.1319,5.2297,-2.9022,1.1631,0.2596,0.1149,0.0520,6.0000,4.8711,0.7898,19.3446,0.5461,28.0495,-22.0294,25.6766,-22.2935,25.8108,-22.2549,31.2015,-23.4385,47.8343,-25.9215,-2.3729,-0.2642,-2.2388,-0.2255,3.1519,-1.4091,61,0.2200,61,0,0.9772,0.0190,0.0038,2.9879,6.0596,-0.1620,3.1580,5.1016,0.0000,1,0.0898,0.1496,6.3119,-0.0001
6.5401,IMM-UKF,jink,0.500,10.00,0.150,1,0.600,1,8.1232,5.1841,-2.9391,1.1900,0.2596,0.1149,0.0499,6.0000,4.8711,0.7906,20.8518,0.5473,28.0893,-22.0411,25.6766,-22.2935,25.8108,-22.2549,31.4763,-23.5822,48.6271,-26.3242,-2.4127,-0.2525,-2.2785,-0.2138,3.3870,-1.5411,61,0.2300,61,0,0.9772,0.0190,0.0038,3.0439,6.1567,-0.1724,3.0966,5.1392,0.0000,1,0.0898,0.1496,6.3119,-0.0001
6.5501,IMM-UKF,jink,0.500,10.00,0.150,1,0.600,1,8.1134,5.1368,-2.9766,1.2177,0.2596,0.1149,0.0476,6.0000,4.8711,0.7913,22.4402,0.5485,28.1235,-22.0550,25.6766,-22.2935,25.8108,-22.2549,31.7582,-23.7353,49.4691,-26.7467,-2.4469,-0.2385,-2.3127,-0.1998,3.6347,-1.6802,61,0.2400,61,0,0.9772,0.0190,0.0038,3.0992,6.2530,-0.1826,3.0347,5.1760,0.0000,1,0.0898,0.1496,6.3119,-0.0001
6.5601,IMM-UKF,jink,0.500,10.00,0.150,1,0.600,1,8.1026,5.5008,-2.6018,1.0092,0.2580,0.1129,0.0470,6.0000,5.1617,1.4007,9.2908,0.5499,28.1520,-22.0712,27.1201,-22.0529,26.9599,-22.2323,29.4866,-23.0155,39.3566,-25.9219,-1.0319,0.0183,-1.1920,-0.1611,1.3346,-0.9443,62,0.1500,62,0,0.9706,0.0244,0.0050,3.1536,6.3484,-0.1925,2.9724,5.2120,0.0000,1,0.0898,0.1496,6.4087,-0.0001
6.5701,IMM-UKF,jink,0.500,10.00,0.150,1,0.600,1,8.0908,5.4643,-2.6265,1.0302,0.2580,0.1129,0.0453,6.0000,5.1617,1.4083,10.2179,0.5500,28.1770,-22.0897,27.1201,-22.0529,26.9599,-22.2323,29.6472,-23.1259,39.7783,-26.3062,-1.0569,0.0368,-1.2170,-0.1427,1.4702,-1.0363,62,0.1600,62,0,0.9706,0.0244,0.0050,3.2073,6.4431,-0.2022,2.9096,5.2473,0.0000,1,0.0898,0.1496,6.4087,-0.0001
6.5801,IMM-UKF,jink,0.500,10.00,0.150,1,0.600,1,8.0779,5.4259,-2.6520,1.0521,0.2580,0.1129,0.0453,6.0000,5.1617,1.4407,11.1737,0.5484,28.2032,-22.1104,27.1201,-22.0529,26.9599,-22.2323,29.8109,-23.2445,40.2258,-26.7114,-1.0831,0.0575,-1.2433,-0.1220,1.6076,-1.1341,62,0.1700,62,0,0.9706,0.0244,0.0050,3.2601,6.5370,-0.2117,2.8464,5.2818,0.0000,1,0.0898,0.1496,6.4087,-0.0001
6.5901,IMM-UKF,jink,0.500,10.00,0.150,1,0.600,1,8.0640,5.3858,-2.6783,1.0750,0.2580,0.1129,0.0453,6.0000,5.1617,1.4732,12.1905,0.5501,28.2239,-22.1336,27.1201,-22.0529,26.9599,-22.2323,29.9782,-23.3715,40.7015,-27.1389,-1.1038,0.0807,-1.2639,-0.0987,1.7543,-1.2379,62,0.1800,62,0,0.9706,0.0244,0.0050,3.3122,6.6301,-0.2209,2.7829,5.3156,0.0000,1,0.0898,0.1496,6.4087,-0.0001
6.6001,IMM-UKF,jink,0.500,10.00,0.150,1,0.600,1,8.0492,5.3439,-2.7053,1.0987,0.2580,0.1129,0.0462,6.0000,5.1617,1.4922,13.2874,0.5531,28.2352,-22.1593,27.1201,-22.0529,26.9599,-22.2323,30.1494,-23.5071,41.2081,-27.5900,-1.1151,0.1064,-1.2752,-0.0731,1.9142,-1.3478,62,0.1900,62,0,0.9706,0.0244,0.0050,3.3634,6.7224,-0.2298,2.7189,5.3486,0.0000,1,0.1028,0.1469,6.4087,-0.0007
6.6101,IMM-UKF,jink,0.500,10.00,0.150,1,0.600,1,8.0332,5.3002,-2.7330,1.1233,0.2580,0.1129,0.0484,6.0000,5.1617,1.4920,14.4738,0.5532,28.2358,-22.1873,27.1201,-22.0529,26.9599,-22.2323,30.3251,-23.6516,41.7486,-28.0661,-1.1156,0.1344,-1.2758,-0.0451,2.0893,-1.4644,62,0.2000,62,0,0.9706,0.0244,0.0050,3.4138,6.8140,-0.2384,2.6545,5.3809,0.0000,1,0.1028,0.1469,6.4087,-0.0007
6.6201,IMM-UKF,jink,0.500,10.00,0.150,1,0.600,1,8.0163,5.2549,-2.7614,1.1489,0.2580,0.1129,0.0505,6.0000,5.1617,1.4917,15.7299,0.5534,28.2307,-22.2177,27.1201,-22.0529,26.9599,-22.2323,30.5057,-23.8054,42.3263,-28.5687,-1.1106,0.1648,-1.2708,-0.0146,2.2750,-1.5877,62,0.2100,62,0,0.9706,0.0244,0.0050,3.4633,6.9048,-0.2468,2.5897,5.4123,0.0000,1,0.1028,0.1469,6.4087,-0.0007
6.6301,IMM-UKF,jink,0.500,10.00,0.150,1,0.600,1,7.9984,5.2080,-2.7904,1.1753,0.2580,0.1129,0.0525,6.0000,5.1617,1.4915,17.0592,0.5537,28.2200,-22.2507,27.1201,-22.0529,26.9599,-22.2323,30.6917,-23.9687,42.9449,-29.0994,-1.0999,0.1978,-1.2601,0.0183,2.4717,-1.7181,62,0.2200,62,0,0.9706,0.0244,0.0050,3.5120,6.9950,-0.2550,2.5246,5.4430,0.0000,1,0.1028,0.1469,6.4087,-0.0007
6.6401,IMM-UKF,jink,0.500,10.00,0.150,1,0.600,1,7.9794,5.1594,-2.8200,1.2027,0.2580,0.1129,0.0545,6.0000,5.1617,1.4913,18.4650,0.5540,28.2037,-22.2861,27.1201,-22.0529,26.9599,-22.2323,30.8837,-24.1420,43.6086,-29.6597,-1.0836,0.2332,-1.2438,0.0537,2.6800,-1.8559,62,0.2300,62,0,0.9706,0.0244,0.0050,3.5599,7.0844,-0.2628,2.4591,5.4729,0.0000,1,0.1028,0.1469,6.4087,-0.0007
6.6501,IMM-UKF,jink,0.500,10.00,0.150,1,0.600,1,7.9595,5.1093,-2.8502,1.2309,0.2580,0.1129,0.0565,6.0000,5.1617,1.4912,19.9509,0.5543,28.1818,-22.3241,27.1201,-22.0529,26.9599,-22.2323,31.0822,-24.3256,44.3222,-30.2515,-1.0617,0.2712,-1.2218,0.0917,2.9004,-2.0015,62,0.2400,62,0,0.9706,0.0244,0.0050,3.6070,7.1731,-0.2704,2.3933,5.5020,0.0000,1,0.1028,0.1469,6.4087,-0.0007
6.6601,IMM-UKF,jink,0.500,10.00,0.150,1,0.600,1,7.9385,5.5698,-2.3687,1.0146,0.2576,0.1115,0.0588,6.0000,5.8739,0.8771,9.8704,0.5548,28.1542,-22.3647,27.9530,-22.0124,28.1270,-21.9682,29.9118,-22.6551,37.5772,-24.9884,-0.2012,0.3523,-0.0271,0.3965,1.7577,-0.2903,63,0.1500,63,0,0.9718,0.0239,0.0043,3.6531,7.2612,-0.2777,2.3271,5.5304,0.0000,1,0.1028,0.1469,6.5099,-0.0007
6.6701,IMM-UKF,jink,0.500,10.00,0.150,1,0.600,1,7.9166,5.5318,-2.3848,1.0355,0.2576,0.1115,0.0606,6.0000,5.8739,0.8777,10.7998,0.5553,28.1209,-22.4080,27.9530,-22.0124,28.1270,-21.9682,30.0405,-22.7475,37.9425,-25.3415,-0.1679,0.3956,0.0062,0.4397,1.9196,-0.3396,63,0.1600,63,0,0.9718,0.0239,0.0043,3.6984,7.3486,-0.2848,2.2605,5.5579,0.0000,1,0.1028,0.1469,6.5099,-0.0007
6.6801,IMM-UKF,jink,0.500,10.00,0.150,1,0.600,1,7.8937,5.4921,-2.4015,1.0573,0.2576,0.1115,0.0624,6.0000,5.8739,0.8783,11.7871,0.5558,28.0819,-22.4539,27.9530,-22.0124,28.1270,-21.9682,30.1730,-22.8476,38.3322,-25.7146,-0.1289,0.4415,0.0452,0.4857,2.0912,-0.3936,63,0.1700,63,0,0.9718,0.0239,0.0043,3.7429,7.4354,-0.2915,2.1937,5.5846,0.0000,1,0.1028,0.1469,6.5099,-0.0007
6.6901,IMM-UKF,jink,0.500,10.00,0.150,1,0.600,1,7.8697,5.4508,-2.4189,1.0800,0.2576,0.1115,0.0641,6.0000,5.8739,0.8788,12.8348,0.5564,28.0371,-22.5026,27.9530,-22.0124,28.1270,-21.9682,30.3098,-22.9554,38.7485,-26.1092,-0.0841,0.4902,0.0899,0.5344,2.2727,-0.4528,63,0.1800,63,0,0.9718,0.0239,0.0043,3.7865,7.5215,-0.2979,2.1265,5.6105,0.0000,1,0.1028,0.1469,6.5099,-0.0007
6.7001,IMM-UKF,jink,0.500,10.00,0.150,1,0.600,1,7.8448,5.4080,-2.4369,1.1036,0.2576,0.1115,0.0658,6.0000,5.8739,0.8794,13.9457,0.5571,27.9866,-22.5542,27.9530,-22.0124,28.1270,-21.9682,30.4513,-23.0713,39.1939,-26.5266,-0.0336,0.5418,0.1404,0.5859,2.4646,-0.5171,63,0.1900,63,0,0.9718,0.0239,0.0043,3.8292,7.6070,-0.3040,2.0590,5.6356,0.0000,1,0.1028,0.1469,6.5099,-0.0007
6.7101,IMM-UKF,jink,0.500,10.00,0.150,1,0.600,1,7.8189,5.3635,-2.4554,1.1282,0.2576,0.1115,0.0674,6.0000,5.8739,0.8799,15.1227,0.5578,27.9304,-22.6086,27.9530,-22.0124,28.1270,-21.9682,30.5979,-23.1955,39.6713,-26.9682,0.0227,0.5962,0.1967,0.6403,2.6675,-0.5870,63,0.2000,63,0,0.9718,0.0239,0.0043,3.8710,7.6919,-0.3099,1.9912,5.6599,0.0000,1,0.1067,0.1544,6.5099,-0.0001
6.7201,IMM-UKF,jink,0.500,10.00,0.150,1,0.600,1,7.7921,5.3176,-2.4745,1.1536,0.2576,0.1115,0.0689,6.0000,5.8739,0.8805,16.3691,0.5585,27.8682,-22.6659,27.9530,-22.0124,28.1270,-21.9682,30.7501,-23.3284,40.1838,-27.4354,0.0848,0.6536,0.2588,0.6977,2.8819,-0.6625,63,0.2100,63,0,0.9718,0.0239,0.0043,3.9119,7.7761,-0.3154,1.9232,5.6834,0.0000,1,0.1067,0.1544,6.5099,-0.0001
6.7301,IMM-UKF,jink,0.500,10.00,0.150,1,0.600,1,7.7643,5.2702,-2.4941,1.1799,0.2576,0.1115,0.0704,6.0000,5.8739,0.8810,17.6881,0.5594,27.8002,-22.7263,27.9530,-22.0124,28.1270,-21.9682,30.9085,-23.4702,40.7348,-27.9300,0.1528,0.7139,0.3268,0.7580,3.1083,-0.7439,63,0.2200,63,0,0.9718,0.0239,0.0043,3.9519,7.8598,-0.3205,1.8548,5.7061,0.0000,1,0.1067,0.1544,6.5099,-0.0001
6.7401,IMM-UKF,jink,0.500,10.00,0.150,1,0.600,1,7.7355,5.2214,-2.5141,1.2072,0.2576,0.1115,0.0720,6.0000,5.8739,0.8793,19.0811,0.5605,27.7267,-22.7897,27.9530,-22.0124,28.1270,-21.9682,31.0736,-23.6213,41.3283,-28.4536,0.2263,0.7773,0.4003,0.8215,3.3468,-0.8316,63,0.2300,63,0,0.9718,0.0239,0.0043,3.9910,7.9430,-0.3253,1.7862,5.7279,0.0000,1,0.1067,0.1544,6.5099,-0.0001
6.7501,IMM-UKF,jink,0.500,10.00,0.150,1,0.600,1,7.7057,5.7474,-1.9584,1.0238,0.2578,0.1108,0.0733,6.0000,6.5709,0.5229,8.0377,0.5620,27.6478,-22.8563,28.2352,-22.1593,28.1813,-22.2299,29.0552,-23.2128,32.1746,-27.4080,0.5874,0.6970,0.5336,0.6264,1.4074,-0.3565,64,0.1500,64,0,0.9666,0.0278,0.0056,4.0291,8.0256,-0.3298,1.7174,5.7490,0.0000,1,0.1067,0.1544,6.5993,-0.0001
6.7601,IMM-UKF,jink,0.500,10.00,0.150,1,0.600,1,7.6750,5.7106,-1.9644,1.0448,0.2578,0.1108,0.0749,6.0000,6.5709,0.5262,8.8879,0.5635,27.5628,-22.9261,28.2352,-22.1593,28.1813,-22.2299,29.1166,-23.3319,32.3718,-27.8264,0.6724,0.7669,0.6186,0.6962,1.5538,-0.4058,64,0.1600,64,0,0.9666,0.0278,0.0056,4.0664,8.1076,-0.3339,1.6483,5.7692,0.0000,1,0.1067,0.1544,6.5993,-0.0001
6.7701,IMM-UKF,jink,0.500,10.00,0.150,1,0.600,1,7.6434,5.6724,-1.9710,1.0667,0.2578,0.1108,0.0764,6.0000,6.5709,0.5295,9.7961,0.5650,27.4717,-22.9992,28.2352,-22.1593,28.1813,-22.2299,29.1816,-23.4589,32.5859,-28.2678,0.7635,0.8400,0.7097,0.7693,1.7099,-0.4597,64,0.1700,64,0,0.9666,0.0278,0.0056,4.1027,8.1891,-0.3376,1.5789,5.7885,0.0000,1,0.1067,0.1544,6.5993,-0.0001
6.7801,IMM-UKF,jink,0.500,10.00,0.150,1,0.600,1,7.6108,5.6328,-1.9781,1.0894,0.2578,0.1108,0.0780,6.0000,6.5709,0.5309,10.7679,0.5662,27.3739,-23.0757,28.2352,-22.1593,28.1813,-22.2299,29.2505,-23.5941,32.8187,-28.7334,0.8613,0.9165,0.8075,0.8458,1.8766,-0.5184,64,0.1800,64,0,0.9666,0.0278,0.0056,4.1380,8.2700,-0.3409,1.5094,5.8071,0.0000,1,0.1067,0.1544,6.5993,-0.0001
6.7901,IMM-UKF,jink,0.500,10.00,0.150,1,0.600,1,7.5773,5.5917,-1.9856,1.1131,0.2578,0.1108,0.0797,6.0000,6.5709,0.5314,11.8044,0.5672,27.2695,-23.1557,28.2352,-22.1593,28.1813,-22.2299,29.3238,-23.7379,33.0719,-29.2251,0.9657,0.9965,0.9118,0.9258,2.0543,-0.5822,64,0.1900,64,0,0.9666,0.0278,0.0056,4.1724,8.3505,-0.3438,1.4396,5.8247,0.0000,1,0.1067,0.1544,6.5993,-0.0001
6.8001,IMM-UKF,jink,0.500,10.00,0.150,1,0.600,1,7.5429,5.5493,-1.9936,1.1377,0.2578,0.1108,0.0812,6.0000,6.5709,0.5320,12.9068,0.5682,27.1589,-23.2393,28.2352,-22.1593,28.1813,-22.2299,29.4018,-23.8906,33.3476,-29.7443,1.0763,1.0800,1.0224,1.0094,2.2429,-0.6513,64,0.2000,64,0,0.9666,0.0278,0.0056,4.2059,8.4304,-0.3463,1.3696,5.8416,0.0000,1,0.1067,0.1544,6.5993,-0.0001
6.8101,IMM-UKF,jink,0.500,10.00,0.150,1,0.600,1,7.5075,5.5055,-2.0020,1.1632,0.2578,0.1108,0.0828,6.0000,6.5709,0.5326,14.0781,0.5693,27.0419,-23.3265,28.2352,-22.1593,28.1813,-22.2299,29.4850,-24.0525,33.6481,-30.2930,1.1932,1.1673,1.1394,1.0966,2.4431,-0.7260,64,0.2100,64,0,0.9666,0.0278,0.0056,4.2383,8.5099,-0.3482,1.2994,5.8576,0.0000,1,0.1067,0.1544,6.5993,-0.0001
6.8201,IMM-UKF,jink,0.500,10.00,0.150,1,0.600,1,7.4713,5.4605,-2.0108,1.1897,0.2578,0.1108,0.0842,6.0000,6.5709,0.5332,15.3217,0.5705,26.9185,-23.4175,28.2352,-22.1593,28.1813,-22.2299,29.5739,-24.2242,33.9759,-30.8732,1.3167,1.2583,1.2628,1.1876,2.6554,-0.8067,64,0.2200,64,0,0.9666,0.0278,0.0056,4.2698,8.5888,-0.3497,1.2290,5.8728,0.0000,1,0.1150,0.1462,6.5993,0.0018
6.8301,IMM-UKF,jink,0.500,10.00,0.150,1,0.600,1,7.4341,5.4142,-2.0199,1.2169,0.2578,0.1108,0.0857,6.0000,6.5709,0.5339,16.6409,0.5717,26.7886,-23.5124,28.2352,-22.1593,28.1813,-22.2299,29.6689,-24.4060,34.3338,-31.4871,1.4466,1.3532,1.3928,1.2825,2.8803,-0.8936,64,0.2300,64,0,0.9666,0.0278,0.0056,4.3003,8.6673,-0.3506,1.1584,5.8871,0.0000,1,0.1150,0.1462,6.5993,0.0018
6.8401,IMM-UKF,jink,0.500,10.00,0.150,1,0.600,1,7.3961,5.3667,-2.0294,1.2451,0.2578,0.1108,0.0870,6.0000,6.5709,0.5346,18.0396,0.5729,26.6520,-23.6113,28.2352,-22.1593,28.1813,-22.2299,29.7705,-24.5986,34.7252,-32.1368,1.5832,1.4521,1.5293,1.3814,3.1185,-0.9872,64,0.2400,64,0,0.9666,0.0278,0.0056,4.3298,8.7454,-0.3510,1.0877,5.9006,0.0000,1,0.1150,0.1462,6.5993,0.0018
6.8501,IMM-UKF,jink,0.500,10.00,0.150,1,0.600,1,7.3572,5.3181,-2.0391,1.2741,0.2578,0.1108,0.0884,6.0000,6.5709,0.5354,19.5219,0.5742,26.5087,-23.7144,28.2352,-22.1593,28.1813,-22.2299,29.8794,-24.8024,35.1536,-32.8250,1.7265,1.5551,1.6726,1.4845,3.3707,-1.0880,64,0.2500,64,0,0.9666,0.0278,0.0056,4.3583,8.8230,-0.3507,1.0168,5.9132,0.0000,1,0.1150,0.1462,6.5993,0.0018
6.8601,IMM-UKF,jink,0.500,10.00,0.150,1,0.600,1,7.3174,5.2683,-2.0491,1.3040,0.2578,0.1108,0.0897,6.0000,6.5709,0.5362,21.0922,0.5755,26.3586,-23.8217,28.2352,-22.1593,28.1813,-22.2299,29.9962,-25.0181,35.6230,-33.5544,1.8766,1.6624,1.8228,1.5918,3.6376,-1.1964,64,0.2600,64,0,0.9666,0.0278,0.0056,4.3857,8.9001,-0.3497,0.9458,5.9250,0.0000,1,0.1150,0.1462,6.5993,0.0018
6.8701,IMM-UKF,jink,0.500,10.00,0.150,1,0.600,1,7.2768,5.6179,-1.6589,1.0692,0.2573,0.1099,0.0914,6.0000,7.1209,1.1289,10.7236,0.5769,26.2015,-23.9334,27.9304,-22.6086,27.9801,-22.4222,28.1399,-23.6767,28.1127,-29.1058,1.7288,1.3248,1.7786,1.5112,1.9384,0.2567,65,0.1600,65,0,0.9719,0.0243,0.0038,4.4121,8.9768,-0.3480,0.8746,5.9359,0.0000,1,0.1150,0.1462,6.7100,0.0018
6.8801,IMM-UKF,jink,0.500,10.00,0.150,1,0.600,1,7.2353,5.5777,-1.6576,1.0912,0.2573,0.1099,0.0926,6.0000,7.1209,1.1276,11.7226,0.5783,26.0374,-24.0497,27.9304,-22.6086,27.9801,-22.4222,28.1655,-23.8189,28.2560,-29.6281,1.8930,1.4411,1.9427,1.6275,2.1282,0.2309,65,0.1700,65,0,0.9719,0.0243,0.0038,4.4375,9.0531,-0.3454,0.8033,5.9460,0.0000,1,0.1150,0.1462,6.7100,0.0018
6.8901,IMM-UKF,jink,0.500,10.00,0.150,1,0.600,1,7.1930,5.5364,-1.6566,1.1141,0.2573,0.1099,0.0937,6.0000,7.1209,1.1263,12.7889,0.5797,25.8661,-24.1708,27.9304,-22.6086,27.9801,-22.4222,28.1962,-23.9712,28.4185,-30.1841,2.0643,1.5622,2.1140,1.7486,2.3301,0.1996,65,0.1800,65,0,0.9719,0.0243,0.0038,4.4617,9.1290,-0.3418,0.7319,5.9552,0.0000,1,0.1150,0.1462,6.7100,0.0018
6.9001,IMM-UKF,jink,0.500,10.00,0.150,1,0.600,1,7.1499,5.4940,-1.6559,1.1378,0.2573,0.1099,0.0948,6.0000,7.1209,1.1250,13.9259,0.5812,25.6875,-24.2968,27.9304,-22.6086,27.9801,-22.4222,28.2323,-24.1344,28.6023,-30.7770,2.2429,1.6882,2.2926,1.8746,2.5449,0.1624,65,0.1900,65,0,0.9719,0.0243,0.0038,4.4849,9.2044,-0.3372,0.6604,5.9635,0.0000,1,0.1150,0.1462,6.7100,0.0018
6.9101,IMM-UKF,jink,0.500,10.00,0.150,1,0.600,1,7.1059,5.4505,-1.6554,1.1625,0.2573,0.1099,0.0959,6.0000,7.1209,1.1236,15.1373,0.5827,25.5014,-24.4279,27.9304,-22.6086,27.9801,-22.4222,28.2744,-24.3093,28.8098,-31.4104,2.4289,1.8193,2.4787,2.0057,2.7730,0.1185,65,0.2000,65,0,0.9719,0.0243,0.0038,4.5071,9.2794,-0.3312,0.5888,5.9710,0.0000,1,0.1150,0.1462,6.7100,0.0018
6.9201,IMM-UKF,jink,0.500,10.00,0.150,1,0.600,1,7.0612,5.4061,-1.6551,1.1881,0.2573,0.1099,0.0969,6.0000,7.1209,1.1222,16.4270,0.5842,25.3078,-24.5644,27.9304,-22.6086,27.9801,-22.4222,28.3230,-24.4972,29.0434,-32.0887,2.6226,1.9558,2.6724,2.1422,3.0152,0.0672,65,0.2100,65,0,0.9719,0.0243,0.0038,4.5280,9.3540,-0.3238,0.5171,5.9777,0.0000,1,0.1150,0.1462,6.7100,0.0018
6.9301,IMM-UKF,jink,0.500,10.00,0.150,1,0.600,1,7.0157,5.3607,-1.6550,1.2145,0.2573,0.1099,0.0979,6.0000,7.1209,1.1207,17.7994,0.5858,25.1064,-24.7065,27.9304,-22.6086,27.9801,-22.4222,28.3786,-24.6993,29.3061,-32.8172,2.8240,2.0979,2.8738,2.2843,3.2722,0.0072,65,0.2200,65,0,0.9719,0.0243,0.0038,4.5479,9.4282,-0.3146,0.4453,5.9835,0.0000,1,0.1150,0.1462,6.7100,0.0018
6.9401,IMM-UKF,jink,0.500,10.00,0.150,1,0.600,1,6.9695,5.3145,-1.6549,1.2418,0.2573,0.1099,0.0988,6.0000,7.1209,1.1193,19.2595,0.5874,24.8970,-24.8545,27.9304,-22.6086,27.9801,-22.4222,28.4417,-24.9174,29.6011,-33.6025,3.0333,2.2459,3.0831,2.4323,3.5447,-0.0630,65,0.2300,65,0,0.9719,0.0243,0.0038,4.5666,9.5019,-0.3031,0.3735,5.9884,0.0000,1,0.1171,0.1491,6.7100,0.0014
6.9501,IMM-UKF,jink,0.500,10.00,0.150,1,0.600,1,6.9225,5.2678,-1.6548,1.2700,0.2573,0.1099,0.0997,6.0000,7.1209,1.1178,20.8129,0.5890,24.6796,-25.0088,27.9304,-22.6086,27.9801,-22.4222,28.5130,-25.1540,29.9317,-34.4533,3.2507,2.4002,3.3005,2.5866,3.8334,-0.1453,65,0.2400,65,0,0.9719,0.0243,0.0038,4.5841,9.5750,-0.2888,0.3016,5.9924,0.0000,1,0.1171,0.1491,6.7100,0.0014
6.9601,IMM-UKF,jink,0.500,10.00,0.150,1,0.600,1,6.8749,5.2206,-1.6543,1.2990,0.2573,0.1099,0.1006,6.0000,7.1209,1.1163,22.4663,0.5907,24.4539,-25.1697,27.9304,-22.6086,27.9801,-22.4222,28.5931,-25.4126,30.3018,-35.3813,3.4764,2.5611,3.5262,2.7475,4.1392,-0.2429,65,0.2500,65,0,0.9719,0.0243,0.0038,4.6003,9.6475,-0.2707,0.2297,5.9956,0.0000,1,0.1171,0.1491,6.7100,0.0014
6.9701,IMM-UKF,jink,0.500,10.00,0.150,1,0.600,1,6.8266,5.2636,-1.5630,1.0471,0.2567,0.1091,0.1020,6.0000,7.0494,0.6616,11.1284,0.5923,24.2197,-25.3380,26.9185,-23.4175,26.8971,-23.5228,26.2113,-25.8190,20.3648,-38.2627,2.6988,1.9204,2.6774,1.8152,1.9915,-0.4810,66,0.1500,66,0,0.9737,0.0226,0.0038,4.6152,9.7192,-0.2471,0.1577,5.9979,0.0000,1,0.1171,0.1491,6.8218,0.0014
6.9801,IMM-UKF,jink,0.500,10.00,0.150,1,0.600,1,6.7777,5.2221,-1.5556,1.0676,0.2567,0.1091,0.1028,6.0000,7.0494,0.6632,12.3516,0.5939,23.9769,-25.5142,26.9185,-23.4175,26.8971,-23.5228,26.1765,-26.0956,20.3285,-39.3340,2.9416,2.0966,2.9202,1.9914,2.1996,-0.5814,66,0.1600,66,0,0.9737,0.0226,0.0038,4.6284,9.7893,-0.2152,0.0857,5.9994,0.0000,1,0.1171,0.1491,6.8218,0.0014
6.9901,IMM-UKF,jink,0.500,10.00,0.150,1,0.600,1,6.7284,5.1815,-1.5469,1.0890,0.2567,0.1091,0.1035,6.0000,7.0494,0.6647,13.6997,0.5955,23.7251,-25.6996,26.9185,-23.4175,26.8971,-23.5228,26.1469,-26.4108,20.3083,-40.5508,3.1934,2.2821,3.1720,2.1768,2.4218,-0.7112,66,0.1700,66,0,0.9737,0.0226,0.0038,4.6395,9.8562,-0.1687,0.0137,6.0000,0.0000,1,0.1171,0.1491,6.8218,0.0014
7.0001,IMM-UKF,jink,0.500,10.00,0.150,1,0.600,1,6.6788,5.1447,-1.5340,1.1112,0.2567,0.1091,0.1042,6.0000,7.0494,0.6662,15.2231,0.5971,23.4641,-25.8965,26.9185,-23.4175,26.8971,-23.5228,26.1203,-26.7919,20.3028,-41.9916,3.4544,2.4789,3.4330,2.3737,2.6562,-0.8955,66,0.1800,66,0,0.9737,0.0226,0.0038,4.6456,9.9119,-0.0906,-0.0583,5.9997,0.0000,1,0.1171,0.1491,6.8218,0.0014
7.0101,IMM-UKF,jink,0.500,10.00,0.150,1,0.600,1,6.6301,5.1285,-1.5016,1.1341,0.2567,0.1091,0.1049,6.0000,7.0494,0.6675,16.9267,0.5984,23.1930,-26.1084,26.9185,-23.4175,26.8971,-23.5228,26.0747,-27.2769,20.2780,-43.5274,3.7255,2.6908,3.7041,2.5856,2.8817,-1.1686,66,0.1900,66,0,0.9737,0.0226,0.0038,4.6254,9.8913,0.0702,-0.1302,5.9986,0.0000,1,0.1171,0.1491,6.8218,0.0014
7.0201,IMM-UKF,jink,0.500,10.00,0.150,1,0.600,1,6.5838,5.1445,-1.4393,1.1581,0.2567,0.1091,0.1055,6.0000,7.0494,0.6685,17.7663,0.5995,22.9099,-26.3245,26.9185,-23.4175,26.8971,-23.5228,25.9620,-27.5073,20.1403,-43.2300,4.0087,2.9070,3.9873,2.8017,3.0521,-1.1828,66,0.2000,66,0,0.9737,0.0226,0.0038,4.5450,9.6848,0.1860,-0.2022,5.9966,0.0000,1,0.1171,0.1491,6.8218,0.0014
7.0301,IMM-UKF,jink,0.500,10.00,0.150,1,0.600,1,6.5400,5.1637,-1.3763,1.1833,0.2567,0.1091,0.1061,6.0000,7.0494,0.6694,18.2688,0.6005,22.6144,-26.5391,26.9185,-23.4175,26.8971,-23.5228,25.8326,-27.5863,19.9803,-42.3025,4.3041,3.1216,4.2827,3.0163,3.2182,-1.0472,66,0.2100,66,0,0.9737,0.0226,0.0038,4.4594,9.4563,0.2403,-0.2742,5.9937,0.0000,1,0.1171,0.1491,6.8218,0.0014
7.0401,IMM-UKF,jink,0.500,10.00,0.150,1,0.600,1,6.4984,5.1862,-1.3122,1.2094,0.2567,0.1091,0.1067,6.0000,7.0494,0.6702,18.7457,0.6014,22.3065,-26.7498,26.9185,-23.4175,26.8971,-23.5228,25.6936,-27.5989,19.8171,-41.2039,4.6120,3.3323,4.5906,3.2270,3.3871,-0.8491,66,0.2200,66,0,0.9737,0.0226,0.0038,4.3737,9.2237,0.2725,-0.3461,5.9900,0.0000,1,0.1171,0.1491,6.8218,0.0014
7.0501,IMM-UKF,jink,0.500,10.00,0.150,1,0.600,1,6.4591,5.2125,-1.2466,1.2364,0.2567,0.1091,0.1072,6.0000,7.0494,0.6709,19.3013,0.6021,21.9861,-26.9554,26.9185,-23.4175,26.8971,-23.5228,25.5463,-27.5665,19.6531,-40.0415,4.9324,3.5379,4.9110,3.4326,3.5602,-0.6111,66,0.2300,66,0,0.9737,0.0226,0.0038,4.2888,8.9895,0.2936,-0.4179,5.9854,0.0000,1,0.1171,0.1491,6.8218,0.0014
7.0601,IMM-UKF,jink,0.500,10.00,0.150,1,0.600,1,6.4221,5.2427,-1.1794,1.2644,0.2567,0.1091,0.1077,6.0000,7.0494,0.6714,19.9910,0.6027,21.6532,-27.1551,26.9185,-23.4175,26.8971,-23.5228,25.3908,-27.4973,19.4887,-38.8557,5.2653,3.7376,5.2439,3.6323,3.7376,-0.3422,66,0.2400,66,0,0.9737,0.0226,0.0038,4.2049,8.7544,0.3079,-0.4897,5.9800,0.0000,1,0.1091,0.1550,6.8218,-0.0017
7.0701,IMM-UKF,jink,0.500,10.00,0.150,1,0.600,1,6.3873,5.2770,-1.1103,1.2933,0.2567,0.1091,0.1081,6.0000,7.0494,0.6719,20.8497,0.6032,21.3079,-27.3480,26.9185,-23.4175,26.8971,-23.5228,25.2275,-27.3953,19.3239,-37.6664,5.6106,3.9305,5.5892,3.8252,3.9196,-0.0473,66,0.2500,66,0,0.9737,0.0226,0.0038,4.1221,8.5187,0.3176,-0.5614,5.9737,0.0000,1,0.1091,0.1550,6.8218,-0.0017
7.0801,IMM-UKF,jink,0.500,10.00,0.150,1,0.600,1,6.3547,5.3154,-1.0393,1.3231,0.2567,0.1091,0.1086,6.0000,7.0494,0.6722,21.8983,0.6036,20.9502,-27.5336,26.9185,-23.4175,26.8971,-23.5228,25.0565,-27.2633,19.1585,-36.4850,5.9683,4.1161,5.9469,4.0109,4.1063,0.2703,66,0.2600,66,0,0.9737,0.0226,0.0038,4.0405,8.2825,0.3238,-0.6331,5.9665,0.0000,1,0.1091,0.1550,6.8218,-0.0017
7.0901,IMM-UKF,jink,0.500,10.00,0.150,1,0.600,1,6.3243,5.0834,-1.2409,0.9796,0.2562,0.1091,0.1095,6.0000,7.1678,0.9871,12.1630,0.6039,20.5802,-27.7113,24.8970,-24.8545,24.7197,-24.8965,22.3489,-26.4269,10.0527,-32.5791,4.3168,2.8569,4.1395,2.8148,1.7687,1.2845,67,0.1500,67,0,0.9755,0.0211,0.0034,3.9602,8.0458,0.3274,-0.7046,5.9585,0.0000,1,0.1091,0.1550,6.9415,-0.0017
7.1001,IMM-UKF,jink,0.500,10.00,0.150,1,0.600,1,6.2961,5.1034,-1.1927,0.9998,0.2562,0.1091,0.1099,6.0000,7.1678,0.9862,13.7439,0.6041,20.1980,-27.8806,24.8970,-24.8545,24.7197,-24.8965,22.1168,-26.3459,10.1211,-31.6041,4.6990,3.0261,4.5217,2.9841,1.9188,1.5347,67,0.1600,67,0,0.9755,0.0211,0.0034,3.8811,7.8086,0.3288,-0.7761,5.9496,0.0000,1,0.1091,0.1550,6.9415,-0.0017
7.1101,IMM-UKF,jink,0.500,10.00,0.150,1,0.600,1,6.2701,5.1278,-1.1423,1.0209,0.2562,0.1091,0.1102,6.0000,7.1678,0.9854,15.4559,0.6042,19.8038,-28.0410,24.8970,-24.8545,24.7197,-24.8965,21.8802,-26.2377,10.1816,-30.6381,5.0932,3.1865,4.9159,3.1445,2.0764,1.8033,67,0.1700,67,0,0.9755,0.0211,0.0034,3.8034,7.5710,0.3284,-0.8474,5.9399,0.0000,1,0.1091,0.1550,6.9415,-0.0017
7.1201,IMM-UKF,jink,0.500,10.00,0.150,1,0.600,1,6.2463,5.1567,-1.0896,1.0430,0.2562,0.1091,0.1106,6.0000,7.1678,0.9845,17.2929,0.6043,19.3978,-28.1919,24.8970,-24.8545,24.7197,-24.8965,21.6393,-26.1030,10.2337,-29.6845,5.4992,3.3375,5.3219,3.2955,2.2415,2.0890,67,0.1800,67,0,0.9755,0.0211,0.0034,3.7270,7.3330,0.3264,-0.9186,5.9293,0.0000,1,0.1091,0.1550,6.9415,-0.0017
7.1301,IMM-UKF,jink,0.500,10.00,0.150,1,0.600,1,6.2246,5.1899,-1.0346,1.0660,0.2562,0.1091,0.1109,6.0000,7.1678,0.9837,19.2484,0.6044,18.9803,-28.3331,24.8970,-24.8545,24.7197,-24.8965,21.3943,-25.9424,10.2774,-28.7457,5.9168,3.4787,5.7395,3.4367,2.4141,2.3907,67,0.1900,67,0,0.9755,0.0211,0.0034,3.6521,7.0945,0.3230,-0.9897,5.9178,0.0000,1,0.1091,0.1550,6.9415,-0.0017
7.1401,IMM-UKF,jink,0.500,10.00,0.150,1,0.600,1,6.2051,5.2277,-0.9774,1.0900,0.2562,0.1091,0.1112,6.0000,7.1678,0.9828,21.3154,0.6043,18.5513,-28.4641,24.8970,-24.8545,24.7197,-24.8965,21.1456,-25.7567,10.3124,-27.8239,6.3457,3.6097,6.1684,3.5676,2.5943,2.7074,67,0.2000,67,0,0.9755,0.0211,0.0034,3.5785,6.8556,0.3184,-1.0607,5.9055,0.0000,1,0.1091,0.1550,6.9415,-0.0017
7.1501,IMM-UKF,jink,0.500,10.00,0.150,1,0.600,1,6.1878,5.2699,-0.9179,1.1148,0.2562,0.1091,0.1114,6.0000,7.1678,0.9819,23.4863,0.6042,18.1113,-28.5846,24.8970,-24.8545,24.7197,-24.8965,20.8933,-25.5468,10.3387,-26.9206,6.7857,3.7301,6.6084,3.6881,2.7820,3.0378,67,0.2100,67,0,0.9755,0.0211,0.0034,3.5065,6.6163,0.3127,-1.1314,5.8924,0.0000,1,0.1091,0.1550,6.9415,-0.0017
7.1601,IMM-UKF,jink,0.500,10.00,0.150,1,0.600,1,6.1726,5.3166,-0.8560,1.1405,0.2562,0.1091,0.1117,6.0000,7.1678,0.9810,25.7536,0.6041,17.6606,-28.6941,24.8970,-24.8545,24.7197,-24.8965,20.6378,-25.3136,10.3564,-26.0370,7.2364,3.8396,7.0591,3.7976,2.9772,3.3805,67,0.2200,67,0,0.9755,0.0211,0.0034,3.4360,6.3765,0.3060,-1.2021,5.8784,0.0000,1,0.1091,0.1550,6.9415,-0.0017
7.1701,IMM-UKF,jink,0.500,10.00,0.150,1,0.600,1,6.1596,5.3678,-0.7918,1.1672,0.2562,0.1091,0.1119,6.0000,7.1678,0.9801,28.1094,0.6039,17.1995,-28.7923,24.8970,-24.8545,24.7197,-24.8965,20.3792,-25.0582,10.3653,-25.1739,7.6975,3.9378,7.5202,3.8958,3.1797,3.7341,67,0.2300,67,0,0.9755,0.0211,0.0034,3.3671,6.1363,0.2983,-1.2725,5.8635,0.0000,1,0.0985,0.1525,6.9415,0.0008
7.1801,IMM-UKF,jink,0.500,10.00,0.150,1,0.600,1,6.1487,5.4230,-0.7258,1.1947,0.2562,0.1091,0.1121,6.0000,7.1678,0.9792,30.5340,0.6036,16.7284,-28.8791,24.8970,-24.8545,24.7197,-24.8965,20.1183,-24.7845,10.3639,-24.3401,8.1686,4.0246,7.9913,3.9826,3.3899,4.0946,67,0.2400,67,0,0.9755,0.0211,0.0034,3.3004,5.8981,0.2897,-1.3428,5.8478,0.0000,1,0.0985,0.1525,6.9415,0.0008
7.1901,IMM-UKF,jink,0.500,10.00,0.150,1,0.600,1,6.1400,5.4821,-0.6579,1.2231,0.2562,0.1091,0.1123,6.0000,7.1678,0.9784,33.0178,0.6034,16.2478,-28.9543,24.8970,-24.8545,24.7197,-24.8965,19.8555,-24.4941,10.3524,-23.5354,8.6492,4.0999,8.4719,4.0578,3.6077,4.4602,67,0.2500,67,0,0.9755,0.0211,0.0034,3.2361,5.6620,0.2804,-1.4129,5.8313,0.0000,1,0.0985,0.1525,6.9415,0.0008
7.2001,IMM-UKF,jink,0.500,10.00,0.150,1,0.600,1,6.1333,5.5451,-0.5882,1.2523,0.2562,0.1091,0.1125,6.0000,7.1678,0.9775,35.5522,0.6030,15.7580,-29.0178,24.8970,-24.8545,24.7197,-24.8965,19.5910,-24.1883,10.3312,-22.7591,9.1390,4.1634,8.9617,4.1214,3.8330,4.8296,67,0.2600,67,0,0.9755,0.0211,0.0034,3.1740,5.4280,0.2704,-1.4827,5.8139,0.0000,1,0.0985,0.1525,6.9415,0.0008
7.2101,IMM-UKF,jink,0.500,10.00,0.150,1,0.600,1,6.1287,5.6119,-0.5168,1.2823,0.2562,0.1091,0.1127,6.0000,7.1678,0.9766,38.1288,0.6027,15.2595,-29.0696,24.8970,-24.8545,24.7197,-24.8965,19.3249,-23.8685,10.3010,-22.0103,9.6375,4.2151,9.4602,4.1731,4.0654,5.2011,67,0.2700,67,0,0.9755,0.0211,0.0034,3.1143,5.1961,0.2597,-1.5524,5.7957,0.0000,1,0.0985,0.1525,6.9415,0.0008
7.2201,IMM-UKF,jink,0.500,10.00,0.150,1,0.600,1,6.1262,5.0299,-1.0963,0.9452,0.2554,0.1102,0.1137,6.0000,6.6636,1.6435,17.4572,0.6023,14.7528,-29.1094,21.6532,-27.1551,21.6216,-27.4285,17.3331,-27.2847,4.5279,-26.3563,6.9004,1.9543,6.8688,1.6809,2.5803,1.8247,68,0.1600,68,0,0.9774,0.0192,0.0034,3.0568,4.9663,0.2484,-1.6218,5.7766,0.0000,1,0.0985,0.1525,7.0584,0.0008
7.2301,IMM-UKF,jink,0.500,10.00,0.150,1,0.600,1,6.1257,5.0752,-1.0505,0.9665,0.2554,0.1102,0.1138,6.0000,6.6636,1.6431,19.2779,0.6019,14.2385,-29.1374,21.6532,-27.1551,21.6216,-27.4285,17.0148,-27.0484,4.5831,-25.5801,7.4148,1.9823,7.3831,1.7089,2.7764,2.0890,68,0.1700,68,0,0.9774,0.0192,0.0034,3.0016,4.7385,0.2365,-1.6910,5.7568,0.0000,1,0.0985,0.1525,7.0584,0.0008
7.2401,IMM-UKF,jink,0.500,10.00,0.150,1,0.600,1,6.1272,5.1243,-1.0030,0.9887,0.2554,0.1102,0.1140,6.0000,6.6636,1.6427,21.1834,0.6015,13.7169,-29.1534,21.6532,-27.1551,21.6216,-27.4285,16.6967,-26.7909,4.6274,-24.8252,7.9363,1.9983,7.9047,1.7249,2.9799,2.3625,68,0.1800,68,0,0.9774,0.0192,0.0034,2.9487,4.5129,0.2240,-1.7600,5.7361,0.0000,1,0.0985,0.1525,7.0584,0.0008
7.2501,IMM-UKF,jink,0.500,10.00,0.150,1,0.600,1,6.1308,5.1771,-0.9537,1.0119,0.2554,0.1102,0.1141,6.0000,6.6636,1.6422,23.1653,0.6010,13.1886,-29.1576,21.6532,-27.1551,21.6216,-27.4285,16.3792,-26.5137,4.6612,-24.0915,8.4646,2.0025,8.4330,1.7291,3.1905,2.6439,68,0.1900,68,0,0.9774,0.0192,0.0034,2.8981,4.2893,0.2109,-1.8287,5.7145,0.0000,1,0.0985,0.1525,7.0584,0.0008
7.2601,IMM-UKF,jink,0.500,10.00,0.150,1,0.600,1,6.1363,5.2337,-0.9026,1.0361,0.2554,0.1102,0.1142,6.0000,6.6636,1.6417,25.2151,0.6005,12.6542,-29.1499,21.6532,-27.1551,21.6216,-27.4285,16.0623,-26.2181,4.6849,-23.3785,8.9990,1.9948,8.9674,1.7214,3.4081,2.9318,68,0.2000,68,0,0.9774,0.0192,0.0034,2.8497,4.0679,0.1972,-1.8971,5.6922,0.0000,1,0.0985,0.1525,7.0584,0.0008
7.2701,IMM-UKF,jink,0.500,10.00,0.150,1,0.600,1,6.1438,5.2939,-0.8499,1.0612,0.2554,0.1102,0.1143,6.0000,6.6636,1.6411,27.3247,0.6000,12.1142,-29.1304,21.6532,-27.1551,21.6216,-27.4285,15.7465,-25.9056,4.6989,-22.6859,9.5390,1.9753,9.5074,1.7019,3.6323,3.2248,68,0.2100,68,0,0.9774,0.0192,0.0034,2.8036,3.8485,0.1829,-1.9653,5.6690,0.0000,1,0.0906,0.1516,7.0584,0.0013
7.2801,IMM-UKF,jink,0.500,10.00,0.150,1,0.600,1,6.1532,5.3577,-0.7955,1.0872,0.2554,0.1102,0.1145,6.0000,6.6636,1.6406,29.4863,0.5995,11.5691,-29.0992,21.6532,-27.1551,21.6216,-27.4285,15.4320,-25.5774,4.7035,-22.0130,10.0841,1.9441,10.0525,1.6707,3.8629,3.5218,68,0.2200,68,0,0.9774,0.0192,0.0034,2.7597,3.6312,0.1681,-2.0332,5.6450,0.0000,1,0.0906,0.1516,7.0584,0.0013
7.2901,IMM-UKF,jink,0.500,10.00,0.150,1,0.600,1,6.1646,5.4251,-0.7395,1.1141,0.2554,0.1102,0.1146,6.0000,6.6636,1.6400,31.6921,0.5989,11.0195,-29.0564,21.6532,-27.1551,21.6216,-27.4285,15.1189,-25.2351,4.6990,-21.3595,10.6337,1.9013,10.6021,1.6279,4.0995,3.8214,68,0.2300,68,0,0.9774,0.0192,0.0034,2.7180,3.4159,0.1528,-2.1008,5.6202,0.0000,1,0.0906,0.1516,7.0584,0.0013
7.3001,IMM-UKF,jink,0.500,10.00,0.150,1,0.600,1,6.1779,5.4961,-0.6818,1.1420,0.2554,0.1102,0.1147,6.0000,6.6636,1.6394,33.9351,0.5983,10.4659,-29.0022,21.6532,-27.1551,21.6216,-27.4285,14.8075,-24.8798,4.6860,-20.7246,11.1873,1.8471,11.1557,1.5737,4.3416,4.1225,68,0.2400,68,0,0.9774,0.0192,0.0034,2.6784,3.2028,0.1368,-2.1681,5.5946,0.0000,1,0.0906,0.1516,7.0584,0.0013
7.3101,IMM-UKF,jink,0.500,10.00,0.150,1,0.600,1,6.1931,5.5705,-0.6226,1.1707,0.2554,0.1102,0.1148,6.0000,6.6636,1.6387,36.2084,0.5977,9.9088,-28.9367,21.6532,-27.1551,21.6216,-27.4285,14.4978,-24.5128,4.6646,-20.1077,11.7444,1.7816,11.7128,1.5082,4.5890,4.4239,68,0.2500,68,0,0.9774,0.0192,0.0034,2.6411,2.9917,0.1202,-2.2350,5.5682,0.0000,1,0.0906,0.1516,7.0584,0.0013
7.3201,IMM-UKF,jink,0.500,10.00,0.150,1,0.600,1,6.2102,5.6484,-0.5618,1.2002,0.2554,0.1102,0.1149,6.0000,6.6636,1.6381,38.5056,0.5971,9.3489,-28.8601,21.6532,-27.1551,21.6216,-27.4285,14.1900,-24.1354,4.6353,-19.5082,12.3043,1.7050,12.2727,1.4316,4.8411,4.7247,68,0.2600,68,0,0.9774,0.0192,0.0034,2.6059,2.7827,0.1030,-2.3017,5.5410,0.0000,1,0.0906,0.1516,7.0584,0.0013
7.3301,IMM-UKF,jink,0.500,10.00,0.150,1,0.600,1,6.2292,4.9486,-1.2806,0.9025,0.2541,0.1107,0.1163,6.0000,5.8743,2.2433,19.1968,0.5964,8.7866,-28.7725,17.1995,-28.7923,17.3852,-29.1304,11.9775,-27.2429,-0.6800,-22.4629,8.4129,-0.0198,8.5986,-0.3578,3.1909,1.5296,69,0.1600,69,0,0.9762,0.0200,0.0038,2.5728,2.5758,0.0852,-2.3680,5.5129,0.0000,1,0.0906,0.1516,7.1709,0.0013
7.3401,IMM-UKF,jink,0.500,10.00,0.150,1,0.600,1,6.2501,5.0049,-1.2452,0.9234,0.2541,0.1107,0.1164,6.0000,5.8743,2.2430,20.8306,0.5957,8.2224,-28.6743,17.1995,-28.7923,17.3852,-29.1304,11.6171,-26.9198,-0.6511,-21.8285,8.9771,-0.1180,9.1628,-0.4561,3.3946,1.7545,69,0.1700,69,0,0.9762,0.0200,0.0038,2.5418,2.3710,0.0666,-2.4340,5.4841,0.0000,1,0.0906,0.1516,7.1709,0.0013
7.3501,IMM-UKF,jink,0.500,10.00,0.150,1,0.600,1,6.2728,5.0646,-1.2082,0.9453,0.2541,0.1107,0.1165,6.0000,5.8743,2.2426,22.5342,0.5950,7.6570,-28.5655,17.1995,-28.7923,17.3852,-29.1304,11.2606,-26.5791,-0.6308,-21.2079,9.5425,-0.2268,9.7282,-0.5649,3.6036,1.9864,69,0.1800,69,0,0.9762,0.0200,0.0038,2.5129,2.1683,0.0473,-2.4996,5.4545,0.0000,1,0.0906,0.1516,7.1709,0.0013
7.3601,IMM-UKF,jink,0.500,10.00,0.150,1,0.600,1,6.2973,5.1276,-1.1698,0.9681,0.2541,0.1107,0.1166,6.0000,5.8743,2.2418,24.2999,0.5943,7.0909,-28.4464,17.1995,-28.7923,17.3852,-29.1304,10.9081,-26.2222,-0.6187,-20.6006,10.1086,-0.3459,10.2943,-0.6839,3.8172,2.2242,69,0.1900,69,0,0.9762,0.0200,0.0038,2.4861,1.9677,0.0272,-2.5649,5.4241,0.0000,1,0.0906,0.1516,7.1709,0.0013
7.3701,IMM-UKF,jink,0.500,10.00,0.150,1,0.600,1,6.3237,5.1939,-1.1298,0.9919,0.2541,0.1107,0.1167,6.0000,5.8743,2.2409,26.1220,0.5935,6.5244,-28.3174,17.1995,-28.7923,17.3852,-29.1304,10.5599,-25.8503,-0.6147,-20.0059,10.6751,-0.4749,10.8608,-0.8130,4.0354,2.4670,69,0.2000,69,0,0.9762,0.0200,0.0038,2.4613,1.7692,0.0062,-2.6298,5.3930,0.0000,1,0.0988,0.1498,7.1709,0.0002
7.3801,IMM-UKF,jink,0.500,10.00,0.150,1,0.600,1,6.3518,5.2634,-1.0885,1.0166,0.2541,0.1107,0.1168,6.0000,5.8743,2.2400,27.9943,0.5927,5.9581,-28.1785,17.1995,-28.7923,17.3852,-29.1304,10.2159,-25.4645,-0.6183,-19.4231,11.2414,-0.6138,11.4271,-0.9518,4.2578,2.7140,69,0.2100,69,0,0.9762,0.0200,0.0038,2.4384,1.5729,-0.0158,-2.6943,5.3610,0.0000,1,0.0988,0.1498,7.1709,0.0002
7.3901,IMM-UKF,jink,0.500,10.00,0.150,1,0.600,1,6.3818,5.3361,-1.0457,1.0423,0.2541,0.1107,0.1170,6.0000,5.8743,2.2390,29.9113,0.5919,5.3924,-28.0302,17.1995,-28.7923,17.3852,-29.1304,9.8764,-25.0658,-0.6294,-18.8510,11.8071,-0.7621,11.9928,-1.1002,4.4840,2.9644,69,0.2200,69,0,0.9762,0.0200,0.0038,2.4176,1.3787,-0.0390,-2.7585,5.3283,0.0000,1,0.0988,0.1498,7.1709,0.0002
7.4001,IMM-UKF,jink,0.500,10.00,0.150,1,0.600,1,6.4135,5.4119,-1.0016,1.0689,0.2541,0.1107,0.1171,6.0000,5.8743,2.2380,31.8684,0.5910,4.8277,-27.8725,17.1995,-28.7923,17.3852,-29.1304,9.5413,-24.6549,-0.6477,-18.2886,12.3719,-0.9198,12.5575,-1.2578,4.7136,3.2176,69,0.2300,69,0,0.9762,0.0200,0.0038,2.3986,1.1867,-0.0636,-2.8222,5.2948,0.0000,1,0.0988,0.1498,7.1709,0.0002
7.4101,IMM-UKF,jink,0.500,10.00,0.150,1,0.600,1,6.4470,5.4907,-0.9563,1.0964,0.2541,0.1107,0.1172,6.0000,5.8743,2.2369,33.8615,0.5900,4.2644,-27.7059,17.1995,-28.7923,17.3852,-29.1304,9.2107,-24.2326,-0.6728,-17.7344,12.9351,-1.0864,13.1208,-1.4245,4.9463,3.4733,69,0.2400,69,0,0.9762,0.0200,0.0038,2.3816,0.9970,-0.0897,-2.8856,5.2606,0.0000,1,0.0988,0.1498,7.1709,0.0002
7.4201,IMM-UKF,jink,0.500,10.00,0.150,1,0.600,1,6.4822,5.5724,-0.9097,1.1247,0.2541,0.1107,0.1173,6.0000,5.8743,2.2359,35.8882,0.5891,3.7029,-27.5304,17.1995,-28.7923,17.3852,-29.1304,8.8846,-23.7990,-0.7045,-17.1864,13.4966,-1.2619,13.6823,-1.6000,5.1817,3.7314,69,0.2500,69,0,0.9762,0.0200,0.0038,2.3664,0.8096,-0.1177,-2.9485,5.2256,0.0000,1,0.0988,0.1498,7.1709,0.0002
7.4301,IMM-UKF,jink,0.500,10.00,0.150,1,0.600,1,6.5190,5.0382,-1.4809,0.8707,0.2537,0.1118,0.1179,6.0000,5.3110,2.1009,21.0782,0.5880,3.1437,-27.3463,12.1142,-29.1304,12.5144,-29.1041,6.4090,-25.3906,-5.4131,-17.4656,8.9705,-1.7841,9.3707,-1.7578,3.2653,1.9557,70,0.1600,70,0,0.9744,0.0213,0.0043,2.3531,0.6246,-0.1481,-3.0110,5.1898,0.0000,1,0.0988,0.1498,7.2713,0.0002
7.4401,IMM-UKF,jink,0.500,10.00,0.150,1,0.600,1,6.5576,5.1036,-1.4540,0.8914,0.2537,0.1118,0.1180,6.0000,5.3110,2.1006,22.7119,0.5870,2.5871,-27.1538,12.1142,-29.1304,12.5144,-29.1041,6.0406,-24.9748,-5.4085,-16.9064,9.5271,-1.9766,9.9273,-1.9503,3.4535,2.1790,70,0.1700,70,0,0.9744,0.0213,0.0043,2.3415,0.4422,-0.1816,-3.0730,5.1533,0.0000,1,0.0988,0.1498,7.2713,0.0002
7.4501,IMM-UKF,jink,0.500,10.00,0.150,1,0.600,1,6.5978,5.1717,-1.4261,0.9131,0.2537,0.1118,0.1181,6.0000,5.3110,2.1002,24.4190,0.5859,2.0334,-26.9530,12.1142,-29.1304,12.5144,-29.1041,5.6793,-24.5401,-5.4100,-16.3407,10.0808,-2.1774,10.4810,-2.1511,3.6459,2.4130,70,0.1800,70,0,0.9744,0.0213,0.0043,2.3316,0.2627,-0.2193,-3.1346,5.1161,0.0000,1,0.0988,0.1498,7.2713,0.0002
7.4601,IMM-UKF,jink,0.500,10.00,0.150,1,0.600,1,6.6396,5.2421,-1.3975,0.9358,0.2537,0.1118,0.1182,6.0000,5.3110,2.0999,26.2087,0.5847,1.4829,-26.7438,12.1142,-29.1304,12.5144,-29.1041,5.3253,-24.0838,-5.4176,-15.7600,10.6313,-2.3866,11.0315,-2.3603,3.8424,2.6600,70,0.1900,70,0,0.9744,0.0213,0.0043,2.3233,0.0867,-0.2631,-3.1958,5.0781,0.0000,1,0.0988,0.1498,7.2713,0.0002
7.4701,IMM-UKF,jink,0.500,10.00,0.150,1,0.600,1,6.6829,5.3141,-1.3687,0.9594,0.2537,0.1118,0.1184,6.0000,5.3110,2.0996,28.1053,0.5835,0.9360,-26.5260,12.1142,-29.1304,12.5144,-29.1041,4.9793,-23.6000,-5.4309,-15.1478,11.1782,-2.6044,11.5784,-2.5781,4.0433,2.9260,70,0.2000,70,0,0.9744,0.0213,0.0043,2.3164,-0.0844,-0.3168,-3.2565,5.0394,0.0000,1,0.1027,0.1554,7.2713,-0.0001
7.4801,IMM-UKF,jink,0.500,10.00,0.150,1,0.600,1,6.7275,5.3862,-1.3413,0.9839,0.2537,0.1118,0.1185,6.0000,5.3110,2.0993,30.1725,0.5822,0.3930,-26.2989,12.1142,-29.1304,12.5144,-29.1041,4.6431,-23.0742,-5.4492,-14.4672,11.7212,-2.8315,12.1214,-2.8052,4.2501,3.2247,70,0.2100,70,0,0.9744,0.0213,0.0043,2.3103,-0.2461,-0.3889,-3.3167,4.9999,0.0000,1,0.1027,0.1554,7.2713,-0.0001
7.4901,IMM-UKF,jink,0.500,10.00,0.150,1,0.600,1,6.7730,5.4513,-1.3217,1.0092,0.2537,0.1118,0.1186,6.0000,5.3110,2.0989,32.6042,0.5810,-0.1455,-26.0606,12.1142,-29.1304,12.5144,-29.1041,4.3272,-22.4684,-5.4697,-13.6180,12.2597,-3.0698,12.6599,-3.0435,4.4727,3.5921,70,0.2200,70,0,0.9744,0.0213,0.0043,2.3025,-0.3771,-0.5049,-3.3765,4.9598,0.0000,1,0.1027,0.1554,7.2713,-0.0001
7.5001,IMM-UKF,jink,0.500,10.00,0.150,1,0.600,1,6.8175,5.4759,-1.3416,1.0356,0.2537,0.1118,0.1187,6.0000,5.3110,2.0986,35.2922,0.5799,-0.6776,-25.8142,12.1142,-29.1304,12.5144,-29.1041,4.1088,-21.8896,-5.4677,-12.7233,12.7918,-3.3162,13.1920,-3.2899,4.7864,3.9245,70,0.2300,70,0,0.9744,0.0213,0.0043,2.2735,-0.3247,-0.6731,-3.4358,4.9189,0.0000,1,0.1027,0.1554,7.2713,-0.0001
7.5101,IMM-UKF,jink,0.500,10.00,0.150,1,0.600,1,6.8612,5.4829,-1.3783,1.0636,0.2537,0.1118,0.1176,6.0000,5.3110,2.1055,36.7480,0.5791,-1.1925,-25.5704,12.1142,-29.1304,12.5144,-29.1041,3.9655,-21.6816,-5.4410,-12.5701,13.3067,-3.5599,13.7069,-3.5336,5.1580,3.8889,70,0.2400,70,0,0.9744,0.0213,0.0043,2.2288,-0.1505,-0.7184,-3.3765,4.9598,0.0000,1,0.1027,0.1554,7.2713,-0.0001
7.5201,IMM-UKF,jink,0.500,10.00,0.150,1,0.600,1,6.9042,5.1497,-1.7545,0.8430,0.2560,0.1132,0.1142,6.0000,4.7516,1.1229,14.1085,0.5784,-1.6886,-25.3324,6.5244,-28.3174,6.7121,-28.4080,0.7624,-24.5472,-11.5167,-15.8476,8.2131,-2.9850,8.4007,-3.0756,2.4510,0.7852,71,0.1500,71,0,0.9647,0.0290,0.0063,2.1830,0.0285,-0.7292,-3.3167,4.9999,0.0000,1,0.1027,0.1554,7.3703,-0.0001
7.5301,IMM-UKF,jink,0.500,10.00,0.150,1,0.600,1,6.9464,5.1650,-1.7814,0.8638,0.2560,0.1132,0.1132,6.0000,4.7516,1.1190,14.9404,0.5780,-2.1663,-25.1008,6.5244,-28.3174,6.7121,-28.4080,0.4867,-24.4474,-11.6261,-15.9916,8.6907,-3.2166,8.8783,-3.3072,2.6530,0.6534,71,0.1600,71,0,0.9647,0.0290,0.0063,2.1368,0.2065,-0.7268,-3.2565,5.0394,0.0000,1,0.1027,0.1554,7.3703,-0.0001
7.5401,IMM-UKF,jink,0.500,10.00,0.150,1,0.600,1,6.9878,5.1779,-1.8100,0.8856,0.2560,0.1132,0.1122,6.0000,4.7516,1.1153,15.8094,0.5777,-2.6273,-24.8762,6.5244,-28.3174,6.7121,-28.4080,0.2250,-24.3750,-11.7329,-16.1792,9.1517,-3.4412,9.3393,-3.5318,2.8523,0.5012,71,0.1700,71,0,0.9647,0.0290,0.0063,2.0904,0.3827,-0.7174,-3.1958,5.0781,0.0000,1,0.1027,0.1554,7.3703,-0.0001
7.5501,IMM-UKF,jink,0.500,10.00,0.150,1,0.600,1,7.0285,5.1884,-1.8401,0.9084,0.2560,0.1132,0.1109,6.0000,4.7516,1.1117,16.7287,0.5774,-3.0722,-24.6587,6.5244,-28.3174,6.7121,-28.4080,-0.0234,-24.3264,-11.8371,-16.3986,9.5966,-3.6587,9.7842,-3.7493,3.0487,0.3323,71,0.1800,71,0,0.9647,0.0290,0.0063,2.0438,0.5569,-0.7038,-3.1346,5.1161,0.0000,1,0.1027,0.1554,7.3703,-0.0001
7.5601,IMM-UKF,jink,0.500,10.00,0.150,1,0.600,1,7.0685,5.1965,-1.8720,0.9324,0.2560,0.1132,0.1096,6.0000,4.7516,1.1084,17.7047,0.5773,-3.5015,-24.4483,6.5244,-28.3174,6.7121,-28.4080,-0.2593,-24.2997,-11.9389,-16.6443,10.0259,-3.8691,10.2135,-3.9597,3.2422,0.1486,71,0.1900,71,0,0.9647,0.0290,0.0063,1.9970,0.7291,-0.6874,-3.0730,5.1533,0.0000,1,0.1027,0.1554,7.3703,-0.0001
7.5701,IMM-UKF,jink,0.500,10.00,0.150,1,0.600,1,7.1076,5.2021,-1.9055,0.9573,0.2560,0.1132,0.1081,6.0000,4.7516,1.1052,18.7409,0.5771,-3.9157,-24.2452,6.5244,-28.3174,6.7121,-28.4080,-0.4830,-24.2937,-12.0383,-16.9130,10.4402,-4.0722,10.6278,-4.1628,3.4327,-0.0485,71,0.2000,71,0,0.9647,0.0290,0.0063,1.9501,0.8995,-0.6691,-3.0110,5.1898,0.0000,1,0.1027,0.1554,7.3703,-0.0001
7.5801,IMM-UKF,jink,0.500,10.00,0.150,1,0.600,1,7.1459,5.2054,-1.9406,0.9833,0.2560,0.1132,0.1066,6.0000,4.7516,1.1021,19.8392,0.5769,-4.3155,-24.0492,6.5244,-28.3174,6.7121,-28.4080,-0.6952,-24.3076,-12.1354,-17.2030,10.8399,-4.2682,11.0275,-4.3588,3.6203,-0.2584,71,0.2100,71,0,0.9647,0.0290,0.0063,1.9032,1.0679,-0.6495,-2.9485,5.2256,0.0000,1,0.1082,0.1533,7.3703,0.0005
7.5901,IMM-UKF,jink,0.500,10.00,0.150,1,0.600,1,7.1834,5.2062,-1.9773,1.0102,0.2560,0.1132,0.1049,6.0000,4.7516,1.0993,21.0007,0.5768,-4.7011,-23.8604,6.5244,-28.3174,6.7121,-28.4080,-0.8962,-24.3408,-12.2304,-17.5134,11.2255,-4.4570,11.4132,-4.5476,3.8049,-0.4805,71,0.2200,71,0,0.9647,0.0290,0.0063,1.8562,1.2345,-0.6289,-2.8856,5.2606,0.0000,1,0.1082,0.1533,7.3703,0.0005
7.6001,IMM-UKF,jink,0.500,10.00,0.150,1,0.600,1,7.2201,5.2046,-2.0154,1.0382,0.2560,0.1132,0.1031,6.0000,4.7516,1.0966,22.2258,0.5767,-5.0731,-23.6786,6.5244,-28.3174,6.7121,-28.4080,-1.0865,-24.3929,-12.3233,-17.8437,11.5975,-4.6388,11.7852,-4.7294,3.9866,-0.7143,71,0.2300,71,0,0.9647,0.0290,0.0063,1.8091,1.3992,-0.6075,-2.8222,5.2948,0.0000,1,0.1082,0.1533,7.3703,0.0005
7.6101,IMM-UKF,jink,0.500,10.00,0.150,1,0.600,1,7.2559,5.2007,-2.0551,1.0671,0.2560,0.1132,0.1012,6.0000,4.7516,1.0940,23.5147,0.5766,-5.4319,-23.5037,6.5244,-28.3174,6.7121,-28.4080,-1.2665,-24.4635,-12.4143,-18.1938,11.9563,-4.8136,12.1439,-4.9043,4.1654,-0.9598,71,0.2400,71,0,0.9647,0.0290,0.0063,1.7621,1.5622,-0.5856,-2.7585,5.3283,0.0000,1,0.1082,0.1533,7.3703,0.0005
7.6201,IMM-UKF,jink,0.500,10.00,0.150,1,0.600,1,7.2908,5.1945,-2.0962,1.0970,0.2560,0.1132,0.0992,6.0000,4.7516,1.0915,24.8679,0.5766,-5.7778,-23.3358,6.5244,-28.3174,6.7121,-28.4080,-1.4365,-24.5524,-12.5036,-18.5637,12.3023,-4.9816,12.4899,-5.0723,4.3413,-1.2167,71,0.2500,71,0,0.9647,0.0290,0.0063,1.7151,1.7234,-0.5633,-2.6943,5.3610,0.0000,1,0.1082,0.1533,7.3703,0.0005
7.6301,IMM-UKF,jink,0.500,10.00,0.150,1,0.600,1,7.3248,5.1770,-2.1478,0.8803,0.2549,0.1130,0.0983,6.0000,4.4482,1.5162,12.8381,0.5765,-6.1114,-23.1745,0.9360,-26.5260,1.2233,-26.5512,-4.5378,-24.7665,-17.8138,-19.8367,7.0474,-3.3515,7.3347,-3.3767,1.5736,-1.5919,72,0.1600,72,0,0.9680,0.0272,0.0048,1.6682,1.8829,-0.5408,-2.6298,5.3930,0.0000,1,0.1082,0.1533,7.4700,0.0005
7.6401,IMM-UKF,jink,0.500,10.00,0.150,1,0.600,1,7.3579,5.1773,-2.1806,0.9025,0.2549,0.1130,0.0961,6.0000,4.4482,1.5138,13.9736,0.5765,-6.4328,-23.0200,0.9360,-26.5260,1.2233,-26.5512,-4.8104,-24.8232,-18.0411,-20.2094,7.3688,-3.5060,7.6561,-3.5313,1.6224,-1.8032,72,0.1700,72,0,0.9680,0.0272,0.0048,1.6213,2.0406,-0.5180,-2.5649,5.4241,0.0000,1,0.1082,0.1533,7.4700,0.0005
7.6501,IMM-UKF,jink,0.500,10.00,0.150,1,0.600,1,7.3900,5.1752,-2.2148,0.9257,0.2549,0.1130,0.0939,6.0000,4.4482,1.5116,15.1759,0.5765,-6.7425,-22.8719,0.9360,-26.5260,1.2233,-26.5512,-5.0751,-24.8977,-18.2727,-20.6012,7.6786,-3.6541,7.9659,-3.6793,1.6674,-2.0258,72,0.1800,72,0,0.9680,0.0272,0.0048,1.5745,2.1967,-0.4952,-2.4996,5.4545,0.0000,1,0.1082,0.1533,7.4700,0.0005
7.6601,IMM-UKF,jink,0.500,10.00,0.150,1,0.600,1,7.4212,5.1708,-2.2504,0.9499,0.2549,0.1130,0.0916,6.0000,4.4482,1.5096,16.4456,0.5765,-7.0409,-22.7304,0.9360,-26.5260,1.2233,-26.5512,-5.3325,-24.9901,-18.5088,-21.0126,7.9769,-3.7956,8.2642,-3.8209,1.7084,-2.2597,72,0.1900,72,0,0.9680,0.0272,0.0048,1.5279,2.3512,-0.4723,-2.4340,5.4841,0.0000,1,0.1082,0.1533,7.4700,0.0005
7.6701,IMM-UKF,jink,0.500,10.00,0.150,1,0.600,1,7.4515,5.1641,-2.2873,0.9750,0.2549,0.1130,0.0892,6.0000,4.4482,1.5076,17.7830,0.5765,-7.3282,-22.5951,0.9360,-26.5260,1.2233,-26.5512,-5.5830,-25.1001,-18.7502,-21.4440,8.2642,-3.9309,8.5515,-3.9561,1.7452,-2.5050,72,0.2000,72,0,0.9680,0.0272,0.0048,1.4814,2.5040,-0.4493,-2.3680,5.5129,0.0000,1,0.1082,0.1533,7.4700,0.0005
7.6801,IMM-UKF,jink,0.500,10.00,0.150,1,0.600,1,7.4807,5.1552,-2.3255,1.0012,0.2549,0.1130,0.0867,6.0000,4.4482,1.5058,19.1889,0.5765,-7.6047,-22.4661,0.9360,-26.5260,1.2233,-26.5512,-5.8270,-25.2277,-18.9973,-21.8962,8.5407,-4.0599,8.8280,-4.0851,1.7776,-2.7616,72,0.2100,72,0,0.9680,0.0272,0.0048,1.4351,2.6552,-0.4265,-2.3017,5.5410,0.0000,1,0.1082,0.1533,7.4700,0.0005
7.6901,IMM-UKF,jink,0.500,10.00,0.150,1,0.600,1,7.5090,5.1441,-2.3649,1.0283,0.2549,0.1130,0.0842,6.0000,4.4482,1.5041,20.6645,0.5766,-7.8706,-22.3432,0.9360,-26.5260,1.2233,-26.5512,-6.0651,-25.3730,-19.2507,-22.3699,8.8067,-4.1828,9.0940,-4.2080,1.8056,-3.0298,72,0.2200,72,0,0.9680,0.0272,0.0048,1.3889,2.8049,-0.4036,-2.2350,5.5682,0.0000,1,0.0867,0.1527,7.4700,-0.0015
7.7001,IMM-UKF,jink,0.500,10.00,0.150,1,0.600,1,7.5362,5.1308,-2.4054,1.0563,0.2549,0.1130,0.0816,6.0000,4.4482,1.5025,22.2108,0.5767,-8.1264,-22.2264,0.9360,-26.5260,1.2233,-26.5512,-6.2975,-25.5360,-19.5112,-22.8658,9.0625,-4.2996,9.3497,-4.3249,1.8289,-3.3096,72,0.2300,72,0,0.9680,0.0272,0.0048,1.3430,2.9530,-0.3809,-2.1681,5.5946,0.0000,1,0.0867,0.1527,7.4700,-0.0015
7.7101,IMM-UKF,jink,0.500,10.00,0.150,1,0.600,1,7.5625,5.1154,-2.4470,1.0853,0.2549,0.1130,0.0791,6.0000,4.4482,1.5035,23.8305,0.5764,-8.3727,-22.1154,0.9360,-26.5260,1.2233,-26.5512,-6.5247,-25.7167,-19.7794,-23.3849,9.3087,-4.4106,9.5960,-4.4358,1.8480,-3.6012,72,0.2400,72,0,0.9680,0.0272,0.0048,1.2973,3.0995,-0.3583,-2.1008,5.6202,0.0000,1,0.0867,0.1527,7.4700,-0.0015
7.7201,IMM-UKF,jink,0.500,10.00,0.150,1,0.600,1,7.5877,5.0980,-2.4897,1.1152,0.2549,0.1130,0.0767,6.0000,4.4482,1.5098,25.5263,0.5755,-8.6102,-22.0103,0.9360,-26.5260,1.2233,-26.5512,-6.7472,-25.9152,-20.0561,-23.9279,9.5462,-4.5157,9.8335,-4.5409,1.8630,-3.9049,72,0.2500,72,0,0.9680,0.0272,0.0048,1.2518,3.2445,-0.3359,-2.0332,5.6450,0.0000,1,0.0867,0.1527,7.4700,-0.0015
7.7301,IMM-UKF,jink,0.500,10.00,0.150,1,0.600,1,7.6119,5.0785,-2.5334,1.1460,0.2549,0.1130,0.0743,6.0000,4.4482,1.5159,27.2976,0.5745,-8.8381,-21.9110,0.9360,-26.5260,1.2233,-26.5512,-6.9653,-26.1318,-20.3422,-24.4959,9.7742,-4.6150,10.0615,-4.6402,1.8728,-4.2208,72,0.2600,72,0,0.9680,0.0272,0.0048,1.2066,3.3881,-0.3136,-1.9653,5.6690,0.0000,1,0.0867,0.1527,7.4700,-0.0015
7.7401,IMM-UKF,jink,0.500,10.00,0.150,1,0.600,1,7.6350,5.3156,-2.3194,0.9066,0.2539,0.1121,0.0730,6.0000,4.7326,1.7347,10.1943,0.5743,-9.0557,-21.8173,-4.3155,-24.0492,-4.0383,-24.1957,-9.4827,-23.4748,-24.0563,-20.4387,4.7402,-2.2319,5.0174,-2.3784,-0.4270,-1.6575,73,0.1600,73,0,0.9726,0.0237,0.0037,1.1617,3.5302,-0.2915,-1.8971,5.6922,0.0000,1,0.0867,0.1527,7.5806,-0.0015
7.7501,IMM-UKF,jink,0.500,10.00,0.150,1,0.600,1,7.6571,5.3064,-2.3507,0.9289,0.2539,0.1121,0.0708,6.0000,4.7326,1.7333,11.3420,0.5742,-9.2639,-21.7292,-4.3155,-24.0492,-4.0383,-24.1957,-9.7793,-23.5639,-24.4190,-20.8313,4.9485,-2.3200,5.2257,-2.4665,-0.5154,-1.8347,73,0.1700,73,0,0.9726,0.0237,0.0037,1.1170,3.6708,-0.2696,-1.8287,5.7145,0.0000,1,0.0867,0.1527,7.5806,-0.0015
7.7601,IMM-UKF,jink,0.500,10.00,0.150,1,0.600,1,7.6781,5.2950,-2.3831,0.9522,0.2539,0.1121,0.0686,6.0000,4.7326,1.7320,12.5588,0.5742,-9.4633,-21.6465,-4.3155,-24.0492,-4.0383,-24.1957,-10.0729,-23.6683,-24.7936,-21.2416,5.1479,-2.4027,5.4251,-2.5492,-0.6095,-2.0218,73,0.1800,73,0,0.9726,0.0237,0.0037,1.0727,3.8100,-0.2479,-1.7600,5.7361,0.0000,1,0.0867,0.1527,7.5806,-0.0015
7.7701,IMM-UKF,jink,0.500,10.00,0.150,1,0.600,1,7.6981,5.2815,-2.4166,0.9764,0.2539,0.1121,0.0662,6.0000,4.7326,1.7308,13.8455,0.5743,-9.6541,-21.5693,-4.3155,-24.0492,-4.0383,-24.1957,-10.3639,-23.7880,-25.1810,-21.6701,5.3386,-2.4800,5.6158,-2.6264,-0.7098,-2.2187,73,0.1900,73,0,0.9726,0.0237,0.0037,1.0287,3.9478,-0.2264,-1.6910,5.7568,0.0000,1,0.0867,0.1527,7.5806,-0.0015
7.7801,IMM-UKF,jink,0.500,10.00,0.150,1,0.600,1,7.7169,5.2659,-2.4510,1.0016,0.2539,0.1121,0.0639,6.0000,4.7326,1.7296,15.2029,0.5743,-9.8364,-21.4973,-4.3155,-24.0492,-4.0383,-24.1957,-10.6529,-23.9229,-25.5821,-22.1175,5.5209,-2.5520,5.7981,-2.6984,-0.8165,-2.4256,73,0.2000,73,0,0.9726,0.0237,0.0037,0.9851,4.0841,-0.2051,-1.6218,5.7766,0.0000,1,0.1176,0.1574,7.5806,0.0012
7.7901,IMM-UKF,jink,0.500,10.00,0.150,1,0.600,1,7.7347,5.2483,-2.4864,1.0278,0.2539,0.1121,0.0614,6.0000,4.7326,1.7285,16.6323,0.5744,-10.0104,-21.4305,-4.3155,-24.0492,-4.0383,-24.1957,-10.9404,-24.0732,-25.9982,-22.5844,5.6949,-2.6187,5.9721,-2.7651,-0.9300,-2.6427,73,0.2100,73,0,0.9726,0.0237,0.0037,0.9418,4.2191,-0.1841,-1.5524,5.7957,0.0000,1,0.1176,0.1574,7.5806,0.0012
7.8001,IMM-UKF,jink,0.500,10.00,0.150,1,0.600,1,7.7514,5.2287,-2.5226,1.0549,0.2539,0.1121,0.0590,6.0000,4.7326,1.7276,18.1350,0.5746,-10.1763,-21.3690,-4.3155,-24.0492,-4.0383,-24.1957,-11.2269,-24.2389,-26.4303,-23.0716,5.8608,-2.6803,6.1380,-2.8267,-1.0506,-2.8700,73,0.2200,73,0,0.9726,0.0237,0.0037,0.8989,4.3528,-0.1633,-1.4827,5.8139,0.0000,1,0.1176,0.1574,7.5806,0.0012
7.8101,IMM-UKF,jink,0.500,10.00,0.150,1,0.600,1,7.7669,5.2072,-2.5597,1.0829,0.2539,0.1121,0.0565,6.0000,4.7326,1.7267,19.7130,0.5747,-10.3342,-21.3125,-4.3155,-24.0492,-4.0383,-24.1957,-11.5129,-24.4202,-26.8798,-23.5798,6.0187,-2.7368,6.2959,-2.8832,-1.1787,-3.1077,73,0.2300,73,0,0.9726,0.0237,0.0037,0.8563,4.4851,-0.1428,-1.4129,5.8313,0.0000,1,0.1176,0.1574,7.5806,0.0012
7.8201,IMM-UKF,jink,0.500,10.00,0.150,1,0.600,1,7.7814,5.1838,-2.5976,1.1118,0.2539,0.1121,0.0539,6.0000,4.7326,1.7258,21.3681,0.5750,-10.4843,-21.2610,-4.3155,-24.0492,-4.0383,-24.1957,-11.7989,-24.6171,-27.3482,-24.1098,6.1688,-2.7882,6.4460,-2.9347,-1.3146,-3.3561,73,0.2400,73,0,0.9726,0.0237,0.0037,0.8142,4.6161,-0.1225,-1.3428,5.8478,0.0000,1,0.1176,0.1574,7.5806,0.0012
7.8301,IMM-UKF,jink,0.500,10.00,0.150,1,0.600,1,7.7947,5.1585,-2.6363,1.1416,0.2539,0.1121,0.0513,6.0000,4.7326,1.7251,23.1026,0.5752,-10.6267,-21.2145,-4.3155,-24.0492,-4.0383,-24.1957,-12.0855,-24.8299,-27.8368,-24.6623,6.3113,-2.8347,6.5884,-2.9812,-1.4588,-3.6154,73,0.2500,73,0,0.9726,0.0237,0.0037,0.7725,4.7458,-0.1024,-1.2725,5.8635,0.0000,1,0.1176,0.1574,7.5806,0.0012
7.8401,IMM-UKF,jink,0.500,10.00,0.150,1,0.600,1,7.8070,5.1313,-2.6756,1.1722,0.2539,0.1121,0.0495,6.0000,4.7326,1.7398,24.9129,0.5735,-10.7648,-21.1729,-4.3155,-24.0492,-4.0383,-24.1957,-12.3731,-25.0587,-28.3475,-25.2381,6.4493,-2.8763,6.7265,-3.0227,-1.6083,-3.8858,73,0.2600,73,0,0.9726,0.0237,0.0037,0.7312,4.8741,-0.0826,-1.2021,5.8784,0.0000,1,0.1176,0.1574,7.5806,0.0012
7.8501,IMM-UKF,jink,0.500,10.00,0.150,1,0.600,1,7.8181,5.4695,-2.3486,0.9751,0.2535,0.1106,0.0499,6.0000,5.2231,0.7563,10.9148,0.5709,-10.9029,-21.1362,-7.8706,-22.3432,-7.7625,-22.4006,-12.6121,-22.0311,-26.4803,-19.7801,3.0322,-1.2070,3.1403,-1.2644,-1.7093,-0.8948,74,0.1600,74,0,0.9714,0.0244,0.0042,0.6904,5.0013,-0.0631,-1.1314,5.8924,0.0000,1,0.1176,0.1574,7.6885,0.0012
7.8601,IMM-UKF,jink,0.500,10.00,0.150,1,0.600,1,7.8281,5.4531,-2.3750,0.9978,0.2535,0.1106,0.0499,6.0000,5.2231,0.8076,11.9490,0.5728,-11.0335,-21.1046,-7.8706,-22.3432,-7.7625,-22.4006,-12.8847,-22.1168,-26.8833,-20.1464,3.1629,-1.2387,3.2710,-1.2960,-1.8512,-1.0122,74,0.1700,74,0,0.9714,0.0244,0.0042,0.6500,5.1271,-0.0439,-1.0607,5.9055,0.0000,1,0.1176,0.1574,7.6885,0.0012
7.8701,IMM-UKF,jink,0.500,10.00,0.150,1,0.600,1,7.8370,5.4347,-2.4023,1.0215,0.2535,0.1106,0.0518,6.0000,5.2231,0.8181,13.0839,0.5730,-11.1488,-21.0777,-7.8706,-22.3432,-7.7625,-22.4006,-13.1572,-22.2154,-27.3017,-20.5286,3.2782,-1.2656,3.3863,-1.3229,-2.0084,-1.1377,74,0.1800,74,0,0.9714,0.0244,0.0042,0.6101,5.2518,-0.0249,-0.9897,5.9178,0.0000,1,0.1176,0.1574,7.6885,0.0012
7.8801,IMM-UKF,jink,0.500,10.00,0.150,1,0.600,1,7.8447,5.4144,-2.4303,1.0461,0.2535,0.1106,0.0543,6.0000,5.2231,0.8165,14.2934,0.5718,-11.2546,-21.0555,-7.8706,-22.3432,-7.7625,-22.4006,-13.4301,-22.3269,-27.7367,-20.9273,3.3840,-1.2878,3.4921,-1.3451,-2.1755,-1.2714,74,0.1900,74,0,0.9714,0.0244,0.0042,0.5707,5.3752,-0.0062,-0.9186,5.9293,0.0000,1,0.1176,0.1574,7.6885,0.0012
7.8901,IMM-UKF,jink,0.500,10.00,0.150,1,0.600,1,7.8513,5.3921,-2.4592,1.0716,0.2535,0.1106,0.0567,6.0000,5.2231,0.8149,15.5679,0.5706,-11.3535,-21.0379,-7.8706,-22.3432,-7.7625,-22.4006,-13.7039,-22.4513,-28.1894,-21.3430,3.4828,-1.3053,3.5910,-1.3627,-2.3504,-1.4134,74,0.2000,74,0,0.9714,0.0244,0.0042,0.5317,5.4974,0.0122,-0.8474,5.9399,0.0000,1,0.1176,0.1574,7.6885,0.0012
7.9001,IMM-UKF,jink,0.500,10.00,0.150,1,0.600,1,7.8568,5.3680,-2.4888,1.0980,0.2535,0.1106,0.0590,6.0000,5.2231,0.8134,16.9097,0.5695,-11.4455,-21.0250,-7.8706,-22.3432,-7.7625,-22.4006,-13.9790,-22.5888,-28.6612,-21.7763,3.5748,-1.3182,3.6829,-1.3756,-2.5335,-1.5637,74,0.2100,74,0,0.9714,0.0244,0.0042,0.4933,5.6184,0.0304,-0.7761,5.9496,0.0000,1,0.0986,0.1516,7.6885,-0.0000
7.9101,IMM-UKF,jink,0.500,10.00,0.150,1,0.600,1,7.8612,5.3421,-2.5190,1.1252,0.2535,0.1106,0.0613,6.0000,5.2231,0.8118,18.3208,0.5685,-11.5306,-21.0167,-7.8706,-22.3432,-7.7625,-22.4006,-14.2559,-22.7393,-29.1536,-22.2278,3.6600,-1.3265,3.7681,-1.3839,-2.7253,-1.7225,74,0.2200,74,0,0.9714,0.0244,0.0042,0.4554,5.7382,0.0482,-0.7046,5.9585,0.0000,1,0.0986,0.1516,7.6885,-0.0000
7.9201,IMM-UKF,jink,0.500,10.00,0.150,1,0.600,1,7.8644,5.3144,-2.5500,1.1534,0.2535,0.1106,0.0635,6.0000,5.2231,0.8103,19.8037,0.5675,-11.6091,-21.0130,-7.8706,-22.3432,-7.7625,-22.4006,-14.5352,-22.9029,-29.6682,-22.6981,3.7385,-1.3302,3.8466,-1.3876,-2.9261,-1.8900,74,0.2300,74,0,0.9714,0.0244,0.0042,0.4180,5.8569,0.0658,-0.6331,5.9665,0.0000,1,0.0986,0.1516,7.6885,-0.0000
7.9301,IMM-UKF,jink,0.500,10.00,0.150,1,0.600,1,7.8664,5.2849,-2.5815,1.1824,0.2535,0.1106,0.0656,6.0000,5.2231,0.8087,21.3608,0.5666,-11.6810,-21.0138,-7.8706,-22.3432,-7.7625,-22.4006,-14.8174,-23.0799,-30.2065,-23.1878,3.8104,-1.3294,3.9185,-1.3868,-3.1364,-2.0661,74,0.2400,74,0,0.9714,0.0244,0.0042,0.3812,5.9744,0.0831,-0.5614,5.9737,0.0000,1,0.0986,0.1516,7.6885,-0.0000
7.9401,IMM-UKF,jink,0.500,10.00,0.150,1,0.600,1,7.8673,5.7394,-2.1279,1.0177,0.2512,0.1084,0.0699,6.0000,5.8254,1.2215,12.6000,0.5658,-11.7463,-21.0191,-9.8364,-21.4973,-9.8637,-21.7028,-13.7457,-22.0054,-25.0631,-22.3284,1.9099,-0.4782,1.8827,-0.6837,-1.9994,-0.9862,75,0.1600,75,0,0.9683,0.0262,0.0055,0.3449,6.0908,0.1001,-0.4897,5.9800,0.0000,1,0.0986,0.1516,7.7813,-0.0000
7.9501,IMM-UKF,jink,0.500,10.00,0.150,1,0.600,1,7.8671,5.7220,-2.1451,1.0402,0.2512,0.1084,0.0719,6.0000,5.8254,1.2209,13.6727,0.5650,-11.8052,-21.0289,-9.8364,-21.4973,-9.8637,-21.7028,-13.9622,-22.1222,-25.4054,-22.7295,1.9688,-0.4683,1.9415,-0.6738,-2.1570,-1.0933,75,0.1700,75,0,0.9683,0.0262,0.0055,0.3092,6.2061,0.1168,-0.4179,5.9854,0.0000,1,0.0986,0.1516,7.7813,-0.0000
7.9601,IMM-UKF,jink,0.500,10.00,0.150,1,0.600,1,7.8658,5.7028,-2.1629,1.0636,0.2512,0.1084,0.0737,6.0000,5.8254,1.2203,14.8015,0.5643,-11.8576,-21.0432,-9.8364,-21.4973,-9.8637,-21.7028,-14.1795,-22.2504,-25.7617,-23.1462,2.0212,-0.4540,1.9939,-0.6595,-2.3219,-1.2072,75,0.1800,75,0,0.9683,0.0262,0.0055,0.2740,6.3203,0.1332,-0.3461,5.9900,0.0000,1,0.0986,0.1516,7.7813,-0.0000
7.9701,IMM-UKF,jink,0.500,10.00,0.150,1,0.600,1,7.8633,5.6818,-2.1814,1.0878,0.2512,0.1084,0.0755,6.0000,5.8254,1.2199,15.9879,0.5636,-11.9037,-21.0620,-9.8364,-21.4973,-9.8637,-21.7028,-14.3981,-22.3901,-26.1331,-23.5791,2.0673,-0.4353,2.0400,-0.6408,-2.4944,-1.3281,75,0.1900,75,0,0.9683,0.0262,0.0055,0.2395,6.4334,0.1493,-0.2742,5.9937,0.0000,1,0.0986,0.1516,7.7813,-0.0000
7.9801,IMM-UKF,jink,0.500,10.00,0.150,1,0.600,1,7.8597,5.6591,-2.2006,1.1129,0.2512,0.1084,0.0773,6.0000,5.8254,1.2195,17.2340,0.5631,-11.9435,-21.0852,-9.8364,-21.4973,-9.8637,-21.7028,-14.6183,-22.5411,-26.5207,-24.0287,2.1071,-0.4121,2.0798,-0.6176,-2.6749,-1.4559,75,0.2000,75,0,0.9683,0.0262,0.0055,0.2055,6.5454,0.1652,-0.2022,5.9966,0.0000,1,0.0986,0.1516,7.7813,-0.0000
7.9901,IMM-UKF,jink,0.500,10.00,0.150,1,0.600,1,7.8549,5.6346,-2.2203,1.1389,0.2512,0.1084,0.0792,6.0000,5.8254,1.2190,18.5373,0.5631,-11.9779,-21.1129,-9.8364,-21.4973,-9.8637,-21.7028,-14.8406,-22.7037,-26.9258,-24.4953,2.1415,-0.3844,2.1142,-0.5899,-2.8627,-1.5908,75,0.2100,75,0,0.9683,0.0262,0.0055,0.1721,6.6564,0.1807,-0.1302,5.9986,0.0000,1,0.0986,0.1516,7.7813,-0.0000
8.0001,IMM-UKF,jink,0.500,10.00,0.150,1,0.600,1,7.8490,5.6085,-2.2406,1.1658,0.2512,0.1084,0.0811,6.0000,5.8254,1.2186,19.9032,0.5632,-12.0063,-21.1450,-9.8364,-21.4973,-9.8637,-21.7028,-15.0654,-22.8779,-27.3496,-24.9796,2.1699,-0.3523,2.1426,-0.5578,-3.0591,-1.7329,75,0.2200,75,0,0.9683,0.0262,0.0055,0.1394,6.7663,0.1959,-0.0583,5.9997,0.0000,1,0.1081,0.1402,7.7813,-0.0001
8.0101,IMM-UKF,jink,0.500,10.00,0.150,1,0.600,1,7.8420,5.5806,-2.2613,1.1934,0.2512,0.1084,0.0829,6.0000,5.8254,1.2181,21.3348,0.5633,-12.0285,-21.1815,-9.8364,-21.4973,-9.8637,-21.7028,-15.2932,-23.0637,-27.7937,-25.4820,2.1921,-0.3157,2.1648,-0.5212,-3.2647,-1.8821,75,0.2300,75,0,0.9683,0.0262,0.0055,0.1073,6.8752,0.2108,0.0137,6.0000,0.0000,1,0.1081,0.1402,7.7813,-0.0001
8.0201,IMM-UKF,jink,0.500,10.00,0.150,1,0.600,1,7.8338,5.5512,-2.2826,1.2220,0.2512,0.1084,0.0848,6.0000,5.8254,1.2178,22.8374,0.5631,-12.0439,-21.2225,-9.8364,-21.4973,-9.8637,-21.7028,-15.5244,-23.2613,-28.2594,-26.0031,2.2075,-0.2747,2.1803,-0.4802,-3.4804,-2.0387,75,0.2400,75,0,0.9683,0.0262,0.0055,0.0758,6.9831,0.2253,0.0857,5.9994,0.0000,1,0.1081,0.1402,7.7813,-0.0001
8.0301,IMM-UKF,jink,0.500,10.00,0.150,1,0.600,1,7.8245,5.5202,-2.3043,1.2513,0.2512,0.1084,0.0867,6.0000,5.8254,1.2175,24.4117,0.5626,-12.0529,-21.2680,-9.8364,-21.4973,-9.8637,-21.7028,-15.7595,-23.4707,-28.7486,-26.5433,2.2165,-0.2293,2.1893,-0.4348,-3.7065,-2.2027,75,0.2500,75,0,0.9683,0.0262,0.0055,0.0450,7.0899,0.2396,0.1577,5.9979,0.0000,1,0.1081,0.1402,7.7813,-0.0001
8.0401,IMM-UKF,jink,0.500,10.00,0.150,1,0.600,1,7.8141,5.4877,-2.3264,1.2815,0.2512,0.1084,0.0886,6.0000,5.8254,1.2172,26.0585,0.5622,-12.0559,-21.3179,-9.8364,-21.4973,-9.8637,-21.7028,-15.9990,-23.6922,-29.2630,-27.1033,2.2195,-0.1794,2.1922,-0.3849,-3.9431,-2.3743,75,0.2600,75,0,0.9683,0.0262,0.0055,0.0148,7.1958,0.2535,0.2297,5.9956,0.0000,1,0.1081,0.1402,7.7813,-0.0001
8.0501,IMM-UKF,jink,0.500,10.00,0.150,1,0.600,1,7.8025,5.4537,-2.3489,1.3125,0.2512,0.1084,0.0904,6.0000,5.8254,1.2171,27.7807,0.5619,-12.0528,-21.3723,-9.8364,-21.4973,-9.8637,-21.7028,-16.2435,-23.9259,-29.8046,-27.6833,2.2164,-0.1250,2.1891,-0.3305,-4.1907,-2.5537,75,0.2700,75,0,0.9683,0.0262,0.0055,-0.0147,7.3007,0.2672,0.3016,5.9924,0.0000,1,0.1081,0.1402,7.7813,-0.0001
8.0601,IMM-UKF,jink,0.500,10.00,0.150,1,0.600,1,7.7899,5.9233,-1.8665,1.0942,0.2514,0.1071,0.0920,6.0000,6.5521,0.5789,11.5582,0.5616,-12.0437,-21.4311,-11.4455,-21.0250,-11.4174,-20.9330,-14.1182,-21.4810,-21.7376,-22.7927,0.5982,0.4061,0.6263,0.4981,-2.0745,-0.0499,76,0.1600,76,0,0.9680,0.0272,0.0048,-0.0435,7.4046,0.2804,0.3735,5.9884,0.0000,1,0.1081,0.1402,7.9001,-0.0001
8.0701,IMM-UKF,jink,0.500,10.00,0.150,1,0.600,1,7.7761,5.9014,-1.8747,1.1171,0.2514,0.1071,0.0937,6.0000,6.5521,0.5786,12.4314,0.5614,-12.0286,-21.4944,-11.4455,-21.0250,-11.4174,-20.9330,-14.2592,-21.5938,-21.9894,-23.1794,0.5831,0.4694,0.6112,0.5614,-2.2306,-0.0994,76,0.1700,76,0,0.9680,0.0272,0.0048,-0.0717,7.5076,0.2934,0.4453,5.9835,0.0000,1,0.1081,0.1402,7.9001,-0.0001
8.0801,IMM-UKF,jink,0.500,10.00,0.150,1,0.600,1,7.7612,5.8778,-1.8834,1.1409,0.2514,0.1071,0.0953,6.0000,6.5521,0.5782,13.3534,0.5612,-12.0074,-21.5623,-11.4455,-21.0250,-11.4174,-20.9330,-14.4020,-21.7162,-22.2539,-23.5806,0.5620,0.5373,0.5901,0.6292,-2.3945,-0.1539,76,0.1800,76,0,0.9680,0.0272,0.0048,-0.0991,7.6096,0.3060,0.5171,5.9777,0.0000,1,0.1081,0.1402,7.9001,-0.0001
8.0901,IMM-UKF,jink,0.500,10.00,0.150,1,0.600,1,7.7452,5.8526,-1.8926,1.1655,0.2514,0.1071,0.0968,6.0000,6.5521,0.5778,14.3265,0.5611,-11.9803,-21.6347,-11.4455,-21.0250,-11.4174,-20.9330,-14.5468,-21.8480,-22.5321,-23.9968,0.5349,0.6096,0.5629,0.7016,-2.5665,-0.2133,76,0.1900,76,0,0.9680,0.0272,0.0048,-0.1258,7.7107,0.3183,0.5888,5.9710,0.0000,1,0.1081,0.1402,7.9001,-0.0001
8.1001,IMM-UKF,jink,0.500,10.00,0.150,1,0.600,1,7.7280,5.8257,-1.9023,1.1909,0.2514,0.1071,0.0983,6.0000,6.5521,0.5774,15.3526,0.5610,-11.9472,-21.7116,-11.4455,-21.0250,-11.4174,-20.9330,-14.6942,-21.9893,-22.8250,-24.4285,0.5018,0.6866,0.5299,0.7786,-2.7470,-0.2777,76,0.2000,76,0,0.9680,0.0272,0.0048,-0.1518,7.8109,0.3302,0.6604,5.9635,0.0000,1,0.1081,0.1402,7.9001,-0.0001
8.1101,IMM-UKF,jink,0.500,10.00,0.150,1,0.600,1,7.7098,5.7973,-1.9125,1.2173,0.2514,0.1071,0.0998,6.0000,6.5521,0.5769,16.4340,0.5610,-11.9082,-21.7932,-11.4455,-21.0250,-11.4174,-20.9330,-14.8444,-22.1402,-23.1338,-24.8760,0.4627,0.7681,0.4908,0.8601,-2.9362,-0.3471,76,0.2100,76,0,0.9680,0.0272,0.0048,-0.1771,7.9102,0.3417,0.7319,5.9552,0.0000,1,0.1129,0.1452,7.9001,0.0015
8.1201,IMM-UKF,jink,0.500,10.00,0.150,1,0.600,1,7.6905,5.7673,-1.9232,1.2444,0.2514,0.1071,0.1012,6.0000,6.5521,0.5764,17.5729,0.5611,-11.8631,-21.8793,-11.4455,-21.0250,-11.4174,-20.9330,-14.9978,-22.3006,-23.4597,-25.3399,0.4176,0.8543,0.4457,0.9463,-3.1347,-0.4213,76,0.2200,76,0,0.9680,0.0272,0.0048,-0.2016,8.0086,0.3528,0.8033,5.9460,0.0000,1,0.1129,0.1452,7.9001,0.0015
8.1301,IMM-UKF,jink,0.500,10.00,0.150,1,0.600,1,7.6701,5.7358,-1.9343,1.2724,0.2514,0.1071,0.1025,6.0000,6.5521,0.5758,18.7714,0.5612,-11.8120,-21.9701,-11.4455,-21.0250,-11.4174,-20.9330,-15.1549,-22.4706,-23.8042,-25.8206,0.3665,0.9451,0.3946,1.0371,-3.3429,-0.5005,76,0.2300,76,0,0.9680,0.0272,0.0048,-0.2254,8.1060,0.3636,0.8746,5.9359,0.0000,1,0.1129,0.1452,7.9001,0.0015
8.1401,IMM-UKF,jink,0.500,10.00,0.150,1,0.600,1,7.6486,5.7028,-1.9458,1.3012,0.2514,0.1071,0.1038,6.0000,6.5521,0.5752,20.0319,0.5613,-11.7549,-22.0656,-11.4455,-21.0250,-11.4174,-20.9330,-15.3160,-22.6502,-24.1688,-26.3184,0.3094,1.0406,0.3375,1.1326,-3.5611,-0.5846,76,0.2400,76,0,0.9680,0.0272,0.0048,-0.2484,8.2027,0.3740,0.9458,5.9250,0.0000,1,0.1129,0.1452,7.9001,0.0015
8.1501,IMM-UKF,jink,0.500,10.00,0.150,1,0.600,1,7.6260,5.8604,-1.7656,1.1132,0.2501,0.1057,0.1062,6.0000,6.6854,1.5138,12.5115,0.5615,-11.6917,-22.1659,-12.0063,-21.1450,-12.2739,-21.1717,-13.9338,-22.4244,-19.3339,-27.1452,-0.3146,1.0209,-0.5822,0.9942,-2.2421,-0.2585,77,0.1500,77,0,0.9699,0.0250,0.0051,-0.2706,8.2984,0.3839,1.0168,5.9132,0.0000,1,0.1129,0.1452,8.0000,0.0015
8.1601,IMM-UKF,jink,0.500,10.00,0.150,1,0.600,1,7.6023,5.8342,-1.7682,1.1349,0.2501,0.1057,0.1074,6.0000,6.6854,1.5152,13.4574,0.5618,-11.6225,-22.2709,-12.0063,-21.1450,-12.2739,-21.1717,-14.0313,-22.5834,-19.5522,-27.6303,-0.3838,1.1259,-0.6514,1.0992,-2.4088,-0.3125,77,0.1600,77,0,0.9699,0.0250,0.0051,-0.2920,8.3933,0.3935,1.0877,5.9006,0.0000,1,0.1129,0.1452,8.0000,0.0015
8.1701,IMM-UKF,jink,0.500,10.00,0.150,1,0.600,1,7.5776,5.8064,-1.7712,1.1575,0.2501,0.1057,0.1085,6.0000,6.6854,1.5167,14.4554,0.5621,-11.5472,-22.3808,-12.0063,-21.1450,-12.2739,-21.1717,-14.1314,-22.7516,-19.7849,-28.1325,-0.4591,1.2358,-0.7267,1.2091,-2.5842,-0.3708,77,0.1700,77,0,0.9699,0.0250,0.0051,-0.3127,8.4873,0.4025,1.1584,5.8871,0.0000,1,0.1129,0.1452,8.0000,0.0015
8.1801,IMM-UKF,jink,0.500,10.00,0.150,1,0.600,1,7.5518,5.7771,-1.7747,1.1809,0.2501,0.1057,0.1096,6.0000,6.6854,1.5182,15.5079,0.5625,-11.4657,-22.4955,-12.0063,-21.1450,-12.2739,-21.1717,-14.2345,-22.9289,-20.0332,-28.6523,-0.5406,1.3505,-0.8082,1.3238,-2.7688,-0.4334,77,0.1800,77,0,0.9699,0.0250,0.0051,-0.3325,8.5805,0.4111,1.2290,5.8728,0.0000,1,0.1129,0.1452,8.0000,0.0015
8.1901,IMM-UKF,jink,0.500,10.00,0.150,1,0.600,1,7.5249,5.7464,-1.7785,1.2051,0.2501,0.1057,0.1106,6.0000,6.6854,1.5197,16.6167,0.5629,-11.3781,-22.6152,-12.0063,-21.1450,-12.2739,-21.1717,-14.3410,-23.1155,-20.2986,-29.1899,-0.6282,1.4702,-0.8958,1.4435,-2.9630,-0.5003,77,0.1900,77,0,0.9699,0.0250,0.0051,-0.3515,8.6729,0.4193,1.2994,5.8576,0.0000,1,0.1129,0.1452,8.0000,0.0015
8.2001,IMM-UKF,jink,0.500,10.00,0.150,1,0.600,1,7.4970,5.7142,-1.7828,1.2301,0.2501,0.1057,0.1115,6.0000,6.6854,1.5212,17.7839,0.5633,-11.2842,-22.7398,-12.0063,-21.1450,-12.2739,-21.1717,-14.4513,-23.3111,-20.5826,-29.7458,-0.7221,1.5948,-0.9897,1.5681,-3.1671,-0.5713,77,0.2000,77,0,0.9699,0.0250,0.0051,-0.3697,8.7645,0.4269,1.3696,5.8416,0.0000,1,0.1129,0.1452,8.0000,0.0015
8.2101,IMM-UKF,jink,0.500,10.00,0.150,1,0.600,1,7.4680,5.6806,-1.7874,1.2560,0.2501,0.1057,0.1124,6.0000,6.6854,1.5227,19.0118,0.5638,-11.1841,-22.8695,-12.0063,-21.1450,-12.2739,-21.1717,-14.5658,-23.5160,-20.8868,-30.3204,-0.8222,1.7245,-1.0898,1.6978,-3.3817,-0.6465,77,0.2100,77,0,0.9699,0.0250,0.0051,-0.3870,8.8553,0.4339,1.4396,5.8247,0.0000,1,0.1129,0.1452,8.0000,0.0015
8.2201,IMM-UKF,jink,0.500,10.00,0.150,1,0.600,1,7.4380,5.6456,-1.7924,1.2826,0.2501,0.1057,0.1133,6.0000,6.6854,1.5243,20.3025,0.5643,-11.0776,-23.0042,-12.0063,-21.1450,-12.2739,-21.1717,-14.6849,-23.7299,-21.2129,-30.9139,-0.9287,1.8592,-1.1963,1.8325,-3.6073,-0.7257,77,0.2200,77,0,0.9699,0.0250,0.0051,-0.4034,8.9452,0.4404,1.5094,5.8071,0.0000,1,0.1129,0.1452,8.0000,0.0015
8.2301,IMM-UKF,jink,0.500,10.00,0.150,1,0.600,1,7.4069,5.6092,-1.7977,1.3101,0.2501,0.1057,0.1141,6.0000,6.6854,1.5259,21.6583,0.5649,-10.9647,-23.1441,-12.0063,-21.1450,-12.2739,-21.1717,-14.8091,-23.9529,-21.5630,-31.5265,-1.0415,1.9992,-1.3092,1.9724,-3.8444,-0.8087,77,0.2300,77,0,0.9699,0.0250,0.0051,-0.4190,9.0344,0.4463,1.5789,5.7885,0.0000,1,0.0977,0.1499,8.0000,0.0000
8.2401,IMM-UKF,jink,0.500,10.00,0.150,1,0.600,1,7.3749,5.5715,-1.8034,1.3384,0.2501,0.1057,0.1149,6.0000,6.6854,1.5274,23.0816,0.5656,-10.8454,-23.2892,-12.0063,-21.1450,-12.2739,-21.1717,-14.9390,-24.1848,-21.9393,-32.1585,-1.1609,2.1443,-1.4285,2.1176,-4.0936,-0.8956,77,0.2400,77,0,0.9699,0.0250,0.0051,-0.4337,9.1228,0.4514,1.6483,5.7692,0.0000,1,0.0977,0.1499,8.0000,0.0000
8.2501,IMM-UKF,jink,0.500,10.00,0.150,1,0.600,1,7.3418,5.5325,-1.8093,1.3674,0.2501,0.1057,0.1156,6.0000,6.6854,1.5290,24.5746,0.5662,-10.7196,-23.4396,-12.0063,-21.1450,-12.2739,-21.1717,-15.0750,-24.4256,-22.3441,-32.8097,-1.2867,2.2946,-1.5543,2.2679,-4.3554,-0.9860,77,0.2500,77,0,0.9699,0.0250,0.0051,-0.4476,9.2104,0.4559,1.7174,5.7490,0.0000,1,0.0977,0.1499,8.0000,0.0000
8.2601,IMM-UKF,jink,0.500,10.00,0.150,1,0.600,1,7.3077,5.5900,-1.7177,1.1247,0.2501,0.1049,0.1163,6.0000,6.8512,0.7925,11.6574,0.5669,-10.5871,-23.5953,-11.9082,-21.7932,-11.9879,-21.6845,-12.6928,-23.3431,-13.7171,-30.8281,-1.3211,1.8022,-1.4008,1.9108,-2.1057,0.2522,78,0.1500,78,0,0.9699,0.0252,0.0049,-0.4605,9.2973,0.4595,1.7862,5.7279,0.0000,1,0.0977,0.1499,8.1116,0.0000
8.2701,IMM-UKF,jink,0.500,10.00,0.150,1,0.600,1,7.2726,5.5557,-1.7169,1.1461,0.2501,0.1049,0.1169,6.0000,6.8512,0.7927,12.5411,0.5677,-10.4479,-23.7564,-11.9082,-21.7932,-11.9879,-21.6845,-12.7214,-23.5252,-13.8317,-31.4090,-1.4603,1.9633,-1.5399,2.0719,-2.2735,0.2313,78,0.1600,78,0,0.9699,0.0252,0.0049,-0.4724,9.3834,0.4622,1.8548,5.7061,0.0000,1,0.0977,0.1499,8.1116,0.0000
8.2801,IMM-UKF,jink,0.500,10.00,0.150,1,0.600,1,7.2364,5.5199,-1.7166,1.1683,0.2501,0.1049,0.1175,6.0000,6.8512,0.7929,13.4809,0.5685,-10.3019,-23.9230,-11.9082,-21.7932,-11.9879,-21.6845,-12.7535,-23.7149,-13.9615,-32.0084,-1.6062,2.1298,-1.6859,2.2384,-2.4515,0.2080,78,0.1700,78,0,0.9699,0.0252,0.0049,-0.4835,9.4688,0.4639,1.9232,5.6834,0.0000,1,0.0977,0.1499,8.1116,0.0000
8.2901,IMM-UKF,jink,0.500,10.00,0.150,1,0.600,1,7.1993,5.4827,-1.7166,1.1913,0.2501,0.1049,0.1181,6.0000,6.8512,0.7931,14.4794,0.5693,-10.1491,-24.0950,-11.9082,-21.7932,-11.9879,-21.6845,-12.7895,-23.9121,-14.1084,-32.6258,-1.7591,2.3018,-1.8388,2.4104,-2.6404,0.1829,78,0.1800,78,0,0.9699,0.0252,0.0049,-0.4936,9.5534,0.4644,1.9912,5.6599,0.0000,1,0.0977,0.1499,8.1116,0.0000
8.3001,IMM-UKF,jink,0.500,10.00,0.150,1,0.600,1,7.1613,5.4441,-1.7171,1.2152,0.2501,0.1049,0.1186,6.0000,6.8512,0.7932,15.5392,0.5702,-9.9892,-24.2725,-11.9082,-21.7932,-11.9879,-21.6845,-12.8299,-24.1161,-14.2741,-33.2605,-1.9189,2.4794,-1.9986,2.5880,-2.8406,0.1564,78,0.1900,78,0,0.9699,0.0252,0.0049,-0.5027,9.6373,0.4637,2.0590,5.6356,0.0000,1,0.0977,0.1499,8.1116,0.0000
8.3101,IMM-UKF,jink,0.500,10.00,0.150,1,0.600,1,7.1222,5.4041,-1.7181,1.2399,0.2501,0.1049,0.1191,6.0000,6.8512,0.7934,16.6634,0.5711,-9.8223,-24.4556,-11.9082,-21.7932,-11.9879,-21.6845,-12.8750,-24.3264,-14.4608,-33.9111,-2.0859,2.6624,-2.1656,2.7710,-3.0528,0.1292,78,0.2000,78,0,0.9699,0.0252,0.0049,-0.5108,9.7204,0.4613,2.1265,5.6105,0.0000,1,0.0977,0.1499,8.1116,0.0000
8.3201,IMM-UKF,jink,0.500,10.00,0.150,1,0.600,1,7.0821,5.3626,-1.7195,1.2655,0.2501,0.1049,0.1195,6.0000,6.8512,0.7935,17.8546,0.5720,-9.6480,-24.6442,-11.9082,-21.7932,-11.9879,-21.6845,-12.9255,-24.5419,-14.6706,-34.5753,-2.2602,2.8510,-2.3398,2.9597,-3.2775,0.1023,78,0.2100,78,0,0.9699,0.0252,0.0049,-0.5180,9.8028,0.4570,2.1937,5.5846,0.0000,1,0.0977,0.1499,8.1116,0.0000
8.3301,IMM-UKF,jink,0.500,10.00,0.150,1,0.600,1,7.0411,5.3197,-1.7214,1.2919,0.2501,0.1049,0.1200,6.0000,6.8512,0.7936,19.1158,0.5730,-9.4664,-24.8383,-11.9082,-21.7932,-11.9879,-21.6845,-12.9819,-24.7613,-14.9062,-35.2496,-2.4418,3.0452,-2.5215,3.1538,-3.5155,0.0770,78,0.2200,78,0,0.9699,0.0252,0.0049,-0.5241,9.8844,0.4504,2.2605,5.5579,0.0000,1,0.1192,0.1461,8.1116,-0.0018
8.3401,IMM-UKF,jink,0.500,10.00,0.150,1,0.600,1,6.9991,5.2753,-1.7238,1.3191,0.2501,0.1049,0.1203,6.0000,6.8512,0.7937,20.4497,0.5740,-9.2773,-25.0379,-11.9082,-21.7932,-11.9879,-21.6845,-13.0446,-24.9824,-15.1704,-35.9278,-2.6309,3.2447,-2.7106,3.3534,-3.7673,0.0555,78,0.2300,78,0,0.9699,0.0252,0.0049,-0.5292,9.9652,0.4407,2.3271,5.5304,0.0000,1,0.1192,0.1461,8.1116,-0.0018
8.3501,IMM-UKF,jink,0.500,10.00,0.150,1,0.600,1,6.9562,5.2293,-1.7269,1.3471,0.2501,0.1049,0.1208,6.0000,6.8512,0.7925,21.8578,0.5752,-9.0809,-25.2428,-11.9082,-21.7932,-11.9879,-21.6845,-13.1141,-25.2019,-15.4662,-36.5997,-2.8273,3.4496,-2.9070,3.5582,-4.0333,0.0409,78,0.2400,78,0,0.9699,0.0252,0.0049,-0.5332,10.0450,0.4270,2.3933,5.5020,0.0000,1,0.1192,0.1461,8.1116,-0.0018
8.3601,IMM-UKF,jink,0.500,10.00,0.150,1,0.600,1,6.9122,5.1814,-1.7308,1.3760,0.2501,0.1049,0.1213,6.0000,6.8512,0.7899,23.3427,0.5764,-8.8771,-25.4526,-11.9082,-21.7932,-11.9879,-21.6845,-13.1911,-25.4137,-15.7963,-37.2462,-3.0311,3.6595,-3.1108,3.7681,-4.3140,0.0389,78,0.2500,78,0,0.9699,0.0252,0.0049,-0.5361,10.1237,0.4073,2.4591,5.4729,0.0000,1,0.1192,0.1461,8.1116,-0.0018
8.3701,IMM-UKF,jink,0.500,10.00,0.150,1,0.600,1,6.8673,5.1316,-1.7357,1.4057,0.2501,0.1049,0.1217,6.0000,6.8512,0.7871,24.9108,0.5778,-8.6653,-25.6669,-11.9082,-21.7932,-11.9879,-21.6845,-13.2758,-25.6061,-16.1623,-37.8283,-3.2429,3.8737,-3.3225,3.9824,-4.6104,0.0607,78,0.2600,78,0,0.9699,0.0252,0.0049,-0.5379,10.2006,0.3783,2.5246,5.4430,0.0000,1,0.1192,0.1461,8.1116,-0.0018
8.3801,IMM-UKF,jink,0.500,10.00,0.150,1,0.600,1,6.8213,5.0715,-1.7498,1.1036,0.2487,0.1042,0.1235,6.0000,6.7461,1.8241,15.2004,0.5791,-8.4453,-25.8843,-10.9647,-23.1441,-11.2949,-23.1366,-11.2629,-25.7609,-8.0178,-39.8570,-2.5195,2.7402,-2.8496,2.7477,-2.8176,0.1235,79,0.1500,79,0,0.9753,0.0210,0.0037,-0.5385,10.2735,0.3322,2.5897,5.4123,0.0000,1,0.1192,0.1461,8.2301,-0.0018
8.3901,IMM-UKF,jink,0.500,10.00,0.150,1,0.600,1,6.7742,5.0250,-1.7492,1.1244,0.2487,0.1042,0.1239,6.0000,6.7461,1.8212,16.3772,0.5804,-8.2166,-26.1013,-10.9647,-23.1441,-11.2949,-23.1366,-11.2480,-25.8603,-8.0315,-39.9280,-2.7481,2.9572,-3.0782,2.9647,-3.0313,0.2411,79,0.1600,79,0,0.9753,0.0210,0.0037,-0.5376,10.3301,0.2454,2.6545,5.3809,0.0000,1,0.1192,0.1461,8.2301,-0.0018
8.4001,IMM-UKF,jink,0.500,10.00,0.150,1,0.600,1,6.7269,4.9904,-1.7364,1.1463,0.2487,0.1042,0.1243,6.0000,6.7461,1.8183,17.6858,0.5819,-7.9777,-26.3057,-10.9647,-23.1441,-11.2949,-23.1366,-11.1865,-25.6690,-7.8318,-38.1952,-2.9870,3.1616,-3.3172,3.1691,-3.2088,0.6367,79,0.1700,79,0,0.9753,0.0210,0.0037,-0.5328,10.2502,0.0645,2.7189,5.3486,0.0000,1,0.1192,0.1461,8.2301,-0.0018
8.4101,IMM-UKF,jink,0.500,10.00,0.150,1,0.600,1,6.6810,4.9868,-1.6943,1.1690,0.2487,0.1042,0.1247,6.0000,6.7461,1.8171,18.9927,0.5833,-7.7262,-26.4981,-10.9647,-23.1441,-11.2949,-23.1366,-11.0596,-25.4589,-7.3810,-36.1142,-3.2385,3.3540,-3.5687,3.3615,-3.3333,1.0393,79,0.1800,79,0,0.9753,0.0210,0.0037,-0.5258,10.0188,-0.0298,2.7829,5.3156,0.0000,1,0.1192,0.1461,8.2301,-0.0018
8.4201,IMM-UKF,jink,0.500,10.00,0.150,1,0.600,1,6.6369,4.9922,-1.6447,1.1925,0.2487,0.1042,0.1251,6.0000,6.7461,1.8184,20.3977,0.5844,-7.4618,-26.6810,-10.9647,-23.1441,-11.2949,-23.1366,-10.9152,-25.2804,-6.9250,-34.3547,-3.5030,3.5369,-3.8331,3.5444,-3.4534,1.4006,79,0.1900,79,0,0.9753,0.0210,0.0037,-0.5197,9.7740,-0.0804,2.8464,5.2818,0.0000,1,0.1192,0.1461,8.2301,-0.0018
8.4301,IMM-UKF,jink,0.500,10.00,0.150,1,0.600,1,6.5946,5.0037,-1.5910,1.2169,0.2487,0.1042,0.1256,6.0000,6.7461,1.8196,21.9217,0.5856,-7.1847,-26.8552,-10.9647,-23.1441,-11.2949,-23.1366,-10.7574,-25.1010,-6.4822,-32.7672,-3.7801,3.7110,-4.1102,3.7186,-3.5727,1.7542,79,0.2000,79,0,0.9753,0.0210,0.0037,-0.5147,9.5264,-0.1140,2.9096,5.2473,0.0000,1,0.1192,0.1461,8.2301,-0.0018
8.4401,IMM-UKF,jink,0.500,10.00,0.150,1,0.600,1,6.5543,5.0203,-1.5340,1.2422,0.2487,0.1042,0.1260,6.0000,6.7461,1.8209,23.5671,0.5866,-6.8949,-27.0210,-10.9647,-23.1441,-11.2949,-23.1366,-10.5870,-24.9107,-6.0550,-31.2976,-4.0698,3.8768,-4.4000,3.8844,-3.6921,2.1103,79,0.2100,79,0,0.9753,0.0210,0.0037,-0.5109,9.2776,-0.1385,2.9724,5.2120,0.0000,1,0.1192,0.1461,8.2301,-0.0018
8.4501,IMM-UKF,jink,0.500,10.00,0.150,1,0.600,1,6.5158,5.0419,-1.4739,1.2683,0.2487,0.1042,0.1263,6.0000,6.7461,1.8222,25.3307,0.5877,-6.5924,-27.1785,-10.9647,-23.1441,-11.2949,-23.1366,-10.4045,-24.7058,-5.6429,-29.9218,-4.3724,4.0344,-4.7025,4.0419,-3.8121,2.4727,79,0.2200,79,0,0.9753,0.0210,0.0037,-0.5083,9.0283,-0.1572,3.0347,5.1760,0.0000,1,0.0989,0.1423,8.2301,-0.0017
8.4601,IMM-UKF,jink,0.500,10.00,0.150,1,0.600,1,6.4793,5.0683,-1.4111,1.2952,0.2487,0.1042,0.1267,6.0000,6.7461,1.8234,27.2065,0.5887,-6.2771,-27.3277,-10.9647,-23.1441,-11.2949,-23.1366,-10.2102,-24.4848,-5.2452,-28.6267,-4.6876,4.1836,-5.0178,4.1911,-3.9331,2.8429,79,0.2300,79,0,0.9753,0.0210,0.0037,-0.5069,8.7787,-0.1720,3.0966,5.1392,0.0000,1,0.0989,0.1423,8.2301,-0.0017
8.4701,IMM-UKF,jink,0.500,10.00,0.150,1,0.600,1,6.4448,5.0994,-1.3454,1.3230,0.2487,0.1042,0.1270,6.0000,6.7461,1.8247,29.1872,0.5896,-5.9491,-27.4686,-10.9647,-23.1441,-11.2949,-23.1366,-10.0045,-24.2476,-4.8607,-27.4042,-5.0156,4.3244,-5.3458,4.3319,-4.0554,3.2209,79,0.2400,79,0,0.9753,0.0210,0.0037,-0.5067,8.5290,-0.1837,3.1580,5.1016,0.0000,1,0.0989,0.1423,8.2301,-0.0017
8.4801,IMM-UKF,jink,0.500,10.00,0.150,1,0.600,1,6.4122,4.8538,-1.5584,1.0192,0.2475,0.1041,0.1284,6.0000,6.7317,2.0662,19.1595,0.5905,-5.6084,-27.6009,-9.4664,-24.8383,-9.8417,-24.7729,-7.9898,-25.2162,2.6342,-27.0378,-3.8580,2.7626,-4.2333,2.8280,-2.3814,2.3847,80,0.1500,80,0,0.9716,0.0232,0.0051,-0.5079,8.2792,-0.1932,3.2190,5.0634,0.0000,1,0.0989,0.1423,8.3283,-0.0017
8.4901,IMM-UKF,jink,0.500,10.00,0.150,1,0.600,1,6.3816,4.8707,-1.5110,1.0393,0.2475,0.1041,0.1287,6.0000,6.7317,2.0673,20.9052,0.5913,-5.2550,-27.7246,-9.4664,-24.8383,-9.8417,-24.7729,-7.7424,-25.0384,2.7936,-25.9584,-4.2114,2.8863,-4.5867,2.9516,-2.4874,2.6862,80,0.1600,80,0,0.9716,0.0232,0.0051,-0.5104,8.0293,-0.2007,3.2796,5.0244,0.0000,1,0.0989,0.1423,8.3283,-0.0017
8.5001,IMM-UKF,jink,0.500,10.00,0.150,1,0.600,1,6.3531,4.8922,-1.4609,1.0604,0.2475,0.1041,0.1289,6.0000,6.7317,2.0683,22.7503,0.5921,-4.8891,-27.8395,-9.4664,-24.8383,-9.8417,-24.7729,-7.4854,-24.8384,2.9512,-24.9276,-4.5773,3.0012,-4.9525,3.0665,-2.5963,3.0011,80,0.1700,80,0,0.9716,0.0232,0.0051,-0.5143,7.7794,-0.2067,3.3396,4.9847,0.0000,1,0.0989,0.1423,8.3283,-0.0017
8.5101,IMM-UKF,jink,0.500,10.00,0.150,1,0.600,1,6.3265,4.9183,-1.4081,1.0823,0.2475,0.1041,0.1292,6.0000,6.7317,2.0694,24.6886,0.5928,-4.5108,-27.9454,-9.4664,-24.8383,-9.8417,-24.7729,-7.2191,-24.6173,3.1076,-23.9440,-4.9556,3.1071,-5.3309,3.1724,-2.7083,3.3281,80,0.1800,80,0,0.9716,0.0232,0.0051,-0.5196,7.5295,-0.2113,3.3992,4.9442,0.0000,1,0.0989,0.1423,8.3283,-0.0017
8.5201,IMM-UKF,jink,0.500,10.00,0.150,1,0.600,1,6.3019,4.9492,-1.3527,1.1052,0.2475,0.1041,0.1294,6.0000,6.7317,2.0704,26.7128,0.5935,-4.1203,-28.0421,-9.4664,-24.8383,-9.8417,-24.7729,-6.9440,-24.3760,3.2635,-23.0059,-5.3461,3.2038,-5.7214,3.2692,-2.8237,3.6662,80,0.1900,80,0,0.9716,0.0232,0.0051,-0.5263,7.2796,-0.2146,3.4583,4.9031,0.0000,1,0.0989,0.1423,8.3283,-0.0017
8.5301,IMM-UKF,jink,0.500,10.00,0.150,1,0.600,1,6.2794,4.9848,-1.2946,1.1289,0.2475,0.1041,0.1295,6.0000,6.7317,2.0714,28.8154,0.5942,-3.7177,-28.1296,-9.4664,-24.8383,-9.8417,-24.7729,-6.6605,-24.1157,3.4192,-22.1119,-5.7487,3.2913,-6.1240,3.3566,-2.9429,4.0139,80,0.2000,80,0,0.9716,0.0232,0.0051,-0.5346,7.0298,-0.2170,3.5169,4.8612,0.0000,1,0.0989,0.1423,8.3283,-0.0017
8.5401,IMM-UKF,jink,0.500,10.00,0.150,1,0.600,1,6.2589,5.0251,-1.2338,1.1535,0.2475,0.1041,0.1297,6.0000,6.7317,2.0725,30.9876,0.5947,-3.3033,-28.2075,-9.4664,-24.8383,-9.8417,-24.7729,-6.3694,-23.8378,3.5752,-21.2610,-6.1631,3.3692,-6.5384,3.4346,-3.0661,4.3697,80,0.2100,80,0,0.9716,0.0232,0.0051,-0.5443,6.7802,-0.2183,3.5749,4.8187,0.0000,1,0.0989,0.1423,8.3283,-0.0017
8.5501,IMM-UKF,jink,0.500,10.00,0.150,1,0.600,1,6.2404,5.0696,-1.1708,1.1790,0.2475,0.1041,0.1299,6.0000,6.7317,2.0735,33.2117,0.5953,-2.8773,-28.2760,-9.4664,-24.8383,-9.8417,-24.7729,-6.0719,-23.5460,3.7323,-20.4585,-6.5891,3.4377,-6.9644,3.5030,-3.1946,4.7300,80,0.2200,80,0,0.9716,0.0232,0.0051,-0.5556,6.5331,-0.2188,3.6325,4.7754,0.0000,1,0.1178,0.1475,8.3283,0.0016
8.5601,IMM-UKF,jink,0.500,10.00,0.150,1,0.600,1,6.2240,5.1184,-1.1056,1.2053,0.2475,0.1041,0.1300,6.0000,6.7317,2.0745,35.4787,0.5958,-2.4401,-28.3349,-9.4664,-24.8383,-9.8417,-24.7729,-5.7688,-23.2418,3.8907,-19.7015,-7.0263,3.4966,-7.4016,3.5619,-3.3288,5.0931,80,0.2300,80,0,0.9716,0.0232,0.0051,-0.5683,6.2888,-0.2184,3.6895,4.7315,0.0000,1,0.1178,0.1475,8.3283,0.0016
8.5701,IMM-UKF,jink,0.500,10.00,0.150,1,0.600,1,6.2095,5.1713,-1.0382,1.2324,0.2475,0.1041,0.1301,6.0000,6.7317,2.0754,37.7796,0.5963,-1.9920,-28.3842,-9.4664,-24.8383,-9.8417,-24.7729,-5.4607,-22.9265,4.0504,-18.9873,-7.4744,3.5459,-7.8497,3.6113,-3.4687,5.4577,80,0.2400,80,0,0.9716,0.0232,0.0051,-0.5824,6.0470,-0.2174,3.7461,4.6869,0.0000,1,0.1178,0.1475,8.3283,0.0016
8.5801,IMM-UKF,jink,0.500,10.00,0.150,1,0.600,1,6.1971,5.2284,-0.9686,1.2604,0.2475,0.1041,0.1302,6.0000,6.7317,2.0764,40.1058,0.5967,-1.5333,-28.4240,-9.4664,-24.8383,-9.8417,-24.7729,-5.1480,-22.6018,4.2118,-18.3132,-7.9331,3.5857,-8.3084,3.6510,-3.6147,5.8222,80,0.2500,80,0,0.9716,0.0232,0.0051,-0.5980,5.8078,-0.2156,3.8020,4.6416,0.0000,1,0.1178,0.1475,8.3283,0.0016
8.5901,IMM-UKF,jink,0.500,10.00,0.150,1,0.600,1,6.1866,5.2896,-0.8970,1.2893,0.2475,0.1041,0.1303,6.0000,6.7317,2.0773,42.4491,0.5971,-1.0644,-28.4542,-9.4664,-24.8383,-9.8417,-24.7729,-4.8313,-22.2689,4.3747,-17.6768,-8.4020,3.6159,-8.7772,3.6812,-3.7669,6.1852,80,0.2600,80,0,0.9716,0.0232,0.0051,-0.6151,5.5712,-0.2132,3.8575,4.5957,0.0000,1,0.1178,0.1475,8.3283,0.0016
8.6001,IMM-UKF,jink,0.500,10.00,0.150,1,0.600,1,6.1781,4.6773,-1.5008,0.9302,0.2474,0.1054,0.1305,6.0000,6.1784,1.0654,14.2092,0.5974,-0.5858,-28.4748,-6.5924,-27.1785,-6.6799,-27.0180,-2.2631,-26.6245,12.9194,-24.4780,-6.0066,1.2963,-6.0941,1.4568,-1.6773,1.8503,81,0.1500,81,0,0.9700,0.0255,0.0044,-0.6337,5.3372,-0.2102,3.9123,4.5490,0.0000,1,0.1178,0.1475,8.4484,0.0016
8.6101,IMM-UKF,jink,0.500,10.00,0.150,1,0.600,1,6.1716,4.7153,-1.4562,0.9500,0.2474,0.1054,0.1306,6.0000,6.1784,1.0656,15.6552,0.5977,-0.0978,-28.4859,-6.5924,-27.1785,-6.6799,-27.0180,-1.8732,-26.3989,12.9263,-23.7531,-6.4946,1.3074,-6.5821,1.4679,-1.7755,2.0871,81,0.1600,81,0,0.9700,0.0255,0.0044,-0.6537,5.1057,-0.2067,3.9666,4.5018,0.0000,1,0.1178,0.1475,8.4484,0.0016
8.6201,IMM-UKF,jink,0.500,10.00,0.150,1,0.600,1,6.1670,4.7574,-1.4096,0.9708,0.2474,0.1054,0.1307,6.0000,6.1784,1.0657,17.1758,0.5979,0.3991,-28.4876,-6.5924,-27.1785,-6.6799,-27.0180,-1.4809,-26.1554,12.9409,-23.0601,-6.9915,1.3091,-7.0790,1.4696,-1.8801,2.3322,81,0.1700,81,0,0.9700,0.0255,0.0044,-0.6752,4.8769,-0.2027,4.0204,4.4538,0.0000,1,0.1178,0.1475,8.4484,0.0016
8.6301,IMM-UKF,jink,0.500,10.00,0.150,1,0.600,1,6.1644,4.8035,-1.3609,0.9926,0.2474,0.1054,0.1308,6.0000,6.1784,1.0659,18.7618,0.5981,0.9045,-28.4799,-6.5924,-27.1785,-6.6799,-27.0180,-1.0869,-25.8956,12.9630,-22.3978,-7.4969,1.3014,-7.5844,1.4618,-1.9914,2.5842,81,0.1800,81,0,0.9700,0.0255,0.0044,-0.6981,4.6506,-0.1981,4.0735,4.4053,0.0000,1,0.1178,0.1475,8.4484,0.0016
8.6401,IMM-UKF,jink,0.500,10.00,0.150,1,0.600,1,6.1637,4.8536,-1.3101,1.0154,0.2474,0.1054,0.1308,6.0000,6.1784,1.0662,20.4042,0.5983,1.4179,-28.4629,-6.5924,-27.1785,-6.6799,-27.0180,-0.6917,-25.6212,12.9925,-21.7651,-8.0103,1.2844,-8.0978,1.4448,-2.1096,2.8416,81,0.1900,81,0,0.9700,0.0255,0.0044,-0.7225,4.4269,-0.1930,4.1261,4.3561,0.0000,1,0.1178,0.1475,8.4484,0.0016
8.6501,IMM-UKF,jink,0.500,10.00,0.150,1,0.600,1,6.1649,4.9076,-1.2573,1.0390,0.2474,0.1054,0.1309,6.0000,6.1784,1.0664,22.0938,0.5984,1.9388,-28.4366,-6.5924,-27.1785,-6.6799,-27.0180,-0.2960,-25.3337,13.0292,-21.1610,-8.5312,1.2581,-8.6187,1.4186,-2.2349,3.1029,81,0.2000,81,0,0.9700,0.0255,0.0044,-0.7483,4.2057,-0.1875,4.1781,4.3063,0.0000,1,0.1178,0.1475,8.4484,0.0016
8.6601,IMM-UKF,jink,0.500,10.00,0.150,1,0.600,1,6.1681,4.9655,-1.2026,1.0637,0.2474,0.1054,0.1309,6.0000,6.1784,1.0667,23.8223,0.5985,2.4667,-28.4013,-6.5924,-27.1785,-6.6799,-27.0180,0.0995,-25.0346,13.0728,-20.5843,-9.0591,1.2228,-9.1466,1.3833,-2.3672,3.3667,81,0.2100,81,0,0.9700,0.0255,0.0044,-0.7756,3.9871,-0.1815,4.2294,4.2558,0.0000,1,0.1178,0.1475,8.4484,0.0016
8.6701,IMM-UKF,jink,0.500,10.00,0.150,1,0.600,1,6.1732,5.0274,-1.1459,1.0892,0.2474,0.1054,0.1310,6.0000,6.1784,1.0671,25.5815,0.5985,3.0012,-28.3571,-6.5924,-27.1785,-6.6799,-27.0180,0.4945,-24.7255,13.1232,-20.0340,-9.5936,1.1786,-9.6811,1.3391,-2.5067,3.6316,81,0.2200,81,0,0.9700,0.0255,0.0044,-0.8043,3.7710,-0.1751,4.2802,4.2047,0.0000,1,0.1016,0.1520,8.4484,-0.0015
8.6801,IMM-UKF,jink,0.500,10.00,0.150,1,0.600,1,6.1802,5.0930,-1.0872,1.1157,0.2474,0.1054,0.1310,6.0000,6.1784,1.0674,27.3636,0.5984,3.5416,-28.3041,-6.5924,-27.1785,-6.6799,-27.0180,0.8883,-24.4078,13.1802,-19.5090,-10.1340,1.1256,-10.2215,1.2861,-2.6533,3.8963,81,0.2300,81,0,0.9700,0.0255,0.0044,-0.8344,3.5575,-0.1683,4.3303,4.1531,0.0000,1,0.1016,0.1520,8.4484,-0.0015
8.6901,IMM-UKF,jink,0.500,10.00,0.150,1,0.600,1,6.1892,5.1625,-1.0267,1.1431,0.2474,0.1054,0.1311,6.0000,6.1784,1.0678,29.1614,0.5983,4.0876,-28.2425,-6.5924,-27.1785,-6.6799,-27.0180,1.2807,-24.0831,13.2436,-19.0083,-10.6800,1.0640,-10.7675,1.2245,-2.8069,4.1594,81,0.2400,81,0,0.9700,0.0255,0.0044,-0.8659,3.3464,-0.1609,4.3799,4.1008,0.0000,1,0.1016,0.1520,8.4484,-0.0015
8.7001,IMM-UKF,jink,0.500,10.00,0.150,1,0.600,1,6.2000,4.5054,-1.6946,0.8219,0.2437,0.1049,0.1348,6.0000,5.7013,1.6559,14.1967,0.5982,4.6385,-28.1725,-2.8773,-28.2760,-2.6987,-28.0463,3.6428,-25.9727,19.1544,-19.8949,-7.5158,-0.1035,-7.3372,0.1262,-0.9957,2.1997,82,0.1500,82,0,0.9719,0.0238,0.0042,-0.8988,3.1380,-0.1532,4.4288,4.0480,0.0000,1,0.1016,0.1520,8.5517,-0.0015
8.7101,IMM-UKF,jink,0.500,10.00,0.150,1,0.600,1,6.2127,4.5566,-1.6561,0.8413,0.2437,0.1049,0.1348,6.0000,5.7013,1.6557,15.6356,0.5980,5.1939,-28.0942,-2.8773,-28.2760,-2.6987,-28.0463,4.0935,-25.6739,19.1388,-19.3953,-8.0712,-0.1818,-7.8926,0.0480,-1.1004,2.4203,82,0.1600,82,0,0.9719,0.0238,0.0042,-0.9331,2.9320,-0.1450,4.4770,3.9945,0.0000,1,0.1016,0.1520,8.5517,-0.0015
8.7201,IMM-UKF,jink,0.500,10.00,0.150,1,0.600,1,6.2274,4.6116,-1.6157,0.8618,0.2437,0.1049,0.1348,6.0000,5.7013,1.6555,17.1139,0.5977,5.7532,-28.0080,-2.8773,-28.2760,-2.6987,-28.0463,4.5405,-25.3631,19.1312,-18.9170,-8.6305,-0.2680,-8.4519,-0.0383,-1.2127,2.6449,82,0.1700,82,0,0.9719,0.0238,0.0042,-0.9687,2.7285,-0.1364,4.5246,3.9405,0.0000,1,0.1016,0.1520,8.5517,-0.0015
8.7301,IMM-UKF,jink,0.500,10.00,0.150,1,0.600,1,6.2438,4.6705,-1.5734,0.8833,0.2437,0.1049,0.1349,6.0000,5.7013,1.6554,18.6237,0.5973,6.3160,-27.9140,-2.8773,-28.2760,-2.6987,-28.0463,4.9833,-25.0419,19.1312,-18.4597,-9.1933,-0.3620,-9.0147,-0.1323,-1.3327,2.8720,82,0.1800,82,0,0.9719,0.0238,0.0042,-1.0057,2.5275,-0.1273,4.5716,3.8859,0.0000,1,0.1016,0.1520,8.5517,-0.0015
8.7401,IMM-UKF,jink,0.500,10.00,0.150,1,0.600,1,6.2622,4.7331,-1.5291,0.9059,0.2437,0.1049,0.1349,6.0000,5.7013,1.6554,20.1578,0.5969,6.8817,-27.8125,-2.8773,-28.2760,-2.6987,-28.0463,5.4214,-24.7121,19.1388,-18.0226,-9.7590,-0.4635,-9.5804,-0.2338,-1.4602,3.1003,82,0.1900,82,0,0.9719,0.0238,0.0042,-1.0439,2.3291,-0.1178,4.6179,3.8308,0.0000,1,0.1016,0.1520,8.5517,-0.0015
8.7501,IMM-UKF,jink,0.500,10.00,0.150,1,0.600,1,6.2825,4.7994,-1.4830,0.9294,0.2437,0.1049,0.1349,6.0000,5.7013,1.6554,21.7088,0.5965,7.4498,-27.7037,-2.8773,-28.2760,-2.6987,-28.0463,5.8546,-24.3754,19.1538,-17.6052,-10.3271,-0.5723,-10.1485,-0.3426,-1.5952,3.3283,82,0.2000,82,0,0.9719,0.0238,0.0042,-1.0835,2.1331,-0.1077,4.6635,3.7751,0.0000,1,0.1016,0.1520,8.5517,-0.0015
8.7601,IMM-UKF,jink,0.500,10.00,0.150,1,0.600,1,6.3046,4.8695,-1.4351,0.9540,0.2437,0.1049,0.1349,6.0000,5.7013,1.6555,23.2701,0.5960,8.0198,-27.5879,-2.8773,-28.2760,-2.6987,-28.0463,6.2824,-24.0332,19.1758,-17.2070,-10.8971,-0.6880,-10.7185,-0.4583,-1.7374,3.5548,82,0.2100,82,0,0.9719,0.0238,0.0042,-1.1244,1.9396,-0.0972,4.7085,3.7189,0.0000,1,0.1016,0.1520,8.5517,-0.0015
8.7701,IMM-UKF,jink,0.500,10.00,0.150,1,0.600,1,6.3285,4.9432,-1.3853,0.9796,0.2437,0.1049,0.1349,6.0000,5.7013,1.6557,24.8352,0.5953,8.5913,-27.4655,-2.8773,-28.2760,-2.6987,-28.0463,6.7047,-23.6871,19.2048,-16.8274,-11.4686,-0.8104,-11.2900,-0.5807,-1.8866,3.7785,82,0.2200,82,0,0.9719,0.0238,0.0042,-1.1665,1.7486,-0.0861,4.7528,3.6621,0.0000,1,0.1016,0.1520,8.5517,-0.0015
8.7801,IMM-UKF,jink,0.500,10.00,0.150,1,0.600,1,6.3543,5.0205,-1.3338,1.0061,0.2437,0.1049,0.1349,6.0000,5.7013,1.6560,26.3979,0.5946,9.1637,-27.3367,-2.8773,-28.2760,-2.6987,-28.0463,7.1212,-23.3385,19.2404,-16.4660,-12.0410,-0.9393,-11.8624,-0.7095,-2.0425,3.9982,82,0.2300,82,0,0.9719,0.0238,0.0042,-1.2098,1.5601,-0.0744,4.7964,3.6048,0.0000,1,0.1106,0.1447,8.5517,-0.0004
8.7901,IMM-UKF,jink,0.500,10.00,0.150,1,0.600,1,6.3819,5.1014,-1.2805,1.0336,0.2437,0.1049,0.1350,6.0000,5.7013,1.6563,27.9526,0.5939,9.7367,-27.2018,-2.8773,-28.2760,-2.6987,-28.0463,7.5319,-22.9890,19.2824,-16.1224,-12.6140,-1.0741,-12.4354,-0.8444,-2.2048,4.2128,82,0.2400,82,0,0.9719,0.0238,0.0042,-1.2544,1.3740,-0.0621,4.8393,3.5470,0.0000,1,0.1106,0.1447,8.5517,-0.0004
8.8001,IMM-UKF,jink,0.500,10.00,0.150,1,0.600,1,6.4114,5.1859,-1.2255,1.0620,0.2437,0.1049,0.1350,6.0000,5.7013,1.6567,29.4935,0.5930,10.3097,-27.0612,-2.8773,-28.2760,-2.6987,-28.0463,7.9366,-22.6399,19.3306,-15.7962,-13.1870,-1.2147,-13.0084,-0.9850,-2.3731,4.4213,82,0.2500,82,0,0.9719,0.0238,0.0042,-1.3001,1.1904,-0.0491,4.8815,3.4887,0.0000,1,0.1106,0.1447,8.5517,-0.0004
8.8101,IMM-UKF,jink,0.500,10.00,0.150,1,0.600,1,6.4427,5.2739,-1.1688,1.0913,0.2437,0.1049,0.1350,6.0000,5.7013,1.6571,31.0155,0.5921,10.8824,-26.9152,-2.8773,-28.2760,-2.6987,-28.0463,8.3352,-22.2926,19.3848,-15.4872,-13.7597,-1.3608,-13.5810,-1.1311,-2.5472,4.6226,82,0.2600,82,0,0.9719,0.0238,0.0042,-1.3470,1.0093,-0.0353,4.9230,3.4299,0.0000,1,0.1106,0.1447,8.5517,-0.0004
8.8201,IMM-UKF,jink,0.500,10.00,0.150,1,0.600,1,6.4758,5.3654,-1.1104,1.1216,0.2437,0.1049,0.1350,6.0000,5.7013,1.6577,32.5133,0.5910,11.4542,-26.7641,-2.8773,-28.2760,-2.6987,-28.0463,8.7277,-21.9484,19.4446,-15.1954,-14.3315,-1.5119,-14.1529,-1.2822,-2.7265,4.8157,82,0.2700,82,0,0.9719,0.0238,0.0042,-1.3950,0.8306,-0.0207,4.9638,3.3705,0.0000,1,0.1106,0.1447,8.5517,-0.0004
8.8301,IMM-UKF,jink,0.500,10.00,0.150,1,0.600,1,6.5107,4.9109,-1.5998,0.7795,0.2472,0.1077,0.1315,6.0000,5.0131,0.5458,9.4542,0.5899,12.0249,-26.6083,3.0012,-28.3571,3.0317,-28.4462,10.3809,-26.0382,23.5079,-20.6457,-9.0237,-1.7488,-8.9933,-1.8380,-1.6440,0.5701,83,0.1600,83,0,0.9687,0.0270,0.0042,-1.4440,0.6544,-0.0050,5.0039,3.3107,0.0000,1,0.1106,0.1447,8.6686,-0.0004
8.8401,IMM-UKF,jink,0.500,10.00,0.150,1,0.600,1,6.5474,4.9823,-1.5651,0.8019,0.2472,0.1077,0.1315,6.0000,5.0131,0.5446,10.3922,0.5887,12.5941,-26.4481,3.0012,-28.3571,3.0317,-28.4462,10.8120,-25.7734,23.5441,-20.3202,-9.5929,-1.9090,-9.5624,-1.9981,-1.7821,0.6747,83,0.1700,83,0,0.9687,0.0270,0.0042,-1.4941,0.4807,0.0118,5.0433,3.2504,0.0000,1,0.1106,0.1447,8.6686,-0.0004
8.8501,IMM-UKF,jink,0.500,10.00,0.150,1,0.600,1,6.5859,5.0572,-1.5287,0.8254,0.2472,0.1077,0.1315,6.0000,5.0131,0.5431,11.3633,0.5874,13.1613,-26.2841,3.0012,-28.3571,3.0317,-28.4462,11.2362,-25.5054,23.5853,-20.0121,-10.1601,-2.0730,-10.1296,-2.1622,-1.9251,0.7787,83,0.1800,83,0,0.9687,0.0270,0.0042,-1.5453,0.3094,0.0300,5.0819,3.1897,0.0000,1,0.1106,0.1447,8.6686,-0.0004
8.8601,IMM-UKF,jink,0.500,10.00,0.150,1,0.600,1,6.6262,5.1356,-1.4906,0.8500,0.2472,0.1077,0.1315,6.0000,5.0131,0.5417,12.3596,0.5860,13.7263,-26.1165,3.0012,-28.3571,3.0317,-28.4462,11.6535,-25.2362,23.6315,-19.7229,-10.7251,-2.2406,-10.6946,-2.3297,-2.0728,0.8803,83,0.1900,83,0,0.9687,0.0270,0.0042,-1.5974,0.1407,0.0499,5.1198,3.1285,0.0000,1,0.1106,0.1447,8.6686,-0.0004
8.8701,IMM-UKF,jink,0.500,10.00,0.150,1,0.600,1,6.6682,5.2174,-1.4509,0.8756,0.2472,0.1077,0.1315,6.0000,5.0131,0.5401,13.3724,0.5845,14.2886,-25.9459,3.0012,-28.3571,3.0317,-28.4462,12.0636,-24.9682,23.6824,-19.4544,-11.2874,-2.4112,-11.2570,-2.5004,-2.2250,0.9777,83,0.2000,83,0,0.9687,0.0270,0.0042,-1.6503,-0.0254,0.0720,5.1570,3.0668,0.0000,1,0.1106,0.1447,8.6686,-0.0004
8.8801,IMM-UKF,jink,0.500,10.00,0.150,1,0.600,1,6.7120,5.3026,-1.4094,0.9022,0.2472,0.1077,0.1315,6.0000,5.0131,0.5384,14.3919,0.5829,14.8481,-25.7727,3.0012,-28.3571,3.0317,-28.4462,12.4667,-24.7046,23.7381,-19.2100,-11.8469,-2.5844,-11.8165,-2.6735,-2.3814,1.0681,83,0.2100,83,0,0.9687,0.0270,0.0042,-1.7041,-0.1888,0.0971,5.1934,3.0047,0.0000,1,0.1106,0.1447,8.6686,-0.0004
8.8901,IMM-UKF,jink,0.500,10.00,0.150,1,0.600,1,6.7576,5.3913,-1.3663,0.9299,0.2472,0.1077,0.1315,6.0000,5.0131,0.5366,15.4058,0.5813,15.4044,-25.5976,3.0012,-28.3571,3.0317,-28.4462,12.8624,-24.4497,23.7982,-18.9953,-12.4032,-2.7595,-12.3727,-2.8486,-2.5420,1.1479,83,0.2200,83,0,0.9687,0.0270,0.0042,-1.7586,-0.3493,0.1264,5.2291,2.9422,0.0000,1,0.1106,0.1447,8.6686,-0.0004
8.9001,IMM-UKF,jink,0.500,10.00,0.150,1,0.600,1,6.8050,5.4836,-1.3214,0.9585,0.2472,0.1077,0.1315,6.0000,5.0131,0.5347,16.3961,0.5795,15.9572,-25.4214,3.0012,-28.3571,3.0317,-28.4462,13.2506,-24.2108,23.8625,-18.8214,-12.9560,-2.9357,-12.9255,-3.0249,-2.7066,1.2106,83,0.2300,83,0,0.9687,0.0270,0.0042,-1.8135,-0.5064,0.1621,5.2640,2.8792,0.0000,1,0.0969,0.1460,8.6686,-0.0010
8.9101,IMM-UKF,jink,0.500,10.00,0.150,1,0.600,1,6.8541,5.5796,-1.2745,0.9881,0.2472,0.1077,0.1315,6.0000,5.0131,0.5327,17.3300,0.5775,16.5062,-25.2453,3.0012,-28.3571,3.0317,-28.4462,13.6305,-24.0028,23.9309,-18.7137,-13.5050,-3.1119,-13.4746,-3.2010,-2.8758,1.2424,83,0.2400,83,0,0.9687,0.0270,0.0042,-1.8680,-0.6586,0.2095,5.2982,2.8158,0.0000,1,0.0969,0.1460,8.6686,-0.0010
8.9201,IMM-UKF,jink,0.500,10.00,0.150,1,0.600,1,6.9050,5.6791,-1.2258,1.0187,0.2472,0.1077,0.1315,6.0000,5.0131,0.5306,18.1277,0.5755,17.0512,-25.0717,3.0012,-28.3571,3.0317,-28.4462,13.9981,-23.8702,24.0019,-18.7507,-14.0500,-3.2854,-14.0195,-3.3745,-3.0531,1.2015,83,0.2500,83,0,0.9687,0.0270,0.0042,-1.9190,-0.7996,0.2833,5.3316,2.7521,0.0000,1,0.0969,0.1460,8.6686,-0.0010
8.9301,IMM-UKF,jink,0.500,10.00,0.150,1,0.600,1,6.9572,5.3073,-1.6499,0.7875,0.2477,0.1085,0.1310,6.0000,4.7372,1.7232,10.1743,0.5733,17.5907,-24.9105,9.1637,-27.3367,9.1624,-27.6283,15.7250,-25.0884,27.2715,-19.9700,-8.4270,-2.4262,-8.4284,-2.7178,-1.8657,-0.1779,84,0.1500,84,0,0.9765,0.0205,0.0030,-1.9329,-0.8600,0.4436,5.3643,2.6879,0.0000,1,0.0969,0.1460,8.7797,-0.0010
8.9401,IMM-UKF,jink,0.500,10.00,0.150,1,0.600,1,7.0083,5.3456,-1.6627,0.8092,0.2477,0.1085,0.1310,6.0000,4.7372,1.7209,11.7340,0.5710,18.1219,-24.7633,9.1637,-27.3367,9.1624,-27.6283,16.0110,-25.1913,27.3616,-20.5145,-8.9582,-2.5734,-8.9595,-2.8650,-2.1109,-0.4280,84,0.1600,84,0,0.9765,0.0205,0.0030,-1.8432,-0.7090,0.5238,5.3961,2.6233,0.0000,1,0.0969,0.1460,8.7797,-0.0010
8.9501,IMM-UKF,jink,0.500,10.00,0.150,1,0.600,1,7.0579,5.3750,-1.6828,0.8319,0.2477,0.1085,0.1310,6.0000,4.7372,1.7187,13.3872,0.5688,18.6449,-24.6265,9.1637,-27.3367,9.1624,-27.6283,16.2744,-25.2451,27.4462,-20.8705,-9.4812,-2.7102,-9.4826,-3.0019,-2.3705,-0.6186,84,0.1700,84,0,0.9765,0.0205,0.0030,-1.7447,-0.5435,0.5487,5.4272,2.5584,0.0000,1,0.0969,0.1460,8.7797,-0.0010
8.9601,IMM-UKF,jink,0.500,10.00,0.150,1,0.600,1,7.1058,5.4000,-1.7058,0.8556,0.2477,0.1085,0.1309,6.0000,4.7372,1.7166,15.0892,0.5666,19.1604,-24.4983,9.1637,-27.3367,9.1624,-27.6283,16.5211,-25.2876,27.5236,-21.1628,-9.9967,-2.8384,-9.9981,-3.1300,-2.6393,-0.7893,84,0.1800,84,0,0.9765,0.0205,0.0030,-1.6449,-0.3784,0.5551,5.4575,2.4931,0.0000,1,0.0969,0.1460,8.7797,-0.0010
8.9701,IMM-UKF,jink,0.500,10.00,0.150,1,0.600,1,7.1520,5.4213,-1.7307,0.8805,0.2477,0.1085,0.1309,6.0000,4.7372,1.7145,16.8374,0.5645,19.6688,-24.3779,9.1637,-27.3367,9.1624,-27.6283,16.7521,-25.3294,27.5932,-21.4266,-10.5051,-2.9588,-10.5065,-3.2504,-2.9168,-0.9516,84,0.1900,84,0,0.9765,0.0205,0.0030,-1.5446,-0.2154,0.5525,5.4870,2.4274,0.0000,1,0.0969,0.1460,8.7797,-0.0010
8.9801,IMM-UKF,jink,0.500,10.00,0.150,1,0.600,1,7.1965,5.4393,-1.7573,0.9063,0.2477,0.1085,0.1309,6.0000,4.7372,1.7125,18.6327,0.5625,20.1707,-24.2646,9.1637,-27.3367,9.1624,-27.6283,16.9678,-25.3748,27.6548,-21.6762,-11.0069,-3.0721,-11.0083,-3.3638,-3.2029,-1.1102,84,0.2000,84,0,0.9765,0.0205,0.0030,-1.4440,-0.0547,0.5447,5.5158,2.3614,0.0000,1,0.0969,0.1460,8.7797,-0.0010
8.9901,IMM-UKF,jink,0.500,10.00,0.150,1,0.600,1,7.2393,5.4540,-1.7853,0.9331,0.2477,0.1085,0.1308,6.0000,4.7372,1.7105,20.4766,0.5605,20.6664,-24.1579,9.1637,-27.3367,9.1624,-27.6283,17.1685,-25.4254,27.7081,-21.9188,-11.5026,-3.1788,-11.5040,-3.4704,-3.4979,-1.2675,84,0.2100,84,0,0.9765,0.0205,0.0030,-1.3430,0.1036,0.5333,5.5437,2.2950,0.0000,1,0.0969,0.1460,8.7797,-0.0010
9.0001,IMM-UKF,jink,0.500,10.00,0.150,1,0.600,1,7.2804,5.4657,-1.8148,0.9610,0.2477,0.1085,0.1308,6.0000,4.7372,1.7086,22.3709,0.5587,21.1563,-24.0574,9.1637,-27.3367,9.1624,-27.6283,17.3544,-25.4823,27.7525,-22.1587,-11.9926,-3.2793,-11.9940,-3.5709,-3.8019,-1.4249,84,0.2200,84,0,0.9765,0.0205,0.0030,-1.2418,0.2595,0.5194,5.5709,2.2283,0.0000,1,0.1111,0.1503,8.7797,0.0001
9.0101,IMM-UKF,jink,0.500,10.00,0.150,1,0.600,1,7.3207,5.4743,-1.8464,0.9898,0.2477,0.1085,0.1310,6.0000,4.7372,1.7067,24.2733,0.5567,21.6317,-23.9596,9.1637,-27.3367,9.1624,-27.6283,17.5275,-25.5477,27.7916,-22.4016,-12.4679,-3.3771,-12.4693,-3.6687,-4.1042,-1.5881,84,0.2300,84,0,0.9765,0.0205,0.0030,-1.1410,0.4133,0.5043,5.5437,2.2950,0.0000,1,0.1111,0.1503,8.7797,0.0001
9.0201,IMM-UKF,jink,0.500,10.00,0.150,1,0.600,1,7.3603,5.4800,-1.8802,1.0196,0.2477,0.1085,0.1310,6.0000,4.7372,1.7048,26.1905,0.5549,22.0937,-23.8643,9.1637,-27.3367,9.1624,-27.6283,17.6880,-25.6218,27.8253,-22.6499,-12.9299,-3.4724,-12.9313,-3.7641,-4.4056,-1.7576,84,0.2400,84,0,0.9765,0.0205,0.0030,-1.0405,0.5652,0.4885,5.5158,2.3614,0.0000,1,0.1111,0.1503,8.7797,0.0001
9.0301,IMM-UKF,jink,0.500,10.00,0.150,1,0.600,1,7.3990,5.4829,-1.9161,1.0503,0.2477,0.1085,0.1309,6.0000,4.7372,1.7031,28.1238,0.5532,22.5427,-23.7714,9.1637,-27.3367,9.1624,-27.6283,17.8364,-25.7052,27.8534,-22.9048,-13.3790,-3.5653,-13.3803,-3.8569,-4.7063,-1.9338,84,0.2500,84,0,0.9765,0.0205,0.0030,-0.9404,0.7152,0.4722,5.4870,2.4274,0.0000,1,0.1111,0.1503,8.7797,0.0001
9.0401,IMM-UKF,jink,0.500,10.00,0.150,1,0.600,1,7.4368,5.4829,-1.9539,1.0819,0.2477,0.1085,0.1307,6.0000,4.7372,1.7014,30.0750,0.5516,22.9791,-23.6810,9.1637,-27.3367,9.1624,-27.6283,17.9728,-25.7980,27.8759,-23.1677,-13.8153,-3.6557,-13.8167,-3.9473,-5.0063,-2.1170,84,0.2600,84,0,0.9765,0.0205,0.0030,-0.8406,0.8633,0.4555,5.4575,2.4931,0.0000,1,0.1111,0.1503,8.7797,0.0001
9.0501,IMM-UKF,jink,0.500,10.00,0.150,1,0.600,1,7.4739,5.4441,-2.0298,0.8637,0.2507,0.1093,0.1273,6.0000,4.4152,1.6416,17.0210,0.5502,23.4031,-23.5929,15.9572,-25.4214,15.6688,-25.5198,20.6113,-24.8585,32.0678,-22.6619,-7.4460,-1.8285,-7.7344,-1.9269,-2.7918,-1.2655,85,0.1500,85,0,0.9771,0.0196,0.0033,-0.7413,1.0095,0.4387,5.4272,2.5584,0.0000,1,0.1111,0.1503,8.8991,0.0001
9.0601,IMM-UKF,jink,0.500,10.00,0.150,1,0.600,1,7.5101,5.4532,-2.0569,0.8859,0.2507,0.1093,0.1268,6.0000,4.4152,1.6377,18.2569,0.5489,23.8153,-23.5073,15.9572,-25.4214,15.6688,-25.5198,20.8446,-24.9060,32.1958,-22.8929,-7.8581,-1.9141,-8.1465,-2.0126,-2.9707,-1.3988,85,0.1600,85,0,0.9771,0.0196,0.0033,-0.6425,1.1540,0.4217,5.3961,2.6233,0.0000,1,0.1111,0.1503,8.8991,0.0001
9.0701,IMM-UKF,jink,0.500,10.00,0.150,1,0.600,1,7.5454,5.4594,-2.0860,0.9092,0.2507,0.1093,0.1261,6.0000,4.4152,1.6339,19.5114,0.5477,24.2157,-23.4239,15.9572,-25.4214,15.6688,-25.5198,21.0674,-24.9634,32.3223,-23.1330,-8.2585,-1.9975,-8.5469,-2.0959,-3.1482,-1.5395,85,0.1700,85,0,0.9771,0.0196,0.0033,-0.5440,1.2966,0.4047,5.3643,2.6879,0.0000,1,0.1111,0.1503,8.8991,0.0001
9.0801,IMM-UKF,jink,0.500,10.00,0.150,1,0.600,1,7.5798,5.4628,-2.1170,0.9334,0.2507,0.1093,0.1253,6.0000,4.4152,1.6302,20.7852,0.5466,24.6047,-23.3428,15.9572,-25.4214,15.6688,-25.5198,21.2803,-25.0307,32.4475,-23.3828,-8.6476,-2.0786,-8.9360,-2.1770,-3.3244,-1.6878,85,0.1800,85,0,0.9771,0.0196,0.0033,-0.4461,1.4375,0.3877,5.3316,2.7521,0.0000,1,0.1111,0.1503,8.8991,0.0001
9.0901,IMM-UKF,jink,0.500,10.00,0.150,1,0.600,1,7.6133,5.4634,-2.1499,0.9585,0.2507,0.1093,0.1244,6.0000,4.4152,1.6267,22.0787,0.5456,24.9827,-23.2641,15.9572,-25.4214,15.6688,-25.5198,21.4837,-25.1077,32.5715,-23.6429,-9.0255,-2.1573,-9.3139,-2.2558,-3.4990,-1.8436,85,0.1900,85,0,0.9771,0.0196,0.0033,-0.3486,1.5767,0.3707,5.2982,2.8158,0.0000,1,0.1111,0.1503,8.8991,0.0001
9.1001,IMM-UKF,jink,0.500,10.00,0.150,1,0.600,1,7.6460,5.4613,-2.1847,0.9846,0.2507,0.1093,0.1234,6.0000,4.4152,1.6234,23.3927,0.5447,25.3498,-23.1876,15.9572,-25.4214,15.6688,-25.5198,21.6778,-25.1946,32.6945,-23.9139,-9.3926,-2.2338,-9.6810,-2.3323,-3.6720,-2.0070,85,0.2000,85,0,0.9771,0.0196,0.0033,-0.2516,1.7142,0.3538,5.2640,2.8792,0.0000,1,0.1111,0.1503,8.8991,0.0001
9.1101,IMM-UKF,jink,0.500,10.00,0.150,1,0.600,1,7.6777,5.4565,-2.2212,1.0117,0.2507,0.1093,0.1223,6.0000,4.4152,1.6210,24.7289,0.5439,25.7065,-23.1133,15.9572,-25.4214,15.6688,-25.5198,21.8629,-25.2913,32.8166,-24.1965,-9.7493,-2.3081,-10.0377,-2.4065,-3.8436,-2.1780,85,0.2100,85,0,0.9771,0.0196,0.0033,-0.1552,1.8500,0.3370,5.2291,2.9422,0.0000,1,0.1111,0.1503,8.8991,0.0001
9.1201,IMM-UKF,jink,0.500,10.00,0.150,1,0.600,1,7.7085,5.4490,-2.2595,1.0396,0.2507,0.1093,0.1214,6.0000,4.4152,1.6259,26.0940,0.5427,26.0543,-23.0413,15.9572,-25.4214,15.6688,-25.5198,22.0395,-25.3979,32.9379,-24.4913,-10.0971,-2.3801,-10.3855,-2.4785,-4.0148,-2.3566,85,0.2200,85,0,0.9771,0.0196,0.0033,-0.0593,1.9842,0.3203,5.1934,3.0047,0.0000,1,0.1188,0.1428,8.8991,-0.0012
9.1301,IMM-UKF,jink,0.500,10.00,0.150,1,0.600,1,7.7383,5.4389,-2.2994,1.0685,0.2507,0.1093,0.1204,6.0000,4.4152,1.6307,27.4823,0.5414,26.3919,-22.9715,15.9572,-25.4214,15.6688,-25.5198,22.2077,-25.5146,33.0586,-24.7991,-10.4347,-2.4499,-10.7231,-2.5483,-4.1842,-2.5430,85,0.2300,85,0,0.9771,0.0196,0.0033,0.0361,2.1168,0.3038,5.1570,3.0668,0.0000,1,0.1188,0.1428,8.8991,-0.0012
9.1401,IMM-UKF,jink,0.500,10.00,0.150,1,0.600,1,7.7672,5.4262,-2.3410,1.0982,0.2507,0.1093,0.1196,6.0000,4.4152,1.6305,28.8914,0.5404,26.7187,-22.9040,15.9572,-25.4214,15.6688,-25.5198,22.3678,-25.6413,33.1789,-25.1206,-10.7615,-2.5174,-11.0499,-2.6158,-4.3509,-2.7373,85,0.2400,85,0,0.9771,0.0196,0.0033,0.1309,2.2478,0.2874,5.1198,3.1285,0.0000,1,0.1188,0.1428,8.8991,-0.0012
9.1501,IMM-UKF,jink,0.500,10.00,0.150,1,0.600,1,7.7952,5.4110,-2.3841,1.1289,0.2507,0.1093,0.1188,6.0000,4.4152,1.6274,30.3245,0.5395,27.0352,-22.8387,15.9572,-25.4214,15.6688,-25.5198,22.5200,-25.7784,33.2990,-25.4566,-11.0780,-2.5827,-11.3664,-2.6812,-4.5151,-2.9397,85,0.2500,85,0,0.9771,0.0196,0.0033,0.2252,2.3773,0.2712,5.0819,3.1897,0.0000,1,0.1188,0.1428,8.8991,-0.0012
9.1601,IMM-UKF,jink,0.500,10.00,0.150,1,0.600,1,7.8222,5.5046,-2.3175,0.9441,0.2524,0.1094,0.1161,6.0000,4.6076,1.4913,8.5975,0.5388,27.3423,-22.7755,21.1563,-24.0574,21.1851,-24.3081,26.4816,-23.9757,40.6643,-22.0760,-6.1859,-1.2819,-6.1572,-1.5326,-0.8607,-1.2003,86,0.1600,86,0,0.9683,0.0260,0.0057,0.3188,2.5053,0.2551,5.0433,3.2504,0.0000,1,0.1188,0.1428,9.0002,-0.0012
9.1701,IMM-UKF,jink,0.500,10.00,0.150,1,0.600,1,7.8482,5.4968,-2.3514,0.9673,0.2524,0.1094,0.1151,6.0000,4.6076,1.4909,9.2210,0.5382,27.6401,-22.7145,21.1563,-24.0574,21.1851,-24.3081,26.7684,-24.0316,40.9765,-22.2954,-6.4838,-1.3430,-6.4550,-1.5936,-0.8717,-1.3171,86,0.1700,86,0,0.9683,0.0260,0.0057,0.4118,2.6318,0.2393,5.0039,3.3107,0.0000,1,0.1188,0.1428,9.0002,-0.0012
9.1801,IMM-UKF,jink,0.500,10.00,0.150,1,0.600,1,7.8732,5.4865,-2.3867,0.9915,0.2524,0.1094,0.1140,6.0000,4.6076,1.4906,9.8794,0.5376,27.9289,-22.6556,21.1563,-24.0574,21.1851,-24.3081,27.0503,-24.0963,41.2966,-22.5250,-6.7726,-1.4018,-6.7438,-1.6525,-0.8786,-1.4407,86,0.1800,86,0,0.9683,0.0260,0.0057,0.5043,2.7568,0.2236,4.9638,3.3705,0.0000,1,0.1188,0.1428,9.0002,-0.0012
9.1901,IMM-UKF,jink,0.500,10.00,0.150,1,0.600,1,7.8973,5.4736,-2.4237,1.0165,0.2524,0.1094,0.1128,6.0000,4.6076,1.4903,10.5739,0.5372,28.2088,-22.5989,21.1563,-24.0574,21.1851,-24.3081,27.3276,-24.1700,41.6253,-22.7656,-7.0525,-1.4585,-7.0237,-1.7091,-0.8812,-1.5711,86,0.1900,86,0,0.9683,0.0260,0.0057,0.5961,2.8804,0.2081,4.9230,3.4299,0.0000,1,0.1188,0.1428,9.0002,-0.0012
9.2001,IMM-UKF,jink,0.500,10.00,0.150,1,0.600,1,7.9203,5.4582,-2.4621,1.0425,0.2524,0.1094,0.1115,6.0000,4.6076,1.4901,11.3063,0.5368,28.4800,-22.5444,21.1563,-24.0574,21.1851,-24.3081,27.6007,-24.2528,41.9632,-23.0176,-7.3237,-1.5130,-7.2949,-1.7637,-0.8793,-1.7084,86,0.2000,86,0,0.9683,0.0260,0.0057,0.6872,3.0025,0.1928,4.8815,3.4887,0.0000,1,0.1188,0.1428,9.0002,-0.0012
9.2101,IMM-UKF,jink,0.500,10.00,0.150,1,0.600,1,7.9424,5.4404,-2.5020,1.0693,0.2524,0.1094,0.1101,6.0000,4.6076,1.4899,12.0782,0.5365,28.7427,-22.4920,21.1563,-24.0574,21.1851,-24.3081,27.8702,-24.3447,42.3113,-23.2815,-7.5864,-1.5654,-7.5576,-1.8161,-0.8725,-1.8527,86,0.2100,86,0,0.9683,0.0260,0.0057,0.7777,3.1233,0.1778,4.8393,3.5470,0.0000,1,0.1188,0.1428,9.0002,-0.0012
9.2201,IMM-UKF,jink,0.500,10.00,0.150,1,0.600,1,7.9635,5.4202,-2.5433,1.0971,0.2524,0.1094,0.1086,6.0000,4.6076,1.4898,12.8914,0.5362,28.9970,-22.4417,21.1563,-24.0574,21.1851,-24.3081,28.1363,-24.4458,42.6704,-23.5581,-7.8407,-1.6157,-7.8119,-1.8664,-0.8607,-2.0041,86,0.2200,86,0,0.9683,0.0260,0.0057,0.8676,3.2427,0.1629,4.7964,3.6048,0.0000,1,0.1188,0.1428,9.0002,-0.0012
9.2301,IMM-UKF,jink,0.500,10.00,0.150,1,0.600,1,7.9836,5.3976,-2.5859,1.1257,0.2524,0.1094,0.1070,6.0000,4.6076,1.4898,13.7480,0.5361,29.2431,-22.3935,21.1563,-24.0574,21.1851,-24.3081,28.3996,-24.5564,43.0414,-23.8480,-8.0868,-1.6639,-8.0580,-1.9146,-0.8435,-2.1628,86,0.2300,86,0,0.9683,0.0260,0.0057,0.9568,3.3608,0.1482,4.7528,3.6621,0.0000,1,0.1188,0.1428,9.0002,-0.0012
9.2401,IMM-UKF,jink,0.500,10.00,0.150,1,0.600,1,8.0026,5.3727,-2.6299,1.1551,0.2524,0.1094,0.1054,6.0000,4.6076,1.4899,14.6500,0.5360,29.4812,-22.3475,21.1563,-24.0574,21.1851,-24.3081,28.6603,-24.6765,43.4253,-24.1519,-8.3248,-1.7100,-8.2961,-1.9606,-0.8208,-2.3290,86,0.2400,86,0,0.9683,0.0260,0.0057,1.0453,3.4776,0.1338,4.7085,3.7189,0.0000,1,0.0851,0.1452,9.0002,0.0016
9.2501,IMM-UKF,jink,0.500,10.00,0.150,1,0.600,1,8.0207,5.3456,-2.6751,1.1855,0.2524,0.1094,0.1037,6.0000,4.6076,1.4900,15.5996,0.5360,29.7113,-22.3035,21.1563,-24.0574,21.1851,-24.3081,28.9190,-24.8063,43.8233,-24.4704,-8.5550,-1.7539,-8.5262,-2.0046,-0.7923,-2.5028,86,0.2500,86,0,0.9683,0.0260,0.0057,1.1331,3.5931,0.1196,4.6635,3.7751,0.0000,1,0.0851,0.1452,9.0002,0.0016
9.2601,IMM-UKF,jink,0.500,10.00,0.150,1,0.600,1,8.0377,5.3161,-2.7216,1.2166,0.2524,0.1094,0.1019,6.0000,4.6076,1.4901,16.5993,0.5360,29.9336,-22.2617,21.1563,-24.0574,21.1851,-24.3081,29.1759,-24.9462,44.2366,-24.8045,-8.7773,-1.7957,-8.7485,-2.0464,-0.7577,-2.6845,86,0.2600,86,0,0.9683,0.0260,0.0057,1.2203,3.7073,0.1056,4.6179,3.8308,0.0000,1,0.0851,0.1452,9.0002,0.0016
9.2701,IMM-UKF,jink,0.500,10.00,0.150,1,0.600,1,8.0537,5.4784,-2.5753,0.9650,0.2519,0.1082,0.1005,6.0000,4.8518,1.9040,8.6013,0.5361,30.1483,-22.2220,26.0543,-23.0413,26.2166,-23.3215,31.3518,-23.1350,47.8549,-21.2243,-4.0940,-0.8193,-3.9317,-1.0995,1.2035,-0.9130,87,0.1500,87,0,0.9766,0.0203,0.0031,1.3067,3.8202,0.0918,4.5716,3.8859,0.0000,1,0.0851,0.1452,9.1189,0.0016
9.2801,IMM-UKF,jink,0.500,10.00,0.150,1,0.600,1,8.0687,5.4599,-2.6087,0.9872,0.2519,0.1082,0.0986,6.0000,4.8518,1.9049,9.4360,0.5363,30.3554,-22.1844,26.0543,-23.0413,26.2166,-23.3215,31.6773,-23.1842,48.3392,-21.4188,-4.3012,-0.8569,-4.1389,-1.1371,1.3218,-0.9998,87,0.1600,87,0,0.9766,0.0203,0.0031,1.3924,3.9319,0.0782,4.5246,3.9405,0.0000,1,0.0851,0.1452,9.1189,0.0016
9.2901,IMM-UKF,jink,0.500,10.00,0.150,1,0.600,1,8.0826,5.4392,-2.6434,1.0102,0.2519,0.1082,0.0965,6.0000,4.8518,1.9058,10.3217,0.5365,30.5552,-22.1489,26.0543,-23.0413,26.2166,-23.3215,32.0021,-23.2414,48.8409,-21.6228,-4.5009,-0.8924,-4.3386,-1.1726,1.4469,-1.0926,87,0.1700,87,0,0.9766,0.0203,0.0031,1.4774,4.0425,0.0648,4.4770,3.9945,0.0000,1,0.0851,0.1452,9.1189,0.0016
9.3001,IMM-UKF,jink,0.500,10.00,0.150,1,0.600,1,8.0955,5.4162,-2.6793,1.0342,0.2519,0.1082,0.0945,6.0000,4.8518,1.9067,11.2605,0.5368,30.7476,-22.1155,26.0543,-23.0413,26.2166,-23.3215,32.3266,-23.3068,49.3612,-21.8368,-4.6934,-0.9258,-4.5310,-1.2060,1.5790,-1.1914,87,0.1800,87,0,0.9766,0.0203,0.0031,1.5617,4.1518,0.0517,4.4288,4.0480,0.0000,1,0.0851,0.1452,9.1189,0.0016
9.3101,IMM-UKF,jink,0.500,10.00,0.150,1,0.600,1,8.1074,5.3910,-2.7164,1.0590,0.2519,0.1082,0.0923,6.0000,4.8518,1.9077,12.2541,0.5371,30.9329,-22.0842,26.0543,-23.0413,26.2166,-23.3215,32.6515,-23.3804,49.9014,-22.0612,-4.8786,-0.9571,-4.7163,-1.2373,1.7187,-1.2963,87,0.1900,87,0,0.9766,0.0203,0.0031,1.6452,4.2600,0.0388,4.3799,4.1008,0.0000,1,0.0851,0.1452,9.1189,0.0016
9.3201,IMM-UKF,jink,0.500,10.00,0.150,1,0.600,1,8.1182,5.3636,-2.7546,1.0847,0.2519,0.1082,0.0901,6.0000,4.8518,1.9086,13.3049,0.5375,31.1110,-22.0550,26.0543,-23.0413,26.2166,-23.3215,32.9772,-23.4624,50.4632,-22.2964,-5.0568,-0.9863,-4.8944,-1.2665,1.8662,-1.4074,87,0.2000,87,0,0.9766,0.0203,0.0031,1.7280,4.3671,0.0261,4.3303,4.1531,0.0000,1,0.0851,0.1452,9.1189,0.0016
9.3301,IMM-UKF,jink,0.500,10.00,0.150,1,0.600,1,8.1280,5.3340,-2.7939,1.1113,0.2519,0.1082,0.0879,6.0000,4.8518,1.9096,14.4149,0.5380,31.2822,-22.0279,26.0543,-23.0413,26.2166,-23.3215,33.3042,-23.5528,51.0480,-22.5429,-5.2280,-1.0134,-5.0656,-1.2936,2.0220,-1.5249,87,0.2100,87,0,0.9766,0.0203,0.0031,1.8101,4.4730,0.0136,4.2802,4.2047,0.0000,1,0.1097,0.1480,9.1189,0.0004
9.3401,IMM-UKF,jink,0.500,10.00,0.150,1,0.600,1,8.1367,5.3024,-2.8343,1.1387,0.2519,0.1082,0.0856,6.0000,4.8518,1.9107,15.5867,0.5385,31.4465,-22.0030,26.0543,-23.0413,26.2166,-23.3215,33.6331,-23.6519,51.6577,-22.8011,-5.3922,-1.0383,-5.2299,-1.3185,2.1866,-1.6489,87,0.2200,87,0,0.9766,0.0203,0.0031,1.8914,4.5779,0.0014,4.2294,4.2558,0.0000,1,0.1097,0.1480,9.1189,0.0004
9.3501,IMM-UKF,jink,0.500,10.00,0.150,1,0.600,1,8.1444,5.2687,-2.8757,1.1670,0.2519,0.1082,0.0832,6.0000,4.8518,1.9117,16.8230,0.5391,31.6040,-21.9802,26.0543,-23.0413,26.2166,-23.3215,33.9645,-23.7597,52.2941,-23.0714,-5.5497,-1.0611,-5.3874,-1.3414,2.3605,-1.7796,87,0.2300,87,0,0.9766,0.0203,0.0031,1.9719,4.6817,-0.0107,4.1781,4.3063,0.0000,1,0.1097,0.1480,9.1189,0.0004
9.3601,IMM-UKF,jink,0.500,10.00,0.150,1,0.600,1,8.1510,5.2330,-2.9180,1.1961,0.2519,0.1082,0.0810,6.0000,4.8518,1.9103,18.1227,0.5391,31.7556,-21.9595,26.0543,-23.0413,26.2166,-23.3215,34.2988,-23.8766,52.9593,-23.3545,-5.7014,-1.0818,-5.5391,-1.3621,2.5432,-1.9172,87,0.2400,87,0,0.9766,0.0203,0.0031,2.0517,4.7844,-0.0225,4.1261,4.3561,0.0000,1,0.1097,0.1480,9.1189,0.0004
9.3701,IMM-UKF,jink,0.500,10.00,0.150,1,0.600,1,8.1566,5.1953,-2.9613,1.2261,0.2519,0.1082,0.0788,6.0000,4.8518,1.9082,19.4913,0.5389,31.9009,-21.9409,26.0543,-23.0413,26.2166,-23.3215,34.6367,-24.0027,53.6555,-23.6507,-5.8467,-1.1004,-5.6844,-1.3806,2.7358,-2.0618,87,0.2500,87,0,0.9766,0.0203,0.0031,2.1307,4.8861,-0.0341,4.0735,4.4053,0.0000,1,0.1097,0.1480,9.1189,0.0004
9.3801,IMM-UKF,jink,0.500,10.00,0.150,1,0.600,1,8.1611,5.1557,-3.0054,1.2569,0.2519,0.1082,0.0767,6.0000,4.8518,1.9067,20.9343,0.5389,32.0394,-21.9245,26.0543,-23.0413,26.2166,-23.3215,34.9789,-24.1383,54.3852,-23.9606,-5.9851,-1.1168,-5.8228,-1.3970,2.9395,-2.2138,87,0.2600,87,0,0.9766,0.0203,0.0031,2.2089,4.9867,-0.0454,4.0204,4.4538,0.0000,1,0.1097,0.1480,9.1189,0.0004
9.3901,IMM-UKF,jink,0.500,10.00,0.150,1,0.600,1,8.1646,5.5002,-2.6644,0.9837,0.2525,0.1074,0.0741,6.0000,5.0330,2.9127,12.5396,0.5395,32.1704,-21.9103,29.4812,-22.3475,29.8397,-22.7026,34.2207,-22.8018,50.0101,-22.0094,-2.6893,-0.4371,-2.3307,-0.7923,2.0503,-0.8915,88,0.1500,88,0,0.9806,0.0168,0.0026,2.2863,5.0864,-0.0566,3.9666,4.5018,0.0000,1,0.1097,0.1480,9.2418,0.0004
9.4001,IMM-UKF,jink,0.500,10.00,0.150,1,0.600,1,8.1670,5.4732,-2.6939,1.0053,0.2525,0.1074,0.0721,6.0000,5.0330,2.9140,13.5446,0.5402,32.2950,-21.8983,29.4812,-22.3475,29.8397,-22.7026,34.5081,-22.8647,50.5471,-22.2354,-2.8139,-0.4492,-2.4553,-0.8043,2.2131,-0.9664,88,0.1600,88,0,0.9806,0.0168,0.0026,2.3629,5.1851,-0.0675,3.9123,4.5490,0.0000,1,0.1097,0.1480,9.2418,0.0004
9.4101,IMM-UKF,jink,0.500,10.00,0.150,1,0.600,1,8.1684,5.4441,-2.7243,1.0277,0.2525,0.1074,0.0700,6.0000,5.0330,2.9154,14.6043,0.5409,32.4133,-21.8884,29.4812,-22.3475,29.8397,-22.7026,34.7973,-22.9353,51.1074,-22.4727,-2.9321,-0.4591,-2.5735,-0.8142,2.3840,-1.0469,88,0.1700,88,0,0.9806,0.0168,0.0026,2.4387,5.2829,-0.0782,3.8575,4.5957,0.0000,1,0.1097,0.1480,9.2418,0.0004
9.4201,IMM-UKF,jink,0.500,10.00,0.150,1,0.600,1,8.1687,5.4130,-2.7557,1.0511,0.2525,0.1074,0.0679,6.0000,5.0330,2.9167,15.7211,0.5416,32.5252,-21.8807,29.4812,-22.3475,29.8397,-22.7026,35.0888,-23.0137,51.6927,-22.7217,-3.0440,-0.4668,-2.6854,-0.8219,2.5636,-1.1331,88,0.1800,88,0,0.9806,0.0168,0.0026,2.5138,5.3797,-0.0887,3.8020,4.6416,0.0000,1,0.1097,0.1480,9.2418,0.0004
9.4301,IMM-UKF,jink,0.500,10.00,0.150,1,0.600,1,8.1680,5.3799,-2.7880,1.0753,0.2525,0.1074,0.0657,6.0000,5.0330,2.9181,16.8975,0.5425,32.6309,-21.8752,29.4812,-22.3475,29.8397,-22.7026,35.3830,-23.1002,52.3049,-22.9829,-3.1497,-0.4723,-2.7911,-0.8274,2.7522,-1.2250,88,0.1900,88,0,0.9806,0.0168,0.0026,2.5880,5.4755,-0.0989,3.7461,4.6869,0.0000,1,0.1097,0.1480,9.2418,0.0004
9.4401,IMM-UKF,jink,0.500,10.00,0.150,1,0.600,1,8.1662,5.3449,-2.8212,1.1005,0.2525,0.1074,0.0636,6.0000,5.0330,2.9195,18.1360,0.5433,32.7304,-21.8720,29.4812,-22.3475,29.8397,-22.7026,35.6806,-23.1947,52.9460,-23.2568,-3.2492,-0.4755,-2.8907,-0.8307,2.9502,-1.3228,88,0.2000,88,0,0.9806,0.0168,0.0026,2.6614,5.5705,-0.1089,3.6895,4.7315,0.0000,1,0.1171,0.1591,9.2418,-0.0011
9.4501,IMM-UKF,jink,0.500,10.00,0.150,1,0.600,1,8.1633,5.3080,-2.8553,1.1265,0.2525,0.1074,0.0613,6.0000,5.0330,2.9209,19.4398,0.5443,32.8238,-21.8709,29.4812,-22.3475,29.8397,-22.7026,35.9821,-23.2976,53.6183,-23.5439,-3.3426,-0.4765,-2.9840,-0.8317,3.1583,-1.4267,88,0.2100,88,0,0.9806,0.0168,0.0026,2.7340,5.6646,-0.1187,3.6325,4.7754,0.0000,1,0.1171,0.1591,9.2418,-0.0011
9.4601,IMM-UKF,jink,0.500,10.00,0.150,1,0.600,1,8.1594,5.2693,-2.8901,1.1533,0.2525,0.1074,0.0590,6.0000,5.0330,2.9224,20.8115,0.5453,32.9110,-21.8722,29.4812,-22.3475,29.8397,-22.7026,36.2879,-23.4091,54.3242,-23.8447,-3.4299,-0.4753,-3.0713,-0.8304,3.3769,-1.5369,88,0.2200,88,0,0.9806,0.0168,0.0026,2.8057,5.7579,-0.1283,3.5749,4.8187,0.0000,1,0.1171,0.1591,9.2418,-0.0011
9.4701,IMM-UKF,jink,0.500,10.00,0.150,1,0.600,1,8.1544,5.2287,-2.9257,1.1811,0.2525,0.1074,0.0567,6.0000,5.0330,2.9239,22.2544,0.5463,32.9923,-21.8757,29.4812,-22.3475,29.8397,-22.7026,36.5988,-23.5292,55.0664,-24.1597,-3.5111,-0.4718,-3.1525,-0.8269,3.6065,-1.6535,88,0.2300,88,0,0.9806,0.0168,0.0026,2.8767,5.8502,-0.1376,3.5169,4.8612,0.0000,1,0.1171,0.1591,9.2418,-0.0011
9.4801,IMM-UKF,jink,0.500,10.00,0.150,1,0.600,1,8.1484,5.5668,-2.5816,0.9911,0.2517,0.1064,0.0551,6.0000,5.4582,2.7215,12.7864,0.5475,33.0675,-21.8815,31.2822,-22.0279,31.7722,-22.0385,35.3661,-22.0205,48.7453,-20.8569,-1.7853,-0.1464,-1.2953,-0.1570,2.2986,-0.1389,89,0.1500,89,0,0.9720,0.0228,0.0052,2.9468,5.9418,-0.1468,3.4583,4.9031,0.0000,1,0.1171,0.1591,9.3305,-0.0011
9.4901,IMM-UKF,jink,0.500,10.00,0.150,1,0.600,1,8.1413,5.5357,-2.6056,1.0126,0.2517,0.1064,0.0527,6.0000,5.4582,2.7226,13.7153,0.5486,33.1368,-21.8897,31.2822,-22.0279,31.7722,-22.0385,35.6005,-22.0661,49.2289,-21.0604,-1.8545,-0.1382,-1.3645,-0.1488,2.4638,-0.1764,89,0.1600,89,0,0.9720,0.0228,0.0052,3.0160,6.0325,-0.1557,3.3992,4.9442,0.0000,1,0.1171,0.1591,9.3305,-0.0011
9.5001,IMM-UKF,jink,0.500,10.00,0.150,1,0.600,1,8.1331,5.5027,-2.6304,1.0351,0.2517,0.1064,0.0516,6.0000,5.4582,2.6976,14.6688,0.5472,33.2048,-21.9002,31.2822,-22.0279,31.7722,-22.0385,35.8375,-22.1189,49.7355,-21.2751,-1.9226,-0.1277,-1.4325,-0.1383,2.6327,-0.2186,89,0.1700,89,0,0.9720,0.0228,0.0052,3.0844,6.1225,-0.1643,3.3396,4.9847,0.0000,1,0.1171,0.1591,9.3305,-0.0011
9.5101,IMM-UKF,jink,0.500,10.00,0.150,1,0.600,1,8.1239,5.4679,-2.6560,1.0584,0.2517,0.1064,0.0516,6.0000,5.4582,2.6465,15.6494,0.5466,33.2716,-21.9131,31.2822,-22.0279,31.7722,-22.0385,36.0774,-22.1787,50.2668,-21.5015,-1.9894,-0.1148,-1.4993,-0.1254,2.8059,-0.2655,89,0.1800,89,0,0.9720,0.0228,0.0052,3.1520,6.2116,-0.1728,3.2796,5.0244,0.0000,1,0.1171,0.1591,9.3305,-0.0011
9.5201,IMM-UKF,jink,0.500,10.00,0.150,1,0.600,1,8.1137,5.4312,-2.6825,1.0826,0.2517,0.1064,0.0515,6.0000,5.4582,2.5955,16.6861,0.5498,33.3324,-21.9286,31.2822,-22.0279,31.7722,-22.0385,36.3208,-22.2458,50.8248,-21.7402,-2.0502,-0.0993,-1.5602,-0.1099,2.9883,-0.3171,89,0.1900,89,0,0.9720,0.0228,0.0052,3.2187,6.3000,-0.1810,3.2190,5.0634,0.0000,1,0.1171,0.1591,9.3305,-0.0011
9.5301,IMM-UKF,jink,0.500,10.00,0.150,1,0.600,1,8.1023,5.3927,-2.7096,1.1077,0.2517,0.1064,0.0535,6.0000,5.4582,2.5887,17.8255,0.5505,33.3795,-21.9466,31.2822,-22.0279,31.7722,-22.0385,36.5681,-22.3203,51.4116,-21.9916,-2.0973,-0.0813,-1.6073,-0.0919,3.1885,-0.3737,89,0.2000,89,0,0.9720,0.0228,0.0052,3.2845,6.3877,-0.1890,3.1580,5.1016,0.0000,1,0.1171,0.1591,9.3305,-0.0011
9.5401,IMM-UKF,jink,0.500,10.00,0.150,1,0.600,1,8.0900,5.3525,-2.7375,1.1337,0.2517,0.1064,0.0558,6.0000,5.4582,2.5895,19.0340,0.5504,33.4194,-21.9670,31.2822,-22.0279,31.7722,-22.0385,36.8197,-22.4024,52.0296,-22.2565,-2.1372,-0.0609,-1.6471,-0.0715,3.4003,-0.4354,89,0.2100,89,0,0.9720,0.0228,0.0052,3.3495,6.4746,-0.1967,3.0966,5.1392,0.0000,1,0.1171,0.1591,9.3305,-0.0011
9.5501,IMM-UKF,jink,0.500,10.00,0.150,1,0.600,1,8.0766,5.3105,-2.7661,1.1606,0.2517,0.1064,0.0580,6.0000,5.4582,2.5902,20.3073,0.5504,33.4534,-21.9899,31.2822,-22.0279,31.7722,-22.0385,37.0763,-22.4923,52.6813,-22.5354,-2.1712,-0.0380,-1.6812,-0.0486,3.6229,-0.5023,89,0.2200,89,0,0.9720,0.0228,0.0052,3.4136,6.5608,-0.2043,3.0347,5.1760,0.0000,1,0.1171,0.1591,9.3305,-0.0011
9.5601,IMM-UKF,jink,0.500,10.00,0.150,1,0.600,1,8.0621,5.2669,-2.7952,1.1883,0.2517,0.1064,0.0602,6.0000,5.4582,2.5911,21.6489,0.5505,33.4816,-22.0154,31.2822,-22.0279,31.7722,-22.0385,37.3383,-22.5901,53.3695,-22.8288,-2.1994,-0.0126,-1.7094,-0.0232,3.8567,-0.5747,89,0.2300,89,0,0.9720,0.0228,0.0052,3.4769,6.6463,-0.2115,2.9724,5.2120,0.0000,1,0.0956,0.1579,9.3305,-0.0013
9.5701,IMM-UKF,jink,0.500,10.00,0.150,1,0.600,1,8.0466,5.2216,-2.8250,1.2170,0.2517,0.1064,0.0622,6.0000,5.4582,2.5919,23.0620,0.5506,33.5040,-22.0434,31.2822,-22.0279,31.7722,-22.0385,37.6064,-22.6961,54.0972,-23.1376,-2.2218,0.0155,-1.7318,0.0049,4.1024,-0.6528,89,0.2400,89,0,0.9720,0.0228,0.0052,3.5392,6.7311,-0.2186,2.9096,5.2473,0.0000,1,0.0956,0.1579,9.3305,-0.0013
9.5801,IMM-UKF,jink,0.500,10.00,0.150,1,0.600,1,8.0300,5.1747,-2.8554,1.2464,0.2517,0.1064,0.0643,6.0000,5.4582,2.5927,24.5503,0.5507,33.5206,-22.0740,31.2822,-22.0279,31.7722,-22.0385,37.8812,-22.8106,54.8677,-23.4622,-2.2384,0.0461,-1.7483,0.0355,4.3606,-0.7366,89,0.2500,89,0,0.9720,0.0228,0.0052,3.6007,6.8152,-0.2254,2.8464,5.2818,0.0000,1,0.0956,0.1579,9.3305,-0.0013
9.5901,IMM-UKF,jink,0.500,10.00,0.150,1,0.600,1,8.0125,5.1262,-2.8862,1.2767,0.2517,0.1064,0.0662,6.0000,5.4582,2.5936,26.1179,0.5510,33.5314,-22.1073,31.2822,-22.0279,31.7722,-22.0385,38.1632,-22.9338,55.6847,-23.8033,-2.2492,0.0794,-1.7591,0.0688,4.6319,-0.8266,89,0.2600,89,0,0.9720,0.0228,0.0052,3.6612,6.8987,-0.2320,2.7829,5.3156,0.0000,1,0.0956,0.1579,9.3305,-0.0013
9.6001,IMM-UKF,jink,0.500,10.00,0.150,1,0.600,1,7.9938,5.5799,-2.4139,1.0378,0.2505,0.1053,0.0693,6.0000,5.8809,1.4319,10.2324,0.5513,33.5364,-22.1433,32.7304,-21.8720,32.9487,-22.0260,35.3024,-22.6511,43.8148,-24.8749,-0.8059,0.2713,-0.5876,0.1172,1.7661,-0.5079,90,0.1600,90,0,0.9690,0.0264,0.0046,3.7209,6.9816,-0.2383,2.7189,5.3486,0.0000,1,0.0956,0.1579,9.4390,-0.0013
9.6101,IMM-UKF,jink,0.500,10.00,0.150,1,0.600,1,7.9742,5.5439,-2.4303,1.0604,0.2505,0.1053,0.0711,6.0000,5.8809,1.4329,11.0747,0.5516,33.5355,-22.1820,32.7304,-21.8720,32.9487,-22.0260,35.4412,-22.7509,44.1620,-25.2314,-0.8051,0.3100,-0.5868,0.1559,1.9057,-0.5689,90,0.1700,90,0,0.9690,0.0264,0.0046,3.7797,7.0638,-0.2443,2.6545,5.3809,0.0000,1,0.0956,0.1579,9.4390,-0.0013
9.6201,IMM-UKF,jink,0.500,10.00,0.150,1,0.600,1,7.9535,5.5061,-2.4474,1.0838,0.2505,0.1053,0.0729,6.0000,5.8809,1.4339,11.9720,0.5520,33.5289,-22.2235,32.7304,-21.8720,32.9487,-22.0260,35.5828,-22.8586,44.5304,-25.6073,-0.7985,0.3515,-0.5802,0.1974,2.0539,-0.6351,90,0.1800,90,0,0.9690,0.0264,0.0046,3.8375,7.1454,-0.2502,2.5897,5.4123,0.0000,1,0.0956,0.1579,9.4390,-0.0013
9.6301,IMM-UKF,jink,0.500,10.00,0.150,1,0.600,1,7.9318,5.4667,-2.4651,1.1082,0.2505,0.1053,0.0746,6.0000,5.8809,1.4350,12.9266,0.5525,33.5164,-22.2678,32.7304,-21.8720,32.9487,-22.0260,35.7276,-22.9743,44.9219,-26.0038,-0.7860,0.3959,-0.5677,0.2418,2.2112,-0.7065,90,0.1900,90,0,0.9690,0.0264,0.0046,3.8945,7.2264,-0.2557,2.5246,5.4430,0.0000,1,0.0956,0.1579,9.4390,-0.0013
9.6401,IMM-UKF,jink,0.500,10.00,0.150,1,0.600,1,7.9090,5.4257,-2.4833,1.1334,0.2505,0.1053,0.0762,6.0000,5.8809,1.4361,13.9412,0.5530,33.4982,-22.3151,32.7304,-21.8720,32.9487,-22.0260,35.8760,-23.0984,45.3387,-26.4222,-0.7677,0.4431,-0.5494,0.2890,2.3779,-0.7833,90,0.2000,90,0,0.9690,0.0264,0.0046,3.9505,7.3069,-0.2610,2.4591,5.4729,0.0000,1,0.0956,0.1579,9.4390,-0.0013
9.6501,IMM-UKF,jink,0.500,10.00,0.150,1,0.600,1,7.8852,5.3831,-2.5021,1.1595,0.2505,0.1053,0.0778,6.0000,5.8809,1.4373,15.0184,0.5536,33.4740,-22.3653,32.7304,-21.8720,32.9487,-22.0260,36.0285,-23.2311,45.7830,-26.8637,-0.7436,0.4933,-0.5253,0.3392,2.5544,-0.8658,90,0.2100,90,0,0.9690,0.0264,0.0046,4.0056,7.3868,-0.2660,2.3933,5.5020,0.0000,1,0.0956,0.1579,9.4390,-0.0013
9.6601,IMM-UKF,jink,0.500,10.00,0.150,1,0.600,1,7.8605,5.3390,-2.5214,1.1865,0.2505,0.1053,0.0796,6.0000,5.8809,1.4356,16.1573,0.5547,33.4447,-22.4185,32.7304,-21.8720,32.9487,-22.0260,36.1854,-23.3727,46.2576,-27.3297,-0.7143,0.5465,-0.4960,0.3924,2.7406,-0.9542,90,0.2200,90,0,0.9690,0.0264,0.0046,4.0597,7.4661,-0.2708,2.3271,5.5304,0.0000,1,0.1089,0.1446,9.4390,0.0014
9.6701,IMM-UKF,jink,0.500,10.00,0.150,1,0.600,1,7.8347,5.2934,-2.5413,1.2143,0.2505,0.1053,0.0813,6.0000,5.8809,1.4327,17.3634,0.5559,33.4098,-22.4747,32.7304,-21.8720,32.9487,-22.0260,36.3473,-23.5234,46.7654,-27.8217,-0.6794,0.6028,-0.4611,0.4487,2.9374,-1.0487,90,0.2300,90,0,0.9690,0.0264,0.0046,4.1130,7.5449,-0.2753,2.2605,5.5579,0.0000,1,0.1089,0.1446,9.4390,0.0014
9.6801,IMM-UKF,jink,0.500,10.00,0.150,1,0.600,1,7.8079,5.2464,-2.5615,1.2430,0.2505,0.1053,0.0829,6.0000,5.8809,1.4298,18.6411,0.5572,33.3690,-22.5342,32.7304,-21.8720,32.9487,-22.0260,36.5146,-23.6838,47.3097,-28.3413,-0.6386,0.6622,-0.4202,0.5081,3.1456,-1.1496,90,0.2400,90,0,0.9690,0.0264,0.0046,4.1652,7.6231,-0.2794,2.1937,5.5846,0.0000,1,0.1089,0.1446,9.4390,0.0014
9.6901,IMM-UKF,jink,0.500,10.00,0.150,1,0.600,1,7.7801,5.1979,-2.5822,1.2726,0.2505,0.1053,0.0846,6.0000,5.8809,1.4280,19.9954,0.5583,33.3219,-22.5968,32.7304,-21.8720,32.9487,-22.0260,36.6879,-23.8540,47.8941,-28.8901,-0.5915,0.7248,-0.3732,0.5708,3.3660,-1.2572,90,0.2500,90,0,0.9690,0.0264,0.0046,4.2166,7.7009,-0.2833,2.1265,5.6105,0.0000,1,0.1089,0.1446,9.4390,0.0014
9.7001,IMM-UKF,jink,0.500,10.00,0.150,1,0.600,1,7.7512,5.1480,-2.6032,1.3029,0.2505,0.1053,0.0864,6.0000,5.8809,1.4291,21.4319,0.5590,33.2682,-22.6627,32.7304,-21.8720,32.9487,-22.0260,36.8678,-24.0345,48.5227,-29.4698,-0.5378,0.7908,-0.3194,0.6367,3.5996,-1.3718,90,0.2600,90,0,0.9690,0.0264,0.0046,4.2669,7.7781,-0.2869,2.0590,5.6356,0.0000,1,0.1089,0.1446,9.4390,0.0014
9.7101,IMM-UKF,jink,0.500,10.00,0.150,1,0.600,1,7.7215,5.0968,-2.6246,1.3341,0.2505,0.1053,0.0881,6.0000,5.8809,1.4303,22.9513,0.5598,33.2084,-22.7320,32.7304,-21.8720,32.9487,-22.0260,37.0549,-24.2258,49.2000,-30.0822,-0.4780,0.8600,-0.2597,0.7059,3.8465,-1.4938,90,0.2700,90,0,0.9690,0.0264,0.0046,4.3163,7.8549,-0.2902,1.9912,5.6599,0.0000,1,0.1089,0.1446,9.4390,0.0014
9.7201,IMM-UKF,jink,0.500,10.00,0.150,1,0.600,1,7.6907,5.5100,-2.1807,1.0492,0.2498,0.1043,0.0905,6.0000,6.4292,1.7157,11.0527,0.5606,33.1426,-22.8047,33.4816,-22.0154,33.7747,-22.1080,35.1140,-23.1467,40.3820,-27.4495,0.3390,0.7893,0.6321,0.6967,1.9714,-0.3420,91,0.1600,91,0,0.9752,0.0216,0.0032,4.3648,7.9312,-0.2931,1.9232,5.6834,0.0000,1,0.1089,0.1446,9.5588,0.0014
9.7301,IMM-UKF,jink,0.500,10.00,0.150,1,0.600,1,7.6589,5.4705,-2.1884,1.0717,0.2498,0.1043,0.0922,6.0000,6.4292,1.7168,11.9726,0.5615,33.0706,-22.8809,33.4816,-22.0154,33.7747,-22.1080,35.2028,-23.2739,40.6604,-27.9122,0.4110,0.8655,0.7041,0.7729,2.1322,-0.3930,91,0.1700,91,0,0.9752,0.0216,0.0032,4.4122,8.0070,-0.2957,1.8548,5.7061,0.0000,1,0.1089,0.1446,9.5588,0.0014
9.7401,IMM-UKF,jink,0.500,10.00,0.150,1,0.600,1,7.6262,5.4296,-2.1965,1.0951,0.2498,0.1043,0.0937,6.0000,6.4292,1.7180,12.9521,0.5624,32.9925,-22.9607,33.4816,-22.0154,33.7747,-22.1080,35.2954,-23.4099,40.9611,-28.4013,0.4891,0.9454,0.7822,0.8527,2.3030,-0.4491,91,0.1800,91,0,0.9752,0.0216,0.0032,4.4587,8.0824,-0.2979,1.7862,5.7279,0.0000,1,0.1089,0.1446,9.5588,0.0014
9.7501,IMM-UKF,jink,0.500,10.00,0.150,1,0.600,1,7.5925,5.3873,-2.2051,1.1194,0.2498,0.1043,0.0952,6.0000,6.4292,1.7191,13.9943,0.5633,32.9080,-23.0442,33.4816,-22.0154,33.7747,-22.1080,35.3923,-23.5549,41.2863,-28.9185,0.5736,1.0289,0.8666,0.9362,2.4842,-0.5106,91,0.1900,91,0,0.9752,0.0216,0.0032,4.5041,8.1574,-0.2997,1.7174,5.7490,0.0000,1,0.1089,0.1446,9.5588,0.0014
9.7601,IMM-UKF,jink,0.500,10.00,0.150,1,0.600,1,7.5578,5.3437,-2.2141,1.1445,0.2498,0.1043,0.0967,6.0000,6.4292,1.7203,15.1019,0.5644,32.8173,-23.1315,33.4816,-22.0154,33.7747,-22.1080,35.4937,-23.7092,41.6385,-29.4657,0.6643,1.1162,0.9573,1.0236,2.6764,-0.5777,91,0.2000,91,0,0.9752,0.0216,0.0032,4.5486,8.2319,-0.3012,1.6483,5.7692,0.0000,1,0.1089,0.1446,9.5588,0.0014
9.7701,IMM-UKF,jink,0.500,10.00,0.150,1,0.600,1,7.5222,5.2987,-2.2235,1.1705,0.2498,0.1043,0.0981,6.0000,6.4292,1.7215,16.2782,0.5654,32.7203,-23.2228,33.4816,-22.0154,33.7747,-22.1080,35.6002,-23.8734,42.0205,-30.0449,0.7613,1.2074,1.0544,1.1148,2.8800,-0.6507,91,0.2100,91,0,0.9752,0.0216,0.0032,4.5920,8.3061,-0.3022,1.5789,5.7885,0.0000,1,0.1115,0.1557,9.5588,0.0004
9.7801,IMM-UKF,jink,0.500,10.00,0.150,1,0.600,1,7.4856,5.2524,-2.2332,1.1974,0.2498,0.1043,0.0994,6.0000,6.4292,1.7228,17.5268,0.5666,32.6167,-23.3180,33.4816,-22.0154,33.7747,-22.1080,35.7124,-24.0478,42.4355,-30.6583,0.8649,1.3026,1.1579,1.2100,3.0956,-0.7299,91,0.2200,91,0,0.9752,0.0216,0.0032,4.6344,8.3798,-0.3027,1.5094,5.8071,0.0000,1,0.1115,0.1557,9.5588,0.0004
9.7901,IMM-UKF,jink,0.500,10.00,0.150,1,0.600,1,7.4481,5.2049,-2.2432,1.2252,0.2498,0.1043,0.1007,6.0000,6.4292,1.7241,18.8513,0.5678,32.5067,-23.4173,33.4816,-22.0154,33.7747,-22.1080,35.8306,-24.2330,42.8870,-31.3082,0.9749,1.4020,1.2680,1.3094,3.3240,-0.8157,91,0.2300,91,0,0.9752,0.0216,0.0032,4.6758,8.4532,-0.3028,1.4396,5.8247,0.0000,1,0.1115,0.1557,9.5588,0.0004
9.8001,IMM-UKF,jink,0.500,10.00,0.150,1,0.600,1,7.4097,5.1562,-2.2535,1.2538,0.2498,0.1043,0.1020,6.0000,6.4292,1.7254,20.2557,0.5690,32.3900,-23.5210,33.4816,-22.0154,33.7747,-22.1080,35.9556,-24.4294,43.3791,-31.9971,1.0916,1.5056,1.3847,1.4130,3.5656,-0.9085,91,0.2400,91,0,0.9752,0.0216,0.0032,4.7161,8.5261,-0.3023,1.3696,5.8416,0.0000,1,0.1115,0.1557,9.5588,0.0004
9.8101,IMM-UKF,jink,0.500,10.00,0.150,1,0.600,1,7.3703,5.3139,-2.0564,1.0177,0.2497,0.1037,0.1033,6.0000,6.6655,2.3864,11.7902,0.5702,32.2667,-23.6290,33.4447,-22.4185,33.8707,-22.3509,34.4165,-23.5971,36.6459,-29.8024,1.1781,1.2105,1.6040,1.2780,2.1499,0.0319,92,0.1500,92,0,0.9744,0.0217,0.0039,4.7554,8.5987,-0.3013,1.2994,5.8576,0.0000,1,0.1115,0.1557,9.6615,0.0004
9.8201,IMM-UKF,jink,0.500,10.00,0.150,1,0.600,1,7.3301,5.2714,-2.0586,1.0388,0.2497,0.1037,0.1044,6.0000,6.6655,2.3871,12.7536,0.5715,32.1365,-23.7415,33.4447,-22.4185,33.8707,-22.3509,34.4645,-23.7452,36.8599,-30.4003,1.3082,1.3230,1.7342,1.3906,2.3280,-0.0037,92,0.1600,92,0,0.9744,0.0217,0.0039,4.7936,8.6710,-0.2996,1.2290,5.8728,0.0000,1,0.1115,0.1557,9.6615,0.0004
9.8301,IMM-UKF,jink,0.500,10.00,0.150,1,0.600,1,7.2889,5.2277,-2.0612,1.0608,0.2497,0.1037,0.1055,6.0000,6.6655,2.3879,13.7813,0.5729,31.9994,-23.8587,33.4447,-22.4185,33.8707,-22.3509,34.5170,-23.9038,37.0983,-31.0371,1.4453,1.4402,1.8713,1.5077,2.5176,-0.0451,92,0.1700,92,0,0.9744,0.0217,0.0039,4.8308,8.7429,-0.2972,1.1584,5.8871,0.0000,1,0.1115,0.1557,9.6615,0.0004
9.8401,IMM-UKF,jink,0.500,10.00,0.150,1,0.600,1,7.2469,5.1828,-2.0641,1.0837,0.2497,0.1037,0.1066,6.0000,6.6655,2.3886,14.8768,0.5743,31.8554,-23.9807,33.4447,-22.4185,33.8707,-22.3509,34.5746,-24.0735,37.3639,-31.7162,1.5894,1.5622,2.0153,1.6298,2.7192,-0.0928,92,0.1800,92,0,0.9744,0.0217,0.0039,4.8668,8.8145,-0.2940,1.0877,5.9006,0.0000,1,0.1115,0.1557,9.6615,0.0004
9.8501,IMM-UKF,jink,0.500,10.00,0.150,1,0.600,1,7.2040,5.1367,-2.0673,1.1075,0.2497,0.1037,0.1076,6.0000,6.6655,2.3893,16.0444,0.5757,31.7042,-24.1077,33.4447,-22.4185,33.8707,-22.3509,34.6376,-24.2549,37.6599,-32.4414,1.7406,1.6893,2.1665,1.7568,2.9334,-0.1472,92,0.1900,92,0,0.9744,0.0217,0.0039,4.9018,8.8857,-0.2900,1.0168,5.9132,0.0000,1,0.1115,0.1557,9.6615,0.0004
9.8601,IMM-UKF,jink,0.500,10.00,0.150,1,0.600,1,7.1602,5.0895,-2.0707,1.1321,0.2497,0.1037,0.1086,6.0000,6.6655,2.3901,17.2881,0.5772,31.5458,-24.2400,33.4447,-22.4185,33.8707,-22.3509,34.7068,-24.4491,37.9900,-33.2168,1.8990,1.8215,2.3249,1.8891,3.1610,-0.2091,92,0.2000,92,0,0.9744,0.0217,0.0039,4.9356,8.9567,-0.2849,0.9458,5.9250,0.0000,1,0.1115,0.1557,9.6615,0.0004
9.8701,IMM-UKF,jink,0.500,10.00,0.150,1,0.600,1,7.1156,5.0413,-2.0743,1.1577,0.2497,0.1037,0.1095,6.0000,6.6655,2.3908,18.6127,0.5787,31.3799,-24.3777,33.4447,-22.4185,33.8707,-22.3509,34.7825,-24.6569,38.3583,-34.0474,2.0648,1.9592,2.4908,2.0268,3.4026,-0.2792,92,0.2100,92,0,0.9744,0.0217,0.0039,4.9683,9.0273,-0.2786,0.8746,5.9359,0.0000,1,0.1115,0.1557,9.6615,0.0004
9.8801,IMM-UKF,jink,0.500,10.00,0.150,1,0.600,1,7.0701,4.9922,-2.0780,1.1841,0.2497,0.1037,0.1104,6.0000,6.6655,2.3916,20.0232,0.5802,31.2066,-24.5210,33.4447,-22.4185,33.8707,-22.3509,34.8655,-24.8797,38.7696,-34.9388,2.2382,2.1025,2.6641,2.1701,3.6589,-0.3587,92,0.2200,92,0,0.9744,0.0217,0.0039,4.9999,9.0975,-0.2709,0.8033,5.9460,0.0000,1,0.1115,0.1557,9.6615,0.0004
9.8901,IMM-UKF,jink,0.500,10.00,0.150,1,0.600,1,7.0239,4.9422,-2.0817,1.2114,0.2497,0.1037,0.1112,6.0000,6.6655,2.3923,21.5256,0.5818,31.0256,-24.6702,33.4447,-22.4185,33.8707,-22.3509,34.9564,-25.1190,39.2293,-35.8979,2.4192,2.2518,2.8451,2.3193,3.9308,-0.4488,92,0.2300,92,0,0.9744,0.0217,0.0039,5.0303,9.1675,-0.2614,0.7319,5.9552,0.0000,1,0.1086,0.1476,9.6615,-0.0001
9.9001,IMM-UKF,jink,0.500,10.00,0.150,1,0.600,1,6.9768,4.8914,-2.0854,1.2395,0.2497,0.1037,0.1120,6.0000,6.6655,2.3931,23.1267,0.5834,30.8367,-24.8257,33.4447,-22.4185,33.8707,-22.3509,35.0559,-25.3770,39.7436,-36.9329,2.6080,2.4073,3.0340,2.4748,4.2192,-0.5513,92,0.2400,92,0,0.9744,0.0217,0.0039,5.0594,9.2370,-0.2497,0.6604,5.9635,0.0000,1,0.1086,0.1476,9.6615,-0.0001
9.9101,IMM-UKF,jink,0.500,10.00,0.150,1,0.600,1,6.9290,4.8401,-2.0889,1.2685,0.2497,0.1037,0.1128,6.0000,6.6655,2.3939,24.8344,0.5850,30.6399,-24.9878,33.4447,-22.4185,33.8707,-22.3509,35.1647,-25.6567,40.3195,-38.0546,2.8049,2.5693,3.2308,2.6369,4.5248,-0.6689,92,0.2500,92,0,0.9744,0.0217,0.0039,5.0874,9.3062,-0.2352,0.5888,5.9710,0.0000,1,0.1086,0.1476,9.6615,-0.0001
9.9201,IMM-UKF,jink,0.500,10.00,0.150,1,0.600,1,6.8805,4.7885,-2.0919,1.2983,0.2497,0.1037,0.1135,6.0000,6.6655,2.3947,26.6588,0.5866,30.4349,-25.1569,33.4447,-22.4185,33.8707,-22.3509,35.2836,-25.9624,40.9646,-39.2777,3.0099,2.7385,3.4358,2.8060,4.8487,-0.8055,92,0.2600,92,0,0.9744,0.0217,0.0039,5.1139,9.3748,-0.2167,0.5171,5.9777,0.0000,1,0.1086,0.1476,9.6615,-0.0001
9.9301,IMM-UKF,jink,0.500,10.00,0.150,1,0.600,1,6.8312,4.8385,-1.9927,1.0071,0.2490,0.1029,0.1148,6.0000,6.7075,1.4663,11.7111,0.5883,30.2215,-25.3337,32.7203,-23.2228,32.8990,-23.3982,32.2385,-26.0591,26.0193,-41.3287,2.4987,2.1109,2.6775,1.9355,2.0170,-0.7254,93,0.1600,93,0,0.9727,0.0233,0.0040,5.1391,9.4426,-0.1924,0.4453,5.9835,0.0000,1,0.1086,0.1476,9.7705,-0.0001
9.9401,IMM-UKF,jink,0.500,10.00,0.150,1,0.600,1,6.7814,4.7927,-1.9887,1.0287,0.2490,0.1029,0.1155,6.0000,6.7075,1.4683,12.9415,0.5899,29.9996,-25.5190,32.7203,-23.2228,32.8990,-23.3982,32.2075,-26.3758,25.9163,-42.7199,2.7207,2.2962,2.8995,2.1207,2.2080,-0.8568,93,0.1700,93,0,0.9727,0.0233,0.0040,5.1623,9.5088,-0.1585,0.3735,5.9884,0.0000,1,0.1086,0.1476,9.7705,-0.0001
9.9501,IMM-UKF,jink,0.500,10.00,0.150,1,0.600,1,6.7311,4.7485,-1.9826,1.0513,0.2490,0.1029,0.1161,6.0000,6.7075,1.4702,14.3431,0.5915,29.7688,-25.7142,32.7203,-23.2228,32.8990,-23.3982,32.1807,-26.7444,25.8257,-44.3145,2.9515,2.4915,3.1302,2.3160,2.4120,-1.0302,93,0.1800,93,0,0.9727,0.0233,0.0040,5.1825,9.5707,-0.1058,0.3016,5.9924,0.0000,1,0.1086,0.1476,9.7705,-0.0001
9.9601,IMM-UKF,jink,0.500,10.00,0.150,1,0.600,1,6.6807,4.7122,-1.9685,1.0746,0.2490,0.1029,0.1167,6.0000,6.7075,1.4722,16.0314,0.5930,29.5287,-25.9227,32.7203,-23.2228,32.8990,-23.3982,32.1514,-27.2149,25.7394,-46.2075,3.1915,2.6999,3.3703,2.5244,2.6227,-1.2922,93,0.1900,93,0,0.9727,0.0233,0.0040,5.1917,9.6106,-0.0034,0.2297,5.9956,0.0000,1,0.1086,0.1476,9.7705,-0.0001
9.9701,IMM-UKF,jink,0.500,10.00,0.150,1,0.600,1,6.6325,4.7187,-1.9138,1.0988,0.2490,0.1029,0.1172,6.0000,6.7075,1.4739,17.2911,0.5942,29.2774,-26.1422,32.7203,-23.2228,32.8990,-23.3982,32.0470,-27.6389,25.5479,-46.7652,3.4429,2.9194,3.6217,2.7440,2.7696,-1.4967,93,0.2000,93,0,0.9727,0.0233,0.0040,5.1174,9.4640,0.1679,0.1577,5.9979,0.0000,1,0.1086,0.1476,9.7705,-0.0001
9.9801,IMM-UKF,jink,0.500,10.00,0.150,1,0.600,1,6.5866,4.7337,-1.8529,1.1243,0.2490,0.1029,0.1177,6.0000,6.7075,1.4756,17.5040,0.5953,29.0137,-26.3616,32.7203,-23.2228,32.8990,-23.3982,31.9014,-27.7525,25.2988,-45.6617,3.7066,3.1388,3.8853,2.9634,2.8877,-1.3909,93,0.2100,93,0,0.9727,0.0233,0.0040,5.0139,9.2462,0.2336,0.0857,5.9994,0.0000,1,0.1086,0.1476,9.7705,-0.0001
9.9901,IMM-UKF,jink,0.500,10.00,0.150,1,0.600,1,6.5430,4.7516,-1.7914,1.1508,0.2490,0.1029,0.1182,6.0000,6.7075,1.4771,17.5279,0.5963,28.7375,-26.5779,32.7203,-23.2228,32.8990,-23.3982,31.7429,-27.7708,25.0542,-44.2670,3.9827,3.3551,4.1615,3.1796,3.0053,-1.1929,93,0.2200,93,0,0.9727,0.0233,0.0040,4.9088,9.0219,0.2679,0.0137,6.0000,0.0000,1,0.1086,0.1476,9.7705,-0.0001
10.0001,IMM-UKF,jink,0.500,10.00,0.150,1,0.600,1,6.5016,4.7730,-1.7286,1.1782,0.2490,0.1029,0.1186,6.0000,6.7075,1.4786,17.5658,0.5971,28.4488,-26.7896,32.7203,-23.2228,32.8990,-23.3982,31.5737,-27.7342,24.8177,-42.7900,4.2714,3.5669,4.4502,3.3914,3.1249,-0.9445,93,0.2300,93,0,0.9727,0.0233,0.0040,4.8042,8.7958,0.2888,-0.0583,5.9997,0.0000,1,0.0841,0.1452,9.7705,-0.0009
10.0101,IMM-UKF,jink,0.500,10.00,0.150,1,0.600,1,6.4624,4.7983,-1.6641,1.2066,0.2490,0.1029,0.1190,6.0000,6.7075,1.4800,17.7167,0.5978,28.1475,-26.9960,32.7203,-23.2228,32.8990,-23.3982,31.3945,-27.6552,24.5890,-41.2932,4.5728,3.7732,4.7515,3.5977,3.2470,-0.6593,93,0.2400,93,0,0.9727,0.0233,0.0040,4.7004,8.5688,0.3022,-0.1302,5.9986,0.0000,1,0.0841,0.1452,9.7705,-0.0009
10.0201,IMM-UKF,jink,0.500,10.00,0.150,1,0.600,1,6.4254,4.8276,-1.5978,1.2359,0.2490,0.1029,0.1194,6.0000,6.7075,1.4813,18.0485,0.5984,27.8335,-27.1961,32.7203,-23.2228,32.8990,-23.3982,31.2056,-27.5397,24.3668,-39.8038,4.8868,3.9733,5.0655,3.7978,3.3721,-0.3436,93,0.2500,93,0,0.9727,0.0233,0.0040,4.5976,8.3410,0.3108,-0.2022,5.9966,0.0000,1,0.0841,0.1452,9.7705,-0.0009
10.0301,IMM-UKF,jink,0.500,10.00,0.150,1,0.600,1,6.3906,4.8611,-1.5295,1.2661,0.2490,0.1029,0.1198,6.0000,6.7075,1.4826,18.6112,0.5990,27.5069,-27.3894,32.7203,-23.2228,32.8990,-23.3982,31.0074,-27.3908,24.1504,-38.3367,5.2134,4.1666,5.3921,3.9911,3.5005,-0.0014,93,0.2600,93,0,0.9727,0.0233,0.0040,4.4960,8.1127,0.3159,-0.2742,5.9937,0.0000,1,0.0841,0.1452,9.7705,-0.0009
10.0401,IMM-UKF,jink,0.500,10.00,0.150,1,0.600,1,6.3578,4.7191,-1.6387,0.9073,0.2481,0.1029,0.1209,6.0000,7.0041,0.0565,10.7250,0.5994,27.1677,-27.5753,31.0256,-24.6702,31.0130,-24.6711,28.5821,-26.3017,15.4706,-33.0406,3.8579,2.9050,3.8453,2.9042,1.4144,1.2735,94,0.1500,94,0,0.9768,0.0202,0.0030,4.3954,7.8838,0.3185,-0.3461,5.9900,0.0000,1,0.0841,0.1452,9.8900,-0.0009
10.0501,IMM-UKF,jink,0.500,10.00,0.150,1,0.600,1,6.3272,4.7356,-1.5916,0.9279,0.2481,0.1029,0.1212,6.0000,7.0041,0.0557,12.3022,0.5997,26.8160,-27.7533,31.0256,-24.6702,31.0130,-24.6711,28.3358,-26.2071,15.5320,-31.9030,4.2096,3.0831,4.1971,3.0822,1.5198,1.5462,94,0.1600,94,0,0.9768,0.0202,0.0030,4.2961,7.6544,0.3189,-0.4179,5.9854,0.0000,1,0.0841,0.1452,9.8900,-0.0009
10.0601,IMM-UKF,jink,0.500,10.00,0.150,1,0.600,1,6.2987,4.7565,-1.5422,0.9495,0.2481,0.1029,0.1215,6.0000,7.0041,0.0547,14.0337,0.6000,26.4518,-27.9230,31.0256,-24.6702,31.0130,-24.6711,28.0831,-26.0833,15.5851,-30.7843,4.5738,3.2527,4.5613,3.2519,1.6313,1.8396,94,0.1700,94,0,0.9768,0.0202,0.0030,4.1979,7.4245,0.3176,-0.4897,5.9800,0.0000,1,0.0841,0.1452,9.8900,-0.0009
10.0701,IMM-UKF,jink,0.500,10.00,0.150,1,0.600,1,6.2724,4.7819,-1.4905,0.9721,0.2481,0.1029,0.1218,6.0000,7.0041,0.0538,15.9099,0.6003,26.0752,-28.0838,31.0256,-24.6702,31.0130,-24.6711,27.8243,-25.9311,15.6295,-29.6878,4.9503,3.4136,4.9378,3.4127,1.7491,2.1527,94,0.1800,94,0,0.9768,0.0202,0.0030,4.1011,7.1940,0.3149,-0.5614,5.9737,0.0000,1,0.0841,0.1452,9.8900,-0.0009
10.0801,IMM-UKF,jink,0.500,10.00,0.150,1,0.600,1,6.2481,4.8117,-1.4364,0.9956,0.2481,0.1029,0.1220,6.0000,7.0041,0.0529,17.9213,0.6004,25.6865,-28.2354,31.0256,-24.6702,31.0130,-24.6711,27.5599,-25.7512,15.6651,-28.6164,5.3390,3.5652,5.3265,3.5643,1.8734,2.4842,94,0.1900,94,0,0.9768,0.0202,0.0030,4.0055,6.9630,0.3109,-0.6331,5.9665,0.0000,1,0.0841,0.1452,9.8900,-0.0009
10.0901,IMM-UKF,jink,0.500,10.00,0.150,1,0.600,1,6.2260,4.8459,-1.3800,1.0202,0.2481,0.1029,0.1222,6.0000,7.0041,0.0520,20.0586,0.6005,25.2859,-28.3774,31.0256,-24.6702,31.0130,-24.6711,27.2903,-25.5446,15.6919,-27.5719,5.7397,3.7071,5.7271,3.7063,2.0044,2.8328,94,0.2000,94,0,0.9768,0.0202,0.0030,3.9113,6.7315,0.3058,-0.7046,5.9585,0.0000,1,0.0973,0.1587,9.8900,-0.0017
10.1001,IMM-UKF,jink,0.500,10.00,0.150,1,0.600,1,6.2059,4.8847,-1.3212,1.0456,0.2481,0.1029,0.1224,6.0000,7.0041,0.0516,22.3121,0.6006,24.8736,-28.5093,31.0256,-24.6702,31.0130,-24.6711,27.0159,-25.3122,15.7098,-26.5558,6.1520,3.8391,6.1395,3.8382,2.1423,3.1971,94,0.2100,94,0,0.9768,0.0202,0.0030,3.8185,6.4995,0.2997,-0.7761,5.9496,0.0000,1,0.0973,0.1587,9.8900,-0.0017
10.1101,IMM-UKF,jink,0.500,10.00,0.150,1,0.600,1,6.1880,4.9279,-1.2600,1.0720,0.2481,0.1029,0.1227,6.0000,7.0041,0.0531,24.6713,0.6007,24.4501,-28.6309,31.0256,-24.6702,31.0130,-24.6711,26.7369,-25.0552,15.7190,-25.5690,6.5754,3.9606,6.5629,3.9598,2.2868,3.5757,94,0.2200,94,0,0.9768,0.0202,0.0030,3.7271,6.2669,0.2927,-0.8474,5.9399,0.0000,1,0.0973,0.1587,9.8900,-0.0017
10.1201,IMM-UKF,jink,0.500,10.00,0.150,1,0.600,1,6.1721,4.9757,-1.1964,1.0992,0.2481,0.1029,0.1230,6.0000,7.0041,0.0545,27.1279,0.6008,24.0155,-28.7417,31.0256,-24.6702,31.0130,-24.6711,26.4539,-24.7749,15.7193,-24.6120,7.0101,4.0715,6.9975,4.0706,2.4384,3.9669,94,0.2300,94,0,0.9768,0.0202,0.0030,3.6371,6.0338,0.2849,-0.9186,5.9293,0.0000,1,0.0973,0.1587,9.8900,-0.0017
10.1301,IMM-UKF,jink,0.500,10.00,0.150,1,0.600,1,6.1584,5.0279,-1.1305,1.1274,0.2481,0.1029,0.1232,6.0000,7.0041,0.0559,29.6661,0.6009,23.5700,-28.8416,31.0256,-24.6702,31.0130,-24.6711,26.1676,-24.4737,15.7102,-23.6890,7.4556,4.1714,7.4430,4.1705,2.5976,4.3679,94,0.2400,94,0,0.9768,0.0202,0.0030,3.5491,5.8011,0.2763,-0.9897,5.9178,0.0000,1,0.0973,0.1587,9.8900,-0.0017
10.1401,IMM-UKF,jink,0.500,10.00,0.150,1,0.600,1,6.1467,5.0840,-1.0627,1.1564,0.2481,0.1029,0.1235,6.0000,7.0041,0.0571,32.2674,0.6008,23.1139,-28.9304,31.0256,-24.6702,31.0130,-24.6711,25.8787,-24.1551,15.6908,-22.8044,7.9117,4.2601,7.8992,4.2593,2.7648,4.7753,94,0.2500,94,0,0.9768,0.0202,0.0030,3.4635,5.5703,0.2670,-1.0607,5.9055,0.0000,1,0.0973,0.1587,9.8900,-0.0017
10.1501,IMM-UKF,jink,0.500,10.00,0.150,1,0.600,1,6.1370,4.6573,-1.4797,0.8435,0.2474,0.1035,0.1244,6.0000,6.7847,1.6098,14.6486,0.6008,22.6476,-29.0079,28.4488,-26.7896,28.2438,-26.9870,24.0078,-26.8761,9.8678,-25.8728,5.8012,2.2182,5.5963,2.0209,1.3602,2.1318,95,0.1500,95,0,0.9781,0.0187,0.0032,3.3803,5.3414,0.2572,-1.1314,5.8924,0.0000,1,0.0973,0.1587,9.9992,-0.0017
10.1601,IMM-UKF,jink,0.500,10.00,0.150,1,0.600,1,6.1294,4.6954,-1.4340,0.8641,0.2474,0.1035,0.1246,6.0000,6.7847,1.6106,16.5951,0.6007,22.1716,-29.0739,28.4488,-26.7896,28.2438,-26.9870,23.6672,-26.6379,9.9486,-25.0102,6.2773,2.2843,6.0723,2.0869,1.4956,2.4360,95,0.1600,95,0,0.9781,0.0187,0.0032,3.2996,5.1144,0.2467,-1.2021,5.8784,0.0000,1,0.0973,0.1587,9.9992,-0.0017
10.1701,IMM-UKF,jink,0.500,10.00,0.150,1,0.600,1,6.1238,4.7375,-1.3863,0.8857,0.2474,0.1035,0.1248,6.0000,6.7847,1.6111,18.6326,0.6005,21.6862,-29.1285,28.4488,-26.7896,28.2438,-26.9870,23.3257,-26.3761,10.0168,-24.1761,6.7627,2.3389,6.5577,2.1415,1.6396,2.7524,95,0.1700,95,0,0.9781,0.0187,0.0032,3.2212,4.8893,0.2358,-1.2725,5.8635,0.0000,1,0.0973,0.1587,9.9992,-0.0017
10.1801,IMM-UKF,jink,0.500,10.00,0.150,1,0.600,1,6.1202,4.7836,-1.3366,0.9083,0.2474,0.1035,0.1250,6.0000,6.7847,1.6117,20.7517,0.6002,21.1919,-29.1716,28.4488,-26.7896,28.2438,-26.9870,22.9840,-26.0923,10.0730,-23.3700,7.2569,2.3819,7.0519,2.1846,1.7921,3.0793,95,0.1800,95,0,0.9781,0.0187,0.0032,3.1453,4.6660,0.2244,-1.3428,5.8478,0.0000,1,0.0973,0.1587,9.9992,-0.0017
10.1901,IMM-UKF,jink,0.500,10.00,0.150,1,0.600,1,6.1186,4.8335,-1.2851,0.9320,0.2474,0.1035,0.1252,6.0000,6.7847,1.6122,22.9432,0.6000,20.6893,-29.2031,28.4488,-26.7896,28.2438,-26.9870,22.6424,-25.7881,10.1177,-22.5914,7.7595,2.4134,7.5545,2.2161,1.9531,3.4150,95,0.1900,95,0,0.9781,0.0187,0.0032,3.0719,4.4446,0.2125,-1.4129,5.8313,0.0000,1,0.1084,0.1541,9.9992,-0.0020
10.2001,IMM-UKF,jink,0.500,10.00,0.150,1,0.600,1,6.1189,4.8873,-1.2316,0.9566,0.2474,0.1035,0.1253,6.0000,6.7847,1.6125,25.1983,0.5996,20.1787,-29.2230,28.4488,-26.7896,28.2438,-26.9870,22.3014,-25.4650,10.1512,-21.8395,8.2701,2.4333,8.0651,2.2360,2.1227,3.7579,95,0.2000,95,0,0.9781,0.0187,0.0032,3.0008,4.2250,0.2002,-1.4827,5.8139,0.0000,1,0.1084,0.1541,9.9992,-0.0020
10.2101,IMM-UKF,jink,0.500,10.00,0.150,1,0.600,1,6.1211,4.9449,-1.1762,0.9822,0.2474,0.1035,0.1254,6.0000,6.7847,1.6129,27.5079,0.5993,19.6607,-29.2313,28.4488,-26.7896,28.2438,-26.9870,21.9613,-25.1248,10.1741,-21.1135,8.7881,2.4416,8.5831,2.2443,2.3006,4.1065,95,0.2100,95,0,0.9781,0.0187,0.0032,2.9321,4.0073,0.1874,-1.5524,5.7957,0.0000,1,0.1084,0.1541,9.9992,-0.0020
10.2201,IMM-UKF,jink,0.500,10.00,0.150,1,0.600,1,6.1253,5.0063,-1.1190,1.0087,0.2474,0.1035,0.1256,6.0000,6.7847,1.6132,29.8636,0.5990,19.1358,-29.2280,28.4488,-26.7896,28.2438,-26.9870,21.6225,-24.7689,10.1867,-20.4126,9.3130,2.4383,9.1080,2.2410,2.4867,4.4591,95,0.2200,95,0,0.9781,0.0187,0.0032,2.8658,3.7914,0.1742,-1.6218,5.7766,0.0000,1,0.1084,0.1541,9.9992,-0.0020
10.2301,IMM-UKF,jink,0.500,10.00,0.150,1,0.600,1,6.1314,5.0714,-1.0600,1.0361,0.2474,0.1035,0.1257,6.0000,6.7847,1.6134,32.2571,0.5986,18.6045,-29.2132,28.4488,-26.7896,28.2438,-26.9870,21.2852,-24.3989,10.1896,-19.7361,9.8443,2.4236,9.6393,2.2262,2.6807,4.8143,95,0.2300,95,0,0.9781,0.0187,0.0032,2.8019,3.5774,0.1605,-1.6910,5.7568,0.0000,1,0.1084,0.1541,9.9992,-0.0020
10.2401,IMM-UKF,jink,0.500,10.00,0.150,1,0.600,1,6.1394,5.1402,-0.9992,1.0645,0.2474,0.1035,0.1258,6.0000,6.7847,1.6137,34.6803,0.5982,18.0674,-29.1870,28.4488,-26.7896,28.2438,-26.9870,20.9498,-24.0164,10.1831,-19.0829,10.3814,2.3974,10.1765,2.2001,2.8824,5.1706,95,0.2400,95,0,0.9781,0.0187,0.0032,2.7403,3.3652,0.1465,-1.7600,5.7361,0.0000,1,0.1084,0.1541,9.9992,-0.0020
10.2501,IMM-UKF,jink,0.500,10.00,0.150,1,0.600,1,6.1493,4.6168,-1.5325,0.8197,0.2463,0.1047,0.1269,6.0000,6.2366,0.4469,20.2528,0.5978,17.5249,-29.1496,25.2859,-28.3774,25.2389,-28.3178,19.4994,-26.2551,6.3326,-20.8590,7.7610,0.7722,7.7140,0.8318,1.9745,2.8945,96,0.1600,96,0,0.9752,0.0205,0.0042,2.6811,3.1549,0.1320,-1.8287,5.7145,0.0000,1,0.1084,0.1541,10.0884,-0.0020
10.2601,IMM-UKF,jink,0.500,10.00,0.150,1,0.600,1,6.1611,4.6698,-1.4913,0.8414,0.2463,0.1047,0.1271,6.0000,6.2366,0.4468,22.2779,0.5972,16.9774,-29.1009,25.2859,-28.3774,25.2389,-28.3178,19.1247,-25.9070,6.3702,-20.1878,8.3085,0.7235,8.2616,0.7831,2.1474,3.1938,96,0.1700,96,0,0.9752,0.0205,0.0042,2.6242,2.9464,0.1171,-1.8971,5.6922,0.0000,1,0.1084,0.1541,10.0884,-0.0020
10.2701,IMM-UKF,jink,0.500,10.00,0.150,1,0.600,1,6.1747,4.7264,-1.4483,0.8642,0.2463,0.1047,0.1273,6.0000,6.2366,0.4468,24.3607,0.5966,16.4256,-29.0412,25.2859,-28.3774,25.2389,-28.3178,18.7533,-25.5416,6.3981,-19.5371,8.8603,0.6638,8.8134,0.7234,2.3277,3.4995,96,0.1800,96,0,0.9752,0.0205,0.0042,2.5696,2.7397,0.1018,-1.9653,5.6690,0.0000,1,0.1084,0.1541,10.0884,-0.0020
10.2801,IMM-UKF,jink,0.500,10.00,0.150,1,0.600,1,6.1902,4.7866,-1.4036,0.8879,0.2463,0.1047,0.1274,6.0000,6.2366,0.4468,26.4928,0.5960,15.8700,-28.9706,25.2859,-28.3774,25.2389,-28.3178,18.3852,-25.1604,6.4165,-18.9061,9.4158,0.5932,9.3689,0.6528,2.5151,3.8101,96,0.1900,96,0,0.9752,0.0205,0.0042,2.5173,2.5349,0.0861,-2.0332,5.6450,0.0000,1,0.1084,0.1541,10.0884,-0.0020
10.2901,IMM-UKF,jink,0.500,10.00,0.150,1,0.600,1,6.2075,4.8504,-1.3571,0.9127,0.2463,0.1047,0.1275,6.0000,6.2366,0.4468,28.6665,0.5953,15.3114,-28.8893,25.2859,-28.3774,25.2389,-28.3178,18.0208,-24.7651,6.4258,-18.2943,9.9745,0.5119,9.9276,0.5715,2.7094,4.1242,96,0.2000,96,0,0.9752,0.0205,0.0042,2.4673,2.3320,0.0699,-2.1008,5.6202,0.0000,1,0.1084,0.1541,10.0884,-0.0020
10.3001,IMM-UKF,jink,0.500,10.00,0.150,1,0.600,1,6.2266,4.9177,-1.3089,0.9384,0.2463,0.1047,0.1277,6.0000,6.2366,0.4468,30.8742,0.5946,14.7500,-28.7975,25.2859,-28.3774,25.2389,-28.3178,17.6602,-24.3571,6.4263,-17.7009,10.5359,0.4202,10.4889,0.4798,2.9102,4.4404,96,0.2100,96,0,0.9752,0.0205,0.0042,2.4195,2.1309,0.0532,-2.1681,5.5946,0.0000,1,0.1033,0.1417,10.0884,-0.0002
10.3101,IMM-UKF,jink,0.500,10.00,0.150,1,0.600,1,6.2476,4.9886,-1.2590,0.9651,0.2463,0.1047,0.1278,6.0000,6.2366,0.4468,33.1088,0.5940,14.1866,-28.6955,25.2859,-28.3774,25.2389,-28.3178,17.3037,-23.9379,6.4185,-17.1251,11.0993,0.3181,11.0523,0.3777,3.1171,4.7575,96,0.2200,96,0,0.9752,0.0205,0.0042,2.3740,1.9316,0.0360,-2.2350,5.5682,0.0000,1,0.1033,0.1417,10.0884,-0.0002
10.3201,IMM-UKF,jink,0.500,10.00,0.150,1,0.600,1,6.2703,5.0628,-1.2074,0.9927,0.2463,0.1047,0.1279,6.0000,6.2366,0.4469,35.3638,0.5932,13.6215,-28.5834,25.2859,-28.3774,25.2389,-28.3178,16.9513,-23.5090,6.4026,-16.5661,11.6644,0.2060,11.6174,0.2656,3.3298,5.0744,96,0.2300,96,0,0.9752,0.0205,0.0042,2.3306,1.7342,0.0183,-2.3017,5.5410,0.0000,1,0.1033,0.1417,10.0884,-0.0002
10.3301,IMM-UKF,jink,0.500,10.00,0.150,1,0.600,1,6.2948,5.1405,-1.1543,1.0213,0.2463,0.1047,0.1280,6.0000,6.2366,0.4470,37.6329,0.5924,13.0553,-28.4615,25.2859,-28.3774,25.2389,-28.3178,16.6032,-23.0716,6.3789,-16.0231,12.2306,0.0841,12.1836,0.1437,3.5479,5.3898,96,0.2400,96,0,0.9752,0.0205,0.0042,2.2895,1.5387,-0.0000,-2.3680,5.5129,0.0000,1,0.1033,0.1417,10.0884,-0.0002
10.3401,IMM-UKF,jink,0.500,10.00,0.150,1,0.600,1,6.3211,5.2216,-1.0995,1.0507,0.2463,0.1047,0.1282,6.0000,6.2366,0.4472,39.9109,0.5916,12.4884,-28.3300,25.2859,-28.3774,25.2389,-28.3178,16.2593,-22.6269,6.3479,-15.4952,12.7975,-0.0474,12.7505,0.0122,3.7709,5.7030,96,0.2500,96,0,0.9752,0.0205,0.0042,2.2505,1.3450,-0.0190,-2.4340,5.4841,0.0000,1,0.1033,0.1417,10.0884,-0.0002
10.3501,IMM-UKF,jink,0.500,10.00,0.150,1,0.600,1,6.3492,4.7771,-1.5721,0.8051,0.2471,0.1073,0.1275,6.0000,5.5606,0.8575,16.3324,0.5908,11.9214,-28.1892,20.6893,-29.2031,20.5442,-29.1367,13.9452,-26.1398,1.2904,-19.5835,8.7679,-1.0139,8.6228,-0.9474,2.0239,2.0494,97,0.1600,97,0,0.9713,0.0241,0.0046,2.2136,1.1532,-0.0386,-2.4996,5.4545,0.0000,1,0.1033,0.1417,10.1882,-0.0002
10.3601,IMM-UKF,jink,0.500,10.00,0.150,1,0.600,1,6.3789,4.8411,-1.5378,0.8272,0.2471,0.1073,0.1276,6.0000,5.5606,0.8571,17.9862,0.5899,11.3546,-28.0394,20.6893,-29.2031,20.5442,-29.1367,13.5522,-25.7630,1.3052,-19.0232,9.3347,-1.1637,9.1895,-1.0972,2.1976,2.2764,97,0.1700,97,0,0.9713,0.0241,0.0046,2.1788,0.9634,-0.0591,-2.5649,5.4241,0.0000,1,0.1033,0.1417,10.1882,-0.0002
10.3701,IMM-UKF,jink,0.500,10.00,0.150,1,0.600,1,6.4105,4.9084,-1.5020,0.8504,0.2471,0.1073,0.1277,6.0000,5.5606,0.8568,19.6918,0.5890,10.7886,-27.8808,20.6893,-29.2031,20.5442,-29.1367,13.1658,-25.3718,1.3127,-18.4738,9.9007,-1.3222,9.7556,-1.2558,2.3772,2.5090,97,0.1800,97,0,0.9713,0.0241,0.0046,2.1462,0.7754,-0.0805,-2.6298,5.3930,0.0000,1,0.1033,0.1417,10.1882,-0.0002
10.3801,IMM-UKF,jink,0.500,10.00,0.150,1,0.600,1,6.4437,4.9789,-1.4648,0.8746,0.2471,0.1073,0.1278,6.0000,5.5606,0.8564,21.4437,0.5880,10.2237,-27.7137,20.6893,-29.2031,20.5442,-29.1367,12.7859,-24.9673,1.3130,-17.9344,10.4656,-1.4893,10.3205,-1.4229,2.5623,2.7464,97,0.1900,97,0,0.9713,0.0241,0.0046,2.1155,0.5894,-0.1029,-2.6943,5.3610,0.0000,1,0.1033,0.1417,10.1882,-0.0002
10.3901,IMM-UKF,jink,0.500,10.00,0.150,1,0.600,1,6.4786,5.0525,-1.4261,0.8997,0.2471,0.1073,0.1280,6.0000,5.5606,0.8561,23.2377,0.5870,9.6603,-27.5384,20.6893,-29.2031,20.5442,-29.1367,12.4127,-24.5505,1.3063,-17.4036,11.0290,-1.6647,10.8839,-1.5982,2.7524,2.9879,97,0.2000,97,0,0.9713,0.0241,0.0046,2.0869,0.4054,-0.1266,-2.7585,5.3283,0.0000,1,0.1033,0.1417,10.1882,-0.0002
10.4001,IMM-UKF,jink,0.500,10.00,0.150,1,0.600,1,6.5153,5.1291,-1.3861,0.9258,0.2471,0.1073,0.1281,6.0000,5.5606,0.8558,25.0706,0.5859,9.0988,-27.3551,20.6893,-29.2031,20.5442,-29.1367,12.0461,-24.1221,1.2929,-16.8800,11.5905,-1.8480,11.4453,-1.7816,2.9473,3.2330,97,0.2100,97,0,0.9713,0.0241,0.0046,2.0602,0.2234,-0.1518,-2.8222,5.2948,0.0000,1,0.1033,0.1417,10.1882,-0.0002
10.4101,IMM-UKF,jink,0.500,10.00,0.150,1,0.600,1,6.5535,5.2087,-1.3448,0.9529,0.2471,0.1073,0.1282,6.0000,5.5606,0.8556,26.9409,0.5848,8.5396,-27.1640,20.6893,-29.2031,20.5442,-29.1367,11.6862,-23.6822,1.2731,-16.3614,12.1497,-2.0391,12.0045,-1.9727,3.1465,3.4817,97,0.2200,97,0,0.9713,0.0241,0.0046,2.0355,0.0435,-0.1789,-2.8856,5.2606,0.0000,1,0.1080,0.1579,10.1882,0.0017
10.4201,IMM-UKF,jink,0.500,10.00,0.150,1,0.600,1,6.5934,5.2911,-1.3024,0.9809,0.2471,0.1073,0.1283,6.0000,5.5606,0.8553,28.8494,0.5836,7.9831,-26.9653,20.6893,-29.2031,20.5442,-29.1367,11.3328,-23.2308,1.2471,-15.8449,12.7062,-2.2378,12.5611,-2.1714,3.3497,3.7345,97,0.2300,97,0,0.9713,0.0241,0.0046,2.0127,-0.1342,-0.2085,-2.9485,5.2256,0.0000,1,0.1080,0.1579,10.1882,0.0017
10.4301,IMM-UKF,jink,0.500,10.00,0.150,1,0.600,1,6.6349,5.3761,-1.2589,1.0098,0.2471,0.1073,0.1284,6.0000,5.5606,0.8551,30.8015,0.5824,7.4295,-26.7591,20.6893,-29.2031,20.5442,-29.1367,10.9861,-22.7667,1.2151,-15.3261,13.2598,-2.4440,13.1147,-2.3775,3.5566,3.9924,97,0.2400,97,0,0.9713,0.0241,0.0046,1.9918,-0.3094,-0.2415,-3.0110,5.1898,0.0000,1,0.1080,0.1579,10.1882,0.0017
10.4401,IMM-UKF,jink,0.500,10.00,0.150,1,0.600,1,6.6780,5.4634,-1.2146,1.0396,0.2471,0.1073,0.1285,6.0000,5.5606,0.8549,32.8099,0.5812,6.8791,-26.5456,20.6893,-29.2031,20.5442,-29.1367,10.6462,-22.2872,1.1776,-14.7978,13.8102,-2.6575,13.6651,-2.5911,3.7670,4.2584,97,0.2500,97,0,0.9713,0.0241,0.0046,1.9727,-0.4818,-0.2793,-3.0730,5.1533,0.0000,1,0.1080,0.1579,10.1882,0.0017
10.4501,IMM-UKF,jink,0.500,10.00,0.150,1,0.600,1,6.7226,5.0321,-1.6905,0.8019,0.2471,0.1088,0.1287,6.0000,4.9455,0.3865,14.6555,0.5798,6.3323,-26.3244,14.7500,-28.7975,14.8211,-28.8039,8.7049,-25.1304,-2.6226,-17.5882,8.4177,-2.4731,8.4888,-2.4794,2.3726,1.1940,98,0.1500,98,0,0.9747,0.0218,0.0035,1.9554,-0.6503,-0.3250,-3.1346,5.1161,0.0000,1,0.1080,0.1579,10.2999,0.0017
10.4601,IMM-UKF,jink,0.500,10.00,0.150,1,0.600,1,6.7685,5.1001,-1.6684,0.8230,0.2471,0.1088,0.1288,6.0000,4.9455,0.3874,16.1073,0.5785,5.7893,-26.0952,14.7500,-28.7975,14.8211,-28.8039,8.3332,-24.6960,-2.6430,-16.9722,8.9607,-2.7023,9.0318,-2.7086,2.5439,1.3993,98,0.1600,98,0,0.9747,0.0218,0.0035,1.9397,-0.8122,-0.3851,-3.1958,5.0781,0.0000,1,0.1080,0.1579,10.2999,0.0017
10.4701,IMM-UKF,jink,0.500,10.00,0.150,1,0.600,1,6.8155,5.1655,-1.6500,0.8450,0.2471,0.1088,0.1290,6.0000,4.9455,0.3882,17.8036,0.5772,5.2507,-25.8563,14.7500,-28.7975,14.8211,-28.8039,7.9757,-24.1996,-2.6692,-16.2262,9.4993,-2.9412,9.5704,-2.9475,2.7250,1.6567,98,0.1700,98,0,0.9747,0.0218,0.0035,1.9251,-0.9540,-0.4807,-3.2565,5.0394,0.0000,1,0.1080,0.1579,10.2999,0.0017
10.4801,IMM-UKF,jink,0.500,10.00,0.150,1,0.600,1,6.8618,5.2010,-1.6608,0.8681,0.2471,0.1088,0.1291,6.0000,4.9455,0.3891,19.9035,0.5760,4.7183,-25.6079,14.7500,-28.7975,14.8211,-28.8039,7.6866,-23.6673,-2.7042,-15.3242,10.0317,-3.1896,10.1028,-3.1960,2.9682,1.9405,98,0.1800,98,0,0.9747,0.0218,0.0035,1.9054,-0.9330,-0.6555,-3.3167,4.9999,0.0000,1,0.1080,0.1579,10.2999,0.0017
10.4901,IMM-UKF,jink,0.500,10.00,0.150,1,0.600,1,6.9064,5.2172,-1.6892,0.8924,0.2471,0.1088,0.1292,6.0000,4.9455,0.3900,21.1986,0.5748,4.1938,-25.3646,14.7500,-28.7975,14.8211,-28.8039,7.4725,-23.4640,-2.7350,-15.1793,10.5562,-3.4330,10.6273,-3.4393,3.2787,1.9005,98,0.1900,98,0,0.9747,0.0218,0.0035,1.8779,-0.7549,-0.7111,-3.3765,4.9598,0.0000,1,0.1080,0.1579,10.2999,0.0017
10.5001,IMM-UKF,jink,0.500,10.00,0.150,1,0.600,1,6.9495,5.2320,-1.7175,0.9179,0.2471,0.1088,0.1293,6.0000,4.9455,0.3909,22.3498,0.5737,3.6768,-25.1297,14.7500,-28.7975,14.8211,-28.8039,7.2790,-23.3603,-2.7560,-15.2592,11.0733,-3.6678,11.1444,-3.6742,3.6023,1.7694,98,0.2000,98,0,0.9747,0.0218,0.0035,1.8487,-0.5687,-0.7231,-3.4358,4.9189,0.0000,1,0.1080,0.1579,10.2999,0.0017
10.5101,IMM-UKF,jink,0.500,10.00,0.150,1,0.600,1,6.9920,5.2450,-1.7470,0.9444,0.2471,0.1088,0.1284,6.0000,4.9455,0.3866,23.4879,0.5734,3.1778,-24.9011,14.7500,-28.7975,14.8211,-28.8039,7.1004,-23.3050,-2.7710,-15.4312,11.5722,-3.8964,11.6433,-3.9027,3.9226,1.5961,98,0.2100,98,0,0.9747,0.0218,0.0035,1.8190,-0.3834,-0.7181,-3.3765,4.9598,0.0000,1,0.1080,0.1579,10.2999,0.0017
10.5201,IMM-UKF,jink,0.500,10.00,0.150,1,0.600,1,7.0337,5.2558,-1.7779,0.9720,0.2471,0.1088,0.1273,6.0000,4.9455,0.3824,24.6838,0.5731,2.6954,-24.6793,14.7500,-28.7975,14.8211,-28.8039,6.9357,-23.2803,-2.7800,-15.6493,12.0546,-4.1182,12.1257,-4.1245,4.2403,1.3990,98,0.2200,98,0,0.9747,0.0218,0.0035,1.7887,-0.2000,-0.7060,-3.3167,4.9999,0.0000,1,0.1142,0.1419,10.2999,-0.0013
10.5301,IMM-UKF,jink,0.500,10.00,0.150,1,0.600,1,7.0748,5.2643,-1.8105,1.0005,0.2471,0.1088,0.1260,6.0000,4.9455,0.3787,25.9570,0.5729,2.2290,-24.4645,14.7500,-28.7975,14.8211,-28.8039,6.7845,-23.2802,-2.7829,-15.8989,12.5211,-4.3331,12.5922,-4.3394,4.5555,1.1843,98,0.2300,98,0,0.9747,0.0218,0.0035,1.7581,-0.0187,-0.6899,-3.2565,5.0394,0.0000,1,0.1142,0.1419,10.2999,-0.0013
10.5401,IMM-UKF,jink,0.500,10.00,0.150,1,0.600,1,7.1152,5.2704,-1.8449,1.0300,0.2471,0.1088,0.1251,6.0000,4.9455,0.3851,27.3227,0.5721,1.7761,-24.2566,14.7500,-28.7975,14.8211,-28.8039,6.6463,-23.3018,-2.7796,-16.1733,12.9739,-4.5409,13.0450,-4.5473,4.8701,0.9548,98,0.2400,98,0,0.9747,0.0218,0.0035,1.7271,0.1606,-0.6715,-3.1958,5.0781,0.0000,1,0.1142,0.1419,10.2999,-0.0013
10.5501,IMM-UKF,jink,0.500,10.00,0.150,1,0.600,1,7.1549,5.2740,-1.8809,1.0605,0.2471,0.1088,0.1240,6.0000,4.9455,0.3914,28.7722,0.5710,1.3383,-24.0558,14.7500,-28.7975,14.8211,-28.8039,6.5208,-23.3437,-2.7700,-16.4693,13.4118,-4.7417,13.4829,-4.7481,5.1825,0.7121,98,0.2500,98,0,0.9747,0.0218,0.0035,1.6957,0.3380,-0.6516,-3.1346,5.1161,0.0000,1,0.1142,0.1419,10.2999,-0.0013
10.5601,IMM-UKF,jink,0.500,10.00,0.150,1,0.600,1,7.1939,5.2752,-1.9187,1.0919,0.2471,0.1088,0.1231,6.0000,4.9455,0.3915,30.2978,0.5702,0.9161,-23.8620,14.7500,-28.7975,14.8211,-28.8039,6.4077,-23.4047,-2.7540,-16.7853,13.8340,-4.9356,13.9051,-4.9419,5.4916,0.4572,98,0.2600,98,0,0.9747,0.0218,0.0035,1.6640,0.5134,-0.6306,-3.0730,5.1533,0.0000,1,0.1142,0.1419,10.2999,-0.0013
10.5701,IMM-UKF,jink,0.500,10.00,0.150,1,0.600,1,7.2320,5.1127,-2.1194,0.8651,0.2487,0.1099,0.1206,6.0000,4.4420,1.2662,16.2222,0.5697,0.5086,-23.6750,8.5396,-27.1640,8.4814,-27.3719,3.0199,-25.1288,-8.7604,-19.7145,8.0310,-3.4890,7.9727,-3.6969,2.5113,-1.4538,99,0.1600,99,0,0.9721,0.0235,0.0043,1.6321,0.6870,-0.6090,-3.0110,5.1898,0.0000,1,0.1142,0.1419,10.4118,-0.0013
10.5801,IMM-UKF,jink,0.500,10.00,0.150,1,0.600,1,7.2695,5.1209,-2.1486,0.8877,0.2487,0.1099,0.1195,6.0000,4.4420,1.2663,17.6529,0.5691,0.1148,-23.4948,8.5396,-27.1640,8.4814,-27.3719,2.7781,-25.1696,-8.8955,-20.0754,8.4248,-3.6692,8.3666,-3.8771,2.6633,-1.6748,99,0.1700,99,0,0.9721,0.0235,0.0043,1.5999,0.8587,-0.5868,-2.9485,5.2256,0.0000,1,0.1142,0.1419,10.4118,-0.0013
10.5901,IMM-UKF,jink,0.500,10.00,0.150,1,0.600,1,7.3061,5.1266,-2.1794,0.9112,0.2487,0.1099,0.1184,6.0000,4.4420,1.2665,19.1389,0.5687,-0.2658,-23.3213,8.5396,-27.1640,8.4814,-27.3719,2.5471,-25.2296,-9.0301,-20.4552,8.8055,-3.8426,8.7472,-4.0506,2.8129,-1.9083,99,0.1800,99,0,0.9721,0.0235,0.0043,1.5675,1.0286,-0.5644,-2.8856,5.2606,0.0000,1,0.1142,0.1419,10.4118,-0.0013
10.6001,IMM-UKF,jink,0.500,10.00,0.150,1,0.600,1,7.3419,5.1299,-2.2120,0.9357,0.2487,0.1099,0.1171,6.0000,4.4420,1.2667,20.6806,0.5683,-0.6337,-23.1545,8.5396,-27.1640,8.4814,-27.3719,2.3263,-25.3084,-9.1643,-20.8542,9.1733,-4.0095,9.1151,-4.2174,2.9600,-2.1539,99,0.1900,99,0,0.9721,0.0235,0.0043,1.5349,1.1967,-0.5418,-2.8222,5.2948,0.0000,1,0.1142,0.1419,10.4118,-0.0013
10.6101,IMM-UKF,jink,0.500,10.00,0.150,1,0.600,1,7.3768,5.1308,-2.2461,0.9612,0.2487,0.1099,0.1158,6.0000,4.4420,1.2669,22.2787,0.5679,-0.9891,-22.9941,8.5396,-27.1640,8.4814,-27.3719,2.1153,-25.4059,-9.2982,-21.2727,9.5288,-4.1699,9.4705,-4.3778,3.1044,-2.4118,99,0.2000,99,0,0.9721,0.0235,0.0043,1.5022,1.3630,-0.5191,-2.7585,5.3283,0.0000,1,0.1142,0.1419,10.4118,-0.0013
10.6201,IMM-UKF,jink,0.500,10.00,0.150,1,0.600,1,7.4110,5.1292,-2.2817,0.9877,0.2487,0.1099,0.1143,6.0000,4.4420,1.2671,23.9342,0.5676,-1.3325,-22.8401,8.5396,-27.1640,8.4814,-27.3719,1.9136,-25.5218,-9.4322,-21.7111,9.8721,-4.3238,9.8139,-4.5318,3.2461,-2.6816,99,0.2100,99,0,0.9721,0.0235,0.0043,1.4694,1.5277,-0.4963,-2.6943,5.3610,0.0000,1,0.1142,0.1419,10.4118,-0.0013
10.6301,IMM-UKF,jink,0.500,10.00,0.150,1,0.600,1,7.4442,5.1254,-2.3188,1.0151,0.2487,0.1099,0.1127,6.0000,4.4420,1.2673,25.6481,0.5673,-1.6642,-22.6924,8.5396,-27.1640,8.4814,-27.3719,1.7210,-25.6560,-9.5664,-22.1701,10.2038,-4.4715,10.1455,-4.6795,3.3852,-2.9635,99,0.2200,99,0,0.9721,0.0235,0.0043,1.4364,1.6906,-0.4736,-2.6298,5.3930,0.0000,1,0.1142,0.1419,10.4118,-0.0013
10.6401,IMM-UKF,jink,0.500,10.00,0.150,1,0.600,1,7.4766,5.1192,-2.3574,1.0434,0.2487,0.1099,0.1111,6.0000,4.4420,1.2675,27.4219,0.5670,-1.9844,-22.5509,8.5396,-27.1640,8.4814,-27.3719,1.5370,-25.8084,-9.7012,-22.6503,10.5240,-4.6131,10.4658,-4.8210,3.5214,-3.2575,99,0.2300,99,0,0.9721,0.0235,0.0043,1.4033,1.8518,-0.4510,-2.5649,5.4241,0.0000,1,0.1182,0.1596,10.4118,-0.0020
10.6501,IMM-UKF,jink,0.500,10.00,0.150,1,0.600,1,7.5080,5.1107,-2.3973,1.0727,0.2487,0.1099,0.1093,6.0000,4.4420,1.2677,29.2569,0.5668,-2.2935,-22.4154,8.5396,-27.1640,8.4814,-27.3719,1.3614,-25.9791,-9.8367,-23.1523,10.8332,-4.7485,10.7749,-4.9565,3.6549,-3.5637,99,0.2400,99,0,0.9721,0.0235,0.0043,1.3703,2.0114,-0.4284,-2.4996,5.4545,0.0000,1,0.1182,0.1596,10.4118,-0.0020
10.6601,IMM-UKF,jink,0.500,10.00,0.150,1,0.600,1,7.5386,5.1001,-2.4385,1.1029,0.2487,0.1099,0.1075,6.0000,4.4420,1.2679,31.1551,0.5666,-2.5919,-22.2859,8.5396,-27.1640,8.4814,-27.3719,1.1937,-26.1680,-9.9732,-23.6770,11.1315,-4.8780,11.0733,-5.0860,3.7856,-3.8821,99,0.2500,99,0,0.9721,0.0235,0.0043,1.3371,2.1693,-0.4061,-2.4340,5.4841,0.0000,1,0.1182,0.1596,10.4118,-0.0020
10.6701,IMM-UKF,jink,0.500,10.00,0.150,1,0.600,1,7.5682,5.0440,-2.5243,0.8868,0.2482,0.1094,0.1060,6.0000,4.3041,1.0523,7.8190,0.5665,-2.8797,-22.1623,2.6954,-24.6793,2.5133,-24.6333,-2.8505,-23.4689,-17.4535,-19.2682,5.5751,-2.5170,5.3930,-2.4710,0.0292,-1.3066,100,0.1500,100,0,0.9688,0.0262,0.0049,1.3040,2.3256,-0.3838,-2.3680,5.5129,0.0000,1,0.1182,0.1596,10.5189,-0.0020
10.6801,IMM-UKF,jink,0.500,10.00,0.150,1,0.600,1,7.5969,5.0385,-2.5584,0.9087,0.2482,0.1094,0.1040,6.0000,4.3041,1.0545,8.9233,0.5663,-3.1573,-22.0444,2.6954,-24.6793,2.5133,-24.6333,-3.1562,-23.5358,-17.7912,-19.6495,5.8527,-2.6349,5.6705,-2.5889,0.0010,-1.4914,100,0.1600,100,0,0.9688,0.0262,0.0049,1.2709,2.4803,-0.3618,-2.3017,5.5410,0.0000,1,0.1182,0.1596,10.5189,-0.0020
10.6901,IMM-UKF,jink,0.500,10.00,0.150,1,0.600,1,7.6246,5.0307,-2.5939,0.9315,0.2482,0.1094,0.1019,6.0000,4.3041,1.0566,10.0979,0.5663,-3.4249,-21.9321,2.6954,-24.6793,2.5133,-24.6333,-3.4569,-23.6195,-18.1389,-20.0490,6.1203,-2.7472,5.9381,-2.7012,-0.0320,-1.6873,100,0.1700,100,0,0.9688,0.0262,0.0049,1.2378,2.6334,-0.3400,-2.2350,5.5682,0.0000,1,0.1182,0.1596,10.5189,-0.0020
10.7001,IMM-UKF,jink,0.500,10.00,0.150,1,0.600,1,7.6514,5.0207,-2.6307,0.9553,0.2482,0.1094,0.0998,6.0000,4.3041,1.0586,11.3431,0.5662,-3.6827,-21.8254,2.6954,-24.6793,2.5133,-24.6333,-3.7530,-23.7199,-18.4974,-20.4675,6.3781,-2.8539,6.1960,-2.8079,-0.0703,-1.8944,100,0.1800,100,0,0.9688,0.0262,0.0049,1.2048,2.7849,-0.3184,-2.1681,5.5946,0.0000,1,0.1182,0.1596,10.5189,-0.0020
10.7101,IMM-UKF,jink,0.500,10.00,0.150,1,0.600,1,7.6772,5.0083,-2.6688,0.9801,0.2482,0.1094,0.0975,6.0000,4.3041,1.0604,12.6600,0.5662,-3.9310,-21.7242,2.6954,-24.6793,2.5133,-24.6333,-4.0452,-23.8370,-18.8677,-20.9056,6.6264,-2.9551,6.4443,-2.9091,-0.1142,-2.1128,100,0.1900,100,0,0.9688,0.0262,0.0049,1.1719,2.9349,-0.2970,-2.1008,5.6202,0.0000,1,0.1182,0.1596,10.5189,-0.0020
10.7201,IMM-UKF,jink,0.500,10.00,0.150,1,0.600,1,7.7019,4.9938,-2.7081,1.0058,0.2482,0.1094,0.0952,6.0000,4.3041,1.0622,14.0497,0.5662,-4.1700,-21.6283,2.6954,-24.6793,2.5133,-24.6333,-4.3338,-23.9709,-19.2508,-21.3642,6.8654,-3.0510,6.6833,-3.0050,-0.1638,-2.3426,100,0.2000,100,0,0.9688,0.0262,0.0049,1.1390,3.0834,-0.2759,-2.0332,5.6450,0.0000,1,0.1182,0.1596,10.5189,-0.0020
10.7302,IMM-UKF,jink,0.500,10.00,0.150,1,0.600,1,7.7257,4.9771,-2.7486,1.0324,0.2482,0.1094,0.0929,6.0000,4.3041,1.0638,15.5136,0.5662,-4.3999,-21.5377,2.6954,-24.6793,2.5133,-24.6333,-4.6195,-24.1215,-19.6478,-21.8441,7.0953,-3.1416,6.9132,-3.0956,-0.2196,-2.5838,100,0.2100,100,0,0.9688,0.0262,0.0049,1.1063,3.2304,-0.2551,-1.9653,5.6690,0.0000,1,0.1182,0.1596,10.5189,-0.0020
10.7402,IMM-UKF,jink,0.500,10.00,0.150,1,0.600,1,7.7485,4.9583,-2.7903,1.0599,0.2482,0.1094,0.0904,6.0000,4.3041,1.0654,17.0535,0.5662,-4.6210,-21.4523,2.6954,-24.6793,2.5133,-24.6333,-4.9028,-24.2890,-20.0600,-22.3462,7.3164,-3.2270,7.1342,-3.1810,-0.2818,-2.8367,100,0.2200,100,0,0.9688,0.0262,0.0049,1.0737,3.3759,-0.2344,-1.8971,5.6922,0.0000,1,0.1182,0.1596,10.5189,-0.0020
10.7502,IMM-UKF,jink,0.500,10.00,0.150,1,0.600,1,7.7703,4.9373,-2.8330,1.0883,0.2482,0.1094,0.0880,6.0000,4.3041,1.0668,18.6714,0.5663,-4.8333,-21.3720,2.6954,-24.6793,2.5133,-24.6333,-5.1841,-24.4736,-20.4886,-22.8714,7.5287,-3.3073,7.3466,-3.2613,-0.3508,-3.1016,100,0.2300,100,0,0.9688,0.0262,0.0049,1.0413,3.5199,-0.2141,-1.8287,5.7145,0.0000,1,0.1182,0.1596,10.5189,-0.0020
10.7602,IMM-UKF,jink,0.500,10.00,0.150,1,0.600,1,7.7899,4.9927,-2.7972,1.1176,0.2482,0.1094,0.0855,6.0000,4.3041,1.0652,17.9110,0.5661,-5.0428,-21.2997,2.6954,-24.6793,2.5133,-24.6333,-5.5254,-24.2581,-20.3123,-22.3533,7.7382,-3.3796,7.5561,-3.3336,-0.4826,-2.9583,100,0.2400,100,0,0.9688,0.0262,0.0049,1.0632,3.3084,-0.1955,-1.7600,-5.7361,0.0000,1,0.0838,0.1580,10.5189,0.0001
10.7702,IMM-UKF,jink,0.500,10.00,0.150,1,0.600,1,7.7101,5.0518,-2.6583,1.1478,0.2482,0.1094,0.1112,6.0000,4.3041,0.9538,15.2970,0.5589,-5.3582,-21.5190,2.6954,-24.6793,2.5133,-24.6333,-5.8639,-24.0317,-20.1548,-21.8522,8.0536,-3.1603,7.8714,-3.1143,-0.5057,-2.5127,100,0.2500,100,0,0.9688,0.0262,0.0049,1.0868,3.0993,-0.1776,-1.8287,-5.7145,0.0000,1,0.0838,0.1580,10.5189,0.0001
10.7802,IMM-UKF,jink,0.500,10.00,0.150,1,0.600,1,7.6328,5.1145,-2.5183,1.1788,0.2482,0.1094,0.1128,6.0000,4.3041,0.9547,12.6764,0.5616,-5.6648,-21.7357,2.6954,-24.6793,2.5133,-24.6333,-6.1997,-23.7956,-20.0155,-21.3679,8.3602,-2.9436,8.1781,-2.8977,-0.5349,-2.0600,100,0.2600,100,0,0.9688,0.0262,0.0049,1.1120,2.8927,-0.1603,-1.8971,-5.6922,0.0000,1,0.0838,0.1580,10.5189,0.0001
10.7902,IMM-UKF,jink,0.500,10.00,0.150,1,0.600,1,7.5580,5.1808,-2.3773,1.2106,0.2482,0.1094,0.1144,6.0000,4.3041,0.9560,10.0424,0.5643,-5.9845,-21.9506,2.6954,-24.6793,2.5133,-24.6333,-6.5330,-23.5509,-19.8940,-20.9001,8.6799,-2.7287,8.4977,-2.6827,-0.5485,-1.6003,100,0.2700,100,0,0.9688,0.0262,0.0049,1.1389,2.6885,-0.1434,-1.9653,-5.6690,0.0000,1,0.0838,0.1580,10.5189,0.0001
10.8002,IMM-UKF,jink,0.500,10.00,0.150,1,0.600,1,7.4859,5.3400,-2.1459,0.9055,0.2478,0.1082,0.1163,6.0000,4.6341,1.7256,11.5769,0.5668,-6.3173,-22.1636,-1.9844,-22.5509,-2.2762,-22.4148,-7.6782,-20.7016,-20.5509,-15.5768,4.3329,-0.3873,4.0411,-0.2512,-1.3609,1.4619,101,0.1600,101,0,0.9750,0.0219,0.0031,1.1675,2.4867,-0.1271,-2.0332,-5.6450,0.0000,1,0.0838,0.1580,10.6382,0.0001
10.8102,IMM-UKF,jink,0.500,10.00,0.150,1,0.600,1,7.4162,5.3924,-2.0238,0.9282,0.2478,0.1082,0.1177,6.0000,4.6341,1.7267,13.5256,0.5692,-6.6636,-22.3742,-1.9844,-22.5509,-2.2762,-22.4148,-7.9995,-20.4874,-20.5003,-15.2690,4.6792,-0.1767,4.3874,-0.0406,-1.3358,1.8868,101,0.1700,101,0,0.9750,0.0219,0.0031,1.1978,2.2874,-0.1113,-2.1008,-5.6202,0.0000,1,0.0838,0.1580,10.6382,0.0001
10.8202,IMM-UKF,jink,0.500,10.00,0.150,1,0.600,1,7.3491,5.4486,-1.9005,0.9519,0.2478,0.1082,0.1190,6.0000,4.6341,1.7281,15.6319,0.5714,-7.0236,-22.5822,-1.9844,-22.5509,-2.2762,-22.4148,-8.3183,-20.2658,-20.4600,-14.9694,5.0392,0.0313,4.7474,0.1674,-1.2947,2.3164,101,0.1800,101,0,0.9750,0.0219,0.0031,1.2300,2.0906,-0.0958,-2.1681,-5.5946,0.0000,1,0.0838,0.1580,10.6382,0.0001
10.8302,IMM-UKF,jink,0.500,10.00,0.150,1,0.600,1,7.2846,5.5084,-1.7762,0.9765,0.2478,0.1082,0.1201,6.0000,4.6341,1.7296,17.8500,0.5736,-7.3974,-22.7872,-1.9844,-22.5509,-2.2762,-22.4148,-8.6347,-20.0378,-20.4304,-14.6781,5.4130,0.2363,5.1212,0.3724,-1.2373,2.7494,101,0.1900,101,0,0.9750,0.0219,0.0031,1.2640,1.8964,-0.0808,-2.2350,-5.5682,0.0000,1,0.0838,0.1580,10.6382,0.0001
10.8402,IMM-UKF,jink,0.500,10.00,0.150,1,0.600,1,7.2226,5.5718,-1.6508,1.0021,0.2478,0.1082,0.1212,6.0000,4.6341,1.7315,20.1494,0.5757,-7.7852,-22.9889,-1.9844,-22.5509,-2.2762,-22.4148,-8.9491,-19.8041,-20.4114,-14.3950,5.8008,0.4380,5.5090,0.5741,-1.1639,3.1847,101,0.2000,101,0,0.9750,0.0219,0.0031,1.2998,1.7046,-0.0661,-2.3017,-5.5410,0.0000,1,0.0838,0.1580,10.6382,0.0001
10.8502,IMM-UKF,jink,0.500,10.00,0.150,1,0.600,1,7.1631,5.6387,-1.5244,1.0286,0.2478,0.1082,0.1221,6.0000,4.6341,1.7335,22.5094,0.5777,-8.1871,-23.1868,-1.9844,-22.5509,-2.2762,-22.4148,-9.2616,-19.5656,-20.4030,-14.1200,6.2027,0.6359,5.9109,0.7720,-1.0745,3.6213,101,0.2100,101,0,0.9750,0.0219,0.0031,1.3374,1.5154,-0.0518,-2.3680,-5.5129,0.0000,1,0.0935,0.1552,10.6382,-0.0004
10.8602,IMM-UKF,jink,0.500,10.00,0.150,1,0.600,1,7.1062,5.7092,-1.3970,1.0560,0.2478,0.1082,0.1230,6.0000,4.6341,1.7346,24.9146,0.5796,-8.6035,-23.3808,-1.9844,-22.5509,-2.2762,-22.4148,-9.5725,-19.3229,-20.4055,-13.8529,6.6191,0.8299,6.3273,0.9660,-0.9689,4.0579,101,0.2200,101,0,0.9750,0.0219,0.0031,1.3770,1.3287,-0.0379,-2.4340,-5.4841,0.0000,1,0.0935,0.1552,10.6382,-0.0004
10.8702,IMM-UKF,jink,0.500,10.00,0.150,1,0.600,1,7.0518,5.7830,-1.2688,1.0843,0.2478,0.1082,0.1241,6.0000,4.6341,1.7280,27.3521,0.5819,-9.0359,-23.5703,-1.9844,-22.5509,-2.2762,-22.4148,-9.8819,-19.0769,-20.4186,-13.5937,7.0515,1.0194,6.7597,1.1555,-0.8460,4.4934,101,0.2300,101,0,0.9750,0.0219,0.0031,1.4184,1.1446,-0.0243,-2.4996,-5.4545,0.0000,1,0.0935,0.1552,10.6382,-0.0004
10.8802,IMM-UKF,jink,0.500,10.00,0.150,1,0.600,1,7.0000,5.8603,-1.1398,1.1135,0.2478,0.1082,0.1251,6.0000,4.6341,1.7215,29.8153,0.5838,-9.4827,-23.7551,-1.9844,-22.5509,-2.2762,-22.4148,-10.1902,-18.8282,-20.4423,-13.3421,7.4983,1.2042,7.2065,1.3403,-0.7075,4.9269,101,0.2400,101,0,0.9750,0.0219,0.0031,1.4617,0.9631,-0.0109,-2.5649,-5.4241,0.0000,1,0.0935,0.1552,10.6382,-0.0004
10.8902,IMM-UKF,jink,0.500,10.00,0.150,1,0.600,1,6.9508,5.9408,-1.0099,1.1436,0.2478,0.1082,0.1262,6.0000,4.6341,1.7214,32.2968,0.5852,-9.9427,-23.9347,-1.9844,-22.5509,-2.2762,-22.4148,-10.4975,-18.5775,-20.4767,-13.0981,7.9583,1.3838,7.6665,1.5199,-0.5549,5.3572,101,0.2500,101,0,0.9750,0.0219,0.0031,1.5070,0.7842,0.0021,-2.6298,-5.3930,0.0000,1,0.0935,0.1552,10.6382,-0.0004
10.9002,IMM-UKF,jink,0.500,10.00,0.150,1,0.600,1,6.9040,6.0247,-0.8794,1.1745,0.2478,0.1082,0.1274,6.0000,4.6341,1.7244,34.7890,0.5863,-10.4164,-24.1088,-1.9844,-22.5509,-2.2762,-22.4148,-10.8042,-18.3256,-20.5215,-12.8614,8.4320,1.5579,8.1402,1.6940,-0.3878,5.7833,101,0.2600,101,0,0.9750,0.0219,0.0031,1.5542,0.6079,0.0149,-2.6943,-5.3610,0.0000,1,0.0935,0.1552,10.6382,-0.0004
10.9102,IMM-UKF,jink,0.500,10.00,0.150,1,0.600,1,6.8599,6.1117,-0.7482,1.2063,0.2478,0.1082,0.1284,6.0000,4.6341,1.7277,37.2858,0.5873,-10.9045,-24.2770,-1.9844,-22.5509,-2.2762,-22.4148,-11.1105,-18.0728,-20.5767,-12.6319,8.9201,1.7261,8.6283,1.8622,-0.2060,6.2042,101,0.2700,101,0,0.9750,0.0219,0.0031,1.6033,0.4343,0.0273,-2.7585,-5.3283,0.0000,1,0.0935,0.1552,10.6382,-0.0004
10.9202,IMM-UKF,jink,0.500,10.00,0.150,1,0.600,1,6.8183,6.1720,-0.6462,0.9532,0.2467,0.1065,0.1302,6.0000,5.2648,1.9696,39.8819,0.5883,-11.4068,-24.4390,-5.0428,-21.2997,-5.1335,-20.9735,-9.6162,-18.0164,-17.2162,-11.8986,6.3640,3.1392,6.2733,3.4655,1.7906,6.4226,102,0.1600,102,0,0.9751,0.0216,0.0033,1.6543,0.2634,0.0396,-2.8222,-5.2948,0.0000,1,0.0935,0.1552,10.7602,-0.0004
10.9302,IMM-UKF,jink,0.500,10.00,0.150,1,0.600,1,6.7793,6.2502,-0.5290,0.9758,0.2467,0.1065,0.1309,6.0000,5.2648,1.9695,42.5423,0.5892,-11.9233,-24.5943,-5.0428,-21.2997,-5.1335,-20.9735,-9.8737,-17.7830,-17.3213,-11.7067,6.8804,3.2945,6.7897,3.6208,2.0495,6.8113,102,0.1700,102,0,0.9751,0.0216,0.0033,1.7072,0.0952,0.0516,-2.8856,-5.2606,0.0000,1,0.0935,0.1552,10.7602,-0.0004
10.9402,IMM-UKF,jink,0.500,10.00,0.150,1,0.600,1,6.7428,6.3316,-0.4112,0.9993,0.2467,0.1065,0.1314,6.0000,5.2648,1.9695,45.2092,0.5902,-12.4536,-24.7426,-5.0428,-21.2997,-5.1335,-20.9735,-10.1325,-17.5484,-17.4338,-11.5199,7.4108,3.4428,7.3201,3.7691,2.3212,7.1942,102,0.1800,102,0,0.9751,0.0216,0.0033,1.7620,-0.0703,0.0633,-2.9485,-5.2256,0.0000,1,0.0935,0.1552,10.7602,-0.0004
10.9502,IMM-UKF,jink,0.500,10.00,0.150,1,0.600,1,6.7089,6.4161,-0.2928,1.0237,0.2467,0.1065,0.1318,6.0000,5.2648,1.9696,47.8789,0.5911,-12.9977,-24.8835,-5.0428,-21.2997,-5.1335,-20.9735,-10.3926,-17.3130,-17.5536,-11.3378,7.9549,3.5838,7.8642,3.9100,2.6050,7.5705,102,0.1900,102,0,0.9751,0.0216,0.0033,1.8187,-0.2331,0.0748,-3.0110,-5.1898,0.0000,1,0.1138,0.1435,10.7602,-0.0002
10.9602,IMM-UKF,jink,0.500,10.00,0.150,1,0.600,1,6.6776,6.5038,-0.1738,1.0490,0.2467,0.1065,0.1320,6.0000,5.2648,1.9698,50.5477,0.5921,-13.5552,-25.0167,-5.0428,-21.2997,-5.1335,-20.9735,-10.6544,-17.0774,-17.6805,-11.1606,8.5124,3.7170,8.4217,4.0433,2.9008,7.9393,102,0.2000,102,0,0.9751,0.0216,0.0033,1.8772,-0.3932,0.0861,-3.0730,-5.1533,0.0000,1,0.1138,0.1435,10.7602,-0.0002
10.9702,IMM-UKF,jink,0.500,10.00,0.150,1,0.600,1,6.6489,6.5944,-0.0545,1.0753,0.2467,0.1065,0.1320,6.0000,5.2648,1.9701,53.2123,0.5931,-14.1259,-25.1419,-5.0428,-21.2997,-5.1335,-20.9735,-10.9180,-16.8420,-17.8146,-10.9881,9.0831,3.8422,8.9924,4.1684,3.2080,8.2999,102,0.2100,102,0,0.9751,0.0216,0.0033,1.9376,-0.5505,0.0972,-3.1346,-5.1161,0.0000,1,0.1138,0.1435,10.7602,-0.0002
10.9802,IMM-UKF,jink,0.500,10.00,0.150,1,0.600,1,6.6227,6.6880,0.0653,1.1024,0.2467,0.1065,0.1318,6.0000,5.2648,1.9704,55.8695,0.5941,-14.7094,-25.2587,-5.0428,-21.2997,-5.1335,-20.9735,-11.1834,-16.6073,-17.9557,-10.8202,9.6666,3.9590,9.5759,4.2853,3.5261,8.6514,102,0.2200,102,0,0.9751,0.0216,0.0033,1.9997,-0.7050,0.1080,-3.1958,-5.0781,0.0000,1,0.1138,0.1435,10.7602,-0.0002
10.9902,IMM-UKF,jink,0.500,10.00,0.150,1,0.600,1,6.5992,6.7845,0.1853,1.1304,0.2467,0.1065,0.1314,6.0000,5.2648,1.9707,58.5160,0.5952,-15.3053,-25.3669,-5.0428,-21.2997,-5.1335,-20.9735,-11.4507,-16.3737,-18.1036,-10.6568,10.2625,4.0671,10.1718,4.3934,3.8546,8.9932,102,0.2300,102,0,0.9751,0.0216,0.0033,2.0636,-0.8568,0.1187,-3.2565,-5.0394,0.0000,1,0.1138,0.1435,10.7602,-0.0002
11.0002,IMM-UKF,jink,0.500,10.00,0.150,1,0.600,1,6.5783,6.8839,0.3056,1.1593,0.2467,0.1065,0.1308,6.0000,5.2648,1.9711,61.1491,0.5964,-15.9132,-25.4660,-5.0428,-21.2997,-5.1335,-20.9735,-11.7202,-16.1414,-18.2582,-10.4978,10.8704,4.1663,10.7797,4.4925,4.1931,9.3246,102,0.2400,102,0,0.9751,0.0216,0.0033,2.1293,-1.0058,0.1292,-3.3167,-4.9999,0.0000,1,0.1138,0.1435,10.7602,-0.0002
11.0102,IMM-UKF,jink,0.500,10.00,0.150,1,0.600,1,6.5599,6.7326,0.1726,1.1492,0.2520,0.1081,0.1249,6.0000,4.8848,0.5604,25.6007,0.5976,-16.5327,-25.5559,-8.1871,-23.1868,-8.1246,-23.1035,-12.3768,-23.5660,-20.3731,-24.9169,8.3456,2.3691,8.4081,2.4524,4.1559,1.9899,103,0.1600,103,0,0.6122,0.2073,0.1805,2.1966,-1.1519,0.1394,-3.3765,-4.9598,0.0000,1,0.1138,0.1435,10.8498,-0.0002
11.0202,IMM-UKF,jink,0.500,10.00,0.150,1,0.600,1,6.5442,6.8200,0.2758,1.1818,0.2520,0.1081,0.1239,6.0000,4.8848,0.5565,27.5711,0.5989,-17.1630,-25.6364,-8.1871,-23.1868,-8.1246,-23.1035,-12.6638,-23.5357,-20.5419,-24.7130,8.9759,2.4495,9.0385,2.5328,4.4992,2.1007,103,0.1700,103,0,0.6122,0.2073,0.1805,2.2656,-1.2953,0.1495,-3.4358,-4.9189,0.0000,1,0.1138,0.1435,10.8498,-0.0002
11.0302,IMM-UKF,jink,0.500,10.00,0.150,1,0.600,1,6.5312,6.9101,0.3790,1.2153,0.2520,0.1081,0.1227,6.0000,4.8848,0.5525,29.5789,0.6003,-17.8038,-25.7071,-8.1871,-23.1868,-8.1246,-23.1035,-12.9533,-23.4980,-20.7167,-24.5118,9.6167,2.5203,9.6792,2.6035,4.8505,2.2091,103,0.1800,103,0,0.6122,0.2073,0.1805,2.3361,-1.4360,0.1594,-3.4946,-4.8773,0.0000,1,0.1138,0.1435,10.8498,-0.0002
11.0402,IMM-UKF,jink,0.500,10.00,0.150,1,0.600,1,6.5207,7.0029,0.4822,1.2497,0.2520,0.1081,0.1213,6.0000,4.8848,0.5487,31.6201,0.6017,-18.4543,-25.7679,-8.1871,-23.1868,-8.1246,-23.1035,-13.2453,-23.4536,-20.8974,-24.3134,10.2672,2.5810,10.3298,2.6643,5.2090,2.3143,103,0.1900,103,0,0.6122,0.2073,0.1805,2.4082,-1.5738,0.1692,-3.5528,-4.8350,0.0000,1,0.1138,0.1435,10.8498,-0.0002
11.0502,IMM-UKF,jink,0.500,10.00,0.150,1,0.600,1,6.5129,7.0981,0.5853,1.2850,0.2520,0.1081,0.1202,6.0000,4.8848,0.5514,33.7026,0.6023,-19.1164,-25.8185,-8.1871,-23.1868,-8.1246,-23.1035,-13.5398,-23.4028,-21.0838,-24.1178,10.9293,2.6317,10.9919,2.7150,5.5766,2.4158,103,0.2000,103,0,0.6122,0.2073,0.1805,2.4818,-1.7088,0.1788,-3.6106,-4.7920,0.0000,1,0.1138,0.1435,10.8498,-0.0002
11.0602,IMM-UKF,jink,0.500,10.00,0.150,1,0.600,1,6.5077,7.1959,0.6882,1.3211,0.2520,0.1081,0.1189,6.0000,4.8848,0.5549,35.8113,0.6025,-19.7870,-25.8591,-8.1871,-23.1868,-8.1246,-23.1035,-13.8368,-23.3461,-21.2756,-23.9251,11.5999,2.6722,11.6625,2.7555,5.9502,2.5130,103,0.2100,103,0,0.6122,0.2073,0.1805,2.5567,-1.8411,0.1882,-3.6678,-4.7484,0.0000,1,0.1138,0.1435,10.8498,-0.0002
11.0702,IMM-UKF,jink,0.500,10.00,0.150,1,0.600,1,6.5052,7.2961,0.7910,1.3580,0.2520,0.1081,0.1177,6.0000,4.8848,0.5526,37.9315,0.6032,-20.4633,-25.8892,-8.1871,-23.1868,-8.1246,-23.1035,-14.1363,-23.2840,-21.4727,-23.7353,12.2761,2.7023,12.3387,2.7856,6.3270,2.6051,103,0.2200,103,0,0.6122,0.2073,0.1805,2.6331,-1.9707,0.1975,-3.7246,-4.7040,0.0000,1,0.0985,0.1460,10.8498,0.0017
11.0802,IMM-UKF,jink,0.500,10.00,0.150,1,0.600,1,6.5053,7.3988,0.8935,1.3957,0.2520,0.1081,0.1165,6.0000,4.8848,0.5491,40.0675,0.6041,-21.1460,-25.9088,-8.1871,-23.1868,-8.1246,-23.1035,-14.4381,-23.2170,-21.6748,-23.5487,12.9589,2.7220,13.0214,2.8053,6.7079,2.6918,103,0.2300,103,0,0.6122,0.2073,0.1805,2.7107,-2.0975,0.2066,-3.7807,-4.6590,0.0000,1,0.0985,0.1460,10.8498,0.0017
11.0902,IMM-UKF,jink,0.500,10.00,0.150,1,0.600,1,6.5080,7.5037,0.9957,1.4341,0.2520,0.1081,0.1150,6.0000,4.8848,0.5457,42.2181,0.6050,-21.8349,-25.9180,-8.1871,-23.1868,-8.1246,-23.1035,-14.7423,-23.1454,-21.8816,-23.3650,13.6478,2.7311,13.7103,2.8144,7.0926,2.7726,103,0.2400,103,0,0.6122,0.2073,0.1805,2.7896,-2.2216,0.2156,-3.8364,-4.6133,0.0000,1,0.0985,0.1460,10.8498,0.0017
11.1002,IMM-UKF,jink,0.500,10.00,0.150,1,0.600,1,6.5135,6.4608,-0.0527,1.1252,0.2481,0.1067,0.1172,6.0000,3.7092,1.4096,22.8362,0.6060,-22.5291,-25.9165,-12.9977,-24.8835,-12.9964,-24.6459,-18.5806,-24.5841,-30.2683,-24.3877,9.5315,1.0330,9.5327,1.2707,3.9486,1.3325,104,0.1500,104,0,0.6719,0.2608,0.0673,2.8697,-2.3430,0.2244,-3.8914,-4.5669,0.0000,1,0.0985,0.1460,10.9500,0.0017
11.1102,IMM-UKF,jink,0.500,10.00,0.150,1,0.600,1,6.5216,6.5424,0.0208,1.1557,0.2481,0.1067,0.1153,6.0000,3.7092,1.4092,24.4545,0.6071,-23.2280,-25.9046,-12.9977,-24.8835,-12.9964,-24.6459,-18.9842,-24.5214,-30.4638,-24.1816,10.2303,1.0210,10.2315,1.2587,4.2438,1.3832,104,0.1600,104,0,0.6719,0.2608,0.0673,2.9508,-2.4617,0.2331,-3.9460,-4.5199,0.0000,1,0.0985,0.1460,10.9500,0.0017
11.1202,IMM-UKF,jink,0.500,10.00,0.150,1,0.600,1,6.5323,6.6266,0.0943,1.1870,0.2481,0.1067,0.1132,6.0000,3.7092,1.4088,26.0927,0.6082,-23.9305,-25.8820,-12.9977,-24.8835,-12.9964,-24.6459,-19.3875,-24.4518,-30.6632,-23.9781,10.9328,0.9985,10.9340,1.2362,4.5430,1.4303,104,0.1700,104,0,0.6719,0.2608,0.0673,3.0330,-2.5778,0.2417,-3.9999,-4.4722,0.0000,1,0.0985,0.1460,10.9500,0.0017
11.1302,IMM-UKF,jink,0.500,10.00,0.150,1,0.600,1,6.5457,6.7133,0.1675,1.2191,0.2481,0.1067,0.1108,6.0000,3.7092,1.4084,27.7468,0.6093,-24.6359,-25.8491,-12.9977,-24.8835,-12.9964,-24.6459,-19.7904,-24.3758,-30.8664,-23.7774,11.6382,0.9656,11.6395,1.2032,4.8455,1.4733,104,0.1800,104,0,0.6719,0.2608,0.0673,3.1162,-2.6913,0.2502,-4.0533,-4.4239,0.0000,1,0.0985,0.1460,10.9500,0.0017
11.1402,IMM-UKF,jink,0.500,10.00,0.150,1,0.600,1,6.5618,6.8024,0.2405,1.2520,0.2481,0.1067,0.1083,6.0000,3.7092,1.4081,29.4131,0.6104,-25.3433,-25.8057,-12.9977,-24.8835,-12.9964,-24.6459,-20.1928,-24.2938,-31.0731,-23.5795,12.3457,0.9222,12.3469,1.1599,5.1505,1.5119,104,0.1900,104,0,0.6719,0.2608,0.0673,3.2003,-2.8022,0.2586,-4.1061,-4.3749,0.0000,1,0.0985,0.1460,10.9500,0.0017
11.1502,IMM-UKF,jink,0.500,10.00,0.150,1,0.600,1,6.5806,6.8939,0.3133,1.2857,0.2481,0.1067,0.1055,6.0000,3.7092,1.4078,31.0877,0.6114,-26.0519,-25.7522,-12.9977,-24.8835,-12.9964,-24.6459,-20.5946,-24.2064,-31.2831,-23.3845,13.0542,0.8687,13.0555,1.1063,5.4573,1.5458,104,0.2000,104,0,0.6719,0.2608,0.0673,3.2852,-2.9106,0.2668,-4.1583,-4.3253,0.0000,1,0.0985,0.1460,10.9500,0.0017
11.1602,IMM-UKF,jink,0.500,10.00,0.150,1,0.600,1,6.6020,6.9877,0.3858,1.3201,0.2481,0.1067,0.1025,6.0000,3.7092,1.4075,32.7673,0.6125,-26.7609,-25.6886,-12.9977,-24.8835,-12.9964,-24.6459,-20.9957,-24.1140,-31.4962,-23.1925,13.7632,0.8051,13.7644,1.0427,5.7651,1.5746,104,0.2100,104,0,0.6719,0.2608,0.0673,3.3710,-3.0165,0.2750,-4.2099,-4.2751,0.0000,1,0.0985,0.1460,10.9500,0.0017
11.1702,IMM-UKF,jink,0.500,10.00,0.150,1,0.600,1,6.6261,7.0839,0.4579,1.3552,0.2481,0.1067,0.0993,6.0000,3.7092,1.4073,34.4482,0.6134,-27.4692,-25.6151,-12.9977,-24.8835,-12.9964,-24.6459,-21.3959,-24.0170,-31.7121,-23.0035,14.4715,0.7316,14.4728,0.9692,6.0733,1.5981,104,0.2200,104,0,0.6719,0.2608,0.0673,3.4574,-3.1199,0.2831,-4.2609,-4.2243,0.0000,1,0.0852,0.1436,10.9500,0.0018
11.1802,IMM-UKF,jink,0.500,10.00,0.150,1,0.600,1,6.6528,7.1824,0.5296,1.3910,0.2481,0.1067,0.0959,6.0000,3.7092,1.4072,36.1273,0.6143,-28.1763,-25.5320,-12.9977,-24.8835,-12.9964,-24.6459,-21.7952,-23.9159,-31.9307,-22.8176,15.1786,0.6485,15.1799,0.8861,6.3811,1.6162,104,0.2300,104,0,0.6719,0.2608,0.0673,3.5445,-3.2209,0.2911,-4.3113,-4.1729,0.0000,1,0.0852,0.1436,10.9500,0.0018
11.1902,IMM-UKF,jink,0.500,10.00,0.150,1,0.600,1,6.6822,7.2831,0.6009,1.4276,0.2481,0.1067,0.0924,6.0000,3.7092,1.4071,37.8012,0.6151,-28.8812,-25.4395,-12.9977,-24.8835,-12.9964,-24.6459,-22.1933,-23.8110,-32.1516,-22.6348,15.8835,0.5560,15.8847,0.7936,6.6878,1.6285,104,0.2400,104,0,0.6719,0.2608,0.0673,3.6322,-3.3195,0.2991,-4.3610,-4.1208,0.0000,1,0.0852,0.1436,10.9500,0.0018
11.2002,IMM-UKF,jink,0.500,10.00,0.150,1,0.600,1,6.7142,7.3860,0.6718,1.4648,0.2481,0.1067,0.0886,6.0000,3.7092,1.4071,39.4671,0.6157,-29.5831,-25.3379,-12.9977,-24.8835,-12.9964,-24.6459,-22.5902,-23.7028,-32.3748,-22.4551,16.5854,0.4544,16.5867,0.6920,6.9929,1.6351,104,0.2500,104,0,0.6719,0.2608,0.0673,3.7205,-3.4158,0.3070,-4.4102,-4.0682,0.0000,1,0.0852,0.1436,10.9500,0.0018
11.2102,IMM-UKF,jink,0.500,10.00,0.150,1,0.600,1,6.7489,7.4911,0.7422,1.5027,0.2481,0.1067,0.0849,6.0000,3.7092,1.4066,41.1292,0.6151,-30.2827,-25.2274,-12.9977,-24.8835,-12.9964,-24.6459,-22.9858,-23.5917,-32.5999,-22.2785,17.2850,0.3439,17.2863,0.5816,7.2970,1.6358,104,0.2600,104,0,0.6719,0.2608,0.0673,3.8092,-3.5098,0.3148,-4.4587,-4.0150,0.0000,1,0.0852,0.1436,10.9500,0.0018
11.2202,IMM-UKF,jink,0.500,10.00,0.150,1,0.600,1,6.7862,6.2728,-0.5134,1.1116,0.2467,0.1066,0.0827,6.0000,3.1490,2.0432,21.7859,0.6134,-30.9788,-25.1086,-20.4633,-25.8892,-20.1751,-25.6575,-26.9660,-25.3284,-40.7884,-23.6773,10.5155,-0.7806,10.8037,-0.5490,4.0128,-0.2198,105,0.1500,105,0,0.8241,0.1620,0.0139,3.8983,-3.6016,0.3226,-4.5065,-3.9612,0.0000,1,0.0852,0.1436,11.0719,0.0018
11.2302,IMM-UKF,jink,0.500,10.00,0.150,1,0.600,1,6.8262,6.3519,-0.4743,1.1380,0.2467,0.1066,0.0792,6.0000,3.1490,2.0440,22.9581,0.6128,-31.6678,-24.9815,-20.4633,-25.8892,-20.1751,-25.6575,-27.4450,-25.2340,-41.0019,-23.4789,11.2046,-0.9077,11.4927,-0.6760,4.2228,-0.2525,105,0.1600,105,0,0.8241,0.1620,0.0139,3.9878,-3.6911,0.3305,-4.5537,-3.9068,0.0000,1,0.0852,0.1436,11.0719,0.0018
11.2402,IMM-UKF,jink,0.500,10.00,0.150,1,0.600,1,6.8688,6.4333,-0.4354,1.1651,0.2467,0.1066,0.0758,6.0000,3.1490,2.0427,24.1171,0.6123,-32.3503,-24.8467,-20.4633,-25.8892,-20.1751,-25.6575,-27.9209,-25.1337,-41.2165,-23.2833,11.8871,-1.0425,12.1752,-0.8109,4.4294,-0.2870,105,0.1700,105,0,0.8241,0.1620,0.0139,4.0776,-3.7786,0.3383,-4.6003,-3.8519,0.0000,1,0.0852,0.1436,11.0719,0.0018
11.2502,IMM-UKF,jink,0.500,10.00,0.150,1,0.600,1,6.9139,6.5170,-0.3969,1.1930,0.2467,0.1066,0.0722,6.0000,3.1490,2.0417,25.2639,0.6118,-33.0263,-24.7044,-20.4633,-25.8892,-20.1751,-25.6575,-28.3936,-25.0280,-41.4319,-23.0908,12.5631,-1.1848,12.8512,-0.9532,4.6328,-0.3237,105,0.1800,105,0,0.8241,0.1620,0.0139,4.1677,-3.8639,0.3462,-4.6462,-3.7964,0.0000,1,0.0852,0.1436,11.0719,0.0018
11.2602,IMM-UKF,jink,0.500,10.00,0.150,1,0.600,1,6.9617,6.6031,-0.3586,1.2217,0.2467,0.1066,0.0684,6.0000,3.1490,2.0410,26.3965,0.6111,-33.6952,-24.5550,-20.4633,-25.8892,-20.1751,-25.6575,-28.8627,-24.9175,-41.6480,-22.9015,13.2319,-1.3342,13.5201,-1.1025,4.8325,-0.3624,105,0.1900,105,0,0.8241,0.1620,0.0139,4.2580,-3.9471,0.3541,-4.6914,-3.7404,0.0000,1,0.0956,0.1575,11.0719,-0.0004
11.2702,IMM-UKF,jink,0.500,10.00,0.150,1,0.600,1,7.0120,6.6914,-0.3206,1.2511,0.2467,0.1066,0.0644,6.0000,3.1490,2.0406,27.5130,0.6102,-34.3563,-24.3990,-20.4633,-25.8892,-20.1751,-25.6575,-29.3282,-24.8026,-41.8647,-22.7156,13.8931,-1.4901,14.1812,-1.2585,5.0282,-0.4035,105,0.2000,105,0,0.8241,0.1620,0.0139,4.3484,-4.0284,0.3622,-4.7360,-3.6838,0.0000,1,0.0956,0.1575,11.0719,-0.0004
11.2802,IMM-UKF,jink,0.500,10.00,0.150,1,0.600,1,7.0650,6.7820,-0.2830,1.2814,0.2467,0.1066,0.0603,6.0000,3.1490,2.0406,28.6114,0.6091,-35.0093,-24.2368,-20.4633,-25.8892,-20.1751,-25.6575,-29.7898,-24.6838,-42.0817,-22.5332,14.5460,-1.6524,14.8341,-1.4207,5.2194,-0.4471,105,0.2100,105,0,0.8241,0.1620,0.0139,4.4389,-4.1077,0.3704,-4.7798,-3.6268,0.0000,1,0.0956,0.1575,11.0719,-0.0004
11.2902,IMM-UKF,jink,0.500,10.00,0.150,1,0.600,1,7.1204,6.8747,-0.2457,1.3124,0.2467,0.1066,0.0570,6.0000,3.1490,2.0567,29.7116,0.6051,-35.6574,-24.0687,-20.4633,-25.8892,-20.1751,-25.6575,-30.2475,-24.5618,-42.2990,-22.3546,15.1941,-1.8205,15.4822,-1.5888,5.4099,-0.4931,105,0.2200,105,0,0.8241,0.1620,0.0139,4.5295,-4.1851,0.3789,-4.8230,-3.5691,0.0000,1,0.0956,0.1575,11.0719,-0.0004
11.3002,IMM-UKF,jink,0.500,10.00,0.150,1,0.600,1,7.1784,6.9697,-0.2087,1.3441,0.2467,0.1066,0.0570,6.0000,3.1490,2.1361,30.8723,0.6000,-36.3114,-23.8954,-20.4633,-25.8892,-20.1751,-25.6575,-30.7010,-24.4371,-42.5164,-22.1802,15.8481,-1.9937,16.1362,-1.7621,5.6104,-0.5417,105,0.2300,105,0,0.8241,0.1620,0.0139,4.6201,-4.2606,0.3876,-4.8655,-3.5110,0.0000,1,0.0956,0.1575,11.0719,-0.0004
11.3102,IMM-UKF,jink,0.500,10.00,0.150,1,0.600,1,7.2390,7.0669,-0.1720,1.3766,0.2467,0.1066,0.0592,6.0000,3.1490,2.1734,31.9515,0.5996,-36.9449,-23.7175,-20.4633,-25.8892,-20.1751,-25.6575,-31.1501,-24.3104,-42.7338,-22.0105,16.4817,-2.1717,16.7698,-1.9400,5.7948,-0.5929,105,0.2400,105,0,0.8241,0.1620,0.0139,4.7106,-4.3343,0.3969,-4.9073,-3.4524,0.0000,1,0.0956,0.1575,11.0719,-0.0004
11.3202,IMM-UKF,jink,0.500,10.00,0.150,1,0.600,1,7.3020,6.1160,-1.1860,1.0190,0.2427,0.1051,0.0673,6.0000,3.3635,1.9566,13.6579,0.5944,-37.5597,-23.5350,-27.4692,-25.6151,-27.1550,-25.5158,-35.1115,-23.9663,-49.6418,-20.0239,10.0904,-2.0801,10.4047,-1.9807,2.4482,-0.4313,106,0.1500,106,0,0.9254,0.0687,0.0059,4.8011,-4.4062,0.4068,-4.9483,-3.3932,0.0000,1,0.0956,0.1575,11.1720,-0.0004
11.3302,IMM-UKF,jink,0.500,10.00,0.150,1,0.600,1,7.3675,6.1969,-1.1706,1.0422,0.2427,0.1051,0.0711,6.0000,3.3635,1.9548,14.2149,0.5891,-38.1640,-23.3485,-27.4692,-25.6151,-27.1550,-25.5158,-35.6231,-23.8146,-49.8375,-19.8557,10.6948,-2.2666,11.0090,-2.1673,2.5409,-0.4662,106,0.1600,106,0,0.9254,0.0687,0.0059,4.8914,-4.4764,0.4177,-4.9887,-3.3336,0.0000,1,0.0956,0.1575,11.1720,-0.0004
11.3402,IMM-UKF,jink,0.500,10.00,0.150,1,0.600,1,7.4355,6.2803,-1.1552,1.0662,0.2427,0.1051,0.0747,6.0000,3.3635,1.9529,14.7562,0.5838,-38.7577,-23.1584,-27.4692,-25.6151,-27.1550,-25.5158,-36.1280,-23.6624,-50.0324,-19.6970,11.2884,-2.4568,11.6027,-2.3574,2.6297,-0.5040,106,0.1700,106,0,0.9254,0.0687,0.0059,4.9814,-4.5448,0.4303,-5.0283,-3.2735,0.0000,1,0.0956,0.1575,11.1720,-0.0004
11.3502,IMM-UKF,jink,0.500,10.00,0.150,1,0.600,1,7.5060,6.3661,-1.1398,1.0911,0.2427,0.1051,0.0782,6.0000,3.3635,1.9509,15.2851,0.5785,-39.3404,-22.9653,-27.4692,-25.6151,-27.1550,-25.5158,-36.6260,-23.5126,-50.2264,-19.5534,11.8712,-2.6498,12.1854,-2.5505,2.7144,-0.5473,106,0.1800,106,0,0.9254,0.0687,0.0059,5.0711,-4.6113,0.4461,-5.0673,-3.2129,0.0000,1,0.0956,0.1575,11.1720,-0.0004
11.3602,IMM-UKF,jink,0.500,10.00,0.150,1,0.600,1,7.5789,6.4547,-1.1242,1.1169,0.2427,0.1051,0.0815,6.0000,3.3635,1.9491,15.8140,0.5733,-39.9120,-22.7702,-27.4692,-25.6151,-27.1550,-25.5158,-37.1167,-23.3744,-50.4193,-19.4437,12.4428,-2.8449,12.7570,-2.7455,2.7953,-0.6042,106,0.1900,106,0,0.9254,0.0687,0.0059,5.1597,-4.6757,0.4701,-5.1054,-3.1519,0.0000,1,0.0989,0.1592,11.1720,-0.0020
11.3702,IMM-UKF,jink,0.500,10.00,0.150,1,0.600,1,7.6543,6.5466,-1.1076,1.1436,0.2427,0.1051,0.0845,6.0000,3.3635,1.9471,16.4996,0.5680,-40.4719,-22.5775,-27.4692,-25.6151,-27.1550,-25.5158,-37.5924,-23.3297,-50.6096,-19.5473,13.0027,-3.0376,13.3170,-2.9382,2.8795,-0.7522,106,0.2000,106,0,0.9254,0.0687,0.0059,5.2348,-4.7282,0.5459,-5.1429,-3.0904,0.0000,1,0.0989,0.1592,11.1720,-0.0020
11.3802,IMM-UKF,jink,0.500,10.00,0.150,1,0.600,1,7.7288,6.5736,-1.1552,1.1715,0.2427,0.1051,0.0876,6.0000,3.3635,1.9498,18.3008,0.5635,-41.0157,-22.3930,-27.4692,-25.6151,-27.1550,-25.5158,-37.8963,-23.4355,-50.7622,-19.8978,13.5465,-3.2221,13.8608,-3.1227,3.1194,-1.0425,106,0.2100,106,0,0.9254,0.0687,0.0059,5.0416,-4.5719,0.5665,-5.1796,-3.0285,0.0000,1,0.0989,0.1592,11.1720,-0.0020
11.3902,IMM-UKF,jink,0.500,10.00,0.150,1,0.600,1,7.8024,6.5948,-1.2077,1.2004,0.2427,0.1051,0.0908,6.0000,3.3635,1.9574,20.1136,0.5596,-41.5442,-22.2151,-27.4692,-25.6151,-27.1550,-25.5158,-38.1859,-23.5213,-50.9132,-20.1820,14.0749,-3.4000,14.3892,-3.3006,3.3583,-1.3062,106,0.2200,106,0,0.9254,0.0687,0.0059,4.8482,-4.4169,0.5652,-5.2156,-2.9661,0.0000,1,0.0989,0.1592,11.1720,-0.0020
11.4002,IMM-UKF,jink,0.500,10.00,0.150,1,0.600,1,7.8750,6.6117,-1.2634,1.2300,0.2427,0.1051,0.0941,6.0000,3.3635,1.9592,21.9454,0.5550,-42.0558,-22.0431,-27.4692,-25.6151,-27.1550,-25.5158,-38.4627,-23.6104,-51.0630,-20.4556,14.5866,-3.5720,14.9009,-3.4726,3.5931,-1.5673,106,0.2300,106,0,0.9254,0.0687,0.0059,4.6561,-4.2642,0.5584,-5.2508,-2.9033,0.0000,1,0.0989,0.1592,11.1720,-0.0020
11.4102,IMM-UKF,jink,0.500,10.00,0.150,1,0.600,1,7.9466,6.6246,-1.3220,1.2606,0.2427,0.1051,0.0973,6.0000,3.3635,1.9574,23.8005,0.5501,-42.5519,-21.8767,-27.4692,-25.6151,-27.1550,-25.5158,-38.7274,-23.7072,-51.2119,-20.7298,15.0826,-3.7384,15.3969,-3.6390,3.8245,-1.8305,106,0.2400,106,0,0.9254,0.0687,0.0059,4.4654,-4.1138,0.5491,-5.2853,-2.8401,0.0000,1,0.0989,0.1592,11.1720,-0.0020
11.4202,IMM-UKF,jink,0.500,10.00,0.150,1,0.600,1,8.0172,6.3273,-1.6899,0.9694,0.2386,0.1036,0.1044,6.0000,3.7746,2.7036,12.7472,0.5454,-43.0335,-21.7155,-33.6952,-24.5550,-33.2820,-24.3561,-41.0799,-22.8419,-54.8927,-19.0539,9.3383,-2.8395,9.7515,-2.6406,1.9536,-1.1264,107,0.1600,107,0,0.9603,0.0338,0.0059,4.2761,-3.9657,0.5384,-5.3190,-2.7765,0.0000,1,0.0989,0.1592,11.2598,-0.0020
11.4302,IMM-UKF,jink,0.500,10.00,0.150,1,0.600,1,8.0868,6.3492,-1.7376,0.9929,0.2386,0.1036,0.1073,6.0000,3.7746,2.7025,13.9187,0.5409,-43.5014,-21.5594,-33.6952,-24.5550,-33.2820,-24.3561,-41.4255,-22.8690,-55.1199,-19.2672,9.8062,-2.9956,10.2194,-2.7967,2.0758,-1.3096,107,0.1700,107,0,0.9603,0.0338,0.0059,4.0882,-3.8198,0.5269,-5.3519,-2.7124,0.0000,1,0.0989,0.1592,11.2598,-0.0020
11.4402,IMM-UKF,jink,0.500,10.00,0.150,1,0.600,1,8.1552,6.3672,-1.7880,1.0174,0.2386,0.1036,0.1100,6.0000,3.7746,2.7013,15.1242,0.5366,-43.9560,-21.4081,-33.6952,-24.5550,-33.2820,-24.3561,-41.7599,-22.9073,-55.3492,-19.4871,10.2609,-3.1469,10.6741,-2.9480,2.1961,-1.4992,107,0.1800,107,0,0.9603,0.0338,0.0059,3.9017,-3.6760,0.5148,-5.3841,-2.6480,0.0000,1,0.0989,0.1592,11.2598,-0.0020
11.4502,IMM-UKF,jink,0.500,10.00,0.150,1,0.600,1,8.2227,6.3815,-1.8412,1.0429,0.2386,0.1036,0.1125,6.0000,3.7746,2.7002,16.3625,0.5324,-44.3980,-21.2614,-33.6952,-24.5550,-33.2820,-24.3561,-42.0836,-22.9566,-55.5810,-19.7145,10.7028,-3.2936,11.1160,-3.0947,2.3143,-1.6952,107,0.1900,107,0,0.9603,0.0338,0.0059,3.7166,-3.5344,0.5024,-5.4154,-2.5832,0.0000,1,0.0989,0.1592,11.2598,-0.0020
11.4602,IMM-UKF,jink,0.500,10.00,0.150,1,0.600,1,8.2890,6.3920,-1.8970,1.0692,0.2386,0.1036,0.1149,6.0000,3.7746,2.6991,17.6326,0.5285,-44.8276,-21.1192,-33.6952,-24.5550,-33.2820,-24.3561,-42.3975,-23.0171,-55.8154,-19.9501,11.1325,-3.4359,11.5457,-3.2369,2.4302,-1.8979,107,0.2000,107,0,0.9603,0.0338,0.0059,3.5328,-3.3948,0.4898,-5.4460,-2.5180,0.0000,1,0.0894,0.1473,11.2598,-0.0017
11.4702,IMM-UKF,jink,0.500,10.00,0.150,1,0.600,1,8.3543,6.3990,-1.9553,1.0964,0.2386,0.1036,0.1171,6.0000,3.7746,2.6979,18.9343,0.5247,-45.2455,-20.9812,-33.6952,-24.5550,-33.2820,-24.3561,-42.7020,-23.0886,-56.0529,-20.1947,11.5503,-3.5738,11.9635,-3.3749,2.5435,-2.1073,107,0.2100,107,0,0.9603,0.0338,0.0059,3.3505,-3.2572,0.4771,-5.4759,-2.4525,0.0000,1,0.0894,0.1473,11.2598,-0.0017
11.4802,IMM-UKF,jink,0.500,10.00,0.150,1,0.600,1,8.4185,6.4023,-2.0162,1.1246,0.2386,0.1036,0.1191,6.0000,3.7746,2.6967,20.2677,0.5210,-45.6520,-20.8475,-33.6952,-24.5550,-33.2820,-24.3561,-42.9978,-23.1710,-56.2939,-20.4489,11.9568,-3.7076,12.3701,-3.5087,2.6543,-2.3236,107,0.2200,107,0,0.9603,0.0338,0.0059,3.1696,-3.1216,0.4643,-5.5049,-2.3866,0.0000,1,0.0894,0.1473,11.2598,-0.0017
11.4902,IMM-UKF,jink,0.500,10.00,0.150,1,0.600,1,8.4815,6.4021,-2.0795,1.1536,0.2386,0.1036,0.1211,6.0000,3.7746,2.6955,21.6332,0.5175,-46.0476,-20.7177,-33.6952,-24.5550,-33.2820,-24.3561,-43.2854,-23.2645,-56.5385,-20.7132,12.3524,-3.8374,12.7656,-3.6384,2.7622,-2.5468,107,0.2300,107,0,0.9603,0.0338,0.0059,2.9902,-2.9880,0.4514,-5.5332,-2.3204,0.0000,1,0.0894,0.1473,11.2598,-0.0017
11.5002,IMM-UKF,jink,0.500,10.00,0.150,1,0.600,1,8.5435,6.3984,-2.1451,1.1834,0.2386,0.1036,0.1228,6.0000,3.7746,2.6944,23.0314,0.5141,-46.4326,-20.5918,-33.6952,-24.5550,-33.2820,-24.3561,-43.5654,-23.3690,-56.7874,-20.9883,12.7374,-3.9633,13.1506,-3.7644,2.8672,-2.7773,107,0.2400,107,0,0.9603,0.0338,0.0059,2.8121,-2.8562,0.4386,-5.5606,-2.2538,0.0000,1,0.0894,0.1473,11.2598,-0.0017
11.5102,IMM-UKF,jink,0.500,10.00,0.150,1,0.600,1,8.6044,6.3913,-2.2131,1.2142,0.2386,0.1036,0.1245,6.0000,3.7746,2.6932,24.4633,0.5109,-46.8073,-20.4696,-33.6952,-24.5550,-33.2820,-24.3561,-43.8382,-23.4846,-57.0408,-21.2748,13.1121,-4.0855,13.5253,-3.8866,2.9692,-3.0150,107,0.2500,107,0,0.9603,0.0338,0.0059,2.6354,-2.7263,0.4258,-5.5872,-2.1869,0.0000,1,0.0894,0.1473,11.2598,-0.0017
11.5202,IMM-UKF,jink,0.500,10.00,0.150,1,0.600,1,8.6642,6.5407,-2.1236,1.0261,0.2388,0.1034,0.1258,6.0000,4.3680,1.8293,9.6992,0.5078,-47.1722,-20.3510,-39.9120,-22.7702,-39.6209,-22.6243,-46.4806,-21.8380,-61.0330,-19.0873,7.2602,-2.4192,7.5513,-2.2733,0.6916,-1.4870,108,0.1600,108,0,0.9660,0.0287,0.0052,2.4602,-2.5983,0.4131,-5.6131,-2.1197,0.0000,1,0.0894,0.1473,11.3582,-0.0017
11.5302,IMM-UKF,jink,0.500,10.00,0.150,1,0.600,1,8.7229,6.5448,-2.1782,1.0499,0.2388,0.1034,0.1271,6.0000,4.3680,1.8283,10.6055,0.5048,-47.5275,-20.2359,-39.9120,-22.7702,-39.6209,-22.6243,-46.8263,-21.8831,-61.3713,-19.2942,7.6155,-2.5343,7.9066,-2.3883,0.7012,-1.6471,108,0.1700,108,0,0.9660,0.0287,0.0052,2.2864,-2.4720,0.4004,-5.6381,-2.0522,0.0000,1,0.0894,0.1473,11.3582,-0.0017
11.5402,IMM-UKF,jink,0.500,10.00,0.150,1,0.600,1,8.7805,6.5454,-2.2352,1.0747,0.2388,0.1034,0.1283,6.0000,4.3680,1.8273,11.5502,0.5020,-47.8735,-20.1243,-39.9120,-22.7702,-39.6209,-22.6243,-47.1665,-21.9381,-61.7174,-19.5099,7.9615,-2.6459,8.2526,-2.5000,0.7071,-1.8138,108,0.1800,108,0,0.9660,0.0287,0.0052,2.1139,-2.3475,0.3878,-5.6623,-1.9844,0.0000,1,0.0894,0.1473,11.3582,-0.0017
11.5502,IMM-UKF,jink,0.500,10.00,0.150,1,0.600,1,8.8370,6.5426,-2.2944,1.1002,0.2388,0.1034,0.1294,6.0000,4.3680,1.8263,12.5338,0.4993,-48.2106,-20.0159,-39.9120,-22.7702,-39.6209,-22.6243,-47.5015,-22.0029,-62.0720,-19.7348,8.2986,-2.7543,8.5897,-2.6084,0.7090,-1.9870,108,0.1900,108,0,0.9660,0.0287,0.0052,1.9429,-2.2247,0.3753,-5.6857,-1.9163,0.0000,1,0.1033,0.1596,11.3582,0.0013
11.5602,IMM-UKF,jink,0.500,10.00,0.150,1,0.600,1,8.8924,6.5364,-2.3560,1.1267,0.2388,0.1034,0.1304,6.0000,4.3680,1.8253,13.5568,0.4967,-48.5389,-19.9107,-39.9120,-22.7702,-39.6209,-22.6243,-47.8321,-22.0776,-62.4357,-19.9694,8.6269,-2.8595,8.9180,-2.7136,0.7068,-2.1669,108,0.2000,108,0,0.9660,0.0287,0.0052,1.7733,-2.1036,0.3629,-5.7083,-1.8480,0.0000,1,0.1033,0.1596,11.3582,0.0013
11.5702,IMM-UKF,jink,0.500,10.00,0.150,1,0.600,1,8.9466,6.5269,-2.4197,1.1540,0.2388,0.1034,0.1312,6.0000,4.3680,1.8243,14.6201,0.4942,-48.8588,-19.8085,-39.9120,-22.7702,-39.6209,-22.6243,-48.1587,-22.1621,-62.8091,-20.2140,8.9468,-2.9617,9.2379,-2.8157,0.7001,-2.3535,108,0.2100,108,0,0.9660,0.0287,0.0052,1.6051,-1.9841,0.3507,-5.7301,-1.7793,0.0000,1,0.1033,0.1596,11.3582,0.0013
11.5802,IMM-UKF,jink,0.500,10.00,0.150,1,0.600,1,8.9998,6.5142,-2.4856,1.1821,0.2388,0.1034,0.1320,6.0000,4.3680,1.8233,15.7249,0.4918,-49.1704,-19.7094,-39.9120,-22.7702,-39.6209,-22.6243,-48.4819,-22.2565,-63.1931,-20.4692,9.2584,-3.0608,9.5495,-2.9148,0.6886,-2.5471,108,0.2200,108,0,0.9660,0.0287,0.0052,1.4383,-1.8663,0.3385,-5.7510,-1.7105,0.0000,1,0.1033,0.1596,11.3582,0.0013
11.5902,IMM-UKF,jink,0.500,10.00,0.150,1,0.600,1,9.0518,6.4983,-2.5535,1.2111,0.2388,0.1034,0.1329,6.0000,4.3680,1.8282,16.8739,0.4898,-49.4753,-19.6132,-39.9120,-22.7702,-39.6209,-22.6243,-48.8021,-22.3609,-63.5883,-20.7355,9.5633,-3.1570,9.8544,-3.0110,0.6732,-2.7476,108,0.2300,108,0,0.9660,0.0287,0.0052,1.2729,-1.7501,0.3264,-5.7711,-1.6413,0.0000,1,0.1033,0.1596,11.3582,0.0013
11.6002,IMM-UKF,jink,0.500,10.00,0.150,1,0.600,1,9.1028,6.4793,-2.6235,1.2409,0.2388,0.1034,0.1338,6.0000,4.3680,1.8331,18.0668,0.4877,-49.7724,-19.5199,-39.9120,-22.7702,-39.6209,-22.6243,-49.1198,-22.4753,-63.9956,-21.0133,9.8604,-3.2503,10.1515,-3.1044,0.6526,-2.9554,108,0.2400,108,0,0.9660,0.0287,0.0052,1.1090,-1.6354,0.3145,-5.7904,-1.5720,0.0000,1,0.1033,0.1596,11.3582,0.0013
11.6102,IMM-UKF,jink,0.500,10.00,0.150,1,0.600,1,9.1526,6.6206,-2.5320,1.0775,0.2400,0.1032,0.1336,6.0000,4.7604,0.1950,7.6906,0.4855,-50.0611,-19.4293,-44.8276,-21.1192,-44.8537,-21.1416,-50.8587,-20.4735,-66.7128,-17.4722,5.2335,-1.6899,5.2074,-1.7122,-0.7976,-1.0441,109,0.1500,109,0,0.9658,0.0289,0.0052,0.9464,-1.5222,0.3027,-5.8089,-1.5024,0.0000,1,0.1033,0.1596,11.4585,0.0013
11.6202,IMM-UKF,jink,0.500,10.00,0.150,1,0.600,1,9.2014,6.6116,-2.5898,1.1007,0.2400,0.1032,0.1346,6.0000,4.7604,0.1962,8.5052,0.4833,-50.3420,-19.3414,-44.8276,-21.1192,-44.8537,-21.1416,-51.2197,-20.4989,-67.1682,-17.6354,5.5144,-1.7778,5.4883,-1.8002,-0.8777,-1.1575,109,0.1600,109,0,0.9658,0.0289,0.0052,0.7852,-1.4106,0.2911,-5.8265,-1.4325,0.0000,1,0.1033,0.1596,11.4585,0.0013
11.6302,IMM-UKF,jink,0.500,10.00,0.150,1,0.600,1,9.2490,6.5994,-2.6496,1.1247,0.2400,0.1032,0.1355,6.0000,4.7604,0.1974,9.3664,0.4812,-50.6158,-19.2561,-44.8276,-21.1192,-44.8537,-21.1416,-51.5791,-20.5328,-67.6374,-17.8062,5.7882,-1.8631,5.7621,-1.8855,-0.9633,-1.2767,109,0.1700,109,0,0.9658,0.0289,0.0052,0.6253,-1.3004,0.2796,-5.8432,-1.3625,0.0000,1,0.1033,0.1596,11.4585,0.0013
11.6402,IMM-UKF,jink,0.500,10.00,0.150,1,0.600,1,9.2955,6.5840,-2.7115,1.1496,0.2400,0.1032,0.1362,6.0000,4.7604,0.1987,10.2754,0.4791,-50.8826,-19.1733,-44.8276,-21.1192,-44.8537,-21.1416,-51.9373,-20.5751,-68.1212,-17.9849,6.0549,-1.9458,6.0289,-1.9682,-1.0547,-1.4018,109,0.1800,109,0,0.9658,0.0289,0.0052,0.4669,-1.1916,0.2682,-5.8592,-1.2923,0.0000,1,0.1033,0.1596,11.4585,0.0013
11.6502,IMM-UKF,jink,0.500,10.00,0.150,1,0.600,1,9.3409,6.5656,-2.7753,1.1753,0.2400,0.1032,0.1369,6.0000,4.7604,0.1999,11.2339,0.4772,-51.1425,-19.0931,-44.8276,-21.1192,-44.8537,-21.1416,-52.2948,-20.6260,-68.6207,-18.1718,6.3148,-2.0261,6.2888,-2.0485,-1.1523,-1.5329,109,0.1900,109,0,0.9658,0.0289,0.0052,0.3098,-1.0843,0.2569,-5.8743,-1.2219,0.0000,1,0.1033,0.1596,11.4585,0.0013
11.6602,IMM-UKF,jink,0.500,10.00,0.150,1,0.600,1,9.3852,6.5441,-2.8411,1.2018,0.2400,0.1032,0.1375,6.0000,4.7604,0.2012,12.2434,0.4753,-51.3957,-19.0152,-44.8276,-21.1192,-44.8537,-21.1416,-52.6521,-20.6852,-69.1368,-18.3672,6.5681,-2.1040,6.5420,-2.1264,-1.2564,-1.6700,109,0.2000,109,0,0.9658,0.0289,0.0052,0.1542,-0.9784,0.2458,-5.8885,-1.1513,0.0000,1,0.0939,0.1443,11.4585,-0.0002
11.6702,IMM-UKF,jink,0.500,10.00,0.150,1,0.600,1,9.4284,6.5197,-2.9087,1.2291,0.2400,0.1032,0.1379,6.0000,4.7604,0.2025,13.3056,0.4736,-51.6424,-18.9397,-44.8276,-21.1192,-44.8537,-21.1416,-53.0099,-20.7530,-69.6708,-18.5715,6.8148,-2.1795,6.7887,-2.2019,-1.3675,-1.8133,109,0.2100,109,0,0.9658,0.0289,0.0052,-0.0002,-0.8738,0.2348,-5.9019,-1.0806,0.0000,1,0.0939,0.1443,11.4585,-0.0002
11.6802,IMM-UKF,jink,0.500,10.00,0.150,1,0.600,1,9.4706,6.4923,-2.9782,1.2573,0.2400,0.1032,0.1383,6.0000,4.7604,0.2039,14.4225,0.4719,-51.8827,-18.8665,-44.8276,-21.1192,-44.8537,-21.1416,-53.3686,-20.8294,-70.2238,-18.7849,7.0551,-2.2527,7.0290,-2.2751,-1.4859,-1.9629,109,0.2200,109,0,0.9658,0.0289,0.0052,-0.1531,-0.7705,0.2240,-5.9144,-1.0097,0.0000,1,0.0939,0.1443,11.4585,-0.0002
11.6902,IMM-UKF,jink,0.500,10.00,0.150,1,0.600,1,9.5116,6.4621,-3.0495,1.2862,0.2400,0.1032,0.1385,6.0000,4.7604,0.2052,15.5960,0.4703,-52.1168,-18.7955,-44.8276,-21.1192,-44.8537,-21.1416,-53.7288,-20.9144,-70.7972,-19.0079,7.2891,-2.3237,7.2631,-2.3460,-1.6120,-2.1189,109,0.2300,109,0,0.9658,0.0289,0.0052,-0.3047,-0.6686,0.2133,-5.9261,-0.9386,0.0000,1,0.0939,0.1443,11.4585,-0.0002
11.7002,IMM-UKF,jink,0.500,10.00,0.150,1,0.600,1,9.5515,6.4291,-3.1225,1.3159,0.2400,0.1032,0.1387,6.0000,4.7604,0.2065,16.8285,0.4688,-52.3447,-18.7267,-44.8276,-21.1192,-44.8537,-21.1416,-54.0910,-21.0082,-71.3923,-19.2407,7.5171,-2.3924,7.4910,-2.4148,-1.7463,-2.2814,109,0.2400,109,0,0.9658,0.0289,0.0052,-0.4549,-0.5679,0.2027,-5.9370,-0.8675,0.0000,1,0.0939,0.1443,11.4585,-0.0002
11.7102,IMM-UKF,jink,0.500,10.00,0.150,1,0.600,1,9.5904,6.5181,-3.0722,1.1485,0.2402,0.1025,0.1385,6.0000,4.6066,2.1943,9.0938,0.4674,-52.5666,-18.6601,-48.2106,-20.0159,-48.5055,-19.7853,-54.1188,-19.0504,-70.4548,-15.5340,4.3561,-1.3557,4.0612,-1.1252,-1.5521,-0.3903,110,0.1600,110,0,0.9636,0.0304,0.0059,-0.6038,-0.4685,0.1923,-5.9469,-0.7962,0.0000,1,0.0939,0.1443,11.5514,-0.0002
11.7202,IMM-UKF,jink,0.500,10.00,0.150,1,0.600,1,9.6281,6.4924,-3.1357,1.1724,0.2402,0.1025,0.1384,6.0000,4.6066,2.1967,9.8944,0.4661,-52.7827,-18.5956,-48.2106,-20.0159,-48.5055,-19.7853,-54.4587,-19.0622,-71.0078,-15.6577,4.5721,-1.4203,4.2772,-1.1897,-1.6760,-0.4666,110,0.1700,110,0,0.9636,0.0304,0.0059,-0.7514,-0.3703,0.1820,-5.9561,-0.7247,0.0000,1,0.0939,0.1443,11.5514,-0.0002
11.7302,IMM-UKF,jink,0.500,10.00,0.150,1,0.600,1,9.6648,6.4637,-3.2011,1.1970,0.2402,0.1025,0.1383,6.0000,4.6066,2.1990,10.7496,0.4648,-52.9930,-18.5331,-48.2106,-20.0159,-48.5055,-19.7853,-54.8002,-19.0812,-71.5815,-15.7880,4.7824,-1.4827,4.4875,-1.2522,-1.8072,-0.5481,110,0.1800,110,0,0.9636,0.0304,0.0059,-0.8976,-0.2734,0.1719,-5.9643,-0.6532,0.0000,1,0.0939,0.1443,11.5514,-0.0002
11.7402,IMM-UKF,jink,0.500,10.00,0.150,1,0.600,1,9.7004,6.4322,-3.2681,1.2224,0.2402,0.1025,0.1381,6.0000,4.6066,2.2012,11.6613,0.4636,-53.1976,-18.4727,-48.2106,-20.0159,-48.5055,-19.7853,-55.1436,-19.1076,-72.1774,-15.9251,4.9870,-1.5432,4.6921,-1.3126,-1.9460,-0.6350,110,0.1900,110,0,0.9636,0.0304,0.0059,-1.0425,-0.1776,0.1619,-5.9717,-0.5816,0.0000,1,0.0939,0.1443,11.5514,-0.0002
11.7502,IMM-UKF,jink,0.500,10.00,0.150,1,0.600,1,9.7348,6.3979,-3.3370,1.2486,0.2402,0.1025,0.1378,6.0000,4.6066,2.2034,12.6318,0.4624,-53.3966,-18.4142,-48.2106,-20.0159,-48.5055,-19.7853,-55.4895,-19.1413,-72.7970,-16.0693,5.1860,-1.6017,4.8912,-1.3711,-2.0928,-0.7271,110,0.2000,110,0,0.9636,0.0304,0.0059,-1.1861,-0.0830,0.1521,-5.9783,-0.5099,0.0000,1,0.0939,0.1443,11.5514,-0.0002
11.7602,IMM-UKF,jink,0.500,10.00,0.150,1,0.600,1,9.7683,6.3608,-3.4074,1.2757,0.2402,0.1025,0.1374,6.0000,4.6066,2.2055,13.6630,0.4614,-53.5902,-18.3576,-48.2106,-20.0159,-48.5055,-19.7853,-55.8384,-19.1824,-73.4420,-16.2208,5.3796,-1.6582,5.0847,-1.4277,-2.2482,-0.8248,110,0.2100,110,0,0.9636,0.0304,0.0059,-1.3283,0.0105,0.1423,-5.9840,-0.4381,0.0000,1,0.1026,0.1488,11.5514,-0.0018
11.7702,IMM-UKF,jink,0.500,10.00,0.150,1,0.600,1,9.8006,6.3211,-3.4795,1.3035,0.2402,0.1025,0.1369,6.0000,4.6066,2.2075,14.7575,0.4604,-53.7784,-18.3030,-48.2106,-20.0159,-48.5055,-19.7853,-56.1908,-19.2309,-74.1141,-16.3798,5.5678,-1.7129,5.2729,-1.4823,-2.4124,-0.9280,110,0.2200,110,0,0.9636,0.0304,0.0059,-1.4693,0.1028,0.1328,-5.9888,-0.3663,0.0000,1,0.1026,0.1488,11.5514,-0.0018
11.7802,IMM-UKF,jink,0.500,10.00,0.150,1,0.600,1,9.8319,6.2787,-3.5532,1.3321,0.2402,0.1025,0.1363,6.0000,4.6066,2.2095,15.9175,0.4594,-53.9613,-18.2502,-48.2106,-20.0159,-48.5055,-19.7853,-56.5474,-19.2870,-74.8152,-16.5467,5.7507,-1.7657,5.4559,-1.5351,-2.5861,-1.0368,110,0.2300,110,0,0.9636,0.0304,0.0059,-1.6089,0.1941,0.1233,-5.9928,-0.2944,0.0000,1,0.1026,0.1488,11.5514,-0.0018
11.7902,IMM-UKF,jink,0.500,10.00,0.150,1,0.600,1,9.8621,6.2337,-3.6284,1.3614,0.2402,0.1025,0.1357,6.0000,4.6066,2.2114,17.1460,0.4585,-54.1390,-18.1992,-48.2106,-20.0159,-48.5055,-19.7853,-56.9087,-19.3507,-75.5474,-16.7216,5.9284,-1.8166,5.6336,-1.5861,-2.7696,-1.1515,110,0.2400,110,0,0.9636,0.0304,0.0059,-1.7472,0.2843,0.1140,-5.9959,-0.2225,0.0000,1,0.1026,0.1488,11.5514,-0.0018
11.8002,IMM-UKF,jink,0.500,10.00,0.150,1,0.600,1,9.8912,6.1861,-3.7050,1.3916,0.2402,0.1025,0.1349,6.0000,4.6066,2.2132,18.4456,0.4577,-54.3116,-18.1501,-48.2106,-20.0159,-48.5055,-19.7853,-57.2752,-19.4222,-76.3130,-16.9049,6.1010,-1.8658,5.8061,-1.6352,-2.9636,-1.2721,110,0.2500,110,0,0.9636,0.0304,0.0059,-1.8843,0.3734,0.1049,-5.9981,-0.1505,0.0000,1,0.1026,0.1488,11.5514,-0.0018
11.8102,IMM-UKF,jink,0.500,10.00,0.150,1,0.600,1,9.9192,6.3738,-3.5454,1.1819,0.2393,0.1010,0.1350,6.0000,3.8489,0.2791,7.1272,0.4570,-54.4791,-18.1027,-51.3957,-19.0152,-51.3440,-19.0336,-55.5358,-18.7462,-70.3751,-16.8691,3.0834,-0.9125,3.1351,-0.9309,-1.0566,-0.6435,111,0.1500,111,0,0.9655,0.0293,0.0051,-2.0200,0.4615,0.0958,-5.9995,-0.0785,0.0000,1,0.1026,0.1488,11.6599,-0.0018
11.8202,IMM-UKF,jink,0.500,10.00,0.150,1,0.600,1,9.9462,6.3369,-3.6093,1.2049,0.2393,0.1010,0.1341,6.0000,3.8489,0.2773,7.9204,0.4560,-54.6417,-18.0571,-51.3957,-19.0152,-51.3440,-19.0336,-55.8076,-18.7842,-70.9420,-17.0537,3.2459,-0.9581,3.2976,-0.9765,-1.1660,-0.7271,111,0.1600,111,0,0.9655,0.0293,0.0051,-2.1545,0.5486,0.0869,-6.0000,-0.0065,0.0000,1,0.1026,0.1488,11.6599,-0.0018
11.8302,IMM-UKF,jink,0.500,10.00,0.150,1,0.600,1,9.9721,6.2973,-3.6748,1.2287,0.2393,0.1010,0.1332,6.0000,3.8489,0.2761,8.7664,0.4531,-54.7995,-18.0135,-51.3957,-19.0152,-51.3440,-19.0336,-56.0821,-18.8295,-71.5352,-17.2488,3.4038,-1.0017,3.4555,-1.0200,-1.2826,-0.8159,111,0.1700,111,0,0.9655,0.0293,0.0051,-2.2877,0.6348,0.0782,-5.9996,0.0655,0.0000,1,0.1026,0.1488,11.6599,-0.0018
11.8402,IMM-UKF,jink,0.500,10.00,0.150,1,0.600,1,9.9970,6.2551,-3.7419,1.2533,0.2393,0.1010,0.1325,6.0000,3.8489,0.2789,9.6656,0.4502,-54.9532,-17.9717,-51.3957,-19.0152,-51.3440,-19.0336,-56.3596,-18.8822,-72.1569,-17.4547,3.5575,-1.0435,3.6092,-1.0619,-1.4064,-0.9105,111,0.1800,111,0,0.9655,0.0293,0.0051,-2.4196,0.7199,0.0696,-5.9984,0.1375,0.0000,1,0.1026,0.1488,11.6599,-0.0018
11.8502,IMM-UKF,jink,0.500,10.00,0.150,1,0.600,1,10.0208,6.2103,-3.8105,1.2786,0.2393,0.1010,0.1317,6.0000,3.8489,0.2822,10.6248,0.4488,-55.1021,-17.9312,-51.3957,-19.0152,-51.3440,-19.0336,-56.6406,-18.9424,-72.8094,-17.6720,3.7064,-1.0840,3.7581,-1.1024,-1.5385,-1.0112,111,0.1900,111,0,0.9655,0.0293,0.0051,-2.5503,0.8041,0.0611,-5.9963,0.2094,0.0000,1,0.1026,0.1488,11.6599,-0.0018
11.8602,IMM-UKF,jink,0.500,10.00,0.150,1,0.600,1,10.0435,6.1629,-3.8806,1.3047,0.2393,0.1010,0.1311,6.0000,3.8489,0.2813,11.6489,0.4476,-55.2455,-17.8924,-51.3957,-19.0152,-51.3440,-19.0336,-56.9255,-19.0103,-73.4951,-17.9014,3.8498,-1.1228,3.9015,-1.1412,-1.6800,-1.1178,111,0.2000,111,0,0.9655,0.0293,0.0051,-2.6797,0.8874,0.0527,-5.9934,0.2814,0.0000,1,0.1026,0.1488,11.6599,-0.0018
11.8702,IMM-UKF,jink,0.500,10.00,0.150,1,0.600,1,10.0652,6.1131,-3.9522,1.3316,0.2393,0.1010,0.1304,6.0000,3.8489,0.2795,12.7377,0.4464,-55.3840,-17.8553,-51.3957,-19.0152,-51.3440,-19.0336,-57.2148,-19.0859,-74.2169,-18.1433,3.9883,-1.1599,4.0400,-1.1783,-1.8308,-1.2307,111,0.2100,111,0,0.9655,0.0293,0.0051,-2.8079,0.9697,0.0445,-5.9896,0.3533,0.0000,1,0.1102,0.1470,11.6599,-0.0015
11.8802,IMM-UKF,jink,0.500,10.00,0.150,1,0.600,1,10.0859,6.0608,-4.0251,1.3593,0.2393,0.1010,0.1297,6.0000,3.8489,0.2777,13.8929,0.4452,-55.5180,-17.8197,-51.3957,-19.0152,-51.3440,-19.0336,-57.5092,-19.1696,-74.9777,-18.3984,4.1223,-1.1955,4.1740,-1.2139,-1.9912,-1.3499,111,0.2200,111,0,0.9655,0.0293,0.0051,-2.9349,1.0512,0.0364,-5.9849,0.4251,0.0000,1,0.1102,0.1470,11.6599,-0.0015
11.8902,IMM-UKF,jink,0.500,10.00,0.150,1,0.600,1,10.1054,6.0060,-4.0994,1.3877,0.2393,0.1010,0.1289,6.0000,3.8489,0.2760,15.1178,0.4440,-55.6473,-17.7858,-51.3957,-19.0152,-51.3440,-19.0336,-57.8090,-19.2614,-75.7808,-18.6674,4.2516,-1.2294,4.3033,-1.2478,-2.1617,-1.4757,111,0.2300,111,0,0.9655,0.0293,0.0051,-3.0606,1.1318,0.0284,-5.9794,0.4969,0.0000,1,0.1102,0.1470,11.6599,-0.0015
11.9002,IMM-UKF,jink,0.500,10.00,0.150,1,0.600,1,10.1240,5.9490,-4.1750,1.4169,0.2393,0.1010,0.1281,6.0000,3.8489,0.2742,16.4154,0.4428,-55.7721,-17.7534,-51.3957,-19.0152,-51.3440,-19.0336,-58.1149,-19.3617,-76.6300,-18.9508,4.3764,-1.2618,4.4281,-1.2802,-2.3428,-1.6083,111,0.2400,111,0,0.9655,0.0293,0.0051,-3.1850,1.2115,0.0206,-5.9730,0.5686,0.0000,1,0.1102,0.1470,11.6599,-0.0015
11.9102,IMM-UKF,jink,0.500,10.00,0.150,1,0.600,1,10.1415,6.0897,-4.0518,1.1867,0.2390,0.0994,0.1275,6.0000,3.5249,0.3234,7.9245,0.4417,-55.8925,-17.7226,-53.5902,-18.3576,-53.5361,-18.3394,-57.1986,-18.1811,-72.5377,-16.5973,2.3023,-0.6351,2.3564,-0.6169,-1.3062,-0.4585,112,0.1500,112,0,0.9670,0.0279,0.0051,-3.3083,1.2905,0.0129,-5.9657,0.6403,0.0000,1,0.1102,0.1470,11.7583,-0.0015
11.9202,IMM-UKF,jink,0.500,10.00,0.150,1,0.600,1,10.1579,6.0410,-4.1169,1.2093,0.2390,0.0994,0.1265,6.0000,3.5249,0.3226,8.7884,0.4406,-56.0084,-17.6933,-53.5902,-18.3576,-53.5361,-18.3394,-57.4484,-18.2233,-73.2264,-16.7985,2.4182,-0.6643,2.4723,-0.6461,-1.4400,-0.5300,112,0.1600,112,0,0.9670,0.0279,0.0051,-3.4303,1.3686,0.0053,-5.9576,0.7118,0.0000,1,0.1102,0.1470,11.7583,-0.0015
11.9302,IMM-UKF,jink,0.500,10.00,0.150,1,0.600,1,10.1734,5.9899,-4.1835,1.2327,0.2390,0.0994,0.1254,6.0000,3.5249,0.3219,9.7122,0.4394,-56.1199,-17.6655,-53.5902,-18.3576,-53.5361,-18.3394,-57.7024,-18.2727,-73.9550,-17.0122,2.5297,-0.6921,2.5838,-0.6739,-1.5825,-0.6071,112,0.1700,112,0,0.9670,0.0279,0.0051,-3.5512,1.4459,-0.0021,-5.9487,0.7832,0.0000,1,0.1102,0.1470,11.7583,-0.0015
11.9402,IMM-UKF,jink,0.500,10.00,0.150,1,0.600,1,10.1877,5.9363,-4.2514,1.2569,0.2390,0.0994,0.1243,6.0000,3.5249,0.3212,10.6987,0.4383,-56.2270,-17.6393,-53.5902,-18.3576,-53.5361,-18.3394,-57.9612,-18.3293,-74.7271,-17.2392,2.6368,-0.7183,2.6909,-0.7001,-1.7341,-0.6900,112,0.1800,112,0,0.9670,0.0279,0.0051,-3.6708,1.5224,-0.0095,-5.9388,0.8546,0.0000,1,0.1102,0.1470,11.7583,-0.0015
11.9502,IMM-UKF,jink,0.500,10.00,0.150,1,0.600,1,10.2011,5.8804,-4.3207,1.2819,0.2390,0.0994,0.1231,6.0000,3.5249,0.3205,11.7508,0.4372,-56.3298,-17.6146,-53.5902,-18.3576,-53.5361,-18.3394,-58.2252,-18.3933,-75.5466,-17.4801,2.7397,-0.7430,2.7937,-0.7248,-1.8954,-0.7787,112,0.1900,112,0,0.9670,0.0279,0.0051,-3.7892,1.5981,-0.0167,-5.9281,0.9258,0.0000,1,0.1102,0.1470,11.7583,-0.0015
11.9602,IMM-UKF,jink,0.500,10.00,0.150,1,0.600,1,10.2134,5.8222,-4.3912,1.3076,0.2390,0.0994,0.1219,6.0000,3.5249,0.3198,12.8712,0.4361,-56.4284,-17.5914,-53.5902,-18.3576,-53.5361,-18.3394,-58.4951,-18.4650,-76.4182,-17.7357,2.8382,-0.7663,2.8923,-0.7480,-2.0667,-0.8736,112,0.2000,112,0,0.9670,0.0279,0.0051,-3.9065,1.6731,-0.0237,-5.9166,0.9968,0.0000,1,0.1102,0.1470,11.7583,-0.0015
11.9702,IMM-UKF,jink,0.500,10.00,0.150,1,0.600,1,10.2247,5.7617,-4.4630,1.3342,0.2390,0.0994,0.1206,6.0000,3.5249,0.3192,14.0634,0.4350,-56.5226,-17.5696,-53.5902,-18.3576,-53.5361,-18.3394,-58.7713,-18.5445,-77.3467,-18.0067,2.9324,-0.7880,2.9865,-0.7698,-2.2486,-0.9749,112,0.2100,112,0,0.9670,0.0279,0.0051,-4.0225,1.7474,-0.0307,-5.9042,1.0678,0.0000,1,0.1102,0.1470,11.7583,-0.0015
11.9802,IMM-UKF,jink,0.500,10.00,0.150,1,0.600,1,10.2349,5.6990,-4.5360,1.3615,0.2390,0.0994,0.1192,6.0000,3.5249,0.3186,15.3308,0.4340,-56.6127,-17.5494,-53.5902,-18.3576,-53.5361,-18.3394,-59.0544,-18.6321,-78.3376,-18.2939,3.0225,-0.8083,3.0765,-0.7900,-2.4418,-1.0827,112,0.2200,112,0,0.9670,0.0279,0.0051,-4.1374,1.8210,-0.0375,-5.8910,1.1385,0.0000,1,0.1102,0.1470,11.7583,-0.0015
11.9902,IMM-UKF,jink,0.500,10.00,0.150,1,0.600,1,10.2441,5.6341,-4.6101,1.3895,0.2390,0.0994,0.1178,6.0000,3.5249,0.3180,16.6773,0.4329,-56.6985,-17.5306,-53.5902,-18.3576,-53.5361,-18.3394,-59.3452,-18.7280,-79.3972,-18.5979,3.1083,-0.8270,3.1624,-0.8088,-2.6467,-1.1974,112,0.2300,112,0,0.9670,0.0279,0.0051,-4.2511,1.8939,-0.0442,-5.8769,1.2091,0.0000,1,0.1027,0.1483,11.7583,0.0010
12.0002,IMM-UKF,jink,0.500,10.00,0.150,1,0.600,1,10.2523,5.5670,-4.6853,1.4184,0.2390,0.0994,0.1163,6.0000,3.5249,0.3175,18.1069,0.4318,-56.7802,-17.5132,-53.5902,-18.3576,-53.5361,-18.3394,-59.6443,-18.8325,-80.5323,-18.9196,3.1900,-0.8444,3.2440,-0.8262,-2.8641,-1.3193,112,0.2400,112,0,0.9670,0.0279,0.0051,-4.3637,1.9661,-0.0508,-5.8620,1.2796,0.0000,1,0.1027,0.1483,11.7583,0.0010
12.0102,IMM-UKF,jink,0.500,10.00,0.150,1,0.600,1,10.2590,5.4979,-4.7611,1.4480,0.2390,0.0994,0.1175,6.0000,3.5249,0.3185,19.5721,0.4316,-56.8659,-17.4981,-53.5902,-18.3576,-53.5361,-18.3394,-59.9508,-18.9459,-81.7442,-19.2600,3.2757,-0.8595,3.3298,-0.8413,-3.0849,-1.4479,112,0.2500,112,0,0.9670,0.0279,0.0051,-4.4754,2.0371,-0.0573,-5.8769,1.2091,0.0000,1,0.1027,0.1483,11.7583,0.0010
12.0202,IMM-UKF,jink,0.500,10.00,0.150,1,0.600,1,10.2642,5.9431,-4.3212,1.1523,0.2405,0.0985,0.1171,6.0000,3.1484,0.9319,7.3913,0.4314,-56.9553,-17.4852,-55.3840,-17.8553,-55.2367,-17.9309,-58.0699,-18.1176,-71.8294,-18.2986,1.5712,-0.3701,1.7185,-0.4457,-1.1146,-0.6324,113,0.1500,113,0,0.9692,0.0264,0.0044,-4.5862,2.1070,-0.0637,-5.8910,1.1385,0.0000,1,0.1027,0.1483,11.8687,0.0010
12.0302,IMM-UKF,jink,0.500,10.00,0.150,1,0.600,1,10.2679,5.8869,-4.3810,1.1742,0.2405,0.0985,0.1181,6.0000,3.1484,0.9327,8.1280,0.4313,-57.0484,-17.4746,-55.3840,-17.8553,-55.2367,-17.9309,-58.2672,-18.1812,-72.5204,-18.5952,1.6643,-0.3807,1.8116,-0.4563,-1.2188,-0.7066,113,0.1600,113,0,0.9692,0.0264,0.0044,-4.6962,2.1758,-0.0700,-5.9042,1.0678,0.0000,1,0.1027,0.1483,11.8687,0.0010
12.0402,IMM-UKF,jink,0.500,10.00,0.150,1,0.600,1,10.2701,5.8286,-4.4415,1.1970,0.2405,0.0985,0.1192,6.0000,3.1484,0.9336,8.8788,0.4312,-57.1451,-17.4662,-55.3840,-17.8553,-55.2367,-17.9309,-58.4676,-18.2520,-73.2534,-18.9126,1.7611,-0.3890,1.9084,-0.4646,-1.3225,-0.7858,113,0.1700,113,0,0.9692,0.0264,0.0044,-4.8053,2.2434,-0.0762,-5.9166,0.9968,0.0000,1,0.1027,0.1483,11.8687,0.0010
12.0502,IMM-UKF,jink,0.500,10.00,0.150,1,0.600,1,10.2709,5.7681,-4.5027,1.2206,0.2405,0.0985,0.1201,6.0000,3.1484,0.9344,9.6458,0.4312,-57.2455,-17.4601,-55.3840,-17.8553,-55.2367,-17.9309,-58.6715,-18.3303,-74.0325,-19.2522,1.8614,-0.3952,2.0087,-0.4708,-1.4260,-0.8702,113,0.1800,113,0,0.9692,0.0264,0.0044,-4.9136,2.3098,-0.0823,-5.9281,0.9258,0.0000,1,0.1027,0.1483,11.8687,0.0010
12.0602,IMM-UKF,jink,0.500,10.00,0.150,1,0.600,1,10.2701,5.7055,-4.5646,1.2450,0.2405,0.0985,0.1211,6.0000,3.1484,0.9353,10.4314,0.4313,-57.3495,-17.4562,-55.3840,-17.8553,-55.2367,-17.9309,-58.8789,-18.4163,-74.8626,-19.6160,1.9655,-0.3990,2.1128,-0.4747,-1.5294,-0.9601,113,0.1900,113,0,0.9692,0.0264,0.0044,-5.0211,2.3752,-0.0883,-5.9388,0.8546,0.0000,1,0.1027,0.1483,11.8687,0.0010
12.0702,IMM-UKF,jink,0.500,10.00,0.150,1,0.600,1,10.2679,5.6408,-4.6272,1.2703,0.2405,0.0985,0.1220,6.0000,3.1484,0.9363,11.2381,0.4314,-57.4572,-17.4545,-55.3840,-17.8553,-55.2367,-17.9309,-59.0901,-18.5103,-75.7492,-20.0058,2.0732,-0.4007,2.2205,-0.4763,-1.6329,-1.0558,113,0.2000,113,0,0.9692,0.0264,0.0044,-5.1278,2.4393,-0.0943,-5.9487,0.7832,0.0000,1,0.1027,0.1483,11.8687,0.0010
12.0802,IMM-UKF,jink,0.500,10.00,0.150,1,0.600,1,10.2643,5.5740,-4.6903,1.2964,0.2405,0.0985,0.1228,6.0000,3.1484,0.9372,12.0685,0.4316,-57.5685,-17.4551,-55.3840,-17.8553,-55.2367,-17.9309,-59.3052,-18.6126,-76.6983,-20.4238,2.1845,-0.4002,2.3318,-0.4758,-1.7367,-1.1575,113,0.2100,113,0,0.9692,0.0264,0.0044,-5.2338,2.5023,-0.1001,-5.9576,0.7118,0.0000,1,0.1027,0.1483,11.8687,0.0010
12.0902,IMM-UKF,jink,0.500,10.00,0.150,1,0.600,1,10.2592,5.5052,-4.7540,1.3232,0.2405,0.0985,0.1236,6.0000,3.1484,0.9382,12.9255,0.4319,-57.6835,-17.4578,-55.3840,-17.8553,-55.2367,-17.9309,-59.5245,-18.7235,-77.7173,-20.8724,2.2995,-0.3975,2.4468,-0.4731,-1.8410,-1.2657,113,0.2200,113,0,0.9692,0.0264,0.0044,-5.3389,2.5642,-0.1058,-5.9657,0.6403,0.0000,1,0.1027,0.1483,11.8687,0.0010
12.1002,IMM-UKF,jink,0.500,10.00,0.150,1,0.600,1,10.2527,5.4344,-4.8182,1.3509,0.2405,0.0985,0.1244,6.0000,3.1484,0.9392,13.8122,0.4322,-57.8021,-17.4627,-55.3840,-17.8553,-55.2367,-17.9309,-59.7482,-18.8433,-78.8142,-21.3541,2.4181,-0.3925,2.5654,-0.4681,-1.9461,-1.3806,113,0.2300,113,0,0.9692,0.0264,0.0044,-5.4433,2.6250,-0.1115,-5.9730,0.5686,0.0000,1,0.1185,0.1590,11.8687,0.0012
12.1102,IMM-UKF,jink,0.500,10.00,0.150,1,0.600,1,10.2447,5.3617,-4.8830,1.3795,0.2405,0.0985,0.1251,6.0000,3.1484,0.9403,14.7318,0.4326,-57.9244,-17.4698,-55.3840,-17.8553,-55.2367,-17.9309,-59.9766,-18.9724,-79.9986,-21.8715,2.5403,-0.3854,2.6876,-0.4610,-2.0522,-1.5026,113,0.2400,113,0,0.9692,0.0264,0.0044,-5.5469,2.6846,-0.1170,-5.9794,0.4969,0.0000,1,0.1185,0.1590,11.8687,0.0012
12.1202,IMM-UKF,jink,0.500,10.00,0.150,1,0.600,1,10.2353,5.2871,-4.9482,1.4088,0.2405,0.0985,0.1258,6.0000,3.1484,0.9414,15.6875,0.4331,-58.0503,-17.4791,-55.3840,-17.8553,-55.2367,-17.9309,-60.2099,-19.1113,-81.2815,-22.4275,2.6663,-0.3761,2.8136,-0.4517,-2.1596,-1.6322,113,0.2500,113,0,0.9692,0.0264,0.0044,-5.6498,2.7430,-0.1225,-5.9849,0.4251,0.0000,1,0.1185,0.1590,11.8687,0.0012
12.1302,IMM-UKF,jink,0.500,10.00,0.150,1,0.600,1,10.2245,5.2107,-5.0139,1.4389,0.2405,0.0985,0.1265,6.0000,3.1484,0.9425,16.6833,0.4337,-58.1799,-17.4907,-55.3840,-17.8553,-55.2367,-17.9309,-60.4483,-19.2604,-82.6757,-23.0250,2.7959,-0.3646,2.9432,-0.4402,-2.2684,-1.7698,113,0.2600,113,0,0.9692,0.0264,0.0044,-5.7520,2.8004,-0.1278,-5.9896,0.3533,0.0000,1,0.1185,0.1590,11.8687,0.0012
12.1402,IMM-UKF,jink,0.500,10.00,0.150,1,0.600,1,10.2124,5.7642,-4.4482,1.1089,0.2420,0.0977,0.1256,6.0000,3.3405,1.4281,4.1245,0.4343,-58.3132,-17.5043,-56.6985,-17.5306,-56.8222,-17.3216,-59.0299,-17.4152,-71.6076,-16.8668,1.6147,-0.0262,1.4910,0.1828,-0.7167,0.0891,114,0.1500,114,0,0.9736,0.0230,0.0034,-5.8534,2.8566,-0.1331,-5.9934,0.2814,0.0000,1,0.1185,0.1590,11.9912,0.0012
12.1502,IMM-UKF,jink,0.500,10.00,0.150,1,0.600,1,10.1988,5.7028,-4.4960,1.1303,0.2420,0.0977,0.1262,6.0000,3.3405,1.4270,4.1945,0.4350,-58.4502,-17.5202,-56.6985,-17.5306,-56.8222,-17.3216,-59.1826,-17.4601,-72.2408,-17.1318,1.7517,-0.0103,1.6280,0.1987,-0.7324,0.0601,114,0.1600,114,0,0.9736,0.0230,0.0034,-5.9541,2.9116,-0.1383,-5.9963,0.2094,0.0000,1,0.1185,0.1590,11.9912,0.0012
12.1602,IMM-UKF,jink,0.500,10.00,0.150,1,0.600,1,10.1838,5.6394,-4.5444,1.1525,0.2420,0.0977,0.1267,6.0000,3.3405,1.4259,4.2579,0.4357,-58.5909,-17.5383,-56.6985,-17.5306,-56.8222,-17.3216,-59.3367,-17.5114,-72.9148,-17.4189,1.8924,0.0078,1.7687,0.2168,-0.7458,0.0269,114,0.1700,114,0,0.9736,0.0230,0.0034,-6.0542,2.9655,-0.1434,-5.9984,0.1375,0.0000,1,0.1185,0.1590,11.9912,0.0012
12.1702,IMM-UKF,jink,0.500,10.00,0.150,1,0.600,1,10.1675,5.5741,-4.5934,1.1755,0.2420,0.0977,0.1272,6.0000,3.3405,1.4246,4.3181,0.4366,-58.7353,-17.5586,-56.6985,-17.5306,-56.8222,-17.3216,-59.4923,-17.5693,-73.6342,-17.7305,2.0368,0.0281,1.9131,0.2371,-0.7570,-0.0106,114,0.1800,114,0,0.9736,0.0230,0.0034,-6.1535,3.0183,-0.1485,-5.9996,0.0655,0.0000,1,0.1185,0.1590,11.9912,0.0012
12.1802,IMM-UKF,jink,0.500,10.00,0.150,1,0.600,1,10.1498,5.5068,-4.6429,1.1994,0.2420,0.0977,0.1277,6.0000,3.3405,1.4234,4.3784,0.4375,-58.8836,-17.5811,-56.6985,-17.5306,-56.8222,-17.3216,-59.6494,-17.6339,-74.4046,-18.0690,2.1851,0.0506,2.0613,0.2596,-0.7658,-0.0528,114,0.1900,114,0,0.9736,0.0230,0.0034,-6.2522,3.0699,-0.1534,-6.0000,-0.0065,0.0000,1,0.1185,0.1590,11.9912,0.0012
12.1902,IMM-UKF,jink,0.500,10.00,0.150,1,0.600,1,10.1307,5.4377,-4.6930,1.2242,0.2420,0.0977,0.1281,6.0000,3.3405,1.4220,4.4434,0.4385,-59.0355,-17.6059,-56.6985,-17.5306,-56.8222,-17.3216,-59.8079,-17.7056,-75.2320,-18.4372,2.3370,0.0753,2.2133,0.2843,-0.7724,-0.0997,114,0.2000,114,0,0.9736,0.0230,0.0034,-6.3502,3.1204,-0.1582,-5.9995,-0.0785,0.0000,1,0.1185,0.1590,11.9912,0.0012
12.2002,IMM-UKF,jink,0.500,10.00,0.150,1,0.600,1,10.1103,5.3667,-4.7436,1.2499,0.2420,0.0977,0.1285,6.0000,3.3405,1.4206,4.5180,0.4396,-59.1913,-17.6329,-56.6985,-17.5306,-56.8222,-17.3216,-59.9679,-17.7846,-76.1241,-18.8386,2.4928,0.1023,2.3691,0.3113,-0.7766,-0.1518,114,0.2100,114,0,0.9736,0.0230,0.0034,-6.4475,3.1698,-0.1630,-5.9981,-0.1505,0.0000,1,0.1185,0.1590,11.9912,0.0012
12.2102,IMM-UKF,jink,0.500,10.00,0.150,1,0.600,1,10.0886,5.2940,-4.7946,1.2763,0.2420,0.0977,0.1289,6.0000,3.3405,1.4192,4.6084,0.4407,-59.3509,-17.6621,-56.6985,-17.5306,-56.8222,-17.3216,-60.1294,-17.8713,-77.0894,-19.2767,2.6524,0.1315,2.5287,0.3406,-0.7785,-0.2091,114,0.2200,114,0,0.9736,0.0230,0.0034,-6.5442,3.2180,-0.1677,-5.9959,-0.2225,0.0000,1,0.1185,0.1590,11.9912,0.0012
12.2202,IMM-UKF,jink,0.500,10.00,0.150,1,0.600,1,10.0655,5.2194,-4.8461,1.3037,0.2420,0.0977,0.1294,6.0000,3.3405,1.4193,4.7238,0.4420,-59.5138,-17.6936,-56.6985,-17.5306,-56.8222,-17.3216,-60.2924,-17.9658,-78.1384,-19.7559,2.8153,0.1630,2.6916,0.3721,-0.7786,-0.2722,114,0.2300,114,0,0.9736,0.0230,0.0034,-6.6403,3.2651,-0.1723,-5.9928,-0.2944,0.0000,1,0.0841,0.1580,11.9912,0.0020
12.2302,IMM-UKF,jink,0.500,10.00,0.150,1,0.600,1,10.0411,5.1431,-4.8980,1.3319,0.2420,0.0977,0.1299,6.0000,3.3405,1.4192,4.8681,0.4435,-59.6806,-17.7274,-56.6985,-17.5306,-56.8222,-17.3216,-60.4569,-18.0687,-79.2835,-20.2810,2.9821,0.1968,2.8584,0.4058,-0.7762,-0.3413,114,0.2400,114,0,0.9736,0.0230,0.0034,-6.7357,3.3110,-0.1768,-5.9888,-0.3663,0.0000,1,0.0841,0.1580,11.9912,0.0020
12.2402,IMM-UKF,jink,0.500,10.00,0.150,1,0.600,1,10.0154,5.0651,-4.9503,1.3609,0.2420,0.0977,0.1304,6.0000,3.3405,1.4183,5.0493,0.4460,-59.8513,-17.7633,-56.6985,-17.5306,-56.8222,-17.3216,-60.6228,-18.1802,-80.5396,-20.8573,3.1528,0.2327,3.0291,0.4418,-0.7715,-0.4169,114,0.2500,114,0,0.9736,0.0230,0.0034,-6.8305,3.3558,-0.1812,-5.9840,-0.4381,0.0000,1,0.0841,0.1580,11.9912,0.0020
12.2502,IMM-UKF,jink,0.500,10.00,0.150,1,0.600,1,9.9884,4.9854,-5.0030,1.3908,0.2420,0.0977,0.1308,6.0000,3.3405,1.4170,5.2742,0.4486,-60.0261,-17.8016,-56.6985,-17.5306,-56.8222,-17.3216,-60.7902,-18.3009,-81.9247,-21.4912,3.3276,0.2710,3.2039,0.4800,-0.7641,-0.4994,114,0.2600,114,0,0.9736,0.0230,0.0034,-6.9247,3.3994,-0.1856,-5.9783,-0.5099,0.0000,1,0.0841,0.1580,11.9912,0.0020
12.2602,IMM-UKF,jink,0.500,10.00,0.150,1,0.600,1,9.9601,5.5207,-4.4394,1.0846,0.2434,0.0971,0.1300,6.0000,3.5072,0.9047,4.3429,0.4511,-60.2054,-17.8422,-57.8021,-17.4627,-57.7925,-17.3086,-59.4432,-17.8209,-69.8125,-20.7519,2.4033,0.3795,2.4129,0.5336,0.7622,0.0213,115,0.1600,115,0,0.9737,0.0226,0.0038,-7.0183,3.4419,-0.1898,-5.9717,-0.5816,0.0000,1,0.0841,0.1580,12.1014,0.0020
12.2702,IMM-UKF,jink,0.500,10.00,0.150,1,0.600,1,9.9305,5.4543,-4.4763,1.1066,0.2434,0.0971,0.1305,6.0000,3.5072,0.9022,4.8587,0.4537,-60.3887,-17.8851,-57.8021,-17.4627,-57.7925,-17.3086,-59.5355,-17.9047,-70.2989,-21.2642,2.5866,0.4224,2.5963,0.5765,0.8532,-0.0196,115,0.1700,115,0,0.9737,0.0226,0.0038,-7.1112,3.4832,-0.1940,-5.9643,-0.6532,0.0000,1,0.0841,0.1580,12.1014,0.0020
12.2802,IMM-UKF,jink,0.500,10.00,0.150,1,0.600,1,9.8997,5.3861,-4.5136,1.1294,0.2434,0.0971,0.1310,6.0000,3.5072,0.8995,5.4194,0.4563,-60.5761,-17.9305,-57.8021,-17.4627,-57.7925,-17.3086,-59.6263,-17.9958,-70.8176,-21.8248,2.7740,0.4678,2.7837,0.6219,0.9498,-0.0653,115,0.1800,115,0,0.9737,0.0226,0.0038,-7.2036,3.5234,-0.1981,-5.9561,-0.7247,0.0000,1,0.0841,0.1580,12.1014,0.0020
12.2902,IMM-UKF,jink,0.500,10.00,0.150,1,0.600,1,9.8676,5.3163,-4.5513,1.1532,0.2434,0.0971,0.1315,6.0000,3.5072,0.8968,6.0268,0.4591,-60.7677,-17.9783,-57.8021,-17.4627,-57.7925,-17.3086,-59.7154,-18.0946,-71.3731,-22.4402,2.9656,0.5156,2.9752,0.6697,1.0523,-0.1163,115,0.1900,115,0,0.9737,0.0226,0.0038,-7.2955,3.5625,-0.2021,-5.9469,-0.7962,0.0000,1,0.0841,0.1580,12.1014,0.0020
12.3002,IMM-UKF,jink,0.500,10.00,0.150,1,0.600,1,9.8342,5.2447,-4.5895,1.1778,0.2434,0.0971,0.1319,6.0000,3.5072,0.8952,6.6825,0.4607,-60.9634,-18.0288,-57.8021,-17.4627,-57.7925,-17.3086,-59.8024,-18.2013,-71.9709,-23.1176,3.1613,0.5661,3.1710,0.7202,1.1611,-0.1726,115,0.2000,115,0,0.9737,0.0226,0.0038,-7.3867,3.6003,-0.2060,-5.9370,-0.8675,0.0000,1,0.0841,0.1580,12.1014,0.0020
12.3102,IMM-UKF,jink,0.500,10.00,0.150,1,0.600,1,9.7996,5.1716,-4.6281,1.2033,0.2434,0.0971,0.1324,6.0000,3.5072,0.8941,7.3890,0.4618,-61.1634,-18.0818,-57.8021,-17.4627,-57.7925,-17.3086,-59.8871,-18.3164,-72.6174,-23.8658,3.3613,0.6191,3.3710,0.7732,1.2763,-0.2346,115,0.2100,115,0,0.9737,0.0226,0.0038,-7.4774,3.6371,-0.2098,-5.9261,-0.9386,0.0000,1,0.1026,0.1404,12.1014,0.0016
12.3202,IMM-UKF,jink,0.500,10.00,0.150,1,0.600,1,9.7638,5.0968,-4.6670,1.2297,0.2434,0.0971,0.1327,6.0000,3.5072,0.8930,8.1487,0.4630,-61.3677,-18.1374,-57.8021,-17.4627,-57.7925,-17.3086,-59.9693,-18.4401,-73.3209,-24.6951,3.5656,0.6747,3.5753,0.8288,1.3985,-0.3027,115,0.2200,115,0,0.9737,0.0226,0.0038,-7.5675,3.6726,-0.2135,-5.9144,-1.0097,0.0000,1,0.1026,0.1404,12.1014,0.0016
12.3302,IMM-UKF,jink,0.500,10.00,0.150,1,0.600,1,9.7268,5.0205,-4.7063,1.2570,0.2434,0.0971,0.1331,6.0000,3.5072,0.8918,8.9647,0.4643,-61.5764,-18.1955,-57.8021,-17.4627,-57.7925,-17.3086,-60.0485,-18.5730,-74.0915,-25.6179,3.7743,0.7328,3.7840,0.8869,1.5279,-0.3775,115,0.2300,115,0,0.9737,0.0226,0.0038,-7.6571,3.7070,-0.2172,-5.9019,-1.0806,0.0000,1,0.1026,0.1404,12.1014,0.0016
12.3402,IMM-UKF,jink,0.500,10.00,0.150,1,0.600,1,9.6885,4.9426,-4.7459,1.2851,0.2434,0.0971,0.1334,6.0000,3.5072,0.8905,9.8400,0.4655,-61.7895,-18.2562,-57.8021,-17.4627,-57.7925,-17.3086,-60.1246,-18.7155,-74.9420,-26.6491,3.9874,0.7935,3.9971,0.9476,1.6649,-0.4592,115,0.2400,115,0,0.9737,0.0226,0.0038,-7.7461,3.7402,-0.2208,-5.8885,-1.1513,0.0000,1,0.1026,0.1404,12.1014,0.0016
12.3502,IMM-UKF,jink,0.500,10.00,0.150,1,0.600,1,9.6491,4.8632,-4.7859,1.3141,0.2434,0.0971,0.1337,6.0000,3.5072,0.8892,10.7782,0.4669,-62.0071,-18.3196,-57.8021,-17.4627,-57.7925,-17.3086,-60.1970,-18.8681,-75.8888,-27.8064,4.2050,0.8569,4.2146,1.0110,1.8101,-0.5485,115,0.2500,115,0,0.9737,0.0226,0.0038,-7.8347,3.7722,-0.2242,-5.8743,-1.2219,0.0000,1,0.1026,0.1404,12.1014,0.0016
12.3602,IMM-UKF,jink,0.500,10.00,0.150,1,0.600,1,9.6085,4.7824,-4.8261,1.3439,0.2434,0.0971,0.1340,6.0000,3.5072,0.8879,11.7833,0.4683,-62.2293,-18.3856,-57.8021,-17.4627,-57.7925,-17.3086,-60.2654,-19.0314,-76.9530,-29.1116,4.4271,0.9229,4.4368,1.0770,1.9639,-0.6457,115,0.2600,115,0,0.9737,0.0226,0.0038,-7.9226,3.8031,-0.2276,-5.8592,-1.2923,0.0000,1,0.1026,0.1404,12.1014,0.0016
12.3702,IMM-UKF,jink,0.500,10.00,0.150,1,0.600,1,9.5667,4.7001,-4.8666,1.3746,0.2434,0.0971,0.1342,6.0000,3.5072,0.8864,12.8594,0.4698,-62.4560,-18.4544,-57.8021,-17.4627,-57.7925,-17.3086,-60.3293,-19.2060,-78.1628,-30.5908,4.6539,0.9917,4.6636,1.1458,2.1268,-0.7516,115,0.2700,115,0,0.9737,0.0226,0.0038,-8.0101,3.8327,-0.2309,-5.8432,-1.3625,0.0000,1,0.1026,0.1404,12.1014,0.0016
12.3802,IMM-UKF,jink,0.500,10.00,0.150,1,0.600,1,9.5237,5.1786,-4.3451,1.0369,0.2449,0.0961,0.1330,6.0000,4.0801,1.5333,4.0481,0.4713,-62.6875,-18.5260,-59.5138,-17.6936,-59.7796,-17.6441,-62.0688,-18.8642,-81.5649,-26.8324,3.1737,0.8324,2.9079,0.8819,0.6187,-0.3383,116,0.1600,116,0,0.9764,0.0205,0.0031,-8.0971,3.8612,-0.2342,-5.8265,-1.4325,0.0000,1,0.1026,0.1404,12.2222,0.0016
12.3902,IMM-UKF,jink,0.500,10.00,0.150,1,0.600,1,9.4796,5.1094,-4.3701,1.0587,0.2449,0.0961,0.1332,6.0000,4.0801,1.5321,4.6621,0.4729,-62.9237,-18.6003,-59.5138,-17.6936,-59.7796,-17.6441,-62.2189,-19.0029,-82.6643,-27.6793,3.4099,0.9067,3.1442,0.9563,0.7048,-0.4026,116,0.1700,116,0,0.9764,0.0205,0.0031,-8.1835,3.8885,-0.2373,-5.8089,-1.5024,0.0000,1,0.1026,0.1404,12.2222,0.0016
12.4002,IMM-UKF,jink,0.500,10.00,0.150,1,0.600,1,9.4343,5.0388,-4.3955,1.0814,0.2449,0.0961,0.1333,6.0000,4.0801,1.5309,5.3263,0.4745,-63.1649,-18.6776,-59.5138,-17.6936,-59.7796,-17.6441,-62.3677,-19.1508,-83.8626,-28.6018,3.6511,0.9840,3.3853,1.0335,0.7971,-0.4732,116,0.1800,116,0,0.9764,0.0205,0.0031,-8.2695,3.9146,-0.2403,-5.7904,-1.5720,0.0000,1,0.1026,0.1404,12.2222,0.0016
12.4102,IMM-UKF,jink,0.500,10.00,0.150,1,0.600,1,9.3879,4.9668,-4.4212,1.1050,0.2449,0.0961,0.1335,6.0000,4.0801,1.5297,6.0432,0.4762,-63.4109,-18.7578,-59.5138,-17.6936,-59.7796,-17.6441,-62.5151,-19.3083,-85.1757,-29.6083,3.8971,1.0642,3.6314,1.1137,0.8959,-0.5505,116,0.1900,116,0,0.9764,0.0205,0.0031,-8.3549,3.9394,-0.2433,-5.7711,-1.6413,0.0000,1,0.1026,0.1404,12.2222,0.0016
12.4202,IMM-UKF,jink,0.500,10.00,0.150,1,0.600,1,9.3404,4.8933,-4.4472,1.1295,0.2449,0.0961,0.1336,6.0000,4.0801,1.5284,6.8162,0.4780,-63.6621,-18.8409,-59.5138,-17.6936,-59.7796,-17.6441,-62.6607,-19.4759,-86.6231,-30.7080,4.1483,1.1473,3.8825,1.1969,1.0014,-0.6350,116,0.2000,116,0,0.9764,0.0205,0.0031,-8.4399,3.9631,-0.2461,-5.7510,-1.7105,0.0000,1,0.0926,0.1576,12.2222,-0.0011
12.4302,IMM-UKF,jink,0.500,10.00,0.150,1,0.600,1,9.2918,4.8184,-4.4734,1.1549,0.2449,0.0961,0.1337,6.0000,4.0801,1.5272,7.6485,0.4798,-63.9183,-18.9272,-59.5138,-17.6936,-59.7796,-17.6441,-62.8043,-19.6542,-88.2290,-31.9107,4.4045,1.2335,4.1388,1.2831,1.1140,-0.7271,116,0.2100,116,0,0.9764,0.0205,0.0031,-8.5244,3.9855,-0.2489,-5.7301,-1.7793,0.0000,1,0.0926,0.1576,12.2222,-0.0011
12.4402,IMM-UKF,jink,0.500,10.00,0.150,1,0.600,1,9.2422,4.7423,-4.4999,1.1813,0.2449,0.0961,0.1338,6.0000,4.0801,1.5259,8.5439,0.4816,-64.1798,-19.0165,-59.5138,-17.6936,-59.7796,-17.6441,-62.9456,-19.8438,-90.0234,-33.2270,4.6660,1.3229,4.4003,1.3724,1.2342,-0.8273,116,0.2200,116,0,0.9764,0.0205,0.0031,-8.6084,4.0067,-0.2515,-5.7083,-1.8480,0.0000,1,0.0926,0.1576,12.2222,-0.0011
12.4502,IMM-UKF,jink,0.500,10.00,0.150,1,0.600,1,9.1914,4.6648,-4.5266,1.2085,0.2449,0.0961,0.1338,6.0000,4.0801,1.5246,9.5068,0.4836,-64.4467,-19.1090,-59.5138,-17.6936,-59.7796,-17.6441,-63.0842,-20.0452,-92.0438,-34.6675,4.9329,1.4154,4.6671,1.4649,1.3625,-0.9362,116,0.2300,116,0,0.9764,0.0205,0.0031,-8.6919,4.0267,-0.2541,-5.6857,-1.9163,0.0000,1,0.0926,0.1576,12.2222,-0.0011
12.4602,IMM-UKF,jink,0.500,10.00,0.150,1,0.600,1,9.1396,5.0056,-4.1340,0.9528,0.2445,0.0945,0.1342,6.0000,4.7033,2.2084,3.1186,0.4855,-64.7190,-19.2047,-61.1634,-18.0818,-61.4222,-17.8007,-64.2074,-19.0096,-89.6993,-26.4488,3.5556,1.1229,3.2968,1.4041,0.5116,0.1951,117,0.1500,117,0,0.9698,0.0251,0.0051,-8.7750,4.0454,-0.2565,-5.6623,-1.9844,0.0000,1,0.0926,0.1576,12.3118,-0.0011
12.4702,IMM-UKF,jink,0.500,10.00,0.150,1,0.600,1,9.0867,4.9376,-4.1491,0.9738,0.2445,0.0945,0.1342,6.0000,4.7033,2.2063,3.5073,0.4875,-64.9969,-19.3038,-61.1634,-18.0818,-61.4222,-17.8007,-64.3995,-19.1441,-91.1215,-27.2142,3.8335,1.2220,3.5747,1.5031,0.5974,0.1597,117,0.1600,117,0,0.9698,0.0251,0.0051,-8.8576,4.0629,-0.2588,-5.6381,-2.0522,0.0000,1,0.0926,0.1576,12.3118,-0.0011
12.4802,IMM-UKF,jink,0.500,10.00,0.150,1,0.600,1,9.0328,4.8683,-4.1645,0.9958,0.2445,0.0945,0.1342,6.0000,4.7033,2.2040,3.9596,0.4896,-65.2805,-19.4062,-61.1634,-18.0818,-61.4222,-17.8007,-64.5904,-19.2876,-92.6662,-28.0409,4.1171,1.3244,3.8583,1.6056,0.6901,0.1187,117,0.1700,117,0,0.9698,0.0251,0.0051,-8.9397,4.0791,-0.2611,-5.6131,-2.1197,0.0000,1,0.0926,0.1576,12.3118,-0.0011
12.4902,IMM-UKF,jink,0.500,10.00,0.150,1,0.600,1,8.9779,4.7976,-4.1803,1.0187,0.2445,0.0945,0.1342,6.0000,4.7033,2.2017,4.4767,0.4918,-65.5699,-19.5122,-61.1634,-18.0818,-61.4222,-17.8007,-64.7798,-19.4405,-94.3514,-28.9340,4.4064,1.4303,4.1476,1.7115,0.7901,0.0717,117,0.1800,117,0,0.9698,0.0251,0.0051,-9.0214,4.0940,-0.2632,-5.5872,-2.1869,0.0000,1,0.0926,0.1576,12.3118,-0.0011
12.5002,IMM-UKF,jink,0.500,10.00,0.150,1,0.600,1,8.9219,4.7257,-4.1962,1.0426,0.2445,0.0945,0.1341,6.0000,4.7033,2.1994,5.0602,0.4940,-65.8652,-19.6216,-61.1634,-18.0818,-61.4222,-17.8007,-64.9675,-19.6033,-96.1985,-29.8985,4.7018,1.5398,4.4430,1.8210,0.8977,0.0183,117,0.1900,117,0,0.9698,0.0251,0.0051,-9.1027,4.1076,-0.2652,-5.5606,-2.2538,0.0000,1,0.0926,0.1576,12.3118,-0.0011
12.5102,IMM-UKF,jink,0.500,10.00,0.150,1,0.600,1,8.8650,4.6525,-4.2125,1.0674,0.2445,0.0945,0.1341,6.0000,4.7033,2.1971,5.7119,0.4962,-66.1666,-19.7347,-61.1634,-18.0818,-61.4222,-17.8007,-65.1532,-19.7766,-98.2330,-30.9391,5.0032,1.6529,4.7444,1.9341,1.0135,-0.0419,117,0.2000,117,0,0.9698,0.0251,0.0051,-9.1835,4.1200,-0.2671,-5.5332,-2.3204,0.0000,1,0.0926,0.1576,12.3118,-0.0011
12.5202,IMM-UKF,jink,0.500,10.00,0.150,1,0.600,1,8.8071,4.5782,-4.2289,1.0932,0.2445,0.0945,0.1340,6.0000,4.7033,2.1947,6.4343,0.4985,-66.4743,-19.8515,-61.1634,-18.0818,-61.4222,-17.8007,-65.3364,-19.9610,-100.4855,-32.0597,5.3108,1.7697,5.0520,2.0509,1.1378,-0.1095,117,0.2100,117,0,0.9698,0.0251,0.0051,-9.2638,4.1311,-0.2688,-5.5049,-2.3866,0.0000,1,0.0924,0.1430,12.3118,-0.0020
12.5302,IMM-UKF,jink,0.500,10.00,0.150,1,0.600,1,8.7482,4.5026,-4.2456,1.1199,0.2445,0.0945,0.1339,6.0000,4.7033,2.1922,7.2306,0.5009,-66.7883,-19.9722,-61.1634,-18.0818,-61.4222,-17.8007,-65.5169,-20.1571,-102.9925,-33.2627,5.6249,1.8904,5.3661,2.1715,1.2714,-0.1850,117,0.2200,117,0,0.9698,0.0251,0.0051,-9.3437,4.1408,-0.2704,-5.4759,-2.4525,0.0000,1,0.0924,0.1430,12.3118,-0.0020
12.5402,IMM-UKF,jink,0.500,10.00,0.150,1,0.600,1,8.6884,4.4259,-4.2625,1.1476,0.2445,0.0945,0.1338,6.0000,4.7033,2.1897,8.1042,0.5033,-67.1089,-20.0967,-61.1634,-18.0818,-61.4222,-17.8007,-65.6941,-20.3657,-105.7975,-34.5479,5.9454,2.0149,5.6866,2.2961,1.4148,-0.2690,117,0.2300,117,0,0.9698,0.0251,0.0051,-9.4232,4.1492,-0.2719,-5.4460,-2.5180,0.0000,1,0.0924,0.1430,12.3118,-0.0020
12.5502,IMM-UKF,jink,0.500,10.00,0.150,1,0.600,1,8.6277,4.3481,-4.2795,1.1761,0.2445,0.0945,0.1337,6.0000,4.7033,2.1871,9.0596,0.5058,-67.4361,-20.2253,-61.1634,-18.0818,-61.4222,-17.8007,-65.8676,-20.5875,-108.9516,-35.9107,6.2727,2.1435,6.0139,2.4247,1.5686,-0.3622,117,0.2400,117,0,0.9698,0.0251,0.0051,-9.5023,4.1563,-0.2732,-5.4154,-2.5832,0.0000,1,0.0924,0.1430,12.3118,-0.0020
12.5602,IMM-UKF,jink,0.500,10.00,0.150,1,0.600,1,8.5660,4.2693,-4.2967,1.2055,0.2445,0.0945,0.1335,6.0000,4.7033,2.1846,10.1020,0.5084,-67.7703,-20.3580,-61.1634,-18.0818,-61.4222,-17.8007,-66.0368,-20.8234,-112.5146,-37.3404,6.6068,2.2762,6.3480,2.5574,1.7335,-0.4654,117,0.2500,117,0,0.9698,0.0251,0.0051,-9.5809,4.1620,-0.2744,-5.3841,-2.6480,0.0000,1,0.0924,0.1430,12.3118,-0.0020
12.5702,IMM-UKF,jink,0.500,10.00,0.150,1,0.600,1,8.5035,4.1894,-4.3141,1.2358,0.2445,0.0945,0.1334,6.0000,4.7033,2.1819,11.2367,0.5109,-68.1115,-20.4949,-61.1634,-18.0818,-61.4222,-17.8007,-66.2010,-21.0743,-116.5535,-38.8167,6.9480,2.4131,6.6892,2.6943,1.9104,-0.5794,117,0.2600,117,0,0.9698,0.0251,0.0051,-9.6590,4.1664,-0.2754,-5.3519,-2.7124,0.0000,1,0.0924,0.1430,12.3118,-0.0020
12.5802,IMM-UKF,jink,0.500,10.00,0.150,1,0.600,1,8.4400,4.5919,-3.8482,0.9367,0.2453,0.0934,0.1325,6.0000,5.1412,0.6771,8.2550,0.5136,-68.4599,-20.6362,-63.6621,-18.8409,-63.5684,-18.7682,-67.0777,-21.1216,-103.8796,-37.0466,4.7978,1.7953,4.8915,1.8680,1.3822,-0.4854,118,0.1600,118,0,0.9741,0.0224,0.0035,-9.7368,4.1694,-0.2762,-5.3190,-2.7765,0.0000,1,0.0924,0.1430,12.4191,-0.0020
12.5902,IMM-UKF,jink,0.500,10.00,0.150,1,0.600,1,8.3757,4.5229,-3.8528,0.9589,0.2453,0.0934,0.1323,6.0000,5.1412,0.6764,9.2036,0.5163,-68.8158,-20.7820,-63.6621,-18.8409,-63.5684,-18.7682,-67.2856,-21.3537,-106.1994,-38.2821,5.1537,1.9410,5.2473,2.0137,1.5302,-0.5718,118,0.1700,118,0,0.9741,0.0224,0.0035,-9.8141,4.1710,-0.2768,-5.2853,-2.8401,0.0000,1,0.0924,0.1430,12.4191,-0.0020
12.6002,IMM-UKF,jink,0.500,10.00,0.150,1,0.600,1,8.3106,4.4529,-3.8577,0.9821,0.2453,0.0934,0.1321,6.0000,5.1412,0.6757,10.2306,0.5190,-69.1793,-20.9323,-63.6621,-18.8409,-63.5684,-18.7682,-67.4899,-21.5991,-108.7525,-39.5827,5.5172,2.0914,5.6109,2.1641,1.6894,-0.6668,118,0.1800,118,0,0.9741,0.0224,0.0035,-9.8910,4.1712,-0.2773,-5.2508,-2.9033,0.0000,1,0.0924,0.1430,12.4191,-0.0020
12.6102,IMM-UKF,jink,0.500,10.00,0.150,1,0.600,1,8.2447,4.3819,-3.8627,1.0062,0.2453,0.0934,0.1319,6.0000,5.1412,0.6750,11.3414,0.5218,-69.5507,-21.0874,-63.6621,-18.8409,-63.5684,-18.7682,-67.6903,-21.8585,-111.5735,-40.9440,5.8886,2.2464,5.9823,2.3192,1.8604,-0.7711,118,0.1900,118,0,0.9741,0.0224,0.0035,-9.9674,4.1699,-0.2775,-5.2156,-2.9661,0.0000,1,0.0924,0.1430,12.4191,-0.0020
12.6202,IMM-UKF,jink,0.500,10.00,0.150,1,0.600,1,8.1779,4.3100,-3.8679,1.0313,0.2453,0.0934,0.1318,6.0000,5.1412,0.6743,12.5418,0.5247,-69.9302,-21.2473,-63.6621,-18.8409,-63.5684,-18.7682,-67.8860,-22.1328,-114.7020,-42.3574,6.2681,2.4064,6.3617,2.4791,2.0442,-0.8855,118,0.2000,118,0,0.9741,0.0224,0.0035,-10.0435,4.1673,-0.2774,-5.1796,-3.0285,0.0000,1,0.0850,0.1593,12.4191,-0.0010
12.6302,IMM-UKF,jink,0.500,10.00,0.150,1,0.600,1,8.1104,4.2371,-3.8733,1.0573,0.2453,0.0934,0.1316,6.0000,5.1412,0.6736,13.8384,0.5276,-70.3180,-21.4123,-63.6621,-18.8409,-63.5684,-18.7682,-68.0765,-22.4231,-118.1822,-43.8094,6.6559,2.5714,6.7496,2.6441,2.2415,-1.0108,118,0.2100,118,0,0.9741,0.0224,0.0035,-10.1191,4.1631,-0.2771,-5.1429,-3.0904,0.0000,1,0.0850,0.1593,12.4191,-0.0010
12.6402,IMM-UKF,jink,0.500,10.00,0.150,1,0.600,1,8.0421,4.1633,-3.8788,1.0843,0.2453,0.0934,0.1314,6.0000,5.1412,0.6729,15.2386,0.5305,-70.7144,-21.5824,-63.6621,-18.8409,-63.5684,-18.7682,-68.2610,-22.7304,-122.0624,-45.2795,7.0524,2.7415,7.1460,2.8142,2.4534,-1.1480,118,0.2200,118,0,0.9741,0.0224,0.0035,-10.1942,4.1575,-0.2764,-5.1054,-3.1519,0.0000,1,0.0850,0.1593,12.4191,-0.0010
12.6502,IMM-UKF,jink,0.500,10.00,0.150,1,0.600,1,7.9730,4.0886,-3.8844,1.1121,0.2453,0.0934,0.1312,6.0000,5.1412,0.6722,16.7501,0.5335,-71.1197,-21.7579,-63.6621,-18.8409,-63.5684,-18.7682,-68.4387,-23.0560,-126.3915,-46.7391,7.4576,2.9169,7.5513,2.9897,2.6810,-1.2981,118,0.2300,118,0,0.9741,0.0224,0.0035,-10.2689,4.1504,-0.2755,-5.0673,-3.2129,0.0000,1,0.0850,0.1593,12.4191,-0.0010
12.6602,IMM-UKF,jink,0.500,10.00,0.150,1,0.600,1,7.9033,4.0132,-3.8901,1.1408,0.2453,0.0934,0.1310,6.0000,5.1412,0.6715,18.3820,0.5365,-71.5341,-21.9388,-63.6621,-18.8409,-63.5684,-18.7682,-68.6087,-23.4013,-131.2155,-48.1498,7.8720,3.0979,7.9656,3.1706,2.9254,-1.4624,118,0.2400,118,0,0.9741,0.0224,0.0035,-10.3432,4.1418,-0.2741,-5.0283,-3.2735,0.0000,1,0.0850,0.1593,12.4191,-0.0010
12.6702,IMM-UKF,jink,0.500,10.00,0.150,1,0.600,1,7.8328,4.4167,-3.4161,0.8633,0.2460,0.0932,0.1301,6.0000,5.9290,1.1500,4.0268,0.5396,-71.9579,-22.1255,-66.4743,-19.8515,-66.6477,-19.7388,-71.3567,-22.5046,-119.7652,-36.5185,5.4837,2.2739,5.3102,2.3867,0.6012,-0.3791,119,0.1500,119,0,0.9709,0.0248,0.0043,-10.4170,4.1316,-0.2723,-4.9887,-3.3336,0.0000,1,0.0850,0.1593,12.5182,-0.0010
12.6802,IMM-UKF,jink,0.500,10.00,0.150,1,0.600,1,7.7617,4.3521,-3.4096,0.8847,0.2460,0.0932,0.1299,6.0000,5.9290,1.1474,4.8108,0.5427,-72.3915,-22.3180,-66.4743,-19.8515,-66.6477,-19.7388,-71.6735,-22.7730,-122.2675,-37.3474,5.9172,2.4664,5.7437,2.5792,0.7179,-0.4550,119,0.1600,119,0,0.9709,0.0248,0.0043,-10.4904,4.1199,-0.2699,-4.9483,-3.3932,0.0000,1,0.0850,0.1593,12.5182,-0.0010
12.6902,IMM-UKF,jink,0.500,10.00,0.150,1,0.600,1,7.6900,4.2867,-3.4033,0.9070,0.2460,0.0932,0.1297,6.0000,5.9290,1.1447,5.6811,0.5458,-72.8350,-22.5166,-66.4743,-19.8515,-66.6477,-19.7388,-71.9879,-23.0568,-124.9280,-38.1931,6.3607,2.6650,6.1873,2.7778,0.8471,-0.5402,119,0.1700,119,0,0.9709,0.0248,0.0043,-10.5633,4.1066,-0.2669,-4.9073,-3.4524,0.0000,1,0.0850,0.1593,12.5182,-0.0010
12.7002,IMM-UKF,jink,0.500,10.00,0.150,1,0.600,1,7.6176,4.2205,-3.3971,0.9304,0.2460,0.0932,0.1295,6.0000,5.9290,1.1420,6.6447,0.5490,-73.2890,-22.7214,-66.4743,-19.8515,-66.6477,-19.7388,-72.2995,-23.3573,-127.7572,-39.0514,6.8147,2.8699,6.6413,2.9826,0.9895,-0.6359,119,0.1800,119,0,0.9709,0.0248,0.0043,-10.6358,4.0917,-0.2631,-4.8655,-3.5110,0.0000,1,0.0850,0.1593,12.5182,-0.0010
12.7102,IMM-UKF,jink,0.500,10.00,0.150,1,0.600,1,7.5446,4.1537,-3.3910,0.9547,0.2460,0.0932,0.1293,6.0000,5.9290,1.1393,7.7101,0.5522,-73.7537,-22.9328,-66.4743,-19.8515,-66.6477,-19.7388,-72.6075,-23.6762,-130.7653,-39.9177,7.2794,3.0813,7.1059,3.1940,1.1462,-0.7433,119,0.1900,119,0,0.9709,0.0248,0.0043,-10.7078,4.0752,-0.2584,-4.8230,-3.5691,0.0000,1,0.1016,0.1471,12.5182,-0.0014
12.7202,IMM-UKF,jink,0.500,10.00,0.150,1,0.600,1,7.4711,4.0862,-3.3849,0.9800,0.2460,0.0932,0.1291,6.0000,5.9290,1.1365,8.8875,0.5554,-74.2294,-23.1511,-66.4743,-19.8515,-66.6477,-19.7388,-72.9114,-24.0154,-133.9609,-40.7872,7.7552,3.2995,7.5817,3.4123,1.3181,-0.8644,119,0.2000,119,0,0.9709,0.0248,0.0043,-10.7792,4.0570,-0.2524,-4.7798,-3.6268,0.0000,1,0.1016,0.1471,12.5182,-0.0014
12.7302,IMM-UKF,jink,0.500,10.00,0.150,1,0.600,1,7.3971,4.0182,-3.3788,1.0063,0.2460,0.0932,0.1289,6.0000,5.9290,1.1338,10.1897,0.5586,-74.7167,-23.3764,-66.4743,-19.8515,-66.6477,-19.7388,-73.2104,-24.3777,-137.3508,-41.6555,8.2425,3.5248,8.0690,3.6376,1.5063,-1.0013,119,0.2100,119,0,0.9709,0.0248,0.0043,-10.8502,4.0372,-0.2448,-4.7360,-3.6838,0.0000,1,0.1016,0.1471,12.5182,-0.0014
12.7402,IMM-UKF,jink,0.500,10.00,0.150,1,0.600,1,7.3226,3.9499,-3.3727,1.0334,0.2460,0.0932,0.1287,6.0000,5.9290,1.1311,11.6340,0.5618,-75.2159,-23.6092,-66.4743,-19.8515,-66.6477,-19.7388,-73.5038,-24.7669,-140.9383,-42.5213,8.7417,3.7576,8.5682,3.8704,1.7122,-1.1577,119,0.2200,119,0,0.9709,0.0248,0.0043,-10.9205,4.0156,-0.2348,-4.6914,-3.7404,0.0000,1,0.1016,0.1471,12.5182,-0.0014
12.7502,IMM-UKF,jink,0.500,10.00,0.150,1,0.600,1,7.2476,3.8814,-3.3662,1.0615,0.2460,0.0932,0.1285,6.0000,5.9290,1.1284,13.2457,0.5650,-75.7275,-23.8499,-66.4743,-19.8515,-66.6477,-19.7388,-73.7906,-25.1889,-144.7211,-43.3903,9.2532,3.9984,9.0798,4.1111,1.9369,-1.3390,119,0.2300,119,0,0.9709,0.0248,0.0043,-10.9902,3.9923,-0.2213,-4.6462,-3.7964,0.0000,1,0.1016,0.1471,12.5182,-0.0014
12.7602,IMM-UKF,jink,0.500,10.00,0.150,1,0.600,1,7.1723,3.8132,-3.3591,1.0904,0.2460,0.0932,0.1284,6.0000,5.9290,1.1256,15.0701,0.5683,-76.2519,-24.0992,-66.4743,-19.8515,-66.6477,-19.7388,-74.0702,-25.6554,-148.6859,-44.2889,9.7776,4.2477,9.6042,4.3604,2.1817,-1.5562,119,0.2400,119,0,0.9709,0.0248,0.0043,-11.0588,3.9672,-0.2014,-4.6003,-3.8519,0.0000,1,0.1016,0.1471,12.5182,-0.0014
12.7702,IMM-UKF,jink,0.500,10.00,0.150,1,0.600,1,7.0967,3.7466,-3.3501,1.1201,0.2460,0.0932,0.1282,6.0000,5.9290,1.1230,17.2131,0.5715,-76.7896,-24.3583,-66.4743,-19.8515,-66.6477,-19.7388,-74.3427,-26.1945,-152.7798,-45.3120,10.3153,4.5068,10.1419,4.6195,2.4469,-1.8361,119,0.2500,119,0,0.9709,0.0248,0.0043,-11.1250,3.9402,-0.1678,-4.5537,-3.9068,0.0000,1,0.1016,0.1471,12.5182,-0.0014
12.7802,IMM-UKF,jink,0.500,10.00,0.150,1,0.600,1,7.0212,4.1059,-2.9153,0.8269,0.2460,0.0926,0.1281,6.0000,6.5102,0.6813,10.1146,0.5745,-77.3414,-24.6308,-69.9302,-21.2473,-69.8538,-21.1529,-75.5945,-25.2204,-132.9443,-42.9029,7.4112,3.3834,7.4876,3.4779,1.7469,-0.5896,120,0.1600,120,0,0.9742,0.0224,0.0034,-11.1726,3.9103,-0.0820,-4.5065,-3.9612,0.0000,1,0.1016,0.1471,12.6192,-0.0014
12.7902,IMM-UKF,jink,0.500,10.00,0.150,1,0.600,1,6.9485,4.0971,-2.8514,0.8492,0.2460,0.0926,0.1280,6.0000,6.5102,0.6799,10.4694,0.5774,-77.9121,-24.9083,-69.9302,-21.2473,-69.8538,-21.1529,-76.0887,-25.4905,-131.0110,-42.5700,7.9819,3.6610,8.0583,3.7554,1.8234,-0.5822,120,0.1700,120,0,0.9742,0.0224,0.0034,-10.9459,3.8695,0.0153,-4.4587,-4.0150,0.0000,1,0.1016,0.1471,12.6192,-0.0014
12.8002,IMM-UKF,jink,0.500,10.00,0.150,1,0.600,1,6.8783,4.0914,-2.7869,0.8727,0.2460,0.0926,0.1279,6.0000,6.5102,0.6786,10.5244,0.5801,-78.5024,-25.1853,-69.9302,-21.2473,-69.8538,-21.1529,-76.6090,-25.5944,-128.9576,-41.3535,8.5722,3.9380,8.6486,4.0324,1.8934,-0.4091,120,0.1800,120,0,0.9742,0.0224,0.0034,-10.7014,3.8308,0.0496,-4.4102,-4.0682,0.0000,1,0.1016,0.1471,12.6192,-0.0014
12.8102,IMM-UKF,jink,0.500,10.00,0.150,1,0.600,1,6.8107,4.0898,-2.7210,0.8973,0.2460,0.0926,0.1278,6.0000,6.5102,0.6774,10.6837,0.5826,-79.1125,-25.4602,-69.9302,-21.2473,-69.8538,-21.1529,-77.1437,-25.6398,-127.0240,-39.9671,9.1824,4.2129,9.2588,4.3073,1.9688,-0.1795,120,0.1900,120,0,0.9742,0.0224,0.0034,-10.4549,3.7941,0.0699,-4.3610,-4.1208,0.0000,1,0.1016,0.1471,12.6192,-0.0014
12.8202,IMM-UKF,jink,0.500,10.00,0.150,1,0.600,1,6.7457,4.0927,-2.6531,0.9228,0.2460,0.0926,0.1277,6.0000,6.5102,0.6762,11.0778,0.5850,-79.7426,-25.7320,-69.9302,-21.2473,-69.8538,-21.1529,-77.6909,-25.6422,-125.2230,-38.5209,9.8124,4.4847,9.8888,4.5791,2.0517,0.0899,120,0.2000,120,0,0.9742,0.0224,0.0034,-10.2077,3.7594,0.0840,-4.3113,-4.1729,0.0000,1,0.0967,0.1469,12.6192,0.0004
12.8302,IMM-UKF,jink,0.500,10.00,0.150,1,0.600,1,6.6833,4.1001,-2.5832,0.9493,0.2460,0.0926,0.1277,6.0000,6.5102,0.6752,11.7869,0.5872,-80.3927,-25.9999,-69.9302,-21.2473,-69.8538,-21.1529,-78.2491,-25.6065,-123.5530,-37.0565,10.4625,4.7526,10.5389,4.8470,2.1436,0.3934,120,0.2100,120,0,0.9742,0.0224,0.0034,-9.9601,3.7267,0.0946,-4.2609,-4.2243,0.0000,1,0.0967,0.1469,12.6192,0.0004
12.8402,IMM-UKF,jink,0.500,10.00,0.150,1,0.600,1,6.6236,4.1123,-2.5113,0.9768,0.2460,0.0926,0.1277,6.0000,6.5102,0.6741,12.8520,0.5893,-81.0629,-26.2631,-69.9302,-21.2473,-69.8538,-21.1529,-78.8171,-25.5353,-122.0090,-35.5970,11.1327,5.0158,11.2091,5.1102,2.2458,0.7279,120,0.2200,120,0,0.9742,0.0224,0.0034,-9.7121,3.6961,0.1029,-4.2099,-4.2751,0.0000,1,0.0967,0.1469,12.6192,0.0004
12.8502,IMM-UKF,jink,0.500,10.00,0.150,1,0.600,1,6.5664,4.1292,-2.4372,1.0053,0.2460,0.0926,0.1277,6.0000,6.5102,0.6732,14.2786,0.5911,-81.7532,-26.5209,-69.9302,-21.2473,-69.8538,-21.1529,-79.3935,-25.4300,-120.5847,-34.1572,11.8230,5.2736,11.8994,5.3680,2.3597,1.0910,120,0.2300,120,0,0.9742,0.0224,0.0034,-9.4638,3.6677,0.1095,-4.1583,-4.3253,0.0000,1,0.0967,0.1469,12.6192,0.0004
12.8602,IMM-UKF,jink,0.500,10.00,0.150,1,0.600,1,6.5119,4.1893,-2.3226,0.7711,0.2463,0.0928,0.1274,6.0000,6.8863,1.5764,11.7818,0.5929,-82.4635,-26.7726,-73.7537,-22.9328,-73.5199,-22.7780,-81.0153,-25.2954,-119.9440,-30.8511,8.7099,3.8398,8.9436,3.9947,1.4482,1.4772,121,0.1500,121,0,0.9731,0.0229,0.0039,-9.2153,3.6414,0.1148,-4.1061,-4.3749,0.0000,1,0.0967,0.1469,12.7088,0.0004
12.8702,IMM-UKF,jink,0.500,10.00,0.150,1,0.600,1,6.4600,4.1992,-2.2609,0.7925,0.2463,0.0928,0.1274,6.0000,6.8863,1.5758,13.6309,0.5944,-83.1937,-27.0175,-73.7537,-22.9328,-73.5199,-22.7780,-81.6137,-25.2360,-119.0507,-29.7706,9.4401,4.0847,9.6738,4.2396,1.5800,1.7816,121,0.1600,121,0,0.9731,0.0229,0.0039,-8.9665,3.6174,0.1192,-4.0533,-4.4239,0.0000,1,0.0967,0.1469,12.7088,0.0004
12.8802,IMM-UKF,jink,0.500,10.00,0.150,1,0.600,1,6.4109,4.2139,-2.1969,0.8149,0.2463,0.0928,0.1275,6.0000,6.8863,1.5753,15.6677,0.5958,-83.9436,-27.2549,-73.7537,-22.9328,-73.5199,-22.7780,-82.2178,-25.1450,-118.2065,-28.7107,10.1899,4.3220,10.4237,4.4769,1.7258,2.1099,121,0.1700,121,0,0.9731,0.0229,0.0039,-8.7174,3.5958,0.1228,-3.9999,-4.4722,0.0000,1,0.0967,0.1469,12.7088,0.0004
12.8902,IMM-UKF,jink,0.500,10.00,0.150,1,0.600,1,6.3644,4.2336,-2.1308,0.8383,0.2463,0.0928,0.1276,6.0000,6.8863,1.5747,17.8834,0.5971,-84.7129,-27.4840,-73.7537,-22.9328,-73.5199,-22.7780,-82.8260,-25.0231,-117.4110,-27.6747,10.9593,4.5512,11.1930,4.7060,1.8869,2.4610,121,0.1800,121,0,0.9731,0.0229,0.0039,-8.4682,3.5765,0.1256,-3.9460,-4.5199,0.0000,1,0.0967,0.1469,12.7088,0.0004
12.9002,IMM-UKF,jink,0.500,10.00,0.150,1,0.600,1,6.3207,4.2581,-2.0626,0.8627,0.2463,0.0928,0.1277,6.0000,6.8863,1.5741,20.2688,0.5982,-85.5013,-27.7042,-73.7537,-22.9328,-73.5199,-22.7780,-83.4372,-24.8710,-116.6637,-26.6654,11.7477,4.7714,11.9814,4.9263,2.0641,2.8333,121,0.1900,121,0,0.9731,0.0229,0.0039,-8.2187,3.5597,0.1279,-3.8914,-4.5669,0.0000,1,0.0967,0.1469,12.7088,0.0004
12.9102,IMM-UKF,jink,0.500,10.00,0.150,1,0.600,1,6.2797,4.2876,-1.9921,0.8881,0.2463,0.0928,0.1278,6.0000,6.8863,1.5735,22.8143,0.5992,-86.3084,-27.9148,-73.7537,-22.9328,-73.5199,-22.7780,-84.0500,-24.6896,-115.9636,-25.6845,12.5547,4.9820,12.7884,5.1369,2.2584,3.2252,121,0.2000,121,0,0.9731,0.0229,0.0039,-7.9692,3.5455,0.1297,-3.8364,-4.6133,0.0000,1,0.0967,0.1469,12.7088,0.0004
12.9202,IMM-UKF,jink,0.500,10.00,0.150,1,0.600,1,6.2415,4.3220,-1.9195,0.9145,0.2463,0.0928,0.1279,6.0000,6.8863,1.5729,25.5103,0.6000,-87.1336,-28.1151,-73.7537,-22.9328,-73.5199,-22.7780,-84.6632,-24.4803,-115.3096,-24.7335,13.3800,5.1823,13.6137,5.3371,2.4704,3.6348,121,0.2100,121,0,0.9731,0.0229,0.0039,-7.7194,3.5338,0.1310,-3.7807,-4.6590,0.0000,1,0.1168,0.1467,12.7088,-0.0009
12.9302,IMM-UKF,jink,0.500,10.00,0.150,1,0.600,1,6.2061,4.3613,-1.8447,0.9418,0.2463,0.0928,0.1281,6.0000,6.8863,1.5722,28.3464,0.6007,-87.9765,-28.3044,-73.7537,-22.9328,-73.5199,-22.7780,-85.2757,-24.2442,-114.7006,-23.8135,14.2228,5.3716,14.4565,5.5264,2.7008,4.0602,121,0.2200,121,0,0.9731,0.0229,0.0039,-7.4696,3.5248,0.1319,-3.7246,-4.7040,0.0000,1,0.1168,0.1467,12.7088,-0.0009
12.9402,IMM-UKF,jink,0.500,10.00,0.150,1,0.600,1,6.1735,4.4057,-1.7678,0.9700,0.2463,0.0928,0.1283,6.0000,6.8863,1.5715,31.3123,0.6012,-88.8363,-28.4821,-73.7537,-22.9328,-73.5199,-22.7780,-85.8864,-23.9828,-114.1350,-22.9249,15.0826,5.5492,15.3164,5.7041,2.9499,4.4993,121,0.2300,121,0,0.9731,0.0229,0.0039,-7.2197,3.5184,0.1324,-3.6678,-4.7484,0.0000,1,0.1168,0.1467,12.7088,-0.0009
12.9502,IMM-UKF,jink,0.500,10.00,0.150,1,0.600,1,6.1437,4.4550,-1.6887,0.9990,0.2463,0.0928,0.1284,6.0000,6.8863,1.5708,34.3935,0.6016,-89.7123,-28.6475,-73.7537,-22.9328,-73.5199,-22.7780,-86.4943,-23.6984,-113.6139,-22.0698,15.9587,5.7146,16.1924,5.8695,3.2180,4.9490,121,0.2400,121,0,0.9731,0.0229,0.0039,-6.9703,3.5149,0.1325,-3.6106,-4.7920,0.0000,1,0.1168,0.1467,12.7088,-0.0009
12.9602,IMM-UKF,jink,0.500,10.00,0.150,1,0.600,1,6.1167,4.5085,-1.6082,1.0290,0.2463,0.0928,0.1286,6.0000,6.8863,1.5701,37.5643,0.6020,-90.6038,-28.8002,-73.7537,-22.9328,-73.5199,-22.7780,-87.0981,-23.3959,-113.1443,-21.2551,16.8502,5.8673,17.0839,6.0222,3.5058,5.4043,121,0.2500,121,0,0.9731,0.0229,0.0039,-6.7239,3.5141,0.1323,-3.5528,-4.8350,0.0000,1,0.1168,0.1467,12.7088,-0.0009
12.9702,IMM-UKF,jink,0.500,10.00,0.150,1,0.600,1,6.0926,4.3168,-1.7758,0.7191,0.2449,0.0937,0.1303,6.0000,7.0733,0.9006,18.0986,0.6022,-91.5099,-28.9397,-79.7426,-25.7320,-79.6804,-25.8689,-89.5900,-26.4406,-118.3000,-24.4140,11.7673,3.2076,11.8295,3.0708,1.9199,2.4991,122,0.1500,122,0,0.9768,0.0205,0.0027,-6.4806,3.5162,0.1318,-3.4946,-4.8773,0.0000,1,0.1168,0.1467,12.8206,-0.0009
12.9802,IMM-UKF,jink,0.500,10.00,0.150,1,0.600,1,6.0713,4.3575,-1.7138,0.7403,0.2449,0.0937,0.1305,6.0000,7.0733,0.9004,20.4887,0.6023,-92.4296,-29.0656,-79.7426,-25.7320,-79.6804,-25.8689,-90.2651,-26.2326,-117.8846,-23.7022,12.6870,3.3336,12.7491,3.1967,2.1644,2.8330,122,0.1600,122,0,0.9768,0.0205,0.0027,-6.2403,3.5211,0.1310,-3.4358,-4.9189,0.0000,1,0.1168,0.1467,12.8206,-0.0009
12.9902,IMM-UKF,jink,0.500,10.00,0.150,1,0.600,1,6.0527,4.4026,-1.6501,0.7625,0.2449,0.0937,0.1307,6.0000,7.0733,0.9001,22.9956,0.6024,-93.3618,-29.1776,-79.7426,-25.7320,-79.6804,-25.8689,-90.9326,-26.0002,-117.5021,-23.0142,13.6192,3.4456,13.6814,3.3087,2.4293,3.1774,122,0.1700,122,0,0.9768,0.0205,0.0027,-6.0030,3.5287,0.1299,-3.3765,-4.9598,0.0000,1,0.1168,0.1467,12.8206,-0.0009
13.0002,IMM-UKF,jink,0.500,10.00,0.150,1,0.600,1,6.0370,4.4520,-1.5850,0.7858,0.2449,0.0937,0.1309,6.0000,7.0733,0.8997,25.6088,0.6023,-94.3057,-29.2754,-79.7426,-25.7320,-79.6804,-25.8689,-91.5914,-25.7453,-117.1513,-22.3495,14.5631,3.5434,14.6253,3.4065,2.7143,3.5301,122,0.1800,122,0,0.9768,0.0205,0.0027,-5.7689,3.5391,0.1286,-3.3167,-4.9999,0.0000,1,0.1168,0.1467,12.8206,-0.0009
13.0102,IMM-UKF,jink,0.500,10.00,0.150,1,0.600,1,6.0241,4.5056,-1.5184,0.8101,0.2449,0.0937,0.1311,6.0000,7.0733,0.8993,28.3179,0.6022,-95.2601,-29.3586,-79.7426,-25.7320,-79.6804,-25.8689,-92.2409,-25.4697,-116.8308,-21.7080,15.5175,3.6266,15.5796,3.4897,3.0192,3.8889,122,0.1900,122,0,0.9768,0.0205,0.0027,-5.5379,3.5522,0.1271,-3.2565,-5.0394,0.0000,1,0.1168,0.1467,12.8206,-0.0009
13.0202,IMM-UKF,jink,0.500,10.00,0.150,1,0.600,1,6.0139,4.5634,-1.4505,0.8354,0.2449,0.0937,0.1313,6.0000,7.0733,0.8987,31.1127,0.6021,-96.2238,-29.4271,-79.7426,-25.7320,-79.6804,-25.8689,-92.8804,-25.1755,-116.5394,-21.0892,16.4812,3.6951,16.5433,3.5582,3.3434,4.2516,122,0.2000,122,0,0.9768,0.0205,0.0027,-5.3100,3.5680,0.1253,-3.1958,-5.0781,0.0000,1,0.1168,0.1467,12.8206,-0.0009
13.0302,IMM-UKF,jink,0.500,10.00,0.150,1,0.600,1,6.0065,4.6254,-1.3811,0.8616,0.2449,0.0937,0.1315,6.0000,7.0733,0.8981,33.9830,0.6018,-97.1957,-29.4807,-79.7426,-25.7320,-79.6804,-25.8689,-93.5095,-24.8646,-116.2757,-20.4924,17.4531,3.7487,17.5152,3.6118,3.6862,4.6161,122,0.2100,122,0,0.9768,0.0205,0.0027,-5.0852,3.5865,0.1233,-3.1346,-5.1161,0.0000,1,0.1168,0.1467,12.8206,-0.0009
13.0402,IMM-UKF,jink,0.500,10.00,0.150,1,0.600,1,6.0018,4.6913,-1.3105,0.8888,0.2449,0.0937,0.1318,6.0000,7.0733,0.8973,36.9188,0.6015,-98.1745,-29.5192,-79.7426,-25.7320,-79.6804,-25.8689,-94.1278,-24.5388,-116.0384,-19.9172,18.4319,3.7872,18.4941,3.6503,4.0468,4.9804,122,0.2200,122,0,0.9768,0.0205,0.0027,-4.8636,3.6075,0.1210,-3.0730,-5.1533,0.0000,1,0.1152,0.1437,12.8206,-0.0005
13.0502,IMM-UKF,jink,0.500,10.00,0.150,1,0.600,1,5.9999,4.7613,-1.2386,0.9169,0.2449,0.0937,0.1320,6.0000,7.0733,0.8965,39.9105,0.6012,-99.1592,-29.5427,-79.7426,-25.7320,-79.6804,-25.8689,-94.7350,-24.2000,-115.8264,-19.3629,19.4166,3.8106,19.4787,3.6738,4.4242,5.3427,122,0.2300,122,0,0.9768,0.0205,0.0027,-4.6451,3.6311,0.1186,-3.0110,-5.1898,0.0000,1,0.1152,0.1437,12.8206,-0.0005
13.0602,IMM-UKF,jink,0.500,10.00,0.150,1,0.600,1,6.0007,4.8352,-1.1655,0.9460,0.2449,0.0937,0.1321,6.0000,7.0733,0.8957,42.9486,0.6008,-100.1483,-29.5510,-79.7426,-25.7320,-79.6804,-25.8689,-95.3310,-23.8500,-115.6385,-18.8288,20.4057,3.8190,20.4679,3.6821,4.8173,5.7010,122,0.2400,122,0,0.9768,0.0205,0.0027,-4.4299,3.6573,0.1159,-2.9485,-5.2256,0.0000,1,0.1152,0.1437,12.8206,-0.0005
13.0702,IMM-UKF,jink,0.500,10.00,0.150,1,0.600,1,6.0043,4.4207,-1.5836,0.7029,0.2443,0.0953,0.1329,6.0000,6.5330,0.4916,20.3861,0.6004,-101.1407,-29.5443,-87.1336,-28.1151,-87.1166,-28.1961,-98.3311,-27.2044,-121.9994,-22.3323,14.0071,1.4292,14.0241,1.3481,2.8096,2.3398,123,0.1500,123,0,0.9726,0.0235,0.0039,-4.2178,3.6859,0.1130,-2.8856,-5.2606,0.0000,1,0.1152,0.1437,12.9193,-0.0005
13.0802,IMM-UKF,jink,0.500,10.00,0.150,1,0.600,1,6.0105,4.4798,-1.5307,0.7246,0.2443,0.0953,0.1331,6.0000,6.5330,0.4910,22.7216,0.6000,-102.1352,-29.5226,-87.1336,-28.1151,-87.1166,-28.1961,-99.0055,-26.9187,-121.7692,-21.7972,15.0016,1.4075,15.0186,1.3264,3.1297,2.6039,123,0.1600,123,0,0.9726,0.0235,0.0039,-4.0089,3.7169,0.1099,-2.8222,-5.2948,0.0000,1,0.1152,0.1437,12.9193,-0.0005
13.0902,IMM-UKF,jink,0.500,10.00,0.150,1,0.600,1,6.0194,4.5428,-1.4767,0.7474,0.2443,0.0953,0.1333,6.0000,6.5330,0.4903,25.1394,0.5995,-103.1305,-29.4860,-87.1336,-28.1151,-87.1166,-28.1961,-99.6647,-26.6150,-121.5595,-21.2774,15.9969,1.3709,16.0139,1.2899,3.4658,2.8710,123,0.1700,123,0,0.9726,0.0235,0.0039,-3.8033,3.7503,0.1066,-2.7585,-5.3283,0.0000,1,0.1152,0.1437,12.9193,-0.0005
13.1002,IMM-UKF,jink,0.500,10.00,0.150,1,0.600,1,6.0310,4.6096,-1.4214,0.7712,0.2443,0.0953,0.1334,6.0000,6.5330,0.4896,27.6298,0.5990,-104.1254,-29.4349,-87.1336,-28.1151,-87.1166,-28.1961,-100.3085,-26.2955,-121.3696,-20.7726,16.9918,1.3198,17.0088,1.2388,3.8169,3.1394,123,0.1800,123,0,0.9726,0.0235,0.0039,-3.6008,3.7861,0.1031,-2.6943,-5.3610,0.0000,1,0.1152,0.1437,12.9193,-0.0005
13.1102,IMM-UKF,jink,0.500,10.00,0.150,1,0.600,1,6.0453,4.6802,-1.3651,0.7960,0.2443,0.0953,0.1336,6.0000,6.5330,0.4889,30.1831,0.5984,-105.1187,-29.3694,-87.1336,-28.1151,-87.1166,-28.1961,-100.9368,-25.9618,-121.1988,-20.2825,17.9851,1.2543,18.0021,1.1732,4.1819,3.4075,123,0.1900,123,0,0.9726,0.0235,0.0039,-3.4016,3.8240,0.0994,-2.6298,-5.3930,0.0000,1,0.1152,0.1437,12.9193,-0.0005
13.1202,IMM-UKF,jink,0.500,10.00,0.150,1,0.600,1,6.0621,4.7545,-1.3076,0.8218,0.2443,0.0953,0.1337,6.0000,6.5330,0.4881,32.7900,0.5978,-106.1093,-29.2898,-87.1336,-28.1151,-87.1166,-28.1961,-101.5498,-25.6160,-121.0464,-19.8068,18.9757,1.1747,18.9927,1.0937,4.5595,3.6738,123,0.2000,123,0,0.9726,0.0235,0.0039,-3.2056,3.8642,0.0954,-2.5649,-5.4241,0.0000,1,0.1152,0.1437,12.9193,-0.0005
13.1302,IMM-UKF,jink,0.500,10.00,0.150,1,0.600,1,6.0816,4.8324,-1.2492,0.8486,0.2443,0.0953,0.1338,6.0000,6.5330,0.4873,35.4417,0.5972,-107.0960,-29.1965,-87.1336,-28.1151,-87.1166,-28.1961,-102.1475,-25.2596,-120.9117,-19.3452,19.9624,1.0813,19.9794,1.0003,4.9484,3.9369,123,0.2100,123,0,0.9726,0.0235,0.0039,-3.0128,3.9066,0.0912,-2.4996,-5.4545,0.0000,1,0.1152,0.1437,12.9193,-0.0005
13.1402,IMM-UKF,jink,0.500,10.00,0.150,1,0.600,1,6.1036,4.9140,-1.1897,0.8764,0.2443,0.0953,0.1339,6.0000,6.5330,0.4865,38.1297,0.5965,-108.0777,-29.0898,-87.1336,-28.1151,-87.1166,-28.1961,-102.7304,-24.8943,-120.7939,-18.8972,20.9441,0.9747,20.9611,0.8937,5.3473,4.1955,123,0.2200,123,0,0.9726,0.0235,0.0039,-2.8232,3.9509,0.0867,-2.4340,-5.4841,0.0000,1,0.1152,0.1437,12.9193,-0.0005
13.1502,IMM-UKF,jink,0.500,10.00,0.150,1,0.600,1,6.1283,4.9990,-1.1293,0.9050,0.2443,0.0953,0.1340,6.0000,6.5330,0.4856,40.8461,0.5958,-109.0535,-28.9702,-87.1336,-28.1151,-87.1166,-28.1961,-103.2986,-24.5217,-120.6923,-18.4624,21.9199,0.8551,21.9369,0.7740,5.7549,4.4484,123,0.2300,123,0,0.9726,0.0235,0.0039,-2.6369,3.9973,0.0820,-2.3680,-5.5129,0.0000,1,0.1152,0.1437,12.9193,-0.0005
13.1602,IMM-UKF,jink,0.500,10.00,0.150,1,0.600,1,6.1554,5.0875,-1.0679,0.9346,0.2443,0.0953,0.1341,6.0000,6.5330,0.4847,43.5833,0.5950,-110.0223,-28.8380,-87.1336,-28.1151,-87.1166,-28.1961,-103.8525,-24.1432,-120.6062,-18.0404,22.8887,0.7229,22.9058,0.6419,6.1698,4.6948,123,0.2400,123,0,0.9726,0.0235,0.0039,-2.4537,4.0457,0.0770,-2.3017,-5.5410,0.0000,1,0.1153,0.1468,12.9193,-0.0010
13.1702,IMM-UKF,jink,0.500,10.00,0.150,1,0.600,1,6.1851,5.1794,-1.0057,0.9650,0.2443,0.0953,0.1342,6.0000,6.5330,0.4837,46.3342,0.5941,-110.9833,-28.6939,-87.1336,-28.1151,-87.1166,-28.1961,-104.3926,-23.7601,-120.5349,-17.6306,23.8497,0.5788,23.8668,0.4978,6.5908,4.9339,123,0.2500,123,0,0.9726,0.0235,0.0039,-2.2738,4.0959,0.0718,-2.2351,-5.5682,0.0000,1,0.1153,0.1468,12.9193,-0.0010
13.1802,IMM-UKF,jink,0.500,10.00,0.150,1,0.600,1,6.2173,5.2746,-0.9427,0.9963,0.2443,0.0953,0.1342,6.0000,6.5330,0.4827,49.0926,0.5932,-111.9356,-28.5383,-87.1336,-28.1151,-87.1166,-28.1961,-104.9192,-23.3735,-120.4778,-17.2326,24.8020,0.4232,24.8190,0.3421,7.0164,5.1648,123,0.2600,123,0,0.9726,0.0235,0.0039,-2.0970,4.1479,0.0661,-2.1681,-5.5946,0.0000,1,0.1153,0.1468,12.9193,-0.0010
13.1902,IMM-UKF,jink,0.500,10.00,0.150,1,0.600,1,6.2519,4.6732,-1.5787,0.7267,0.2449,0.0974,0.1337,6.0000,5.4446,1.8833,19.7453,0.5922,-112.8783,-28.3716,-98.1745,-29.5192,-98.0381,-29.8138,-109.2575,-27.5688,-128.5324,-21.5230,14.7038,-1.1476,14.8402,-1.4422,3.6208,0.8028,124,0.1500,124,0,0.9673,0.0285,0.0042,-1.9234,4.2017,0.0602,-2.1008,-5.6202,0.0000,1,0.1153,0.1468,13.0397,-0.0010
13.2002,IMM-UKF,jink,0.500,10.00,0.150,1,0.600,1,6.2889,4.7474,-1.5415,0.7488,0.2449,0.0974,0.1338,6.0000,5.4446,1.8819,21.6250,0.5912,-113.8108,-28.1945,-98.1745,-29.5192,-98.0381,-29.8138,-109.8750,-27.2487,-128.4191,-21.1034,15.6363,-1.3247,15.7727,-1.6193,3.9359,0.9458,124,0.1600,124,0,0.9673,0.0285,0.0042,-1.7529,4.2572,0.0538,-2.0332,-5.6450,0.0000,1,0.1153,0.1468,13.0397,-0.0010
13.2102,IMM-UKF,jink,0.500,10.00,0.150,1,0.600,1,6.3283,4.8249,-1.5035,0.7720,0.2449,0.0974,0.1338,6.0000,5.4446,1.8805,23.5645,0.5901,-114.7324,-28.0075,-98.1745,-29.5192,-98.0381,-29.8138,-110.4738,-26.9166,-128.3183,-20.6922,16.5579,-1.5118,16.6943,-1.8064,4.2586,1.0909,124,0.1700,124,0,0.9673,0.0285,0.0042,-1.5856,4.3142,0.0469,-1.9653,-5.6690,0.0000,1,0.1153,0.1468,13.0397,-0.0010
13.2202,IMM-UKF,jink,0.500,10.00,0.150,1,0.600,1,6.3702,4.9056,-1.4645,0.7962,0.2449,0.0974,0.1338,6.0000,5.4446,1.8789,25.5560,0.5889,-115.6425,-27.8111,-98.1745,-29.5192,-98.0381,-29.8138,-111.0544,-26.5740,-128.2295,-20.2888,17.4679,-1.7082,17.6043,-2.0028,4.5880,1.2371,124,0.1800,124,0,0.9673,0.0285,0.0042,-1.4214,4.3728,0.0395,-1.8971,-5.6922,0.0000,1,0.1153,0.1468,13.0397,-0.0010
13.2302,IMM-UKF,jink,0.500,10.00,0.150,1,0.600,1,6.4143,4.9896,-1.4247,0.8214,0.2449,0.0974,0.1338,6.0000,5.4446,1.8774,27.5916,0.5876,-116.5404,-27.6058,-98.1745,-29.5192,-98.0381,-29.8138,-111.6175,-26.2221,-128.1524,-19.8930,18.3659,-1.9134,18.5023,-2.2080,4.9229,1.3837,124,0.1900,124,0,0.9673,0.0285,0.0042,-1.2603,4.4328,0.0315,-1.8287,-5.7145,0.0000,1,0.1153,0.1468,13.0397,-0.0010
13.2402,IMM-UKF,jink,0.500,10.00,0.150,1,0.600,1,6.4607,5.0766,-1.3842,0.8475,0.2449,0.0974,0.1339,6.0000,5.4446,1.8758,29.6648,0.5863,-117.4259,-27.3923,-98.1745,-29.5192,-98.0381,-29.8138,-112.1636,-25.8621,-128.0865,-19.5039,19.2513,-2.1269,19.3877,-2.4216,5.2623,1.5302,124,0.2000,124,0,0.9673,0.0285,0.0042,-1.1023,4.4943,0.0228,-1.7600,-5.7361,0.0000,1,0.1153,0.1468,13.0397,-0.0010
13.2502,IMM-UKF,jink,0.500,10.00,0.150,1,0.600,1,6.5094,5.1666,-1.3428,0.8746,0.2449,0.0974,0.1339,6.0000,5.4446,1.8741,31.7690,0.5848,-118.2984,-27.1710,-98.1745,-29.5192,-98.0381,-29.8138,-112.6932,-25.4948,-128.0314,-19.1207,20.1238,-2.3482,20.2602,-2.6428,5.6052,1.6762,124,0.2100,124,0,0.9673,0.0285,0.0042,-0.9474,4.5571,0.0132,-1.6910,-5.7568,0.0000,1,0.1153,0.1468,13.0397,-0.0010
13.2602,IMM-UKF,jink,0.500,10.00,0.150,1,0.600,1,6.5604,5.2595,-1.3008,0.9026,0.2449,0.0974,0.1339,6.0000,5.4446,1.8724,33.8989,0.5833,-119.1575,-26.9425,-98.1745,-29.5192,-98.0381,-29.8138,-113.2069,-25.1208,-127.9867,-18.7423,20.9830,-2.5768,21.1194,-2.8714,5.9506,1.8217,124,0.2200,124,0,0.9673,0.0285,0.0042,-0.7955,4.6211,0.0024,-1.6218,-5.7766,0.0000,1,0.1153,0.1468,13.0397,-0.0010
13.2702,IMM-UKF,jink,0.500,10.00,0.150,1,0.600,1,6.6135,5.3553,-1.2582,0.9315,0.2449,0.0974,0.1339,6.0000,5.4446,1.8706,36.0504,0.5816,-120.0031,-26.7072,-98.1745,-29.5192,-98.0381,-29.8138,-113.7054,-24.7404,-127.9521,-18.3670,21.8286,-2.8121,21.9650,-3.1067,6.2977,1.9668,124,0.2300,124,0,0.9673,0.0285,0.0042,-0.6467,4.6862,-0.0099,-1.5524,-5.7957,0.0000,1,0.1153,0.1468,13.0397,-0.0010
13.2802,IMM-UKF,jink,0.500,10.00,0.150,1,0.600,1,6.6687,5.4537,-1.2150,0.9613,0.2449,0.0974,0.1339,6.0000,5.4446,1.8688,38.2210,0.5799,-120.8348,-26.4655,-98.1745,-29.5192,-98.0381,-29.8138,-114.1893,-24.3530,-127.9270,-17.9922,22.6603,-3.0537,22.7967,-3.3484,6.6455,2.1125,124,0.2400,124,0,0.9673,0.0285,0.0042,-0.5009,4.7525,-0.0243,-1.4827,-5.8139,0.0000,1,0.1026,0.1461,13.0397,0.0001
13.2902,IMM-UKF,jink,0.500,10.00,0.150,1,0.600,1,6.7261,5.5547,-1.1714,0.9920,0.2449,0.0974,0.1339,6.0000,5.4446,1.8669,40.4110,0.5781,-121.6525,-26.2178,-98.1745,-29.5192,-98.0381,-29.8138,-114.6590,-23.9571,-127.9111,-17.6134,23.4779,-3.3014,23.6143,-3.5960,6.9934,2.2607,124,0.2500,124,0,0.9673,0.0285,0.0042,-0.3583,4.8196,-0.0417,-1.4129,-5.8313,0.0000,1,0.1026,0.1461,13.0397,0.0001
13.3002,IMM-UKF,jink,0.500,10.00,0.150,1,0.600,1,6.7855,5.6577,-1.1278,1.0235,0.2449,0.0974,0.1339,6.0000,5.4446,1.8649,42.6281,0.5761,-122.4559,-25.9644,-98.1745,-29.5192,-98.0381,-29.8138,-115.1151,-23.5486,-127.9037,-17.2220,24.2814,-3.5549,24.4178,-3.8495,7.3409,2.4158,124,0.2600,124,0,0.9673,0.0285,0.0042,-0.2190,4.8874,-0.0643,-1.3428,-5.8478,0.0000,1,0.1026,0.1461,13.0397,0.0001
13.3102,IMM-UKF,jink,0.500,10.00,0.150,1,0.600,1,6.8468,5.0094,-1.8374,0.7616,0.2436,0.0987,0.1351,6.0000,4.3946,2.8122,13.7511,0.5741,-123.2451,-25.7049,-110.0223,-28.8380,-110.2274,-29.2751,-120.7693,-25.1758,-136.5846,-17.3393,13.2227,-3.1331,13.0177,-3.5702,2.4758,0.5291,125,0.1500,125,0,0.9666,0.0291,0.0043,-0.0838,4.9550,-0.0972,-1.2725,-5.8635,0.0000,1,0.1026,0.1461,13.1593,0.0001
13.3202,IMM-UKF,jink,0.500,10.00,0.150,1,0.600,1,6.9098,5.0905,-1.8193,0.7838,0.2436,0.0987,0.1351,6.0000,4.3946,2.8105,15.3291,0.5721,-124.0198,-25.4380,-110.0223,-28.8380,-110.2274,-29.2751,-121.3034,-24.7278,-136.5351,-16.8096,13.9975,-3.4000,13.7924,-3.8371,2.7165,0.7103,125,0.1600,125,0,0.9666,0.0291,0.0043,0.0420,5.0177,-0.1611,-1.2021,-5.8784,0.0000,1,0.1026,0.1461,13.1593,0.0001
13.3302,IMM-UKF,jink,0.500,10.00,0.150,1,0.600,1,6.9720,5.1299,-1.8421,0.8071,0.2436,0.0987,0.1351,6.0000,4.3946,2.8088,17.4266,0.5701,-124.7770,-25.1655,-110.0223,-28.8380,-110.2274,-29.2751,-121.7225,-24.2857,-136.5683,-16.1737,14.7547,-3.6726,14.5496,-4.1096,3.0545,0.8798,125,0.1700,125,0,0.9666,0.0291,0.0043,-0.0144,4.9161,-0.3226,-1.1314,-5.8924,0.0000,1,0.1026,0.1461,13.1593,0.0001
13.3402,IMM-UKF,jink,0.500,10.00,0.150,1,0.600,1,7.0327,5.1598,-1.8729,0.8316,0.2436,0.0987,0.1351,6.0000,4.3946,2.8071,19.2977,0.5682,-125.5164,-24.9001,-110.0223,-28.8380,-110.2274,-29.2751,-122.0758,-24.1350,-136.6220,-16.1815,15.4940,-3.9380,15.2890,-4.3751,3.4406,0.7651,125,0.1800,125,0,0.9666,0.0291,0.0043,-0.1422,4.7465,-0.3585,-1.0607,-5.9055,0.0000,1,0.1026,0.1461,13.1593,0.0001
13.3502,IMM-UKF,jink,0.500,10.00,0.150,1,0.600,1,7.0923,5.1877,-1.9046,0.8572,0.2436,0.0987,0.1351,6.0000,4.3946,2.8054,21.2487,0.5663,-126.2388,-24.6434,-110.0223,-28.8380,-110.2274,-29.2751,-122.4017,-24.0412,-136.6656,-16.2966,16.2165,-4.1947,16.0115,-4.6318,3.8372,0.6022,125,0.1900,125,0,0.9666,0.0291,0.0043,-0.2699,4.5747,-0.3714,-0.9897,-5.9178,0.0000,1,0.1026,0.1461,13.1593,0.0001
13.3602,IMM-UKF,jink,0.500,10.00,0.150,1,0.600,1,7.1505,5.2129,-1.9376,0.8838,0.2436,0.0987,0.1351,6.0000,4.3946,2.8036,23.3240,0.5644,-126.9454,-24.3958,-110.0223,-28.8380,-110.2274,-29.2751,-122.7022,-23.9792,-136.6980,-16.4581,16.9230,-4.4423,16.7180,-4.8794,4.2432,0.4166,125,0.2000,125,0,0.9666,0.0291,0.0043,-0.3954,4.4028,-0.3754,-0.9186,-5.9293,0.0000,1,0.1026,0.1461,13.1593,0.0001
13.3702,IMM-UKF,jink,0.500,10.00,0.150,1,0.600,1,7.2075,5.2355,-1.9720,0.9115,0.2436,0.0987,0.1351,6.0000,4.3946,2.8019,25.5281,0.5625,-127.6369,-24.1572,-110.0223,-28.8380,-110.2274,-29.2751,-122.9783,-23.9418,-136.7186,-16.6489,17.6145,-4.6808,17.4095,-5.1179,4.6586,0.2154,125,0.2100,125,0,0.9666,0.0291,0.0043,-0.5183,4.2311,-0.3748,-0.8474,-5.9399,0.0000,1,0.1026,0.1461,13.1593,0.0001
13.3802,IMM-UKF,jink,0.500,10.00,0.150,1,0.600,1,7.2632,5.2553,-2.0079,0.9401,0.2436,0.0987,0.1351,6.0000,4.3946,2.8001,27.8572,0.5607,-128.3142,-23.9278,-110.0223,-28.8380,-110.2274,-29.2751,-123.2306,-23.9258,-136.7269,-16.8620,18.2919,-4.9103,18.0868,-5.3474,5.0836,0.0020,125,0.2200,125,0,0.9666,0.0291,0.0043,-0.6386,4.0598,-0.3713,-0.7761,-5.9496,0.0000,1,0.1026,0.1461,13.1593,0.0001
13.3902,IMM-UKF,jink,0.500,10.00,0.150,1,0.600,1,7.3175,5.2723,-2.0452,0.9696,0.2436,0.0987,0.1351,6.0000,4.3946,2.7984,30.3065,0.5588,-128.9782,-23.7072,-110.0223,-28.8380,-110.2274,-29.2751,-123.4598,-23.9294,-136.7225,-17.0940,18.9558,-5.1309,18.7508,-5.5679,5.5184,-0.2222,125,0.2300,125,0,0.9666,0.0291,0.0043,-0.7563,3.8888,-0.3659,-0.7046,-5.9585,0.0000,1,0.0941,0.1579,13.1593,-0.0008
13.4002,IMM-UKF,jink,0.500,10.00,0.150,1,0.600,1,7.3706,5.2866,-2.0840,1.0001,0.2436,0.0987,0.1351,6.0000,4.3946,2.7967,32.8714,0.5570,-129.6296,-23.4953,-110.0223,-28.8380,-110.2274,-29.2751,-123.6661,-23.9514,-136.7048,-17.3433,19.6072,-5.3428,19.4022,-5.7799,5.9635,-0.4561,125,0.2400,125,0,0.9666,0.0291,0.0043,-0.8714,3.7182,-0.3591,-0.6331,-5.9665,0.0000,1,0.0941,0.1579,13.1593,-0.0008
13.4102,IMM-UKF,jink,0.500,10.00,0.150,1,0.600,1,7.4223,5.2982,-2.1241,1.0315,0.2436,0.0987,0.1351,6.0000,4.3946,2.7949,35.5483,0.5552,-130.2690,-23.2919,-110.0223,-28.8380,-110.2274,-29.2751,-123.8499,-23.9910,-136.6733,-17.6087,20.2467,-5.5462,20.0417,-5.9833,6.4192,-0.6991,125,0.2500,125,0,0.9666,0.0291,0.0043,-0.9840,3.5481,-0.3512,-0.5614,-5.9737,0.0000,1,0.0941,0.1579,13.1593,-0.0008
13.4202,IMM-UKF,jink,0.500,10.00,0.150,1,0.600,1,7.4726,5.3070,-2.1656,1.0638,0.2436,0.0987,0.1351,6.0000,4.3946,2.7932,38.3347,0.5535,-130.8973,-23.0967,-110.0223,-28.8380,-110.2274,-29.2751,-124.0115,-24.0477,-136.6273,-17.8898,20.8749,-5.7413,20.6699,-6.1784,6.8858,-0.9509,125,0.2600,125,0,0.9666,0.0291,0.0043,-1.0940,3.3785,-0.3426,-0.4897,-5.9800,0.0000,1,0.0941,0.1579,13.1593,-0.0008
13.4302,IMM-UKF,jink,0.500,10.00,0.150,1,0.600,1,7.5216,5.1325,-2.3891,0.8015,0.2440,0.0992,0.1347,6.0000,3.6425,2.8336,18.2569,0.5517,-131.5150,-22.9097,-120.8348,-26.4655,-121.2079,-26.8064,-128.7286,-24.5809,-143.6146,-18.8931,10.6801,-3.5558,10.3070,-3.8967,2.7864,-1.6712,126,0.1500,126,0,0.9721,0.0245,0.0035,-1.2016,3.2093,-0.3334,-0.4179,-5.9854,0.0000,1,0.0941,0.1579,13.2803,-0.0008
13.4402,IMM-UKF,jink,0.500,10.00,0.150,1,0.600,1,7.5692,5.1500,-2.4192,0.8243,0.2440,0.0992,0.1347,6.0000,3.6425,2.8322,20.1925,0.5501,-132.1226,-22.7305,-120.8348,-26.4655,-121.2079,-26.8064,-129.0516,-24.5898,-143.7260,-19.1762,11.2878,-3.7350,10.9147,-4.0759,3.0711,-1.8594,126,0.1600,126,0,0.9721,0.0245,0.0035,-1.3067,3.0407,-0.3238,-0.3461,-5.9900,0.0000,1,0.0941,0.1579,13.2803,-0.0008
13.4502,IMM-UKF,jink,0.500,10.00,0.150,1,0.600,1,7.6155,5.1647,-2.4507,0.8481,0.2440,0.0992,0.1347,6.0000,3.6425,2.8309,22.2111,0.5484,-132.7209,-22.5589,-120.8348,-26.4655,-121.2079,-26.8064,-129.3545,-24.6162,-143.8286,-19.4746,11.8861,-3.9066,11.5130,-4.2475,3.3664,-2.0573,126,0.1700,126,0,0.9721,0.0245,0.0035,-1.4094,2.8727,-0.3137,-0.2742,-5.9937,0.0000,1,0.0941,0.1579,13.2803,-0.0008
13.4602,IMM-UKF,jink,0.500,10.00,0.150,1,0.600,1,7.6603,5.1766,-2.4837,0.8729,0.2440,0.0992,0.1347,6.0000,3.6425,2.8294,24.3128,0.5468,-133.3103,-22.3948,-120.8348,-26.4655,-121.2079,-26.8064,-129.6380,-24.6598,-143.9220,-19.7886,12.4755,-4.0707,12.1024,-4.4116,3.6723,-2.2650,126,0.1800,126,0,0.9721,0.0245,0.0035,-1.5097,2.7052,-0.3034,-0.2022,-5.9966,0.0000,1,0.0941,0.1579,13.2803,-0.0008
13.4702,IMM-UKF,jink,0.500,10.00,0.150,1,0.600,1,7.7037,5.1858,-2.5180,0.8986,0.2440,0.0992,0.1347,6.0000,3.6425,2.8281,26.4981,0.5452,-133.8913,-22.2379,-120.8348,-26.4655,-121.2079,-26.8064,-129.9022,-24.7203,-144.0056,-20.1186,13.0565,-4.2276,12.6834,-4.5685,3.9891,-2.4824,126,0.1900,126,0,0.9721,0.0245,0.0035,-1.6077,2.5382,-0.2928,-0.1303,-5.9986,0.0000,1,0.0941,0.1579,13.2803,-0.0008
13.4802,IMM-UKF,jink,0.500,10.00,0.150,1,0.600,1,7.7457,5.1922,-2.5536,0.9253,0.2440,0.0992,0.1347,6.0000,3.6425,2.8267,28.7680,0.5437,-134.4644,-22.0880,-120.8348,-26.4655,-121.2079,-26.8064,-130.1475,-24.7974,-144.0790,-20.4650,13.6296,-4.3775,13.2565,-4.7183,4.3169,-2.7094,126,0.2000,126,0,0.9721,0.0245,0.0035,-1.7033,2.3719,-0.2820,-0.0583,-5.9997,0.0000,1,0.0941,0.1579,13.2803,-0.0008
13.4902,IMM-UKF,jink,0.500,10.00,0.150,1,0.600,1,7.7863,5.1959,-2.5904,0.9529,0.2440,0.0992,0.1347,6.0000,3.6425,2.8254,31.1237,0.5422,-135.0301,-21.9450,-120.8348,-26.4655,-121.2079,-26.8064,-130.3742,-24.8911,-144.1417,-20.8284,14.1953,-4.5204,13.8222,-4.8613,4.6559,-2.9461,126,0.2100,126,0,0.9721,0.0245,0.0035,-1.7966,2.2062,-0.2711,0.0137,-6.0000,0.0000,1,0.1044,0.1507,13.2803,0.0003
13.5002,IMM-UKF,jink,0.500,10.00,0.150,1,0.600,1,7.8255,5.1970,-2.6285,0.9814,0.2440,0.0992,0.1347,6.0000,3.6425,2.8241,33.5671,0.5407,-135.5888,-21.8087,-120.8348,-26.4655,-121.2079,-26.8064,-130.5823,-25.0012,-144.1931,-21.2092,14.7539,-4.6568,14.3808,-4.9976,5.0064,-3.1925,126,0.2200,126,0,0.9721,0.0245,0.0035,-1.8876,2.0411,-0.2601,0.0857,-5.9994,0.0000,1,0.1044,0.1507,13.2803,0.0003
13.5102,IMM-UKF,jink,0.500,10.00,0.150,1,0.600,1,7.8642,5.1955,-2.6687,1.0108,0.2440,0.0992,0.1347,6.0000,3.6425,2.8258,36.0611,0.5393,-136.1320,-21.6762,-120.8348,-26.4655,-121.2079,-26.8064,-130.7737,-25.1273,-144.2366,-21.6072,15.2972,-4.7893,14.9241,-5.1302,5.3584,-3.4511,126,0.2300,126,0,0.9721,0.0245,0.0035,-1.9768,1.8770,-0.2492,0.0137,-6.0000,0.0000,1,0.1044,0.1507,13.2803,0.0003
13.5202,IMM-UKF,jink,0.500,10.00,0.150,1,0.600,1,7.9023,5.1914,-2.7109,1.0411,0.2440,0.0992,0.1344,6.0000,3.6425,2.8276,38.6106,0.5381,-136.6611,-21.5474,-120.8348,-26.4655,-121.2079,-26.8064,-130.9486,-25.2693,-144.2720,-22.0230,15.8263,-4.9181,15.4532,-5.2590,5.7125,-3.7220,126,0.2400,126,0,0.9721,0.0245,0.0035,-2.0644,1.7140,-0.2384,-0.0583,-5.9997,0.0000,1,0.1044,0.1507,13.2803,0.0003
13.5302,IMM-UKF,jink,0.500,10.00,0.150,1,0.600,1,7.9399,5.1848,-2.7552,1.0723,0.2440,0.0992,0.1340,6.0000,3.6425,2.8293,41.2168,0.5369,-137.1763,-21.4223,-120.8348,-26.4655,-121.2079,-26.8064,-131.1073,-25.4273,-144.2991,-22.4574,16.3415,-5.0432,15.9684,-5.3841,6.0690,-4.0051,126,0.2500,126,0,0.9721,0.0245,0.0035,-2.1502,1.5520,-0.2277,-0.1303,-5.9986,0.0000,1,0.1044,0.1507,13.2803,0.0003
13.5402,IMM-UKF,jink,0.500,10.00,0.150,1,0.600,1,7.9770,5.1756,-2.8014,1.1043,0.2440,0.0992,0.1335,6.0000,3.6425,2.8311,43.8817,0.5357,-137.6781,-21.3009,-120.8348,-26.4655,-121.2079,-26.8064,-131.2499,-25.6013,-144.3175,-22.9113,16.8432,-5.1646,16.4701,-5.5055,6.4281,-4.3005,126,0.2600,126,0,0.9721,0.0245,0.0035,-2.2345,1.3910,-0.2172,-0.2022,-5.9966,0.0000,1,0.1044,0.1507,13.2803,0.0003
13.5502,IMM-UKF,jink,0.500,10.00,0.150,1,0.600,1,8.0134,5.1978,-2.8157,0.8965,0.2465,0.0994,0.1302,6.0000,3.3796,3.0996,13.8733,0.5347,-138.1665,-21.1831,-128.9782,-23.7072,-129.2572,-24.1608,-136.3816,-22.8061,-152.6701,-18.4716,9.1884,-2.5240,8.9093,-2.9777,1.7849,-1.6230,127,0.1600,127,0,0.9688,0.0265,0.0048,-2.3171,1.2311,-0.2068,-0.2742,-5.9937,0.0000,1,0.1044,0.1507,13.3894,0.0003
13.5602,IMM-UKF,jink,0.500,10.00,0.150,1,0.600,1,8.0493,5.1953,-2.8540,0.9205,0.2465,0.0994,0.1294,6.0000,3.3796,3.1003,15.2001,0.5337,-138.6422,-21.0691,-128.9782,-23.7072,-129.2572,-24.1608,-136.7002,-22.8593,-152.9130,-18.7802,9.6640,-2.6381,9.3850,-3.0918,1.9419,-1.7903,127,0.1700,127,0,0.9688,0.0265,0.0048,-2.3983,1.0723,-0.1966,-0.3461,-5.9900,0.0000,1,0.1044,0.1507,13.3894,0.0003
13.5702,IMM-UKF,jink,0.500,10.00,0.150,1,0.600,1,8.0844,5.1902,-2.8943,0.9454,0.2465,0.0994,0.1284,6.0000,3.3796,3.1011,16.5717,0.5329,-139.1052,-20.9586,-128.9782,-23.7072,-129.2572,-24.1608,-137.0069,-22.9271,-153.1574,-19.1038,10.1270,-2.7486,9.8480,-3.2022,2.0983,-1.9685,127,0.1800,127,0,0.9688,0.0265,0.0048,-2.4779,0.9146,-0.1865,-0.4179,-5.9854,0.0000,1,0.1044,0.1507,13.3894,0.0003
13.5802,IMM-UKF,jink,0.500,10.00,0.150,1,0.600,1,8.1190,5.1825,-2.9365,0.9712,0.2465,0.0994,0.1273,6.0000,3.3796,3.1018,17.9883,0.5321,-139.5560,-20.8517,-128.9782,-23.7072,-129.2572,-24.1608,-137.3020,-23.0094,-153.4036,-19.4432,10.5778,-2.8555,10.2988,-3.3091,2.2539,-2.1576,127,0.1900,127,0,0.9688,0.0265,0.0048,-2.5560,0.7580,-0.1766,-0.4897,-5.9800,0.0000,1,0.1044,0.1507,13.3894,0.0003
13.5902,IMM-UKF,jink,0.500,10.00,0.150,1,0.600,1,8.1528,5.1722,-2.9806,0.9979,0.2465,0.0994,0.1261,6.0000,3.3796,3.1012,19.4523,0.5312,-139.9952,-20.7484,-128.9782,-23.7072,-129.2572,-24.1608,-137.5861,-23.1061,-153.6521,-19.7992,11.0170,-2.9588,10.7380,-3.4125,2.4091,-2.3577,127,0.2000,127,0,0.9688,0.0265,0.0048,-2.6327,0.6026,-0.1668,-0.5614,-5.9737,0.0000,1,0.1044,0.1507,13.3894,0.0003
13.6002,IMM-UKF,jink,0.500,10.00,0.150,1,0.600,1,8.1859,5.1594,-3.0265,1.0255,0.2465,0.0994,0.1251,6.0000,3.3796,3.0975,20.9666,0.5300,-140.4238,-20.6486,-128.9782,-23.7072,-129.2572,-24.1608,-137.8596,-23.2173,-153.9033,-20.1725,11.4456,-3.0586,11.1666,-3.5123,2.5642,-2.5687,127,0.2100,127,0,0.9688,0.0265,0.0048,-2.7080,0.4482,-0.1572,-0.6331,-5.9665,0.0000,1,0.0853,0.1556,13.3894,-0.0005
13.6102,IMM-UKF,jink,0.500,10.00,0.150,1,0.600,1,8.2183,5.1440,-3.0743,1.0540,0.2465,0.0994,0.1241,6.0000,3.3796,3.0943,22.5274,0.5288,-140.8408,-20.5523,-128.9782,-23.7072,-129.2572,-24.1608,-138.1228,-23.3431,-154.1576,-20.5640,11.8626,-3.1549,11.5836,-3.6085,2.7180,-2.7908,127,0.2200,127,0,0.9688,0.0265,0.0048,-2.7820,0.2950,-0.1477,-0.7046,-5.9585,0.0000,1,0.0853,0.1556,13.3894,-0.0005
13.6202,IMM-UKF,jink,0.500,10.00,0.150,1,0.600,1,8.2499,5.1262,-3.1237,1.0833,0.2465,0.0994,0.1233,6.0000,3.3796,3.0948,24.1321,0.5279,-141.2451,-20.4595,-128.9782,-23.7072,-129.2572,-24.1608,-138.3761,-23.4836,-154.4154,-20.9748,12.2669,-3.2477,11.9879,-3.7014,2.8690,-3.0241,127,0.2300,127,0,0.9688,0.0265,0.0048,-2.8546,0.1428,-0.1384,-0.7761,-5.9496,0.0000,1,0.0853,0.1556,13.3894,-0.0005
13.6302,IMM-UKF,jink,0.500,10.00,0.150,1,0.600,1,8.2808,5.1060,-3.1747,1.1135,0.2465,0.0994,0.1223,6.0000,3.3796,3.0955,25.7878,0.5271,-141.6385,-20.3701,-128.9782,-23.7072,-129.2572,-24.1608,-138.6197,-23.6389,-154.6774,-21.4058,12.6603,-3.3371,12.3813,-3.7908,3.0188,-3.2689,127,0.2400,127,0,0.9688,0.0265,0.0048,-2.9260,-0.0081,-0.1293,-0.8474,-5.9399,0.0000,1,0.0853,0.1556,13.3894,-0.0005
13.6402,IMM-UKF,jink,0.500,10.00,0.150,1,0.600,1,8.3109,5.0835,-3.2274,1.1446,0.2465,0.0994,0.1212,6.0000,3.3796,3.0960,27.4966,0.5263,-142.0212,-20.2840,-128.9782,-23.7072,-129.2572,-24.1608,-138.8541,-23.8092,-154.9441,-21.8581,13.0430,-3.4232,12.7640,-3.8768,3.1671,-3.5252,127,0.2500,127,0,0.9688,0.0265,0.0048,-2.9961,-0.1579,-0.1202,-0.9186,-5.9293,0.0000,1,0.0853,0.1556,13.3894,-0.0005
13.6502,IMM-UKF,jink,0.500,10.00,0.150,1,0.600,1,8.3401,5.2475,-3.0926,0.9224,0.2459,0.0984,0.1207,6.0000,3.4927,2.0680,10.8858,0.5257,-142.3934,-20.2014,-135.0301,-21.9450,-134.9318,-22.2827,-141.1343,-21.5890,-157.8653,-18.3532,7.3633,-1.7437,7.4616,-2.0814,1.2591,-1.3877,128,0.1600,128,0,0.9740,0.0224,0.0037,-3.0649,-0.3066,-0.1114,-0.9897,-5.9178,0.0000,1,0.0853,0.1556,13.4905,-0.0005
13.6602,IMM-UKF,jink,0.500,10.00,0.150,1,0.600,1,8.3686,5.2338,-3.1348,0.9459,0.2459,0.0984,0.1194,6.0000,3.4927,2.0667,11.7613,0.5250,-142.7554,-20.1220,-135.0301,-21.9450,-134.9318,-22.2827,-141.4411,-21.6566,-158.2007,-18.6673,7.7253,-1.8231,7.8236,-2.1607,1.3143,-1.5346,128,0.1700,128,0,0.9740,0.0224,0.0037,-3.1326,-0.4541,-0.1027,-1.0607,-5.9055,0.0000,1,0.0853,0.1556,13.4905,-0.0005
13.6702,IMM-UKF,jink,0.500,10.00,0.150,1,0.600,1,8.3962,5.2175,-3.1786,0.9704,0.2459,0.0984,0.1180,6.0000,3.4927,2.0654,12.6824,0.5245,-143.1074,-20.0459,-135.0301,-21.9450,-134.9318,-22.2827,-141.7404,-21.7370,-158.5441,-18.9973,8.0773,-1.8991,8.1756,-2.2368,1.3670,-1.6911,128,0.1800,128,0,0.9740,0.0224,0.0037,-3.1991,-0.6005,-0.0941,-1.1314,-5.8924,0.0000,1,0.0853,0.1556,13.4905,-0.0005
13.6802,IMM-UKF,jink,0.500,10.00,0.150,1,0.600,1,8.4230,5.1989,-3.2241,0.9957,0.2459,0.0984,0.1165,6.0000,3.4927,2.0642,13.6507,0.5240,-143.4495,-19.9731,-135.0301,-21.9450,-134.9318,-22.2827,-142.0325,-21.8304,-158.8961,-19.3441,8.4194,-1.9720,8.5177,-2.3096,1.4170,-1.8574,128,0.1900,128,0,0.9740,0.0224,0.0037,-3.2645,-0.7457,-0.0857,-1.2021,-5.8784,0.0000,1,0.0853,0.1556,13.4905,-0.0005
13.6902,IMM-UKF,jink,0.500,10.00,0.150,1,0.600,1,8.4489,5.1779,-3.2710,1.0219,0.2459,0.0984,0.1149,6.0000,3.4927,2.0630,14.6679,0.5235,-143.7821,-19.9035,-135.0301,-21.9450,-134.9318,-22.2827,-142.3179,-21.9369,-159.2576,-19.7084,8.7520,-2.0416,8.8503,-2.3793,1.4642,-2.0335,128,0.2000,128,0,0.9740,0.0224,0.0037,-3.3287,-0.8897,-0.0775,-1.2725,-5.8635,0.0000,1,0.1003,0.1404,13.4905,-0.0013
13.7002,IMM-UKF,jink,0.500,10.00,0.150,1,0.600,1,8.4739,5.1545,-3.3194,1.0490,0.2459,0.0984,0.1132,6.0000,3.4927,2.0620,15.7356,0.5232,-144.1052,-19.8370,-135.0301,-21.9450,-134.9318,-22.2827,-142.5969,-22.0566,-159.6298,-20.0913,9.0751,-2.1080,9.1734,-2.4457,1.5082,-2.2195,128,0.2100,128,0,0.9740,0.0224,0.0037,-3.3920,-1.0326,-0.0693,-1.3428,-5.8478,0.0000,1,0.1003,0.1404,13.4905,-0.0013
13.7102,IMM-UKF,jink,0.500,10.00,0.150,1,0.600,1,8.4980,5.1287,-3.3693,1.0769,0.2459,0.0984,0.1114,6.0000,3.4927,2.0610,16.8560,0.5228,-144.4191,-19.7737,-135.0301,-21.9450,-134.9318,-22.2827,-142.8700,-22.1895,-160.0134,-20.4938,9.3890,-2.1713,9.4873,-2.5090,1.5490,-2.4158,128,0.2200,128,0,0.9740,0.0224,0.0037,-3.4541,-1.1743,-0.0614,-1.4129,-5.8313,0.0000,1,0.1003,0.1404,13.4905,-0.0013
13.7202,IMM-UKF,jink,0.500,10.00,0.150,1,0.600,1,8.5212,5.1007,-3.4205,1.1057,0.2459,0.0984,0.1095,6.0000,3.4927,2.0601,18.0312,0.5226,-144.7239,-19.7136,-135.0301,-21.9450,-134.9318,-22.2827,-143.1375,-22.3361,-160.4098,-20.9170,9.6938,-2.2315,9.7921,-2.5691,1.5864,-2.6225,128,0.2300,128,0,0.9740,0.0224,0.0037,-3.5153,-1.3149,-0.0536,-1.4827,-5.8139,0.0000,1,0.1003,0.1404,13.4905,-0.0013
13.7302,IMM-UKF,jink,0.500,10.00,0.150,1,0.600,1,8.5435,5.0705,-3.4731,1.1354,0.2459,0.0984,0.1075,6.0000,3.4927,2.0592,19.2636,0.5223,-145.0199,-19.6565,-135.0301,-21.9450,-134.9318,-22.2827,-143.3998,-22.4963,-160.8200,-21.3621,9.9898,-2.2885,10.0880,-2.6262,1.6201,-2.8398,128,0.2400,128,0,0.9740,0.0224,0.0037,-3.5754,-1.4542,-0.0459,-1.5524,-5.7957,0.0000,1,0.1003,0.1404,13.4905,-0.0013
13.7402,IMM-UKF,jink,0.500,10.00,0.150,1,0.600,1,8.5649,5.0380,-3.5269,1.1659,0.2459,0.0984,0.1054,6.0000,3.4927,2.0584,20.5560,0.5221,-145.3071,-19.6025,-135.0301,-21.9450,-134.9318,-22.2827,-143.6572,-22.6706,-161.2457,-21.8303,10.2770,-2.3425,10.3753,-2.6802,1.6500,-3.0681,128,0.2500,128,0,0.9740,0.0224,0.0037,-3.6347,-1.5924,-0.0384,-1.6218,-5.7766,0.0000,1,0.1003,0.1404,13.4905,-0.0013
13.7502,IMM-UKF,jink,0.500,10.00,0.150,1,0.600,1,8.5854,5.0034,-3.5820,1.1972,0.2459,0.0984,0.1033,6.0000,3.4927,2.0577,21.9110,0.5220,-145.5858,-19.5516,-135.0301,-21.9450,-134.9318,-22.2827,-143.9100,-22.8593,-161.6881,-22.3231,10.5558,-2.3935,10.6540,-2.7311,1.6759,-3.3077,128,0.2600,128,0,0.9740,0.0224,0.0037,-3.6929,-1.7295,-0.0310,-1.6910,-5.7568,0.0000,1,0.1003,0.1404,13.4905,-0.0013
13.7602,IMM-UKF,jink,0.500,10.00,0.150,1,0.600,1,8.6049,5.3047,-3.3002,0.9709,0.2476,0.0983,0.0994,6.0000,3.9096,1.8795,3.9358,0.5219,-145.8562,-19.5036,-140.4238,-20.6486,-140.0890,-20.7106,-145.9850,-20.1503,-163.9567,-16.9617,5.4324,-1.1450,5.7672,-1.2070,-0.1288,-0.6467,129,0.1600,129,0,0.9750,0.0215,0.0035,-3.7503,-1.8653,-0.0237,-1.7600,-5.7361,0.0000,1,0.1003,0.1404,13.5997,-0.0013
13.7702,IMM-UKF,jink,0.500,10.00,0.150,1,0.600,1,8.6234,5.2812,-3.3422,0.9943,0.2476,0.0983,0.0971,6.0000,3.9096,1.8779,4.5943,0.5219,-146.1183,-19.4587,-140.4238,-20.6486,-140.0890,-20.7106,-146.3045,-20.2064,-164.4233,-17.2318,5.6945,-1.1899,6.0293,-1.2519,-0.1862,-0.7477,129,0.1700,129,0,0.9750,0.0215,0.0035,-3.8068,-2.0000,-0.0166,-1.8287,-5.7145,0.0000,1,0.1003,0.1404,13.5997,-0.0013
13.7802,IMM-UKF,jink,0.500,10.00,0.150,1,0.600,1,8.6410,5.2556,-3.3854,1.0185,0.2476,0.0983,0.0947,6.0000,3.9096,1.8763,5.3128,0.5219,-146.3723,-19.4167,-140.4238,-20.6486,-140.0890,-20.7106,-146.6206,-20.2735,-164.9062,-17.5160,5.9485,-1.2319,6.2833,-1.2940,-0.2483,-0.8568,129,0.1800,129,0,0.9750,0.0215,0.0035,-3.8625,-2.1336,-0.0097,-1.8971,-5.6922,0.0000,1,0.1003,0.1404,13.5997,-0.0013
13.7902,IMM-UKF,jink,0.500,10.00,0.150,1,0.600,1,8.6576,5.2277,-3.4299,1.0437,0.2476,0.0983,0.0923,6.0000,3.9096,1.8749,6.0914,0.5219,-146.6184,-19.3776,-140.4238,-20.6486,-140.0890,-20.7106,-146.9339,-20.3516,-165.4068,-17.8149,6.1946,-1.2710,6.5294,-1.3330,-0.3154,-0.9740,129,0.1900,129,0,0.9750,0.0215,0.0035,-3.9173,-2.2659,-0.0028,-1.9653,-5.6690,0.0000,1,0.1003,0.1404,13.5997,-0.0013
13.8002,IMM-UKF,jink,0.500,10.00,0.150,1,0.600,1,8.6732,5.1976,-3.4756,1.0697,0.2476,0.0983,0.0898,6.0000,3.9096,1.8735,6.9303,0.5220,-146.8567,-19.3414,-140.4238,-20.6486,-140.0890,-20.7106,-147.2447,-20.4409,-165.9264,-18.1294,6.4329,-1.3071,6.7677,-1.3692,-0.3880,-1.0994,129,0.2000,129,0,0.9750,0.0215,0.0035,-3.9713,-2.3971,0.0039,-2.0332,-5.6450,0.0000,1,0.1031,0.1507,13.5997,0.0009
13.8102,IMM-UKF,jink,0.500,10.00,0.150,1,0.600,1,8.6878,5.1653,-3.5224,1.0965,0.2476,0.0983,0.0872,6.0000,3.9096,1.8723,7.8307,0.5221,-147.0873,-19.3082,-140.4238,-20.6486,-140.0890,-20.7106,-147.5536,-20.5414,-166.4667,-18.4601,6.6635,-1.3404,6.9983,-1.4024,-0.4662,-1.2332,129,0.2100,129,0,0.9750,0.0215,0.0035,-4.0246,-2.5271,0.0104,-2.1008,-5.6202,0.0000,1,0.1031,0.1507,13.5997,0.0009
13.8202,IMM-UKF,jink,0.500,10.00,0.150,1,0.600,1,8.7014,5.1310,-3.5704,1.1242,0.2476,0.0983,0.0848,6.0000,3.9096,1.8767,8.7919,0.5217,-147.3114,-19.2778,-140.4238,-20.6486,-140.0890,-20.7106,-147.8609,-20.6535,-167.0296,-18.8080,6.8876,-1.3707,7.2224,-1.4328,-0.5495,-1.3756,129,0.2200,129,0,0.9750,0.0215,0.0035,-4.0771,-2.6560,0.0168,-2.1681,-5.5946,0.0000,1,0.1031,0.1507,13.5997,0.0009
13.8302,IMM-UKF,jink,0.500,10.00,0.150,1,0.600,1,8.7140,5.0945,-3.6195,1.1528,0.2476,0.0983,0.0824,6.0000,3.9096,1.8819,9.8169,0.5211,-147.5282,-19.2503,-140.4238,-20.6486,-140.0890,-20.7106,-148.1673,-20.7772,-167.6169,-19.1740,7.1044,-1.3982,7.4392,-1.4603,-0.6391,-1.5268,129,0.2300,129,0,0.9750,0.0215,0.0035,-4.1289,-2.7837,0.0231,-2.2351,-5.5682,0.0000,1,0.1031,0.1507,13.5997,0.0009
13.8402,IMM-UKF,jink,0.500,10.00,0.150,1,0.600,1,8.7256,5.3882,-3.3373,0.9609,0.2482,0.0978,0.0796,6.0000,4.1811,1.5173,10.3582,0.5210,-147.7370,-19.2257,-143.7821,-19.9035,-143.8322,-20.1529,-149.2570,-20.1998,-168.2930,-19.0387,3.9549,-0.6777,3.9048,-0.9272,-1.5200,-0.9741,130,0.1500,130,0,0.9737,0.0221,0.0042,-4.1799,-2.9102,0.0293,-2.3017,-5.5410,0.0000,1,0.1031,0.1507,13.6889,0.0009
13.8502,IMM-UKF,jink,0.500,10.00,0.150,1,0.600,1,8.7361,5.3616,-3.3745,0.9830,0.2482,0.0978,0.0774,6.0000,4.1811,1.5176,11.3426,0.5211,-147.9380,-19.2039,-143.7821,-19.9035,-143.8322,-20.1529,-149.5914,-20.2860,-168.8598,-19.3499,4.1560,-0.6996,4.1058,-0.9490,-1.6534,-1.0821,130,0.1600,130,0,0.9737,0.0221,0.0042,-4.2303,-3.0356,0.0353,-2.3680,-5.5129,0.0000,1,0.1031,0.1507,13.6889,0.0009
13.8602,IMM-UKF,jink,0.500,10.00,0.150,1,0.600,1,8.7456,5.3329,-3.4128,1.0060,0.2482,0.0978,0.0752,6.0000,4.1811,1.5179,12.3831,0.5213,-148.1320,-19.1849,-143.7821,-19.9035,-143.8322,-20.1529,-149.9252,-20.3825,-169.4488,-19.6758,4.3499,-0.7186,4.2998,-0.9680,-1.7932,-1.1976,130,0.1700,130,0,0.9737,0.0221,0.0042,-4.2800,-3.1598,0.0412,-2.4340,-5.4841,0.0000,1,0.1031,0.1507,13.6889,0.0009
13.8702,IMM-UKF,jink,0.500,10.00,0.150,1,0.600,1,8.7541,5.3021,-3.4520,1.0299,0.2482,0.0978,0.0729,6.0000,4.1811,1.5182,13.4820,0.5215,-148.3190,-19.1687,-143.7821,-19.9035,-143.8322,-20.1529,-150.2588,-20.4895,-170.0617,-20.0170,4.5369,-0.7348,4.4868,-0.9842,-1.9398,-1.3208,130,0.1800,130,0,0.9737,0.0221,0.0042,-4.3291,-3.2829,0.0470,-2.4996,-5.4545,0.0000,1,0.1031,0.1507,13.6889,0.0009
13.8802,IMM-UKF,jink,0.500,10.00,0.150,1,0.600,1,8.7616,5.2693,-3.4923,1.0547,0.2482,0.0978,0.0706,6.0000,4.1811,1.5186,14.6418,0.5218,-148.4991,-19.1553,-143.7821,-19.9035,-143.8322,-20.1529,-150.5926,-20.6072,-170.7002,-20.3741,4.7170,-0.7482,4.6669,-0.9976,-2.0936,-1.4519,130,0.1900,130,0,0.9737,0.0221,0.0042,-4.3775,-3.4048,0.0526,-2.5649,-5.4241,0.0000,1,0.1031,0.1507,13.6889,0.0009
13.8902,IMM-UKF,jink,0.500,10.00,0.150,1,0.600,1,8.7680,5.2346,-3.5334,1.0803,0.2482,0.0978,0.0682,6.0000,4.1811,1.5191,15.8652,0.5222,-148.6723,-19.1447,-143.7821,-19.9035,-143.8322,-20.1529,-150.9274,-20.7356,-171.3666,-20.7477,4.8903,-0.7588,4.8402,-1.0083,-2.2550,-1.5909,130,0.2000,130,0,0.9737,0.0221,0.0042,-4.4254,-3.5256,0.0582,-2.6298,-5.3930,0.0000,1,0.1031,0.1507,13.6889,0.0009
13.9002,IMM-UKF,jink,0.500,10.00,0.150,1,0.600,1,8.7733,5.1979,-3.5755,1.1068,0.2482,0.0978,0.0658,6.0000,4.1811,1.5195,17.1549,0.5225,-148.8389,-19.1368,-143.7821,-19.9035,-143.8322,-20.1529,-151.2634,-20.8749,-172.0630,-21.1386,5.0569,-0.7666,5.0067,-1.0161,-2.4245,-1.7381,130,0.2100,130,0,0.9737,0.0221,0.0042,-4.4727,-3.6452,0.0635,-2.6943,-5.3610,0.0000,1,0.1031,0.1507,13.6889,0.0009
13.9102,IMM-UKF,jink,0.500,10.00,0.150,1,0.600,1,8.7776,5.1593,-3.6184,1.1341,0.2482,0.0978,0.0633,6.0000,4.1811,1.5201,18.5137,0.5230,-148.9988,-19.1317,-143.7821,-19.9035,-143.8322,-20.1529,-151.6014,-21.0255,-172.7919,-21.5473,5.2168,-0.7717,5.1667,-1.0212,-2.6025,-1.8937,130,0.2200,130,0,0.9737,0.0221,0.0042,-4.5194,-3.7637,0.0688,-2.7585,-5.3283,0.0000,1,0.0968,0.1418,13.6889,-0.0008
13.9202,IMM-UKF,jink,0.500,10.00,0.150,1,0.600,1,8.7809,5.1188,-3.6621,1.1623,0.2482,0.0978,0.0607,6.0000,4.1811,1.5199,19.9443,0.5227,-149.1523,-19.1295,-143.7821,-19.9035,-143.8322,-20.1529,-151.9418,-21.1875,-173.5557,-21.9747,5.3702,-0.7739,5.3201,-1.0234,-2.7896,-2.0579,130,0.2300,130,0,0.9737,0.0221,0.0042,-4.5656,-3.8810,0.0740,-2.8222,-5.2948,0.0000,1,0.0968,0.1418,13.6889,-0.0008
13.9302,IMM-UKF,jink,0.500,10.00,0.150,1,0.600,1,8.7831,5.0765,-3.7066,1.1913,0.2482,0.0978,0.0581,6.0000,4.1811,1.5193,21.4501,0.5220,-149.2992,-19.1302,-143.7821,-19.9035,-143.8322,-20.1529,-152.2854,-21.3612,-174.3575,-22.4214,5.5171,-0.7733,5.4670,-1.0228,-2.9862,-2.2310,130,0.2400,130,0,0.9737,0.0221,0.0042,-4.6112,-3.9972,0.0790,-2.8856,-5.2606,0.0000,1,0.0968,0.1418,13.6889,-0.0008
13.9402,IMM-UKF,jink,0.500,10.00,0.150,1,0.600,1,8.7842,5.0324,-3.7517,1.2211,0.2482,0.0978,0.0555,6.0000,4.1811,1.5187,23.0349,0.5214,-149.4397,-19.1336,-143.7821,-19.9035,-143.8322,-20.1529,-152.6326,-21.5469,-175.2003,-22.8881,5.6577,-0.7699,5.6075,-1.0194,-3.1928,-2.4133,130,0.2500,130,0,0.9737,0.0221,0.0042,-4.6564,-4.1122,0.0839,-2.9485,-5.2256,0.0000,1,0.0968,0.1418,13.6889,-0.0008
13.9502,IMM-UKF,jink,0.500,10.00,0.150,1,0.600,1,8.7842,4.9866,-3.7976,1.2517,0.2482,0.0978,0.0549,6.0000,4.1811,1.5106,24.6711,0.5177,-149.5812,-19.1397,-143.7821,-19.9035,-143.8322,-20.1529,-152.9841,-21.7450,-176.0875,-23.3754,5.7991,-0.7637,5.7490,-1.0132,-3.4030,-2.6052,130,0.2600,130,0,0.9737,0.0221,0.0042,-4.7011,-4.2262,0.0887,-3.0110,-5.1898,0.0000,1,0.0968,0.1418,13.6889,-0.0008
13.9602,IMM-UKF,jink,0.500,10.00,0.150,1,0.600,1,8.7832,5.6281,-3.1551,1.0019,0.2509,0.0983,0.0522,6.0000,4.9457,0.3128,11.2625,0.5189,-149.7185,-19.1485,-146.8567,-19.3414,-146.9044,-19.3846,-151.6027,-19.7695,-167.3528,-19.8104,2.8618,-0.1930,2.8141,-0.2361,-1.8842,-0.6211,131,0.1600,131,0,0.9745,0.0220,0.0035,-4.7454,-4.3390,0.0933,-3.0730,-5.1533,0.0000,1,0.0968,0.1418,13.8011,-0.0008
13.9702,IMM-UKF,jink,0.500,10.00,0.150,1,0.600,1,8.7811,5.5975,-3.1836,1.0247,0.2509,0.0983,0.0534,6.0000,4.9457,0.3001,12.1413,0.5223,-149.8449,-19.1598,-146.8567,-19.3414,-146.9044,-19.3846,-151.8651,-19.8599,-167.8410,-20.1281,2.9882,-0.1816,2.9405,-0.2247,-2.0201,-0.7001,131,0.1700,131,0,0.9745,0.0220,0.0035,-4.7892,-4.4506,0.0978,-3.1346,-5.1161,0.0000,1,0.0968,0.1418,13.8011,-0.0008
13.9802,IMM-UKF,jink,0.500,10.00,0.150,1,0.600,1,8.7779,5.5650,-3.2129,1.0485,0.2509,0.0983,0.0560,6.0000,4.9457,0.3016,13.0948,0.5234,-149.9606,-19.1740,-146.8567,-19.3414,-146.9044,-19.3846,-152.1279,-19.9592,-168.3498,-20.4605,3.1038,-0.1675,3.0562,-0.2106,-2.1674,-0.7852,131,0.1800,131,0,0.9745,0.0220,0.0035,-4.8325,-4.5612,0.1023,-3.1958,-5.0781,0.0000,1,0.0968,0.1418,13.8011,-0.0008
13.9902,IMM-UKF,jink,0.500,10.00,0.150,1,0.600,1,8.7736,5.5306,-3.2430,1.0731,0.2509,0.0983,0.0584,6.0000,4.9457,0.3022,14.1002,0.5235,-150.0701,-19.1911,-146.8567,-19.3414,-146.9044,-19.3846,-152.3917,-20.0675,-168.8808,-20.8082,3.2134,-0.1504,3.1657,-0.1935,-2.3216,-0.8764,131,0.1900,131,0,0.9745,0.0220,0.0035,-4.8755,-4.6706,0.1066,-3.2565,-5.0394,0.0000,1,0.0968,0.1418,13.8011,-0.0008
14.0002,IMM-UKF,jink,0.500,10.00,0.150,1,0.600,1,8.7682,5.4944,-3.2739,1.0986,0.2509,0.0983,0.0608,6.0000,4.9457,0.3023,15.1601,0.5230,-150.1737,-19.2111,-146.8567,-19.3414,-146.9044,-19.3846,-152.6569,-20.1849,-169.4358,-21.1719,3.3170,-0.1304,3.2693,-0.1735,-2.4832,-0.9738,131,0.2000,131,0,0.9745,0.0220,0.0035,-4.9181,-4.7789,0.1107,-3.3168,-4.9999,0.0000,1,0.0968,0.1418,13.8011,-0.0008
14.0102,IMM-UKF,jink,0.500,10.00,0.150,1,0.600,1,8.7618,5.4564,-3.3054,1.1250,0.2509,0.0983,0.0631,6.0000,4.9457,0.3026,16.2770,0.5227,-150.2713,-19.2338,-146.8567,-19.3414,-146.9044,-19.3846,-152.9239,-20.3116,-170.0166,-21.5523,3.4145,-0.1077,3.3669,-0.1508,-2.6526,-1.0778,131,0.2100,131,0,0.9745,0.0220,0.0035,-4.9604,-4.8861,0.1148,-3.3765,-4.9598,0.0000,1,0.0876,0.1449,13.8011,-0.0004
14.0202,IMM-UKF,jink,0.500,10.00,0.150,1,0.600,1,8.7543,5.4166,-3.3376,1.1523,0.2509,0.0983,0.0653,6.0000,4.9457,0.3029,17.4537,0.5224,-150.3629,-19.2593,-146.8567,-19.3414,-146.9044,-19.3846,-153.1931,-20.4478,-170.6255,-21.9500,3.5062,-0.0821,3.4585,-0.1252,-2.8302,-1.1884,131,0.2200,131,0,0.9745,0.0220,0.0035,-5.0022,-4.9921,0.1188,-3.4358,-4.9189,0.0000,1,0.0876,0.1449,13.8011,-0.0004
14.0302,IMM-UKF,jink,0.500,10.00,0.150,1,0.600,1,8.7456,5.3751,-3.3705,1.1804,0.2509,0.0983,0.0675,6.0000,4.9457,0.3033,18.6926,0.5222,-150.4487,-19.2877,-146.8567,-19.3414,-146.9044,-19.3846,-153.4651,-20.5936,-171.2647,-22.3658,3.5920,-0.0538,3.5443,-0.0969,-3.0164,-1.3059,131,0.2300,131,0,0.9745,0.0220,0.0035,-5.0438,-5.0971,0.1226,-3.4946,-4.8773,0.0000,1,0.0876,0.1449,13.8011,-0.0004
14.0402,IMM-UKF,jink,0.500,10.00,0.150,1,0.600,1,8.7359,5.3319,-3.4040,1.2094,0.2509,0.0983,0.0696,6.0000,4.9457,0.3038,19.9968,0.5220,-150.5287,-19.3189,-146.8567,-19.3414,-146.9044,-19.3846,-153.7403,-20.7492,-171.9367,-22.8005,3.6719,-0.0226,3.6243,-0.0657,-3.2116,-1.4304,131,0.2400,131,0,0.9745,0.0220,0.0035,-5.0850,-5.2010,0.1263,-3.5528,-4.8350,0.0000,1,0.0876,0.1449,13.8011,-0.0004
14.0502,IMM-UKF,jink,0.500,10.00,0.150,1,0.600,1,8.7251,5.2871,-3.4380,1.2392,0.2509,0.0983,0.0716,6.0000,4.9457,0.3043,21.3690,0.5219,-150.6028,-19.3529,-146.8567,-19.3414,-146.9044,-19.3846,-154.0192,-20.9150,-172.6441,-23.2548,3.7461,0.0114,3.6984,-0.0317,-3.4164,-1.5621,131,0.2500,131,0,0.9745,0.0220,0.0035,-5.1260,-5.3037,0.1299,-3.6106,-4.7920,0.0000,1,0.0876,0.1449,13.8011,-0.0004
14.0602,IMM-UKF,jink,0.500,10.00,0.150,1,0.600,1,8.7133,5.8329,-2.8803,1.0219,0.2504,0.0973,0.0741,6.0000,5.7637,1.9299,11.4506,0.5218,-150.6712,-19.3898,-148.9988,-19.1317,-149.3092,-18.9642,-152.6993,-19.3632,-164.9342,-20.0149,1.6724,0.2580,1.3620,0.4256,-2.0281,0.0266,132,0.1500,132,0,0.9737,0.0224,0.0039,-5.1667,-5.4053,0.1334,-3.6678,-4.7484,0.0000,1,0.0876,0.1449,13.9094,-0.0004
14.0702,IMM-UKF,jink,0.500,10.00,0.150,1,0.600,1,8.7003,5.8024,-2.8979,1.0440,0.2504,0.0973,0.0759,6.0000,5.7637,1.9307,12.2232,0.5218,-150.7339,-19.4295,-148.9988,-19.1317,-149.3092,-18.9642,-152.8996,-19.4439,-165.3126,-20.3142,1.7350,0.2978,1.4247,0.4654,-2.1658,-0.0144,132,0.1600,132,0,0.9737,0.0224,0.0039,-5.2071,-5.5059,0.1367,-3.7246,-4.7040,0.0000,1,0.0876,0.1449,13.9094,-0.0004
14.0802,IMM-UKF,jink,0.500,10.00,0.150,1,0.600,1,8.6862,5.7700,-2.9162,1.0670,0.2504,0.0973,0.0777,6.0000,5.7637,1.9316,13.0373,0.5218,-150.7908,-19.4722,-148.9988,-19.1317,-149.3092,-18.9642,-153.1008,-19.5323,-165.7076,-20.6271,1.7920,0.3405,1.4817,0.5080,-2.3100,-0.0601,132,0.1700,132,0,0.9737,0.0224,0.0039,-5.2472,-5.6053,0.1400,-3.7807,-4.6590,0.0000,1,0.0876,0.1449,13.9094,-0.0004
14.0902,IMM-UKF,jink,0.500,10.00,0.150,1,0.600,1,8.6711,5.7359,-2.9351,1.0909,0.2504,0.0973,0.0796,6.0000,5.7637,1.9301,13.8925,0.5222,-150.8426,-19.5178,-148.9988,-19.1317,-149.3092,-18.9642,-153.3032,-19.6284,-166.1204,-20.9541,1.8438,0.3861,1.5334,0.5536,-2.4606,-0.1106,132,0.1800,132,0,0.9737,0.0224,0.0039,-5.2872,-5.7037,0.1431,-3.8364,-4.6133,0.0000,1,0.0876,0.1449,13.9094,-0.0004
14.1002,IMM-UKF,jink,0.500,10.00,0.150,1,0.600,1,8.6548,5.7001,-2.9547,1.1156,0.2504,0.0973,0.0815,6.0000,5.7637,1.9262,14.7911,0.5228,-150.8892,-19.5663,-148.9988,-19.1317,-149.3092,-18.9642,-153.5071,-19.7322,-166.5526,-21.2958,1.8904,0.4346,1.5800,0.6022,-2.6179,-0.1659,132,0.1900,132,0,0.9737,0.0224,0.0039,-5.3269,-5.8010,0.1461,-3.8914,-4.5669,0.0000,1,0.1044,0.1533,13.9094,0.0003
14.1102,IMM-UKF,jink,0.500,10.00,0.150,1,0.600,1,8.6375,5.6626,-2.9748,1.1412,0.2504,0.0973,0.0834,6.0000,5.7637,1.9223,15.7383,0.5235,-150.9302,-19.6179,-148.9988,-19.1317,-149.3092,-18.9642,-153.7129,-19.8439,-167.0056,-21.6529,1.9314,0.4861,1.6210,0.6537,-2.7827,-0.2261,132,0.2000,132,0,0.9737,0.0224,0.0039,-5.3664,-5.8971,0.1490,-3.9460,-4.5199,0.0000,1,0.1044,0.1533,13.9094,0.0003
14.1202,IMM-UKF,jink,0.500,10.00,0.150,1,0.600,1,8.6191,5.6235,-2.9955,1.1677,0.2504,0.0973,0.0854,6.0000,5.7637,1.9215,16.7400,0.5238,-150.9650,-19.6724,-148.9988,-19.1317,-149.3092,-18.9642,-153.9209,-19.9637,-167.4813,-22.0261,1.9661,0.5407,1.6558,0.7082,-2.9560,-0.2913,132,0.2100,132,0,0.9737,0.0224,0.0039,-5.4057,-5.9922,0.1518,-3.9999,-4.4722,0.0000,1,0.1044,0.1533,13.9094,0.0003
14.1302,IMM-UKF,jink,0.500,10.00,0.150,1,0.600,1,8.5996,5.5828,-3.0167,1.1950,0.2504,0.0973,0.0874,6.0000,5.7637,1.9222,17.7972,0.5240,-150.9938,-19.7300,-148.9988,-19.1317,-149.3092,-18.9642,-154.1317,-20.0916,-167.9815,-22.4159,1.9949,0.5983,1.6846,0.7658,-3.1379,-0.3615,132,0.2200,132,0,0.9737,0.0224,0.0039,-5.4449,-6.0862,0.1545,-4.0533,-4.4239,0.0000,1,0.1044,0.1533,13.9094,0.0003
14.1402,IMM-UKF,jink,0.500,10.00,0.150,1,0.600,1,8.5790,5.5405,-3.0385,1.2232,0.2504,0.0973,0.0893,6.0000,5.7637,1.9228,18.9106,0.5242,-151.0170,-19.7907,-148.9988,-19.1317,-149.3092,-18.9642,-154.3456,-20.2277,-168.5081,-22.8233,2.0182,0.6589,1.7079,0.8265,-3.3285,-0.4371,132,0.2300,132,0,0.9737,0.0224,0.0039,-5.4839,-6.1791,0.1570,-4.1061,-4.3749,0.0000,1,0.1044,0.1533,13.9094,0.0003
14.1502,IMM-UKF,jink,0.500,10.00,0.150,1,0.600,1,8.5573,5.4967,-3.0606,1.2522,0.2504,0.0973,0.0912,6.0000,5.7637,1.9235,20.0828,0.5245,-151.0347,-19.8544,-148.9988,-19.1317,-149.3092,-18.9642,-154.5630,-20.3723,-169.0636,-23.2488,2.0359,0.7227,1.7256,0.8903,-3.5283,-0.5179,132,0.2400,132,0,0.9737,0.0224,0.0039,-5.5228,-6.2709,0.1594,-4.1583,-4.3253,0.0000,1,0.1044,0.1533,13.9094,0.0003
14.1602,IMM-UKF,jink,0.500,10.00,0.150,1,0.600,1,8.5345,5.9820,-2.5525,1.0538,0.2499,0.0966,0.0935,6.0000,6.4500,1.5579,9.3053,0.5248,-151.0468,-19.9214,-150.2713,-19.2338,-150.5095,-19.1022,-152.7008,-19.9496,-160.4961,-23.1069,0.7756,0.6876,0.5374,0.8191,-1.6539,-0.0282,133,0.1500,133,0,0.9694,0.0258,0.0048,-5.5616,-6.3617,0.1617,-4.2099,-4.2751,0.0000,1,0.1044,0.1533,14.0098,0.0003
14.1702,IMM-UKF,jink,0.500,10.00,0.150,1,0.600,1,8.5107,5.9506,-2.5601,1.0758,0.2499,0.0966,0.0952,6.0000,6.4500,1.5585,9.9539,0.5252,-151.0533,-19.9915,-150.2713,-19.2338,-150.5095,-19.1022,-152.8222,-20.0619,-160.7351,-23.4740,0.7821,0.7577,0.5439,0.8892,-1.7689,-0.0705,133,0.1600,133,0,0.9694,0.0258,0.0048,-5.6002,-6.4514,0.1639,-4.2609,-4.2243,0.0000,1,0.1044,0.1533,14.0098,0.0003
14.1802,IMM-UKF,jink,0.500,10.00,0.150,1,0.600,1,8.4858,5.9175,-2.5683,1.0987,0.2499,0.0966,0.0969,6.0000,6.4500,1.5592,10.6443,0.5257,-151.0542,-20.0648,-150.2713,-19.2338,-150.5095,-19.1022,-152.9446,-20.1815,-160.9865,-23.8566,0.7830,0.8310,0.5448,0.9626,-1.8904,-0.1167,133,0.1700,133,0,0.9694,0.0258,0.0048,-5.6388,-6.5399,0.1660,-4.3113,-4.1729,0.0000,1,0.1044,0.1533,14.0098,0.0003
14.1902,IMM-UKF,jink,0.500,10.00,0.150,1,0.600,1,8.4598,5.8828,-2.5770,1.1225,0.2499,0.0966,0.0985,6.0000,6.4500,1.5598,11.3785,0.5262,-151.0496,-20.1414,-150.2713,-19.2338,-150.5095,-19.1022,-153.0681,-20.3084,-161.2513,-24.2556,0.7784,0.9076,0.5402,1.0392,-2.0185,-0.1670,133,0.1800,133,0,0.9694,0.0258,0.0048,-5.6773,-6.6275,0.1679,-4.3610,-4.1208,0.0000,1,0.1044,0.1533,14.0098,0.0003
14.2002,IMM-UKF,jink,0.500,10.00,0.150,1,0.600,1,8.4327,5.8465,-2.5862,1.1471,0.2499,0.0966,0.1000,6.0000,6.4500,1.5605,12.1585,0.5267,-151.0394,-20.2214,-150.2713,-19.2338,-150.5095,-19.1022,-153.1931,-20.4428,-161.5308,-24.6715,0.7681,0.9876,0.5299,1.1191,-2.1537,-0.2215,133,0.1900,133,0,0.9694,0.0258,0.0048,-5.7158,-6.7139,0.1697,-4.4102,-4.0682,0.0000,1,0.1044,0.1533,14.0098,0.0003
14.2102,IMM-UKF,jink,0.500,10.00,0.150,1,0.600,1,8.4046,5.8088,-2.5959,1.1726,0.2499,0.0966,0.1015,6.0000,6.4500,1.5610,12.9863,0.5273,-151.0236,-20.3047,-150.2713,-19.2338,-150.5095,-19.1022,-153.3199,-20.5847,-161.8263,-25.1053,0.7523,1.0709,0.5141,1.2024,-2.2963,-0.2801,133,0.2000,133,0,0.9694,0.0258,0.0048,-5.7542,-6.7993,0.1714,-4.4587,-4.0150,0.0000,1,0.0900,0.1592,14.0098,-0.0002
14.2202,IMM-UKF,jink,0.500,10.00,0.150,1,0.600,1,8.3754,5.7695,-2.6059,1.1989,0.2499,0.0966,0.1029,6.0000,6.4500,1.5616,13.8638,0.5280,-151.0021,-20.3914,-150.2713,-19.2338,-150.5095,-19.1022,-153.4487,-20.7343,-162.1392,-25.5576,0.7308,1.1576,0.4926,1.2892,-2.4466,-0.3429,133,0.2100,133,0,0.9694,0.0258,0.0048,-5.7926,-6.8836,0.1729,-4.5065,-3.9612,0.0000,1,0.0900,0.1592,14.0098,-0.0002
14.2302,IMM-UKF,jink,0.500,10.00,0.150,1,0.600,1,8.3452,5.7288,-2.6164,1.2261,0.2499,0.0966,0.1043,6.0000,6.4500,1.5623,14.7930,0.5287,-150.9750,-20.4817,-150.2713,-19.2338,-150.5095,-19.1022,-153.5800,-20.8917,-162.4710,-26.0294,0.7037,1.2479,0.4655,1.3794,-2.6051,-0.4101,133,0.2200,133,0,0.9694,0.0258,0.0048,-5.8309,-6.9668,0.1743,-4.5537,-3.9068,0.0000,1,0.0900,0.1592,14.0098,-0.0002
14.2402,IMM-UKF,jink,0.500,10.00,0.150,1,0.600,1,8.3139,5.6866,-2.6273,1.2541,0.2499,0.0966,0.1056,6.0000,6.4500,1.5628,15.7762,0.5295,-150.9422,-20.5754,-150.2713,-19.2338,-150.5095,-19.1022,-153.7142,-21.0571,-162.8235,-26.5215,0.6710,1.3416,0.4328,1.4732,-2.7720,-0.4816,133,0.2300,133,0,0.9694,0.0258,0.0048,-5.8693,-7.0489,0.1756,-4.6003,-3.8519,0.0000,1,0.0900,0.1592,14.0098,-0.0002
14.2502,IMM-UKF,jink,0.500,10.00,0.150,1,0.600,1,8.2815,5.6430,-2.6385,1.2830,0.2499,0.0966,0.1068,6.0000,6.4500,1.5634,16.8156,0.5303,-150.9038,-20.6728,-150.2713,-19.2338,-150.5095,-19.1022,-153.8515,-21.2305,-163.1986,-27.0348,0.6325,1.4390,0.3943,1.5706,-2.9477,-0.5577,133,0.2400,133,0,0.9694,0.0258,0.0048,-5.9077,-7.1300,0.1767,-4.6462,-3.7964,0.0000,1,0.0900,0.1592,14.0098,-0.0002
14.2602,IMM-UKF,jink,0.500,10.00,0.150,1,0.600,1,8.2481,5.8701,-2.3780,1.0922,0.2487,0.0955,0.1092,6.0000,6.8294,1.3921,7.5396,0.5311,-150.8596,-20.7739,-150.8892,-19.5663,-151.0426,-19.3838,-152.2074,-20.7749,-156.2839,-26.3817,-0.0296,1.2075,-0.1830,1.3901,-1.3478,-0.0010,134,0.1600,134,0,0.9662,0.0283,0.0055,-5.9461,-7.2100,0.1777,-4.6914,-3.7404,0.0000,1,0.0900,0.1592,14.1006,-0.0002
14.2702,IMM-UKF,jink,0.500,10.00,0.150,1,0.600,1,8.2137,5.8336,-2.3800,1.1150,0.2487,0.0955,0.1103,6.0000,6.8294,1.3920,8.1461,0.5321,-150.8097,-20.8786,-150.8892,-19.5663,-151.0426,-19.3838,-152.2664,-20.9204,-156.4222,-26.8443,-0.0795,1.3123,-0.2329,1.4948,-1.4567,-0.0418,134,0.1700,134,0,0.9662,0.0283,0.0055,-5.9845,-7.2889,0.1786,-4.7360,-3.6838,0.0000,1,0.0900,0.1592,14.1006,-0.0002
14.2802,IMM-UKF,jink,0.500,10.00,0.150,1,0.600,1,8.1782,5.7958,-2.3824,1.1386,0.2487,0.0955,0.1114,6.0000,6.8294,1.3920,8.7986,0.5330,-150.7540,-20.9872,-150.8892,-19.5663,-151.0426,-19.3838,-152.3267,-21.0733,-156.5717,-27.3267,-0.1352,1.4209,-0.2886,1.6034,-1.5727,-0.0861,134,0.1800,134,0,0.9662,0.0283,0.0055,-6.0230,-7.3667,0.1793,-4.7798,-3.6267,0.0000,1,0.0900,0.1592,14.1006,-0.0002
14.2902,IMM-UKF,jink,0.500,10.00,0.150,1,0.600,1,8.1416,5.7565,-2.3852,1.1631,0.2487,0.0955,0.1125,6.0000,6.8294,1.3919,9.4990,0.5340,-150.6924,-21.0997,-150.8892,-19.5663,-151.0426,-19.3838,-152.3887,-21.2337,-156.7336,-27.8298,-0.1968,1.5334,-0.3502,1.7159,-1.6963,-0.1340,134,0.1900,134,0,0.9662,0.0283,0.0055,-6.0616,-7.4435,0.1798,-4.8230,-3.5691,0.0000,1,0.0900,0.1592,14.1006,-0.0002
14.3002,IMM-UKF,jink,0.500,10.00,0.150,1,0.600,1,8.1041,5.7158,-2.3883,1.1885,0.2487,0.0955,0.1134,6.0000,6.8294,1.3917,10.2491,0.5351,-150.6250,-21.2161,-150.8892,-19.5663,-151.0426,-19.3838,-152.4526,-21.4016,-156.9092,-28.3545,-0.2642,1.6498,-0.4176,1.8323,-1.8276,-0.1855,134,0.2000,134,0,0.9662,0.0283,0.0055,-6.1003,-7.5192,0.1802,-4.8655,-3.5110,0.0000,1,0.0900,0.1592,14.1006,-0.0002
14.3102,IMM-UKF,jink,0.500,10.00,0.150,1,0.600,1,8.0655,5.6738,-2.3917,1.2147,0.2487,0.0955,0.1144,6.0000,6.8294,1.3917,11.0507,0.5362,-150.5516,-21.3366,-150.8892,-19.5663,-151.0426,-19.3838,-152.5188,-21.5773,-157.0999,-28.9021,-0.3376,1.7702,-0.4910,1.9528,-1.9672,-0.2407,134,0.2100,134,0,0.9662,0.0283,0.0055,-6.1391,-7.5938,0.1804,-4.9073,-3.4524,0.0000,1,0.0838,0.1456,14.1006,0.0005
14.3202,IMM-UKF,jink,0.500,10.00,0.150,1,0.600,1,8.0259,5.6304,-2.3955,1.2417,0.2487,0.0955,0.1152,6.0000,6.8294,1.3915,11.9057,0.5374,-150.4722,-21.4612,-150.8892,-19.5663,-151.0426,-19.3838,-152.5877,-21.7608,-157.3072,-29.4735,-0.4169,1.8948,-0.5703,2.0774,-2.1154,-0.2997,134,0.2200,134,0,0.9662,0.0283,0.0055,-6.1780,-7.6673,0.1804,-4.9483,-3.3932,0.0000,1,0.0838,0.1456,14.1006,0.0005
14.3302,IMM-UKF,jink,0.500,10.00,0.150,1,0.600,1,7.9853,5.5858,-2.3996,1.2696,0.2487,0.0955,0.1161,6.0000,6.8294,1.3913,12.8162,0.5386,-150.3868,-21.5900,-150.8892,-19.5663,-151.0426,-19.3838,-152.6595,-21.9524,-157.5330,-30.0699,-0.5024,2.0236,-0.6558,2.2061,-2.2726,-0.3624,134,0.2300,134,0,0.9662,0.0283,0.0055,-6.2170,-7.7397,0.1802,-4.9887,-3.3336,0.0000,1,0.0838,0.1456,14.1006,0.0005
14.3402,IMM-UKF,jink,0.500,10.00,0.150,1,0.600,1,7.9437,5.5398,-2.4039,1.2983,0.2487,0.0955,0.1168,6.0000,6.8294,1.3911,13.7844,0.5399,-150.2953,-21.7230,-150.8892,-19.5663,-151.0426,-19.3838,-152.7346,-22.1520,-157.7791,-30.6925,-0.5939,2.1567,-0.7473,2.3392,-2.4394,-0.4290,134,0.2400,134,0,0.9662,0.0283,0.0055,-6.2562,-7.8111,0.1799,-5.0283,-3.2735,0.0000,1,0.0838,0.1456,14.1006,0.0005
14.3502,IMM-UKF,jink,0.500,10.00,0.150,1,0.600,1,7.9011,5.4926,-2.4085,1.3278,0.2487,0.0955,0.1176,6.0000,6.8294,1.3909,14.8125,0.5412,-150.1976,-21.8605,-150.8892,-19.5663,-151.0426,-19.3838,-152.8136,-22.3600,-158.0479,-31.3425,-0.6916,2.2942,-0.8450,2.4767,-2.6161,-0.4995,134,0.2500,134,0,0.9662,0.0283,0.0055,-6.2955,-7.8814,0.1793,-5.0673,-3.2129,0.0000,1,0.0838,0.1456,14.1006,0.0005
14.3602,IMM-UKF,jink,0.500,10.00,0.150,1,0.600,1,7.8575,5.4443,-2.4133,1.3582,0.2487,0.0955,0.1183,6.0000,6.8294,1.3906,15.9030,0.5426,-150.0936,-22.0025,-150.8892,-19.5663,-151.0426,-19.3838,-152.8968,-22.5764,-158.3417,-32.0213,-0.7956,2.4361,-0.9490,2.6186,-2.8033,-0.5740,134,0.2600,134,0,0.9662,0.0283,0.0055,-6.3350,-7.9505,0.1785,-5.1054,-3.1519,0.0000,1,0.0838,0.1456,14.1006,0.0005
14.3702,IMM-UKF,jink,0.500,10.00,0.150,1,0.600,1,7.8130,5.5675,-2.2454,1.1040,0.2483,0.0949,0.1193,6.0000,6.9650,0.5296,7.9147,0.5441,-149.9832,-22.1490,-151.0236,-20.3047,-151.0836,-20.3670,-151.3134,-22.6359,-151.6535,-33.1806,-1.0404,1.8443,-1.1005,1.7820,-1.3302,-0.4870,135,0.1600,135,0,0.9722,0.0240,0.0038,-6.3747,-8.0186,0.1775,-5.1429,-3.0904,0.0000,1,0.0838,0.1456,14.2100,0.0005
14.3802,IMM-UKF,jink,0.500,10.00,0.150,1,0.600,1,7.7674,5.5254,-2.2421,1.1265,0.2483,0.0949,0.1199,6.0000,6.9650,0.5317,8.6836,0.5455,-149.8664,-22.3002,-151.0236,-20.3047,-151.0836,-20.3670,-151.3235,-22.8441,-151.7016,-33.8590,-1.1572,1.9955,-1.2173,1.9333,-1.4571,-0.5439,135,0.1700,135,0,0.9722,0.0240,0.0038,-6.4146,-8.0856,0.1762,-5.1796,-3.0285,0.0000,1,0.0838,0.1456,14.2100,0.0005
14.3902,IMM-UKF,jink,0.500,10.00,0.150,1,0.600,1,7.7209,5.4820,-2.2390,1.1499,0.2483,0.0949,0.1205,6.0000,6.9650,0.5339,9.5039,0.5471,-149.7430,-22.4562,-151.0236,-20.3047,-151.0836,-20.3670,-151.3360,-23.0604,-151.7618,-34.5664,-1.2805,2.1516,-1.3406,2.0893,-1.5930,-0.6042,135,0.1800,135,0,0.9722,0.0240,0.0038,-6.4548,-8.1514,0.1746,-5.2156,-2.9661,0.0000,1,0.0838,0.1456,14.2100,0.0005
14.4002,IMM-UKF,jink,0.500,10.00,0.150,1,0.600,1,7.6735,5.4373,-2.2361,1.1741,0.2483,0.0949,0.1210,6.0000,6.9650,0.5361,10.3774,0.5486,-149.6131,-22.6172,-151.0236,-20.3047,-151.0836,-20.3670,-151.3511,-23.2851,-151.8358,-35.3043,-1.4105,2.3125,-1.4706,2.2502,-1.7380,-0.6679,135,0.1900,135,0,0.9722,0.0240,0.0038,-6.4951,-8.2162,0.1728,-5.2508,-2.9033,0.0000,1,0.1152,0.1595,14.2100,0.0016
14.4102,IMM-UKF,jink,0.500,10.00,0.150,1,0.600,1,7.6251,5.3915,-2.2335,1.1991,0.2483,0.0949,0.1214,6.0000,6.9650,0.5383,11.3064,0.5503,-149.4763,-22.7831,-151.0236,-20.3047,-151.0836,-20.3670,-151.3693,-23.5182,-151.9254,-36.0739,-1.5472,2.4784,-1.6073,2.4162,-1.8930,-0.7350,135,0.2000,135,0,0.9722,0.0240,0.0038,-6.5357,-8.2798,0.1706,-5.2853,-2.8401,0.0000,1,0.1152,0.1595,14.2100,0.0016
14.4202,IMM-UKF,jink,0.500,10.00,0.150,1,0.600,1,7.5757,5.3445,-2.2312,1.2250,0.2483,0.0949,0.1219,6.0000,6.9650,0.5405,12.2930,0.5519,-149.3327,-22.9542,-151.0236,-20.3047,-151.0836,-20.3670,-151.3909,-23.7598,-152.0327,-36.8766,-1.6908,2.6495,-1.7509,2.5873,-2.0582,-0.8056,135,0.2100,135,0,0.9722,0.0240,0.0038,-6.5766,-8.3424,0.1680,-5.3190,-2.7765,0.0000,1,0.1152,0.1595,14.2100,0.0016
14.4302,IMM-UKF,jink,0.500,10.00,0.150,1,0.600,1,7.5254,5.2964,-2.2290,1.2518,0.2483,0.0949,0.1223,6.0000,6.9650,0.5428,13.3396,0.5536,-149.1821,-23.1306,-151.0236,-20.3047,-151.0836,-20.3670,-151.4165,-24.0100,-152.1600,-37.7139,-1.8414,2.8259,-1.9015,2.7636,-2.2344,-0.8795,135,0.2200,135,0,0.9722,0.0240,0.0038,-6.6177,-8.4037,0.1651,-5.3519,-2.7124,0.0000,1,0.1152,0.1595,14.2100,0.0016
14.4402,IMM-UKF,jink,0.500,10.00,0.150,1,0.600,1,7.4742,5.2471,-2.2271,1.2793,0.2483,0.0949,0.1228,6.0000,6.9650,0.5430,14.4456,0.5555,-149.0250,-23.3123,-151.0236,-20.3047,-151.0836,-20.3670,-151.4465,-24.2689,-152.3102,-38.5869,-1.9985,3.0076,-2.0586,2.9453,-2.4215,-0.9566,135,0.2300,135,0,0.9722,0.0240,0.0038,-6.6592,-8.4640,0.1617,-5.3841,-2.6480,0.0000,1,0.1152,0.1595,14.2100,0.0016
14.4502,IMM-UKF,jink,0.500,10.00,0.150,1,0.600,1,7.4221,5.1968,-2.2253,1.3077,0.2483,0.0949,0.1233,6.0000,6.9650,0.5423,15.6154,0.5575,-148.8609,-23.4995,-151.0236,-20.3047,-151.0836,-20.3670,-151.4815,-24.5365,-152.4862,-39.4970,-2.1627,3.1949,-2.2228,3.1326,-2.6206,-1.0369,135,0.2400,135,0,0.9722,0.0240,0.0038,-6.7009,-8.5231,0.1577,-5.4154,-2.5832,0.0000,1,0.1152,0.1595,14.2100,0.0016
14.4602,IMM-UKF,jink,0.500,10.00,0.150,1,0.600,1,7.3691,5.1935,-2.1756,1.0365,0.2479,0.0947,0.1242,6.0000,7.0348,1.1034,9.3462,0.5595,-148.6893,-23.6924,-150.5516,-21.3366,-150.7418,-21.3785,-150.3842,-23.8773,-147.3744,-37.8317,-1.8623,2.3558,-2.0525,2.3139,-1.6949,-0.1849,136,0.1500,136,0,0.9746,0.0216,0.0038,-6.7430,-8.5810,0.1532,-5.4461,-2.5180,0.0000,1,0.1152,0.1595,14.3108,0.0016
14.4702,IMM-UKF,jink,0.500,10.00,0.150,1,0.600,1,7.3152,5.1464,-2.1688,1.0576,0.2479,0.0947,0.1246,6.0000,7.0348,1.1008,10.2275,0.5613,-148.5102,-23.8910,-150.5516,-21.3366,-150.7418,-21.3785,-150.3662,-24.1060,-147.3394,-38.6874,-2.0414,2.5544,-2.2316,2.5125,-1.8560,-0.2149,136,0.1600,136,0,0.9746,0.0216,0.0038,-6.7854,-8.6378,0.1479,-5.4759,-2.4525,0.0000,1,0.1152,0.1595,14.3108,0.0016
14.4802,IMM-UKF,jink,0.500,10.00,0.150,1,0.600,1,7.2604,5.0981,-2.1622,1.0796,0.2479,0.0947,0.1250,6.0000,7.0348,1.0983,11.1687,0.5633,-148.3233,-24.0955,-150.5516,-21.3366,-150.7418,-21.3785,-150.3519,-24.3421,-147.3180,-39.5792,-2.2283,2.7589,-2.4185,2.7170,-2.0285,-0.2466,136,0.1700,136,0,0.9746,0.0216,0.0038,-6.8281,-8.6933,0.1417,-5.5049,-2.3866,0.0000,1,0.1152,0.1595,14.3108,0.0016
14.4902,IMM-UKF,jink,0.500,10.00,0.150,1,0.600,1,7.2047,5.0487,-2.1560,1.1025,0.2479,0.0947,0.1255,6.0000,7.0348,1.0982,12.1746,0.5651,-148.1281,-24.3060,-150.5516,-21.3366,-150.7418,-21.3785,-150.3416,-24.5853,-147.3128,-40.5072,-2.4235,2.9694,-2.6137,2.9275,-2.2135,-0.2793,136,0.1800,136,0,0.9746,0.0216,0.0038,-6.8712,-8.7477,0.1345,-5.5332,-2.3204,0.0000,1,0.1152,0.1595,14.3108,0.0016
14.5002,IMM-UKF,jink,0.500,10.00,0.150,1,0.600,1,7.1482,4.9981,-2.1501,1.1263,0.2479,0.0947,0.1260,6.0000,7.0348,1.0999,13.2472,0.5669,-147.9244,-24.5225,-150.5516,-21.3366,-150.7418,-21.3785,-150.3358,-24.8349,-147.3263,-41.4708,-2.6272,3.1859,-2.8174,3.1440,-2.4115,-0.3124,136,0.1900,136,0,0.9746,0.0216,0.0038,-6.9146,-8.8008,0.1259,-5.5606,-2.2538,0.0000,1,0.1152,0.1595,14.3108,0.0016
14.5102,IMM-UKF,jink,0.500,10.00,0.150,1,0.600,1,7.0908,4.9463,-2.1445,1.1509,0.2479,0.0947,0.1265,6.0000,7.0348,1.1015,14.3871,0.5687,-147.7124,-24.7451,-150.5516,-21.3366,-150.7418,-21.3785,-150.3353,-25.0897,-147.3618,-42.4675,-2.8392,3.4086,-3.0295,3.3666,-2.6230,-0.3446,136,0.2000,136,0,0.9746,0.0216,0.0038,-6.9584,-8.8527,0.1155,-5.5872,-2.1869,0.0000,1,0.1152,0.1595,14.3108,0.0016
14.5202,IMM-UKF,jink,0.500,10.00,0.150,1,0.600,1,7.0325,4.8932,-2.1393,1.1765,0.2479,0.0947,0.1270,6.0000,7.0348,1.1033,15.5961,0.5704,-147.4918,-24.9739,-150.5516,-21.3366,-150.7418,-21.3785,-150.3405,-25.3477,-147.4231,-43.4918,-3.0598,3.6373,-3.2500,3.5954,-2.8487,-0.3738,136,0.2100,136,0,0.9746,0.0216,0.0038,-7.0025,-8.9032,0.1025,-5.6131,-2.1197,0.0000,1,0.0947,0.1594,14.3108,-0.0013
14.5302,IMM-UKF,jink,0.500,10.00,0.150,1,0.600,1,6.9734,4.8389,-2.1346,1.2029,0.2479,0.0947,0.1274,6.0000,7.0348,1.1050,16.8751,0.5722,-147.2625,-25.2087,-150.5516,-21.3366,-150.7418,-21.3785,-150.3520,-25.6048,-147.5141,-44.5305,-3.2891,3.8721,-3.4794,3.8302,-3.0895,-0.3961,136,0.2200,136,0,0.9746,0.0216,0.0038,-7.0468,-8.9523,0.0857,-5.6381,-2.0522,0.0000,1,0.0947,0.1594,14.3108,-0.0013
14.5402,IMM-UKF,jink,0.500,10.00,0.150,1,0.600,1,6.9135,4.7829,-2.1306,1.2302,0.2479,0.0947,0.1278,6.0000,7.0348,1.1067,18.2216,0.5741,-147.0241,-25.4492,-150.5516,-21.3366,-150.7418,-21.3785,-150.3703,-25.8523,-147.6391,-45.5514,-3.5275,4.1126,-3.7177,4.0707,-3.3462,-0.4031,136,0.2300,136,0,0.9746,0.0216,0.0038,-7.0911,-8.9996,0.0620,-5.6623,-1.9844,0.0000,1,0.0947,0.1594,14.3108,-0.0013
14.5502,IMM-UKF,jink,0.500,10.00,0.150,1,0.600,1,6.8527,4.7249,-2.1277,1.2584,0.2479,0.0947,0.1281,6.0000,7.0348,1.1085,19.6218,0.5759,-146.7764,-25.6945,-150.5516,-21.3366,-150.7418,-21.3785,-150.3949,-26.0647,-147.7983,-46.4518,-3.7752,4.3579,-3.9654,4.3160,-3.6185,-0.3702,136,0.2400,136,0,0.9746,0.0216,0.0038,-7.1342,-9.0436,0.0237,-5.6857,-1.9163,0.0000,1,0.0947,0.1594,14.3108,-0.0013
14.5602,IMM-UKF,jink,0.500,10.00,0.150,1,0.600,1,6.7909,4.6334,-2.1575,0.9893,0.2472,0.0944,0.1292,6.0000,7.0521,0.9531,7.1722,0.5779,-146.5189,-25.9398,-149.6131,-22.6172,-149.5178,-22.7450,-147.8514,-25.9814,-132.1351,-46.3354,-3.0942,3.3226,-2.9989,3.1948,-1.3325,-0.0416,137,0.1600,137,0,0.9705,0.0246,0.0049,-7.1641,-9.0705,-0.0682,-5.7083,-1.8480,0.0000,1,0.0947,0.1594,14.4018,-0.0013
14.5702,IMM-UKF,jink,0.500,10.00,0.150,1,0.600,1,6.7306,4.6167,-2.1139,1.0110,0.2472,0.0944,0.1295,6.0000,7.0521,0.9541,7.7833,0.5799,-146.2479,-26.1748,-149.6131,-22.6172,-149.5178,-22.7450,-147.6424,-25.8268,-132.0999,-43.6638,-3.3652,3.5577,-3.2699,3.4298,-1.3946,0.3480,137,0.1700,137,0,0.9705,0.0246,0.0049,-7.0162,-8.8936,-0.1649,-5.7301,-1.7793,0.0000,1,0.0947,0.1594,14.4018,-0.0013
14.5802,IMM-UKF,jink,0.500,10.00,0.150,1,0.600,1,6.6722,4.6113,-2.0609,1.0336,0.2472,0.0944,0.1298,6.0000,7.0521,0.9550,8.7569,0.5818,-145.9628,-26.4035,-149.6131,-22.6172,-149.5178,-22.7450,-147.4147,-25.7393,-132.1001,-41.4989,-3.6502,3.7863,-3.5549,3.6585,-1.4518,0.6642,137,0.1800,137,0,0.9705,0.0246,0.0049,-6.8558,-8.7044,-0.1959,-5.7510,-1.7105,0.0000,1,0.0947,0.1594,14.4018,-0.0013
14.5902,IMM-UKF,jink,0.500,10.00,0.150,1,0.600,1,6.6158,4.6115,-2.0043,1.0571,0.2472,0.0944,0.1300,6.0000,7.0521,0.9559,10.0066,0.5836,-145.6637,-26.6265,-149.6131,-22.6172,-149.5178,-22.7450,-147.1742,-25.6481,-132.0994,-39.5262,-3.9494,4.0093,-3.8541,3.8815,-1.5106,0.9784,137,0.1900,137,0,0.9705,0.0246,0.0049,-6.6935,-8.5149,-0.2120,-5.7711,-1.6413,0.0000,1,0.0947,0.1594,14.4018,-0.0013
14.6002,IMM-UKF,jink,0.500,10.00,0.150,1,0.600,1,6.5614,4.6167,-1.9447,1.0815,0.2472,0.0944,0.1302,6.0000,7.0521,0.9567,11.4920,0.5853,-145.3500,-26.8439,-149.6131,-22.6172,-149.5178,-22.7450,-146.9218,-25.5408,-132.0945,-37.6799,-4.2630,4.2268,-4.1677,4.0989,-1.5718,1.3031,137,0.2000,137,0,0.9705,0.0246,0.0049,-6.5301,-8.3259,-0.2216,-5.7904,-1.5720,0.0000,1,0.0947,0.1594,14.4018,-0.0013
14.6102,IMM-UKF,jink,0.500,10.00,0.150,1,0.600,1,6.5090,4.6267,-1.8823,1.1068,0.2472,0.0944,0.1304,6.0000,7.0521,0.9574,13.1817,0.5870,-145.0219,-27.0557,-149.6131,-22.6172,-149.5178,-22.7450,-146.6579,-25.4136,-132.0844,-35.9377,-4.5912,4.4386,-4.4959,4.3107,-1.6361,1.6421,137,0.2100,137,0,0.9705,0.0246,0.0049,-6.3657,-8.1377,-0.2274,-5.8089,-1.5024,0.0000,1,0.0947,0.1594,14.4018,-0.0013
14.6202,IMM-UKF,jink,0.500,10.00,0.150,1,0.600,1,6.4587,4.6414,-1.8172,1.1331,0.2472,0.0944,0.1306,6.0000,7.0521,0.9581,15.0504,0.5886,-144.6790,-27.2617,-149.6131,-22.6172,-149.5178,-22.7450,-146.3830,-25.2653,-132.0683,-34.2895,-4.9341,4.6446,-4.8388,4.5167,-1.7040,1.9965,137,0.2200,137,0,0.9705,0.0246,0.0049,-6.2003,-7.9503,-0.2307,-5.8265,-1.4325,0.0000,1,0.0966,0.1509,14.4018,-0.0002
14.6302,IMM-UKF,jink,0.500,10.00,0.150,1,0.600,1,6.4104,4.6609,-1.7495,1.1603,0.2472,0.0944,0.1308,6.0000,7.0521,0.9586,17.0777,0.5901,-144.3213,-27.4616,-149.6131,-22.6172,-149.5178,-22.7450,-146.0974,-25.0954,-132.0458,-32.7293,-5.2918,4.8445,-5.1965,4.7166,-1.7762,2.3662,137,0.2300,137,0,0.9705,0.0246,0.0049,-6.0339,-7.7637,-0.2323,-5.8432,-1.3625,0.0000,1,0.0966,0.1509,14.4018,-0.0002
14.6402,IMM-UKF,jink,0.500,10.00,0.150,1,0.600,1,6.3641,4.6851,-1.6791,1.1883,0.2472,0.0944,0.1309,6.0000,7.0521,0.9592,19.2467,0.5915,-143.9487,-27.6552,-149.6131,-22.6172,-149.5178,-22.7450,-145.8019,-24.9043,-132.0166,-31.2528,-5.6644,5.0380,-5.5691,4.9102,-1.8532,2.7509,137,0.2400,137,0,0.9705,0.0246,0.0049,-5.8665,-7.5780,-0.2325,-5.8592,-1.2923,0.0000,1,0.0966,0.1509,14.4018,-0.0002
14.6502,IMM-UKF,jink,0.500,10.00,0.150,1,0.600,1,6.3200,4.7140,-1.6060,1.2173,0.2472,0.0944,0.1310,6.0000,7.0521,0.9597,21.5430,0.5928,-143.5611,-27.8421,-149.6131,-22.6172,-149.5178,-22.7450,-145.4968,-24.6925,-131.9806,-29.8563,-6.0520,5.2249,-5.9567,5.0971,-1.9357,3.1496,137,0.2500,137,0,0.9705,0.0246,0.0049,-5.6980,-7.3933,-0.2317,-5.8743,-1.2219,0.0000,1,0.0966,0.1509,14.4018,-0.0002
14.6602,IMM-UKF,jink,0.500,10.00,0.150,1,0.600,1,6.2779,4.7476,-1.5303,1.2470,0.2472,0.0944,0.1311,6.0000,7.0521,0.9602,23.9535,0.5941,-143.1585,-28.0220,-149.6131,-22.6172,-149.5178,-22.7450,-145.1828,-24.4608,-131.9375,-28.5362,-6.4546,5.4049,-6.3593,5.2770,-2.0243,3.5613,137,0.2600,137,0,0.9705,0.0246,0.0049,-5.5285,-7.2096,-0.2300,-5.8885,-1.1513,0.0000,1,0.0966,0.1509,14.4018,-0.0002
14.6702,IMM-UKF,jink,0.500,10.00,0.150,1,0.600,1,6.2379,4.7860,-1.4519,1.2777,0.2472,0.0944,0.1312,6.0000,7.0521,0.9606,26.4660,0.5953,-142.7409,-28.1947,-149.6131,-22.6172,-149.5178,-22.7450,-144.8604,-24.2101,-131.8872,-27.2892,-6.8722,5.5775,-6.7769,5.4497,-2.1195,3.9846,137,0.2700,137,0,0.9705,0.0246,0.0049,-5.3578,-7.0269,-0.2275,-5.9019,-1.0806,0.0000,1,0.0966,0.1509,14.4018,-0.0002
14.6802,IMM-UKF,jink,0.500,10.00,0.150,1,0.600,1,6.1999,4.3968,-1.8031,0.8848,0.2458,0.0945,0.1326,6.0000,7.1036,1.5688,17.4374,0.5964,-142.3083,-28.3597,-147.4918,-24.9739,-147.2008,-25.0000,-142.6633,-25.4648,-123.1048,-26.0151,-5.1835,3.3857,-4.8924,3.3597,-0.3549,2.8949,138,0.1600,138,0,0.9780,0.0193,0.0027,-5.1861,-6.8453,-0.2245,-5.9144,-1.0097,0.0000,1,0.0966,0.1509,14.5190,-0.0002
14.6902,IMM-UKF,jink,0.500,10.00,0.150,1,0.600,1,6.1641,4.4164,-1.7477,0.9063,0.2458,0.0945,0.1327,6.0000,7.1036,1.5679,19.6105,0.5974,-141.8609,-28.5167,-147.4918,-24.9739,-147.2008,-25.0000,-142.2829,-25.2641,-123.2993,-24.9341,-5.6309,3.5428,-5.3398,3.5167,-0.4220,3.2525,138,0.1700,138,0,0.9780,0.0193,0.0027,-5.0131,-6.6648,-0.2209,-5.9261,-0.9386,0.0000,1,0.0966,0.1509,14.5190,-0.0002
14.7002,IMM-UKF,jink,0.500,10.00,0.150,1,0.600,1,6.1304,4.4409,-1.6896,0.9288,0.2458,0.0945,0.1327,6.0000,7.1036,1.5670,21.8865,0.5984,-141.3987,-28.6654,-147.4918,-24.9739,-147.2008,-25.0000,-141.8960,-25.0392,-123.4771,-23.9045,-6.0931,3.6914,-5.8020,3.6654,-0.4973,3.6262,138,0.1800,138,0,0.9780,0.0193,0.0027,-4.8390,-6.4854,-0.2168,-5.9370,-0.8675,0.0000,1,0.0966,0.1509,14.5190,-0.0002
14.7102,IMM-UKF,jink,0.500,10.00,0.150,1,0.600,1,6.0989,4.4700,-1.6288,0.9523,0.2458,0.0945,0.1328,6.0000,7.1036,1.5661,24.2579,0.5993,-140.9219,-28.8054,-147.4918,-24.9739,-147.2008,-25.0000,-141.5032,-24.7910,-123.6385,-22.9248,-6.5699,3.8315,-6.2788,3.8054,-0.5813,4.0144,138,0.1900,138,0,0.9780,0.0193,0.0027,-4.6637,-6.3072,-0.2122,-5.9469,-0.7962,0.0000,1,0.0966,0.1509,14.5190,-0.0002
14.7202,IMM-UKF,jink,0.500,10.00,0.150,1,0.600,1,6.0694,4.5040,-1.5654,0.9767,0.2458,0.0945,0.1328,6.0000,7.1036,1.5653,26.7162,0.6002,-140.4307,-28.9365,-147.4918,-24.9739,-147.2008,-25.0000,-141.1053,-24.5210,-123.7837,-21.9934,-7.0611,3.9626,-6.7701,3.9365,-0.6746,4.4154,138,0.2000,138,0,0.9780,0.0193,0.0027,-4.4872,-6.1303,-0.2073,-5.9561,-0.7247,0.0000,1,0.1170,0.1582,14.5190,0.0002
14.7302,IMM-UKF,jink,0.500,10.00,0.150,1,0.600,1,6.0421,4.5429,-1.4992,1.0021,0.2458,0.0945,0.1328,6.0000,7.1036,1.5645,29.2528,0.6010,-139.9253,-29.0582,-147.4918,-24.9739,-147.2008,-25.0000,-140.7032,-24.2306,-123.9129,-21.1087,-7.5665,4.0843,-7.2755,4.0583,-0.7779,4.8277,138,0.2100,138,0,0.9780,0.0193,0.0027,-4.3095,-5.9546,-0.2019,-5.9643,-0.6532,0.0000,1,0.1170,0.1582,14.5190,0.0002
14.7402,IMM-UKF,jink,0.500,10.00,0.150,1,0.600,1,6.0170,4.5866,-1.4303,1.0284,0.2458,0.0945,0.1329,6.0000,7.1036,1.5637,31.8583,0.6017,-139.4060,-29.1703,-147.4918,-24.9739,-147.2008,-25.0000,-140.2975,-23.9211,-124.0265,-20.2689,-8.0858,4.1964,-7.7948,4.1704,-0.8915,5.2492,138,0.2200,138,0,0.9780,0.0193,0.0027,-4.1304,-5.7802,-0.1963,-5.9717,-0.5816,0.0000,1,0.1170,0.1582,14.5190,0.0002
14.7502,IMM-UKF,jink,0.500,10.00,0.150,1,0.600,1,5.9940,4.6351,-1.3589,1.0556,0.2458,0.0945,0.1329,6.0000,7.1036,1.5631,34.5196,0.6023,-138.8731,-29.2725,-147.4918,-24.9739,-147.2008,-25.0000,-139.8892,-23.5949,-124.1239,-19.4738,-8.6187,4.2986,-8.3277,4.2726,-1.0161,5.6776,138,0.2300,138,0,0.9780,0.0193,0.0027,-3.9506,-5.6075,-0.1903,-5.9783,-0.5099,0.0000,1,0.1170,0.1582,14.5190,0.0002
14.7602,IMM-UKF,jink,0.500,10.00,0.150,1,0.600,1,5.9732,4.6880,-1.2852,1.0837,0.2458,0.0945,0.1329,6.0000,7.1036,1.5625,37.2150,0.6030,-138.3270,-29.3647,-147.4918,-24.9739,-147.2008,-25.0000,-139.4796,-23.2558,-124.2026,-18.7264,-9.1648,4.3907,-8.8737,4.3647,-1.1526,6.1089,138,0.2400,138,0,0.9780,0.0193,0.0027,-3.7713,-5.4381,-0.1841,-5.9840,-0.4381,0.0000,1,0.1170,0.1582,14.5190,0.0002
14.7702,IMM-UKF,jink,0.500,10.00,0.150,1,0.600,1,5.9545,4.7452,-1.2093,1.1126,0.2458,0.0945,0.1329,6.0000,7.1036,1.5618,39.9352,0.6035,-137.7681,-29.4465,-147.4918,-24.9739,-147.2008,-25.0000,-139.0693,-22.9054,-124.2640,-18.0234,-9.7237,4.4726,-9.4326,4.4466,-1.3012,6.5411,138,0.2500,138,0,0.9780,0.0193,0.0027,-3.5926,-5.2719,-0.1776,-5.9888,-0.3663,0.0000,1,0.1170,0.1582,14.5190,0.0002
14.7802,IMM-UKF,jink,0.500,10.00,0.150,1,0.600,1,5.9379,4.3317,-1.6062,0.7814,0.2475,0.0968,0.1313,6.0000,6.5325,1.2851,15.3846,0.6040,-137.1970,-29.5180,-144.6790,-27.2617,-144.7424,-27.4657,-138.7563,-27.3446,-121.0481,-25.7710,-7.4820,2.2563,-7.5455,2.0524,-1.5594,2.1735,139,0.1600,139,0,0.9761,0.0202,0.0037,-3.4146,-5.1088,-0.1710,-5.9928,-0.2944,0.0000,1,0.1170,0.1582,14.6201,0.0002
14.7902,IMM-UKF,jink,0.500,10.00,0.150,1,0.600,1,5.9235,4.3702,-1.5533,0.8035,0.2475,0.0968,0.1313,6.0000,6.5325,1.2857,17.3133,0.6044,-136.6140,-29.5791,-144.6790,-27.2617,-144.7424,-27.4657,-138.3145,-27.1050,-121.1414,-24.9507,-8.0650,2.3173,-8.1285,2.1134,-1.7006,2.4740,139,0.1700,139,0,0.9761,0.0202,0.0037,-3.2372,-4.9491,-0.1641,-5.9959,-0.2225,0.0000,1,0.1170,0.1582,14.6201,0.0002
14.8002,IMM-UKF,jink,0.500,10.00,0.150,1,0.600,1,5.9112,4.4127,-1.4985,0.8266,0.2475,0.0968,0.1313,6.0000,6.5325,1.2862,19.3222,0.6048,-136.0196,-29.6295,-144.6790,-27.2617,-144.7424,-27.4657,-137.8710,-26.8458,-121.2179,-24.1701,-8.6593,2.3678,-8.7228,2.1639,-1.8514,2.7838,139,0.1800,139,0,0.9761,0.0202,0.0037,-3.0608,-4.7927,-0.1571,-5.9981,-0.1505,0.0000,1,0.1170,0.1582,14.6201,0.0002
14.8102,IMM-UKF,jink,0.500,10.00,0.150,1,0.600,1,5.9010,4.4593,-1.4417,0.8508,0.2475,0.0968,0.1313,6.0000,6.5325,1.2867,21.4012,0.6052,-135.4146,-29.6694,-144.6790,-27.2617,-144.7424,-27.4657,-137.4265,-26.5685,-121.2785,-23.4274,-9.2644,2.4076,-9.3278,2.2037,-2.0119,3.1009,139,0.1900,139,0,0.9761,0.0202,0.0037,-2.8853,-4.6398,-0.1500,-5.9995,-0.0785,0.0000,1,0.1170,0.1582,14.6201,0.0002
14.8202,IMM-UKF,jink,0.500,10.00,0.150,1,0.600,1,5.8928,4.5098,-1.3830,0.8760,0.2475,0.0968,0.1313,6.0000,6.5325,1.2871,23.5407,0.6055,-134.7994,-29.6985,-144.6790,-27.2617,-144.7424,-27.4657,-136.9819,-26.2750,-121.3242,-22.7205,-9.8796,2.4368,-9.9431,2.2329,-2.1825,3.4236,139,0.2000,139,0,0.9761,0.0202,0.0037,-2.7107,-4.4902,-0.1426,-6.0000,-0.0065,0.0000,1,0.1170,0.1582,14.6201,0.0002
14.8302,IMM-UKF,jink,0.500,10.00,0.150,1,0.600,1,5.8868,4.5643,-1.3225,0.9023,0.2475,0.0968,0.1313,6.0000,6.5325,1.2875,25.7312,0.6058,-134.1746,-29.7170,-144.6790,-27.2617,-144.7424,-27.4657,-136.5377,-25.9668,-121.3557,-22.0476,-10.5044,2.4553,-10.5679,2.2514,-2.3631,3.7502,139,0.2100,139,0,0.9761,0.0202,0.0037,-2.5368,-4.3439,-0.1352,-5.9996,0.0655,0.0000,1,0.1170,0.1582,14.6201,0.0002
14.8402,IMM-UKF,jink,0.500,10.00,0.150,1,0.600,1,5.8828,4.6228,-1.2600,0.9295,0.2475,0.0968,0.1313,6.0000,6.5325,1.2877,27.9635,0.6060,-133.5408,-29.7249,-144.6790,-27.2617,-144.7424,-27.4657,-136.0946,-25.6458,-121.3738,-21.4069,-11.1381,2.4631,-11.2016,2.2592,-2.5538,4.0790,139,0.2200,139,0,0.9761,0.0202,0.0037,-2.3637,-4.2008,-0.1276,-5.9984,0.1375,0.0000,1,0.0980,0.1429,14.6201,-0.0015
14.8502,IMM-UKF,jink,0.500,10.00,0.150,1,0.600,1,5.8809,4.6851,-1.1958,0.9577,0.2475,0.0968,0.1313,6.0000,6.5325,1.2880,30.2291,0.6062,-132.8988,-29.7220,-144.6790,-27.2617,-144.7424,-27.4657,-135.6532,-25.3136,-121.3793,-20.7968,-11.7801,2.4603,-11.8436,2.2564,-2.7543,4.4085,139,0.2300,139,0,0.9761,0.0202,0.0037,-2.1914,-4.0609,-0.1199,-5.9963,0.2094,0.0000,1,0.0980,0.1429,14.6201,-0.0015
14.8602,IMM-UKF,jink,0.500,10.00,0.150,1,0.600,1,5.8811,4.7514,-1.1297,0.9868,0.2475,0.0968,0.1313,6.0000,6.5325,1.2881,32.5200,0.6063,-132.2491,-29.7086,-144.6790,-27.2617,-144.7424,-27.4657,-135.2137,-24.9716,-121.3728,-20.2156,-12.4298,2.4469,-12.4933,2.2429,-2.9646,4.7370,139,0.2400,139,0,0.9761,0.0202,0.0037,-2.0197,-3.9241,-0.1121,-5.9934,0.2814,0.0000,1,0.0980,0.1429,14.6201,-0.0015
14.8702,IMM-UKF,jink,0.500,10.00,0.150,1,0.600,1,5.8833,4.8214,-1.0619,1.0168,0.2475,0.0968,0.1313,6.0000,6.5325,1.2883,34.8281,0.6064,-131.5925,-29.6847,-144.6790,-27.2617,-144.7424,-27.4657,-134.7768,-24.6216,-121.3548,-19.6617,-13.0865,2.4229,-13.1499,2.2190,-3.1843,5.0631,139,0.2500,139,0,0.9761,0.0202,0.0037,-1.8486,-3.7904,-0.1041,-5.9896,0.3533,0.0000,1,0.0980,0.1429,14.6201,-0.0015
14.8802,IMM-UKF,jink,0.500,10.00,0.150,1,0.600,1,5.8875,4.2717,-1.6158,0.7349,0.2460,0.0982,0.1328,6.0000,6.0184,1.4373,15.8355,0.6064,-130.9295,-29.6503,-140.4307,-28.9365,-140.5228,-29.1613,-132.6042,-27.4519,-115.3249,-22.2734,-9.5012,0.7138,-9.5932,0.4889,-1.6747,2.1984,140,0.1600,140,0,0.9784,0.0186,0.0030,-1.6781,-3.6598,-0.0960,-5.9849,0.4251,0.0000,1,0.0980,0.1429,14.7204,-0.0015
14.8902,IMM-UKF,jink,0.500,10.00,0.150,1,0.600,1,5.8938,4.3242,-1.5696,0.7570,0.2460,0.0982,0.1328,6.0000,6.0184,1.4373,17.6390,0.6064,-130.2609,-29.6056,-140.4307,-28.9365,-140.5228,-29.1613,-132.1016,-27.1448,-115.3912,-21.6976,-10.1698,0.6691,-10.2618,0.4442,-1.8407,2.4607,140,0.1700,140,0,0.9784,0.0186,0.0030,-1.5082,-3.5321,-0.0877,-5.9794,0.4969,0.0000,1,0.0980,0.1429,14.7204,-0.0015
14.9002,IMM-UKF,jink,0.500,10.00,0.150,1,0.600,1,5.9021,4.3806,-1.5215,0.7802,0.2460,0.0982,0.1328,6.0000,6.0184,1.4373,19.4966,0.6064,-129.5874,-29.5507,-140.4307,-28.9365,-140.5228,-29.1613,-131.6038,-26.8231,-115.4446,-21.1450,-10.8433,0.6142,-10.9353,0.3893,-2.0163,2.7276,140,0.1800,140,0,0.9784,0.0186,0.0030,-1.3387,-3.4075,-0.0794,-5.9730,0.5686,0.0000,1,0.0980,0.1429,14.7204,-0.0015
14.9102,IMM-UKF,jink,0.500,10.00,0.150,1,0.600,1,5.9124,4.4408,-1.4716,0.8044,0.2460,0.0982,0.1328,6.0000,6.0184,1.4373,21.3997,0.6063,-128.9097,-29.4857,-140.4307,-28.9365,-140.5228,-29.1613,-131.1111,-26.4884,-115.4856,-20.6149,-11.5210,0.5493,-11.6131,0.3244,-2.2014,2.9973,140,0.1900,140,0,0.9784,0.0186,0.0030,-1.1698,-3.2857,-0.0708,-5.9657,0.6403,0.0000,1,0.0980,0.1429,14.7204,-0.0015
14.9202,IMM-UKF,jink,0.500,10.00,0.150,1,0.600,1,5.9248,4.5049,-1.4199,0.8297,0.2460,0.0982,0.1328,6.0000,6.0184,1.4371,23.3402,0.6061,-128.2283,-29.4110,-140.4307,-28.9365,-140.5228,-29.1613,-130.6240,-26.1426,-115.5149,-20.1064,-12.2024,0.4745,-12.2944,0.2496,-2.3957,3.2683,140,0.2000,140,0,0.9784,0.0186,0.0030,-1.0012,-3.1668,-0.0622,-5.9576,0.7118,0.0000,1,0.0980,0.1429,14.7204,-0.0015
14.9302,IMM-UKF,jink,0.500,10.00,0.150,1,0.600,1,5.9392,4.5728,-1.3665,0.8559,0.2460,0.0982,0.1328,6.0000,6.0184,1.4369,25.3095,0.6059,-127.5441,-29.3265,-140.4307,-28.9365,-140.5228,-29.1613,-130.1429,-25.7873,-115.5327,-19.6186,-12.8866,0.3901,-12.9787,0.1652,-2.5988,3.5392,140,0.2100,140,0,0.9784,0.0186,0.0030,-0.8331,-3.0508,-0.0534,-5.9487,0.7832,0.0000,1,0.0980,0.1429,14.7204,-0.0015
14.9402,IMM-UKF,jink,0.500,10.00,0.150,1,0.600,1,5.9556,4.6444,-1.3112,0.8831,0.2460,0.0982,0.1328,6.0000,6.0184,1.4366,27.3003,0.6056,-126.8577,-29.2327,-140.4307,-28.9365,-140.5228,-29.1613,-129.6679,-25.4241,-115.5396,-19.1507,-13.5730,0.2962,-13.6651,0.0713,-2.8102,3.8086,140,0.2200,140,0,0.9784,0.0186,0.0030,-0.6653,-2.9375,-0.0444,-5.9388,0.8546,0.0000,1,0.0808,0.1555,14.7204,0.0004
14.9502,IMM-UKF,jink,0.500,10.00,0.150,1,0.600,1,5.9740,4.7197,-1.2543,0.9113,0.2460,0.0982,0.1328,6.0000,6.0184,1.4364,29.3045,0.6053,-126.1697,-29.1296,-140.4307,-28.9365,-140.5228,-29.1613,-129.1995,-25.0548,-115.5359,-18.7025,-14.2610,0.1932,-14.3531,-0.0317,-3.0298,4.0748,140,0.2300,140,0,0.9784,0.0186,0.0030,-0.4981,-2.8271,-0.0353,-5.9281,0.9258,0.0000,1,0.0808,0.1555,14.7204,0.0004
14.9602,IMM-UKF,jink,0.500,10.00,0.150,1,0.600,1,5.9944,4.7987,-1.1958,0.9405,0.2460,0.0982,0.1328,6.0000,6.0184,1.4360,31.3148,0.6049,-125.4808,-29.0177,-140.4307,-28.9365,-140.5228,-29.1613,-128.7380,-24.6812,-115.5222,-18.2735,-14.9499,0.0812,-15.0420,-0.1436,-3.2572,4.3365,140,0.2400,140,0,0.9784,0.0186,0.0030,-0.3317,-2.7197,-0.0260,-5.9166,0.9968,0.0000,1,0.0808,0.1555,14.7204,0.0004
14.9702,IMM-UKF,jink,0.500,10.00,0.150,1,0.600,1,6.0169,4.8812,-1.1356,0.9705,0.2460,0.0982,0.1328,6.0000,6.0184,1.4355,33.3249,0.6044,-124.7916,-28.8972,-140.4307,-28.9365,-140.5228,-29.1613,-128.2834,-24.3046,-115.4987,-17.8629,-15.6391,-0.0393,-15.7312,-0.2642,-3.4917,4.5925,140,0.2500,140,0,0.9784,0.0186,0.0030,-0.1661,-2.6152,-0.0166,-5.9042,1.0678,0.0000,1,0.0808,0.1555,14.7204,0.0004
14.9802,IMM-UKF,jink,0.500,10.00,0.150,1,0.600,1,6.0412,4.9673,-1.0740,1.0014,0.2460,0.0982,0.1328,6.0000,6.0184,1.4350,35.3290,0.6039,-124.1028,-28.7684,-140.4307,-28.9365,-140.5228,-29.1613,-127.8358,-23.9265,-115.4662,-17.4700,-16.3279,-0.1681,-16.4200,-0.3930,-3.7330,4.8419,140,0.2600,140,0,0.9784,0.0186,0.0030,-0.0013,-2.5136,-0.0070,-5.8910,1.1385,0.0000,1,0.0808,0.1555,14.7204,0.0004
14.9902,IMM-UKF,jink,0.500,10.00,0.150,1,0.600,1,6.0676,4.3771,-1.6905,0.6984,0.2474,0.1004,0.1314,6.0000,5.1923,0.5999,11.4837,0.6033,-123.4150,-28.6316,-133.5408,-29.7249,-133.5307,-29.8252,-125.0405,-27.3579,-108.9813,-20.9715,-10.1258,-1.0933,-10.1156,-1.1936,-1.6255,1.2737,141,0.1500,141,0,0.9784,0.0190,0.0027,0.1627,-2.4149,0.0027,-5.8769,1.2091,0.0000,1,0.0808,0.1555,14.8387,0.0004
15.0002,IMM-UKF,jink,0.500,10.00,0.150,1,0.600,1,6.0959,4.4411,-1.6548,0.7202,0.2474,0.1004,0.1314,6.0000,5.1923,0.5993,12.8702,0.6026,-122.7287,-28.4872,-133.5408,-29.7249,-133.5307,-29.8252,-124.5243,-27.0381,-109.0126,-20.5488,-10.8121,-1.2377,-10.8019,-1.3381,-1.7955,1.4490,141,0.1600,141,0,0.9784,0.0190,0.0027,0.3259,-2.3190,0.0127,-5.8620,1.2796,0.0000,1,0.0808,0.1555,14.8387,0.0004
15.0102,IMM-UKF,jink,0.500,10.00,0.150,1,0.600,1,6.1271,4.5087,-1.6184,0.7432,0.2474,0.1004,0.1313,6.0000,5.1923,0.5992,14.2408,0.6019,-122.0569,-28.3310,-133.5408,-29.7249,-133.5307,-29.8252,-124.0198,-26.7093,-109.0397,-20.1431,-11.4840,-1.3938,-11.4738,-1.4942,-1.9629,1.6217,141,0.1700,141,0,0.9784,0.0190,0.0027,0.4878,-2.2251,0.0231,-5.8769,1.2091,0.0000,1,0.0808,0.1555,14.8387,0.0004
15.0202,IMM-UKF,jink,0.500,10.00,0.150,1,0.600,1,6.1611,4.5798,-1.5812,0.7672,0.2474,0.1004,0.1309,6.0000,5.1923,0.5992,15.5939,0.6014,-121.3989,-28.1638,-133.5408,-29.7249,-133.5307,-29.8252,-123.5273,-26.3733,-109.0629,-19.7542,-12.1420,-1.5610,-12.1318,-1.6614,-2.1285,1.7905,141,0.1800,141,0,0.9784,0.0190,0.0027,0.6486,-2.1333,0.0341,-5.8910,1.1385,0.0000,1,0.0808,0.1555,14.8387,0.0004
15.0302,IMM-UKF,jink,0.500,10.00,0.150,1,0.600,1,6.1978,4.6545,-1.5433,0.7923,0.2474,0.1004,0.1304,6.0000,5.1923,0.5993,16.9227,0.6009,-120.7554,-27.9862,-133.5408,-29.7249,-133.5307,-29.8252,-123.0474,-26.0319,-109.0823,-19.3823,-12.7855,-1.7386,-12.7753,-1.8390,-2.2920,1.9543,141,0.1900,141,0,0.9784,0.0190,0.0027,0.8081,-2.0433,0.0456,-5.9042,1.0678,0.0000,1,0.0830,0.1570,14.8387,-0.0016
15.0402,IMM-UKF,jink,0.500,10.00,0.150,1,0.600,1,6.2373,4.7327,-1.5046,0.8183,0.2474,0.1004,0.1297,6.0000,5.1923,0.5994,18.2214,0.6005,-120.1270,-27.7991,-133.5408,-29.7249,-133.5307,-29.8252,-122.5801,-25.6870,-109.0983,-19.0273,-13.4138,-1.9258,-13.4036,-2.0261,-2.4531,2.1121,141,0.2000,141,0,0.9784,0.0190,0.0027,0.9663,-1.9552,0.0579,-5.9166,0.9968,0.0000,1,0.0830,0.1570,14.8387,-0.0016
15.0502,IMM-UKF,jink,0.500,10.00,0.150,1,0.600,1,6.2795,4.8143,-1.4651,0.8454,0.2474,0.1004,0.1288,6.0000,5.1923,0.5996,19.4832,0.6001,-119.5143,-27.6030,-133.5408,-29.7249,-133.5307,-29.8252,-122.1258,-25.3404,-109.1110,-18.6898,-14.0265,-2.1218,-14.0163,-2.2222,-2.6115,2.2626,141,0.2100,141,0,0.9784,0.0190,0.0027,1.1232,-1.8690,0.0712,-5.9281,0.9258,0.0000,1,0.0830,0.1570,14.8387,-0.0016
15.0602,IMM-UKF,jink,0.500,10.00,0.150,1,0.600,1,6.3243,4.8994,-1.4249,0.8735,0.2474,0.1004,0.1278,6.0000,5.1923,0.5997,20.7017,0.5997,-118.9176,-27.3989,-133.5408,-29.7249,-133.5307,-29.8252,-121.6844,-24.9941,-109.1208,-18.3702,-14.6232,-2.3259,-14.6130,-2.4263,-2.7667,2.4048,141,0.2200,141,0,0.9784,0.0190,0.0027,1.2789,-1.7845,0.0855,-5.9388,0.8546,0.0000,1,0.0830,0.1570,14.8387,-0.0016
15.0702,IMM-UKF,jink,0.500,10.00,0.150,1,0.600,1,6.3717,4.9879,-1.3838,0.9025,0.2474,0.1004,0.1265,6.0000,5.1923,0.5997,21.8695,0.5993,-118.3374,-27.1875,-133.5408,-29.7249,-133.5307,-29.8252,-121.2560,-24.6502,-109.1277,-18.0699,-15.2034,-2.5374,-15.1932,-2.6377,-2.9186,2.5372,141,0.2300,141,0,0.9784,0.0190,0.0027,1.4332,-1.7018,0.1013,-5.9487,0.7832,0.0000,1,0.0830,0.1570,14.8387,-0.0016
15.0802,IMM-UKF,jink,0.500,10.00,0.150,1,0.600,1,6.4217,5.0799,-1.3418,0.9324,0.2474,0.1004,0.1254,6.0000,5.1923,0.5987,22.9829,0.5984,-117.7727,-26.9696,-133.5408,-29.7249,-133.5307,-29.8252,-120.8407,-24.3114,-109.1322,-17.7906,-15.7682,-2.7553,-15.7580,-2.8556,-3.0680,2.6582,141,0.2400,141,0,0.9784,0.0190,0.0027,1.5860,-1.6207,0.1190,-5.9576,0.7118,0.0000,1,0.0830,0.1570,14.8387,-0.0016
15.0903,IMM-UKF,jink,0.500,10.00,0.150,1,0.600,1,6.4743,5.1754,-1.2989,0.9633,0.2474,0.1004,0.1242,6.0000,5.1923,0.5965,24.0298,0.5969,-117.2239,-26.7461,-133.5408,-29.7249,-133.5307,-29.8252,-120.4384,-23.9811,-109.1343,-17.5359,-16.3170,-2.9787,-16.3068,-3.0791,-3.2145,2.7651,141,0.2500,141,0,0.9784,0.0190,0.0027,1.7373,-1.5414,0.1395,-5.9657,0.6403,0.0000,1,0.0830,0.1570,14.8387,-0.0016
15.1003,IMM-UKF,jink,0.500,10.00,0.150,1,0.600,1,6.5294,4.7463,-1.7830,0.7107,0.2465,0.1014,0.1239,6.0000,4.7442,1.9673,7.6321,0.5950,-116.6925,-26.5181,-126.8577,-29.2327,-126.5553,-29.4247,-117.8109,-25.7315,-104.5482,-18.8238,-10.1652,-2.7146,-9.8628,-2.9066,-1.1184,0.7866,142,0.1600,142,0,0.9789,0.0182,0.0028,1.8868,-1.4637,0.1640,-5.9730,0.5686,0.0000,1,0.0830,0.1570,14.9407,-0.0016
15.1103,IMM-UKF,jink,0.500,10.00,0.150,1,0.600,1,6.5869,4.8276,-1.7594,0.7336,0.2465,0.1014,0.1230,6.0000,4.7442,1.9700,8.1507,0.5936,-116.1804,-26.2866,-126.8577,-29.2327,-126.5553,-29.4247,-117.3706,-25.4448,-104.5848,-18.6254,-10.6773,-2.9460,-10.3750,-3.1381,-1.1902,0.8418,142,0.1700,142,0,0.9789,0.0182,0.0028,2.0340,-1.3880,0.1955,-5.9794,0.4969,0.0000,1,0.0830,0.1570,14.9407,-0.0016
15.1203,IMM-UKF,jink,0.500,10.00,0.150,1,0.600,1,6.6470,4.9127,-1.7343,0.7576,0.2465,0.1014,0.1219,6.0000,4.7442,1.9725,8.5492,0.5922,-115.6855,-26.0535,-126.8577,-29.2327,-126.5553,-29.4247,-116.9465,-25.1882,-104.6182,-18.5058,-11.1722,-3.1792,-10.8699,-3.3712,-1.2610,0.8653,142,0.1800,142,0,0.9789,0.0182,0.0028,2.1768,-1.3148,0.2413,-5.9849,0.4251,0.0000,1,0.1086,0.1543,14.9407,-0.0019
15.1303,IMM-UKF,jink,0.500,10.00,0.150,1,0.600,1,6.7095,5.0014,-1.7081,0.7827,0.2465,0.1014,0.1207,6.0000,4.7442,1.9747,8.6069,0.5905,-115.2080,-25.8233,-126.8577,-29.2327,-126.5553,-29.4247,-116.5427,-25.0383,-104.6417,-18.6229,-11.6497,-3.4094,-11.3473,-3.6014,-1.3347,0.7850,142,0.1900,142,0,0.9789,0.0182,0.0028,2.3006,-1.2493,0.3309,-5.9896,0.3533,0.0000,1,0.1086,0.1543,14.9407,-0.0019
15.1403,IMM-UKF,jink,0.500,10.00,0.150,1,0.600,1,6.7724,5.0516,-1.7208,0.8092,0.2465,0.1014,0.1193,6.0000,4.7442,1.9766,8.2627,0.5888,-114.7500,-25.6100,-126.8577,-29.2327,-126.5553,-29.4247,-116.2276,-25.2548,-104.5495,-19.3990,-12.1077,-3.6227,-11.8054,-3.8147,-1.4777,0.3552,142,0.2000,142,0,0.9789,0.0182,0.0028,2.1796,-1.2716,0.4746,-5.9934,0.2814,0.0000,1,0.1086,0.1543,14.9407,-0.0019
15.1503,IMM-UKF,jink,0.500,10.00,0.150,1,0.600,1,6.8345,5.0785,-1.7560,0.8366,0.2465,0.1014,0.1178,6.0000,4.7442,1.9782,8.8485,0.5871,-114.3112,-25.4078,-126.8577,-29.2327,-126.5553,-29.4247,-115.9469,-25.3537,-104.4271,-19.8242,-12.5465,-3.8249,-12.2441,-4.0169,-1.6357,0.0541,142,0.2100,142,0,0.9789,0.0182,0.0028,1.9931,-1.3169,0.5135,-5.9963,0.2094,0.0000,1,0.1086,0.1543,14.9407,-0.0019
15.1603,IMM-UKF,jink,0.500,10.00,0.150,1,0.600,1,6.8955,5.0997,-1.7959,0.8650,0.2465,0.1014,0.1162,6.0000,4.7442,1.9797,9.7600,0.5854,-113.8910,-25.2148,-126.8577,-29.2327,-126.5553,-29.4247,-115.6804,-25.4247,-104.3035,-20.1558,-12.9667,-4.0179,-12.6643,-4.2100,-1.7894,-0.2099,142,0.2200,142,0,0.9789,0.0182,0.0028,1.8042,-1.3626,0.5278,-5.9984,0.1375,0.0000,1,0.1086,0.1543,14.9407,-0.0019
15.1703,IMM-UKF,jink,0.500,10.00,0.150,1,0.600,1,6.9556,5.1169,-1.8387,0.8944,0.2465,0.1014,0.1145,6.0000,4.7442,1.9811,10.8442,0.5837,-113.4884,-25.0299,-126.8577,-29.2327,-126.5553,-29.4247,-115.4263,-25.4910,-104.1801,-20.4528,-13.3693,-4.2028,-13.0669,-4.3948,-1.9378,-0.4612,142,0.2300,142,0,0.9789,0.0182,0.0028,1.6163,-1.4076,0.5319,-5.9996,0.0655,0.0000,1,0.1086,0.1543,14.9407,-0.0019
15.1803,IMM-UKF,jink,0.500,10.00,0.150,1,0.600,1,7.0145,5.1306,-1.8838,0.9248,0.2465,0.1014,0.1127,6.0000,4.7442,1.9823,12.0366,0.5821,-113.1028,-24.8526,-126.8577,-29.2327,-126.5553,-29.4247,-115.1836,-25.5604,-104.0569,-20.7348,-13.7549,-4.3801,-13.4525,-4.5722,-2.0807,-0.7079,142,0.2400,142,0,0.9789,0.0182,0.0028,1.4298,-1.4518,0.5306,-6.0000,-0.0065,0.0000,1,0.1086,0.1543,14.9407,-0.0019
15.1903,IMM-UKF,jink,0.500,10.00,0.150,1,0.600,1,7.0722,4.9158,-2.1564,0.7342,0.2469,0.1022,0.1105,6.0000,4.5316,1.9139,5.0646,0.5806,-112.7335,-24.6823,-120.7554,-27.9862,-120.4225,-27.8810,-112.7011,-25.5283,-99.9615,-20.5698,-8.0219,-3.3040,-7.6890,-3.1987,0.0324,-0.8461,143,0.1600,143,0,0.9751,0.0211,0.0038,1.2451,-1.4952,0.5259,-5.9995,-0.0785,0.0000,1,0.1086,0.1543,15.0287,-0.0019
15.2003,IMM-UKF,jink,0.500,10.00,0.150,1,0.600,1,7.1288,4.9354,-2.1934,0.7578,0.2469,0.1022,0.1085,6.0000,4.5316,1.9168,6.1132,0.5791,-112.3797,-24.5187,-120.7554,-27.9862,-120.4225,-27.8810,-112.3701,-25.5405,-99.7450,-20.8042,-8.3757,-3.4675,-8.0428,-3.3623,0.0096,-1.0218,143,0.1700,143,0,0.9751,0.0211,0.0038,1.0620,-1.5376,0.5189,-5.9981,-0.1505,0.0000,1,0.1086,0.1543,15.0287,-0.0019
15.2103,IMM-UKF,jink,0.500,10.00,0.150,1,0.600,1,7.1842,4.9519,-2.2322,0.7823,0.2469,0.1022,0.1064,6.0000,4.5316,1.9194,7.1944,0.5776,-112.0409,-24.3615,-120.7554,-27.9862,-120.4225,-27.8810,-112.0494,-25.5640,-99.5249,-21.0403,-8.7145,-3.6247,-8.3816,-3.5194,-0.0085,-1.2025,143,0.1800,143,0,0.9751,0.0211,0.0038,0.8807,-1.5793,0.5102,-5.9959,-0.2225,0.0000,1,0.1086,0.1543,15.0287,-0.0019
15.2203,IMM-UKF,jink,0.500,10.00,0.150,1,0.600,1,7.2383,4.9654,-2.2729,0.8079,0.2469,0.1022,0.1042,6.0000,4.5316,1.9218,8.3083,0.5762,-111.7164,-24.2104,-120.7554,-27.9862,-120.4225,-27.8810,-111.7381,-25.5989,-99.3010,-21.2798,-9.0390,-3.7758,-8.7060,-3.6705,-0.0217,-1.3885,143,0.1900,143,0,0.9751,0.0211,0.0038,0.7012,-1.6202,0.5004,-5.9928,-0.2944,0.0000,1,0.1086,0.1543,15.0287,-0.0019
15.2303,IMM-UKF,jink,0.500,10.00,0.150,1,0.600,1,7.2912,4.9759,-2.3153,0.8346,0.2469,0.1022,0.1020,6.0000,4.5316,1.9241,9.4555,0.5748,-111.4058,-24.0652,-120.7554,-27.9862,-120.4225,-27.8810,-111.4357,-25.6453,-99.0728,-21.5243,-9.3496,-3.9210,-9.0167,-3.8157,-0.0299,-1.5800,143,0.2000,143,0,0.9751,0.0211,0.0038,0.5233,-1.6603,0.4895,-5.9888,-0.3663,0.0000,1,0.0812,0.1417,15.0287,-0.0017
15.2403,IMM-UKF,jink,0.500,10.00,0.150,1,0.600,1,7.3429,4.9834,-2.3595,0.8622,0.2469,0.1022,0.0997,6.0000,4.5316,1.9262,10.6366,0.5735,-111.1084,-23.9257,-120.7554,-27.9862,-120.4225,-27.8810,-111.1412,-25.7030,-98.8398,-21.7750,-9.6470,-4.0606,-9.3140,-3.9553,-0.0327,-1.7773,143,0.2100,143,0,0.9751,0.0211,0.0038,0.3471,-1.6998,0.4780,-5.9840,-0.4381,0.0000,1,0.0812,0.1417,15.0287,-0.0017
15.2503,IMM-UKF,jink,0.500,10.00,0.150,1,0.600,1,7.3932,4.9880,-2.4052,0.8908,0.2469,0.1022,0.0973,6.0000,4.5316,1.9282,11.8529,0.5722,-110.8239,-23.7915,-120.7554,-27.9862,-120.4225,-27.8810,-110.8540,-25.7720,-98.6016,-22.0327,-9.9315,-4.1947,-9.5985,-4.0894,-0.0301,-1.9805,143,0.2200,143,0,0.9751,0.0211,0.0038,0.1727,-1.7385,0.4658,-5.9783,-0.5099,0.0000,1,0.0812,0.1417,15.0287,-0.0017
15.2603,IMM-UKF,jink,0.500,10.00,0.150,1,0.600,1,7.4423,4.9898,-2.4525,0.9203,0.2469,0.1022,0.0949,6.0000,4.5316,1.9300,13.1057,0.5709,-110.5518,-23.6626,-120.7554,-27.9862,-120.4225,-27.8810,-110.5735,-25.8524,-98.3576,-22.2983,-10.2036,-4.3236,-9.8707,-4.2183,-0.0217,-2.1898,143,0.2300,143,0,0.9751,0.0211,0.0038,-0.0001,-1.7766,0.4532,-5.9717,-0.5816,0.0000,1,0.0812,0.1417,15.0287,-0.0017
15.2703,IMM-UKF,jink,0.500,10.00,0.150,1,0.600,1,7.4901,4.9888,-2.5013,0.9508,0.2469,0.1022,0.0924,6.0000,4.5316,1.9317,14.3963,0.5697,-110.2915,-23.5389,-120.7554,-27.9862,-120.4225,-27.8810,-110.2990,-25.9441,-98.1073,-22.5726,-10.4639,-4.4474,-10.1309,-4.3421,-0.0074,-2.4053,143,0.2400,143,0,0.9751,0.0211,0.0038,-0.1712,-1.8141,0.4403,-5.9643,-0.6532,0.0000,1,0.0812,0.1417,15.0287,-0.0017
15.2803,IMM-UKF,jink,0.500,10.00,0.150,1,0.600,1,7.5366,5.1036,-2.4330,0.7828,0.2482,0.1024,0.0885,6.0000,4.3011,1.7360,12.6470,0.5685,-110.0428,-23.4200,-115.6855,-26.0535,-115.3737,-26.1046,-109.2979,-25.4215,-96.9604,-23.2867,-5.6427,-2.6335,-5.3309,-2.6846,0.7449,-2.0015,144,0.1600,144,0,0.9746,0.0217,0.0037,-0.3407,-1.8510,0.4270,-5.9561,-0.7247,0.0000,1,0.0812,0.1417,15.1183,-0.0017
15.2903,IMM-UKF,jink,0.500,10.00,0.150,1,0.600,1,7.5817,5.1095,-2.4722,0.8065,0.2482,0.1024,0.0860,6.0000,4.3011,1.7349,13.8065,0.5672,-109.8048,-23.3059,-115.6855,-26.0535,-115.3737,-26.1046,-109.0062,-25.4951,-96.6839,-23.5584,-5.8806,-2.7476,-5.5688,-2.7987,0.7986,-2.1892,144,0.1700,144,0,0.9746,0.0217,0.0037,-0.5085,-1.8873,0.4136,-5.9469,-0.7962,0.0000,1,0.0812,0.1417,15.1183,-0.0017
15.3003,IMM-UKF,jink,0.500,10.00,0.150,1,0.600,1,7.6255,5.1127,-2.5128,0.8312,0.2482,0.1024,0.0836,6.0000,4.3011,1.7283,15.0118,0.5652,-109.5766,-23.1964,-115.6855,-26.0535,-115.3737,-26.1046,-108.7197,-25.5799,-96.3994,-23.8399,-6.1088,-2.8571,-5.7970,-2.9082,0.8569,-2.3835,144,0.1800,144,0,0.9746,0.0217,0.0037,-0.6746,-1.9230,0.3999,-5.9370,-0.8675,0.0000,1,0.0812,0.1417,15.1183,-0.0017
15.3103,IMM-UKF,jink,0.500,10.00,0.150,1,0.600,1,7.6680,5.1131,-2.5549,0.8569,0.2482,0.1024,0.0812,6.0000,4.3011,1.7216,16.2652,0.5630,-109.3589,-23.0915,-115.6855,-26.0535,-115.3737,-26.1046,-108.4377,-25.6758,-96.1063,-24.1320,-6.3266,-2.9620,-6.0148,-3.0131,0.9212,-2.5843,144,0.1900,144,0,0.9746,0.0217,0.0037,-0.8391,-1.9583,0.3861,-5.9261,-0.9386,0.0000,1,0.0812,0.1417,15.1183,-0.0017
15.3203,IMM-UKF,jink,0.500,10.00,0.150,1,0.600,1,7.7091,5.1108,-2.5984,0.8836,0.2482,0.1024,0.0790,6.0000,4.3011,1.7207,17.5694,0.5617,-109.1523,-22.9909,-115.6855,-26.0535,-115.3737,-26.1046,-108.1597,-25.7828,-95.8039,-24.4350,-6.5332,-3.0626,-6.2214,-3.1137,0.9926,-2.7919,144,0.2000,144,0,0.9746,0.0217,0.0037,-1.0021,-1.9930,0.3722,-5.9144,-1.0097,0.0000,1,0.1156,0.1433,15.1183,-0.0007
15.3303,IMM-UKF,jink,0.500,10.00,0.150,1,0.600,1,7.7489,5.1057,-2.6432,0.9112,0.2482,0.1024,0.0768,6.0000,4.3011,1.7217,18.9246,0.5606,-108.9559,-22.8946,-115.6855,-26.0535,-115.3737,-26.1046,-107.8849,-25.9009,-95.4914,-24.7497,-6.7296,-3.1589,-6.4178,-3.2101,1.0709,-3.0063,144,0.2100,144,0,0.9746,0.0217,0.0037,-1.1634,-2.0273,0.3582,-5.9019,-1.0806,0.0000,1,0.1156,0.1433,15.1183,-0.0007
15.3403,IMM-UKF,jink,0.500,10.00,0.150,1,0.600,1,7.7873,5.0981,-2.6892,0.9397,0.2482,0.1024,0.0746,6.0000,4.3011,1.7226,20.3315,0.5595,-108.7690,-22.8024,-115.6855,-26.0535,-115.3737,-26.1046,-107.6130,-26.0301,-95.1679,-25.0767,-6.9165,-3.2511,-6.6047,-3.3022,1.1560,-3.2278,144,0.2200,144,0,0.9746,0.0217,0.0037,-1.3231,-2.0612,0.3442,-5.8885,-1.1513,0.0000,1,0.1156,0.1433,15.1183,-0.0007
15.3503,IMM-UKF,jink,0.500,10.00,0.150,1,0.600,1,7.8244,5.0879,-2.7365,0.9692,0.2482,0.1024,0.0723,6.0000,4.3011,1.7234,21.7920,0.5585,-108.5913,-22.7142,-115.6855,-26.0535,-115.3737,-26.1046,-107.3432,-26.1706,-94.8325,-25.4166,-7.0942,-3.3393,-6.7824,-3.3904,1.2480,-3.4564,144,0.2300,144,0,0.9746,0.0217,0.0037,-1.4812,-2.0946,0.3301,-5.8743,-1.2219,0.0000,1,0.1156,0.1433,15.1183,-0.0007
15.3603,IMM-UKF,jink,0.500,10.00,0.150,1,0.600,1,7.8601,5.0751,-2.7850,0.9995,0.2482,0.1024,0.0700,6.0000,4.3011,1.7242,23.3078,0.5576,-108.4226,-22.6300,-115.6855,-26.0535,-115.3737,-26.1046,-107.0751,-26.3224,-94.4843,-25.7700,-7.2629,-3.4235,-6.9511,-3.4746,1.3474,-3.6924,144,0.2400,144,0,0.9746,0.0217,0.0037,-1.6378,-2.1277,0.3160,-5.8592,-1.2923,0.0000,1,0.1156,0.1433,15.1183,-0.0007
15.3703,IMM-UKF,jink,0.500,10.00,0.150,1,0.600,1,7.8944,5.0599,-2.8346,1.0308,0.2482,0.1024,0.0676,6.0000,4.3011,1.7250,24.8812,0.5567,-108.2626,-22.5496,-115.6855,-26.0535,-115.3737,-26.1046,-106.8081,-26.4856,-94.1222,-26.1377,-7.4229,-3.5039,-7.1111,-3.5550,1.4545,-3.9360,144,0.2500,144,0,0.9746,0.0217,0.0037,-1.7928,-2.1604,0.3019,-5.8432,-1.3625,0.0000,1,0.1156,0.1433,15.1183,-0.0007
15.3803,IMM-UKF,jink,0.500,10.00,0.150,1,0.600,1,7.9274,5.4570,-2.4703,0.8418,0.2496,0.1023,0.0638,6.0000,4.7440,1.5070,9.5196,0.5560,-108.1111,-22.4730,-111.4058,-24.0652,-111.2059,-24.2424,-106.9546,-23.6557,-96.3721,-21.3231,-3.2947,-1.5922,-3.0948,-1.7694,1.1566,-1.1827,145,0.1500,145,0,0.9753,0.0213,0.0033,-1.9462,-2.1927,0.2879,-5.8265,-1.4325,0.0000,1,0.1156,0.1433,15.2286,-0.0007
15.3903,IMM-UKF,jink,0.500,10.00,0.150,1,0.600,1,7.9590,5.4551,-2.5039,0.8648,0.2496,0.1023,0.0614,6.0000,4.7440,1.5070,10.3428,0.5552,-107.9679,-22.4000,-111.4058,-24.0652,-111.2059,-24.2424,-106.7190,-23.6911,-96.1075,-21.5273,-3.4379,-1.6652,-3.2380,-1.8424,1.2489,-1.2911,145,0.1600,145,0,0.9753,0.0213,0.0033,-2.0981,-2.2247,0.2738,-5.8089,-1.5024,0.0000,1,0.1156,0.1433,15.2286,-0.0007
15.4003,IMM-UKF,jink,0.500,10.00,0.150,1,0.600,1,7.9892,5.4505,-2.5386,0.8887,0.2496,0.1023,0.0589,6.0000,4.7440,1.5069,11.2116,0.5545,-107.8328,-22.3307,-111.4058,-24.0652,-111.2059,-24.2424,-106.4857,-23.7355,-95.8342,-21.7402,-3.5730,-1.7346,-3.3731,-1.9118,1.3471,-1.4048,145,0.1700,145,0,0.9753,0.0213,0.0033,-2.2485,-2.2564,0.2598,-5.7904,-1.5720,0.0000,1,0.1156,0.1433,15.2286,-0.0007
15.4103,IMM-UKF,jink,0.500,10.00,0.150,1,0.600,1,8.0180,5.4434,-2.5746,0.9136,0.2496,0.1023,0.0564,6.0000,4.7440,1.5069,12.1271,0.5539,-107.7056,-22.2648,-111.4058,-24.0652,-111.2059,-24.2424,-106.2542,-23.7888,-95.5512,-21.9623,-3.7001,-1.8004,-3.5003,-1.9776,1.4514,-1.5239,145,0.1800,145,0,0.9753,0.0213,0.0033,-2.3974,-2.2878,0.2459,-5.7711,-1.6413,0.0000,1,0.1156,0.1433,15.2286,-0.0007
15.4203,IMM-UKF,jink,0.500,10.00,0.150,1,0.600,1,8.0454,5.4337,-2.6118,0.9395,0.2496,0.1023,0.0538,6.0000,4.7440,1.5069,13.0900,0.5533,-107.5861,-22.2024,-111.4058,-24.0652,-111.2059,-24.2424,-106.0241,-23.8509,-95.2581,-22.1939,-3.8197,-1.8628,-3.6198,-2.0400,1.5620,-1.6485,145,0.1900,145,0,0.9753,0.0213,0.0033,-2.5447,-2.3189,0.2320,-5.7510,-1.7105,0.0000,1,0.1156,0.1433,15.2286,-0.0007
15.4303,IMM-UKF,jink,0.500,10.00,0.150,1,0.600,1,8.0715,5.4215,-2.6500,0.9662,0.2496,0.1023,0.0538,6.0000,4.7440,1.4677,14.0660,0.5487,-107.4642,-22.1434,-111.4058,-24.0652,-111.2059,-24.2424,-105.7949,-23.9220,-94.9538,-22.4355,-3.9416,-1.9218,-3.7417,-2.0990,1.6693,-1.7786,145,0.2000,145,0,0.9753,0.0213,0.0033,-2.6906,-2.3498,0.2182,-5.7301,-1.7793,0.0000,1,0.1156,0.1433,15.2286,-0.0007
15.4403,IMM-UKF,jink,0.500,10.00,0.150,1,0.600,1,8.0962,5.4068,-2.6893,0.9939,0.2496,0.1023,0.0537,6.0000,4.7440,1.4285,15.0913,0.5484,-107.3496,-22.0879,-111.4058,-24.0652,-111.2059,-24.2424,-105.5662,-24.0020,-94.6375,-22.6875,-4.0561,-1.9773,-3.8563,-2.1545,1.7834,-1.9141,145,0.2100,145,0,0.9753,0.0213,0.0033,-2.8349,-2.3804,0.2044,-5.7083,-1.8480,0.0000,1,0.1123,0.1564,15.2286,-0.0013
15.4503,IMM-UKF,jink,0.500,10.00,0.150,1,0.600,1,8.1195,5.3898,-2.7297,1.0225,0.2496,0.1023,0.0549,6.0000,4.7440,1.4087,16.1860,0.5491,-107.2473,-22.0357,-111.4058,-24.0652,-111.2059,-24.2424,-105.3375,-24.0909,-94.3084,-22.9505,-4.1585,-2.0295,-3.9586,-2.2067,1.9098,-2.0552,145,0.2200,145,0,0.9753,0.0213,0.0033,-2.9778,-2.4109,0.1907,-5.6857,-1.9163,0.0000,1,0.1123,0.1564,15.2286,-0.0013
15.4603,IMM-UKF,jink,0.500,10.00,0.150,1,0.600,1,8.1414,5.3703,-2.7711,1.0519,0.2496,0.1023,0.0574,6.0000,4.7440,1.4083,17.3523,0.5472,-107.1571,-21.9868,-111.4058,-24.0652,-111.2059,-24.2424,-105.1083,-24.1888,-93.9654,-23.2249,-4.2487,-2.0785,-4.0488,-2.2557,2.0488,-2.2021,145,0.2300,145,0,0.9753,0.0213,0.0033,-3.1192,-2.4411,0.1771,-5.6623,-1.9844,0.0000,1,0.1123,0.1564,15.2286,-0.0013
15.4703,IMM-UKF,jink,0.500,10.00,0.150,1,0.600,1,8.1619,5.6605,-2.5014,0.8958,0.2477,0.1010,0.0616,6.0000,5.1030,1.2952,8.3641,0.5455,-107.0739,-21.9410,-109.1523,-22.9909,-108.9729,-23.1551,-105.8111,-22.7088,-97.1038,-20.8058,-2.0784,-1.0499,-1.8990,-1.2142,1.2628,-0.7679,146,0.1500,146,0,0.9707,0.0246,0.0047,-3.2592,-2.4712,0.1636,-5.6381,-2.0522,0.0000,1,0.1123,0.1564,15.3195,-0.0013
15.4803,IMM-UKF,jink,0.500,10.00,0.150,1,0.600,1,8.1811,5.6511,-2.5300,0.9188,0.2477,0.1010,0.0639,6.0000,5.1030,1.2949,9.0944,0.5437,-106.9975,-21.8983,-109.1523,-22.9909,-108.9729,-23.1551,-105.6295,-22.7401,-96.8680,-20.9943,-2.1549,-1.0926,-1.9754,-1.2568,1.3680,-0.8419,146,0.1600,146,0,0.9707,0.0246,0.0047,-3.3977,-2.5011,0.1502,-5.6131,-2.1197,0.0000,1,0.1123,0.1564,15.3195,-0.0013
15.4903,IMM-UKF,jink,0.500,10.00,0.150,1,0.600,1,8.1989,5.6393,-2.5596,0.9426,0.2477,0.1010,0.0662,6.0000,5.1030,1.2947,9.8682,0.5421,-106.9277,-21.8586,-109.1523,-22.9909,-108.9729,-23.1551,-105.4485,-22.7792,-96.6229,-21.1915,-2.2246,-1.1323,-2.0452,-1.2965,1.4792,-0.9205,146,0.1700,146,0,0.9707,0.0246,0.0047,-3.5348,-2.5308,0.1368,-5.5872,-2.1869,0.0000,1,0.1123,0.1564,15.3195,-0.0013
15.5003,IMM-UKF,jink,0.500,10.00,0.150,1,0.600,1,8.2153,5.6251,-2.5902,0.9674,0.2477,0.1010,0.0683,6.0000,5.1030,1.2946,10.6863,0.5406,-106.8645,-21.8220,-109.1523,-22.9909,-108.9729,-23.1551,-105.2678,-22.8259,-96.3679,-21.3977,-2.2878,-1.1688,-2.1084,-1.3331,1.5967,-1.0038,146,0.1800,146,0,0.9707,0.0246,0.0047,-3.6705,-2.5605,0.1236,-5.5606,-2.2538,0.0000,1,0.1123,0.1564,15.3195,-0.0013
15.5103,IMM-UKF,jink,0.500,10.00,0.150,1,0.600,1,8.2303,5.6085,-2.6218,0.9930,0.2477,0.1010,0.0704,6.0000,5.1030,1.2945,11.5504,0.5392,-106.8078,-21.7885,-109.1523,-22.9909,-108.9729,-23.1551,-105.0870,-22.8802,-96.1022,-21.6134,-2.3446,-1.2024,-2.1651,-1.3667,1.7208,-1.0918,146,0.1900,146,0,0.9707,0.0246,0.0047,-3.8047,-2.5900,0.1105,-5.5332,-2.3204,0.0000,1,0.1123,0.1564,15.3195,-0.0013
15.5203,IMM-UKF,jink,0.500,10.00,0.150,1,0.600,1,8.2440,5.5896,-2.6544,1.0196,0.2477,0.1010,0.0724,6.0000,5.1030,1.2945,12.4615,0.5378,-106.7573,-21.7578,-109.1523,-22.9909,-108.9729,-23.1551,-104.9057,-22.9423,-95.8249,-21.8390,-2.3950,-1.2331,-2.2155,-1.3973,1.8517,-1.1845,146,0.2000,146,0,0.9707,0.0246,0.0047,-3.9375,-2.6194,0.0975,-5.5049,-2.3866,0.0000,1,0.1123,0.1564,15.3195,-0.0013
15.5303,IMM-UKF,jink,0.500,10.00,0.150,1,0.600,1,8.2563,5.5684,-2.6879,1.0470,0.2477,0.1010,0.0743,6.0000,5.1030,1.2946,13.4212,0.5366,-106.7132,-21.7301,-109.1523,-22.9909,-108.9729,-23.1551,-104.7235,-23.0121,-95.5351,-22.0749,-2.4391,-1.2608,-2.2597,-1.4250,1.9897,-1.2820,146,0.2100,146,0,0.9707,0.0246,0.0047,-4.0689,-2.6488,0.0845,-5.4759,-2.4525,0.0000,1,0.1123,0.1564,15.3195,-0.0013
15.5403,IMM-UKF,jink,0.500,10.00,0.150,1,0.600,1,8.2672,5.5450,-2.7222,1.0753,0.2477,0.1010,0.0762,6.0000,5.1030,1.2948,14.4313,0.5354,-106.6752,-21.7053,-109.1523,-22.9909,-108.9729,-23.1551,-104.5401,-23.0897,-95.2318,-22.3218,-2.4771,-1.2856,-2.2977,-1.4498,2.1351,-1.3844,146,0.2200,146,0,0.9707,0.0246,0.0047,-4.1990,-2.6780,0.0717,-5.4461,-2.5180,0.0000,1,0.1123,0.1564,15.3195,-0.0013
15.5503,IMM-UKF,jink,0.500,10.00,0.150,1,0.600,1,8.2768,5.5194,-2.7573,1.1045,0.2477,0.1010,0.0780,6.0000,5.1030,1.2950,15.4933,0.5344,-106.6433,-21.6834,-109.1523,-22.9909,-108.9729,-23.1551,-104.3550,-23.1751,-94.9140,-22.5800,-2.5090,-1.3075,-2.3295,-1.4717,2.2883,-1.4917,146,0.2300,146,0,0.9707,0.0246,0.0047,-4.3276,-2.7073,0.0590,-5.4154,-2.5832,0.0000,1,0.1123,0.1564,15.3195,-0.0013
15.5603,IMM-UKF,jink,0.500,10.00,0.150,1,0.600,1,8.2850,5.4917,-2.7933,1.1346,0.2477,0.1010,0.0798,6.0000,5.1030,1.2953,16.6091,0.5334,-106.6175,-21.6643,-109.1523,-22.9909,-108.9729,-23.1551,-104.1679,-23.2685,-94.5804,-22.8501,-2.5348,-1.3266,-2.3554,-1.4908,2.4496,-1.6042,146,0.2400,146,0,0.9707,0.0246,0.0047,-4.4549,-2.7365,0.0464,-5.3841,-2.6480,0.0000,1,0.0829,0.1403,15.3195,0.0013
15.5703,IMM-UKF,jink,0.500,10.00,0.150,1,0.600,1,8.2918,5.4618,-2.8300,1.1654,0.2477,0.1010,0.0815,6.0000,5.1030,1.2952,17.7800,0.5326,-106.5974,-21.6481,-109.1523,-22.9909,-108.9729,-23.1551,-103.9782,-23.3699,-94.2298,-23.1328,-2.5549,-1.3428,-2.3755,-1.5070,2.6192,-1.7218,146,0.2500,146,0,0.9707,0.0246,0.0047,-4.5808,-2.7656,0.0340,-5.3519,-2.7124,0.0000,1,0.0829,0.1403,15.3195,0.0013
15.5803,IMM-UKF,jink,0.500,10.00,0.150,1,0.600,1,8.2973,5.4299,-2.8675,1.1971,0.2477,0.1010,0.0833,6.0000,5.1030,1.2918,19.0048,0.5323,-106.5823,-21.6347,-109.1523,-22.9909,-108.9729,-23.1551,-103.7856,-23.4795,-93.8608,-23.4286,-2.5700,-1.3562,-2.3906,-1.5204,2.7967,-1.8448,146,0.2600,146,0,0.9707,0.0246,0.0047,-4.7054,-2.7948,0.0216,-5.3190,-2.7765,0.0000,1,0.0829,0.1403,15.3195,0.0013
15.5903,IMM-UKF,jink,0.500,10.00,0.150,1,0.600,1,8.3015,5.3959,-2.9056,1.2296,0.2477,0.1010,0.0851,6.0000,5.1030,1.2886,20.2900,0.5320,-106.5730,-21.6241,-109.1523,-22.9909,-108.9729,-23.1551,-103.5896,-23.5975,-93.4719,-23.7383,-2.5793,-1.3667,-2.3999,-1.5310,2.9835,-1.9733,146,0.2700,146,0,0.9707,0.0246,0.0047,-4.8286,-2.8240,0.0094,-5.2853,-2.8401,0.0000,1,0.0829,0.1403,15.3195,0.0013
15.6003,IMM-UKF,jink,0.500,10.00,0.150,1,0.600,1,8.3043,5.9150,-2.3893,1.0040,0.2472,0.1003,0.0874,6.0000,5.7878,0.3909,7.1753,0.5317,-106.5695,-21.6164,-107.3496,-22.0879,-107.3456,-22.1564,-105.3186,-21.9138,-99.6059,-20.7947,-0.7801,-0.4716,-0.7761,-0.5401,1.2510,-0.2974,147,0.1600,147,0,0.9727,0.0237,0.0036,-4.9505,-2.8532,-0.0027,-5.2508,-2.9033,0.0000,1,0.0829,0.1403,15.4389,0.0013
15.6103,IMM-UKF,jink,0.500,10.00,0.150,1,0.600,1,8.3057,5.8963,-2.4094,1.0279,0.2472,0.1003,0.0893,6.0000,5.7878,0.3902,7.8532,0.5310,-106.5727,-21.6114,-107.3496,-22.0879,-107.3456,-22.1564,-105.2075,-21.9514,-99.4330,-20.9818,-0.7770,-0.4765,-0.7730,-0.5450,1.3652,-0.3400,147,0.1700,147,0,0.9727,0.0237,0.0036,-5.0710,-2.8824,-0.0147,-5.2156,-2.9661,0.0000,1,0.0829,0.1403,15.4389,0.0013
15.6203,IMM-UKF,jink,0.500,10.00,0.150,1,0.600,1,8.3058,5.8755,-2.4303,1.0527,0.2472,0.1003,0.0912,6.0000,5.7878,0.3898,8.5722,0.5304,-106.5814,-21.6092,-107.3496,-22.0879,-107.3456,-22.1564,-105.0955,-21.9955,-99.2513,-21.1779,-0.7682,-0.4787,-0.7642,-0.5473,1.4859,-0.3863,147,0.1800,147,0,0.9727,0.0237,0.0036,-5.1903,-2.9117,-0.0266,-5.1796,-3.0285,0.0000,1,0.0829,0.1403,15.4389,0.0013
15.6303,IMM-UKF,jink,0.500,10.00,0.150,1,0.600,1,8.3046,5.8526,-2.4520,1.0783,0.2472,0.1003,0.0930,6.0000,5.7878,0.3893,9.3337,0.5297,-106.5957,-21.6098,-107.3496,-22.0879,-107.3456,-22.1564,-104.9824,-22.0459,-99.0600,-21.3833,-0.7539,-0.4782,-0.7499,-0.5467,1.6133,-0.4362,147,0.1900,147,0,0.9727,0.0237,0.0036,-5.3082,-2.9411,-0.0383,-5.1429,-3.0904,0.0000,1,0.0829,0.1403,15.4389,0.0013
15.6403,IMM-UKF,jink,0.500,10.00,0.150,1,0.600,1,8.3021,5.8276,-2.4744,1.1048,0.2472,0.1003,0.0948,6.0000,5.7878,0.3889,10.1393,0.5292,-106.6156,-21.6131,-107.3496,-22.0879,-107.3456,-22.1564,-104.8679,-22.1029,-98.8582,-21.5985,-0.7340,-0.4748,-0.7300,-0.5433,1.7478,-0.4898,147,0.2000,147,0,0.9727,0.0237,0.0036,-5.4248,-2.9705,-0.0499,-5.1054,-3.1519,0.0000,1,0.0829,0.1403,15.4389,0.0013
15.6503,IMM-UKF,jink,0.500,10.00,0.150,1,0.600,1,8.2982,5.8006,-2.4976,1.1321,0.2472,0.1003,0.0964,6.0000,5.7878,0.3886,10.9907,0.5288,-106.6411,-21.6192,-107.3496,-22.0879,-107.3456,-22.1564,-104.7516,-22.1663,-98.6453,-21.8240,-0.7085,-0.4687,-0.7045,-0.5372,1.8895,-0.5471,147,0.2100,147,0,0.9727,0.0237,0.0036,-5.5401,-3.0000,-0.0614,-5.0673,-3.2129,0.0000,1,0.0838,0.1408,15.4389,0.0013
15.6603,IMM-UKF,jink,0.500,10.00,0.150,1,0.600,1,8.2930,5.7716,-2.5214,1.1603,0.2472,0.1003,0.0981,6.0000,5.7878,0.3884,11.8893,0.5284,-106.6720,-21.6281,-107.3496,-22.0879,-107.3456,-22.1564,-104.6332,-22.2363,-98.4202,-22.0602,-0.6776,-0.4598,-0.6736,-0.5283,2.0389,-0.6082,147,0.2200,147,0,0.9727,0.0237,0.0036,-5.6541,-3.0297,-0.0728,-5.0283,-3.2735,0.0000,1,0.0838,0.1408,15.4389,0.0013
15.6703,IMM-UKF,jink,0.500,10.00,0.150,1,0.600,1,8.2865,5.7406,-2.5459,1.1893,0.2472,0.1003,0.0997,6.0000,5.7878,0.3882,12.8370,0.5281,-106.7084,-21.6398,-107.3496,-22.0879,-107.3456,-22.1564,-104.5123,-22.3130,-98.1819,-22.3078,-0.6412,-0.4481,-0.6372,-0.5166,2.1961,-0.6732,147,0.2300,147,0,0.9727,0.0237,0.0036,-5.7668,-3.0594,-0.0841,-4.9887,-3.3336,0.0000,1,0.0838,0.1408,15.4389,0.0013
15.6803,IMM-UKF,jink,0.500,10.00,0.150,1,0.600,1,8.2787,5.7077,-2.5710,1.2192,0.2472,0.1003,0.1012,6.0000,5.7878,0.3882,13.8355,0.5279,-106.7503,-21.6543,-107.3496,-22.0879,-107.3456,-22.1564,-104.3887,-22.3964,-97.9293,-22.5673,-0.5993,-0.4337,-0.5954,-0.5022,2.3616,-0.7422,147,0.2400,147,0,0.9727,0.0237,0.0036,-5.8783,-3.0893,-0.0952,-4.9483,-3.3932,0.0000,1,0.0838,0.1408,15.4389,0.0013
15.6903,IMM-UKF,jink,0.500,10.00,0.150,1,0.600,1,8.2696,5.6729,-2.5967,1.2499,0.2472,0.1003,0.1026,6.0000,5.7878,0.3882,14.8869,0.5278,-106.7976,-21.6715,-107.3496,-22.0879,-107.3456,-22.1564,-104.2619,-22.4867,-97.6612,-22.8393,-0.5521,-0.4164,-0.5481,-0.4849,2.5356,-0.8152,147,0.2500,147,0,0.9727,0.0237,0.0036,-5.9884,-3.1193,-0.1061,-4.9073,-3.4524,0.0000,1,0.0838,0.1408,15.4389,0.0013
15.7003,IMM-UKF,jink,0.500,10.00,0.150,1,0.600,1,8.2592,5.6363,-2.6229,1.2814,0.2472,0.1003,0.1040,6.0000,5.7878,0.3883,15.9933,0.5277,-106.8503,-21.6916,-107.3496,-22.0879,-107.3456,-22.1564,-104.1316,-22.5840,-97.3763,-23.1245,-0.4994,-0.3963,-0.4954,-0.4648,2.7186,-0.8924,147,0.2600,147,0,0.9727,0.0237,0.0036,-6.0973,-3.1495,-0.1170,-4.8655,-3.5110,0.0000,1,0.0838,0.1408,15.4389,0.0013
15.7103,IMM-UKF,jink,0.500,10.00,0.150,1,0.600,1,8.2475,5.8851,-2.3624,1.0419,0.2463,0.0994,0.1063,6.0000,6.1011,1.3520,7.3934,0.5277,-106.9083,-21.7145,-106.6175,-21.6643,-106.6038,-21.4396,-105.6457,-21.3306,-102.5228,-20.6872,0.2909,0.0502,0.3045,0.2749,1.2626,0.3839,148,0.1500,148,0,0.9749,0.0219,0.0033,-6.2050,-3.1799,-0.1277,-4.8230,-3.5691,0.0000,1,0.0838,0.1408,15.5616,0.0013
15.7203,IMM-UKF,jink,0.500,10.00,0.150,1,0.600,1,8.2345,5.8591,-2.3754,1.0644,0.2463,0.0994,0.1076,6.0000,6.1011,1.3519,8.0283,0.5277,-106.9718,-21.7403,-106.6175,-21.6643,-106.6038,-21.4396,-105.5863,-21.3664,-102.4037,-20.8775,0.3543,0.0760,0.3680,0.3007,1.3855,0.3739,148,0.1600,148,0,0.9749,0.0219,0.0033,-6.3114,-3.2104,-0.1383,-4.7798,-3.6267,0.0000,1,0.0838,0.1408,15.5616,0.0013
15.7303,IMM-UKF,jink,0.500,10.00,0.150,1,0.600,1,8.2202,5.8312,-2.3890,1.0878,0.2463,0.0994,0.1088,6.0000,6.1011,1.3517,8.7042,0.5279,-107.0407,-21.7689,-106.6175,-21.6643,-106.6038,-21.4396,-105.5252,-21.4079,-102.2754,-21.0776,0.4232,0.1046,0.4368,0.3293,1.5155,0.3610,148,0.1700,148,0,0.9749,0.0219,0.0033,-6.4165,-3.2412,-0.1488,-4.7360,-3.6838,0.0000,1,0.0838,0.1408,15.5616,0.0013
15.7403,IMM-UKF,jink,0.500,10.00,0.150,1,0.600,1,8.2047,5.8013,-2.4033,1.1121,0.2463,0.0994,0.1100,6.0000,6.1011,1.3515,9.4231,0.5281,-107.1149,-21.8004,-106.6175,-21.6643,-106.6038,-21.4396,-105.4621,-21.4554,-102.1373,-21.2882,0.4975,0.1361,0.5111,0.3608,1.6529,0.3451,148,0.1800,148,0,0.9749,0.0219,0.0033,-6.5204,-3.2721,-0.1591,-4.6914,-3.7404,0.0000,1,0.0803,0.1453,15.5616,-0.0010
15.7503,IMM-UKF,jink,0.500,10.00,0.150,1,0.600,1,8.1879,5.7696,-2.4182,1.1372,0.2463,0.0994,0.1111,6.0000,6.1011,1.3512,10.1870,0.5284,-107.1946,-21.8348,-106.6175,-21.6643,-106.6038,-21.4396,-105.3967,-21.5087,-101.9883,-21.5098,0.5772,0.1705,0.5908,0.3952,1.7979,0.3262,148,0.1900,148,0,0.9749,0.0219,0.0033,-6.6231,-3.3033,-0.1692,-4.6462,-3.7964,0.0000,1,0.0803,0.1453,15.5616,-0.0010
15.7603,IMM-UKF,jink,0.500,10.00,0.150,1,0.600,1,8.1698,5.7361,-2.4337,1.1631,0.2463,0.0994,0.1122,6.0000,6.1011,1.3508,10.9979,0.5287,-107.2797,-21.8722,-106.6175,-21.6643,-106.6038,-21.4396,-105.3288,-21.5680,-101.8275,-21.7430,0.6623,0.2079,0.6759,0.4326,1.9510,0.3042,148,0.2000,148,0,0.9749,0.0219,0.0033,-6.7245,-3.3347,-0.1793,-4.6003,-3.8519,0.0000,1,0.0803,0.1453,15.5616,-0.0010
15.7703,IMM-UKF,jink,0.500,10.00,0.150,1,0.600,1,8.1505,5.7008,-2.4497,1.1899,0.2463,0.0994,0.1133,6.0000,6.1011,1.3503,11.8579,0.5292,-107.3703,-21.9125,-106.6175,-21.6643,-106.6038,-21.4396,-105.2579,-21.6334,-101.6538,-21.9885,0.7528,0.2482,0.7664,0.4729,2.1123,0.2792,148,0.2100,148,0,0.9749,0.0219,0.0033,-6.8247,-3.3663,-0.1892,-4.5537,-3.9068,0.0000,1,0.0803,0.1453,15.5616,-0.0010
15.7803,IMM-UKF,jink,0.500,10.00,0.150,1,0.600,1,8.1299,5.6636,-2.4663,1.2175,0.2463,0.0994,0.1143,6.0000,6.1011,1.3498,12.7690,0.5297,-107.4662,-21.9559,-106.6175,-21.6643,-106.6038,-21.4396,-105.1839,-21.7049,-101.4661,-22.2471,0.8488,0.2915,0.8624,0.5162,2.2824,0.2510,148,0.2200,148,0,0.9749,0.0219,0.0033,-6.9237,-3.3982,-0.1989,-4.5065,-3.9612,0.0000,1,0.0803,0.1453,15.5616,-0.0010
15.7903,IMM-UKF,jink,0.500,10.00,0.150,1,0.600,1,8.1081,5.6248,-2.4833,1.2459,0.2463,0.0994,0.1152,6.0000,6.1011,1.3492,13.7335,0.5302,-107.5677,-22.0023,-106.6175,-21.6643,-106.6038,-21.4396,-105.1062,-21.7827,-101.2629,-22.5194,0.9502,0.3379,0.9638,0.5626,2.4615,0.2195,148,0.2300,148,0,0.9749,0.0219,0.0033,-7.0215,-3.4304,-0.2086,-4.4587,-4.0150,0.0000,1,0.0803,0.1453,15.5616,-0.0010
15.8003,IMM-UKF,jink,0.500,10.00,0.150,1,0.600,1,8.0851,5.6760,-2.4091,1.0499,0.2457,0.0986,0.1168,6.0000,6.1397,2.2674,5.7403,0.5309,-107.6746,-22.0517,-106.6411,-21.6192,-106.8481,-21.2903,-106.7727,-21.5832,-107.1185,-22.8420,1.0335,0.4325,0.8265,0.7614,0.9019,0.4685,149,0.1500,149,0,0.9663,0.0278,0.0059,-7.1180,-3.4628,-0.2180,-4.4102,-4.0682,0.0000,1,0.0803,0.1453,15.6516,-0.0010
15.8103,IMM-UKF,jink,0.500,10.00,0.150,1,0.600,1,8.0608,5.6418,-2.4190,1.0720,0.2457,0.0986,0.1176,6.0000,6.1397,2.2661,6.2578,0.5316,-107.7871,-22.1043,-106.6411,-21.6192,-106.8481,-21.2903,-106.7718,-21.6501,-107.0985,-23.1201,1.1460,0.4851,0.9390,0.8139,1.0153,0.4542,149,0.1600,149,0,0.9663,0.0278,0.0059,-7.2134,-3.4956,-0.2273,-4.3610,-4.1208,0.0000,1,0.0803,0.1453,15.6516,-0.0010
15.8203,IMM-UKF,jink,0.500,10.00,0.150,1,0.600,1,8.0354,5.6059,-2.4295,1.0950,0.2457,0.0986,0.1184,6.0000,6.1397,2.2647,6.8262,0.5323,-107.9051,-22.1600,-106.6411,-21.6192,-106.8481,-21.2903,-106.7688,-21.7232,-107.0709,-23.4138,1.2640,0.5408,1.0570,0.8697,1.1363,0.4368,149,0.1700,149,0,0.9663,0.0278,0.0059,-7.3075,-3.5286,-0.2365,-4.3113,-4.1729,0.0000,1,0.0803,0.1453,15.6516,-0.0010
15.8303,IMM-UKF,jink,0.500,10.00,0.150,1,0.600,1,8.0087,5.5682,-2.4405,1.1189,0.2457,0.0986,0.1192,6.0000,6.1397,2.2633,7.4472,0.5331,-108.0288,-22.2190,-106.6411,-21.6192,-106.8481,-21.2903,-106.7635,-21.8027,-107.0347,-23.7239,1.3877,0.5997,1.1806,0.9286,1.2652,0.4163,149,0.1800,149,0,0.9663,0.0278,0.0059,-7.4004,-3.5620,-0.2455,-4.2609,-4.2243,0.0000,1,0.1012,0.1542,15.6516,0.0018
15.8403,IMM-UKF,jink,0.500,10.00,0.150,1,0.600,1,7.9808,5.5289,-2.4520,1.1436,0.2457,0.0986,0.1199,6.0000,6.1397,2.2617,8.1226,0.5340,-108.1581,-22.2812,-106.6411,-21.6192,-106.8481,-21.2903,-106.7556,-21.8886,-106.9890,-24.0517,1.5169,0.6620,1.3099,0.9908,1.4024,0.3925,149,0.1900,149,0,0.9663,0.0278,0.0059,-7.4921,-3.5957,-0.2544,-4.2099,-4.2751,0.0000,1,0.1012,0.1542,15.6516,0.0018
15.8503,IMM-UKF,jink,0.500,10.00,0.150,1,0.600,1,7.9518,5.4878,-2.4639,1.1692,0.2457,0.0986,0.1206,6.0000,6.1397,2.2601,8.8543,0.5350,-108.2930,-22.3467,-106.6411,-21.6192,-106.8481,-21.2903,-106.7447,-21.9812,-106.9327,-24.3984,1.6519,0.7275,1.4449,1.0564,1.5483,0.3654,149,0.2000,149,0,0.9663,0.0278,0.0059,-7.5827,-3.6298,-0.2631,-4.1583,-4.3253,0.0000,1,0.1012,0.1542,15.6516,0.0018
15.8603,IMM-UKF,jink,0.500,10.00,0.150,1,0.600,1,7.9215,5.4452,-2.4763,1.1956,0.2457,0.0986,0.1213,6.0000,6.1397,2.2585,9.6437,0.5361,-108.4338,-22.4156,-106.6411,-21.6192,-106.8481,-21.2903,-106.7305,-22.0807,-106.8646,-24.7652,1.7927,0.7964,1.5856,1.1253,1.7032,0.3349,149,0.2100,149,0,0.9663,0.0278,0.0059,-7.6720,-3.6642,-0.2716,-4.1061,-4.3749,0.0000,1,0.1012,0.1542,15.6516,0.0018
15.8703,IMM-UKF,jink,0.500,10.00,0.150,1,0.600,1,7.8901,5.4010,-2.4891,1.2228,0.2457,0.0986,0.1219,6.0000,6.1397,2.2568,10.4930,0.5371,-108.5803,-22.4879,-106.6411,-21.6192,-106.8481,-21.2903,-106.7127,-22.1871,-106.7833,-25.1538,1.9392,0.8687,1.7321,1.1976,1.8676,0.3009,149,0.2200,149,0,0.9663,0.0278,0.0059,-7.7601,-3.6990,-0.2799,-4.0533,-4.4239,0.0000,1,0.1012,0.1542,15.6516,0.0018
15.8803,IMM-UKF,jink,0.500,10.00,0.150,1,0.600,1,7.8575,5.3552,-2.5024,1.2509,0.2457,0.0986,0.1224,6.0000,6.1397,2.2551,11.4043,0.5383,-108.7327,-22.5637,-106.6411,-21.6192,-106.8481,-21.2903,-106.6908,-22.3007,-106.6873,-25.5656,2.0916,0.9445,1.8846,1.2734,2.0419,0.2631,149,0.2300,149,0,0.9663,0.0278,0.0059,-7.8470,-3.7342,-0.2881,-3.9999,-4.4722,0.0000,1,0.1012,0.1542,15.6516,0.0018
15.8903,IMM-UKF,jink,0.500,10.00,0.150,1,0.600,1,7.8238,5.3937,-2.4301,1.0328,0.2453,0.0982,0.1233,6.0000,6.1207,2.6482,9.6561,0.5396,-108.8911,-22.6431,-107.1149,-21.8004,-107.0270,-21.3639,-107.2509,-22.0923,-108.7096,-25.6978,1.7761,0.8427,1.8641,1.2792,1.6402,0.5509,150,0.1500,150,0,0.9673,0.0274,0.0053,-7.9328,-3.7698,-0.2961,-3.9460,-4.5199,0.0000,1,0.1012,0.1542,15.7393,0.0018
15.9003,IMM-UKF,jink,0.500,10.00,0.150,1,0.600,1,7.7889,5.3520,-2.4369,1.0546,0.2453,0.0982,0.1238,6.0000,6.1207,2.6471,10.4552,0.5408,-109.0554,-22.7261,-107.1149,-21.8004,-107.0270,-21.3639,-107.2549,-22.1933,-108.6764,-26.1107,1.9405,0.9257,2.0285,1.3623,1.8005,0.5328,150,0.1600,150,0,0.9673,0.0274,0.0053,-8.0173,-3.8057,-0.3039,-3.8915,-4.5669,0.0000,1,0.1012,0.1542,15.7393,0.0018
15.9103,IMM-UKF,jink,0.500,10.00,0.150,1,0.600,1,7.7529,5.3087,-2.4442,1.0774,0.2453,0.0982,0.1242,6.0000,6.1207,2.6460,11.3119,0.5422,-109.2258,-22.8129,-107.1149,-21.8004,-107.0270,-21.3639,-107.2554,-22.3015,-108.6303,-26.5491,2.1109,1.0125,2.1989,1.4490,1.9705,0.5114,150,0.1700,150,0,0.9673,0.0274,0.0053,-8.1007,-3.8421,-0.3115,-3.8364,-4.6133,0.0000,1,0.1012,0.1542,15.7393,0.0018
15.9203,IMM-UKF,jink,0.500,10.00,0.150,1,0.600,1,7.7158,5.2639,-2.4519,1.1010,0.2453,0.0982,0.1247,6.0000,6.1207,2.6448,12.2290,0.5436,-109.4025,-22.9034,-107.1149,-21.8004,-107.0270,-21.3639,-107.2518,-22.4170,-108.5699,-27.0148,2.2875,1.1030,2.3755,1.5395,2.1506,0.4864,150,0.1800,150,0,0.9673,0.0274,0.0053,-8.1829,-3.8790,-0.3189,-3.7807,-4.6590,0.0000,1,0.1012,0.1542,15.7393,0.0018
15.9303,IMM-UKF,jink,0.500,10.00,0.150,1,0.600,1,7.6776,5.2176,-2.4599,1.1254,0.2453,0.0982,0.1250,6.0000,6.1207,2.6435,13.2092,0.5451,-109.5854,-22.9978,-107.1149,-21.8004,-107.0270,-21.3639,-107.2439,-22.5402,-108.4933,-27.5102,2.4704,1.1974,2.5584,1.6340,2.3415,0.4576,150,0.1900,150,0,0.9673,0.0274,0.0053,-8.2638,-3.9163,-0.3261,-3.7246,-4.7040,0.0000,1,0.1012,0.1542,15.7393,0.0018
15.9403,IMM-UKF,jink,0.500,10.00,0.150,1,0.600,1,7.6383,5.1699,-2.4684,1.1508,0.2453,0.0982,0.1254,6.0000,6.1207,2.6421,14.2549,0.5467,-109.7745,-23.0962,-107.1149,-21.8004,-107.0270,-21.3639,-107.2310,-22.6713,-108.3984,-28.0376,2.6596,1.2958,2.7475,1.7324,2.5435,0.4249,150,0.2000,150,0,0.9673,0.0274,0.0053,-8.3436,-3.9540,-0.3330,-3.6678,-4.7484,0.0000,1,0.0881,0.1532,15.7393,0.0014
15.9503,IMM-UKF,jink,0.500,10.00,0.150,1,0.600,1,7.5978,5.1207,-2.4771,1.1770,0.2453,0.0982,0.1259,6.0000,6.1207,2.6399,15.3659,0.5485,-109.9695,-23.1987,-107.1149,-21.8004,-107.0270,-21.3639,-107.2128,-22.8107,-108.2829,-28.5999,2.8545,1.3983,2.9425,1.8348,2.7566,0.3880,150,0.2100,150,0,0.9673,0.0274,0.0053,-8.4222,-3.9922,-0.3397,-3.6106,-4.7920,0.0000,1,0.0881,0.1532,15.7393,0.0014
15.9603,IMM-UKF,jink,0.500,10.00,0.150,1,0.600,1,7.5563,5.0702,-2.4862,1.2041,0.2453,0.0982,0.1264,6.0000,6.1207,2.6377,16.5493,0.5503,-110.1710,-23.3053,-107.1149,-21.8004,-107.0270,-21.3639,-107.1888,-22.9586,-108.1439,-29.2000,3.0561,1.5049,3.1440,1.9414,2.9822,0.3467,150,0.2200,150,0,0.9673,0.0274,0.0053,-8.4996,-4.0310,-0.3461,-3.5528,-4.8350,0.0000,1,0.0881,0.1532,15.7393,0.0014
15.9703,IMM-UKF,jink,0.500,10.00,0.150,1,0.600,1,7.5138,5.0182,-2.4955,1.2320,0.2453,0.0982,0.1268,6.0000,6.1207,2.6355,17.8086,0.5521,-110.3792,-23.4162,-107.1149,-21.8004,-107.0270,-21.3639,-107.1582,-23.1155,-107.9785,-29.8414,3.2643,1.6158,3.3522,2.0524,3.2210,0.3008,150,0.2300,150,0,0.9673,0.0274,0.0053,-8.5758,-4.0702,-0.3522,-3.4946,-4.8773,0.0000,1,0.0881,0.1532,15.7393,0.0014
15.9803,IMM-UKF,jink,0.500,10.00,0.150,1,0.600,1,7.4702,4.9650,-2.5051,1.2608,0.2453,0.0982,0.1273,6.0000,6.1207,2.6333,19.1478,0.5540,-110.5943,-23.5316,-107.1149,-21.8004,-107.0270,-21.3639,-107.1207,-23.2817,-107.7829,-30.5279,3.4793,1.7311,3.5673,2.1677,3.4736,0.2498,150,0.2400,150,0,0.9673,0.0274,0.0053,-8.6508,-4.1099,-0.3580,-3.4358,-4.9189,0.0000,1,0.0881,0.1532,15.7393,0.0014
15.9903,IMM-UKF,jink,0.500,10.00,0.150,1,0.600,1,7.4255,5.0551,-2.3704,1.0128,0.2453,0.0979,0.1276,6.0000,6.1022,1.5582,12.6081,0.5559,-110.8163,-23.6514,-108.0288,-22.2190,-107.7496,-22.1838,-108.5796,-24.1583,-114.0301,-35.0050,2.7875,1.4324,3.0667,1.4676,2.2367,-0.5068,151,0.1600,151,0,0.9671,0.0277,0.0052,-8.7246,-4.1502,-0.3634,-3.3765,-4.9598,0.0000,1,0.0881,0.1532,15.8321,0.0014
16.0003,IMM-UKF,jink,0.500,10.00,0.150,1,0.600,1,7.3799,5.0072,-2.3727,1.0348,0.2453,0.0979,0.1281,6.0000,6.1022,1.5579,13.7497,0.5576,-111.0459,-23.7759,-108.0288,-22.2190,-107.7496,-22.1838,-108.6126,-24.3603,-114.1075,-35.8371,3.0171,1.5569,3.2963,1.5921,2.4333,-0.5843,151,0.1700,151,0,0.9671,0.0277,0.0052,-8.7972,-4.1910,-0.3684,-3.3168,-4.9999,0.0000,1,0.0881,0.1532,15.8321,0.0014
16.0103,IMM-UKF,jink,0.500,10.00,0.150,1,0.600,1,7.3332,4.9579,-2.3752,1.0578,0.2453,0.0979,0.1286,6.0000,6.1022,1.5588,14.9667,0.5594,-111.2829,-23.9052,-108.0288,-22.2190,-107.7496,-22.1838,-108.6404,-24.5730,-114.1718,-36.7240,3.2541,1.6862,3.5333,1.7214,2.6425,-0.6678,151,0.1800,151,0,0.9671,0.0277,0.0052,-8.8686,-4.2324,-0.3730,-3.2565,-5.0394,0.0000,1,0.0881,0.1532,15.8321,0.0014
16.0203,IMM-UKF,jink,0.500,10.00,0.150,1,0.600,1,7.2855,4.9075,-2.3780,1.0816,0.2453,0.0979,0.1291,6.0000,6.1022,1.5597,16.2624,0.5612,-111.5273,-24.0394,-108.0288,-22.2190,-107.7496,-22.1838,-108.6623,-24.7972,-114.2208,-37.6707,3.4986,1.8205,3.7777,1.8556,2.8650,-0.7577,151,0.1900,151,0,0.9671,0.0277,0.0052,-8.9387,-4.2743,-0.3770,-3.1958,-5.0781,0.0000,1,0.0881,0.1532,15.8321,0.0014
16.0303,IMM-UKF,jink,0.500,10.00,0.150,1,0.600,1,7.2368,4.8558,-2.3810,1.1063,0.2453,0.0979,0.1295,6.0000,6.1022,1.5607,17.6413,0.5631,-111.7793,-24.1788,-108.0288,-22.2190,-107.7496,-22.1838,-108.6779,-25.0335,-114.2517,-38.6829,3.7505,1.9598,4.0297,1.9949,3.1014,-0.8548,151,0.2000,151,0,0.9671,0.0277,0.0052,-9.0077,-4.3169,-0.3804,-3.1346,-5.1161,0.0000,1,0.0901,0.1522,15.8321,0.0007
16.0403,IMM-UKF,jink,0.500,10.00,0.150,1,0.600,1,7.1872,4.8030,-2.3842,1.1319,0.2453,0.0979,0.1299,6.0000,6.1022,1.5616,19.1085,0.5650,-112.0390,-24.3234,-108.0288,-22.2190,-107.7496,-22.1838,-108.6863,-25.2830,-114.2613,-39.7672,4.0103,2.1044,4.2894,2.1396,3.3527,-0.9596,151,0.2100,151,0,0.9671,0.0277,0.0052,-9.0754,-4.3601,-0.3830,-3.0730,-5.1533,0.0000,1,0.0901,0.1522,15.8321,0.0007
16.0503,IMM-UKF,jink,0.500,10.00,0.150,1,0.600,1,7.1367,4.7492,-2.3875,1.1584,0.2453,0.0979,0.1303,6.0000,6.1022,1.5626,20.6705,0.5669,-112.3067,-24.4735,-108.0288,-22.2190,-107.7496,-22.1838,-108.6870,-25.5468,-114.2455,-40.9313,4.2779,2.2545,4.5571,2.2897,3.6197,-1.0733,151,0.2200,151,0,0.9671,0.0277,0.0052,-9.1420,-4.4039,-0.3846,-3.0110,-5.1898,0.0000,1,0.0901,0.1522,15.8321,0.0007
16.0603,IMM-UKF,jink,0.500,10.00,0.150,1,0.600,1,7.0852,4.6944,-2.3908,1.1857,0.2453,0.0979,0.1306,6.0000,6.1022,1.5635,22.3339,0.5689,-112.5824,-24.6294,-108.0288,-22.2190,-107.7496,-22.1838,-108.6792,-25.8266,-114.1997,-42.1844,4.5537,2.4104,4.8329,2.4455,3.9033,-1.1972,151,0.2300,151,0,0.9671,0.0277,0.0052,-9.2072,-4.4483,-0.3849,-2.9485,-5.2256,0.0000,1,0.0901,0.1522,15.8321,0.0007
16.0703,IMM-UKF,jink,0.500,10.00,0.150,1,0.600,1,7.0328,4.6387,-2.3941,1.2139,0.2453,0.0979,0.1309,6.0000,6.1022,1.5644,24.1081,0.5709,-112.8665,-24.7913,-108.0288,-22.2190,-107.7496,-22.1838,-108.6619,-26.1247,-114.1180,-43.5387,4.8378,2.5723,5.1170,2.6074,4.2047,-1.3335,151,0.2400,151,0,0.9671,0.0277,0.0052,-9.2713,-4.4934,-0.3834,-2.8856,-5.2606,0.0000,1,0.0901,0.1522,15.8321,0.0007
16.0803,IMM-UKF,jink,0.500,10.00,0.150,1,0.600,1,6.9795,4.5824,-2.3971,1.2430,0.2453,0.0979,0.1312,6.0000,6.1022,1.5654,26.0054,0.5730,-113.1592,-24.9595,-108.0288,-22.2190,-107.7496,-22.1838,-108.6343,-26.4449,-113.9933,-45.0109,5.1304,2.7405,5.4096,2.7757,4.5249,-1.4854,151,0.2500,151,0,0.9671,0.0277,0.0052,-9.3341,-4.5391,-0.3792,-2.8222,-5.2948,0.0000,1,0.0901,0.1522,15.8321,0.0007
16.0903,IMM-UKF,jink,0.500,10.00,0.150,1,0.600,1,6.9255,4.5257,-2.3997,1.2728,0.2453,0.0979,0.1315,6.0000,6.1022,1.5663,28.0453,0.5750,-113.4606,-25.1346,-108.0288,-22.2190,-107.7496,-22.1838,-108.5955,-26.7944,-113.8170,-46.6286,5.4319,2.9157,5.7111,2.9508,4.8651,-1.6598,151,0.2600,151,0,0.9671,0.0277,0.0052,-9.3955,-4.5855,-0.3703,-2.7585,-5.3283,0.0000,1,0.0901,0.1522,15.8321,0.0007
16.1003,IMM-UKF,jink,0.500,10.00,0.150,1,0.600,1,6.8706,4.6153,-2.2553,0.9503,0.2444,0.0974,0.1326,6.0000,6.4653,1.2539,8.6100,0.5771,-113.7711,-25.3176,-109.7745,-23.0962,-109.8668,-23.2826,-112.4565,-26.1349,-133.4974,-42.2341,3.9966,2.2213,3.9043,2.0349,1.3147,-0.8174,152,0.1600,152,0,0.9678,0.0278,0.0044,-9.4551,-4.6323,-0.3516,-2.6943,-5.3610,0.0000,1,0.0901,0.1522,15.9416,0.0007
16.1103,IMM-UKF,jink,0.500,10.00,0.150,1,0.600,1,6.8152,4.5687,-2.2465,0.9722,0.2444,0.0974,0.1328,6.0000,6.4653,1.2553,9.9312,0.5792,-114.0910,-25.5110,-109.7745,-23.0962,-109.8668,-23.2826,-112.6168,-26.5108,-134.4343,-43.8855,4.3165,2.4148,4.2242,2.2284,1.4742,-0.9997,152,0.1700,152,0,0.9678,0.0278,0.0044,-9.5075,-4.6761,-0.2963,-2.6298,-5.3930,0.0000,1,0.0901,0.1522,15.9416,0.0007
16.1203,IMM-UKF,jink,0.500,10.00,0.150,1,0.600,1,6.7622,4.5720,-2.1901,0.9951,0.2444,0.0974,0.1330,6.0000,6.4653,1.2566,10.1901,0.5810,-114.4243,-25.7082,-109.7745,-23.0962,-109.8668,-23.2826,-112.8932,-26.7148,-134.1788,-43.2980,4.6497,2.6120,4.5574,2.4256,1.5311,-1.0066,152,0.1800,152,0,0.9678,0.0278,0.0044,-9.3094,-4.5640,-0.1929,-2.5649,-5.4241,0.0000,1,0.0901,0.1522,15.9416,0.0007
16.1303,IMM-UKF,jink,0.500,10.00,0.150,1,0.600,1,6.7113,4.5780,-2.1333,1.0189,0.2444,0.0974,0.1332,6.0000,6.4653,1.2578,9.8939,0.5828,-114.7713,-25.9031,-109.7745,-23.0962,-109.8668,-23.2826,-113.1896,-26.7541,-133.8767,-41.9122,4.9968,2.8068,4.9045,2.6204,1.5818,-0.8510,152,0.1900,152,0,0.9678,0.0278,0.0044,-9.0954,-4.4400,-0.1564,-2.4996,-5.4545,0.0000,1,0.0894,0.1457,15.9416,-0.0010
16.1403,IMM-UKF,jink,0.500,10.00,0.150,1,0.600,1,6.6627,4.5879,-2.0748,1.0437,0.2444,0.0974,0.1334,6.0000,6.4653,1.2588,9.5836,0.5844,-115.1322,-26.0943,-109.7745,-23.0962,-109.8668,-23.2826,-113.4976,-26.7442,-133.5971,-40.4437,5.3577,2.9981,5.2654,2.8117,1.6346,-0.6499,152,0.2000,152,0,0.9678,0.0278,0.0044,-8.8808,-4.3140,-0.1323,-2.4340,-5.4841,0.0000,1,0.0894,0.1457,15.9416,-0.0010
16.1503,IMM-UKF,jink,0.500,10.00,0.150,1,0.600,1,6.6162,4.6021,-2.0141,1.0694,0.2444,0.0974,0.1335,6.0000,6.4653,1.2598,9.3929,0.5860,-115.5071,-26.2812,-109.7745,-23.0962,-109.8668,-23.2826,-113.8164,-26.6988,-133.3427,-38.9744,5.7326,3.1849,5.6403,2.9985,1.6907,-0.4176,152,0.2100,152,0,0.9678,0.0278,0.0044,-8.6666,-4.1866,-0.1134,-2.3680,-5.5129,0.0000,1,0.0894,0.1457,15.9416,-0.0010
16.1603,IMM-UKF,jink,0.500,10.00,0.150,1,0.600,1,6.5719,4.6208,-1.9511,1.0961,0.2444,0.0974,0.1336,6.0000,6.4653,1.2607,9.4202,0.5874,-115.8960,-26.4631,-109.7745,-23.0962,-109.8668,-23.2826,-114.1452,-26.6224,-133.1131,-37.5308,6.1215,3.3668,6.0292,3.1804,1.7508,-0.1593,152,0.2200,152,0,0.9678,0.0278,0.0044,-8.4528,-4.0580,-0.0975,-2.3017,-5.5410,0.0000,1,0.0894,0.1457,15.9416,-0.0010
16.1703,IMM-UKF,jink,0.500,10.00,0.150,1,0.600,1,6.5298,4.6439,-1.8859,1.1236,0.2444,0.0974,0.1337,6.0000,6.4653,1.2615,9.7429,0.5888,-116.2989,-26.6396,-109.7745,-23.0962,-109.8668,-23.2826,-114.4834,-26.5173,-132.9075,-36.1248,6.5243,3.5433,6.4320,3.3569,1.8155,0.1223,152,0.2300,152,0,0.9678,0.0278,0.0044,-8.2397,-3.9280,-0.0835,-2.2351,-5.5682,0.0000,1,0.0894,0.1457,15.9416,-0.0010
16.1803,IMM-UKF,jink,0.500,10.00,0.150,1,0.600,1,6.4899,4.6716,-1.8182,1.1521,0.2444,0.0974,0.1338,6.0000,6.4653,1.2623,10.4044,0.5900,-116.7157,-26.8101,-109.7745,-23.0962,-109.8668,-23.2826,-114.8302,-26.3850,-132.7246,-34.7631,6.9411,3.7139,6.8488,3.5275,1.8854,0.4251,152,0.2400,152,0,0.9678,0.0278,0.0044,-8.0273,-3.7967,-0.0709,-2.1681,-5.5946,0.0000,1,0.0894,0.1457,15.9416,-0.0010
16.1903,IMM-UKF,jink,0.500,10.00,0.150,1,0.600,1,6.4521,4.4098,-2.0423,0.8723,0.2420,0.0966,0.1363,6.0000,6.5686,1.9407,9.9480,0.5912,-117.1464,-26.9744,-111.7793,-24.1788,-112.1004,-24.0287,-116.7199,-25.3567,-139.3478,-29.0346,5.3671,2.7957,5.0459,2.9458,0.4265,1.6177,153,0.1600,153,0,0.9679,0.0272,0.0049,-7.8157,-3.6641,-0.0593,-2.1008,-5.6202,0.0000,1,0.0894,0.1457,16.0310,-0.0010
16.2003,IMM-UKF,jink,0.500,10.00,0.150,1,0.600,1,6.4165,4.4251,-1.9914,0.8943,0.2420,0.0966,0.1364,6.0000,6.5686,1.9394,11.6864,0.5923,-117.5909,-27.1319,-111.7793,-24.1788,-112.1004,-24.0287,-117.1120,-25.2272,-139.0218,-27.9343,5.8115,2.9532,5.4904,3.1033,0.4789,1.9048,153,0.1700,153,0,0.9679,0.0272,0.0049,-7.6049,-3.5301,-0.0485,-2.0332,-5.6450,0.0000,1,0.0894,0.1457,16.0310,-0.0010
16.2103,IMM-UKF,jink,0.500,10.00,0.150,1,0.600,1,6.3831,4.4451,-1.9380,0.9173,0.2420,0.0966,0.1364,6.0000,6.5686,1.9380,13.5457,0.5932,-118.0490,-27.2823,-111.7793,-24.1788,-112.1004,-24.0287,-117.5107,-25.0715,-138.7187,-26.8720,6.2697,3.1036,5.9486,3.2537,0.5383,2.2108,153,0.1800,153,0,0.9679,0.0272,0.0049,-7.3950,-3.3948,-0.0384,-1.9653,-5.6690,0.0000,1,0.0894,0.1457,16.0310,-0.0010
16.2203,IMM-UKF,jink,0.500,10.00,0.150,1,0.600,1,6.3519,4.4698,-1.8820,0.9412,0.2420,0.0966,0.1365,6.0000,6.5686,1.9368,15.5192,0.5941,-118.5207,-27.4252,-111.7793,-24.1788,-112.1004,-24.0287,-117.9153,-24.8906,-138.4380,-25.8488,6.7414,3.2465,6.4203,3.3966,0.6054,2.5347,153,0.1900,153,0,0.9679,0.0272,0.0049,-7.1859,-3.2581,-0.0289,-1.8971,-5.6922,0.0000,1,0.1123,0.1530,16.0310,0.0001
16.2303,IMM-UKF,jink,0.500,10.00,0.150,1,0.600,1,6.3228,4.4993,-1.8235,0.9662,0.2420,0.0966,0.1365,6.0000,6.5686,1.9356,17.6000,0.5949,-119.0056,-27.5602,-111.7793,-24.1788,-112.1004,-24.0287,-118.3249,-24.6853,-138.1792,-24.8651,7.2263,3.3815,6.9052,3.5316,0.6807,2.8750,153,0.2000,153,0,0.9679,0.0272,0.0049,-6.9777,-3.1199,-0.0199,-1.8287,-5.7145,0.0000,1,0.1123,0.1530,16.0310,0.0001
16.2403,IMM-UKF,jink,0.500,10.00,0.150,1,0.600,1,6.2960,4.5336,-1.7624,0.9921,0.2420,0.0966,0.1366,6.0000,6.5686,1.9345,19.7804,0.5956,-119.5036,-27.6870,-111.7793,-24.1788,-112.1004,-24.0287,-118.7387,-24.4567,-137.9419,-23.9209,7.7243,3.5082,7.4032,3.6583,0.7649,3.2303,153,0.2100,153,0,0.9679,0.0272,0.0049,-6.7705,-2.9803,-0.0113,-1.7600,-5.7361,0.0000,1,0.1123,0.1530,16.0310,0.0001
16.2503,IMM-UKF,jink,0.500,10.00,0.150,1,0.600,1,6.2714,4.5727,-1.6987,1.0189,0.2420,0.0966,0.1366,6.0000,6.5686,1.9335,22.0523,0.5963,-120.0144,-27.8051,-111.7793,-24.1788,-112.1004,-24.0287,-119.1560,-24.2060,-137.7255,-23.0158,8.2351,3.6264,7.9139,3.7765,0.8584,3.5991,153,0.2200,153,0,0.9679,0.0272,0.0049,-6.5643,-2.8392,-0.0030,-1.6910,-5.7568,0.0000,1,0.1123,0.1530,16.0310,0.0001
16.2603,IMM-UKF,jink,0.500,10.00,0.150,1,0.600,1,6.2490,4.6166,-1.6324,1.0466,0.2420,0.0966,0.1366,6.0000,6.5686,1.9325,24.4046,0.5969,-120.5376,-27.9144,-111.7793,-24.1788,-112.1004,-24.0287,-119.5757,-23.9351,-137.5304,-22.1507,8.7583,3.7356,8.4372,3.8857,0.9619,3.9793,153,0.2300,153,0,0.9679,0.0272,0.0049,-6.3595,-2.6969,0.0048,-1.6218,-5.7766,0.0000,1,0.1123,0.1530,16.0310,0.0001
16.2703,IMM-UKF,jink,0.500,10.00,0.150,1,0.600,1,6.2288,4.6647,-1.5641,1.0752,0.2420,0.0966,0.1366,6.0000,6.5686,1.9317,26.8157,0.5974,-121.0729,-28.0145,-111.7793,-24.1788,-112.1004,-24.0287,-119.9967,-23.6477,-137.3602,-21.3307,9.2936,3.8357,8.9725,3.9858,1.0763,4.3668,153,0.2400,153,0,0.9679,0.0272,0.0049,-6.1579,-2.5546,0.0123,-1.5524,-5.7957,0.0000,1,0.1123,0.1530,16.0310,0.0001
16.2803,IMM-UKF,jink,0.500,10.00,0.150,1,0.600,1,6.2108,4.2817,-1.9291,0.7765,0.2415,0.0970,0.1372,6.0000,6.4122,1.2592,14.9851,0.5978,-121.6199,-28.1053,-114.7713,-25.9031,-115.0058,-25.8720,-121.1176,-25.6425,-141.6457,-23.1795,6.8486,2.2022,6.6142,2.2332,0.5024,2.4627,154,0.1500,154,0,0.9751,0.0217,0.0033,-5.9596,-2.4123,0.0194,-1.4827,-5.8139,0.0000,1,0.1123,0.1530,16.1293,0.0001
16.2903,IMM-UKF,jink,0.500,10.00,0.150,1,0.600,1,6.1949,4.3143,-1.8807,0.7975,0.2415,0.0970,0.1372,6.0000,6.4122,1.2586,16.9183,0.5982,-122.1782,-28.1866,-114.7713,-25.9031,-115.0058,-25.8720,-121.5813,-25.4117,-141.4304,-22.3923,7.4069,2.2835,7.1724,2.3145,0.5969,2.7749,154,0.1600,154,0,0.9751,0.0217,0.0033,-5.7644,-2.2699,0.0262,-1.4129,-5.8313,0.0000,1,0.1123,0.1530,16.1293,0.0001
16.3003,IMM-UKF,jink,0.500,10.00,0.150,1,0.600,1,6.1812,4.3511,-1.8301,0.8196,0.2415,0.0970,0.1372,6.0000,6.4122,1.2579,18.9338,0.5985,-122.7473,-28.2582,-114.7713,-25.9031,-115.0058,-25.8720,-122.0456,-25.1595,-141.2368,-21.6398,7.9760,2.3552,7.7415,2.3862,0.7018,3.0988,154,0.1700,154,0,0.9751,0.0217,0.0033,-5.5725,-2.1275,0.0327,-1.3428,-5.8478,0.0000,1,0.1123,0.1530,16.1293,0.0001
16.3103,IMM-UKF,jink,0.500,10.00,0.150,1,0.600,1,6.1697,4.3922,-1.7775,0.8427,0.2415,0.0970,0.1372,6.0000,6.4122,1.2574,21.0231,0.5987,-123.3267,-28.3201,-114.7713,-25.9031,-115.0058,-25.8720,-122.5095,-24.8875,-141.0639,-20.9205,8.5554,2.4171,8.3209,2.4481,0.8172,3.4326,154,0.1800,154,0,0.9751,0.0217,0.0033,-5.3838,-1.9851,0.0388,-1.2725,-5.8635,0.0000,1,0.1123,0.1530,16.1293,0.0001
16.3203,IMM-UKF,jink,0.500,10.00,0.150,1,0.600,1,6.1603,4.4374,-1.7229,0.8669,0.2415,0.0970,0.1372,6.0000,6.4122,1.2569,23.1772,0.5989,-123.9158,-28.3721,-114.7713,-25.9031,-115.0058,-25.8720,-122.9723,-24.5974,-140.9106,-20.2331,9.1445,2.4691,8.9101,2.5001,0.9435,3.7747,154,0.1900,154,0,0.9751,0.0217,0.0033,-5.1982,-1.8428,0.0447,-1.2021,-5.8784,0.0000,1,0.1123,0.1530,16.1293,0.0001
16.3303,IMM-UKF,jink,0.500,10.00,0.150,1,0.600,1,6.1530,4.4868,-1.6662,0.8920,0.2415,0.0970,0.1372,6.0000,6.4122,1.2564,25.3873,0.5990,-124.5143,-28.4142,-114.7713,-25.9031,-115.0058,-25.8720,-123.4333,-24.2908,-140.7759,-19.5764,9.7430,2.5111,9.5085,2.5422,1.0809,4.1234,154,0.2000,154,0,0.9751,0.0217,0.0033,-5.0159,-1.7003,0.0504,-1.1315,-5.8924,0.0000,1,0.1123,0.1530,16.1293,0.0001
16.3403,IMM-UKF,jink,0.500,10.00,0.150,1,0.600,1,6.1479,4.5403,-1.6076,0.9181,0.2415,0.0970,0.1372,6.0000,6.4122,1.2561,27.6448,0.5991,-125.1214,-28.4462,-114.7713,-25.9031,-115.0058,-25.8720,-123.8919,-23.9695,-140.6590,-18.9489,10.3501,2.5432,10.1156,2.5742,1.2295,4.4767,154,0.2100,154,0,0.9751,0.0217,0.0033,-4.8367,-1.5579,0.0557,-1.0607,-5.9055,0.0000,1,0.1198,0.1533,16.1293,0.0016
16.3503,IMM-UKF,jink,0.500,10.00,0.150,1,0.600,1,6.1448,4.5978,-1.5470,0.9452,0.2415,0.0970,0.1372,6.0000,6.4122,1.2557,29.9411,0.5991,-125.7367,-28.4682,-114.7713,-25.9031,-115.0058,-25.8720,-124.3474,-23.6350,-140.5591,-18.3494,10.9654,2.5651,10.7309,2.5962,1.3893,4.8332,154,0.2200,154,0,0.9751,0.0217,0.0033,-4.6608,-1.4155,0.0609,-0.9897,-5.9178,0.0000,1,0.1198,0.1533,16.1293,0.0016
16.3603,IMM-UKF,jink,0.500,10.00,0.150,1,0.600,1,6.1438,4.6594,-1.4845,0.9732,0.2415,0.0970,0.1372,6.0000,6.4122,1.2553,32.2679,0.5991,-126.3595,-28.4801,-114.7713,-25.9031,-115.0058,-25.8720,-124.7993,-23.2891,-140.4751,-17.7764,11.5882,2.5770,11.3537,2.6081,1.5602,5.1910,154,0.2300,154,0,0.9751,0.0217,0.0033,-4.4879,-1.2732,0.0658,-0.9186,-5.9293,0.0000,1,0.1198,0.1533,16.1293,0.0016
16.3703,IMM-UKF,jink,0.500,10.00,0.150,1,0.600,1,6.1450,4.7248,-1.4201,1.0021,0.2415,0.0970,0.1372,6.0000,6.4122,1.2551,34.6172,0.5990,-126.9893,-28.4819,-114.7713,-25.9031,-115.0058,-25.8720,-125.2473,-22.9332,-140.4063,-17.2288,12.2180,2.5789,11.9835,2.6099,1.7420,5.5487,154,0.2400,154,0,0.9751,0.0217,0.0033,-4.3183,-1.1308,0.0704,-0.8474,-5.9399,0.0000,1,0.1198,0.1533,16.1293,0.0016
16.3803,IMM-UKF,jink,0.500,10.00,0.150,1,0.600,1,6.1481,4.4260,-1.7222,0.7437,0.2411,0.0981,0.1377,6.0000,6.1329,1.5327,20.7435,0.5988,-127.6254,-28.4737,-118.5207,-27.4252,-118.3784,-27.2024,-125.4867,-25.5816,-141.5481,-20.7207,9.1047,1.0485,9.2470,1.2713,2.1387,2.8921,155,0.1600,155,0,0.9752,0.0212,0.0035,-4.1518,-0.9885,0.0749,-0.7761,-5.9496,0.0000,1,0.1198,0.1533,16.2203,0.0016
16.3903,IMM-UKF,jink,0.500,10.00,0.150,1,0.600,1,6.1534,4.4785,-1.6749,0.7660,0.2411,0.0981,0.1377,6.0000,6.1329,1.5330,22.6711,0.5986,-128.2672,-28.4555,-118.5207,-27.4252,-118.3784,-27.2024,-125.9458,-25.2883,-141.5019,-20.1571,9.7465,1.0303,9.8888,1.2531,2.3214,3.1673,155,0.1700,155,0,0.9752,0.0212,0.0035,-3.9884,-0.8462,0.0791,-0.7046,-5.9585,0.0000,1,0.1198,0.1533,16.2203,0.0016
16.4003,IMM-UKF,jink,0.500,10.00,0.150,1,0.600,1,6.1607,4.5348,-1.6259,0.7894,0.2411,0.0981,0.1377,6.0000,6.1329,1.5333,24.6513,0.5983,-128.9141,-28.4275,-118.5207,-27.4252,-118.3784,-27.2024,-126.4014,-24.9803,-141.4673,-19.6142,10.3934,1.0022,10.5357,1.2250,2.5127,3.4471,155,0.1800,155,0,0.9752,0.0212,0.0035,-3.8282,-0.7040,0.0831,-0.6331,-5.9665,0.0000,1,0.1198,0.1533,16.2203,0.0016
16.4103,IMM-UKF,jink,0.500,10.00,0.150,1,0.600,1,6.1700,4.5950,-1.5750,0.8138,0.2411,0.0981,0.1377,6.0000,6.1329,1.5337,26.6761,0.5980,-129.5655,-28.3896,-118.5207,-27.4252,-118.3784,-27.2024,-126.8532,-24.6593,-141.4438,-19.0914,11.0448,0.9644,11.1870,1.1872,2.7123,3.7303,155,0.1900,155,0,0.9752,0.0212,0.0035,-3.6710,-0.5618,0.0869,-0.5614,-5.9737,0.0000,1,0.1198,0.1533,16.2203,0.0016
16.4203,IMM-UKF,jink,0.500,10.00,0.150,1,0.600,1,6.1814,4.6590,-1.5224,0.8392,0.2411,0.0981,0.1377,6.0000,6.1329,1.5341,28.7381,0.5976,-130.2206,-28.3420,-118.5207,-27.4252,-118.3784,-27.2024,-127.3007,-24.3269,-141.4312,-18.5879,11.6999,0.9168,11.8422,1.1396,2.9199,4.0151,155,0.2000,155,0,0.9752,0.0212,0.0035,-3.5170,-0.4198,0.0904,-0.4897,-5.9800,0.0000,1,0.1198,0.1533,16.2203,0.0016
16.4303,IMM-UKF,jink,0.500,10.00,0.150,1,0.600,1,6.1948,4.7267,-1.4681,0.8657,0.2411,0.0981,0.1377,6.0000,6.1329,1.5346,30.8299,0.5972,-130.8790,-28.2850,-118.5207,-27.4252,-118.3784,-27.2024,-127.7436,-23.9845,-141.4289,-18.1030,12.3583,0.8597,12.5005,1.0825,3.1354,4.3004,155,0.2100,155,0,0.9752,0.0212,0.0035,-3.3660,-0.2778,0.0938,-0.4179,-5.9854,0.0000,1,0.1198,0.1533,16.2203,0.0016
16.4403,IMM-UKF,jink,0.500,10.00,0.150,1,0.600,1,6.2101,4.7980,-1.4121,0.8931,0.2411,0.0981,0.1377,6.0000,6.1329,1.5351,32.9444,0.5967,-131.5399,-28.2186,-118.5207,-27.4252,-118.3784,-27.2024,-128.1816,-23.6337,-141.4365,-17.6360,13.0192,0.7933,13.1614,1.0161,3.3582,4.5848,155,0.2200,155,0,0.9752,0.0212,0.0035,-3.2181,-0.1360,0.0970,-0.3461,-5.9900,0.0000,1,0.1198,0.1533,16.2203,0.0016
16.4503,IMM-UKF,jink,0.500,10.00,0.150,1,0.600,1,6.2275,4.8730,-1.3545,0.9215,0.2411,0.0981,0.1377,6.0000,6.1329,1.5356,35.0752,0.5962,-132.2027,-28.1429,-118.5207,-27.4252,-118.3784,-27.2024,-128.6145,-23.2759,-141.4537,-17.1861,13.6820,0.7177,13.8243,0.9405,3.5882,4.8671,155,0.2300,155,0,0.9752,0.0212,0.0035,-3.0733,0.0056,0.0999,-0.2742,-5.9937,0.0000,1,0.1198,0.1533,16.2203,0.0016
16.4603,IMM-UKF,jink,0.500,10.00,0.150,1,0.600,1,6.2469,4.9516,-1.2953,0.9508,0.2411,0.0981,0.1377,6.0000,6.1329,1.5361,37.2159,0.5956,-132.8670,-28.0583,-118.5207,-27.4252,-118.3784,-27.2024,-129.0421,-22.9123,-141.4799,-16.7526,14.3463,0.6331,14.4885,0.8559,3.8249,5.1461,155,0.2400,155,0,0.9752,0.0212,0.0035,-2.9314,0.1471,0.1026,-0.2022,-5.9966,0.0000,1,0.1149,0.1455,16.2203,0.0016
16.4703,IMM-UKF,jink,0.500,10.00,0.150,1,0.600,1,6.2682,5.0337,-1.2345,0.9811,0.2411,0.0981,0.1377,6.0000,6.1329,1.5368,39.3609,0.5949,-133.5319,-27.9650,-118.5207,-27.4252,-118.3784,-27.2024,-129.4642,-22.5442,-141.5149,-16.3349,15.0112,0.5397,15.1535,0.7626,4.0677,5.4208,155,0.2500,155,0,0.9752,0.0212,0.0035,-2.7926,0.2885,0.1051,-0.1303,-5.9986,0.0000,1,0.1149,0.1455,16.2203,0.0016
16.4803,IMM-UKF,jink,0.500,10.00,0.150,1,0.600,1,6.2915,5.1194,-1.1722,1.0122,0.2411,0.0981,0.1377,6.0000,6.1329,1.5375,41.5048,0.5941,-134.1971,-27.8631,-118.5207,-27.4252,-118.3784,-27.2024,-129.8809,-22.1729,-141.5582,-15.9321,15.6764,0.4379,15.8186,0.6607,4.3162,5.6902,155,0.2600,155,0,0.9752,0.0212,0.0035,-2.6567,0.4296,0.1074,-0.0583,-5.9997,0.0000,1,0.1149,0.1455,16.2203,0.0016
16.4903,IMM-UKF,jink,0.500,10.00,0.150,1,0.600,1,6.3168,5.2084,-1.1084,1.0442,0.2411,0.0981,0.1377,6.0000,6.1329,1.5382,43.6428,0.5933,-134.8618,-27.7530,-118.5207,-27.4252,-118.3784,-27.2024,-130.2919,-21.7993,-141.6094,-15.5437,16.3411,0.3278,16.4834,0.5506,4.5699,5.9537,155,0.2700,155,0,0.9752,0.0212,0.0035,-2.5238,0.5705,0.1094,0.0137,-6.0000,0.0000,1,0.1149,0.1455,16.2203,0.0016
16.5003,IMM-UKF,jink,0.500,10.00,0.150,1,0.600,1,6.3440,4.6700,-1.6739,0.7554,0.2423,0.1002,0.1364,6.0000,5.3033,1.9826,17.3185,0.5925,-135.5257,-27.6348,-125.1214,-28.4462,-124.7584,-28.5352,-132.5092,-26.5597,-147.0202,-21.7947,10.4043,-0.8114,10.7673,-0.9004,3.0164,1.0751,156,0.1600,156,0,0.9715,0.0251,0.0035,-2.3938,0.7111,0.1112,0.0857,-5.9994,0.0000,1,0.1149,0.1455,16.3418,0.0016
16.5103,IMM-UKF,jink,0.500,10.00,0.150,1,0.600,1,6.3740,4.7372,-1.6367,0.7780,0.2423,0.1002,0.1363,6.0000,5.3033,1.9762,18.6199,0.5916,-136.1764,-27.5048,-125.1214,-28.4462,-124.7584,-28.5352,-132.9741,-26.2752,-147.0221,-21.3490,11.0550,-0.9415,11.4180,-1.0305,3.2023,1.2296,156,0.1700,156,0,0.9715,0.0251,0.0035,-2.2660,0.8510,0.1128,0.0137,-6.0000,0.0000,1,0.1149,0.1455,16.3418,0.0016
16.5203,IMM-UKF,jink,0.500,10.00,0.150,1,0.600,1,6.4067,4.8078,-1.5989,0.8018,0.2423,0.1002,0.1361,6.0000,5.3033,1.9701,19.9206,0.5908,-136.8145,-27.3633,-125.1214,-28.4462,-124.7584,-28.5352,-133.4296,-25.9795,-147.0269,-20.9156,11.6931,-1.0830,12.0561,-1.1719,3.3849,1.3838,156,0.1800,156,0,0.9715,0.0251,0.0035,-2.1405,0.9902,0.1142,-0.0583,-5.9997,0.0000,1,0.1149,0.1455,16.3418,0.0016
16.5303,IMM-UKF,jink,0.500,10.00,0.150,1,0.600,1,6.4422,4.8818,-1.5604,0.8265,0.2423,0.1002,0.1356,6.0000,5.3033,1.9642,21.2155,0.5901,-137.4393,-27.2109,-125.1214,-28.4462,-124.7584,-28.5352,-133.8754,-25.6738,-147.0344,-20.4943,12.3179,-1.2353,12.6809,-1.3243,3.5639,1.5372,156,0.1900,156,0,0.9715,0.0251,0.0035,-2.0171,1.1286,0.1155,-0.1303,-5.9986,0.0000,1,0.1149,0.1455,16.3418,0.0016
16.5403,IMM-UKF,jink,0.500,10.00,0.150,1,0.600,1,6.4805,4.9591,-1.5213,0.8522,0.2423,0.1002,0.1350,6.0000,5.3033,1.9585,22.5004,0.5894,-138.0503,-27.0483,-125.1214,-28.4462,-124.7584,-28.5352,-134.3113,-25.3593,-147.0445,-20.0843,12.9288,-1.3979,13.2918,-1.4869,3.7390,1.6890,156,0.2000,156,0,0.9715,0.0251,0.0035,-1.8957,1.2662,0.1164,-0.2022,-5.9966,0.0000,1,0.1149,0.1455,16.3418,0.0016
16.5503,IMM-UKF,jink,0.500,10.00,0.150,1,0.600,1,6.5213,5.0397,-1.4816,0.8790,0.2423,0.1002,0.1341,6.0000,5.3033,1.9531,23.7711,0.5888,-138.6468,-26.8761,-125.1214,-28.4462,-124.7584,-28.5352,-134.7369,-25.0373,-147.0569,-19.6852,13.5254,-1.5701,13.8884,-1.6591,3.9099,1.8388,156,0.2100,156,0,0.9715,0.0251,0.0035,-1.7765,1.4029,0.1170,-0.2742,-5.9937,0.0000,1,0.1149,0.1455,16.3418,0.0016
16.5603,IMM-UKF,jink,0.500,10.00,0.150,1,0.600,1,6.5648,5.1236,-1.4412,0.9067,0.2423,0.1002,0.1331,6.0000,5.3033,1.9479,25.0243,0.5881,-139.2286,-26.6947,-125.1214,-28.4462,-124.7584,-28.5352,-135.1521,-24.7085,-147.0715,-19.2960,14.1071,-1.7515,14.4701,-1.8405,4.0765,1.9863,156,0.2200,156,0,0.9715,0.0251,0.0035,-1.6592,1.5389,0.1172,-0.3461,-5.9900,0.0000,1,0.1149,0.1455,16.3418,0.0016
16.5703,IMM-UKF,jink,0.500,10.00,0.150,1,0.600,1,6.6108,5.2106,-1.4003,0.9353,0.2423,0.1002,0.1320,6.0000,5.3033,1.9429,26.2577,0.5875,-139.7951,-26.5049,-125.1214,-28.4462,-124.7584,-28.5352,-135.5567,-24.3735,-147.0880,-18.9153,14.6737,-1.9413,15.0367,-2.0303,4.2384,2.1314,156,0.2300,156,0,0.9715,0.0251,0.0035,-1.5438,1.6740,0.1167,-0.4179,-5.9854,0.0000,1,0.1149,0.1455,16.3418,0.0016
16.5803,IMM-UKF,jink,0.500,10.00,0.150,1,0.600,1,6.6594,5.3007,-1.3587,0.9649,0.2423,0.1002,0.1307,6.0000,5.3033,1.9402,27.4735,0.5867,-140.3465,-26.3070,-125.1214,-28.4462,-124.7584,-28.5352,-135.9507,-24.0322,-147.1063,-18.5407,15.2251,-2.1392,15.5881,-2.2282,4.3958,2.2748,156,0.2400,156,0,0.9715,0.0251,0.0035,-1.4303,1.8082,0.1151,-0.4897,-5.9800,0.0000,1,0.1070,0.1520,16.3418,-0.0001
16.5903,IMM-UKF,jink,0.500,10.00,0.150,1,0.600,1,6.7104,5.3937,-1.3168,0.9953,0.2423,0.1002,0.1297,6.0000,5.3033,1.9468,28.6852,0.5852,-140.8839,-26.1016,-125.1214,-28.4462,-124.7584,-28.5352,-136.3340,-23.6822,-147.1263,-18.1653,15.7625,-2.3446,16.1255,-2.4336,4.5500,2.4195,156,0.2500,156,0,0.9715,0.0251,0.0035,-1.3187,1.9415,0.1111,-0.5614,-5.9737,0.0000,1,0.1070,0.1520,16.3418,-0.0001
16.6003,IMM-UKF,jink,0.500,10.00,0.150,1,0.600,1,6.7638,5.4884,-1.2754,1.0266,0.2423,0.1002,0.1285,6.0000,5.3033,1.9535,29.9542,0.5833,-141.4053,-25.8885,-125.1214,-28.4462,-124.7584,-28.5352,-136.7063,-23.3016,-147.1476,-17.7449,16.2839,-2.5578,16.6469,-2.6467,4.6990,2.5869,156,0.2600,156,0,0.9715,0.0251,0.0035,-1.2091,2.0734,0.0953,-0.6331,-5.9665,0.0000,1,0.1070,0.1520,16.3418,-0.0001
16.6103,IMM-UKF,jink,0.500,10.00,0.150,1,0.600,1,6.8163,4.9584,-1.8579,0.7537,0.2411,0.1011,0.1287,6.0000,4.8839,2.5200,13.9198,0.5819,-141.9054,-25.6807,-132.8670,-28.0583,-132.3968,-27.9645,-139.5090,-24.8373,-152.3848,-18.3594,9.0385,-2.3777,9.5086,-2.2838,2.3964,0.8433,157,0.1500,157,0,0.9793,0.0183,0.0024,-1.2925,1.9014,0.0737,-0.7046,-5.9585,0.0000,1,0.1070,0.1520,16.4619,-0.0001
16.6203,IMM-UKF,jink,0.500,10.00,0.150,1,0.600,1,6.8680,4.9828,-1.8851,0.7755,0.2411,0.1011,0.1277,6.0000,4.8839,2.5163,14.4920,0.5808,-142.3864,-25.4791,-132.8670,-28.0583,-132.3968,-27.9645,-139.8263,-24.7796,-152.5091,-18.5222,9.5194,-2.5793,9.9896,-2.4854,2.5601,0.6995,157,0.1600,157,0,0.9793,0.0183,0.0024,-1.3749,1.7300,0.0646,-0.7761,-5.9496,0.0000,1,0.1070,0.1520,16.4619,-0.0001
16.6303,IMM-UKF,jink,0.500,10.00,0.150,1,0.600,1,6.9187,5.0044,-1.9143,0.7983,0.2411,0.1011,0.1266,6.0000,4.8839,2.5129,15.1169,0.5796,-142.8494,-25.2838,-132.8670,-28.0583,-132.3968,-27.9645,-140.1279,-24.7406,-152.6315,-18.7053,9.9824,-2.7746,10.4526,-2.6807,2.7215,0.5432,157,0.1700,157,0,0.9793,0.0183,0.0024,-1.4559,1.5598,0.0582,-0.8474,-5.9399,0.0000,1,0.1070,0.1520,16.4619,-0.0001
16.6403,IMM-UKF,jink,0.500,10.00,0.150,1,0.600,1,6.9685,5.0231,-1.9453,0.8222,0.2411,0.1011,0.1253,6.0000,4.8839,2.5096,15.8001,0.5786,-143.2950,-25.0947,-132.8670,-28.0583,-132.3968,-27.9645,-140.4149,-24.7181,-152.7522,-18.9025,10.4281,-2.9636,10.8982,-2.8697,2.8802,0.3767,157,0.1800,157,0,0.9793,0.0183,0.0024,-1.5356,1.3909,0.0529,-0.9186,-5.9293,0.0000,1,0.1070,0.1520,16.4619,-0.0001
16.6503,IMM-UKF,jink,0.500,10.00,0.150,1,0.600,1,7.0173,5.0390,-1.9783,0.8472,0.2411,0.1011,0.1239,6.0000,4.8839,2.5065,16.5427,0.5776,-143.7240,-24.9119,-132.8670,-28.0583,-132.3968,-27.9645,-140.6878,-24.7110,-152.8712,-19.1120,10.8570,-3.1465,11.3271,-3.0526,3.0361,0.2009,157,0.1900,157,0,0.9793,0.0183,0.0024,-1.6140,1.2234,0.0483,-0.9897,-5.9178,0.0000,1,0.1070,0.1520,16.4619,-0.0001
16.6603,IMM-UKF,jink,0.500,10.00,0.150,1,0.600,1,7.0652,5.0520,-2.0132,0.8732,0.2411,0.1011,0.1223,6.0000,4.8839,2.5035,17.3444,0.5767,-144.1369,-24.7351,-132.8670,-28.0583,-132.3968,-27.9645,-140.9476,-24.7187,-152.9888,-19.3334,11.2699,-3.3233,11.7401,-3.2294,3.1893,0.0164,157,0.2000,157,0,0.9793,0.0183,0.0024,-1.6912,1.0573,0.0443,-1.0607,-5.9055,0.0000,1,0.1070,0.1520,16.4619,-0.0001
16.6703,IMM-UKF,jink,0.500,10.00,0.150,1,0.600,1,7.1121,5.0623,-2.0498,0.9001,0.2411,0.1011,0.1207,6.0000,4.8839,2.5008,18.2039,0.5758,-144.5343,-24.5643,-132.8670,-28.0583,-132.3968,-27.9645,-141.1948,-24.7409,-153.1050,-19.5664,11.6673,-3.4941,12.1375,-3.4002,3.3394,-0.1767,157,0.2100,157,0,0.9793,0.0183,0.0024,-1.7671,0.8925,0.0405,-1.1315,-5.8924,0.0000,1,0.1070,0.1520,16.4619,-0.0001
16.6803,IMM-UKF,jink,0.500,10.00,0.150,1,0.600,1,7.1579,5.0697,-2.0882,0.9281,0.2411,0.1011,0.1190,6.0000,4.8839,2.4983,19.1199,0.5750,-144.9168,-24.3993,-132.8670,-28.0583,-132.3968,-27.9645,-141.4301,-24.7773,-153.2201,-19.8112,12.0498,-3.6590,12.5199,-3.5652,3.4866,-0.3780,157,0.2200,157,0,0.9793,0.0183,0.0024,-1.8418,0.7291,0.0371,-1.2021,-5.8784,0.0000,1,0.1070,0.1520,16.4619,-0.0001
16.6903,IMM-UKF,jink,0.500,10.00,0.150,1,0.600,1,7.2027,5.0745,-2.1283,0.9571,0.2411,0.1011,0.1171,6.0000,4.8839,2.4959,20.0912,0.5742,-145.2848,-24.2401,-132.8670,-28.0583,-132.3968,-27.9645,-141.6541,-24.8276,-153.3342,-20.0680,12.4179,-3.8183,12.8880,-3.7244,3.6307,-0.5875,157,0.2300,157,0,0.9793,0.0183,0.0024,-1.9153,0.5671,0.0338,-1.2725,-5.8635,0.0000,1,0.1138,0.1452,16.4619,-0.0008
16.7003,IMM-UKF,jink,0.500,10.00,0.150,1,0.600,1,7.2465,5.0765,-2.1700,0.9870,0.2411,0.1011,0.1152,6.0000,4.8839,2.4936,21.1166,0.5735,-145.6389,-24.0865,-132.8670,-28.0583,-132.3968,-27.9645,-141.8672,-24.8916,-153.4475,-20.3372,12.7720,-3.9719,13.2421,-3.8780,3.7718,-0.8052,157,0.2400,157,0,0.9793,0.0183,0.0024,-1.9877,0.4065,0.0308,-1.3428,-5.8478,0.0000,1,0.1138,0.1452,16.4619,-0.0008
16.7103,IMM-UKF,jink,0.500,10.00,0.150,1,0.600,1,7.2892,5.0759,-2.2133,1.0178,0.2411,0.1011,0.1132,6.0000,4.8839,2.4915,22.1953,0.5728,-145.9796,-23.9384,-132.8670,-28.0583,-132.3968,-27.9645,-142.0699,-24.9694,-153.5602,-20.6191,13.1126,-4.1199,13.5828,-4.0260,3.9097,-1.0309,157,0.2500,157,0,0.9793,0.0183,0.0024,-2.0590,0.2472,0.0279,-1.4129,-5.8313,0.0000,1,0.1138,0.1452,16.4619,-0.0008
16.7203,IMM-UKF,jink,0.500,10.00,0.150,1,0.600,1,7.3308,5.0727,-2.2581,1.0495,0.2411,0.1011,0.1111,6.0000,4.8839,2.4896,23.3267,0.5722,-146.3073,-23.7958,-132.8670,-28.0583,-132.3968,-27.9645,-142.2627,-25.0607,-153.6724,-20.9143,13.4403,-4.2626,13.9104,-4.1687,4.0445,-1.2649,157,0.2600,157,0,0.9793,0.0183,0.0024,-2.1292,0.0893,0.0252,-1.4827,-5.8139,0.0000,1,0.1138,0.1452,16.4619,-0.0008
16.7303,IMM-UKF,jink,0.500,10.00,0.150,1,0.600,1,7.3713,5.0669,-2.3044,1.0821,0.2411,0.1011,0.1089,6.0000,4.8839,2.4877,24.5105,0.5716,-146.6223,-23.6584,-132.8670,-28.0583,-132.3968,-27.9645,-142.4460,-25.1656,-153.7845,-21.2233,13.7554,-4.3999,14.2255,-4.3061,4.1763,-1.5072,157,0.2700,157,0,0.9793,0.0183,0.0024,-2.1984,-0.0671,0.0226,-1.5524,-5.7957,0.0000,1,0.1138,0.1452,16.4619,-0.0008
16.7403,IMM-UKF,jink,0.500,10.00,0.150,1,0.600,1,7.4107,5.0299,-2.3808,0.8210,0.2426,0.1025,0.1051,6.0000,4.4536,1.9389,9.9997,0.5710,-146.9252,-23.5262,-140.3465,-26.3070,-140.1834,-26.0187,-146.6210,-25.1743,-161.0816,-22.1567,6.5787,-2.7808,6.7418,-2.4925,0.3042,-1.6480,158,0.1600,158,0,0.9763,0.0204,0.0034,-2.2666,-0.2222,0.0201,-1.6218,-5.7766,0.0000,1,0.1138,0.1452,16.5802,-0.0008
16.7503,IMM-UKF,jink,0.500,10.00,0.150,1,0.600,1,7.4490,5.0325,-2.4165,0.8445,0.2426,0.1025,0.1027,6.0000,4.4536,1.9388,11.1462,0.5705,-147.2163,-23.3992,-140.3465,-26.3070,-140.1834,-26.0187,-146.9456,-25.2454,-161.3840,-22.4572,6.8698,-2.9079,7.0329,-2.6196,0.2706,-1.8463,158,0.1700,158,0,0.9763,0.0204,0.0034,-2.3338,-0.3759,0.0177,-1.6910,-5.7568,0.0000,1,0.1138,0.1452,16.5802,-0.0008
16.7603,IMM-UKF,jink,0.500,10.00,0.150,1,0.600,1,7.4862,5.0325,-2.4537,0.8688,0.2426,0.1025,0.1003,6.0000,4.4536,1.9387,12.3518,0.5700,-147.4959,-23.2771,-140.3465,-26.3070,-140.1834,-26.0187,-147.2636,-25.3302,-161.6943,-22.7714,7.1494,-3.0299,7.3125,-2.7417,0.2323,-2.0531,158,0.1800,158,0,0.9763,0.0204,0.0034,-2.4001,-0.5282,0.0155,-1.7600,-5.7361,0.0000,1,0.1138,0.1452,16.5802,-0.0008
16.7703,IMM-UKF,jink,0.500,10.00,0.150,1,0.600,1,7.5221,5.0299,-2.4922,0.8942,0.2426,0.1025,0.0978,6.0000,4.4536,1.9386,13.6163,0.5695,-147.7644,-23.1599,-140.3465,-26.3070,-140.1834,-26.0187,-147.5754,-25.4284,-162.0131,-23.0999,7.4179,-3.1471,7.5810,-2.8589,0.1890,-2.2685,158,0.1900,158,0,0.9763,0.0204,0.0034,-2.4655,-0.6792,0.0133,-1.8287,-5.7145,0.0000,1,0.1138,0.1452,16.5802,-0.0008
16.7803,IMM-UKF,jink,0.500,10.00,0.150,1,0.600,1,7.5570,5.0248,-2.5321,0.9205,0.2426,0.1025,0.0953,6.0000,4.4536,1.9385,14.9402,0.5691,-148.0221,-23.0475,-140.3465,-26.3070,-140.1834,-26.0187,-147.8817,-25.5402,-162.3413,-23.4432,7.6756,-3.2595,7.8387,-2.9712,0.1404,-2.4927,158,0.2000,158,0,0.9763,0.0204,0.0034,-2.5300,-0.8287,0.0112,-1.8971,-5.6922,0.0000,1,0.1138,0.1452,16.5802,-0.0008
16.7903,IMM-UKF,jink,0.500,10.00,0.150,1,0.600,1,7.5906,5.0173,-2.5734,0.9477,0.2426,0.1025,0.0927,6.0000,4.4536,1.9384,16.3242,0.5687,-148.2693,-22.9398,-140.3465,-26.3070,-140.1834,-26.0187,-148.1832,-25.6656,-162.6795,-23.8018,7.9228,-3.3672,8.0860,-3.0789,0.0862,-2.7258,158,0.2100,158,0,0.9763,0.0204,0.0034,-2.5937,-0.9769,0.0091,-1.9653,-5.6690,0.0000,1,0.1138,0.1452,16.5802,-0.0008
16.8003,IMM-UKF,jink,0.500,10.00,0.150,1,0.600,1,7.6231,5.0073,-2.6158,0.9759,0.2426,0.1025,0.0903,6.0000,4.4536,1.9410,17.7695,0.5676,-148.5075,-22.8368,-140.3465,-26.3070,-140.1834,-26.0187,-148.4803,-25.8046,-163.0287,-24.1766,8.1609,-3.4703,8.3241,-3.1820,0.0272,-2.9679,158,0.2200,158,0,0.9763,0.0204,0.0034,-2.6565,-1.1237,0.0072,-2.0332,-5.6450,0.0000,1,0.1138,0.1452,16.5802,-0.0008
16.8103,IMM-UKF,jink,0.500,10.00,0.150,1,0.600,1,7.6544,4.9949,-2.6595,1.0050,0.2426,0.1025,0.0879,6.0000,4.4536,1.9442,19.2772,0.5662,-148.7359,-22.7383,-140.3465,-26.3070,-140.1834,-26.0187,-148.7737,-25.9574,-163.3899,-24.5681,8.3894,-3.5688,8.5526,-3.2805,-0.0378,-3.2191,158,0.2300,158,0,0.9763,0.0204,0.0034,-2.7186,-1.2692,0.0053,-2.1008,-5.6202,0.0000,1,0.0849,0.1493,16.5802,-0.0007
16.8203,IMM-UKF,jink,0.500,10.00,0.150,1,0.600,1,7.6845,4.9802,-2.7043,1.0349,0.2426,0.1025,0.0855,6.0000,4.4536,1.9466,20.8493,0.5651,-148.9543,-22.6442,-140.3465,-26.3070,-140.1834,-26.0187,-149.0639,-26.1241,-163.7641,-24.9771,8.6078,-3.6628,8.7710,-3.3745,-0.1095,-3.4798,158,0.2400,158,0,0.9763,0.0204,0.0034,-2.7798,-1.4132,0.0035,-2.1681,-5.5946,0.0000,1,0.0849,0.1493,16.5802,-0.0007
16.8303,IMM-UKF,jink,0.500,10.00,0.150,1,0.600,1,7.7134,4.9631,-2.7502,1.0657,0.2426,0.1025,0.0834,6.0000,4.4536,1.9465,22.4881,0.5647,-149.1623,-22.5546,-140.3465,-26.3070,-140.1834,-26.0187,-149.3515,-26.3048,-164.1523,-25.4045,8.8158,-3.7525,8.9790,-3.4642,-0.1892,-3.7502,158,0.2500,158,0,0.9763,0.0204,0.0034,-2.8404,-1.5559,0.0018,-2.2351,-5.5682,0.0000,1,0.0849,0.1493,16.5802,-0.0007
16.8403,IMM-UKF,jink,0.500,10.00,0.150,1,0.600,1,7.7410,5.1684,-2.5726,0.8477,0.2448,0.1032,0.0789,6.0000,4.6230,1.7788,7.0235,0.5643,-149.3612,-22.4692,-145.2848,-24.2401,-145.1729,-23.9622,-150.4534,-23.0724,-164.6958,-19.5043,4.0763,-1.7709,4.1882,-1.4930,-1.0922,-0.6032,159,0.1500,159,0,0.9763,0.0202,0.0035,-2.9002,-1.6973,0.0001,-2.3017,-5.5410,0.0000,1,0.0849,0.1493,16.6895,-0.0007
16.8503,IMM-UKF,jink,0.500,10.00,0.150,1,0.600,1,7.7675,5.1605,-2.6070,0.8703,0.2448,0.1032,0.0767,6.0000,4.6230,1.7788,7.9305,0.5640,-149.5511,-22.3881,-145.2848,-24.2401,-145.1729,-23.9622,-150.7589,-23.1065,-165.0680,-19.7411,4.2662,-1.8520,4.3781,-1.5741,-1.2078,-0.7184,159,0.1600,159,0,0.9763,0.0202,0.0035,-2.9593,-1.8373,-0.0015,-2.3680,-5.5129,0.0000,1,0.0849,0.1493,16.6895,-0.0007
16.8603,IMM-UKF,jink,0.500,10.00,0.150,1,0.600,1,7.7927,5.1503,-2.6425,0.8939,0.2448,0.1032,0.0743,6.0000,4.6230,1.7788,8.8965,0.5637,-149.7322,-22.3111,-145.2848,-24.2401,-145.1729,-23.9622,-151.0617,-23.1520,-165.4530,-19.9896,4.4474,-1.9289,4.5593,-1.6511,-1.3295,-0.8409,159,0.1700,159,0,0.9763,0.0202,0.0035,-3.0177,-1.9759,-0.0031,-2.4340,-5.4841,0.0000,1,0.0849,0.1493,16.6895,-0.0007
16.8703,IMM-UKF,jink,0.500,10.00,0.150,1,0.600,1,7.8168,5.1376,-2.6792,0.9184,0.2448,0.1032,0.0720,6.0000,4.6230,1.7788,9.9221,0.5634,-149.9048,-22.2383,-145.2848,-24.2401,-145.1729,-23.9622,-151.3625,-23.2088,-165.8516,-20.2504,4.6200,-2.0018,4.7319,-1.7239,-1.4577,-0.9705,159,0.1800,159,0,0.9763,0.0202,0.0035,-3.0755,-2.1132,-0.0046,-2.4996,-5.4545,0.0000,1,0.0849,0.1493,16.6895,-0.0007
16.8803,IMM-UKF,jink,0.500,10.00,0.150,1,0.600,1,7.8396,5.1226,-2.7170,0.9439,0.2448,0.1032,0.0695,6.0000,4.6230,1.7787,11.0086,0.5632,-150.0691,-22.1694,-145.2848,-24.2401,-145.1729,-23.9622,-151.6617,-23.2769,-166.2650,-20.5239,4.7843,-2.0706,4.8962,-1.7928,-1.5926,-1.1075,159,0.1900,159,0,0.9763,0.0202,0.0035,-3.1326,-2.2491,-0.0060,-2.5649,-5.4241,0.0000,1,0.0849,0.1493,16.6895,-0.0007
16.8903,IMM-UKF,jink,0.500,10.00,0.150,1,0.600,1,7.8611,5.1053,-2.7559,0.9703,0.2448,0.1032,0.0671,6.0000,4.6230,1.7787,12.1573,0.5631,-150.2253,-22.1046,-145.2848,-24.2401,-145.1729,-23.9622,-151.9599,-23.3565,-166.6944,-20.8107,4.9404,-2.1355,5.0523,-1.8576,-1.7347,-1.2519,159,0.2000,159,0,0.9763,0.0202,0.0035,-3.1892,-2.3837,-0.0074,-2.6298,-5.3930,0.0000,1,0.0849,0.1493,16.6895,-0.0007
16.9003,IMM-UKF,jink,0.500,10.00,0.150,1,0.600,1,7.8814,5.0857,-2.7958,0.9976,0.2448,0.1032,0.0646,6.0000,4.6230,1.7785,13.3697,0.5630,-150.3734,-22.0437,-145.2848,-24.2401,-145.1729,-23.9622,-152.2578,-23.4475,-167.1409,-21.1113,5.0886,-2.1964,5.2005,-1.9185,-1.8843,-1.4038,159,0.2100,159,0,0.9763,0.0202,0.0035,-3.2452,-2.5169,-0.0088,-2.6943,-5.3610,0.0000,1,0.1091,0.1454,16.6895,0.0009
16.9103,IMM-UKF,jink,0.500,10.00,0.150,1,0.600,1,7.9005,5.0638,-2.8367,1.0259,0.2448,0.1032,0.0620,6.0000,4.6230,1.7784,14.6476,0.5629,-150.5138,-21.9866,-145.2848,-24.2401,-145.1729,-23.9622,-152.5557,-23.5500,-167.6059,-21.4264,5.2290,-2.2535,5.3409,-1.9756,-2.0419,-1.5634,159,0.2200,159,0,0.9763,0.0202,0.0035,-3.3006,-2.6489,-0.0101,-2.7585,-5.3283,0.0000,1,0.1091,0.1454,16.6895,0.0009
16.9203,IMM-UKF,jink,0.500,10.00,0.150,1,0.600,1,7.9184,5.0398,-2.8785,1.0550,0.2448,0.1032,0.0594,6.0000,4.6230,1.7782,15.9931,0.5629,-150.6465,-21.9334,-145.2848,-24.2401,-145.1729,-23.9622,-152.8543,-23.6642,-168.0910,-21.7565,5.3616,-2.3067,5.4735,-2.0288,-2.2079,-1.7308,159,0.2300,159,0,0.9763,0.0202,0.0035,-3.3554,-2.7795,-0.0113,-2.8222,-5.2948,0.0000,1,0.1091,0.1454,16.6895,0.0009
16.9303,IMM-UKF,jink,0.500,10.00,0.150,1,0.600,1,7.9350,5.0137,-2.9213,1.0850,0.2448,0.1032,0.0586,6.0000,4.6230,1.7912,17.3794,0.5594,-150.7786,-21.8839,-145.2848,-24.2401,-145.1729,-23.9622,-153.1542,-23.7902,-168.5976,-22.1024,5.4938,-2.3561,5.6057,-2.0783,-2.3757,-1.9062,159,0.2400,159,0,0.9763,0.0202,0.0035,-3.4098,-2.9087,-0.0125,-2.8856,-5.2606,0.0000,1,0.1091,0.1454,16.6895,0.0009
16.9403,IMM-UKF,jink,0.500,10.00,0.150,1,0.600,1,7.9503,4.9854,-2.9649,1.1159,0.2448,0.1032,0.0586,6.0000,4.6230,1.8126,18.8240,0.5583,-150.9067,-21.8383,-145.2848,-24.2401,-145.1729,-23.9622,-153.4561,-23.9282,-169.1275,-22.4648,5.6219,-2.4017,5.7338,-2.1239,-2.5493,-2.0899,159,0.2500,159,0,0.9763,0.0202,0.0035,-3.4637,-3.0367,-0.0137,-2.9485,-5.2256,0.0000,1,0.1091,0.1454,16.6895,0.0009
16.9503,IMM-UKF,jink,0.500,10.00,0.150,1,0.600,1,7.9644,4.9551,-3.0093,1.1476,0.2448,0.1032,0.0590,6.0000,4.6230,1.8322,20.3511,0.5608,-151.0258,-21.7966,-145.2848,-24.2401,-145.1729,-23.9622,-153.7604,-24.0784,-169.6827,-22.8443,5.7410,-2.4435,5.8529,-2.1656,-2.7346,-2.2818,159,0.2600,159,0,0.9763,0.0202,0.0035,-3.5171,-3.1633,-0.0148,-3.0110,-5.1898,0.0000,1,0.1091,0.1454,16.6895,0.0009
16.9603,IMM-UKF,jink,0.500,10.00,0.150,1,0.600,1,7.9773,5.3881,-2.5892,0.9031,0.2436,0.1023,0.0626,6.0000,5.0462,0.7059,10.6192,0.5594,-151.1291,-21.7585,-148.7359,-22.7383,-148.6548,-22.8067,-152.7747,-22.6686,-164.9144,-21.4632,2.3932,-0.9798,2.4743,-1.0482,-1.6456,-0.9101,160,0.1500,160,0,0.9803,0.0171,0.0026,-3.5700,-3.2886,-0.0159,-3.0730,-5.1533,0.0000,1,0.1091,0.1454,16.8096,0.0009
16.9703,IMM-UKF,jink,0.500,10.00,0.150,1,0.600,1,7.9889,5.3725,-2.6164,0.9255,0.2436,0.1023,0.0651,6.0000,5.0462,0.7041,11.6266,0.5580,-151.2255,-21.7240,-148.7359,-22.7383,-148.6548,-22.8067,-153.0147,-22.7397,-165.2760,-21.7526,2.4895,-1.0142,2.5706,-1.0827,-1.7893,-1.0157,160,0.1600,160,0,0.9803,0.0171,0.0026,-3.6225,-3.4127,-0.0169,-3.1346,-5.1161,0.0000,1,0.1091,0.1454,16.8096,0.0009
16.9803,IMM-UKF,jink,0.500,10.00,0.150,1,0.600,1,7.9992,5.3547,-2.6445,0.9489,0.2436,0.1023,0.0674,6.0000,5.0462,0.7024,12.6879,0.5567,-151.3149,-21.6931,-148.7359,-22.7383,-148.6548,-22.8067,-153.2547,-22.8208,-165.6525,-22.0557,2.5789,-1.0451,2.6601,-1.1136,-1.9398,-1.1277,160,0.1700,160,0,0.9803,0.0171,0.0026,-3.6745,-3.5354,-0.0179,-3.1958,-5.0781,0.0000,1,0.1091,0.1454,16.8096,0.0009
16.9903,IMM-UKF,jink,0.500,10.00,0.150,1,0.600,1,8.0083,5.3348,-2.6736,0.9731,0.2436,0.1023,0.0697,6.0000,5.0462,0.7008,13.8051,0.5555,-151.3975,-21.6658,-148.7359,-22.7383,-148.6548,-22.8067,-153.4951,-22.9121,-166.0451,-22.3729,2.6616,-1.0724,2.7427,-1.1409,-2.0976,-1.2463,160,0.1800,160,0,0.9803,0.0171,0.0026,-3.7262,-3.6568,-0.0189,-3.2565,-5.0394,0.0000,1,0.1091,0.1454,16.8096,0.0009
17.0003,IMM-UKF,jink,0.500,10.00,0.150,1,0.600,1,8.0162,5.3127,-2.7035,0.9983,0.2436,0.1023,0.0719,6.0000,5.0462,0.6991,14.9801,0.5543,-151.4735,-21.6421,-148.7359,-22.7383,-148.6548,-22.8067,-153.7365,-23.0137,-166.4549,-22.7050,2.7375,-1.0962,2.8187,-1.1646,-2.2630,-1.3716,160,0.1900,160,0,0.9803,0.0171,0.0026,-3.7775,-3.7770,-0.0198,-3.3168,-4.9999,0.0000,1,0.1091,0.1454,16.8096,0.0009
17.0103,IMM-UKF,jink,0.500,10.00,0.150,1,0.600,1,8.0228,5.2886,-2.7342,1.0244,0.2436,0.1023,0.0740,6.0000,5.0462,0.6975,16.2150,0.5533,-151.5428,-21.6218,-148.7359,-22.7383,-148.6548,-22.8067,-153.9792,-23.1256,-166.8835,-23.0525,2.8069,-1.1164,2.8880,-1.1849,-2.4364,-1.5038,160,0.2000,160,0,0.9803,0.0171,0.0026,-3.8284,-3.8958,-0.0207,-3.3765,-4.9598,0.0000,1,0.1149,0.1431,16.8096,-0.0007
17.0203,IMM-UKF,jink,0.500,10.00,0.150,1,0.600,1,8.0281,5.2625,-2.7657,1.0514,0.2436,0.1023,0.0761,6.0000,5.0462,0.6960,17.5120,0.5523,-151.6057,-21.6051,-148.7359,-22.7383,-148.6548,-22.8067,-154.2238,-23.2480,-167.3322,-23.4161,2.8698,-1.1332,2.9509,-1.2016,-2.6181,-1.6429,160,0.2100,160,0,0.9803,0.0171,0.0026,-3.8790,-4.0134,-0.0215,-3.4358,-4.9189,0.0000,1,0.1149,0.1431,16.8096,-0.0007
17.0303,IMM-UKF,jink,0.500,10.00,0.150,1,0.600,1,8.0323,5.2344,-2.7979,1.0792,0.2436,0.1023,0.0780,6.0000,5.0462,0.6945,18.8735,0.5514,-151.6621,-21.5918,-148.7359,-22.7383,-148.6548,-22.8067,-154.4707,-23.3810,-167.8026,-23.7966,2.9262,-1.1464,3.0073,-1.2149,-2.8086,-1.7891,160,0.2200,160,0,0.9803,0.0171,0.0026,-3.9293,-4.1297,-0.0223,-3.4946,-4.8773,0.0000,1,0.1149,0.1431,16.8096,-0.0007
17.0403,IMM-UKF,jink,0.500,10.00,0.150,1,0.600,1,8.0351,5.2043,-2.8308,1.1079,0.2436,0.1023,0.0800,6.0000,5.0462,0.6930,20.3021,0.5506,-151.7122,-21.5821,-148.7359,-22.7383,-148.6548,-22.8067,-154.7206,-23.5247,-168.2966,-24.1946,2.9762,-1.1562,3.0574,-1.2247,-3.0084,-1.9427,160,0.2300,160,0,0.9803,0.0171,0.0026,-3.9792,-4.2447,-0.0230,-3.5528,-4.8350,0.0000,1,0.1149,0.1431,16.8096,-0.0007
17.0503,IMM-UKF,jink,0.500,10.00,0.150,1,0.600,1,8.0367,5.5587,-2.4781,0.9374,0.2414,0.1006,0.0841,6.0000,5.5266,2.4530,8.2074,0.5498,-151.7560,-21.5757,-150.3734,-22.0437,-150.0478,-22.2988,-152.7017,-22.6312,-160.7999,-23.3642,1.3826,-0.4679,1.7081,-0.7230,-0.9457,-1.0554,161,0.1500,161,0,0.9705,0.0243,0.0053,-4.0289,-4.3584,-0.0238,-3.6106,-4.7920,0.0000,1,0.1149,0.1431,16.9012,-0.0007
17.0603,IMM-UKF,jink,0.500,10.00,0.150,1,0.600,1,8.0371,5.5392,-2.4979,0.9598,0.2414,0.1006,0.0858,6.0000,5.5266,2.4516,9.0453,0.5492,-151.7935,-21.5729,-150.3734,-22.0437,-150.0478,-22.2988,-152.8485,-22.7264,-161.0383,-23.7061,1.4201,-0.4708,1.7457,-0.7259,-1.0550,-1.1535,161,0.1600,161,0,0.9705,0.0243,0.0053,-4.0783,-4.4709,-0.0244,-3.6678,-4.7484,0.0000,1,0.1149,0.1431,16.9012,-0.0007
17.0703,IMM-UKF,jink,0.500,10.00,0.150,1,0.600,1,8.0363,5.5178,-2.5185,0.9831,0.2414,0.1006,0.0875,6.0000,5.5266,2.4504,9.9342,0.5486,-151.8250,-21.5735,-150.3734,-22.0437,-150.0478,-22.2988,-152.9957,-22.8311,-161.2882,-24.0639,1.4516,-0.4702,1.7772,-0.7253,-1.1707,-1.2576,161,0.1700,161,0,0.9705,0.0243,0.0053,-4.1274,-4.5822,-0.0251,-3.7246,-4.7040,0.0000,1,0.1149,0.1431,16.9012,-0.0007
17.0803,IMM-UKF,jink,0.500,10.00,0.150,1,0.600,1,8.0342,5.4944,-2.5398,1.0072,0.2414,0.1006,0.0895,6.0000,5.5266,2.4536,10.8720,0.5487,-151.8513,-21.5775,-150.3734,-22.0437,-150.0478,-22.2988,-153.1434,-22.9454,-161.5507,-24.4385,1.4779,-0.4661,1.8035,-0.7212,-1.2921,-1.3679,161,0.1800,161,0,0.9705,0.0243,0.0053,-4.1763,-4.6921,-0.0257,-3.7807,-4.6590,0.0000,1,0.1149,0.1431,16.9012,-0.0007
17.0903,IMM-UKF,jink,0.500,10.00,0.150,1,0.600,1,8.0308,5.4690,-2.5618,1.0323,0.2414,0.1006,0.0913,6.0000,5.5266,2.4569,11.8635,0.5488,-151.8716,-21.5851,-150.3734,-22.0437,-150.0478,-22.2988,-153.2922,-23.0694,-161.8268,-24.8305,1.4982,-0.4586,1.8238,-0.7137,-1.4205,-1.4844,161,0.1900,161,0,0.9705,0.0243,0.0053,-4.2249,-4.8008,-0.0263,-3.8364,-4.6133,0.0000,1,0.1149,0.1431,16.9012,-0.0007
17.1003,IMM-UKF,jink,0.500,10.00,0.150,1,0.600,1,8.0262,5.4417,-2.5845,1.0582,0.2414,0.1006,0.0931,6.0000,5.5266,2.4600,12.9105,0.5489,-151.8859,-21.5960,-150.3734,-22.0437,-150.0478,-22.2988,-153.4423,-23.2033,-162.1176,-25.2409,1.5125,-0.4476,1.8381,-0.7027,-1.5564,-1.6072,161,0.2000,161,0,0.9705,0.0243,0.0053,-4.2734,-4.9083,-0.0268,-3.8915,-4.5669,0.0000,1,0.1149,0.1431,16.9012,-0.0007
17.1103,IMM-UKF,jink,0.500,10.00,0.150,1,0.600,1,8.0204,5.4126,-2.6079,1.0851,0.2414,0.1006,0.0950,6.0000,5.5266,2.4592,14.0182,0.5485,-151.8933,-21.6105,-150.3734,-22.0437,-150.0478,-22.2988,-153.5941,-23.3471,-162.4246,-25.6706,1.5199,-0.4332,1.8455,-0.6883,-1.7008,-1.7367,161,0.2100,161,0,0.9705,0.0243,0.0053,-4.3216,-5.0145,-0.0273,-3.9460,-4.5199,0.0000,1,0.1149,0.1431,16.9012,-0.0007
17.1203,IMM-UKF,jink,0.500,10.00,0.150,1,0.600,1,8.0134,5.3816,-2.6318,1.1128,0.2414,0.1006,0.0969,6.0000,5.5266,2.4580,15.1855,0.5481,-151.8947,-21.6284,-150.3734,-22.0437,-150.0478,-22.2988,-153.7480,-23.5012,-162.7491,-26.1204,1.5213,-0.4153,1.8469,-0.6704,-1.8533,-1.8728,161,0.2200,161,0,0.9705,0.0243,0.0053,-4.3697,-5.1195,-0.0278,-3.9999,-4.4722,0.0000,1,0.1149,0.1431,16.9012,-0.0007
17.1303,IMM-UKF,jink,0.500,10.00,0.150,1,0.600,1,8.0052,5.3488,-2.6564,1.1413,0.2414,0.1006,0.0988,6.0000,5.5266,2.4569,16.4143,0.5477,-151.8902,-21.6497,-150.3734,-22.0437,-150.0478,-22.2988,-153.9044,-23.6656,-163.0927,-26.5914,1.5168,-0.3939,1.8424,-0.6490,-2.0142,-2.0158,161,0.2300,161,0,0.9705,0.0243,0.0053,-4.4176,-5.2233,-0.0282,-4.0533,-4.4239,0.0000,1,0.1050,0.1575,16.9012,-0.0013
17.1403,IMM-UKF,jink,0.500,10.00,0.150,1,0.600,1,7.9957,5.3143,-2.6814,1.1707,0.2414,0.1006,0.1006,6.0000,5.5266,2.4559,17.7067,0.5474,-151.8799,-21.6746,-150.3734,-22.0437,-150.0478,-22.2988,-154.0638,-23.8405,-163.4572,-27.0847,1.5064,-0.3691,1.8320,-0.6241,-2.1839,-2.1659,161,0.2400,161,0,0.9705,0.0243,0.0053,-4.4654,-5.3258,-0.0286,-4.1061,-4.3749,0.0000,1,0.1050,0.1575,16.9012,-0.0013
17.1503,IMM-UKF,jink,0.500,10.00,0.150,1,0.600,1,7.9850,5.2780,-2.7070,1.2010,0.2414,0.1006,0.1023,6.0000,5.5266,2.4549,19.0654,0.5472,-151.8637,-21.7030,-150.3734,-22.0437,-150.0478,-22.2988,-154.2265,-24.0264,-163.8443,-27.6014,1.4902,-0.3407,1.8158,-0.5958,-2.3629,-2.3234,161,0.2500,161,0,0.9705,0.0243,0.0053,-4.5130,-5.4271,-0.0290,-4.1583,-4.3253,0.0000,1,0.1050,0.1575,16.9012,-0.0013
17.1603,IMM-UKF,jink,0.500,10.00,0.150,1,0.600,1,7.9731,5.5954,-2.3778,0.9917,0.2407,0.0995,0.1046,6.0000,5.9951,3.1024,7.2705,0.5471,-151.8416,-21.7349,-151.5428,-21.6218,-151.1301,-21.9725,-152.6857,-22.6655,-157.7447,-24.9112,0.2988,0.1131,0.7116,-0.2376,-0.8440,-0.9306,162,0.1500,162,0,0.9735,0.0228,0.0037,-4.5606,-5.5271,-0.0293,-4.2099,-4.2751,0.0000,1,0.1050,0.1575,17.0096,-0.0013
17.1703,IMM-UKF,jink,0.500,10.00,0.150,1,0.600,1,7.9600,5.5695,-2.3905,1.0142,0.2407,0.0995,0.1062,6.0000,5.9951,3.1015,8.0275,0.5470,-151.8138,-21.7704,-151.5428,-21.6218,-151.1301,-21.9725,-152.7716,-22.7777,-157.9122,-25.3016,0.2710,0.1485,0.6838,-0.2021,-0.9577,-1.0073,162,0.1600,162,0,0.9735,0.0228,0.0037,-4.6080,-5.6259,-0.0296,-4.2609,-4.2243,0.0000,1,0.1050,0.1575,17.0096,-0.0013
17.1803,IMM-UKF,jink,0.500,10.00,0.150,1,0.600,1,7.9457,5.5418,-2.4039,1.0375,0.2407,0.0995,0.1077,6.0000,5.9951,3.1007,8.8378,0.5470,-151.7802,-21.8094,-151.5428,-21.6218,-151.1301,-21.9725,-152.8587,-22.8989,-158.0908,-25.7107,0.2374,0.1876,0.6502,-0.1631,-1.0784,-1.0895,162,0.1700,162,0,0.9735,0.0228,0.0037,-4.6553,-5.7235,-0.0298,-4.3113,-4.1729,0.0000,1,0.1050,0.1575,17.0096,-0.0013
17.1903,IMM-UKF,jink,0.500,10.00,0.150,1,0.600,1,7.9302,5.5123,-2.4179,1.0618,0.2407,0.0995,0.1092,6.0000,5.9951,3.0998,9.7023,0.5471,-151.7408,-21.8520,-151.5428,-21.6218,-151.1301,-21.9725,-152.9473,-23.0293,-158.2816,-26.1393,0.1980,0.2302,0.6108,-0.1205,-1.2065,-1.1772,162,0.1800,162,0,0.9735,0.0228,0.0037,-4.7026,-5.8199,-0.0301,-4.3610,-4.1208,0.0000,1,0.1050,0.1575,17.0096,-0.0013
17.2003,IMM-UKF,jink,0.500,10.00,0.150,1,0.600,1,7.9135,5.4811,-2.4324,1.0868,0.2407,0.0995,0.1106,6.0000,5.9951,3.0990,10.6223,0.5472,-151.6957,-21.8983,-151.5428,-21.6218,-151.1301,-21.9725,-153.0378,-23.1690,-158.4858,-26.5885,0.1528,0.2765,0.5656,-0.0742,-1.3421,-1.2707,162,0.1900,162,0,0.9735,0.0228,0.0037,-4.7498,-5.9151,-0.0302,-4.4102,-4.0682,0.0000,1,0.1050,0.1575,17.0096,-0.0013
17.2103,IMM-UKF,jink,0.500,10.00,0.150,1,0.600,1,7.8957,5.4482,-2.4474,1.1128,0.2407,0.0995,0.1120,6.0000,5.9951,3.0983,11.5994,0.5474,-151.6447,-21.9483,-151.5428,-21.6218,-151.1301,-21.9725,-153.1304,-23.3182,-158.7047,-27.0593,0.1019,0.3264,0.5146,-0.0242,-1.4857,-1.3699,162,0.2000,162,0,0.9735,0.0228,0.0037,-4.7969,-6.0090,-0.0304,-4.4587,-4.0150,0.0000,1,0.1050,0.1575,17.0096,-0.0013
17.2203,IMM-UKF,jink,0.500,10.00,0.150,1,0.600,1,7.8766,5.4137,-2.4629,1.1396,0.2407,0.0995,0.1133,6.0000,5.9951,3.0976,12.6351,0.5476,-151.5880,-22.0019,-151.5428,-21.6218,-151.1301,-21.9725,-153.2257,-23.4771,-158.9397,-27.5529,0.0451,0.3801,0.4579,0.0294,-1.6377,-1.4752,162,0.2100,162,0,0.9735,0.0228,0.0037,-4.8441,-6.1018,-0.0305,-4.5065,-3.9612,0.0000,1,0.1050,0.1575,17.0096,-0.0013
17.2303,IMM-UKF,jink,0.500,10.00,0.150,1,0.600,1,7.8564,5.3775,-2.4789,1.1673,0.2407,0.0995,0.1146,6.0000,5.9951,3.0969,13.7313,0.5480,-151.5254,-22.0593,-151.5428,-21.6218,-151.1301,-21.9725,-153.3238,-23.6459,-159.1922,-28.0706,-0.0174,0.4375,0.3953,0.0868,-1.7984,-1.5866,162,0.2200,162,0,0.9735,0.0228,0.0037,-4.8912,-6.1933,-0.0306,-4.5537,-3.9068,0.0000,1,0.1050,0.1575,17.0096,-0.0013
17.2403,IMM-UKF,jink,0.500,10.00,0.150,1,0.600,1,7.8350,5.3397,-2.4953,1.1958,0.2407,0.0995,0.1158,6.0000,5.9951,3.0963,14.8904,0.5483,-151.4571,-22.1205,-151.5428,-21.6218,-151.1301,-21.9725,-153.4254,-23.8249,-159.4642,-28.6135,-0.0858,0.4987,0.3270,0.1480,-1.9683,-1.7043,162,0.2300,162,0,0.9735,0.0228,0.0037,-4.9383,-6.2836,-0.0306,-4.6003,-3.8519,0.0000,1,0.1161,0.1532,17.0096,0.0007
17.2503,IMM-UKF,jink,0.500,10.00,0.150,1,0.600,1,7.8124,5.3004,-2.5121,1.2252,0.2407,0.0995,0.1169,6.0000,5.9951,3.0957,16.1145,0.5488,-151.3828,-22.1856,-151.5428,-21.6218,-151.1301,-21.9725,-153.5306,-24.0142,-159.7575,-29.1831,-0.1600,0.5637,0.2528,0.2131,-2.1478,-1.8286,162,0.2400,162,0,0.9735,0.0228,0.0037,-4.9855,-6.3727,-0.0306,-4.6462,-3.7964,0.0000,1,0.1161,0.1532,17.0096,0.0007
17.2603,IMM-UKF,jink,0.500,10.00,0.150,1,0.600,1,7.7887,5.2595,-2.5292,1.2553,0.2407,0.0995,0.1180,6.0000,5.9951,3.0951,17.4064,0.5493,-151.3028,-22.2545,-151.5428,-21.6218,-151.1301,-21.9725,-153.6401,-24.2142,-160.0743,-29.7809,-0.2401,0.6327,0.1727,0.2820,-2.3374,-1.9597,162,0.2500,162,0,0.9735,0.0228,0.0037,-5.0326,-6.4606,-0.0305,-4.6914,-3.7404,0.0000,1,0.1161,0.1532,17.0096,0.0007
17.2703,IMM-UKF,jink,0.500,10.00,0.150,1,0.600,1,7.7639,5.2172,-2.5467,1.2863,0.2407,0.0995,0.1190,6.0000,5.9951,3.0946,18.7688,0.5499,-151.2168,-22.3274,-151.5428,-21.6218,-151.1301,-21.9725,-153.7543,-24.4251,-160.4170,-30.4083,-0.3260,0.7056,0.0867,0.3549,-2.5375,-2.0978,162,0.2600,162,0,0.9735,0.0228,0.0037,-5.0798,-6.5473,-0.0304,-4.7360,-3.6838,0.0000,1,0.1161,0.1532,17.0096,0.0007
17.2803,IMM-UKF,jink,0.500,10.00,0.150,1,0.600,1,7.7379,5.1734,-2.5644,1.3181,0.2407,0.0995,0.1200,6.0000,5.9951,3.0941,20.2047,0.5505,-151.1249,-22.4043,-151.5428,-21.6218,-151.1301,-21.9725,-153.8737,-24.6474,-160.7882,-31.0670,-0.4179,0.7825,-0.0051,0.4318,-2.7488,-2.2431,162,0.2700,162,0,0.9735,0.0228,0.0037,-5.1271,-6.6327,-0.0303,-4.7798,-3.6267,0.0000,1,0.1161,0.1532,17.0096,0.0007
17.2903,IMM-UKF,jink,0.500,10.00,0.150,1,0.600,1,7.7107,5.3781,-2.3326,1.0517,0.2409,0.0988,0.1208,6.0000,6.2470,2.2318,10.7639,0.5512,-151.0271,-22.4852,-151.8902,-21.6497,-151.8099,-22.0151,-152.8110,-23.2155,-156.5130,-27.8489,-0.8631,0.8355,-0.7828,0.4702,-1.7839,-0.7303,163,0.1600,163,0,0.9787,0.0185,0.0028,-5.1745,-6.7170,-0.0301,-4.8230,-3.5691,0.0000,1,0.1161,0.1532,17.1290,0.0007
17.3003,IMM-UKF,jink,0.500,10.00,0.150,1,0.600,1,7.6825,5.3424,-2.3401,1.0748,0.2409,0.0988,0.1217,6.0000,6.2470,2.2324,11.7638,0.5519,-150.9232,-22.5703,-151.8902,-21.6497,-151.8099,-22.0151,-152.8777,-23.3614,-156.7159,-28.3635,-0.9669,0.9206,-0.8866,0.5553,-1.9545,-0.7911,163,0.1700,163,0,0.9787,0.0185,0.0028,-5.2219,-6.8000,-0.0299,-4.8655,-3.5110,0.0000,1,0.1161,0.1532,17.1290,0.0007
17.3103,IMM-UKF,jink,0.500,10.00,0.150,1,0.600,1,7.6531,5.3052,-2.3479,1.0987,0.2409,0.0988,0.1226,6.0000,6.2470,2.2330,12.8226,0.5527,-150.8134,-22.6596,-151.8902,-21.6497,-151.8099,-22.0151,-152.9479,-23.5169,-156.9376,-28.9044,-1.0768,1.0099,-0.9965,0.6446,-2.1346,-0.8572,163,0.1800,163,0,0.9787,0.0185,0.0028,-5.2694,-6.8819,-0.0296,-4.9073,-3.4524,0.0000,1,0.1161,0.1532,17.1290,0.0007
17.3203,IMM-UKF,jink,0.500,10.00,0.150,1,0.600,1,7.6226,5.2665,-2.3561,1.1234,0.2409,0.0988,0.1234,6.0000,6.2470,2.2337,13.9429,0.5536,-150.6973,-22.7532,-151.8902,-21.6497,-151.8099,-22.0151,-153.0220,-23.6820,-157.1800,-29.4731,-1.1929,1.1035,-1.1125,0.7382,-2.3247,-0.9288,163,0.1900,163,0,0.9787,0.0185,0.0028,-5.3171,-6.9625,-0.0292,-4.9483,-3.3932,0.0000,1,0.1161,0.1532,17.1290,0.0007
17.3303,IMM-UKF,jink,0.500,10.00,0.150,1,0.600,1,7.5910,5.2263,-2.3647,1.1491,0.2409,0.0988,0.1241,6.0000,6.2470,2.2345,15.1272,0.5545,-150.5752,-22.8511,-151.8902,-21.6497,-151.8099,-22.0151,-153.1004,-23.8571,-157.4454,-30.0712,-1.3150,1.2014,-1.2347,0.8361,-2.5252,-1.0060,163,0.2000,163,0,0.9787,0.0185,0.0028,-5.3648,-7.0419,-0.0288,-4.9887,-3.3336,0.0000,1,0.1161,0.1532,17.1290,0.0007
17.3403,IMM-UKF,jink,0.500,10.00,0.150,1,0.600,1,7.5584,5.1848,-2.3736,1.1755,0.2409,0.0988,0.1249,6.0000,6.2470,2.2353,16.3784,0.5555,-150.4468,-22.9535,-151.8902,-21.6497,-151.8099,-22.0151,-153.1836,-24.0424,-157.7363,-30.7004,-1.4434,1.3038,-1.3631,0.9385,-2.7368,-1.0889,163,0.2100,163,0,0.9787,0.0185,0.0028,-5.4127,-7.1201,-0.0284,-5.0283,-3.2735,0.0000,1,0.1161,0.1532,17.1290,0.0007
17.3503,IMM-UKF,jink,0.500,10.00,0.150,1,0.600,1,7.5246,5.1418,-2.3828,1.2029,0.2409,0.0988,0.1255,6.0000,6.2470,2.2361,17.6995,0.5565,-150.3121,-23.0604,-151.8902,-21.6497,-151.8099,-22.0151,-153.2722,-24.2383,-158.0555,-31.3624,-1.5781,1.4107,-1.4977,1.0454,-2.9601,-1.1779,163,0.2200,163,0,0.9787,0.0185,0.0028,-5.4608,-7.1971,-0.0279,-5.0673,-3.2129,0.0000,1,0.1161,0.1532,17.1290,0.0007
17.3603,IMM-UKF,jink,0.500,10.00,0.150,1,0.600,1,7.4898,5.0974,-2.3923,1.2310,0.2409,0.0988,0.1262,6.0000,6.2470,2.2370,19.0938,0.5576,-150.1711,-23.1719,-151.8902,-21.6497,-151.8099,-22.0151,-153.3666,-24.4450,-158.4061,-32.0593,-1.7191,1.5222,-1.6388,1.1569,-3.1955,-1.2730,163,0.2300,163,0,0.9787,0.0185,0.0028,-5.5090,-7.2728,-0.0273,-5.1054,-3.1519,0.0000,1,0.0926,0.1493,17.1290,-0.0008
17.3703,IMM-UKF,jink,0.500,10.00,0.150,1,0.600,1,7.4539,5.0518,-2.4021,1.2600,0.2409,0.0988,0.1268,6.0000,6.2470,2.2379,20.5649,0.5588,-150.0235,-23.2882,-151.8902,-21.6497,-151.8099,-22.0151,-153.4674,-24.6628,-158.7916,-32.7930,-1.8667,1.6384,-1.7863,1.2731,-3.4438,-1.3746,163,0.2400,163,0,0.9787,0.0185,0.0028,-5.5575,-7.3473,-0.0266,-5.1429,-3.0904,0.0000,1,0.0926,0.1493,17.1290,-0.0008
17.3803,IMM-UKF,jink,0.500,10.00,0.150,1,0.600,1,7.4170,5.0049,-2.4121,1.2898,0.2409,0.0988,0.1273,6.0000,6.2470,2.2389,22.1166,0.5600,-149.8695,-23.4092,-151.8902,-21.6497,-151.8099,-22.0151,-153.5753,-24.8922,-159.2161,-33.5655,-2.0207,1.7595,-1.9404,1.3942,-3.7057,-1.4830,163,0.2500,163,0,0.9787,0.0185,0.0028,-5.6061,-7.4206,-0.0258,-5.1796,-3.0285,0.0000,1,0.0926,0.1493,17.1290,-0.0008
17.3903,IMM-UKF,jink,0.500,10.00,0.150,1,0.600,1,7.3790,4.9568,-2.4222,1.3204,0.2409,0.0988,0.1279,6.0000,6.2470,2.2400,23.7531,0.5612,-149.7088,-23.5352,-151.8902,-21.6497,-151.8099,-22.0151,-153.6909,-25.1335,-159.6842,-34.3791,-2.1814,1.8854,-2.1010,1.5201,-3.9821,-1.5983,163,0.2600,163,0,0.9787,0.0185,0.0028,-5.6549,-7.4927,-0.0250,-5.2156,-2.9661,0.0000,1,0.0926,0.1493,17.1290,-0.0008
17.4003,IMM-UKF,jink,0.500,10.00,0.150,1,0.600,1,7.3400,5.0228,-2.3172,1.0336,0.2407,0.0983,0.1285,6.0000,6.4959,1.5068,7.8963,0.5625,-149.5414,-23.6662,-151.4571,-22.1205,-151.1845,-22.1578,-150.9785,-23.5771,-148.6737,-30.2250,-1.9156,1.5457,-1.6431,1.5084,-1.4371,0.0891,164,0.1600,164,0,0.9751,0.0211,0.0038,-5.7040,-7.5636,-0.0241,-5.2508,-2.9033,0.0000,1,0.0926,0.1493,17.2410,-0.0008
17.4103,IMM-UKF,jink,0.500,10.00,0.150,1,0.600,1,7.2999,4.9796,-2.3203,1.0560,0.2407,0.0983,0.1289,6.0000,6.4959,1.5055,8.7712,0.5639,-149.3672,-23.8024,-151.4571,-22.1205,-151.1845,-22.1578,-150.9675,-23.7396,-148.6787,-30.9009,-2.0899,1.6818,-1.8173,1.6446,-1.6003,0.0628,164,0.1700,164,0,0.9751,0.0211,0.0038,-5.7533,-7.6332,-0.0230,-5.2853,-2.8401,0.0000,1,0.0926,0.1493,17.2410,-0.0008
17.4203,IMM-UKF,jink,0.500,10.00,0.150,1,0.600,1,7.2589,4.9351,-2.3238,1.0793,0.2407,0.0983,0.1293,6.0000,6.4959,1.5043,9.7073,0.5653,-149.1859,-23.9438,-151.4571,-22.1205,-151.1845,-22.1578,-150.9604,-23.9126,-148.6980,-31.6186,-2.2711,1.8233,-1.9985,1.7860,-1.7745,0.0312,164,0.1800,164,0,0.9751,0.0211,0.0038,-5.8028,-7.7015,-0.0218,-5.3190,-2.7764,0.0000,1,0.0926,0.1493,17.2410,-0.0008
17.4303,IMM-UKF,jink,0.500,10.00,0.150,1,0.600,1,7.2169,4.8892,-2.3276,1.1035,0.2407,0.0983,0.1297,6.0000,6.4959,1.5030,10.7083,0.5667,-148.9977,-24.0907,-151.4571,-22.1205,-151.1845,-22.1578,-150.9579,-24.0965,-148.7338,-32.3815,-2.4594,1.9702,-2.1868,1.9329,-1.9602,-0.0058,164,0.1900,164,0,0.9751,0.0211,0.0038,-5.8526,-7.7686,-0.0205,-5.3519,-2.7124,0.0000,1,0.0926,0.1493,17.2410,-0.0008
17.4403,IMM-UKF,jink,0.500,10.00,0.150,1,0.600,1,7.1739,4.8421,-2.3317,1.1286,0.2407,0.0983,0.1301,6.0000,6.4959,1.5037,11.7760,0.5683,-148.8025,-24.2431,-151.4571,-22.1205,-151.1845,-22.1578,-150.9603,-24.2916,-148.7885,-33.1932,-2.6546,2.1226,-2.3820,2.0853,-2.1578,-0.0485,164,0.2000,164,0,0.9751,0.0211,0.0038,-5.9027,-7.8345,-0.0190,-5.3841,-2.6480,0.0000,1,0.0926,0.1493,17.2410,-0.0008
17.4503,IMM-UKF,jink,0.500,10.00,0.150,1,0.600,1,7.1299,4.7938,-2.3361,1.1546,0.2407,0.0983,0.1306,6.0000,6.4959,1.5068,12.9138,0.5700,-148.6005,-24.4013,-151.4571,-22.1205,-151.1845,-22.1578,-150.9683,-24.4985,-148.8649,-34.0578,-2.8566,2.2807,-2.5840,2.2435,-2.3679,-0.0972,164,0.2100,164,0,0.9751,0.0211,0.0038,-5.9531,-7.8990,-0.0172,-5.4154,-2.5832,0.0000,1,0.0926,0.1493,17.2410,-0.0008
17.4603,IMM-UKF,jink,0.500,10.00,0.150,1,0.600,1,7.0850,4.7444,-2.3406,1.1814,0.2407,0.0983,0.1311,6.0000,6.4959,1.5099,14.1288,0.5717,-148.3909,-24.5653,-151.4571,-22.1205,-151.1845,-22.1578,-150.9825,-24.7177,-148.9665,-34.9799,-3.0661,2.4448,-2.7935,2.4075,-2.5916,-0.1525,164,0.2200,164,0,0.9751,0.0211,0.0038,-6.0038,-7.9623,-0.0152,-5.4461,-2.5180,0.0000,1,0.1012,0.1410,17.2410,-0.0020
17.4703,IMM-UKF,jink,0.500,10.00,0.150,1,0.600,1,7.0391,4.6938,-2.3454,1.2091,0.2407,0.0983,0.1315,6.0000,6.4959,1.5131,15.4253,0.5734,-148.1737,-24.7354,-151.4571,-22.1205,-151.1845,-22.1578,-151.0035,-24.9500,-149.0971,-35.9647,-3.2833,2.6149,-3.0107,2.5776,-2.8297,-0.2147,164,0.2300,164,0,0.9751,0.0211,0.0038,-6.0548,-8.0244,-0.0129,-5.4759,-2.4525,0.0000,1,0.1012,0.1410,17.2410,-0.0020
17.4803,IMM-UKF,jink,0.500,10.00,0.150,1,0.600,1,6.9923,4.6421,-2.3502,1.2376,0.2407,0.0983,0.1319,6.0000,6.4959,1.5161,16.8089,0.5751,-147.9487,-24.9117,-151.4571,-22.1205,-151.1845,-22.1578,-151.0320,-25.1963,-149.2614,-37.0184,-3.5084,2.7912,-3.2358,2.7540,-3.0833,-0.2845,164,0.2400,164,0,0.9751,0.0211,0.0038,-6.1061,-8.0851,-0.0100,-5.5049,-2.3866,0.0000,1,0.1012,0.1410,17.2410,-0.0020
17.4903,IMM-UKF,jink,0.500,10.00,0.150,1,0.600,1,6.9447,4.5894,-2.3552,1.2670,0.2407,0.0983,0.1323,6.0000,6.4959,1.5193,18.2849,0.5768,-147.7157,-25.0945,-151.4571,-22.1205,-151.1845,-22.1578,-151.0688,-25.4576,-149.4649,-38.1485,-3.7414,2.9740,-3.4688,2.9367,-3.3531,-0.3631,164,0.2500,164,0,0.9751,0.0211,0.0038,-6.1578,-8.1445,-0.0065,-5.5332,-2.3204,0.0000,1,0.1012,0.1410,17.2410,-0.0020
17.5003,IMM-UKF,jink,0.500,10.00,0.150,1,0.600,1,6.8961,4.5358,-2.3603,1.2972,0.2407,0.0983,0.1327,6.0000,6.4959,1.5199,19.8627,0.5783,-147.4740,-25.2840,-151.4571,-22.1205,-151.1845,-22.1578,-151.1146,-25.7362,-149.7142,-39.3656,-3.9831,3.1635,-3.7105,3.1263,-3.6407,-0.4521,164,0.2600,164,0,0.9751,0.0211,0.0038,-6.2099,-8.2026,-0.0019,-5.5606,-2.2538,0.0000,1,0.1012,0.1410,17.2410,-0.0020
17.5103,IMM-UKF,jink,0.500,10.00,0.150,1,0.600,1,6.8467,4.5577,-2.2890,0.9455,0.2392,0.0977,0.1347,6.0000,6.5700,2.0964,6.5249,0.5798,-147.2236,-25.4806,-150.1711,-23.1719,-149.8005,-23.2482,-148.4012,-25.7287,-136.4077,-40.5487,-2.9475,2.3086,-2.5769,2.2324,-1.1776,-0.2481,165,0.1500,165,0,0.9785,0.0185,0.0029,-6.2623,-8.2593,0.0048,-5.5872,-2.1869,0.0000,1,0.1012,0.1410,17.3595,-0.0020
17.5203,IMM-UKF,jink,0.500,10.00,0.150,1,0.600,1,6.7964,4.5101,-2.2863,0.9665,0.2392,0.0977,0.1351,6.0000,6.5700,2.0956,7.5036,0.5813,-146.9646,-25.6848,-150.1711,-23.1719,-149.8005,-23.2482,-148.3118,-26.0052,-135.9314,-41.8206,-3.2065,2.5128,-2.8359,2.4366,-1.3473,-0.3205,165,0.1600,165,0,0.9785,0.0185,0.0029,-6.3148,-8.3145,0.0171,-5.6131,-2.1197,0.0000,1,0.1012,0.1410,17.3595,-0.0020
17.5303,IMM-UKF,jink,0.500,10.00,0.150,1,0.600,1,6.7459,4.4708,-2.2752,0.9883,0.2392,0.0977,0.1356,6.0000,6.5700,2.0947,8.7545,0.5827,-146.6965,-25.9018,-150.1711,-23.1719,-149.8005,-23.2482,-148.2190,-26.4245,-135.4688,-43.7267,-3.4746,2.7298,-3.1040,2.6536,-1.5226,-0.5227,165,0.1700,165,0,0.9785,0.0185,0.0029,-6.3533,-8.3511,0.1049,-5.6381,-2.0522,0.0000,1,0.1012,0.1410,17.3595,-0.0020
17.5403,IMM-UKF,jink,0.500,10.00,0.150,1,0.600,1,6.6976,4.4735,-2.2240,1.0113,0.2392,0.0977,0.1359,6.0000,6.5700,2.0938,8.7193,0.5840,-146.4154,-26.1145,-150.1711,-23.1719,-149.8005,-23.2482,-148.0084,-26.4016,-135.3992,-41.9569,-3.7557,2.9425,-3.3851,2.8663,-1.5930,-0.2871,165,0.1800,165,0,0.9785,0.0185,0.0029,-6.1946,-8.1581,0.1139,-5.6623,-1.9844,0.0000,1,0.1012,0.1410,17.3595,-0.0020
17.5503,IMM-UKF,jink,0.500,10.00,0.150,1,0.600,1,6.6512,4.4802,-2.1710,1.0353,0.2392,0.0977,0.1363,6.0000,6.5700,2.0929,8.9285,0.5852,-146.1212,-26.3220,-150.1711,-23.1719,-149.8005,-23.2482,-147.7860,-26.3367,-135.3295,-40.1719,-4.0499,3.1500,-3.6793,3.0738,-1.6648,-0.0148,165,0.1900,165,0,0.9785,0.0185,0.0029,-6.0349,-7.9658,0.1157,-5.6857,-1.9163,0.0000,1,0.1012,0.1410,17.3595,-0.0020
17.5603,IMM-UKF,jink,0.500,10.00,0.150,1,0.600,1,6.6070,4.4912,-2.1158,1.0602,0.2392,0.0977,0.1366,6.0000,6.5700,2.0919,9.4730,0.5863,-145.8138,-26.5238,-150.1711,-23.1719,-149.8005,-23.2482,-147.5522,-26.2391,-135.2585,-38.4263,-4.3572,3.3519,-3.9867,3.2756,-1.7384,0.2847,165,0.2000,165,0,0.9785,0.0185,0.0029,-5.8744,-7.7742,0.1154,-5.7083,-1.8480,0.0000,1,0.1012,0.1410,17.3595,-0.0020
17.5703,IMM-UKF,jink,0.500,10.00,0.150,1,0.600,1,6.5648,4.5066,-2.0582,1.0861,0.2392,0.0977,0.1369,6.0000,6.5700,2.0910,10.3814,0.5874,-145.4933,-26.7195,-150.1711,-23.1719,-149.8005,-23.2482,-147.3073,-26.1112,-135.1853,-36.7348,-4.6778,3.5476,-4.3073,3.4713,-1.8141,0.6084,165,0.2100,165,0,0.9785,0.0185,0.0029,-5.7128,-7.5833,0.1138,-5.7301,-1.7793,0.0000,1,0.0800,0.1461,17.3595,0.0017
17.5803,IMM-UKF,jink,0.500,10.00,0.150,1,0.600,1,6.5246,4.5264,-1.9983,1.1129,0.2392,0.0977,0.1372,6.0000,6.5700,2.0900,11.6394,0.5883,-145.1594,-26.9087,-150.1711,-23.1719,-149.8005,-23.2482,-147.0518,-25.9543,-135.1095,-35.1038,-5.0117,3.7368,-4.6411,3.6605,-1.8924,0.9544,165,0.2200,165,0,0.9785,0.0185,0.0029,-5.5504,-7.3933,0.1116,-5.7510,-1.7105,0.0000,1,0.0800,0.1461,17.3595,0.0017
17.5903,IMM-UKF,jink,0.500,10.00,0.150,1,0.600,1,6.4865,4.5506,-1.9359,1.1406,0.2392,0.0977,0.1374,6.0000,6.5700,2.0891,13.2089,0.5892,-144.8122,-27.0910,-150.1711,-23.1719,-149.8005,-23.2482,-146.7861,-25.7696,-135.0303,-33.5368,-5.3588,3.9191,-4.9883,3.8428,-1.9739,1.3214,165,0.2300,165,0,0.9785,0.0185,0.0029,-5.3869,-7.2042,0.1089,-5.7711,-1.6413,0.0000,1,0.0800,0.1461,17.3595,0.0017
17.6003,IMM-UKF,jink,0.500,10.00,0.150,1,0.600,1,6.4505,4.5794,-1.8711,1.1692,0.2392,0.0977,0.1376,6.0000,6.5700,2.0881,15.0454,0.5900,-144.4518,-27.2661,-150.1711,-23.1719,-149.8005,-23.2482,-146.5107,-25.5583,-134.9475,-32.0355,-5.7193,4.0941,-5.3487,4.0179,-2.0589,1.7078,165,0.2400,165,0,0.9785,0.0185,0.0029,-5.2225,-7.0159,0.1058,-5.7904,-1.5719,0.0000,1,0.0800,0.1461,17.3595,0.0017
17.6103,IMM-UKF,jink,0.500,10.00,0.150,1,0.600,1,6.4165,4.3743,-2.0421,0.8540,0.2382,0.0974,0.1388,6.0000,6.5140,1.0525,9.9113,0.5907,-144.0781,-27.4335,-148.3909,-24.5653,-148.3259,-24.7281,-145.2416,-26.1433,-129.6228,-31.9065,-4.3128,2.8682,-4.2478,2.7054,-1.1635,1.2902,166,0.1500,166,0,0.9788,0.0179,0.0033,-5.0570,-6.8286,0.1025,-5.8089,-1.5024,0.0000,1,0.0800,0.1461,17.4583,0.0017
17.6203,IMM-UKF,jink,0.500,10.00,0.150,1,0.600,1,6.3845,4.3890,-1.9955,0.8750,0.2382,0.0974,0.1390,6.0000,6.5140,1.0528,11.6061,0.5914,-143.6912,-27.5929,-148.3909,-24.5653,-148.3259,-24.7281,-144.9421,-26.0073,-129.6900,-30.5951,-4.6997,3.0276,-4.6347,2.8649,-1.2509,1.5857,166,0.1600,166,0,0.9788,0.0179,0.0033,-4.8904,-6.6422,0.0989,-5.8265,-1.4325,0.0000,1,0.0800,0.1461,17.4583,0.0017
17.6303,IMM-UKF,jink,0.500,10.00,0.150,1,0.600,1,6.3547,4.4082,-1.9465,0.8970,0.2382,0.0974,0.1392,6.0000,6.5140,1.0531,13.4538,0.5920,-143.2914,-27.7440,-148.3909,-24.5653,-148.3259,-24.7281,-144.6336,-25.8423,-129.7469,-29.3301,-5.0996,3.1787,-5.0346,3.0159,-1.3423,1.9017,166,0.1700,166,0,0.9788,0.0179,0.0033,-4.7228,-6.4568,0.0951,-5.8432,-1.3625,0.0000,1,0.0800,0.1461,17.4583,0.0017
17.6403,IMM-UKF,jink,0.500,10.00,0.150,1,0.600,1,6.3268,4.4319,-1.8949,0.9201,0.2382,0.0974,0.1393,6.0000,6.5140,1.0532,15.4428,0.5925,-142.8785,-27.8865,-148.3909,-24.5653,-148.3259,-24.7281,-144.3168,-25.6492,-129.7933,-28.1125,-5.5124,3.3212,-5.4474,3.1584,-1.4382,2.2373,166,0.1800,166,0,0.9788,0.0179,0.0033,-4.5540,-6.2724,0.0911,-5.8592,-1.2923,0.0000,1,0.0800,0.1461,17.4583,0.0017
17.6503,IMM-UKF,jink,0.500,10.00,0.150,1,0.600,1,6.3011,4.4602,-1.8409,0.9441,0.2382,0.0974,0.1395,6.0000,6.5140,1.0534,17.5621,0.5930,-142.4530,-28.0199,-148.3909,-24.5653,-148.3259,-24.7281,-143.9921,-25.4290,-129.8293,-26.9426,-5.9380,3.4546,-5.8730,3.2919,-1.5391,2.5909,166,0.1900,166,0,0.9788,0.0179,0.0033,-4.3841,-6.0890,0.0870,-5.8743,-1.2219,0.0000,1,0.0800,0.1461,17.4583,0.0017
17.6603,IMM-UKF,jink,0.500,10.00,0.150,1,0.600,1,6.2774,4.4931,-1.7843,0.9691,0.2382,0.0974,0.1396,6.0000,6.5140,1.0535,19.8011,0.5934,-142.0149,-28.1441,-148.3909,-24.5653,-148.3259,-24.7281,-143.6602,-25.1829,-129.8549,-25.8204,-6.3761,3.5788,-6.3111,3.4160,-1.6454,2.9612,166,0.2000,166,0,0.9788,0.0179,0.0033,-4.2131,-5.9067,0.0828,-5.8885,-1.1513,0.0000,1,0.1042,0.1459,17.4583,0.0010
17.6703,IMM-UKF,jink,0.500,10.00,0.150,1,0.600,1,6.2557,4.5306,-1.7252,0.9950,0.2382,0.0974,0.1397,6.0000,6.5140,1.0535,22.1491,0.5938,-141.5645,-28.2586,-148.3909,-24.5653,-148.3259,-24.7281,-143.3219,-24.9121,-129.8702,-24.7452,-6.8265,3.6933,-6.7615,3.5305,-1.7574,3.3465,166,0.2100,166,0,0.9788,0.0179,0.0033,-4.0408,-5.7256,0.0785,-5.9019,-1.0806,0.0000,1,0.1042,0.1459,17.4583,0.0010
17.6803,IMM-UKF,jink,0.500,10.00,0.150,1,0.600,1,6.2362,4.5725,-1.6637,1.0219,0.2382,0.0974,0.1398,6.0000,6.5140,1.0535,24.5900,0.5941,-141.1020,-28.3633,-148.3909,-24.5653,-148.3259,-24.7281,-142.9780,-24.6193,-129.8743,-23.7203,-7.2889,3.7980,-7.2239,3.6352,-1.8760,3.7440,166,0.2200,166,0,0.9788,0.0179,0.0033,-3.8681,-5.5463,0.0740,-5.9144,-1.0097,0.0000,1,0.1042,0.1459,17.4583,0.0010
17.6903,IMM-UKF,jink,0.500,10.00,0.150,1,0.600,1,6.2187,4.6186,-1.6001,1.0497,0.2382,0.0974,0.1399,6.0000,6.5140,1.0535,27.1035,0.5944,-140.6279,-28.4580,-148.3909,-24.5653,-148.3259,-24.7281,-142.6299,-24.3080,-129.8658,-22.7497,-7.7630,3.8927,-7.6980,3.7299,-2.0020,4.1500,166,0.2300,166,0,0.9788,0.0179,0.0033,-3.6960,-5.3701,0.0695,-5.9261,-0.9386,0.0000,1,0.1042,0.1459,17.4583,0.0010
17.7003,IMM-UKF,jink,0.500,10.00,0.150,1,0.600,1,6.2032,4.6688,-1.5344,1.0784,0.2382,0.0974,0.1399,6.0000,6.5140,1.0535,29.6788,0.5946,-140.1424,-28.5425,-148.3909,-24.5653,-148.3259,-24.7281,-142.2782,-23.9798,-129.8457,-21.8304,-8.2485,3.9773,-8.1835,3.8145,-2.1357,4.5628,166,0.2400,166,0,0.9788,0.0179,0.0033,-3.5245,-5.1969,0.0650,-5.9370,-0.8675,0.0000,1,0.1042,0.1459,17.4583,0.0010
17.7103,IMM-UKF,jink,0.500,10.00,0.150,1,0.600,1,6.1898,4.7230,-1.4668,1.1080,0.2382,0.0974,0.1400,6.0000,6.5140,1.0534,32.3047,0.5948,-139.6460,-28.6168,-148.3909,-24.5653,-148.3259,-24.7281,-141.9235,-23.6365,-129.8147,-20.9596,-8.7450,4.0516,-8.6800,3.8888,-2.2775,4.9804,166,0.2500,166,0,0.9788,0.0179,0.0033,-3.3536,-5.0267,0.0604,-5.9469,-0.7962,0.0000,1,0.1042,0.1459,17.4583,0.0010
17.7203,IMM-UKF,jink,0.500,10.00,0.150,1,0.600,1,6.1784,4.3548,-1.8235,0.7748,0.2379,0.0981,0.1404,6.0000,6.4890,1.4782,20.0871,0.5950,-139.1389,-28.6808,-145.4933,-26.7195,-145.7119,-26.5704,-140.9118,-25.7208,-126.0143,-22.1660,-6.3543,1.9613,-6.5729,2.1103,-1.7729,2.9600,167,0.1500,167,0,0.9821,0.0157,0.0023,-3.1832,-4.8596,0.0558,-5.9561,-0.7247,0.0000,1,0.1042,0.1459,17.5720,0.0010
17.7303,IMM-UKF,jink,0.500,10.00,0.150,1,0.600,1,6.1689,4.3914,-1.7775,0.7953,0.2379,0.0981,0.1405,6.0000,6.4890,1.4788,22.1837,0.5950,-138.6217,-28.7343,-145.4933,-26.7195,-145.7119,-26.5704,-140.5264,-25.4425,-126.0334,-21.3643,-6.8715,2.0148,-7.0901,2.1639,-1.9046,3.2919,167,0.1600,167,0,0.9821,0.0157,0.0023,-3.0134,-4.6954,0.0511,-5.9643,-0.6532,0.0000,1,0.1042,0.1459,17.5720,0.0010
17.7403,IMM-UKF,jink,0.500,10.00,0.150,1,0.600,1,6.1615,4.4320,-1.7294,0.8169,0.2379,0.0981,0.1405,6.0000,6.4890,1.4793,24.3592,0.5951,-138.0949,-28.7773,-145.4933,-26.7195,-145.7119,-26.5704,-140.1383,-25.1433,-126.0419,-20.5973,-7.3983,2.0578,-7.6169,2.2069,-2.0434,3.6340,167,0.1700,167,0,0.9821,0.0157,0.0023,-2.8442,-4.5343,0.0465,-5.9717,-0.5816,0.0000,1,0.1042,0.1459,17.5720,0.0010
17.7503,IMM-UKF,jink,0.500,10.00,0.150,1,0.600,1,6.1560,4.4767,-1.6793,0.8395,0.2379,0.0981,0.1406,6.0000,6.4890,1.4799,26.6041,0.5952,-137.5589,-28.8099,-145.4933,-26.7195,-145.7119,-26.5704,-139.7483,-24.8251,-126.0402,-19.8636,-7.9344,2.0903,-8.1530,2.2394,-2.1894,3.9848,167,0.1800,167,0,0.9821,0.0157,0.0023,-2.6755,-4.3762,0.0418,-5.9783,-0.5099,0.0000,1,0.1042,0.1459,17.5720,0.0010
17.7603,IMM-UKF,jink,0.500,10.00,0.150,1,0.600,1,6.1525,4.5254,-1.6272,0.8631,0.2379,0.0981,0.1406,6.0000,6.4890,1.4805,28.9086,0.5952,-137.0141,-28.8318,-145.4933,-26.7195,-145.7119,-26.5704,-139.3570,-24.4895,-126.0288,-19.1620,-8.4791,2.1123,-8.6977,2.2614,-2.3429,4.3423,167,0.1900,167,0,0.9821,0.0157,0.0023,-2.5074,-4.2211,0.0370,-5.9840,-0.4381,0.0000,1,0.1042,0.1459,17.5720,0.0010
17.7703,IMM-UKF,jink,0.500,10.00,0.150,1,0.600,1,6.1510,4.5780,-1.5730,0.8877,0.2379,0.0981,0.1406,6.0000,6.4890,1.4810,31.2636,0.5951,-136.4611,-28.8433,-145.4933,-26.7195,-145.7119,-26.5704,-138.9650,-24.1383,-126.0078,-18.4911,-9.0321,2.1237,-9.2507,2.2728,-2.5039,4.7049,167,0.2000,167,0,0.9821,0.0157,0.0023,-2.3398,-4.0690,0.0323,-5.9888,-0.3663,0.0000,1,0.1142,0.1503,17.5720,0.0004
17.7803,IMM-UKF,jink,0.500,10.00,0.150,1,0.600,1,6.1513,4.6345,-1.5169,0.9133,0.2379,0.0981,0.1407,6.0000,6.4890,1.4816,33.6592,0.5951,-135.9004,-28.8442,-145.4933,-26.7195,-145.7119,-26.5704,-138.5730,-23.7734,-125.9778,-17.8495,-9.5928,2.1247,-9.8114,2.2738,-2.6726,5.0708,167,0.2100,167,0,0.9821,0.0157,0.0023,-2.1729,-3.9198,0.0275,-5.9928,-0.2944,0.0000,1,0.1142,0.1503,17.5720,0.0004
17.7903,IMM-UKF,jink,0.500,10.00,0.150,1,0.600,1,6.1537,4.6949,-1.4588,0.9398,0.2379,0.0981,0.1407,6.0000,6.4890,1.4821,36.0865,0.5949,-135.3326,-28.8347,-145.4933,-26.7195,-145.7119,-26.5704,-138.1814,-23.3963,-125.9391,-17.2359,-10.1606,2.1152,-10.3792,2.2643,-2.8488,5.4384,167,0.2200,167,0,0.9821,0.0157,0.0023,-2.0064,-3.7736,0.0228,-5.9959,-0.2225,0.0000,1,0.1142,0.1503,17.5720,0.0004
17.8003,IMM-UKF,jink,0.500,10.00,0.150,1,0.600,1,6.1579,4.7592,-1.3987,0.9673,0.2379,0.0981,0.1407,6.0000,6.4890,1.4826,38.5368,0.5948,-134.7582,-28.8148,-145.4933,-26.7195,-145.7119,-26.5704,-137.7907,-23.0089,-125.8920,-16.6492,-10.7351,2.0953,-10.9537,2.2444,-3.0325,5.8059,167,0.2300,167,0,0.9821,0.0157,0.0023,-1.8406,-3.6304,0.0180,-5.9981,-0.1505,0.0000,1,0.1142,0.1503,17.5720,0.0004
17.8103,IMM-UKF,jink,0.500,10.00,0.150,1,0.600,1,6.1641,4.3944,-1.7697,0.7312,0.2384,0.1000,0.1402,6.0000,5.9611,1.4641,15.6186,0.5947,-134.1777,-28.7846,-142.0149,-28.1441,-142.2901,-28.1366,-135.9166,-26.6780,-120.3830,-22.0836,-7.8372,0.6405,-8.1124,0.6480,-1.7389,2.1066,168,0.1500,168,0,0.9722,0.0229,0.0049,-1.6754,-3.4901,0.0132,-5.9995,-0.0785,0.0000,1,0.1142,0.1503,17.6613,0.0004
17.8203,IMM-UKF,jink,0.500,10.00,0.150,1,0.600,1,6.1721,4.4442,-1.7279,0.7523,0.2384,0.1000,0.1402,6.0000,5.9611,1.4646,17.3105,0.5944,-133.5917,-28.7442,-142.0149,-28.1441,-142.2901,-28.1366,-135.4672,-26.3790,-120.4065,-21.4477,-8.4232,0.6002,-8.6984,0.6077,-1.8755,2.3652,168,0.1600,168,0,0.9722,0.0229,0.0049,-1.5107,-3.3527,0.0083,-6.0000,-0.0065,0.0000,1,0.1142,0.1503,17.6613,0.0004
17.8303,IMM-UKF,jink,0.500,10.00,0.150,1,0.600,1,6.1821,4.4978,-1.6843,0.7745,0.2384,0.1000,0.1402,6.0000,5.9611,1.4651,19.0697,0.5942,-133.0008,-28.6938,-142.0149,-28.1441,-142.2901,-28.1366,-135.0206,-26.0626,-120.4206,-20.8342,-9.0141,0.5498,-9.2893,0.5573,-2.0198,2.6312,168,0.1700,168,0,0.9722,0.0229,0.0049,-1.3466,-3.2182,0.0035,-5.9996,0.0655,0.0000,1,0.1142,0.1503,17.6613,0.0004
17.8403,IMM-UKF,jink,0.500,10.00,0.150,1,0.600,1,6.1939,4.5550,-1.6389,0.7978,0.2384,0.1000,0.1402,6.0000,5.9611,1.4656,20.8869,0.5939,-132.4055,-28.6335,-142.0149,-28.1441,-142.2901,-28.1366,-134.5774,-25.7306,-120.4253,-20.2426,-9.6093,0.4894,-9.8846,0.4970,-2.1718,2.9030,168,0.1800,168,0,0.9722,0.0229,0.0049,-1.1832,-3.0866,-0.0014,-5.9984,0.1375,0.0000,1,0.1142,0.1503,17.6613,0.0004
17.8503,IMM-UKF,jink,0.500,10.00,0.150,1,0.600,1,6.2077,4.6160,-1.5917,0.8221,0.2384,0.1000,0.1402,6.0000,5.9611,1.4661,22.7532,0.5935,-131.8064,-28.5635,-142.0149,-28.1441,-142.2901,-28.1366,-134.1380,-25.3845,-120.4212,-19.6723,-10.2084,0.4194,-10.4836,0.4269,-2.3315,3.1789,168,0.1900,168,0,0.9722,0.0229,0.0049,-1.0203,-2.9579,-0.0062,-5.9963,0.2094,0.0000,1,0.1142,0.1503,17.6613,0.0004
17.8603,IMM-UKF,jink,0.500,10.00,0.150,1,0.600,1,6.2233,4.6806,-1.5427,0.8474,0.2384,0.1000,0.1402,6.0000,5.9611,1.4665,24.6600,0.5932,-131.2041,-28.4839,-142.0149,-28.1441,-142.2901,-28.1366,-133.7028,-25.0263,-120.4084,-19.1225,-10.8107,0.3399,-11.0860,0.3474,-2.4987,3.4576,168,0.2000,168,0,0.9722,0.0229,0.0049,-0.8581,-2.8321,-0.0112,-5.9934,0.2814,0.0000,1,0.1142,0.1503,17.6613,0.0004
17.8703,IMM-UKF,jink,0.500,10.00,0.150,1,0.600,1,6.2407,4.7488,-1.4919,0.8738,0.2384,0.1000,0.1402,6.0000,5.9611,1.4670,26.5991,0.5927,-130.5991,-28.3950,-142.0149,-28.1441,-142.2901,-28.1366,-133.2722,-24.6574,-120.3874,-18.5925,-11.4158,0.2510,-11.6910,0.2585,-2.6732,3.7376,168,0.2100,168,0,0.9722,0.0229,0.0049,-0.6965,-2.7091,-0.0161,-5.9896,0.3533,0.0000,1,0.1142,0.1503,17.6613,0.0004
17.8803,IMM-UKF,jink,0.500,10.00,0.150,1,0.600,1,6.2600,4.8205,-1.4395,0.9011,0.2384,0.1000,0.1403,6.0000,5.9611,1.4674,28.5626,0.5923,-129.9919,-28.2970,-142.0149,-28.1441,-142.2901,-28.1366,-132.8466,-24.2795,-120.3583,-18.0816,-12.0229,0.1530,-12.2982,0.1605,-2.8546,4.0175,168,0.2200,168,0,0.9722,0.0229,0.0049,-0.5356,-2.5889,-0.0210,-5.9849,0.4251,0.0000,1,0.1142,0.1503,17.6613,0.0004
17.8903,IMM-UKF,jink,0.500,10.00,0.150,1,0.600,1,6.2812,4.8958,-1.3853,0.9293,0.2384,0.1000,0.1403,6.0000,5.9611,1.4678,30.5434,0.5918,-129.3831,-28.1902,-142.0149,-28.1441,-142.2901,-28.1366,-132.4259,-23.8941,-120.3215,-17.5892,-12.6317,0.0461,-12.9069,0.0536,-3.0428,4.2961,168,0.2300,168,0,0.9722,0.0229,0.0049,-0.3753,-2.4715,-0.0260,-5.9794,0.4969,0.0000,1,0.1181,0.1587,17.6613,-0.0018
17.9003,IMM-UKF,jink,0.500,10.00,0.150,1,0.600,1,6.3042,4.9746,-1.3295,0.9585,0.2384,0.1000,0.1403,6.0000,5.9611,1.4682,32.5348,0.5912,-128.7733,-28.0748,-142.0149,-28.1441,-142.2901,-28.1366,-132.0106,-23.5026,-120.2774,-17.1144,-13.2416,-0.0693,-13.5168,-0.0618,-3.2373,4.5722,168,0.2400,168,0,0.9722,0.0229,0.0049,-0.2157,-2.3569,-0.0310,-5.9730,0.5686,0.0000,1,0.1181,0.1587,17.6613,-0.0018
17.9103,IMM-UKF,jink,0.500,10.00,0.150,1,0.600,1,6.3290,5.0569,-1.2721,0.9886,0.2384,0.1000,0.1403,6.0000,5.9611,1.4686,34.5301,0.5906,-128.1629,-27.9509,-142.0149,-28.1441,-142.2901,-28.1366,-131.6007,-23.1063,-120.2261,-16.6567,-13.8520,-0.1931,-14.1272,-0.1856,-3.4378,4.8446,168,0.2500,168,0,0.9722,0.0229,0.0049,-0.0568,-2.2451,-0.0361,-5.9657,0.6403,0.0000,1,0.1181,0.1587,17.6613,-0.0018
17.9203,IMM-UKF,jink,0.500,10.00,0.150,1,0.600,1,6.3556,5.1425,-1.2130,1.0196,0.2384,0.1000,0.1403,6.0000,5.9611,1.4690,36.5240,0.5899,-127.5524,-27.8190,-142.0149,-28.1441,-142.2901,-28.1366,-131.1964,-22.7065,-120.1681,-16.2153,-14.4624,-0.3250,-14.7377,-0.3175,-3.6439,5.1125,168,0.2600,168,0,0.9722,0.0229,0.0049,0.1014,-2.1359,-0.0412,-5.9576,0.7118,0.0000,1,0.1181,0.1587,17.6613,-0.0018
17.9303,IMM-UKF,jink,0.500,10.00,0.150,1,0.600,1,6.3840,4.5955,-1.7885,0.7488,0.2374,0.1007,0.1413,6.0000,5.3444,2.5795,18.2654,0.5891,-126.9424,-27.6794,-136.4611,-28.8433,-136.8480,-28.5798,-129.1721,-25.3719,-115.6188,-18.5017,-9.5188,-1.1639,-9.9057,-0.9004,-2.2298,2.3075,169,0.1600,169,0,0.9783,0.0191,0.0026,0.2590,-2.0295,-0.0464,-5.9487,0.7832,0.0000,1,0.1181,0.1587,17.7707,-0.0018
17.9403,IMM-UKF,jink,0.500,10.00,0.150,1,0.600,1,6.4142,4.6624,-1.7518,0.7713,0.2374,0.1007,0.1413,6.0000,5.3444,2.5803,19.8004,0.5883,-126.3332,-27.5322,-136.4611,-28.8433,-136.8480,-28.5798,-128.7238,-25.0152,-115.5994,-18.0475,-10.1279,-1.3110,-10.5148,-1.0476,-2.3906,2.5171,169,0.1700,169,0,0.9783,0.0191,0.0026,0.4157,-1.9257,-0.0516,-5.9388,0.8546,0.0000,1,0.1181,0.1587,17.7707,-0.0018
17.9503,IMM-UKF,jink,0.500,10.00,0.150,1,0.600,1,6.4462,4.7328,-1.7134,0.7948,0.2374,0.1007,0.1413,6.0000,5.3444,2.5812,21.3704,0.5875,-125.7253,-27.3779,-136.4611,-28.8433,-136.8480,-28.5798,-128.2826,-24.6491,-115.5735,-17.6070,-10.7358,-1.4654,-11.1227,-1.2019,-2.5573,2.7288,169,0.1800,169,0,0.9783,0.0191,0.0026,0.5718,-1.8246,-0.0569,-5.9281,0.9258,0.0000,1,0.1181,0.1587,17.7707,-0.0018
17.9603,IMM-UKF,jink,0.500,10.00,0.150,1,0.600,1,6.4800,4.8065,-1.6735,0.8193,0.2374,0.1007,0.1413,6.0000,5.3444,2.5820,22.9688,0.5865,-125.1192,-27.2167,-136.4611,-28.8433,-136.8480,-28.5798,-127.8488,-24.2751,-115.5412,-17.1796,-11.3419,-1.6266,-11.7288,-1.3632,-2.7296,2.9416,169,0.1900,169,0,0.9783,0.0191,0.0026,0.7271,-1.7262,-0.0623,-5.9166,0.9968,0.0000,1,0.1181,0.1587,17.7707,-0.0018
17.9703,IMM-UKF,jink,0.500,10.00,0.150,1,0.600,1,6.5155,4.8836,-1.6320,0.8448,0.2374,0.1007,0.1414,6.0000,5.3444,2.5829,24.5897,0.5855,-124.5152,-27.0489,-136.4611,-28.8433,-136.8480,-28.5798,-127.4222,-23.8944,-115.5026,-16.7650,-11.9459,-1.7944,-12.3328,-1.5309,-2.9070,3.1545,169,0.2000,169,0,0.9783,0.0191,0.0026,0.8816,-1.6303,-0.0678,-5.9042,1.0678,0.0000,1,0.1181,0.1587,17.7707,-0.0018
17.9803,IMM-UKF,jink,0.500,10.00,0.150,1,0.600,1,6.5528,4.9639,-1.5889,0.8713,0.2374,0.1007,0.1414,6.0000,5.3444,2.5839,26.2275,0.5844,-123.9138,-26.8749,-136.4611,-28.8433,-136.8480,-28.5798,-127.0031,-23.5085,-115.4581,-16.3626,-12.5473,-1.9684,-12.9342,-1.7050,-3.0893,3.3664,169,0.2100,169,0,0.9783,0.0191,0.0026,1.0354,-1.5369,-0.0735,-5.8910,1.1385,0.0000,1,0.1181,0.1587,17.7707,-0.0018
17.9903,IMM-UKF,jink,0.500,10.00,0.150,1,0.600,1,6.5918,5.0474,-1.5444,0.8988,0.2374,0.1007,0.1414,6.0000,5.3444,2.5849,27.8771,0.5833,-123.3153,-26.6949,-136.4611,-28.8433,-136.8480,-28.5798,-126.5913,-23.1183,-115.4077,-15.9718,-13.1458,-2.1484,-13.5327,-1.8849,-3.2760,3.5766,169,0.2200,169,0,0.9783,0.0191,0.0026,1.1883,-1.4462,-0.0794,-5.8769,1.2092,0.0000,1,0.1181,0.1587,17.7707,-0.0018
18.0003,IMM-UKF,jink,0.500,10.00,0.150,1,0.600,1,6.6325,5.1342,-1.4984,0.9272,0.2374,0.1007,0.1414,6.0000,5.3444,2.5860,29.5341,0.5821,-122.7201,-26.5093,-136.4611,-28.8433,-136.8480,-28.5798,-126.1868,-22.7249,-115.3518,-15.5921,-13.7411,-2.3339,-14.1280,-2.0705,-3.4667,3.7844,169,0.2300,169,0,0.9783,0.0191,0.0026,1.3405,-1.3579,-0.0855,-5.8620,1.2796,0.0000,1,0.1181,0.1587,17.7707,-0.0018
18.0103,IMM-UKF,jink,0.500,10.00,0.150,1,0.600,1,6.6759,5.2240,-1.4519,0.9565,0.2374,0.1007,0.1413,6.0000,5.3444,2.5825,31.1527,0.5808,-122.1394,-26.3145,-136.4611,-28.8433,-136.8480,-28.5798,-125.7917,-22.3277,-115.2947,-15.2198,-14.3217,-2.5287,-14.7086,-2.2653,-3.6523,3.9869,169,0.2400,169,0,0.9783,0.0191,0.0026,1.4914,-1.2714,-0.0924,-5.8769,1.2092,0.0000,1,0.0966,0.1577,17.7707,0.0012
18.0203,IMM-UKF,jink,0.500,10.00,0.150,1,0.600,1,6.7218,5.3169,-1.4049,0.9867,0.2374,0.1007,0.1410,6.0000,5.3444,2.5791,32.7406,0.5796,-121.5726,-26.1110,-136.4611,-28.8433,-136.8480,-28.5798,-125.4060,-21.9260,-115.2364,-14.8517,-14.8885,-2.7323,-15.2754,-2.4688,-3.8334,4.1850,169,0.2500,169,0,0.9783,0.0191,0.0026,1.6412,-1.1866,-0.1009,-5.8910,1.1385,0.0000,1,0.0966,0.1577,17.7707,0.0012
18.0303,IMM-UKF,jink,0.500,10.00,0.150,1,0.600,1,6.7702,5.4125,-1.3577,1.0178,0.2374,0.1007,0.1406,6.0000,5.3444,2.5759,34.3126,0.5784,-121.0201,-25.8991,-136.4611,-28.8433,-136.8480,-28.5798,-125.0300,-21.5169,-115.1773,-14.4804,-15.4410,-2.9442,-15.8279,-2.6807,-4.0099,4.3822,169,0.2600,169,0,0.9783,0.0191,0.0026,1.7897,-1.1036,-0.1123,-5.9042,1.0678,0.0000,1,0.0966,0.1577,17.7707,0.0012
18.0403,IMM-UKF,jink,0.500,10.00,0.150,1,0.600,1,6.8210,5.5102,-1.3109,1.0496,0.2374,0.1007,0.1399,6.0000,5.3444,2.5729,35.9356,0.5773,-120.4821,-25.6789,-136.4611,-28.8433,-136.8480,-28.5798,-124.6639,-21.0861,-115.1176,-14.0779,-15.9790,-3.1644,-16.3659,-2.9010,-4.1818,4.5927,169,0.2700,169,0,0.9783,0.0191,0.0026,1.9362,-1.0225,-0.1324,-5.9166,0.9968,0.0000,1,0.0966,0.1577,17.7707,0.0012
18.0503,IMM-UKF,jink,0.500,10.00,0.150,1,0.600,1,6.8718,4.9956,-1.8761,0.7739,0.2389,0.1025,0.1377,6.0000,4.7679,3.1620,14.9694,0.5763,-119.9613,-25.4465,-129.3831,-28.1902,-129.7540,-27.7753,-121.9529,-23.7222,-109.8744,-16.2429,-9.4219,-2.7437,-9.7927,-2.3287,-1.9916,1.7244,170,0.1600,170,0,0.9777,0.0195,0.0028,1.8892,-1.0239,-0.3086,-5.9281,0.9258,0.0000,1,0.0966,0.1577,17.8886,0.0012
18.0603,IMM-UKF,jink,0.500,10.00,0.150,1,0.600,1,6.9217,5.0185,-1.9032,0.7971,0.2389,0.1025,0.1367,6.0000,4.7679,3.1601,15.2796,0.5755,-119.4589,-25.2206,-129.3831,-28.1902,-129.7540,-27.7753,-121.6624,-23.6425,-109.7669,-16.3856,-9.9243,-2.9696,-10.2951,-2.5547,-2.2035,1.5781,170,0.1700,170,0,0.9777,0.0195,0.0028,1.7043,-1.0826,-0.3139,-5.9388,0.8546,0.0000,1,0.0966,0.1577,17.8886,0.0012
18.0703,IMM-UKF,jink,0.500,10.00,0.150,1,0.600,1,6.9709,5.0390,-1.9319,0.8214,0.2389,0.1025,0.1357,6.0000,4.7679,3.1584,15.6294,0.5747,-118.9743,-25.0015,-129.3831,-28.1902,-129.7540,-27.7753,-121.3869,-23.5940,-109.6619,-16.5779,-10.4089,-3.1887,-10.7797,-2.7737,-2.4127,1.4075,170,0.1800,170,0,0.9777,0.0195,0.0028,1.5208,-1.1402,-0.3106,-5.9487,0.7832,0.0000,1,0.0966,0.1577,17.8886,0.0012
18.0803,IMM-UKF,jink,0.500,10.00,0.150,1,0.600,1,7.0193,5.0567,-1.9625,0.8468,0.2389,0.1025,0.1344,6.0000,4.7679,3.1567,16.0667,0.5739,-118.5068,-24.7894,-129.3831,-28.1902,-129.7540,-27.7753,-121.1258,-23.5671,-109.5594,-16.7938,-10.8764,-3.4008,-11.2473,-2.9858,-2.6190,1.2223,170,0.1900,170,0,0.9777,0.0195,0.0028,1.3388,-1.1965,-0.3043,-5.9576,0.7118,0.0000,1,0.0966,0.1577,17.8886,0.0012
18.0903,IMM-UKF,jink,0.500,10.00,0.150,1,0.600,1,7.0668,5.0717,-1.9952,0.8732,0.2389,0.1025,0.1335,6.0000,4.7679,3.1604,16.6119,0.5727,-118.0542,-24.5843,-129.3831,-28.1902,-129.7540,-27.7753,-120.8782,-23.5590,-109.4592,-17.0270,-11.3289,-3.6059,-11.6998,-3.1910,-2.8239,1.0252,170,0.2000,170,0,0.9777,0.0195,0.0028,1.1585,-1.2516,-0.2967,-5.9657,0.6403,0.0000,1,0.0966,0.1577,17.8886,0.0012
18.1003,IMM-UKF,jink,0.500,10.00,0.150,1,0.600,1,7.1136,5.0839,-2.0297,0.9005,0.2389,0.1025,0.1324,6.0000,4.7679,3.1653,17.2631,0.5712,-117.6173,-24.3860,-129.3831,-28.1902,-129.7540,-27.7753,-120.6434,-23.5686,-109.3614,-17.2753,-11.7659,-3.8042,-12.1367,-3.3892,-3.0261,0.8174,170,0.2100,170,0,0.9777,0.0195,0.0028,0.9797,-1.3056,-0.2882,-5.9730,0.5686,0.0000,1,0.0966,0.1577,17.8886,0.0012
18.1103,IMM-UKF,jink,0.500,10.00,0.150,1,0.600,1,7.1595,5.0933,-2.0662,0.9289,0.2389,0.1025,0.1314,6.0000,4.7679,3.1677,18.0138,0.5698,-117.1965,-24.1945,-129.3831,-28.1902,-129.7540,-27.7753,-120.4210,-23.5950,-109.2658,-17.5377,-12.1866,-3.9957,-12.5575,-3.5807,-3.2245,0.5995,170,0.2200,170,0,0.9777,0.0195,0.0028,0.8025,-1.3585,-0.2793,-5.9794,0.4969,0.0000,1,0.1000,0.1554,17.8886,-0.0013
18.1203,IMM-UKF,jink,0.500,10.00,0.150,1,0.600,1,7.2045,5.1000,-2.1045,0.9582,0.2389,0.1025,0.1305,6.0000,4.7679,3.1664,18.8592,0.5688,-116.7917,-24.0097,-129.3831,-28.1902,-129.7540,-27.7753,-120.2104,-23.6378,-109.1722,-17.8140,-12.5914,-4.1805,-12.9623,-3.7656,-3.4187,0.3718,170,0.2300,170,0,0.9777,0.0195,0.0028,0.6269,-1.4103,-0.2701,-5.9849,0.4251,0.0000,1,0.1000,0.1554,17.8886,-0.0013
18.1303,IMM-UKF,jink,0.500,10.00,0.150,1,0.600,1,7.2487,5.1040,-2.1446,0.9885,0.2389,0.1025,0.1295,6.0000,4.7679,3.1652,19.8017,0.5678,-116.4012,-23.8313,-129.3831,-28.1902,-129.7540,-27.7753,-120.0110,-23.6966,-109.0807,-18.1040,-12.9819,-4.3589,-13.3528,-3.9440,-3.6098,0.1347,170,0.2400,170,0,0.9777,0.0195,0.0028,0.4529,-1.4610,-0.2607,-5.9896,0.3533,0.0000,1,0.1000,0.1554,17.8886,-0.0013
18.1403,IMM-UKF,jink,0.500,10.00,0.150,1,0.600,1,7.2919,5.1054,-2.1865,1.0197,0.2389,0.1025,0.1284,6.0000,4.7679,3.1641,20.8371,0.5669,-116.0246,-23.6593,-129.3831,-28.1902,-129.7540,-27.7753,-119.8224,-23.7711,-108.9910,-18.4081,-13.3586,-4.5309,-13.7295,-4.1160,-3.7979,-0.1118,170,0.2500,170,0,0.9777,0.0195,0.0028,0.2804,-1.5108,-0.2511,-5.9934,0.2814,0.0000,1,0.1000,0.1554,17.8886,-0.0013
18.1503,IMM-UKF,jink,0.500,10.00,0.150,1,0.600,1,7.3342,5.1042,-2.2301,1.0518,0.2389,0.1025,0.1272,6.0000,4.7679,3.1630,21.9611,0.5661,-115.6613,-23.4935,-129.3831,-28.1902,-129.7540,-27.7753,-119.6443,-23.8611,-108.9030,-18.7265,-13.7219,-4.6967,-14.0927,-4.2817,-3.9830,-0.3676,170,0.2600,170,0,0.9777,0.0195,0.0028,0.1095,-1.5596,-0.2415,-5.9963,0.2094,0.0000,1,0.1000,0.1554,17.8886,-0.0013
18.1603,IMM-UKF,jink,0.500,10.00,0.150,1,0.600,1,7.3756,5.1003,-2.2752,1.0847,0.2389,0.1025,0.1258,6.0000,4.7679,3.1619,23.1699,0.5653,-115.3110,-23.3339,-129.3831,-28.1902,-129.7540,-27.7753,-119.4762,-23.9665,-108.8167,-19.0598,-14.0722,-4.8563,-14.4430,-4.4414,-4.1652,-0.6326,170,0.2700,170,0,0.9777,0.0195,0.0028,-0.0599,-1.6075,-0.2319,-5.9984,0.1375,0.0000,1,0.1000,0.1554,17.8886,-0.0013
18.1703,IMM-UKF,jink,0.500,10.00,0.150,1,0.600,1,7.4160,4.9483,-2.4677,0.8212,0.2398,0.1029,0.1236,6.0000,4.1276,2.2549,13.6010,0.5646,-114.9732,-23.1802,-122.1394,-26.3145,-122.4856,-26.0950,-116.4486,-25.0107,-103.3949,-21.8850,-7.1662,-3.1343,-7.5124,-2.9148,-1.4753,-1.8305,171,0.1600,171,0,0.9783,0.0190,0.0027,-0.2277,-1.6545,-0.2223,-5.9996,0.0655,0.0000,1,0.1000,0.1554,18.0115,-0.0013
18.1803,IMM-UKF,jink,0.500,10.00,0.150,1,0.600,1,7.4554,4.9518,-2.5035,0.8444,0.2398,0.1029,0.1220,6.0000,4.1276,2.2533,14.9103,0.5639,-114.6476,-23.0324,-122.1394,-26.3145,-122.4856,-26.0950,-116.1691,-25.1001,-103.1601,-22.2630,-7.4918,-3.2822,-7.8380,-3.0626,-1.5215,-2.0677,171,0.1700,171,0,0.9783,0.0190,0.0027,-0.3940,-1.7007,-0.2127,-6.0000,-0.0065,0.0000,1,0.1000,0.1554,18.0115,-0.0013
18.1903,IMM-UKF,jink,0.500,10.00,0.150,1,0.600,1,7.4938,4.9528,-2.5410,0.8686,0.2398,0.1029,0.1204,6.0000,4.1276,2.2517,16.2866,0.5632,-114.3338,-22.8903,-122.1394,-26.3145,-122.4856,-26.0950,-115.8978,-25.2060,-102.9204,-22.6582,-7.8056,-3.4242,-8.1518,-3.2047,-1.5639,-2.3157,171,0.1800,171,0,0.9783,0.0190,0.0027,-0.5588,-1.7460,-0.2032,-5.9995,-0.0785,0.0000,1,0.1000,0.1554,18.0115,-0.0013
18.2003,IMM-UKF,jink,0.500,10.00,0.150,1,0.600,1,7.5312,4.9511,-2.5800,0.8937,0.2398,0.1029,0.1187,6.0000,4.1276,2.2502,17.7294,0.5626,-114.0315,-22.7538,-122.1394,-26.3145,-122.4856,-26.0950,-115.6340,-25.3283,-102.6753,-23.0714,-8.1079,-3.5607,-8.4541,-3.3412,-1.6025,-2.5744,171,0.1900,171,0,0.9783,0.0190,0.0027,-0.7220,-1.7905,-0.1937,-5.9981,-0.1505,0.0000,1,0.1000,0.1554,18.0115,-0.0013
18.2103,IMM-UKF,jink,0.500,10.00,0.150,1,0.600,1,7.5675,4.9470,-2.6205,0.9198,0.2398,0.1029,0.1169,6.0000,4.1276,2.2488,19.2388,0.5621,-113.7402,-22.6228,-122.1394,-26.3145,-122.4856,-26.0950,-115.3772,-25.4669,-102.4240,-23.5032,-8.3992,-3.6917,-8.7453,-3.4721,-1.6370,-2.8440,171,0.2000,171,0,0.9783,0.0190,0.0027,-0.8838,-1.8343,-0.1843,-5.9959,-0.2225,0.0000,1,0.1000,0.1554,18.0115,-0.0013
18.2203,IMM-UKF,jink,0.500,10.00,0.150,1,0.600,1,7.6029,4.9404,-2.6625,0.9469,0.2398,0.1029,0.1150,6.0000,4.1276,2.2475,20.8153,0.5616,-113.4598,-22.4972,-122.1394,-26.3145,-122.4856,-26.0950,-115.1270,-25.6218,-102.1660,-23.9544,-8.6796,-3.8173,-9.0258,-3.5977,-1.6672,-3.1246,171,0.2100,171,0,0.9783,0.0190,0.0027,-1.0440,-1.8773,-0.1750,-5.9928,-0.2944,0.0000,1,0.1128,0.1434,18.0115,0.0020
18.2303,IMM-UKF,jink,0.500,10.00,0.150,1,0.600,1,7.6372,4.9313,-2.7058,0.9749,0.2398,0.1029,0.1130,6.0000,4.1276,2.2462,22.4600,0.5611,-113.1899,-22.3769,-122.1394,-26.3145,-122.4856,-26.0950,-114.8827,-25.7932,-101.9007,-24.4260,-8.9496,-3.9376,-9.2957,-3.7180,-1.6929,-3.4163,171,0.2200,171,0,0.9783,0.0190,0.0027,-1.2027,-1.9196,-0.1658,-5.9888,-0.3663,0.0000,1,0.1128,0.1434,18.0115,0.0020
18.2403,IMM-UKF,jink,0.500,10.00,0.150,1,0.600,1,7.6704,4.9199,-2.7505,1.0038,0.2398,0.1029,0.1110,6.0000,4.1276,2.2450,24.1740,0.5607,-112.9301,-22.2618,-122.1394,-26.3145,-122.4856,-26.0950,-114.6441,-25.9811,-101.6271,-24.9187,-9.2093,-4.0528,-9.5555,-3.8332,-1.7139,-3.7193,171,0.2300,171,0,0.9783,0.0190,0.0027,-1.3599,-1.9613,-0.1566,-5.9840,-0.4381,0.0000,1,0.1128,0.1434,18.0115,0.0020
18.2503,IMM-UKF,jink,0.500,10.00,0.150,1,0.600,1,7.7025,4.9061,-2.7964,1.0336,0.2398,0.1029,0.1089,6.0000,4.1276,2.2439,25.9592,0.5603,-112.6803,-22.1517,-122.1394,-26.3145,-122.4856,-26.0950,-114.4105,-26.1856,-101.3447,-25.4337,-9.4591,-4.1629,-9.8053,-3.9433,-1.7302,-4.0339,171,0.2400,171,0,0.9783,0.0190,0.0027,-1.5156,-2.0023,-0.1476,-5.9783,-0.5099,0.0000,1,0.1128,0.1434,18.0115,0.0020
18.2603,IMM-UKF,jink,0.500,10.00,0.150,1,0.600,1,7.7336,4.8901,-2.8435,1.0642,0.2398,0.1029,0.1067,6.0000,4.1276,2.2428,27.8176,0.5599,-112.4402,-22.0465,-122.1394,-26.3145,-122.4856,-26.0950,-114.1815,-26.4070,-101.0523,-25.9719,-9.6992,-4.2680,-10.0454,-4.0484,-1.7414,-4.3605,171,0.2500,171,0,0.9783,0.0190,0.0027,-1.6699,-2.0427,-0.1387,-5.9717,-0.5816,0.0000,1,0.1128,0.1434,18.0115,0.0020
18.2703,IMM-UKF,jink,0.500,10.00,0.150,1,0.600,1,7.7636,4.9640,-2.7996,0.8605,0.2420,0.1033,0.1023,6.0000,4.1598,2.2125,7.8509,0.5596,-112.2095,-21.9463,-117.1965,-24.1945,-117.4755,-23.9224,-111.6335,-23.1458,-96.7028,-19.9475,-4.9870,-2.2483,-5.2661,-1.9761,0.5759,-1.1995,172,0.1600,172,0,0.9722,0.0234,0.0044,-1.8226,-2.0824,-0.1298,-5.9643,-0.6532,0.0000,1,0.1128,0.1434,18.1091,0.0020
18.2803,IMM-UKF,jink,0.500,10.00,0.150,1,0.600,1,7.7925,4.9533,-2.8392,0.8839,0.2420,0.1033,0.0999,6.0000,4.1598,2.2117,9.0037,0.5594,-111.9880,-21.8508,-117.1965,-24.1945,-117.4755,-23.9224,-111.3219,-23.2241,-96.2990,-20.2914,-5.2086,-2.3438,-5.4876,-2.0716,0.6660,-1.3733,172,0.1700,172,0,0.9722,0.0234,0.0044,-1.9739,-2.1216,-0.1211,-5.9561,-0.7247,0.0000,1,0.1128,0.1434,18.1091,0.0020
18.2903,IMM-UKF,jink,0.500,10.00,0.150,1,0.600,1,7.8203,4.9402,-2.8801,0.9083,0.2420,0.1033,0.0976,6.0000,4.1598,2.2111,10.2234,0.5591,-111.7754,-21.7600,-117.1965,-24.1945,-117.4755,-23.9224,-111.0131,-23.3167,-95.8804,-20.6518,-5.4211,-2.4346,-5.7001,-2.1624,0.7624,-1.5567,172,0.1800,172,0,0.9722,0.0234,0.0044,-2.1238,-2.1603,-0.1125,-5.9469,-0.7962,0.0000,1,0.1128,0.1434,18.1091,0.0020
18.3003,IMM-UKF,jink,0.500,10.00,0.150,1,0.600,1,7.8469,4.9247,-2.9222,0.9336,0.2420,0.1033,0.0951,6.0000,4.1598,2.2104,11.5116,0.5589,-111.5716,-21.6738,-117.1965,-24.1945,-117.4755,-23.9224,-110.7063,-23.4236,-95.4457,-21.0296,-5.6249,-2.5208,-5.9039,-2.2486,0.8653,-1.7498,172,0.1900,172,0,0.9722,0.0234,0.0044,-2.2722,-2.1984,-0.1040,-5.9370,-0.8675,0.0000,1,0.1128,0.1434,18.1091,0.0020
18.3103,IMM-UKF,jink,0.500,10.00,0.150,1,0.600,1,7.8725,4.9069,-2.9656,0.9599,0.2420,0.1033,0.0926,6.0000,4.1598,2.2099,12.8700,0.5588,-111.3764,-21.5921,-117.1965,-24.1945,-117.4755,-23.9224,-110.4012,-23.5449,-94.9936,-21.4255,-5.8201,-2.6025,-6.0991,-2.3303,0.9752,-1.9529,172,0.2000,172,0,0.9722,0.0234,0.0044,-2.4192,-2.2360,-0.0957,-5.9261,-0.9386,0.0000,1,0.1128,0.1434,18.1091,0.0020
18.3203,IMM-UKF,jink,0.500,10.00,0.150,1,0.600,1,7.8969,4.8868,-3.0101,0.9871,0.2420,0.1033,0.0904,6.0000,4.1598,2.2138,14.2978,0.5578,-111.1883,-21.5148,-117.1965,-24.1945,-117.4755,-23.9224,-110.0970,-23.6808,-94.5227,-21.8403,-6.0082,-2.6797,-6.2872,-2.4075,1.0913,-2.1660,172,0.2100,172,0,0.9722,0.0234,0.0044,-2.5647,-2.2732,-0.0874,-5.9144,-1.0097,0.0000,1,0.1128,0.1434,18.1091,0.0020
18.3303,IMM-UKF,jink,0.500,10.00,0.150,1,0.600,1,7.9202,4.8645,-3.0557,1.0152,0.2420,0.1033,0.0881,6.0000,4.1598,2.2180,15.7999,0.5568,-111.0085,-21.4420,-117.1965,-24.1945,-117.4755,-23.9224,-109.7933,-23.8313,-94.0314,-22.2748,-6.1881,-2.7526,-6.4671,-2.4804,1.2152,-2.3894,172,0.2200,172,0,0.9722,0.0234,0.0044,-2.7088,-2.3098,-0.0793,-5.9019,-1.0806,0.0000,1,0.1128,0.1434,18.1091,0.0020
18.3403,IMM-UKF,jink,0.500,10.00,0.150,1,0.600,1,7.9424,4.8400,-3.1024,1.0442,0.2420,0.1033,0.0859,6.0000,4.1598,2.2200,17.3803,0.5561,-110.8372,-21.3734,-117.1965,-24.1945,-117.4755,-23.9224,-109.4893,-23.9967,-93.5180,-22.7301,-6.3593,-2.8211,-6.6384,-2.5489,1.3479,-2.6233,172,0.2300,172,0,0.9722,0.0234,0.0044,-2.8515,-2.3461,-0.0712,-5.8885,-1.1513,0.0000,1,0.1147,0.1552,18.1091,-0.0019
18.3503,IMM-UKF,jink,0.500,10.00,0.150,1,0.600,1,7.9634,4.8134,-3.1500,1.0741,0.2420,0.1033,0.0839,6.0000,4.1598,2.2194,19.0421,0.5559,-110.6745,-21.3091,-117.1965,-24.1945,-117.4755,-23.9224,-109.1846,-24.1772,-92.9805,-23.2070,-6.5220,-2.8854,-6.8011,-2.6133,1.4899,-2.8680,172,0.2400,172,0,0.9722,0.0234,0.0044,-2.9928,-2.3819,-0.0633,-5.8743,-1.2219,0.0000,1,0.1147,0.1552,18.1091,-0.0019
18.3603,IMM-UKF,jink,0.500,10.00,0.150,1,0.600,1,7.9833,4.7846,-3.1987,1.1049,0.2420,0.1033,0.0818,6.0000,4.1598,2.2187,20.7868,0.5558,-110.5194,-21.2490,-117.1965,-24.1945,-117.4755,-23.9224,-108.8784,-24.3730,-92.4170,-23.7066,-6.6771,-2.9456,-6.9561,-2.6734,1.6410,-3.1240,172,0.2500,172,0,0.9722,0.0234,0.0044,-3.1327,-2.4174,-0.0555,-5.8592,-1.2923,0.0000,1,0.1147,0.1552,18.1091,-0.0019
18.3703,IMM-UKF,jink,0.500,10.00,0.150,1,0.600,1,8.0021,5.0963,-2.9058,0.8596,0.2417,0.1022,0.0799,6.0000,4.3295,2.4654,8.6080,0.5557,-110.3720,-21.1929,-113.4598,-22.4972,-113.8977,-22.5816,-109.8786,-22.5568,-97.1940,-21.5789,-3.0878,-1.3043,-3.5257,-1.3887,0.4934,-1.3639,173,0.1500,173,0,0.9775,0.0196,0.0028,-3.2712,-2.4524,-0.0479,-5.8432,-1.3625,0.0000,1,0.1147,0.1552,18.2223,-0.0019
18.3803,IMM-UKF,jink,0.500,10.00,0.150,1,0.600,1,8.0196,5.0792,-2.9405,0.8815,0.2417,0.1022,0.0777,6.0000,4.3295,2.4643,9.6415,0.5557,-110.2319,-21.1409,-113.4598,-22.4972,-113.8977,-22.5816,-109.6383,-22.6552,-96.8191,-21.9693,-3.2279,-1.3563,-3.6658,-1.4407,0.5936,-1.5143,173,0.1600,173,0,0.9775,0.0196,0.0028,-3.4083,-2.4871,-0.0403,-5.8265,-1.4325,0.0000,1,0.1147,0.1552,18.2223,-0.0019
18.3903,IMM-UKF,jink,0.500,10.00,0.150,1,0.600,1,8.0361,5.0598,-2.9763,0.9043,0.2417,0.1022,0.0755,6.0000,4.3295,2.4631,10.7429,0.5557,-110.0991,-21.0929,-113.4598,-22.4972,-113.8977,-22.5816,-109.3988,-22.7666,-96.4278,-22.3789,-3.3607,-1.4043,-3.7986,-1.4887,0.7003,-1.6737,173,0.1700,173,0,0.9775,0.0196,0.0028,-3.5440,-2.5215,-0.0329,-5.8089,-1.5024,0.0000,1,0.1147,0.1552,18.2223,-0.0019
18.4003,IMM-UKF,jink,0.500,10.00,0.150,1,0.600,1,8.0513,5.0382,-3.0131,0.9281,0.2417,0.1022,0.0732,6.0000,4.3295,2.4621,11.9130,0.5557,-109.9735,-21.0489,-113.4598,-22.4972,-113.8977,-22.5816,-109.1598,-22.8910,-96.0188,-22.8084,-3.4863,-1.4484,-3.9242,-1.5327,0.8137,-1.8422,173,0.1800,173,0,0.9775,0.0196,0.0028,-3.6784,-2.5556,-0.0256,-5.7904,-1.5719,0.0000,1,0.1147,0.1552,18.2223,-0.0019
18.4103,IMM-UKF,jink,0.500,10.00,0.150,1,0.600,1,8.0654,5.0145,-3.0509,0.9529,0.2417,0.1022,0.0708,6.0000,4.3295,2.4611,13.1530,0.5559,-109.8549,-21.0087,-113.4598,-22.4972,-113.8977,-22.5816,-108.9207,-23.0287,-95.5906,-23.2590,-3.6049,-1.4885,-4.0428,-1.5729,0.9341,-2.0200,173,0.1900,173,0,0.9775,0.0196,0.0028,-3.8114,-2.5894,-0.0184,-5.7711,-1.6413,0.0000,1,0.1147,0.1552,18.2223,-0.0019
18.4203,IMM-UKF,jink,0.500,10.00,0.150,1,0.600,1,8.0784,4.9887,-3.0897,0.9785,0.2417,0.1022,0.0684,6.0000,4.3295,2.4601,14.4648,0.5560,-109.7432,-20.9724,-113.4598,-22.4972,-113.8977,-22.5816,-108.6811,-23.1797,-95.1415,-23.7317,-3.7167,-1.5248,-4.1545,-1.6092,1.0620,-2.2072,173,0.2000,173,0,0.9775,0.0196,0.0028,-3.9431,-2.6229,-0.0113,-5.7510,-1.7105,0.0000,1,0.1147,0.1552,18.2223,-0.0019
18.4303,IMM-UKF,jink,0.500,10.00,0.150,1,0.600,1,8.0902,4.9608,-3.1294,1.0051,0.2417,0.1022,0.0660,6.0000,4.3295,2.4593,15.8501,0.5562,-109.6382,-20.9399,-113.4598,-22.4972,-113.8977,-22.5816,-108.4405,-23.3442,-94.6695,-24.2274,-3.8216,-1.5573,-4.2594,-1.6417,1.1978,-2.4043,173,0.2100,173,0,0.9775,0.0196,0.0028,-4.0734,-2.6561,-0.0044,-5.7301,-1.7793,0.0000,1,0.1147,0.1552,18.2223,-0.0019
18.4403,IMM-UKF,jink,0.500,10.00,0.150,1,0.600,1,8.1008,4.9308,-3.1700,1.0326,0.2417,0.1022,0.0636,6.0000,4.3295,2.4584,17.3115,0.5565,-109.5400,-20.9112,-113.4598,-22.4972,-113.8977,-22.5816,-108.1983,-23.5225,-94.1728,-24.7475,-3.9198,-1.5861,-4.3576,-1.6704,1.3418,-2.6113,173,0.2200,173,0,0.9775,0.0196,0.0028,-4.2024,-2.6891,0.0024,-5.7083,-1.8480,0.0000,1,0.1147,0.1552,18.2223,-0.0019
18.4503,IMM-UKF,jink,0.500,10.00,0.150,1,0.600,1,8.1103,4.8989,-3.2114,1.0610,0.2417,0.1022,0.0617,6.0000,4.3295,2.4700,18.8460,0.5553,-109.4462,-20.8862,-113.4598,-22.4972,-113.8977,-22.5816,-107.9540,-23.7148,-93.6489,-25.2931,-4.0136,-1.6110,-4.4515,-1.6954,1.4922,-2.8286,173,0.2300,173,0,0.9775,0.0196,0.0028,-4.3301,-2.7219,0.0091,-5.6857,-1.9163,0.0000,1,0.1147,0.1552,18.2223,-0.0019
18.4603,IMM-UKF,jink,0.500,10.00,0.150,1,0.600,1,8.1186,4.8650,-3.2535,1.0902,0.2417,0.1022,0.0617,6.0000,4.3295,2.5222,20.4434,0.5528,-109.3515,-20.8649,-113.4598,-22.4972,-113.8977,-22.5816,-107.7072,-23.9214,-93.0955,-25.8656,-4.1083,-1.6323,-4.5462,-1.7167,1.6443,-3.0565,173,0.2400,173,0,0.9775,0.0196,0.0028,-4.4564,-2.7544,0.0157,-5.6623,-1.9844,0.0000,1,0.0985,0.1559,18.2223,0.0014
18.4703,IMM-UKF,jink,0.500,10.00,0.150,1,0.600,1,8.1257,4.8293,-3.2964,1.1203,0.2417,0.1022,0.0617,6.0000,4.3295,2.5737,22.1239,0.5541,-109.2633,-20.8475,-113.4598,-22.4972,-113.8977,-22.5816,-107.4572,-24.1427,-92.5097,-26.4662,-4.1965,-1.6497,-4.6344,-1.7341,1.8061,-3.2952,173,0.2500,173,0,0.9775,0.0196,0.0028,-4.5814,-2.7868,0.0222,-5.6381,-2.0522,0.0000,1,0.0985,0.1559,18.2223,0.0014
18.4803,IMM-UKF,jink,0.500,10.00,0.150,1,0.600,1,8.1316,4.7916,-3.3400,1.1512,0.2417,0.1022,0.0632,6.0000,4.3295,2.5904,23.9082,0.5550,-109.1878,-20.8338,-113.4598,-22.4972,-113.8977,-22.5816,-107.2034,-24.3791,-91.8885,-27.0963,-4.2720,-1.6635,-4.7099,-1.7479,1.9845,-3.5453,173,0.2600,173,0,0.9775,0.0196,0.0028,-4.7052,-2.8190,0.0285,-5.6131,-2.1197,0.0000,1,0.0985,0.1559,18.2223,0.0014
18.4903,IMM-UKF,jink,0.500,10.00,0.150,1,0.600,1,8.1364,4.7522,-3.3842,1.1830,0.2417,0.1022,0.0656,6.0000,4.3295,2.5892,25.7929,0.5540,-109.1219,-20.8236,-113.4598,-22.4972,-113.8977,-22.5816,-106.9451,-24.6309,-91.2285,-27.7575,-4.3379,-1.6736,-4.7758,-1.7580,2.1768,-3.8072,173,0.2700,173,0,0.9775,0.0196,0.0028,-4.8276,-2.8511,0.0348,-5.5872,-2.1869,0.0000,1,0.0985,0.1559,18.2223,0.0014
18.5003,IMM-UKF,jink,0.500,10.00,0.150,1,0.600,1,8.1400,5.3334,-2.8066,0.9278,0.2433,0.1019,0.0663,6.0000,5.2069,0.8908,10.2340,0.5531,-109.0622,-20.8171,-110.8372,-21.3734,-110.8902,-21.2426,-107.2969,-21.2761,-95.7073,-20.2589,-1.7750,-0.5563,-1.8281,-0.4255,1.7653,-0.4590,174,0.1600,174,0,0.9754,0.0212,0.0034,-4.9488,-2.8830,0.0409,-5.5606,-2.2538,0.0000,1,0.0985,0.1559,18.3384,0.0014
18.5103,IMM-UKF,jink,0.500,10.00,0.150,1,0.600,1,8.1425,5.3090,-2.8335,0.9511,0.2433,0.1019,0.0685,6.0000,5.2069,0.8909,11.2418,0.5522,-109.0086,-20.8142,-110.8372,-21.3734,-110.8902,-21.2426,-107.0814,-21.3576,-95.3083,-20.5919,-1.8286,-0.5593,-1.8816,-0.4284,1.9273,-0.5435,174,0.1700,174,0,0.9754,0.0212,0.0034,-5.0686,-2.9148,0.0469,-5.5332,-2.3204,0.0000,1,0.0985,0.1559,18.3384,0.0014
18.5203,IMM-UKF,jink,0.500,10.00,0.150,1,0.600,1,8.1438,5.2825,-2.8613,0.9753,0.2433,0.1019,0.0706,6.0000,5.2069,0.8910,12.3076,0.5514,-108.9611,-20.8148,-110.8372,-21.3734,-110.8902,-21.2426,-106.8640,-21.4496,-94.8901,-20.9409,-1.8760,-0.5587,-1.9291,-0.4278,2.0971,-0.6348,174,0.1800,174,0,0.9754,0.0212,0.0034,-5.1872,-2.9466,0.0527,-5.5049,-2.3866,0.0000,1,0.0985,0.1559,18.3384,0.0014
18.5303,IMM-UKF,jink,0.500,10.00,0.150,1,0.600,1,8.1439,5.2541,-2.8898,1.0004,0.2433,0.1019,0.0727,6.0000,5.2069,0.8910,13.4340,0.5507,-108.9197,-20.8189,-110.8372,-21.3734,-110.8902,-21.2426,-106.6444,-21.5520,-94.4511,-21.3066,-1.9175,-0.5545,-1.9705,-0.4236,2.2753,-0.7331,174,0.1900,174,0,0.9754,0.0212,0.0034,-5.3046,-2.9782,0.0585,-5.4759,-2.4525,0.0000,1,0.0985,0.1559,18.3384,0.0014
18.5403,IMM-UKF,jink,0.500,10.00,0.150,1,0.600,1,8.1429,5.2238,-2.9191,1.0264,0.2433,0.1019,0.0747,6.0000,5.2069,0.8910,14.6235,0.5501,-108.8843,-20.8266,-110.8372,-21.3734,-110.8902,-21.2426,-106.4222,-21.6650,-93.9894,-21.6898,-1.9529,-0.5468,-2.0060,-0.4159,2.4621,-0.8384,174,0.2000,174,0,0.9754,0.0212,0.0034,-5.4206,-3.0097,0.0641,-5.4461,-2.5180,0.0000,1,0.0985,0.1559,18.3384,0.0014
18.5503,IMM-UKF,jink,0.500,10.00,0.150,1,0.600,1,8.1407,5.1916,-2.9491,1.0534,0.2433,0.1019,0.0767,6.0000,5.2069,0.8909,15.8787,0.5495,-108.8548,-20.8379,-110.8372,-21.3734,-110.8902,-21.2426,-106.1967,-21.7887,-93.5034,-22.0914,-1.9824,-0.5356,-2.0355,-0.4047,2.6581,-0.9508,174,0.2100,174,0,0.9754,0.0212,0.0034,-5.5355,-3.0412,0.0696,-5.4154,-2.5832,0.0000,1,0.0985,0.1559,18.3384,0.0014
18.5603,IMM-UKF,jink,0.500,10.00,0.150,1,0.600,1,8.1373,5.1576,-2.9797,1.0812,0.2433,0.1019,0.0786,6.0000,5.2069,0.8907,17.2022,0.5490,-108.8311,-20.8526,-110.8372,-21.3734,-110.8902,-21.2426,-105.9675,-21.9232,-92.9908,-22.5121,-2.0061,-0.5208,-2.0591,-0.3900,2.8636,-1.0706,174,0.2200,174,0,0.9754,0.0212,0.0034,-5.6490,-3.0726,0.0750,-5.3841,-2.6480,0.0000,1,0.0878,0.1521,18.3384,-0.0018
18.5703,IMM-UKF,jink,0.500,10.00,0.150,1,0.600,1,8.1328,5.1218,-3.0111,1.1099,0.2433,0.1019,0.0804,6.0000,5.2069,0.8904,18.5968,0.5485,-108.8133,-20.8709,-110.8372,-21.3734,-110.8902,-21.2426,-105.7341,-22.0688,-92.4496,-22.9527,-2.0238,-0.5025,-2.0769,-0.3717,3.0792,-1.1979,174,0.2300,174,0,0.9754,0.0212,0.0034,-5.7614,-3.1040,0.0803,-5.3519,-2.7124,0.0000,1,0.0878,0.1521,18.3384,-0.0018
18.5803,IMM-UKF,jink,0.500,10.00,0.150,1,0.600,1,8.1272,5.0842,-3.0430,1.1394,0.2433,0.1019,0.0822,6.0000,5.2069,0.8901,20.0657,0.5481,-108.8014,-20.8927,-110.8372,-21.3734,-110.8902,-21.2426,-105.4960,-22.2256,-91.8772,-23.4143,-2.0358,-0.4807,-2.0889,-0.3499,3.3054,-1.3329,174,0.2400,174,0,0.9754,0.0212,0.0034,-5.8725,-3.1355,0.0854,-5.3190,-2.7764,0.0000,1,0.0878,0.1521,18.3384,-0.0018
18.5903,IMM-UKF,jink,0.500,10.00,0.150,1,0.600,1,8.1203,5.0449,-3.0754,1.1698,0.2433,0.1019,0.0839,6.0000,5.2069,0.8898,21.6120,0.5478,-108.7952,-20.9180,-110.8372,-21.3734,-110.8902,-21.2426,-105.2525,-22.3938,-91.2710,-23.8978,-2.0420,-0.4554,-2.0950,-0.3245,3.5427,-1.4757,174,0.2500,174,0,0.9754,0.0212,0.0034,-5.9823,-3.1669,0.0905,-5.2853,-2.8401,0.0000,1,0.0878,0.1521,18.3384,-0.0018
18.6003,IMM-UKF,jink,0.500,10.00,0.150,1,0.600,1,8.1124,5.0039,-3.1084,1.2011,0.2433,0.1019,0.0855,6.0000,5.2069,0.8893,23.2393,0.5475,-108.7948,-20.9469,-110.8372,-21.3734,-110.8902,-21.2426,-105.0030,-22.5737,-90.6279,-24.4040,-2.0424,-0.4265,-2.0955,-0.2957,3.7918,-1.6268,174,0.2600,174,0,0.9754,0.0212,0.0034,-6.0910,-3.1983,0.0954,-5.2508,-2.9033,0.0000,1,0.0878,0.1521,18.3384,-0.0018
18.6103,IMM-UKF,jink,0.500,10.00,0.150,1,0.600,1,8.1032,4.9613,-3.1419,1.2331,0.2433,0.1019,0.0873,6.0000,5.2069,0.8913,24.9462,0.5479,-108.7991,-20.9793,-110.8372,-21.3734,-110.8902,-21.2426,-104.7469,-22.7655,-89.9448,-24.9339,-2.0381,-0.3942,-2.0911,-0.2633,4.0522,-1.7862,174,0.2700,174,0,0.9754,0.0212,0.0034,-6.1984,-3.2297,0.1001,-5.2156,-2.9661,0.0000,1,0.0878,0.1521,18.3384,-0.0018
18.6203,IMM-UKF,jink,0.500,10.00,0.150,1,0.600,1,8.0930,5.6028,-2.4902,0.9631,0.2440,0.1011,0.0884,6.0000,6.0610,2.0282,6.4950,0.5483,-108.8092,-21.0152,-109.3515,-20.8649,-109.6088,-20.6388,-107.6469,-20.9815,-101.3988,-21.7427,-0.5423,0.1503,-0.7996,0.3764,1.1622,0.0338,175,0.1600,175,0,0.9722,0.0241,0.0037,-6.3047,-3.2612,0.1048,-5.1796,-3.0285,0.0000,1,0.0878,0.1521,18.4617,-0.0018
18.6303,IMM-UKF,jink,0.500,10.00,0.150,1,0.600,1,8.0816,5.5763,-2.5053,0.9861,0.2440,0.1011,0.0901,6.0000,6.0610,2.0313,7.2002,0.5486,-108.8249,-21.0548,-109.3515,-20.8649,-109.6088,-20.6388,-107.5354,-21.0730,-101.1773,-22.0936,-0.5266,0.1899,-0.7839,0.4160,1.2894,-0.0182,175,0.1700,175,0,0.9722,0.0241,0.0037,-6.4097,-3.2928,0.1093,-5.1429,-3.0904,0.0000,1,0.0878,0.1521,18.4617,-0.0018
18.6403,IMM-UKF,jink,0.500,10.00,0.150,1,0.600,1,8.0690,5.5480,-2.5211,1.0100,0.2440,0.1011,0.0919,6.0000,6.0610,2.0317,7.9642,0.5486,-108.8470,-21.0979,-109.3515,-20.8649,-109.6088,-20.6388,-107.4222,-21.1734,-100.9428,-22.4609,-0.5045,0.2330,-0.7618,0.4591,1.4248,-0.0755,175,0.1800,175,0,0.9722,0.0241,0.0037,-6.5135,-3.3244,0.1137,-5.1054,-3.1519,0.0000,1,0.0878,0.1521,18.4617,-0.0018
18.6503,IMM-UKF,jink,0.500,10.00,0.150,1,0.600,1,8.0554,5.5179,-2.5374,1.0348,0.2440,0.1011,0.0938,6.0000,6.0610,2.0309,8.7860,0.5485,-108.8750,-21.1446,-109.3515,-20.8649,-109.6088,-20.6388,-107.3069,-21.2827,-100.6940,-22.8453,-0.4765,0.2797,-0.7337,0.5058,1.5681,-0.1381,175,0.1900,175,0,0.9722,0.0241,0.0037,-6.6162,-3.3562,0.1180,-5.0673,-3.2129,0.0000,1,0.0909,0.1485,18.4617,-0.0016
18.6603,IMM-UKF,jink,0.500,10.00,0.150,1,0.600,1,8.0406,5.4861,-2.5544,1.0605,0.2440,0.1011,0.0955,6.0000,6.0610,2.0301,9.6660,0.5485,-108.9087,-21.1949,-109.3515,-20.8649,-109.6088,-20.6388,-107.1891,-21.4011,-100.4298,-23.2476,-0.4427,0.3300,-0.7000,0.5561,1.7196,-0.2062,175,0.2000,175,0,0.9722,0.0241,0.0037,-6.7176,-3.3880,0.1222,-5.0283,-3.2735,0.0000,1,0.0909,0.1485,18.4617,-0.0016
18.6703,IMM-UKF,jink,0.500,10.00,0.150,1,0.600,1,8.0247,5.4526,-2.5720,1.0871,0.2440,0.1011,0.0972,6.0000,6.0610,2.0292,10.6057,0.5485,-108.9482,-21.2488,-109.3515,-20.8649,-109.6088,-20.6388,-107.0686,-21.5287,-100.1488,-23.6688,-0.4033,0.3839,-0.6606,0.6100,1.8795,-0.2798,175,0.2100,175,0,0.9722,0.0241,0.0037,-6.8179,-3.4199,0.1262,-4.9887,-3.3336,0.0000,1,0.0909,0.1485,18.4617,-0.0016
18.6803,IMM-UKF,jink,0.500,10.00,0.150,1,0.600,1,8.0076,5.4175,-2.5901,1.1146,0.2440,0.1011,0.0989,6.0000,6.0610,2.0283,11.6069,0.5485,-108.9932,-21.3064,-109.3515,-20.8649,-109.6088,-20.6388,-106.9449,-21.6655,-99.8494,-24.1097,-0.3583,0.4415,-0.6155,0.6676,2.0483,-0.3591,175,0.2200,175,0,0.9722,0.0241,0.0037,-6.9170,-3.4520,0.1301,-4.9483,-3.3932,0.0000,1,0.0909,0.1485,18.4617,-0.0016
18.6903,IMM-UKF,jink,0.500,10.00,0.150,1,0.600,1,7.9895,5.3807,-2.6088,1.1430,0.2440,0.1011,0.1005,6.0000,6.0610,2.0273,12.6714,0.5487,-109.0440,-21.3677,-109.3515,-20.8649,-109.6088,-20.6388,-106.8176,-21.8118,-99.5300,-24.5713,-0.3075,0.5028,-0.5648,0.7289,2.2264,-0.4440,175,0.2300,175,0,0.9722,0.0241,0.0037,-7.0149,-3.4842,0.1339,-4.9073,-3.4524,0.0000,1,0.0909,0.1485,18.4617,-0.0016
18.7003,IMM-UKF,jink,0.500,10.00,0.150,1,0.600,1,7.9702,5.3423,-2.6279,1.1722,0.2440,0.1011,0.1021,6.0000,6.0610,2.0263,13.8016,0.5488,-109.1004,-21.4328,-109.3515,-20.8649,-109.6088,-20.6388,-106.6863,-21.9676,-99.1888,-25.0547,-0.2511,0.5679,-0.5083,0.7940,2.4141,-0.5349,175,0.2400,175,0,0.9722,0.0241,0.0037,-7.1117,-3.5166,0.1375,-4.8655,-3.5110,0.0000,1,0.0909,0.1485,18.4617,-0.0016
18.7103,IMM-UKF,jink,0.500,10.00,0.150,1,0.600,1,7.9498,5.3023,-2.6475,1.2023,0.2440,0.1011,0.1036,6.0000,6.0610,2.0252,14.9996,0.5491,-109.1626,-21.5016,-109.3515,-20.8649,-109.6088,-20.6388,-106.5506,-22.1332,-98.8238,-25.5609,-0.1889,0.6366,-0.4462,0.8627,2.6120,-0.6317,175,0.2500,175,0,0.9722,0.0241,0.0037,-7.2073,-3.5492,0.1410,-4.8230,-3.5691,0.0000,1,0.0909,0.1485,18.4617,-0.0016
18.7203,IMM-UKF,jink,0.500,10.00,0.150,1,0.600,1,7.9284,5.5456,-2.3827,0.9958,0.2428,0.0998,0.1062,6.0000,6.3160,1.3573,11.1868,0.5493,-109.2304,-21.5741,-108.8311,-20.8526,-108.7007,-20.6613,-107.2208,-21.6290,-101.7904,-25.2113,0.3993,0.7215,0.5297,0.9129,2.0097,-0.0549,176,0.1600,176,0,0.9719,0.0239,0.0042,-7.3017,-3.5819,0.1443,-4.7798,-3.6267,0.0000,1,0.0909,0.1485,18.5585,-0.0016
18.7303,IMM-UKF,jink,0.500,10.00,0.150,1,0.600,1,7.9058,5.5138,-2.3920,1.0190,0.2428,0.0998,0.1076,6.0000,6.3160,1.3576,12.1508,0.5497,-109.3041,-21.6505,-108.8311,-20.8526,-108.7007,-20.6613,-107.1222,-21.7627,-101.5378,-25.6603,0.4730,0.7979,0.6034,0.9893,2.1819,-0.1121,176,0.1700,176,0,0.9719,0.0239,0.0042,-7.3950,-3.6149,0.1476,-4.7360,-3.6838,0.0000,1,0.0909,0.1485,18.5585,-0.0016
18.7403,IMM-UKF,jink,0.500,10.00,0.150,1,0.600,1,7.8821,5.4803,-2.4018,1.0431,0.2428,0.0998,0.1090,6.0000,6.3160,1.3578,13.1731,0.5501,-109.3835,-21.7308,-108.8311,-20.8526,-108.7007,-20.6613,-107.0202,-21.9051,-101.2672,-26.1293,0.5524,0.8782,0.6828,1.0695,2.3634,-0.1743,176,0.1800,176,0,0.9719,0.0239,0.0042,-7.4871,-3.6480,0.1506,-4.6914,-3.7404,0.0000,1,0.0909,0.1485,18.5585,-0.0016
18.7503,IMM-UKF,jink,0.500,10.00,0.150,1,0.600,1,7.8574,5.4453,-2.4121,1.0681,0.2428,0.0998,0.1102,6.0000,6.3160,1.3579,14.2559,0.5505,-109.4688,-21.8150,-108.8311,-20.8526,-108.7007,-20.6613,-106.9144,-22.0565,-100.9768,-26.6194,0.6376,0.9624,0.7681,1.1538,2.5544,-0.2415,176,0.1900,176,0,0.9719,0.0239,0.0042,-7.5780,-3.6814,0.1535,-4.6462,-3.7964,0.0000,1,0.1177,0.1465,18.5585,0.0009
18.7603,IMM-UKF,jink,0.500,10.00,0.150,1,0.600,1,7.8316,5.4088,-2.4228,1.0940,0.2428,0.0998,0.1115,6.0000,6.3160,1.3581,15.4018,0.5510,-109.5599,-21.9032,-108.8311,-20.8526,-108.7007,-20.6613,-106.8044,-22.2170,-100.6650,-27.1314,0.7287,1.0506,0.8592,1.2419,2.7554,-0.3138,176,0.2000,176,0,0.9719,0.0239,0.0042,-7.6678,-3.7150,0.1563,-4.6003,-3.8519,0.0000,1,0.1177,0.1465,18.5585,0.0009
18.7703,IMM-UKF,jink,0.500,10.00,0.150,1,0.600,1,7.8047,5.3708,-2.4340,1.1207,0.2428,0.0998,0.1126,6.0000,6.3160,1.3581,16.6130,0.5516,-109.6568,-21.9954,-108.8311,-20.8526,-108.7007,-20.6613,-106.6898,-22.3866,-100.3296,-27.6664,0.8257,1.1428,0.9561,1.3341,2.9670,-0.3913,176,0.2100,176,0,0.9719,0.0239,0.0042,-7.7565,-3.7489,0.1589,-4.5537,-3.9068,0.0000,1,0.1177,0.1465,18.5585,0.0009
18.7803,IMM-UKF,jink,0.500,10.00,0.150,1,0.600,1,7.7768,5.3313,-2.4455,1.1484,0.2428,0.0998,0.1138,6.0000,6.3160,1.3582,17.8924,0.5522,-109.7598,-22.0917,-108.8311,-20.8526,-108.7007,-20.6613,-106.5701,-22.5657,-99.9685,-28.2254,0.9286,1.2390,1.0591,1.4304,3.1896,-0.4740,176,0.2200,176,0,0.9719,0.0239,0.0042,-7.8440,-3.7831,0.1613,-4.5065,-3.9612,0.0000,1,0.1177,0.1465,18.5585,0.0009
18.7903,IMM-UKF,jink,0.500,10.00,0.150,1,0.600,1,7.7478,5.2903,-2.4575,1.1768,0.2428,0.0998,0.1148,6.0000,6.3160,1.3581,19.2426,0.5529,-109.8687,-22.1920,-108.8311,-20.8526,-108.7007,-20.6613,-106.4449,-22.7542,-99.5791,-28.8095,1.0376,1.3394,1.1680,1.5308,3.4238,-0.5622,176,0.2300,176,0,0.9719,0.0239,0.0042,-7.9304,-3.8175,0.1636,-4.4587,-4.0150,0.0000,1,0.1177,0.1465,18.5585,0.0009
18.8003,IMM-UKF,jink,0.500,10.00,0.150,1,0.600,1,7.7178,5.4509,-2.2668,0.9903,0.2433,0.0992,0.1154,6.0000,6.4322,0.9025,9.2323,0.5536,-109.9837,-22.2966,-108.8750,-21.1446,-108.8646,-21.2938,-108.5319,-23.0625,-107.6820,-31.0402,1.1086,1.1521,1.1191,1.0029,1.4517,-0.7659,177,0.1500,177,0,0.9635,0.0302,0.0063,-8.0156,-3.8522,0.1657,-4.4102,-4.0682,0.0000,1,0.1177,0.1465,18.6487,0.0009
18.8103,IMM-UKF,jink,0.500,10.00,0.150,1,0.600,1,7.6867,5.4159,-2.2708,1.0126,0.2433,0.0992,0.1163,6.0000,6.4322,0.9034,10.1757,0.5543,-110.1047,-22.4055,-108.8750,-21.1446,-108.8646,-21.2938,-108.5069,-23.2559,-107.5785,-31.6625,1.2297,1.2609,1.2402,1.1117,1.5978,-0.8505,177,0.1600,177,0,0.9635,0.0302,0.0063,-8.0997,-3.8873,0.1676,-4.3610,-4.1208,0.0000,1,0.1177,0.1465,18.6487,0.0009
18.8203,IMM-UKF,jink,0.500,10.00,0.150,1,0.600,1,7.6546,5.3795,-2.2751,1.0357,0.2433,0.0992,0.1173,6.0000,6.4322,0.9045,11.1780,0.5551,-110.2319,-22.5186,-108.8750,-21.1446,-108.8646,-21.2938,-108.4787,-23.4589,-107.4606,-32.3123,1.3569,1.3741,1.3674,1.2249,1.7533,-0.9403,177,0.1700,177,0,0.9635,0.0302,0.0063,-8.1827,-3.9226,0.1693,-4.3113,-4.1729,0.0000,1,0.1177,0.1465,18.6487,0.0009
18.8303,IMM-UKF,jink,0.500,10.00,0.150,1,0.600,1,7.6214,5.3416,-2.2798,1.0597,0.2433,0.0992,0.1182,6.0000,6.4322,0.9055,12.2413,0.5559,-110.3654,-22.6362,-108.8750,-21.1446,-108.8646,-21.2938,-108.4468,-23.6716,-107.3267,-32.9908,1.4904,1.4916,1.5009,1.3424,1.9186,-1.0354,177,0.1800,177,0,0.9635,0.0302,0.0063,-8.2645,-3.9583,0.1708,-4.2609,-4.2243,0.0000,1,0.1177,0.1465,18.6487,0.0009
18.8403,IMM-UKF,jink,0.500,10.00,0.150,1,0.600,1,7.5873,5.3024,-2.2849,1.0846,0.2433,0.0992,0.1190,6.0000,6.4322,0.9066,13.3678,0.5569,-110.5052,-22.7582,-108.8750,-21.1446,-108.8646,-21.2938,-108.4109,-23.8942,-107.1750,-33.6995,1.6302,1.6136,1.6406,1.4644,2.0943,-1.1360,177,0.1900,177,0,0.9635,0.0302,0.0063,-8.3451,-3.9944,0.1720,-4.2099,-4.2751,0.0000,1,0.1177,0.1465,18.6487,0.0009
18.8503,IMM-UKF,jink,0.500,10.00,0.150,1,0.600,1,7.5521,5.2618,-2.2903,1.1104,0.2433,0.0992,0.1198,6.0000,6.4322,0.9078,14.5601,0.5578,-110.6514,-22.8847,-108.8750,-21.1446,-108.8646,-21.2938,-108.3705,-24.1268,-107.0033,-34.4397,1.7763,1.7401,1.7868,1.5910,2.2809,-1.2420,177,0.2000,177,0,0.9635,0.0302,0.0063,-8.4247,-4.0308,0.1731,-4.1583,-4.3253,0.0000,1,0.1177,0.1465,18.6487,0.0009
18.8603,IMM-UKF,jink,0.500,10.00,0.150,1,0.600,1,7.5160,5.2199,-2.2961,1.1370,0.2433,0.0992,0.1206,6.0000,6.4322,0.9090,15.8205,0.5588,-110.8040,-23.0159,-108.8750,-21.1446,-108.8646,-21.2938,-108.3252,-24.3696,-106.8094,-35.2129,1.9290,1.8713,1.9394,1.7221,2.4788,-1.3537,177,0.2100,177,0,0.9635,0.0302,0.0063,-8.5030,-4.0676,0.1739,-4.1061,-4.3749,0.0000,1,0.1177,0.1465,18.6487,0.0009
18.8703,IMM-UKF,jink,0.500,10.00,0.150,1,0.600,1,7.4788,5.1767,-2.3021,1.1645,0.2433,0.0992,0.1213,6.0000,6.4322,0.9103,17.1517,0.5599,-110.9632,-23.1517,-108.8750,-21.1446,-108.8646,-21.2938,-108.2745,-24.6229,-106.5906,-36.0205,2.0882,2.0071,2.0987,1.8579,2.6887,-1.4711,177,0.2200,177,0,0.9635,0.0302,0.0063,-8.5803,-4.1048,0.1744,-4.0533,-4.4239,0.0000,1,0.0851,0.1448,18.6487,0.0015
18.8803,IMM-UKF,jink,0.500,10.00,0.150,1,0.600,1,7.4407,5.1322,-2.3085,1.1929,0.2433,0.0992,0.1220,6.0000,6.4322,0.9116,18.5567,0.5610,-111.1291,-23.2923,-108.8750,-21.1446,-108.8646,-21.2938,-108.2179,-24.8867,-106.3439,-36.8642,2.2541,2.1478,2.2645,1.9986,2.9112,-1.5944,177,0.2300,177,0,0.9635,0.0302,0.0063,-8.6564,-4.1424,0.1746,-3.9999,-4.4722,0.0000,1,0.0851,0.1448,18.6487,0.0015
18.8903,IMM-UKF,jink,0.500,10.00,0.150,1,0.600,1,7.4016,5.0865,-2.3151,1.2221,0.2433,0.0992,0.1227,6.0000,6.4322,0.9129,20.0384,0.5621,-111.3018,-23.4378,-108.8750,-21.1446,-108.8646,-21.2938,-108.1547,-25.1613,-106.0659,-37.7453,2.4267,2.2932,2.4372,2.1440,3.1470,-1.7235,177,0.2400,177,0,0.9635,0.0302,0.0063,-8.7313,-4.1804,0.1745,-3.9460,-4.5199,0.0000,1,0.0851,0.1448,18.6487,0.0015
18.9003,IMM-UKF,jink,0.500,10.00,0.150,1,0.600,1,7.3615,5.1537,-2.2079,0.9764,0.2423,0.0984,0.1243,6.0000,6.6645,1.3139,6.8683,0.5633,-111.4813,-23.5882,-109.4688,-21.8150,-109.6423,-21.9653,-110.3516,-24.0883,-115.2656,-34.6146,2.0126,1.7732,1.8391,1.6229,1.1297,-0.5001,178,0.1500,178,0,0.9668,0.0285,0.0047,-8.8051,-4.2188,0.1741,-3.8915,-4.5669,0.0000,1,0.0851,0.1448,18.7512,0.0015
18.9103,IMM-UKF,jink,0.500,10.00,0.150,1,0.600,1,7.3205,5.1128,-2.2077,0.9982,0.2423,0.0984,0.1248,6.0000,6.6645,1.3139,7.7160,0.5645,-111.6679,-23.7437,-109.4688,-21.8150,-109.6423,-21.9653,-110.3952,-24.3021,-115.3662,-35.3714,2.1991,1.9287,2.0256,1.7784,1.2727,-0.5584,178,0.1600,178,0,0.9668,0.0285,0.0047,-8.8778,-4.2577,0.1732,-3.8364,-4.6133,0.0000,1,0.0851,0.1448,18.7512,0.0015
18.9203,IMM-UKF,jink,0.500,10.00,0.150,1,0.600,1,7.2786,5.0706,-2.2079,1.0210,0.2423,0.0984,0.1254,6.0000,6.6645,1.3139,8.6255,0.5657,-111.8615,-23.9043,-109.4688,-21.8150,-109.6423,-21.9653,-110.4351,-24.5253,-115.4591,-36.1632,2.3928,2.0893,2.2193,1.9390,1.4265,-0.6210,178,0.1700,178,0,0.9668,0.0285,0.0047,-8.9493,-4.2971,0.1719,-3.7807,-4.6590,0.0000,1,0.0851,0.1448,18.7512,0.0015
18.9303,IMM-UKF,jink,0.500,10.00,0.150,1,0.600,1,7.2357,5.0272,-2.2085,1.0446,0.2423,0.0984,0.1259,6.0000,6.6645,1.3139,9.5991,0.5670,-112.0625,-24.0701,-109.4688,-21.8150,-109.6423,-21.9653,-110.4709,-24.7579,-115.5431,-36.9914,2.5937,2.2551,2.4202,2.1048,1.5916,-0.6878,178,0.1800,178,0,0.9668,0.0285,0.0047,-9.0196,-4.3370,0.1701,-3.7246,-4.7040,0.0000,1,0.0851,0.1448,18.7512,0.0015
18.9403,IMM-UKF,jink,0.500,10.00,0.150,1,0.600,1,7.1919,4.9825,-2.2094,1.0692,0.2423,0.0984,0.1264,6.0000,6.6645,1.3139,10.6391,0.5684,-112.2709,-24.2412,-109.4688,-21.8150,-109.6423,-21.9653,-110.5022,-24.9999,-115.6166,-37.8574,2.8021,2.4262,2.6286,2.2759,1.7687,-0.7587,178,0.1900,178,0,0.9668,0.0285,0.0047,-9.0887,-4.3773,0.1677,-3.6678,-4.7484,0.0000,1,0.0851,0.1448,18.7512,0.0015
18.9503,IMM-UKF,jink,0.500,10.00,0.150,1,0.600,1,7.1472,4.9365,-2.2107,1.0946,0.2423,0.0984,0.1268,6.0000,6.6645,1.3140,11.7477,0.5697,-112.4869,-24.4177,-109.4688,-21.8150,-109.6423,-21.9653,-110.5284,-25.2512,-115.6777,-38.7625,3.0181,2.6027,2.8446,2.4524,1.9585,-0.8335,178,0.2000,178,0,0.9668,0.0285,0.0047,-9.1567,-4.4181,0.1645,-3.6106,-4.7920,0.0000,1,0.0851,0.1448,18.7512,0.0015
18.9603,IMM-UKF,jink,0.500,10.00,0.150,1,0.600,1,7.1015,4.8893,-2.2123,1.1209,0.2423,0.0984,0.1272,6.0000,6.6645,1.3140,12.9272,0.5711,-112.7106,-24.5996,-109.4688,-21.8150,-109.6423,-21.9653,-110.5490,-25.5114,-115.7243,-39.7076,3.2418,2.7846,3.0683,2.6343,2.1615,-0.9118,178,0.2100,178,0,0.9668,0.0285,0.0047,-9.2235,-4.4595,0.1605,-3.5528,-4.8350,0.0000,1,0.1121,0.1479,18.7512,0.0006
18.9703,IMM-UKF,jink,0.500,10.00,0.150,1,0.600,1,7.0550,4.8408,-2.2142,1.1482,0.2423,0.0984,0.1276,6.0000,6.6645,1.3142,14.1793,0.5726,-112.9422,-24.7871,-109.4688,-21.8150,-109.6423,-21.9653,-110.5635,-25.7802,-115.7540,-40.6930,3.4734,2.9721,3.2999,2.8218,2.3787,-0.9931,178,0.2200,178,0,0.9668,0.0285,0.0047,-9.2891,-4.5014,0.1554,-3.4946,-4.8773,0.0000,1,0.1121,0.1479,18.7512,0.0006
18.9803,IMM-UKF,jink,0.500,10.00,0.150,1,0.600,1,7.0076,4.7911,-2.2165,1.1762,0.2423,0.0984,0.1279,6.0000,6.6645,1.3143,15.5054,0.5740,-113.1819,-24.9801,-109.4688,-21.8150,-109.6423,-21.9653,-110.5712,-26.0566,-115.7638,-41.7179,3.7131,3.1651,3.5396,3.0148,2.6107,-1.0765,178,0.2300,178,0,0.9668,0.0285,0.0047,-9.3534,-4.5438,0.1488,-3.4358,-4.9189,0.0000,1,0.1121,0.1479,18.7512,0.0006
18.9903,IMM-UKF,jink,0.500,10.00,0.150,1,0.600,1,6.9594,4.7401,-2.2192,1.2052,0.2423,0.0984,0.1283,6.0000,6.6645,1.3144,16.9055,0.5755,-113.4299,-25.1787,-109.4688,-21.8150,-109.6423,-21.9653,-110.5714,-26.3391,-115.7504,-42.7795,3.9611,3.3637,3.7876,3.2134,2.8585,-1.1604,178,0.2400,178,0,0.9668,0.0285,0.0047,-9.4165,-4.5868,0.1403,-3.3765,-4.9598,0.0000,1,0.1121,0.1479,18.7512,0.0006
19.0003,IMM-UKF,jink,0.500,10.00,0.150,1,0.600,1,6.9102,4.6878,-2.2225,1.2349,0.2423,0.0984,0.1287,6.0000,6.6645,1.3171,18.3735,0.5772,-113.6857,-25.3828,-109.4688,-21.8150,-109.6423,-21.9653,-110.5634,-26.6247,-115.7097,-43.8700,4.2169,3.5678,4.0434,3.4175,3.1222,-1.2419,178,0.2500,178,0,0.9668,0.0285,0.0047,-9.4783,-4.6303,0.1289,-3.3168,-4.9999,0.0000,1,0.1121,0.1479,18.7512,0.0006
19.0103,IMM-UKF,jink,0.500,10.00,0.150,1,0.600,1,6.8602,4.6339,-2.2264,1.2656,0.2423,0.0984,0.1291,6.0000,6.6645,1.3202,19.9030,0.5789,-113.9501,-25.5923,-109.4688,-21.8150,-109.6423,-21.9653,-110.5466,-26.9071,-115.6371,-44.9706,4.4813,3.7772,4.3078,3.6269,3.4034,-1.3149,178,0.2600,178,0,0.9668,0.0285,0.0047,-9.5386,-4.6742,0.1128,-3.2565,-5.0394,0.0000,1,0.1121,0.1479,18.7512,0.0006
19.0203,IMM-UKF,jink,0.500,10.00,0.150,1,0.600,1,6.8093,4.6434,-2.1659,0.9369,0.2413,0.0982,0.1305,6.0000,6.8506,1.6393,6.3628,0.5807,-114.2234,-25.8064,-110.9632,-23.1517,-111.2626,-23.1416,-113.0637,-25.6085,-127.2849,-39.9151,3.2602,2.6547,2.9608,2.6648,1.1597,0.1979,179,0.1500,179,0,0.9747,0.0223,0.0030,-9.5967,-4.7182,0.0873,-3.1958,-5.0781,0.0000,1,0.1121,0.1479,18.8718,0.0006
19.0303,IMM-UKF,jink,0.500,10.00,0.150,1,0.600,1,6.7575,4.5930,-2.1645,0.9582,0.2413,0.0982,0.1309,6.0000,6.8506,1.6419,7.3356,0.5825,-114.5060,-26.0230,-110.9632,-23.1517,-111.2626,-23.1416,-113.1763,-25.7545,-127.8025,-40.3656,3.5428,2.8713,3.2434,2.8814,1.3297,0.2686,179,0.1600,179,0,0.9747,0.0223,0.0030,-9.6483,-4.7597,0.0339,-3.1346,-5.1161,0.0000,1,0.1121,0.1479,18.8718,0.0006
19.0403,IMM-UKF,jink,0.500,10.00,0.150,1,0.600,1,6.7063,4.5680,-2.1383,0.9805,0.2413,0.0982,0.1312,6.0000,6.8506,1.6444,8.9888,0.5842,-114.8007,-26.2246,-110.9632,-23.1517,-111.2626,-23.1416,-113.3619,-25.4632,-127.8495,-37.5653,3.8375,3.0729,3.5381,3.0830,1.4388,0.7614,179,0.1700,179,0,0.9747,0.0223,0.0030,-9.4983,-4.6794,-0.1352,-3.0730,-5.1533,0.0000,1,0.1121,0.1479,18.8718,0.0006
19.0503,IMM-UKF,jink,0.500,10.00,0.150,1,0.600,1,6.6570,4.5673,-2.0897,1.0037,0.2413,0.0982,0.1315,6.0000,6.8506,1.6471,10.5485,0.5860,-115.1087,-26.4180,-110.9632,-23.1517,-111.2626,-23.1416,-113.5844,-25.3108,-127.7734,-35.5357,4.1454,3.2663,3.8460,3.2764,1.5242,1.1073,179,0.1800,179,0,0.9747,0.0223,0.0030,-9.2834,-4.5567,-0.1702,-3.0110,-5.1898,0.0000,1,0.1121,0.1479,18.8718,0.0006
19.0603,IMM-UKF,jink,0.500,10.00,0.150,1,0.600,1,6.6097,4.5727,-2.0370,1.0278,0.2413,0.0982,0.1318,6.0000,6.8506,1.6495,12.2395,0.5877,-115.4299,-26.6044,-110.9632,-23.1517,-111.2626,-23.1416,-113.8174,-25.1629,-127.7058,-33.7591,4.4667,3.4526,4.1673,3.4628,1.6125,1.4414,179,0.1900,179,0,0.9747,0.0223,0.0030,-9.0673,-4.4319,-0.1861,-2.9485,-5.2256,0.0000,1,0.1121,0.1479,18.8718,0.0006
19.0703,IMM-UKF,jink,0.500,10.00,0.150,1,0.600,1,6.5645,4.5832,-1.9812,1.0529,0.2413,0.0982,0.1322,6.0000,6.8506,1.6491,14.0760,0.5890,-115.7651,-26.7838,-110.9632,-23.1517,-111.2626,-23.1416,-114.0600,-25.0013,-127.6490,-32.1248,4.8019,3.6321,4.5025,3.6422,1.7051,1.7824,179,0.2000,179,0,0.9747,0.0223,0.0030,-8.8516,-4.3058,-0.1947,-2.8856,-5.2606,0.0000,1,0.1121,0.1479,18.8718,0.0006
19.0803,IMM-UKF,jink,0.500,10.00,0.150,1,0.600,1,6.5213,4.5986,-1.9227,1.0788,0.2413,0.0982,0.1326,6.0000,6.8506,1.6481,16.0487,0.5903,-116.1138,-26.9562,-110.9632,-23.1517,-111.2626,-23.1416,-114.3117,-24.8214,-127.6034,-30.5995,5.1506,3.8045,4.8512,3.8146,1.8021,2.1348,179,0.2100,179,0,0.9747,0.0223,0.0030,-8.6365,-4.1786,-0.1994,-2.8222,-5.2948,0.0000,1,0.0846,0.1591,18.8718,-0.0013
19.0903,IMM-UKF,jink,0.500,10.00,0.150,1,0.600,1,6.4803,4.6189,-1.8614,1.1057,0.2413,0.0982,0.1329,6.0000,6.8506,1.6471,18.1469,0.5915,-116.4761,-27.1215,-110.9632,-23.1517,-111.2626,-23.1416,-114.5721,-24.6216,-127.5689,-29.1682,5.5128,3.9698,5.2134,3.9799,1.9040,2.4999,179,0.2200,179,0,0.9747,0.0223,0.0030,-8.4220,-4.0502,-0.2017,-2.7585,-5.3283,0.0000,1,0.0846,0.1591,18.8718,-0.0013
19.1003,IMM-UKF,jink,0.500,10.00,0.150,1,0.600,1,6.4413,4.6438,-1.7975,1.1334,0.2413,0.0982,0.1332,6.0000,6.8506,1.6461,20.3605,0.5927,-116.8517,-27.2795,-110.9632,-23.1517,-111.2626,-23.1416,-114.8407,-24.4020,-127.5453,-27.8221,5.8885,4.1278,5.5890,4.1379,2.0109,2.8775,179,0.2300,179,0,0.9747,0.0223,0.0030,-8.2081,-3.9206,-0.2022,-2.6944,-5.3610,0.0000,1,0.0846,0.1591,18.8718,-0.0013
19.1103,IMM-UKF,jink,0.500,10.00,0.150,1,0.600,1,6.4044,4.4434,-1.9611,0.8615,0.2406,0.0981,0.1343,6.0000,6.7550,1.2654,15.9499,0.5937,-117.2406,-27.4299,-112.7106,-24.5996,-112.8152,-24.4079,-115.9427,-25.0336,-132.0408,-27.0780,4.5301,2.8303,4.4255,3.0220,1.2980,2.3963,180,0.1500,180,0,0.9733,0.0226,0.0042,-7.9951,-3.7899,-0.2014,-2.6298,-5.3930,0.0000,1,0.0846,0.1591,18.9610,-0.0013
19.1203,IMM-UKF,jink,0.500,10.00,0.150,1,0.600,1,6.3697,4.4557,-1.9140,0.8825,0.2406,0.0981,0.1345,6.0000,6.7550,1.2640,17.8880,0.5947,-117.6429,-27.5725,-112.7106,-24.5996,-112.8152,-24.4079,-116.2364,-24.8647,-131.9168,-25.9118,4.9324,2.9728,4.8278,3.1646,1.4066,2.7077,180,0.1600,180,0,0.9733,0.0226,0.0042,-7.7827,-3.6579,-0.1995,-2.5649,-5.4241,0.0000,1,0.0846,0.1591,18.9610,-0.0013
19.1303,IMM-UKF,jink,0.500,10.00,0.150,1,0.600,1,6.3371,4.4727,-1.8643,0.9044,0.2406,0.0981,0.1348,6.0000,6.7550,1.2628,19.9311,0.5956,-118.0584,-27.7070,-112.7106,-24.5996,-112.8152,-24.4079,-116.5377,-24.6718,-131.8057,-24.8027,5.3478,3.1073,5.2432,3.2991,1.5207,3.0351,180,0.1700,180,0,0.9733,0.0226,0.0042,-7.5712,-3.5247,-0.1969,-2.4997,-5.4545,0.0000,1,0.0846,0.1591,18.9610,-0.0013
19.1403,IMM-UKF,jink,0.500,10.00,0.150,1,0.600,1,6.3066,4.4945,-1.8121,0.9273,0.2406,0.0981,0.1350,6.0000,6.7550,1.2615,22.0735,0.5965,-118.4869,-27.8331,-112.7106,-24.5996,-112.8152,-24.4079,-116.8461,-24.4558,-131.7075,-23.7488,5.7764,3.2334,5.6717,3.4252,1.6408,3.3773,180,0.1800,180,0,0.9733,0.0226,0.0042,-7.3605,-3.3902,-0.1935,-2.4340,-5.4841,0.0000,1,0.0846,0.1591,18.9610,-0.0013
19.1503,IMM-UKF,jink,0.500,10.00,0.150,1,0.600,1,6.2782,4.5210,-1.7572,0.9513,0.2406,0.0981,0.1352,6.0000,6.7550,1.2604,24.3086,0.5973,-118.9283,-27.9506,-112.7106,-24.5996,-112.8152,-24.4079,-117.1611,-24.2176,-131.6222,-22.7481,6.2177,3.3510,6.1131,3.5427,1.7671,3.7330,180,0.1900,180,0,0.9733,0.0226,0.0042,-7.1507,-3.2544,-0.1895,-2.3680,-5.5129,0.0000,1,0.0846,0.1591,18.9610,-0.0013
19.1603,IMM-UKF,jink,0.500,10.00,0.150,1,0.600,1,6.2520,4.5524,-1.6997,0.9761,0.2406,0.0981,0.1354,6.0000,6.7550,1.2593,26.6292,0.5980,-119.3823,-28.0592,-112.7106,-24.5996,-112.8152,-24.4079,-117.4822,-23.9584,-131.5496,-21.7987,6.6717,3.4596,6.5671,3.6513,1.9000,4.1008,180,0.2000,180,0,0.9733,0.0226,0.0042,-6.9417,-3.1172,-0.1849,-2.3017,-5.5409,0.0000,1,0.0846,0.1591,18.9610,-0.0013
19.1703,IMM-UKF,jink,0.500,10.00,0.150,1,0.600,1,6.2280,4.5885,-1.6395,1.0019,0.2406,0.0981,0.1356,6.0000,6.7550,1.2583,29.0274,0.5987,-119.8486,-28.1587,-112.7106,-24.5996,-112.8152,-24.4079,-117.8089,-23.6795,-131.4896,-20.8986,7.1381,3.5591,7.0334,3.7508,2.0398,4.4792,180,0.2100,180,0,0.9733,0.0226,0.0042,-6.7336,-2.9787,-0.1799,-2.2351,-5.5682,0.0000,1,0.1191,0.1568,18.9610,0.0013
19.1803,IMM-UKF,jink,0.500,10.00,0.150,1,0.600,1,6.2061,4.6294,-1.5767,1.0286,0.2406,0.0981,0.1357,6.0000,6.7550,1.2574,31.4947,0.5992,-120.3271,-28.2489,-112.7106,-24.5996,-112.8152,-24.4079,-118.1404,-23.3823,-131.4418,-20.0457,7.6165,3.6492,7.5119,3.8410,2.1867,4.8665,180,0.2200,180,0,0.9733,0.0226,0.0042,-6.5265,-2.8388,-0.1744,-2.1681,-5.5946,0.0000,1,0.1191,0.1568,18.9610,0.0013
19.1903,IMM-UKF,jink,0.500,10.00,0.150,1,0.600,1,6.1865,4.6751,-1.5113,1.0563,0.2406,0.0981,0.1359,6.0000,6.7550,1.2565,34.0196,0.5998,-120.8173,-28.3294,-112.7106,-24.5996,-112.8152,-24.4079,-118.4762,-23.0689,-131.4067,-19.2395,8.1068,3.7298,8.0022,3.9215,2.3411,5.2606,180,0.2300,180,0,0.9733,0.0226,0.0042,-6.3209,-2.6978,-0.1685,-2.1008,-5.6202,0.0000,1,0.1191,0.1568,18.9610,0.0013
19.2003,IMM-UKF,jink,0.500,10.00,0.150,1,0.600,1,6.1689,4.7252,-1.4438,1.0848,0.2406,0.0981,0.1360,6.0000,6.7550,1.2557,36.5826,0.6003,-121.3190,-28.4003,-112.7106,-24.5996,-112.8152,-24.4079,-118.8151,-22.7428,-131.3861,-18.4830,8.6084,3.8007,8.5038,3.9924,2.5039,5.6575,180,0.2400,180,0,0.9733,0.0226,0.0042,-6.1184,-2.5569,-0.1624,-2.0332,-5.6450,0.0000,1,0.1191,0.1568,18.9610,0.0013
19.2103,IMM-UKF,jink,0.500,10.00,0.150,1,0.600,1,6.1536,4.7794,-1.3741,1.1142,0.2406,0.0981,0.1361,6.0000,6.7550,1.2550,39.1749,0.6007,-121.8316,-28.4615,-112.7106,-24.5996,-112.8152,-24.4079,-119.1564,-22.4058,-131.3791,-17.7726,9.1211,3.8618,9.0164,4.0536,2.6752,6.0556,180,0.2500,180,0,0.9733,0.0226,0.0042,-5.9191,-2.4160,-0.1559,-1.9653,-5.6690,0.0000,1,0.1191,0.1568,18.9610,0.0013
19.2203,IMM-UKF,jink,0.500,10.00,0.150,1,0.600,1,6.1403,4.8379,-1.3024,1.1445,0.2406,0.0981,0.1362,6.0000,6.7550,1.2543,41.7877,0.6011,-122.3548,-28.5127,-112.7106,-24.5996,-112.8152,-24.4079,-119.4997,-22.0595,-131.3848,-17.1052,9.6443,3.9131,9.5396,4.1048,2.8551,6.4533,180,0.2600,180,0,0.9733,0.0226,0.0042,-5.7229,-2.2752,-0.1492,-1.8971,-5.6922,0.0000,1,0.1191,0.1568,18.9610,0.0013
19.2303,IMM-UKF,jink,0.500,10.00,0.150,1,0.600,1,6.1292,4.9005,-1.2287,1.1755,0.2406,0.0981,0.1363,6.0000,6.7550,1.2537,44.4124,0.6014,-122.8882,-28.5541,-112.7106,-24.5996,-112.8152,-24.4079,-119.8445,-21.7053,-131.4025,-16.4778,10.1776,3.9545,10.0730,4.1462,3.0436,6.8489,180,0.2700,180,0,0.9733,0.0226,0.0042,-5.5299,-2.1344,-0.1422,-1.8287,-5.7145,0.0000,1,0.1191,0.1568,18.9610,0.0013
19.2403,IMM-UKF,jink,0.500,10.00,0.150,1,0.600,1,6.1203,4.4784,-1.6419,0.8124,0.2399,0.0989,0.1371,6.0000,6.4023,0.0595,14.9878,0.6017,-123.4311,-28.5856,-116.1138,-26.9562,-116.1264,-26.9500,-121.8934,-26.4858,-138.0897,-24.3632,7.3173,1.6294,7.3047,1.6356,1.5377,2.0998,181,0.1600,181,0,0.9740,0.0228,0.0032,-5.3400,-1.9937,-0.1350,-1.7600,-5.7361,0.0000,1,0.1191,0.1568,19.0790,0.0013
19.2503,IMM-UKF,jink,0.500,10.00,0.150,1,0.600,1,6.1134,4.5211,-1.5923,0.8346,0.2399,0.0989,0.1372,6.0000,6.4023,0.0589,16.7209,0.6019,-123.9832,-28.6072,-116.1138,-26.9562,-116.1264,-26.9500,-122.2997,-26.2477,-137.9937,-23.6500,7.8694,1.6509,7.8568,1.6572,1.6835,2.3594,181,0.1700,181,0,0.9740,0.0228,0.0032,-5.1533,-1.8530,-0.1277,-1.6910,-5.7568,0.0000,1,0.1191,0.1568,19.0790,0.0013
19.2603,IMM-UKF,jink,0.500,10.00,0.150,1,0.600,1,6.1086,4.5680,-1.5407,0.8579,0.2399,0.0989,0.1373,6.0000,6.4023,0.0583,18.5218,0.6020,-124.5439,-28.6188,-116.1138,-26.9562,-116.1264,-26.9500,-122.7059,-25.9921,-137.9122,-22.9683,8.4301,1.6626,8.4175,1.6688,1.8380,2.6267,181,0.1800,181,0,0.9740,0.0228,0.0032,-4.9696,-1.7123,-0.1201,-1.6218,-5.7766,0.0000,1,0.1191,0.1568,19.0790,0.0013
19.2703,IMM-UKF,jink,0.500,10.00,0.150,1,0.600,1,6.1059,4.6188,-1.4871,0.8821,0.2399,0.0989,0.1373,6.0000,6.4023,0.0577,20.3820,0.6022,-125.1127,-28.6205,-116.1138,-26.9562,-116.1264,-26.9500,-123.1112,-25.7206,-137.8445,-22.3170,8.9989,1.6643,8.9863,1.6706,2.0015,2.8999,181,0.1900,181,0,0.9740,0.0228,0.0032,-4.7891,-1.5718,-0.1123,-1.5524,-5.7957,0.0000,1,0.1191,0.1568,19.0790,0.0013
19.2803,IMM-UKF,jink,0.500,10.00,0.150,1,0.600,1,6.1053,4.6737,-1.4316,0.9074,0.2399,0.0989,0.1374,6.0000,6.4023,0.0571,22.2931,0.6022,-125.6890,-28.6124,-116.1138,-26.9562,-116.1264,-26.9500,-123.5152,-25.4348,-137.7903,-21.6949,9.5752,1.6562,9.5626,1.6625,2.1738,3.1776,181,0.2000,181,0,0.9740,0.0228,0.0032,-4.6117,-1.4312,-0.1043,-1.4827,-5.8139,0.0000,1,0.1191,0.1568,19.0790,0.0013
19.2903,IMM-UKF,jink,0.500,10.00,0.150,1,0.600,1,6.1068,4.7326,-1.3742,0.9337,0.2399,0.0989,0.1374,6.0000,6.4023,0.0567,24.2467,0.6022,-126.2722,-28.5946,-116.1138,-26.9562,-116.1264,-26.9500,-123.9174,-25.1363,-137.7487,-21.1009,10.1584,1.6384,10.1458,1.6446,2.3548,3.4582,181,0.2100,181,0,0.9740,0.0228,0.0032,-4.4374,-1.2908,-0.0962,-1.4129,-5.8313,0.0000,1,0.0866,0.1440,19.0790,-0.0005
19.3003,IMM-UKF,jink,0.500,10.00,0.150,1,0.600,1,6.1103,4.7954,-1.3150,0.9609,0.2399,0.0989,0.1375,6.0000,6.4023,0.0562,26.2352,0.6021,-126.8619,-28.5671,-116.1138,-26.9562,-116.1264,-26.9500,-124.3174,-24.8268,-137.7193,-20.5337,10.7481,1.6108,10.7355,1.6171,2.5445,3.7402,181,0.2200,181,0,0.9740,0.0228,0.0032,-4.2661,-1.1504,-0.0879,-1.3428,-5.8478,0.0000,1,0.0866,0.1440,19.0790,-0.0005
19.3103,IMM-UKF,jink,0.500,10.00,0.150,1,0.600,1,6.1159,4.8620,-1.2539,0.9890,0.2399,0.0989,0.1375,6.0000,6.4023,0.0558,28.2505,0.6021,-127.4574,-28.5300,-116.1138,-26.9562,-116.1264,-26.9500,-124.7147,-24.5079,-137.7014,-19.9921,11.3436,1.5737,11.3310,1.5800,2.7426,4.0221,181,0.2300,181,0,0.9740,0.0228,0.0032,-4.0980,-1.0101,-0.0794,-1.2725,-5.8635,0.0000,1,0.0866,0.1440,19.0790,-0.0005
19.3203,IMM-UKF,jink,0.500,10.00,0.150,1,0.600,1,6.1236,4.9325,-1.1910,1.0181,0.2399,0.0989,0.1376,6.0000,6.4023,0.0554,30.2857,0.6019,-128.0581,-28.4834,-116.1138,-26.9562,-116.1264,-26.9500,-125.1092,-24.1810,-137.6946,-19.4752,11.9443,1.5272,11.9317,1.5335,2.9489,4.3025,181,0.2400,181,0,0.9740,0.0228,0.0032,-3.9328,-0.8699,-0.0707,-1.2021,-5.8784,0.0000,1,0.0866,0.1440,19.0790,-0.0005
19.3303,IMM-UKF,jink,0.500,10.00,0.150,1,0.600,1,6.1332,4.4368,-1.6965,0.7509,0.2376,0.0997,0.1400,6.0000,5.9581,1.2622,14.7638,0.6017,-128.6634,-28.4277,-119.8486,-28.1587,-119.9867,-28.3317,-126.8761,-26.5386,-142.2294,-21.6619,8.8148,0.2689,8.6767,0.0960,1.7873,1.8891,182,0.1600,182,0,0.9746,0.0217,0.0037,-3.7708,-0.7298,-0.0619,-1.1315,-5.8924,0.0000,1,0.0866,0.1440,19.1716,-0.0005
19.3403,IMM-UKF,jink,0.500,10.00,0.150,1,0.600,1,6.1449,4.4921,-1.6529,0.7730,0.2376,0.0997,0.1400,6.0000,5.9581,1.2617,16.3771,0.6014,-129.2727,-28.3628,-119.8486,-28.1587,-119.9867,-28.3317,-127.3187,-26.2490,-142.1700,-21.1357,9.4241,0.2041,9.2861,0.0311,1.9540,2.1138,182,0.1700,182,0,0.9746,0.0217,0.0037,-3.6117,-0.5898,-0.0529,-1.0607,-5.9055,0.0000,1,0.0866,0.1440,19.1716,-0.0005
19.3503,IMM-UKF,jink,0.500,10.00,0.150,1,0.600,1,6.1587,4.5512,-1.6075,0.7963,0.2376,0.0997,0.1400,6.0000,5.9581,1.2611,18.0408,0.6010,-129.8855,-28.2891,-119.8486,-28.1587,-119.9867,-28.3317,-127.7565,-25.9468,-142.1219,-20.6306,10.0369,0.1304,9.8989,-0.0426,2.1290,2.3423,182,0.1800,182,0,0.9746,0.0217,0.0037,-3.4557,-0.4499,-0.0437,-0.9897,-5.9178,0.0000,1,0.0866,0.1440,19.1716,-0.0005
19.3603,IMM-UKF,jink,0.500,10.00,0.150,1,0.600,1,6.1744,4.6141,-1.5603,0.8205,0.2376,0.0997,0.1401,6.0000,5.9581,1.2606,19.7467,0.6006,-130.5012,-28.2067,-119.8486,-28.1587,-119.9867,-28.3317,-128.1891,-25.6335,-142.0847,-20.1461,10.6526,0.0480,10.5145,-0.1250,2.3121,2.5732,182,0.1900,182,0,0.9746,0.0217,0.0037,-3.3026,-0.3102,-0.0343,-0.9186,-5.9293,0.0000,1,0.0866,0.1440,19.1716,-0.0005
19.3703,IMM-UKF,jink,0.500,10.00,0.150,1,0.600,1,6.1921,4.6808,-1.5114,0.8458,0.2376,0.0997,0.1401,6.0000,5.9581,1.2600,21.4871,0.6002,-131.1191,-28.1158,-119.8486,-28.1587,-119.9867,-28.3317,-128.6161,-25.3108,-142.0579,-19.6815,11.2705,-0.0429,11.1325,-0.2159,2.5030,2.8050,182,0.2000,182,0,0.9746,0.0217,0.0037,-3.1526,-0.1707,-0.0248,-0.8474,-5.9399,0.0000,1,0.0866,0.1440,19.1716,-0.0005
19.3803,IMM-UKF,jink,0.500,10.00,0.150,1,0.600,1,6.2118,4.7511,-1.4607,0.8721,0.2376,0.0997,0.1401,6.0000,5.9581,1.2593,23.2544,0.5996,-131.7388,-28.0168,-119.8486,-28.1587,-119.9867,-28.3317,-129.0375,-24.9804,-142.0411,-19.2362,11.8902,-0.1419,11.7522,-0.3149,2.7013,3.0364,182,0.2100,182,0,0.9746,0.0217,0.0037,-3.0055,-0.0313,-0.0150,-0.7761,-5.9496,0.0000,1,0.1151,0.1421,19.1716,-0.0003
19.3903,IMM-UKF,jink,0.500,10.00,0.150,1,0.600,1,6.2335,4.8251,-1.4084,0.8993,0.2376,0.0997,0.1402,6.0000,5.9581,1.2585,25.0418,0.5990,-132.3596,-27.9099,-119.8486,-28.1587,-119.9867,-28.3317,-129.4530,-24.6437,-142.0340,-18.8095,12.5110,-0.2489,12.3730,-0.4219,2.9066,3.2662,182,0.2200,182,0,0.9746,0.0217,0.0037,-2.8613,0.1078,-0.0050,-0.7046,-5.9585,0.0000,1,0.1151,0.1421,19.1716,-0.0003
19.4003,IMM-UKF,jink,0.500,10.00,0.150,1,0.600,1,6.2572,4.9027,-1.3545,0.9275,0.2376,0.0997,0.1402,6.0000,5.9581,1.2577,26.8426,0.5983,-132.9811,-27.7953,-119.8486,-28.1587,-119.9867,-28.3317,-129.8625,-24.3022,-142.0361,-18.4009,13.1325,-0.3635,12.9945,-0.5365,3.1186,3.4931,182,0.2300,182,0,0.9746,0.0217,0.0037,-2.7200,0.2468,0.0053,-0.6331,-5.9665,0.0000,1,0.1151,0.1421,19.1716,-0.0003
19.4103,IMM-UKF,jink,0.500,10.00,0.150,1,0.600,1,6.2829,4.9839,-1.2989,0.9567,0.2376,0.0997,0.1402,6.0000,5.9581,1.2569,28.6506,0.5976,-133.6027,-27.6733,-119.8486,-28.1587,-119.9867,-28.3317,-130.2659,-23.9573,-142.0471,-18.0098,13.7540,-0.4854,13.6160,-0.6584,3.3368,3.7160,182,0.2400,182,0,0.9746,0.0217,0.0037,-2.5817,0.3855,0.0158,-0.5614,-5.9737,0.0000,1,0.1151,0.1421,19.1716,-0.0003
19.4203,IMM-UKF,jink,0.500,10.00,0.150,1,0.600,1,6.3104,5.0687,-1.2418,0.9867,0.2376,0.0997,0.1402,6.0000,5.9581,1.2559,30.4599,0.5967,-134.2238,-27.5444,-119.8486,-28.1587,-119.9867,-28.3317,-130.6631,-23.6104,-142.0666,-17.6357,14.3752,-0.6144,14.2371,-0.7874,3.5607,3.9339,182,0.2500,182,0,0.9746,0.0217,0.0037,-2.4462,0.5240,0.0266,-0.4897,-5.9800,0.0000,1,0.1151,0.1421,19.1716,-0.0003
19.4303,IMM-UKF,jink,0.500,10.00,0.150,1,0.600,1,6.3400,5.1569,-1.1831,1.0177,0.2376,0.0997,0.1403,6.0000,5.9581,1.2549,32.2650,0.5958,-134.8440,-27.4087,-119.8486,-28.1587,-119.9867,-28.3317,-131.0542,-23.2628,-142.0941,-17.2782,14.9954,-0.7500,14.8573,-0.9230,3.7898,4.1459,182,0.2600,182,0,0.9746,0.0217,0.0037,-2.3136,0.6621,0.0378,-0.4179,-5.9854,0.0000,1,0.1151,0.1421,19.1716,-0.0003
19.4403,IMM-UKF,jink,0.500,10.00,0.150,1,0.600,1,6.3714,4.7373,-1.6341,0.7345,0.2394,0.1024,0.1385,6.0000,5.3815,1.6525,13.6705,0.5947,-135.4628,-27.2667,-126.2722,-28.5946,-126.0834,-28.8160,-133.0120,-26.6012,-146.4368,-21.2819,9.1905,-1.3279,9.3794,-1.5493,2.4507,0.6655,183,0.1500,183,0,0.9766,0.0206,0.0028,-2.1838,0.8000,0.0493,-0.3461,-5.9900,0.0000,1,0.1151,0.1421,19.2899,-0.0003
19.4503,IMM-UKF,jink,0.500,10.00,0.150,1,0.600,1,6.4048,4.8063,-1.5985,0.7564,0.2394,0.1024,0.1386,6.0000,5.3815,1.6519,14.8711,0.5937,-136.0797,-27.1186,-126.2722,-28.5946,-126.0834,-28.8160,-133.4438,-26.3257,-146.4369,-20.9086,9.8074,-1.4760,9.9963,-1.6974,2.6359,0.7929,183,0.1600,183,0,0.9766,0.0206,0.0028,-2.0568,0.9376,0.0613,-0.2742,-5.9937,0.0000,1,0.1151,0.1421,19.2899,-0.0003
19.4604,IMM-UKF,jink,0.500,10.00,0.150,1,0.600,1,6.4401,4.8788,-1.5613,0.7793,0.2394,0.1024,0.1386,6.0000,5.3815,1.6512,16.1168,0.5925,-136.6943,-26.9649,-126.2722,-28.5946,-126.0834,-28.8160,-133.8680,-26.0429,-146.4439,-20.5496,10.4221,-1.6297,10.6109,-1.8511,2.8264,0.9220,183,0.1700,183,0,0.9766,0.0206,0.0028,-1.9326,1.0748,0.0738,-0.2022,-5.9966,0.0000,1,0.1151,0.1421,19.2899,-0.0003
19.4704,IMM-UKF,jink,0.500,10.00,0.150,1,0.600,1,6.4773,4.9547,-1.5226,0.8033,0.2394,0.1024,0.1386,6.0000,5.3815,1.6506,17.4009,0.5912,-137.3063,-26.8058,-126.2722,-28.5946,-126.0834,-28.8160,-134.2845,-25.7544,-146.4576,-20.2051,11.0341,-1.7888,11.2229,-2.0102,3.0218,1.0514,183,0.1800,183,0,0.9766,0.0206,0.0028,-1.8111,1.2116,0.0869,-0.1303,-5.9986,0.0000,1,0.1151,0.1421,19.2899,-0.0003
19.4804,IMM-UKF,jink,0.500,10.00,0.150,1,0.600,1,6.5163,5.0340,-1.4823,0.8283,0.2394,0.1024,0.1387,6.0000,5.3815,1.6498,18.7166,0.5898,-137.9152,-26.6418,-126.2722,-28.5946,-126.0834,-28.8160,-134.6935,-25.4618,-146.4780,-19.8752,11.6430,-1.9528,11.8318,-2.1742,3.2217,1.1800,183,0.1900,183,0,0.9766,0.0206,0.0028,-1.6924,1.3480,0.1007,-0.0583,-5.9997,0.0000,1,0.1151,0.1421,19.2899,-0.0003
19.4904,IMM-UKF,jink,0.500,10.00,0.150,1,0.600,1,6.5572,5.1167,-1.4406,0.8543,0.2394,0.1024,0.1387,6.0000,5.3815,1.6490,20.0570,0.5884,-138.5206,-26.4733,-126.2722,-28.5946,-126.0834,-28.8160,-135.0950,-25.1669,-146.5046,-19.5607,12.2484,-2.1213,12.4372,-2.3427,3.4257,1.3064,183,0.2000,183,0,0.9766,0.0206,0.0028,-1.5764,1.4840,0.1154,0.0137,-6.0000,0.0000,1,0.1151,0.1421,19.2899,-0.0003
19.5004,IMM-UKF,jink,0.500,10.00,0.150,1,0.600,1,6.6000,5.2027,-1.3973,0.8813,0.2394,0.1024,0.1387,6.0000,5.3815,1.6481,21.4152,0.5868,-139.1223,-26.3007,-126.2722,-28.5946,-126.0834,-28.8160,-135.4888,-24.8714,-146.5375,-19.2624,12.8500,-2.2939,13.0389,-2.5153,3.6334,1.4293,183,0.2100,183,0,0.9766,0.0206,0.0028,-1.4631,1.6195,0.1313,0.0857,-5.9994,0.0000,1,0.1169,0.1489,19.2899,-0.0000
19.5104,IMM-UKF,jink,0.500,10.00,0.150,1,0.600,1,6.6455,5.2923,-1.3532,0.9093,0.2394,0.1024,0.1382,6.0000,5.3815,1.6439,22.7203,0.5857,-139.7082,-26.1208,-126.2722,-28.5946,-126.0834,-28.8160,-135.8732,-24.5806,-146.5720,-18.9889,13.4360,-2.4738,13.6248,-2.6952,3.8350,1.5401,183,0.2200,183,0,0.9766,0.0206,0.0028,-1.3520,1.7539,0.1502,0.0137,-6.0000,0.0000,1,0.1169,0.1489,19.2899,-0.0000
19.5204,IMM-UKF,jink,0.500,10.00,0.150,1,0.600,1,6.6937,5.3854,-1.3083,0.9382,0.2394,0.1024,0.1374,6.0000,5.3815,1.6396,23.9613,0.5845,-140.2792,-25.9347,-126.2722,-28.5946,-126.0834,-28.8160,-136.2478,-24.3013,-146.6081,-18.7505,14.0069,-2.6598,14.1958,-2.8812,4.0314,1.6335,183,0.2300,183,0,0.9766,0.0206,0.0028,-1.2431,1.8869,0.1743,-0.0583,-5.9997,0.0000,1,0.1169,0.1489,19.2899,-0.0000
19.5304,IMM-UKF,jink,0.500,10.00,0.150,1,0.600,1,6.7445,4.9631,-1.7814,0.7435,0.2398,0.1040,0.1361,6.0000,4.9102,1.5510,13.4811,0.5833,-140.8349,-25.7440,-131.7388,-28.0168,-131.4588,-28.1028,-138.5979,-24.7543,-150.8159,-18.0427,9.0960,-2.2728,9.3761,-2.3588,2.2370,0.9897,184,0.1500,184,0,0.9750,0.0211,0.0039,-1.1371,2.0173,0.2093,-0.1303,-5.9986,0.0000,1,0.1169,0.1489,19.3801,-0.0000
19.5404,IMM-UKF,jink,0.500,10.00,0.150,1,0.600,1,6.7980,5.0438,-1.7542,0.7654,0.2398,0.1040,0.1350,6.0000,4.9102,1.5462,14.1568,0.5820,-141.3749,-25.5524,-131.7388,-28.0168,-131.4588,-28.1028,-139.0027,-24.5645,-150.8240,-18.0597,9.6361,-2.4644,9.9161,-2.5505,2.3722,0.9879,184,0.1600,184,0,0.9750,0.0211,0.0039,-1.0394,2.1363,0.2819,-0.2022,-5.9966,0.0000,1,0.1169,0.1489,19.3801,-0.0000
19.5504,IMM-UKF,jink,0.500,10.00,0.150,1,0.600,1,6.8516,5.0849,-1.7668,0.7886,0.2398,0.1040,0.1338,6.0000,4.9102,1.5416,14.6870,0.5807,-141.8960,-25.3742,-131.7388,-28.0168,-131.4588,-28.1028,-139.2958,-24.6890,-150.8961,-18.7176,10.1571,-2.6426,10.4371,-2.7286,2.6002,0.6853,184,0.1700,184,0,0.9750,0.0211,0.0039,-1.1007,1.9981,0.3958,-0.2742,-5.9937,0.0000,1,0.1169,0.1489,19.3801,-0.0000
19.5604,IMM-UKF,jink,0.500,10.00,0.150,1,0.600,1,6.9046,5.1112,-1.7933,0.8128,0.2398,0.1040,0.1327,6.0000,4.9102,1.5449,15.6893,0.5789,-142.3997,-25.2040,-131.7388,-28.0168,-131.4588,-28.1028,-139.5594,-24.7160,-150.9729,-19.0484,10.6609,-2.8128,10.9409,-2.8989,2.8403,0.4880,184,0.1800,184,0,0.9750,0.0211,0.0039,-1.1821,1.8263,0.4200,-0.3461,-5.9900,0.0000,1,0.1169,0.1489,19.3801,-0.0000
19.5704,IMM-UKF,jink,0.500,10.00,0.150,1,0.600,1,6.9567,5.1332,-1.8235,0.8381,0.2398,0.1040,0.1316,6.0000,4.9102,1.5507,16.8224,0.5768,-142.8859,-25.0404,-131.7388,-28.0168,-131.4588,-28.1028,-139.8073,-24.7310,-151.0464,-19.3148,11.1471,-2.9764,11.4271,-3.0625,3.0786,0.3093,184,0.1900,184,0,0.9750,0.0211,0.0039,-1.2630,1.6541,0.4270,-0.4179,-5.9854,0.0000,1,0.1169,0.1489,19.3801,-0.0000
19.5804,IMM-UKF,jink,0.500,10.00,0.150,1,0.600,1,7.0080,5.1517,-1.8562,0.8644,0.2398,0.1040,0.1305,6.0000,4.9102,1.5529,18.0252,0.5748,-143.3539,-24.8827,-131.7388,-28.0168,-131.4588,-28.1028,-140.0406,-24.7483,-151.1163,-19.5590,11.6151,-3.1341,11.8951,-3.2201,3.3134,0.1344,184,0.2000,184,0,0.9750,0.0211,0.0039,-1.3426,1.4831,0.4270,-0.4897,-5.9800,0.0000,1,0.1169,0.1489,19.3801,-0.0000
19.5904,IMM-UKF,jink,0.500,10.00,0.150,1,0.600,1,7.0583,5.1670,-1.8913,0.8916,0.2398,0.1040,0.1296,6.0000,4.9102,1.5487,19.2739,0.5732,-143.8039,-24.7306,-131.7388,-28.0168,-131.4588,-28.1028,-140.2600,-24.7722,-151.1826,-19.7949,12.0650,-3.2862,12.3451,-3.3722,3.5438,-0.0416,184,0.2100,184,0,0.9750,0.0211,0.0039,-1.4209,1.3133,0.4232,-0.5614,-5.9737,0.0000,1,0.1169,0.1489,19.3801,-0.0000
19.6004,IMM-UKF,jink,0.500,10.00,0.150,1,0.600,1,7.1077,5.1792,-1.9285,0.9199,0.2398,0.1040,0.1286,6.0000,4.9102,1.5447,20.5646,0.5717,-144.2377,-24.5838,-131.7388,-28.0168,-131.4588,-28.1028,-140.4662,-24.8045,-151.2453,-20.0289,12.4989,-3.4330,12.7789,-3.5190,3.7714,-0.2207,184,0.2200,184,0,0.9750,0.0211,0.0039,-1.4978,1.1450,0.4170,-0.6331,-5.9665,0.0000,1,0.1169,0.1489,19.3801,-0.0000
19.6104,IMM-UKF,jink,0.500,10.00,0.150,1,0.600,1,7.1561,5.1884,-1.9677,0.9491,0.2398,0.1040,0.1274,6.0000,4.9102,1.5409,21.8906,0.5702,-144.6558,-24.4421,-131.7388,-28.0168,-131.4588,-28.1028,-140.6598,-24.8460,-151.3046,-20.2643,12.9170,-3.5748,13.1970,-3.6608,3.9960,-0.4039,184,0.2300,184,0,0.9750,0.0211,0.0039,-1.5734,0.9781,0.4092,-0.7046,-5.9585,0.0000,1,0.1169,0.1489,19.3801,-0.0000
19.6204,IMM-UKF,jink,0.500,10.00,0.150,1,0.600,1,7.2035,5.1947,-2.0089,0.9793,0.2398,0.1040,0.1261,6.0000,4.9102,1.5373,23.2476,0.5689,-145.0589,-24.3052,-131.7388,-28.0168,-131.4588,-28.1028,-140.8411,-24.8972,-151.3603,-20.5035,13.3201,-3.7116,13.6001,-3.7977,4.2178,-0.5920,184,0.2400,184,0,0.9750,0.0211,0.0039,-1.6478,0.8125,0.4004,-0.7761,-5.9496,0.0000,1,0.0979,0.1431,19.3801,-0.0020
19.6304,IMM-UKF,jink,0.500,10.00,0.150,1,0.600,1,7.2500,5.1980,-2.0519,1.0104,0.2398,0.1040,0.1247,6.0000,4.9102,1.5338,24.6330,0.5677,-145.4475,-24.1730,-131.7388,-28.0168,-131.4588,-28.1028,-141.0107,-24.9584,-151.4127,-20.7482,13.7087,-3.8438,13.9887,-3.9298,4.4368,-0.7853,184,0.2500,184,0,0.9750,0.0211,0.0039,-1.7209,0.6484,0.3907,-0.8474,-5.9399,0.0000,1,0.0979,0.1431,19.3801,-0.0020
19.6404,IMM-UKF,jink,0.500,10.00,0.150,1,0.600,1,7.2953,5.1986,-2.0967,1.0425,0.2398,0.1040,0.1232,6.0000,4.9102,1.5306,26.0452,0.5665,-145.8220,-24.0455,-131.7388,-28.0168,-131.4588,-28.1028,-141.1689,-25.0297,-151.4616,-20.9995,14.0832,-3.9713,14.3632,-4.0573,4.6531,-0.9842,184,0.2600,184,0,0.9750,0.0211,0.0039,-1.7929,0.4857,0.3803,-0.9186,-5.9293,0.0000,1,0.0979,0.1431,19.3801,-0.0020
19.6504,IMM-UKF,jink,0.500,10.00,0.150,1,0.600,1,7.3396,5.0826,-2.2571,0.7913,0.2420,0.1057,0.1194,6.0000,4.3920,0.6746,12.7990,0.5654,-146.1829,-23.9224,-139.1223,-26.3007,-139.0932,-26.4155,-145.0093,-25.7771,-158.4268,-23.3775,7.0607,-2.3783,7.0897,-2.4930,1.1736,-1.8547,185,0.1500,185,0,0.9734,0.0231,0.0035,-1.8637,0.3244,0.3696,-0.9897,-5.9178,0.0000,1,0.0979,0.1431,19.5003,-0.0020
19.6604,IMM-UKF,jink,0.500,10.00,0.150,1,0.600,1,7.3828,5.0921,-2.2907,0.8138,0.2420,0.1057,0.1177,6.0000,4.3920,0.6729,13.8882,0.5644,-146.5307,-23.8037,-139.1223,-26.3007,-139.0932,-26.4155,-145.3125,-25.8438,-158.6544,-23.6558,7.4084,-2.4970,7.4375,-2.6118,1.2182,-2.0402,185,0.1600,185,0,0.9734,0.0231,0.0035,-1.9334,0.1645,0.3584,-1.0607,-5.9055,0.0000,1,0.0979,0.1431,19.5003,-0.0020
19.6704,IMM-UKF,jink,0.500,10.00,0.150,1,0.600,1,7.4250,5.0989,-2.3261,0.8373,0.2420,0.1057,0.1159,6.0000,4.3920,0.6713,15.0159,0.5634,-146.8658,-23.6891,-139.1223,-26.3007,-139.0932,-26.4155,-145.6065,-25.9223,-158.8859,-23.9441,7.7435,-2.6115,7.7725,-2.7263,1.2593,-2.2331,185,0.1700,185,0,0.9734,0.0231,0.0035,-2.0020,0.0060,0.3470,-1.1315,-5.8924,0.0000,1,0.0979,0.1431,19.5003,-0.0020
19.6804,IMM-UKF,jink,0.500,10.00,0.150,1,0.600,1,7.4660,5.1029,-2.3631,0.8618,0.2420,0.1057,0.1140,6.0000,4.3920,0.6697,16.1827,0.5625,-147.1885,-23.5788,-139.1223,-26.3007,-139.0932,-26.4155,-145.8919,-26.0125,-159.1215,-24.2431,8.0662,-2.7219,8.0952,-2.8367,1.2966,-2.4337,185,0.1800,185,0,0.9734,0.0231,0.0035,-2.0695,-0.1511,0.3354,-1.2021,-5.8784,0.0000,1,0.0979,0.1431,19.5003,-0.0020
19.6904,IMM-UKF,jink,0.500,10.00,0.150,1,0.600,1,7.5059,5.1042,-2.4017,0.8872,0.2420,0.1057,0.1120,6.0000,4.3920,0.6683,17.3892,0.5617,-147.4992,-23.4725,-139.1223,-26.3007,-139.0932,-26.4155,-146.1693,-26.1142,-159.3619,-24.5535,8.3769,-2.8282,8.4060,-2.9430,1.3299,-2.6418,185,0.1900,185,0,0.9734,0.0231,0.0035,-2.1361,-0.3069,0.3236,-1.2725,-5.8635,0.0000,1,0.0979,0.1431,19.5003,-0.0020
19.7004,IMM-UKF,jink,0.500,10.00,0.150,1,0.600,1,7.5446,5.1028,-2.4419,0.9136,0.2420,0.1057,0.1099,6.0000,4.3920,0.6670,18.6365,0.5609,-147.7984,-23.3701,-139.1223,-26.3007,-139.0932,-26.4155,-146.4392,-26.2277,-159.6075,-24.8760,8.6761,-2.9306,8.7051,-3.0454,1.3591,-2.8576,185,0.2000,185,0,0.9734,0.0231,0.0035,-2.2016,-0.4612,0.3117,-1.3428,-5.8478,0.0000,1,0.0979,0.1431,19.5003,-0.0020
19.7104,IMM-UKF,jink,0.500,10.00,0.150,1,0.600,1,7.5823,5.0987,-2.4835,0.9410,0.2420,0.1057,0.1078,6.0000,4.3920,0.6657,19.9257,0.5601,-148.0862,-23.2716,-139.1223,-26.3007,-139.0932,-26.4155,-146.7022,-26.3528,-159.8588,-25.2113,8.9640,-3.0291,8.9930,-3.1439,1.3840,-3.0812,185,0.2100,185,0,0.9734,0.0231,0.0035,-2.2662,-0.6141,0.2997,-1.4129,-5.8313,0.0000,1,0.0979,0.1431,19.5003,-0.0020
19.7204,IMM-UKF,jink,0.500,10.00,0.150,1,0.600,1,7.6187,5.0921,-2.5266,0.9692,0.2420,0.1057,0.1056,6.0000,4.3920,0.6646,21.2582,0.5595,-148.3632,-23.1769,-139.1223,-26.3007,-139.0932,-26.4155,-146.9588,-26.4896,-160.1165,-25.5602,9.2409,-3.1238,9.2700,-3.2386,1.4044,-3.3127,185,0.2200,185,0,0.9734,0.0231,0.0035,-2.3299,-0.7656,0.2876,-1.4827,-5.8139,0.0000,1,0.0878,0.1515,19.5003,0.0011
19.7304,IMM-UKF,jink,0.500,10.00,0.150,1,0.600,1,7.6540,5.0829,-2.5711,0.9984,0.2420,0.1057,0.1033,6.0000,4.3920,0.6635,22.6357,0.5589,-148.6295,-23.0859,-139.1223,-26.3007,-139.0932,-26.4155,-147.2095,-26.6383,-160.3812,-25.9233,9.5072,-3.2148,9.5363,-3.3296,1.4200,-3.5524,185,0.2300,185,0,0.9734,0.0231,0.0035,-2.3927,-0.9158,0.2756,-1.5524,-5.7957,0.0000,1,0.0878,0.1515,19.5003,0.0011
19.7404,IMM-UKF,jink,0.500,10.00,0.150,1,0.600,1,7.6881,5.0712,-2.6170,1.0285,0.2420,0.1057,0.1009,6.0000,4.3920,0.6625,24.0599,0.5583,-148.8855,-22.9986,-139.1223,-26.3007,-139.0932,-26.4155,-147.4548,-26.7990,-160.6537,-26.3016,9.7632,-3.3021,9.7923,-3.4169,1.4307,-3.8004,185,0.2400,185,0,0.9734,0.0231,0.0035,-2.4547,-1.0645,0.2635,-1.6218,-5.7766,0.0000,1,0.0878,0.1515,19.5003,0.0011
19.7504,IMM-UKF,jink,0.500,10.00,0.150,1,0.600,1,7.7211,5.0570,-2.6641,1.0594,0.2420,0.1057,0.0985,6.0000,4.3920,0.6616,25.5330,0.5578,-149.1314,-22.9148,-139.1223,-26.3007,-139.0932,-26.4155,-147.6951,-26.9718,-160.9346,-26.6957,10.0092,-3.3859,10.0382,-3.5007,1.4363,-4.0570,185,0.2500,185,0,0.9734,0.0231,0.0035,-2.5158,-1.2119,0.2514,-1.6910,-5.7568,0.0000,1,0.0878,0.1515,19.5003,0.0011
19.7604,IMM-UKF,jink,0.500,10.00,0.150,1,0.600,1,7.7528,5.0404,-2.7124,1.0912,0.2420,0.1057,0.0960,6.0000,4.3920,0.6607,27.0572,0.5573,-149.3676,-22.8345,-139.1223,-26.3007,-139.0932,-26.4155,-147.9309,-27.1569,-161.2248,-27.1066,10.2453,-3.4661,10.2744,-3.5809,1.4367,-4.3224,185,0.2600,185,0,0.9734,0.0231,0.0035,-2.5761,-1.3580,0.2394,-1.7600,-5.7361,0.0000,1,0.0878,0.1515,19.5003,0.0011
19.7704,IMM-UKF,jink,0.500,10.00,0.150,1,0.600,1,7.7833,5.3346,-2.4487,0.8519,0.2448,0.1070,0.0906,6.0000,4.8460,1.2388,7.8477,0.5569,-149.5942,-22.7577,-145.0589,-24.3052,-145.2766,-24.3453,-150.8159,-23.4342,-165.2886,-19.9136,4.5353,-1.5475,4.3176,-1.5876,-1.2217,-0.6765,186,0.1500,186,0,0.9734,0.0227,0.0038,-2.6356,-1.5026,0.2274,-1.8287,-5.7145,0.0000,1,0.0878,0.1515,19.6184,0.0011
19.7804,IMM-UKF,jink,0.500,10.00,0.150,1,0.600,1,7.8127,5.3303,-2.4824,0.8748,0.2448,0.1070,0.0882,6.0000,4.8460,1.2348,8.6216,0.5559,-149.8124,-22.6843,-145.0589,-24.3052,-145.2766,-24.3453,-151.1377,-23.4522,-165.6501,-20.0880,4.7535,-1.6209,4.5358,-1.6610,-1.3253,-0.7678,186,0.1600,186,0,0.9734,0.0227,0.0038,-2.6943,-1.6459,0.2154,-1.8971,-5.6922,0.0000,1,0.0878,0.1515,19.6184,0.0011
19.7904,IMM-UKF,jink,0.500,10.00,0.150,1,0.600,1,7.8408,5.3234,-2.5174,0.8987,0.2448,0.1070,0.0859,6.0000,4.8460,1.2289,9.4420,0.5547,-150.0219,-22.6143,-145.0589,-24.3052,-145.2766,-24.3453,-151.4562,-23.4793,-166.0226,-20.2703,4.9630,-1.6909,4.7454,-1.7310,-1.4343,-0.8650,186,0.1700,186,0,0.9734,0.0227,0.0038,-2.7524,-1.7878,0.2035,-1.9653,-5.6690,0.0000,1,0.0878,0.1515,19.6184,0.0011
19.8004,IMM-UKF,jink,0.500,10.00,0.150,1,0.600,1,7.8677,5.3140,-2.5537,0.9235,0.2448,0.1070,0.0835,6.0000,4.8460,1.2243,10.3136,0.5536,-150.2223,-22.5475,-145.0589,-24.3052,-145.2766,-24.3453,-151.7720,-23.5155,-166.4067,-20.4608,5.1634,-1.7577,4.9458,-1.7978,-1.5496,-0.9680,186,0.1800,186,0,0.9734,0.0227,0.0038,-2.8097,-1.9284,0.1916,-2.0332,-5.6450,0.0000,1,0.0878,0.1515,19.6184,0.0011
19.8104,IMM-UKF,jink,0.500,10.00,0.150,1,0.600,1,7.8934,5.3022,-2.5912,0.9493,0.2448,0.1070,0.0814,6.0000,4.8460,1.2256,11.2412,0.5532,-150.4130,-22.4840,-145.0589,-24.3052,-145.2766,-24.3453,-152.0855,-23.5608,-166.8034,-20.6600,5.3540,-1.8212,5.1364,-1.8613,-1.6725,-1.0768,186,0.1900,186,0,0.9734,0.0227,0.0038,-2.8663,-2.0676,0.1799,-2.1008,-5.6202,0.0000,1,0.0866,0.1563,19.6184,-0.0013
19.8204,IMM-UKF,jink,0.500,10.00,0.150,1,0.600,1,7.9179,5.2879,-2.6299,0.9759,0.2448,0.1070,0.0793,6.0000,4.8460,1.2267,12.2215,0.5528,-150.5952,-22.4237,-145.0589,-24.3052,-145.2766,-24.3453,-152.3973,-23.6152,-167.2137,-20.8681,5.5362,-1.8815,5.3186,-1.9216,-1.8021,-1.1915,186,0.2000,186,0,0.9734,0.0227,0.0038,-2.9223,-2.2055,0.1682,-2.1681,-5.5946,0.0000,1,0.0866,0.1563,19.6184,-0.0013
19.8304,IMM-UKF,jink,0.500,10.00,0.150,1,0.600,1,7.9411,5.2713,-2.6698,1.0035,0.2448,0.1070,0.0771,6.0000,4.8460,1.2278,13.2561,0.5525,-150.7691,-22.3665,-145.0589,-24.3052,-145.2766,-24.3453,-152.7080,-23.6786,-167.6385,-21.0856,5.7102,-1.9387,5.4925,-1.9788,-1.9389,-1.3121,186,0.2100,186,0,0.9734,0.0227,0.0038,-2.9777,-2.3420,0.1566,-2.2351,-5.5682,0.0000,1,0.0866,0.1563,19.6184,-0.0013
19.8404,IMM-UKF,jink,0.500,10.00,0.150,1,0.600,1,7.9631,5.2524,-2.7107,1.0320,0.2448,0.1070,0.0748,6.0000,4.8460,1.2290,14.3465,0.5523,-150.9349,-22.3124,-145.0589,-24.3052,-145.2766,-24.3453,-153.0182,-23.7511,-168.0790,-21.3129,5.8760,-1.9928,5.6584,-2.0329,-2.0832,-1.4387,186,0.2200,186,0,0.9734,0.0227,0.0038,-3.0324,-2.4772,0.1451,-2.3017,-5.5409,0.0000,1,0.0866,0.1563,19.6184,-0.0013
19.8504,IMM-UKF,jink,0.500,10.00,0.150,1,0.600,1,7.9839,5.2311,-2.7527,1.0614,0.2448,0.1070,0.0725,6.0000,4.8460,1.2300,15.4949,0.5521,-151.0928,-22.2614,-145.0589,-24.3052,-145.2766,-24.3453,-153.3283,-23.8329,-168.5363,-21.5503,6.0339,-2.0438,5.8163,-2.0839,-2.2355,-1.5714,186,0.2300,186,0,0.9734,0.0227,0.0038,-3.0866,-2.6110,0.1336,-2.3680,-5.5129,0.0000,1,0.0866,0.1563,19.6184,-0.0013
19.8604,IMM-UKF,jink,0.500,10.00,0.150,1,0.600,1,8.0034,5.2076,-2.7958,1.0917,0.2448,0.1070,0.0701,6.0000,4.8460,1.2310,16.7029,0.5520,-151.2430,-22.2135,-145.0589,-24.3052,-145.2766,-24.3453,-153.6389,-23.9239,-169.0118,-21.7984,6.1840,-2.0917,5.9664,-2.1318,-2.3960,-1.7104,186,0.2400,186,0,0.9734,0.0227,0.0038,-3.1402,-2.7436,0.1223,-2.4340,-5.4841,0.0000,1,0.0866,0.1563,19.6184,-0.0013
19.8704,IMM-UKF,jink,0.500,10.00,0.150,1,0.600,1,8.0217,5.1819,-2.8398,1.1228,0.2448,0.1070,0.0677,6.0000,4.8460,1.2319,17.9728,0.5519,-151.3855,-22.1685,-145.0589,-24.3052,-145.2766,-24.3453,-153.9507,-24.0242,-169.5067,-22.0575,6.3265,-2.1367,6.1089,-2.1768,-2.5652,-1.8557,186,0.2500,186,0,0.9734,0.0227,0.0038,-3.1932,-2.8748,0.1111,-2.4997,-5.4545,0.0000,1,0.0866,0.1563,19.6184,-0.0013
19.8804,IMM-UKF,jink,0.500,10.00,0.150,1,0.600,1,8.0387,5.4899,-2.5488,0.9043,0.2437,0.1058,0.0663,6.0000,5.0552,1.2585,6.2817,0.5520,-151.5205,-22.1265,-148.3632,-23.1769,-148.2156,-23.0171,-152.6015,-22.4458,-164.4363,-19.9767,3.1573,-1.0504,3.3048,-0.8906,-1.0810,-0.3193,187,0.1600,187,0,0.9747,0.0213,0.0039,-3.2458,-3.0047,0.1000,-2.5649,-5.4241,0.0000,1,0.0866,0.1563,19.7215,-0.0013
19.8904,IMM-UKF,jink,0.500,10.00,0.150,1,0.600,1,8.0545,5.4749,-2.5796,0.9278,0.2437,0.1058,0.0638,6.0000,5.0552,1.2580,6.9816,0.5520,-151.6482,-22.0874,-148.3632,-23.1769,-148.2156,-23.0171,-152.8371,-22.4765,-164.7604,-20.1623,3.2850,-1.0894,3.4325,-0.9297,-1.1889,-0.3891,187,0.1700,187,0,0.9747,0.0213,0.0039,-3.2978,-3.1332,0.0890,-2.6298,-5.3930,0.0000,1,0.0866,0.1563,19.7215,-0.0013
19.9004,IMM-UKF,jink,0.500,10.00,0.150,1,0.600,1,8.0691,5.4575,-2.6115,0.9522,0.2437,0.1058,0.0613,6.0000,5.0552,1.2574,7.7298,0.5521,-151.7686,-22.0513,-148.3632,-23.1769,-148.2156,-23.0171,-153.0717,-22.5153,-165.0966,-20.3572,3.4054,-1.1256,3.5530,-0.9658,-1.3031,-0.4640,187,0.1800,187,0,0.9747,0.0213,0.0039,-3.3493,-3.2605,0.0781,-2.6944,-5.3610,0.0000,1,0.1128,0.1410,19.7215,-0.0019
19.9104,IMM-UKF,jink,0.500,10.00,0.150,1,0.600,1,8.0824,5.4379,-2.6445,0.9776,0.2437,0.1058,0.0596,6.0000,5.0552,1.2683,8.5115,0.5504,-151.8852,-22.0181,-148.3632,-23.1769,-148.2156,-23.0171,-153.3058,-22.5621,-165.4458,-20.5616,3.5220,-1.1588,3.6696,-0.9991,-1.4206,-0.5440,187,0.1900,187,0,0.9747,0.0213,0.0039,-3.4004,-3.3865,0.0673,-2.7585,-5.3283,0.0000,1,0.1128,0.1410,19.7215,-0.0019
19.9204,IMM-UKF,jink,0.500,10.00,0.150,1,0.600,1,8.0944,5.4160,-2.6784,1.0039,0.2437,0.1058,0.0596,6.0000,5.0552,1.3047,9.3099,0.5481,-152.0017,-21.9877,-148.3632,-23.1769,-148.2156,-23.0171,-153.5398,-22.6169,-165.8092,-20.7762,3.6385,-1.1892,3.7861,-1.0294,-1.5381,-0.6291,187,0.2000,187,0,0.9747,0.0213,0.0039,-3.4511,-3.5112,0.0566,-2.8222,-5.2948,0.0000,1,0.1128,0.1410,19.7215,-0.0019
19.9304,IMM-UKF,jink,0.500,10.00,0.150,1,0.600,1,8.1052,5.3919,-2.7133,1.0310,0.2437,0.1058,0.0595,6.0000,5.0552,1.3428,10.1618,0.5499,-152.1112,-21.9604,-148.3632,-23.1769,-148.2156,-23.0171,-153.7741,-22.6798,-166.1878,-21.0012,3.7480,-1.2164,3.8955,-1.0567,-1.6629,-0.7193,187,0.2100,187,0,0.9747,0.0213,0.0039,-3.5013,-3.6345,0.0461,-2.8856,-5.2606,0.0000,1,0.1128,0.1410,19.7215,-0.0019
19.9404,IMM-UKF,jink,0.500,10.00,0.150,1,0.600,1,8.1148,5.3656,-2.7492,1.0591,0.2437,0.1058,0.0616,6.0000,5.0552,1.3496,11.1097,0.5497,-152.2056,-21.9360,-148.3632,-23.1769,-148.2156,-23.0171,-154.0092,-22.7508,-166.5829,-21.2373,3.8424,-1.2409,3.9900,-1.0811,-1.8036,-0.8148,187,0.2200,187,0,0.9747,0.0213,0.0039,-3.5511,-3.7566,0.0356,-2.9485,-5.2256,0.0000,1,0.1128,0.1410,19.7215,-0.0019
19.9504,IMM-UKF,jink,0.500,10.00,0.150,1,0.600,1,8.1231,5.3372,-2.7859,1.0881,0.2437,0.1058,0.0640,6.0000,5.0552,1.3495,12.1220,0.5486,-152.2917,-21.9144,-148.3632,-23.1769,-148.2156,-23.0171,-154.2455,-22.8302,-166.9957,-21.4849,3.9285,-1.2625,4.0760,-1.1028,-1.9538,-0.9158,187,0.2300,187,0,0.9747,0.0213,0.0039,-3.6005,-3.8775,0.0253,-3.0110,-5.1898,0.0000,1,0.1128,0.1410,19.7215,-0.0019
19.9604,IMM-UKF,jink,0.500,10.00,0.150,1,0.600,1,8.1302,5.3068,-2.8234,1.1179,0.2437,0.1058,0.0663,6.0000,5.0552,1.3494,13.1921,0.5475,-152.3711,-21.8956,-148.3632,-23.1769,-148.2156,-23.0171,-154.4834,-22.9179,-167.4276,-21.7446,4.0079,-1.2813,4.1555,-1.1216,-2.1123,-1.0223,187,0.2400,187,0,0.9747,0.0213,0.0039,-3.6496,-3.9970,0.0151,-3.0730,-5.1533,0.0000,1,0.1128,0.1410,19.7215,-0.0019
19.9704,IMM-UKF,jink,0.500,10.00,0.150,1,0.600,1,8.1360,5.6194,-2.5167,0.9518,0.2430,0.1046,0.0694,6.0000,5.4336,2.1285,9.3890,0.5465,-152.4441,-21.8796,-150.4130,-22.4840,-150.4844,-22.1324,-154.1211,-21.6875,-164.8418,-19.6573,2.0311,-0.6044,1.9596,-0.2528,-1.6770,0.1920,188,0.1600,188,0,0.9723,0.0230,0.0047,-3.6983,-4.1153,0.0051,-3.1346,-5.1161,0.0000,1,0.1128,0.1410,19.8090,-0.0019
19.9804,IMM-UKF,jink,0.500,10.00,0.150,1,0.600,1,8.1406,5.5982,-2.5423,0.9755,0.2430,0.1046,0.0716,6.0000,5.4336,2.1295,10.1281,0.5455,-152.5106,-21.8663,-150.4130,-22.4840,-150.4844,-22.1324,-154.3265,-21.7189,-165.1700,-19.8355,2.0976,-0.6177,2.0262,-0.2660,-1.8159,0.1474,188,0.1700,188,0,0.9723,0.0230,0.0047,-3.7467,-4.2323,-0.0049,-3.1958,-5.0781,0.0000,1,0.1128,0.1410,19.8090,-0.0019
19.9904,IMM-UKF,jink,0.500,10.00,0.150,1,0.600,1,8.1439,5.5750,-2.5689,1.0001,0.2430,0.1046,0.0737,6.0000,5.4336,2.1304,10.9157,0.5446,-152.5708,-21.8559,-150.4130,-22.4840,-150.4844,-22.1324,-154.5326,-21.7574,-165.5122,-20.0227,2.1578,-0.6281,2.0864,-0.2765,-1.9618,0.0985,188,0.1800,188,0,0.9723,0.0230,0.0047,-3.7947,-4.3480,-0.0147,-3.2565,-5.0394,0.0000,1,0.1128,0.1410,19.8090,-0.0019
20.0004,IMM-UKF,jink,0.500,10.00,0.150,1,0.600,1,8.1460,5.5496,-2.5964,1.0255,0.2430,0.1046,0.0758,6.0000,5.4336,2.1312,11.7533,0.5438,-152.6248,-21.8482,-150.4130,-22.4840,-150.4844,-22.1324,-154.7398,-21.8029,-165.8695,-20.2194,2.2118,-0.6358,2.1403,-0.2841,-2.1150,0.0453,188,0.1900,188,0,0.9723,0.0230,0.0047,-3.8425,-4.4625,-0.0244,-3.3168,-4.9999,0.0000,1,0.1128,0.1410,19.8090,-0.0019
