t_s,estimator,maneuver,horizon_s,detect_hz,latency_s,jitter,meas_corr,predict_on,true_range_m,est_range_m,range_err_m,range_sigma_m,est_size_w_m,est_size_h_m,size_err_m,true_speed_mps,est_speed_mps,held_err_px,est_err_px,track_err_px,origin_hdg,origin_att,delayed_hdg,delayed_att,jittered_hdg,jittered_att,est_hdg,est_att,pred_hdg,pred_att,err_delayed_hdg,err_delayed_att,err_jittered_hdg,err_jittered_att,err_est_hdg,err_est_att,detect_count,detect_age_s,tracker_updates,tracker_rejects,imm_p0,imm_p1,imm_p2,chaser_vx,chaser_vy,chaser_vz,target_vx,target_vy,target_vz,timing_on,period_s,pkt_latency_s,meas_stamp_s,stamp_err_s
0.0100,IMM-UKF-LOS,smooth,0.500,10.00,0.050,0,0.600,1,19.4187,nan,nan,nan,nan,nan,nan,6.0000,nan,0.0000,0.0000,0.0000,18.5731,-11.7372,nan,nan,nan,nan,nan,nan,nan,nan,nan,nan,nan,nan,nan,nan,0,0.0000,0,0,0.0000,0.0000,0.0000,0.0668,0.1665,-0.0147,5.5709,2.2283,0.0000,1,0.1063,0.0521,0.0000,0.0019
0.0200,IMM-UKF-LOS,smooth,0.500,10.00,0.050,0,0.600,1,19.4533,nan,nan,nan,nan,nan,nan,6.0000,nan,0.0000,0.0000,0.0000,18.7100,-11.7152,nan,nan,nan,nan,nan,nan,nan,nan,nan,nan,nan,nan,nan,nan,0,0.0000,0,0,0.0000,0.0000,0.0000,0.1332,0.3312,-0.0293,5.5708,2.2284,0.0000,1,0.1063,0.0521,0.0000,0.0019
0.0300,IMM-UKF-LOS,smooth,0.500,10.00,0.050,0,0.600,1,19.4862,nan,nan,nan,nan,nan,nan,6.0000,nan,0.0000,0.0000,0.0000,18.8460,-11.6938,nan,nan,nan,nan,nan,nan,nan,nan,nan,nan,nan,nan,nan,nan,0,0.0000,0,0,0.0000,0.0000,0.0000,0.1993,0.4941,-0.0436,5.5708,2.2286,0.0000,1,0.1063,0.0521,0.0000,0.0019
0.0400,IMM-UKF-LOS,smooth,0.500,10.00,0.050,0,0.600,1,19.5175,nan,nan,nan,nan,nan,nan,6.0000,nan,0.0000,0.0000,0.0000,18.9813,-11.6731,nan,nan,nan,nan,nan,nan,nan,nan,nan,nan,nan,nan,nan,nan,0,0.0000,0,0,0.0000,0.0000,0.0000,0.2652,0.6553,-0.0578,5.5707,2.2288,0.0000,1,0.1063,0.0521,0.0000,0.0019
0.0500,IMM-UKF-LOS,smooth,0.500,10.00,0.050,0,0.600,1,19.5472,nan,nan,nan,nan,nan,nan,6.0000,nan,0.0000,0.0000,0.0000,19.1158,-11.6530,nan,nan,nan,nan,nan,nan,nan,nan,nan,nan,nan,nan,nan,nan,0,0.0000,0,0,0.0000,0.0000,0.0000,0.3307,0.8147,-0.0717,5.5705,2.2291,0.0000,1,0.1063,0.0521,0.0000,0.0019
0.0600,IMM-UKF-LOS,smooth,0.500,10.00,0.050,0,0.600,1,19.5753,11.9394,-7.6359,8.4291,0.3600,0.3600,0.0178,6.0000,0.0000,0.0029,4.9792,0.1716,19.2496,-11.6335,18.4354,-11.7598,18.4354,-11.7598,18.4160,-11.7960,18.2402,-12.1232,-0.8142,-0.1263,-0.8142,-0.1263,-0.8336,-0.1625,1,0.0600,1,0,0.3333,0.3333,0.3333,0.3960,0.9723,-0.0855,5.5704,2.2295,0.0000,1,0.1063,0.0521,0.0019,0.0019
0.0700,IMM-UKF-LOS,smooth,0.500,10.00,0.050,0,0.600,1,19.6018,11.9176,-7.6842,8.4400,0.3600,0.3600,0.0179,6.0000,0.0000,0.0034,5.8248,0.1712,19.3827,-11.6146,18.4354,-11.7598,18.4354,-11.7598,18.4085,-11.8092,18.1986,-12.1937,-0.9473,-0.1452,-0.9473,-0.1452,-0.9742,-0.1946,1,0.0700,1,0,0.3333,0.3333,0.3333,0.4609,1.1283,-0.0991,5.5702,2.2300,0.0000,1,0.1063,0.0521,0.0019,0.0019
0.0800,IMM-UKF-LOS,smooth,0.500,10.00,0.050,0,0.600,1,19.6268,11.8925,-7.7343,8.4527,0.3600,0.3600,0.0179,6.0000,0.0000,0.0038,6.6761,0.1708,19.5152,-11.5963,18.4354,-11.7598,18.4354,-11.7598,18.3997,-11.8244,18.1541,-12.2672,-1.0798,-0.1635,-1.0798,-0.1635,-1.1155,-0.2281,1,0.0800,1,0,0.3333,0.3333,0.3333,0.5255,1.2825,-0.1125,5.5700,2.2305,0.0000,1,0.1063,0.0521,0.0019,0.0019
0.0900,IMM-UKF-LOS,smooth,0.500,10.00,0.050,0,0.600,1,19.6502,11.8643,-7.7860,8.4671,0.3600,0.3600,0.0180,6.0000,0.0000,0.0041,7.5337,0.1704,19.6470,-11.5786,18.4354,-11.7598,18.4354,-11.7598,18.3894,-11.8416,18.1065,-12.3439,-1.2116,-0.1813,-1.2116,-0.1813,-1.2575,-0.2631,1,0.0900,1,0,0.3333,0.3333,0.3333,0.5899,1.4351,-0.1258,5.5697,2.2312,0.0000,1,0.1063,0.0521,0.0019,0.0019
0.1000,IMM-UKF-LOS,smooth,0.500,10.00,0.050,0,0.600,1,19.6722,11.8329,-7.8392,8.4832,0.3600,0.3600,0.0180,6.0000,0.0000,0.0045,8.3981,0.1701,19.7781,-11.5614,18.4354,-11.7598,18.4354,-11.7598,18.3777,-11.8609,18.0557,-12.4239,-1.3427,-0.1984,-1.3427,-0.1984,-1.4004,-0.2995,1,0.1000,1,0,0.3333,0.3333,0.3333,0.6539,1.5860,-0.1388,5.5695,2.2319,0.0000,1,0.1063,0.0521,0.0019,0.0019
0.1100,IMM-UKF-LOS,smooth,0.500,10.00,0.050,0,0.600,1,19.6926,11.7985,-7.8941,8.5011,0.3600,0.3600,0.0181,6.0000,0.0000,0.0048,9.2699,0.1697,19.9087,-11.5448,18.4354,-11.7598,18.4354,-11.7598,18.3645,-11.8822,18.0015,-12.5074,-1.4733,-0.2151,-1.4733,-0.2151,-1.5442,-0.3375,1,0.1100,1,0,0.3333,0.3333,0.3333,0.7177,1.7352,-0.1517,5.5691,2.2326,0.0000,1,0.0804,0.0434,0.0019,-0.0009
0.1200,IMM-UKF-LOS,smooth,0.500,10.00,0.050,0,0.600,1,19.7115,11.7611,-7.9504,8.5207,0.3600,0.3600,0.0181,6.0000,0.0000,0.0052,10.1496,0.1694,20.0387,-11.5287,18.4354,-11.7598,18.4354,-11.7598,18.3498,-11.9056,17.9437,-12.5944,-1.6033,-0.2312,-1.6033,-0.2312,-1.6889,-0.3769,1,0.1200,1,0,0.3333,0.3333,0.3333,0.7812,1.8828,-0.1643,5.5688,2.2335,0.0000,1,0.0804,0.0434,0.0019,-0.0009
0.1300,IMM-UKF-LOS,smooth,0.500,10.00,0.050,0,0.600,1,19.7289,11.7207,-8.0083,8.5420,0.3600,0.3600,0.0182,6.0000,0.0000,0.0055,11.0378,0.1691,20.1681,-11.5131,18.4354,-11.7598,18.4354,-11.7598,18.3334,-11.9311,17.8822,-12.6852,-1.7327,-0.2467,-1.7327,-0.2467,-1.8348,-0.4179,1,0.1300,1,0,0.3333,0.3333,0.3333,0.8443,2.0288,-0.1769,5.5684,2.2344,0.0000,1,0.0804,0.0434,0.0019,-0.0009
0.1400,IMM-UKF-LOS,smooth,0.500,10.00,0.050,0,0.600,1,19.7449,11.6773,-8.0676,8.5651,0.3600,0.3600,0.0182,6.0000,0.0000,0.0058,11.9350,0.1688,20.2971,-11.4981,18.4354,-11.7598,18.4354,-11.7598,18.3153,-11.9586,17.8168,-12.7798,-1.8617,-0.2617,-1.8617,-0.2617,-1.9818,-0.4605,1,0.1400,1,0,0.3333,0.3333,0.3333,0.9072,2.1731,-0.1892,5.5680,2.2354,0.0000,1,0.0804,0.0434,0.0019,-0.0009
0.1500,IMM-UKF-LOS,smooth,0.500,10.00,0.050,0,0.600,1,19.7595,11.6311,-8.1284,8.5899,0.3600,0.3600,0.0183,6.0000,0.0000,0.0060,12.8417,0.1686,20.4255,-11.4836,18.4354,-11.7598,18.4354,-11.7598,18.2955,-11.9882,17.7472,-12.8784,-1.9901,-0.2762,-1.9901,-0.2762,-2.1300,-0.5046,1,0.1500,1,0,0.3333,0.3333,0.3333,0.9698,2.3159,-0.2014,5.5676,2.2365,0.0000,1,0.0804,0.0434,0.0019,-0.0009
0.1600,IMM-UKF-LOS,smooth,0.500,10.00,0.050,0,0.600,1,19.7726,12.3328,-7.4398,7.9236,0.3600,0.3600,0.0183,6.0000,2.1364,0.0015,18.0815,0.1683,20.5534,-11.4696,19.9087,-11.5448,19.9087,-11.5448,17.6197,-10.5603,14.5796,-6.3473,-0.6447,-0.0752,-0.6447,-0.0752,-2.9337,0.9093,2,0.0500,2,0,0.3477,0.3420,0.3103,1.0321,2.4571,-0.2134,5.5671,2.2377,0.0000,1,0.0804,0.0434,0.1091,-0.0009
0.1700,IMM-UKF-LOS,smooth,0.500,10.00,0.050,0,0.600,1,19.7843,12.2991,-7.4852,7.9500,0.3600,0.3600,0.0184,6.0000,2.1364,0.0017,19.2447,0.1681,20.6809,-11.4561,19.9087,-11.5448,19.9087,-11.5448,17.5592,-10.4888,14.4397,-6.2674,-0.7722,-0.0887,-0.7722,-0.0887,-3.1217,0.9673,2,0.0600,2,0,0.3477,0.3420,0.3103,1.0942,2.5968,-0.2252,5.5666,2.2389,0.0000,1,0.0804,0.0434,0.1091,-0.0009
0.1800,IMM-UKF-LOS,smooth,0.500,10.00,0.050,0,0.600,1,19.7946,12.2625,-7.5321,7.9783,0.3600,0.3600,0.0184,6.0000,2.1364,0.0019,20.4164,0.1679,20.8079,-11.4430,19.9087,-11.5448,19.9087,-11.5448,17.4966,-10.4183,14.2940,-6.1863,-0.8992,-0.1017,-0.8992,-0.1017,-3.3113,1.0247,2,0.0700,2,0,0.3477,0.3420,0.3103,1.1559,2.7349,-0.2369,5.5661,2.2403,0.0000,1,0.0804,0.0434,0.1091,-0.0009
0.1900,IMM-UKF-LOS,smooth,0.500,10.00,0.050,0,0.600,1,19.8035,12.2231,-7.5804,8.0083,0.3600,0.3600,0.0184,6.0000,2.1364,0.0021,21.5973,0.1677,20.9344,-11.4305,19.9087,-11.5448,19.9087,-11.5448,17.4319,-10.3488,14.1424,-6.1041,-1.0257,-0.1143,-1.0257,-0.1143,-3.5025,1.0817,2,0.0800,2,0,0.3477,0.3420,0.3103,1.2174,2.8715,-0.2484,5.5655,2.2417,0.0000,1,0.0804,0.0434,0.1091,-0.0009
0.2000,IMM-UKF-LOS,smooth,0.500,10.00,0.050,0,0.600,1,19.8111,12.1809,-7.6302,8.0402,0.3600,0.3600,0.0185,6.0000,2.1364,0.0023,22.7880,0.1675,21.0606,-11.4184,19.9087,-11.5448,19.9087,-11.5448,17.3651,-10.2803,13.9845,-6.0204,-1.1519,-0.1263,-1.1519,-0.1263,-3.6955,1.1382,2,0.0900,2,0,0.3477,0.3420,0.3103,1.2786,3.0065,-0.2597,5.5649,2.2431,0.0000,1,0.1188,0.0443,0.1091,0.0018
0.2100,IMM-UKF-LOS,smooth,0.500,10.00,0.050,0,0.600,1,19.8173,12.1359,-7.6813,8.0738,0.3600,0.3600,0.0185,6.0000,2.1364,0.0025,23.9895,0.1673,21.1864,-11.4069,19.9087,-11.5448,19.9087,-11.5448,17.2959,-10.2126,13.8200,-5.9354,-1.2777,-0.1379,-1.2777,-0.1379,-3.8904,1.1943,2,0.1000,2,0,0.3477,0.3420,0.3103,1.3395,3.1401,-0.2709,5.5643,2.2447,0.0000,1,0.1188,0.0443,0.1091,0.0018
0.2200,IMM-UKF-LOS,smooth,0.500,10.00,0.050,0,0.600,1,19.8221,12.0883,-7.7339,8.1092,0.3600,0.3600,0.0185,6.0000,2.1364,0.0027,25.2024,0.1672,21.3118,-11.3957,19.9087,-11.5448,19.9087,-11.5448,17.2244,-10.1457,13.6486,-5.8489,-1.4031,-0.1490,-1.4031,-0.1490,-4.0873,1.2500,2,0.1100,2,0,0.3477,0.3420,0.3103,1.4002,3.2722,-0.2819,5.5636,2.2463,0.0000,1,0.1188,0.0443,0.1091,0.0018
0.2300,IMM-UKF-LOS,smooth,0.500,10.00,0.050,0,0.600,1,19.8257,12.0379,-7.7877,8.1463,0.3600,0.3600,0.0186,6.0000,2.1364,0.0028,26.4276,0.1670,21.4368,-11.3851,19.9087,-11.5448,19.9087,-11.5448,17.1505,-10.0796,13.4701,-5.7608,-1.5281,-0.1597,-1.5281,-0.1597,-4.2864,1.3054,2,0.1200,2,0,0.3477,0.3420,0.3103,1.4605,3.4028,-0.2928,5.5629,2.2480,0.0000,1,0.1188,0.0443,0.1091,0.0018
0.2400,IMM-UKF-LOS,smooth,0.500,10.00,0.050,0,0.600,1,19.8279,11.9850,-7.8429,8.1852,0.3600,0.3600,0.0186,6.0000,2.1364,0.0030,27.6659,0.1669,21.5615,-11.3748,19.9087,-11.5448,19.9087,-11.5448,17.0739,-10.0142,13.2839,-5.6709,-1.6528,-0.1699,-1.6528,-0.1699,-4.4876,1.3606,2,0.1300,2,0,0.3477,0.3420,0.3103,1.5206,3.5320,-0.3035,5.5622,2.2498,0.0000,1,0.1188,0.0443,0.1091,0.0018
0.2500,IMM-UKF-LOS,smooth,0.500,10.00,0.050,0,0.600,1,19.8288,13.9458,-5.8830,5.4977,0.3600,0.3600,0.0186,6.0000,1.7415,0.0008,27.4964,0.1668,21.6859,-11.3650,21.0606,-11.4184,21.0606,-11.4184,17.0096,-11.2632,13.3364,-10.4043,-0.6253,-0.0534,-0.6253,-0.0534,-4.6763,0.1018,3,0.0500,3,0,0.3682,0.3530,0.2788,1.5805,3.6597,-0.3140,5.5615,2.2517,0.0000,1,0.1188,0.0443,0.2018,0.0018
0.2600,IMM-UKF-LOS,smooth,0.500,10.00,0.050,0,0.600,1,19.8285,13.9086,-5.9199,5.5365,0.3600,0.3600,0.0186,6.0000,1.7415,0.0009,28.6499,0.1667,21.8099,-11.3557,21.0606,-11.4184,21.0606,-11.4184,16.9384,-11.2522,13.1785,-10.4218,-0.7493,-0.0627,-0.7493,-0.0627,-4.8715,0.1035,3,0.0600,3,0,0.3682,0.3530,0.2788,1.6400,3.7860,-0.3244,5.5607,2.2536,0.0000,1,0.1188,0.0443,0.2018,0.0018
0.2700,IMM-UKF-LOS,smooth,0.500,10.00,0.050,0,0.600,1,19.8268,13.8688,-5.9581,5.5780,0.3600,0.3600,0.0187,6.0000,1.7415,0.0010,29.8148,0.1666,21.9337,-11.3468,21.0606,-11.4184,21.0606,-11.4184,16.8652,-11.2425,13.0150,-10.4405,-0.8731,-0.0716,-0.8731,-0.0716,-5.0685,0.1043,3,0.0700,3,0,0.3682,0.3530,0.2788,1.6993,3.9109,-0.3346,5.5599,2.2557,0.0000,1,0.1188,0.0443,0.2018,0.0018
0.2800,IMM-UKF-LOS,smooth,0.500,10.00,0.050,0,0.600,1,19.8240,13.8263,-5.9976,5.6221,0.3600,0.3600,0.0187,6.0000,1.7415,0.0011,30.9918,0.1666,22.0572,-11.3383,21.0606,-11.4184,21.0606,-11.4184,16.7897,-11.2340,12.8457,-10.4605,-0.9966,-0.0801,-0.9966,-0.0801,-5.2675,0.1044,3,0.0800,3,0,0.3682,0.3530,0.2788,1.7584,4.0344,-0.3447,5.5590,2.2578,0.0000,1,0.1188,0.0443,0.2018,0.0018
0.2900,IMM-UKF-LOS,smooth,0.500,10.00,0.050,0,0.600,1,19.8199,13.7813,-6.0385,5.6689,0.3600,0.3600,0.0187,6.0000,1.7415,0.0012,32.1814,0.1665,22.1804,-11.3303,21.0606,-11.4184,21.0606,-11.4184,16.7119,-11.2267,12.6702,-10.4818,-1.1198,-0.0882,-1.1198,-0.0882,-5.4685,0.1035,3,0.0900,3,0,0.3682,0.3530,0.2788,1.8172,4.1565,-0.3547,5.5581,2.2599,0.0000,1,0.1188,0.0443,0.2018,0.0018
0.3000,IMM-UKF-LOS,smooth,0.500,10.00,0.050,0,0.600,1,19.8145,13.7339,-6.0806,5.7182,0.3600,0.3600,0.0187,6.0000,1.7415,0.0013,33.3843,0.1665,22.3034,-11.3226,21.0606,-11.4184,21.0606,-11.4184,16.6318,-11.2207,12.4883,-10.5045,-1.2428,-0.0958,-1.2428,-0.0958,-5.6716,0.1019,3,0.1000,3,0,0.3682,0.3530,0.2788,1.8757,4.2772,-0.3645,5.5572,2.2622,0.0000,1,0.1188,0.0443,0.2018,0.0018
0.3100,IMM-UKF-LOS,smooth,0.500,10.00,0.050,0,0.600,1,19.8080,13.6839,-6.1240,5.7700,0.3600,0.3600,0.0187,6.0000,1.7415,0.0013,34.6011,0.1665,22.4261,-11.3154,21.0606,-11.4184,21.0606,-11.4184,16.5492,-11.2159,12.2998,-10.5286,-1.3655,-0.1031,-1.3655,-0.1031,-5.8769,0.0995,3,0.1100,3,0,0.3682,0.3530,0.2788,1.9339,4.3966,-0.3741,5.5563,2.2645,0.0000,1,0.1188,0.0443,0.2018,0.0018
0.3200,IMM-UKF-LOS,smooth,0.500,10.00,0.050,0,0.600,1,19.8002,13.6316,-6.1686,5.8242,0.3600,0.3600,0.0187,6.0000,1.7415,0.0014,35.8325,0.1664,22.5486,-11.3086,21.0606,-11.4184,21.0606,-11.4184,16.4640,-11.2124,12.1043,-10.5540,-1.4880,-0.1099,-1.4880,-0.1099,-6.0846,0.0962,3,0.1200,3,0,0.3682,0.3530,0.2788,1.9920,4.5146,-0.3836,5.5553,2.2669,0.0000,1,0.0832,0.0485,0.2018,-0.0010
0.3300,IMM-UKF-LOS,smooth,0.500,10.00,0.050,0,0.600,1,19.7913,13.5768,-6.2144,5.8809,0.3600,0.3600,0.0187,6.0000,1.7415,0.0014,37.0793,0.1665,22.6709,-11.3021,21.0606,-11.4184,21.0606,-11.4184,16.3762,-11.2101,11.9017,-10.5809,-1.6103,-0.1163,-1.6103,-0.1163,-6.2948,0.0921,3,0.1300,3,0,0.3682,0.3530,0.2788,2.0497,4.6313,-0.3930,5.5543,2.2694,0.0000,1,0.0832,0.0485,0.2018,-0.0010
0.3400,IMM-UKF-LOS,smooth,0.500,10.00,0.050,0,0.600,1,19.7812,13.5198,-6.2614,5.9398,0.3600,0.3600,0.0187,6.0000,1.7415,0.0015,38.3420,0.1665,22.7930,-11.2961,21.0606,-11.4184,21.0606,-11.4184,16.2856,-11.2090,11.6915,-10.6093,-1.7324,-0.1223,-1.7324,-0.1223,-6.5074,0.0872,3,0.1400,3,0,0.3682,0.3530,0.2788,2.1072,4.7467,-0.4022,5.5532,2.2720,0.0000,1,0.0832,0.0485,0.2018,-0.0010
0.3500,IMM-UKF-LOS,smooth,0.500,10.00,0.050,0,0.600,1,19.7699,13.4604,-6.3095,6.0011,0.3600,0.3600,0.0187,6.0000,1.7415,0.0015,39.6216,0.1665,22.9149,-11.2905,21.0606,-11.4184,21.0606,-11.4184,16.1921,-11.2091,11.4735,-10.6391,-1.8543,-0.1279,-1.8543,-0.1279,-6.7228,0.0815,3,0.1500,3,0,0.3682,0.3530,0.2788,2.1645,4.8608,-0.4112,5.5521,2.2746,0.0000,1,0.0832,0.0485,0.2018,-0.0010
0.3600,IMM-UKF-LOS,smooth,0.500,10.00,0.050,0,0.600,1,19.7575,13.3988,-6.3587,6.0645,0.3600,0.3600,0.0187,6.0000,1.7415,0.0016,40.9186,0.1665,23.0366,-11.2853,21.0606,-11.4184,21.0606,-11.4184,16.0958,-11.2104,11.2474,-10.6705,-1.9760,-0.1331,-1.9760,-0.1331,-6.9409,0.0749,3,0.1600,3,0,0.3682,0.3530,0.2788,2.2215,4.9736,-0.4202,5.5510,2.2773,0.0000,1,0.0832,0.0485,0.2018,-0.0010
0.3700,IMM-UKF-LOS,smooth,0.500,10.00,0.050,0,0.600,1,19.7439,14.7854,-4.9585,4.0638,0.3600,0.3600,0.0187,6.0000,2.3364,0.0004,38.8738,0.1666,23.1582,-11.2805,22.5486,-11.3086,22.5486,-11.3086,16.6191,-12.2213,13.1008,-13.5075,-0.6096,-0.0281,-0.6096,-0.0281,-6.5391,-0.9408,4,0.0500,4,0,0.4984,0.3272,0.1744,2.2782,5.0850,-0.4290,5.5499,2.2801,0.0000,1,0.0832,0.0485,0.3190,-0.0010
0.3800,IMM-UKF-LOS,smooth,0.500,10.00,0.050,0,0.600,1,19.7292,14.7448,-4.9844,4.1205,0.3600,0.3600,0.0187,6.0000,2.3364,0.0005,40.0117,0.1667,23.2796,-11.2760,22.5486,-11.3086,22.5486,-11.3086,16.5512,-12.2487,12.9446,-13.5844,-0.7310,-0.0326,-0.7310,-0.0326,-6.7285,-0.9727,4,0.0600,4,0,0.4984,0.3272,0.1744,2.3348,5.1953,-0.4376,5.5487,2.2830,0.0000,1,0.0832,0.0485,0.3190,-0.0010
0.3900,IMM-UKF-LOS,smooth,0.500,10.00,0.050,0,0.600,1,19.7134,14.7020,-5.0114,4.1802,0.3600,0.3600,0.0187,6.0000,2.3364,0.0007,41.1637,0.1668,23.4009,-11.2719,22.5486,-11.3086,22.5486,-11.3086,16.4810,-12.2776,12.7830,-13.6637,-0.8523,-0.0366,-0.8523,-0.0366,-6.9199,-1.0057,4,0.0700,4,0,0.4984,0.3272,0.1744,2.3911,5.3042,-0.4461,5.5475,2.2859,0.0000,1,0.0832,0.0485,0.3190,-0.0010
0.4000,IMM-UKF-LOS,smooth,0.500,10.00,0.050,0,0.600,1,19.6966,14.6569,-5.0396,4.2426,0.3600,0.3600,0.0187,6.0000,2.3364,0.0008,42.3302,0.1668,23.5221,-11.2683,22.5486,-11.3086,22.5486,-11.3086,16.4085,-12.3080,12.6158,-13.7455,-0.9734,-0.0403,-0.9734,-0.0403,-7.1136,-1.0397,4,0.0800,4,0,0.4984,0.3272,0.1744,2.4471,5.4119,-0.4545,5.5462,2.2889,0.0000,1,0.0832,0.0485,0.3190,-0.0010
0.4100,IMM-UKF-LOS,smooth,0.500,10.00,0.050,0,0.600,1,19.6786,14.6096,-5.0689,4.3078,0.3600,0.3600,0.0186,6.0000,2.3364,0.0009,43.5119,0.1670,23.6431,-11.2650,22.5486,-11.3086,22.5486,-11.3086,16.3336,-12.3398,12.4428,-13.8298,-1.0945,-0.0436,-1.0945,-0.0436,-7.3095,-1.0749,4,0.0900,4,0,0.4984,0.3272,0.1744,2.5029,5.5184,-0.4628,5.5450,2.2920,0.0000,1,0.0982,0.0501,0.3190,0.0018
0.4200,IMM-UKF-LOS,smooth,0.500,10.00,0.050,0,0.600,1,19.6595,14.5601,-5.0994,4.3757,0.3600,0.3600,0.0186,6.0000,2.3364,0.0010,44.7092,0.1671,23.7640,-11.2620,22.5486,-11.3086,22.5486,-11.3086,16.2563,-12.3731,12.2637,-13.9166,-1.2154,-0.0465,-1.2154,-0.0465,-7.5078,-1.1111,4,0.1000,4,0,0.4984,0.3272,0.1744,2.5585,5.6237,-0.4709,5.5437,2.2952,0.0000,1,0.0982,0.0501,0.3190,0.0018
0.4300,IMM-UKF-LOS,smooth,0.500,10.00,0.050,0,0.600,1,19.6394,14.5085,-5.1309,4.4460,0.3600,0.3600,0.0186,6.0000,2.3364,0.0012,45.9227,0.1672,23.8848,-11.2595,22.5486,-11.3086,22.5486,-11.3086,16.1764,-12.4079,12.0785,-14.0062,-1.3362,-0.0491,-1.3362,-0.0491,-7.7085,-1.1485,4,0.1100,4,0,0.4984,0.3272,0.1744,2.6138,5.7277,-0.4789,5.5423,2.2984,0.0000,1,0.0982,0.0501,0.3190,0.0018
0.4400,IMM-UKF-LOS,smooth,0.500,10.00,0.050,0,0.600,1,19.6183,14.4548,-5.1635,4.5187,0.3600,0.3600,0.0186,6.0000,2.3364,0.0013,47.1532,0.1673,24.0056,-11.2573,22.5486,-11.3086,22.5486,-11.3086,16.0939,-12.4443,11.8868,-14.0984,-1.4570,-0.0513,-1.4570,-0.0513,-7.9117,-1.1870,4,0.1200,4,0,0.4984,0.3272,0.1744,2.6689,5.8306,-0.4867,5.5409,2.3017,0.0000,1,0.0982,0.0501,0.3190,0.0018
0.4500,IMM-UKF-LOS,smooth,0.500,10.00,0.050,0,0.600,1,19.5961,14.3990,-5.1971,4.5937,0.3600,0.3600,0.0185,6.0000,2.3364,0.0015,48.4011,0.1675,24.1263,-11.2555,22.5486,-11.3086,22.5486,-11.3086,16.0086,-12.4821,11.6883,-14.1935,-1.5776,-0.0531,-1.5776,-0.0531,-8.1176,-1.2267,4,0.1300,4,0,0.4984,0.3272,0.1744,2.7238,5.9322,-0.4944,5.5395,2.3051,0.0000,1,0.0982,0.0501,0.3190,0.0018
0.4600,IMM-UKF-LOS,smooth,0.500,10.00,0.050,0,0.600,1,19.5729,14.3411,-5.2318,4.6709,0.3600,0.3600,0.0185,6.0000,2.3364,0.0017,49.6672,0.1677,24.2469,-11.2540,22.5486,-11.3086,22.5486,-11.3086,15.9206,-12.5215,11.4829,-14.2914,-1.6982,-0.0546,-1.6982,-0.0546,-8.3262,-1.2675,4,0.1400,4,0,0.4984,0.3272,0.1744,2.7784,6.0327,-0.5020,5.5381,2.3086,0.0000,1,0.0982,0.0501,0.3190,0.0018
0.4700,IMM-UKF-LOS,smooth,0.500,10.00,0.050,0,0.600,1,19.5487,14.4144,-5.1343,4.7033,0.3600,0.3600,0.0185,6.0000,2.8200,0.0010,30.7724,0.1679,24.3674,-11.2529,23.6431,-11.2650,23.6431,-11.2650,19.1410,-11.0819,19.8293,-10.6531,-0.7243,-0.0121,-0.7243,-0.0121,-5.2264,0.1710,5,0.0600,5,0,0.5419,0.3358,0.1223,2.8329,6.1320,-0.5095,5.5366,2.3122,0.0000,1,0.0982,0.0501,0.4118,0.0018
0.4800,IMM-UKF-LOS,smooth,0.500,10.00,0.050,0,0.600,1,19.5235,14.3646,-5.1588,4.7840,0.3600,0.3600,0.0184,6.0000,2.8200,0.0012,31.4472,0.1680,24.4879,-11.2522,23.6431,-11.2650,23.6431,-11.2650,19.1475,-11.0784,19.7975,-10.6783,-0.8448,-0.0128,-0.8448,-0.0128,-5.3404,0.1738,5,0.0700,5,0,0.5419,0.3358,0.1223,2.8871,6.2302,-0.5168,5.5351,2.3158,0.0000,1,0.0982,0.0501,0.4118,0.0018
0.4900,IMM-UKF-LOS,smooth,0.500,10.00,0.050,0,0.600,1,19.4972,14.3127,-5.1845,4.8666,0.3600,0.3600,0.0184,6.0000,2.8200,0.0014,32.1310,0.1682,24.6084,-11.2518,23.6431,-11.2650,23.6431,-11.2650,19.1525,-11.0759,19.7629,-10.7050,-0.9653,-0.0132,-0.9653,-0.0132,-5.4558,0.1759,5,0.0800,5,0,0.5419,0.3358,0.1223,2.9411,6.3272,-0.5240,5.5335,2.3195,0.0000,1,0.0982,0.0501,0.4118,0.0018
0.5000,IMM-UKF-LOS,smooth,0.500,10.00,0.050,0,0.600,1,19.4700,14.2588,-5.2113,4.9509,0.3600,0.3600,0.0183,6.0000,2.8200,0.0017,32.8240,0.1684,24.7288,-11.2518,23.6431,-11.2650,23.6431,-11.2650,19.1559,-11.0745,19.7254,-10.7332,-1.0857,-0.0132,-1.0857,-0.0132,-5.5729,0.1773,5,0.0900,5,0,0.5419,0.3358,0.1223,2.9948,6.4231,-0.5311,5.5320,2.3232,0.0000,1,0.0982,0.0501,0.4118,0.0018
0.5100,IMM-UKF-LOS,smooth,0.500,10.00,0.050,0,0.600,1,19.4419,14.2028,-5.2391,5.0369,0.3600,0.3600,0.0183,6.0000,2.8200,0.0019,33.5266,0.1687,24.8492,-11.2521,23.6431,-11.2650,23.6431,-11.2650,19.1577,-11.0742,19.6850,-10.7629,-1.2061,-0.0128,-1.2061,-0.0128,-5.6916,0.1779,5,0.1000,5,0,0.5419,0.3358,0.1223,3.0484,6.5178,-0.5381,5.5303,2.3271,0.0000,1,0.0941,0.0598,0.4118,0.0005
0.5200,IMM-UKF-LOS,smooth,0.500,10.00,0.050,0,0.600,1,19.4128,14.1448,-5.2680,5.1245,0.3600,0.3600,0.0182,6.0000,2.8200,0.0022,34.2392,0.1689,24.9696,-11.2528,23.6431,-11.2650,23.6431,-11.2650,19.1578,-11.0750,19.6414,-10.7942,-1.3265,-0.0121,-1.3265,-0.0121,-5.8119,0.1778,5,0.1100,5,0,0.5419,0.3358,0.1223,3.1017,6.6115,-0.5449,5.5287,2.3310,0.0000,1,0.0941,0.0598,0.4118,0.0005
0.5300,IMM-UKF-LOS,smooth,0.500,10.00,0.050,0,0.600,1,19.3827,14.0849,-5.2979,5.2136,0.3600,0.3600,0.0182,6.0000,2.8200,0.0024,34.9619,0.1692,25.0900,-11.2539,23.6431,-11.2650,23.6431,-11.2650,19.1561,-11.0768,19.5945,-10.8271,-1.4469,-0.0111,-1.4469,-0.0111,-5.9339,0.1771,5,0.1200,5,0,0.5419,0.3358,0.1223,3.1548,6.7040,-0.5516,5.5270,2.3350,0.0000,1,0.0941,0.0598,0.4118,0.0005
0.5400,IMM-UKF-LOS,smooth,0.500,10.00,0.050,0,0.600,1,19.3517,14.0229,-5.3288,5.3042,0.3600,0.3600,0.0181,6.0000,2.8200,0.0027,35.6951,0.1694,25.2104,-11.2553,23.6431,-11.2650,23.6431,-11.2650,19.1528,-11.0797,19.5443,-10.8616,-1.5673,-0.0097,-1.5673,-0.0097,-6.0576,0.1756,5,0.1300,5,0,0.5419,0.3358,0.1223,3.2077,6.7955,-0.5582,5.5253,2.3391,0.0000,1,0.0941,0.0598,0.4118,0.0005
0.5500,IMM-UKF-LOS,smooth,0.500,10.00,0.050,0,0.600,1,19.3198,13.9591,-5.3607,5.3962,0.3600,0.3600,0.0181,6.0000,2.8200,0.0030,36.4392,0.1697,25.3308,-11.2571,23.6431,-11.2650,23.6431,-11.2650,19.1476,-11.0837,19.4906,-10.8979,-1.6877,-0.0079,-1.6877,-0.0079,-6.1832,0.1734,5,0.1400,5,0,0.5419,0.3358,0.1223,3.2604,6.8859,-0.5647,5.5235,2.3432,0.0000,1,0.0941,0.0598,0.4118,0.0005
0.5600,IMM-UKF-LOS,smooth,0.500,10.00,0.050,0,0.600,1,19.2870,13.8934,-5.3935,5.4896,0.3600,0.3600,0.0180,6.0000,2.8200,0.0033,37.1944,0.1700,25.4513,-11.2592,23.6431,-11.2650,23.6431,-11.2650,19.1406,-11.0888,19.4332,-10.9360,-1.8082,-0.0058,-1.8082,-0.0058,-6.3107,0.1704,5,0.1500,5,0,0.5419,0.3358,0.1223,3.3129,6.9752,-0.5711,5.5217,2.3474,0.0000,1,0.0941,0.0598,0.4118,0.0005
0.5700,IMM-UKF-LOS,smooth,0.500,10.00,0.050,0,0.600,1,19.2533,14.0246,-5.2287,3.9915,0.3600,0.3600,0.0179,6.0000,3.3298,0.0017,27.9245,0.1703,25.5717,-11.2616,24.8492,-11.2521,24.8492,-11.2521,20.8284,-11.0660,23.4123,-10.7246,-0.7225,0.0095,-0.7225,0.0095,-4.7433,0.1956,6,0.0600,6,0,0.6572,0.3306,0.0122,3.3652,7.0634,-0.5773,5.5199,2.3517,0.0000,1,0.0941,0.0598,0.5105,0.0005
0.5800,IMM-UKF-LOS,smooth,0.500,10.00,0.050,0,0.600,1,19.2186,13.9669,-5.2517,4.0642,0.3600,0.3600,0.0179,6.0000,3.3298,0.0020,28.4159,0.1706,25.6923,-11.2645,24.8492,-11.2521,24.8492,-11.2521,20.8659,-11.0643,23.4375,-10.7524,-0.8430,0.0123,-0.8430,0.0123,-4.8264,0.2001,6,0.0700,6,0,0.6572,0.3306,0.0122,3.4173,7.1506,-0.5834,5.5180,2.3561,0.0000,1,0.0941,0.0598,0.5105,0.0005
0.5900,IMM-UKF-LOS,smooth,0.500,10.00,0.050,0,0.600,1,19.1831,13.9074,-5.2758,4.1384,0.3600,0.3600,0.0178,6.0000,3.3298,0.0023,28.9147,0.1709,25.8128,-11.2676,24.8492,-11.2521,24.8492,-11.2521,20.9021,-11.0637,23.4612,-10.7818,-0.9636,0.0155,-0.9636,0.0155,-4.9107,0.2039,6,0.0800,6,0,0.6572,0.3306,0.0122,3.4692,7.2367,-0.5894,5.5161,2.3605,0.0000,1,0.0941,0.0598,0.5105,0.0005
0.6000,IMM-UKF-LOS,smooth,0.500,10.00,0.050,0,0.600,1,19.1468,13.8459,-5.3008,4.2141,0.3600,0.3600,0.0177,6.0000,3.3298,0.0027,29.4211,0.1712,25.9334,-11.2711,24.8492,-11.2521,24.8492,-11.2521,20.9371,-11.0641,23.4832,-10.8128,-1.0842,0.0190,-1.0842,0.0190,-4.9964,0.2071,6,0.0900,6,0,0.6572,0.3306,0.0122,3.5208,7.3219,-0.5953,5.5142,2.3650,0.0000,1,0.0941,0.0598,0.5105,0.0005
0.6100,IMM-UKF-LOS,smooth,0.500,10.00,0.050,0,0.600,1,19.1095,13.7827,-5.3269,4.2911,0.3600,0.3600,0.0176,6.0000,3.3298,0.0030,29.9352,0.1716,26.0541,-11.2750,24.8492,-11.2521,24.8492,-11.2521,20.9708,-11.0655,23.5035,-10.8455,-1.2049,0.0229,-1.2049,0.0229,-5.0833,0.2095,6,0.1000,6,0,0.6572,0.3306,0.0122,3.5723,7.4059,-0.6011,5.5122,2.3696,0.0000,1,0.0881,0.0590,0.5105,0.0017
0.6200,IMM-UKF-LOS,smooth,0.500,10.00,0.050,0,0.600,1,19.0715,13.7176,-5.3538,4.3695,0.3600,0.3600,0.0175,6.0000,3.3298,0.0034,30.4573,0.1719,26.1748,-11.2792,24.8492,-11.2521,24.8492,-11.2521,21.0032,-11.0680,23.5221,-10.8800,-1.3256,0.0271,-1.3256,0.0271,-5.1717,0.2112,6,0.1100,6,0,0.6572,0.3306,0.0122,3.6236,7.4890,-0.6068,5.5102,2.3743,0.0000,1,0.0881,0.0590,0.5105,0.0017
0.6300,IMM-UKF-LOS,smooth,0.500,10.00,0.050,0,0.600,1,19.0325,13.6508,-5.3818,4.4490,0.3600,0.3600,0.0175,6.0000,3.3298,0.0038,30.9875,0.1723,26.2956,-11.2838,24.8492,-11.2521,24.8492,-11.2521,21.0342,-11.0716,23.5388,-10.9163,-1.4464,0.0317,-1.4464,0.0317,-5.2614,0.2122,6,0.1200,6,0,0.6572,0.3306,0.0122,3.6747,7.5711,-0.6123,5.5082,2.3790,0.0000,1,0.0881,0.0590,0.5105,0.0017
0.6400,IMM-UKF-LOS,smooth,0.500,10.00,0.050,0,0.600,1,18.9928,13.5822,-5.4106,4.5298,0.3600,0.3600,0.0174,6.0000,3.3298,0.0042,31.5261,0.1726,26.4165,-11.2887,24.8492,-11.2521,24.8492,-11.2521,21.0640,-11.0762,23.5536,-10.9544,-1.5673,0.0366,-1.5673,0.0366,-5.3526,0.2125,6,0.1300,6,0,0.6572,0.3306,0.0122,3.7256,7.6522,-0.6178,5.5061,2.3838,0.0000,1,0.0881,0.0590,0.5105,0.0017
0.6500,IMM-UKF-LOS,smooth,0.500,10.00,0.050,0,0.600,1,18.9522,13.5118,-5.4404,4.6117,0.3600,0.3600,0.0173,6.0000,3.3298,0.0046,32.0733,0.1730,26.5375,-11.2940,24.8492,-11.2521,24.8492,-11.2521,21.0923,-11.0819,23.5664,-10.9945,-1.6883,0.0419,-1.6883,0.0419,-5.4452,0.2121,6,0.1400,6,0,0.6572,0.3306,0.0122,3.7763,7.7323,-0.6231,5.5040,2.3887,0.0000,1,0.0881,0.0590,0.5105,0.0017
0.6600,IMM-UKF-LOS,smooth,0.500,10.00,0.050,0,0.600,1,18.9108,13.4398,-5.4710,4.6947,0.3600,0.3600,0.0172,6.0000,3.3298,0.0050,32.6295,0.1734,26.6586,-11.2996,24.8492,-11.2521,24.8492,-11.2521,21.1192,-11.0887,23.5771,-11.0366,-1.8094,0.0475,-1.8094,0.0475,-5.5394,0.2109,6,0.1500,6,0,0.6572,0.3306,0.0122,3.8268,7.8114,-0.6283,5.5019,2.3937,0.0000,1,0.0881,0.0590,0.5105,0.0017
0.6700,IMM-UKF-LOS,smooth,0.500,10.00,0.050,0,0.600,1,18.8686,13.9256,-4.9431,4.5118,0.3600,0.3600,0.0171,6.0000,4.5000,0.0024,22.6393,0.1738,26.7798,-11.3056,26.0541,-11.2750,26.0541,-11.2750,23.0194,-10.5019,27.9869,-8.7843,-0.7257,0.0306,-0.7257,0.0306,-3.7604,0.8037,7,0.0600,7,0,0.7972,0.1839,0.0189,3.8772,7.8896,-0.6334,5.4997,2.3987,0.0000,1,0.0881,0.0590,0.6117,0.0017
0.6800,IMM-UKF-LOS,smooth,0.500,10.00,0.050,0,0.600,1,18.8257,13.8662,-4.9595,4.5922,0.3600,0.3600,0.0170,6.0000,4.5000,0.0028,22.9359,0.1743,26.9011,-11.3119,26.0541,-11.2750,26.0541,-11.2750,23.0961,-10.4778,28.0858,-8.7672,-0.8470,0.0369,-0.8470,0.0369,-3.8049,0.8342,7,0.0700,7,0,0.7972,0.1839,0.0189,3.9273,7.9668,-0.6384,5.4974,2.4038,0.0000,1,0.0881,0.0590,0.6117,0.0017
0.6900,IMM-UKF-LOS,smooth,0.500,10.00,0.050,0,0.600,1,18.7819,13.8051,-4.9768,4.6735,0.3600,0.3600,0.0168,6.0000,4.5000,0.0033,23.2377,0.1747,27.0225,-11.3186,26.0541,-11.2750,26.0541,-11.2750,23.1721,-10.4544,28.1850,-8.7505,-0.9684,0.0436,-0.9684,0.0436,-3.8503,0.8642,7,0.0800,7,0,0.7972,0.1839,0.0189,3.9773,8.0430,-0.6433,5.4952,2.4090,0.0000,1,0.0881,0.0590,0.6117,0.0017
0.7000,IMM-UKF-LOS,smooth,0.500,10.00,0.050,0,0.600,1,18.7374,13.7424,-4.9950,4.7557,0.3600,0.3600,0.0167,6.0000,4.5000,0.0037,23.5446,0.1751,27.1440,-11.3256,26.0541,-11.2750,26.0541,-11.2750,23.2474,-10.4317,28.2842,-8.7343,-1.0899,0.0506,-1.0899,0.0506,-3.8966,0.8940,7,0.0900,7,0,0.7972,0.1839,0.0189,4.0271,8.1183,-0.6481,5.4929,2.4142,0.0000,1,0.1188,0.0591,0.6117,-0.0017
0.7100,IMM-UKF-LOS,smooth,0.500,10.00,0.050,0,0.600,1,18.6921,13.6780,-5.0142,4.8387,0.3600,0.3600,0.0166,6.0000,4.5000,0.0042,23.8568,0.1756,27.2657,-11.3330,26.0541,-11.2750,26.0541,-11.2750,23.3219,-10.4097,28.3836,-8.7187,-1.2116,0.0580,-1.2116,0.0580,-3.9438,0.9234,7,0.1000,7,0,0.7972,0.1839,0.0189,4.0767,8.1927,-0.6527,5.4905,2.4195,0.0000,1,0.1188,0.0591,0.6117,-0.0017
0.7200,IMM-UKF-LOS,smooth,0.500,10.00,0.050,0,0.600,1,18.6461,13.6119,-5.0341,4.9226,0.3600,0.3600,0.0165,6.0000,4.5000,0.0047,24.1741,0.1761,27.3875,-11.3408,26.0541,-11.2750,26.0541,-11.2750,23.3956,-10.3884,28.4832,-8.7035,-1.3334,0.0658,-1.3334,0.0658,-3.9919,0.9524,7,0.1100,7,0,0.7972,0.1839,0.0189,4.1261,8.2661,-0.6573,5.4882,2.4249,0.0000,1,0.1188,0.0591,0.6117,-0.0017
0.7300,IMM-UKF-LOS,smooth,0.500,10.00,0.050,0,0.600,1,18.5993,13.5443,-5.0550,5.0072,0.3600,0.3600,0.0163,6.0000,4.5000,0.0051,24.4967,0.1765,27.5094,-11.3489,26.0541,-11.2750,26.0541,-11.2750,23.4686,-10.3677,28.5830,-8.6889,-1.4554,0.0739,-1.4554,0.0739,-4.0409,0.9812,7,0.1200,7,0,0.7972,0.1839,0.0189,4.1754,8.3387,-0.6618,5.4857,2.4303,0.0000,1,0.1188,0.0591,0.6117,-0.0017
0.7400,IMM-UKF-LOS,smooth,0.500,10.00,0.050,0,0.600,1,18.5518,13.4751,-5.0766,5.0927,0.3600,0.3600,0.0162,6.0000,4.5000,0.0057,24.8245,0.1770,27.6315,-11.3574,26.0541,-11.2750,26.0541,-11.2750,23.5407,-10.3478,28.6828,-8.6747,-1.5774,0.0824,-1.5774,0.0824,-4.0908,1.0095,7,0.1300,7,0,0.7972,0.1839,0.0189,4.2245,8.4103,-0.6661,5.4833,2.4359,0.0000,1,0.1188,0.0591,0.6117,-0.0017
0.7500,IMM-UKF-LOS,smooth,0.500,10.00,0.050,0,0.600,1,18.5035,13.4044,-5.0991,5.1788,0.3600,0.3600,0.0161,6.0000,4.5000,0.0062,25.1578,0.1775,27.7538,-11.3662,26.0541,-11.2750,26.0541,-11.2750,23.6121,-10.3286,28.7829,-8.6612,-1.6997,0.0912,-1.6997,0.0912,-4.1417,1.0376,7,0.1400,7,0,0.7972,0.1839,0.0189,4.2734,8.4810,-0.6703,5.4808,2.4415,0.0000,1,0.1188,0.0591,0.6117,-0.0017
0.7600,IMM-UKF-LOS,smooth,0.500,10.00,0.050,0,0.600,1,18.4546,13.0531,-5.4015,3.4137,0.3600,0.3600,0.0159,6.0000,4.6894,0.0030,12.0629,0.1781,27.8762,-11.3754,27.1440,-11.3256,27.1440,-11.3256,25.8751,-10.9192,34.7148,-10.5068,-0.7322,0.0497,-0.7322,0.0497,-2.0011,0.4562,8,0.0600,8,0,0.7763,0.2015,0.0223,4.3221,8.5508,-0.6745,5.4783,2.4471,0.0000,1,0.1188,0.0591,0.6983,-0.0017
0.7700,IMM-UKF-LOS,smooth,0.500,10.00,0.050,0,0.600,1,18.4049,12.9840,-5.4209,3.4742,0.3600,0.3600,0.0158,6.0000,4.6894,0.0035,12.0257,0.1786,27.9988,-11.3850,27.1440,-11.3256,27.1440,-11.3256,26.0066,-10.9185,34.9444,-10.5303,-0.8547,0.0593,-0.8547,0.0593,-1.9922,0.4664,8,0.0700,8,0,0.7763,0.2015,0.0223,4.3707,8.6198,-0.6785,5.4757,2.4529,0.0000,1,0.1188,0.0591,0.6983,-0.0017
0.7800,IMM-UKF-LOS,smooth,0.500,10.00,0.050,0,0.600,1,18.3545,12.9133,-5.4412,3.5357,0.3600,0.3600,0.0156,6.0000,4.6894,0.0041,11.9884,0.1791,28.1215,-11.3949,27.1440,-11.3256,27.1440,-11.3256,26.1382,-10.9188,35.1778,-10.5554,-0.9775,0.0692,-0.9775,0.0692,-1.9833,0.4761,8,0.0800,8,0,0.7763,0.2015,0.0223,4.4191,8.6879,-0.6825,5.4731,2.4587,0.0000,1,0.1188,0.0591,0.6983,-0.0017
0.7900,IMM-UKF-LOS,smooth,0.500,10.00,0.050,0,0.600,1,18.3034,12.8412,-5.4622,3.5980,0.3600,0.3600,0.0155,6.0000,4.6894,0.0047,11.9508,0.1797,28.2444,-11.4052,27.1440,-11.3256,27.1440,-11.3256,26.2700,-10.9200,35.4150,-10.5821,-1.1004,0.0795,-1.1004,0.0795,-1.9744,0.4851,8,0.0900,8,0,0.7763,0.2015,0.0223,4.4673,8.7551,-0.6863,5.4705,2.4646,0.0000,1,0.1188,0.0591,0.6983,-0.0017
0.8000,IMM-UKF-LOS,smooth,0.500,10.00,0.050,0,0.600,1,18.2517,12.7676,-5.4841,3.6612,0.3600,0.3600,0.0153,6.0000,4.6894,0.0052,11.9127,0.1802,28.3676,-11.4158,27.1440,-11.3256,27.1440,-11.3256,26.4019,-10.9222,35.6563,-10.6104,-1.2235,0.0902,-1.2235,0.0902,-1.9656,0.4936,8,0.1000,8,0,0.7763,0.2015,0.0223,4.5154,8.8214,-0.6900,5.4678,2.4705,0.0000,1,0.1188,0.0591,0.6983,-0.0017
0.8100,IMM-UKF-LOS,smooth,0.500,10.00,0.050,0,0.600,1,18.1993,12.6926,-5.5067,3.7252,0.3600,0.3600,0.0151,6.0000,4.6894,0.0058,11.8741,0.1808,28.4909,-11.4269,27.1440,-11.3256,27.1440,-11.3256,26.5340,-10.9254,35.9018,-10.6404,-1.3468,0.1012,-1.3468,0.1012,-1.9568,0.5014,8,0.1100,8,0,0.7763,0.2015,0.0223,4.5633,8.8869,-0.6937,5.4651,2.4765,0.0000,1,0.1188,0.0591,0.6983,-0.0017
0.8200,IMM-UKF-LOS,smooth,0.500,10.00,0.050,0,0.600,1,18.1462,12.6161,-5.5301,3.7900,0.3600,0.3600,0.0150,6.0000,4.6894,0.0064,11.8348,0.1814,28.6144,-11.4383,27.1440,-11.3256,27.1440,-11.3256,26.6664,-10.9296,36.1516,-10.6721,-1.4703,0.1126,-1.4703,0.1126,-1.9480,0.5086,8,0.1200,8,0,0.7763,0.2015,0.0223,4.6111,8.9516,-0.6972,5.4623,2.4826,0.0000,1,0.1047,0.0416,0.6983,-0.0013
0.8300,IMM-UKF-LOS,smooth,0.500,10.00,0.050,0,0.600,1,18.0924,12.5383,-5.5542,3.8556,0.3600,0.3600,0.0148,6.0000,4.6894,0.0070,11.7945,0.1820,28.7381,-11.4501,27.1440,-11.3256,27.1440,-11.3256,26.7989,-10.9349,36.4059,-10.7056,-1.5940,0.1244,-1.5940,0.1244,-1.9392,0.5152,8,0.1300,8,0,0.7763,0.2015,0.0223,4.6587,9.0154,-0.7006,5.4595,2.4888,0.0000,1,0.1047,0.0416,0.6983,-0.0013
0.8400,IMM-UKF-LOS,smooth,0.500,10.00,0.050,0,0.600,1,18.0381,12.4591,-5.5790,3.9220,0.3600,0.3600,0.0146,6.0000,4.6894,0.0077,11.7533,0.1826,28.8620,-11.4622,27.1440,-11.3256,27.1440,-11.3256,26.9316,-10.9411,36.6650,-10.7410,-1.7179,0.1366,-1.7179,0.1366,-1.9303,0.5211,8,0.1400,8,0,0.7763,0.2015,0.0223,4.7061,9.0784,-0.7039,5.4566,2.4950,0.0000,1,0.1047,0.0416,0.6983,-0.0013
0.8500,IMM-UKF-LOS,smooth,0.500,10.00,0.050,0,0.600,1,17.9830,12.3785,-5.6045,3.9891,0.3600,0.3600,0.0144,6.0000,4.6894,0.0083,11.7110,0.1832,28.9861,-11.4748,27.1440,-11.3256,27.1440,-11.3256,27.0647,-10.9484,36.9291,-10.7783,-1.8421,0.1492,-1.8421,0.1492,-1.9214,0.5264,8,0.1500,8,0,0.7763,0.2015,0.0223,4.7534,9.1405,-0.7072,5.4538,2.5013,0.0000,1,0.1047,0.0416,0.6983,-0.0013
0.8600,IMM-UKF-LOS,smooth,0.500,10.00,0.050,0,0.600,1,17.9274,12.2966,-5.6308,4.0568,0.3600,0.3600,0.0142,6.0000,4.6894,0.0089,11.6674,0.1839,29.1104,-11.4878,27.1440,-11.3256,27.1440,-11.3256,27.1980,-10.9568,37.1983,-10.8176,-1.9664,0.1621,-1.9664,0.1621,-1.9125,0.5309,8,0.1600,8,0,0.7763,0.2015,0.0223,4.8005,9.2019,-0.7103,5.4508,2.5077,0.0000,1,0.1047,0.0416,0.6983,-0.0013
0.8700,IMM-UKF-LOS,smooth,0.500,10.00,0.050,0,0.600,1,17.8711,12.3581,-5.5130,2.9328,0.3600,0.3600,0.0140,6.0000,4.8604,0.0032,9.7651,0.1845,29.2350,-11.5011,28.6144,-11.4383,28.6144,-11.4383,27.5698,-11.4797,38.1532,-12.9124,-0.6206,0.0628,-0.6206,0.0628,-1.6652,0.0214,9,0.0500,9,0,0.7561,0.2161,0.0278,4.8475,9.2624,-0.7133,5.4479,2.5141,0.0000,1,0.1047,0.0416,0.8187,-0.0013
0.8800,IMM-UKF-LOS,smooth,0.500,10.00,0.050,0,0.600,1,17.8141,12.2848,-5.5294,2.9847,0.3600,0.3600,0.0138,6.0000,4.8604,0.0039,9.6132,0.1852,29.3598,-11.5148,28.6144,-11.4383,28.6144,-11.4383,27.7203,-11.5070,38.4454,-12.9965,-0.7454,0.0765,-0.7454,0.0765,-1.6395,0.0078,9,0.0600,9,0,0.7561,0.2161,0.0278,4.8943,9.3222,-0.7163,5.4449,2.5206,0.0000,1,0.1047,0.0416,0.8187,-0.0013
0.8900,IMM-UKF-LOS,smooth,0.500,10.00,0.050,0,0.600,1,17.7566,12.2101,-5.5465,3.0375,0.3600,0.3600,0.0136,6.0000,4.8604,0.0046,9.4606,0.1859,29.4848,-11.5289,28.6144,-11.4383,28.6144,-11.4383,27.8712,-11.5357,38.7432,-13.0838,-0.8705,0.0906,-0.8705,0.0906,-1.6136,-0.0068,9,0.0700,9,0,0.7561,0.2161,0.0278,4.9410,9.3811,-0.7191,5.4418,2.5272,0.0000,1,0.1047,0.0416,0.8187,-0.0013
0.9000,IMM-UKF-LOS,smooth,0.500,10.00,0.050,0,0.600,1,17.6985,12.1341,-5.5644,3.0910,0.3600,0.3600,0.0134,6.0000,4.8604,0.0053,9.3074,0.1866,29.6101,-11.5434,28.6144,-11.4383,28.6144,-11.4383,28.0226,-11.5658,39.0470,-13.1745,-0.9957,0.1052,-0.9957,0.1052,-1.5875,-0.0224,9,0.0800,9,0,0.7561,0.2161,0.0278,4.9876,9.4393,-0.7218,5.4387,2.5338,0.0000,1,0.1047,0.0416,0.8187,-0.0013
0.9100,IMM-UKF-LOS,smooth,0.500,10.00,0.050,0,0.600,1,17.6398,12.0569,-5.5829,3.1454,0.3600,0.3600,0.0132,6.0000,4.8604,0.0060,9.1538,0.1873,29.7356,-11.5584,28.6144,-11.4383,28.6144,-11.4383,28.1745,-11.5973,39.3570,-13.2686,-1.1212,0.1201,-1.1212,0.1201,-1.5611,-0.0389,9,0.0900,9,0,0.7561,0.2161,0.0278,5.0340,9.4967,-0.7245,5.4356,2.5405,0.0000,1,0.1047,0.0416,0.8187,-0.0013
0.9200,IMM-UKF-LOS,smooth,0.500,10.00,0.050,0,0.600,1,17.5805,11.9783,-5.6022,3.2005,0.3600,0.3600,0.0130,6.0000,4.8604,0.0067,8.9998,0.1880,29.8614,-11.5737,28.6144,-11.4383,28.6144,-11.4383,28.3270,-11.6302,39.6735,-13.3664,-1.2470,0.1354,-1.2470,0.1354,-1.5344,-0.0565,9,0.1000,9,0,0.7561,0.2161,0.0278,5.0802,9.5533,-0.7270,5.4324,2.5473,0.0000,1,0.1047,0.0416,0.8187,-0.0013
0.9300,IMM-UKF-LOS,smooth,0.500,10.00,0.050,0,0.600,1,17.5206,11.8986,-5.6221,3.2564,0.3600,0.3600,0.0127,6.0000,4.8604,0.0075,8.8456,0.1887,29.9874,-11.5894,28.6144,-11.4383,28.6144,-11.4383,28.4800,-11.6647,39.9967,-13.4680,-1.3730,0.1512,-1.3730,0.1512,-1.5073,-0.0752,9,0.1100,9,0,0.7561,0.2161,0.0278,5.1263,9.6091,-0.7295,5.4292,2.5541,0.0000,1,0.1142,0.0564,0.8187,-0.0019
0.9400,IMM-UKF-LOS,smooth,0.500,10.00,0.050,0,0.600,1,17.4602,11.8176,-5.6426,3.3129,0.3600,0.3600,0.0125,6.0000,4.8604,0.0082,8.6915,0.1895,30.1137,-11.6056,28.6144,-11.4383,28.6144,-11.4383,28.6337,-11.7006,40.3270,-13.5734,-1.4993,0.1673,-1.4993,0.1673,-1.4800,-0.0950,9,0.1200,9,0,0.7561,0.2161,0.0278,5.1723,9.6642,-0.7318,5.4260,2.5610,0.0000,1,0.1142,0.0564,0.8187,-0.0019
0.9500,IMM-UKF-LOS,smooth,0.500,10.00,0.050,0,0.600,1,17.3991,11.7353,-5.6638,3.3701,0.3600,0.3600,0.0123,6.0000,4.8604,0.0090,8.5378,0.1902,30.2402,-11.6222,28.6144,-11.4383,28.6144,-11.4383,28.7880,-11.7381,40.6647,-13.6830,-1.6259,0.1839,-1.6259,0.1839,-1.4523,-0.1159,9,0.1300,9,0,0.7561,0.2161,0.0278,5.2181,9.7185,-0.7341,5.4227,2.5680,0.0000,1,0.1142,0.0564,0.8187,-0.0019
0.9600,IMM-UKF-LOS,smooth,0.500,10.00,0.050,0,0.600,1,17.3376,11.6520,-5.6856,3.4280,0.3600,0.3600,0.0121,6.0000,4.8604,0.0097,8.3852,0.1910,30.3671,-11.6392,28.6144,-11.4383,28.6144,-11.4383,28.9429,-11.7772,41.0101,-13.7969,-1.7528,0.2009,-1.7528,0.2009,-1.4242,-0.1380,9,0.1400,9,0,0.7561,0.2161,0.0278,5.2638,9.7721,-0.7362,5.4193,2.5750,0.0000,1,0.1142,0.0564,0.8187,-0.0019
0.9700,IMM-UKF-LOS,smooth,0.500,10.00,0.050,0,0.600,1,17.2754,11.5674,-5.7081,3.4866,0.3600,0.3600,0.0119,6.0000,4.8604,0.0104,8.2339,0.1917,30.4944,-11.6566,28.6144,-11.4383,28.6144,-11.4383,29.0985,-11.8179,41.3636,-13.9151,-1.8800,0.2183,-1.8800,0.2183,-1.3958,-0.1613,9,0.1500,9,0,0.7561,0.2161,0.0278,5.3094,9.8249,-0.7383,5.4160,2.5821,0.0000,1,0.1142,0.0564,0.8187,-0.0019
0.9800,IMM-UKF-LOS,smooth,0.500,10.00,0.050,0,0.600,1,17.2128,11.4817,-5.7311,3.5457,0.3600,0.3600,0.0117,6.0000,4.8604,0.0111,8.0841,0.1925,30.6219,-11.6745,28.6144,-11.4383,28.6144,-11.4383,29.2549,-11.8603,41.7256,-14.0381,-2.0075,0.2362,-2.0075,0.2362,-1.3670,-0.1858,9,0.1600,9,0,0.7561,0.2161,0.0278,5.3548,9.8770,-0.7403,5.4125,2.5893,0.0000,1,0.1142,0.0564,0.8187,-0.0019
0.9900,IMM-UKF-LOS,smooth,0.500,10.00,0.050,0,0.600,1,17.1496,11.1363,-6.0133,2.9283,0.3600,0.3600,0.0115,6.0000,4.7359,0.0050,2.8559,0.1934,30.7497,-11.6927,29.9874,-11.5894,29.9874,-11.5894,30.2622,-11.6922,44.9423,-13.1145,-0.7623,0.1033,-0.7623,0.1033,-0.4875,0.0006,10,0.0600,10,0,0.9564,0.0323,0.0113,5.4001,9.9284,-0.7421,5.4091,2.5965,0.0000,1,0.1142,0.0564,0.9281,-0.0019
1.0000,IMM-UKF-LOS,smooth,0.500,10.00,0.050,0,0.600,1,17.0859,11.0517,-6.0342,2.9775,0.3600,0.3600,0.0113,6.0000,4.7359,0.0062,2.5084,0.1944,30.8778,-11.7115,29.9874,-11.5894,29.9874,-11.5894,30.4496,-11.7204,45.4079,-13.2065,-0.8904,0.1220,-0.8904,0.1220,-0.4281,-0.0089,10,0.0700,10,0,0.9564,0.0323,0.0113,5.4452,9.9791,-0.7439,5.4056,2.6038,0.0000,1,0.1142,0.0564,0.9281,-0.0019
1.0100,IMM-UKF-LOS,smooth,0.500,10.00,0.050,0,0.600,1,17.0216,10.9659,-6.0557,3.0274,0.3600,0.3600,0.0111,6.0000,4.7359,0.0073,2.1564,0.1953,31.0061,-11.7306,29.9874,-11.5894,29.9874,-11.5894,30.6385,-11.7501,45.8864,-13.3024,-1.0188,0.1412,-1.0188,0.1412,-0.3676,-0.0195,10,0.0800,10,0,0.9564,0.0323,0.0113,5.4903,10.0290,-0.7456,5.4020,2.6112,0.0000,1,0.1142,0.0564,0.9281,-0.0019
1.0200,IMM-UKF-LOS,smooth,0.500,10.00,0.050,0,0.600,1,16.9568,10.8790,-6.0778,3.0777,0.3600,0.3600,0.0110,6.0000,4.7359,0.0083,1.8008,0.1963,31.1347,-11.7502,29.9874,-11.5894,29.9874,-11.5894,30.8289,-11.7814,46.3785,-13.4023,-1.1474,0.1608,-1.1474,0.1608,-0.3058,-0.0312,10,0.0900,10,0,0.9564,0.0323,0.0113,5.5352,10.0783,-0.7472,5.3984,2.6186,0.0000,1,0.1142,0.0564,0.9281,-0.0019
1.0300,IMM-UKF-LOS,smooth,0.500,10.00,0.050,0,0.600,1,16.8916,10.7911,-6.1005,3.1286,0.3600,0.3600,0.0109,6.0000,4.7359,0.0092,1.4459,0.1974,31.2636,-11.7703,29.9874,-11.5894,29.9874,-11.5894,31.0208,-11.8143,46.8848,-13.5063,-1.2762,0.1809,-1.2762,0.1809,-0.2428,-0.0440,10,0.1000,10,0,0.9564,0.0323,0.0113,5.5799,10.1268,-0.7487,5.3948,2.6261,0.0000,1,0.1142,0.0564,0.9281,-0.0019
1.0400,IMM-UKF-LOS,smooth,0.500,10.00,0.050,0,0.600,1,16.8258,10.7020,-6.1238,3.1801,0.3600,0.3600,0.0107,6.0000,4.7359,0.0101,1.1009,0.1984,31.3928,-11.7908,29.9874,-11.5894,29.9874,-11.5894,31.2144,-11.8488,47.4062,-13.6146,-1.4054,0.2014,-1.4054,0.2014,-0.1784,-0.0580,10,0.1100,10,0,0.9564,0.0323,0.0113,5.6246,10.1746,-0.7501,5.3911,2.6337,0.0000,1,0.1142,0.0564,0.9281,-0.0019
1.0500,IMM-UKF-LOS,smooth,0.500,10.00,0.050,0,0.600,1,16.7595,10.6119,-6.1476,3.2320,0.3600,0.3600,0.0106,6.0000,4.7359,0.0111,0.7921,0.1995,31.5223,-11.8118,29.9874,-11.5894,29.9874,-11.5894,31.4096,-11.8851,47.9434,-13.7275,-1.5349,0.2224,-1.5349,0.2224,-0.1127,-0.0732,10,0.1200,10,0,0.9564,0.0323,0.0113,5.6691,10.2218,-0.7514,5.3874,2.6413,0.0000,1,0.1113,0.0562,0.9281,-0.0003
1.0600,IMM-UKF-LOS,smooth,0.500,10.00,0.050,0,0.600,1,16.6928,10.5207,-6.1720,3.2845,0.3600,0.3600,0.0104,6.0000,4.7359,0.0121,0.5995,0.2006,31.6521,-11.8333,29.9874,-11.5894,29.9874,-11.5894,31.6065,-11.9231,48.4972,-13.8451,-1.6647,0.2439,-1.6647,0.2439,-0.0456,-0.0897,10,0.1300,10,0,0.9564,0.0323,0.0113,5.7135,10.2682,-0.7526,5.3836,2.6490,0.0000,1,0.1113,0.0562,0.9281,-0.0003
1.0700,IMM-UKF-LOS,smooth,0.500,10.00,0.050,0,0.600,1,16.6255,10.4286,-6.1970,3.3374,0.3600,0.3600,0.0103,6.0000,4.7359,0.0132,0.6573,0.2017,31.7823,-11.8553,29.9874,-11.5894,29.9874,-11.5894,31.8053,-11.9628,49.0686,-13.9676,-1.7949,0.2659,-1.7949,0.2659,0.0230,-0.1075,10,0.1400,10,0,0.9564,0.0323,0.0113,5.7578,10.3140,-0.7537,5.3798,2.6567,0.0000,1,0.1113,0.0562,0.9281,-0.0003
1.0800,IMM-UKF-LOS,smooth,0.500,10.00,0.050,0,0.600,1,16.5578,10.3354,-6.2224,3.3909,0.3600,0.3600,0.0101,6.0000,4.7359,0.0143,0.9336,0.2028,31.9128,-11.8777,29.9874,-11.5894,29.9874,-11.5894,32.0059,-12.0045,49.6585,-14.0951,-1.9254,0.2883,-1.9254,0.2883,0.0931,-0.1267,10,0.1500,10,0,0.9564,0.0323,0.0113,5.8020,10.3591,-0.7547,5.3759,2.6645,0.0000,1,0.1113,0.0562,0.9281,-0.0003
1.0900,IMM-UKF-LOS,smooth,0.500,10.00,0.050,0,0.600,1,16.4896,10.2413,-6.2484,3.4448,0.3600,0.3600,0.0099,6.0000,4.7359,0.0154,1.3067,0.2040,32.0436,-11.9007,29.9874,-11.5894,29.9874,-11.5894,32.2085,-12.0480,50.2679,-14.2280,-2.0562,0.3113,-2.0562,0.3113,0.1649,-0.1473,10,0.1600,10,0,0.9564,0.0323,0.0113,5.8460,10.4035,-0.7557,5.3720,2.6724,0.0000,1,0.1113,0.0562,0.9281,-0.0003
1.1000,IMM-UKF-LOS,smooth,0.500,10.00,0.050,0,0.600,1,16.4210,10.1461,-6.2748,3.4991,0.3600,0.3600,0.0098,6.0000,4.7359,0.0165,1.7235,0.2051,32.1747,-11.9241,29.9874,-11.5894,29.9874,-11.5894,32.4131,-12.0935,50.8980,-14.3663,-2.1874,0.3347,-2.1874,0.3347,0.2383,-0.1693,10,0.1700,10,0,0.9564,0.0323,0.0113,5.8899,10.4473,-0.7565,5.3680,2.6804,0.0000,1,0.1113,0.0562,0.9281,-0.0003
1.1100,IMM-UKF-LOS,smooth,0.500,10.00,0.050,0,0.600,1,16.3519,10.6710,-5.6809,2.4904,0.3600,0.3600,0.0096,6.0000,5.3137,0.0069,0.2832,0.2063,32.3063,-11.9481,31.5223,-11.8118,31.5223,-11.8118,32.2874,-11.9917,47.8596,-13.8722,-0.7840,0.1363,-0.7840,0.1363,-0.0188,-0.0436,11,0.0600,11,0,0.8576,0.1150,0.0275,5.9337,10.4904,-0.7573,5.3640,2.6884,0.0000,1,0.1113,0.0562,1.0497,-0.0003
1.1200,IMM-UKF-LOS,smooth,0.500,10.00,0.050,0,0.600,1,16.2823,10.5893,-5.6930,2.5306,0.3600,0.3600,0.0094,6.0000,5.3137,0.0081,0.4235,0.2075,32.4381,-11.9726,31.5223,-11.8118,31.5223,-11.8118,32.4848,-12.0267,48.3472,-13.9802,-0.9158,0.1607,-0.9158,0.1607,0.0466,-0.0541,11,0.0700,11,0,0.8576,0.1150,0.0275,5.9774,10.5329,-0.7579,5.3600,2.6964,0.0000,1,0.1113,0.0562,1.0497,-0.0003
1.1300,IMM-UKF-LOS,smooth,0.500,10.00,0.050,0,0.600,1,16.2123,10.5066,-5.7057,2.5713,0.3600,0.3600,0.0092,6.0000,5.3137,0.0093,0.7703,0.2087,32.5703,-11.9976,31.5223,-11.8118,31.5223,-11.8118,32.6835,-12.0634,48.8478,-14.0924,-1.0480,0.1858,-1.0480,0.1858,0.1132,-0.0658,11,0.0800,11,0,0.8576,0.1150,0.0275,6.0210,10.5747,-0.7585,5.3559,2.7045,0.0000,1,0.1113,0.0562,1.0497,-0.0003
1.1400,IMM-UKF-LOS,smooth,0.500,10.00,0.050,0,0.600,1,16.1419,10.4229,-5.7190,2.6127,0.3600,0.3600,0.0090,6.0000,5.3137,0.0106,1.1580,0.2100,32.7029,-12.0231,31.5223,-11.8118,31.5223,-11.8118,32.8838,-12.1017,49.3620,-14.2092,-1.1806,0.2113,-1.1806,0.2113,0.1809,-0.0786,11,0.0900,11,0,0.8576,0.1150,0.0275,6.0645,10.6159,-0.7590,5.3517,2.7127,0.0000,1,0.1113,0.0562,1.0497,-0.0003
1.1500,IMM-UKF-LOS,smooth,0.500,10.00,0.050,0,0.600,1,16.0711,10.3383,-5.7328,2.6545,0.3600,0.3600,0.0088,6.0000,5.3137,0.0119,1.5628,0.2112,32.8359,-12.0492,31.5223,-11.8118,31.5223,-11.8118,33.0857,-12.1419,49.8905,-14.3306,-1.3136,0.2374,-1.3136,0.2374,0.2498,-0.0927,11,0.1000,11,0,0.8576,0.1150,0.0275,6.1079,10.6564,-0.7593,5.3476,2.7210,0.0000,1,0.1113,0.0562,1.0497,-0.0003
1.1600,IMM-UKF-LOS,smooth,0.500,10.00,0.050,0,0.600,1,15.9998,10.2527,-5.7470,2.6969,0.3600,0.3600,0.0086,6.0000,5.3137,0.0132,1.9797,0.2125,32.9692,-12.0758,31.5223,-11.8118,31.5223,-11.8118,33.2892,-12.1838,50.4341,-14.4568,-1.4469,0.2640,-1.4469,0.2640,0.3200,-0.1080,11,0.1100,11,0,0.8576,0.1150,0.0275,6.1511,10.6963,-0.7596,5.3433,2.7293,0.0000,1,0.1113,0.0562,1.0497,-0.0003
1.1700,IMM-UKF-LOS,smooth,0.500,10.00,0.050,0,0.600,1,15.9281,10.1662,-5.7618,2.7399,0.3600,0.3600,0.0084,6.0000,5.3137,0.0145,2.4074,0.2138,33.1029,-12.1030,31.5223,-11.8118,31.5223,-11.8118,33.4944,-12.2276,50.9935,-14.5880,-1.5806,0.2912,-1.5806,0.2912,0.3914,-0.1246,11,0.1200,11,0,0.8576,0.1150,0.0275,6.1943,10.7356,-0.7598,5.3390,2.7376,0.0000,1,0.0930,0.0526,1.0497,-0.0000
1.1800,IMM-UKF-LOS,smooth,0.500,10.00,0.050,0,0.600,1,15.8559,10.0789,-5.7771,2.7834,0.3600,0.3600,0.0081,6.0000,5.3137,0.0158,2.8456,0.2151,33.2370,-12.1308,31.5223,-11.8118,31.5223,-11.8118,33.7013,-12.2733,51.5694,-14.7245,-1.7147,0.3189,-1.7147,0.3189,0.4643,-0.1426,11,0.1300,11,0,0.8576,0.1150,0.0275,6.2373,10.7742,-0.7599,5.3347,2.7461,0.0000,1,0.0930,0.0526,1.0497,-0.0000
1.1900,IMM-UKF-LOS,smooth,0.500,10.00,0.050,0,0.600,1,15.7834,9.9906,-5.7928,2.8274,0.3600,0.3600,0.0079,6.0000,5.3137,0.0172,3.2944,0.2165,33.3715,-12.1591,31.5223,-11.8118,31.5223,-11.8118,33.9101,-12.3210,52.1629,-14.8664,-1.8492,0.3472,-1.8492,0.3472,0.5386,-0.1619,11,0.1400,11,0,0.8576,0.1150,0.0275,6.2802,10.8123,-0.7599,5.3303,2.7546,0.0000,1,0.0930,0.0526,1.0497,-0.0000
1.2000,IMM-UKF-LOS,smooth,0.500,10.00,0.050,0,0.600,1,15.7105,9.9015,-5.8090,2.8719,0.3600,0.3600,0.0077,6.0000,5.3137,0.0186,3.7539,0.2179,33.5064,-12.1880,31.5223,-11.8118,31.5223,-11.8118,34.1207,-12.3708,52.7747,-15.0139,-1.9841,0.3761,-1.9841,0.3761,0.6143,-0.1828,11,0.1500,11,0,0.8576,0.1150,0.0275,6.3231,10.8497,-0.7598,5.3259,2.7631,0.0000,1,0.0930,0.0526,1.0497,-0.0000
1.2100,IMM-UKF-LOS,smooth,0.500,10.00,0.050,0,0.600,1,15.6372,9.8115,-5.8257,2.9168,0.3600,0.3600,0.0074,6.0000,5.3137,0.0200,4.2247,0.2193,33.6417,-12.2175,31.5223,-11.8118,31.5223,-11.8118,34.3333,-12.4226,53.4058,-15.1673,-2.1194,0.4056,-2.1194,0.4056,0.6917,-0.2051,11,0.1600,11,0,0.8576,0.1150,0.0275,6.3658,10.8865,-0.7596,5.3214,2.7717,0.0000,1,0.0930,0.0526,1.0497,-0.0000
1.2200,IMM-UKF-LOS,smooth,0.500,10.00,0.050,0,0.600,1,15.5634,9.7207,-5.8427,2.9623,0.3600,0.3600,0.0072,6.0000,5.3137,0.0214,4.7071,0.2207,33.7773,-12.2476,31.5223,-11.8118,31.5223,-11.8118,34.5479,-12.4766,54.0574,-15.3267,-2.2550,0.4358,-2.2550,0.4358,0.7706,-0.2290,11,0.1700,11,0,0.8576,0.1150,0.0275,6.4084,10.9228,-0.7593,5.3169,2.7804,0.0000,1,0.0930,0.0526,1.0497,-0.0000
1.2300,IMM-UKF-LOS,smooth,0.500,10.00,0.050,0,0.600,1,15.4893,9.8893,-5.6000,2.5108,0.3600,0.3600,0.0069,6.0000,5.5089,0.0084,0.2762,0.2221,33.9134,-12.2783,33.1029,-12.1030,33.1029,-12.1030,33.9492,-12.3084,50.3991,-14.5356,-0.8105,0.1753,-0.8105,0.1753,0.0358,-0.0301,12,0.0600,12,0,0.9801,0.0180,0.0020,6.4509,10.9584,-0.7590,5.3123,2.7891,0.0000,1,0.0930,0.0526,1.1700,-0.0000
1.2400,IMM-UKF-LOS,smooth,0.500,10.00,0.050,0,0.600,1,15.4149,9.8066,-5.6082,2.5474,0.3600,0.3600,0.0066,6.0000,5.5089,0.0099,0.6004,0.2236,34.0499,-12.3097,33.1029,-12.1030,33.1029,-12.1030,34.1452,-12.3473,50.9320,-14.6654,-0.9470,0.2066,-0.9470,0.2066,0.0952,-0.0376,12,0.0700,12,0,0.9801,0.0180,0.0020,6.4933,10.9934,-0.7585,5.3077,2.7979,0.0000,1,0.0930,0.0526,1.1700,-0.0000
1.2500,IMM-UKF-LOS,smooth,0.500,10.00,0.050,0,0.600,1,15.3400,9.7230,-5.6169,2.5844,0.3600,0.3600,0.0064,6.0000,5.5089,0.0114,0.9511,0.2251,34.1869,-12.3416,33.1029,-12.1030,33.1029,-12.1030,34.3425,-12.3880,51.4806,-14.8007,-1.0840,0.2386,-1.0840,0.2386,0.1557,-0.0464,12,0.0800,12,0,0.9801,0.0180,0.0020,6.5357,11.0279,-0.7579,5.3031,2.8067,0.0000,1,0.0930,0.0526,1.1700,-0.0000
1.2600,IMM-UKF-LOS,smooth,0.500,10.00,0.050,0,0.600,1,15.2648,9.6386,-5.6261,2.6219,0.3600,0.3600,0.0061,6.0000,5.5089,0.0129,1.3130,0.2266,34.3242,-12.3743,33.1029,-12.1030,33.1029,-12.1030,34.5414,-12.4308,52.0458,-14.9419,-1.2213,0.2712,-1.2213,0.2712,0.2172,-0.0565,12,0.0900,12,0,0.9801,0.0180,0.0020,6.5779,11.0617,-0.7573,5.2983,2.8156,0.0000,1,0.0930,0.0526,1.1700,-0.0000
1.2700,IMM-UKF-LOS,smooth,0.500,10.00,0.050,0,0.600,1,15.1892,9.5533,-5.6358,2.6599,0.3600,0.3600,0.0058,6.0000,5.5089,0.0145,1.6839,0.2282,34.4620,-12.4075,33.1029,-12.1030,33.1029,-12.1030,34.7417,-12.4755,52.6284,-15.0890,-1.3591,0.3045,-1.3591,0.3045,0.2797,-0.0679,12,0.1000,12,0,0.9801,0.0180,0.0020,6.6200,11.0950,-0.7565,5.2936,2.8246,0.0000,1,0.0810,0.0543,1.1700,0.0019
1.2800,IMM-UKF-LOS,smooth,0.500,10.00,0.050,0,0.600,1,15.1132,9.4673,-5.6460,2.6982,0.3600,0.3600,0.0055,6.0000,5.5089,0.0161,2.0635,0.2298,34.6002,-12.4415,33.1029,-12.1030,33.1029,-12.1030,34.9437,-12.5223,53.2294,-15.2425,-1.4973,0.3385,-1.4973,0.3385,0.3435,-0.0808,12,0.1100,12,0,0.9801,0.0180,0.0020,6.6621,11.1277,-0.7557,5.2888,2.8336,0.0000,1,0.0810,0.0543,1.1700,0.0019
1.2900,IMM-UKF-LOS,smooth,0.500,10.00,0.050,0,0.600,1,15.0369,9.3804,-5.6566,2.7371,0.3600,0.3600,0.0052,6.0000,5.5089,0.0177,2.4519,0.2314,34.7389,-12.4761,33.1029,-12.1030,33.1029,-12.1030,35.1473,-12.5712,53.8499,-15.4026,-1.6360,0.3731,-1.6360,0.3731,0.4084,-0.0951,12,0.1200,12,0,0.9801,0.0180,0.0020,6.7040,11.1599,-0.7547,5.2839,2.8426,0.0000,1,0.0810,0.0543,1.1700,0.0019
1.3000,IMM-UKF-LOS,smooth,0.500,10.00,0.050,0,0.600,1,14.9603,9.2927,-5.6676,2.7764,0.3600,0.3600,0.0049,6.0000,5.5089,0.0194,2.8495,0.2330,34.8780,-12.5114,33.1029,-12.1030,33.1029,-12.1030,35.3526,-12.6224,54.4910,-15.5696,-1.7751,0.4084,-1.7751,0.4084,0.4746,-0.1109,12,0.1300,12,0,0.9801,0.0180,0.0020,6.7459,11.1915,-0.7537,5.2790,2.8517,0.0000,1,0.0810,0.0543,1.1700,0.0019
1.3100,IMM-UKF-LOS,smooth,0.500,10.00,0.050,0,0.600,1,14.8833,9.2042,-5.6791,2.8161,0.3600,0.3600,0.0046,6.0000,5.5089,0.0211,3.2565,0.2347,35.0176,-12.5475,33.1029,-12.1030,33.1029,-12.1030,35.5597,-12.6758,55.1538,-15.7438,-1.9147,0.4444,-1.9147,0.4444,0.5421,-0.1283,12,0.1400,12,0,0.9801,0.0180,0.0020,6.7876,11.2225,-0.7526,5.2740,2.8609,0.0000,1,0.0810,0.0543,1.1700,0.0019
1.3200,IMM-UKF-LOS,smooth,0.500,10.00,0.050,0,0.600,1,14.8059,9.1150,-5.6910,2.8563,0.3600,0.3600,0.0042,6.0000,5.5089,0.0228,3.6736,0.2364,35.1577,-12.5842,33.1029,-12.1030,33.1029,-12.1030,35.7686,-12.7316,55.8396,-15.9255,-2.0547,0.4812,-2.0547,0.4812,0.6110,-0.1474,12,0.1500,12,0,0.9801,0.0180,0.0020,6.8293,11.2530,-0.7513,5.2690,2.8702,0.0000,1,0.0810,0.0543,1.1700,0.0019
1.3300,IMM-UKF-LOS,smooth,0.500,10.00,0.050,0,0.600,1,14.7283,9.1349,-5.5933,2.6442,0.3600,0.3600,0.0039,6.0000,5.5546,0.0100,2.4388,0.2381,35.2982,-12.6217,34.4620,-12.4075,34.4620,-12.4075,35.6633,-12.8200,54.4843,-16.5164,-0.8362,0.2142,-0.8362,0.2142,0.3652,-0.1983,13,0.0600,13,0,0.9730,0.0198,0.0072,6.8709,11.2829,-0.7500,5.2639,2.8794,0.0000,1,0.0810,0.0543,1.2719,0.0019
1.3400,IMM-UKF-LOS,smooth,0.500,10.00,0.050,0,0.600,1,14.6503,9.0503,-5.6000,2.6806,0.3600,0.3600,0.0036,6.0000,5.5546,0.0118,2.8298,0.2398,35.4391,-12.6599,34.4620,-12.4075,34.4620,-12.4075,35.8704,-12.8764,55.1387,-16.7127,-0.9771,0.2524,-0.9771,0.2524,0.4313,-0.2164,13,0.0700,13,0,0.9730,0.0198,0.0072,6.9124,11.3122,-0.7486,5.2588,2.8888,0.0000,1,0.0810,0.0543,1.2719,0.0019
1.3500,IMM-UKF-LOS,smooth,0.500,10.00,0.050,0,0.600,1,14.5720,8.9649,-5.6070,2.7173,0.3600,0.3600,0.0032,6.0000,5.5546,0.0136,3.2340,0.2416,35.5806,-12.6989,34.4620,-12.4075,34.4620,-12.4075,36.0793,-12.9352,55.8156,-16.9174,-1.1186,0.2914,-1.1186,0.2914,0.4986,-0.2363,13,0.0800,13,0,0.9730,0.0198,0.0072,6.9538,11.3411,-0.7470,5.2536,2.8982,0.0000,1,0.0810,0.0543,1.2719,0.0019
1.3600,IMM-UKF-LOS,smooth,0.500,10.00,0.050,0,0.600,1,14.4933,8.8788,-5.6145,2.7543,0.3600,0.3600,0.0028,6.0000,5.5546,0.0154,3.6508,0.2434,35.7226,-12.7387,34.4620,-12.4075,34.4620,-12.4075,36.2899,-12.9965,56.5165,-17.1310,-1.2605,0.3312,-1.2605,0.3312,0.5673,-0.2578,13,0.0900,13,0,0.9730,0.0198,0.0072,6.9951,11.3693,-0.7454,5.2484,2.9076,0.0000,1,0.1134,0.0441,1.2719,0.0000
1.3700,IMM-UKF-LOS,smooth,0.500,10.00,0.050,0,0.600,1,14.4144,8.7919,-5.6225,2.7917,0.3600,0.3600,0.0025,6.0000,5.5546,0.0173,4.0800,0.2453,35.8650,-12.7793,34.4620,-12.4075,34.4620,-12.4075,36.5024,-13.0605,57.2428,-17.3537,-1.4030,0.3717,-1.4030,0.3717,0.6374,-0.2813,13,0.1000,13,0,0.9730,0.0198,0.0072,7.0363,11.3971,-0.7437,5.2431,2.9171,0.0000,1,0.1134,0.0441,1.2719,0.0000
1.3800,IMM-UKF-LOS,smooth,0.500,10.00,0.050,0,0.600,1,14.3351,8.7043,-5.6308,2.8294,0.3600,0.3600,0.0021,6.0000,5.5546,0.0192,4.5218,0.2472,36.0079,-12.8206,34.4620,-12.4075,34.4620,-12.4075,36.7169,-13.1272,57.9961,-17.5859,-1.5459,0.4131,-1.5459,0.4131,0.7090,-0.3066,13,0.1100,13,0,0.9730,0.0198,0.0072,7.0775,11.4243,-0.7418,5.2378,2.9267,0.0000,1,0.1134,0.0441,1.2719,0.0000
1.3900,IMM-UKF-LOS,smooth,0.500,10.00,0.050,0,0.600,1,14.2556,8.6160,-5.6395,2.8676,0.3600,0.3600,0.0017,6.0000,5.5546,0.0211,4.9764,0.2491,36.1514,-12.8628,34.4620,-12.4075,34.4620,-12.4075,36.9334,-13.1967,58.7781,-17.8282,-1.6894,0.4553,-1.6894,0.4553,0.7820,-0.3339,13,0.1200,13,0,0.9730,0.0198,0.0072,7.1185,11.4510,-0.7399,5.2324,2.9363,0.0000,1,0.1134,0.0441,1.2719,0.0000
1.4000,IMM-UKF-LOS,smooth,0.500,10.00,0.050,0,0.600,1,14.1757,8.5270,-5.6487,2.9060,0.3600,0.3600,0.0013,6.0000,5.5546,0.0231,5.4443,0.2510,36.2953,-12.9059,34.4620,-12.4075,34.4620,-12.4075,37.1519,-13.2691,59.5906,-18.0808,-1.8333,0.4983,-1.8333,0.4983,0.8566,-0.3633,13,0.1300,13,0,0.9730,0.0198,0.0072,7.1595,11.4772,-0.7379,5.2270,2.9460,0.0000,1,0.1134,0.0441,1.2719,0.0000
1.4100,IMM-UKF-LOS,smooth,0.500,10.00,0.050,0,0.600,1,14.0956,9.0599,-5.0356,1.9766,0.3600,0.3600,0.0009,6.0000,6.2147,0.0097,3.5162,0.2530,36.4398,-12.9498,35.7226,-12.7387,35.7226,-12.7387,36.9409,-13.2773,54.3318,-17.8924,-0.7173,0.2111,-0.7173,0.2111,0.5011,-0.3275,14,0.0500,14,0,0.9485,0.0325,0.0190,7.2004,11.5028,-0.7357,5.2215,2.9557,0.0000,1,0.1134,0.0441,1.3600,0.0000
1.4200,IMM-UKF-LOS,smooth,0.500,10.00,0.050,0,0.600,1,14.0151,8.9814,-5.0338,2.0032,0.3600,0.3600,0.0005,6.0000,6.2147,0.0117,3.8537,0.2551,36.5848,-12.9945,35.7226,-12.7387,35.7226,-12.7387,37.1395,-13.3455,54.8968,-18.1191,-0.8622,0.2558,-0.8622,0.2558,0.5547,-0.3510,14,0.0600,14,0,0.9485,0.0325,0.0190,7.2412,11.5279,-0.7335,5.2160,2.9654,0.0000,1,0.1134,0.0441,1.3600,0.0000
1.4300,IMM-UKF-LOS,smooth,0.500,10.00,0.050,0,0.600,1,13.9344,8.9021,-5.0323,2.0303,0.3600,0.3600,0.0001,6.0000,6.2147,0.0138,4.2007,0.2571,36.7303,-13.0402,35.7226,-12.7387,35.7226,-12.7387,37.3393,-13.4165,55.4789,-18.3550,-1.0078,0.3015,-1.0078,0.3015,0.6090,-0.3763,14,0.0700,14,0,0.9485,0.0325,0.0190,7.2820,11.5526,-0.7311,5.2104,2.9752,0.0000,1,0.1134,0.0441,1.3600,0.0000
1.4400,IMM-UKF-LOS,smooth,0.500,10.00,0.050,0,0.600,1,13.8534,8.8221,-5.0312,2.0579,0.3600,0.3600,0.0004,6.0000,6.2147,0.0159,4.5574,0.2592,36.8764,-13.0868,35.7226,-12.7387,35.7226,-12.7387,37.5404,-13.4901,56.0790,-18.6007,-1.1538,0.3481,-1.1538,0.3481,0.6640,-0.4034,14,0.0800,14,0,0.9485,0.0325,0.0190,7.3226,11.5767,-0.7287,5.2047,2.9851,0.0000,1,0.1134,0.0441,1.3600,0.0000
1.4500,IMM-UKF-LOS,smooth,0.500,10.00,0.050,0,0.600,1,13.7721,8.7415,-5.0306,2.0859,0.3600,0.3600,0.0008,6.0000,6.2147,0.0181,4.9240,0.2613,37.0230,-13.1343,35.7226,-12.7387,35.7226,-12.7387,37.7428,-13.5666,56.6980,-18.8565,-1.3005,0.3956,-1.3005,0.3956,0.7198,-0.4324,14,0.0900,14,0,0.9485,0.0325,0.0190,7.3632,11.6003,-0.7261,5.1990,2.9950,0.0000,1,0.1134,0.0441,1.3600,0.0000
1.4600,IMM-UKF-LOS,smooth,0.500,10.00,0.050,0,0.600,1,13.6905,8.6602,-5.0303,2.1144,0.3600,0.3600,0.0013,6.0000,6.2147,0.0202,5.3007,0.2635,37.1702,-13.1827,35.7226,-12.7387,35.7226,-12.7387,37.9466,-13.6461,57.3372,-19.1229,-1.4476,0.4441,-1.4476,0.4441,0.7764,-0.4634,14,0.1000,14,0,0.9485,0.0325,0.0190,7.4037,11.6234,-0.7235,5.1933,3.0050,0.0000,1,0.1134,0.0441,1.3600,0.0000
1.4700,IMM-UKF-LOS,smooth,0.500,10.00,0.050,0,0.600,1,13.6087,8.5782,-5.0305,2.1434,0.3600,0.3600,0.0017,6.0000,6.2147,0.0225,5.6878,0.2657,37.3179,-13.2322,35.7226,-12.7387,35.7226,-12.7387,38.1517,-13.7286,57.9977,-19.4005,-1.5954,0.4935,-1.5954,0.4935,0.8338,-0.4964,14,0.1100,14,0,0.9485,0.0325,0.0190,7.4441,11.6460,-0.7207,5.1875,3.0150,0.0000,1,0.1134,0.0441,1.3600,0.0000
1.4800,IMM-UKF-LOS,smooth,0.500,10.00,0.050,0,0.600,1,13.5266,8.4956,-5.0310,2.1729,0.3600,0.3600,0.0022,6.0000,6.2147,0.0247,6.0859,0.2680,37.4662,-13.2826,35.7226,-12.7387,35.7226,-12.7387,38.3583,-13.8143,58.6808,-19.6897,-1.7437,0.5439,-1.7437,0.5439,0.8921,-0.5317,14,0.1200,14,0,0.9485,0.0325,0.0190,7.4845,11.6681,-0.7178,5.1816,3.0251,0.0000,1,0.1139,0.0577,1.3600,-0.0001
1.4900,IMM-UKF-LOS,smooth,0.500,10.00,0.050,0,0.600,1,13.4443,8.4124,-5.0319,2.2029,0.3600,0.3600,0.0027,6.0000,6.2147,0.0271,6.4953,0.2703,37.6151,-13.3341,35.7226,-12.7387,35.7226,-12.7387,38.5664,-13.9032,59.3878,-19.9909,-1.8926,0.5954,-1.8926,0.5954,0.9512,-0.5692,14,0.1300,14,0,0.9485,0.0325,0.0190,7.5248,11.6897,-0.7148,5.1757,3.0352,0.0000,1,0.1139,0.0577,1.3600,-0.0001
1.5000,IMM-UKF-LOS,smooth,0.500,10.00,0.050,0,0.600,1,13.3617,8.3286,-5.0331,2.2334,0.3600,0.3600,0.0031,6.0000,6.2147,0.0294,6.9168,0.2726,37.7646,-13.3866,35.7226,-12.7387,35.7226,-12.7387,38.7760,-13.9956,60.1202,-20.3049,-2.0420,0.6479,-2.0420,0.6479,1.0114,-0.6090,14,0.1400,14,0,0.9485,0.0325,0.0190,7.5650,11.7109,-0.7117,5.1697,3.0454,0.0000,1,0.1139,0.0577,1.3600,-0.0001
1.5100,IMM-UKF-LOS,smooth,0.500,10.00,0.050,0,0.600,1,13.2788,8.2441,-5.0347,2.2643,0.3600,0.3600,0.0036,6.0000,6.2147,0.0318,7.3508,0.2750,37.9146,-13.4401,35.7226,-12.7387,35.7226,-12.7387,38.9872,-14.0915,60.8795,-20.6321,-2.1921,0.7014,-2.1921,0.7014,1.0725,-0.6514,14,0.1500,14,0,0.9485,0.0325,0.0190,7.6051,11.7315,-0.7085,5.1637,3.0556,0.0000,1,0.1139,0.0577,1.3600,-0.0001
1.5200,IMM-UKF-LOS,smooth,0.500,10.00,0.050,0,0.600,1,13.1957,8.1591,-5.0366,2.2958,0.3600,0.3600,0.0042,6.0000,6.2147,0.0343,7.7981,0.2774,38.0653,-13.4948,35.7226,-12.7387,35.7226,-12.7387,39.2000,-14.1910,61.6676,-20.9730,-2.3427,0.7561,-2.3427,0.7561,1.1347,-0.6963,14,0.1600,14,0,0.9485,0.0325,0.0190,7.6452,11.7517,-0.7052,5.1576,3.0658,0.0000,1,0.1139,0.0577,1.3600,-0.0001
1.5300,IMM-UKF-LOS,smooth,0.500,10.00,0.050,0,0.600,1,13.1124,8.0735,-5.0389,2.3278,0.3600,0.3600,0.0047,6.0000,6.2147,0.0368,8.2593,0.2799,38.2166,-13.5505,35.7226,-12.7387,35.7226,-12.7387,39.4146,-14.2944,62.4862,-21.3284,-2.4940,0.8118,-2.4940,0.8118,1.1980,-0.7439,14,0.1700,14,0,0.9485,0.0325,0.0190,7.6852,11.7714,-0.7017,5.1515,3.0761,0.0000,1,0.1139,0.0577,1.3600,-0.0001
1.5400,IMM-UKF-LOS,smooth,0.500,10.00,0.050,0,0.600,1,13.0288,8.6581,-4.3707,1.7673,0.3600,0.3600,0.0052,6.0000,6.9623,0.0146,1.6062,0.2824,38.3685,-13.6074,37.4662,-13.2826,37.4662,-13.2826,38.6125,-13.7334,54.0578,-18.6773,-0.9022,0.3248,-0.9022,0.3248,0.2440,-0.1260,15,0.0600,15,0,0.9528,0.0384,0.0088,7.7251,11.7906,-0.6981,5.1453,3.0865,0.0000,1,0.1139,0.0577,1.4799,-0.0001
1.5500,IMM-UKF-LOS,smooth,0.500,10.00,0.050,0,0.600,1,12.9450,8.5838,-4.3612,1.7912,0.3600,0.3600,0.0057,6.0000,6.9623,0.0172,1.7528,0.2850,38.5210,-13.6655,37.4662,-13.2826,37.4662,-13.2826,38.7858,-13.8057,54.5265,-18.9295,-1.0547,0.3829,-1.0547,0.3829,0.2648,-0.1402,15,0.0700,15,0,0.9528,0.0384,0.0088,7.7650,11.8094,-0.6944,5.1390,3.0969,0.0000,1,0.1139,0.0577,1.4799,-0.0001
1.5600,IMM-UKF-LOS,smooth,0.500,10.00,0.050,0,0.600,1,12.8610,8.5089,-4.3521,1.8157,0.3600,0.3600,0.0063,6.0000,6.9623,0.0198,1.9030,0.2876,38.6741,-13.7247,37.4662,-13.2826,37.4662,-13.2826,38.9595,-13.8809,55.0080,-19.1928,-1.2079,0.4421,-1.2079,0.4421,0.2853,-0.1562,15,0.0800,15,0,0.9528,0.0384,0.0088,7.8047,11.8277,-0.6906,5.1327,3.1073,0.0000,1,0.1139,0.0577,1.4799,-0.0001
1.5700,IMM-UKF-LOS,smooth,0.500,10.00,0.050,0,0.600,1,12.7767,8.4334,-4.3434,1.8408,0.3600,0.3600,0.0069,6.0000,6.9623,0.0225,2.0573,0.2903,38.8279,-13.7852,37.4662,-13.2826,37.4662,-13.2826,39.1335,-13.9592,55.5030,-19.4677,-1.3617,0.5026,-1.3617,0.5026,0.3056,-0.1740,15,0.0900,15,0,0.9528,0.0384,0.0088,7.8445,11.8455,-0.6867,5.1263,3.1178,0.0000,1,0.1139,0.0577,1.4799,-0.0001
1.5800,IMM-UKF-LOS,smooth,0.500,10.00,0.050,0,0.600,1,12.6923,8.3572,-4.3350,1.8664,0.3600,0.3600,0.0074,6.0000,6.9623,0.0253,2.2163,0.2931,38.9824,-13.8469,37.4662,-13.2826,37.4662,-13.2826,39.3078,-14.0406,56.0122,-19.7549,-1.5162,0.5643,-1.5162,0.5643,0.3255,-0.1936,15,0.1000,15,0,0.9528,0.0384,0.0088,7.8841,11.8628,-0.6827,5.1199,3.1283,0.0000,1,0.1139,0.0577,1.4799,-0.0001
1.5900,IMM-UKF-LOS,smooth,0.500,10.00,0.050,0,0.600,1,12.6076,8.2805,-4.3271,1.8926,0.3600,0.3600,0.0080,6.0000,6.9623,0.0281,2.3808,0.2958,39.1375,-13.9099,37.4662,-13.2826,37.4662,-13.2826,39.4826,-14.1252,56.5365,-20.0550,-1.6713,0.6273,-1.6713,0.6273,0.3450,-0.2152,15,0.1100,15,0,0.9528,0.0384,0.0088,7.9237,11.8797,-0.6785,5.1134,3.1389,0.0000,1,0.1139,0.0577,1.4799,-0.0001
1.6000,IMM-UKF-LOS,smooth,0.500,10.00,0.050,0,0.600,1,12.5227,8.2032,-4.3195,1.9194,0.3600,0.3600,0.0086,6.0000,6.9623,0.0310,2.5514,0.2987,39.2933,-13.9743,37.4662,-13.2826,37.4662,-13.2826,39.6576,-14.2131,57.0767,-20.3686,-1.8271,0.6916,-1.8271,0.6916,0.3643,-0.2389,15,0.1200,15,0,0.9528,0.0384,0.0088,7.9632,11.8962,-0.6742,5.1069,3.1495,0.0000,1,0.1195,0.0483,1.4799,-0.0008
1.6100,IMM-UKF-LOS,smooth,0.500,10.00,0.050,0,0.600,1,12.4375,8.1253,-4.3122,1.9468,0.3600,0.3600,0.0092,6.0000,6.9623,0.0339,2.7290,0.3016,39.4498,-14.0399,37.4662,-13.2826,37.4662,-13.2826,39.8330,-14.3046,57.6340,-20.6965,-1.9836,0.7573,-1.9836,0.7573,0.3832,-0.2646,15,0.1300,15,0,0.9528,0.0384,0.0088,8.0026,11.9122,-0.6697,5.1003,3.1602,0.0000,1,0.1195,0.0483,1.4799,-0.0008
1.6200,IMM-UKF-LOS,smooth,0.500,10.00,0.050,0,0.600,1,12.3522,8.0469,-4.3054,1.9748,0.3600,0.3600,0.0098,6.0000,6.9623,0.0369,2.9143,0.3045,39.6070,-14.1070,37.4662,-13.2826,37.4662,-13.2826,40.0088,-14.3996,58.2094,-21.0395,-2.1408,0.8244,-2.1408,0.8244,0.4018,-0.2926,15,0.1400,15,0,0.9528,0.0384,0.0088,8.0420,11.9277,-0.6652,5.0936,3.1709,0.0000,1,0.1195,0.0483,1.4799,-0.0008
1.6300,IMM-UKF-LOS,smooth,0.500,10.00,0.050,0,0.600,1,12.2667,7.9679,-4.2988,2.0034,0.3600,0.3600,0.0104,6.0000,6.9623,0.0399,3.1084,0.3076,39.7649,-14.1754,37.4662,-13.2826,37.4662,-13.2826,40.1850,-14.4984,58.8040,-21.3984,-2.2987,0.8928,-2.2987,0.8928,0.4201,-0.3230,15,0.1500,15,0,0.9528,0.0384,0.0088,8.0814,11.9428,-0.6604,5.0869,3.1817,0.0000,1,0.1195,0.0483,1.4799,-0.0008
1.6400,IMM-UKF-LOS,smooth,0.500,10.00,0.050,0,0.600,1,12.1810,7.8884,-4.2926,2.0326,0.3600,0.3600,0.0111,6.0000,6.9623,0.0430,3.3121,0.3107,39.9235,-14.2453,37.4662,-13.2826,37.4662,-13.2826,40.3615,-14.6011,59.4192,-21.7740,-2.4573,0.9627,-2.4573,0.9627,0.4380,-0.3558,15,0.1600,15,0,0.9528,0.0384,0.0088,8.1206,11.9575,-0.6556,5.0802,3.1925,0.0000,1,0.1195,0.0483,1.4799,-0.0008
1.6500,IMM-UKF-LOS,smooth,0.500,10.00,0.050,0,0.600,1,12.0951,7.8652,-4.2299,1.7105,0.3600,0.3600,0.0117,6.0000,6.9822,0.0152,4.0477,0.3138,40.0829,-14.3167,39.2933,-13.9743,39.2933,-13.9743,40.5764,-14.7959,59.5584,-22.7865,-0.7895,0.3425,-0.7895,0.3425,0.4935,-0.4791,16,0.0500,16,0,0.9718,0.0214,0.0068,8.1598,11.9717,-0.6506,5.0733,3.2033,0.0000,1,0.1195,0.0483,1.5992,-0.0008
1.6600,IMM-UKF-LOS,smooth,0.500,10.00,0.050,0,0.600,1,12.0090,7.7891,-4.2198,1.7340,0.3600,0.3600,0.0124,6.0000,6.9822,0.0185,4.3140,0.3170,40.2429,-14.3897,39.2933,-13.9743,39.2933,-13.9743,40.7686,-14.9009,60.2046,-23.1832,-0.9496,0.4154,-0.9496,0.4154,0.5257,-0.5112,16,0.0600,16,0,0.9718,0.0214,0.0068,8.1989,11.9855,-0.6455,5.0665,3.2142,0.0000,1,0.1195,0.0483,1.5992,-0.0008
1.6700,IMM-UKF-LOS,smooth,0.500,10.00,0.050,0,0.600,1,11.9227,7.7126,-4.2101,1.7578,0.3600,0.3600,0.0131,6.0000,6.9822,0.0218,4.5905,0.3203,40.4038,-14.4641,39.2933,-13.9743,39.2933,-13.9743,40.9615,-15.0099,60.8739,-23.5976,-1.1105,0.4899,-1.1105,0.4899,0.5577,-0.5458,16,0.0700,16,0,0.9718,0.0214,0.0068,8.2380,11.9989,-0.6402,5.0595,3.2251,0.0000,1,0.1195,0.0483,1.5992,-0.0008
1.6800,IMM-UKF-LOS,smooth,0.500,10.00,0.050,0,0.600,1,11.8362,7.6356,-4.2007,1.7822,0.3600,0.3600,0.0137,6.0000,6.9822,0.0251,4.8779,0.3236,40.5654,-14.5402,39.2933,-13.9743,39.2933,-13.9743,41.1552,-15.1231,61.5677,-24.0307,-1.2721,0.5660,-1.2721,0.5660,0.5898,-0.5829,16,0.0800,16,0,0.9718,0.0214,0.0068,8.2770,12.0118,-0.6348,5.0525,3.2361,0.0000,1,0.1195,0.0483,1.5992,-0.0008
1.6900,IMM-UKF-LOS,smooth,0.500,10.00,0.050,0,0.600,1,11.7496,7.5580,-4.1916,1.8069,0.3600,0.3600,0.0144,6.0000,6.9822,0.0286,5.1767,0.3270,40.7278,-14.6180,39.2933,-13.9743,39.2933,-13.9743,41.3495,-15.2408,62.2877,-24.4834,-1.4345,0.6437,-1.4345,0.6437,0.6217,-0.6228,16,0.0900,16,0,0.9718,0.0214,0.0068,8.3160,12.0243,-0.6292,5.0454,3.2471,0.0000,1,0.1195,0.0483,1.5992,-0.0008
1.7000,IMM-UKF-LOS,smooth,0.500,10.00,0.050,0,0.600,1,11.6628,7.4799,-4.1829,1.8322,0.3600,0.3600,0.0151,6.0000,6.9822,0.0321,5.4878,0.3305,40.8910,-14.6974,39.2933,-13.9743,39.2933,-13.9743,41.5446,-15.3629,63.0359,-24.9566,-1.5977,0.7232,-1.5977,0.7232,0.6536,-0.6655,16,0.1000,16,0,0.9718,0.0214,0.0068,8.3549,12.0363,-0.6235,5.0383,3.2581,0.0000,1,0.1195,0.0483,1.5992,-0.0008
1.7100,IMM-UKF-LOS,smooth,0.500,10.00,0.050,0,0.600,1,11.5758,7.4014,-4.1744,1.8579,0.3600,0.3600,0.0159,6.0000,6.9822,0.0357,5.8121,0.3341,41.0550,-14.7786,39.2933,-13.9743,39.2933,-13.9743,41.7405,-15.4899,63.8142,-25.4514,-1.7617,0.8043,-1.7617,0.8043,0.6855,-0.7113,16,0.1100,16,0,0.9718,0.0214,0.0068,8.3937,12.0480,-0.6176,5.0311,3.2692,0.0000,1,0.1195,0.0483,1.5992,-0.0008
1.7200,IMM-UKF-LOS,smooth,0.500,10.00,0.050,0,0.600,1,11.4887,7.3224,-4.1663,1.8841,0.3600,0.3600,0.0166,6.0000,6.9822,0.0394,6.1504,0.3378,41.2198,-14.8616,39.2933,-13.9743,39.2933,-13.9743,41.9371,-15.6217,64.6248,-25.9688,-1.9265,0.8873,-1.9265,0.8873,0.7173,-0.7602,16,0.1200,16,0,0.9718,0.0214,0.0068,8.4325,12.0592,-0.6116,5.0239,3.2803,0.0000,1,0.0991,0.0588,1.5992,0.0018
1.7300,IMM-UKF-LOS,smooth,0.500,10.00,0.050,0,0.600,1,11.4014,7.2429,-4.1585,1.9108,0.3600,0.3600,0.0173,6.0000,6.9822,0.0431,6.5039,0.3415,41.3855,-14.9463,39.2933,-13.9743,39.2933,-13.9743,42.1346,-15.7587,65.4701,-26.5098,-2.0922,0.9721,-2.0922,0.9721,0.7491,-0.8124,16,0.1300,16,0,0.9718,0.0214,0.0068,8.4712,12.0700,-0.6054,5.0166,3.2915,0.0000,1,0.0991,0.0588,1.5992,0.0018
1.7400,IMM-UKF-LOS,smooth,0.500,10.00,0.050,0,0.600,1,11.3139,7.1630,-4.1509,1.9379,0.3600,0.3600,0.0181,6.0000,6.9822,0.0470,6.8737,0.3453,41.5520,-15.0330,39.2933,-13.9743,39.2933,-13.9743,42.3329,-15.9011,66.3528,-27.0755,-2.2587,1.0588,-2.2587,1.0588,0.7808,-0.8681,16,0.1400,16,0,0.9718,0.0214,0.0068,8.5098,12.0803,-0.5990,5.0092,3.3027,0.0000,1,0.0991,0.0588,1.5992,0.0018
1.7500,IMM-UKF-LOS,smooth,0.500,10.00,0.050,0,0.600,1,11.2263,7.0827,-4.1437,1.9656,0.3600,0.3600,0.0189,6.0000,6.9822,0.0509,7.2610,0.3492,41.7194,-15.1217,39.2933,-13.9743,39.2933,-13.9743,42.5320,-16.0492,67.2757,-27.6670,-2.4261,1.1474,-2.4261,1.1474,0.8126,-0.9275,16,0.1500,16,0,0.9718,0.0214,0.0068,8.5484,12.0903,-0.5925,5.0018,3.3139,0.0000,1,0.0991,0.0588,1.5992,0.0018
1.7600,IMM-UKF-LOS,smooth,0.500,10.00,0.050,0,0.600,1,11.1386,7.0019,-4.1367,1.9938,0.3600,0.3600,0.0197,6.0000,6.9822,0.0549,7.6671,0.3532,41.8877,-15.2123,39.2933,-13.9743,39.2933,-13.9743,42.7320,-16.2030,68.2420,-28.2854,-2.5944,1.2380,-2.5944,1.2380,0.8443,-0.9907,16,0.1600,16,0,0.9718,0.0214,0.0068,8.5869,12.0999,-0.5857,4.9943,3.3252,0.0000,1,0.0991,0.0588,1.5992,0.0018
1.7700,IMM-UKF-LOS,smooth,0.500,10.00,0.050,0,0.600,1,11.0507,6.9208,-4.1299,2.0225,0.3600,0.3600,0.0205,6.0000,6.9822,0.0590,8.0932,0.3573,42.0569,-15.3050,39.2933,-13.9743,39.2933,-13.9743,42.9329,-16.3630,69.2551,-28.9318,-2.7636,1.3307,-2.7636,1.3307,0.8760,-1.0581,16,0.1700,16,0,0.9718,0.0214,0.0068,8.6254,12.1090,-0.5788,4.9868,3.3365,0.0000,1,0.0991,0.0588,1.5992,0.0018
1.7800,IMM-UKF-LOS,smooth,0.500,10.00,0.050,0,0.600,1,10.9626,7.4123,-3.5503,1.4161,0.3600,0.3600,0.0213,6.0000,7.6823,0.0238,2.2666,0.3614,42.2270,-15.3997,41.2198,-14.8616,41.2198,-14.8616,42.4577,-15.7066,61.1228,-24.7376,-1.0072,0.5382,-1.0072,0.5382,0.2307,-0.3068,17,0.0600,17,0,0.9638,0.0301,0.0061,8.6638,12.1177,-0.5717,4.9792,3.3478,0.0000,1,0.0991,0.0588,1.7218,0.0018
1.7900,IMM-UKF-LOS,smooth,0.500,10.00,0.050,0,0.600,1,10.8745,7.3403,-3.5342,1.4365,0.3600,0.3600,0.0221,6.0000,7.6823,0.0281,2.4105,0.3657,42.3981,-15.4967,41.2198,-14.8616,41.2198,-14.8616,42.6408,-15.8249,61.7334,-25.1981,-1.1782,0.6351,-1.1782,0.6351,0.2428,-0.3282,17,0.0700,17,0,0.9638,0.0301,0.0061,8.7022,12.1261,-0.5644,4.9715,3.3592,0.0000,1,0.0991,0.0588,1.7218,0.0018
1.8000,IMM-UKF-LOS,smooth,0.500,10.00,0.050,0,0.600,1,10.7861,7.2678,-3.5183,1.4574,0.3600,0.3600,0.0229,6.0000,7.6823,0.0325,2.5636,0.3701,42.5701,-15.5959,41.2198,-14.8616,41.2198,-14.8616,42.8239,-15.9480,62.3649,-25.6802,-1.3502,0.7343,-1.3502,0.7343,0.2539,-0.3521,17,0.0800,17,0,0.9638,0.0301,0.0061,8.7405,12.1340,-0.5569,4.9638,3.3706,0.0000,1,0.0991,0.0588,1.7218,0.0018
1.8100,IMM-UKF-LOS,smooth,0.500,10.00,0.050,0,0.600,1,10.6977,7.1949,-3.5028,1.4789,0.3600,0.3600,0.0238,6.0000,7.6823,0.0370,2.7271,0.3745,42.7430,-15.6974,41.2198,-14.8616,41.2198,-14.8616,43.0071,-16.0760,63.0190,-26.1848,-1.5232,0.8358,-1.5232,0.8358,0.2640,-0.3786,17,0.0900,17,0,0.9638,0.0301,0.0061,8.7788,12.1415,-0.5493,4.9560,3.3821,0.0000,1,0.0991,0.0588,1.7218,0.0018
1.8200,IMM-UKF-LOS,smooth,0.500,10.00,0.050,0,0.600,1,10.6092,7.1215,-3.4876,1.5010,0.3600,0.3600,0.0246,6.0000,7.6823,0.0416,2.9019,0.3791,42.9170,-15.8012,41.2198,-14.8616,41.2198,-14.8616,43.1902,-16.2091,63.6971,-26.7133,-1.6972,0.9397,-1.6972,0.9397,0.2731,-0.4079,17,0.1000,17,0,0.9638,0.0301,0.0061,8.8170,12.1486,-0.5413,4.9481,3.3935,0.0000,1,0.1015,0.0583,1.7218,0.0012
1.8300,IMM-UKF-LOS,smooth,0.500,10.00,0.050,0,0.600,1,10.5205,7.0478,-3.4727,1.5238,0.3600,0.3600,0.0255,6.0000,7.6823,0.0463,3.0893,0.3838,43.0920,-15.9076,41.2198,-14.8616,41.2198,-14.8616,43.3732,-16.3477,64.4011,-27.2669,-1.8722,1.0460,-1.8722,1.0460,0.2812,-0.4401,17,0.1100,17,0,0.9638,0.0301,0.0061,8.8551,12.1553,-0.5332,4.9402,3.4051,0.0000,1,0.1015,0.0583,1.7218,0.0012
1.8400,IMM-UKF-LOS,smooth,0.500,10.00,0.050,0,0.600,1,10.4317,6.9736,-3.4581,1.5472,0.3600,0.3600,0.0264,6.0000,7.6823,0.0510,3.2906,0.3885,43.2682,-16.0164,41.2198,-14.8616,41.2198,-14.8616,43.5563,-16.4918,65.1330,-27.8469,-2.0483,1.1548,-2.0483,1.1548,0.2881,-0.4755,17,0.1200,17,0,0.9638,0.0301,0.0061,8.8932,12.1617,-0.5249,4.9322,3.4166,0.0000,1,0.1015,0.0583,1.7218,0.0012
1.8500,IMM-UKF-LOS,smooth,0.500,10.00,0.050,0,0.600,1,10.3428,6.8991,-3.4437,1.5713,0.3600,0.3600,0.0272,6.0000,7.6823,0.0555,3.5069,0.3932,43.4456,-16.1278,41.2198,-14.8616,41.2198,-14.8616,43.7393,-16.6419,65.8948,-28.4547,-2.2258,1.2663,-2.2258,1.2663,0.2936,-0.5141,17,0.1300,17,0,0.9638,0.0301,0.0061,8.9312,12.1676,-0.5163,4.9242,3.4282,0.0000,1,0.1015,0.0583,1.7218,0.0012
1.8600,IMM-UKF-LOS,smooth,0.500,10.00,0.050,0,0.600,1,10.2538,6.8242,-3.4296,1.5960,0.3600,0.3600,0.0280,6.0000,7.6823,0.0603,3.7404,0.3980,43.6242,-16.2419,41.2198,-14.8616,41.2198,-14.8616,43.9222,-16.7981,66.6889,-29.0916,-2.4044,1.3804,-2.4044,1.3804,0.2980,-0.5562,17,0.1400,17,0,0.9638,0.0301,0.0061,8.9692,12.1731,-0.5075,4.9161,3.4398,0.0000,1,0.1015,0.0583,1.7218,0.0012
1.8700,IMM-UKF-LOS,smooth,0.500,10.00,0.050,0,0.600,1,10.1647,6.7489,-3.4158,1.6213,0.3600,0.3600,0.0288,6.0000,7.6823,0.0655,3.9932,0.4032,43.8039,-16.3587,41.2198,-14.8616,41.2198,-14.8616,44.1050,-16.9607,67.5179,-29.7590,-2.5840,1.4972,-2.5840,1.4972,0.3011,-0.6019,17,0.1500,17,0,0.9638,0.0301,0.0061,9.0071,12.1783,-0.4984,4.9079,3.4514,0.0000,1,0.1015,0.0583,1.7218,0.0012
1.8800,IMM-UKF-LOS,smooth,0.500,10.00,0.050,0,0.600,1,10.0755,6.6504,-3.4251,1.5546,0.3600,0.3600,0.0296,6.0000,7.6749,0.0303,2.1409,0.4089,43.9847,-16.4783,42.9170,-15.8012,42.9170,-15.8012,44.2405,-16.7391,67.9683,-28.9912,-1.0676,0.6771,-1.0676,0.6771,0.2558,-0.2607,18,0.0600,18,0,0.9664,0.0264,0.0072,9.0450,12.1831,-0.4890,4.8997,3.4631,0.0000,1,0.1015,0.0583,1.8212,0.0012
1.8900,IMM-UKF-LOS,smooth,0.500,10.00,0.050,0,0.600,1,9.9862,6.5764,-3.4098,1.5767,0.3600,0.3600,0.0305,6.0000,7.6749,0.0362,2.3154,0.4146,44.1667,-16.6009,42.9170,-15.8012,42.9170,-15.8012,44.4402,-16.8859,68.8822,-29.6499,-1.2496,0.7997,-1.2496,0.7997,0.2735,-0.2850,18,0.0700,18,0,0.9664,0.0264,0.0072,9.0828,12.1874,-0.4794,4.8914,3.4748,0.0000,1,0.1015,0.0583,1.8212,0.0012
1.9000,IMM-UKF-LOS,smooth,0.500,10.00,0.050,0,0.600,1,9.8968,6.5021,-3.3948,1.5993,0.3600,0.3600,0.0313,6.0000,7.6749,0.0422,2.5027,0.4207,44.3496,-16.7265,42.9170,-15.8012,42.9170,-15.8012,44.6401,-17.0391,69.8399,-30.3410,-1.4326,0.9253,-1.4326,0.9253,0.2905,-0.3126,18,0.0800,18,0,0.9664,0.0264,0.0072,9.1206,12.1914,-0.4695,4.8830,3.4865,0.0000,1,0.1015,0.0583,1.8212,0.0012
1.9100,IMM-UKF-LOS,smooth,0.500,10.00,0.050,0,0.600,1,9.8074,6.4274,-3.3800,1.6223,0.3600,0.3600,0.0320,6.0000,7.6749,0.0483,2.7038,0.4270,44.5337,-16.8552,42.9170,-15.8012,42.9170,-15.8012,44.8404,-17.1991,70.8450,-31.0658,-1.6166,1.0540,-1.6166,1.0540,0.3067,-0.3439,18,0.0900,18,0,0.9664,0.0264,0.0072,9.1583,12.1950,-0.4593,4.8746,3.4983,0.0000,1,0.1015,0.0583,1.8212,0.0012
1.9200,IMM-UKF-LOS,smooth,0.500,10.00,0.050,0,0.600,1,9.7178,6.3524,-3.3655,1.6459,0.3600,0.3600,0.0328,6.0000,7.6749,0.0547,2.9198,0.4334,44.7190,-16.9872,42.9170,-15.8012,42.9170,-15.8012,45.0409,-17.3661,71.9016,-31.8258,-1.8020,1.1860,-1.8020,1.1860,0.3220,-0.3790,18,0.1000,18,0,0.9664,0.0264,0.0072,9.1959,12.1982,-0.4488,4.8661,3.5101,0.0000,1,0.1015,0.0583,1.8212,0.0012
1.9300,IMM-UKF-LOS,smooth,0.500,10.00,0.050,0,0.600,1,9.6282,6.2770,-3.3512,1.6699,0.3600,0.3600,0.0336,6.0000,7.6749,0.0612,3.1531,0.4401,44.9056,-17.1225,42.9170,-15.8012,42.9170,-15.8012,45.2418,-17.5406,73.0143,-32.6223,-1.9885,1.3213,-1.9885,1.3213,0.3362,-0.4181,18,0.1100,18,0,0.9664,0.0264,0.0072,9.2335,12.2011,-0.4380,4.8576,3.5219,0.0000,1,0.1080,0.0551,1.8212,-0.0018
1.9400,IMM-UKF-LOS,smooth,0.500,10.00,0.050,0,0.600,1,9.5386,6.2014,-3.3372,1.6944,0.3600,0.3600,0.0344,6.0000,7.6749,0.0679,3.4058,0.4469,45.0935,-17.2613,42.9170,-15.8012,42.9170,-15.8012,45.4429,-17.7228,74.1881,-33.4565,-2.1764,1.4600,-2.1764,1.4600,0.3494,-0.4616,18,0.1200,18,0,0.9664,0.0264,0.0072,9.2710,12.2035,-0.4269,4.8490,3.5338,0.0000,1,0.1080,0.0551,1.8212,-0.0018
1.9500,IMM-UKF-LOS,smooth,0.500,10.00,0.050,0,0.600,1,9.4489,6.1255,-3.3234,1.7195,0.3600,0.3600,0.0352,6.0000,7.6749,0.0749,3.6803,0.4538,45.2827,-17.4036,42.9170,-15.8012,42.9170,-15.8012,45.6443,-17.9133,75.4287,-34.3297,-2.3657,1.6024,-2.3657,1.6024,0.3616,-0.5096,18,0.1300,18,0,0.9664,0.0264,0.0072,9.3085,12.2056,-0.4154,4.8403,3.5456,0.0000,1,0.1080,0.0551,1.8212,-0.0018
1.9600,IMM-UKF-LOS,smooth,0.500,10.00,0.050,0,0.600,1,9.3591,6.0493,-3.3098,1.7451,0.3600,0.3600,0.0361,6.0000,7.6749,0.0820,3.9793,0.4610,45.4734,-17.5497,42.9170,-15.8012,42.9170,-15.8012,45.8460,-18.1123,76.7421,-35.2427,-2.5563,1.7484,-2.5563,1.7484,0.3727,-0.5627,18,0.1400,18,0,0.9664,0.0264,0.0072,9.3459,12.2073,-0.4035,4.8315,3.5576,0.0000,1,0.1080,0.0551,1.8212,-0.0018
1.9700,IMM-UKF-LOS,smooth,0.500,10.00,0.050,0,0.600,1,9.2693,5.9728,-3.2964,1.7712,0.3600,0.3600,0.0369,6.0000,7.6749,0.0894,4.3055,0.4684,45.6654,-17.6995,42.9170,-15.8012,42.9170,-15.8012,46.0480,-18.3205,78.1354,-36.1961,-2.7484,1.8983,-2.7484,1.8983,0.3826,-0.6210,18,0.1500,18,0,0.9664,0.0264,0.0072,9.3832,12.2086,-0.3912,4.8227,3.5695,0.0000,1,0.1080,0.0551,1.8212,-0.0018
1.9800,IMM-UKF-LOS,smooth,0.500,10.00,0.050,0,0.600,1,9.1794,5.8961,-3.2832,1.7978,0.3600,0.3600,0.0378,6.0000,7.6749,0.0970,4.6619,0.4760,45.8589,-17.8534,42.9170,-15.8012,42.9170,-15.8012,46.2502,-18.5383,79.6162,-37.1902,-2.9419,2.0522,-2.9419,2.0522,0.3913,-0.6849,18,0.1600,18,0,0.9664,0.0264,0.0072,9.4205,12.2095,-0.3786,4.8139,3.5814,0.0000,1,0.1080,0.0551,1.8212,-0.0018
1.9900,IMM-UKF-LOS,smooth,0.500,10.00,0.050,0,0.600,1,9.0895,6.1982,-2.8913,1.2262,0.3600,0.3600,0.0387,6.0000,8.1538,0.0439,1.3522,0.4838,46.0540,-18.0114,44.9056,-17.1225,44.9056,-17.1225,46.2103,-18.1817,72.2458,-33.4645,-1.1484,0.8889,-1.1484,0.8889,0.1563,-0.1703,19,0.0600,19,0,0.9643,0.0279,0.0078,9.4577,12.2101,-0.3654,4.8049,3.5934,0.0000,1,0.1080,0.0551,1.9282,-0.0018
2.0000,IMM-UKF-LOS,smooth,0.500,10.00,0.050,0,0.600,1,8.9996,6.1276,-2.8719,1.2450,0.3600,0.3600,0.0396,6.0000,8.1538,0.0520,1.4786,0.4919,46.2505,-18.1736,44.9056,-17.1225,44.9056,-17.1225,46.4161,-18.3642,73.2777,-34.2832,-1.3450,1.0511,-1.3450,1.0511,0.1656,-0.1907,19,0.0700,19,0,0.9643,0.0279,0.0078,9.4949,12.2102,-0.3519,4.7959,3.6054,0.0000,1,0.1080,0.0551,1.9282,-0.0018
2.0100,IMM-UKF-LOS,smooth,0.500,10.00,0.050,0,0.600,1,8.9096,6.0568,-2.8528,1.2645,0.3600,0.3600,0.0405,6.0000,8.1538,0.0602,1.6190,0.5001,46.4487,-18.3402,44.9056,-17.1225,44.9056,-17.1225,46.6220,-18.5552,74.3623,-35.1403,-1.5431,1.2177,-1.5431,1.2177,0.1734,-0.2149,19,0.0800,19,0,0.9643,0.0279,0.0078,9.5319,12.2100,-0.3378,4.7869,3.6175,0.0000,1,0.1080,0.0551,1.9282,-0.0018
2.0200,IMM-UKF-LOS,smooth,0.500,10.00,0.050,0,0.600,1,8.8197,5.9858,-2.8338,1.2846,0.3600,0.3600,0.0414,6.0000,8.1538,0.0688,1.7764,0.5086,46.6484,-18.5114,44.9056,-17.1225,44.9056,-17.1225,46.8279,-18.7549,75.5043,-36.0371,-1.7429,1.3889,-1.7429,1.3889,0.1794,-0.2435,19,0.0900,19,0,0.9643,0.0279,0.0078,9.5689,12.2094,-0.3232,4.7777,3.6295,0.0000,1,0.1080,0.0551,1.9282,-0.0018
2.0300,IMM-UKF-LOS,smooth,0.500,10.00,0.050,0,0.600,1,8.7297,5.9146,-2.8151,1.3054,0.3600,0.3600,0.0424,6.0000,8.1538,0.0776,1.9543,0.5174,46.8499,-18.6874,44.9056,-17.1225,44.9056,-17.1225,47.0336,-18.9640,76.7088,-36.9747,-1.9443,1.5649,-1.9443,1.5649,0.1837,-0.2765,19,0.1000,19,0,0.9643,0.0279,0.0078,9.6059,12.2085,-0.3081,4.7685,3.6416,0.0000,1,0.1080,0.0551,1.9282,-0.0018
2.0400,IMM-UKF-LOS,smooth,0.500,10.00,0.050,0,0.600,1,8.6397,5.8432,-2.7966,1.3268,0.3600,0.3600,0.0433,6.0000,8.1538,0.0867,2.1566,0.5265,47.0531,-18.8683,44.9056,-17.1225,44.9056,-17.1225,47.2394,-19.1829,77.9816,-37.9540,-2.1475,1.7458,-2.1475,1.7458,0.1863,-0.3146,19,0.1100,19,0,0.9643,0.0279,0.0078,9.6427,12.2071,-0.2923,4.7593,3.6537,0.0000,1,0.0812,0.0583,1.9282,-0.0013
2.0500,IMM-UKF-LOS,smooth,0.500,10.00,0.050,0,0.600,1,8.5498,5.7716,-2.7782,1.3489,0.3600,0.3600,0.0443,6.0000,8.1538,0.0956,2.3868,0.5354,47.2581,-19.0545,44.9056,-17.1225,44.9056,-17.1225,47.4450,-19.4123,79.3290,-38.9755,-2.3525,1.9320,-2.3525,1.9320,0.1869,-0.3578,19,0.1200,19,0,0.9643,0.0279,0.0078,9.6795,12.2053,-0.2760,4.7499,3.6658,0.0000,1,0.0812,0.0583,1.9282,-0.0013
2.0600,IMM-UKF-LOS,smooth,0.500,10.00,0.050,0,0.600,1,8.4599,5.6998,-2.7600,1.3718,0.3600,0.3600,0.0453,6.0000,8.1538,0.1003,2.6452,0.5401,47.4649,-19.2467,44.9056,-17.1225,44.9056,-17.1225,47.6505,-19.6528,80.7582,-40.0397,-2.5593,2.1242,-2.5593,2.1242,0.1856,-0.4061,19,0.1300,19,0,0.9643,0.0279,0.0078,9.7162,12.2032,-0.2589,4.7405,3.6780,0.0000,1,0.0812,0.0583,1.9282,-0.0013
2.0700,IMM-UKF-LOS,smooth,0.500,10.00,0.050,0,0.600,1,8.3700,5.6279,-2.7420,1.3953,0.3600,0.3600,0.0464,6.0000,8.1538,0.1052,2.9399,0.5448,47.6736,-19.4445,44.9056,-17.1225,44.9056,-17.1225,47.8558,-19.9050,82.2768,-41.1462,-2.7681,2.3220,-2.7681,2.3220,0.1822,-0.4605,19,0.1400,19,0,0.9643,0.0279,0.0078,9.7528,12.2007,-0.2411,4.7311,3.6901,0.0000,1,0.0812,0.0583,1.9282,-0.0013
2.0800,IMM-UKF-LOS,smooth,0.500,10.00,0.050,0,0.600,1,8.2801,5.5560,-2.7241,1.4195,0.3600,0.3600,0.0474,6.0000,8.1538,0.1101,3.2752,0.5496,47.8843,-19.6481,44.9056,-17.1225,44.9056,-17.1225,48.0610,-20.1698,83.8933,-42.2943,-2.9788,2.5256,-2.9788,2.5256,0.1767,-0.5217,19,0.1500,19,0,0.9643,0.0279,0.0078,9.7893,12.1977,-0.2225,4.7215,3.7023,0.0000,1,0.0812,0.0583,1.9282,-0.0013
2.0900,IMM-UKF-LOS,smooth,0.500,10.00,0.050,0,0.600,1,8.1903,5.4840,-2.7063,1.4445,0.3600,0.3600,0.0485,6.0000,8.1538,0.1150,3.6555,0.5545,48.0970,-19.8578,44.9056,-17.1225,44.9056,-17.1225,48.2659,-20.4479,85.6172,-43.4826,-3.1915,2.7353,-3.1915,2.7353,0.1689,-0.5901,19,0.1600,19,0,0.9643,0.0279,0.0078,9.8256,12.1944,-0.2030,4.7119,3.7145,0.0000,1,0.0812,0.0583,1.9282,-0.0013
2.1000,IMM-UKF-LOS,smooth,0.500,10.00,0.050,0,0.600,1,8.1005,5.4429,-2.6576,1.4197,0.3600,0.3600,0.0496,6.0000,8.2394,0.0337,0.8860,0.5594,48.3118,-20.0738,47.0531,-18.8683,47.0531,-18.8683,48.4659,-20.1057,85.2476,-41.8310,-1.2587,1.2055,-1.2587,1.2055,0.1540,-0.0319,20,0.0600,20,0,0.9712,0.0240,0.0048,9.8619,12.1906,-0.1825,4.7023,3.7267,0.0000,1,0.0812,0.0583,2.0387,-0.0013
2.1100,IMM-UKF-LOS,smooth,0.500,10.00,0.050,0,0.600,1,8.0109,5.3725,-2.6383,1.4412,0.3600,0.3600,0.0507,6.0000,8.2394,0.0388,1.0044,0.5645,48.5288,-20.2965,47.0531,-18.8683,47.0531,-18.8683,48.6978,-20.3520,87.0661,-42.9693,-1.4757,1.4281,-1.4757,1.4281,0.1690,-0.0555,20,0.0700,20,0,0.9712,0.0240,0.0048,9.8980,12.1864,-0.1610,4.6926,3.7390,0.0000,1,0.0812,0.0583,2.0387,-0.0013
2.1200,IMM-UKF-LOS,smooth,0.500,10.00,0.050,0,0.600,1,7.9213,5.3021,-2.6192,1.4633,0.3600,0.3600,0.0518,6.0000,8.2394,0.0441,1.1415,0.5695,48.7480,-20.5260,47.0531,-18.8683,47.0531,-18.8683,48.9302,-20.6115,89.0051,-44.1436,-1.6949,1.6576,-1.6949,1.6576,0.1822,-0.0855,20,0.0800,20,0,0.9712,0.0240,0.0048,9.9340,12.1818,-0.1383,4.6828,3.7512,0.0000,1,0.0812,0.0583,2.0387,-0.0013
2.1300,IMM-UKF-LOS,smooth,0.500,10.00,0.050,0,0.600,1,7.8318,5.2317,-2.6001,1.4858,0.3600,0.3600,0.0530,6.0000,8.2394,0.0494,1.3075,0.5747,48.9696,-20.7627,47.0531,-18.8683,47.0531,-18.8683,49.1632,-20.8853,91.0748,-45.3507,-1.9165,1.8944,-1.9165,1.8944,0.1936,-0.1226,20,0.0900,20,0,0.9712,0.0240,0.0048,9.9698,12.1767,-0.1142,4.6729,3.7635,0.0000,1,0.1030,0.0559,2.0387,0.0016
2.1400,IMM-UKF-LOS,smooth,0.500,10.00,0.050,0,0.600,1,7.7425,5.1613,-2.5812,1.5088,0.3600,0.3600,0.0541,6.0000,8.2394,0.0548,1.5129,0.5799,49.1935,-21.0070,47.0531,-18.8683,47.0531,-18.8683,49.3966,-21.1745,93.2858,-46.5865,-2.1404,2.1386,-2.1404,2.1386,0.2031,-0.1675,20,0.1000,20,0,0.9712,0.0240,0.0048,10.0053,12.1712,-0.0887,4.6630,3.7758,0.0000,1,0.1030,0.0559,2.0387,0.0016
2.1500,IMM-UKF-LOS,smooth,0.500,10.00,0.050,0,0.600,1,7.6533,5.0909,-2.5623,1.5324,0.3600,0.3600,0.0553,6.0000,8.2394,0.0602,1.7680,0.5851,49.4200,-21.2592,47.0531,-18.8683,47.0531,-18.8683,49.6305,-21.4803,95.6486,-47.8456,-2.3669,2.3908,-2.3669,2.3908,0.2105,-0.2212,20,0.1100,20,0,0.9712,0.0240,0.0048,10.0407,12.1651,-0.0616,4.6530,3.7881,0.0000,1,0.1030,0.0559,2.0387,0.0016
2.1600,IMM-UKF-LOS,smooth,0.500,10.00,0.050,0,0.600,1,7.5642,5.0208,-2.5435,1.5565,0.3600,0.3600,0.0565,6.0000,8.2394,0.0652,2.0822,0.5902,49.6493,-21.5196,47.0531,-18.8683,47.0531,-18.8683,49.8649,-21.8042,98.1734,-49.1217,-2.5962,2.6513,-2.5962,2.6513,0.2156,-0.2846,20,0.1200,20,0,0.9712,0.0240,0.0048,10.0758,12.1585,-0.0325,4.6429,3.8004,0.0000,1,0.1030,0.0559,2.0387,0.0016
2.1700,IMM-UKF-LOS,smooth,0.500,10.00,0.050,0,0.600,1,7.4754,4.9508,-2.5246,1.5812,0.3600,0.3600,0.0564,6.0000,8.2394,0.0672,2.4526,0.5924,49.8864,-21.7888,47.0531,-18.8683,47.0531,-18.8683,50.0998,-22.1479,100.8691,-50.4071,-2.8333,2.9205,-2.8333,2.9205,0.2134,-0.3591,20,0.1300,20,0,0.9712,0.0240,0.0048,10.1105,12.1513,-0.0012,4.6328,3.8128,0.0000,1,0.1030,0.0559,2.0387,0.0016
2.1800,IMM-UKF-LOS,smooth,0.500,10.00,0.050,0,0.600,1,7.3867,4.8812,-2.5056,1.6063,0.3600,0.3600,0.0564,6.0000,8.2394,0.0803,2.9075,0.5959,50.1265,-22.0672,47.0531,-18.8683,47.0531,-18.8683,50.3351,-22.5133,103.7426,-51.6936,-3.0734,3.1989,-3.0734,3.1989,0.2086,-0.4461,20,0.1400,20,0,0.9712,0.0240,0.0048,10.1448,12.1435,0.0326,4.6226,3.8251,0.0000,1,0.1030,0.0559,2.0387,0.0016
2.1900,IMM-UKF-LOS,smooth,0.500,10.00,0.050,0,0.600,1,7.2983,5.1131,-2.1852,1.1142,0.3600,0.3600,0.0563,6.0000,8.6277,0.0869,0.5756,0.6005,50.3697,-22.3554,48.9696,-20.7627,48.9696,-20.7627,50.4385,-22.4276,91.8148,-49.5410,-1.4002,1.5927,-1.4002,1.5927,0.0688,-0.0722,21,0.0600,21,0,0.9714,0.0210,0.0076,10.1785,12.1349,0.0695,4.6123,3.8375,0.0000,1,0.1030,0.0559,2.1316,0.0016
2.2000,IMM-UKF-LOS,smooth,0.500,10.00,0.050,0,0.600,1,7.2102,5.0485,-2.1617,1.1319,0.3600,0.3600,0.0563,6.0000,8.6277,0.1173,0.7394,0.6061,50.6162,-22.6539,48.9696,-20.7627,48.9696,-20.7627,50.6831,-22.7610,93.8890,-50.8401,-1.6466,1.8912,-1.6466,1.8912,0.0669,-0.1071,21,0.0700,21,0,0.9714,0.0210,0.0076,10.2116,12.1254,0.1101,4.6020,3.8499,0.0000,1,0.1030,0.0559,2.1316,0.0016
2.2100,IMM-UKF-LOS,smooth,0.500,10.00,0.050,0,0.600,1,7.1223,4.9843,-2.1381,1.1502,0.3600,0.3600,0.0563,6.0000,8.6277,0.1490,0.9759,0.6132,50.8660,-22.9634,48.9696,-20.7627,48.9696,-20.7627,50.9280,-23.1163,96.0811,-52.1683,-1.8964,2.2007,-1.8964,2.2007,0.0620,-0.1528,21,0.0800,21,0,0.9714,0.0210,0.0076,10.2437,12.1149,0.1551,4.5916,3.8623,0.0000,1,0.1030,0.0559,2.1316,0.0016
2.2200,IMM-UKF-LOS,smooth,0.500,10.00,0.050,0,0.600,1,7.0349,4.9207,-2.1142,1.1692,0.3600,0.3600,0.0556,6.0000,8.6277,0.1659,1.3038,0.6195,51.1163,-23.2846,48.9696,-20.7627,48.9696,-20.7627,51.1732,-23.4962,98.3882,-53.5227,-2.1467,2.5219,-2.1467,2.5219,0.0569,-0.2116,21,0.0900,21,0,0.9714,0.0210,0.0076,10.2744,12.1030,0.2058,4.5811,3.8747,0.0000,1,0.1030,0.0559,2.1316,0.0016
2.2300,IMM-UKF-LOS,smooth,0.500,10.00,0.050,0,0.600,1,6.9479,4.8581,-2.0898,1.1888,0.3600,0.3600,0.0543,6.0000,8.6277,0.1683,1.7359,0.6237,51.3673,-23.6183,48.9696,-20.7627,48.9696,-20.7627,51.4186,-23.9047,100.7983,-54.9006,-2.3977,2.8556,-2.3977,2.8556,0.0513,-0.2864,21,0.1000,21,0,0.9714,0.0210,0.0076,10.3032,12.0892,0.2638,4.5706,3.8871,0.0000,1,0.1030,0.0559,2.1316,0.0016
2.2400,IMM-UKF-LOS,smooth,0.500,10.00,0.050,0,0.600,1,6.8614,4.7969,-2.0645,1.2090,0.3600,0.3600,0.0530,6.0000,8.6277,0.1707,2.2912,0.6278,51.6218,-23.9656,48.9696,-20.7627,48.9696,-20.7627,51.6641,-24.3467,103.2803,-56.2996,-2.6522,3.2029,-2.6522,3.2029,0.0422,-0.3810,21,0.1100,21,0,0.9714,0.0210,0.0076,10.3289,12.0726,0.3315,4.5600,3.8996,0.0000,1,0.0963,0.0477,2.1316,0.0002
2.2500,IMM-UKF-LOS,smooth,0.500,10.00,0.050,0,0.600,1,6.7757,4.7379,-2.0378,1.2299,0.3600,0.3600,0.0518,6.0000,8.6277,0.1731,3.0029,0.6317,51.8800,-24.3278,48.9696,-20.7627,48.9696,-20.7627,51.9095,-24.8290,105.7646,-57.7171,-2.9105,3.5651,-2.9105,3.5651,0.0295,-0.5013,21,0.1200,21,0,0.9714,0.0210,0.0076,10.3493,12.0515,0.4128,4.5493,3.9120,0.0000,1,0.0963,0.0477,2.1316,0.0002
2.2600,IMM-UKF-LOS,smooth,0.500,10.00,0.050,0,0.600,1,6.6908,4.6824,-2.0084,1.2514,0.3600,0.3600,0.0505,6.0000,8.6277,0.1754,3.9151,0.6355,52.1421,-24.7063,48.9696,-20.7627,48.9696,-20.7627,52.1546,-25.3607,108.0918,-59.1451,-3.1725,3.9436,-3.1725,3.9436,0.0126,-0.6543,21,0.1300,21,0,0.9714,0.0210,0.0076,10.3600,12.0224,0.5137,4.5385,3.9245,0.0000,1,0.0963,0.0477,2.1316,0.0002
2.2700,IMM-UKF-LOS,smooth,0.500,10.00,0.050,0,0.600,1,6.6072,4.6335,-1.9737,1.2735,0.3600,0.3600,0.0492,6.0000,8.6277,0.1777,5.0668,0.6389,52.4080,-25.1030,48.9696,-20.7627,48.9696,-20.7627,52.3986,-25.9499,109.8818,-60.5457,-3.4384,4.3403,-3.4384,4.3403,-0.0094,-0.8469,21,0.1400,21,0,0.9714,0.0210,0.0076,10.3502,11.9769,0.6427,4.5277,3.9370,0.0000,1,0.0963,0.0477,2.1316,0.0002
2.2800,IMM-UKF-LOS,smooth,0.500,10.00,0.050,0,0.600,1,6.5255,4.5967,-1.9289,1.2962,0.3600,0.3600,0.0479,6.0000,8.6277,0.1798,6.3760,0.6421,52.6778,-25.5188,48.9696,-20.7627,48.9696,-20.7627,52.6397,-26.5840,110.2773,-61.7496,-3.7082,4.7561,-3.7082,4.7561,-0.0381,-1.0652,21,0.1500,21,0,0.9714,0.0210,0.0076,10.2959,11.8960,0.8051,4.5169,3.9494,0.0000,1,0.0963,0.0477,2.1316,0.0002
2.2900,IMM-UKF-LOS,smooth,0.500,10.00,0.050,0,0.600,1,6.4467,4.7125,-1.7342,1.0659,0.3600,0.3600,0.0466,6.0000,8.9741,0.0174,0.0967,0.6449,52.9515,-25.9507,51.6218,-23.9656,51.6218,-23.9656,52.9513,-25.9346,98.3313,-57.7279,-1.3297,1.9851,-1.3297,1.9851,-0.0002,0.0162,22,0.0500,22,0,0.9735,0.0223,0.0042,10.1689,11.7588,0.9711,4.5059,3.9619,0.0000,1,0.0963,0.0477,2.2402,0.0002
2.3000,IMM-UKF-LOS,smooth,0.500,10.00,0.050,0,0.600,1,6.3709,4.6745,-1.6964,1.0835,0.3600,0.3600,0.0454,6.0000,8.9741,0.0198,0.1879,0.6472,53.2294,-26.3928,51.6218,-23.9656,51.6218,-23.9656,53.2308,-26.3614,96.9093,-57.6589,-1.6076,2.4272,-1.6076,2.4272,0.0014,0.0314,22,0.0600,22,0,0.9735,0.0223,0.0042,10.0086,11.6014,1.0807,4.4949,3.9744,0.0000,1,0.0963,0.0477,2.2402,0.0002
2.3100,IMM-UKF-LOS,smooth,0.500,10.00,0.050,0,0.600,1,6.2980,4.6416,-1.6565,1.1017,0.3600,0.3600,0.0441,6.0000,8.9741,0.0219,0.4981,0.6492,53.5114,-26.8410,51.6218,-23.9656,51.6218,-23.9656,53.5098,-26.7577,95.2695,-57.2174,-1.8896,2.8753,-1.8896,2.8753,-0.0015,0.0832,22,0.0700,22,0,0.9735,0.0223,0.0042,9.8347,11.4360,1.1510,4.4838,3.9869,0.0000,1,0.0963,0.0477,2.2402,0.0002
2.3200,IMM-UKF-LOS,smooth,0.500,10.00,0.050,0,0.600,1,6.2280,4.6133,-1.6147,1.1205,0.3600,0.3600,0.0429,6.0000,8.9741,0.0236,1.0127,0.6508,53.7975,-27.2926,51.6218,-23.9656,51.6218,-23.9656,53.7872,-27.1235,93.5656,-56.5553,-2.1756,3.3269,-2.1756,3.3269,-0.0103,0.1690,22,0.0800,22,0,0.9735,0.0223,0.0042,9.6556,11.2678,1.1969,4.4727,3.9994,0.0000,1,0.0963,0.0477,2.2402,0.0002
2.3300,IMM-UKF-LOS,smooth,0.500,10.00,0.050,0,0.600,1,6.1608,4.5897,-1.5711,1.1400,0.3600,0.3600,0.0416,6.0000,8.9741,0.0249,1.7236,0.6520,54.0875,-27.7457,51.6218,-23.9656,51.6218,-23.9656,54.0618,-27.4585,91.8589,-55.7451,-2.4656,3.7800,-2.4656,3.7800,-0.0257,0.2872,22,0.0900,22,0,0.9735,0.0223,0.0042,9.4741,11.0985,1.2272,4.4614,4.0119,0.0000,1,0.0963,0.0477,2.2402,0.0002
2.3400,IMM-UKF-LOS,smooth,0.500,10.00,0.050,0,0.600,1,6.0964,4.5705,-1.5259,1.1602,0.3600,0.3600,0.0404,6.0000,8.9741,0.0259,2.6276,0.6530,54.3812,-28.1989,51.6218,-23.9656,51.6218,-23.9656,54.3327,-27.7617,90.1781,-54.8243,-2.7594,4.2332,-2.7594,4.2332,-0.0485,0.4371,22,0.1000,22,0,0.9735,0.0223,0.0042,9.2913,10.9291,1.2467,4.4501,4.0245,0.0000,1,0.1079,0.0577,2.2402,0.0016
2.3500,IMM-UKF-LOS,smooth,0.500,10.00,0.050,0,0.600,1,6.0348,4.5558,-1.4790,1.1810,0.3600,0.3600,0.0391,6.0000,8.9741,0.0265,3.7245,0.6536,54.6784,-28.6508,51.6218,-23.9656,51.6218,-23.9656,54.5990,-28.0322,88.5390,-53.8155,-3.0566,4.6852,-3.0566,4.6852,-0.0795,0.6186,22,0.1100,22,0,0.9735,0.0223,0.0042,9.1079,10.7597,1.2585,4.4388,4.0370,0.0000,1,0.1079,0.0577,2.2402,0.0016
2.3600,IMM-UKF-LOS,smooth,0.500,10.00,0.050,0,0.600,1,5.9758,4.5454,-1.4304,1.2025,0.3600,0.3600,0.0379,6.0000,8.9741,0.0268,5.0150,0.6539,54.9790,-29.1005,51.6218,-23.9656,51.6218,-23.9656,54.8597,-28.2688,86.9515,-52.7341,-3.3571,5.1348,-3.3571,5.1348,-0.1193,0.8317,22,0.1200,22,0,0.9735,0.0223,0.0042,8.9239,10.5905,1.2643,4.4274,4.0495,0.0000,1,0.1079,0.0577,2.2402,0.0016
2.3700,IMM-UKF-LOS,smooth,0.500,10.00,0.050,0,0.600,1,5.9194,4.5392,-1.3802,1.2247,0.3600,0.3600,0.0367,6.0000,8.9741,0.0269,6.4996,0.6539,55.2825,-29.5467,51.6218,-23.9656,51.6218,-23.9656,55.1140,-28.4704,85.4217,-51.5918,-3.6607,5.5811,-3.6607,5.5811,-0.1685,1.0763,22,0.1300,22,0,0.9735,0.0223,0.0042,8.7395,10.4217,1.2653,4.4159,4.0620,0.0000,1,0.1079,0.0577,2.2402,0.0016
2.3800,IMM-UKF-LOS,smooth,0.500,10.00,0.050,0,0.600,1,5.8657,4.5373,-1.3283,1.2477,0.3600,0.3600,0.0355,6.0000,8.9741,0.0266,8.1783,0.6536,55.5888,-29.9886,51.6218,-23.9656,51.6218,-23.9656,55.3610,-28.6363,83.9534,-50.3985,-3.9670,6.0229,-3.9670,6.0229,-0.2278,1.3523,22,0.1400,22,0,0.9735,0.0223,0.0042,8.5548,10.2532,1.2624,4.4043,4.0746,0.0000,1,0.1079,0.0577,2.2402,0.0016
2.3900,IMM-UKF-LOS,smooth,0.500,10.00,0.050,0,0.600,1,5.8145,4.5396,-1.2749,1.2714,0.3600,0.3600,0.0343,6.0000,8.9741,0.0259,10.0511,0.6530,55.8975,-30.4251,51.6218,-23.9656,51.6218,-23.9656,55.5998,-28.7656,82.5473,-49.1629,-4.2757,6.4594,-4.2757,6.4594,-0.2978,1.6595,22,0.1500,22,0,0.9735,0.0223,0.0042,8.3700,10.0850,1.2562,4.3927,4.0871,0.0000,1,0.1079,0.0577,2.2402,0.0016
2.4000,IMM-UKF-LOS,smooth,0.500,10.00,0.050,0,0.600,1,5.7658,4.5211,-1.2447,0.9914,0.3600,0.3600,0.0332,6.0000,9.0028,0.0009,4.3875,0.6521,56.2084,-30.8553,54.3812,-28.1989,54.3812,-28.1989,55.6629,-30.2921,80.3951,-51.1538,-1.8272,2.6565,-1.8272,2.6565,-0.5455,0.5632,23,0.0600,23,0,0.9741,0.0214,0.0045,8.1850,9.9170,1.2471,4.3810,4.0997,0.0000,1,0.1079,0.0577,2.3416,0.0016
2.4100,IMM-UKF-LOS,smooth,0.500,10.00,0.050,0,0.600,1,5.7196,4.5120,-1.2076,1.0088,0.3600,0.3600,0.0320,6.0000,9.0028,0.0020,5.3559,0.6510,56.5209,-31.2784,54.3812,-28.1989,54.3812,-28.1989,55.9218,-30.5455,79.3822,-50.0991,-2.1397,3.0795,-2.1397,3.0795,-0.5991,0.7329,23,0.0700,23,0,0.9741,0.0214,0.0045,7.9999,9.7494,1.2356,4.3692,4.1122,0.0000,1,0.1079,0.0577,2.3416,0.0016
2.4200,IMM-UKF-LOS,smooth,0.500,10.00,0.050,0,0.600,1,5.6758,4.5071,-1.1687,1.0268,0.3600,0.3600,0.0307,6.0000,9.0028,0.0050,6.5198,0.6505,56.8357,-31.6935,54.3812,-28.1989,54.3812,-28.1989,56.1728,-30.7628,78.3935,-49.0105,-2.4545,3.4946,-2.4545,3.4946,-0.6629,0.9306,23,0.0800,23,0,0.9741,0.0214,0.0045,7.8147,9.5821,1.2218,4.3573,4.1248,0.0000,1,0.1079,0.0577,2.3416,0.0016
2.4300,IMM-UKF-LOS,smooth,0.500,10.00,0.050,0,0.600,1,5.6345,4.5063,-1.1282,1.0456,0.3600,0.3600,0.0295,6.0000,9.0028,0.0099,7.8749,0.6498,57.1516,-32.0996,54.3812,-28.1989,54.3812,-28.1989,56.4149,-30.9430,77.4316,-47.8928,-2.7704,3.9008,-2.7704,3.9008,-0.7367,1.1566,23,0.0900,23,0,0.9741,0.0214,0.0045,7.6293,9.4151,1.2062,4.3454,4.1373,0.0000,1,0.1079,0.0577,2.3416,0.0016
2.4400,IMM-UKF-LOS,smooth,0.500,10.00,0.050,0,0.600,1,5.5955,4.5096,-1.0859,1.0651,0.3600,0.3600,0.0282,6.0000,9.0028,0.0150,9.4185,0.6491,57.4680,-32.4961,54.3812,-28.1989,54.3812,-28.1989,56.6474,-31.0851,76.4989,-46.7503,-3.0868,4.2972,-3.0868,4.2972,-0.8206,1.4110,23,0.1000,23,0,0.9741,0.0214,0.0045,7.4438,9.2484,1.1887,4.3335,4.1498,0.0000,1,0.1079,0.0577,2.3416,0.0016
2.4500,IMM-UKF-LOS,smooth,0.500,10.00,0.050,0,0.600,1,5.5588,4.5170,-1.0419,1.0854,0.3600,0.3600,0.0269,6.0000,9.0028,0.0204,11.1476,0.6479,57.7845,-32.8821,54.3812,-28.1989,54.3812,-28.1989,56.8694,-31.1886,75.5969,-45.5877,-3.4033,4.6832,-3.4033,4.6832,-0.9150,1.6935,23,0.1100,23,0,0.9741,0.0214,0.0045,7.2582,9.0820,1.1697,4.3214,4.1624,0.0000,1,0.0948,0.0472,2.3416,-0.0015
2.4600,IMM-UKF-LOS,smooth,0.500,10.00,0.050,0,0.600,1,5.5245,4.5283,-0.9962,1.1065,0.3600,0.3600,0.0257,6.0000,9.0028,0.0256,13.0582,0.6466,58.1004,-33.2568,54.3812,-28.1989,54.3812,-28.1989,57.0803,-31.2530,74.7265,-44.4093,-3.7193,5.0580,-3.7193,5.0580,-1.0201,2.0039,23,0.1200,23,0,0.9741,0.0214,0.0045,7.0724,8.9160,1.1491,4.3093,4.1749,0.0000,1,0.0948,0.0472,2.3416,-0.0015
2.4700,IMM-UKF-LOS,smooth,0.500,10.00,0.050,0,0.600,1,5.4923,4.5435,-0.9488,1.1283,0.3600,0.3600,0.0245,6.0000,9.0028,0.0310,15.1458,0.6451,58.4155,-33.6196,54.3812,-28.1989,54.3812,-28.1989,57.2795,-31.2782,73.8885,-43.2193,-4.0343,5.4207,-4.0343,5.4207,-1.1360,2.3414,23,0.1300,23,0,0.9741,0.0214,0.0045,6.8865,8.7502,1.1272,4.2971,4.1875,0.0000,1,0.0948,0.0472,2.3416,-0.0015
2.4800,IMM-UKF-LOS,smooth,0.500,10.00,0.050,0,0.600,1,5.4624,4.5627,-0.8997,1.1510,0.3600,0.3600,0.0232,6.0000,9.0028,0.0317,17.4032,0.6426,58.7281,-33.9696,54.3812,-28.1989,54.3812,-28.1989,57.4664,-31.2643,73.0830,-42.0219,-4.3469,5.7707,-4.3469,5.7707,-1.2617,2.7052,23,0.1400,23,0,0.9741,0.0214,0.0045,6.7005,8.5848,1.1040,4.2848,4.2000,0.0000,1,0.0948,0.0472,2.3416,-0.0015
2.4900,IMM-UKF-LOS,smooth,0.500,10.00,0.050,0,0.600,1,5.4346,4.5857,-0.8489,1.1744,0.3600,0.3600,0.0218,6.0000,9.0028,0.0323,19.8261,0.6398,59.0385,-34.3062,54.3812,-28.1989,54.3812,-28.1989,57.6407,-31.2116,72.3098,-40.8209,-4.6574,6.1073,-4.6574,6.1073,-1.3979,3.0945,23,0.1500,23,0,0.9741,0.0214,0.0045,6.5144,8.4198,1.0796,4.2725,4.2125,0.0000,1,0.0948,0.0472,2.3416,-0.0015
2.5000,IMM-UKF-LOS,smooth,0.500,10.00,0.050,0,0.600,1,5.4090,4.4594,-0.9496,0.9590,0.3600,0.3600,0.0206,6.0000,8.1754,0.0143,5.0383,0.6370,59.3465,-34.6287,57.7845,-32.8821,57.7845,-32.8821,60.1658,-34.1268,82.5474,-47.3700,-1.5620,1.7466,-1.5620,1.7466,0.8193,0.5019,24,0.0500,24,0,0.9720,0.0222,0.0059,6.3281,8.2550,1.0541,4.2601,4.2251,0.0000,1,0.0948,0.0472,2.4485,-0.0015
2.5100,IMM-UKF-LOS,smooth,0.500,10.00,0.050,0,0.600,1,5.3854,4.4675,-0.9179,0.9764,0.3600,0.3600,0.0193,6.0000,8.1754,0.0163,5.5831,0.6341,59.6514,-34.9365,57.7845,-32.8821,57.7845,-32.8821,60.4867,-34.3054,81.6621,-46.3997,-1.8669,2.0544,-1.8669,2.0544,0.8354,0.6311,24,0.0600,24,0,0.9720,0.0222,0.0059,6.1416,8.0906,1.0275,4.2477,4.2376,0.0000,1,0.0948,0.0472,2.4485,-0.0015
2.5200,IMM-UKF-LOS,smooth,0.500,10.00,0.050,0,0.600,1,5.3639,4.4793,-0.8846,0.9946,0.3600,0.3600,0.0181,6.0000,8.1754,0.0184,6.2623,0.6312,59.9526,-35.2290,57.7845,-32.8821,57.7845,-32.8821,60.7919,-34.4410,80.7933,-45.4090,-2.1681,2.3469,-2.1681,2.3469,0.8393,0.7880,24,0.0700,24,0,0.9720,0.0222,0.0059,5.9551,7.9265,0.9998,4.2351,4.2501,0.0000,1,0.0948,0.0472,2.4485,-0.0015
2.5300,IMM-UKF-LOS,smooth,0.500,10.00,0.050,0,0.600,1,5.3444,4.4949,-0.8495,1.0133,0.3600,0.3600,0.0169,6.0000,8.1754,0.0209,7.1002,0.6282,60.2496,-35.5058,57.7845,-32.8821,57.7845,-32.8821,61.0802,-34.5334,79.9432,-44.4008,-2.4652,2.6237,-2.4652,2.6237,0.8306,0.9724,24,0.0800,24,0,0.9720,0.0222,0.0059,5.7684,7.7627,0.9711,4.2225,4.2627,0.0000,1,0.0948,0.0472,2.4485,-0.0015
2.5400,IMM-UKF-LOS,smooth,0.500,10.00,0.050,0,0.600,1,5.3269,4.5143,-0.8126,1.0328,0.3600,0.3600,0.0157,6.0000,8.1754,0.0235,8.1123,0.6252,60.5419,-35.7661,57.7845,-32.8821,57.7845,-32.8821,61.3510,-34.5826,79.1133,-43.3781,-2.7575,2.8840,-2.7575,2.8840,0.8091,1.1835,24,0.0900,24,0,0.9720,0.0222,0.0059,5.5816,7.5992,0.9415,4.2099,4.2752,0.0000,1,0.0948,0.0472,2.4485,-0.0015
2.5500,IMM-UKF-LOS,smooth,0.500,10.00,0.050,0,0.600,1,5.3113,4.5372,-0.7741,1.0530,0.3600,0.3600,0.0146,6.0000,8.1754,0.0261,9.3051,0.6222,60.8290,-36.0097,57.7845,-32.8821,57.7845,-32.8821,61.6034,-34.5890,78.3052,-42.3436,-3.0445,3.1276,-3.0445,3.1276,0.7745,1.4208,24,0.1000,24,0,0.9720,0.0222,0.0059,5.3946,7.4361,0.9109,4.1971,4.2877,0.0000,1,0.0999,0.0424,2.4485,-0.0001
2.5600,IMM-UKF-LOS,smooth,0.500,10.00,0.050,0,0.600,1,5.2976,4.5638,-0.7338,1.0739,0.3600,0.3600,0.0135,6.0000,8.1754,0.0289,10.6785,0.6193,61.1101,-36.2360,57.7845,-32.8821,57.7845,-32.8821,61.8370,-34.5529,77.5196,-41.3002,-3.3257,3.3540,-3.3257,3.3540,0.7269,1.6831,24,0.1100,24,0,0.9720,0.0222,0.0059,5.2075,7.2733,0.8794,4.1843,4.3002,0.0000,1,0.0999,0.0424,2.4485,-0.0001
2.5700,IMM-UKF-LOS,smooth,0.500,10.00,0.050,0,0.600,1,5.2858,4.5938,-0.6920,1.0956,0.3600,0.3600,0.0124,6.0000,8.1754,0.0316,12.2132,0.6164,61.3850,-36.4450,57.7845,-32.8821,57.7845,-32.8821,62.0525,-34.4781,76.7695,-40.2640,-3.6006,3.5629,-3.6006,3.5629,0.6675,1.9669,24,0.1200,24,0,0.9720,0.0222,0.0059,5.0225,7.1127,0.8475,4.1714,4.3127,0.0000,1,0.0999,0.0424,2.4485,-0.0001
2.5800,IMM-UKF-LOS,smooth,0.500,10.00,0.050,0,0.600,1,5.2758,4.6271,-0.6488,1.1180,0.3600,0.3600,0.0114,6.0000,8.1754,0.0344,13.8979,0.6135,61.6532,-36.6363,57.7845,-32.8821,57.7845,-32.8821,62.2500,-34.3660,76.0534,-39.2371,-3.8687,3.7542,-3.8687,3.7542,0.5968,2.2704,24,0.1300,24,0,0.9720,0.0222,0.0059,4.8395,6.9543,0.8151,4.1585,4.3251,0.0000,1,0.0999,0.0424,2.4485,-0.0001
2.5900,IMM-UKF-LOS,smooth,0.500,10.00,0.050,0,0.600,1,5.2676,4.6635,-0.6040,1.1412,0.3600,0.3600,0.0104,6.0000,8.1754,0.0371,15.7203,0.6108,61.9142,-36.8101,57.7845,-32.8821,57.7845,-32.8821,62.4296,-34.2180,75.3698,-38.2209,-4.1297,3.9280,-4.1297,3.9280,0.5154,2.5921,24,0.1400,24,0,0.9720,0.0222,0.0059,4.6585,6.7981,0.7822,4.1455,4.3376,0.0000,1,0.0999,0.0424,2.4485,-0.0001
2.6000,IMM-UKF-LOS,smooth,0.500,10.00,0.050,0,0.600,1,5.2610,4.7103,-0.5507,0.8204,0.3600,0.3600,0.0094,6.0000,8.0145,0.0155,4.9228,0.6081,62.1677,-36.9661,60.8290,-36.0097,60.8290,-36.0097,61.2329,-36.6243,71.3754,-43.4842,-1.3387,0.9564,-1.3387,0.9564,-0.9347,0.3418,25,0.0500,25,0,0.9610,0.0316,0.0074,4.4794,6.6439,0.7489,4.1324,4.3501,0.0000,1,0.0999,0.0424,2.5499,-0.0001
2.6100,IMM-UKF-LOS,smooth,0.500,10.00,0.050,0,0.600,1,5.2562,4.7363,-0.5199,0.8366,0.3600,0.3600,0.0085,6.0000,8.0145,0.0185,5.4582,0.6056,62.4133,-37.1045,60.8290,-36.0097,60.8290,-36.0097,61.4056,-36.6768,70.8877,-42.6125,-1.5843,1.0947,-1.5843,1.0947,-1.0076,0.4276,25,0.0600,25,0,0.9610,0.0316,0.0074,4.3022,6.4917,0.7153,4.1193,4.3625,0.0000,1,0.0999,0.0424,2.5499,-0.0001
2.6200,IMM-UKF-LOS,smooth,0.500,10.00,0.050,0,0.600,1,5.2529,4.7654,-0.4875,0.8535,0.3600,0.3600,0.0076,6.0000,8.0145,0.0214,6.1066,0.6031,62.6506,-37.2251,60.8290,-36.0097,60.8290,-36.0097,61.5627,-36.6902,70.4160,-41.7415,-1.8216,1.2154,-1.8216,1.2154,-1.0879,0.5349,25,0.0700,25,0,0.9610,0.0316,0.0074,4.1267,6.3415,0.6812,4.1060,4.3750,0.0000,1,0.0999,0.0424,2.5499,-0.0001
2.6300,IMM-UKF-LOS,smooth,0.500,10.00,0.050,0,0.600,1,5.2513,4.7976,-0.4537,0.8712,0.3600,0.3600,0.0068,6.0000,8.0145,0.0242,6.8729,0.6008,62.8794,-37.3280,60.8290,-36.0097,60.8290,-36.0097,61.7043,-36.6656,69.9601,-40.8724,-2.0504,1.3183,-2.0504,1.3183,-1.1751,0.6624,25,0.0800,25,0,0.9610,0.0316,0.0074,3.9531,6.1932,0.6469,4.0928,4.3874,0.0000,1,0.0999,0.0424,2.5499,-0.0001
2.6400,IMM-UKF-LOS,smooth,0.500,10.00,0.050,0,0.600,1,5.2511,4.8328,-0.4184,0.8897,0.3600,0.3600,0.0060,6.0000,8.0145,0.0269,7.7576,0.5986,63.0993,-37.4134,60.8290,-36.0097,60.8290,-36.0097,61.8306,-36.6043,69.5199,-40.0066,-2.2703,1.4037,-2.2703,1.4037,-1.2687,0.8091,25,0.0900,25,0,0.9610,0.0316,0.0074,3.7812,6.0467,0.6121,4.0794,4.3998,0.0000,1,0.0999,0.0424,2.5499,-0.0001
2.6500,IMM-UKF-LOS,smooth,0.500,10.00,0.050,0,0.600,1,5.2526,4.8709,-0.3816,0.9090,0.3600,0.3600,0.0052,6.0000,8.0145,0.0296,8.7581,0.5965,63.3101,-37.4813,60.8290,-36.0097,60.8290,-36.0097,61.9418,-36.5076,69.0949,-39.1454,-2.4811,1.4716,-2.4811,1.4716,-1.3683,0.9737,25,0.1000,25,0,0.9610,0.0316,0.0074,3.6109,5.9021,0.5771,4.0660,4.4122,0.0000,1,0.0988,0.0565,2.5499,0.0018
2.6600,IMM-UKF-LOS,smooth,0.500,10.00,0.050,0,0.600,1,5.2554,4.9120,-0.3435,0.9291,0.3600,0.3600,0.0045,6.0000,8.0145,0.0321,9.8686,0.5945,63.5115,-37.5318,60.8290,-36.0097,60.8290,-36.0097,62.0384,-36.3769,68.6848,-38.2897,-2.6826,1.5221,-2.6826,1.5221,-1.4732,1.1550,25,0.1100,25,0,0.9610,0.0316,0.0074,3.4422,5.7591,0.5417,4.0525,4.4246,0.0000,1,0.0988,0.0565,2.5499,0.0018
2.6700,IMM-UKF-LOS,smooth,0.500,10.00,0.050,0,0.600,1,5.2598,4.9559,-0.3039,0.9499,0.3600,0.3600,0.0038,6.0000,8.0145,0.0345,11.0821,0.5928,63.7034,-37.5652,60.8290,-36.0097,60.8290,-36.0097,62.1207,-36.2135,68.2892,-37.4406,-2.8745,1.5555,-2.8745,1.5555,-1.5828,1.3516,25,0.1200,25,0,0.9610,0.0316,0.0074,3.2752,5.6179,0.5060,4.0389,4.4370,0.0000,1,0.0988,0.0565,2.5499,0.0018
2.6800,IMM-UKF-LOS,smooth,0.500,10.00,0.050,0,0.600,1,5.2656,5.0026,-0.2630,0.9716,0.3600,0.3600,0.0031,6.0000,8.0145,0.0369,12.3905,0.5911,63.8856,-37.5815,60.8290,-36.0097,60.8290,-36.0097,62.1893,-36.0191,67.9076,-36.5989,-3.0567,1.5718,-3.0567,1.5718,-1.6964,1.5624,25,0.1300,25,0,0.9610,0.0316,0.0074,3.1096,5.4783,0.4700,4.0253,4.4494,0.0000,1,0.0988,0.0565,2.5499,0.0018
2.6900,IMM-UKF-LOS,smooth,0.500,10.00,0.050,0,0.600,1,5.2728,5.0522,-0.2206,0.9941,0.3600,0.3600,0.0024,6.0000,8.0145,0.0391,13.7849,0.5896,64.0579,-37.5810,60.8290,-36.0097,60.8290,-36.0097,62.2446,-35.7951,67.5396,-35.7654,-3.2290,1.5713,-3.2290,1.5713,-1.8133,1.7860,25,0.1400,25,0,0.9610,0.0316,0.0074,2.9456,5.3402,0.4337,4.0116,4.4617,0.0000,1,0.0988,0.0565,2.5499,0.0018
2.7000,IMM-UKF-LOS,smooth,0.500,10.00,0.050,0,0.600,1,5.2813,5.1045,-0.1768,1.0174,0.3600,0.3600,0.0018,6.0000,8.0145,0.0413,15.2566,0.5882,64.2203,-37.5639,60.8290,-36.0097,60.8290,-36.0097,62.2873,-35.5429,67.1848,-34.9410,-3.3914,1.5542,-3.3914,1.5542,-1.9330,2.0210,25,0.1500,25,0,0.9610,0.0316,0.0074,2.7829,5.2037,0.3971,3.9978,4.4741,0.0000,1,0.0988,0.0565,2.5499,0.0018
2.7100,IMM-UKF-LOS,smooth,0.500,10.00,0.050,0,0.600,1,5.2912,5.2175,-0.0737,0.9201,0.3600,0.3600,0.0012,6.0000,7.7051,0.0142,0.1626,0.5870,64.3727,-37.5305,63.3101,-37.4813,63.3101,-37.4813,64.4013,-37.5454,71.3604,-38.2481,-1.0626,0.0492,-1.0626,0.0492,0.0287,-0.0149,26,0.0600,26,0,0.9692,0.0256,0.0052,2.6217,5.0687,0.3603,3.9840,4.4864,0.0000,1,0.0988,0.0565,2.6518,0.0018
2.7200,IMM-UKF-LOS,smooth,0.500,10.00,0.050,0,0.600,1,5.3025,5.2614,-0.0410,0.9391,0.3600,0.3600,0.0007,6.0000,7.7051,0.0163,0.1780,0.5858,64.5149,-37.4810,63.3101,-37.4813,63.3101,-37.4813,64.5354,-37.4561,71.0252,-37.5686,-1.2048,-0.0003,-1.2048,-0.0003,0.0205,0.0249,26,0.0700,26,0,0.9692,0.0256,0.0052,2.4619,4.9351,0.3231,3.9701,4.4987,0.0000,1,0.0988,0.0565,2.6518,0.0018
2.7300,IMM-UKF-LOS,smooth,0.500,10.00,0.050,0,0.600,1,5.3151,5.3080,-0.0071,0.9587,0.3600,0.3600,0.0001,6.0000,7.7051,0.0182,0.4771,0.5849,64.6470,-37.4156,63.3101,-37.4813,63.3101,-37.4813,64.6534,-37.3360,70.6965,-36.8894,-1.3369,-0.0657,-1.3369,-0.0657,0.0064,0.0796,26,0.0800,26,0,0.9692,0.0256,0.0052,2.3034,4.8030,0.2856,3.9562,4.5110,0.0000,1,0.0988,0.0565,2.6518,0.0018
2.7400,IMM-UKF-LOS,smooth,0.500,10.00,0.050,0,0.600,1,5.3290,5.3572,0.0283,0.9789,0.3600,0.3600,0.0004,6.0000,7.7051,0.0202,0.8888,0.5841,64.7690,-37.3347,63.3101,-37.4813,63.3101,-37.4813,64.7559,-37.1865,70.3746,-36.2111,-1.4589,-0.1466,-1.4589,-0.1466,-0.0131,0.1482,26,0.0900,26,0,0.9692,0.0256,0.0052,2.1462,4.6722,0.2479,3.9421,4.5232,0.0000,1,0.0988,0.0565,2.6518,0.0018
2.7500,IMM-UKF-LOS,smooth,0.500,10.00,0.050,0,0.600,1,5.3441,5.4090,0.0649,0.9999,0.3600,0.3600,0.0008,6.0000,7.7051,0.0220,1.3864,0.5833,64.8809,-37.2386,63.3101,-37.4813,63.3101,-37.4813,64.8433,-37.0088,70.0594,-35.5345,-1.5709,-0.2427,-1.5709,-0.2427,-0.0377,0.2298,26,0.1000,26,0,0.9692,0.0256,0.0052,1.9902,4.5426,0.2098,3.9280,4.5355,0.0000,1,0.1060,0.0433,2.6518,0.0016
2.7600,IMM-UKF-LOS,smooth,0.500,10.00,0.050,0,0.600,1,5.3606,5.4634,0.1028,1.0215,0.3600,0.3600,0.0013,6.0000,7.7051,0.0238,1.9605,0.5827,64.9828,-37.1275,63.3101,-37.4813,63.3101,-37.4813,64.9161,-36.8042,69.7510,-34.8603,-1.6728,-0.3538,-1.6728,-0.3538,-0.0668,0.3233,26,0.1100,26,0,0.9692,0.0256,0.0052,1.8354,4.4144,0.1715,3.9139,4.5477,0.0000,1,0.1060,0.0433,2.6518,0.0016
2.7700,IMM-UKF-LOS,smooth,0.500,10.00,0.050,0,0.600,1,5.3783,5.5203,0.1420,1.0439,0.3600,0.3600,0.0017,6.0000,7.7051,0.0254,2.6043,0.5823,65.0748,-37.0019,63.3101,-37.4813,63.3101,-37.4813,64.9748,-36.5740,69.4493,-34.1888,-1.7647,-0.4794,-1.7647,-0.4794,-0.1000,0.4279,26,0.1200,26,0,0.9692,0.0256,0.0052,1.6818,4.2874,0.1328,3.8996,4.5599,0.0000,1,0.1060,0.0433,2.6518,0.0016
2.7800,IMM-UKF-LOS,smooth,0.500,10.00,0.050,0,0.600,1,5.3973,5.5799,0.1825,1.0669,0.3600,0.3600,0.0021,6.0000,7.7051,0.0271,3.3113,0.5819,65.1569,-36.8620,63.3101,-37.4813,63.3101,-37.4813,65.0202,-36.3194,69.1545,-33.5208,-1.8469,-0.6193,-1.8469,-0.6193,-0.1367,0.5425,26,0.1300,26,0,0.9692,0.0256,0.0052,1.5294,4.1615,0.0939,3.8853,4.5721,0.0000,1,0.1060,0.0433,2.6518,0.0016
2.7900,IMM-UKF-LOS,smooth,0.500,10.00,0.050,0,0.600,1,5.4176,5.6419,0.2243,1.0907,0.3600,0.3600,0.0025,6.0000,7.7051,0.0286,4.0754,0.5816,65.2293,-36.7081,63.3101,-37.4813,63.3101,-37.4813,65.0528,-36.0419,68.8664,-32.8567,-1.9193,-0.7732,-1.9193,-0.7732,-0.1766,0.6662,26,0.1400,26,0,0.9692,0.0256,0.0052,1.3781,4.0368,0.0546,3.8710,4.5843,0.0000,1,0.1060,0.0433,2.6518,0.0016
2.8000,IMM-UKF-LOS,smooth,0.500,10.00,0.050,0,0.600,1,5.4391,5.7031,0.2640,0.9343,0.3600,0.3600,0.0029,6.0000,7.7317,0.0087,1.5832,0.5815,65.2922,-36.5407,64.8809,-37.2386,64.8809,-37.2386,65.1727,-36.7873,68.3855,-33.6481,-0.4113,-0.6979,-0.4113,-0.6979,-0.1196,-0.2467,27,0.0500,27,0,0.9725,0.0228,0.0047,1.2278,3.9132,0.0151,3.8565,4.5964,0.0000,1,0.1060,0.0433,2.7516,0.0016
2.8100,IMM-UKF-LOS,smooth,0.500,10.00,0.050,0,0.600,1,5.4619,5.7578,0.2959,0.9530,0.3600,0.3600,0.0032,6.0000,7.7317,0.0103,1.6321,0.5814,65.3457,-36.3600,64.8809,-37.2386,64.8809,-37.2386,65.2311,-36.6168,68.1541,-33.0776,-0.4648,-0.8786,-0.4648,-0.8786,-0.1145,-0.2568,27,0.0600,27,0,0.9725,0.0228,0.0047,1.0786,3.7907,-0.0249,3.8420,4.6086,0.0000,1,0.1060,0.0433,2.7516,0.0016
2.8200,IMM-UKF-LOS,smooth,0.500,10.00,0.050,0,0.600,1,5.4859,5.8151,0.3292,0.9722,0.3600,0.3600,0.0036,6.0000,7.7317,0.0118,1.6212,0.5814,65.3899,-36.1664,64.8809,-37.2386,64.8809,-37.2386,65.2767,-36.4216,67.9255,-32.5068,-0.5090,-1.0721,-0.5090,-1.0721,-0.1132,-0.2552,27,0.0700,27,0,0.9725,0.0228,0.0047,0.9304,3.6691,-0.0651,3.8275,4.6207,0.0000,1,0.1060,0.0433,2.7516,0.0016
2.8300,IMM-UKF-LOS,smooth,0.500,10.00,0.050,0,0.600,1,5.5112,5.8748,0.3637,0.9920,0.3600,0.3600,0.0039,6.0000,7.7317,0.0134,1.5540,0.5815,65.4252,-35.9604,64.8809,-37.2386,64.8809,-37.2386,65.3099,-36.2029,67.7000,-31.9362,-0.5443,-1.2782,-0.5443,-1.2782,-0.1153,-0.2425,27,0.0800,27,0,0.9725,0.0228,0.0047,0.7832,3.5486,-0.1057,3.8128,4.6327,0.0000,1,0.1060,0.0433,2.7516,0.0016
2.8400,IMM-UKF-LOS,smooth,0.500,10.00,0.050,0,0.600,1,5.5377,5.9371,0.3994,1.0124,0.3600,0.3600,0.0042,6.0000,7.7317,0.0149,1.4370,0.5816,65.4516,-35.7422,64.8809,-37.2386,64.8809,-37.2386,65.3312,-35.9617,67.4776,-31.3662,-0.5707,-1.4964,-0.5707,-1.4964,-0.1204,-0.2195,27,0.0900,27,0,0.9725,0.0228,0.0047,0.6369,3.4290,-0.1467,3.7981,4.6448,0.0000,1,0.1060,0.0433,2.7516,0.0016
2.8500,IMM-UKF-LOS,smooth,0.500,10.00,0.050,0,0.600,1,5.5654,6.0017,0.4363,1.0335,0.3600,0.3600,0.0044,6.0000,7.7317,0.0163,1.2803,0.5818,65.4695,-35.5122,64.8809,-37.2386,64.8809,-37.2386,65.3413,-35.6991,67.2584,-30.7971,-0.5886,-1.7264,-0.5886,-1.7264,-0.1282,-0.1869,27,0.1000,27,0,0.9725,0.0228,0.0047,0.4916,3.3103,-0.1881,3.7834,4.6568,0.0000,1,0.1060,0.0433,2.7516,0.0016
2.8600,IMM-UKF-LOS,smooth,0.500,10.00,0.050,0,0.600,1,5.5944,6.0689,0.4745,1.0552,0.3600,0.3600,0.0047,6.0000,7.7317,0.0178,1.1012,0.5821,65.4790,-35.2708,64.8809,-37.2386,64.8809,-37.2386,65.3406,-35.4163,67.0425,-30.2294,-0.5981,-1.9677,-0.5981,-1.9677,-0.1383,-0.1454,27,0.1100,27,0,0.9725,0.0228,0.0047,0.3471,3.1925,-0.2300,3.7685,4.6688,0.0000,1,0.1175,0.0555,2.7516,-0.0003
2.8700,IMM-UKF-LOS,smooth,0.500,10.00,0.050,0,0.600,1,5.6247,6.1385,0.5139,1.0775,0.3600,0.3600,0.0049,6.0000,7.7317,0.0192,0.9332,0.5824,65.4804,-35.0184,64.8809,-37.2386,64.8809,-37.2386,65.3299,-35.1142,66.8299,-29.6634,-0.5994,-2.2201,-0.5994,-2.2201,-0.1505,-0.0958,27,0.1200,27,0,0.9725,0.0228,0.0047,0.2036,3.0755,-0.2722,3.7536,4.6808,0.0000,1,0.1175,0.0555,2.7516,-0.0003
2.8800,IMM-UKF-LOS,smooth,0.500,10.00,0.050,0,0.600,1,5.6562,6.2107,0.5545,1.1005,0.3600,0.3600,0.0052,6.0000,7.7317,0.0206,0.8394,0.5827,65.4739,-34.7554,64.8809,-37.2386,64.8809,-37.2386,65.3096,-34.7939,66.6207,-29.0992,-0.5930,-2.4832,-0.5930,-2.4832,-0.1643,-0.0385,27,0.1300,27,0,0.9725,0.0228,0.0047,0.0608,2.9594,-0.3150,3.7387,4.6928,0.0000,1,0.1175,0.0555,2.7516,-0.0003
2.8900,IMM-UKF-LOS,smooth,0.500,10.00,0.050,0,0.600,1,5.6889,6.2853,0.5963,1.1242,0.3600,0.3600,0.0054,6.0000,7.7317,0.0220,0.8983,0.5830,65.4598,-34.4820,64.8809,-37.2386,64.8809,-37.2386,65.2804,-34.4563,66.4149,-28.5372,-0.5789,-2.7566,-0.5789,-2.7566,-0.1795,0.0257,27,0.1400,27,0,0.9725,0.0228,0.0047,-0.0811,2.8440,-0.3582,3.7237,4.7047,0.0000,1,0.1175,0.0555,2.7516,-0.0003
2.9000,IMM-UKF-LOS,smooth,0.500,10.00,0.050,0,0.600,1,5.7230,6.3624,0.6394,1.1485,0.3600,0.3600,0.0056,6.0000,7.7317,0.0233,1.1267,0.5833,65.4384,-34.1987,64.8809,-37.2386,64.8809,-37.2386,65.2427,-34.1026,66.2124,-27.9775,-0.5575,-3.0399,-0.5575,-3.0399,-0.1957,0.0962,27,0.1500,27,0,0.9725,0.0228,0.0047,-0.2222,2.7294,-0.4020,3.7086,4.7166,0.0000,1,0.1175,0.0555,2.7516,-0.0003
2.9100,IMM-UKF-LOS,smooth,0.500,10.00,0.050,0,0.600,1,5.7583,6.4419,0.6837,1.1735,0.3600,0.3600,0.0058,6.0000,7.7317,0.0246,1.4768,0.5837,65.4099,-33.9059,64.8809,-37.2386,64.8809,-37.2386,65.1973,-33.7335,66.0134,-27.4203,-0.5290,-3.3327,-0.5290,-3.3327,-0.2127,0.1724,27,0.1600,27,0,0.9725,0.0228,0.0047,-0.3625,2.6155,-0.4463,3.6934,4.7285,0.0000,1,0.1175,0.0555,2.7516,-0.0003
2.9200,IMM-UKF-LOS,smooth,0.500,10.00,0.050,0,0.600,1,5.7948,6.4802,0.6854,1.0295,0.3600,0.3600,0.0060,6.0000,7.7503,0.0083,3.1857,0.5840,65.3746,-33.6038,65.4790,-35.2708,65.4790,-35.2708,65.7641,-34.0268,66.6944,-27.1096,0.1043,-1.6670,0.1043,-1.6670,0.3895,-0.4229,28,0.0600,28,0,0.9732,0.0223,0.0045,-0.5021,2.5023,-0.4913,3.6782,4.7403,0.0000,1,0.1175,0.0555,2.8597,-0.0003
2.9300,IMM-UKF-LOS,smooth,0.500,10.00,0.050,0,0.600,1,5.8327,6.5519,0.7192,1.0500,0.3600,0.3600,0.0062,6.0000,7.7503,0.0096,3.4169,0.5844,65.3328,-33.2929,65.4790,-35.2708,65.4790,-35.2708,65.7599,-33.7395,66.5262,-26.6242,0.1462,-1.9779,0.1462,-1.9779,0.4271,-0.4466,28,0.0700,28,0,0.9732,0.0223,0.0045,-0.6410,2.3897,-0.5370,3.6629,4.7522,0.0000,1,0.1175,0.0555,2.8597,-0.0003
2.9400,IMM-UKF-LOS,smooth,0.500,10.00,0.050,0,0.600,1,5.8718,6.6261,0.7542,1.0711,0.3600,0.3600,0.0063,6.0000,7.7503,0.0108,3.6024,0.5847,65.2847,-32.9736,65.4790,-35.2708,65.4790,-35.2708,65.7467,-33.4353,66.3592,-26.1381,0.1943,-2.2973,0.1943,-2.2973,0.4620,-0.4617,28,0.0800,28,0,0.9732,0.0223,0.0045,-0.7791,2.2778,-0.5834,3.6476,4.7639,0.0000,1,0.1175,0.0555,2.8597,-0.0003
2.9500,IMM-UKF-LOS,smooth,0.500,10.00,0.050,0,0.600,1,5.9122,6.7026,0.7904,1.0928,0.3600,0.3600,0.0065,6.0000,7.7503,0.0121,3.7462,0.5850,65.2306,-32.6461,65.4790,-35.2708,65.4790,-35.2708,65.7248,-33.1150,66.1935,-25.6514,0.2484,-2.6248,0.2484,-2.6248,0.4942,-0.4689,28,0.0900,28,0,0.9732,0.0223,0.0045,-0.9165,2.1666,-0.6307,3.6322,4.7757,0.0000,1,0.1175,0.0555,2.8597,-0.0003
2.9600,IMM-UKF-LOS,smooth,0.500,10.00,0.050,0,0.600,1,5.9540,6.7816,0.8277,1.1150,0.3600,0.3600,0.0066,6.0000,7.7503,0.0132,3.8524,0.5852,65.1707,-32.3108,65.4790,-35.2708,65.4790,-35.2708,65.6948,-32.7793,66.0292,-25.1641,0.3083,-2.9601,0.3083,-2.9601,0.5241,-0.4685,28,0.1000,28,0,0.9732,0.0223,0.0045,-1.0532,2.0559,-0.6789,3.6167,4.7874,0.0000,1,0.1175,0.0555,2.8597,-0.0003
2.9700,IMM-UKF-LOS,smooth,0.500,10.00,0.050,0,0.600,1,5.9970,6.8631,0.8661,1.1379,0.3600,0.3600,0.0068,6.0000,7.7503,0.0144,3.9271,0.5855,65.1054,-31.9680,65.4790,-35.2708,65.4790,-35.2708,65.6573,-32.4294,65.8666,-24.6775,0.3736,-3.3028,0.3736,-3.3028,0.5519,-0.4613,28,0.1100,28,0,0.9732,0.0223,0.0045,-1.1887,1.9461,-0.7279,3.6012,4.7991,0.0000,1,0.1175,0.0555,2.8597,-0.0003
2.9800,IMM-UKF-LOS,smooth,0.500,10.00,0.050,0,0.600,1,6.0413,6.9468,0.9055,1.1613,0.3600,0.3600,0.0069,6.0000,7.7503,0.0155,3.9767,0.5857,65.0349,-31.6183,65.4790,-35.2708,65.4790,-35.2708,65.6128,-32.0665,65.7061,-24.1931,0.4441,-3.6526,0.4441,-3.6526,0.5779,-0.4482,28,0.1200,28,0,0.9732,0.0223,0.0045,-1.3224,1.8375,-0.7777,3.5856,4.8108,0.0000,1,0.0837,0.0488,2.8597,-0.0016
2.9900,IMM-UKF-LOS,smooth,0.500,10.00,0.050,0,0.600,1,6.0869,7.0328,0.9459,1.1854,0.3600,0.3600,0.0070,6.0000,7.7503,0.0165,4.0060,0.5857,64.9595,-31.2619,65.4790,-35.2708,65.4790,-35.2708,65.5618,-31.6915,65.5476,-23.7107,0.5195,-4.0089,0.5195,-4.0089,0.6023,-0.4296,28,0.1300,28,0,0.9732,0.0223,0.0045,-1.4544,1.7302,-0.8284,3.5699,4.8224,0.0000,1,0.0837,0.0488,2.8597,-0.0016
3.0000,IMM-UKF-LOS,smooth,0.500,10.00,0.050,0,0.600,1,6.1338,7.1211,0.9873,1.2102,0.3600,0.3600,0.0071,6.0000,7.7503,0.0175,4.0196,0.5858,64.8795,-30.8993,65.4790,-35.2708,65.4790,-35.2708,65.5049,-31.3051,65.3913,-23.2300,0.5995,-4.3715,0.5995,-4.3715,0.6254,-0.4058,28,0.1400,28,0,0.9732,0.0223,0.0045,-1.5845,1.6241,-0.8801,3.5542,4.8340,0.0000,1,0.0837,0.0488,2.8597,-0.0016
3.0100,IMM-UKF-LOS,smooth,0.500,10.00,0.050,0,0.600,1,6.1820,7.2116,1.0296,1.2356,0.3600,0.3600,0.0073,6.0000,7.7503,0.0185,4.0222,0.5858,64.7951,-30.5308,65.4790,-35.2708,65.4790,-35.2708,65.4425,-30.9080,65.2372,-22.7507,0.6839,-4.7400,0.6839,-4.7400,0.6474,-0.3772,28,0.1500,28,0,0.9732,0.0223,0.0045,-1.7127,1.5193,-0.9330,3.5384,4.8456,0.0000,1,0.0837,0.0488,2.8597,-0.0016
3.0200,IMM-UKF-LOS,smooth,0.500,10.00,0.050,0,0.600,1,6.2315,7.3042,1.0727,1.2616,0.3600,0.3600,0.0074,6.0000,7.7503,0.0194,4.0184,0.5857,64.7066,-30.1568,65.4790,-35.2708,65.4790,-35.2708,65.3750,-30.5007,65.0853,-22.2720,0.7724,-5.1141,0.7724,-5.1141,0.6685,-0.3439,28,0.1600,28,0,0.9732,0.0223,0.0045,-1.8389,1.4158,-0.9874,3.5225,4.8571,0.0000,1,0.0837,0.0488,2.8597,-0.0016
3.0300,IMM-UKF-LOS,smooth,0.500,10.00,0.050,0,0.600,1,6.2822,7.2862,1.0040,1.1629,0.3600,0.3600,0.0075,6.0000,7.8803,0.0050,2.8199,0.5856,64.6142,-29.7775,65.0349,-31.6183,65.0349,-31.6183,64.8265,-30.2115,63.5985,-21.0455,0.4208,-1.8408,0.4208,-1.8408,0.2123,-0.4340,29,0.0500,29,0,0.9717,0.0237,0.0046,-1.9629,1.3137,-1.0436,3.5066,4.8686,0.0000,1,0.0837,0.0488,2.9784,-0.0016
3.0400,IMM-UKF-LOS,smooth,0.500,10.00,0.050,0,0.600,1,6.3342,7.3698,1.0356,1.1842,0.3600,0.3600,0.0076,6.0000,7.8803,0.0060,3.1317,0.5853,64.5182,-29.3933,65.0349,-31.6183,65.0349,-31.6183,64.7643,-29.8710,63.4760,-20.6202,0.5168,-2.2250,0.5168,-2.2250,0.2462,-0.4778,29,0.0600,29,0,0.9717,0.0237,0.0046,-2.0847,1.2131,-1.1022,3.4906,4.8801,0.0000,1,0.0837,0.0488,2.9784,-0.0016
3.0500,IMM-UKF-LOS,smooth,0.500,10.00,0.050,0,0.600,1,6.3874,7.4554,1.0681,1.2060,0.3600,0.3600,0.0077,6.0000,7.8803,0.0069,3.4006,0.5851,64.4188,-29.0043,65.0349,-31.6183,65.0349,-31.6183,64.6974,-29.5181,63.3547,-20.1903,0.6161,-2.6140,0.6161,-2.6140,0.2786,-0.5139,29,0.0700,29,0,0.9717,0.0237,0.0046,-2.2039,1.1142,-1.1637,3.4746,4.8915,0.0000,1,0.0837,0.0488,2.9784,-0.0016
3.0600,IMM-UKF-LOS,smooth,0.500,10.00,0.050,0,0.600,1,6.4417,7.5430,1.1012,1.2282,0.3600,0.3600,0.0078,6.0000,7.8803,0.0078,3.6270,0.5847,64.3163,-28.6107,65.0349,-31.6183,65.0349,-31.6183,64.6260,-29.1529,63.2346,-19.7540,0.7186,-3.0076,0.7186,-3.0076,0.3097,-0.5422,29,0.0800,29,0,0.9717,0.0237,0.0046,-2.3201,1.0172,-1.2290,3.4585,4.9029,0.0000,1,0.0837,0.0488,2.9784,-0.0016
3.0700,IMM-UKF-LOS,smooth,0.500,10.00,0.050,0,0.600,1,6.4973,7.6322,1.1349,1.2509,0.3600,0.3600,0.0078,6.0000,7.8803,0.0087,3.8103,0.5842,64.2109,-28.2126,65.0349,-31.6183,65.0349,-31.6183,64.5508,-28.7752,63.1161,-19.3081,0.8240,-3.4057,0.8240,-3.4057,0.3399,-0.5625,29,0.0900,29,0,0.9717,0.0237,0.0046,-2.4325,0.9226,-1.2997,3.4424,4.9143,0.0000,1,0.0853,0.0419,2.9784,-0.0007
3.0800,IMM-UKF-LOS,smooth,0.500,10.00,0.050,0,0.600,1,6.5539,7.7226,1.1688,1.2742,0.3600,0.3600,0.0079,6.0000,7.8803,0.0096,3.9481,0.5837,64.1029,-27.8100,65.0349,-31.6183,65.0349,-31.6183,64.4722,-28.3840,62.9996,-18.8477,0.9320,-3.8083,0.9320,-3.8083,0.3693,-0.5739,29,0.1000,29,0,0.9717,0.0237,0.0046,-2.5398,0.8312,-1.3779,3.4261,4.9256,0.0000,1,0.0853,0.0419,2.9784,-0.0007
3.0900,IMM-UKF-LOS,smooth,0.500,10.00,0.050,0,0.600,1,6.6115,7.8136,1.2022,1.2980,0.3600,0.3600,0.0080,6.0000,7.8803,0.0105,4.0351,0.5832,63.9925,-27.4027,65.0349,-31.6183,65.0349,-31.6183,64.3911,-27.9775,62.8859,-18.3643,1.0425,-4.2156,1.0425,-4.2156,0.3986,-0.5748,29,0.1100,29,0,0.9717,0.0237,0.0046,-2.6391,0.7449,-1.4678,3.4099,4.9369,0.0000,1,0.0853,0.0419,2.9784,-0.0007
3.1000,IMM-UKF-LOS,smooth,0.500,10.00,0.050,0,0.600,1,6.6698,7.9034,1.2336,1.3224,0.3600,0.3600,0.0081,6.0000,7.8803,0.0115,4.0635,0.5825,63.8800,-26.9901,65.0349,-31.6183,65.0349,-31.6183,64.3087,-27.5524,62.7772,-17.8433,1.1549,-4.6282,1.1549,-4.6282,0.4286,-0.5623,29,0.1200,29,0,0.9717,0.0237,0.0046,-2.7234,0.6680,-1.5770,3.3935,4.9481,0.0000,1,0.0853,0.0419,2.9784,-0.0007
3.1100,IMM-UKF-LOS,smooth,0.500,10.00,0.050,0,0.600,1,6.7283,7.9873,1.2590,1.3473,0.3600,0.3600,0.0082,6.0000,7.8803,0.0124,4.0470,0.5819,63.7661,-26.5716,65.0349,-31.6183,65.0349,-31.6183,64.2289,-27.1075,62.6803,-17.2685,1.2688,-5.0467,1.2688,-5.0467,0.4628,-0.5358,29,0.1300,29,0,0.9717,0.0237,0.0046,-2.7693,0.6154,-1.7191,3.3771,4.9593,0.0000,1,0.0853,0.0419,2.9784,-0.0007
3.1200,IMM-UKF-LOS,smooth,0.500,10.00,0.050,0,0.600,1,6.7859,7.8130,1.0272,1.2511,0.3600,0.3600,0.0082,6.0000,7.6699,0.0049,3.0398,0.5814,63.6521,-26.1511,64.2109,-28.2126,64.2109,-28.2126,63.9929,-26.5572,62.0338,-15.4686,0.5588,-2.0616,0.5588,-2.0616,0.3408,-0.4062,30,0.0500,30,0,0.9616,0.0310,0.0074,-2.7070,0.6310,-1.8772,3.3607,4.9705,0.0000,1,0.0853,0.0419,3.0693,-0.0007
3.1300,IMM-UKF-LOS,smooth,0.500,10.00,0.050,0,0.600,1,6.8418,7.8821,1.0403,1.2728,0.3600,0.3600,0.0083,6.0000,7.6699,0.0058,3.5888,0.5808,63.5390,-25.7388,64.2109,-28.2126,64.2109,-28.2126,63.9282,-26.2261,61.9921,-15.2631,0.6719,-2.4739,0.6719,-2.4739,0.3892,-0.4873,30,0.0600,30,0,0.9616,0.0310,0.0074,-2.5490,0.7075,-1.9501,3.3441,4.9816,0.0000,1,0.0853,0.0419,3.0693,-0.0007
3.1400,IMM-UKF-LOS,smooth,0.500,10.00,0.050,0,0.600,1,6.8962,7.9482,1.0520,1.2949,0.3600,0.3600,0.0084,6.0000,7.6699,0.0067,4.2783,0.5802,63.4269,-25.3396,64.2109,-28.2126,64.2109,-28.2126,63.8663,-25.9351,61.9552,-15.2303,0.7840,-2.8730,0.7840,-2.8730,0.4393,-0.5954,30,0.0700,30,0,0.9616,0.0310,0.0074,-2.3737,0.7954,-1.9616,3.3276,4.9927,0.0000,1,0.0853,0.0419,3.0693,-0.0007
3.1500,IMM-UKF-LOS,smooth,0.500,10.00,0.050,0,0.600,1,6.9492,8.0119,1.0628,1.3176,0.3600,0.3600,0.0085,6.0000,7.6699,0.0076,5.0564,0.5796,63.3158,-24.9552,64.2109,-28.2126,64.2109,-28.2126,63.8063,-25.6747,61.9190,-15.2795,0.8951,-3.2575,0.8951,-3.2575,0.4905,-0.7196,30,0.0800,30,0,0.9616,0.0310,0.0074,-2.1981,0.8840,-1.9440,3.3109,5.0038,0.0000,1,0.0853,0.0419,3.0693,-0.0007
3.1600,IMM-UKF-LOS,smooth,0.500,10.00,0.050,0,0.600,1,7.0007,8.0732,1.0724,1.3408,0.3600,0.3600,0.0085,6.0000,7.6699,0.0086,5.9010,0.5789,63.2055,-24.5859,64.2109,-28.2126,64.2109,-28.2126,63.7479,-25.4411,61.8829,-15.3761,1.0054,-3.6267,1.0054,-3.6267,0.5424,-0.8552,30,0.0900,30,0,0.9616,0.0310,0.0074,-2.0248,0.9716,-1.9108,3.2942,5.0148,0.0000,1,0.0804,0.0542,3.0693,-0.0011
3.1700,IMM-UKF-LOS,smooth,0.500,10.00,0.050,0,0.600,1,7.0509,8.1320,1.0811,1.3645,0.3600,0.3600,0.0086,6.0000,7.6699,0.0095,6.8010,0.5782,63.0958,-24.2319,64.2109,-28.2126,64.2109,-28.2126,63.6909,-25.2320,61.8468,-15.5049,1.1151,-3.9807,1.1151,-3.9807,0.5951,-1.0001,30,0.1000,30,0,0.9616,0.0310,0.0074,-1.8542,1.0580,-1.8682,3.2775,5.0257,0.0000,1,0.0804,0.0542,3.0693,-0.0011
3.1800,IMM-UKF-LOS,smooth,0.500,10.00,0.050,0,0.600,1,7.0998,8.1884,1.0886,1.3888,0.3600,0.3600,0.0087,6.0000,7.6699,0.0105,7.7494,0.5774,62.9868,-23.8930,64.2109,-28.2126,64.2109,-28.2126,63.6353,-25.0459,61.8107,-15.6580,1.2241,-4.3196,1.2241,-4.3196,0.6485,-1.1529,30,0.1100,30,0,0.9616,0.0310,0.0074,-1.6862,1.1432,-1.8196,3.2607,5.0367,0.0000,1,0.0804,0.0542,3.0693,-0.0011
3.1900,IMM-UKF-LOS,smooth,0.500,10.00,0.050,0,0.600,1,7.1474,8.2424,1.0950,1.4137,0.3600,0.3600,0.0088,6.0000,7.6699,0.0115,8.7414,0.5765,62.8783,-23.5688,64.2109,-28.2126,64.2109,-28.2126,63.5810,-24.8817,61.7747,-15.8308,1.3327,-4.6438,1.3327,-4.6438,0.7028,-1.3129,30,0.1200,30,0,0.9616,0.0310,0.0074,-1.5208,1.2274,-1.7667,3.2438,5.0475,0.0000,1,0.0804,0.0542,3.0693,-0.0011
3.2000,IMM-UKF-LOS,smooth,0.500,10.00,0.050,0,0.600,1,7.1937,8.2941,1.1004,1.4392,0.3600,0.3600,0.0089,6.0000,7.6699,0.0125,9.7733,0.5757,62.7701,-23.2590,64.2109,-28.2126,64.2109,-28.2126,63.5279,-24.7384,61.7387,-16.0205,1.4408,-4.9536,1.4408,-4.9536,0.7578,-1.4794,30,0.1300,30,0,0.9616,0.0310,0.0074,-1.3577,1.3105,-1.7110,3.2269,5.0584,0.0000,1,0.0804,0.0542,3.0693,-0.0011
3.2100,IMM-UKF-LOS,smooth,0.500,10.00,0.050,0,0.600,1,7.2387,8.3433,1.1047,1.4653,0.3600,0.3600,0.0089,6.0000,7.6699,0.0135,10.8422,0.5748,62.6623,-22.9632,64.2109,-28.2126,64.2109,-28.2126,63.4761,-24.6150,61.7029,-16.2252,1.5486,-5.2494,1.5486,-5.2494,0.8138,-1.6518,30,0.1400,30,0,0.9616,0.0310,0.0074,-1.1970,1.3926,-1.6532,3.2099,5.0692,0.0000,1,0.0804,0.0542,3.0693,-0.0011
3.2200,IMM-UKF-LOS,smooth,0.500,10.00,0.050,0,0.600,1,7.2823,8.1396,0.8572,1.4050,0.3600,0.3600,0.0090,6.0000,7.4774,0.0062,2.9324,0.5739,62.5547,-22.6811,63.2055,-24.5859,63.2055,-24.5859,62.8098,-23.1112,60.1850,-13.5980,0.6508,-1.9049,0.6508,-1.9049,0.2551,-0.4302,31,0.0600,31,0,0.9492,0.0404,0.0104,-1.0383,1.4739,-1.5939,3.1929,5.0799,0.0000,1,0.0804,0.0542,3.1588,-0.0011
3.2300,IMM-UKF-LOS,smooth,0.500,10.00,0.050,0,0.600,1,7.3247,8.1916,0.8669,1.4281,0.3600,0.3600,0.0091,6.0000,7.4774,0.0072,3.3713,0.5729,62.4472,-22.4122,63.2055,-24.5859,63.2055,-24.5859,62.7328,-22.9103,60.1257,-13.7499,0.7583,-2.1737,0.7583,-2.1737,0.2855,-0.4981,31,0.0700,31,0,0.9492,0.0404,0.0104,-0.8818,1.5544,-1.5336,3.1758,5.0906,0.0000,1,0.0804,0.0542,3.1588,-0.0011
3.2400,IMM-UKF-LOS,smooth,0.500,10.00,0.050,0,0.600,1,7.3658,8.2411,0.8753,1.4517,0.3600,0.3600,0.0092,6.0000,7.4774,0.0083,3.8498,0.5720,62.3399,-22.1561,63.2055,-24.5859,63.2055,-24.5859,62.6570,-22.7290,60.0662,-13.9131,0.8656,-2.4298,0.8656,-2.4298,0.3171,-0.5729,31,0.0800,31,0,0.9492,0.0404,0.0104,-0.7272,1.6341,-1.4726,3.1586,5.1013,0.0000,1,0.0804,0.0542,3.1588,-0.0011
3.2500,IMM-UKF-LOS,smooth,0.500,10.00,0.050,0,0.600,1,7.4056,8.2882,0.8826,1.4758,0.3600,0.3600,0.0092,6.0000,7.4774,0.0094,4.3664,0.5710,62.2325,-21.9126,63.2055,-24.5859,63.2055,-24.5859,62.5825,-22.5667,60.0066,-14.0870,0.9729,-2.6734,0.9729,-2.6734,0.3499,-0.6541,31,0.0900,31,0,0.9492,0.0404,0.0104,-0.5746,1.7130,-1.4111,3.1414,5.1119,0.0000,1,0.1197,0.0599,3.1588,0.0016
3.2600,IMM-UKF-LOS,smooth,0.500,10.00,0.050,0,0.600,1,7.4441,8.3329,0.8888,1.5004,0.3600,0.3600,0.0093,6.0000,7.4774,0.0105,4.9199,0.5700,62.1252,-21.6811,63.2055,-24.5859,63.2055,-24.5859,62.5090,-22.4225,59.9467,-14.2714,1.0803,-2.9048,1.0803,-2.9048,0.3839,-0.7414,31,0.1000,31,0,0.9492,0.0404,0.0104,-0.4238,1.7913,-1.3493,3.1242,5.1224,0.0000,1,0.1197,0.0599,3.1588,0.0016
3.2700,IMM-UKF-LOS,smooth,0.500,10.00,0.050,0,0.600,1,7.4813,8.3751,0.8938,1.5256,0.3600,0.3600,0.0094,6.0000,7.4774,0.0115,5.5090,0.5690,62.0177,-21.4614,63.2055,-24.5859,63.2055,-24.5859,62.4367,-22.2961,59.8868,-14.4658,1.1878,-3.1246,1.1878,-3.1246,0.4190,-0.8347,31,0.1100,31,0,0.9492,0.0404,0.0104,-0.2749,1.8689,-1.2874,3.1069,5.1330,0.0000,1,0.1197,0.0599,3.1588,0.0016
3.2800,IMM-UKF-LOS,smooth,0.500,10.00,0.050,0,0.600,1,7.5173,8.4150,0.8977,1.5513,0.3600,0.3600,0.0095,6.0000,7.4774,0.0126,6.1323,0.5681,61.9101,-21.2530,63.2055,-24.5859,63.2055,-24.5859,62.3654,-22.1867,59.8267,-14.6701,1.2954,-3.3329,1.2954,-3.3329,0.4553,-0.9337,31,0.1200,31,0,0.9492,0.0404,0.0104,-0.1278,1.9459,-1.2256,3.0895,5.1434,0.0000,1,0.1197,0.0599,3.1588,0.0016
3.2900,IMM-UKF-LOS,smooth,0.500,10.00,0.050,0,0.600,1,7.5519,8.4525,0.9006,1.5776,0.3600,0.3600,0.0095,6.0000,7.4774,0.0137,6.7889,0.5671,61.8023,-21.0558,63.2055,-24.5859,63.2055,-24.5859,62.2952,-22.0938,59.7666,-14.8840,1.4032,-3.5302,1.4032,-3.5302,0.4929,-1.0380,31,0.1300,31,0,0.9492,0.0404,0.0104,0.0177,2.0223,-1.1639,3.0721,5.1539,0.0000,1,0.1197,0.0599,3.1588,0.0016
3.3000,IMM-UKF-LOS,smooth,0.500,10.00,0.050,0,0.600,1,7.5853,8.4877,0.9024,1.6044,0.3600,0.3600,0.0096,6.0000,7.4774,0.0147,7.4775,0.5662,61.6942,-20.8692,63.2055,-24.5859,63.2055,-24.5859,62.2259,-22.0169,59.7065,-15.1073,1.5112,-3.7167,1.5112,-3.7167,0.5316,-1.1477,31,0.1400,31,0,0.9492,0.0404,0.0104,0.1614,2.0980,-1.1024,3.0546,5.1642,0.0000,1,0.1197,0.0599,3.1588,0.0016
3.3100,IMM-UKF-LOS,smooth,0.500,10.00,0.050,0,0.600,1,7.6174,8.3931,0.7757,1.5673,0.3600,0.3600,0.0097,6.0000,7.3892,0.0063,1.7238,0.5652,61.5859,-20.6931,62.2325,-21.9126,62.2325,-21.9126,61.8355,-20.8621,58.8008,-13.1723,0.6467,-1.2194,0.6467,-1.2194,0.2496,-0.1690,32,0.0600,32,0,0.9486,0.0424,0.0090,0.3034,2.1732,-1.0413,3.0371,5.1746,0.0000,1,0.1197,0.0599,3.2516,0.0016
3.3200,IMM-UKF-LOS,smooth,0.500,10.00,0.050,0,0.600,1,7.6482,8.4323,0.7841,1.5914,0.3600,0.3600,0.0098,6.0000,7.3892,0.0074,1.9215,0.5643,61.4771,-20.5272,62.2325,-21.9126,62.2325,-21.9126,61.7537,-20.7174,58.7286,-13.3394,0.7554,-1.3854,0.7554,-1.3854,0.2765,-0.1902,32,0.0700,32,0,0.9486,0.0424,0.0090,0.4438,2.2479,-0.9805,3.0195,5.1848,0.0000,1,0.1197,0.0599,3.2516,0.0016
3.3300,IMM-UKF-LOS,smooth,0.500,10.00,0.050,0,0.600,1,7.6777,8.4691,0.7914,1.6159,0.3600,0.3600,0.0098,6.0000,7.3892,0.0084,2.1476,0.5634,61.3680,-20.3711,62.2325,-21.9126,62.2325,-21.9126,61.6728,-20.5887,58.6560,-13.5151,0.8645,-1.5415,0.8645,-1.5415,0.3048,-0.2176,32,0.0800,32,0,0.9486,0.0424,0.0090,0.5825,2.3220,-0.9201,3.0019,5.1951,0.0000,1,0.1197,0.0599,3.2516,0.0016
3.3400,IMM-UKF-LOS,smooth,0.500,10.00,0.050,0,0.600,1,7.7060,8.5036,0.7976,1.6409,0.3600,0.3600,0.0099,6.0000,7.3892,0.0093,2.4023,0.5625,61.2585,-20.2246,62.2325,-21.9126,62.2325,-21.9126,61.5928,-20.4756,58.5833,-13.6993,0.9741,-1.6879,0.9741,-1.6879,0.3344,-0.2509,32,0.0900,32,0,0.9486,0.0424,0.0090,0.7197,2.3956,-0.8601,2.9842,5.2053,0.0000,1,0.1197,0.0599,3.2516,0.0016
3.3500,IMM-UKF-LOS,smooth,0.500,10.00,0.050,0,0.600,1,7.7330,8.5357,0.8027,1.6664,0.3600,0.3600,0.0100,6.0000,7.3892,0.0103,2.6857,0.5616,61.1484,-20.0875,62.2325,-21.9126,62.2325,-21.9126,61.5137,-20.3774,58.5103,-13.8920,1.0841,-1.8251,1.0841,-1.8251,0.3653,-0.2899,32,0.1000,32,0,0.9486,0.0424,0.0090,0.8553,2.4688,-0.8007,2.9665,5.2154,0.0000,1,0.1197,0.0599,3.2516,0.0016
3.3600,IMM-UKF-LOS,smooth,0.500,10.00,0.050,0,0.600,1,7.7587,8.5656,0.8069,1.6923,0.3600,0.3600,0.0100,6.0000,7.3892,0.0112,2.9982,0.5607,61.0379,-19.9595,62.2325,-21.9126,62.2325,-21.9126,61.4355,-20.2938,58.4371,-14.0930,1.1946,-1.9531,1.1946,-1.9531,0.3976,-0.3344,32,0.1100,32,0,0.9486,0.0424,0.0090,0.9894,2.5414,-0.7419,2.9487,5.2255,0.0000,1,0.1197,0.0599,3.2516,0.0016
3.3700,IMM-UKF-LOS,smooth,0.500,10.00,0.050,0,0.600,1,7.7832,8.5932,0.8100,1.7187,0.3600,0.3600,0.0101,6.0000,7.3892,0.0121,3.3398,0.5599,60.9268,-19.8403,62.2325,-21.9126,62.2325,-21.9126,61.3581,-20.2243,58.3637,-14.3024,1.3057,-2.0723,1.3057,-2.0723,0.4313,-0.3840,32,0.1200,32,0,0.9486,0.0424,0.0090,1.1219,2.6136,-0.6836,2.9308,5.2355,0.0000,1,0.1141,0.0423,3.2516,0.0016
3.3800,IMM-UKF-LOS,smooth,0.500,10.00,0.050,0,0.600,1,7.8064,8.6185,0.8121,1.7457,0.3600,0.3600,0.0102,6.0000,7.3892,0.0130,3.7102,0.5591,60.8151,-19.7298,62.2325,-21.9126,62.2325,-21.9126,61.2815,-20.1685,58.2902,-14.5201,1.4174,-2.1828,1.4174,-2.1828,0.4664,-0.4387,32,0.1300,32,0,0.9486,0.0424,0.0090,1.2530,2.6853,-0.6259,2.9129,5.2455,0.0000,1,0.1141,0.0423,3.2516,0.0016
3.3900,IMM-UKF-LOS,smooth,0.500,10.00,0.050,0,0.600,1,7.8284,8.6416,0.8132,1.7731,0.3600,0.3600,0.0102,6.0000,7.3892,0.0138,4.1095,0.5584,60.7028,-19.6277,62.2325,-21.9126,62.2325,-21.9126,61.2057,-20.1259,58.2165,-14.7460,1.5298,-2.2849,1.5298,-2.2849,0.5029,-0.4982,32,0.1400,32,0,0.9486,0.0424,0.0090,1.3825,2.7566,-0.5688,2.8950,5.2554,0.0000,1,0.1141,0.0423,3.2516,0.0016
3.4000,IMM-UKF-LOS,smooth,0.500,10.00,0.050,0,0.600,1,7.8492,8.6625,0.8134,1.8011,0.3600,0.3600,0.0103,6.0000,7.3892,0.0146,4.5371,0.5576,60.5898,-19.5338,62.2325,-21.9126,62.2325,-21.9126,61.1306,-20.0962,58.1428,-14.9802,1.6428,-2.3787,1.6428,-2.3787,0.5408,-0.5624,32,0.1500,32,0,0.9486,0.0424,0.0090,1.5106,2.8274,-0.5123,2.8770,5.2652,0.0000,1,0.1141,0.0423,3.2516,0.0016
3.4100,IMM-UKF-LOS,smooth,0.500,10.00,0.050,0,0.600,1,7.8687,8.6813,0.8126,1.8296,0.3600,0.3600,0.0103,6.0000,7.3892,0.0154,4.9928,0.5569,60.4761,-19.4480,62.2325,-21.9126,62.2325,-21.9126,61.0563,-20.0791,58.0690,-15.2227,1.7565,-2.4646,1.7565,-2.4646,0.5803,-0.6311,32,0.1600,32,0,0.9486,0.0424,0.0090,1.6373,2.8979,-0.4566,2.8590,5.2751,0.0000,1,0.1141,0.0423,3.2516,0.0016
3.4200,IMM-UKF-LOS,smooth,0.500,10.00,0.050,0,0.600,1,7.8870,8.7485,0.8615,1.8137,0.3600,0.3600,0.0104,6.0000,7.5469,0.0041,1.2739,0.5562,60.3616,-19.3701,60.9268,-19.8403,60.9268,-19.8403,60.5507,-19.2539,56.7932,-13.9111,0.5652,-0.4702,0.5652,-0.4702,0.1891,0.1162,33,0.0500,33,0,0.9602,0.0343,0.0056,1.7625,2.9679,-0.4015,2.8409,5.2848,0.0000,1,0.1141,0.0423,3.3716,0.0016
3.4300,IMM-UKF-LOS,smooth,0.500,10.00,0.050,0,0.600,1,7.9040,8.7762,0.8722,1.8393,0.3600,0.3600,0.0105,6.0000,7.5469,0.0048,1.4445,0.5556,60.2464,-19.2998,60.9268,-19.8403,60.9268,-19.8403,60.4579,-19.1641,56.7025,-14.0863,0.6804,-0.5405,0.6804,-0.5405,0.2115,0.1357,33,0.0600,33,0,0.9602,0.0343,0.0056,1.8863,3.0375,-0.3471,2.8228,5.2945,0.0000,1,0.1141,0.0423,3.3716,0.0016
3.4400,IMM-UKF-LOS,smooth,0.500,10.00,0.050,0,0.600,1,7.9199,8.8017,0.8818,1.8652,0.3600,0.3600,0.0105,6.0000,7.5469,0.0055,1.6052,0.5549,60.1304,-19.2371,60.9268,-19.8403,60.9268,-19.8403,60.3659,-19.0871,56.6113,-14.2689,0.7964,-0.6033,0.7964,-0.6033,0.2356,0.1500,33,0.0700,33,0,0.9602,0.0343,0.0056,2.0086,3.1068,-0.2934,2.8046,5.3042,0.0000,1,0.1141,0.0423,3.3716,0.0016
3.4500,IMM-UKF-LOS,smooth,0.500,10.00,0.050,0,0.600,1,7.9345,8.8250,0.8905,1.8915,0.3600,0.3600,0.0106,6.0000,7.5469,0.0062,1.7570,0.5543,60.0135,-19.1817,60.9268,-19.8403,60.9268,-19.8403,60.2747,-19.0224,56.5198,-14.4590,0.9133,-0.6586,0.9133,-0.6586,0.2612,0.1592,33,0.0800,33,0,0.9602,0.0343,0.0056,2.1297,3.1757,-0.2404,2.7863,5.3138,0.0000,1,0.1141,0.0423,3.3716,0.0016
3.4600,IMM-UKF-LOS,smooth,0.500,10.00,0.050,0,0.600,1,7.9480,8.8462,0.8982,1.9182,0.3600,0.3600,0.0106,6.0000,7.5469,0.0068,1.9021,0.5538,59.8958,-19.1335,60.9268,-19.8403,60.9268,-19.8403,60.1841,-18.9698,56.4279,-14.6564,1.0310,-0.7068,1.0310,-0.7068,0.2884,0.1637,33,0.0900,33,0,0.9602,0.0343,0.0056,2.2493,3.2442,-0.1882,2.7681,5.3233,0.0000,1,0.1141,0.0423,3.3716,0.0016
3.4700,IMM-UKF-LOS,smooth,0.500,10.00,0.050,0,0.600,1,7.9602,8.8652,0.9050,1.9452,0.3600,0.3600,0.0107,6.0000,7.5469,0.0074,2.0435,0.5532,59.7771,-19.0924,60.9268,-19.8403,60.9268,-19.8403,60.0943,-18.9287,56.3357,-14.8612,1.1497,-0.7479,1.1497,-0.7479,0.3171,0.1636,33,0.1000,33,0,0.9602,0.0343,0.0056,2.3676,3.3124,-0.1367,2.7497,5.3328,0.0000,1,0.1141,0.0423,3.3716,0.0016
3.4800,IMM-UKF-LOS,smooth,0.500,10.00,0.050,0,0.600,1,7.9713,8.8821,0.9108,1.9727,0.3600,0.3600,0.0108,6.0000,7.5469,0.0077,2.1842,0.5527,59.6577,-19.0582,60.9268,-19.8403,60.9268,-19.8403,60.0051,-18.8990,56.2432,-15.0733,1.2691,-0.7821,1.2691,-0.7821,0.3475,0.1592,33,0.1100,33,0,0.9602,0.0343,0.0056,2.4845,3.3802,-0.0860,2.7314,5.3422,0.0000,1,0.1141,0.0423,3.3716,0.0016
3.4900,IMM-UKF-LOS,smooth,0.500,10.00,0.050,0,0.600,1,7.9812,8.8969,0.9157,2.0006,0.3600,0.3600,0.0108,6.0000,7.5469,0.0080,2.3282,0.5523,59.5372,-19.0309,60.9268,-19.8403,60.9268,-19.8403,59.9167,-18.8803,56.1505,-15.2928,1.3896,-0.8095,1.3896,-0.8095,0.3795,0.1505,33,0.1200,33,0,0.9602,0.0343,0.0056,2.6001,3.4477,-0.0361,2.7130,5.3516,0.0000,1,0.1168,0.0595,3.3716,-0.0008
3.5000,IMM-UKF-LOS,smooth,0.500,10.00,0.050,0,0.600,1,7.9900,8.9097,0.9197,2.0290,0.3600,0.3600,0.0109,6.0000,7.5469,0.0083,2.4790,0.5519,59.4157,-19.0102,60.9268,-19.8403,60.9268,-19.8403,59.8289,-18.8723,56.0575,-15.5196,1.5111,-0.8301,1.5111,-0.8301,0.4132,0.1378,33,0.1300,33,0,0.9602,0.0343,0.0056,2.7144,3.5149,0.0131,2.6945,5.3609,0.0000,1,0.1168,0.0595,3.3716,-0.0008
3.5100,IMM-UKF-LOS,smooth,0.500,10.00,0.050,0,0.600,1,7.9975,8.9204,0.9229,2.0578,0.3600,0.3600,0.0110,6.0000,7.5469,0.0086,2.6399,0.5515,59.2932,-18.9961,60.9268,-19.8403,60.9268,-19.8403,59.7418,-18.8748,55.9643,-15.7536,1.6335,-0.8442,1.6335,-0.8442,0.4486,0.1213,33,0.1400,33,0,0.9602,0.0343,0.0056,2.8274,3.5817,0.0615,2.6760,5.3702,0.0000,1,0.1168,0.0595,3.3716,-0.0008
3.5200,IMM-UKF-LOS,smooth,0.500,10.00,0.050,0,0.600,1,8.0040,8.9291,0.9251,2.0871,0.3600,0.3600,0.0111,6.0000,7.5469,0.0089,2.8142,0.5511,59.1697,-18.9885,60.9268,-19.8403,60.9268,-19.8403,59.6554,-18.8874,55.8709,-15.9950,1.7571,-0.8519,1.7571,-0.8519,0.4857,0.1011,33,0.1500,33,0,0.9602,0.0343,0.0056,2.9391,3.6483,0.1090,2.6574,5.3794,0.0000,1,0.1168,0.0595,3.3716,-0.0008
3.5300,IMM-UKF-LOS,smooth,0.500,10.00,0.050,0,0.600,1,8.0093,8.9358,0.9265,2.1168,0.3600,0.3600,0.0112,6.0000,7.5469,0.0092,3.0046,0.5508,59.0450,-18.9872,60.9268,-19.8403,60.9268,-19.8403,59.5697,-18.9099,55.7774,-16.2437,1.8818,-0.8531,1.8818,-0.8531,0.5247,0.0773,33,0.1600,33,0,0.9602,0.0343,0.0056,3.0495,3.7146,0.1558,2.6388,5.3886,0.0000,1,0.1168,0.0595,3.3716,-0.0008
3.5400,IMM-UKF-LOS,smooth,0.500,10.00,0.050,0,0.600,1,8.0135,8.9406,0.9271,2.1470,0.3600,0.3600,0.0112,6.0000,7.5469,0.0094,3.2133,0.5505,58.9192,-18.9922,60.9268,-19.8403,60.9268,-19.8403,59.4847,-18.9421,55.6837,-16.4997,2.0076,-0.8481,2.0076,-0.8481,0.5655,0.0500,33,0.1700,33,0,0.9602,0.0343,0.0056,3.1587,3.7806,0.2017,2.6202,5.3976,0.0000,1,0.1168,0.0595,3.3716,-0.0008
3.5500,IMM-UKF-LOS,smooth,0.500,10.00,0.050,0,0.600,1,8.0165,8.9167,0.9002,2.1104,0.3600,0.3600,0.0113,6.0000,7.4972,0.0029,1.9967,0.5503,58.7922,-19.0033,59.5372,-19.0309,59.5372,-19.0309,59.0322,-18.7588,54.4954,-16.9132,0.7450,-0.0275,0.7450,-0.0275,0.2400,0.2446,34,0.0600,34,0,0.9655,0.0292,0.0052,3.2666,3.8463,0.2469,2.6015,5.4067,0.0000,1,0.1168,0.0595,3.4892,-0.0008
3.5600,IMM-UKF-LOS,smooth,0.500,10.00,0.050,0,0.600,1,8.0185,8.9287,0.9103,2.1376,0.3600,0.3600,0.0114,6.0000,7.4972,0.0033,2.1874,0.5500,58.6640,-19.0206,59.5372,-19.0309,59.5372,-19.0309,58.9311,-18.7563,54.3844,-17.1395,0.8732,-0.0103,0.8732,-0.0103,0.2671,0.2643,34,0.0700,34,0,0.9655,0.0292,0.0052,3.3733,3.9118,0.2912,2.5828,5.4156,0.0000,1,0.1168,0.0595,3.4892,-0.0008
3.5700,IMM-UKF-LOS,smooth,0.500,10.00,0.050,0,0.600,1,8.0193,8.9387,0.9194,2.1651,0.3600,0.3600,0.0114,6.0000,7.4972,0.0037,2.3692,0.5498,58.5346,-19.0438,59.5372,-19.0309,59.5372,-19.0309,58.8305,-18.7637,54.2729,-17.3729,1.0026,0.0130,1.0026,0.0130,0.2959,0.2801,34,0.0800,34,0,0.9655,0.0292,0.0052,3.4787,3.9770,0.3346,2.5640,5.4246,0.0000,1,0.1168,0.0595,3.4892,-0.0008
3.5800,IMM-UKF-LOS,smooth,0.500,10.00,0.050,0,0.600,1,8.0191,8.9468,0.9277,2.1930,0.3600,0.3600,0.0115,6.0000,7.4972,0.0041,2.5445,0.5497,58.4039,-19.0730,59.5372,-19.0309,59.5372,-19.0309,58.7306,-18.7808,54.1609,-17.6135,1.1333,0.0421,1.1333,0.0421,0.3267,0.2922,34,0.0900,34,0,0.9655,0.0292,0.0052,3.5829,4.0420,0.3772,2.5452,5.4334,0.0000,1,0.1168,0.0595,3.4892,-0.0008
3.5900,IMM-UKF-LOS,smooth,0.500,10.00,0.050,0,0.600,1,8.0177,8.9529,0.9352,2.2212,0.3600,0.3600,0.0116,6.0000,7.4972,0.0045,2.7155,0.5495,58.2719,-19.1080,59.5372,-19.0309,59.5372,-19.0309,58.6313,-18.8072,54.0485,-17.8611,1.2653,0.0771,1.2653,0.0771,0.3594,0.3008,34,0.1000,34,0,0.9655,0.0292,0.0052,3.6859,4.1067,0.4189,2.5264,5.4422,0.0000,1,0.1168,0.0595,3.4892,-0.0008
3.6000,IMM-UKF-LOS,smooth,0.500,10.00,0.050,0,0.600,1,8.0153,8.9571,0.9417,2.2497,0.3600,0.3600,0.0116,6.0000,7.4972,0.0048,2.8847,0.5495,58.1386,-19.1488,59.5372,-19.0309,59.5372,-19.0309,58.5326,-18.8427,53.9357,-18.1158,1.3986,0.1179,1.3986,0.1179,0.3941,0.3060,34,0.1100,34,0,0.9655,0.0292,0.0052,3.7877,4.1712,0.4597,2.5075,5.4509,0.0000,1,0.1168,0.0595,3.4892,-0.0008
3.6100,IMM-UKF-LOS,smooth,0.500,10.00,0.050,0,0.600,1,8.0119,8.9594,0.9475,2.2787,0.3600,0.3600,0.0117,6.0000,7.4972,0.0051,3.0546,0.5494,58.0039,-19.1953,59.5372,-19.0309,59.5372,-19.0309,58.4346,-18.8872,53.8226,-18.3776,1.5333,0.1644,1.5333,0.1644,0.4308,0.3081,34,0.1200,34,0,0.9655,0.0292,0.0052,3.8883,4.2355,0.4996,2.4886,5.4596,0.0000,1,0.1053,0.0505,3.4892,-0.0001
3.6200,IMM-UKF-LOS,smooth,0.500,10.00,0.050,0,0.600,1,8.0074,8.9598,0.9524,2.3080,0.3600,0.3600,0.0117,6.0000,7.4972,0.0054,3.2277,0.5494,57.8678,-19.2474,59.5372,-19.0309,59.5372,-19.0309,58.3372,-18.9403,53.7092,-18.6464,1.6694,0.2165,1.6694,0.2165,0.4695,0.3071,34,0.1300,34,0,0.9655,0.0292,0.0052,3.9878,4.2996,0.5387,2.4696,5.4682,0.0000,1,0.1053,0.0505,3.4892,-0.0001
3.6300,IMM-UKF-LOS,smooth,0.500,10.00,0.050,0,0.600,1,8.0018,8.9584,0.9565,2.3377,0.3600,0.3600,0.0118,6.0000,7.4972,0.0057,3.4067,0.5493,57.7302,-19.3051,59.5372,-19.0309,59.5372,-19.0309,58.2405,-19.0019,53.5954,-18.9222,1.8070,0.2742,1.8070,0.2742,0.5103,0.3032,34,0.1400,34,0,0.9655,0.0292,0.0052,4.0860,4.3635,0.5768,2.4506,5.4767,0.0000,1,0.1053,0.0505,3.4892,-0.0001
3.6400,IMM-UKF-LOS,smooth,0.500,10.00,0.050,0,0.600,1,7.9953,8.9551,0.9599,2.3679,0.3600,0.3600,0.0119,6.0000,7.4972,0.0060,3.5936,0.5494,57.5912,-19.3684,59.5372,-19.0309,59.5372,-19.0309,58.1445,-19.0719,53.4815,-19.2050,1.9460,0.3375,1.9460,0.3375,0.5533,0.2965,34,0.1500,34,0,0.9655,0.0292,0.0052,4.1832,4.4272,0.6140,2.4315,5.4852,0.0000,1,0.1053,0.0505,3.4892,-0.0001
3.6500,IMM-UKF-LOS,smooth,0.500,10.00,0.050,0,0.600,1,7.9877,8.9501,0.9624,2.3984,0.3600,0.3600,0.0119,6.0000,7.4972,0.0063,3.7910,0.5494,57.4507,-19.4371,59.5372,-19.0309,59.5372,-19.0309,58.0491,-19.1499,53.3673,-19.4947,2.0865,0.4062,2.0865,0.4062,0.5985,0.2872,34,0.1600,34,0,0.9655,0.0292,0.0052,4.2791,4.4907,0.6502,2.4124,5.4936,0.0000,1,0.1053,0.0505,3.4892,-0.0001
3.6600,IMM-UKF-LOS,smooth,0.500,10.00,0.050,0,0.600,1,7.9791,8.9432,0.9642,2.4294,0.3600,0.3600,0.0120,6.0000,7.4972,0.0065,4.0008,0.5494,57.3086,-19.5112,59.5372,-19.0309,59.5372,-19.0309,57.9545,-19.2358,53.2530,-19.7914,2.2286,0.4804,2.2286,0.4804,0.6460,0.2755,34,0.1700,34,0,0.9655,0.0292,0.0052,4.3739,4.5540,0.6855,2.3933,5.5020,0.0000,1,0.1053,0.0505,3.4892,-0.0001
3.6700,IMM-UKF-LOS,smooth,0.500,10.00,0.050,0,0.600,1,7.9694,8.9159,0.9465,2.0952,0.3600,0.3600,0.0120,6.0000,7.5205,0.0020,3.5770,0.5495,57.1649,-19.5908,58.0039,-19.1953,58.0039,-19.1953,57.3842,-19.0298,51.6484,-19.8555,0.8390,0.3955,0.8390,0.3955,0.2193,0.5610,35,0.0600,35,0,0.9690,0.0253,0.0057,4.4676,4.6172,0.7198,2.3742,5.5103,0.0000,1,0.1053,0.0505,3.6099,-0.0001
3.6800,IMM-UKF-LOS,smooth,0.500,10.00,0.050,0,0.600,1,7.9589,8.9160,0.9571,2.1208,0.3600,0.3600,0.0121,6.0000,7.5205,0.0023,3.8301,0.5496,57.0196,-19.6756,58.0039,-19.1953,58.0039,-19.1953,57.2669,-19.0795,51.5072,-20.1143,0.9843,0.4804,0.9843,0.4804,0.2473,0.5962,35,0.0700,35,0,0.9690,0.0253,0.0057,4.5602,4.6803,0.7531,2.3550,5.5185,0.0000,1,0.1053,0.0505,3.6099,-0.0001
3.6900,IMM-UKF-LOS,smooth,0.500,10.00,0.050,0,0.600,1,7.9473,8.9142,0.9670,2.1468,0.3600,0.3600,0.0121,6.0000,7.5205,0.0027,4.0741,0.5497,56.8726,-19.7658,58.0039,-19.1953,58.0039,-19.1953,57.1502,-19.1371,51.3652,-20.3795,1.1312,0.5706,1.1312,0.5706,0.2776,0.6287,35,0.0800,35,0,0.9690,0.0253,0.0057,4.6516,4.7431,0.7854,2.3357,5.5267,0.0000,1,0.1053,0.0505,3.6099,-0.0001
3.7000,IMM-UKF-LOS,smooth,0.500,10.00,0.050,0,0.600,1,7.9347,8.9107,0.9760,2.1731,0.3600,0.3600,0.0122,6.0000,7.5205,0.0030,4.3110,0.5499,56.7240,-19.8612,58.0039,-19.1953,58.0039,-19.1953,57.0341,-19.2026,51.2225,-20.6511,1.2799,0.6660,1.2799,0.6660,0.3101,0.6586,35,0.0900,35,0,0.9690,0.0253,0.0057,4.7420,4.8059,0.8166,2.3164,5.5348,0.0000,1,0.1053,0.0505,3.6099,-0.0001
3.7100,IMM-UKF-LOS,smooth,0.500,10.00,0.050,0,0.600,1,7.9212,8.9054,0.9842,2.1998,0.3600,0.3600,0.0122,6.0000,7.5205,0.0033,4.5426,0.5501,56.5735,-19.9619,58.0039,-19.1953,58.0039,-19.1953,56.9186,-19.2757,51.0791,-20.9290,1.4303,0.7666,1.4303,0.7666,0.3450,0.6862,35,0.1000,35,0,0.9690,0.0253,0.0057,4.8312,4.8685,0.8468,2.2971,5.5428,0.0000,1,0.1053,0.0505,3.6099,-0.0001
3.7200,IMM-UKF-LOS,smooth,0.500,10.00,0.050,0,0.600,1,7.9068,8.8984,0.9916,2.2268,0.3600,0.3600,0.0122,6.0000,7.5205,0.0037,4.7710,0.5503,56.4213,-20.0677,58.0039,-19.1953,58.0039,-19.1953,56.8037,-19.3561,50.9351,-21.2132,1.5825,0.8725,1.5825,0.8725,0.3823,0.7116,35,0.1100,35,0,0.9690,0.0253,0.0057,4.9194,4.9310,0.8759,2.2778,5.5508,0.0000,1,0.0814,0.0435,3.6099,0.0002
3.7300,IMM-UKF-LOS,smooth,0.500,10.00,0.050,0,0.600,1,7.8914,8.8896,0.9982,2.2543,0.3600,0.3600,0.0123,6.0000,7.5205,0.0040,4.9981,0.5505,56.2673,-20.1787,58.0039,-19.1953,58.0039,-19.1953,56.6894,-19.4437,50.7905,-21.5035,1.7366,0.9834,1.7366,0.9834,0.4221,0.7350,35,0.1200,35,0,0.9690,0.0253,0.0057,5.0064,4.9934,0.9039,2.2584,5.5587,0.0000,1,0.0814,0.0435,3.6099,0.0002
3.7400,IMM-UKF-LOS,smooth,0.500,10.00,0.050,0,0.600,1,7.8750,8.8791,1.0041,2.2822,0.3600,0.3600,0.0123,6.0000,7.5205,0.0044,5.2258,0.5508,56.1114,-20.2947,58.0039,-19.1953,58.0039,-19.1953,56.5758,-19.5383,50.6453,-21.7998,1.8925,1.0995,1.8925,1.0995,0.4644,0.7565,35,0.1300,35,0,0.9690,0.0253,0.0057,5.0924,5.0558,0.9308,2.2390,5.5666,0.0000,1,0.0814,0.0435,3.6099,0.0002
3.7500,IMM-UKF-LOS,smooth,0.500,10.00,0.050,0,0.600,1,7.8578,8.8669,1.0092,2.3106,0.3600,0.3600,0.0124,6.0000,7.5205,0.0048,5.4564,0.5511,55.9535,-20.4159,58.0039,-19.1953,58.0039,-19.1953,56.4629,-19.6396,50.4995,-22.1020,2.0503,1.2207,2.0503,1.2207,0.5094,0.7763,35,0.1400,35,0,0.9690,0.0253,0.0057,5.1773,5.1180,0.9565,2.2196,5.5744,0.0000,1,0.0814,0.0435,3.6099,0.0002
3.7600,IMM-UKF-LOS,smooth,0.500,10.00,0.050,0,0.600,1,7.8396,8.8531,1.0135,2.3393,0.3600,0.3600,0.0124,6.0000,7.5205,0.0052,5.6918,0.5514,55.7937,-20.5421,58.0039,-19.1953,58.0039,-19.1953,56.3508,-19.7474,50.3533,-22.4099,2.2101,1.3469,2.2101,1.3469,0.5570,0.7947,35,0.1500,35,0,0.9690,0.0253,0.0057,5.2612,5.1801,0.9810,2.2001,5.5821,0.0000,1,0.0814,0.0435,3.6099,0.0002
3.7700,IMM-UKF-LOS,smooth,0.500,10.00,0.050,0,0.600,1,7.8205,9.2066,1.3861,2.0161,0.3600,0.3600,0.0124,6.0000,7.7661,0.0020,1.6810,0.5517,55.6319,-20.6733,56.4213,-20.0677,56.4213,-20.0677,55.8800,-20.5151,49.1383,-24.9932,0.7894,0.6056,0.7894,0.6056,0.2480,0.1583,36,0.0500,36,0,0.9675,0.0245,0.0080,5.3440,5.2422,1.0042,2.1806,5.5897,0.0000,1,0.0814,0.0435,3.7202,0.0002
3.7800,IMM-UKF-LOS,smooth,0.500,10.00,0.050,0,0.600,1,7.8006,9.2031,1.4025,2.0393,0.3600,0.3600,0.0125,6.0000,7.7661,0.0025,1.9067,0.5521,55.4680,-20.8095,56.4213,-20.0677,56.4213,-20.0677,55.7494,-20.6298,48.9757,-25.2954,0.9533,0.7418,0.9533,0.7418,0.2814,0.1798,36,0.0600,36,0,0.9675,0.0245,0.0080,5.4258,5.3042,1.0262,2.1611,5.5973,0.0000,1,0.0814,0.0435,3.7202,0.0002
3.7900,IMM-UKF-LOS,smooth,0.500,10.00,0.050,0,0.600,1,7.7797,9.1979,1.4182,2.0627,0.3600,0.3600,0.0125,6.0000,7.7661,0.0029,2.1399,0.5524,55.3020,-20.9507,56.4213,-20.0677,56.4213,-20.0677,55.6195,-20.7508,48.8125,-25.6025,1.1193,0.8830,1.1193,0.8830,0.3174,0.1999,36,0.0700,36,0,0.9675,0.0245,0.0080,5.5065,5.3662,1.0469,2.1415,5.6048,0.0000,1,0.0814,0.0435,3.7202,0.0002
3.8000,IMM-UKF-LOS,smooth,0.500,10.00,0.050,0,0.600,1,7.7580,9.1911,1.4331,2.0865,0.3600,0.3600,0.0125,6.0000,7.7661,0.0034,2.3818,0.5528,55.1339,-21.0968,56.4213,-20.0677,56.4213,-20.0677,55.4902,-20.8781,48.6485,-25.9145,1.2875,1.0291,1.2875,1.0291,0.3563,0.2187,36,0.0800,36,0,0.9675,0.0245,0.0080,5.5862,5.4281,1.0662,2.1219,5.6123,0.0000,1,0.0814,0.0435,3.7202,0.0002
3.8100,IMM-UKF-LOS,smooth,0.500,10.00,0.050,0,0.600,1,7.7354,9.1826,1.4472,2.1106,0.3600,0.3600,0.0125,6.0000,7.7661,0.0039,2.6338,0.5532,54.9635,-21.2478,56.4213,-20.0677,56.4213,-20.0677,55.3616,-21.0113,48.4839,-26.2309,1.4578,1.1801,1.4578,1.1801,0.3981,0.2365,36,0.0900,36,0,0.9675,0.0245,0.0080,5.6648,5.4899,1.0840,2.1023,5.6197,0.0000,1,0.1039,0.0422,3.7202,0.0003
3.8200,IMM-UKF-LOS,smooth,0.500,10.00,0.050,0,0.600,1,7.7120,9.1726,1.4606,2.1351,0.3600,0.3600,0.0126,6.0000,7.7661,0.0044,2.8974,0.5536,54.7908,-21.4036,56.4213,-20.0677,56.4213,-20.0677,55.2337,-21.1501,48.3187,-26.5516,1.6305,1.3359,1.6305,1.3359,0.4429,0.2535,36,0.1000,36,0,0.9675,0.0245,0.0080,5.7425,5.5518,1.1004,2.0826,5.6270,0.0000,1,0.1039,0.0422,3.7202,0.0003
3.8300,IMM-UKF-LOS,smooth,0.500,10.00,0.050,0,0.600,1,7.6877,9.1609,1.4732,2.1600,0.3600,0.3600,0.0126,6.0000,7.7661,0.0048,3.1741,0.5541,54.6159,-21.5643,56.4213,-20.0677,56.4213,-20.0677,55.1066,-21.2944,48.1530,-26.8761,1.8055,1.4966,1.8055,1.4966,0.4907,0.2699,36,0.1100,36,0,0.9675,0.0245,0.0080,5.8191,5.6136,1.1153,2.0629,5.6342,0.0000,1,0.1039,0.0422,3.7202,0.0003
3.8400,IMM-UKF-LOS,smooth,0.500,10.00,0.050,0,0.600,1,7.6626,9.1476,1.4850,2.1853,0.3600,0.3600,0.0126,6.0000,7.7661,0.0054,3.4653,0.5545,54.4385,-21.7297,56.4213,-20.0677,56.4213,-20.0677,54.9802,-21.4438,47.9867,-27.2043,1.9828,1.6620,1.9828,1.6620,0.5418,0.2859,36,0.1200,36,0,0.9675,0.0245,0.0080,5.8946,5.6754,1.1285,2.0432,5.6414,0.0000,1,0.1039,0.0422,3.7202,0.0003
3.8500,IMM-UKF-LOS,smooth,0.500,10.00,0.050,0,0.600,1,7.6366,9.1327,1.4961,2.2109,0.3600,0.3600,0.0126,6.0000,7.7661,0.0059,3.7724,0.5550,54.2587,-21.8999,56.4213,-20.0677,56.4213,-20.0677,54.8547,-21.5981,47.8201,-27.5356,2.1627,1.8322,2.1627,1.8322,0.5961,0.3019,36,0.1300,36,0,0.9675,0.0245,0.0080,5.9692,5.7372,1.1400,2.0234,5.6485,0.0000,1,0.1039,0.0422,3.7202,0.0003
3.8600,IMM-UKF-LOS,smooth,0.500,10.00,0.050,0,0.600,1,7.6098,9.2365,1.6267,1.5990,0.3600,0.3600,0.0127,6.0000,7.9915,0.0025,3.6890,0.5554,54.0764,-22.0748,54.9635,-21.2478,54.9635,-21.2478,54.2416,-21.4776,46.0015,-27.1722,0.8871,0.8270,0.8871,0.8270,0.1652,0.5972,37,0.0500,37,0,0.9547,0.0344,0.0110,6.0427,5.7991,1.1498,2.0037,5.6556,0.0000,1,0.1039,0.0422,3.8103,0.0003
3.8700,IMM-UKF-LOS,smooth,0.500,10.00,0.050,0,0.600,1,7.5822,9.2268,1.6446,1.6181,0.3600,0.3600,0.0127,6.0000,7.9915,0.0031,4.0116,0.5560,53.8915,-22.2543,54.9635,-21.2478,54.9635,-21.2478,54.0893,-21.6094,45.8028,-27.4607,1.0720,1.0065,1.0720,1.0065,0.1978,0.6450,37,0.0600,37,0,0.9547,0.0344,0.0110,6.1152,5.8609,1.1577,1.9839,5.6625,0.0000,1,0.1039,0.0422,3.8103,0.0003
3.8800,IMM-UKF-LOS,smooth,0.500,10.00,0.050,0,0.600,1,7.5537,9.2155,1.6617,1.6376,0.3600,0.3600,0.0127,6.0000,7.9915,0.0037,4.3424,0.5565,53.7040,-22.4385,54.9635,-21.2478,54.9635,-21.2478,53.9376,-21.7457,45.6031,-27.7506,1.2595,1.1907,1.2595,1.1907,0.2336,0.6928,37,0.0700,37,0,0.9547,0.0344,0.0110,6.1867,5.9227,1.1635,1.9640,5.6694,0.0000,1,0.1039,0.0422,3.8103,0.0003
3.8900,IMM-UKF-LOS,smooth,0.500,10.00,0.050,0,0.600,1,7.5245,9.2025,1.6780,1.6576,0.3600,0.3600,0.0127,6.0000,7.9915,0.0042,4.6838,0.5570,53.5137,-22.6271,54.9635,-21.2478,54.9635,-21.2478,53.7866,-21.8861,45.4024,-28.0414,1.4498,1.3793,1.4498,1.3793,0.2729,0.7410,37,0.0800,37,0,0.9547,0.0344,0.0110,6.2572,5.9845,1.1673,1.9442,5.6763,0.0000,1,0.1039,0.0422,3.8103,0.0003
3.9000,IMM-UKF-LOS,smooth,0.500,10.00,0.050,0,0.600,1,7.4944,9.1880,1.6935,1.6780,0.3600,0.3600,0.0127,6.0000,7.9915,0.0048,5.0386,0.5576,53.3207,-22.8202,54.9635,-21.2478,54.9635,-21.2478,53.6364,-22.0302,45.2008,-28.3323,1.6428,1.5724,1.6428,1.5724,0.3157,0.7900,37,0.0900,37,0,0.9547,0.0344,0.0110,6.3266,6.0463,1.1688,1.9243,5.6830,0.0000,1,0.1039,0.0422,3.8103,0.0003
3.9100,IMM-UKF-LOS,smooth,0.500,10.00,0.050,0,0.600,1,7.4636,9.1719,1.7083,1.6990,0.3600,0.3600,0.0127,6.0000,7.9915,0.0054,5.4095,0.5581,53.1248,-23.0177,54.9635,-21.2478,54.9635,-21.2478,53.4869,-22.1776,44.9983,-28.6225,1.8387,1.7699,1.8387,1.7699,0.3621,0.8401,37,0.1000,37,0,0.9547,0.0344,0.0110,6.3950,6.1082,1.1679,1.9044,5.6897,0.0000,1,0.1039,0.0422,3.8103,0.0003
3.9200,IMM-UKF-LOS,smooth,0.500,10.00,0.050,0,0.600,1,7.4320,9.1541,1.7221,1.7205,0.3600,0.3600,0.0127,6.0000,7.9915,0.0060,5.7995,0.5587,52.9261,-23.2194,54.9635,-21.2478,54.9635,-21.2478,53.3383,-22.3277,44.7950,-28.9108,2.0375,1.9716,2.0375,1.9716,0.4122,0.8917,37,0.1100,37,0,0.9547,0.0344,0.0110,6.4623,6.1700,1.1643,1.8845,5.6964,0.0000,1,0.1023,0.0436,3.8103,0.0017
3.9300,IMM-UKF-LOS,smooth,0.500,10.00,0.050,0,0.600,1,7.3995,9.1347,1.7352,1.7426,0.3600,0.3600,0.0127,6.0000,7.9915,0.0066,6.2117,0.5593,52.7243,-23.4253,54.9635,-21.2478,54.9635,-21.2478,53.1905,-22.4800,44.5910,-29.1962,2.2392,2.1775,2.2392,2.1775,0.4662,0.9453,37,0.1200,37,0,0.9547,0.0344,0.0110,6.5285,6.2318,1.1580,1.8645,5.7029,0.0000,1,0.1023,0.0436,3.8103,0.0017
3.9400,IMM-UKF-LOS,smooth,0.500,10.00,0.050,0,0.600,1,7.3663,9.1137,1.7474,1.7652,0.3600,0.3600,0.0127,6.0000,7.9915,0.0072,6.6496,0.5599,52.5194,-23.6353,54.9635,-21.2478,54.9635,-21.2478,53.0436,-22.6339,44.3863,-29.4771,2.4441,2.3875,2.4441,2.3875,0.5242,1.0014,37,0.1300,37,0,0.9547,0.0344,0.0110,6.5936,6.2936,1.1485,1.8446,5.7094,0.0000,1,0.1023,0.0436,3.8103,0.0017
3.9500,IMM-UKF-LOS,smooth,0.500,10.00,0.050,0,0.600,1,7.3323,9.0911,1.7588,1.7883,0.3600,0.3600,0.0127,6.0000,7.9915,0.0079,7.1170,0.5605,52.3114,-23.8491,54.9635,-21.2478,54.9635,-21.2478,52.8977,-22.7885,44.1810,-29.7520,2.6522,2.6013,2.6522,2.6013,0.5864,1.0606,37,0.1400,37,0,0.9547,0.0344,0.0110,6.6575,6.3553,1.1357,1.8246,5.7158,0.0000,1,0.1023,0.0436,3.8103,0.0017
3.9600,IMM-UKF-LOS,smooth,0.500,10.00,0.050,0,0.600,1,7.2975,9.0667,1.7692,1.8121,0.3600,0.3600,0.0127,6.0000,7.9915,0.0085,7.6179,0.5611,52.1001,-24.0666,54.9635,-21.2478,54.9635,-21.2478,52.7529,-22.9430,43.9753,-30.0188,2.8635,2.8188,2.8635,2.8188,0.6528,1.1237,37,0.1500,37,0,0.9547,0.0344,0.0110,6.7202,6.4168,1.1192,1.8046,5.7222,0.0000,1,0.1023,0.0436,3.8103,0.0017
3.9700,IMM-UKF-LOS,smooth,0.500,10.00,0.050,0,0.600,1,7.2619,8.8663,1.6043,1.7220,0.3600,0.3600,0.0127,6.0000,7.7009,0.0032,2.8870,0.5618,51.8854,-24.2876,52.9261,-23.2194,52.9261,-23.2194,52.2699,-23.9564,42.0525,-33.2976,1.0407,1.0682,1.0407,1.0682,0.3845,0.3313,38,0.0500,38,0,0.9572,0.0348,0.0080,6.7817,6.4782,1.0985,1.7845,5.7285,0.0000,1,0.1023,0.0436,3.9217,0.0017
3.9800,IMM-UKF-LOS,smooth,0.500,10.00,0.050,0,0.600,1,7.2256,8.8464,1.6208,1.7425,0.3600,0.3600,0.0127,6.0000,7.7009,0.0039,3.2331,0.5625,51.6673,-24.5119,52.9261,-23.2194,52.9261,-23.2194,52.0993,-24.1416,41.7968,-33.5865,1.2588,1.2925,1.2588,1.2925,0.4320,0.3703,38,0.0600,38,0,0.9572,0.0348,0.0080,6.8417,6.5393,1.0732,1.7645,5.7347,0.0000,1,0.1023,0.0436,3.9217,0.0017
3.9900,IMM-UKF-LOS,smooth,0.500,10.00,0.050,0,0.600,1,7.1884,8.8248,1.6364,1.7634,0.3600,0.3600,0.0127,6.0000,7.7009,0.0046,3.6078,0.5632,51.4457,-24.7391,52.9261,-23.2194,52.9261,-23.2194,51.9293,-24.3266,41.5393,-33.8621,1.4804,1.5196,1.4804,1.5196,0.4836,0.4124,38,0.0700,38,0,0.9572,0.0348,0.0080,6.9002,6.6000,1.0426,1.7444,5.7408,0.0000,1,0.1023,0.0436,3.9217,0.0017
4.0000,IMM-UKF-LOS,smooth,0.500,10.00,0.050,0,0.600,1,7.1504,8.8016,1.6511,1.7848,0.3600,0.3600,0.0126,6.0000,7.7009,0.0053,4.0157,0.5639,51.2203,-24.9688,52.9261,-23.2194,52.9261,-23.2194,51.7599,-24.5101,41.2803,-34.1202,1.7057,1.7494,1.7057,1.7494,0.5396,0.4587,38,0.0800,38,0,0.9572,0.0348,0.0080,6.9570,6.6600,1.0060,1.7243,5.7469,0.0000,1,0.1023,0.0436,3.9217,0.0017
4.0100,IMM-UKF-LOS,smooth,0.500,10.00,0.050,0,0.600,1,7.1116,8.7766,1.6649,1.8066,0.3600,0.3600,0.0126,6.0000,7.7009,0.0061,4.4621,0.5646,50.9912,-25.2006,52.9261,-23.2194,52.9261,-23.2194,51.5911,-24.6903,41.0200,-34.3552,1.9349,1.9812,1.9349,1.9812,0.6000,0.5103,38,0.0900,38,0,0.9572,0.0348,0.0080,7.0118,6.7192,0.9625,1.7042,5.7529,0.0000,1,0.1023,0.0436,3.9217,0.0017
4.0200,IMM-UKF-LOS,smooth,0.500,10.00,0.050,0,0.600,1,7.0720,8.7499,1.6778,1.8289,0.3600,0.3600,0.0126,6.0000,7.7009,0.0069,4.9542,0.5654,50.7582,-25.4339,52.9261,-23.2194,52.9261,-23.2194,51.4230,-24.8651,40.7586,-34.5596,2.1679,2.2145,2.1679,2.2145,0.6649,0.5688,38,0.1000,38,0,0.9572,0.0348,0.0080,7.0642,6.7770,0.9107,1.6840,5.7588,0.0000,1,0.1023,0.0436,3.9217,0.0017
4.0300,IMM-UKF-LOS,smooth,0.500,10.00,0.050,0,0.600,1,7.0316,8.7213,1.6897,1.8517,0.3600,0.3600,0.0126,6.0000,7.7009,0.0077,5.5012,0.5663,50.5211,-25.6679,52.9261,-23.2194,52.9261,-23.2194,51.2554,-25.0315,40.4968,-34.7234,2.4050,2.4485,2.4050,2.4485,0.7343,0.6365,38,0.1100,38,0,0.9572,0.0348,0.0080,7.1135,6.8328,0.8493,1.6639,5.7647,0.0000,1,0.1006,0.0465,3.9217,-0.0017
4.0400,IMM-UKF-LOS,smooth,0.500,10.00,0.050,0,0.600,1,6.9904,8.6911,1.7007,1.8751,0.3600,0.3600,0.0125,6.0000,7.7009,0.0086,6.1159,0.5671,50.2798,-25.9018,52.9261,-23.2194,52.9261,-23.2194,51.0882,-25.1856,40.2351,-34.8324,2.6463,2.6824,2.6463,2.6824,0.8084,0.7162,38,0.1200,38,0,0.9572,0.0348,0.0080,7.1588,6.8855,0.7761,1.6437,5.7705,0.0000,1,0.1006,0.0465,3.9217,-0.0017
4.0500,IMM-UKF-LOS,smooth,0.500,10.00,0.050,0,0.600,1,6.9483,8.6591,1.7108,1.8989,0.3600,0.3600,0.0125,6.0000,7.7009,0.0095,6.8164,0.5681,50.0341,-26.1342,52.9261,-23.2194,52.9261,-23.2194,50.9211,-25.3221,39.9747,-34.8669,2.8920,2.9147,2.8920,2.9147,0.8870,0.8121,38,0.1300,38,0,0.9572,0.0348,0.0080,7.1985,6.9335,0.6886,1.6235,5.7762,0.0000,1,0.1006,0.0465,3.9217,-0.0017
4.0600,IMM-UKF-LOS,smooth,0.500,10.00,0.050,0,0.600,1,6.9055,8.6258,1.7203,1.9233,0.3600,0.3600,0.0125,6.0000,7.7009,0.0106,7.6288,0.5692,49.7838,-26.3634,52.9261,-23.2194,52.9261,-23.2194,50.7534,-25.4335,39.7175,-34.7983,3.1422,3.1440,3.1422,3.1440,0.9696,0.9300,38,0.1400,38,0,0.9572,0.0348,0.0080,7.2300,6.9740,0.5835,1.6033,5.7818,0.0000,1,0.1006,0.0465,3.9217,-0.0017
4.0700,IMM-UKF-LOS,smooth,0.500,10.00,0.050,0,0.600,1,6.8619,8.5917,1.7299,1.9483,0.3600,0.3600,0.0124,6.0000,7.7009,0.0116,8.5905,0.5702,49.5286,-26.5873,52.9261,-23.2194,52.9261,-23.2194,50.5841,-25.5094,39.4664,-34.5869,3.3975,3.3679,3.3975,3.3679,1.0555,1.0779,38,0.1500,38,0,0.9572,0.0348,0.0080,7.2490,7.0020,0.4573,1.5831,5.7874,0.0000,1,0.1006,0.0465,3.9217,-0.0017
4.0800,IMM-UKF-LOS,smooth,0.500,10.00,0.050,0,0.600,1,6.8176,8.2816,1.4639,1.8076,0.3600,0.3600,0.0124,6.0000,7.4803,0.0052,3.0295,0.5715,49.2680,-26.8030,50.5211,-25.6679,50.5211,-25.6679,49.5152,-26.3474,34.7435,-36.4043,1.2531,1.1350,1.2531,1.1350,0.2471,0.4556,39,0.0500,39,0,0.9575,0.0350,0.0076,7.2486,7.0100,0.3074,1.5629,5.7929,0.0000,1,0.1006,0.0465,4.0283,-0.0017
4.0900,IMM-UKF-LOS,smooth,0.500,10.00,0.050,0,0.600,1,6.7731,8.2525,1.4794,1.8289,0.3600,0.3600,0.0123,6.0000,7.4803,0.0065,3.5979,0.5728,49.0016,-27.0071,50.5211,-25.6679,50.5211,-25.6679,49.2855,-26.4617,34.4321,-35.8987,1.5195,1.3391,1.5195,1.3391,0.2839,0.5454,39,0.0600,39,0,0.9575,0.0350,0.0076,7.2192,6.9870,0.1360,1.5426,5.7983,0.0000,1,0.1006,0.0465,4.0283,-0.0017
4.1000,IMM-UKF-LOS,smooth,0.500,10.00,0.050,0,0.600,1,6.7286,8.2259,1.4973,1.8506,0.3600,0.3600,0.0122,6.0000,7.4803,0.0080,4.3078,0.5743,48.7286,-27.1965,50.5211,-25.6679,50.5211,-25.6679,49.0504,-26.5361,34.1671,-35.1767,1.7925,1.5285,1.7925,1.5285,0.3218,0.6603,39,0.0700,39,0,0.9575,0.0350,0.0076,7.1524,6.9231,-0.0452,1.5224,5.8037,0.0000,1,0.1006,0.0465,4.0283,-0.0017
4.1100,IMM-UKF-LOS,smooth,0.500,10.00,0.050,0,0.600,1,6.6848,8.2039,1.5191,1.8727,0.3600,0.3600,0.0122,6.0000,7.4803,0.0096,5.1406,0.5759,48.4484,-27.3693,50.5211,-25.6679,50.5211,-25.6679,48.8085,-26.5722,33.9520,-34.3009,2.0727,1.7013,2.0727,1.7013,0.3601,0.7970,39,0.0800,39,0,0.9575,0.0350,0.0076,7.0480,6.8172,-0.2178,1.5021,5.8089,0.0000,1,0.1006,0.0465,4.0283,-0.0017
4.1200,IMM-UKF-LOS,smooth,0.500,10.00,0.050,0,0.600,1,6.6420,8.1876,1.5456,1.8953,0.3600,0.3600,0.0121,6.0000,7.4803,0.0113,6.0562,0.5775,48.1604,-27.5250,50.5211,-25.6679,50.5211,-25.6679,48.5594,-26.5772,33.7782,-33.3608,2.3607,1.8571,2.3607,1.8571,0.3990,0.9478,39,0.0900,39,0,0.9575,0.0350,0.0076,6.9149,6.6782,-0.3688,1.4818,5.8141,0.0000,1,0.1006,0.0465,4.0283,-0.0017
4.1300,IMM-UKF-LOS,smooth,0.500,10.00,0.050,0,0.600,1,6.6006,8.1769,1.5763,1.9183,0.3600,0.3600,0.0120,6.0000,7.4803,0.0130,7.0081,0.5793,47.8645,-27.6644,50.5211,-25.6679,50.5211,-25.6679,48.3039,-26.5603,33.6302,-32.4379,2.6566,1.9964,2.6566,1.9964,0.4395,1.1040,39,0.1000,39,0,0.9575,0.0350,0.0076,6.7659,6.5202,-0.4926,1.4615,5.8193,0.0000,1,0.1006,0.0465,4.0283,-0.0017
4.1400,IMM-UKF-LOS,smooth,0.500,10.00,0.050,0,0.600,1,6.5609,8.1716,1.6106,1.9417,0.3600,0.3600,0.0119,6.0000,7.4803,0.0147,7.9736,0.5810,47.5605,-27.7883,50.5211,-25.6679,50.5211,-25.6679,48.0429,-26.5267,33.4978,-31.5634,2.9606,2.1203,2.9606,2.1203,0.4824,1.2616,39,0.1100,39,0,0.9575,0.0350,0.0076,6.6097,6.3522,-0.5920,1.4412,5.8243,0.0000,1,0.1005,0.0503,4.0283,-0.0011
4.1500,IMM-UKF-LOS,smooth,0.500,10.00,0.050,0,0.600,1,6.5230,8.1714,1.6484,1.9656,0.3600,0.3600,0.0118,6.0000,7.4803,0.0165,8.9496,0.5827,47.2484,-27.8975,50.5211,-25.6679,50.5211,-25.6679,47.7768,-26.4777,33.3773,-30.7356,3.2727,2.2296,3.2727,2.2296,0.5284,1.4199,39,0.1200,39,0,0.9575,0.0350,0.0076,6.4493,6.1780,-0.6723,1.4209,5.8293,0.0000,1,0.1005,0.0503,4.0283,-0.0011
4.1600,IMM-UKF-LOS,smooth,0.500,10.00,0.050,0,0.600,1,6.4869,8.1763,1.6894,1.9900,0.3600,0.3600,0.0117,6.0000,7.4803,0.0183,9.9352,0.5844,46.9284,-27.9928,50.5211,-25.6679,50.5211,-25.6679,47.5062,-26.4141,33.2661,-29.9505,3.5927,2.3248,3.5927,2.3248,0.5778,1.5787,39,0.1300,39,0,0.9575,0.0350,0.0076,6.2867,5.9996,-0.7374,1.4006,5.8342,0.0000,1,0.1005,0.0503,4.0283,-0.0011
4.1700,IMM-UKF-LOS,smooth,0.500,10.00,0.050,0,0.600,1,6.4529,8.1862,1.7334,2.0148,0.3600,0.3600,0.0116,6.0000,7.4803,0.0201,10.9293,0.5862,46.6005,-28.0744,50.5211,-25.6679,50.5211,-25.6679,47.2316,-26.3365,33.1626,-29.2042,3.9205,2.4065,3.9205,2.4065,0.6310,1.7379,39,0.1400,39,0,0.9575,0.0350,0.0076,6.1229,5.8183,-0.7902,1.3802,5.8391,0.0000,1,0.1005,0.0503,4.0283,-0.0011
4.1800,IMM-UKF-LOS,smooth,0.500,10.00,0.050,0,0.600,1,6.4208,8.2012,1.7803,2.0401,0.3600,0.3600,0.0115,6.0000,7.4803,0.0218,11.9307,0.5879,46.2650,-28.1429,50.5211,-25.6679,50.5211,-25.6679,46.9532,-26.2458,33.0658,-28.4931,4.2561,2.4750,4.2561,2.4750,0.6882,1.8971,39,0.1500,39,0,0.9575,0.0350,0.0076,5.9586,5.6348,-0.8329,1.3599,5.8439,0.0000,1,0.1005,0.0503,4.0283,-0.0011
4.1900,IMM-UKF-LOS,smooth,0.500,10.00,0.050,0,0.600,1,6.3909,8.2211,1.8302,2.0659,0.3600,0.3600,0.0113,6.0000,7.4803,0.0236,12.9377,0.5896,45.9219,-28.1985,50.5211,-25.6679,50.5211,-25.6679,46.6716,-26.1424,32.9746,-27.8146,4.5991,2.5306,4.5991,2.5306,0.7496,2.0561,39,0.1600,39,0,0.9575,0.0350,0.0076,5.7942,5.4496,-0.8671,1.3395,5.8486,0.0000,1,0.1005,0.0503,4.0283,-0.0011
4.2000,IMM-UKF-LOS,smooth,0.500,10.00,0.050,0,0.600,1,6.3631,8.3880,2.0249,1.7302,0.3600,0.3600,0.0112,6.0000,7.4907,0.0107,2.6507,0.5913,45.5716,-28.2416,47.5605,-27.7883,47.5605,-27.7883,46.0598,-28.3493,30.7486,-33.2123,1.9888,0.4533,1.9888,0.4533,0.4881,-0.1077,40,0.0600,40,0,0.9530,0.0377,0.0093,5.6301,5.2629,-0.8938,1.3191,5.8532,0.0000,1,0.1005,0.0503,4.1389,-0.0011
4.2100,IMM-UKF-LOS,smooth,0.500,10.00,0.050,0,0.600,1,6.3375,8.3957,2.0582,1.7511,0.3600,0.3600,0.0110,6.0000,7.4907,0.0125,2.9868,0.5929,45.2143,-28.2723,47.5605,-27.7883,47.5605,-27.7883,45.7642,-28.3947,30.6393,-32.6997,2.3462,0.4840,2.3462,0.4840,0.5499,-0.1224,40,0.0700,40,0,0.9530,0.0377,0.0093,5.4663,5.0751,-0.9141,1.2988,5.8577,0.0000,1,0.1005,0.0503,4.1389,-0.0011
4.2200,IMM-UKF-LOS,smooth,0.500,10.00,0.050,0,0.600,1,6.3141,8.4081,2.0939,1.7725,0.3600,0.3600,0.0108,6.0000,7.4907,0.0143,3.3339,0.5945,44.8502,-28.2909,47.5605,-27.7883,47.5605,-27.7883,45.4653,-28.4236,30.5366,-32.1986,2.7102,0.5026,2.7102,0.5026,0.6151,-0.1327,40,0.0800,40,0,0.9530,0.0377,0.0093,5.3032,4.8862,-0.9287,1.2784,5.8622,0.0000,1,0.1005,0.0503,4.1389,-0.0011
4.2300,IMM-UKF-LOS,smooth,0.500,10.00,0.050,0,0.600,1,6.2930,8.4250,2.1321,1.7945,0.3600,0.3600,0.0107,6.0000,7.4907,0.0160,3.6935,0.5961,44.4798,-28.2976,47.5605,-27.7883,47.5605,-27.7883,45.1634,-28.4367,30.4400,-31.7092,3.0807,0.5093,3.0807,0.5093,0.6836,-0.1391,40,0.0900,40,0,0.9530,0.0377,0.0093,5.1407,4.6964,-0.9380,1.2580,5.8666,0.0000,1,0.1005,0.0503,4.1389,-0.0011
4.2400,IMM-UKF-LOS,smooth,0.500,10.00,0.050,0,0.600,1,6.2741,8.4466,2.1725,1.8169,0.3600,0.3600,0.0105,6.0000,7.4907,0.0175,4.0680,0.5976,44.1033,-28.2927,47.5605,-27.7883,47.5605,-27.7883,44.8589,-28.4352,30.3476,-31.2350,3.4571,0.5044,3.4571,0.5044,0.7556,-0.1425,40,0.1000,40,0,0.9530,0.0377,0.0093,4.9801,4.5071,-0.9426,1.2376,5.8710,0.0000,1,0.1005,0.0503,4.1389,-0.0011
4.2500,IMM-UKF-LOS,smooth,0.500,10.00,0.050,0,0.600,1,6.2575,8.4726,2.2152,1.8399,0.3600,0.3600,0.0104,6.0000,7.4907,0.0187,4.4591,0.5991,43.7214,-28.2765,47.5605,-27.7883,47.5605,-27.7883,44.5524,-28.4204,30.2585,-30.7771,3.8391,0.4883,3.8391,0.4883,0.8310,-0.1438,40,0.1100,40,0,0.9530,0.0377,0.0093,4.8218,4.3187,-0.9428,1.2172,5.8752,0.0000,1,0.1174,0.0511,4.1389,-0.0008
4.2600,IMM-UKF-LOS,smooth,0.500,10.00,0.050,0,0.600,1,6.2432,8.5032,2.2600,1.8634,0.3600,0.3600,0.0102,6.0000,7.4907,0.0200,4.8691,0.6006,43.3341,-28.2494,47.5605,-27.7883,47.5605,-27.7883,44.2442,-28.3930,30.1721,-30.3355,4.2263,0.4611,4.2263,0.4611,0.9100,-0.1436,40,0.1200,40,0,0.9530,0.0377,0.0093,4.6659,4.1314,-0.9389,1.1968,5.8794,0.0000,1,0.1174,0.0511,4.1389,-0.0008
4.2700,IMM-UKF-LOS,smooth,0.500,10.00,0.050,0,0.600,1,6.2311,8.5381,2.3070,1.8874,0.3600,0.3600,0.0101,6.0000,7.4907,0.0212,5.2991,0.6020,42.9419,-28.2116,47.5605,-27.7883,47.5605,-27.7883,43.9347,-28.3540,30.0881,-29.9102,4.6185,0.4233,4.6185,0.4233,0.9927,-0.1424,40,0.1300,40,0,0.9530,0.0377,0.0093,4.5124,3.9452,-0.9313,1.1764,5.8835,0.0000,1,0.1174,0.0511,4.1389,-0.0008
4.2800,IMM-UKF-LOS,smooth,0.500,10.00,0.050,0,0.600,1,6.2214,8.5775,2.3562,1.9121,0.3600,0.3600,0.0099,6.0000,7.4907,0.0225,5.7497,0.6034,42.5452,-28.1636,47.5605,-27.7883,47.5605,-27.7883,43.6243,-28.3044,30.0062,-29.5011,5.0152,0.3753,5.0152,0.3753,1.0790,-0.1409,40,0.1400,40,0,0.9530,0.0377,0.0093,4.3614,3.7602,-0.9202,1.1560,5.8876,0.0000,1,0.1174,0.0511,4.1389,-0.0008
4.2900,IMM-UKF-LOS,smooth,0.500,10.00,0.050,0,0.600,1,6.2139,8.6213,2.4074,1.9372,0.3600,0.3600,0.0098,6.0000,7.4907,0.0238,6.2212,0.6047,42.1444,-28.1056,47.5605,-27.7883,47.5605,-27.7883,43.3134,-28.2451,29.9260,-29.1082,5.4160,0.3173,5.4160,0.3173,1.1689,-0.1395,40,0.1500,40,0,0.9530,0.0377,0.0093,4.2128,3.5765,-0.9057,1.1356,5.8916,0.0000,1,0.1174,0.0511,4.1389,-0.0008
4.3000,IMM-UKF-LOS,smooth,0.500,10.00,0.050,0,0.600,1,6.2087,8.6695,2.4608,1.9630,0.3600,0.3600,0.0096,6.0000,7.4907,0.0250,6.7136,0.6060,41.7399,-28.0380,47.5605,-27.7883,47.5605,-27.7883,43.0023,-28.1769,29.8473,-28.7316,5.8205,0.2497,5.8205,0.2497,1.2624,-0.1389,40,0.1600,40,0,0.9530,0.0377,0.0093,4.0667,3.3940,-0.8881,1.1152,5.8955,0.0000,1,0.1174,0.0511,4.1389,-0.0008
4.3100,IMM-UKF-LOS,smooth,0.500,10.00,0.050,0,0.600,1,6.2058,8.6441,2.4383,1.7249,0.3600,0.3600,0.0094,6.0000,7.7959,0.0098,2.8880,0.6071,41.3322,-27.9613,43.7214,-28.2765,43.7214,-28.2765,41.8217,-28.1769,27.2123,-27.5189,2.3892,-0.3152,2.3892,-0.3152,0.4895,-0.2156,41,0.0600,41,0,0.9634,0.0303,0.0063,3.9231,3.2129,-0.8674,1.0948,5.8993,0.0000,1,0.1174,0.0511,4.2492,-0.0008
4.3200,IMM-UKF-LOS,smooth,0.500,10.00,0.050,0,0.600,1,6.2052,8.6783,2.4730,1.7453,0.3600,0.3600,0.0092,6.0000,7.7959,0.0112,3.3615,0.6082,40.9216,-27.8758,43.7214,-28.2765,43.7214,-28.2765,41.4842,-28.1386,27.1236,-27.2237,2.7997,-0.4007,2.7997,-0.4007,0.5625,-0.2628,41,0.0700,41,0,0.9634,0.0303,0.0063,3.7820,3.0331,-0.8437,1.0744,5.9030,0.0000,1,0.1174,0.0511,4.2492,-0.0008
4.3300,IMM-UKF-LOS,smooth,0.500,10.00,0.050,0,0.600,1,6.2069,8.7168,2.5099,1.7660,0.3600,0.3600,0.0090,6.0000,7.7959,0.0126,3.8460,0.6091,40.5087,-27.7820,43.7214,-28.2765,43.7214,-28.2765,41.1472,-28.0904,27.0377,-26.9402,3.2127,-0.4945,3.2127,-0.4945,0.6385,-0.3084,41,0.0800,41,0,0.9634,0.0303,0.0063,3.6435,2.8547,-0.8171,1.0540,5.9067,0.0000,1,0.1174,0.0511,4.2492,-0.0008
4.3400,IMM-UKF-LOS,smooth,0.500,10.00,0.050,0,0.600,1,6.2109,8.7597,2.5488,1.7872,0.3600,0.3600,0.0088,6.0000,7.7959,0.0138,4.3419,0.6100,40.0938,-27.6803,43.7214,-28.2765,43.7214,-28.2765,40.8110,-28.0334,26.9541,-26.6686,3.6275,-0.5963,3.6275,-0.5963,0.7172,-0.3531,41,0.0900,41,0,0.9634,0.0303,0.0063,3.5074,2.6778,-0.7876,1.0335,5.9103,0.0000,1,0.1174,0.0511,4.2492,-0.0008
4.3500,IMM-UKF-LOS,smooth,0.500,10.00,0.050,0,0.600,1,6.2172,8.8069,2.5898,1.8089,0.3600,0.3600,0.0086,6.0000,7.7959,0.0150,4.8502,0.6108,39.6774,-27.5711,43.7214,-28.2765,43.7214,-28.2765,40.4762,-27.9683,26.8727,-26.4095,4.0439,-0.7054,4.0439,-0.7054,0.7987,-0.3972,41,0.1000,41,0,0.9634,0.0303,0.0063,3.3739,2.5023,-0.7553,1.0131,5.9138,0.0000,1,0.1174,0.0511,4.2492,-0.0008
4.3600,IMM-UKF-LOS,smooth,0.500,10.00,0.050,0,0.600,1,6.2257,8.8585,2.6328,1.8310,0.3600,0.3600,0.0084,6.0000,7.7959,0.0161,5.3717,0.6115,39.2600,-27.4551,43.7214,-28.2765,43.7214,-28.2765,40.1429,-27.8964,26.7931,-26.1634,4.4614,-0.8215,4.4614,-0.8215,0.8829,-0.4413,41,0.1100,41,0,0.9634,0.0303,0.0063,3.2429,2.3284,-0.7199,0.9927,5.9173,0.0000,1,0.1174,0.0511,4.2492,-0.0008
4.3700,IMM-UKF-LOS,smooth,0.500,10.00,0.050,0,0.600,1,6.2365,8.9144,2.6778,1.8537,0.3600,0.3600,0.0082,6.0000,7.7959,0.0170,5.9076,0.6120,38.8419,-27.3325,43.7214,-28.2765,43.7214,-28.2765,39.8116,-27.8186,26.7152,-25.9307,4.8795,-0.9440,4.8795,-0.9440,0.9697,-0.4860,41,0.1200,41,0,0.9634,0.0303,0.0063,3.1145,2.1561,-0.6816,0.9723,5.9207,0.0000,1,0.0831,0.0584,4.2492,0.0018
4.3800,IMM-UKF-LOS,smooth,0.500,10.00,0.050,0,0.600,1,6.2496,8.9745,2.7248,1.8768,0.3600,0.3600,0.0079,6.0000,7.7959,0.0179,6.4593,0.6124,38.4235,-27.2041,43.7214,-28.2765,43.7214,-28.2765,39.4825,-27.7359,26.6387,-25.7121,5.2979,-1.0724,5.2979,-1.0724,1.0590,-0.5318,41,0.1300,41,0,0.9634,0.0303,0.0063,2.9886,1.9854,-0.6402,0.9519,5.9240,0.0000,1,0.0831,0.0584,4.2492,0.0018
4.3900,IMM-UKF-LOS,smooth,0.500,10.00,0.050,0,0.600,1,6.2650,9.0388,2.7738,1.9005,0.3600,0.3600,0.0077,6.0000,7.7959,0.0187,7.0278,0.6127,38.0053,-27.0703,43.7214,-28.2765,43.7214,-28.2765,39.1559,-27.6497,26.5633,-25.5084,5.7161,-1.2062,5.7161,-1.2062,1.1506,-0.5793,41,0.1400,41,0,0.9634,0.0303,0.0063,2.8653,1.8165,-0.5955,0.9315,5.9272,0.0000,1,0.0831,0.0584,4.2492,0.0018
4.4000,IMM-UKF-LOS,smooth,0.500,10.00,0.050,0,0.600,1,6.2826,9.1073,2.8247,1.9246,0.3600,0.3600,0.0075,6.0000,7.7959,0.0193,7.6146,0.6129,37.5877,-26.9318,43.7214,-28.2765,43.7214,-28.2765,38.8321,-27.5609,26.4889,-25.3204,6.1337,-1.3447,6.1337,-1.3447,1.2444,-0.6291,41,0.1500,41,0,0.9634,0.0303,0.0063,2.7446,1.6495,-0.5473,0.9111,5.9304,0.0000,1,0.0831,0.0584,4.2492,0.0018
4.4100,IMM-UKF-LOS,smooth,0.500,10.00,0.050,0,0.600,1,6.3025,9.1800,2.8775,1.9494,0.3600,0.3600,0.0072,6.0000,7.7959,0.0198,8.2213,0.6128,37.1710,-26.7891,43.7214,-28.2765,43.7214,-28.2765,38.5114,-27.4711,26.4153,-25.1492,6.5504,-1.4874,6.5504,-1.4874,1.3404,-0.6820,41,0.1600,41,0,0.9634,0.0303,0.0063,2.6267,1.4845,-0.4955,0.8907,5.9335,0.0000,1,0.0831,0.0584,4.2492,0.0018
4.4200,IMM-UKF-LOS,smooth,0.500,10.00,0.050,0,0.600,1,6.3246,9.2568,2.9322,1.9746,0.3600,0.3600,0.0070,6.0000,7.7959,0.0202,8.8496,0.6127,36.7557,-26.6430,43.7214,-28.2765,43.7214,-28.2765,38.1940,-27.3816,26.3423,-24.9962,6.9657,-1.6336,6.9657,-1.6336,1.4383,-0.7386,41,0.1700,41,0,0.9634,0.0303,0.0063,2.5114,1.3217,-0.4396,0.8703,5.9365,0.0000,1,0.0831,0.0584,4.2492,0.0018
4.4300,IMM-UKF-LOS,smooth,0.500,10.00,0.050,0,0.600,1,6.3490,8.8256,2.4767,1.5158,0.3600,0.3600,0.0067,6.0000,7.5469,0.0045,7.3694,0.6124,36.3420,-26.4940,38.8419,-27.3325,38.8419,-27.3325,37.2661,-27.4098,24.2960,-24.4868,2.4999,-0.8385,2.4999,-0.8385,0.9241,-0.9157,42,0.0600,42,0,0.9637,0.0299,0.0065,2.3990,1.1614,-0.3792,0.8500,5.9395,0.0000,1,0.0831,0.0584,4.3718,0.0018
4.4400,IMM-UKF-LOS,smooth,0.500,10.00,0.050,0,0.600,1,6.3755,8.8820,2.5065,1.5349,0.3600,0.3600,0.0065,6.0000,7.5469,0.0051,7.9931,0.6119,35.9303,-26.3431,38.8419,-27.3325,38.8419,-27.3325,36.9297,-27.3379,24.2110,-24.3798,2.9115,-0.9895,2.9115,-0.9895,0.9993,-0.9948,42,0.0700,42,0,0.9637,0.0299,0.0065,2.2897,1.0038,-0.3137,0.8296,5.9424,0.0000,1,0.0831,0.0584,4.3718,0.0018
4.4500,IMM-UKF-LOS,smooth,0.500,10.00,0.050,0,0.600,1,6.4044,8.9426,2.5382,1.5545,0.3600,0.3600,0.0062,6.0000,7.5469,0.0058,8.6263,0.6112,35.5211,-26.1909,38.8419,-27.3325,38.8419,-27.3325,36.5967,-27.2659,24.1273,-24.2944,3.3208,-1.1417,3.3208,-1.1417,1.0756,-1.0751,42,0.0800,42,0,0.9637,0.0299,0.0065,2.1835,0.8495,-0.2424,0.8092,5.9452,0.0000,1,0.0831,0.0584,4.3718,0.0018
4.4600,IMM-UKF-LOS,smooth,0.500,10.00,0.050,0,0.600,1,6.4354,9.0072,2.5719,1.5746,0.3600,0.3600,0.0060,6.0000,7.5469,0.0065,9.2747,0.6104,35.1144,-26.0384,38.8419,-27.3325,38.8419,-27.3325,36.2674,-27.1961,24.0446,-24.2341,3.7274,-1.2941,3.7274,-1.2941,1.1530,-1.1577,42,0.0900,42,0,0.9637,0.0299,0.0065,2.0809,0.6991,-0.1642,0.7889,5.9479,0.0000,1,0.1114,0.0467,4.3718,-0.0016
4.4700,IMM-UKF-LOS,smooth,0.500,10.00,0.050,0,0.600,1,6.4685,9.0759,2.6074,1.5953,0.3600,0.3600,0.0057,6.0000,7.5469,0.0073,9.9457,0.6094,34.7108,-25.8868,38.8419,-27.3325,38.8419,-27.3325,35.9422,-27.1312,23.9624,-24.2041,4.1311,-1.4457,4.1311,-1.4457,1.2314,-1.2444,42,0.1000,42,0,0.9637,0.0299,0.0065,1.9823,0.5536,-0.0779,0.7685,5.9506,0.0000,1,0.1114,0.0467,4.3718,-0.0016
4.4800,IMM-UKF-LOS,smooth,0.500,10.00,0.050,0,0.600,1,6.5039,9.1484,2.6446,1.6166,0.3600,0.3600,0.0054,6.0000,7.5469,0.0082,10.6498,0.6082,34.3105,-25.7372,38.8419,-27.3325,38.8419,-27.3325,35.6216,-27.0746,23.8802,-24.2111,4.5314,-1.5954,4.5314,-1.5954,1.3111,-1.3374,42,0.1100,42,0,0.9637,0.0299,0.0065,1.8886,0.4145,0.0183,0.7482,5.9532,0.0000,1,0.1114,0.0467,4.3718,-0.0016
4.4900,IMM-UKF-LOS,smooth,0.500,10.00,0.050,0,0.600,1,6.5413,9.2246,2.6833,1.6384,0.3600,0.3600,0.0052,6.0000,7.5469,0.0092,11.4024,0.6069,33.9137,-25.5911,38.8419,-27.3325,38.8419,-27.3325,35.3059,-27.0310,23.7973,-24.2651,4.9282,-1.7414,4.9282,-1.7414,1.3922,-1.4399,42,0.1200,42,0,0.9637,0.0299,0.0065,1.8009,0.2845,0.1268,0.7278,5.9557,0.0000,1,0.1114,0.0467,4.3718,-0.0016
4.5000,IMM-UKF-LOS,smooth,0.500,10.00,0.050,0,0.600,1,6.5807,9.3038,2.7231,1.6609,0.3600,0.3600,0.0049,6.0000,7.5469,0.0105,12.2271,0.6052,33.5208,-25.4505,38.8419,-27.3325,38.8419,-27.3325,34.9961,-27.0072,23.7123,-24.3804,5.3211,-1.8820,5.3211,-1.8820,1.4753,-1.5567,42,0.1300,42,0,0.9637,0.0299,0.0065,1.7216,0.1679,0.2508,0.7075,5.9581,0.0000,1,0.1114,0.0467,4.3718,-0.0016
4.5100,IMM-UKF-LOS,smooth,0.500,10.00,0.050,0,0.600,1,6.6220,9.0827,2.4607,1.6261,0.3600,0.3600,0.0047,6.0000,7.8479,0.0073,2.6366,0.6034,33.1322,-25.3177,35.1144,-26.0384,35.1144,-26.0384,33.4876,-25.6199,20.9628,-21.0863,1.9823,-0.7207,1.9823,-0.7207,0.3554,-0.3021,43,0.0500,43,0,0.9437,0.0428,0.0135,1.6545,0.0724,0.3937,0.6872,5.9605,0.0000,1,0.1114,0.0467,4.4584,-0.0016
4.5200,IMM-UKF-LOS,smooth,0.500,10.00,0.050,0,0.600,1,6.6649,9.1495,2.4845,1.6466,0.3600,0.3600,0.0044,6.0000,7.8479,0.0093,3.0456,0.6014,32.7481,-25.1958,35.1144,-26.0384,35.1144,-26.0384,33.1458,-25.5565,20.8511,-21.3381,2.3663,-0.8426,2.3663,-0.8426,0.3977,-0.3607,43,0.0600,43,0,0.9437,0.0428,0.0135,1.6064,0.0115,0.5564,0.6669,5.9628,0.0000,1,0.1114,0.0467,4.4584,-0.0016
4.5300,IMM-UKF-LOS,smooth,0.500,10.00,0.050,0,0.600,1,6.7089,9.2158,2.5069,1.6676,0.3600,0.3600,0.0041,6.0000,7.8479,0.0115,3.5426,0.5992,32.3693,-25.0877,35.1144,-26.0384,35.1144,-26.0384,32.8129,-25.5233,20.7230,-21.6804,2.7452,-0.9508,2.7452,-0.9508,0.4437,-0.4357,43,0.0700,43,0,0.9437,0.0428,0.0135,1.5861,0.0033,0.7306,0.6466,5.9651,0.0000,1,0.1114,0.0467,4.4584,-0.0016
4.5400,IMM-UKF-LOS,smooth,0.500,10.00,0.050,0,0.600,1,6.7533,9.2787,2.5253,1.6891,0.3600,0.3600,0.0039,6.0000,7.8479,0.0139,4.1175,0.5968,31.9961,-24.9947,35.1144,-26.0384,35.1144,-26.0384,32.4903,-25.5180,20.5752,-22.0701,3.1184,-1.0438,3.1184,-1.0438,0.4943,-0.5233,43,0.0800,43,0,0.9437,0.0428,0.0135,1.5978,0.0573,0.8928,0.6263,5.9672,0.0000,1,0.1114,0.0467,4.4584,-0.0016
4.5500,IMM-UKF-LOS,smooth,0.500,10.00,0.050,0,0.600,1,6.7975,9.3364,2.5389,1.7111,0.3600,0.3600,0.0036,6.0000,7.8479,0.0164,4.7210,0.5944,31.6288,-24.9159,35.1144,-26.0384,35.1144,-26.0384,32.1780,-25.5290,20.4121,-22.4432,3.4857,-1.1225,3.4857,-1.1225,0.5492,-0.6131,43,0.0900,43,0,0.9437,0.0428,0.0135,1.6341,0.1604,1.0214,0.6061,5.9693,0.0000,1,0.1114,0.0467,4.4584,-0.0016
4.5600,IMM-UKF-LOS,smooth,0.500,10.00,0.050,0,0.600,1,6.8409,9.3891,2.5481,1.7337,0.3600,0.3600,0.0034,6.0000,7.8479,0.0188,5.3124,0.5919,31.2673,-24.8495,35.1144,-26.0384,35.1144,-26.0384,31.8750,-25.5468,20.2408,-22.7692,3.8471,-1.1889,3.8471,-1.1889,0.6077,-0.6973,43,0.1000,43,0,0.9437,0.0428,0.0135,1.6837,0.2913,1.1135,0.5858,5.9713,0.0000,1,0.1114,0.0467,4.4584,-0.0016
4.5700,IMM-UKF-LOS,smooth,0.500,10.00,0.050,0,0.600,1,6.8834,9.4374,2.5540,1.7568,0.3600,0.3600,0.0032,6.0000,7.8479,0.0213,5.8771,0.5894,30.9116,-24.7934,35.1144,-26.0384,35.1144,-26.0384,31.5803,-25.5672,20.0662,-23.0476,4.2029,-1.2450,4.2029,-1.2450,0.6688,-0.7738,43,0.1100,43,0,0.9437,0.0428,0.0135,1.7393,0.4359,1.1760,0.5656,5.9733,0.0000,1,0.1114,0.0467,4.4584,-0.0016
4.5800,IMM-UKF-LOS,smooth,0.500,10.00,0.050,0,0.600,1,6.9247,9.4818,2.5571,1.7804,0.3600,0.3600,0.0029,6.0000,7.8479,0.0238,6.4144,0.5869,30.5613,-24.7461,35.1144,-26.0384,35.1144,-26.0384,31.2934,-25.5890,19.8906,-23.2866,4.5532,-1.2923,4.5532,-1.2923,0.7321,-0.8429,43,0.1200,43,0,0.9437,0.0428,0.0135,1.7970,0.5866,1.2164,0.5454,5.9752,0.0000,1,0.0857,0.0535,4.4584,0.0009
4.5900,IMM-UKF-LOS,smooth,0.500,10.00,0.050,0,0.600,1,6.9648,9.5228,2.5579,1.8046,0.3600,0.3600,0.0027,6.0000,7.8479,0.0262,6.9281,0.5845,30.2162,-24.7062,35.1144,-26.0384,35.1144,-26.0384,31.0136,-25.6117,19.7151,-23.4947,4.8982,-1.3323,4.8982,-1.3323,0.7974,-0.9055,43,0.1300,43,0,0.9437,0.0428,0.0135,1.8551,0.7398,1.2402,0.5252,5.9770,0.0000,1,0.0857,0.0535,4.4584,0.0009
4.6000,IMM-UKF-LOS,smooth,0.500,10.00,0.050,0,0.600,1,7.0037,9.5603,2.5567,1.8295,0.3600,0.3600,0.0025,6.0000,7.8479,0.0286,7.4226,0.5822,29.8761,-24.6726,35.1144,-26.0384,35.1144,-26.0384,30.7407,-25.6353,19.5404,-23.6786,5.2384,-1.3658,5.2384,-1.3658,0.8646,-0.9626,43,0.1400,43,0,0.9437,0.0428,0.0135,1.9127,0.8938,1.2516,0.5050,5.9787,0.0000,1,0.0857,0.0535,4.4584,0.0009
4.6100,IMM-UKF-LOS,smooth,0.500,10.00,0.050,0,0.600,1,7.0411,9.5947,2.5536,1.8549,0.3600,0.3600,0.0023,6.0000,7.8479,0.0309,7.9020,0.5799,29.5406,-24.6446,35.1144,-26.0384,35.1144,-26.0384,30.4743,-25.6595,19.3668,-23.8431,5.5738,-1.3938,5.5738,-1.3938,0.9337,-1.0149,43,0.1500,43,0,0.9437,0.0428,0.0135,1.9693,1.0475,1.2533,0.4848,5.9804,0.0000,1,0.0857,0.0535,4.4584,0.0009
4.6200,IMM-UKF-LOS,smooth,0.500,10.00,0.050,0,0.600,1,7.0773,9.6261,2.5488,1.8809,0.3600,0.3600,0.0021,6.0000,7.8479,0.0331,8.3698,0.5776,29.2096,-24.6214,35.1144,-26.0384,35.1144,-26.0384,30.2142,-25.6845,19.1944,-23.9919,5.9048,-1.4170,5.9048,-1.4170,1.0046,-1.0630,43,0.1600,43,0,0.9437,0.0428,0.0135,2.0248,1.2004,1.2474,0.4646,5.9820,0.0000,1,0.0857,0.0535,4.4584,0.0009
4.6300,IMM-UKF-LOS,smooth,0.500,10.00,0.050,0,0.600,1,7.1120,9.6544,2.5424,1.9075,0.3600,0.3600,0.0019,6.0000,7.8479,0.0353,8.8292,0.5755,28.8827,-24.6025,35.1144,-26.0384,35.1144,-26.0384,29.9600,-25.7100,19.0234,-24.1279,6.2317,-1.4359,6.2317,-1.4359,1.0773,-1.1075,43,0.1700,43,0,0.9437,0.0428,0.0135,2.0789,1.3523,1.2352,0.4445,5.9835,0.0000,1,0.0857,0.0535,4.4584,0.0009
4.6400,IMM-UKF-LOS,smooth,0.500,10.00,0.050,0,0.600,1,7.1453,9.3249,2.1796,1.7556,0.3600,0.3600,0.0017,6.0000,7.6583,0.0136,2.5759,0.5734,28.5598,-24.5874,30.5613,-24.7461,30.5613,-24.7461,29.0330,-24.5717,17.4700,-21.6961,2.0015,-0.1587,2.0015,-0.1587,0.4732,0.0156,44,0.0600,44,0,0.9538,0.0396,0.0067,2.1316,1.5030,1.2179,0.4244,5.9850,0.0000,1,0.0857,0.0535,4.5810,0.0009
4.6500,IMM-UKF-LOS,smooth,0.500,10.00,0.050,0,0.600,1,7.1773,9.3603,2.1830,1.7773,0.3600,0.3600,0.0015,6.0000,7.6583,0.0156,2.7824,0.5714,28.2406,-24.5756,30.5613,-24.7461,30.5613,-24.7461,28.7494,-24.5292,17.2799,-21.7505,2.3207,-0.1705,2.3207,-0.1705,0.5088,0.0463,44,0.0700,44,0,0.9538,0.0396,0.0067,2.1830,1.6524,1.1965,0.4043,5.9864,0.0000,1,0.0857,0.0535,4.5810,0.0009
4.6600,IMM-UKF-LOS,smooth,0.500,10.00,0.050,0,0.600,1,7.2079,9.3929,2.1851,1.7995,0.3600,0.3600,0.0013,6.0000,7.6583,0.0175,3.0125,0.5695,27.9249,-24.5668,30.5613,-24.7461,30.5613,-24.7461,28.4719,-24.4901,17.0908,-21.7977,2.6364,-0.1793,2.6364,-0.1793,0.5471,0.0767,44,0.0800,44,0,0.9538,0.0396,0.0067,2.2329,1.8005,1.1714,0.3842,5.9877,0.0000,1,0.0857,0.0535,4.5810,0.0009
4.6700,IMM-UKF-LOS,smooth,0.500,10.00,0.050,0,0.600,1,7.2370,9.4228,2.1857,1.8222,0.3600,0.3600,0.0011,6.0000,7.6583,0.0193,3.2636,0.5677,27.6124,-24.5607,30.5613,-24.7461,30.5613,-24.7461,28.2004,-24.4538,16.9028,-21.8385,2.9489,-0.1854,2.9489,-0.1854,0.5879,0.1069,44,0.0900,44,0,0.9538,0.0396,0.0067,2.2815,1.9471,1.1433,0.3641,5.9889,0.0000,1,0.1181,0.0583,4.5810,-0.0000
4.6800,IMM-UKF-LOS,smooth,0.500,10.00,0.050,0,0.600,1,7.2648,9.4498,2.1850,1.8454,0.3600,0.3600,0.0009,6.0000,7.6583,0.0210,3.5340,0.5660,27.3031,-24.5571,30.5613,-24.7461,30.5613,-24.7461,27.9345,-24.4200,16.7160,-21.8735,3.2582,-0.1890,3.2582,-0.1890,0.6314,0.1371,44,0.1000,44,0,0.9538,0.0396,0.0067,2.3286,2.0924,1.1127,0.3441,5.9901,0.0000,1,0.1181,0.0583,4.5810,-0.0000
4.6900,IMM-UKF-LOS,smooth,0.500,10.00,0.050,0,0.600,1,7.2912,9.4741,2.1830,1.8691,0.3600,0.3600,0.0007,6.0000,7.6583,0.0227,3.8224,0.5643,26.9967,-24.5556,30.5613,-24.7461,30.5613,-24.7461,27.6741,-24.3881,16.5302,-21.9032,3.5646,-0.1905,3.5646,-0.1905,0.6775,0.1675,44,0.1100,44,0,0.9538,0.0396,0.0067,2.3744,2.2362,1.0798,0.3241,5.9912,0.0000,1,0.1181,0.0583,4.5810,-0.0000
4.7000,IMM-UKF-LOS,smooth,0.500,10.00,0.050,0,0.600,1,7.3161,9.4957,2.1796,1.8933,0.3600,0.3600,0.0005,6.0000,7.6583,0.0243,4.1278,0.5628,26.6930,-24.5561,30.5613,-24.7461,30.5613,-24.7461,27.4190,-24.3580,16.3455,-21.9281,3.8683,-0.1900,3.8683,-0.1900,0.7261,0.1981,44,0.1200,44,0,0.9538,0.0396,0.0067,2.4188,2.3787,1.0450,0.3041,5.9923,0.0000,1,0.1181,0.0583,4.5810,-0.0000
4.7100,IMM-UKF-LOS,smooth,0.500,10.00,0.050,0,0.600,1,7.3397,9.5147,2.1749,1.9180,0.3600,0.3600,0.0003,6.0000,7.6583,0.0258,4.4496,0.5613,26.3919,-24.5584,30.5613,-24.7461,30.5613,-24.7461,27.1691,-24.3293,16.1620,-21.9485,4.1694,-0.1877,4.1694,-0.1877,0.7773,0.2291,44,0.1300,44,0,0.9538,0.0396,0.0067,2.4619,2.5199,1.0086,0.2841,5.9933,0.0000,1,0.1181,0.0583,4.5810,-0.0000
4.7200,IMM-UKF-LOS,smooth,0.500,10.00,0.050,0,0.600,1,7.3620,9.5309,2.1689,1.9433,0.3600,0.3600,0.0001,6.0000,7.6583,0.0272,4.7873,0.5599,26.0932,-24.5623,30.5613,-24.7461,30.5613,-24.7461,26.9242,-24.3018,15.9796,-21.9648,4.4681,-0.1838,4.4681,-0.1838,0.8310,0.2606,44,0.1400,44,0,0.9538,0.0396,0.0067,2.5037,2.6596,0.9707,0.2641,5.9942,0.0000,1,0.1181,0.0583,4.5810,-0.0000
4.7300,IMM-UKF-LOS,smooth,0.500,10.00,0.050,0,0.600,1,7.3829,9.5694,2.1866,1.9323,0.3600,0.3600,0.0000,6.0000,7.6692,0.0092,1.8870,0.5585,25.7967,-24.5678,27.6124,-24.5607,27.6124,-24.5607,25.9970,-24.3103,14.0551,-22.1760,1.8157,0.0070,1.8157,0.0070,0.2003,0.2574,45,0.0600,45,0,0.9530,0.0389,0.0081,2.5442,2.7981,0.9315,0.2442,5.9950,0.0000,1,0.1181,0.0583,4.6700,-0.0000
4.7400,IMM-UKF-LOS,smooth,0.500,10.00,0.050,0,0.600,1,7.4024,9.5924,2.1900,1.9557,0.3600,0.3600,0.0002,6.0000,7.6692,0.0104,2.1305,0.5573,25.5024,-24.5745,27.6124,-24.5607,27.6124,-24.5607,25.7212,-24.2793,13.8443,-22.1802,2.1100,0.0138,2.1100,0.0138,0.2188,0.2952,45,0.0700,45,0,0.9530,0.0389,0.0081,2.5834,2.9352,0.8912,0.2243,5.9958,0.0000,1,0.1181,0.0583,4.6700,-0.0000
4.7500,IMM-UKF-LOS,smooth,0.500,10.00,0.050,0,0.600,1,7.4205,9.6127,2.1922,1.9794,0.3600,0.3600,0.0004,6.0000,7.6692,0.0116,2.3824,0.5562,25.2100,-24.5825,27.6124,-24.5607,27.6124,-24.5607,25.4502,-24.2497,13.6342,-22.1815,2.4024,0.0218,2.4024,0.0218,0.2402,0.3328,45,0.0800,45,0,0.9530,0.0389,0.0081,2.6214,3.0710,0.8500,0.2044,5.9965,0.0000,1,0.1181,0.0583,4.6700,-0.0000
4.7600,IMM-UKF-LOS,smooth,0.500,10.00,0.050,0,0.600,1,7.4374,9.6305,2.1931,2.0036,0.3600,0.3600,0.0006,6.0000,7.6692,0.0127,2.6427,0.5551,24.9195,-24.5916,27.6124,-24.5607,27.6124,-24.5607,25.1839,-24.2213,13.4248,-22.1800,2.6929,0.0309,2.6929,0.0309,0.2645,0.3703,45,0.0900,45,0,0.9530,0.0389,0.0081,2.6582,3.2056,0.8079,0.1845,5.9972,0.0000,1,0.1181,0.0583,4.6700,-0.0000
4.7700,IMM-UKF-LOS,smooth,0.500,10.00,0.050,0,0.600,1,7.4529,9.6457,2.1928,2.0282,0.3600,0.3600,0.0007,6.0000,7.6692,0.0137,2.9115,0.5541,24.6306,-24.6017,27.6124,-24.5607,27.6124,-24.5607,24.9222,-24.1938,13.2159,-22.1758,2.9818,0.0410,2.9818,0.0410,0.2915,0.4079,45,0.1000,45,0,0.9530,0.0389,0.0081,2.6937,3.3388,0.7651,0.1647,5.9977,0.0000,1,0.1181,0.0583,4.6700,-0.0000
4.7800,IMM-UKF-LOS,smooth,0.500,10.00,0.050,0,0.600,1,7.4671,9.6584,2.1913,2.0533,0.3600,0.3600,0.0009,6.0000,7.6692,0.0146,3.1892,0.5532,24.3434,-24.6128,27.6124,-24.5607,27.6124,-24.5607,24.6648,-24.1672,13.0077,-22.1690,3.2690,0.0520,3.2690,0.0520,0.3214,0.4456,45,0.1100,45,0,0.9530,0.0389,0.0081,2.7281,3.4709,0.7217,0.1449,5.9983,0.0000,1,0.1181,0.0583,4.6700,-0.0000
4.7900,IMM-UKF-LOS,smooth,0.500,10.00,0.050,0,0.600,1,7.4800,9.6686,2.1886,2.0789,0.3600,0.3600,0.0011,6.0000,7.6692,0.0154,3.4764,0.5524,24.0576,-24.6246,27.6124,-24.5607,27.6124,-24.5607,24.4116,-24.1412,12.8001,-22.1598,3.5549,0.0639,3.5549,0.0639,0.3540,0.4834,45,0.1200,45,0,0.9530,0.0389,0.0081,2.7613,3.6017,0.6778,0.1251,5.9987,0.0000,1,0.1163,0.0509,4.6700,0.0005
4.8000,IMM-UKF-LOS,smooth,0.500,10.00,0.050,0,0.600,1,7.4915,9.6763,2.1848,2.1049,0.3600,0.3600,0.0012,6.0000,7.6692,0.0162,3.7738,0.5516,23.7731,-24.6373,27.6124,-24.5607,27.6124,-24.5607,24.1626,-24.1157,12.5931,-22.1481,3.8393,0.0766,3.8393,0.0766,0.3895,0.5216,45,0.1300,45,0,0.9530,0.0389,0.0081,2.7933,3.7313,0.6334,0.1053,5.9991,0.0000,1,0.1163,0.0509,4.6700,0.0005
4.8100,IMM-UKF-LOS,smooth,0.500,10.00,0.050,0,0.600,1,7.5018,9.6816,2.1797,2.1315,0.3600,0.3600,0.0014,6.0000,7.6692,0.0169,4.0816,0.5510,23.4898,-24.6507,27.6124,-24.5607,27.6124,-24.5607,23.9176,-24.0906,12.3868,-22.1340,4.1226,0.0900,4.1226,0.0900,0.4277,0.5601,45,0.1400,45,0,0.9530,0.0389,0.0081,2.8242,3.8597,0.5886,0.0856,5.9994,0.0000,1,0.1163,0.0509,4.6700,0.0005
4.8200,IMM-UKF-LOS,smooth,0.500,10.00,0.050,0,0.600,1,7.5109,9.6845,2.1736,2.1585,0.3600,0.3600,0.0016,6.0000,7.6692,0.0174,4.4007,0.5504,23.2077,-24.6647,27.6124,-24.5607,27.6124,-24.5607,23.6765,-24.0658,12.1812,-22.1176,4.4048,0.1040,4.4048,0.1040,0.4688,0.5989,45,0.1500,45,0,0.9530,0.0389,0.0081,2.8540,3.9869,0.5435,0.0659,5.9996,0.0000,1,0.1163,0.0509,4.6700,0.0005
4.8300,IMM-UKF-LOS,smooth,0.500,10.00,0.050,0,0.600,1,7.5186,9.6850,2.1664,2.1861,0.3600,0.3600,0.0018,6.0000,7.6692,0.0180,4.7315,0.5499,22.9265,-24.6793,27.6124,-24.5607,27.6124,-24.5607,23.4392,-24.0411,11.9762,-22.0990,4.6859,0.1186,4.6859,0.1186,0.5127,0.6382,45,0.1600,45,0,0.9530,0.0389,0.0081,2.8826,4.1130,0.4981,0.0462,5.9998,0.0000,1,0.1163,0.0509,4.6700,0.0005
4.8400,IMM-UKF-LOS,smooth,0.500,10.00,0.050,0,0.600,1,7.5251,9.6832,2.1580,2.2142,0.3600,0.3600,0.0019,6.0000,7.6692,0.0185,5.0745,0.5495,22.6462,-24.6945,27.6124,-24.5607,27.6124,-24.5607,23.2057,-24.0165,11.7719,-22.0781,4.9662,0.1338,4.9662,0.1338,0.5595,0.6780,45,0.1700,45,0,0.9530,0.0389,0.0081,2.9102,4.2379,0.4526,0.0266,5.9999,0.0000,1,0.1163,0.0509,4.6700,0.0005
4.8500,IMM-UKF-LOS,smooth,0.500,10.00,0.050,0,0.600,1,7.5304,9.5240,1.9935,2.0654,0.3600,0.3600,0.0021,6.0000,7.3321,0.0035,2.6157,0.5491,22.3668,-24.7101,24.0576,-24.6246,24.0576,-24.6246,22.6847,-24.3822,10.7575,-23.2846,1.6908,0.0855,1.6908,0.0855,0.3179,0.3280,46,0.0600,46,0,0.9648,0.0301,0.0050,2.9367,4.3617,0.4069,0.0070,6.0000,0.0000,1,0.1163,0.0509,4.7905,0.0005
4.8600,IMM-UKF-LOS,smooth,0.500,10.00,0.050,0,0.600,1,7.5345,9.5309,1.9964,2.0894,0.3600,0.3600,0.0023,6.0000,7.3321,0.0038,2.8286,0.5489,22.0880,-24.7262,24.0576,-24.6246,24.0576,-24.6246,22.4322,-24.3719,10.5367,-23.2796,1.9695,0.1016,1.9695,0.1016,0.3441,0.3544,46,0.0700,46,0,0.9648,0.0301,0.0050,2.9621,4.4844,0.3611,-0.0126,6.0000,0.0000,1,0.1163,0.0509,4.7905,0.0005
4.8700,IMM-UKF-LOS,smooth,0.500,10.00,0.050,0,0.600,1,7.5373,9.5355,1.9982,2.1137,0.3600,0.3600,0.0024,6.0000,7.3321,0.0041,3.0528,0.5486,21.8099,-24.7427,24.0576,-24.6246,24.0576,-24.6246,22.1834,-24.3620,10.3162,-23.2732,2.2477,0.1181,2.2477,0.1181,0.3735,0.3808,46,0.0800,46,0,0.9648,0.0301,0.0050,2.9865,4.6060,0.3152,-0.0322,5.9999,0.0000,1,0.1163,0.0509,4.7905,0.0005
4.8800,IMM-UKF-LOS,smooth,0.500,10.00,0.050,0,0.600,1,7.5389,9.5377,1.9988,2.1385,0.3600,0.3600,0.0026,6.0000,7.3321,0.0043,3.2887,0.5485,21.5322,-24.7596,24.0576,-24.6246,24.0576,-24.6246,21.9382,-24.3524,10.0960,-23.2656,2.5253,0.1350,2.5253,0.1350,0.4059,0.4073,46,0.0900,46,0,0.9648,0.0301,0.0050,3.0098,4.7265,0.2693,-0.0517,5.9998,0.0000,1,0.1163,0.0509,4.7905,0.0005
4.8900,IMM-UKF-LOS,smooth,0.500,10.00,0.050,0,0.600,1,7.5393,9.5376,1.9983,2.1636,0.3600,0.3600,0.0028,6.0000,7.3321,0.0045,3.5369,0.5484,21.2550,-24.7769,24.0576,-24.6246,24.0576,-24.6246,21.6965,-24.3430,9.8762,-23.2568,2.8026,0.1522,2.8026,0.1522,0.4415,0.4339,46,0.1000,46,0,0.9648,0.0301,0.0050,3.0321,4.8459,0.2235,-0.0712,5.9996,0.0000,1,0.1163,0.0509,4.7905,0.0005
4.9000,IMM-UKF-LOS,smooth,0.500,10.00,0.050,0,0.600,1,7.5385,9.5353,1.9967,2.1892,0.3600,0.3600,0.0029,6.0000,7.3321,0.0046,3.7976,0.5485,20.9781,-24.7945,24.0576,-24.6246,24.0576,-24.6246,21.4583,-24.3338,9.6567,-23.2468,3.0795,0.1698,3.0795,0.1698,0.4802,0.4606,46,0.1100,46,0,0.9648,0.0301,0.0050,3.0534,4.9643,0.1777,-0.0906,5.9993,0.0000,1,0.1163,0.0509,4.7905,0.0005
4.9100,IMM-UKF-LOS,smooth,0.500,10.00,0.050,0,0.600,1,7.5366,9.5307,1.9941,2.2152,0.3600,0.3600,0.0031,6.0000,7.3321,0.0047,4.0716,0.5485,20.7015,-24.8123,24.0576,-24.6246,24.0576,-24.6246,21.2235,-24.3248,9.4376,-23.2357,3.3561,0.1877,3.3561,0.1877,0.5221,0.4876,46,0.1200,46,0,0.9648,0.0301,0.0050,3.0737,5.0816,0.1320,-0.1101,5.9990,0.0000,1,0.1185,0.0591,4.7905,0.0011
4.9200,IMM-UKF-LOS,smooth,0.500,10.00,0.050,0,0.600,1,7.5335,9.5239,1.9904,2.2417,0.3600,0.3600,0.0033,6.0000,7.3321,0.0047,4.3592,0.5487,20.4250,-24.8305,24.0576,-24.6246,24.0576,-24.6246,20.9921,-24.3158,9.2189,-23.2235,3.6326,0.2059,3.6326,0.2059,0.5671,0.5147,46,0.1300,46,0,0.9648,0.0301,0.0050,3.0930,5.1980,0.0865,-0.1295,5.9986,0.0000,1,0.1185,0.0591,4.7905,0.0011
4.9300,IMM-UKF-LOS,smooth,0.500,10.00,0.050,0,0.600,1,7.5293,9.5149,1.9857,2.2687,0.3600,0.3600,0.0034,6.0000,7.3321,0.0047,4.6610,0.5489,20.1486,-24.8489,24.0576,-24.6246,24.0576,-24.6246,20.7639,-24.3069,9.0006,-23.2102,3.9090,0.2243,3.9090,0.2243,0.6154,0.5420,46,0.1400,46,0,0.9648,0.0301,0.0050,3.1114,5.3133,0.0411,-0.1488,5.9982,0.0000,1,0.1185,0.0591,4.7905,0.0011
4.9400,IMM-UKF-LOS,smooth,0.500,10.00,0.050,0,0.600,1,7.5239,9.5038,1.9799,2.2962,0.3600,0.3600,0.0036,6.0000,7.3321,0.0048,4.9776,0.5492,19.8721,-24.8676,24.0576,-24.6246,24.0576,-24.6246,20.5390,-24.2980,8.7826,-23.1960,4.1855,0.2430,4.1855,0.2430,0.6669,0.5696,46,0.1500,46,0,0.9648,0.0301,0.0050,3.1287,5.4276,-0.0041,-0.1682,5.9976,0.0000,1,0.1185,0.0591,4.7905,0.0011
4.9500,IMM-UKF-LOS,smooth,0.500,10.00,0.050,0,0.600,1,7.5174,9.4906,1.9732,2.3241,0.3600,0.3600,0.0038,6.0000,7.3321,0.0047,5.3093,0.5496,19.5956,-24.8865,24.0576,-24.6246,24.0576,-24.6246,20.3173,-24.2891,8.5651,-23.1809,4.4620,0.2619,4.4620,0.2619,0.7217,0.5974,46,0.1600,46,0,0.9648,0.0301,0.0050,3.1451,5.5410,-0.0490,-0.1874,5.9971,0.0000,1,0.1185,0.0591,4.7905,0.0011
4.9600,IMM-UKF-LOS,smooth,0.500,10.00,0.050,0,0.600,1,7.5097,9.4752,1.9655,2.3526,0.3600,0.3600,0.0040,6.0000,7.3321,0.0048,5.6566,0.5501,19.3189,-24.9057,24.0576,-24.6246,24.0576,-24.6246,20.0987,-24.2802,8.3481,-23.1650,4.7387,0.2810,4.7387,0.2810,0.7798,0.6254,46,0.1700,46,0,0.9648,0.0301,0.0050,3.1606,5.6534,-0.0937,-0.2067,5.9964,0.0000,1,0.1185,0.0591,4.7905,0.0011
4.9700,IMM-UKF-LOS,smooth,0.500,10.00,0.050,0,0.600,1,7.5010,9.4077,1.9067,2.3244,0.3600,0.3600,0.0041,6.0000,7.1378,0.0027,2.0153,0.5506,19.0420,-24.9250,20.7015,-24.8123,20.7015,-24.8123,19.3605,-24.7520,6.6269,-24.5969,1.6595,0.1127,1.6595,0.1127,0.3185,0.1731,47,0.0600,47,0,0.9697,0.0257,0.0046,3.1751,5.7648,-0.1381,-0.2259,5.9957,0.0000,1,0.1185,0.0591,4.9111,0.0011
4.9800,IMM-UKF-LOS,smooth,0.500,10.00,0.050,0,0.600,1,7.4912,9.4011,1.9099,2.3501,0.3600,0.3600,0.0043,6.0000,7.1378,0.0034,2.1754,0.5512,18.7648,-24.9446,20.7015,-24.8123,20.7015,-24.8123,19.1113,-24.7619,6.3773,-24.6044,1.9367,0.1323,1.9367,0.1323,0.3465,0.1827,47,0.0700,47,0,0.9697,0.0257,0.0046,3.1887,5.8753,-0.1822,-0.2451,5.9950,0.0000,1,0.1185,0.0591,4.9111,0.0011
4.9900,IMM-UKF-LOS,smooth,0.500,10.00,0.050,0,0.600,1,7.4803,9.3923,1.9120,2.3761,0.3600,0.3600,0.0045,6.0000,7.1378,0.0041,2.3519,0.5519,18.4871,-24.9644,20.7015,-24.8123,20.7015,-24.8123,18.8650,-24.7721,6.1274,-24.6121,2.2143,0.1521,2.2143,0.1521,0.3779,0.1923,47,0.0800,47,0,0.9697,0.0257,0.0046,3.2014,5.9849,-0.2259,-0.2643,5.9942,0.0000,1,0.1185,0.0591,4.9111,0.0011
5.0000,IMM-UKF-LOS,smooth,0.500,10.00,0.050,0,0.600,1,7.4683,9.3815,1.9132,2.4024,0.3600,0.3600,0.0047,6.0000,7.1378,0.0049,2.5451,0.5526,18.2090,-24.9844,20.7015,-24.8123,20.7015,-24.8123,18.6218,-24.7825,5.8773,-24.6199,2.4925,0.1721,2.4925,0.1721,0.4128,0.2019,47,0.0900,47,0,0.9697,0.0257,0.0046,3.2131,6.0936,-0.2693,-0.2834,5.9933,0.0000,1,0.1185,0.0591,4.9111,0.0011
5.0100,IMM-UKF-LOS,smooth,0.500,10.00,0.050,0,0.600,1,7.4553,9.3687,1.9134,2.4292,0.3600,0.3600,0.0049,6.0000,7.1378,0.0058,2.7555,0.5534,17.9303,-25.0046,20.7015,-24.8123,20.7015,-24.8123,18.3814,-24.7931,5.6270,-24.6281,2.7711,0.1923,2.7711,0.1923,0.4511,0.2115,47,0.1000,47,0,0.9697,0.0257,0.0046,3.2240,6.2014,-0.3122,-0.3024,5.9924,0.0000,1,0.1185,0.0591,4.9111,0.0011
5.0200,IMM-UKF-LOS,smooth,0.500,10.00,0.050,0,0.600,1,7.4412,9.3538,1.9125,2.4563,0.3600,0.3600,0.0051,6.0000,7.1378,0.0068,2.9833,0.5543,17.6510,-25.0251,20.7015,-24.8123,20.7015,-24.8123,18.1439,-24.8040,5.3765,-24.6367,3.0504,0.2127,3.0504,0.2127,0.4928,0.2211,47,0.1100,47,0,0.9697,0.0257,0.0046,3.2339,6.3083,-0.3547,-0.3215,5.9914,0.0000,1,0.1185,0.0591,4.9111,0.0011
5.0300,IMM-UKF-LOS,smooth,0.500,10.00,0.050,0,0.600,1,7.4261,9.3369,1.9108,2.4838,0.3600,0.3600,0.0053,6.0000,7.1378,0.0078,3.2291,0.5552,17.3710,-25.0458,20.7015,-24.8123,20.7015,-24.8123,17.9092,-24.8152,5.1258,-24.6460,3.3304,0.2334,3.3304,0.2334,0.5382,0.2306,47,0.1200,47,0,0.9697,0.0257,0.0046,3.2430,6.4144,-0.3967,-0.3405,5.9903,0.0000,1,0.0982,0.0442,4.9111,0.0004
5.0400,IMM-UKF-LOS,smooth,0.500,10.00,0.050,0,0.600,1,7.4100,9.3181,1.9081,2.5117,0.3600,0.3600,0.0055,6.0000,7.1378,0.0089,3.4931,0.5562,17.0902,-25.0667,20.7015,-24.8123,20.7015,-24.8123,17.6773,-24.8267,4.8749,-24.6560,3.6112,0.2543,3.6112,0.2543,0.5871,0.2400,47,0.1300,47,0,0.9697,0.0257,0.0046,3.2512,6.5196,-0.4382,-0.3594,5.9892,0.0000,1,0.0982,0.0442,4.9111,0.0004
5.0500,IMM-UKF-LOS,smooth,0.500,10.00,0.050,0,0.600,1,7.3929,9.2974,1.9045,2.5401,0.3600,0.3600,0.0057,6.0000,7.1378,0.0100,3.7758,0.5573,16.8086,-25.0878,20.7015,-24.8123,20.7015,-24.8123,17.4482,-24.8387,4.6238,-24.6671,3.8928,0.2755,3.8928,0.2755,0.6396,0.2492,47,0.1400,47,0,0.9697,0.0257,0.0046,3.2585,6.6240,-0.4791,-0.3783,5.9881,0.0000,1,0.0982,0.0442,4.9111,0.0004
5.0600,IMM-UKF-LOS,smooth,0.500,10.00,0.050,0,0.600,1,7.3747,9.2747,1.9000,2.5689,0.3600,0.3600,0.0059,6.0000,7.1378,0.0112,4.0777,0.5585,16.5261,-25.1093,20.7015,-24.8123,20.7015,-24.8123,17.2220,-24.8511,4.3726,-24.6794,4.1754,0.2969,4.1754,0.2969,0.6959,0.2582,47,0.1500,47,0,0.9697,0.0257,0.0046,3.2650,6.7276,-0.5195,-0.3972,5.9868,0.0000,1,0.0982,0.0442,4.9111,0.0004
5.0700,IMM-UKF-LOS,smooth,0.500,10.00,0.050,0,0.600,1,7.3556,9.2502,1.8946,2.5981,0.3600,0.3600,0.0061,6.0000,7.1378,0.0126,4.3988,0.5597,16.2425,-25.1310,20.7015,-24.8123,20.7015,-24.8123,16.9985,-24.8641,4.1211,-24.6932,4.4589,0.3187,4.4589,0.3187,0.7559,0.2669,47,0.1600,47,0,0.9697,0.0257,0.0046,3.2706,6.8304,-0.5592,-0.4161,5.9856,0.0000,1,0.0982,0.0442,4.9111,0.0004
5.0800,IMM-UKF-LOS,smooth,0.500,10.00,0.050,0,0.600,1,7.3355,9.1227,1.7871,2.4175,0.3600,0.3600,0.0063,6.0000,6.9793,0.0062,3.0503,0.5610,15.9579,-25.1531,17.3710,-25.0458,17.3710,-25.0458,16.4816,-24.9662,2.9513,-24.9940,1.4131,0.1073,1.4131,0.1073,0.5237,0.1869,48,0.0500,48,0,0.9738,0.0218,0.0044,3.2753,6.9324,-0.5983,-0.4348,5.9842,0.0000,1,0.0982,0.0442,5.0304,0.0004
5.0900,IMM-UKF-LOS,smooth,0.500,10.00,0.050,0,0.600,1,7.3145,9.1054,1.7909,2.4428,0.3600,0.3600,0.0065,6.0000,6.9793,0.0077,3.2584,0.5624,15.6721,-25.1755,17.3710,-25.0458,17.3710,-25.0458,16.2337,-24.9808,2.6756,-25.0112,1.6989,0.1298,1.6989,0.1298,0.5616,0.1947,48,0.0600,48,0,0.9738,0.0218,0.0044,3.2792,7.0336,-0.6366,-0.4536,5.9828,0.0000,1,0.0982,0.0442,5.0304,0.0004
5.1000,IMM-UKF-LOS,smooth,0.500,10.00,0.050,0,0.600,1,7.2925,9.0863,1.7938,2.4683,0.3600,0.3600,0.0068,6.0000,6.9793,0.0092,3.4860,0.5638,15.3851,-25.1983,17.3710,-25.0458,17.3710,-25.0458,15.9885,-24.9960,2.3993,-25.0307,1.9859,0.1526,1.9859,0.1526,0.6034,0.2023,48,0.0700,48,0,0.9738,0.0218,0.0044,3.2823,7.1341,-0.6742,-0.4723,5.9814,0.0000,1,0.0982,0.0442,5.0304,0.0004
5.1100,IMM-UKF-LOS,smooth,0.500,10.00,0.050,0,0.600,1,7.2695,9.0653,1.7957,2.4942,0.3600,0.3600,0.0070,6.0000,6.9793,0.0108,3.7332,0.5653,15.0968,-25.2215,17.3710,-25.0458,17.3710,-25.0458,15.7460,-25.0119,2.1222,-25.0527,2.2742,0.1758,2.2742,0.1758,0.6491,0.2096,48,0.0800,48,0,0.9738,0.0218,0.0044,3.2845,7.2339,-0.7109,-0.4910,5.9799,0.0000,1,0.0982,0.0442,5.0304,0.0004
5.1200,IMM-UKF-LOS,smooth,0.500,10.00,0.050,0,0.600,1,7.2457,9.0425,1.7968,2.5205,0.3600,0.3600,0.0072,6.0000,6.9793,0.0125,4.0005,0.5669,14.8072,-25.2453,17.3710,-25.0458,17.3710,-25.0458,15.5061,-25.0288,1.8444,-25.0778,2.5638,0.1995,2.5638,0.1995,0.6989,0.2165,48,0.0900,48,0,0.9738,0.0218,0.0044,3.2859,7.3330,-0.7468,-0.5096,5.9783,0.0000,1,0.0982,0.0442,5.0304,0.0004
5.1300,IMM-UKF-LOS,smooth,0.500,10.00,0.050,0,0.600,1,7.2209,9.0178,1.7970,2.5471,0.3600,0.3600,0.0075,6.0000,6.9793,0.0142,4.2882,0.5686,14.5161,-25.2695,17.3710,-25.0458,17.3710,-25.0458,15.2688,-25.0466,1.5659,-25.1064,2.8549,0.2237,2.8549,0.2237,0.7527,0.2228,48,0.1000,48,0,0.9738,0.0218,0.0044,3.2864,7.4314,-0.7816,-0.5282,5.9767,0.0000,1,0.1050,0.0488,5.0304,0.0011
5.1400,IMM-UKF-LOS,smooth,0.500,10.00,0.050,0,0.600,1,7.1952,8.9915,1.7963,2.5741,0.3600,0.3600,0.0077,6.0000,6.9793,0.0161,4.5967,0.5703,14.2235,-25.2943,17.3710,-25.0458,17.3710,-25.0458,15.0341,-25.0658,1.2867,-25.1391,3.1475,0.2486,3.1475,0.2486,0.8106,0.2285,48,0.1100,48,0,0.9738,0.0218,0.0044,3.2862,7.5291,-0.8155,-0.5467,5.9750,0.0000,1,0.1050,0.0488,5.0304,0.0011
5.1500,IMM-UKF-LOS,smooth,0.500,10.00,0.050,0,0.600,1,7.1686,8.9634,1.7947,2.6016,0.3600,0.3600,0.0079,6.0000,6.9793,0.0180,4.9266,0.5721,13.9292,-25.3198,17.3710,-25.0458,17.3710,-25.0458,14.8020,-25.0864,1.0066,-25.1766,3.4418,0.2740,3.4418,0.2740,0.8728,0.2334,48,0.1200,48,0,0.9738,0.0218,0.0044,3.2851,7.6262,-0.8481,-0.5652,5.9733,0.0000,1,0.1050,0.0488,5.0304,0.0011
5.1600,IMM-UKF-LOS,smooth,0.500,10.00,0.050,0,0.600,1,7.1412,8.9336,1.7924,2.6294,0.3600,0.3600,0.0082,6.0000,6.9793,0.0199,5.2781,0.5740,13.6333,-25.3460,17.3710,-25.0458,17.3710,-25.0458,14.5726,-25.1087,0.7258,-25.2197,3.7377,0.3003,3.7377,0.3003,0.9393,0.2373,48,0.1300,48,0,0.9738,0.0218,0.0044,3.2833,7.7227,-0.8795,-0.5837,5.9715,0.0000,1,0.1050,0.0488,5.0304,0.0011
5.1700,IMM-UKF-LOS,smooth,0.500,10.00,0.050,0,0.600,1,7.1129,8.9021,1.7893,2.6576,0.3600,0.3600,0.0085,6.0000,6.9793,0.0220,5.6518,0.5760,13.3357,-25.3731,17.3710,-25.0458,17.3710,-25.0458,14.3459,-25.1331,0.4442,-25.2693,4.0354,0.3273,4.0354,0.3273,1.0102,0.2399,48,0.1400,48,0,0.9738,0.0218,0.0044,3.2806,7.8186,-0.9096,-0.6021,5.9697,0.0000,1,0.1050,0.0488,5.0304,0.0011
5.1800,IMM-UKF-LOS,smooth,0.500,10.00,0.050,0,0.600,1,7.0837,8.9906,1.9069,2.5661,0.3600,0.3600,0.0087,6.0000,7.0163,0.0099,2.5601,0.5780,13.0361,-25.4010,14.5161,-25.2695,14.5161,-25.2695,13.5049,-25.4635,-1.6743,-26.3490,1.4800,0.1316,1.4800,0.1316,0.4688,-0.0624,49,0.0500,49,0,0.9717,0.0226,0.0057,3.2771,7.9140,-0.9381,-0.6204,5.9678,0.0000,1,0.1050,0.0488,5.1312,0.0011
5.1900,IMM-UKF-LOS,smooth,0.500,10.00,0.050,0,0.600,1,7.0537,8.9659,1.9122,2.5920,0.3600,0.3600,0.0090,6.0000,7.0163,0.0121,2.7678,0.5801,12.7347,-25.4301,14.5161,-25.2695,14.5161,-25.2695,13.2414,-25.4994,-1.9995,-26.4215,1.7814,0.1606,1.7814,0.1606,0.5067,-0.0693,49,0.0600,49,0,0.9717,0.0226,0.0057,3.2729,8.0089,-0.9648,-0.6388,5.9659,0.0000,1,0.1050,0.0488,5.1312,0.0011
5.2000,IMM-UKF-LOS,smooth,0.500,10.00,0.050,0,0.600,1,7.0229,8.9396,1.9167,2.6181,0.3600,0.3600,0.0093,6.0000,7.0163,0.0143,2.9995,0.5822,12.4313,-25.4603,14.5161,-25.2695,14.5161,-25.2695,12.9801,-25.5377,-2.3265,-26.5031,2.0848,0.1908,2.0848,0.1908,0.5488,-0.0774,49,0.0700,49,0,0.9717,0.0226,0.0057,3.2678,8.1033,-0.9896,-0.6570,5.9639,0.0000,1,0.1050,0.0488,5.1312,0.0011
5.2100,IMM-UKF-LOS,smooth,0.500,10.00,0.050,0,0.600,1,6.9913,8.9117,1.9204,2.6446,0.3600,0.3600,0.0096,6.0000,7.0163,0.0167,3.2560,0.5844,12.1258,-25.4919,14.5161,-25.2695,14.5161,-25.2695,12.7212,-25.5788,-2.6554,-26.5956,2.3903,0.2224,2.3903,0.2224,0.5954,-0.0869,49,0.0800,49,0,0.9717,0.0226,0.0057,3.2620,8.1973,-1.0122,-0.6753,5.9619,0.0000,1,0.1050,0.0488,5.1312,0.0011
5.2200,IMM-UKF-LOS,smooth,0.500,10.00,0.050,0,0.600,1,6.9589,8.8823,1.9234,2.6714,0.3600,0.3600,0.0099,6.0000,7.0163,0.0191,3.5383,0.5868,11.8180,-25.5251,14.5161,-25.2695,14.5161,-25.2695,12.4646,-25.6234,-2.9863,-26.7011,2.6981,0.2556,2.6981,0.2556,0.6466,-0.0983,49,0.0900,49,0,0.9717,0.0226,0.0057,3.2554,8.2909,-1.0322,-0.6934,5.9598,0.0000,1,0.1050,0.0488,5.1312,0.0011
5.2300,IMM-UKF-LOS,smooth,0.500,10.00,0.050,0,0.600,1,6.9257,8.8514,1.9257,2.6985,0.3600,0.3600,0.0102,6.0000,7.0163,0.0216,3.8476,0.5891,11.5081,-25.5601,14.5161,-25.2695,14.5161,-25.2695,12.2104,-25.6721,-3.3193,-26.8224,3.0080,0.2906,3.0080,0.2906,0.7024,-0.1120,49,0.1000,49,0,0.9717,0.0226,0.0057,3.2480,8.3841,-1.0491,-0.7116,5.9577,0.0000,1,0.1050,0.0488,5.1312,0.0011
5.2400,IMM-UKF-LOS,smooth,0.500,10.00,0.050,0,0.600,1,6.8918,8.8191,1.9273,2.7259,0.3600,0.3600,0.0105,6.0000,7.0163,0.0242,4.1851,0.5915,11.1958,-25.5972,14.5161,-25.2695,14.5161,-25.2695,11.9586,-25.7260,-3.6545,-26.9629,3.3203,0.3277,3.3203,0.3277,0.7628,-0.1288,49,0.1100,49,0,0.9717,0.0226,0.0057,3.2398,8.4770,-1.0623,-0.7296,5.9555,0.0000,1,0.0885,0.0590,5.1312,0.0006
5.2500,IMM-UKF-LOS,smooth,0.500,10.00,0.050,0,0.600,1,6.8571,8.7855,1.9284,2.7538,0.3600,0.3600,0.0108,6.0000,7.0163,0.0268,4.5530,0.5940,10.8810,-25.6368,14.5161,-25.2695,14.5161,-25.2695,11.7092,-25.7864,-3.9920,-27.1273,3.6351,0.3673,3.6351,0.3673,0.8282,-0.1496,49,0.1200,49,0,0.9717,0.0226,0.0057,3.2309,8.5697,-1.0710,-0.7477,5.9532,0.0000,1,0.0885,0.0590,5.1312,0.0006
5.2600,IMM-UKF-LOS,smooth,0.500,10.00,0.050,0,0.600,1,6.8218,8.7508,1.9290,2.7819,0.3600,0.3600,0.0111,6.0000,7.0163,0.0295,4.9541,0.5966,10.5637,-25.6793,14.5161,-25.2695,14.5161,-25.2695,11.4623,-25.8551,-4.3318,-27.3223,3.9524,0.4098,3.9524,0.4098,0.8985,-0.1758,49,0.1300,49,0,0.9717,0.0226,0.0057,3.2211,8.6620,-1.0740,-0.7657,5.9509,0.0000,1,0.0885,0.0590,5.1312,0.0006
5.2700,IMM-UKF-LOS,smooth,0.500,10.00,0.050,0,0.600,1,6.7858,8.7151,1.9293,2.8105,0.3600,0.3600,0.0115,6.0000,7.0163,0.0323,5.3924,0.5992,10.2438,-25.7253,14.5161,-25.2695,14.5161,-25.2695,11.2178,-25.9346,-4.6739,-27.5571,4.2723,0.4559,4.2723,0.4559,0.9740,-0.2093,49,0.1400,49,0,0.9717,0.0226,0.0057,3.2106,8.7540,-1.0694,-0.7836,5.9486,0.0000,1,0.0885,0.0590,5.1312,0.0006
5.2800,IMM-UKF-LOS,smooth,0.500,10.00,0.050,0,0.600,1,6.7492,8.6788,1.9296,2.8394,0.3600,0.3600,0.0118,6.0000,7.0163,0.0351,5.8748,0.6019,9.9212,-25.7758,14.5161,-25.2695,14.5161,-25.2695,10.9759,-26.0289,-5.0180,-27.8459,4.5949,0.5063,4.5949,0.5063,1.0547,-0.2531,49,0.1500,49,0,0.9717,0.0226,0.0057,3.1992,8.8452,-1.0543,-0.8015,5.9462,0.0000,1,0.0885,0.0590,5.1312,0.0006
5.2900,IMM-UKF-LOS,smooth,0.500,10.00,0.050,0,0.600,1,6.7122,8.6426,1.9304,2.8687,0.3600,0.3600,0.0122,6.0000,7.0163,0.0379,6.4130,0.6045,9.5957,-25.8318,14.5161,-25.2695,14.5161,-25.2695,10.7364,-26.1441,-5.3629,-28.2109,4.9204,0.5623,4.9204,0.5623,1.1407,-0.3123,49,0.1600,49,0,0.9717,0.0226,0.0057,3.1869,8.9345,-1.0239,-0.8193,5.9438,0.0000,1,0.0885,0.0590,5.1312,0.0006
5.3000,IMM-UKF-LOS,smooth,0.500,10.00,0.050,0,0.600,1,6.6747,9.2626,2.5878,2.1093,0.3600,0.3600,0.0125,6.0000,7.7178,0.0166,4.1601,0.6072,9.2672,-25.8951,11.1958,-25.5972,11.1958,-25.5972,9.9436,-25.5601,-5.8251,-26.3124,1.9286,0.2979,1.9286,0.2979,0.6764,0.3350,50,0.0600,50,0,0.9416,0.0439,0.0145,3.1732,9.0186,-0.9691,-0.8371,5.9413,0.0000,1,0.0885,0.0590,5.2407,0.0006
5.3100,IMM-UKF-LOS,smooth,0.500,10.00,0.050,0,0.600,1,6.6373,9.2399,2.6026,2.1311,0.3600,0.3600,0.0129,6.0000,7.7178,0.0194,4.4419,0.6098,8.9355,-25.9686,11.1958,-25.5972,11.1958,-25.5972,9.6740,-25.6380,-6.1311,-26.7623,2.2603,0.3714,2.2603,0.3714,0.7384,0.3306,50,0.0700,50,0,0.9416,0.0439,0.0145,3.1571,9.0853,-0.8724,-0.8548,5.9388,0.0000,1,0.0885,0.0590,5.2407,0.0006
5.3200,IMM-UKF-LOS,smooth,0.500,10.00,0.050,0,0.600,1,6.6007,9.2236,2.6230,2.1532,0.3600,0.3600,0.0133,6.0000,7.7178,0.0221,4.7076,0.6123,8.6003,-26.0549,11.1958,-25.5972,11.1958,-25.5972,9.4044,-25.7451,-6.3825,-27.3442,2.5955,0.4576,2.5955,0.4576,0.8041,0.3097,50,0.0800,50,0,0.9416,0.0439,0.0145,3.1347,9.0921,-0.7128,-0.8725,5.9362,0.0000,1,0.0885,0.0590,5.2407,0.0006
5.3300,IMM-UKF-LOS,smooth,0.500,10.00,0.050,0,0.600,1,6.5660,9.2194,2.6534,2.1757,0.3600,0.3600,0.0137,6.0000,7.7178,0.0246,5.0082,0.6146,8.2608,-26.1517,11.1958,-25.5972,11.1958,-25.5972,9.1316,-25.8548,-6.5233,-27.8193,2.9350,0.5545,2.9350,0.5545,0.8708,0.2969,50,0.0900,50,0,0.9416,0.0439,0.0145,3.1016,8.9812,-0.5268,-0.8901,5.9336,0.0000,1,0.0831,0.0538,5.2407,-0.0006
5.3400,IMM-UKF-LOS,smooth,0.500,10.00,0.050,0,0.600,1,6.5340,9.2248,2.6907,2.1987,0.3600,0.3600,0.0141,6.0000,7.7178,0.0268,5.3853,0.6166,7.9167,-26.2535,11.1958,-25.5972,11.1958,-25.5972,8.8561,-25.9396,-6.5863,-28.0421,3.2791,0.6563,3.2791,0.6563,0.9394,0.3140,50,0.1000,50,0,0.9416,0.0439,0.0145,3.0623,8.7910,-0.3723,-0.9077,5.9309,0.0000,1,0.0831,0.0538,5.2407,-0.0006
5.3500,IMM-UKF-LOS,smooth,0.500,10.00,0.050,0,0.600,1,6.5046,9.2360,2.7313,2.2221,0.3600,0.3600,0.0146,6.0000,7.7178,0.0289,5.8308,0.6184,7.5680,-26.3566,11.1958,-25.5972,11.1958,-25.5972,8.5793,-26.0015,-6.6232,-28.0944,3.6278,0.7594,3.6278,0.7594,1.0113,0.3551,50,0.1100,50,0,0.9416,0.0439,0.0145,3.0225,8.5750,-0.2529,-0.9252,5.9282,0.0000,1,0.0831,0.0538,5.2407,-0.0006
5.3600,IMM-UKF-LOS,smooth,0.500,10.00,0.050,0,0.600,1,6.4779,9.2524,2.7744,2.2459,0.3600,0.3600,0.0150,6.0000,7.7178,0.0308,6.3363,0.6201,7.2149,-26.4586,11.1958,-25.5972,11.1958,-25.5972,8.3025,-26.0461,-6.6459,-28.0492,3.9809,0.8614,3.9809,0.8614,1.0876,0.4125,50,0.1200,50,0,0.9416,0.0439,0.0145,2.9832,8.3483,-0.1553,-0.9427,5.9255,0.0000,1,0.0831,0.0538,5.2407,-0.0006
5.3700,IMM-UKF-LOS,smooth,0.500,10.00,0.050,0,0.600,1,6.4539,9.2738,2.8199,2.2703,0.3600,0.3600,0.0155,6.0000,7.7178,0.0326,6.8983,0.6216,6.8576,-26.5580,11.1958,-25.5972,11.1958,-25.5972,8.0261,-26.0760,-6.6586,-27.9418,4.3382,0.9608,4.3382,0.9608,1.1685,0.4820,50,0.1300,50,0,0.9416,0.0439,0.0145,2.9445,8.1157,-0.0722,-0.9601,5.9227,0.0000,1,0.0831,0.0538,5.2407,-0.0006
5.3800,IMM-UKF-LOS,smooth,0.500,10.00,0.050,0,0.600,1,6.4325,9.3001,2.8676,2.2950,0.3600,0.3600,0.0160,6.0000,7.7178,0.0341,7.5147,0.6229,6.4964,-26.6537,11.1958,-25.5972,11.1958,-25.5972,7.7505,-26.0924,-6.6636,-27.7912,4.6994,1.0565,4.6994,1.0565,1.2541,0.5612,50,0.1400,50,0,0.9416,0.0439,0.0145,2.9067,7.8795,0.0006,-0.9775,5.9198,0.0000,1,0.0831,0.0538,5.2407,-0.0006
5.3900,IMM-UKF-LOS,smooth,0.500,10.00,0.050,0,0.600,1,6.4137,9.1281,2.7144,2.1713,0.3600,0.3600,0.0165,6.0000,7.6495,0.0112,4.4533,0.6240,6.1316,-26.7447,8.2608,-26.1517,8.2608,-26.1517,6.8819,-26.4224,-8.7720,-28.3183,2.1292,0.5930,2.1292,0.5930,0.7503,0.3223,51,0.0600,51,0,0.9630,0.0284,0.0086,2.8698,7.6409,0.0656,-0.9948,5.9170,0.0000,1,0.0831,0.0538,5.3294,-0.0006
5.4000,IMM-UKF-LOS,smooth,0.500,10.00,0.050,0,0.600,1,6.3975,9.1419,2.7444,2.1933,0.3600,0.3600,0.0170,6.0000,7.6495,0.0125,4.9089,0.6250,5.7636,-26.8304,8.2608,-26.1517,8.2608,-26.1517,6.5784,-26.4526,-8.7921,-28.1340,2.4972,0.6787,2.4972,0.6787,0.8149,0.3778,51,0.0700,51,0,0.9630,0.0284,0.0086,2.8337,7.4006,0.1243,-1.0121,5.9140,0.0000,1,0.0831,0.0538,5.3294,-0.0006
5.4100,IMM-UKF-LOS,smooth,0.500,10.00,0.050,0,0.600,1,6.3840,9.1607,2.7767,2.2156,0.3600,0.3600,0.0175,6.0000,7.6495,0.0136,5.4012,0.6258,5.3927,-26.9101,8.2608,-26.1517,8.2608,-26.1517,6.2765,-26.4725,-8.8046,-27.9299,2.8681,0.7584,2.8681,0.7584,0.8838,0.4376,51,0.0800,51,0,0.9630,0.0284,0.0086,2.7987,7.1590,0.1779,-1.0293,5.9111,0.0000,1,0.0831,0.0538,5.3294,-0.0006
5.4200,IMM-UKF-LOS,smooth,0.500,10.00,0.050,0,0.600,1,6.3730,9.1844,2.8114,2.2383,0.3600,0.3600,0.0180,6.0000,7.6495,0.0147,5.9298,0.6265,5.0192,-26.9832,8.2608,-26.1517,8.2608,-26.1517,5.9763,-26.4815,-8.8104,-27.7088,3.2415,0.8316,3.2415,0.8316,0.9571,0.5017,51,0.0900,51,0,0.9630,0.0284,0.0086,2.7647,6.9162,0.2270,-1.0464,5.9080,0.0000,1,0.1166,0.0537,5.3294,0.0005
5.4300,IMM-UKF-LOS,smooth,0.500,10.00,0.050,0,0.600,1,6.3646,9.2130,2.8484,2.2615,0.3600,0.3600,0.0186,6.0000,7.6495,0.0155,6.4936,0.6270,4.6437,-27.0494,8.2608,-26.1517,8.2608,-26.1517,5.6782,-26.4796,-8.8110,-27.4739,3.6171,0.8978,3.6171,0.8978,1.0346,0.5698,51,0.1000,51,0,0.9630,0.0284,0.0086,2.7317,6.6735,0.2721,-1.0635,5.9050,0.0000,1,0.1166,0.0537,5.3294,0.0005
5.4400,IMM-UKF-LOS,smooth,0.500,10.00,0.050,0,0.600,1,6.3587,9.2462,2.8875,2.2850,0.3600,0.3600,0.0191,6.0000,7.6495,0.0163,7.0907,0.6275,4.2663,-27.1083,8.2608,-26.1517,8.2608,-26.1517,5.3825,-26.4666,-8.8086,-27.2282,3.9944,0.9566,3.9944,0.9566,1.1161,0.6417,51,0.1100,51,0,0.9630,0.0284,0.0086,2.7002,6.4322,0.3132,-1.0806,5.9019,0.0000,1,0.1166,0.0537,5.3294,0.0005
5.4500,IMM-UKF-LOS,smooth,0.500,10.00,0.050,0,0.600,1,6.3553,9.2839,2.9286,2.3090,0.3600,0.3600,0.0197,6.0000,7.6495,0.0169,7.7195,0.6277,3.8876,-27.1594,8.2608,-26.1517,8.2608,-26.1517,5.0893,-26.4424,-8.8039,-26.9731,4.3731,1.0077,4.3731,1.0077,1.2017,0.7170,51,0.1200,51,0,0.9630,0.0284,0.0086,2.6699,6.1926,0.3508,-1.0975,5.8988,0.0000,1,0.1166,0.0537,5.3294,0.0005
5.4600,IMM-UKF-LOS,smooth,0.500,10.00,0.050,0,0.600,1,6.3544,9.3261,2.9716,2.3335,0.3600,0.3600,0.0203,6.0000,7.6495,0.0174,8.3788,0.6278,3.5080,-27.2027,8.2608,-26.1517,8.2608,-26.1517,4.7990,-26.4071,-8.7971,-26.7098,4.7528,1.0510,4.7528,1.0510,1.2911,0.7956,51,0.1300,51,0,0.9630,0.0284,0.0086,2.6409,5.9546,0.3849,-1.1145,5.8956,0.0000,1,0.1166,0.0537,5.3294,0.0005
5.4700,IMM-UKF-LOS,smooth,0.500,10.00,0.050,0,0.600,1,6.3560,9.3726,3.0166,2.3584,0.3600,0.3600,0.0209,6.0000,7.6495,0.0178,9.0668,0.6279,3.1277,-27.2377,8.2608,-26.1517,8.2608,-26.1517,4.5118,-26.3604,-8.7888,-26.4389,5.1331,1.0860,5.1331,1.0860,1.3841,0.8773,51,0.1400,51,0,0.9630,0.0284,0.0086,2.6133,5.7185,0.4158,-1.1313,5.8924,0.0000,1,0.1166,0.0537,5.3294,0.0005
5.4800,IMM-UKF-LOS,smooth,0.500,10.00,0.050,0,0.600,1,6.3599,9.0745,2.7146,2.2982,0.3600,0.3600,0.0215,6.0000,7.3968,0.0041,5.1406,0.6277,2.7472,-27.2644,5.0192,-26.9832,5.0192,-26.9832,3.6531,-26.9675,-10.7372,-27.3996,2.2720,0.2811,2.2720,0.2811,0.9059,0.2968,52,0.0600,52,0,0.9600,0.0304,0.0097,2.5870,5.4842,0.4436,-1.1481,5.8891,0.0000,1,0.1166,0.0537,5.4205,0.0005
5.4900,IMM-UKF-LOS,smooth,0.500,10.00,0.050,0,0.600,1,6.3662,9.1073,2.7411,2.3211,0.3600,0.3600,0.0221,6.0000,7.3968,0.0045,5.5389,0.6274,2.3669,-27.2825,5.0192,-26.9832,5.0192,-26.9832,3.3404,-26.9564,-10.7468,-27.1386,2.6523,0.2992,2.6523,0.2992,0.9735,0.3261,52,0.0700,52,0,0.9600,0.0304,0.0097,2.5620,5.2517,0.4683,-1.1649,5.8858,0.0000,1,0.1166,0.0537,5.4205,0.0005
5.5000,IMM-UKF-LOS,smooth,0.500,10.00,0.050,0,0.600,1,6.3749,9.1444,2.7696,2.3443,0.3600,0.3600,0.0226,6.0000,7.3968,0.0049,5.9595,0.6271,1.9872,-27.2919,5.0192,-26.9832,5.0192,-26.9832,3.0312,-26.9332,-10.7534,-26.8697,3.0321,0.3086,3.0321,0.3086,1.0440,0.3587,52,0.0800,52,0,0.9600,0.0304,0.0097,2.5382,5.0211,0.4899,-1.1816,5.8825,0.0000,1,0.1166,0.0537,5.4205,0.0005
5.5100,IMM-UKF-LOS,smooth,0.500,10.00,0.050,0,0.600,1,6.3858,9.1858,2.8000,2.3679,0.3600,0.3600,0.0233,6.0000,7.3968,0.0052,6.4022,0.6266,1.6083,-27.2923,5.0192,-26.9832,5.0192,-26.9832,2.7256,-26.8977,-10.7575,-26.5928,3.4109,0.3091,3.4109,0.3091,1.1173,0.3946,52,0.0900,52,0,0.9600,0.0304,0.0097,2.5157,4.7924,0.5081,-1.1982,5.8791,0.0000,1,0.1166,0.0537,5.4205,0.0005
5.5200,IMM-UKF-LOS,smooth,0.500,10.00,0.050,0,0.600,1,6.3991,9.2313,2.8322,2.3919,0.3600,0.3600,0.0239,6.0000,7.3968,0.0055,6.8669,0.6259,1.2308,-27.2838,5.0192,-26.9832,5.0192,-26.9832,2.4239,-26.8497,-10.7595,-26.3074,3.7884,0.3006,3.7884,0.3006,1.1931,0.4341,52,0.1000,52,0,0.9600,0.0304,0.0097,2.4945,4.5656,0.5229,-1.2148,5.8757,0.0000,1,0.1166,0.0537,5.4205,0.0005
5.5300,IMM-UKF-LOS,smooth,0.500,10.00,0.050,0,0.600,1,6.4145,9.2808,2.8663,2.4163,0.3600,0.3600,0.0245,6.0000,7.3968,0.0059,7.3539,0.6252,0.8549,-27.2661,5.0192,-26.9832,5.0192,-26.9832,2.1264,-26.7887,-10.7596,-26.0129,4.1643,0.2828,4.1643,0.2828,1.2715,0.4773,52,0.1100,52,0,0.9600,0.0304,0.0097,2.4746,4.3408,0.5339,-1.2314,5.8723,0.0000,1,0.1166,0.0537,5.4205,0.0005
5.5400,IMM-UKF-LOS,smooth,0.500,10.00,0.050,0,0.600,1,6.4322,9.3343,2.9021,2.4412,0.3600,0.3600,0.0250,6.0000,7.3968,0.0055,7.8643,0.6242,0.4808,-27.2390,5.0192,-26.9832,5.0192,-26.9832,1.8331,-26.7144,-10.7583,-25.7078,4.5384,0.2557,4.5384,0.2557,1.3523,0.5246,52,0.1200,52,0,0.9600,0.0304,0.0097,2.4558,4.1179,0.5405,-1.2478,5.8688,0.0000,1,0.0936,0.0477,5.4205,-0.0010
5.5500,IMM-UKF-LOS,smooth,0.500,10.00,0.050,0,0.600,1,6.4520,9.3914,2.9394,2.4664,0.3600,0.3600,0.0256,6.0000,7.3968,0.0047,8.3994,0.6230,0.1088,-27.2023,5.0192,-26.9832,5.0192,-26.9832,1.5442,-26.6259,-10.7557,-25.3900,4.9104,0.2191,4.9104,0.2191,1.4354,0.5764,52,0.1300,52,0,0.9600,0.0304,0.0097,2.4383,3.8970,0.5420,-1.2642,5.8653,0.0000,1,0.0936,0.0477,5.4205,-0.0010
5.5600,IMM-UKF-LOS,smooth,0.500,10.00,0.050,0,0.600,1,6.4739,9.4520,2.9781,2.4921,0.3600,0.3600,0.0261,6.0000,7.3968,0.0051,8.9606,0.6216,-0.2606,-27.1558,5.0192,-26.9832,5.0192,-26.9832,1.2600,-26.5220,-10.7523,-25.0559,5.2798,0.1726,5.2798,0.1726,1.5205,0.6339,52,0.1400,52,0,0.9600,0.0304,0.0097,2.4219,3.6782,0.5369,-1.2806,5.8618,0.0000,1,0.0936,0.0477,5.4205,-0.0010
5.5700,IMM-UKF-LOS,smooth,0.500,10.00,0.050,0,0.600,1,6.4979,9.5159,3.0180,2.5182,0.3600,0.3600,0.0266,6.0000,7.3968,0.0063,9.5524,0.6202,-0.6270,-27.0990,5.0192,-26.9832,5.0192,-26.9832,0.9804,-26.4005,-10.7484,-24.6994,5.6462,0.1158,5.6462,0.1158,1.6074,0.6986,52,0.1500,52,0,0.9600,0.0304,0.0097,2.4067,3.4618,0.5231,-1.2969,5.8582,0.0000,1,0.0936,0.0477,5.4205,-0.0010
5.5800,IMM-UKF-LOS,smooth,0.500,10.00,0.050,0,0.600,1,6.5238,9.5823,3.0585,2.5447,0.3600,0.3600,0.0271,6.0000,7.3968,0.0082,10.1848,0.6188,-0.9902,-27.0312,5.0192,-26.9832,5.0192,-26.9832,0.7058,-26.2573,-10.7446,-24.3089,6.0094,0.0480,6.0094,0.0480,1.6959,0.7739,52,0.1600,52,0,0.9600,0.0304,0.0097,2.3926,3.2488,0.4962,-1.3131,5.8546,0.0000,1,0.0936,0.0477,5.4205,-0.0010
5.5900,IMM-UKF-LOS,smooth,0.500,10.00,0.050,0,0.600,1,6.5515,9.5116,2.9600,2.5301,0.3600,0.3600,0.0277,6.0000,7.3248,0.0118,4.2495,0.6172,-1.3498,-26.9512,0.4808,-27.2390,0.4808,-27.2390,-0.5568,-27.0230,-13.4274,-25.4146,1.8306,-0.2878,1.8306,-0.2878,0.7930,-0.0718,53,0.0500,53,0,0.9571,0.0337,0.0092,2.3793,3.0422,0.4469,-1.3293,5.8509,0.0000,1,0.0936,0.0477,5.5390,-0.0010
5.6000,IMM-UKF-LOS,smooth,0.500,10.00,0.050,0,0.600,1,6.5806,9.5601,2.9794,2.5545,0.3600,0.3600,0.0282,6.0000,7.3248,0.0142,4.4847,0.6158,-1.7057,-26.8562,0.4808,-27.2390,0.4808,-27.2390,-0.8698,-26.9353,-13.4608,-24.9404,2.1865,-0.3828,2.1865,-0.3828,0.8358,-0.0791,53,0.0600,53,0,0.9571,0.0337,0.0092,2.3657,2.8575,0.3501,-1.3454,5.8472,0.0000,1,0.0936,0.0477,5.5390,-0.0010
5.6100,IMM-UKF-LOS,smooth,0.500,10.00,0.050,0,0.600,1,6.6097,9.6009,2.9912,2.5793,0.3600,0.3600,0.0287,6.0000,7.3248,0.0166,4.7347,0.6143,-2.0571,-26.7449,0.4808,-27.2390,0.4808,-27.2390,-1.1745,-26.8193,-13.5498,-24.3875,2.5379,-0.4941,2.5379,-0.4941,0.8826,-0.0743,53,0.0700,53,0,0.9571,0.0337,0.0092,2.3447,2.7934,0.1702,-1.3614,5.8435,0.0000,1,0.0936,0.0477,5.5390,-0.0010
5.6200,IMM-UKF-LOS,smooth,0.500,10.00,0.050,0,0.600,1,6.6375,9.6316,2.9941,2.6043,0.3600,0.3600,0.0292,6.0000,7.3248,0.0188,5.0390,0.6131,-2.4035,-26.6275,0.4808,-27.2390,0.4808,-27.2390,-1.4687,-26.7363,-13.7137,-24.1209,2.8843,-0.6115,2.8843,-0.6115,0.9347,-0.1089,53,0.0800,53,0,0.9571,0.0337,0.0092,2.3117,2.8892,0.0381,-1.3774,5.8398,0.0000,1,0.0936,0.0477,5.5390,-0.0010
5.6300,IMM-UKF-LOS,smooth,0.500,10.00,0.050,0,0.600,1,6.6639,9.6588,2.9950,2.6297,0.3600,0.3600,0.0297,6.0000,7.3248,0.0209,5.3897,0.6119,-2.7449,-26.5092,0.4808,-27.2390,0.4808,-27.2390,-1.7553,-26.6782,-13.8937,-24.0210,3.2257,-0.7298,3.2257,-0.7298,0.9896,-0.1690,53,0.0900,53,0,0.9571,0.0337,0.0092,2.2753,3.0211,-0.0422,-1.3933,5.8360,0.0000,1,0.0936,0.0477,5.5390,-0.0010
5.6400,IMM-UKF-LOS,smooth,0.500,10.00,0.050,0,0.600,1,6.6890,9.6835,2.9946,2.6555,0.3600,0.3600,0.0302,6.0000,7.3248,0.0228,5.7862,0.6109,-3.0816,-26.3924,0.4808,-27.2390,0.4808,-27.2390,-2.0351,-26.6343,-14.0769,-23.9963,3.5624,-0.8466,3.5624,-0.8466,1.0465,-0.2419,53,0.1000,53,0,0.9571,0.0337,0.0092,2.2376,3.1615,-0.0970,-1.4092,5.8322,0.0000,1,0.1032,0.0413,5.5390,-0.0019
5.6500,IMM-UKF-LOS,smooth,0.500,10.00,0.050,0,0.600,1,6.7128,9.7059,2.9931,2.6817,0.3600,0.3600,0.0307,6.0000,7.3248,0.0247,6.2279,0.6100,-3.4137,-26.2783,0.4808,-27.2390,0.4808,-27.2390,-2.3085,-26.6012,-14.2605,-24.0152,3.8945,-0.9607,3.8945,-0.9607,1.1052,-0.3229,53,0.1100,53,0,0.9571,0.0337,0.0092,2.1991,3.3044,-0.1372,-1.4250,5.8283,0.0000,1,0.1032,0.0413,5.5390,-0.0019
5.6600,IMM-UKF-LOS,smooth,0.500,10.00,0.050,0,0.600,1,6.7353,9.7260,2.9906,2.7082,0.3600,0.3600,0.0311,6.0000,7.3248,0.0265,6.7130,0.6091,-3.7415,-26.1674,0.4808,-27.2390,0.4808,-27.2390,-2.5757,-26.5774,-14.4435,-24.0638,4.2223,-1.0715,4.2223,-1.0715,1.1658,-0.4100,53,0.1200,53,0,0.9571,0.0337,0.0092,2.1599,3.4477,-0.1676,-1.4407,5.8245,0.0000,1,0.1032,0.0413,5.5390,-0.0019
5.6700,IMM-UKF-LOS,smooth,0.500,10.00,0.050,0,0.600,1,6.7566,9.7438,2.9871,2.7352,0.3600,0.3600,0.0316,6.0000,7.3248,0.0281,7.2393,0.6083,-4.0652,-26.0604,0.4808,-27.2390,0.4808,-27.2390,-2.8370,-26.5623,-14.6257,-24.1352,4.5460,-1.1786,4.5460,-1.1786,1.2282,-0.5019,53,0.1300,53,0,0.9571,0.0337,0.0092,2.1201,3.5905,-0.1910,-1.4564,5.8206,0.0000,1,0.1032,0.0413,5.5390,-0.0019
5.6800,IMM-UKF-LOS,smooth,0.500,10.00,0.050,0,0.600,1,6.7767,9.7594,2.9827,2.7625,0.3600,0.3600,0.0320,6.0000,7.3248,0.0283,7.8030,0.6078,-4.3847,-25.9573,0.4808,-27.2390,0.4808,-27.2390,-3.0925,-26.5555,-14.8067,-24.2251,4.8655,-1.2817,4.8655,-1.2817,1.2922,-0.5982,53,0.1400,53,0,0.9571,0.0337,0.0092,2.0797,3.7325,-0.2092,-1.4720,5.8166,0.0000,1,0.1032,0.0413,5.5390,-0.0019
5.6900,IMM-UKF-LOS,smooth,0.500,10.00,0.050,0,0.600,1,6.7956,9.5462,2.7506,1.7992,0.3600,0.3600,0.0324,6.0000,7.1588,0.0056,5.9416,0.6073,-4.7004,-25.8585,-3.0816,-26.3924,-3.0816,-26.3924,-3.6342,-26.1188,-15.4727,-23.1762,1.6188,-0.5339,1.6188,-0.5339,1.0662,-0.2603,54,0.0500,54,0,0.9556,0.0347,0.0097,2.0389,3.8733,-0.2231,-1.4876,5.8127,0.0000,1,0.1032,0.0413,5.6381,-0.0019
5.7000,IMM-UKF-LOS,smooth,0.500,10.00,0.050,0,0.600,1,6.8134,9.5681,2.7547,1.8172,0.3600,0.3600,0.0327,6.0000,7.1588,0.0058,6.2593,0.6069,-5.0127,-25.7641,-3.0816,-26.3924,-3.0816,-26.3924,-3.9039,-26.0806,-15.6601,-23.2557,1.9311,-0.6283,1.9311,-0.6283,1.1087,-0.3165,54,0.0600,54,0,0.9556,0.0347,0.0097,1.9975,4.0129,-0.2334,-1.5030,5.8087,0.0000,1,0.1032,0.0413,5.6381,-0.0019
5.7100,IMM-UKF-LOS,smooth,0.500,10.00,0.050,0,0.600,1,6.8300,9.5877,2.7577,1.8356,0.3600,0.3600,0.0331,6.0000,7.1588,0.0060,6.6044,0.6065,-5.3216,-25.6743,-3.0816,-26.3924,-3.0816,-26.3924,-4.1679,-26.0494,-15.8463,-23.3471,2.2400,-0.7182,2.2400,-0.7182,1.1537,-0.3751,54,0.0700,54,0,0.9556,0.0347,0.0097,1.9557,4.1512,-0.2409,-1.5185,5.8047,0.0000,1,0.1032,0.0413,5.6381,-0.0019
5.7200,IMM-UKF-LOS,smooth,0.500,10.00,0.050,0,0.600,1,6.8455,9.6050,2.7596,1.8546,0.3600,0.3600,0.0335,6.0000,7.1588,0.0062,6.9765,0.6062,-5.6273,-25.5890,-3.0816,-26.3924,-3.0816,-26.3924,-4.4261,-26.0252,-16.0312,-23.4496,2.5457,-0.8034,2.5457,-0.8034,1.2012,-0.4362,54,0.0800,54,0,0.9556,0.0347,0.0097,1.9135,4.2881,-0.2458,-1.5338,5.8006,0.0000,1,0.1032,0.0413,5.6381,-0.0019
5.7300,IMM-UKF-LOS,smooth,0.500,10.00,0.050,0,0.600,1,6.8598,9.6202,2.7604,1.8740,0.3600,0.3600,0.0339,6.0000,7.1588,0.0063,7.3751,0.6059,-5.9300,-25.5084,-3.0816,-26.3924,-3.0816,-26.3924,-4.6789,-26.0082,-16.2149,-23.5628,2.8484,-0.8840,2.8484,-0.8840,1.2511,-0.4998,54,0.0900,54,0,0.9556,0.0347,0.0097,1.8708,4.4236,-0.2486,-1.5491,5.7966,0.0000,1,0.1032,0.0413,5.6381,-0.0019
5.7400,IMM-UKF-LOS,smooth,0.500,10.00,0.050,0,0.600,1,6.8731,9.6332,2.7601,1.8940,0.3600,0.3600,0.0342,6.0000,7.1588,0.0064,7.7999,0.6056,-6.2299,-25.4325,-3.0816,-26.3924,-3.0816,-26.3924,-4.9264,-25.9984,-16.3974,-23.6863,3.1483,-0.9600,3.1483,-0.9600,1.3035,-0.5660,54,0.1000,54,0,0.9556,0.0347,0.0097,1.8277,4.5576,-0.2493,-1.5643,5.7925,0.0000,1,0.1032,0.0413,5.6381,-0.0019
5.7500,IMM-UKF-LOS,smooth,0.500,10.00,0.050,0,0.600,1,6.8852,9.6441,2.7588,1.9145,0.3600,0.3600,0.0346,6.0000,7.1588,0.0065,8.2504,0.6054,-6.5270,-25.3613,-3.0816,-26.3924,-3.0816,-26.3924,-5.1687,-25.9959,-16.5786,-23.8198,3.4454,-1.0312,3.4454,-1.0312,1.3583,-0.6347,54,0.1100,54,0,0.9556,0.0347,0.0097,1.7842,4.6903,-0.2484,-1.5795,5.7884,0.0000,1,0.0855,0.0580,5.6381,-0.0018
5.7600,IMM-UKF-LOS,smooth,0.500,10.00,0.050,0,0.600,1,6.8963,9.6529,2.7566,1.9356,0.3600,0.3600,0.0350,6.0000,7.1588,0.0065,8.7264,0.6053,-6.8216,-25.2948,-3.0816,-26.3924,-3.0816,-26.3924,-5.4060,-26.0008,-16.7585,-23.9633,3.7400,-1.0976,3.7400,-1.0976,1.4157,-0.7060,54,0.1200,54,0,0.9556,0.0347,0.0097,1.7403,4.8215,-0.2459,-1.5946,5.7842,0.0000,1,0.0855,0.0580,5.6381,-0.0018
5.7700,IMM-UKF-LOS,smooth,0.500,10.00,0.050,0,0.600,1,6.9063,9.6597,2.7533,1.9572,0.3600,0.3600,0.0353,6.0000,7.1588,0.0065,9.2276,0.6052,-7.1138,-25.2331,-3.0816,-26.3924,-3.0816,-26.3924,-5.6383,-26.0131,-16.9371,-24.1164,4.0322,-1.1593,4.0322,-1.1593,1.4755,-0.7800,54,0.1300,54,0,0.9556,0.0347,0.0097,1.6961,4.9512,-0.2421,-1.6097,5.7801,0.0000,1,0.0855,0.0580,5.6381,-0.0018
5.7800,IMM-UKF-LOS,smooth,0.500,10.00,0.050,0,0.600,1,6.9153,9.6645,2.7492,1.9795,0.3600,0.3600,0.0357,6.0000,7.1588,0.0065,9.7538,0.6051,-7.4037,-25.1762,-3.0816,-26.3924,-3.0816,-26.3924,-5.8658,-26.0328,-17.1145,-24.2792,4.3221,-1.2162,4.3221,-1.2162,1.5379,-0.8566,54,0.1400,54,0,0.9556,0.0347,0.0097,1.6515,5.0796,-0.2369,-1.6246,5.7759,0.0000,1,0.0855,0.0580,5.6381,-0.0018
5.7900,IMM-UKF-LOS,smooth,0.500,10.00,0.050,0,0.600,1,6.9233,9.6673,2.7441,2.0023,0.3600,0.3600,0.0360,6.0000,7.1588,0.0064,10.3048,0.6051,-7.6915,-25.1241,-3.0816,-26.3924,-3.0816,-26.3924,-6.0886,-26.0599,-17.2904,-24.4516,4.6099,-1.2683,4.6099,-1.2683,1.6029,-0.9358,54,0.1500,54,0,0.9556,0.0347,0.0097,1.6065,5.2065,-0.2306,-1.6395,5.7716,0.0000,1,0.0855,0.0580,5.6381,-0.0018
5.8000,IMM-UKF-LOS,smooth,0.500,10.00,0.050,0,0.600,1,6.9302,9.6683,2.7381,2.0258,0.3600,0.3600,0.0364,6.0000,7.1588,0.0063,10.8803,0.6051,-7.9772,-25.0767,-3.0816,-26.3924,-3.0816,-26.3924,-6.3068,-26.0946,-17.4651,-24.6336,4.8957,-1.3157,4.8957,-1.3157,1.6705,-1.0178,54,0.1600,54,0,0.9556,0.0347,0.0097,1.5612,5.3319,-0.2232,-1.6544,5.7674,0.0000,1,0.0855,0.0580,5.6381,-0.0018
5.8100,IMM-UKF-LOS,smooth,0.500,10.00,0.050,0,0.600,1,6.9361,9.3909,2.4548,1.9550,0.3600,0.3600,0.0367,6.0000,7.1174,0.0012,2.7686,0.6051,-8.2611,-25.0341,-6.5270,-25.3613,-6.5270,-25.3613,-7.7770,-25.1825,-20.4379,-22.1919,1.7340,-0.3271,1.7340,-0.3271,0.4841,-0.1484,55,0.0600,55,0,0.9484,0.0402,0.0114,1.5155,5.4560,-0.2149,-1.6691,5.7632,0.0000,1,0.0855,0.0580,5.7483,-0.0018
5.8200,IMM-UKF-LOS,smooth,0.500,10.00,0.050,0,0.600,1,6.9410,9.3970,2.4560,1.9756,0.3600,0.3600,0.0371,6.0000,7.1174,0.0014,2.8630,0.6052,-8.5431,-24.9963,-6.5270,-25.3613,-6.5270,-25.3613,-8.0450,-25.1561,-20.6616,-22.3135,2.0161,-0.3649,2.0161,-0.3649,0.4981,-0.1598,55,0.0700,55,0,0.9484,0.0402,0.0114,1.4695,5.5786,-0.2056,-1.6839,5.7589,0.0000,1,0.0855,0.0580,5.7483,-0.0018
5.8300,IMM-UKF-LOS,smooth,0.500,10.00,0.050,0,0.600,1,6.9450,9.4012,2.4562,1.9968,0.3600,0.3600,0.0374,6.0000,7.1174,0.0016,2.9775,0.6054,-8.8235,-24.9633,-6.5270,-25.3613,-6.5270,-25.3613,-8.3086,-25.1370,-20.8849,-22.4434,2.2964,-0.3980,2.2964,-0.3980,0.5148,-0.1737,55,0.0800,55,0,0.9484,0.0402,0.0114,1.4232,5.6999,-0.1955,-1.6985,5.7546,0.0000,1,0.0855,0.0580,5.7483,-0.0018
5.8400,IMM-UKF-LOS,smooth,0.500,10.00,0.050,0,0.600,1,6.9479,9.4035,2.4555,2.0184,0.3600,0.3600,0.0378,6.0000,7.1174,0.0018,3.1121,0.6055,-9.1023,-24.9350,-6.5270,-25.3613,-6.5270,-25.3613,-8.5679,-25.1252,-21.1079,-22.5816,2.5752,-0.4262,2.5752,-0.4262,0.5344,-0.1902,55,0.0900,55,0,0.9484,0.0402,0.0114,1.3766,5.8197,-0.1847,-1.7131,5.7502,0.0000,1,0.1142,0.0509,5.7483,-0.0009
5.8500,IMM-UKF-LOS,smooth,0.500,10.00,0.050,0,0.600,1,6.9499,9.4039,2.4539,2.0405,0.3600,0.3600,0.0381,6.0000,7.1174,0.0021,3.2674,0.6057,-9.3796,-24.9115,-6.5270,-25.3613,-6.5270,-25.3613,-8.8229,-25.1207,-21.3305,-22.7283,2.8526,-0.4497,2.8526,-0.4497,0.5567,-0.2092,55,0.1000,55,0,0.9484,0.0402,0.0114,1.3297,5.9382,-0.1731,-1.7276,5.7459,0.0000,1,0.1142,0.0509,5.7483,-0.0009
5.8600,IMM-UKF-LOS,smooth,0.500,10.00,0.050,0,0.600,1,6.9510,9.4024,2.4514,2.0632,0.3600,0.3600,0.0385,6.0000,7.1174,0.0024,3.4436,0.6060,-9.6556,-24.8928,-6.5270,-25.3613,-6.5270,-25.3613,-9.0737,-25.1236,-21.5528,-22.8835,3.1285,-0.4685,3.1285,-0.4685,0.5819,-0.2307,55,0.1100,55,0,0.9484,0.0402,0.0114,1.2825,6.0552,-0.1608,-1.7420,5.7415,0.0000,1,0.1142,0.0509,5.7483,-0.0009
5.8700,IMM-UKF-LOS,smooth,0.500,10.00,0.050,0,0.600,1,6.9511,9.3992,2.4481,2.0863,0.3600,0.3600,0.0388,6.0000,7.1174,0.0027,3.6409,0.6063,-9.9303,-24.8789,-6.5270,-25.3613,-6.5270,-25.3613,-9.3205,-25.1337,-21.7748,-23.0472,3.4033,-0.4824,3.4033,-0.4824,0.6099,-0.2548,55,0.1200,55,0,0.9484,0.0402,0.0114,1.2350,6.1710,-0.1480,-1.7564,5.7372,0.0000,1,0.1142,0.0509,5.7483,-0.0009
5.8800,IMM-UKF-LOS,smooth,0.500,10.00,0.050,0,0.600,1,6.9503,9.3942,2.4439,2.1101,0.3600,0.3600,0.0392,6.0000,7.1174,0.0031,3.8596,0.6066,-10.2039,-24.8697,-6.5270,-25.3613,-6.5270,-25.3613,-9.5633,-25.1511,-21.9964,-23.2196,3.6768,-0.4916,3.6768,-0.4916,0.6406,-0.2815,55,0.1300,55,0,0.9484,0.0402,0.0114,1.1872,6.2853,-0.1346,-1.7707,5.7328,0.0000,1,0.1142,0.0509,5.7483,-0.0009
5.8900,IMM-UKF-LOS,smooth,0.500,10.00,0.050,0,0.600,1,6.9486,9.3874,2.4388,2.1343,0.3600,0.3600,0.0395,6.0000,7.1174,0.0035,4.0999,0.6070,-10.4764,-24.8652,-6.5270,-25.3613,-6.5270,-25.3613,-9.8022,-25.1759,-22.2178,-23.4007,3.9493,-0.4960,3.9493,-0.4960,0.6741,-0.3106,55,0.1400,55,0,0.9484,0.0402,0.0114,1.1392,6.3984,-0.1206,-1.7850,5.7283,0.0000,1,0.1142,0.0509,5.7483,-0.0009
5.9000,IMM-UKF-LOS,smooth,0.500,10.00,0.050,0,0.600,1,6.9460,9.4557,2.5097,2.1007,0.3600,0.3600,0.0399,6.0000,7.2077,0.0024,0.9232,0.6074,-10.7479,-24.8656,-9.1023,-24.9350,-9.1023,-24.9350,-10.5878,-24.8135,-23.6390,-22.6964,1.6456,-0.0694,1.6456,-0.0694,0.1601,0.0521,56,0.0600,56,0,0.9493,0.0400,0.0107,1.0908,6.5100,-0.1062,-1.7991,5.7239,0.0000,1,0.1142,0.0509,5.8391,-0.0009
5.9100,IMM-UKF-LOS,smooth,0.500,10.00,0.050,0,0.600,1,6.9424,9.4545,2.5121,2.1231,0.3600,0.3600,0.0402,6.0000,7.2077,0.0030,0.9786,0.6078,-11.0185,-24.8707,-9.1023,-24.9350,-9.1023,-24.9350,-10.8522,-24.8077,-23.8810,-22.8446,1.9163,-0.0643,1.9163,-0.0643,0.1664,0.0630,56,0.0700,56,0,0.9493,0.0400,0.0107,1.0423,6.6204,-0.0913,-1.8132,5.7195,0.0000,1,0.1142,0.0509,5.8391,-0.0009
5.9200,IMM-UKF-LOS,smooth,0.500,10.00,0.050,0,0.600,1,6.9380,9.4516,2.5136,2.1460,0.3600,0.3600,0.0406,6.0000,7.2077,0.0035,1.0452,0.6082,-11.2884,-24.8806,-9.1023,-24.9350,-9.1023,-24.9350,-11.1128,-24.8090,-24.1229,-23.0007,2.1861,-0.0544,2.1861,-0.0544,0.1756,0.0716,56,0.0800,56,0,0.9493,0.0400,0.0107,0.9934,6.7295,-0.0760,-1.8273,5.7150,0.0000,1,0.1142,0.0509,5.8391,-0.0009
5.9300,IMM-UKF-LOS,smooth,0.500,10.00,0.050,0,0.600,1,6.9328,9.4470,2.5142,2.1692,0.3600,0.3600,0.0409,6.0000,7.2077,0.0041,1.1210,0.6087,-11.5575,-24.8953,-9.1023,-24.9350,-9.1023,-24.9350,-11.3697,-24.8173,-24.3650,-23.1648,2.4552,-0.0398,2.4552,-0.0398,0.1878,0.0779,56,0.0900,56,0,0.9493,0.0400,0.0107,0.9443,6.8372,-0.0603,-1.8412,5.7105,0.0000,1,0.1142,0.0509,5.8391,-0.0009
5.9400,IMM-UKF-LOS,smooth,0.500,10.00,0.050,0,0.600,1,6.9267,9.4407,2.5140,2.1929,0.3600,0.3600,0.0413,6.0000,7.2077,0.0048,1.2058,0.6093,-11.8260,-24.9147,-9.1023,-24.9350,-9.1023,-24.9350,-11.6231,-24.8327,-24.6071,-23.3369,2.7237,-0.0203,2.7237,-0.0203,0.2030,0.0820,56,0.1000,56,0,0.9493,0.0400,0.0107,0.8950,6.9437,-0.0443,-1.8551,5.7060,0.0000,1,0.1142,0.0509,5.8391,-0.0009
5.9500,IMM-UKF-LOS,smooth,0.500,10.00,0.050,0,0.600,1,6.9197,9.4327,2.5130,2.2171,0.3600,0.3600,0.0416,6.0000,7.2077,0.0054,1.3002,0.6098,-12.0940,-24.9390,-9.1023,-24.9350,-9.1023,-24.9350,-11.8729,-24.8552,-24.8494,-23.5171,2.9917,0.0039,2.9917,0.0039,0.2211,0.0838,56,0.1100,56,0,0.9493,0.0400,0.0107,0.8454,7.0489,-0.0280,-1.8690,5.7015,0.0000,1,0.1142,0.0509,5.8391,-0.0009
5.9600,IMM-UKF-LOS,smooth,0.500,10.00,0.050,0,0.600,1,6.9119,9.4231,2.5112,2.2417,0.3600,0.3600,0.0420,6.0000,7.2077,0.0061,1.4053,0.6104,-12.3615,-24.9680,-9.1023,-24.9350,-9.1023,-24.9350,-12.1193,-24.8847,-25.0918,-23.7055,3.2593,0.0330,3.2593,0.0330,0.2422,0.0834,56,0.1200,56,0,0.9493,0.0400,0.0107,0.7956,7.1528,-0.0114,-1.8827,5.6970,0.0000,1,0.0899,0.0526,5.8391,-0.0018
5.9700,IMM-UKF-LOS,smooth,0.500,10.00,0.050,0,0.600,1,6.9033,9.4119,2.5086,2.2668,0.3600,0.3600,0.0423,6.0000,7.2077,0.0068,1.5228,0.6110,-12.6287,-25.0019,-9.1023,-24.9350,-9.1023,-24.9350,-12.3624,-24.9212,-25.3343,-23.9022,3.5264,0.0669,3.5264,0.0669,0.2663,0.0807,56,0.1300,56,0,0.9493,0.0400,0.0107,0.7456,7.2555,0.0055,-1.8964,5.6924,0.0000,1,0.0899,0.0526,5.8391,-0.0018
5.9800,IMM-UKF-LOS,smooth,0.500,10.00,0.050,0,0.600,1,6.8939,9.3992,2.5053,2.2924,0.3600,0.3600,0.0427,6.0000,7.2077,0.0076,1.6540,0.6117,-12.8955,-25.0406,-9.1023,-24.9350,-9.1023,-24.9350,-12.6021,-24.9647,-25.5770,-24.1072,3.7933,0.1055,3.7933,0.1055,0.2934,0.0759,56,0.1400,56,0,0.9493,0.0400,0.0107,0.6953,7.3570,0.0226,-1.9101,5.6879,0.0000,1,0.0899,0.0526,5.8391,-0.0018
5.9900,IMM-UKF-LOS,smooth,0.500,10.00,0.050,0,0.600,1,6.8837,9.3849,2.5012,2.3184,0.3600,0.3600,0.0430,6.0000,7.2077,0.0084,1.8009,0.6124,-13.1621,-25.0841,-9.1023,-24.9350,-9.1023,-24.9350,-12.8386,-25.0152,-25.8199,-24.3206,4.0599,0.1491,4.0599,0.1491,0.3235,0.0689,56,0.1500,56,0,0.9493,0.0400,0.0107,0.6448,7.4572,0.0398,-1.9236,5.6833,0.0000,1,0.0899,0.0526,5.8391,-0.0018
6.0000,IMM-UKF-LOS,smooth,0.500,10.00,0.050,0,0.600,1,6.8726,9.3691,2.4964,2.3450,0.3600,0.3600,0.0434,6.0000,7.2077,0.0092,1.9650,0.6131,-13.4286,-25.1324,-9.1023,-24.9350,-9.1023,-24.9350,-13.0719,-25.0728,-26.0631,-24.5424,4.3264,0.1974,4.3264,0.1974,0.3567,0.0597,56,0.1600,56,0,0.9493,0.0400,0.0107,0.5941,7.5561,0.0572,-1.9371,5.6787,0.0000,1,0.0899,0.0526,5.8391,-0.0018
6.0100,IMM-UKF-LOS,smooth,0.500,10.00,0.050,0,0.600,1,6.8608,9.3518,2.4909,2.3721,0.3600,0.3600,0.0438,6.0000,7.2077,0.0101,2.1474,0.6139,-13.6951,-25.1856,-9.1023,-24.9350,-9.1023,-24.9350,-13.3021,-25.1373,-26.3064,-24.7728,4.5928,0.2506,4.5928,0.2506,0.3930,0.0484,56,0.1700,56,0,0.9493,0.0400,0.0107,0.5432,7.6539,0.0747,-1.9505,5.6741,0.0000,1,0.0899,0.0526,5.8391,-0.0018
6.0200,IMM-UKF-LOS,smooth,0.500,10.00,0.050,0,0.600,1,6.8483,9.3500,2.5017,2.3166,0.3600,0.3600,0.0441,6.0000,7.1540,0.0049,1.6633,0.6146,-13.9615,-25.2437,-12.3615,-24.9680,-12.3615,-24.9680,-13.8440,-24.9868,-27.2021,-24.8501,1.6000,0.2757,1.6000,0.2757,0.1174,0.2569,57,0.0600,57,0,0.9677,0.0270,0.0053,0.4920,7.7505,0.0923,-1.9639,5.6695,0.0000,1,0.0899,0.0526,5.9582,-0.0018
6.0300,IMM-UKF-LOS,smooth,0.500,10.00,0.050,0,0.600,1,6.8350,9.3397,2.5047,2.3406,0.3600,0.3600,0.0445,6.0000,7.1540,0.0058,1.8442,0.6155,-14.2280,-25.3067,-12.3615,-24.9680,-12.3615,-24.9680,-14.0964,-25.0223,-27.4602,-25.0518,1.8665,0.3386,1.8665,0.3386,0.1316,0.2843,57,0.0700,57,0,0.9677,0.0270,0.0053,0.4406,7.8459,0.1098,-1.9772,5.6649,0.0000,1,0.0899,0.0526,5.9582,-0.0018
6.0400,IMM-UKF-LOS,smooth,0.500,10.00,0.050,0,0.600,1,6.8209,9.3278,2.5069,2.3650,0.3600,0.3600,0.0449,6.0000,7.1540,0.0068,2.0215,0.6163,-14.4947,-25.3745,-12.3615,-24.9680,-12.3615,-24.9680,-14.3457,-25.0647,-27.7187,-25.2612,2.1331,0.4065,2.1331,0.4065,0.1490,0.3099,57,0.0800,57,0,0.9677,0.0270,0.0053,0.3890,7.9402,0.1274,-1.9904,5.6602,0.0000,1,0.0899,0.0526,5.9582,-0.0018
6.0500,IMM-UKF-LOS,smooth,0.500,10.00,0.050,0,0.600,1,6.8061,9.3145,2.5084,2.3898,0.3600,0.3600,0.0453,6.0000,7.1540,0.0078,2.1960,0.6171,-14.7616,-25.4473,-12.3615,-24.9680,-12.3615,-24.9680,-14.5919,-25.1138,-27.9777,-25.4784,2.4000,0.4792,2.4000,0.4792,0.1697,0.3335,57,0.0900,57,0,0.9677,0.0270,0.0053,0.3373,8.0333,0.1449,-2.0035,5.6556,0.0000,1,0.1122,0.0543,5.9582,0.0020
6.0600,IMM-UKF-LOS,smooth,0.500,10.00,0.050,0,0.600,1,6.7906,9.2997,2.5091,2.4149,0.3600,0.3600,0.0457,6.0000,7.1540,0.0088,2.3695,0.6181,-15.0288,-25.5249,-12.3615,-24.9680,-12.3615,-24.9680,-14.8350,-25.1696,-28.2373,-25.7032,2.6673,0.5569,2.6673,0.5569,0.1937,0.3553,57,0.1000,57,0,0.9677,0.0270,0.0053,0.2853,8.1252,0.1622,-2.0166,5.6510,0.0000,1,0.1122,0.0543,5.9582,0.0020
6.0700,IMM-UKF-LOS,smooth,0.500,10.00,0.050,0,0.600,1,6.7744,9.2834,2.5090,2.4405,0.3600,0.3600,0.0461,6.0000,7.1540,0.0099,2.5437,0.6190,-15.2964,-25.6075,-12.3615,-24.9680,-12.3615,-24.9680,-15.0753,-25.2322,-28.4974,-25.9356,2.9349,0.6395,2.9349,0.6395,0.2211,0.3754,57,0.1100,57,0,0.9677,0.0270,0.0053,0.2330,8.2161,0.1794,-2.0296,5.6463,0.0000,1,0.1122,0.0543,5.9582,0.0020
6.0800,IMM-UKF-LOS,smooth,0.500,10.00,0.050,0,0.600,1,6.7574,9.2657,2.5082,2.4664,0.3600,0.3600,0.0465,6.0000,7.1540,0.0110,2.7204,0.6199,-15.5645,-25.6950,-12.3615,-24.9680,-12.3615,-24.9680,-15.3125,-25.3012,-28.7580,-26.1754,3.2029,0.7270,3.2029,0.7270,0.2519,0.3938,57,0.1200,57,0,0.9677,0.0270,0.0053,0.1806,8.3058,0.1962,-2.0425,5.6416,0.0000,1,0.1122,0.0543,5.9582,0.0020
6.0900,IMM-UKF-LOS,smooth,0.500,10.00,0.050,0,0.600,1,6.7398,9.2465,2.5067,2.4928,0.3600,0.3600,0.0469,6.0000,7.1540,0.0121,2.9019,0.6209,-15.8330,-25.7875,-12.3615,-24.9680,-12.3615,-24.9680,-15.5469,-25.3768,-29.0193,-26.4224,3.4715,0.8195,3.4715,0.8195,0.2861,0.4107,57,0.1300,57,0,0.9677,0.0270,0.0053,0.1280,8.3944,0.2126,-2.0554,5.6370,0.0000,1,0.1122,0.0543,5.9582,0.0020
6.1000,IMM-UKF-LOS,smooth,0.500,10.00,0.050,0,0.600,1,6.7214,9.2259,2.5045,2.5196,0.3600,0.3600,0.0473,6.0000,7.1540,0.0132,3.0904,0.6219,-16.1022,-25.8848,-12.3615,-24.9680,-12.3615,-24.9680,-15.7784,-25.4586,-29.2813,-26.6760,3.7407,0.9168,3.7407,0.9168,0.3238,0.4263,57,0.1400,57,0,0.9677,0.0270,0.0053,0.0752,8.4820,0.2284,-2.0682,5.6323,0.0000,1,0.1122,0.0543,5.9582,0.0020
6.1100,IMM-UKF-LOS,smooth,0.500,10.00,0.050,0,0.600,1,6.7024,9.1783,2.4759,2.3647,0.3600,0.3600,0.0477,6.0000,6.9914,0.0066,2.4410,0.6229,-16.3721,-25.9871,-14.7616,-25.4473,-14.7616,-25.4473,-16.0855,-25.6710,-29.6801,-27.9080,1.6106,0.5399,1.6106,0.5399,0.2866,0.3161,58,0.0600,58,0,0.9706,0.0236,0.0057,0.0221,8.5685,0.2435,-2.0809,5.6276,0.0000,1,0.1122,0.0543,6.0520,0.0020
6.1200,IMM-UKF-LOS,smooth,0.500,10.00,0.050,0,0.600,1,6.6828,9.1621,2.4793,2.3884,0.3600,0.3600,0.0481,6.0000,6.9914,0.0078,2.6719,0.6239,-16.6427,-26.0943,-14.7616,-25.4473,-14.7616,-25.4473,-16.3275,-25.7491,-29.9510,-28.1608,1.8812,0.6470,1.8812,0.6470,0.3152,0.3451,58,0.0700,58,0,0.9706,0.0236,0.0057,-0.0312,8.6540,0.2576,-2.0935,5.6229,0.0000,1,0.1122,0.0543,6.0520,0.0020
6.1300,IMM-UKF-LOS,smooth,0.500,10.00,0.050,0,0.600,1,6.6624,9.1444,2.4820,2.4125,0.3600,0.3600,0.0485,6.0000,6.9914,0.0091,2.9097,0.6250,-16.9142,-26.2062,-14.7616,-25.4473,-14.7616,-25.4473,-16.5668,-25.8332,-30.2228,-28.4178,2.1526,0.7589,2.1526,0.7589,0.3474,0.3730,58,0.0800,58,0,0.9706,0.0236,0.0057,-0.0847,8.7386,0.2703,-2.1061,5.6182,0.0000,1,0.1122,0.0543,6.0520,0.0020
6.1400,IMM-UKF-LOS,smooth,0.500,10.00,0.050,0,0.600,1,6.6414,9.1252,2.4838,2.4370,0.3600,0.3600,0.0490,6.0000,6.9914,0.0103,3.1571,0.6261,-17.1866,-26.3228,-14.7616,-25.4473,-14.7616,-25.4473,-16.8033,-25.9227,-30.4956,-28.6768,2.4250,0.8756,2.4250,0.8756,0.3833,0.4001,58,0.0900,58,0,0.9706,0.0236,0.0057,-0.1384,8.8222,0.2810,-2.1186,5.6135,0.0000,1,0.1122,0.0543,6.0520,0.0020
6.1500,IMM-UKF-LOS,smooth,0.500,10.00,0.050,0,0.600,1,6.6197,9.1044,2.4848,2.4618,0.3600,0.3600,0.0494,6.0000,6.9914,0.0117,3.4180,0.6273,-17.4599,-26.4439,-14.7616,-25.4473,-14.7616,-25.4473,-17.0370,-26.0167,-30.7694,-28.9336,2.6983,0.9967,2.6983,0.9967,0.4229,0.4272,58,0.1000,58,0,0.9706,0.0236,0.0057,-0.1924,8.9049,0.2884,-2.1310,5.6088,0.0000,1,0.1122,0.0543,6.0520,0.0020
6.1600,IMM-UKF-LOS,smooth,0.500,10.00,0.050,0,0.600,1,6.5973,9.0820,2.4847,2.4871,0.3600,0.3600,0.0498,6.0000,6.9914,0.0130,3.7002,0.6284,-17.7343,-26.5692,-14.7616,-25.4473,-14.7616,-25.4473,-17.2680,-26.1132,-31.0445,-29.1792,2.9727,1.1219,2.9727,1.1219,0.4663,0.4560,58,0.1100,58,0,0.9706,0.0236,0.0057,-0.2467,8.9868,0.2902,-2.1434,5.6041,0.0000,1,0.1122,0.0543,6.0520,0.0020
6.1700,IMM-UKF-LOS,smooth,0.500,10.00,0.050,0,0.600,1,6.5741,9.0574,2.4833,2.5127,0.3600,0.3600,0.0503,6.0000,6.9914,0.0144,4.0261,0.6297,-18.0098,-26.6976,-14.7616,-25.4473,-14.7616,-25.4473,-17.4962,-26.2062,-31.3204,-29.3849,3.2483,1.2503,3.2483,1.2503,0.5136,0.4914,58,0.1200,58,0,0.9706,0.0236,0.0057,-0.3011,9.0675,0.2789,-2.1557,5.5994,0.0000,1,0.1195,0.0475,6.0520,-0.0004
6.1800,IMM-UKF-LOS,smooth,0.500,10.00,0.050,0,0.600,1,6.5501,9.0295,2.4794,2.5388,0.3600,0.3600,0.0508,6.0000,6.9914,0.0159,4.5641,0.6310,-18.2866,-26.8236,-14.7616,-25.4473,-14.7616,-25.4473,-17.7220,-26.2519,-31.5814,-29.3337,3.5250,1.3764,3.5250,1.3764,0.5646,0.5718,58,0.1300,58,0,0.9706,0.0236,0.0057,-0.3511,9.1334,0.2047,-2.1679,5.5947,0.0000,1,0.1195,0.0475,6.0520,-0.0004
6.1900,IMM-UKF-LOS,smooth,0.500,10.00,0.050,0,0.600,1,6.5280,9.0385,2.5105,2.5654,0.3600,0.3600,0.0512,6.0000,6.9914,0.0174,5.6313,0.6323,-18.5650,-26.9347,-14.7616,-25.4473,-14.7616,-25.4473,-17.9517,-26.1699,-31.5062,-28.6269,3.8034,1.4874,3.8034,1.4874,0.6133,0.7648,58,0.1400,58,0,0.9706,0.0236,0.0057,-0.2978,8.9012,0.1289,-2.1801,5.5899,0.0000,1,0.1195,0.0475,6.0520,-0.0004
6.2000,IMM-UKF-LOS,smooth,0.500,10.00,0.050,0,0.600,1,6.5081,9.0550,2.5469,2.5924,0.3600,0.3600,0.0517,6.0000,6.9914,0.0188,6.6540,0.6335,-18.8448,-27.0332,-14.7616,-25.4473,-14.7616,-25.4473,-18.1788,-26.0940,-31.4181,-28.0384,4.0832,1.5859,4.0832,1.5859,0.6659,0.9392,58,0.1500,58,0,0.9706,0.0236,0.0057,-0.2406,8.6608,0.0910,-2.1921,5.5852,0.0000,1,0.1195,0.0475,6.0520,-0.0004
6.2100,IMM-UKF-LOS,smooth,0.500,10.00,0.050,0,0.600,1,6.4903,9.0766,2.5862,2.6199,0.3600,0.3600,0.0522,6.0000,6.9914,0.0201,7.6913,0.6347,-19.1257,-27.1195,-14.7616,-25.4473,-14.7616,-25.4473,-18.4027,-26.0086,-31.3243,-27.4825,4.3641,1.6723,4.3641,1.6723,0.7230,1.1109,58,0.1600,58,0,0.9706,0.0236,0.0057,-0.1821,8.4193,0.0632,-2.2041,5.5805,0.0000,1,0.1195,0.0475,6.0520,-0.0004
6.2200,IMM-UKF-LOS,smooth,0.500,10.00,0.050,0,0.600,1,6.4748,8.7906,2.3157,2.2662,0.3600,0.3600,0.0527,6.0000,6.7109,0.0068,3.2590,0.6357,-19.4074,-27.1940,-18.0098,-26.6976,-18.0098,-26.6976,-19.3477,-26.6518,-34.0445,-28.1997,1.3976,0.4964,1.3976,0.4964,0.0597,0.5421,59,0.0500,59,0,0.9742,0.0210,0.0047,-0.1227,8.1776,0.0403,-2.2161,5.5758,0.0000,1,0.1195,0.0475,6.1696,-0.0004
6.2300,IMM-UKF-LOS,smooth,0.500,10.00,0.050,0,0.600,1,6.4616,8.7939,2.3324,2.2887,0.3600,0.3600,0.0532,6.0000,6.7109,0.0079,3.6786,0.6366,-19.6897,-27.2566,-18.0098,-26.6976,-18.0098,-26.6976,-19.6157,-26.6452,-33.9842,-27.7394,1.6799,0.5590,1.6799,0.5590,0.0740,0.6113,59,0.0600,59,0,0.9742,0.0210,0.0047,-0.0626,7.9357,0.0205,-2.2279,5.5710,0.0000,1,0.1195,0.0475,6.1696,-0.0004
6.2400,IMM-UKF-LOS,smooth,0.500,10.00,0.050,0,0.600,1,6.4506,8.8018,2.3512,2.3116,0.3600,0.3600,0.0537,6.0000,6.7109,0.0089,4.1283,0.6375,-19.9722,-27.3073,-18.0098,-26.6976,-18.0098,-26.6976,-19.8801,-26.6222,-33.9162,-27.2807,1.9624,0.6098,1.9624,0.6098,0.0921,0.6851,59,0.0700,59,0,0.9742,0.0210,0.0047,-0.0016,7.6939,0.0028,-2.2397,5.5663,0.0000,1,0.1195,0.0475,6.1696,-0.0004
6.2500,IMM-UKF-LOS,smooth,0.500,10.00,0.050,0,0.600,1,6.4418,8.8142,2.3724,2.3349,0.3600,0.3600,0.0542,6.0000,6.7109,0.0098,4.6072,0.6383,-20.2546,-27.3463,-18.0098,-26.6976,-18.0098,-26.6976,-20.1406,-26.5829,-33.8413,-26.8231,2.2448,0.6487,2.2448,0.6487,0.1141,0.7633,59,0.0800,59,0,0.9742,0.0210,0.0047,0.0602,7.4522,-0.0132,-2.2514,5.5616,0.0000,1,0.1195,0.0475,6.1696,-0.0004
6.2600,IMM-UKF-LOS,smooth,0.500,10.00,0.050,0,0.600,1,6.4353,8.8311,2.3958,2.3584,0.3600,0.3600,0.0547,6.0000,6.7109,0.0106,5.1144,0.6389,-20.5367,-27.3734,-18.0098,-26.6976,-18.0098,-26.6976,-20.3968,-26.5277,-33.7602,-26.3666,2.5268,0.6759,2.5268,0.6759,0.1398,0.8457,59,0.0900,59,0,0.9742,0.0210,0.0047,0.1227,7.2106,-0.0279,-2.2631,5.5568,0.0000,1,0.1195,0.0475,6.1696,-0.0004
6.2700,IMM-UKF-LOS,smooth,0.500,10.00,0.050,0,0.600,1,6.4311,8.8523,2.4213,2.3823,0.3600,0.3600,0.0552,6.0000,6.7109,0.0112,5.6454,0.6395,-20.8180,-27.3889,-18.0098,-26.6976,-18.0098,-26.6976,-20.6487,-26.4574,-33.6760,-25.9145,2.8081,0.6913,2.8081,0.6913,0.1693,0.9314,59,0.1000,59,0,0.9742,0.0210,0.0047,0.1856,6.9709,-0.0414,-2.2747,5.5521,0.0000,1,0.1195,0.0475,6.1696,-0.0004
6.2800,IMM-UKF-LOS,smooth,0.500,10.00,0.050,0,0.600,1,6.4291,8.8779,2.4488,2.4066,0.3600,0.3600,0.0557,6.0000,6.7109,0.0118,6.1972,0.6400,-21.0983,-27.3928,-18.0098,-26.6976,-18.0098,-26.6976,-20.8960,-26.3729,-33.5902,-25.4685,3.0885,0.6952,3.0885,0.6952,0.2023,1.0199,59,0.1100,59,0,0.9742,0.0210,0.0047,0.2486,6.7337,-0.0537,-2.2862,5.5474,0.0000,1,0.1195,0.0475,6.1696,-0.0004
6.2900,IMM-UKF-LOS,smooth,0.500,10.00,0.050,0,0.600,1,6.4292,8.9076,2.4784,2.4313,0.3600,0.3600,0.0560,6.0000,6.7109,0.0097,6.7685,0.6394,-21.3785,-27.3854,-18.0098,-26.6976,-18.0098,-26.6976,-21.1386,-26.2746,-33.5032,-25.0287,3.3687,0.6878,3.3687,0.6878,0.2399,1.1108,59,0.1200,59,0,0.9742,0.0210,0.0047,0.3117,6.4992,-0.0649,-2.2976,5.5427,0.0000,1,0.1138,0.0425,6.1696,0.0012
6.3000,IMM-UKF-LOS,smooth,0.500,10.00,0.050,0,0.600,1,6.4316,8.9415,2.5099,2.4563,0.3600,0.3600,0.0560,6.0000,6.7109,0.0159,7.3578,0.6376,-21.6588,-27.3668,-18.0098,-26.6976,-18.0098,-26.6976,-21.3763,-26.1632,-33.4156,-24.5955,3.6489,0.6692,3.6489,0.6692,0.2825,1.2036,59,0.1300,59,0,0.9742,0.0210,0.0047,0.3749,6.2672,-0.0752,-2.3089,5.5379,0.0000,1,0.1138,0.0425,6.1696,0.0012
6.3100,IMM-UKF-LOS,smooth,0.500,10.00,0.050,0,0.600,1,6.4362,8.9795,2.5434,2.4818,0.3600,0.3600,0.0560,6.0000,6.7109,0.0280,7.9612,0.6361,-21.9372,-27.3372,-18.0098,-26.6976,-18.0098,-26.6976,-21.6090,-26.0394,-33.3275,-24.1694,3.9274,0.6397,3.9274,0.6397,0.3282,1.2978,59,0.1400,59,0,0.9742,0.0210,0.0047,0.4382,6.0378,-0.0845,-2.3202,5.5332,0.0000,1,0.1138,0.0425,6.1696,0.0012
6.3200,IMM-UKF-LOS,smooth,0.500,10.00,0.050,0,0.600,1,6.4429,9.0217,2.5788,2.5076,0.3600,0.3600,0.0560,6.0000,6.7109,0.0412,8.5760,0.6348,-22.2136,-27.2969,-18.0098,-26.6976,-18.0098,-26.6976,-21.8365,-25.9039,-33.2394,-23.7507,4.2037,0.5994,4.2037,0.5994,0.3770,1.3930,59,0.1500,59,0,0.9742,0.0210,0.0047,0.5016,5.8109,-0.0928,-2.3314,5.5285,0.0000,1,0.1138,0.0425,6.1696,0.0012
6.3300,IMM-UKF-LOS,smooth,0.500,10.00,0.050,0,0.600,1,6.4517,9.0678,2.6161,2.5339,0.3600,0.3600,0.0560,6.0000,6.7109,0.0544,9.1997,0.6336,-22.4876,-27.2462,-18.0098,-26.6976,-18.0098,-26.6976,-22.0589,-25.7575,-33.1515,-23.3400,4.4778,0.5487,4.4778,0.5487,0.4287,1.4887,59,0.1600,59,0,0.9742,0.0210,0.0047,0.5651,5.5865,-0.1002,-2.3426,5.5238,0.0000,1,0.1138,0.0425,6.1696,0.0012
6.3401,IMM-UKF-LOS,smooth,0.500,10.00,0.050,0,0.600,1,6.4627,9.6896,3.2269,1.7102,0.3600,0.3600,0.0560,6.0000,7.0575,0.0684,1.5472,0.6327,-22.7591,-27.1853,-21.3785,-27.3854,-21.3785,-27.3854,-22.6465,-26.9470,-34.2316,-25.9665,1.3806,-0.2000,1.3806,-0.2000,0.1127,0.2384,60,0.0500,60,0,0.9637,0.0288,0.0075,0.6286,5.3647,-0.1064,-2.3536,5.5191,0.0000,1,0.1138,0.0425,6.2912,0.0012
6.3501,IMM-UKF-LOS,smooth,0.500,10.00,0.050,0,0.600,1,6.4758,9.7246,3.2488,1.7282,0.3600,0.3600,0.0560,6.0000,7.0575,0.0815,1.4645,0.6319,-23.0278,-27.1146,-21.3785,-27.3854,-21.3785,-27.3854,-22.8995,-26.8981,-34.2037,-25.6561,1.6493,-0.2708,1.6493,-0.2708,0.1283,0.2165,60,0.0600,60,0,0.9637,0.0288,0.0075,0.6922,5.1452,-0.1114,-2.3646,5.5144,0.0000,1,0.1138,0.0425,6.2912,0.0012
6.3601,IMM-UKF-LOS,smooth,0.500,10.00,0.050,0,0.600,1,6.4910,9.7636,3.2727,1.7466,0.3600,0.3600,0.0560,6.0000,7.0575,0.0944,1.4119,0.6314,-23.2936,-27.0343,-21.3785,-27.3854,-21.3785,-27.3854,-23.1474,-26.8375,-34.1733,-25.3499,1.9150,-0.3510,1.9150,-0.3510,0.1462,0.1968,60,0.0700,60,0,0.9637,0.0288,0.0075,0.7559,4.9283,-0.1148,-2.3755,5.5097,0.0000,1,0.1138,0.0425,6.2912,0.0012
6.3701,IMM-UKF-LOS,smooth,0.500,10.00,0.050,0,0.600,1,6.5082,9.8068,3.2985,1.7655,0.3600,0.3600,0.0560,6.0000,7.0575,0.1071,1.3897,0.6305,-23.5561,-26.9450,-21.3785,-27.3854,-21.3785,-27.3854,-23.3899,-26.7662,-34.1405,-25.0497,2.1776,-0.4403,2.1776,-0.4403,0.1662,0.1788,60,0.0800,60,0,0.9637,0.0288,0.0075,0.8196,4.7137,-0.1161,-2.3864,5.5050,0.0000,1,0.1138,0.0425,6.2912,0.0012
6.3801,IMM-UKF-LOS,smooth,0.500,10.00,0.050,0,0.600,1,6.5276,9.8539,3.3263,1.7850,0.3600,0.3600,0.0560,6.0000,7.0575,0.1195,1.3959,0.6298,-23.8152,-26.8472,-21.3785,-27.3854,-21.3785,-27.3854,-23.6269,-26.6853,-34.1058,-24.7591,2.4367,-0.5382,2.4367,-0.5382,0.1883,0.1618,60,0.0900,60,0,0.9637,0.0288,0.0075,0.8833,4.5016,-0.1142,-2.3972,5.5003,0.0000,1,0.1138,0.0425,6.2912,0.0012
6.3901,IMM-UKF-LOS,smooth,0.500,10.00,0.050,0,0.600,1,6.5491,9.9053,3.3562,1.8049,0.3600,0.3600,0.0560,6.0000,7.0575,0.1314,1.4242,0.6291,-24.0707,-26.7415,-21.3785,-27.3854,-21.3785,-27.3854,-23.8584,-26.5977,-34.0695,-24.4879,2.6922,-0.6438,2.6922,-0.6438,0.2123,0.1438,60,0.1000,60,0,0.9637,0.0288,0.0075,0.9470,4.2920,-0.1056,-2.4079,5.4957,0.0000,1,0.1138,0.0425,6.2912,0.0012
6.4001,IMM-UKF-LOS,smooth,0.500,10.00,0.050,0,0.600,1,6.5727,9.9616,3.3889,1.8255,0.3600,0.3600,0.0561,6.0000,7.0575,0.1431,1.4431,0.6285,-24.3226,-26.6307,-21.3785,-27.3854,-21.3785,-27.3854,-24.0844,-26.5176,-34.0337,-24.2972,2.9441,-0.7547,2.9441,-0.7547,0.2382,0.1131,60,0.1100,60,0,0.9637,0.0288,0.0075,1.0093,4.0879,-0.0690,-2.4185,5.4910,0.0000,1,0.1138,0.0425,6.2912,0.0012
6.4101,IMM-UKF-LOS,smooth,0.500,10.00,0.050,0,0.600,1,6.5955,9.9855,3.3900,1.8465,0.3600,0.3600,0.0561,6.0000,7.0575,0.1546,1.4253,0.6281,-24.5708,-26.5296,-21.3785,-27.3854,-21.3785,-27.3854,-24.3051,-26.5461,-34.1911,-24.5660,3.1922,-0.8558,3.1922,-0.8558,0.2657,-0.0165,60,0.1200,60,0,0.9637,0.0288,0.0075,0.9282,4.2048,-0.0186,-2.4290,5.4863,0.0000,1,0.1033,0.0481,6.2912,0.0006
6.4201,IMM-UKF-LOS,smooth,0.500,10.00,0.050,0,0.600,1,6.6171,10.0051,3.3879,1.8680,0.3600,0.3600,0.0561,6.0000,7.0575,0.1656,1.7589,0.6280,-24.8154,-26.4358,-21.3785,-27.3854,-21.3785,-27.3854,-24.5213,-26.5668,-34.3511,-24.7632,3.4369,-0.9496,3.4369,-0.9496,0.2941,-0.1310,60,0.1300,60,0,0.9637,0.0288,0.0075,0.8448,4.3258,-0.0004,-2.4395,5.4817,0.0000,1,0.1033,0.0481,6.2912,0.0006
6.4301,IMM-UKF-LOS,smooth,0.500,10.00,0.050,0,0.600,1,6.6377,10.0220,3.3843,1.8902,0.3600,0.3600,0.0561,6.0000,7.0575,0.1764,2.2597,0.6281,-25.0567,-26.3485,-21.3785,-27.3854,-21.3785,-27.3854,-24.7331,-26.5909,-34.5107,-24.9481,3.6782,-1.0368,3.6782,-1.0368,0.3236,-0.2424,60,0.1400,60,0,0.9637,0.0288,0.0075,0.7614,4.4458,0.0106,-2.4499,5.4770,0.0000,1,0.1033,0.0481,6.2912,0.0006
6.4401,IMM-UKF-LOS,smooth,0.500,10.00,0.050,0,0.600,1,6.6571,10.0365,3.3794,1.9130,0.3600,0.3600,0.0561,6.0000,7.0575,0.1869,2.8375,0.6283,-25.2949,-26.2675,-21.3785,-27.3854,-21.3785,-27.3854,-24.9407,-26.6202,-34.6697,-25.1300,3.9164,-1.1179,3.9164,-1.1179,0.3542,-0.3527,60,0.1500,60,0,0.9637,0.0288,0.0075,0.6782,4.5645,0.0184,-2.4603,5.4724,0.0000,1,0.1033,0.0481,6.2912,0.0006
6.4501,IMM-UKF-LOS,smooth,0.500,10.00,0.050,0,0.600,1,6.6753,10.0487,3.3734,1.9363,0.3600,0.3600,0.0560,6.0000,7.0575,0.1937,3.4523,0.6282,-25.5295,-26.1923,-21.3785,-27.3854,-21.3785,-27.3854,-25.1443,-26.6550,-34.8281,-25.3122,4.1509,-1.1931,4.1509,-1.1931,0.3852,-0.4626,60,0.1600,60,0,0.9637,0.0288,0.0075,0.5952,4.6818,0.0241,-2.4705,5.4678,0.0000,1,0.1033,0.0481,6.2912,0.0006
6.4601,IMM-UKF-LOS,smooth,0.500,10.00,0.050,0,0.600,1,6.6924,10.1227,3.4303,1.8425,0.3600,0.3600,0.0556,6.0000,7.0620,0.0388,1.4381,0.6271,-25.7598,-26.1228,-24.5708,-26.5296,-24.5708,-26.5296,-25.6863,-26.3540,-35.6482,-25.0440,1.1890,-0.4068,1.1890,-0.4068,0.0734,-0.2312,61,0.0500,61,0,0.9685,0.0251,0.0063,0.5123,4.7977,0.0284,-2.4807,5.4632,0.0000,1,0.1033,0.0481,6.4107,0.0006
6.4701,IMM-UKF-LOS,smooth,0.500,10.00,0.050,0,0.600,1,6.7084,10.1448,3.4364,1.8624,0.3600,0.3600,0.0552,6.0000,7.0620,0.0384,1.8111,0.6260,-25.9874,-26.0588,-24.5708,-26.5296,-24.5708,-26.5296,-25.9090,-26.3532,-35.8168,-25.1873,1.4167,-0.4708,1.4167,-0.4708,0.0784,-0.2945,61,0.0600,61,0,0.9685,0.0251,0.0063,0.4298,4.9121,0.0316,-2.4908,5.4586,0.0000,1,0.1033,0.0481,6.4107,0.0006
6.4801,IMM-UKF-LOS,smooth,0.500,10.00,0.050,0,0.600,1,6.7233,10.1647,3.4414,1.8827,0.3600,0.3600,0.0549,6.0000,7.0620,0.0379,2.1948,0.6250,-26.2125,-26.0000,-24.5708,-26.5296,-24.5708,-26.5296,-26.1275,-26.3589,-35.9849,-25.3339,1.6417,-0.5296,1.6417,-0.5296,0.0850,-0.3589,61,0.0700,61,0,0.9685,0.0251,0.0063,0.3474,5.0252,0.0341,-2.5009,5.4540,0.0000,1,0.1033,0.0481,6.4107,0.0006
6.4901,IMM-UKF-LOS,smooth,0.500,10.00,0.050,0,0.600,1,6.7370,10.1823,3.4453,1.9035,0.3600,0.3600,0.0545,6.0000,7.0620,0.0376,2.5876,0.6241,-26.4351,-25.9464,-24.5708,-26.5296,-24.5708,-26.5296,-26.3420,-26.3708,-36.1527,-25.4841,1.8644,-0.5832,1.8644,-0.5832,0.0932,-0.4244,61,0.0800,61,0,0.9685,0.0251,0.0063,0.2654,5.1369,0.0358,-2.5108,5.4494,0.0000,1,0.1033,0.0481,6.4107,0.0006
6.5001,IMM-UKF-LOS,smooth,0.500,10.00,0.050,0,0.600,1,6.7496,10.1976,3.4480,1.9248,0.3600,0.3600,0.0541,6.0000,7.0620,0.0373,2.9888,0.6232,-26.6555,-25.8977,-24.5708,-26.5296,-24.5708,-26.5296,-26.5526,-26.3887,-36.3200,-25.6382,2.0847,-0.6319,2.0847,-0.6319,0.1029,-0.4910,61,0.0900,61,0,0.9685,0.0251,0.0063,0.1835,5.2471,0.0370,-2.5207,5.4448,0.0000,1,0.1033,0.0481,6.4107,0.0006
6.5101,IMM-UKF-LOS,smooth,0.500,10.00,0.050,0,0.600,1,6.7611,10.2108,3.4497,1.9465,0.3600,0.3600,0.0538,6.0000,7.0620,0.0370,3.3982,0.6223,-26.8736,-25.8539,-24.5708,-26.5296,-24.5708,-26.5296,-26.7595,-26.4126,-36.4869,-25.7962,2.3028,-0.6757,2.3028,-0.6757,0.1141,-0.5587,61,0.1000,61,0,0.9685,0.0251,0.0063,0.1020,5.3560,0.0378,-2.5305,5.4403,0.0000,1,0.1033,0.0481,6.4107,0.0006
6.5201,IMM-UKF-LOS,smooth,0.500,10.00,0.050,0,0.600,1,6.7715,10.2218,3.4503,1.9687,0.3600,0.3600,0.0534,6.0000,7.0620,0.0368,3.8153,0.6216,-27.0896,-25.8148,-24.5708,-26.5296,-24.5708,-26.5296,-26.9628,-26.4424,-36.6534,-25.9585,2.5189,-0.7148,2.5189,-0.7148,0.1269,-0.6275,61,0.1100,61,0,0.9685,0.0251,0.0063,0.0207,5.4636,0.0381,-2.5403,5.4357,0.0000,1,0.1107,0.0494,6.4107,0.0020
6.5301,IMM-UKF-LOS,smooth,0.500,10.00,0.050,0,0.600,1,6.7808,10.2306,3.4498,1.9915,0.3600,0.3600,0.0531,6.0000,7.0620,0.0366,4.2403,0.6209,-27.3037,-25.7804,-24.5708,-26.5296,-24.5708,-26.5296,-27.1625,-26.4778,-36.8196,-26.1250,2.7329,-0.7492,2.7329,-0.7492,0.1412,-0.6974,61,0.1200,61,0,0.9685,0.0251,0.0063,-0.0604,5.5698,0.0380,-2.5500,5.4312,0.0000,1,0.1107,0.0494,6.4107,0.0020
6.5401,IMM-UKF-LOS,smooth,0.500,10.00,0.050,0,0.600,1,6.7890,10.2373,3.4483,2.0148,0.3600,0.3600,0.0527,6.0000,7.0620,0.0364,4.6730,0.6203,-27.5158,-25.7505,-24.5708,-26.5296,-24.5708,-26.5296,-27.3588,-26.5188,-36.9855,-26.2960,2.9450,-0.7791,2.9450,-0.7791,0.1570,-0.7683,61,0.1300,61,0,0.9685,0.0251,0.0063,-0.1411,5.6746,0.0376,-2.5596,5.4267,0.0000,1,0.1107,0.0494,6.4107,0.0020
6.5501,IMM-UKF-LOS,smooth,0.500,10.00,0.050,0,0.600,1,6.7961,10.2419,3.4459,2.0386,0.3600,0.3600,0.0524,6.0000,7.0620,0.0362,5.1135,0.6197,-27.7261,-25.7249,-24.5708,-26.5296,-24.5708,-26.5296,-27.5518,-26.5652,-37.1511,-26.4715,3.1554,-0.8047,3.1554,-0.8047,0.1743,-0.8403,61,0.1400,61,0,0.9685,0.0251,0.0063,-0.2216,5.7782,0.0368,-2.5691,5.4222,0.0000,1,0.1107,0.0494,6.4107,0.0020
6.5601,IMM-UKF-LOS,smooth,0.500,10.00,0.050,0,0.600,1,6.8021,10.2445,3.4424,2.0630,0.3600,0.3600,0.0520,6.0000,7.0620,0.0360,5.5619,0.6191,-27.9348,-25.7038,-24.5708,-26.5296,-24.5708,-26.5296,-27.7416,-26.6171,-37.3163,-26.6517,3.3640,-0.8258,3.3640,-0.8258,0.1932,-0.9134,61,0.1500,61,0,0.9685,0.0251,0.0063,-0.3018,5.8804,0.0359,-2.5785,5.4177,0.0000,1,0.1107,0.0494,6.4107,0.0020
6.5701,IMM-UKF-LOS,smooth,0.500,10.00,0.050,0,0.600,1,6.8071,10.0891,3.2821,1.9518,0.3600,0.3600,0.0517,6.0000,7.0269,0.0033,1.4617,0.6187,-28.1419,-25.6869,-27.0896,-25.8148,-27.0896,-25.8148,-28.0418,-25.9140,-37.4163,-25.0032,1.0522,-0.1280,1.0522,-0.1280,0.1000,-0.2271,62,0.0500,62,0,0.9661,0.0275,0.0063,-0.3817,5.9814,0.0346,-2.5879,5.4132,0.0000,1,0.1107,0.0494,6.5221,0.0020
6.5801,IMM-UKF-LOS,smooth,0.500,10.00,0.050,0,0.600,1,6.8110,10.0983,3.2873,1.9730,0.3600,0.3600,0.0514,6.0000,7.0269,0.0037,1.5746,0.6183,-28.3474,-25.6741,-27.0896,-25.8148,-27.0896,-25.8148,-28.2380,-25.9183,-37.5785,-25.1344,1.2577,-0.1407,1.2577,-0.1407,0.1093,-0.2441,62,0.0600,62,0,0.9661,0.0275,0.0063,-0.4614,6.0810,0.0331,-2.5972,5.4087,0.0000,1,0.1107,0.0494,6.5221,0.0020
6.5901,IMM-UKF-LOS,smooth,0.500,10.00,0.050,0,0.600,1,6.8138,10.1053,3.2915,1.9946,0.3600,0.3600,0.0510,6.0000,7.0269,0.0041,1.6991,0.6179,-28.5514,-25.6655,-27.0896,-25.8148,-27.0896,-25.8148,-28.4309,-25.9280,-37.7403,-25.2701,1.4618,-0.1493,1.4618,-0.1493,0.1206,-0.2625,62,0.0700,62,0,0.9661,0.0275,0.0063,-0.5407,6.1794,0.0314,-2.6064,5.4043,0.0000,1,0.1107,0.0494,6.5221,0.0020
6.6001,IMM-UKF-LOS,smooth,0.500,10.00,0.050,0,0.600,1,6.8156,10.1103,3.2946,2.0166,0.3600,0.3600,0.0507,6.0000,7.0269,0.0045,1.8351,0.6177,-28.7542,-25.6610,-27.0896,-25.8148,-27.0896,-25.8148,-28.6205,-25.9432,-37.9018,-25.4102,1.6645,-0.1539,1.6645,-0.1539,0.1337,-0.2822,62,0.0800,62,0,0.9661,0.0275,0.0063,-0.6198,6.2766,0.0295,-2.6156,5.3999,0.0000,1,0.1107,0.0494,6.5221,0.0020
6.6101,IMM-UKF-LOS,smooth,0.500,10.00,0.050,0,0.600,1,6.8164,10.1132,3.2968,2.0391,0.3600,0.3600,0.0504,6.0000,7.0269,0.0048,1.9826,0.6174,-28.9556,-25.6604,-27.0896,-25.8148,-27.0896,-25.8148,-28.8069,-25.9636,-38.0629,-25.5548,1.8660,-0.1544,1.8660,-0.1544,0.1487,-0.3032,62,0.0900,62,0,0.9661,0.0275,0.0063,-0.6986,6.3725,0.0274,-2.6247,5.3955,0.0000,1,0.1107,0.0494,6.5221,0.0020
6.6201,IMM-UKF-LOS,smooth,0.500,10.00,0.050,0,0.600,1,6.8162,10.1141,3.2979,2.0620,0.3600,0.3600,0.0501,6.0000,7.0269,0.0050,2.1414,0.6173,-29.1558,-25.6638,-27.0896,-25.8148,-27.0896,-25.8148,-28.9903,-25.9893,-38.2237,-25.7040,2.0662,-0.1510,2.0662,-0.1510,0.1655,-0.3255,62,0.1000,62,0,0.9661,0.0275,0.0063,-0.7770,6.4672,0.0252,-2.6337,5.3911,0.0000,1,0.1107,0.0494,6.5221,0.0020
6.6301,IMM-UKF-LOS,smooth,0.500,10.00,0.050,0,0.600,1,6.8149,10.1129,3.2980,2.0854,0.3600,0.3600,0.0498,6.0000,7.0269,0.0052,2.3116,0.6171,-29.3549,-25.6711,-27.0896,-25.8148,-27.0896,-25.8148,-29.1706,-26.0201,-38.3842,-25.8578,2.2653,-0.1438,2.2653,-0.1438,0.1843,-0.3490,62,0.1100,62,0,0.9661,0.0275,0.0063,-0.8552,6.5606,0.0227,-2.6426,5.3867,0.0000,1,0.1107,0.0494,6.5221,0.0020
6.6401,IMM-UKF-LOS,smooth,0.500,10.00,0.050,0,0.600,1,6.8126,10.1099,3.2972,2.1093,0.3600,0.3600,0.0495,6.0000,7.0269,0.0053,2.4931,0.6171,-29.5529,-25.6822,-27.0896,-25.8148,-27.0896,-25.8148,-29.3480,-26.0559,-38.5445,-26.0164,2.4633,-0.1327,2.4633,-0.1327,0.2049,-0.3737,62,0.1200,62,0,0.9661,0.0275,0.0063,-0.9331,6.6529,0.0201,-2.6515,5.3823,0.0000,1,0.1071,0.0544,6.5221,0.0004
6.6501,IMM-UKF-LOS,smooth,0.500,10.00,0.050,0,0.600,1,6.8094,10.1048,3.2955,2.1336,0.3600,0.3600,0.0491,6.0000,7.0269,0.0054,2.6859,0.6171,-29.7500,-25.6971,-27.0896,-25.8148,-27.0896,-25.8148,-29.5226,-26.0968,-38.7045,-26.1798,2.6604,-0.1177,2.6604,-0.1177,0.2274,-0.3997,62,0.1300,62,0,0.9661,0.0275,0.0063,-1.0107,6.7439,0.0174,-2.6603,5.3780,0.0000,1,0.1071,0.0544,6.5221,0.0004
6.6601,IMM-UKF-LOS,smooth,0.500,10.00,0.050,0,0.600,1,6.8051,10.0979,3.2928,2.1585,0.3600,0.3600,0.0488,6.0000,7.0269,0.0054,2.8900,0.6171,-29.9461,-25.7158,-27.0896,-25.8148,-27.0896,-25.8148,-29.6943,-26.1425,-38.8642,-26.3481,2.8565,-0.0990,2.8565,-0.0990,0.2518,-0.4267,62,0.1400,62,0,0.9661,0.0275,0.0063,-1.0881,6.8338,0.0145,-2.6690,5.3737,0.0000,1,0.1071,0.0544,6.5221,0.0004
6.6701,IMM-UKF-LOS,smooth,0.500,10.00,0.050,0,0.600,1,6.7999,10.0890,3.2892,2.1839,0.3600,0.3600,0.0485,6.0000,7.0269,0.0054,3.1055,0.6172,-30.1414,-25.7382,-27.0896,-25.8148,-27.0896,-25.8148,-29.8633,-26.1932,-39.0237,-26.5215,3.0517,-0.0766,3.0517,-0.0766,0.2781,-0.4550,62,0.1500,62,0,0.9661,0.0275,0.0063,-1.1651,6.9225,0.0115,-2.6776,5.3694,0.0000,1,0.1071,0.0544,6.5221,0.0004
6.6801,IMM-UKF-LOS,smooth,0.500,10.00,0.050,0,0.600,1,6.7937,10.0783,3.2847,2.2098,0.3600,0.3600,0.0482,6.0000,7.0269,0.0053,3.3323,0.6173,-30.3358,-25.7644,-27.0896,-25.8148,-27.0896,-25.8148,-30.0296,-26.2486,-39.1830,-26.6998,3.2462,-0.0505,3.2462,-0.0505,0.3062,-0.4843,62,0.1600,62,0,0.9661,0.0275,0.0063,-1.2418,7.0101,0.0084,-2.6862,5.3651,0.0000,1,0.1071,0.0544,6.5221,0.0004
6.6901,IMM-UKF-LOS,smooth,0.500,10.00,0.050,0,0.600,1,6.7865,10.0658,3.2793,2.2362,0.3600,0.3600,0.0479,6.0000,7.0269,0.0052,3.5706,0.6176,-30.5296,-25.7942,-27.0896,-25.8148,-27.0896,-25.8148,-30.1932,-26.3089,-39.3421,-26.8834,3.4400,-0.0207,3.4400,-0.0207,0.3364,-0.5147,62,0.1700,62,0,0.9661,0.0275,0.0063,-1.3182,7.0965,0.0051,-2.6947,5.3608,0.0000,1,0.1071,0.0544,6.5221,0.0004
6.7001,IMM-UKF-LOS,smooth,0.500,10.00,0.050,0,0.600,1,6.7783,10.2020,3.4237,2.2193,0.3600,0.3600,0.0476,6.0000,7.2220,0.0009,0.6579,0.6178,-30.7227,-25.8277,-29.5529,-25.6822,-29.5529,-25.6822,-30.6546,-25.7364,-40.0298,-25.4059,1.1697,0.1455,1.1697,0.1455,0.0681,0.0913,63,0.0600,63,0,0.9681,0.0269,0.0050,-1.3944,7.1818,0.0018,-2.7031,5.3566,0.0000,1,0.1071,0.0544,6.6404,0.0004
6.7101,IMM-UKF-LOS,smooth,0.500,10.00,0.050,0,0.600,1,6.7693,10.1983,3.4291,2.2432,0.3600,0.3600,0.0473,6.0000,7.2220,0.0012,0.7879,0.6181,-30.9151,-25.8648,-29.5529,-25.6822,-29.5529,-25.6822,-30.8373,-25.7533,-40.1984,-25.5357,1.3622,0.1826,1.3622,0.1826,0.0778,0.1115,63,0.0700,63,0,0.9681,0.0269,0.0050,-1.4702,7.2659,-0.0017,-2.7115,5.3524,0.0000,1,0.1071,0.0544,6.6404,0.0004
6.7201,IMM-UKF-LOS,smooth,0.500,10.00,0.050,0,0.600,1,6.7593,10.1928,3.4335,2.2675,0.3600,0.3600,0.0470,6.0000,7.2220,0.0015,0.9193,0.6184,-31.1071,-25.9055,-29.5529,-25.6822,-29.5529,-25.6822,-31.0174,-25.7748,-40.3669,-25.6699,1.5541,0.2233,1.5541,0.2233,0.0897,0.1308,63,0.0800,63,0,0.9681,0.0269,0.0050,-1.5457,7.3490,-0.0053,-2.7197,5.3482,0.0000,1,0.1071,0.0544,6.6404,0.0004
6.7301,IMM-UKF-LOS,smooth,0.500,10.00,0.050,0,0.600,1,6.7483,10.1853,3.4370,2.2922,0.3600,0.3600,0.0467,6.0000,7.2220,0.0019,1.0521,0.6188,-31.2985,-25.9499,-29.5529,-25.6822,-29.5529,-25.6822,-31.1948,-25.8008,-40.5353,-25.8085,1.7456,0.2677,1.7456,0.2677,0.1037,0.1491,63,0.0900,63,0,0.9681,0.0269,0.0050,-1.6210,7.4309,-0.0090,-2.7279,5.3440,0.0000,1,0.1071,0.0544,6.6404,0.0004
6.7401,IMM-UKF-LOS,smooth,0.500,10.00,0.050,0,0.600,1,6.7365,10.1761,3.4396,2.3173,0.3600,0.3600,0.0464,6.0000,7.2220,0.0023,1.1867,0.6192,-31.4895,-25.9979,-29.5529,-25.6822,-29.5529,-25.6822,-31.3697,-25.8314,-40.7036,-25.9517,1.9366,0.3157,1.9366,0.3157,0.1198,0.1665,63,0.1000,63,0,0.9681,0.0269,0.0050,-1.6959,7.5118,-0.0128,-2.7361,5.3398,0.0000,1,0.1071,0.0544,6.6404,0.0004
6.7501,IMM-UKF-LOS,smooth,0.500,10.00,0.050,0,0.600,1,6.7237,10.1651,3.4413,2.3428,0.3600,0.3600,0.0461,6.0000,7.2220,0.0027,1.3238,0.6197,-31.6802,-26.0495,-29.5529,-25.6822,-29.5529,-25.6822,-31.5421,-25.8663,-40.8718,-26.0995,2.1272,0.3673,2.1272,0.3673,0.1381,0.1832,63,0.1100,63,0,0.9681,0.0269,0.0050,-1.7706,7.5916,-0.0167,-2.7441,5.3357,0.0000,1,0.0805,0.0413,6.6404,-0.0011
6.7601,IMM-UKF-LOS,smooth,0.500,10.00,0.050,0,0.600,1,6.7101,10.1523,3.4422,2.3688,0.3600,0.3600,0.0458,6.0000,7.2220,0.0032,1.4642,0.6202,-31.8705,-26.1047,-29.5529,-25.6822,-29.5529,-25.6822,-31.7120,-25.9057,-41.0400,-26.2520,2.3176,0.4225,2.3176,0.4225,0.1585,0.1990,63,0.1200,63,0,0.9681,0.0269,0.0050,-1.8449,7.6703,-0.0207,-2.7521,5.3316,0.0000,1,0.0805,0.0413,6.6404,-0.0011
6.7701,IMM-UKF-LOS,smooth,0.500,10.00,0.050,0,0.600,1,6.6955,10.1377,3.4422,2.3951,0.3600,0.3600,0.0455,6.0000,7.2220,0.0038,1.6086,0.6208,-32.0606,-26.1635,-29.5529,-25.6822,-29.5529,-25.6822,-31.8795,-25.9494,-41.2081,-26.4092,2.5077,0.4813,2.5077,0.4813,0.1811,0.2141,63,0.1300,63,0,0.9681,0.0269,0.0050,-1.9190,7.7479,-0.0247,-2.7600,5.3275,0.0000,1,0.0805,0.0413,6.6404,-0.0011
6.7801,IMM-UKF-LOS,smooth,0.500,10.00,0.050,0,0.600,1,6.6801,10.1214,3.4413,2.4219,0.3600,0.3600,0.0452,6.0000,7.2220,0.0044,1.7583,0.6214,-32.2505,-26.2259,-29.5529,-25.6822,-29.5529,-25.6822,-32.0446,-25.9974,-41.3763,-26.5712,2.6976,0.5437,2.6976,0.5437,0.2059,0.2285,63,0.1400,63,0,0.9681,0.0269,0.0050,-1.9927,7.8245,-0.0289,-2.7678,5.3235,0.0000,1,0.0805,0.0413,6.6404,-0.0011
6.7901,IMM-UKF-LOS,smooth,0.500,10.00,0.050,0,0.600,1,6.6638,10.1034,3.4396,2.4492,0.3600,0.3600,0.0449,6.0000,7.2220,0.0051,1.9139,0.6221,-32.4403,-26.2919,-29.5529,-25.6822,-29.5529,-25.6822,-32.2074,-26.0497,-41.5444,-26.7382,2.8873,0.6098,2.8873,0.6098,0.2329,0.2422,63,0.1500,63,0,0.9681,0.0269,0.0050,-2.0662,7.9001,-0.0331,-2.7756,5.3194,0.0000,1,0.0805,0.0413,6.6404,-0.0011
6.8001,IMM-UKF-LOS,smooth,0.500,10.00,0.050,0,0.600,1,6.6467,10.1604,3.5137,2.3229,0.3600,0.3600,0.0446,6.0000,7.1580,0.0031,1.0576,0.6228,-32.6299,-26.3616,-31.6802,-26.0495,-31.6802,-26.0495,-32.5159,-26.2174,-42.0513,-27.5907,0.9497,0.3121,0.9497,0.3121,0.1140,0.1443,64,0.0500,64,0,0.9656,0.0287,0.0057,-2.1394,7.9746,-0.0374,-2.7833,5.3154,0.0000,1,0.0805,0.0413,6.7489,-0.0011
6.8101,IMM-UKF-LOS,smooth,0.500,10.00,0.050,0,0.600,1,6.6287,10.1494,3.5207,2.3469,0.3600,0.3600,0.0443,6.0000,7.1580,0.0038,1.2262,0.6235,-32.8196,-26.4349,-31.6802,-26.0495,-31.6802,-26.0495,-32.6925,-26.2645,-42.2300,-27.7540,1.1394,0.3854,1.1394,0.3854,0.1271,0.1704,64,0.0600,64,0,0.9656,0.0287,0.0057,-2.2123,8.0481,-0.0418,-2.7909,5.3114,0.0000,1,0.0805,0.0413,6.7489,-0.0011
6.8201,IMM-UKF-LOS,smooth,0.500,10.00,0.050,0,0.600,1,6.6099,10.1368,3.5269,2.3712,0.3600,0.3600,0.0440,6.0000,7.1580,0.0046,1.3990,0.6243,-33.0093,-26.5119,-31.6802,-26.0495,-31.6802,-26.0495,-32.8667,-26.3159,-42.4088,-27.9222,1.3291,0.4624,1.3291,0.4624,0.1426,0.1959,64,0.0700,64,0,0.9656,0.0287,0.0057,-2.2848,8.1206,-0.0463,-2.7984,5.3074,0.0000,1,0.0805,0.0413,6.7489,-0.0011
6.8301,IMM-UKF-LOS,smooth,0.500,10.00,0.050,0,0.600,1,6.5902,10.1224,3.5322,2.3959,0.3600,0.3600,0.0437,6.0000,7.1580,0.0055,1.5757,0.6252,-33.1990,-26.5925,-31.6802,-26.0495,-31.6802,-26.0495,-33.0387,-26.3716,-42.5878,-28.0954,1.5188,0.5430,1.5188,0.5430,0.1604,0.2208,64,0.0800,64,0,0.9656,0.0287,0.0057,-2.3572,8.1921,-0.0510,-2.8059,5.3035,0.0000,1,0.0805,0.0413,6.7489,-0.0011
6.8401,IMM-UKF-LOS,smooth,0.500,10.00,0.050,0,0.600,1,6.5697,10.1064,3.5367,2.4210,0.3600,0.3600,0.0434,6.0000,7.1580,0.0063,1.7566,0.6260,-33.3889,-26.6768,-31.6802,-26.0495,-31.6802,-26.0495,-33.2084,-26.4315,-42.7670,-28.2734,1.7087,0.6273,1.7087,0.6273,0.1805,0.2453,64,0.0900,64,0,0.9656,0.0287,0.0057,-2.4292,8.2627,-0.0558,-2.8133,5.2996,0.0000,1,0.1139,0.0506,6.7489,0.0006
6.8501,IMM-UKF-LOS,smooth,0.500,10.00,0.050,0,0.600,1,6.5484,10.0886,3.5402,2.4465,0.3600,0.3600,0.0430,6.0000,7.1580,0.0073,1.9458,0.6269,-33.5790,-26.7647,-31.6802,-26.0495,-31.6802,-26.0495,-33.3760,-26.4948,-42.9466,-28.4514,1.8988,0.7152,1.8988,0.7152,0.2030,0.2699,64,0.1000,64,0,0.9656,0.0287,0.0057,-2.5008,8.3322,-0.0623,-2.8206,5.2957,0.0000,1,0.1139,0.0506,6.7489,0.0006
6.8601,IMM-UKF-LOS,smooth,0.500,10.00,0.050,0,0.600,1,6.5294,10.1042,3.5748,2.4724,0.3600,0.3600,0.0427,6.0000,7.1580,0.0080,2.5449,0.6277,-33.7686,-26.8435,-31.6802,-26.0495,-31.6802,-26.0495,-33.5376,-26.4715,-42.8732,-28.0939,2.0884,0.7940,2.0884,0.7940,0.2311,0.3719,64,0.1100,64,0,0.9656,0.0287,0.0057,-2.3861,8.1101,-0.0569,-2.8278,5.2918,0.0000,1,0.1139,0.0506,6.7489,0.0006
6.8701,IMM-UKF-LOS,smooth,0.500,10.00,0.050,0,0.600,1,6.5127,10.1243,3.6116,2.4988,0.3600,0.3600,0.0424,6.0000,7.1580,0.0087,3.1770,0.6283,-33.9576,-26.9129,-31.6802,-26.0495,-31.6802,-26.0495,-33.6954,-26.4364,-42.7953,-27.7336,2.2775,0.8634,2.2775,0.8634,0.2622,0.4766,64,0.1200,64,0,0.9656,0.0287,0.0057,-2.2710,7.8882,-0.0512,-2.8350,5.2880,0.0000,1,0.1139,0.0506,6.7489,0.0006
6.8801,IMM-UKF-LOS,smooth,0.500,10.00,0.050,0,0.600,1,6.4983,10.1490,3.6507,2.5255,0.3600,0.3600,0.0421,6.0000,7.1580,0.0092,3.8344,0.6289,-34.1458,-26.9729,-31.6802,-26.0495,-31.6802,-26.0495,-33.8494,-26.3893,-42.7134,-27.3708,2.4656,0.9234,2.4656,0.9234,0.2964,0.5837,64,0.1300,64,0,0.9656,0.0287,0.0057,-2.1555,7.6666,-0.0455,-2.8421,5.2842,0.0000,1,0.1139,0.0506,6.7489,0.0006
6.8901,IMM-UKF-LOS,smooth,0.500,10.00,0.050,0,0.600,1,6.4863,10.1783,3.6920,2.5528,0.3600,0.3600,0.0418,6.0000,7.1580,0.0096,4.5125,0.6293,-34.3329,-27.0234,-31.6802,-26.0495,-31.6802,-26.0495,-33.9994,-26.3305,-42.6279,-27.0059,2.6527,0.9739,2.6527,0.9739,0.3335,0.6929,64,0.1400,64,0,0.9656,0.0287,0.0057,-2.0395,7.4452,-0.0396,-2.8491,5.2804,0.0000,1,0.1139,0.0506,6.7489,0.0006
6.9001,IMM-UKF-LOS,smooth,0.500,10.00,0.050,0,0.600,1,6.4765,10.0781,3.6016,2.2023,0.3600,0.3600,0.0415,6.0000,7.0806,0.0036,2.8285,0.6296,-34.5187,-27.0643,-33.3889,-26.6768,-33.3889,-26.6768,-34.4868,-26.5923,-43.6073,-27.1001,1.1298,0.3874,1.1298,0.3874,0.0319,0.4719,65,0.0600,65,0,0.9595,0.0317,0.0089,-1.9231,7.2241,-0.0337,-2.8560,5.2766,0.0000,1,0.1139,0.0506,6.8406,0.0006
6.9101,IMM-UKF-LOS,smooth,0.500,10.00,0.050,0,0.600,1,6.4691,10.0953,3.6263,2.2254,0.3600,0.3600,0.0412,6.0000,7.0806,0.0038,3.1717,0.6298,-34.7030,-27.0954,-33.3889,-26.6768,-33.3889,-26.6768,-34.6579,-26.5667,-43.5454,-26.7769,1.3141,0.4186,1.3141,0.4186,0.0450,0.5286,65,0.0700,65,0,0.9595,0.0317,0.0089,-1.8063,7.0031,-0.0277,-2.8629,5.2729,0.0000,1,0.1139,0.0506,6.8406,0.0006
6.9201,IMM-UKF-LOS,smooth,0.500,10.00,0.050,0,0.600,1,6.4639,10.1171,3.6532,2.2489,0.3600,0.3600,0.0409,6.0000,7.0806,0.0038,3.5300,0.6299,-34.8856,-27.1167,-33.3889,-26.6768,-33.3889,-26.6768,-34.8248,-26.5292,-43.4794,-26.4512,1.4967,0.4399,1.4967,0.4399,0.0608,0.5876,65,0.0800,65,0,0.9595,0.0317,0.0089,-1.6892,6.7829,-0.0217,-2.8697,5.2692,0.0000,1,0.1139,0.0506,6.8406,0.0006
6.9301,IMM-UKF-LOS,smooth,0.500,10.00,0.050,0,0.600,1,6.4610,10.1433,3.6823,2.2727,0.3600,0.3600,0.0406,6.0000,7.0806,0.0038,3.9002,0.6298,-35.0663,-27.1284,-33.3889,-26.6768,-33.3889,-26.6768,-34.9875,-26.4803,-43.4115,-26.1263,1.6774,0.4516,1.6774,0.4516,0.0788,0.6481,65,0.0900,65,0,0.9595,0.0317,0.0089,-1.5729,6.5651,-0.0156,-2.8765,5.2655,0.0000,1,0.1139,0.0506,6.8406,0.0006
6.9401,IMM-UKF-LOS,smooth,0.500,10.00,0.050,0,0.600,1,6.4603,10.1738,3.7134,2.2969,0.3600,0.3600,0.0403,6.0000,7.0806,0.0037,4.2808,0.6297,-35.2450,-27.1305,-33.3889,-26.6768,-33.3889,-26.6768,-35.1459,-26.4205,-43.3421,-25.8024,1.8561,0.4537,1.8561,0.4537,0.0991,0.7100,65,0.1000,65,0,0.9595,0.0317,0.0089,-1.4574,6.3498,-0.0095,-2.8831,5.2619,0.0000,1,0.1139,0.0506,6.8406,0.0006
6.9501,IMM-UKF-LOS,smooth,0.500,10.00,0.050,0,0.600,1,6.4619,10.2085,3.7466,2.3216,0.3600,0.3600,0.0400,6.0000,7.0806,0.0035,4.6704,0.6294,-35.4215,-27.1231,-33.3889,-26.6768,-33.3889,-26.6768,-35.2999,-26.3500,-43.2714,-25.4801,2.0326,0.4463,2.0326,0.4463,0.1216,0.7731,65,0.1100,65,0,0.9595,0.0317,0.0089,-1.3426,6.1369,-0.0033,-2.8897,5.2583,0.0000,1,0.1139,0.0506,6.8406,0.0006
6.9601,IMM-UKF-LOS,smooth,0.500,10.00,0.050,0,0.600,1,6.4657,10.2473,3.7817,2.3466,0.3600,0.3600,0.0398,6.0000,7.0806,0.0032,5.0675,0.6291,-35.5956,-27.1063,-33.3889,-26.6768,-33.3889,-26.6768,-35.4496,-26.2694,-43.1997,-25.1598,2.2067,0.4295,2.2067,0.4295,0.1460,0.8369,65,0.1200,65,0,0.9595,0.0317,0.0089,-1.2285,5.9264,0.0030,-2.8962,5.2547,0.0000,1,0.1096,0.0554,6.8406,0.0008
6.9701,IMM-UKF-LOS,smooth,0.500,10.00,0.050,0,0.600,1,6.4716,10.2903,3.8187,2.3721,0.3600,0.3600,0.0395,6.0000,7.0806,0.0029,5.4706,0.6286,-35.7673,-27.0803,-33.3889,-26.6768,-33.3889,-26.6768,-35.5949,-26.1790,-43.1273,-24.8418,2.3784,0.4035,2.3784,0.4035,0.1724,0.9013,65,0.1300,65,0,0.9595,0.0317,0.0089,-1.1152,5.7183,0.0093,-2.9026,5.2512,0.0000,1,0.1096,0.0554,6.8406,0.0008
6.9801,IMM-UKF-LOS,smooth,0.500,10.00,0.050,0,0.600,1,6.4797,10.3374,3.8577,2.3980,0.3600,0.3600,0.0392,6.0000,7.0806,0.0027,5.8783,0.6280,-35.9363,-27.0452,-33.3889,-26.6768,-33.3889,-26.6768,-35.7357,-26.0792,-43.0544,-24.5266,2.5474,0.3684,2.5474,0.3684,0.2006,0.9660,65,0.1400,65,0,0.9595,0.0317,0.0089,-1.0027,5.5125,0.0158,-2.9090,5.2476,0.0000,1,0.1096,0.0554,6.8406,0.0008
6.9901,IMM-UKF-LOS,smooth,0.500,10.00,0.050,0,0.600,1,6.4899,10.3885,3.8986,2.4244,0.3600,0.3600,0.0390,6.0000,7.0806,0.0025,6.2886,0.6273,-36.1026,-27.0012,-33.3889,-26.6768,-33.3889,-26.6768,-35.8721,-25.9706,-42.9811,-24.2146,2.7137,0.3244,2.7137,0.3244,0.2305,1.0306,65,0.1500,65,0,0.9595,0.0317,0.0089,-0.8909,5.3091,0.0225,-2.9153,5.2442,0.0000,1,0.1096,0.0554,6.8406,0.0008
7.0001,IMM-UKF-LOS,smooth,0.500,10.00,0.050,0,0.600,1,6.5023,10.4436,3.9413,2.4512,0.3600,0.3600,0.0387,6.0000,7.0806,0.0027,6.6999,0.6266,-36.2660,-26.9486,-33.3889,-26.6768,-33.3889,-26.6768,-36.0041,-25.8537,-42.9077,-23.9063,2.8771,0.2718,2.8771,0.2718,0.2619,1.0949,65,0.1600,65,0,0.9595,0.0317,0.0089,-0.7798,5.1080,0.0294,-2.9215,5.2407,0.0000,1,0.1096,0.0554,6.8406,0.0008
7.0101,IMM-UKF-LOS,smooth,0.500,10.00,0.050,0,0.600,1,6.5167,10.5026,3.9859,2.4785,0.3600,0.3600,0.0385,6.0000,7.0806,0.0031,7.1101,0.6257,-36.4264,-26.8876,-33.3889,-26.6768,-33.3889,-26.6768,-36.1317,-25.7289,-42.8344,-23.6022,3.0375,0.2108,3.0375,0.2108,0.2947,1.1586,65,0.1700,65,0,0.9595,0.0317,0.0089,-0.6695,4.9091,0.0367,-2.9276,5.2373,0.0000,1,0.1096,0.0554,6.8406,0.0008
7.0201,IMM-UKF-LOS,smooth,0.500,10.00,0.050,0,0.600,1,6.5332,11.0018,4.4686,2.1640,0.3600,0.3600,0.0382,6.0000,7.3264,0.0050,0.7457,0.6247,-36.5838,-26.8183,-35.5956,-27.1063,-35.5956,-27.1063,-36.4740,-26.8955,-43.3258,-26.1950,0.9881,-0.2879,0.9881,-0.2879,0.1097,-0.0772,66,0.0600,66,0,0.9594,0.0333,0.0074,-0.5599,4.7126,0.0447,-2.9337,5.2339,0.0000,1,0.1096,0.0554,6.9608,0.0008
7.0301,IMM-UKF-LOS,smooth,0.500,10.00,0.050,0,0.600,1,6.5518,11.0492,4.4974,2.1866,0.3600,0.3600,0.0380,6.0000,7.3264,0.0062,0.9011,0.6236,-36.7380,-26.7413,-35.5956,-27.1063,-35.5956,-27.1063,-36.6214,-26.8502,-43.2892,-25.9602,1.1423,-0.3650,1.1423,-0.3650,0.1166,-0.1089,66,0.0700,66,0,0.9594,0.0333,0.0074,-0.4511,4.5183,0.0540,-2.9397,5.2305,0.0000,1,0.1096,0.0554,6.9608,0.0008
7.0401,IMM-UKF-LOS,smooth,0.500,10.00,0.050,0,0.600,1,6.5725,11.1006,4.5282,2.2096,0.3600,0.3600,0.0378,6.0000,7.3264,0.0075,1.0730,0.6224,-36.8889,-26.6569,-35.5956,-27.1063,-35.5956,-27.1063,-36.7643,-26.7976,-43.2511,-25.7351,1.2932,-0.4494,1.2932,-0.4494,0.1246,-0.1407,66,0.0800,66,0,0.9594,0.0333,0.0074,-0.3432,4.3264,0.0673,-2.9456,5.2272,0.0000,1,0.1096,0.0554,6.9608,0.0008
7.0501,IMM-UKF-LOS,smooth,0.500,10.00,0.050,0,0.600,1,6.5924,11.1312,4.5388,2.2328,0.3600,0.3600,0.0376,6.0000,7.3264,0.0088,1.6473,0.6212,-37.0375,-26.5838,-35.5956,-27.1063,-35.5956,-27.1063,-36.9077,-26.8335,-43.3471,-26.0358,1.4419,-0.5225,1.4419,-0.5225,0.1298,-0.2498,66,0.0900,66,0,0.9594,0.0333,0.0074,-0.4338,4.4159,0.1437,-2.9515,5.2239,0.0000,1,0.1096,0.0554,6.9608,0.0008
7.0601,IMM-UKF-LOS,smooth,0.500,10.00,0.050,0,0.600,1,6.6111,11.1552,4.5441,2.2565,0.3600,0.3600,0.0373,6.0000,7.3264,0.0101,2.1118,0.6201,-37.1840,-26.5158,-35.5956,-27.1063,-35.5956,-27.1063,-37.0484,-26.8474,-43.4492,-26.1672,1.5883,-0.5905,1.5883,-0.5905,0.1356,-0.3316,66,0.1000,66,0,0.9594,0.0333,0.0074,-0.5338,4.5183,0.1359,-2.9573,5.2206,0.0000,1,0.1096,0.0554,6.9608,0.0008
7.0701,IMM-UKF-LOS,smooth,0.500,10.00,0.050,0,0.600,1,6.6285,11.1765,4.5480,2.2807,0.3600,0.3600,0.0371,6.0000,7.3264,0.0112,2.5803,0.6190,-37.3283,-26.4525,-35.5956,-27.1063,-35.5956,-27.1063,-37.1864,-26.8648,-43.5508,-26.2942,1.7327,-0.6538,1.7327,-0.6538,0.1420,-0.4122,66,0.1100,66,0,0.9594,0.0333,0.0074,-0.6331,4.6192,0.1248,-2.9630,5.2174,0.0000,1,0.0956,0.0498,6.9608,-0.0005
7.0801,IMM-UKF-LOS,smooth,0.500,10.00,0.050,0,0.600,1,6.6447,11.1955,4.5508,2.3053,0.3600,0.3600,0.0369,6.0000,7.3264,0.0123,3.0532,0.6180,-37.4707,-26.3938,-35.5956,-27.1063,-35.5956,-27.1063,-37.3216,-26.8865,-43.6519,-26.4224,1.8750,-0.7125,1.8750,-0.7125,0.1490,-0.4927,66,0.1200,66,0,0.9594,0.0333,0.0074,-0.7316,4.7189,0.1126,-2.9686,5.2142,0.0000,1,0.0956,0.0498,6.9608,-0.0005
7.0901,IMM-UKF-LOS,smooth,0.500,10.00,0.050,0,0.600,1,6.6596,11.2120,4.5524,2.3303,0.3600,0.3600,0.0367,6.0000,7.3264,0.0133,3.5299,0.6171,-37.6112,-26.3395,-35.5956,-27.1063,-35.5956,-27.1063,-37.4543,-26.9127,-43.7524,-26.5534,2.0155,-0.7667,2.0155,-0.7667,0.1568,-0.5732,66,0.1300,66,0,0.9594,0.0333,0.0074,-0.8295,4.8173,0.1000,-2.9741,5.2110,0.0000,1,0.0956,0.0498,6.9608,-0.0005
7.1001,IMM-UKF-LOS,smooth,0.500,10.00,0.050,0,0.600,1,6.6733,11.2261,4.5528,2.3558,0.3600,0.3600,0.0365,6.0000,7.3264,0.0142,4.0105,0.6163,-37.7498,-26.2896,-35.5956,-27.1063,-35.5956,-27.1063,-37.5845,-26.9434,-43.8525,-26.6879,2.1542,-0.8167,2.1542,-0.8167,0.1653,-0.6539,66,0.1400,66,0,0.9594,0.0333,0.0074,-0.9268,4.9145,0.0873,-2.9796,5.2079,0.0000,1,0.0956,0.0498,6.9608,-0.0005
7.1101,IMM-UKF-LOS,smooth,0.500,10.00,0.050,0,0.600,1,6.6858,11.2380,4.5522,2.3818,0.3600,0.3600,0.0363,6.0000,7.3264,0.0151,4.4947,0.6155,-37.8867,-26.2438,-35.5956,-27.1063,-35.5956,-27.1063,-37.7122,-26.9787,-43.9521,-26.8262,2.2911,-0.8625,2.2911,-0.8625,0.1745,-0.7349,66,0.1500,66,0,0.9594,0.0333,0.0074,-1.0233,5.0105,0.0748,-2.9850,5.2048,0.0000,1,0.0956,0.0498,6.9608,-0.0005
7.1201,IMM-UKF-LOS,smooth,0.500,10.00,0.050,0,0.600,1,6.6971,11.7614,5.0643,2.0663,0.3600,0.3600,0.0361,6.0000,7.8220,0.0047,1.4409,0.6148,-38.0219,-26.2021,-37.3283,-26.4525,-37.3283,-26.4525,-38.0185,-26.4429,-44.2475,-25.6528,0.6936,-0.2504,0.6936,-0.2504,0.0034,-0.2408,67,0.0500,67,0,0.9617,0.0307,0.0077,-1.1192,5.1053,0.0623,-2.9904,5.2017,0.0000,1,0.0956,0.0498,7.0696,-0.0005
7.1301,IMM-UKF-LOS,smooth,0.500,10.00,0.050,0,0.600,1,6.7071,11.7862,5.0790,2.0881,0.3600,0.3600,0.0359,6.0000,7.8220,0.0054,1.6608,0.6142,-38.1556,-26.1644,-37.3283,-26.4525,-37.3283,-26.4525,-38.1555,-26.4421,-44.3482,-25.7487,0.8272,-0.2881,0.8272,-0.2881,0.0000,-0.2776,67,0.0600,67,0,0.9617,0.0307,0.0077,-1.2145,5.1989,0.0501,-2.9957,5.1987,0.0000,1,0.0956,0.0498,7.0696,-0.0005
7.1401,IMM-UKF-LOS,smooth,0.500,10.00,0.050,0,0.600,1,6.7160,11.8086,5.0926,2.1101,0.3600,0.3600,0.0357,6.0000,7.8220,0.0060,1.8835,0.6136,-38.2876,-26.1308,-37.3283,-26.4525,-37.3283,-26.4525,-38.2901,-26.4456,-44.4484,-25.8484,0.9593,-0.3217,0.9593,-0.3217,-0.0025,-0.3148,67,0.0700,67,0,0.9617,0.0307,0.0077,-1.3091,5.2914,0.0382,-3.0008,5.1957,0.0000,1,0.0956,0.0498,7.0696,-0.0005
7.1501,IMM-UKF-LOS,smooth,0.500,10.00,0.050,0,0.600,1,6.7237,11.8287,5.1050,2.1326,0.3600,0.3600,0.0356,6.0000,7.8220,0.0066,2.1089,0.6131,-38.4183,-26.1011,-37.3283,-26.4525,-37.3283,-26.4525,-38.4222,-26.4536,-44.5482,-25.9519,1.0899,-0.3515,1.0899,-0.3515,-0.0040,-0.3525,67,0.0800,67,0,0.9617,0.0307,0.0077,-1.4031,5.3827,0.0265,-3.0060,5.1927,0.0000,1,0.0956,0.0498,7.0696,-0.0005
7.1601,IMM-UKF-LOS,smooth,0.500,10.00,0.050,0,0.600,1,6.7302,11.8466,5.1164,2.1556,0.3600,0.3600,0.0354,6.0000,7.8220,0.0071,2.3371,0.6127,-38.5475,-26.0752,-37.3283,-26.4525,-37.3283,-26.4525,-38.5521,-26.4659,-44.6475,-26.0595,1.2191,-0.3773,1.2191,-0.3773,-0.0046,-0.3906,67,0.0900,67,0,0.9617,0.0307,0.0077,-1.4965,5.4729,0.0153,-3.0110,5.1898,0.0000,1,0.0956,0.0498,7.0696,-0.0005
7.1701,IMM-UKF-LOS,smooth,0.500,10.00,0.050,0,0.600,1,6.7356,11.8623,5.1266,2.1789,0.3600,0.3600,0.0352,6.0000,7.8220,0.0075,2.5679,0.6123,-38.6753,-26.0532,-37.3283,-26.4525,-37.3283,-26.4525,-38.6797,-26.4824,-44.7464,-26.1712,1.3470,-0.3993,1.3470,-0.3993,-0.0043,-0.4292,67,0.1000,67,0,0.9617,0.0307,0.0077,-1.5892,5.5620,0.0044,-3.0160,5.1869,0.0000,1,0.1021,0.0503,7.0696,-0.0012
7.1801,IMM-UKF-LOS,smooth,0.500,10.00,0.050,0,0.600,1,6.7398,11.8757,5.1359,2.2027,0.3600,0.3600,0.0350,6.0000,7.8220,0.0080,2.8016,0.6120,-38.8019,-26.0350,-37.3283,-26.4525,-37.3283,-26.4525,-38.8050,-26.5033,-44.8448,-26.2871,1.4736,-0.4175,1.4736,-0.4175,-0.0032,-0.4683,67,0.1100,67,0,0.9617,0.0307,0.0077,-1.6813,5.6501,-0.0061,-3.0209,5.1840,0.0000,1,0.1021,0.0503,7.0696,-0.0012
7.1901,IMM-UKF-LOS,smooth,0.500,10.00,0.050,0,0.600,1,6.7429,11.8870,5.1441,2.2270,0.3600,0.3600,0.0348,6.0000,7.8220,0.0083,3.0383,0.6117,-38.9272,-26.0206,-37.3283,-26.4525,-37.3283,-26.4525,-38.9283,-26.5285,-44.9429,-26.4075,1.5989,-0.4319,1.5989,-0.4319,-0.0011,-0.5079,67,0.1200,67,0,0.9617,0.0307,0.0077,-1.7728,5.7370,-0.0162,-3.0257,5.1812,0.0000,1,0.1021,0.0503,7.0696,-0.0012
7.2001,IMM-UKF-LOS,smooth,0.500,10.00,0.050,0,0.600,1,6.7449,11.8962,5.1513,2.2518,0.3600,0.3600,0.0347,6.0000,7.8220,0.0085,3.2782,0.6115,-39.0513,-26.0099,-37.3283,-26.4525,-37.3283,-26.4525,-39.0495,-26.5579,-45.0406,-26.5324,1.7230,-0.4426,1.7230,-0.4426,0.0018,-0.5480,67,0.1300,67,0,0.9617,0.0307,0.0077,-1.8636,5.8229,-0.0258,-3.0305,5.1784,0.0000,1,0.1021,0.0503,7.0696,-0.0012
7.2101,IMM-UKF-LOS,smooth,0.500,10.00,0.050,0,0.600,1,6.7458,11.9033,5.1575,2.2771,0.3600,0.3600,0.0345,6.0000,7.8220,0.0087,3.5213,0.6114,-39.1744,-26.0030,-37.3283,-26.4525,-37.3283,-26.4525,-39.1688,-26.5916,-45.1380,-26.6620,1.8460,-0.4495,1.8460,-0.4495,0.0056,-0.5886,67,0.1400,67,0,0.9617,0.0307,0.0077,-1.9538,5.9077,-0.0349,-3.0352,5.1757,0.0000,1,0.1021,0.0503,7.0696,-0.0012
7.2201,IMM-UKF-LOS,smooth,0.500,10.00,0.050,0,0.600,1,6.7456,11.9084,5.1629,2.3029,0.3600,0.3600,0.0343,6.0000,7.8220,0.0088,3.7681,0.6114,-39.2963,-25.9999,-37.3283,-26.4525,-37.3283,-26.4525,-39.2860,-26.6297,-45.2349,-26.7966,1.9680,-0.4527,1.9680,-0.4527,0.0103,-0.6298,67,0.1500,67,0,0.9617,0.0307,0.0077,-2.0434,5.9915,-0.0436,-3.0398,5.1730,0.0000,1,0.1021,0.0503,7.0696,-0.0012
7.2301,IMM-UKF-LOS,smooth,0.500,10.00,0.050,0,0.600,1,6.7443,11.7660,5.0217,2.1656,0.3600,0.3600,0.0341,6.0000,7.7457,0.0015,1.0215,0.6114,-39.4172,-26.0004,-38.6753,-26.0532,-38.6753,-26.0532,-39.4373,-26.1702,-45.2580,-25.7755,0.7418,-0.0528,0.7418,-0.0528,-0.0201,-0.1698,68,0.0600,68,0,0.9567,0.0339,0.0093,-2.1324,6.0742,-0.0516,-3.0443,5.1703,0.0000,1,0.1021,0.0503,7.1688,-0.0012
7.2401,IMM-UKF-LOS,smooth,0.500,10.00,0.050,0,0.600,1,6.7419,11.7761,5.0342,2.1884,0.3600,0.3600,0.0339,6.0000,7.7457,0.0016,1.0542,0.6114,-39.5371,-26.0048,-38.6753,-26.0532,-38.6753,-26.0532,-39.5569,-26.1801,-45.3538,-25.8836,0.8617,-0.0485,0.8617,-0.0485,-0.0198,-0.1753,68,0.0700,68,0,0.9567,0.0339,0.0093,-2.2208,6.1560,-0.0591,-3.0488,5.1677,0.0000,1,0.1021,0.0503,7.1688,-0.0012
7.2501,IMM-UKF-LOS,smooth,0.500,10.00,0.050,0,0.600,1,6.7384,11.7841,5.0457,2.2117,0.3600,0.3600,0.0338,6.0000,7.7457,0.0016,1.0901,0.6115,-39.6560,-26.0129,-38.6753,-26.0532,-38.6753,-26.0532,-39.6745,-26.1943,-45.4491,-25.9968,0.9807,-0.0404,0.9807,-0.0404,-0.0185,-0.1815,68,0.0800,68,0,0.9567,0.0339,0.0093,-2.3085,6.2367,-0.0660,-3.0532,5.1651,0.0000,1,0.1021,0.0503,7.1688,-0.0012
7.2601,IMM-UKF-LOS,smooth,0.500,10.00,0.050,0,0.600,1,6.7339,11.7901,5.0562,2.2354,0.3600,0.3600,0.0336,6.0000,7.7457,0.0016,1.1293,0.6117,-39.7741,-26.0247,-38.6753,-26.0532,-38.6753,-26.0532,-39.7903,-26.2129,-45.5442,-26.1152,1.0987,-0.0285,1.0987,-0.0285,-0.0162,-0.1882,68,0.0900,68,0,0.9567,0.0339,0.0093,-2.3957,6.3165,-0.0723,-3.0575,5.1625,0.0000,1,0.1021,0.0503,7.1688,-0.0012
7.2701,IMM-UKF-LOS,smooth,0.500,10.00,0.050,0,0.600,1,6.7284,11.7942,5.0658,2.2595,0.3600,0.3600,0.0334,6.0000,7.7457,0.0017,1.1722,0.6119,-39.8912,-26.0404,-38.6753,-26.0532,-38.6753,-26.0532,-39.9041,-26.2360,-45.6388,-26.2391,1.2159,-0.0128,1.2159,-0.0128,-0.0129,-0.1956,68,0.1000,68,0,0.9567,0.0339,0.0093,-2.4822,6.3953,-0.0778,-3.0618,5.1600,0.0000,1,0.1021,0.0503,7.1688,-0.0012
7.2801,IMM-UKF-LOS,smooth,0.500,10.00,0.050,0,0.600,1,6.7218,11.7963,5.0744,2.2840,0.3600,0.3600,0.0333,6.0000,7.7457,0.0017,1.2191,0.6122,-40.0076,-26.0599,-38.6753,-26.0532,-38.6753,-26.0532,-40.0162,-26.2636,-45.7332,-26.3687,1.3323,0.0067,1.3323,0.0067,-0.0085,-0.2036,68,0.1100,68,0,0.9567,0.0339,0.0093,-2.5682,6.4731,-0.0825,-3.0659,5.1575,0.0000,1,0.1112,0.0540,7.1688,-0.0002
7.2901,IMM-UKF-LOS,smooth,0.500,10.00,0.050,0,0.600,1,6.7143,11.7965,5.0822,2.3090,0.3600,0.3600,0.0331,6.0000,7.7457,0.0018,1.2706,0.6125,-40.1232,-26.0833,-38.6753,-26.0532,-38.6753,-26.0532,-40.1264,-26.2957,-45.8272,-26.5045,1.4479,0.0301,1.4479,0.0301,-0.0032,-0.2124,68,0.1200,68,0,0.9567,0.0339,0.0093,-2.6535,6.5499,-0.0864,-3.0700,5.1551,0.0000,1,0.1112,0.0540,7.1688,-0.0002
7.3001,IMM-UKF-LOS,smooth,0.500,10.00,0.050,0,0.600,1,6.7057,11.7948,5.0891,2.3344,0.3600,0.3600,0.0329,6.0000,7.7457,0.0019,1.3275,0.6128,-40.2380,-26.1107,-38.6753,-26.0532,-38.6753,-26.0532,-40.2349,-26.3326,-45.9209,-26.6468,1.5627,0.0575,1.5627,0.0575,0.0031,-0.2219,68,0.1300,68,0,0.9567,0.0339,0.0093,-2.7383,6.6259,-0.0894,-3.0741,5.1527,0.0000,1,0.1112,0.0540,7.1688,-0.0002
7.3101,IMM-UKF-LOS,smooth,0.500,10.00,0.050,0,0.600,1,6.6962,11.7914,5.0952,2.3604,0.3600,0.3600,0.0328,6.0000,7.7457,0.0021,1.3903,0.6133,-40.3522,-26.1421,-38.6753,-26.0532,-38.6753,-26.0532,-40.3418,-26.3743,-46.0143,-26.7961,1.6769,0.0889,1.6769,0.0889,0.0104,-0.2322,68,0.1400,68,0,0.9567,0.0339,0.0093,-2.8225,6.7008,-0.0912,-3.0780,5.1503,0.0000,1,0.1112,0.0540,7.1688,-0.0002
7.3201,IMM-UKF-LOS,smooth,0.500,10.00,0.050,0,0.600,1,6.6857,11.7862,5.1005,2.3868,0.3600,0.3600,0.0326,6.0000,7.7457,0.0023,1.4602,0.6137,-40.4657,-26.1776,-38.6753,-26.0532,-38.6753,-26.0532,-40.4469,-26.4211,-46.1074,-26.9530,1.7903,0.1244,1.7903,0.1244,0.0187,-0.2435,68,0.1500,68,0,0.9567,0.0339,0.0093,-2.9060,6.7749,-0.0919,-3.0819,5.1480,0.0000,1,0.1112,0.0540,7.1688,-0.0002
7.3301,IMM-UKF-LOS,smooth,0.500,10.00,0.050,0,0.600,1,6.6743,11.7793,5.1050,2.4137,0.3600,0.3600,0.0324,6.0000,7.7457,0.0027,1.5383,0.6142,-40.5785,-26.2173,-38.6753,-26.0532,-38.6753,-26.0532,-40.5505,-26.4732,-46.2002,-27.1185,1.9032,0.1641,1.9032,0.1641,0.0280,-0.2559,68,0.1600,68,0,0.9567,0.0339,0.0093,-2.9890,6.8480,-0.0911,-3.0857,5.1457,0.0000,1,0.1112,0.0540,7.1688,-0.0002
7.3401,IMM-UKF-LOS,smooth,0.500,10.00,0.050,0,0.600,1,6.6619,11.8743,5.2124,2.4076,0.3600,0.3600,0.0322,6.0000,7.8573,0.0026,0.7249,0.6147,-40.6908,-26.2614,-40.0076,-26.0599,-40.0076,-26.0599,-40.6972,-26.1403,-46.2300,-26.4137,0.6832,0.2014,0.6832,0.2014,-0.0064,0.1210,69,0.0600,69,0,0.9593,0.0333,0.0074,-3.0714,6.9202,-0.0886,-3.0895,5.1434,0.0000,1,0.1112,0.0540,7.2799,-0.0002
7.3501,IMM-UKF-LOS,smooth,0.500,10.00,0.050,0,0.600,1,6.6486,11.8750,5.2264,2.4324,0.3600,0.3600,0.0321,6.0000,7.8573,0.0032,0.8639,0.6153,-40.8025,-26.3100,-40.0076,-26.0599,-40.0076,-26.0599,-40.8054,-26.1656,-46.3224,-26.5567,0.7949,0.2500,0.7949,0.2500,-0.0029,0.1444,69,0.0700,69,0,0.9593,0.0333,0.0074,-3.1531,6.9915,-0.0840,-3.0932,5.1412,0.0000,1,0.1112,0.0540,7.2799,-0.0002
7.3601,IMM-UKF-LOS,smooth,0.500,10.00,0.050,0,0.600,1,6.6344,11.8741,5.2397,2.4576,0.3600,0.3600,0.0319,6.0000,7.8573,0.0038,0.9977,0.6159,-40.9136,-26.3633,-40.0076,-26.0599,-40.0076,-26.0599,-40.9120,-26.1965,-46.4144,-26.7112,0.9060,0.3033,0.9060,0.3033,0.0017,0.1668,69,0.0800,69,0,0.9593,0.0333,0.0074,-3.2343,7.0618,-0.0764,-3.0968,5.1391,0.0000,1,0.1112,0.0540,7.2799,-0.0002
7.3701,IMM-UKF-LOS,smooth,0.500,10.00,0.050,0,0.600,1,6.6194,11.8716,5.2522,2.4831,0.3600,0.3600,0.0317,6.0000,7.8573,0.0044,1.1239,0.6166,-41.0243,-26.4217,-40.0076,-26.0599,-40.0076,-26.0599,-41.0169,-26.2339,-46.5060,-26.8807,1.0167,0.3617,1.0167,0.3617,0.0074,0.1878,69,0.0900,69,0,0.9593,0.0333,0.0074,-3.3147,7.1311,-0.0648,-3.1003,5.1369,0.0000,1,0.1112,0.0540,7.2799,-0.0002
7.3801,IMM-UKF-LOS,smooth,0.500,10.00,0.050,0,0.600,1,6.6036,11.8679,5.2643,2.5091,0.3600,0.3600,0.0316,6.0000,7.8573,0.0050,1.2366,0.6172,-41.1345,-26.4856,-40.0076,-26.0599,-40.0076,-26.0599,-41.1203,-26.2793,-46.5971,-27.0718,1.1269,0.4257,1.1269,0.4257,0.0142,0.2063,69,0.1000,69,0,0.9593,0.0333,0.0074,-3.3942,7.1991,-0.0465,-3.1038,5.1349,0.0000,1,0.1112,0.0540,7.2799,-0.0002
7.3901,IMM-UKF-LOS,smooth,0.500,10.00,0.050,0,0.600,1,6.5870,11.8634,5.2764,2.5354,0.3600,0.3600,0.0314,6.0000,7.8573,0.0059,1.3193,0.6180,-41.2444,-26.5562,-40.0076,-26.0599,-40.0076,-26.0599,-41.2221,-26.3366,-46.6870,-27.3022,1.2368,0.4963,1.2368,0.4963,0.0224,0.2196,69,0.1100,69,0,0.9593,0.0333,0.0074,-3.4718,7.2647,-0.0143,-3.1071,5.1328,0.0000,1,0.1112,0.0540,7.2799,-0.0002
7.4001,IMM-UKF-LOS,smooth,0.500,10.00,0.050,0,0.600,1,6.5702,11.8624,5.2922,2.5621,0.3600,0.3600,0.0312,6.0000,7.8573,0.0067,1.2888,0.6187,-41.3538,-26.6369,-40.0076,-26.0599,-40.0076,-26.0599,-41.3219,-26.4234,-46.7686,-27.6528,1.3462,0.5770,1.3462,0.5770,0.0320,0.2135,69,0.1200,69,0,0.9593,0.0333,0.0074,-3.5373,7.3153,0.0705,-3.1105,5.1308,0.0000,1,0.0815,0.0516,7.2799,-0.0013
7.4101,IMM-UKF-LOS,smooth,0.500,10.00,0.050,0,0.600,1,6.5558,11.8973,5.3415,2.5892,0.3600,0.3600,0.0310,6.0000,7.8573,0.0074,1.7377,0.6192,-41.4616,-26.7146,-40.0076,-26.0599,-40.0076,-26.0599,-41.4118,-26.4275,-46.7101,-27.5564,1.4540,0.6546,1.4540,0.6546,0.0498,0.2870,69,0.1300,69,0,0.9593,0.0333,0.0074,-3.4017,7.1198,0.1474,-3.1137,5.1288,0.0000,1,0.0815,0.0516,7.2799,-0.0013
7.4201,IMM-UKF-LOS,smooth,0.500,10.00,0.050,0,0.600,1,6.5437,11.9348,5.3911,2.6168,0.3600,0.3600,0.0308,6.0000,7.8573,0.0081,2.3932,0.6196,-41.5676,-26.7840,-40.0076,-26.0599,-40.0076,-26.0599,-41.4983,-26.3888,-46.6453,-27.2865,1.5600,0.7241,1.5600,0.7241,0.0692,0.3952,69,0.1400,69,0,0.9593,0.0333,0.0074,-3.2583,6.9158,0.1648,-3.1169,5.1269,0.0000,1,0.0815,0.0516,7.2799,-0.0013
7.4301,IMM-UKF-LOS,smooth,0.500,10.00,0.050,0,0.600,1,6.5339,11.9761,5.4422,2.6448,0.3600,0.3600,0.0306,6.0000,7.8573,0.0086,3.1048,0.6199,-41.6717,-26.8439,-40.0076,-26.0599,-40.0076,-26.0599,-41.5815,-26.3312,-46.5779,-26.9732,1.6640,0.7840,1.6640,0.7840,0.0901,0.5127,69,0.1500,69,0,0.9593,0.0333,0.0074,-3.1142,6.7115,0.1670,-3.1200,5.1250,0.0000,1,0.0815,0.0516,7.2799,-0.0013
7.4401,IMM-UKF-LOS,smooth,0.500,10.00,0.050,0,0.600,1,6.5264,12.0213,5.4950,2.6733,0.3600,0.3600,0.0304,6.0000,7.8573,0.0090,3.8469,0.6201,-41.7737,-26.8936,-40.0076,-26.0599,-40.0076,-26.0599,-41.6613,-26.2585,-46.5085,-26.6373,1.7661,0.8337,1.7661,0.8337,0.1124,0.6351,69,0.1600,69,0,0.9593,0.0333,0.0074,-2.9700,6.5074,0.1616,-3.1230,5.1232,0.0000,1,0.0815,0.0516,7.2799,-0.0013
7.4501,IMM-UKF-LOS,smooth,0.500,10.00,0.050,0,0.600,1,6.5210,12.0706,5.5496,2.7022,0.3600,0.3600,0.0302,6.0000,7.8573,0.0095,4.6091,0.6202,-41.8736,-26.9326,-40.0076,-26.0599,-40.0076,-26.0599,-41.7376,-26.1719,-46.4373,-26.2860,1.8660,0.8727,1.8660,0.8727,0.1360,0.7607,69,0.1700,69,0,0.9593,0.0333,0.0074,-2.8258,6.3037,0.1511,-3.1260,5.1214,0.0000,1,0.0815,0.0516,7.2799,-0.0013
7.4601,IMM-UKF-LOS,smooth,0.500,10.00,0.050,0,0.600,1,6.5178,11.9408,5.4230,2.6933,0.3600,0.3600,0.0301,6.0000,7.7598,0.0041,1.9513,0.6202,-41.9712,-26.9607,-41.3538,-26.6369,-41.3538,-26.6369,-41.9453,-26.6353,-46.6461,-26.9102,0.6174,0.3237,0.6174,0.3237,0.0259,0.3253,70,0.0600,70,0,0.9619,0.0318,0.0063,-2.6829,6.1024,0.1368,-3.1288,5.1196,0.0000,1,0.0815,0.0516,7.3987,-0.0013
7.4701,IMM-UKF-LOS,smooth,0.500,10.00,0.050,0,0.600,1,6.5166,11.9721,5.4554,2.7200,0.3600,0.3600,0.0299,6.0000,7.7598,0.0047,2.2630,0.6201,-42.0665,-26.9776,-41.3538,-26.6369,-41.3538,-26.6369,-42.0348,-26.6004,-46.5982,-26.6001,0.7127,0.3407,0.7127,0.3407,0.0317,0.3772,70,0.0700,70,0,0.9619,0.0318,0.0063,-2.5415,5.9035,0.1193,-3.1316,5.1179,0.0000,1,0.0815,0.0516,7.3987,-0.0013
7.4801,IMM-UKF-LOS,smooth,0.500,10.00,0.050,0,0.600,1,6.5175,12.0072,5.4897,2.7470,0.3600,0.3600,0.0297,6.0000,7.7598,0.0050,2.5811,0.6200,-42.1594,-26.9833,-41.3538,-26.6369,-41.3538,-26.6369,-42.1209,-26.5532,-46.5492,-26.2821,0.8056,0.3463,0.8056,0.3463,0.0385,0.4301,70,0.0800,70,0,0.9619,0.0318,0.0063,-2.4015,5.7070,0.0990,-3.1344,5.1162,0.0000,1,0.0815,0.0516,7.3987,-0.0013
7.4901,IMM-UKF-LOS,smooth,0.500,10.00,0.050,0,0.600,1,6.5205,12.0462,5.5257,2.7743,0.3600,0.3600,0.0296,6.0000,7.7598,0.0054,2.9048,0.6198,-42.2498,-26.9775,-41.3538,-26.6369,-41.3538,-26.6369,-42.2038,-26.4937,-46.4991,-25.9567,0.8960,0.3406,0.8960,0.3406,0.0460,0.4838,70,0.0900,70,0,0.9619,0.0318,0.0063,-2.2629,5.5129,0.0759,-3.1371,5.1146,0.0000,1,0.1034,0.0463,7.3987,0.0010
7.5001,IMM-UKF-LOS,smooth,0.500,10.00,0.050,0,0.600,1,6.5254,12.0888,5.5634,2.8020,0.3600,0.3600,0.0294,6.0000,7.7598,0.0057,3.2340,0.6195,-42.3377,-26.9604,-41.3538,-26.6369,-41.3538,-26.6369,-42.2833,-26.4220,-46.4481,-25.6237,0.9839,0.3235,0.9839,0.3235,0.0544,0.5384,70,0.1000,70,0,0.9619,0.0318,0.0063,-2.1257,5.3212,0.0497,-3.1396,5.1130,0.0000,1,0.1034,0.0463,7.3987,0.0010
7.5101,IMM-UKF-LOS,smooth,0.500,10.00,0.050,0,0.600,1,6.5323,12.1350,5.6027,2.8300,0.3600,0.3600,0.0293,6.0000,7.7598,0.0060,3.5690,0.6192,-42.4230,-26.9316,-41.3538,-26.6369,-41.3538,-26.6369,-42.3596,-26.3378,-46.3965,-25.2825,1.0691,0.2947,1.0691,0.2947,0.0634,0.5939,70,0.1100,70,0,0.9619,0.0318,0.0063,-1.9902,5.1321,0.0202,-3.1422,5.1114,0.0000,1,0.1034,0.0463,7.3987,0.0010
7.5201,IMM-UKF-LOS,smooth,0.500,10.00,0.050,0,0.600,1,6.5410,12.1846,5.6435,2.8584,0.3600,0.3600,0.0291,6.0000,7.7598,0.0061,3.9114,0.6188,-42.5056,-26.8912,-41.3538,-26.6369,-41.3538,-26.6369,-42.4326,-26.2407,-46.3444,-24.9317,1.1518,0.2543,1.1518,0.2543,0.0730,0.6505,70,0.1200,70,0,0.9619,0.0318,0.0063,-1.8563,4.9455,-0.0135,-3.1446,5.1099,0.0000,1,0.1034,0.0463,7.3987,0.0010
7.5301,IMM-UKF-LOS,smooth,0.500,10.00,0.050,0,0.600,1,6.5517,12.2372,5.6855,2.8871,0.3600,0.3600,0.0290,6.0000,7.7598,0.0063,4.2648,0.6183,-42.5856,-26.8389,-41.3538,-26.6369,-41.3538,-26.6369,-42.5025,-26.1299,-46.2921,-24.5680,1.2317,0.2019,1.2317,0.2019,0.0831,0.7090,70,0.1300,70,0,0.9619,0.0318,0.0063,-1.7244,4.7619,-0.0530,-3.1470,5.1085,0.0000,1,0.1034,0.0463,7.3987,0.0010
7.5401,IMM-UKF-LOS,smooth,0.500,10.00,0.050,0,0.600,1,6.5640,12.2524,5.6884,2.9009,0.3600,0.3600,0.0288,6.0000,7.6340,0.0023,0.1353,0.6179,-42.6628,-26.7741,-42.2498,-26.9775,-42.2498,-26.9775,-42.6671,-26.7518,-46.4640,-25.8376,0.4130,-0.2034,0.4130,-0.2034,-0.0043,0.0223,71,0.0500,71,0,0.9489,0.0407,0.0104,-1.5952,4.5822,-0.1016,-3.1493,5.1070,0.0000,1,0.1034,0.0463,7.4911,0.0010
7.5501,IMM-UKF-LOS,smooth,0.500,10.00,0.050,0,0.600,1,6.5780,12.2941,5.7162,2.9286,0.3600,0.3600,0.0287,6.0000,7.6340,0.0028,0.0585,0.6173,-42.7374,-26.6961,-42.2498,-26.9775,-42.2498,-26.9775,-42.7456,-26.6895,-46.4285,-25.4735,0.4876,-0.2815,0.4876,-0.2815,-0.0081,0.0065,71,0.0600,71,0,0.9489,0.0407,0.0104,-1.4716,4.4097,-0.1696,-3.1516,5.1057,0.0000,1,0.1034,0.0463,7.4911,0.0010
7.5601,IMM-UKF-LOS,smooth,0.500,10.00,0.050,0,0.600,1,6.5927,12.3332,5.7405,2.9567,0.3600,0.3600,0.0286,6.0000,7.6340,0.0032,0.0649,0.6169,-42.8095,-26.6014,-42.2498,-26.9775,-42.2498,-26.9775,-42.8216,-26.6007,-46.4068,-25.0081,0.5597,-0.3762,0.5597,-0.3762,-0.0121,0.0007,71,0.0700,71,0,0.9489,0.0407,0.0104,-1.3855,4.2818,-0.3103,-3.1537,5.1043,0.0000,1,0.1034,0.0463,7.4911,0.0010
7.5701,IMM-UKF-LOS,smooth,0.500,10.00,0.050,0,0.600,1,6.6061,12.3571,5.7511,2.9851,0.3600,0.3600,0.0285,6.0000,7.6340,0.0035,0.3989,0.6166,-42.8802,-26.5089,-42.2498,-26.9775,-42.2498,-26.9775,-42.8996,-26.5733,-46.4597,-25.0217,0.6304,-0.4687,0.6304,-0.4687,-0.0194,-0.0644,71,0.0800,71,0,0.9489,0.0407,0.0104,-1.4847,4.3714,-0.3529,-3.1558,5.1030,0.0000,1,0.1034,0.0463,7.4911,0.0010
7.5801,IMM-UKF-LOS,smooth,0.500,10.00,0.050,0,0.600,1,6.6183,12.3801,5.7618,3.0138,0.3600,0.3600,0.0283,6.0000,7.6340,0.0038,0.8821,0.6163,-42.9497,-26.4229,-42.2498,-26.9775,-42.2498,-26.9775,-42.9762,-26.5684,-46.5139,-25.1581,0.6999,-0.5547,0.6999,-0.5547,-0.0265,-0.1455,71,0.0900,71,0,0.9489,0.0407,0.0104,-1.5868,4.4643,-0.3419,-3.1578,5.1018,0.0000,1,0.1034,0.0463,7.4911,0.0010
7.5901,IMM-UKF-LOS,smooth,0.500,10.00,0.050,0,0.600,1,6.6294,12.4016,5.7721,3.0427,0.3600,0.3600,0.0282,6.0000,7.6340,0.0042,1.3956,0.6160,-43.0179,-26.3444,-42.2498,-26.9775,-42.2498,-26.9775,-43.0512,-26.5757,-46.5674,-25.3311,0.7681,-0.6332,0.7681,-0.6332,-0.0333,-0.2314,71,0.1000,71,0,0.9489,0.0407,0.0104,-1.6871,4.5553,-0.3160,-3.1598,5.1006,0.0000,1,0.1034,0.0463,7.4911,0.0010
7.6001,IMM-UKF-LOS,smooth,0.500,10.00,0.050,0,0.600,1,6.6396,12.4214,5.7819,3.0721,0.3600,0.3600,0.0281,6.0000,7.6340,0.0045,1.9231,0.6158,-43.0849,-26.2736,-42.2498,-26.9775,-42.2498,-26.9775,-43.1248,-26.5931,-46.6202,-25.5241,0.8351,-0.7039,0.8351,-0.7039,-0.0399,-0.3195,71,0.1100,71,0,0.9489,0.0407,0.0104,-1.7860,4.6444,-0.2835,-3.1617,5.0994,0.0000,1,0.1111,0.0545,7.4911,-0.0018
7.6101,IMM-UKF-LOS,smooth,0.500,10.00,0.050,0,0.600,1,6.6487,12.4396,5.7910,3.1017,0.3600,0.3600,0.0280,6.0000,7.6340,0.0048,2.4588,0.6155,-43.1508,-26.2109,-42.2498,-26.9775,-42.2498,-26.9775,-43.1969,-26.6198,-46.6726,-25.7309,0.9010,-0.7667,0.9010,-0.7667,-0.0462,-0.4089,71,0.1200,71,0,0.9489,0.0407,0.0104,-1.8836,4.7320,-0.2475,-3.1635,5.0983,0.0000,1,0.1111,0.0545,7.4911,-0.0018
7.6201,IMM-UKF-LOS,smooth,0.500,10.00,0.050,0,0.600,1,6.6568,12.4562,5.7993,3.1318,0.3600,0.3600,0.0279,6.0000,7.6340,0.0050,2.9992,0.6153,-43.2155,-26.1560,-42.2498,-26.9775,-42.2498,-26.9775,-43.2677,-26.6552,-46.7246,-25.9483,0.9657,-0.8215,0.9657,-0.8215,-0.0522,-0.4992,71,0.1300,71,0,0.9489,0.0407,0.0104,-1.9801,4.8183,-0.2098,-3.1652,5.0972,0.0000,1,0.1111,0.0545,7.4911,-0.0018
7.6301,IMM-UKF-LOS,smooth,0.500,10.00,0.050,0,0.600,1,6.6641,12.4710,5.8069,3.1621,0.3600,0.3600,0.0277,6.0000,7.6340,0.0053,3.5422,0.6151,-43.2791,-26.1091,-42.2498,-26.9775,-42.2498,-26.9775,-43.3372,-26.6989,-46.7762,-26.1745,1.0293,-0.8684,1.0293,-0.8684,-0.0580,-0.5898,71,0.1400,71,0,0.9489,0.0407,0.0104,-2.0756,4.9034,-0.1711,-3.1669,5.0962,0.0000,1,0.1111,0.0545,7.4911,-0.0018
7.6401,IMM-UKF-LOS,smooth,0.500,10.00,0.050,0,0.600,1,6.6703,12.4841,5.8137,3.1929,0.3600,0.3600,0.0276,6.0000,7.6340,0.0057,4.0862,0.6148,-43.3416,-26.0700,-42.2498,-26.9775,-42.2498,-26.9775,-43.4053,-26.7507,-46.8275,-26.4082,1.0918,-0.9075,1.0918,-0.9075,-0.0637,-0.6807,71,0.1500,71,0,0.9489,0.0407,0.0104,-2.1702,4.9875,-0.1323,-3.1685,5.0952,0.0000,1,0.1111,0.0545,7.4911,-0.0018
7.6501,IMM-UKF-LOS,smooth,0.500,10.00,0.050,0,0.600,1,6.6756,12.4954,5.8198,3.2240,0.3600,0.3600,0.0275,6.0000,7.6340,0.0059,4.6299,0.6146,-43.4031,-26.0386,-42.2498,-26.9775,-42.2498,-26.9775,-43.4722,-26.8101,-46.8785,-26.6484,1.1533,-0.9389,1.1533,-0.9389,-0.0691,-0.7714,71,0.1600,71,0,0.9489,0.0407,0.0104,-2.2640,5.0706,-0.0938,-3.1700,5.0942,0.0000,1,0.1111,0.0545,7.4911,-0.0018
7.6601,IMM-UKF-LOS,smooth,0.500,10.00,0.050,0,0.600,1,6.6800,12.7030,6.0230,3.2096,0.3600,0.3600,0.0274,6.0000,7.8633,0.0018,1.4802,0.6144,-43.4636,-26.0148,-43.0849,-26.2736,-43.0849,-26.2736,-43.5338,-26.2541,-46.7825,-25.5957,0.3787,-0.2588,0.3787,-0.2588,-0.0702,-0.2393,72,0.0600,72,0,0.9539,0.0382,0.0079,-2.3570,5.1528,-0.0558,-3.1715,5.0933,0.0000,1,0.1111,0.0545,7.5983,-0.0018
7.6701,IMM-UKF-LOS,smooth,0.500,10.00,0.050,0,0.600,1,6.6835,12.7220,6.0385,3.2390,0.3600,0.3600,0.0273,6.0000,7.8633,0.0021,1.6705,0.6143,-43.5231,-25.9985,-43.0849,-26.2736,-43.0849,-26.2736,-43.6018,-26.2687,-46.8311,-25.7858,0.4382,-0.2751,0.4382,-0.2751,-0.0787,-0.2702,72,0.0700,72,0,0.9539,0.0382,0.0079,-2.4492,5.2342,-0.0188,-3.1728,5.0925,0.0000,1,0.1111,0.0545,7.5983,-0.0018
7.6801,IMM-UKF-LOS,smooth,0.500,10.00,0.050,0,0.600,1,6.6860,12.7392,6.0531,3.2687,0.3600,0.3600,0.0272,6.0000,7.8633,0.0023,1.8598,0.6141,-43.5816,-25.9895,-43.0849,-26.2736,-43.0849,-26.2736,-43.6685,-26.2904,-46.8795,-25.9801,0.4967,-0.2841,0.4967,-0.2841,-0.0869,-0.3009,72,0.0800,72,0,0.9539,0.0382,0.0079,-2.5408,5.3147,0.0170,-3.1741,5.0916,0.0000,1,0.1111,0.0545,7.5983,-0.0018
7.6901,IMM-UKF-LOS,smooth,0.500,10.00,0.050,0,0.600,1,6.6877,12.7545,6.0669,3.2988,0.3600,0.3600,0.0271,6.0000,7.8633,0.0027,2.0474,0.6140,-43.6392,-25.9877,-43.0849,-26.2736,-43.0849,-26.2736,-43.7341,-26.3191,-46.9277,-26.1781,0.5543,-0.2860,0.5543,-0.2860,-0.0948,-0.3315,72,0.0900,72,0,0.9539,0.0382,0.0079,-2.6317,5.3945,0.0514,-3.1754,5.0909,0.0000,1,0.1111,0.0545,7.5983,-0.0018
7.7001,IMM-UKF-LOS,smooth,0.500,10.00,0.050,0,0.600,1,6.6884,12.7681,6.0797,3.3291,0.3600,0.3600,0.0270,6.0000,7.8633,0.0030,2.2324,0.6139,-43.6959,-25.9928,-43.0849,-26.2736,-43.0849,-26.2736,-43.7984,-26.3544,-46.9756,-26.3791,0.6110,-0.2809,0.6110,-0.2809,-0.1025,-0.3617,72,0.1000,72,0,0.9539,0.0382,0.0079,-2.7220,5.4736,0.0841,-3.1766,5.0901,0.0000,1,0.1111,0.0545,7.5983,-0.0018
7.7101,IMM-UKF-LOS,smooth,0.500,10.00,0.050,0,0.600,1,6.6881,12.7798,6.0916,3.3597,0.3600,0.3600,0.0268,6.0000,7.8633,0.0033,2.4138,0.6138,-43.7517,-26.0047,-43.0849,-26.2736,-43.0849,-26.2736,-43.8616,-26.3960,-47.0234,-26.5827,0.6668,-0.2689,0.6668,-0.2689,-0.1099,-0.3913,72,0.1100,72,0,0.9539,0.0382,0.0079,-2.8116,5.5521,0.1149,-3.1776,5.0895,0.0000,1,0.1111,0.0545,7.5983,-0.0018
7.7201,IMM-UKF-LOS,smooth,0.500,10.00,0.050,0,0.600,1,6.6870,12.7896,6.1026,3.3907,0.3600,0.3600,0.0267,6.0000,7.8633,0.0036,2.5905,0.6137,-43.8066,-26.0233,-43.0849,-26.2736,-43.0849,-26.2736,-43.9237,-26.4434,-47.0711,-26.7881,0.7217,-0.2504,0.7217,-0.2504,-0.1170,-0.4201,72,0.1200,72,0,0.9539,0.0382,0.0079,-2.9007,5.6299,0.1437,-3.1787,5.0888,0.0000,1,0.0818,0.0508,7.5983,0.0005
7.7301,IMM-UKF-LOS,smooth,0.500,10.00,0.050,0,0.600,1,6.6849,12.7976,6.1127,3.4220,0.3600,0.3600,0.0266,6.0000,7.8633,0.0040,2.7611,0.6137,-43.8607,-26.0483,-43.0849,-26.2736,-43.0849,-26.2736,-43.9847,-26.4962,-47.1186,-26.9947,0.7758,-0.2254,0.7758,-0.2254,-0.1240,-0.4480,72,0.1300,72,0,0.9539,0.0382,0.0079,-2.9892,5.7070,0.1700,-3.1796,5.0882,0.0000,1,0.0818,0.0508,7.5983,0.0005
7.7401,IMM-UKF-LOS,smooth,0.500,10.00,0.050,0,0.600,1,6.6819,12.8036,6.1217,3.4536,0.3600,0.3600,0.0265,6.0000,7.8633,0.0042,2.9243,0.6136,-43.9139,-26.0794,-43.0849,-26.2736,-43.0849,-26.2736,-44.0447,-26.5540,-47.1660,-27.2014,0.8290,-0.1942,0.8290,-0.1942,-0.1307,-0.4746,72,0.1400,72,0,0.9539,0.0382,0.0079,-3.0772,5.7836,0.1937,-3.1805,5.0877,0.0000,1,0.0818,0.0508,7.5983,0.0005
7.7501,IMM-UKF-LOS,smooth,0.500,10.00,0.050,0,0.600,1,6.6780,12.8077,6.1298,3.4856,0.3600,0.3600,0.0264,6.0000,7.8633,0.0046,3.0782,0.6136,-43.9664,-26.1166,-43.0849,-26.2736,-43.0849,-26.2736,-44.1036,-26.6162,-47.2134,-27.4073,0.8815,-0.1571,0.8815,-0.1571,-0.1372,-0.4996,72,0.1500,72,0,0.9539,0.0382,0.0079,-3.1647,5.8596,0.2144,-3.1813,5.0872,0.0000,1,0.0818,0.0508,7.5983,0.0005
7.7601,IMM-UKF-LOS,smooth,0.500,10.00,0.050,0,0.600,1,6.6731,12.8099,6.1368,3.5179,0.3600,0.3600,0.0263,6.0000,7.8633,0.0049,3.2208,0.6136,-44.0181,-26.1594,-43.0849,-26.2736,-43.0849,-26.2736,-44.1617,-26.6822,-47.2607,-27.6112,0.9331,-0.1142,0.9331,-0.1142,-0.1436,-0.5228,72,0.1600,72,0,0.9539,0.0382,0.0079,-3.2516,5.9350,0.2317,-3.1821,5.0867,0.0000,1,0.0818,0.0508,7.5983,0.0005
7.7701,IMM-UKF-LOS,smooth,0.500,10.00,0.050,0,0.600,1,6.6672,12.8100,6.1427,3.5507,0.3600,0.3600,0.0262,6.0000,7.8633,0.0053,3.3493,0.6137,-44.0690,-26.2077,-43.0849,-26.2736,-43.0849,-26.2736,-44.2187,-26.7513,-47.3080,-27.8115,0.9841,-0.0660,0.9841,-0.0660,-0.1498,-0.5436,72,0.1700,72,0,0.9539,0.0382,0.0079,-3.3380,6.0099,0.2451,-3.1827,5.0863,0.0000,1,0.0818,0.0508,7.5983,0.0005
7.7801,IMM-UKF-LOS,smooth,0.500,10.00,0.050,0,0.600,1,6.6604,12.5478,5.8873,3.2084,0.3600,0.3600,0.0261,6.0000,7.6940,0.0023,0.9592,0.6138,-44.1191,-26.2610,-43.8066,-26.0233,-43.8066,-26.0233,-44.2344,-26.3836,-47.1523,-27.1920,0.3125,0.2377,0.3125,0.2377,-0.1152,-0.1226,73,0.0600,73,0,0.9529,0.0402,0.0069,-3.4238,6.0842,0.2541,-3.1833,5.0859,0.0000,1,0.0818,0.0508,7.7206,0.0005
7.7901,IMM-UKF-LOS,smooth,0.500,10.00,0.050,0,0.600,1,6.6527,12.5528,5.9002,3.2367,0.3600,0.3600,0.0260,6.0000,7.6940,0.0028,0.8872,0.6139,-44.1685,-26.3189,-43.8066,-26.0233,-43.8066,-26.0233,-44.2917,-26.4180,-47.1975,-27.3429,0.3619,0.2957,0.3619,0.2957,-0.1232,-0.0991,73,0.0700,73,0,0.9529,0.0402,0.0069,-3.5090,6.1579,0.2577,-3.1839,5.0856,0.0000,1,0.0818,0.0508,7.7206,0.0005
7.8001,IMM-UKF-LOS,smooth,0.500,10.00,0.050,0,0.600,1,6.6439,12.5558,5.9119,3.2654,0.3600,0.3600,0.0258,6.0000,7.6940,0.0033,0.8285,0.6141,-44.2172,-26.3811,-43.8066,-26.0233,-43.8066,-26.0233,-44.3480,-26.4549,-47.2425,-27.4836,0.4106,0.3578,0.4106,0.3578,-0.1308,-0.0739,73,0.0800,73,0,0.9529,0.0402,0.0069,-3.5935,6.2308,0.2547,-3.1843,5.0853,0.0000,1,0.0818,0.0508,7.7206,0.0005
7.8101,IMM-UKF-LOS,smooth,0.500,10.00,0.050,0,0.600,1,6.6341,12.5565,5.9224,3.2943,0.3600,0.3600,0.0257,6.0000,7.6940,0.0038,0.7898,0.6143,-44.2652,-26.4467,-43.8066,-26.0233,-43.8066,-26.0233,-44.4034,-26.4928,-47.2874,-27.6089,0.4586,0.4234,0.4586,0.4234,-0.1382,-0.0461,73,0.0900,73,0,0.9529,0.0402,0.0069,-3.6772,6.3027,0.2435,-3.1847,5.0851,0.0000,1,0.1076,0.0505,7.7206,-0.0002
7.8201,IMM-UKF-LOS,smooth,0.500,10.00,0.050,0,0.600,1,6.6232,12.5548,5.9316,3.3235,0.3600,0.3600,0.0256,6.0000,7.6940,0.0043,0.7826,0.6146,-44.3125,-26.5149,-43.8066,-26.0233,-43.8066,-26.0233,-44.4578,-26.5292,-47.3318,-27.7096,0.5058,0.4916,0.5058,0.4916,-0.1453,-0.0143,73,0.1000,73,0,0.9529,0.0402,0.0069,-3.7594,6.3732,0.2208,-3.1850,5.0849,0.0000,1,0.1076,0.0505,7.7206,-0.0002
7.8301,IMM-UKF-LOS,smooth,0.500,10.00,0.050,0,0.600,1,6.6113,12.5506,5.9393,3.3530,0.3600,0.3600,0.0255,6.0000,7.6940,0.0050,0.8275,0.6150,-44.3591,-26.5843,-43.8066,-26.0233,-43.8066,-26.0233,-44.5112,-26.5596,-47.3753,-27.7684,0.5524,0.5610,0.5524,0.5610,-0.1522,0.0247,73,0.1100,73,0,0.9529,0.0402,0.0069,-3.8391,6.4408,0.1812,-3.1852,5.0847,0.0000,1,0.1076,0.0505,7.7206,-0.0002
7.8401,IMM-UKF-LOS,smooth,0.500,10.00,0.050,0,0.600,1,6.5982,12.5436,5.9454,3.3829,0.3600,0.3600,0.0254,6.0000,7.6940,0.0055,0.9682,0.6155,-44.4049,-26.6522,-43.8066,-26.0233,-43.8066,-26.0233,-44.5635,-26.5742,-47.4158,-27.7435,0.5983,0.6290,0.5983,0.6290,-0.1586,0.0780,73,0.1200,73,0,0.9529,0.0402,0.0069,-3.9119,6.5009,0.1120,-3.1854,5.0846,0.0000,1,0.1076,0.0505,7.7206,-0.0002
7.8501,IMM-UKF-LOS,smooth,0.500,10.00,0.050,0,0.600,1,6.5841,12.5359,5.9517,3.4131,0.3600,0.3600,0.0253,6.0000,7.6940,0.0063,1.3402,0.6161,-44.4498,-26.7121,-43.8066,-26.0233,-43.8066,-26.0233,-44.6135,-26.5425,-47.4427,-27.5044,0.6432,0.6889,0.6432,0.6889,-0.1636,0.1697,73,0.1300,73,0,0.9529,0.0402,0.0069,-3.9556,6.5284,-0.0195,-3.1855,5.0845,0.0000,1,0.1076,0.0505,7.7206,-0.0002
7.8601,IMM-UKF-LOS,smooth,0.500,10.00,0.050,0,0.600,1,6.5705,12.5475,5.9770,3.4439,0.3600,0.3600,0.0252,6.0000,7.6940,0.0071,2.1373,0.6169,-44.4930,-26.7537,-43.8066,-26.0233,-43.8066,-26.0233,-44.6557,-26.4274,-47.4092,-26.9150,0.6864,0.7305,0.6864,0.7305,-0.1627,0.3263,73,0.1400,73,0,0.9529,0.0402,0.0069,-3.8721,6.4141,-0.1868,-3.1855,5.0845,0.0000,1,0.1076,0.0505,7.7206,-0.0002
7.8701,IMM-UKF-LOS,smooth,0.500,10.00,0.050,0,0.600,1,6.5587,13.0835,6.5248,2.5892,0.3600,0.3600,0.0251,6.0000,8.1233,0.0045,2.5288,0.6176,-44.5340,-26.7803,-44.2652,-26.4467,-44.2652,-26.4467,-44.5695,-26.3588,-46.8424,-26.1881,0.2688,0.3336,0.2688,0.3336,-0.0355,0.4215,74,0.0600,74,0,0.9449,0.0411,0.0140,-3.7251,6.2292,-0.2630,-3.1855,5.0845,0.0000,1,0.1076,0.0505,7.8098,-0.0002
7.8801,IMM-UKF-LOS,smooth,0.500,10.00,0.050,0,0.600,1,6.5489,13.1089,6.5600,2.6123,0.3600,0.3600,0.0250,6.0000,8.1233,0.0053,2.8867,0.6183,-44.5725,-26.7946,-44.2652,-26.4467,-44.2652,-26.4467,-44.6081,-26.3132,-46.7928,-25.8593,0.3074,0.3480,0.3074,0.3480,-0.0356,0.4815,74,0.0700,74,0,0.9449,0.0411,0.0140,-3.5701,6.0357,-0.2949,-3.1854,5.0846,0.0000,1,0.1076,0.0505,7.8098,-0.0002
7.8901,IMM-UKF-LOS,smooth,0.500,10.00,0.050,0,0.600,1,6.5413,13.1393,6.5981,2.6358,0.3600,0.3600,0.0249,6.0000,8.1233,0.0060,3.2115,0.6188,-44.6088,-26.7985,-44.2652,-26.4467,-44.2652,-26.4467,-44.6442,-26.2627,-46.7416,-25.5733,0.3436,0.3518,0.3436,0.3518,-0.0354,0.5359,74,0.0800,74,0,0.9449,0.0411,0.0140,-3.4144,5.8417,-0.3044,-3.1852,5.0847,0.0000,1,0.1076,0.0505,7.8098,-0.0002
7.9001,IMM-UKF-LOS,smooth,0.500,10.00,0.050,0,0.600,1,6.5359,13.1745,6.6387,2.6596,0.3600,0.3600,0.0248,6.0000,8.1233,0.0065,3.5082,0.6193,-44.6426,-26.7931,-44.2652,-26.4467,-44.2652,-26.4467,-44.6776,-26.2075,-46.6895,-25.3167,0.3774,0.3464,0.3774,0.3464,-0.0351,0.5856,74,0.0900,74,0,0.9449,0.0411,0.0140,-3.2599,5.6495,-0.2996,-3.1849,5.0849,0.0000,1,0.1076,0.0505,7.8098,-0.0002
7.9101,IMM-UKF-LOS,smooth,0.500,10.00,0.050,0,0.600,1,6.5327,13.2144,6.6817,2.6838,0.3600,0.3600,0.0247,6.0000,8.1233,0.0067,3.7790,0.6196,-44.6738,-26.7792,-44.2652,-26.4467,-44.2652,-26.4467,-44.7086,-26.1483,-46.6370,-25.0835,0.4087,0.3325,0.4087,0.3325,-0.0348,0.6309,74,0.1000,74,0,0.9449,0.0411,0.0140,-3.1072,5.4595,-0.2843,-3.1846,5.0851,0.0000,1,0.1076,0.0505,7.8098,-0.0002
7.9201,IMM-UKF-LOS,smooth,0.500,10.00,0.050,0,0.600,1,6.5317,13.2589,6.7272,2.7084,0.3600,0.3600,0.0246,6.0000,8.1233,0.0068,4.0239,0.6198,-44.7026,-26.7577,-44.2652,-26.4467,-44.2652,-26.4467,-44.7372,-26.0858,-46.5841,-24.8708,0.4375,0.3110,0.4375,0.3110,-0.0345,0.6719,74,0.1100,74,0,0.9449,0.0411,0.0140,-2.9565,5.2720,-0.2602,-3.1842,5.0854,0.0000,1,0.1164,0.0494,7.8098,-0.0011
7.9301,IMM-UKF-LOS,smooth,0.500,10.00,0.050,0,0.600,1,6.5331,13.3079,6.7749,2.7334,0.3600,0.3600,0.0245,6.0000,8.1233,0.0068,4.2418,0.6199,-44.7290,-26.7294,-44.2652,-26.4467,-44.2652,-26.4467,-44.7633,-26.0211,-46.5310,-24.6778,0.4638,0.2827,0.4638,0.2827,-0.0343,0.7084,74,0.1200,74,0,0.9449,0.0411,0.0140,-2.8081,5.0874,-0.2283,-3.1837,5.0856,0.0000,1,0.1164,0.0494,7.8098,-0.0011
7.9401,IMM-UKF-LOS,smooth,0.500,10.00,0.050,0,0.600,1,6.5366,13.3615,6.8249,2.7588,0.3600,0.3600,0.0244,6.0000,8.1233,0.0066,4.4300,0.6198,-44.7528,-26.6951,-44.2652,-26.4467,-44.2652,-26.4467,-44.7871,-25.9553,-46.4779,-24.5051,0.4877,0.2484,0.4877,0.2484,-0.0342,0.7398,74,0.1300,74,0,0.9449,0.0411,0.0140,-2.6621,4.9058,-0.1886,-3.1832,5.0860,0.0000,1,0.1164,0.0494,7.8098,-0.0011
7.9501,IMM-UKF-LOS,smooth,0.500,10.00,0.050,0,0.600,1,6.5424,13.4196,6.8771,2.7846,0.3600,0.3600,0.0243,6.0000,8.1233,0.0064,4.5836,0.6196,-44.7743,-26.6556,-44.2652,-26.4467,-44.2652,-26.4467,-44.8086,-25.8901,-46.4250,-24.3553,0.5091,0.2089,0.5091,0.2089,-0.0343,0.7655,74,0.1400,74,0,0.9449,0.0411,0.0140,-2.5189,4.7276,-0.1403,-3.1826,5.0864,0.0000,1,0.1164,0.0494,7.8098,-0.0011
7.9601,IMM-UKF-LOS,smooth,0.500,10.00,0.050,0,0.600,1,6.5505,13.4821,6.9316,2.8109,0.3600,0.3600,0.0243,6.0000,8.1233,0.0060,4.6943,0.6193,-44.7932,-26.6121,-44.2652,-26.4467,-44.2652,-26.4467,-44.8279,-25.8281,-46.3724,-24.2334,0.5281,0.1654,0.5281,0.1654,-0.0347,0.7840,74,0.1500,74,0,0.9449,0.0411,0.0140,-2.3793,4.5536,-0.0821,-3.1819,5.0868,0.0000,1,0.1164,0.0494,7.8098,-0.0011
7.9701,IMM-UKF-LOS,smooth,0.500,10.00,0.050,0,0.600,1,6.5608,13.8738,7.3130,2.6512,0.3600,0.3600,0.0242,6.0000,8.2571,0.0014,0.6790,0.6188,-44.8098,-26.5659,-44.7026,-26.7577,-44.7026,-26.7577,-44.9037,-26.6423,-46.3357,-26.1932,0.1072,-0.1918,0.1072,-0.1918,-0.0939,-0.0764,75,0.0500,75,0,0.9518,0.0380,0.0103,-2.2445,4.3852,-0.0105,-3.1811,5.0873,0.0000,1,0.1164,0.0494,7.9190,-0.0011
7.9801,IMM-UKF-LOS,smooth,0.500,10.00,0.050,0,0.600,1,6.5733,13.9241,7.3508,2.6748,0.3600,0.3600,0.0241,6.0000,8.2571,0.0021,0.8726,0.6181,-44.8241,-26.5192,-44.7026,-26.7577,-44.7026,-26.7577,-44.9298,-26.6302,-46.2983,-26.1728,0.1214,-0.2385,0.1214,-0.2385,-0.1057,-0.1111,75,0.0600,75,0,0.9518,0.0380,0.0103,-2.1183,4.2266,0.0815,-3.1803,5.0878,0.0000,1,0.1164,0.0494,7.9190,-0.0011
7.9901,IMM-UKF-LOS,smooth,0.500,10.00,0.050,0,0.600,1,6.5879,13.9780,7.3901,2.6988,0.3600,0.3600,0.0241,6.0000,8.2571,0.0031,1.1234,0.6172,-44.8361,-26.4761,-44.7026,-26.7577,-44.7026,-26.7577,-44.9542,-26.6314,-46.2651,-26.2481,0.1335,-0.2816,0.1335,-0.2816,-0.1180,-0.1553,75,0.0700,75,0,0.9518,0.0380,0.0103,-2.0132,4.0916,0.2102,-3.1794,5.0883,0.0000,1,0.1164,0.0494,7.9190,-0.0011
8.0001,IMM-UKF-LOS,smooth,0.500,10.00,0.050,0,0.600,1,6.6038,14.0291,7.4253,2.7231,0.3600,0.3600,0.0240,6.0000,8.2571,0.0042,1.5110,0.6161,-44.8466,-26.4452,-44.7026,-26.7577,-44.7026,-26.7577,-44.9788,-26.6684,-46.2510,-26.5274,0.1440,-0.3125,0.1440,-0.3125,-0.1321,-0.2232,75,0.0800,75,0,0.9518,0.0380,0.0103,-1.9904,4.0476,0.3880,-3.1785,5.0890,0.0000,1,0.1164,0.0494,7.9190,-0.0011
8.0101,IMM-UKF-LOS,smooth,0.500,10.00,0.050,0,0.600,1,6.6190,14.0659,7.4469,2.7477,0.3600,0.3600,0.0239,6.0000,8.2571,0.0053,1.8954,0.6150,-44.8562,-26.4256,-44.7026,-26.7577,-44.7026,-26.7577,-45.0052,-26.7130,-46.2628,-26.7944,0.1536,-0.3321,0.1536,-0.3321,-0.1489,-0.2875,75,0.0900,75,0,0.9518,0.0380,0.0103,-2.0745,4.1220,0.4757,-3.1774,5.0896,0.0000,1,0.1164,0.0494,7.9190,-0.0011
8.0201,IMM-UKF-LOS,smooth,0.500,10.00,0.050,0,0.600,1,6.6331,14.0964,7.4633,2.7727,0.3600,0.3600,0.0239,6.0000,8.2571,0.0064,2.1881,0.6139,-44.8651,-26.4127,-44.7026,-26.7577,-44.7026,-26.7577,-45.0314,-26.7468,-46.2783,-26.9615,0.1624,-0.3450,0.1624,-0.3450,-0.1663,-0.3342,75,0.1000,75,0,0.9518,0.0380,0.0103,-2.1735,4.2131,0.4948,-3.1763,5.0903,0.0000,1,0.1164,0.0494,7.9190,-0.0011
8.0301,IMM-UKF-LOS,smooth,0.500,10.00,0.050,0,0.600,1,6.6459,14.1232,7.4772,2.7981,0.3600,0.3600,0.0238,6.0000,8.2571,0.0075,2.4273,0.6129,-44.8732,-26.4043,-44.7026,-26.7577,-44.7026,-26.7577,-45.0571,-26.7752,-46.2940,-27.0789,0.1705,-0.3534,0.1705,-0.3534,-0.1839,-0.3709,75,0.1100,75,0,0.9518,0.0380,0.0103,-2.2725,4.3043,0.4850,-3.1751,5.0910,0.0000,1,0.1164,0.0494,7.9190,-0.0011
8.0401,IMM-UKF-LOS,smooth,0.500,10.00,0.050,0,0.600,1,6.6575,14.1469,7.4894,2.8239,0.3600,0.3600,0.0238,6.0000,8.2571,0.0084,2.6329,0.6120,-44.8806,-26.3991,-44.7026,-26.7577,-44.7026,-26.7577,-45.0821,-26.8006,-46.3094,-27.1686,0.1779,-0.3586,0.1779,-0.3586,-0.2016,-0.4015,75,0.1200,75,0,0.9518,0.0380,0.0103,-2.3699,4.3938,0.4601,-3.1739,5.0918,0.0000,1,0.1106,0.0503,7.9190,-0.0008
8.0501,IMM-UKF-LOS,smooth,0.500,10.00,0.050,0,0.600,1,6.6677,14.1679,7.5001,2.8501,0.3600,0.3600,0.0237,6.0000,8.2571,0.0093,2.8151,0.6111,-44.8872,-26.3963,-44.7026,-26.7577,-44.7026,-26.7577,-45.1067,-26.8240,-46.3245,-27.2407,0.1846,-0.3614,0.1846,-0.3614,-0.2194,-0.4277,75,0.1300,75,0,0.9518,0.0380,0.0103,-2.4655,4.4815,0.4263,-3.1725,5.0926,0.0000,1,0.1106,0.0503,7.9190,-0.0008
8.0601,IMM-UKF-LOS,smooth,0.500,10.00,0.050,0,0.600,1,6.6767,14.1861,7.5095,2.8767,0.3600,0.3600,0.0236,6.0000,8.2571,0.0101,2.9803,0.6103,-44.8932,-26.3953,-44.7026,-26.7577,-44.7026,-26.7577,-45.1306,-26.8460,-46.3393,-27.3005,0.1905,-0.3624,0.1905,-0.3624,-0.2374,-0.4507,75,0.1400,75,0,0.9518,0.0380,0.0103,-2.5594,4.5674,0.3864,-3.1711,5.0935,0.0000,1,0.1106,0.0503,7.9190,-0.0008
8.0701,IMM-UKF-LOS,smooth,0.500,10.00,0.050,0,0.600,1,6.6843,14.2018,7.5175,2.9037,0.3600,0.3600,0.0236,6.0000,8.2571,0.0107,3.1323,0.6097,-44.8983,-26.3957,-44.7026,-26.7577,-44.7026,-26.7577,-45.1540,-26.8667,-46.3538,-27.3512,0.1957,-0.3620,0.1957,-0.3620,-0.2557,-0.4711,75,0.1500,75,0,0.9518,0.0380,0.0103,-2.6516,4.6517,0.3424,-3.1697,5.0944,0.0000,1,0.1106,0.0503,7.9190,-0.0008
8.0801,IMM-UKF-LOS,smooth,0.500,10.00,0.050,0,0.600,1,6.6906,14.2149,7.5243,2.9312,0.3600,0.3600,0.0235,6.0000,8.2571,0.0113,3.2739,0.6091,-44.9028,-26.3972,-44.7026,-26.7577,-44.7026,-26.7577,-45.1769,-26.8865,-46.3681,-27.3949,0.2001,-0.3606,0.2001,-0.3606,-0.2741,-0.4893,75,0.1600,75,0,0.9518,0.0380,0.0103,-2.7424,4.7345,0.2954,-3.1681,5.0954,0.0000,1,0.1106,0.0503,7.9190,-0.0008
8.0901,IMM-UKF-LOS,smooth,0.500,10.00,0.050,0,0.600,1,6.6956,14.2255,7.5299,2.9592,0.3600,0.3600,0.0235,6.0000,8.2571,0.0118,3.4075,0.6087,-44.9065,-26.3995,-44.7026,-26.7577,-44.7026,-26.7577,-45.1993,-26.9054,-46.3822,-27.4331,0.2039,-0.3582,0.2039,-0.3582,-0.2928,-0.5059,75,0.1700,75,0,0.9518,0.0380,0.0103,-2.8319,4.8161,0.2462,-3.1665,5.0964,0.0000,1,0.1106,0.0503,7.9190,-0.0008
8.1001,IMM-UKF-LOS,smooth,0.500,10.00,0.050,0,0.600,1,6.6992,14.8722,8.1729,2.6450,0.3600,0.3600,0.0234,6.0000,8.8140,0.0038,0.6552,0.6083,-44.9095,-26.4025,-44.8806,-26.3991,-44.8806,-26.3991,-45.0238,-26.4414,-45.8110,-26.2812,0.0289,0.0034,0.0289,0.0034,-0.1143,-0.0389,76,0.0600,76,0,0.9574,0.0341,0.0085,-2.9200,4.8963,0.1955,-3.1648,5.0974,0.0000,1,0.1106,0.0503,8.0393,-0.0008
8.1101,IMM-UKF-LOS,smooth,0.500,10.00,0.050,0,0.600,1,6.7017,14.8977,8.1961,2.6688,0.3600,0.3600,0.0233,6.0000,8.8140,0.0041,0.7141,0.6080,-44.9118,-26.4060,-44.8806,-26.3991,-44.8806,-26.3991,-45.0397,-26.4394,-45.8166,-26.2892,0.0312,0.0069,0.0312,0.0069,-0.1280,-0.0335,76,0.0700,76,0,0.9574,0.0341,0.0085,-3.0070,4.9755,0.1436,-3.1631,5.0985,0.0000,1,0.1106,0.0503,8.0393,-0.0008
8.1201,IMM-UKF-LOS,smooth,0.500,10.00,0.050,0,0.600,1,6.7028,14.9208,8.2180,2.6929,0.3600,0.3600,0.0233,6.0000,8.8140,0.0042,0.7776,0.6079,-44.9133,-26.4099,-44.8806,-26.3991,-44.8806,-26.3991,-45.0551,-26.4375,-45.8219,-26.2949,0.0327,0.0108,0.0327,0.0108,-0.1418,-0.0277,76,0.0800,76,0,0.9574,0.0341,0.0085,-3.0929,5.0536,0.0909,-3.1613,5.0996,0.0000,1,0.1106,0.0503,8.0393,-0.0008
8.1301,IMM-UKF-LOS,smooth,0.500,10.00,0.050,0,0.600,1,6.7026,14.9414,8.2387,2.7175,0.3600,0.3600,0.0232,6.0000,8.8140,0.0043,0.8455,0.6078,-44.9140,-26.4141,-44.8806,-26.3991,-44.8806,-26.3991,-45.0700,-26.4356,-45.8271,-26.2987,0.0335,0.0150,0.0335,0.0150,-0.1560,-0.0216,76,0.0900,76,0,0.9574,0.0341,0.0085,-3.1776,5.1307,0.0379,-3.1594,5.1008,0.0000,1,0.1106,0.0503,8.0393,-0.0008
8.1401,IMM-UKF-LOS,smooth,0.500,10.00,0.050,0,0.600,1,6.7013,14.9596,8.2583,2.7423,0.3600,0.3600,0.0232,6.0000,8.8140,0.0043,0.9174,0.6079,-44.9141,-26.4185,-44.8806,-26.3991,-44.8806,-26.3991,-45.0845,-26.4337,-45.8321,-26.3013,0.0335,0.0194,0.0335,0.0194,-0.1704,-0.0152,76,0.1000,76,0,0.9574,0.0341,0.0085,-3.2614,5.2068,-0.0154,-3.1574,5.1020,0.0000,1,0.1106,0.0503,8.0393,-0.0008
8.1501,IMM-UKF-LOS,smooth,0.500,10.00,0.050,0,0.600,1,6.6986,14.9754,8.2768,2.7676,0.3600,0.3600,0.0231,6.0000,8.8140,0.0042,0.9930,0.6080,-44.9133,-26.4232,-44.8806,-26.3991,-44.8806,-26.3991,-45.0984,-26.4318,-45.8369,-26.3030,0.0328,0.0241,0.0328,0.0241,-0.1851,-0.0086,76,0.1100,76,0,0.9574,0.0341,0.0085,-3.3443,5.2821,-0.0685,-3.1554,5.1033,0.0000,1,0.1106,0.0503,8.0393,-0.0008
8.1601,IMM-UKF-LOS,smooth,0.500,10.00,0.050,0,0.600,1,6.6948,14.9889,8.2942,2.7933,0.3600,0.3600,0.0230,6.0000,8.8140,0.0039,1.0722,0.6082,-44.9119,-26.4280,-44.8806,-26.3991,-44.8806,-26.3991,-45.1120,-26.4299,-45.8416,-26.3044,0.0313,0.0289,0.0313,0.0289,-0.2001,-0.0019,76,0.1200,76,0,0.9574,0.0341,0.0085,-3.4263,5.3567,-0.1213,-3.1532,5.1046,0.0000,1,0.0831,0.0455,8.0393,-0.0012
8.1701,IMM-UKF-LOS,smooth,0.500,10.00,0.050,0,0.600,1,6.6897,15.0001,8.3105,2.8194,0.3600,0.3600,0.0230,6.0000,8.8140,0.0036,1.1547,0.6085,-44.9097,-26.4331,-44.8806,-26.3991,-44.8806,-26.3991,-45.1251,-26.4283,-45.8461,-26.3062,0.0291,0.0340,0.0291,0.0340,-0.2155,0.0049,76,0.1300,76,0,0.9574,0.0341,0.0085,-3.5074,5.4305,-0.1734,-3.1511,5.1060,0.0000,1,0.0831,0.0455,8.0393,-0.0012
8.1801,IMM-UKF-LOS,smooth,0.500,10.00,0.050,0,0.600,1,6.6834,15.0091,8.3257,2.8459,0.3600,0.3600,0.0229,6.0000,8.8140,0.0032,1.2405,0.6090,-44.9067,-26.4384,-44.8806,-26.3991,-44.8806,-26.3991,-45.1379,-26.4270,-45.8506,-26.3090,0.0261,0.0393,0.0261,0.0393,-0.2312,0.0115,76,0.1400,76,0,0.9574,0.0341,0.0085,-3.5878,5.5037,-0.2247,-3.1488,5.1073,0.0000,1,0.0831,0.0455,8.0393,-0.0012
8.1901,IMM-UKF-LOS,smooth,0.500,10.00,0.050,0,0.600,1,6.6759,15.0159,8.3400,2.8729,0.3600,0.3600,0.0228,6.0000,8.8140,0.0027,1.3292,0.6095,-44.9029,-26.4441,-44.8806,-26.3991,-44.8806,-26.3991,-45.1503,-26.4263,-45.8551,-26.3137,0.0224,0.0450,0.0224,0.0450,-0.2473,0.0178,76,0.1500,76,0,0.9574,0.0341,0.0085,-3.6676,5.5764,-0.2746,-3.1465,5.1088,0.0000,1,0.0831,0.0455,8.0393,-0.0012
8.2001,IMM-UKF-LOS,smooth,0.500,10.00,0.050,0,0.600,1,6.6673,15.0205,8.3532,2.9003,0.3600,0.3600,0.0228,6.0000,8.8140,0.0021,1.4205,0.6101,-44.8984,-26.4501,-44.8806,-26.3991,-44.8806,-26.3991,-45.1623,-26.4266,-45.8595,-26.3214,0.0179,0.0510,0.0179,0.0510,-0.2639,0.0235,76,0.1600,76,0,0.9574,0.0341,0.0085,-3.7467,5.6486,-0.3229,-3.1441,5.1103,0.0000,1,0.0831,0.0455,8.0393,-0.0012
8.2101,IMM-UKF-LOS,smooth,0.500,10.00,0.050,0,0.600,1,6.6574,15.1071,8.4497,2.7374,0.3600,0.3600,0.0227,6.0000,8.8217,0.0026,0.7274,0.6108,-44.8932,-26.4568,-44.9119,-26.4280,-44.9119,-26.4280,-45.0227,-26.4935,-45.3919,-26.5439,-0.0187,0.0287,-0.0187,0.0287,-0.1295,-0.0368,77,0.0500,77,0,0.9581,0.0333,0.0086,-3.8254,5.7205,-0.3688,-3.1416,5.1118,0.0000,1,0.0831,0.0455,8.1589,-0.0012
8.2201,IMM-UKF-LOS,smooth,0.500,10.00,0.050,0,0.600,1,6.6465,15.1214,8.4749,2.7619,0.3600,0.3600,0.0227,6.0000,8.8217,0.0034,0.7857,0.6116,-44.8872,-26.4643,-44.9119,-26.4280,-44.9119,-26.4280,-45.0294,-26.4967,-45.3900,-26.5633,-0.0247,0.0362,-0.0247,0.0362,-0.1422,-0.0325,77,0.0600,77,0,0.9581,0.0333,0.0086,-3.9038,5.7923,-0.4115,-3.1391,5.1133,0.0000,1,0.0831,0.0455,8.1589,-0.0012
8.2301,IMM-UKF-LOS,smooth,0.500,10.00,0.050,0,0.600,1,6.6344,15.1336,8.4992,2.7866,0.3600,0.3600,0.0226,6.0000,8.8217,0.0042,0.8491,0.6124,-44.8804,-26.4730,-44.9119,-26.4280,-44.9119,-26.4280,-45.0357,-26.5018,-45.3882,-26.5922,-0.0314,0.0449,-0.0314,0.0449,-0.1553,-0.0288,77,0.0700,77,0,0.9581,0.0333,0.0086,-3.9821,5.8643,-0.4494,-3.1365,5.1149,0.0000,1,0.0831,0.0455,8.1589,-0.0012
8.2401,IMM-UKF-LOS,smooth,0.500,10.00,0.050,0,0.600,1,6.6212,15.1437,8.5226,2.8118,0.3600,0.3600,0.0225,6.0000,8.8217,0.0052,0.9177,0.6134,-44.8729,-26.4835,-44.9119,-26.4280,-44.9119,-26.4280,-45.0417,-26.5101,-45.3864,-26.6371,-0.0390,0.0555,-0.0390,0.0555,-0.1688,-0.0266,77,0.0800,77,0,0.9581,0.0333,0.0086,-4.0607,5.9367,-0.4796,-3.1338,5.1166,0.0000,1,0.0831,0.0455,8.1589,-0.0012
8.2501,IMM-UKF-LOS,smooth,0.500,10.00,0.050,0,0.600,1,6.6069,15.1523,8.5453,2.8373,0.3600,0.3600,0.0225,6.0000,8.8217,0.0062,0.9926,0.6144,-44.8646,-26.4971,-44.9119,-26.4280,-44.9119,-26.4280,-45.0475,-26.5247,-45.3849,-26.7133,-0.0472,0.0691,-0.0472,0.0691,-0.1828,-0.0276,77,0.0900,77,0,0.9581,0.0333,0.0086,-4.1400,6.0101,-0.4948,-3.1310,5.1183,0.0000,1,0.0894,0.0469,8.1589,0.0002
8.2601,IMM-UKF-LOS,smooth,0.500,10.00,0.050,0,0.600,1,6.5919,15.1607,8.5689,2.8631,0.3600,0.3600,0.0224,6.0000,8.8217,0.0073,1.0818,0.6154,-44.8555,-26.5171,-44.9119,-26.4280,-44.9119,-26.4280,-45.0529,-26.5562,-45.3833,-26.8729,-0.0563,0.0891,-0.0563,0.0891,-0.1973,-0.0391,77,0.1000,77,0,0.9581,0.0333,0.0086,-4.2182,6.0826,-0.4675,-3.1282,5.1200,0.0000,1,0.0894,0.0469,8.1589,0.0002
8.2701,IMM-UKF-LOS,smooth,0.500,10.00,0.050,0,0.600,1,6.5782,15.1921,8.6140,2.8893,0.3600,0.3600,0.0223,6.0000,8.8217,0.0081,1.1964,0.6162,-44.8449,-26.5492,-44.9119,-26.4280,-44.9119,-26.4280,-45.0539,-26.6204,-45.3576,-27.1765,-0.0670,0.1211,-0.0670,0.1211,-0.2090,-0.0713,77,0.1100,77,0,0.9581,0.0333,0.0086,-4.1835,6.0300,-0.2832,-3.1253,5.1218,0.0000,1,0.0894,0.0469,8.1589,0.0002
8.2801,IMM-UKF-LOS,smooth,0.500,10.00,0.050,0,0.600,1,6.5669,15.2390,8.6721,2.9159,0.3600,0.3600,0.0223,6.0000,8.8217,0.0088,1.2041,0.6169,-44.8319,-26.5815,-44.9119,-26.4280,-44.9119,-26.4280,-45.0496,-26.6327,-45.3092,-27.1843,-0.0800,0.1535,-0.0800,0.1535,-0.2177,-0.0512,77,0.1200,77,0,0.9581,0.0333,0.0086,-4.0448,5.8622,-0.1733,-3.1223,5.1236,0.0000,1,0.0894,0.0469,8.1589,0.0002
8.2901,IMM-UKF-LOS,smooth,0.500,10.00,0.050,0,0.600,1,6.5581,15.2908,8.7327,2.9429,0.3600,0.3600,0.0222,6.0000,8.8217,0.0092,1.2167,0.6173,-44.8165,-26.6110,-44.9119,-26.4280,-44.9119,-26.4280,-45.0433,-26.6278,-45.2580,-27.1148,-0.0953,0.1830,-0.0953,0.1830,-0.2267,-0.0167,77,0.1300,77,0,0.9581,0.0333,0.0086,-3.8955,5.6827,-0.0946,-3.1193,5.1254,0.0000,1,0.0894,0.0469,8.1589,0.0002
8.3001,IMM-UKF-LOS,smooth,0.500,10.00,0.050,0,0.600,1,6.5516,15.2944,8.7428,2.9235,0.3600,0.3600,0.0222,6.0000,8.8833,0.0033,0.9213,0.6176,-44.7987,-26.6364,-44.8646,-26.4971,-44.8646,-26.4971,-44.9054,-26.5155,-44.7504,-26.8145,-0.0659,0.1393,-0.0659,0.1393,-0.1067,0.1209,78,0.0500,78,0,0.9469,0.0403,0.0128,-3.7439,5.5006,-0.0302,-3.1162,5.1273,0.0000,1,0.0894,0.0469,8.2503,0.0002
8.3101,IMM-UKF-LOS,smooth,0.500,10.00,0.050,0,0.600,1,6.5475,15.3334,8.7859,2.9493,0.3600,0.3600,0.0222,6.0000,8.8833,0.0034,1.0856,0.6177,-44.7784,-26.6569,-44.8646,-26.4971,-44.8646,-26.4971,-44.8967,-26.5095,-44.7035,-26.7104,-0.0862,0.1598,-0.0862,0.1598,-0.1183,0.1474,78,0.0600,78,0,0.9469,0.0403,0.0128,-3.5919,5.3182,0.0254,-3.1130,5.1293,0.0000,1,0.0894,0.0469,8.2503,0.0002
8.3201,IMM-UKF-LOS,smooth,0.500,10.00,0.050,0,0.600,1,6.5457,15.3770,8.8312,2.9754,0.3600,0.3600,0.0221,6.0000,8.8833,0.0034,1.2546,0.6177,-44.7557,-26.6721,-44.8646,-26.4971,-44.8646,-26.4971,-44.8864,-26.4980,-44.6560,-26.5939,-0.1089,0.1750,-0.1089,0.1750,-0.1307,0.1741,78,0.0700,78,0,0.9469,0.0403,0.0128,-3.4404,5.1362,0.0747,-3.1097,5.1312,0.0000,1,0.0894,0.0469,8.2503,0.0002
8.3301,IMM-UKF-LOS,smooth,0.500,10.00,0.050,0,0.600,1,6.5463,15.4249,8.8786,3.0018,0.3600,0.3600,0.0221,6.0000,8.8833,0.0032,1.4263,0.6175,-44.7306,-26.6815,-44.8646,-26.4971,-44.8646,-26.4971,-44.8745,-26.4807,-44.6082,-26.4674,-0.1340,0.1843,-0.1340,0.1843,-0.1438,0.2008,78,0.0800,78,0,0.9469,0.0403,0.0128,-3.2896,4.9551,0.1188,-3.1064,5.1333,0.0000,1,0.0894,0.0469,8.2503,0.0002
8.3401,IMM-UKF-LOS,smooth,0.500,10.00,0.050,0,0.600,1,6.5490,15.4771,8.9281,3.0286,0.3600,0.3600,0.0221,6.0000,8.8833,0.0030,1.5997,0.6173,-44.7032,-26.6848,-44.8646,-26.4971,-44.8646,-26.4971,-44.8608,-26.4576,-44.5600,-26.3320,-0.1614,0.1877,-0.1614,0.1877,-0.1576,0.2272,78,0.0900,78,0,0.9469,0.0403,0.0128,-3.1397,4.7750,0.1583,-3.1030,5.1353,0.0000,1,0.0908,0.0505,8.2503,0.0014
8.3501,IMM-UKF-LOS,smooth,0.500,10.00,0.050,0,0.600,1,6.5540,15.5336,8.9796,3.0557,0.3600,0.3600,0.0220,6.0000,8.8833,0.0025,1.7744,0.6168,-44.6735,-26.6818,-44.8646,-26.4971,-44.8646,-26.4971,-44.8457,-26.4283,-44.5116,-26.1880,-0.1912,0.1846,-0.1912,0.1846,-0.1722,0.2535,78,0.1000,78,0,0.9469,0.0403,0.0128,-2.9907,4.5959,0.1933,-3.0995,5.1374,0.0000,1,0.0908,0.0505,8.2503,0.0014
8.3601,IMM-UKF-LOS,smooth,0.500,10.00,0.050,0,0.600,1,6.5612,15.5941,9.0329,3.0831,0.3600,0.3600,0.0220,6.0000,8.8833,0.0020,1.9508,0.6164,-44.6414,-26.6720,-44.8646,-26.4971,-44.8646,-26.4971,-44.8289,-26.3924,-44.4630,-26.0345,-0.2232,0.1749,-0.2232,0.1749,-0.1875,0.2796,78,0.1100,78,0,0.9469,0.0403,0.0128,-2.8427,4.4179,0.2233,-3.0960,5.1395,0.0000,1,0.0908,0.0505,8.2503,0.0014
8.3701,IMM-UKF-LOS,smooth,0.500,10.00,0.050,0,0.600,1,6.5705,15.6586,9.0881,3.1109,0.3600,0.3600,0.0220,6.0000,8.8833,0.0014,2.1312,0.6157,-44.6071,-26.6552,-44.8646,-26.4971,-44.8646,-26.4971,-44.8107,-26.3491,-44.4142,-25.8692,-0.2575,0.1581,-0.2575,0.1581,-0.2036,0.3061,78,0.1200,78,0,0.9469,0.0403,0.0128,-2.6957,4.2409,0.2472,-3.0924,5.1417,0.0000,1,0.0908,0.0505,8.2503,0.0014
8.3801,IMM-UKF-LOS,smooth,0.500,10.00,0.050,0,0.600,1,6.5819,15.7267,9.1447,3.1391,0.3600,0.3600,0.0220,6.0000,8.8833,0.0006,2.3229,0.6150,-44.5707,-26.6307,-44.8646,-26.4971,-44.8646,-26.4971,-44.7910,-26.2962,-44.3652,-25.6845,-0.2940,0.1335,-0.2940,0.1335,-0.2204,0.3344,78,0.1300,78,0,0.9469,0.0403,0.0128,-2.5493,4.0647,0.2608,-3.0887,5.1439,0.0000,1,0.0908,0.0505,8.2503,0.0014
8.3901,IMM-UKF-LOS,smooth,0.500,10.00,0.050,0,0.600,1,6.5953,15.7970,9.2017,3.1676,0.3600,0.3600,0.0220,6.0000,8.8833,0.0003,2.5612,0.6142,-44.5320,-26.5962,-44.8646,-26.4971,-44.8646,-26.4971,-44.7699,-26.2249,-44.3162,-25.4476,-0.3326,0.0991,-0.3326,0.0991,-0.2379,0.3714,78,0.1400,78,0,0.9469,0.0403,0.0128,-2.4043,3.8900,0.2461,-3.0849,5.1462,0.0000,1,0.0908,0.0505,8.2503,0.0014
8.4001,IMM-UKF-LOS,smooth,0.500,10.00,0.050,0,0.600,1,6.6075,15.7633,9.1558,3.1674,0.3600,0.3600,0.0220,6.0000,8.8439,0.0039,0.9582,0.6135,-44.4927,-26.5525,-44.7032,-26.6848,-44.7032,-26.6848,-44.6716,-26.5464,-43.9782,-25.9832,-0.2105,-0.1323,-0.2105,-0.1323,-0.1789,0.0061,79,0.0600,79,0,0.9409,0.0454,0.0137,-2.4478,3.9270,0.0951,-3.0811,5.1485,0.0000,1,0.0908,0.0505,8.3415,0.0014
8.4101,IMM-UKF-LOS,smooth,0.500,10.00,0.050,0,0.600,1,6.6183,15.7977,9.1794,3.1949,0.3600,0.3600,0.0220,6.0000,8.8439,0.0045,1.0955,0.6130,-44.4529,-26.5097,-44.7032,-26.6848,-44.7032,-26.6848,-44.6555,-26.5361,-43.9608,-25.9886,-0.2503,-0.1751,-0.2503,-0.1751,-0.2025,-0.0263,79,0.0700,79,0,0.9409,0.0454,0.0137,-2.5379,4.0166,0.0426,-3.0772,5.1508,0.0000,1,0.0908,0.0505,8.3415,0.0014
8.4201,IMM-UKF-LOS,smooth,0.500,10.00,0.050,0,0.600,1,6.6278,15.8298,9.2020,3.2227,0.3600,0.3600,0.0219,6.0000,8.8439,0.0049,1.2689,0.6126,-44.4128,-26.4696,-44.7032,-26.6848,-44.7032,-26.6848,-44.6395,-26.5317,-43.9437,-26.0284,-0.2904,-0.2152,-0.2904,-0.2152,-0.2266,-0.0621,79,0.0800,79,0,0.9409,0.0454,0.0137,-2.6300,4.1087,0.0088,-3.0732,5.1532,0.0000,1,0.0908,0.0505,8.3415,0.0014
8.4301,IMM-UKF-LOS,smooth,0.500,10.00,0.050,0,0.600,1,6.6360,15.8597,9.2237,3.2508,0.3600,0.3600,0.0219,6.0000,8.8439,0.0054,1.4701,0.6122,-44.3723,-26.4327,-44.7032,-26.6848,-44.7032,-26.6848,-44.6235,-26.5318,-43.9268,-26.0851,-0.3310,-0.2521,-0.3310,-0.2521,-0.2512,-0.0991,79,0.0900,79,0,0.9409,0.0454,0.0137,-2.7220,4.2010,-0.0162,-3.0691,5.1556,0.0000,1,0.0908,0.0505,8.3415,0.0014
8.4401,IMM-UKF-LOS,smooth,0.500,10.00,0.050,0,0.600,1,6.6429,15.8872,9.2443,3.2792,0.3600,0.3600,0.0219,6.0000,8.8439,0.0057,1.6911,0.6119,-44.3313,-26.3994,-44.7032,-26.6848,-44.7032,-26.6848,-44.6076,-26.5363,-43.9100,-26.1534,-0.3719,-0.2854,-0.3719,-0.2854,-0.2763,-0.1369,79,0.1000,79,0,0.9409,0.0454,0.0137,-2.8134,4.2930,-0.0355,-3.0650,5.1581,0.0000,1,0.1113,0.0474,8.3415,0.0001
8.4501,IMM-UKF-LOS,smooth,0.500,10.00,0.050,0,0.600,1,6.6487,15.9126,9.2640,3.3080,0.3600,0.3600,0.0219,6.0000,8.8439,0.0059,1.9262,0.6117,-44.2898,-26.3699,-44.7032,-26.6848,-44.7032,-26.6848,-44.5917,-26.5449,-43.8934,-26.2313,-0.4134,-0.3149,-0.4134,-0.3149,-0.3019,-0.1750,79,0.1100,79,0,0.9409,0.0454,0.0137,-2.9041,4.3844,-0.0506,-3.0608,5.1606,0.0000,1,0.1113,0.0474,8.3415,0.0001
8.4601,IMM-UKF-LOS,smooth,0.500,10.00,0.050,0,0.600,1,6.6532,15.9359,9.2827,3.3371,0.3600,0.3600,0.0219,6.0000,8.8439,0.0061,2.1716,0.6115,-44.2479,-26.3445,-44.7032,-26.6848,-44.7032,-26.6848,-44.5760,-26.5578,-43.8769,-26.3174,-0.4553,-0.3403,-0.4553,-0.3403,-0.3281,-0.2133,79,0.1200,79,0,0.9409,0.0454,0.0137,-2.9939,4.4751,-0.0622,-3.0566,5.1631,0.0000,1,0.1113,0.0474,8.3415,0.0001
8.4701,IMM-UKF-LOS,smooth,0.500,10.00,0.050,0,0.600,1,6.6565,15.9570,9.3005,3.3666,0.3600,0.3600,0.0219,6.0000,8.8439,0.0062,2.4244,0.6114,-44.2055,-26.3234,-44.7032,-26.6848,-44.7032,-26.6848,-44.5603,-26.5751,-43.8604,-26.4114,-0.4977,-0.3614,-0.4977,-0.3614,-0.3548,-0.2517,79,0.1300,79,0,0.9409,0.0454,0.0137,-3.0829,4.5652,-0.0709,-3.0522,5.1657,0.0000,1,0.1113,0.0474,8.3415,0.0001
8.4801,IMM-UKF-LOS,smooth,0.500,10.00,0.050,0,0.600,1,6.6587,15.9762,9.3174,3.3964,0.3600,0.3600,0.0219,6.0000,8.8439,0.0063,2.6830,0.6114,-44.1626,-26.3067,-44.7032,-26.6848,-44.7032,-26.6848,-44.5447,-26.5967,-43.8441,-26.5127,-0.5406,-0.3781,-0.5406,-0.3781,-0.3821,-0.2900,79,0.1400,79,0,0.9409,0.0454,0.0137,-3.1709,4.6546,-0.0769,-3.0478,5.1683,0.0000,1,0.1113,0.0474,8.3415,0.0001
8.4901,IMM-UKF-LOS,smooth,0.500,10.00,0.050,0,0.600,1,6.6598,16.0299,9.3701,3.4024,0.3600,0.3600,0.0218,6.0000,8.9241,0.0006,1.1530,0.6114,-44.1192,-26.2944,-44.3313,-26.3994,-44.3313,-26.3994,-44.2991,-26.4002,-43.1501,-26.1231,-0.2121,-0.1049,-0.2121,-0.1049,-0.1798,-0.1057,80,0.0500,80,0,0.9408,0.0466,0.0126,-3.2580,4.7432,-0.0804,-3.0433,5.1709,0.0000,1,0.1113,0.0474,8.4402,0.0001
8.5001,IMM-UKF-LOS,smooth,0.500,10.00,0.050,0,0.600,1,6.6597,16.0559,9.3962,3.4311,0.3600,0.3600,0.0218,6.0000,8.9241,0.0006,1.2790,0.6114,-44.0753,-26.2869,-44.3313,-26.3994,-44.3313,-26.3994,-44.2736,-26.4056,-43.1236,-26.2146,-0.2560,-0.1125,-0.2560,-0.1125,-0.1984,-0.1188,80,0.0600,80,0,0.9408,0.0466,0.0126,-3.3442,4.8310,-0.0816,-3.0388,5.1736,0.0000,1,0.1113,0.0474,8.4402,0.0001
8.5101,IMM-UKF-LOS,smooth,0.500,10.00,0.050,0,0.600,1,6.6586,16.0798,9.4213,3.4602,0.3600,0.3600,0.0218,6.0000,8.9241,0.0006,1.4060,0.6115,-44.0307,-26.2840,-44.3313,-26.3994,-44.3313,-26.3994,-44.2483,-26.4153,-43.0971,-26.3127,-0.3006,-0.1153,-0.3006,-0.1153,-0.2176,-0.1312,80,0.0700,80,0,0.9408,0.0466,0.0126,-3.4294,4.9180,-0.0805,-3.0341,5.1763,0.0000,1,0.1113,0.0474,8.4402,0.0001
8.5201,IMM-UKF-LOS,smooth,0.500,10.00,0.050,0,0.600,1,6.6563,16.1017,9.4454,3.4894,0.3600,0.3600,0.0218,6.0000,8.9241,0.0005,1.5342,0.6117,-43.9856,-26.2861,-44.3313,-26.3994,-44.3313,-26.3994,-44.2231,-26.4293,-43.0706,-26.4176,-0.3457,-0.1132,-0.3457,-0.1132,-0.2375,-0.1431,80,0.0800,80,0,0.9408,0.0466,0.0126,-3.5136,5.0043,-0.0770,-3.0294,5.1790,0.0000,1,0.1113,0.0474,8.4402,0.0001
8.5301,IMM-UKF-LOS,smooth,0.500,10.00,0.050,0,0.600,1,6.6531,16.1217,9.4687,3.5190,0.3600,0.3600,0.0218,6.0000,8.9241,0.0004,1.6634,0.6119,-43.9399,-26.2933,-44.3313,-26.3994,-44.3313,-26.3994,-44.1979,-26.4477,-43.0441,-26.5295,-0.3914,-0.1061,-0.3914,-0.1061,-0.2581,-0.1545,80,0.0900,80,0,0.9408,0.0466,0.0126,-3.5969,5.0898,-0.0713,-3.0247,5.1818,0.0000,1,0.1113,0.0474,8.4402,0.0001
8.5401,IMM-UKF-LOS,smooth,0.500,10.00,0.050,0,0.600,1,6.6487,16.1399,9.4912,3.5489,0.3600,0.3600,0.0217,6.0000,8.9241,0.0004,1.7941,0.6121,-43.8935,-26.3056,-44.3313,-26.3994,-44.3313,-26.3994,-44.1729,-26.4709,-43.0177,-26.6488,-0.4378,-0.0938,-0.4378,-0.0938,-0.2794,-0.1653,80,0.1000,80,0,0.9408,0.0466,0.0126,-3.6791,5.1744,-0.0631,-3.0198,5.1847,0.0000,1,0.1113,0.0474,8.4402,0.0001
8.5501,IMM-UKF-LOS,smooth,0.500,10.00,0.050,0,0.600,1,6.6434,16.1563,9.5128,3.5791,0.3600,0.3600,0.0217,6.0000,8.9241,0.0005,1.9266,0.6124,-43.8465,-26.3233,-44.3313,-26.3994,-44.3313,-26.3994,-44.1479,-26.4989,-42.9914,-26.7759,-0.4848,-0.0761,-0.4848,-0.0761,-0.3014,-0.1756,80,0.1100,80,0,0.9408,0.0466,0.0126,-3.7603,5.2582,-0.0523,-3.0149,5.1875,0.0000,1,0.1113,0.0474,8.4402,0.0001
8.5601,IMM-UKF-LOS,smooth,0.500,10.00,0.050,0,0.600,1,6.6371,16.1710,9.5338,3.6096,0.3600,0.3600,0.0217,6.0000,8.9241,0.0008,2.0613,0.6127,-43.7988,-26.3465,-44.3313,-26.3994,-44.3313,-26.3994,-44.1231,-26.5320,-42.9651,-26.9116,-0.5325,-0.0528,-0.5325,-0.0528,-0.3243,-0.1855,80,0.1200,80,0,0.9408,0.0466,0.0126,-3.8405,5.3411,-0.0386,-3.0099,5.1904,0.0000,1,0.1113,0.0543,8.4402,0.0018
8.5701,IMM-UKF-LOS,smooth,0.500,10.00,0.050,0,0.600,1,6.6299,16.1841,9.5542,3.6405,0.3600,0.3600,0.0217,6.0000,8.9241,0.0011,2.1989,0.6130,-43.7504,-26.3755,-44.3313,-26.3994,-44.3313,-26.3994,-44.0984,-26.5707,-42.9389,-27.0569,-0.5809,-0.0238,-0.5809,-0.0238,-0.3480,-0.1952,80,0.1300,80,0,0.9408,0.0466,0.0126,-3.9195,5.4231,-0.0215,-3.0048,5.1934,0.0000,1,0.1113,0.0543,8.4402,0.0018
8.5801,IMM-UKF-LOS,smooth,0.500,10.00,0.050,0,0.600,1,6.6217,16.1958,9.5740,3.6717,0.3600,0.3600,0.0217,6.0000,8.9241,0.0015,2.3405,0.6133,-43.7013,-26.4106,-44.3313,-26.3994,-44.3313,-26.3994,-44.0738,-26.6155,-42.9128,-27.2134,-0.6300,0.0113,-0.6300,0.0113,-0.3725,-0.2049,80,0.1400,80,0,0.9408,0.0466,0.0126,-3.9973,5.5040,-0.0004,-2.9997,5.1963,0.0000,1,0.1113,0.0543,8.4402,0.0018
8.5901,IMM-UKF-LOS,smooth,0.500,10.00,0.050,0,0.600,1,6.6127,16.2063,9.5936,3.7033,0.3600,0.3600,0.0216,6.0000,8.9241,0.0019,2.4878,0.6137,-43.6515,-26.4522,-44.3313,-26.3994,-44.3313,-26.3994,-44.0493,-26.6673,-42.8868,-27.3841,-0.6798,0.0528,-0.6798,0.0528,-0.3979,-0.2151,80,0.1500,80,0,0.9408,0.0466,0.0126,-4.0738,5.5837,0.0265,-2.9945,5.1993,0.0000,1,0.1113,0.0543,8.4402,0.0018
8.6001,IMM-UKF-LOS,smooth,0.500,10.00,0.050,0,0.600,1,6.6029,16.2162,9.6133,3.7352,0.3600,0.3600,0.0216,6.0000,8.9241,0.0022,2.6450,0.6141,-43.6008,-26.5009,-44.3313,-26.3994,-44.3313,-26.3994,-44.0249,-26.7283,-42.8608,-27.5756,-0.7305,0.1015,-0.7305,0.1015,-0.4241,-0.2274,80,0.1600,80,0,0.9408,0.0466,0.0126,-4.1481,5.6613,0.0626,-2.9892,5.2024,0.0000,1,0.1113,0.0543,8.4402,0.0018
8.6101,IMM-UKF-LOS,smooth,0.500,10.00,0.050,0,0.600,1,6.5924,16.2274,9.6350,3.7674,0.3600,0.3600,0.0216,6.0000,8.9241,0.0027,2.8273,0.6145,-43.5494,-26.5582,-44.3313,-26.3994,-44.3313,-26.3994,-44.0004,-26.8051,-42.8343,-27.8102,-0.7819,0.1589,-0.7819,0.1589,-0.4511,-0.2468,80,0.1700,80,0,0.9408,0.0466,0.0126,-4.2174,5.7334,0.1217,-2.9839,5.2054,0.0000,1,0.1113,0.0543,8.4402,0.0018
8.6201,IMM-UKF-LOS,smooth,0.500,10.00,0.050,0,0.600,1,6.5839,16.1561,9.5722,3.7453,0.3600,0.3600,0.0216,6.0000,8.9210,0.0021,1.3322,0.6146,-43.4959,-26.6231,-43.7988,-26.3465,-43.7988,-26.3465,-43.7084,-26.5071,-42.0395,-27.3376,-0.3029,0.2765,-0.3029,0.2765,-0.2125,0.1160,81,0.0600,81,0,0.9475,0.0431,0.0094,-4.1287,5.6218,0.2856,-2.9784,5.2085,0.0000,1,0.1113,0.0543,8.5619,0.0018
8.6301,IMM-UKF-LOS,smooth,0.500,10.00,0.050,0,0.600,1,6.5776,16.1928,9.6152,3.7758,0.3600,0.3600,0.0216,6.0000,8.9210,0.0022,1.6382,0.6147,-43.4399,-26.6769,-43.7988,-26.3465,-43.7988,-26.3465,-43.6681,-26.4943,-41.9843,-27.1088,-0.3589,0.3304,-0.3589,0.3304,-0.2282,0.1826,81,0.0700,81,0,0.9475,0.0431,0.0094,-3.9706,5.4294,0.2673,-2.9729,5.2117,0.0000,1,0.1113,0.0543,8.5619,0.0018
8.6401,IMM-UKF-LOS,smooth,0.500,10.00,0.050,0,0.600,1,6.5732,16.2324,9.6592,3.8065,0.3600,0.3600,0.0216,6.0000,8.9210,0.0023,1.9915,0.6147,-43.3815,-26.7182,-43.7988,-26.3465,-43.7988,-26.3465,-43.6265,-26.4675,-41.9293,-26.8411,-0.4173,0.3717,-0.4173,0.3717,-0.2450,0.2506,81,0.0800,81,0,0.9475,0.0431,0.0094,-3.8167,5.2416,0.2255,-2.9674,5.2149,0.0000,1,0.1113,0.0543,8.5619,0.0018
8.6501,IMM-UKF-LOS,smooth,0.500,10.00,0.050,0,0.600,1,6.5707,16.2753,9.7046,3.8375,0.3600,0.3600,0.0216,6.0000,8.9210,0.0022,2.3644,0.6146,-43.3207,-26.7461,-43.7988,-26.3465,-43.7988,-26.3465,-43.5838,-26.4286,-41.8747,-26.5553,-0.4782,0.3996,-0.4782,0.3996,-0.2631,0.3176,81,0.0900,81,0,0.9475,0.0431,0.0094,-3.6662,5.0575,0.1737,-2.9617,5.2181,0.0000,1,0.1113,0.0543,8.5619,0.0018
8.6601,IMM-UKF-LOS,smooth,0.500,10.00,0.050,0,0.600,1,6.5700,16.3213,9.7512,3.8687,0.3600,0.3600,0.0216,6.0000,8.9210,0.0022,2.7427,0.6145,-43.2575,-26.7604,-43.7988,-26.3465,-43.7988,-26.3465,-43.5400,-26.3778,-41.8204,-26.2569,-0.5413,0.4139,-0.5413,0.4139,-0.2824,0.3826,81,0.1000,81,0,0.9475,0.0431,0.0094,-3.5188,4.8769,0.1154,-2.9560,5.2213,0.0000,1,0.1113,0.0543,8.5619,0.0018
8.6701,IMM-UKF-LOS,smooth,0.500,10.00,0.050,0,0.600,1,6.5711,16.3702,9.7991,3.9003,0.3600,0.3600,0.0216,6.0000,8.9210,0.0021,3.1192,0.6145,-43.1921,-26.7608,-43.7988,-26.3465,-43.7988,-26.3465,-43.4951,-26.3155,-41.7663,-25.9476,-0.6067,0.4143,-0.6067,0.4143,-0.3030,0.4454,81,0.1100,81,0,0.9475,0.0431,0.0094,-3.3743,4.6995,0.0518,-2.9502,5.2246,0.0000,1,0.1113,0.0543,8.5619,0.0018
8.6801,IMM-UKF-LOS,smooth,0.500,10.00,0.050,0,0.600,1,6.5738,16.4220,9.8482,3.9321,0.3600,0.3600,0.0216,6.0000,8.9210,0.0020,3.4897,0.6144,-43.1246,-26.7471,-43.7988,-26.3465,-43.7988,-26.3465,-43.4493,-26.2413,-41.7126,-25.6280,-0.6742,0.4006,-0.6742,0.4006,-0.3247,0.5058,81,0.1200,81,0,0.9475,0.0431,0.0094,-3.2328,4.5254,-0.0169,-2.9443,5.2279,0.0000,1,0.1092,0.0416,8.5619,-0.0003
8.6901,IMM-UKF-LOS,smooth,0.500,10.00,0.050,0,0.600,1,6.5782,16.4763,9.8982,3.9642,0.3600,0.3600,0.0216,6.0000,8.9210,0.0019,3.8532,0.6143,-43.0550,-26.7191,-43.7988,-26.3465,-43.7988,-26.3465,-43.4026,-26.1552,-41.6593,-25.2972,-0.7438,0.3726,-0.7438,0.3726,-0.3476,0.5639,81,0.1300,81,0,0.9475,0.0431,0.0094,-3.0947,4.3551,-0.0914,-2.9384,5.2312,0.0000,1,0.1092,0.0416,8.5619,-0.0003
8.7001,IMM-UKF-LOS,smooth,0.500,10.00,0.050,0,0.600,1,6.5840,16.5327,9.9487,3.9966,0.3600,0.3600,0.0216,6.0000,8.9210,0.0017,4.2110,0.6141,-42.9835,-26.6763,-43.7988,-26.3465,-43.7988,-26.3465,-43.3551,-26.0562,-41.6063,-24.9524,-0.8153,0.3298,-0.8153,0.3298,-0.3717,0.6201,81,0.1400,81,0,0.9475,0.0431,0.0094,-2.9609,4.1896,-0.1738,-2.9324,5.2346,0.0000,1,0.1092,0.0416,8.5619,-0.0003
8.7101,IMM-UKF-LOS,smooth,0.500,10.00,0.050,0,0.600,1,6.5913,16.5898,9.9985,4.0294,0.3600,0.3600,0.0216,6.0000,8.9210,0.0016,4.5716,0.6141,-42.9100,-26.6183,-43.7988,-26.3465,-43.7988,-26.3465,-43.3071,-25.9422,-41.5541,-24.5852,-0.8888,0.2718,-0.8888,0.2718,-0.3971,0.6761,81,0.1500,81,0,0.9475,0.0431,0.0094,-2.8344,4.0326,-0.2709,-2.9263,5.2380,0.0000,1,0.1092,0.0416,8.5619,-0.0003
8.7201,IMM-UKF-LOS,smooth,0.500,10.00,0.050,0,0.600,1,6.5992,16.6389,10.0397,4.0624,0.3600,0.3600,0.0216,6.0000,8.9210,0.0015,4.9719,0.6141,-42.8350,-26.5432,-43.7988,-26.3465,-43.7988,-26.3465,-43.2600,-25.8049,-41.5050,-24.1643,-0.9638,0.1967,-0.9638,0.1967,-0.4249,0.7384,81,0.1600,81,0,0.9475,0.0431,0.0094,-2.7413,3.9152,-0.4174,-2.9201,5.2415,0.0000,1,0.1092,0.0416,8.5619,-0.0003
8.7301,IMM-UKF-LOS,smooth,0.500,10.00,0.050,0,0.600,1,6.6060,16.8762,10.2702,4.0150,0.3600,0.3600,0.0217,6.0000,8.9950,0.0007,1.2127,0.6141,-42.7599,-26.4752,-43.1246,-26.7471,-43.1246,-26.7471,-42.9681,-26.5550,-40.7158,-25.8745,-0.3647,-0.2719,-0.3647,-0.2719,-0.2082,-0.0798,82,0.0500,82,0,0.9422,0.0469,0.0109,-2.8289,4.0134,-0.3950,-2.9139,5.2449,0.0000,1,0.1092,0.0416,8.6798,-0.0003
8.7401,IMM-UKF-LOS,smooth,0.500,10.00,0.050,0,0.600,1,6.6120,16.9109,10.2989,4.0464,0.3600,0.3600,0.0217,6.0000,8.9950,0.0008,1.5261,0.6141,-42.6845,-26.4170,-43.1246,-26.7471,-43.1246,-26.7471,-42.9181,-26.5631,-40.6713,-26.0514,-0.4401,-0.3301,-0.4401,-0.3301,-0.2337,-0.1461,82,0.0600,82,0,0.9422,0.0469,0.0109,-2.9091,4.1031,-0.3297,-2.9076,5.2484,0.0000,1,0.1092,0.0416,8.6798,-0.0003
8.7501,IMM-UKF-LOS,smooth,0.500,10.00,0.050,0,0.600,1,6.6174,16.9447,10.3273,4.0781,0.3600,0.3600,0.0217,6.0000,8.9950,0.0008,1.8777,0.6141,-42.6087,-26.3692,-43.1246,-26.7471,-43.1246,-26.7471,-42.8685,-26.5800,-40.6270,-26.2439,-0.5159,-0.3779,-0.5159,-0.3779,-0.2598,-0.2108,82,0.0700,82,0,0.9422,0.0469,0.0109,-2.9862,4.1895,-0.2566,-2.9012,5.2519,0.0000,1,0.1092,0.0416,8.6798,-0.0003
8.7601,IMM-UKF-LOS,smooth,0.500,10.00,0.050,0,0.600,1,6.6220,16.9771,10.3551,4.1100,0.3600,0.3600,0.0217,6.0000,8.9950,0.0009,2.2418,0.6140,-42.5327,-26.3315,-43.1246,-26.7471,-43.1246,-26.7471,-42.8193,-26.6047,-40.5827,-26.4436,-0.5919,-0.4156,-0.5919,-0.4156,-0.2866,-0.2731,82,0.0800,82,0,0.9422,0.0469,0.0109,-3.0619,4.2746,-0.1824,-2.8948,5.2555,0.0000,1,0.1092,0.0416,8.6798,-0.0003
8.7701,IMM-UKF-LOS,smooth,0.500,10.00,0.050,0,0.600,1,6.6260,17.0083,10.3823,4.1422,0.3600,0.3600,0.0217,6.0000,8.9950,0.0010,2.6060,0.6140,-42.4563,-26.3040,-43.1246,-26.7471,-43.1246,-26.7471,-42.7705,-26.6366,-40.5386,-26.6472,-0.6683,-0.4431,-0.6683,-0.4431,-0.3142,-0.3326,82,0.0900,82,0,0.9422,0.0469,0.0109,-3.1370,4.3593,-0.1099,-2.8882,5.2591,0.0000,1,0.1092,0.0416,8.6798,-0.0003
8.7801,IMM-UKF-LOS,smooth,0.500,10.00,0.050,0,0.600,1,6.6292,17.0379,10.4087,4.1746,0.3600,0.3600,0.0217,6.0000,8.9950,0.0011,2.9635,0.6139,-42.3795,-26.2862,-43.1246,-26.7471,-43.1246,-26.7471,-42.7221,-26.6752,-40.4946,-26.8527,-0.7452,-0.4610,-0.7452,-0.4610,-0.3427,-0.3890,82,0.1000,82,0,0.9422,0.0469,0.0109,-3.2118,4.4440,-0.0406,-2.8816,5.2627,0.0000,1,0.1092,0.0416,8.6798,-0.0003
8.7901,IMM-UKF-LOS,smooth,0.500,10.00,0.050,0,0.600,1,6.6317,17.0659,10.4342,4.2073,0.3600,0.3600,0.0218,6.0000,8.9950,0.0012,3.3102,0.6137,-42.3022,-26.2778,-43.1246,-26.7471,-43.1246,-26.7471,-42.6742,-26.7198,-40.4510,-27.0582,-0.8224,-0.4693,-0.8224,-0.4693,-0.3719,-0.4420,82,0.1100,82,0,0.9422,0.0469,0.0109,-3.2866,4.5292,0.0244,-2.8750,5.2664,0.0000,1,0.0912,0.0512,8.6798,-0.0017
8.8001,IMM-UKF-LOS,smooth,0.500,10.00,0.050,0,0.600,1,6.6335,17.0921,10.4587,4.2402,0.3600,0.3600,0.0218,6.0000,8.9950,0.0013,3.6432,0.6136,-42.2246,-26.2784,-43.1246,-26.7471,-43.1246,-26.7471,-42.6267,-26.7698,-40.4075,-27.2623,-0.9001,-0.4687,-0.9001,-0.4687,-0.4021,-0.4913,82,0.1200,82,0,0.9422,0.0469,0.0109,-3.3615,4.6150,0.0842,-2.8682,5.2700,0.0000,1,0.0912,0.0512,8.6798,-0.0017
8.8101,IMM-UKF-LOS,smooth,0.500,10.00,0.050,0,0.600,1,6.6344,17.1165,10.4821,4.2735,0.3600,0.3600,0.0218,6.0000,8.9950,0.0014,3.9603,0.6134,-42.1464,-26.2877,-43.1246,-26.7471,-43.1246,-26.7471,-42.5796,-26.8244,-40.3644,-27.4632,-0.9782,-0.4594,-0.9782,-0.4594,-0.4332,-0.5367,82,0.1300,82,0,0.9422,0.0469,0.0109,-3.4367,4.7014,0.1379,-2.8614,5.2737,0.0000,1,0.0912,0.0512,8.6798,-0.0017
8.8201,IMM-UKF-LOS,smooth,0.500,10.00,0.050,0,0.600,1,6.6345,17.1388,10.5042,4.3070,0.3600,0.3600,0.0218,6.0000,8.9950,0.0015,4.2595,0.6133,-42.0678,-26.3050,-43.1246,-26.7471,-43.1246,-26.7471,-42.5331,-26.8828,-40.3215,-27.6593,-1.0569,-0.4421,-1.0569,-0.4421,-0.4653,-0.5778,82,0.1400,82,0,0.9422,0.0469,0.0109,-3.5122,4.7887,0.1846,-2.8545,5.2775,0.0000,1,0.0912,0.0512,8.6798,-0.0017
8.8301,IMM-UKF-LOS,smooth,0.500,10.00,0.050,0,0.600,1,6.6338,17.1588,10.5250,4.3408,0.3600,0.3600,0.0218,6.0000,8.9950,0.0016,4.5385,0.6131,-41.9886,-26.3298,-43.1246,-26.7471,-43.1246,-26.7471,-42.4870,-26.9438,-40.2790,-27.8484,-1.1360,-0.4173,-1.1360,-0.4173,-0.4984,-0.6141,82,0.1500,82,0,0.9422,0.0469,0.0109,-3.5879,4.8766,0.2235,-2.8476,5.2812,0.0000,1,0.0912,0.0512,8.6798,-0.0017
8.8401,IMM-UKF-LOS,smooth,0.500,10.00,0.050,0,0.600,1,6.6321,17.1764,10.5443,4.3749,0.3600,0.3600,0.0218,6.0000,8.9950,0.0016,4.7951,0.6130,-41.9089,-26.3614,-43.1246,-26.7471,-43.1246,-26.7471,-42.4414,-27.0064,-40.2367,-28.0277,-1.2157,-0.3857,-1.2157,-0.3857,-0.5325,-0.6450,82,0.1600,82,0,0.9422,0.0469,0.0109,-3.6638,4.9652,0.2533,-2.8405,5.2850,0.0000,1,0.0912,0.0512,8.6798,-0.0017
8.8501,IMM-UKF-LOS,smooth,0.500,10.00,0.050,0,0.600,1,6.6295,18.1792,11.5498,3.7605,0.3600,0.3600,0.0218,6.0000,9.8340,0.0008,1.2498,0.6129,-41.8287,-26.3991,-42.3022,-26.2778,-42.3022,-26.2778,-42.0502,-26.4646,-39.3448,-26.8304,-0.4736,0.1213,-0.4736,0.1213,-0.2215,-0.0655,83,0.0600,83,0,0.9340,0.0520,0.0140,-3.7397,5.0543,0.2727,-2.8334,5.2888,0.0000,1,0.0912,0.0512,8.7884,-0.0017
8.8601,IMM-UKF-LOS,smooth,0.500,10.00,0.050,0,0.600,1,6.6258,18.2087,11.5829,3.7895,0.3600,0.3600,0.0218,6.0000,9.8340,0.0009,1.3333,0.6129,-41.7478,-26.4419,-42.3022,-26.2778,-42.3022,-26.2778,-41.9918,-26.4864,-39.2919,-26.9332,-0.5544,0.1641,-0.5544,0.1641,-0.2440,-0.0445,83,0.0700,83,0,0.9340,0.0520,0.0140,-3.8154,5.1435,0.2797,-2.8262,5.2927,0.0000,1,0.0912,0.0512,8.7884,-0.0017
8.8701,IMM-UKF-LOS,smooth,0.500,10.00,0.050,0,0.600,1,6.6211,18.2357,11.6146,3.8187,0.3600,0.3600,0.0218,6.0000,9.8340,0.0009,1.4368,0.6129,-41.6663,-26.4886,-42.3022,-26.2778,-42.3022,-26.2778,-41.9338,-26.5082,-39.2392,-27.0166,-0.6359,0.2108,-0.6359,0.2108,-0.2675,-0.0196,83,0.0800,83,0,0.9340,0.0520,0.0140,-3.8902,5.2322,0.2717,-2.8190,5.2965,0.0000,1,0.0912,0.0512,8.7884,-0.0017
8.8801,IMM-UKF-LOS,smooth,0.500,10.00,0.050,0,0.600,1,6.6152,18.2600,11.6448,3.8482,0.3600,0.3600,0.0218,6.0000,9.8340,0.0009,1.5647,0.6129,-41.5842,-26.5377,-42.3022,-26.2778,-42.3022,-26.2778,-41.8763,-26.5274,-39.1866,-27.0719,-0.7181,0.2599,-0.7181,0.2599,-0.2921,0.0103,83,0.0900,83,0,0.9340,0.0520,0.0140,-3.9630,5.3188,0.2447,-2.8116,5.3004,0.0000,1,0.0912,0.0512,8.7884,-0.0017
8.8901,IMM-UKF-LOS,smooth,0.500,10.00,0.050,0,0.600,1,6.6082,18.2815,11.6733,3.8780,0.3600,0.3600,0.0218,6.0000,9.8340,0.0009,1.7237,0.6131,-41.5013,-26.5870,-42.3022,-26.2778,-42.3022,-26.2778,-41.8191,-26.5399,-39.1342,-27.0835,-0.8009,0.3092,-0.8009,0.3092,-0.3178,0.0471,83,0.1000,83,0,0.9340,0.0520,0.0140,-4.0314,5.4004,0.1917,-2.8042,5.3044,0.0000,1,0.0840,0.0560,8.7884,-0.0015
8.9001,IMM-UKF-LOS,smooth,0.500,10.00,0.050,0,0.600,1,6.5999,18.3005,11.7006,3.9081,0.3600,0.3600,0.0219,6.0000,9.8340,0.0008,1.9291,0.6134,-41.4176,-26.6327,-42.3022,-26.2778,-42.3022,-26.2778,-41.7620,-26.5372,-39.0818,-27.0192,-0.8846,0.3549,-0.8846,0.3549,-0.3444,0.0955,83,0.1100,83,0,0.9340,0.0520,0.0140,-4.0883,5.4680,0.0994,-2.7968,5.3083,0.0000,1,0.0840,0.0560,8.7884,-0.0015
8.9101,IMM-UKF-LOS,smooth,0.500,10.00,0.050,0,0.600,1,6.5907,18.3203,11.7296,3.9385,0.3600,0.3600,0.0219,6.0000,9.8340,0.0009,2.2220,0.6138,-41.3327,-26.6677,-42.3022,-26.2778,-42.3022,-26.2778,-41.7039,-26.5012,-39.0286,-26.8073,-0.9695,0.3899,-0.9695,0.3899,-0.3712,0.1666,83,0.1200,83,0,0.9340,0.0520,0.0140,-4.1080,5.4893,-0.0531,-2.7892,5.3123,0.0000,1,0.0840,0.0560,8.7884,-0.0015
8.9201,IMM-UKF-LOS,smooth,0.500,10.00,0.050,0,0.600,1,6.5819,18.3559,11.7740,3.9691,0.3600,0.3600,0.0219,6.0000,9.8340,0.0013,2.6370,0.6144,-41.2460,-26.6847,-42.3022,-26.2778,-42.3022,-26.2778,-41.6420,-26.4225,-38.9729,-26.4324,-1.0563,0.4069,-1.0563,0.4069,-0.3961,0.2622,83,0.1300,83,0,0.9340,0.0520,0.0140,-4.0290,5.3867,-0.2219,-2.7816,5.3163,0.0000,1,0.0840,0.0560,8.7884,-0.0015
8.9301,IMM-UKF-LOS,smooth,0.500,10.00,0.050,0,0.600,1,6.5747,18.4098,11.8351,4.0000,0.3600,0.3600,0.0219,6.0000,9.8340,0.0018,3.0356,0.6150,-41.1568,-26.6864,-42.3022,-26.2778,-42.3022,-26.2778,-41.5771,-26.3458,-38.9155,-26.1095,-1.1454,0.4086,-1.1454,0.4086,-0.4203,0.3406,83,0.1400,83,0,0.9340,0.0520,0.0140,-3.8908,5.2092,-0.3065,-2.7739,5.3203,0.0000,1,0.0840,0.0560,8.7884,-0.0015
8.9401,IMM-UKF-LOS,smooth,0.500,10.00,0.050,0,0.600,1,6.5695,18.4731,11.9036,4.0313,0.3600,0.3600,0.0219,6.0000,9.8340,0.0022,3.3696,0.6155,-41.0654,-26.6764,-42.3022,-26.2778,-42.3022,-26.2778,-41.5111,-26.2788,-38.8582,-25.8612,-1.2368,0.3986,-1.2368,0.3986,-0.4457,0.3976,83,0.1500,83,0,0.9340,0.0520,0.0140,-3.7421,5.0180,-0.3347,-2.7661,5.3243,0.0000,1,0.0840,0.0560,8.7884,-0.0015
8.9501,IMM-UKF-LOS,smooth,0.500,10.00,0.050,0,0.600,1,6.5665,18.5641,11.9975,3.6923,0.3600,0.3600,0.0219,6.0000,9.8827,0.0030,1.2614,0.6160,-40.9716,-26.6573,-41.5013,-26.5870,-41.5013,-26.5870,-41.2008,-26.6072,-38.0901,-26.2574,-0.5297,0.0703,-0.5297,0.0703,-0.2291,0.0501,84,0.0600,84,0,0.9425,0.0440,0.0134,-3.5934,4.8263,-0.3298,-2.7583,5.3284,0.0000,1,0.0840,0.0560,8.8886,-0.0015
8.9601,IMM-UKF-LOS,smooth,0.500,10.00,0.050,0,0.600,1,6.5658,18.6172,12.0514,3.7203,0.3600,0.3600,0.0220,6.0000,9.8827,0.0033,1.3845,0.6163,-40.8757,-26.6310,-41.5013,-26.5870,-41.5013,-26.5870,-41.1288,-26.5823,-38.0317,-26.1228,-0.6256,0.0440,-0.6256,0.0440,-0.2530,0.0488,84,0.0700,84,0,0.9425,0.0440,0.0134,-3.4474,4.6378,-0.3018,-2.7503,5.3325,0.0000,1,0.0840,0.0560,8.8886,-0.0015
8.9701,IMM-UKF-LOS,smooth,0.500,10.00,0.050,0,0.600,1,6.5673,18.6750,12.1077,3.7485,0.3600,0.3600,0.0220,6.0000,9.8827,0.0035,1.5111,0.6164,-40.7777,-26.5994,-41.5013,-26.5870,-41.5013,-26.5870,-41.0563,-26.5575,-37.9738,-26.0182,-0.7236,0.0124,-0.7236,0.0124,-0.2785,0.0419,84,0.0800,84,0,0.9425,0.0440,0.0134,-3.3056,4.4539,-0.2544,-2.7423,5.3366,0.0000,1,0.0840,0.0560,8.8886,-0.0015
8.9801,IMM-UKF-LOS,smooth,0.500,10.00,0.050,0,0.600,1,6.5712,18.7376,12.1664,3.7771,0.3600,0.3600,0.0220,6.0000,9.8827,0.0035,1.6446,0.6165,-40.6778,-26.5643,-41.5013,-26.5870,-41.5013,-26.5870,-40.9834,-26.5349,-37.9164,-25.9458,-0.8235,-0.0227,-0.8235,-0.0227,-0.3056,0.0293,84,0.0900,84,0,0.9425,0.0440,0.0134,-3.1691,4.2766,-0.1880,-2.7343,5.3408,0.0000,1,0.0871,0.0402,8.8886,-0.0011
8.9901,IMM-UKF-LOS,smooth,0.500,10.00,0.050,0,0.600,1,6.5773,18.8046,12.2273,3.8059,0.3600,0.3600,0.0221,6.0000,9.8827,0.0033,1.7898,0.6163,-40.5761,-26.5279,-41.5013,-26.5870,-41.5013,-26.5870,-40.9103,-26.5178,-37.8594,-25.9137,-0.9252,-0.0591,-0.9252,-0.0591,-0.3342,0.0100,84,0.1000,84,0,0.9425,0.0440,0.0134,-3.0406,4.1091,-0.0997,-2.7261,5.3449,0.0000,1,0.0871,0.0402,8.8886,-0.0011
9.0001,IMM-UKF-LOS,smooth,0.500,10.00,0.050,0,0.600,1,6.5856,18.8754,12.2898,3.8351,0.3600,0.3600,0.0221,6.0000,9.8827,0.0029,1.9548,0.6159,-40.4727,-26.4934,-41.5013,-26.5870,-41.5013,-26.5870,-40.8372,-26.5124,-37.8031,-25.9418,-1.0286,-0.0935,-1.0286,-0.0935,-0.3645,-0.0190,84,0.1100,84,0,0.9425,0.0440,0.0134,-2.9265,3.9598,0.0183,-2.7179,5.3491,0.0000,1,0.0871,0.0402,8.8886,-0.0011
9.0101,IMM-UKF-LOS,smooth,0.500,10.00,0.050,0,0.600,1,6.5958,18.9466,12.3508,3.8645,0.3600,0.3600,0.0222,6.0000,9.8827,0.0023,2.1615,0.6153,-40.3681,-26.4666,-41.5013,-26.5870,-41.5013,-26.5870,-40.7652,-26.5318,-37.7474,-26.0761,-1.1332,-0.1204,-1.1332,-0.1204,-0.3971,-0.0652,84,0.1200,84,0,0.9425,0.0440,0.0134,-2.8478,3.8560,0.1789,-2.7096,5.3533,0.0000,1,0.0871,0.0402,8.8886,-0.0011
9.0201,IMM-UKF-LOS,smooth,0.500,10.00,0.050,0,0.600,1,6.6066,19.0048,12.3982,3.8943,0.3600,0.3600,0.0222,6.0000,9.8827,0.0015,2.4500,0.6146,-40.2630,-26.4533,-41.5013,-26.5870,-41.5013,-26.5870,-40.6967,-26.5841,-37.6929,-26.3302,-1.2383,-0.1336,-1.2383,-0.1336,-0.4338,-0.1307,84,0.1300,84,0,0.9425,0.0440,0.0134,-2.8584,3.8683,0.3453,-2.7013,5.3575,0.0000,1,0.0871,0.0402,8.8886,-0.0011
9.0301,IMM-UKF-LOS,smooth,0.500,10.00,0.050,0,0.600,1,6.6167,18.8340,12.2174,3.8331,0.3600,0.3600,0.0223,6.0000,9.8378,0.0027,1.4186,0.6138,-40.1578,-26.4503,-40.6778,-26.5643,-40.6778,-26.5643,-40.4118,-26.5175,-37.0032,-26.3830,-0.5201,-0.1140,-0.5201,-0.1140,-0.2540,-0.0673,85,0.0500,85,0,0.9391,0.0454,0.0154,-2.9290,3.9592,0.4179,-2.6928,5.3618,0.0000,1,0.0871,0.0402,8.9790,-0.0011
9.0401,IMM-UKF-LOS,smooth,0.500,10.00,0.050,0,0.600,1,6.6256,18.8763,12.2507,3.8615,0.3600,0.3600,0.0223,6.0000,9.8378,0.0035,1.5835,0.6131,-40.0525,-26.4532,-40.6778,-26.5643,-40.6778,-26.5643,-40.3361,-26.5284,-36.9405,-26.4855,-0.6253,-0.1110,-0.6253,-0.1110,-0.2836,-0.0751,85,0.0600,85,0,0.9391,0.0454,0.0154,-3.0083,4.0620,0.4315,-2.6843,5.3660,0.0000,1,0.0871,0.0402,8.9790,-0.0011
9.0501,IMM-UKF-LOS,smooth,0.500,10.00,0.050,0,0.600,1,6.6334,18.9156,12.2822,3.8903,0.3600,0.3600,0.0223,6.0000,9.8378,0.0041,1.7440,0.6124,-39.9472,-26.4600,-40.6778,-26.5643,-40.6778,-26.5643,-40.2611,-26.5377,-36.8782,-26.5510,-0.7307,-0.1043,-0.7307,-0.1043,-0.3140,-0.0777,85,0.0700,85,0,0.9391,0.0454,0.0154,-3.0869,4.1645,0.4159,-2.6757,5.3703,0.0000,1,0.0871,0.0402,8.9790,-0.0011
9.0601,IMM-UKF-LOS,smooth,0.500,10.00,0.050,0,0.600,1,6.6399,18.9521,12.3122,3.9193,0.3600,0.3600,0.0224,6.0000,9.8378,0.0047,1.9041,0.6119,-39.8417,-26.4691,-40.6778,-26.5643,-40.6778,-26.5643,-40.1870,-26.5456,-36.8161,-26.5935,-0.8361,-0.0952,-0.8361,-0.0952,-0.3453,-0.0765,85,0.0800,85,0,0.9391,0.0454,0.0154,-3.1633,4.2646,0.3836,-2.6671,5.3746,0.0000,1,0.0871,0.0402,8.9790,-0.0011
9.0701,IMM-UKF-LOS,smooth,0.500,10.00,0.050,0,0.600,1,6.6451,18.9859,12.3408,3.9485,0.3600,0.3600,0.0224,6.0000,9.8378,0.0052,2.0667,0.6114,-39.7360,-26.4796,-40.6778,-26.5643,-40.6778,-26.5643,-40.1135,-26.5520,-36.7544,-26.6199,-0.9418,-0.0847,-0.9418,-0.0847,-0.3775,-0.0724,85,0.0900,85,0,0.9391,0.0454,0.0154,-3.2375,4.3622,0.3406,-2.6583,5.3790,0.0000,1,0.1052,0.0525,8.9790,-0.0002
9.0801,IMM-UKF-LOS,smooth,0.500,10.00,0.050,0,0.600,1,6.6490,19.0171,12.3681,3.9781,0.3600,0.3600,0.0224,6.0000,9.8378,0.0056,2.2336,0.6110,-39.6300,-26.4908,-40.6778,-26.5643,-40.6778,-26.5643,-40.0407,-26.5569,-36.6930,-26.6342,-1.0478,-0.0735,-1.0478,-0.0735,-0.4107,-0.0661,85,0.1000,85,0,0.9391,0.0454,0.0154,-3.3095,4.4575,0.2903,-2.6495,5.3833,0.0000,1,0.1052,0.0525,8.9790,-0.0002
9.0901,IMM-UKF-LOS,smooth,0.500,10.00,0.050,0,0.600,1,6.6516,19.0457,12.3941,4.0080,0.3600,0.3600,0.0225,6.0000,9.8378,0.0058,2.4064,0.6107,-39.5238,-26.5022,-40.6778,-26.5643,-40.6778,-26.5643,-39.9687,-26.5602,-36.6319,-26.6390,-1.1540,-0.0621,-1.1540,-0.0621,-0.4449,-0.0580,85,0.1100,85,0,0.9391,0.0454,0.0154,-3.3795,4.5507,0.2346,-2.6407,5.3877,0.0000,1,0.1052,0.0525,8.9790,-0.0002
9.1001,IMM-UKF-LOS,smooth,0.500,10.00,0.050,0,0.600,1,6.6529,19.0719,12.4190,4.0382,0.3600,0.3600,0.0225,6.0000,9.8378,0.0060,2.5861,0.6105,-39.4172,-26.5134,-40.6778,-26.5643,-40.6778,-26.5643,-39.8973,-26.5619,-36.5712,-26.6360,-1.2606,-0.0509,-1.2606,-0.0509,-0.4801,-0.0485,85,0.1200,85,0,0.9391,0.0454,0.0154,-3.4477,4.6420,0.1750,-2.6317,5.3920,0.0000,1,0.1052,0.0525,8.9790,-0.0002
9.1101,IMM-UKF-LOS,smooth,0.500,10.00,0.050,0,0.600,1,6.6530,19.0957,12.4427,4.0687,0.3600,0.3600,0.0225,6.0000,9.8378,0.0061,2.7733,0.6105,-39.3101,-26.5240,-40.6778,-26.5643,-40.6778,-26.5643,-39.8266,-26.5619,-36.5108,-26.6263,-1.3677,-0.0403,-1.3677,-0.0403,-0.5165,-0.0379,85,0.1300,85,0,0.9391,0.0454,0.0154,-3.5143,4.7315,0.1123,-2.6227,5.3964,0.0000,1,0.1052,0.0525,8.9790,-0.0002
9.1201,IMM-UKF-LOS,smooth,0.500,10.00,0.050,0,0.600,1,6.6518,19.1170,12.4652,4.0995,0.3600,0.3600,0.0226,6.0000,9.8378,0.0060,2.9687,0.6105,-39.2027,-26.5338,-40.6778,-26.5643,-40.6778,-26.5643,-39.7566,-26.5602,-36.4509,-26.6108,-1.4752,-0.0304,-1.4752,-0.0304,-0.5539,-0.0264,85,0.1400,85,0,0.9391,0.0454,0.0154,-3.5792,4.8194,0.0473,-2.6136,5.4008,0.0000,1,0.1052,0.0525,8.9790,-0.0002
9.1301,IMM-UKF-LOS,smooth,0.500,10.00,0.050,0,0.600,1,6.6493,19.0018,12.3526,4.0894,0.3600,0.3600,0.0226,6.0000,9.7947,0.0007,1.5562,0.6106,-39.0947,-26.5427,-39.7360,-26.4796,-39.7360,-26.4796,-39.3830,-26.5091,-35.5590,-26.4315,-0.6413,0.0630,-0.6413,0.0630,-0.2883,0.0336,86,0.0600,86,0,0.9309,0.0521,0.0170,-3.6427,4.9059,-0.0195,-2.6044,5.4053,0.0000,1,0.1052,0.0525,9.0699,-0.0002
9.1401,IMM-UKF-LOS,smooth,0.500,10.00,0.050,0,0.600,1,6.6455,19.0283,12.3827,4.1192,0.3600,0.3600,0.0226,6.0000,9.7947,0.0005,1.7054,0.6109,-38.9861,-26.5503,-39.7360,-26.4796,-39.7360,-26.4796,-39.3008,-26.5055,-35.4873,-26.4071,-0.7498,0.0707,-0.7498,0.0707,-0.3147,0.0448,86,0.0700,86,0,0.9309,0.0521,0.0170,-3.7049,4.9911,-0.0876,-2.5952,5.4097,0.0000,1,0.1052,0.0525,9.0699,-0.0002
9.1501,IMM-UKF-LOS,smooth,0.500,10.00,0.050,0,0.600,1,6.6406,19.0524,12.4118,4.1493,0.3600,0.3600,0.0226,6.0000,9.7947,0.0004,1.8625,0.6113,-38.8770,-26.5567,-39.7360,-26.4796,-39.7360,-26.4796,-39.2193,-26.5007,-35.4159,-26.3793,-0.8590,0.0770,-0.8590,0.0770,-0.3423,0.0559,86,0.0800,86,0,0.9309,0.0521,0.0170,-3.7658,5.0751,-0.1565,-2.5858,5.4142,0.0000,1,0.1052,0.0525,9.0699,-0.0002
9.1601,IMM-UKF-LOS,smooth,0.500,10.00,0.050,0,0.600,1,6.6344,19.0741,12.4397,4.1797,0.3600,0.3600,0.0227,6.0000,9.7947,0.0006,2.0270,0.6117,-38.7673,-26.5616,-39.7360,-26.4796,-39.7360,-26.4796,-39.1385,-26.4947,-35.3449,-26.3487,-0.9687,0.0820,-0.9687,0.0820,-0.3713,0.0669,86,0.0900,86,0,0.9309,0.0521,0.0170,-3.8256,5.1581,-0.2259,-2.5765,5.4187,0.0000,1,0.1052,0.0525,9.0699,-0.0002
9.1701,IMM-UKF-LOS,smooth,0.500,10.00,0.050,0,0.600,1,6.6270,19.0935,12.4666,4.2104,0.3600,0.3600,0.0227,6.0000,9.7947,0.0012,2.1988,0.6123,-38.6568,-26.5651,-39.7360,-26.4796,-39.7360,-26.4796,-39.0584,-26.4874,-35.2742,-26.3161,-1.0791,0.0855,-1.0791,0.0855,-0.4015,0.0777,86,0.1000,86,0,0.9309,0.0521,0.0170,-3.8843,5.2401,-0.2953,-2.5670,5.4232,0.0000,1,0.1052,0.0525,9.0699,-0.0002
9.1801,IMM-UKF-LOS,smooth,0.500,10.00,0.050,0,0.600,1,6.6184,19.1107,12.4924,4.2413,0.3600,0.3600,0.0227,6.0000,9.7947,0.0018,2.3777,0.6130,-38.5457,-26.5672,-39.7360,-26.4796,-39.7360,-26.4796,-38.9789,-26.4791,-35.2038,-26.2826,-1.1903,0.0875,-1.1903,0.0875,-0.4332,0.0880,86,0.1100,86,0,0.9309,0.0521,0.0170,-3.9421,5.3215,-0.3641,-2.5574,5.4277,0.0000,1,0.1170,0.0402,9.0699,0.0001
9.1901,IMM-UKF-LOS,smooth,0.500,10.00,0.050,0,0.600,1,6.6086,19.1257,12.5171,4.2726,0.3600,0.3600,0.0228,6.0000,9.7947,0.0027,2.5633,0.6139,-38.4338,-26.5679,-39.7360,-26.4796,-39.7360,-26.4796,-38.9001,-26.4703,-35.1337,-26.2503,-1.3022,0.0883,-1.3022,0.0883,-0.4663,0.0976,86,0.1200,86,0,0.9309,0.0521,0.0170,-3.9994,5.4027,-0.4310,-2.5478,5.4322,0.0000,1,0.1170,0.0402,9.0699,0.0001
9.2001,IMM-UKF-LOS,smooth,0.500,10.00,0.050,0,0.600,1,6.5976,19.1385,12.5410,4.3041,0.3600,0.3600,0.0228,6.0000,9.7947,0.0036,2.7542,0.6148,-38.3211,-26.5677,-39.7360,-26.4796,-39.7360,-26.4796,-38.8220,-26.4623,-35.0641,-26.2253,-1.4148,0.0881,-1.4148,0.0881,-0.5009,0.1054,86,0.1300,86,0,0.9309,0.0521,0.0170,-4.0569,5.4847,-0.4930,-2.5381,5.4367,0.0000,1,0.1170,0.0402,9.0699,0.0001
9.2101,IMM-UKF-LOS,smooth,0.500,10.00,0.050,0,0.600,1,6.5855,19.1499,12.5644,4.3360,0.3600,0.3600,0.0228,6.0000,9.7947,0.0046,2.9415,0.6158,-38.2077,-26.5689,-39.7360,-26.4796,-39.7360,-26.4796,-38.7448,-26.4652,-34.9947,-26.2488,-1.5283,0.0893,-1.5283,0.0893,-0.5371,0.1038,86,0.1400,86,0,0.9309,0.0521,0.0170,-4.1183,5.5727,-0.5280,-2.5284,5.4413,0.0000,1,0.1170,0.0402,9.0699,0.0001
9.2201,IMM-UKF-LOS,smooth,0.500,10.00,0.050,0,0.600,1,6.5758,19.2120,12.6362,4.3682,0.3600,0.3600,0.0229,6.0000,9.7947,0.0054,3.1039,0.6166,-38.0919,-26.5704,-39.7360,-26.4796,-39.7360,-26.4796,-38.6591,-26.4629,-34.9310,-26.2505,-1.6441,0.0908,-1.6441,0.0908,-0.5672,0.1075,86,0.1500,86,0,0.9309,0.0521,0.0170,-3.9925,5.3979,-0.4176,-2.5185,5.4458,0.0000,1,0.1170,0.0402,9.0699,0.0001
9.2301,IMM-UKF-LOS,smooth,0.500,10.00,0.050,0,0.600,1,6.5686,18.9799,12.4113,4.3236,0.3600,0.3600,0.0229,6.0000,9.6605,0.0043,1.5084,0.6172,-37.9738,-26.5704,-38.5457,-26.5672,-38.5457,-26.5672,-38.2533,-26.5374,-33.9261,-26.4200,-0.5719,0.0032,-0.5719,0.0032,-0.2795,0.0330,87,0.0500,87,0,0.9336,0.0528,0.0136,-3.8621,5.2160,-0.3248,-2.5086,5.4504,0.0000,1,0.1170,0.0402,9.1803,0.0001
9.2401,IMM-UKF-LOS,smooth,0.500,10.00,0.050,0,0.600,1,6.5637,19.0228,12.4591,4.3542,0.3600,0.3600,0.0229,6.0000,9.6605,0.0047,1.6438,0.6176,-37.8535,-26.5686,-38.5457,-26.5672,-38.5457,-26.5672,-38.1581,-26.5326,-33.8577,-26.3862,-0.6922,0.0015,-0.6922,0.0015,-0.3045,0.0360,87,0.0600,87,0,0.9336,0.0528,0.0136,-3.7323,5.0345,-0.2358,-2.4986,5.4550,0.0000,1,0.1170,0.0402,9.1803,0.0001
9.2501,IMM-UKF-LOS,smooth,0.500,10.00,0.050,0,0.600,1,6.5612,19.0704,12.5092,4.3852,0.3600,0.3600,0.0230,6.0000,9.6605,0.0050,1.7883,0.6179,-37.7312,-26.5651,-38.5457,-26.5672,-38.5457,-26.5672,-38.0626,-26.5266,-33.7901,-26.3518,-0.8145,-0.0021,-0.8145,-0.0021,-0.3314,0.0385,87,0.0700,87,0,0.9336,0.0528,0.0136,-3.6040,4.8545,-0.1478,-2.4886,5.4596,0.0000,1,0.1170,0.0402,9.1803,0.0001
9.2601,IMM-UKF-LOS,smooth,0.500,10.00,0.050,0,0.600,1,6.5611,19.1225,12.5615,4.4163,0.3600,0.3600,0.0230,6.0000,9.6605,0.0052,1.9417,0.6180,-37.6069,-26.5599,-38.5457,-26.5672,-38.5457,-26.5672,-37.9670,-26.5198,-33.7233,-26.3195,-0.9388,-0.0072,-0.9388,-0.0072,-0.3600,0.0401,87,0.0800,87,0,0.9336,0.0528,0.0136,-3.4777,4.6767,-0.0595,-2.4785,5.4642,0.0000,1,0.1170,0.0402,9.1803,0.0001
9.2701,IMM-UKF-LOS,smooth,0.500,10.00,0.050,0,0.600,1,6.5632,19.1792,12.6160,4.4478,0.3600,0.3600,0.0231,6.0000,9.6605,0.0051,2.1034,0.6179,-37.4808,-26.5534,-38.5457,-26.5672,-38.5457,-26.5672,-37.8711,-26.5127,-33.6573,-26.2916,-1.0649,-0.0138,-1.0649,-0.0138,-0.3904,0.0407,87,0.0900,87,0,0.9336,0.0528,0.0136,-3.3537,4.5016,0.0304,-2.4683,5.4688,0.0000,1,0.1170,0.0402,9.1803,0.0001
9.2801,IMM-UKF-LOS,smooth,0.500,10.00,0.050,0,0.600,1,6.5677,19.2403,12.6726,4.4795,0.3600,0.3600,0.0231,6.0000,9.6605,0.0048,2.2733,0.6177,-37.3529,-26.5459,-38.5457,-26.5672,-38.5457,-26.5672,-37.7752,-26.5061,-33.5919,-26.2713,-1.1928,-0.0212,-1.1928,-0.0212,-0.4224,0.0398,87,0.1000,87,0,0.9336,0.0528,0.0136,-3.2327,4.3301,0.1236,-2.4580,5.4734,0.0000,1,0.1170,0.0402,9.1803,0.0001
9.2901,IMM-UKF-LOS,smooth,0.500,10.00,0.050,0,0.600,1,6.5744,19.3057,12.7312,4.5114,0.3600,0.3600,0.0232,6.0000,9.6605,0.0043,2.4508,0.6172,-37.2234,-26.5383,-38.5457,-26.5672,-38.5457,-26.5672,-37.6794,-26.5016,-33.5273,-26.2641,-1.3223,-0.0289,-1.3223,-0.0289,-0.4560,0.0367,87,0.1100,87,0,0.9336,0.0528,0.0136,-3.1156,4.1637,0.2226,-2.4476,5.4781,0.0000,1,0.1170,0.0402,9.1803,0.0001
9.3001,IMM-UKF-LOS,smooth,0.500,10.00,0.050,0,0.600,1,6.5834,19.3750,12.7916,4.5437,0.3600,0.3600,0.0233,6.0000,9.6605,0.0037,2.6360,0.6166,-37.0924,-26.5318,-38.5457,-26.5672,-38.5457,-26.5672,-37.5837,-26.5025,-33.4630,-26.2826,-1.4533,-0.0354,-1.4533,-0.0354,-0.4913,0.0293,87,0.1200,87,0,0.9336,0.0528,0.0136,-3.0052,4.0066,0.3335,-2.4372,5.4827,0.0000,1,0.0818,0.0423,9.1803,0.0013
9.3101,IMM-UKF-LOS,smooth,0.500,10.00,0.050,0,0.600,1,6.5944,19.4466,12.8522,4.5763,0.3600,0.3600,0.0233,6.0000,9.6605,0.0028,2.8306,0.6157,-36.9602,-26.5301,-38.5457,-26.5672,-38.5457,-26.5672,-37.4888,-26.5201,-33.3985,-26.3704,-1.5855,-0.0371,-1.5855,-0.0371,-0.5287,0.0101,87,0.1300,87,0,0.9336,0.0528,0.0136,-2.9143,3.8774,0.4742,-2.4267,5.4874,0.0000,1,0.0818,0.0423,9.1803,0.0013
9.3201,IMM-UKF-LOS,smooth,0.500,10.00,0.050,0,0.600,1,6.6053,19.4927,12.8874,4.6091,0.3600,0.3600,0.0234,6.0000,9.6605,0.0019,3.0699,0.6148,-36.8279,-26.5412,-38.5457,-26.5672,-38.5457,-26.5672,-37.4000,-26.5785,-33.3283,-26.6133,-1.7178,-0.0260,-1.7178,-0.0260,-0.5722,-0.0373,87,0.1400,87,0,0.9336,0.0528,0.0136,-2.9533,3.9389,0.6024,-2.4161,5.4920,0.0000,1,0.0818,0.0423,9.1803,0.0013
9.3301,IMM-UKF-LOS,smooth,0.500,10.00,0.050,0,0.600,1,6.6149,19.5204,12.9055,4.6423,0.3600,0.3600,0.0234,6.0000,9.6605,0.0011,3.3144,0.6139,-36.6957,-26.5548,-38.5457,-26.5672,-38.5457,-26.5672,-37.3137,-26.5933,-33.2570,-26.6629,-1.8500,-0.0124,-1.8500,-0.0124,-0.6180,-0.0386,87,0.1500,87,0,0.9336,0.0528,0.0136,-3.0236,4.0471,0.5707,-2.4055,5.4967,0.0000,1,0.0818,0.0423,9.1803,0.0013
9.3401,IMM-UKF-LOS,smooth,0.500,10.00,0.050,0,0.600,1,6.6232,19.5447,12.9214,4.6758,0.3600,0.3600,0.0235,6.0000,9.6605,0.0006,3.5587,0.6131,-36.5636,-26.5680,-38.5457,-26.5672,-38.5457,-26.5672,-37.2281,-26.5946,-33.1865,-26.6578,-1.9821,0.0008,-1.9821,0.0008,-0.6645,-0.0266,87,0.1600,87,0,0.9336,0.0528,0.0136,-3.0885,4.1480,0.5070,-2.3948,5.5014,0.0000,1,0.0818,0.0423,9.1803,0.0013
9.3501,IMM-UKF-LOS,smooth,0.500,10.00,0.050,0,0.600,1,6.6302,19.2412,12.6110,4.6088,0.3600,0.3600,0.0236,6.0000,9.5264,0.0041,1.8733,0.6125,-36.4313,-26.5798,-37.0924,-26.5318,-37.0924,-26.5318,-36.7753,-26.5217,-32.1243,-26.5574,-0.6610,0.0480,-0.6610,0.0480,-0.3440,0.0581,88,0.0500,88,0,0.9368,0.0517,0.0116,-3.1499,4.2443,0.4319,-2.3840,5.5060,0.0000,1,0.0818,0.0423,9.3014,0.0013
9.3601,IMM-UKF-LOS,smooth,0.500,10.00,0.050,0,0.600,1,6.6358,19.2740,12.6382,4.6404,0.3600,0.3600,0.0236,6.0000,9.5264,0.0046,2.0501,0.6120,-36.2990,-26.5895,-37.0924,-26.5318,-37.0924,-26.5318,-36.6742,-26.5202,-32.0398,-26.5227,-0.7933,0.0577,-0.7933,0.0577,-0.3752,0.0694,88,0.0600,88,0,0.9368,0.0517,0.0116,-3.2089,4.3376,0.3515,-2.3731,5.5107,0.0000,1,0.0818,0.0423,9.3014,0.0013
9.3701,IMM-UKF-LOS,smooth,0.500,10.00,0.050,0,0.600,1,6.6400,19.3042,12.6642,4.6724,0.3600,0.3600,0.0237,6.0000,9.5264,0.0049,2.2331,0.6116,-36.1665,-26.5970,-37.0924,-26.5318,-37.0924,-26.5318,-36.5740,-26.5164,-31.9557,-26.4810,-0.9258,0.0652,-0.9258,0.0652,-0.4075,0.0806,88,0.0700,88,0,0.9368,0.0517,0.0116,-3.2661,4.4287,0.2684,-2.3622,5.5154,0.0000,1,0.0818,0.0423,9.3014,0.0013
9.3801,IMM-UKF-LOS,smooth,0.500,10.00,0.050,0,0.600,1,6.6430,19.3319,12.6890,4.7045,0.3600,0.3600,0.0237,6.0000,9.5264,0.0052,2.4222,0.6114,-36.0338,-26.6020,-37.0924,-26.5318,-37.0924,-26.5318,-36.4748,-26.5106,-31.8721,-26.4345,-1.0586,0.0702,-1.0586,0.0702,-0.4410,0.0914,88,0.0800,88,0,0.9368,0.0517,0.0116,-3.3218,4.5183,0.1840,-2.3512,5.5201,0.0000,1,0.0818,0.0423,9.3014,0.0013
9.3901,IMM-UKF-LOS,smooth,0.500,10.00,0.050,0,0.600,1,6.6446,19.3572,12.7126,4.7369,0.3600,0.3600,0.0238,6.0000,9.5264,0.0053,2.6170,0.6113,-35.9008,-26.6044,-37.0924,-26.5318,-37.0924,-26.5318,-36.3764,-26.5027,-31.7889,-26.3847,-1.1916,0.0726,-1.1916,0.0726,-0.4756,0.1017,88,0.0900,88,0,0.9368,0.0517,0.0116,-3.3763,4.6066,0.0993,-2.3401,5.5248,0.0000,1,0.0803,0.0518,9.3014,-0.0000
9.4001,IMM-UKF-LOS,smooth,0.500,10.00,0.050,0,0.600,1,6.6450,19.3800,12.7350,4.7695,0.3600,0.3600,0.0238,6.0000,9.5264,0.0053,2.8173,0.6113,-35.7674,-26.6043,-37.0924,-26.5318,-37.0924,-26.5318,-36.2790,-26.4930,-31.7061,-26.3327,-1.3250,0.0725,-1.3250,0.0725,-0.5116,0.1113,88,0.1000,88,0,0.9368,0.0517,0.0116,-3.4299,4.6941,0.0151,-2.3290,5.5295,0.0000,1,0.0803,0.0518,9.3014,-0.0000
9.4101,IMM-UKF-LOS,smooth,0.500,10.00,0.050,0,0.600,1,6.6441,19.4004,12.7564,4.8025,0.3600,0.3600,0.0239,6.0000,9.5264,0.0052,3.0233,0.6114,-35.6337,-26.6017,-37.0924,-26.5318,-37.0924,-26.5318,-36.1824,-26.4817,-31.6238,-26.2796,-1.4587,0.0699,-1.4587,0.0699,-0.5487,0.1200,88,0.1100,88,0,0.9368,0.0517,0.0116,-3.4827,4.7810,-0.0682,-2.3177,5.5343,0.0000,1,0.0803,0.0518,9.3014,-0.0000
9.4201,IMM-UKF-LOS,smooth,0.500,10.00,0.050,0,0.600,1,6.6419,19.4185,12.7766,4.8356,0.3600,0.3600,0.0239,6.0000,9.5264,0.0049,3.2346,0.6116,-35.4995,-26.5966,-37.0924,-26.5318,-37.0924,-26.5318,-36.0868,-26.4690,-31.5419,-26.2266,-1.5929,0.0648,-1.5929,0.0648,-0.5873,0.1276,88,0.1200,88,0,0.9368,0.0517,0.0116,-3.5349,4.8676,-0.1498,-2.3064,5.5390,0.0000,1,0.0803,0.0518,9.3014,-0.0000
9.4301,IMM-UKF-LOS,smooth,0.500,10.00,0.050,0,0.600,1,6.6385,19.4343,12.7958,4.8691,0.3600,0.3600,0.0240,6.0000,9.5264,0.0045,3.4514,0.6120,-35.3649,-26.5892,-37.0924,-26.5318,-37.0924,-26.5318,-35.9920,-26.4552,-31.4604,-26.1749,-1.7275,0.0574,-1.7275,0.0574,-0.6271,0.1340,88,0.1300,88,0,0.9368,0.0517,0.0116,-3.5866,4.9540,-0.2293,-2.2951,5.5437,0.0000,1,0.0803,0.0518,9.3014,-0.0000
9.4401,IMM-UKF-LOS,smooth,0.500,10.00,0.050,0,0.600,1,6.6338,19.4477,12.8139,4.9029,0.3600,0.3600,0.0240,6.0000,9.5264,0.0041,3.6737,0.6125,-35.2298,-26.5798,-37.0924,-26.5318,-37.0924,-26.5318,-35.8982,-26.4410,-31.3794,-26.1263,-1.8626,0.0480,-1.8626,0.0480,-0.6684,0.1389,88,0.1400,88,0,0.9368,0.0517,0.0116,-3.6380,5.0408,-0.3058,-2.2836,5.5484,0.0000,1,0.0803,0.0518,9.3014,-0.0000
9.4501,IMM-UKF-LOS,smooth,0.500,10.00,0.050,0,0.600,1,6.6279,19.3547,12.7267,4.8874,0.3600,0.3600,0.0241,6.0000,9.4887,0.0019,1.6745,0.6131,-35.0941,-26.5687,-35.9008,-26.6044,-35.9008,-26.6044,-35.4070,-26.5709,-30.2043,-26.3689,-0.8067,-0.0357,-0.8067,-0.0357,-0.3129,-0.0022,89,0.0600,89,0,0.9205,0.0613,0.0181,-3.6895,5.1282,-0.3781,-2.2721,5.5532,0.0000,1,0.0803,0.0518,9.3901,-0.0000
9.4601,IMM-UKF-LOS,smooth,0.500,10.00,0.050,0,0.600,1,6.6208,19.3731,12.7522,4.9202,0.3600,0.3600,0.0241,6.0000,9.4887,0.0026,1.8189,0.6138,-34.9578,-26.5564,-35.9008,-26.6044,-35.9008,-26.6044,-35.2975,-26.5658,-30.1070,-26.3417,-0.9430,-0.0480,-0.9430,-0.0480,-0.3398,-0.0094,89,0.0700,89,0,0.9205,0.0613,0.0181,-3.7415,5.2169,-0.4443,-2.2605,5.5579,0.0000,1,0.0803,0.0518,9.3901,-0.0000
9.4701,IMM-UKF-LOS,smooth,0.500,10.00,0.050,0,0.600,1,6.6126,19.3892,12.7767,4.9534,0.3600,0.3600,0.0242,6.0000,9.4887,0.0035,1.9730,0.6146,-34.8209,-26.5437,-35.9008,-26.6044,-35.9008,-26.6044,-35.1890,-26.5620,-30.0099,-26.3289,-1.0799,-0.0608,-1.0799,-0.0608,-0.3681,-0.0183,89,0.0800,89,0,0.9205,0.0613,0.0181,-3.7944,5.3079,-0.5012,-2.2489,5.5626,0.0000,1,0.0803,0.0518,9.3901,-0.0000
9.4801,IMM-UKF-LOS,smooth,0.500,10.00,0.050,0,0.600,1,6.6031,19.4035,12.8003,4.9867,0.3600,0.3600,0.0242,6.0000,9.4887,0.0044,2.1382,0.6155,-34.6833,-26.5321,-35.9008,-26.6044,-35.9008,-26.6044,-35.0814,-26.5625,-29.9127,-26.3442,-1.2175,-0.0724,-1.2175,-0.0724,-0.3981,-0.0305,89,0.0900,89,0,0.9205,0.0613,0.0181,-3.8492,5.4025,-0.5407,-2.2371,5.5673,0.0000,1,0.1007,0.0465,9.3901,-0.0007
9.4901,IMM-UKF-LOS,smooth,0.500,10.00,0.050,0,0.600,1,6.5927,19.4170,12.8242,5.0203,0.3600,0.3600,0.0242,6.0000,9.4887,0.0054,2.3197,0.6165,-34.5450,-26.5251,-35.9008,-26.6044,-35.9008,-26.6044,-34.9748,-26.5759,-29.8155,-26.4287,-1.3557,-0.0793,-1.3557,-0.0793,-0.4297,-0.0508,89,0.1000,89,0,0.9205,0.0613,0.0181,-3.9060,5.5012,-0.5366,-2.2253,5.5721,0.0000,1,0.1007,0.0465,9.3901,-0.0007
9.5001,IMM-UKF-LOS,smooth,0.500,10.00,0.050,0,0.600,1,6.5827,19.4439,12.8612,5.0542,0.3600,0.3600,0.0243,6.0000,9.4887,0.0062,2.5324,0.6173,-34.4057,-26.5315,-35.9008,-26.6044,-35.9008,-26.6044,-34.8675,-26.6244,-29.7243,-26.6837,-1.4950,-0.0729,-1.4950,-0.0729,-0.4618,-0.0929,89,0.1100,89,0,0.9205,0.0613,0.0181,-3.9198,5.5313,-0.3817,-2.2135,5.5768,0.0000,1,0.1007,0.0465,9.3901,-0.0007
9.5101,IMM-UKF-LOS,smooth,0.500,10.00,0.050,0,0.600,1,6.5749,19.4929,12.9180,5.0883,0.3600,0.3600,0.0243,6.0000,9.4887,0.0068,2.7112,0.6179,-34.2644,-26.5437,-35.9008,-26.6044,-35.9008,-26.6044,-34.7568,-26.6511,-29.6471,-26.7967,-1.6363,-0.0607,-1.6363,-0.0607,-0.4924,-0.1074,89,0.1200,89,0,0.9205,0.0613,0.0181,-3.8304,5.3947,-0.2253,-2.2015,5.5815,0.0000,1,0.1007,0.0465,9.3901,-0.0007
9.5201,IMM-UKF-LOS,smooth,0.500,10.00,0.050,0,0.600,1,6.5694,19.5486,12.9792,5.1227,0.3600,0.3600,0.0244,6.0000,9.4887,0.0072,2.8740,0.6183,-34.1211,-26.5575,-35.9008,-26.6044,-35.9008,-26.6044,-34.6453,-26.6628,-29.5737,-26.8270,-1.7797,-0.0470,-1.7797,-0.0470,-0.5243,-0.1053,89,0.1300,89,0,0.9205,0.0613,0.0181,-3.7212,5.2254,-0.1045,-2.1895,5.5862,0.0000,1,0.1007,0.0465,9.3901,-0.0007
9.5301,IMM-UKF-LOS,smooth,0.500,10.00,0.050,0,0.600,1,6.5663,19.1378,12.5715,4.8066,0.3600,0.3600,0.0245,6.0000,9.3280,0.0030,1.8504,0.6185,-33.9757,-26.5710,-34.6833,-26.5321,-34.6833,-26.5321,-34.3152,-26.5120,-28.8303,-26.4978,-0.7076,0.0389,-0.7076,0.0389,-0.3394,0.0589,90,0.0500,90,0,0.9178,0.0645,0.0177,-3.6065,5.0464,-0.0017,-2.1774,5.5910,0.0000,1,0.1007,0.0465,9.4794,-0.0007
9.5401,IMM-UKF-LOS,smooth,0.500,10.00,0.050,0,0.600,1,6.5655,19.1792,12.6137,4.8381,0.3600,0.3600,0.0245,6.0000,9.3280,0.0031,2.0147,0.6185,-33.8285,-26.5831,-34.6833,-26.5321,-34.6833,-26.5321,-34.1963,-26.5113,-28.7533,-26.4730,-0.8548,0.0510,-0.8548,0.0510,-0.3678,0.0718,90,0.0600,90,0,0.9178,0.0645,0.0177,-3.4900,4.8635,0.0899,-2.1652,5.5957,0.0000,1,0.1007,0.0465,9.4794,-0.0007
9.5501,IMM-UKF-LOS,smooth,0.500,10.00,0.050,0,0.600,1,6.5671,19.2252,12.6581,4.8699,0.3600,0.3600,0.0246,6.0000,9.3280,0.0029,2.1902,0.6183,-33.6794,-26.5932,-34.6833,-26.5321,-34.6833,-26.5321,-34.0774,-26.5078,-28.6777,-26.4350,-1.0039,0.0611,-1.0039,0.0611,-0.3980,0.0854,90,0.0700,90,0,0.9178,0.0645,0.0177,-3.3729,4.6788,0.1733,-2.1530,5.6004,0.0000,1,0.1007,0.0465,9.4794,-0.0007
9.5601,IMM-UKF-LOS,smooth,0.500,10.00,0.050,0,0.600,1,6.5710,19.2758,12.7048,4.9019,0.3600,0.3600,0.0247,6.0000,9.3280,0.0026,2.3760,0.6180,-33.5286,-26.6005,-34.6833,-26.5321,-34.6833,-26.5321,-33.9585,-26.5013,-28.6035,-26.3859,-1.1547,0.0685,-1.1547,0.0685,-0.4299,0.0993,90,0.0800,90,0,0.9178,0.0645,0.0177,-3.2557,4.4930,0.2498,-2.1407,5.6051,0.0000,1,0.1007,0.0465,9.4794,-0.0007
9.5701,IMM-UKF-LOS,smooth,0.500,10.00,0.050,0,0.600,1,6.5772,19.3308,12.7536,4.9342,0.3600,0.3600,0.0247,6.0000,9.3280,0.0021,2.5715,0.6175,-33.3763,-26.6047,-34.6833,-26.5321,-34.6833,-26.5321,-33.8398,-26.4913,-28.5306,-26.3258,-1.3070,0.0726,-1.3070,0.0726,-0.4635,0.1134,90,0.0900,90,0,0.9178,0.0645,0.0177,-3.1386,4.3065,0.3196,-2.1283,5.6098,0.0000,1,0.1007,0.0465,9.4794,-0.0007
9.5801,IMM-UKF-LOS,smooth,0.500,10.00,0.050,0,0.600,1,6.5856,19.3901,12.8046,4.9667,0.3600,0.3600,0.0248,6.0000,9.3280,0.0015,2.7770,0.6168,-33.2225,-26.6048,-34.6833,-26.5321,-34.6833,-26.5321,-33.7211,-26.4764,-28.4591,-26.2501,-1.4608,0.0728,-1.4608,0.0728,-0.4986,0.1285,90,0.1000,90,0,0.9178,0.0645,0.0177,-3.0212,4.1186,0.3798,-2.1159,5.6145,0.0000,1,0.1007,0.0465,9.4794,-0.0007
9.5901,IMM-UKF-LOS,smooth,0.500,10.00,0.050,0,0.600,1,6.5962,19.4526,12.8564,4.9995,0.3600,0.3600,0.0249,6.0000,9.3280,0.0008,3.0075,0.6160,-33.0673,-26.5970,-34.6833,-26.5321,-34.6833,-26.5321,-33.6025,-26.4439,-28.3893,-26.0990,-1.6160,0.0649,-1.6160,0.0649,-0.5352,0.1531,90,0.1100,90,0,0.9178,0.0645,0.0177,-2.8999,3.9231,0.3931,-2.1033,5.6193,0.0000,1,0.1053,0.0447,9.4794,0.0003
9.6001,IMM-UKF-LOS,smooth,0.500,10.00,0.050,0,0.600,1,6.6054,19.4771,12.8718,5.0326,0.3600,0.3600,0.0250,6.0000,9.3280,0.0004,3.2414,0.6154,-32.9123,-26.5867,-34.6833,-26.5321,-34.6833,-26.5321,-33.4913,-26.4281,-28.2979,-26.0425,-1.7710,0.0546,-1.7710,0.0546,-0.5790,0.1586,90,0.1200,90,0,0.9178,0.0645,0.0177,-2.9517,4.0215,0.3059,-2.0907,5.6239,0.0000,1,0.1053,0.0447,9.4794,0.0003
9.6101,IMM-UKF-LOS,smooth,0.500,10.00,0.050,0,0.600,1,6.6132,19.4992,12.8860,5.0660,0.3600,0.3600,0.0250,6.0000,9.3280,0.0007,3.4732,0.6148,-32.7575,-26.5751,-34.6833,-26.5321,-34.6833,-26.5321,-33.3814,-26.4160,-28.2066,-26.0079,-1.9258,0.0430,-1.9258,0.0430,-0.6239,0.1591,90,0.1300,90,0,0.9178,0.0645,0.0177,-3.0055,4.1242,0.2320,-2.0781,5.6286,0.0000,1,0.1053,0.0447,9.4794,0.0003
9.6201,IMM-UKF-LOS,smooth,0.500,10.00,0.050,0,0.600,1,6.6197,19.5188,12.8991,5.0997,0.3600,0.3600,0.0251,6.0000,9.3280,0.0011,3.7081,0.6144,-32.6029,-26.5627,-34.6833,-26.5321,-34.6833,-26.5321,-33.2727,-26.4053,-28.1157,-25.9823,-2.0804,0.0306,-2.0804,0.0306,-0.6698,0.1574,90,0.1400,90,0,0.9178,0.0645,0.0177,-3.0596,4.2281,0.1642,-2.0653,5.6333,0.0000,1,0.1053,0.0447,9.4794,0.0003
9.6301,IMM-UKF-LOS,smooth,0.500,10.00,0.050,0,0.600,1,6.6249,19.5361,12.9112,5.1336,0.3600,0.3600,0.0251,6.0000,9.3280,0.0015,3.9482,0.6141,-32.4482,-26.5500,-34.6833,-26.5321,-34.6833,-26.5321,-33.1652,-26.3960,-28.0252,-25.9636,-2.2351,0.0179,-2.2351,0.0179,-0.7169,0.1540,90,0.1500,90,0,0.9178,0.0645,0.0177,-3.1135,4.3323,0.1011,-2.0525,5.6380,0.0000,1,0.1053,0.0447,9.4794,0.0003
9.6401,IMM-UKF-LOS,smooth,0.500,10.00,0.050,0,0.600,1,6.6288,19.9835,13.3547,4.8545,0.3600,0.3600,0.0252,6.0000,9.6085,0.0025,1.5754,0.6139,-32.2936,-26.5372,-33.0673,-26.5970,-33.0673,-26.5970,-32.5780,-26.6053,-26.6720,-26.4693,-0.7737,-0.0598,-0.7737,-0.0598,-0.2844,-0.0682,91,0.0500,91,0,0.9219,0.0630,0.0151,-3.1671,4.4369,0.0421,-2.0397,5.6427,0.0000,1,0.1053,0.0447,9.5904,0.0003
9.6501,IMM-UKF-LOS,smooth,0.500,10.00,0.050,0,0.600,1,6.6314,20.0122,13.3808,4.8858,0.3600,0.3600,0.0253,6.0000,9.6085,0.0027,1.7387,0.6138,-32.1390,-26.5246,-33.0673,-26.5970,-33.0673,-26.5970,-32.4511,-26.6055,-26.5634,-26.4694,-0.9283,-0.0724,-0.9283,-0.0724,-0.3121,-0.0810,91,0.0600,91,0,0.9219,0.0630,0.0151,-3.2204,4.5416,-0.0127,-2.0267,5.6473,0.0000,1,0.1053,0.0447,9.5904,0.0003
9.6601,IMM-UKF-LOS,smooth,0.500,10.00,0.050,0,0.600,1,6.6328,20.0386,13.4058,4.9174,0.3600,0.3600,0.0253,6.0000,9.6085,0.0028,1.9097,0.6138,-31.9842,-26.5126,-33.0673,-26.5970,-33.0673,-26.5970,-32.3253,-26.6066,-26.4550,-26.4752,-1.0831,-0.0844,-1.0831,-0.0844,-0.3411,-0.0940,91,0.0700,91,0,0.9219,0.0630,0.0151,-3.2733,4.6464,-0.0633,-2.0137,5.6520,0.0000,1,0.1053,0.0447,9.5904,0.0003
9.6701,IMM-UKF-LOS,smooth,0.500,10.00,0.050,0,0.600,1,6.6329,20.0626,13.4297,4.9492,0.3600,0.3600,0.0254,6.0000,9.6085,0.0029,2.0882,0.6139,-31.8293,-26.5015,-33.0673,-26.5970,-33.0673,-26.5970,-32.2006,-26.6088,-26.3469,-26.4875,-1.2380,-0.0956,-1.2380,-0.0956,-0.3713,-0.1074,91,0.0800,91,0,0.9219,0.0630,0.0151,-3.3258,4.7515,-0.1093,-2.0006,5.6566,0.0000,1,0.1053,0.0447,9.5904,0.0003
9.6801,IMM-UKF-LOS,smooth,0.500,10.00,0.050,0,0.600,1,6.6318,20.0845,13.4526,4.9812,0.3600,0.3600,0.0254,6.0000,9.6085,0.0029,2.2749,0.6141,-31.6741,-26.4916,-33.0673,-26.5970,-33.0673,-26.5970,-32.0770,-26.6127,-26.2391,-26.5073,-1.3932,-0.1054,-1.3932,-0.1054,-0.4030,-0.1211,91,0.0900,91,0,0.9219,0.0630,0.0151,-3.3780,4.8567,-0.1504,-1.9875,5.6613,0.0000,1,0.1053,0.0447,9.5904,0.0003
9.6901,IMM-UKF-LOS,smooth,0.500,10.00,0.050,0,0.600,1,6.6296,20.1042,13.4746,5.0135,0.3600,0.3600,0.0255,6.0000,9.6085,0.0028,2.4696,0.6143,-31.5186,-26.4835,-33.0673,-26.5970,-33.0673,-26.5970,-31.9546,-26.6188,-26.1316,-26.5358,-1.5487,-0.1135,-1.5487,-0.1135,-0.4360,-0.1353,91,0.1000,91,0,0.9219,0.0630,0.0151,-3.4299,4.9621,-0.1858,-1.9742,5.6659,0.0000,1,0.1053,0.0447,9.5904,0.0003
9.7001,IMM-UKF-LOS,smooth,0.500,10.00,0.050,0,0.600,1,6.6261,20.1218,13.4957,5.0460,0.3600,0.3600,0.0255,6.0000,9.6085,0.0027,2.6732,0.6147,-31.3628,-26.4776,-33.0673,-26.5970,-33.0673,-26.5970,-31.8333,-26.6278,-26.0244,-26.5750,-1.7045,-0.1194,-1.7045,-0.1194,-0.4705,-0.1502,91,0.1100,91,0,0.9219,0.0630,0.0151,-3.4813,5.0677,-0.2147,-1.9609,5.6705,0.0000,1,0.1102,0.0503,9.5904,0.0016
9.7101,IMM-UKF-LOS,smooth,0.500,10.00,0.050,0,0.600,1,6.6215,20.1377,13.5162,5.0788,0.3600,0.3600,0.0256,6.0000,9.6085,0.0026,2.8864,0.6151,-31.2066,-26.4746,-33.0673,-26.5970,-33.0673,-26.5970,-31.7130,-26.6407,-25.9175,-26.6273,-1.8607,-0.1225,-1.8607,-0.1225,-0.5064,-0.1661,91,0.1200,91,0,0.9219,0.0630,0.0151,-3.5324,5.1735,-0.2356,-1.9476,5.6751,0.0000,1,0.1102,0.0503,9.5904,0.0016
9.7201,IMM-UKF-LOS,smooth,0.500,10.00,0.050,0,0.600,1,6.6159,20.1519,13.5361,5.1119,0.3600,0.3600,0.0256,6.0000,9.6085,0.0025,3.1107,0.6156,-31.0499,-26.4751,-33.0673,-26.5970,-33.0673,-26.5970,-31.5939,-26.6586,-25.8109,-26.6966,-2.0174,-0.1219,-2.0174,-0.1219,-0.5440,-0.1835,91,0.1300,91,0,0.9219,0.0630,0.0151,-3.5831,5.2793,-0.2464,-1.9341,5.6797,0.0000,1,0.1102,0.0503,9.5904,0.0016
9.7301,IMM-UKF-LOS,smooth,0.500,10.00,0.050,0,0.600,1,6.6092,20.1650,13.5558,5.1453,0.3600,0.3600,0.0257,6.0000,9.6085,0.0025,3.3482,0.6161,-30.8927,-26.4803,-33.0673,-26.5970,-33.0673,-26.5970,-31.4758,-26.6836,-25.7047,-26.7887,-2.1746,-0.1167,-2.1746,-0.1167,-0.5831,-0.2032,91,0.1400,91,0,0.9219,0.0630,0.0151,-3.6330,5.3848,-0.2434,-1.9206,5.6843,0.0000,1,0.1102,0.0503,9.5904,0.0016
9.7401,IMM-UKF-LOS,smooth,0.500,10.00,0.050,0,0.600,1,6.6016,20.1778,13.5762,5.1789,0.3600,0.3600,0.0257,6.0000,9.6085,0.0026,3.6029,0.6166,-30.7349,-26.4918,-33.0673,-26.5970,-33.0673,-26.5970,-31.3588,-26.7189,-25.5991,-26.9137,-2.3324,-0.1052,-2.3324,-0.1052,-0.6238,-0.2271,91,0.1500,91,0,0.9219,0.0630,0.0151,-3.6815,5.4883,-0.2199,-1.9071,5.6889,0.0000,1,0.1102,0.0503,9.5904,0.0016
9.7501,IMM-UKF-LOS,smooth,0.500,10.00,0.050,0,0.600,1,6.5934,20.1927,13.5993,5.2128,0.3600,0.3600,0.0258,6.0000,9.6085,0.0028,3.8836,0.6171,-30.5765,-26.5118,-33.0673,-26.5970,-33.0673,-26.5970,-31.2426,-26.7705,-25.4947,-27.0906,-2.4909,-0.0852,-2.4909,-0.0852,-0.6661,-0.2587,91,0.1600,91,0,0.9219,0.0630,0.0151,-3.7253,5.5842,-0.1614,-1.8934,5.6934,0.0000,1,0.1102,0.0503,9.5904,0.0016
9.7601,IMM-UKF-LOS,smooth,0.500,10.00,0.050,0,0.600,1,6.5852,20.4884,13.9032,4.2219,0.3600,0.3600,0.0259,6.0000,9.9146,0.0029,2.3173,0.6176,-30.4170,-26.5441,-31.3628,-26.4776,-31.3628,-26.4776,-30.8298,-26.4277,-24.7017,-26.4154,-0.9458,0.0665,-0.9458,0.0665,-0.4128,0.1164,92,0.0600,92,0,0.9361,0.0498,0.0142,-3.7491,5.6431,-0.0352,-1.8797,5.6980,0.0000,1,0.1102,0.0503,9.7017,0.0016
9.7701,IMM-UKF-LOS,smooth,0.500,10.00,0.050,0,0.600,1,6.5787,20.5258,13.9471,4.2489,0.3600,0.3600,0.0259,6.0000,9.9146,0.0031,2.5072,0.6178,-30.2560,-26.5864,-31.3628,-26.4776,-31.3628,-26.4776,-30.6997,-26.4522,-24.6079,-26.5836,-1.1068,0.1088,-1.1068,0.1088,-0.4437,0.1343,92,0.0700,92,0,0.9361,0.0498,0.0142,-3.6970,5.5591,0.1424,-1.8659,5.7025,0.0000,1,0.1102,0.0503,9.7017,0.0016
9.7801,IMM-UKF-LOS,smooth,0.500,10.00,0.050,0,0.600,1,6.5746,20.5721,13.9975,4.2762,0.3600,0.3600,0.0260,6.0000,9.9146,0.0031,2.7450,0.6177,-30.0930,-26.6284,-31.3628,-26.4776,-31.3628,-26.4776,-30.5687,-26.4569,-24.5258,-26.5777,-1.2698,0.1508,-1.2698,0.1508,-0.4757,0.1715,92,0.0800,92,0,0.9361,0.0498,0.0142,-3.5917,5.3732,0.2445,-1.8521,5.7070,0.0000,1,0.1102,0.0503,9.7017,0.0016
9.7901,IMM-UKF-LOS,smooth,0.500,10.00,0.050,0,0.600,1,6.5728,20.6227,14.0500,4.3037,0.3600,0.3600,0.0260,6.0000,9.9146,0.0030,3.0265,0.6176,-29.9279,-26.6641,-31.3628,-26.4776,-31.3628,-26.4776,-30.4376,-26.4448,-24.4476,-26.4707,-1.4349,0.1864,-1.4349,0.1864,-0.5097,0.2193,92,0.0900,92,0,0.9361,0.0498,0.0142,-3.4749,5.1643,0.2847,-1.8382,5.7115,0.0000,1,0.1102,0.0503,9.7017,0.0016
9.8001,IMM-UKF-LOS,smooth,0.500,10.00,0.050,0,0.600,1,6.5731,20.6765,14.1033,4.3315,0.3600,0.3600,0.0261,6.0000,9.9146,0.0028,3.3433,0.6174,-29.7609,-26.6899,-31.3628,-26.4776,-31.3628,-26.4776,-30.3066,-26.4178,-24.3712,-26.3006,-1.6019,0.2123,-1.6019,0.2123,-0.5457,0.2721,92,0.1000,92,0,0.9361,0.0498,0.0142,-3.3575,4.9528,0.2813,-1.8242,5.7160,0.0000,1,0.1102,0.0503,9.7017,0.0016
9.8101,IMM-UKF-LOS,smooth,0.500,10.00,0.050,0,0.600,1,6.5754,20.7321,14.1567,4.3596,0.3600,0.3600,0.0262,6.0000,9.9146,0.0025,3.6888,0.6171,-29.5922,-26.7033,-31.3628,-26.4776,-31.3628,-26.4776,-30.1760,-26.3755,-24.2956,-26.0801,-1.7706,0.2257,-1.7706,0.2257,-0.5838,0.3278,92,0.1100,92,0,0.9361,0.0498,0.0142,-3.2435,4.7468,0.2405,-1.8101,5.7204,0.0000,1,0.1102,0.0503,9.7017,0.0016
9.8201,IMM-UKF-LOS,smooth,0.500,10.00,0.050,0,0.600,1,6.5794,20.7881,14.2087,4.3880,0.3600,0.3600,0.0262,6.0000,9.9146,0.0024,4.0586,0.6168,-29.4220,-26.7018,-31.3628,-26.4776,-31.3628,-26.4776,-30.0460,-26.3165,-24.2201,-25.8119,-1.9408,0.2242,-1.9408,0.2242,-0.6240,0.3853,92,0.1200,92,0,0.9361,0.0498,0.0142,-3.1372,4.5545,0.1609,-1.7960,5.7249,0.0000,1,0.0972,0.0582,9.7017,0.0015
9.8301,IMM-UKF-LOS,smooth,0.500,10.00,0.050,0,0.600,1,6.5844,20.8409,14.2565,4.4167,0.3600,0.3600,0.0263,6.0000,9.9146,0.0024,4.4490,0.6165,-29.2505,-26.6832,-31.3628,-26.4776,-31.3628,-26.4776,-29.9171,-26.2394,-24.1432,-25.4973,-2.1123,0.2056,-2.1123,0.2056,-0.6666,0.4438,92,0.1300,92,0,0.9361,0.0498,0.0142,-3.0464,4.3918,0.0363,-1.7818,5.7293,0.0000,1,0.0972,0.0582,9.7017,0.0015
9.8401,IMM-UKF-LOS,smooth,0.500,10.00,0.050,0,0.600,1,6.5897,20.8838,14.2941,4.4457,0.3600,0.3600,0.0264,6.0000,9.9146,0.0025,4.8419,0.6164,-29.0782,-26.6469,-31.3628,-26.4776,-31.3628,-26.4776,-29.7904,-26.1489,-24.0613,-25.1610,-2.2846,0.1693,-2.2846,0.1693,-0.7122,0.4980,92,0.1400,92,0,0.9361,0.0498,0.0142,-2.9905,4.2973,-0.1350,-1.7676,5.7337,0.0000,1,0.0972,0.0582,9.7017,0.0015
9.8501,IMM-UKF-LOS,smooth,0.500,10.00,0.050,0,0.600,1,6.5940,20.9098,14.3157,4.4750,0.3600,0.3600,0.0265,6.0000,9.9146,0.0027,5.1471,0.6165,-28.9058,-26.5992,-31.3628,-26.4776,-31.3628,-26.4776,-29.6679,-26.0761,-23.9697,-24.9260,-2.4571,0.1216,-2.4571,0.1216,-0.7621,0.5231,92,0.1500,92,0,0.9361,0.0498,0.0142,-2.9962,4.3255,-0.2950,-1.7532,5.7381,0.0000,1,0.0972,0.0582,9.7017,0.0015
9.8601,IMM-UKF-LOS,smooth,0.500,10.00,0.050,0,0.600,1,6.5971,20.9282,14.3311,4.5048,0.3600,0.3600,0.0265,6.0000,9.9146,0.0031,5.2996,0.6166,-28.7334,-26.5510,-31.3628,-26.4776,-31.3628,-26.4776,-29.5487,-26.0506,-23.8719,-24.8891,-2.6294,0.0734,-2.6294,0.0734,-0.8153,0.5005,92,0.1600,92,0,0.9361,0.0498,0.0142,-3.0406,4.4323,-0.3581,-1.7388,5.7425,0.0000,1,0.0972,0.0582,9.7017,0.0015
9.8701,IMM-UKF-LOS,smooth,0.500,10.00,0.050,0,0.600,1,6.5991,20.9482,14.3491,4.5350,0.3600,0.3600,0.0266,6.0000,9.9146,0.0034,5.3872,0.6169,-28.5612,-26.5089,-31.3628,-26.4776,-31.3628,-26.4776,-29.4312,-26.0590,-23.7739,-24.9771,-2.8016,0.0312,-2.8016,0.0312,-0.8700,0.4499,92,0.1700,92,0,0.9361,0.0498,0.0142,-3.0896,4.5492,-0.3436,-1.7244,5.7469,0.0000,1,0.0972,0.0582,9.7017,0.0015
9.8801,IMM-UKF-LOS,smooth,0.500,10.00,0.050,0,0.600,1,6.6003,21.2547,14.6544,4.2878,0.3600,0.3600,0.0267,6.0000,10.0734,0.0017,2.2807,0.6170,-28.3891,-26.4756,-29.4220,-26.7018,-29.4220,-26.7018,-28.7664,-26.6529,-22.3003,-26.2815,-1.0329,-0.2262,-1.0329,-0.2262,-0.3773,-0.1773,93,0.0600,93,0,0.9374,0.0495,0.0131,-3.1341,4.6580,-0.2865,-1.7099,5.7512,0.0000,1,0.0972,0.0582,9.8216,0.0015
9.8901,IMM-UKF-LOS,smooth,0.500,10.00,0.050,0,0.600,1,6.6010,21.2878,14.6868,4.3151,0.3600,0.3600,0.0268,6.0000,10.0734,0.0019,2.5550,0.6172,-28.2168,-26.4527,-29.4220,-26.7018,-29.4220,-26.7018,-28.6278,-26.6700,-22.1842,-26.4393,-1.2052,-0.2491,-1.2052,-0.2491,-0.4111,-0.2173,93,0.0700,93,0,0.9374,0.0495,0.0131,-3.1737,4.7577,-0.2064,-1.6953,5.7555,0.0000,1,0.0972,0.0582,9.8216,0.0015
9.9001,IMM-UKF-LOS,smooth,0.500,10.00,0.050,0,0.600,1,6.6012,21.3207,14.7195,4.3427,0.3600,0.3600,0.0268,6.0000,10.0734,0.0021,2.8303,0.6173,-28.0443,-26.4406,-29.4220,-26.7018,-29.4220,-26.7018,-28.4904,-26.6948,-22.0695,-26.6134,-1.3777,-0.2612,-1.3777,-0.2612,-0.4461,-0.2542,93,0.0800,93,0,0.9374,0.0495,0.0131,-3.2096,4.8505,-0.1140,-1.6806,5.7598,0.0000,1,0.0972,0.0582,9.8216,0.0015
9.9101,IMM-UKF-LOS,smooth,0.500,10.00,0.050,0,0.600,1,6.6010,21.3535,14.7525,4.3706,0.3600,0.3600,0.0269,6.0000,10.0734,0.0023,3.1010,0.6173,-27.8716,-26.4397,-29.4220,-26.7018,-29.4220,-26.7018,-28.3542,-26.7268,-21.9557,-26.7973,-1.5504,-0.2621,-1.5504,-0.2621,-0.4826,-0.2871,93,0.0900,93,0,0.9374,0.0495,0.0131,-3.2430,4.9390,-0.0163,-1.6659,5.7641,0.0000,1,0.0972,0.0582,9.8216,0.0015
9.9201,IMM-UKF-LOS,smooth,0.500,10.00,0.050,0,0.600,1,6.6005,21.3857,14.7852,4.3987,0.3600,0.3600,0.0270,6.0000,10.0734,0.0025,3.3639,0.6173,-27.6986,-26.4499,-29.4220,-26.7018,-29.4220,-26.7018,-28.2191,-26.7655,-21.8425,-26.9865,-1.7234,-0.2518,-1.7234,-0.2518,-0.5206,-0.3155,93,0.1000,93,0,0.9374,0.0495,0.0131,-3.2753,5.0260,0.0818,-1.6511,5.7683,0.0000,1,0.0918,0.0499,9.8216,0.0017
9.9301,IMM-UKF-LOS,smooth,0.500,10.00,0.050,0,0.600,1,6.5996,21.4169,14.8174,4.4272,0.3600,0.3600,0.0270,6.0000,10.0734,0.0026,3.6161,0.6172,-27.5252,-26.4710,-29.4220,-26.7018,-29.4220,-26.7018,-28.0853,-26.8097,-21.7298,-27.1765,-1.8968,-0.2308,-1.8968,-0.2308,-0.5601,-0.3387,93,0.1100,93,0,0.9374,0.0495,0.0131,-3.3078,5.1145,0.1753,-1.6362,5.7726,0.0000,1,0.0918,0.0499,9.8216,0.0017
9.9401,IMM-UKF-LOS,smooth,0.500,10.00,0.050,0,0.600,1,6.5982,21.4464,14.8482,4.4559,0.3600,0.3600,0.0271,6.0000,10.0734,0.0028,3.8555,0.6171,-27.3514,-26.5022,-29.4220,-26.7018,-29.4220,-26.7018,-27.9526,-26.8582,-21.6171,-27.3616,-2.0706,-0.1996,-2.0706,-0.1996,-0.6013,-0.3559,93,0.1200,93,0,0.9374,0.0495,0.0131,-3.3419,5.2072,0.2584,-1.6213,5.7768,0.0000,1,0.0918,0.0499,9.8216,0.0017
9.9501,IMM-UKF-LOS,smooth,0.500,10.00,0.050,0,0.600,1,6.5961,21.4730,14.8769,4.4850,0.3600,0.3600,0.0272,6.0000,10.0734,0.0029,4.0779,0.6169,-27.1772,-26.5424,-29.4220,-26.7018,-29.4220,-26.7018,-27.8214,-26.9079,-21.5042,-27.5312,-2.2448,-0.1593,-2.2448,-0.1593,-0.6442,-0.3655,93,0.1300,93,0,0.9374,0.0495,0.0131,-3.3789,5.3069,0.3222,-1.6063,5.7810,0.0000,1,0.0918,0.0499,9.8216,0.0017
9.9601,IMM-UKF-LOS,smooth,0.500,10.00,0.050,0,0.600,1,6.5932,21.4951,14.9019,4.5144,0.3600,0.3600,0.0272,6.0000,10.0734,0.0031,4.2746,0.6167,-27.0025,-26.5893,-29.4220,-26.7018,-29.4220,-26.7018,-27.6915,-26.9528,-21.3909,-27.6632,-2.4195,-0.1125,-2.4195,-0.1125,-0.6890,-0.3635,93,0.1400,93,0,0.9374,0.0495,0.0131,-3.4192,5.4148,0.3506,-1.5913,5.7851,0.0000,1,0.0918,0.0499,9.8216,0.0017
9.9701,IMM-UKF-LOS,smooth,0.500,10.00,0.050,0,0.600,1,6.5892,21.7033,15.1141,4.2126,0.3600,0.3600,0.0273,6.0000,10.4173,0.0009,1.9902,0.6167,-26.8274,-26.6375,-27.6986,-26.4499,-27.6986,-26.4499,-27.1833,-26.5405,-20.3313,-26.6589,-0.8712,0.1875,-0.8712,0.1875,-0.3559,0.0970,94,0.0500,94,0,0.9266,0.0567,0.0167,-3.4583,5.5213,0.3121,-1.5762,5.7893,0.0000,1,0.0918,0.0499,9.9218,0.0017
9.9801,IMM-UKF-LOS,smooth,0.500,10.00,0.050,0,0.600,1,6.5840,21.7299,15.1458,4.2394,0.3600,0.3600,0.0274,6.0000,10.4173,0.0009,2.2434,0.6168,-26.6514,-26.6764,-27.6986,-26.4499,-27.6986,-26.4499,-27.0376,-26.5302,-20.2129,-26.5138,-1.0471,0.2264,-1.0471,0.2264,-0.3862,0.1462,94,0.0600,94,0,0.9266,0.0567,0.0167,-3.4704,5.5693,0.1691,-1.5610,5.7934,0.0000,1,0.0918,0.0499,9.9218,0.0017
9.9901,IMM-UKF-LOS,smooth,0.500,10.00,0.050,0,0.600,1,6.5790,21.7623,15.1833,4.2664,0.3600,0.3600,0.0274,6.0000,10.4173,0.0009,2.5370,0.6171,-26.4740,-26.6975,-27.6986,-26.4499,-27.6986,-26.4499,-26.8917,-26.4966,-20.1113,-26.2290,-1.2246,0.2475,-1.2246,0.2475,-0.4177,0.2008,94,0.0700,94,0,0.9266,0.0567,0.0167,-3.4224,5.4839,-0.0096,-1.5457,5.7975,0.0000,1,0.0918,0.0499,9.9218,0.0017
10.0001,IMM-UKF-LOS,smooth,0.500,10.00,0.050,0,0.600,1,6.5751,21.8029,15.2278,4.2937,0.3600,0.3600,0.0275,6.0000,10.4173,0.0010,2.8310,0.6174,-26.2949,-26.7009,-27.6986,-26.4499,-27.6986,-26.4499,-26.7455,-26.4529,-20.0209,-25.9404,-1.4037,0.2510,-1.4037,0.2510,-0.4506,0.2481,94,0.0800,94,0,0.9266,0.0567,0.0167,-3.3381,5.3165,-0.1408,-1.5304,5.8015,0.0000,1,0.0918,0.0499,9.9218,0.0017
10.0101,IMM-UKF-LOS,smooth,0.500,10.00,0.050,0,0.600,1,6.5728,21.8505,15.2777,4.3212,0.3600,0.3600,0.0276,6.0000,10.4173,0.0013,3.1035,0.6177,-26.1141,-26.6893,-27.6986,-26.4499,-27.6986,-26.4499,-26.5995,-26.4054,-19.9359,-25.6872,-1.5845,0.2393,-1.5845,0.2393,-0.4854,0.2839,94,0.0900,94,0,0.9266,0.0567,0.0167,-3.2400,5.1170,-0.2219,-1.5151,5.8056,0.0000,1,0.0918,0.0499,9.9218,0.0017
10.0201,IMM-UKF-LOS,smooth,0.500,10.00,0.050,0,0.600,1,6.5725,21.9046,15.3321,4.3491,0.3600,0.3600,0.0276,6.0000,10.4173,0.0015,3.3477,0.6179,-25.9316,-26.6652,-27.6986,-26.4499,-27.6986,-26.4499,-26.4537,-26.3573,-19.8540,-25.4755,-1.7670,0.2153,-1.7670,0.2153,-0.5221,0.3079,94,0.1000,94,0,0.9266,0.0567,0.0167,-3.1373,4.9053,-0.2606,-1.4996,5.8096,0.0000,1,0.0902,0.0425,9.9218,0.0018
10.0301,IMM-UKF-LOS,smooth,0.500,10.00,0.050,0,0.600,1,6.5743,21.9648,15.3905,4.3773,0.3600,0.3600,0.0277,6.0000,10.4173,0.0018,3.5615,0.6181,-25.7476,-26.6319,-27.6986,-26.4499,-27.6986,-26.4499,-26.3085,-26.3120,-19.7741,-25.3119,-1.9509,0.1820,-1.9509,0.1820,-0.5609,0.3199,94,0.1100,94,0,0.9266,0.0567,0.0167,-3.0342,4.6912,-0.2588,-1.4841,5.8135,0.0000,1,0.0902,0.0425,9.9218,0.0018
10.0401,IMM-UKF-LOS,smooth,0.500,10.00,0.050,0,0.600,1,6.5784,22.0311,15.4526,4.4058,0.3600,0.3600,0.0278,6.0000,10.4173,0.0021,3.7410,0.6181,-25.5624,-26.5935,-27.6986,-26.4499,-27.6986,-26.4499,-26.1640,-26.2760,-19.6948,-25.2155,-2.1362,0.1435,-2.1362,0.1435,-0.6017,0.3174,94,0.1200,94,0,0.9266,0.0567,0.0167,-2.9351,4.4849,-0.2084,-1.4686,5.8175,0.0000,1,0.0902,0.0425,9.9218,0.0018
10.0501,IMM-UKF-LOS,smooth,0.500,10.00,0.050,0,0.600,1,6.5848,22.1011,15.5163,4.4347,0.3600,0.3600,0.0279,6.0000,10.4173,0.0024,3.8708,0.6178,-25.3761,-26.5575,-27.6986,-26.4499,-27.6986,-26.4499,-26.0210,-26.2658,-19.6126,-25.2445,-2.3224,0.1075,-2.3224,0.1075,-0.6449,0.2916,94,0.1300,94,0,0.9266,0.0567,0.0167,-2.8540,4.3187,-0.0839,-1.4529,5.8214,0.0000,1,0.0902,0.0425,9.9218,0.0018
10.0601,IMM-UKF-LOS,smooth,0.500,10.00,0.050,0,0.600,1,6.5921,22.1570,15.5649,4.4640,0.3600,0.3600,0.0280,6.0000,10.4173,0.0027,3.9649,0.6175,-25.1897,-26.5348,-27.6986,-26.4499,-27.6986,-26.4499,-25.8823,-26.3014,-19.5145,-25.4556,-2.5089,0.0848,-2.5089,0.0848,-0.6926,0.2334,94,0.1400,94,0,0.9266,0.0567,0.0167,-2.8420,4.3147,0.0919,-1.4372,5.8253,0.0000,1,0.0902,0.0425,9.9218,0.0018
10.0701,IMM-UKF-LOS,smooth,0.500,10.00,0.050,0,0.600,1,6.5988,22.1613,15.5626,4.2909,0.3600,0.3600,0.0281,6.0000,10.4480,0.0018,2.0595,0.6170,-25.0035,-26.5228,-25.9316,-26.6652,-25.9316,-26.6652,-25.3801,-26.5940,-18.3598,-26.3590,-0.9281,-0.1424,-0.9281,-0.1424,-0.3766,-0.0712,95,0.0500,95,0,0.9230,0.0596,0.0174,-2.8748,4.4174,0.1770,-1.4215,5.8292,0.0000,1,0.0902,0.0425,10.0219,0.0018
10.0801,IMM-UKF-LOS,smooth,0.500,10.00,0.050,0,0.600,1,6.6045,22.1998,15.5952,4.3180,0.3600,0.3600,0.0281,6.0000,10.4480,0.0023,2.2554,0.6166,-24.8177,-26.5180,-25.9316,-26.6652,-25.9316,-26.6652,-25.2277,-26.6051,-18.2337,-26.4612,-1.1139,-0.1473,-1.1139,-0.1473,-0.4101,-0.0871,95,0.0600,95,0,0.9230,0.0596,0.0174,-2.9141,4.5365,0.2085,-1.4057,5.8330,0.0000,1,0.0902,0.0425,10.0219,0.0018
10.0901,IMM-UKF-LOS,smooth,0.500,10.00,0.050,0,0.600,1,6.6092,22.2354,15.6262,4.3455,0.3600,0.3600,0.0282,6.0000,10.4480,0.0027,2.4515,0.6162,-24.6320,-26.5183,-25.9316,-26.6652,-25.9316,-26.6652,-25.0769,-26.6162,-18.1078,-26.5356,-1.2996,-0.1470,-1.2996,-0.1470,-0.4449,-0.0979,95,0.0700,95,0,0.9230,0.0596,0.0174,-2.9535,4.6574,0.2125,-1.3898,5.8368,0.0000,1,0.0902,0.0425,10.0219,0.0018
10.1001,IMM-UKF-LOS,smooth,0.500,10.00,0.050,0,0.600,1,6.6128,22.2685,15.6558,4.3732,0.3600,0.3600,0.0283,6.0000,10.4480,0.0032,2.6488,0.6159,-24.4464,-26.5223,-25.9316,-26.6652,-25.9316,-26.6652,-24.9274,-26.6271,-17.9824,-26.5919,-1.4852,-0.1429,-1.4852,-0.1429,-0.4810,-0.1048,95,0.0800,95,0,0.9230,0.0596,0.0174,-2.9920,4.7772,0.2000,-1.3739,5.8406,0.0000,1,0.0902,0.0425,10.0219,0.0018
10.1101,IMM-UKF-LOS,smooth,0.500,10.00,0.050,0,0.600,1,6.6151,22.2992,15.6840,4.4012,0.3600,0.3600,0.0284,6.0000,10.4480,0.0035,2.8487,0.6157,-24.2608,-26.5291,-25.9316,-26.6652,-25.9316,-26.6652,-24.7793,-26.6375,-17.8577,-26.6349,-1.6708,-0.1361,-1.6708,-0.1361,-0.5185,-0.1084,95,0.0900,95,0,0.9230,0.0596,0.0174,-3.0292,4.8950,0.1761,-1.3579,5.8443,0.0000,1,0.0902,0.0425,10.0219,0.0018
10.1201,IMM-UKF-LOS,smooth,0.500,10.00,0.050,0,0.600,1,6.6163,22.3273,15.7110,4.4296,0.3600,0.3600,0.0284,6.0000,10.4480,0.0038,3.0525,0.6155,-24.0753,-26.5380,-25.9316,-26.6652,-25.9316,-26.6652,-24.6326,-26.6474,-17.7337,-26.6675,-1.8563,-0.1272,-1.8563,-0.1272,-0.5574,-0.1094,95,0.1000,95,0,0.9230,0.0596,0.0174,-3.0651,5.0107,0.1439,-1.3418,5.8480,0.0000,1,0.0990,0.0408,10.0219,0.0002
10.1301,IMM-UKF-LOS,smooth,0.500,10.00,0.050,0,0.600,1,6.6163,22.3531,15.7368,4.4582,0.3600,0.3600,0.0285,6.0000,10.4480,0.0039,3.2617,0.6154,-23.8896,-26.5483,-25.9316,-26.6652,-25.9316,-26.6652,-24.4872,-26.6564,-17.6104,-26.6915,-2.0420,-0.1169,-2.0420,-0.1169,-0.5977,-0.1081,95,0.1100,95,0,0.9230,0.0596,0.0174,-3.0996,5.1242,0.1052,-1.3257,5.8517,0.0000,1,0.0990,0.0408,10.0219,0.0002
10.1401,IMM-UKF-LOS,smooth,0.500,10.00,0.050,0,0.600,1,6.6151,22.3765,15.7615,4.4872,0.3600,0.3600,0.0286,6.0000,10.4480,0.0041,3.4776,0.6154,-23.7036,-26.5596,-25.9316,-26.6652,-25.9316,-26.6652,-24.3431,-26.6645,-17.4878,-26.7079,-2.2280,-0.1056,-2.2280,-0.1056,-0.6395,-0.1048,95,0.1200,95,0,0.9230,0.0596,0.0174,-3.1327,5.2356,0.0613,-1.3095,5.8554,0.0000,1,0.0990,0.0408,10.0219,0.0002
10.1501,IMM-UKF-LOS,smooth,0.500,10.00,0.050,0,0.600,1,6.6126,22.3977,15.7850,4.5165,0.3600,0.3600,0.0287,6.0000,10.4480,0.0042,3.7011,0.6155,-23.5174,-26.5714,-25.9316,-26.6652,-25.9316,-26.6652,-24.2004,-26.6713,-17.3660,-26.7175,-2.4142,-0.0938,-2.4142,-0.0938,-0.6829,-0.0999,95,0.1300,95,0,0.9230,0.0596,0.0174,-3.1646,5.3449,0.0130,-1.2933,5.8590,0.0000,1,0.0990,0.0408,10.0219,0.0002
10.1601,IMM-UKF-LOS,smooth,0.500,10.00,0.050,0,0.600,1,6.6090,22.4165,15.8075,4.5461,0.3600,0.3600,0.0287,6.0000,10.4480,0.0042,3.9333,0.6157,-23.3308,-26.5833,-25.9316,-26.6652,-25.9316,-26.6652,-24.0588,-26.6769,-17.2449,-26.7207,-2.6008,-0.0819,-2.6008,-0.0819,-0.7280,-0.0936,95,0.1400,95,0,0.9230,0.0596,0.0174,-3.1952,5.4521,-0.0391,-1.2770,5.8625,0.0000,1,0.0990,0.0408,10.0219,0.0002
10.1701,IMM-UKF-LOS,smooth,0.500,10.00,0.050,0,0.600,1,6.6042,22.1681,15.5638,4.4231,0.3600,0.3600,0.0288,6.0000,10.4599,0.0009,1.9443,0.6160,-23.1438,-26.5950,-24.0753,-26.5380,-24.0753,-26.5380,-23.5015,-26.5378,-15.9976,-26.2704,-0.9314,0.0570,-0.9314,0.0570,-0.3577,0.0572,96,0.0500,96,0,0.9196,0.0625,0.0179,-3.2245,5.5574,-0.0946,-1.2606,5.8661,0.0000,1,0.0990,0.0408,10.1204,0.0002
10.1801,IMM-UKF-LOS,smooth,0.500,10.00,0.050,0,0.600,1,6.5982,22.1916,15.5934,4.4510,0.3600,0.3600,0.0289,6.0000,10.4599,0.0013,2.1112,0.6164,-22.9563,-26.6062,-24.0753,-26.5380,-24.0753,-26.5380,-23.3428,-26.5354,-15.8610,-26.2545,-1.1190,0.0682,-1.1190,0.0682,-0.3865,0.0708,96,0.0600,96,0,0.9196,0.0625,0.0179,-3.2525,5.6605,-0.1533,-1.2442,5.8696,0.0000,1,0.0990,0.0408,10.1204,0.0002
10.1901,IMM-UKF-LOS,smooth,0.500,10.00,0.050,0,0.600,1,6.5911,22.2130,15.6219,4.4791,0.3600,0.3600,0.0289,6.0000,10.4599,0.0017,2.2893,0.6170,-22.7682,-26.6165,-24.0753,-26.5380,-24.0753,-26.5380,-23.1854,-26.5317,-15.7251,-26.2322,-1.3071,0.0785,-1.3071,0.0785,-0.4172,0.0848,96,0.0700,96,0,0.9196,0.0625,0.0179,-3.2793,5.7614,-0.2157,-1.2277,5.8731,0.0000,1,0.0990,0.0408,10.1204,0.0002
10.2001,IMM-UKF-LOS,smooth,0.500,10.00,0.050,0,0.600,1,6.5827,22.2321,15.6494,4.5075,0.3600,0.3600,0.0290,6.0000,10.4599,0.0023,2.4789,0.6176,-22.5794,-26.6252,-24.0753,-26.5380,-24.0753,-26.5380,-23.0292,-26.5260,-15.5901,-26.1999,-1.4959,0.0872,-1.4959,0.0872,-0.4498,0.0992,96,0.0800,96,0,0.9196,0.0625,0.0179,-3.3043,5.8591,-0.2837,-1.2112,5.8765,0.0000,1,0.0990,0.0408,10.1204,0.0002
10.2101,IMM-UKF-LOS,smooth,0.500,10.00,0.050,0,0.600,1,6.5735,22.2514,15.6780,4.5363,0.3600,0.3600,0.0291,6.0000,10.4599,0.0031,2.7000,0.6183,-22.3896,-26.6234,-24.0753,-26.5380,-24.0753,-26.5380,-22.8734,-26.4951,-15.4648,-26.0181,-1.6856,0.0854,-1.6856,0.0854,-0.4838,0.1282,96,0.0900,96,0,0.9196,0.0625,0.0179,-3.3046,5.8903,-0.4333,-1.1946,5.8799,0.0000,1,0.0990,0.0408,10.1204,0.0002
10.2201,IMM-UKF-LOS,smooth,0.500,10.00,0.050,0,0.600,1,6.5667,22.3024,15.7357,4.5653,0.3600,0.3600,0.0292,6.0000,10.4599,0.0037,2.8883,0.6190,-22.1979,-26.6186,-24.0753,-26.5380,-24.0753,-26.5380,-22.7153,-26.4812,-15.3746,-25.9660,-1.8773,0.0806,-1.8773,0.0806,-0.5174,0.1375,96,0.1000,96,0,0.9196,0.0625,0.0179,-3.2156,5.6782,-0.3528,-1.1779,5.8832,0.0000,1,0.0812,0.0580,10.1204,0.0016
10.2301,IMM-UKF-LOS,smooth,0.500,10.00,0.050,0,0.600,1,6.5623,22.3580,15.7957,4.5946,0.3600,0.3600,0.0292,6.0000,10.4599,0.0041,3.0848,0.6194,-22.0045,-26.6117,-24.0753,-26.5380,-24.0753,-26.5380,-22.5579,-26.4675,-15.2857,-25.9235,-2.0708,0.0737,-2.0708,0.0737,-0.5534,0.1442,96,0.1100,96,0,0.9196,0.0625,0.0179,-3.1290,5.4709,-0.2669,-1.1612,5.8866,0.0000,1,0.0812,0.0580,10.1204,0.0016
10.2401,IMM-UKF-LOS,smooth,0.500,10.00,0.050,0,0.600,1,6.5604,22.4183,15.8580,4.6243,0.3600,0.3600,0.0293,6.0000,10.4599,0.0044,3.2901,0.6196,-21.8094,-26.6029,-24.0753,-26.5380,-24.0753,-26.5380,-22.4012,-26.4543,-15.1981,-25.8886,-2.2659,0.0649,-2.2659,0.0649,-0.5918,0.1487,96,0.1200,96,0,0.9196,0.0625,0.0179,-3.0447,5.2678,-0.1772,-1.1444,5.8898,0.0000,1,0.0812,0.0580,10.1204,0.0016
10.2501,IMM-UKF-LOS,smooth,0.500,10.00,0.050,0,0.600,1,6.5608,22.4831,15.9223,4.6542,0.3600,0.3600,0.0294,6.0000,10.4599,0.0046,3.5036,0.6197,-21.6129,-26.5930,-24.0753,-26.5380,-24.0753,-26.5380,-22.2453,-26.4421,-15.1117,-25.8625,-2.4623,0.0550,-2.4623,0.0550,-0.6324,0.1510,96,0.1300,96,0,0.9196,0.0625,0.0179,-2.9626,5.0694,-0.0833,-1.1276,5.8931,0.0000,1,0.0812,0.0580,10.1204,0.0016
10.2601,IMM-UKF-LOS,smooth,0.500,10.00,0.050,0,0.600,1,6.5635,22.5523,15.9888,4.6845,0.3600,0.3600,0.0295,6.0000,10.4599,0.0046,3.7248,0.6196,-21.4152,-26.5826,-24.0753,-26.5380,-24.0753,-26.5380,-22.0903,-26.4320,-15.0262,-25.8481,-2.6601,0.0446,-2.6601,0.0446,-0.6751,0.1506,96,0.1400,96,0,0.9196,0.0625,0.0179,-2.8833,4.8768,0.0164,-1.1107,5.8963,0.0000,1,0.0812,0.0580,10.1204,0.0016
10.2701,IMM-UKF-LOS,smooth,0.500,10.00,0.050,0,0.600,1,6.5686,22.6256,16.0570,4.7152,0.3600,0.3600,0.0296,6.0000,10.4599,0.0044,3.9528,0.6192,-21.2164,-26.5727,-24.0753,-26.5380,-24.0753,-26.5380,-21.9363,-26.4262,-14.9413,-25.8517,-2.8589,0.0347,-2.8589,0.0347,-0.7199,0.1465,96,0.1500,96,0,0.9196,0.0625,0.0179,-2.8074,4.6925,0.1250,-1.0938,5.8995,0.0000,1,0.0812,0.0580,10.1204,0.0016
10.2801,IMM-UKF-LOS,smooth,0.500,10.00,0.050,0,0.600,1,6.5758,22.1582,15.5824,4.6046,0.3600,0.3600,0.0297,6.0000,10.2913,0.0016,2.2224,0.6187,-21.0167,-26.5652,-22.1979,-26.6186,-22.1979,-26.6186,-21.4320,-26.5722,-13.8261,-26.2118,-1.1812,-0.0534,-1.1812,-0.0534,-0.4153,-0.0070,97,0.0600,97,0,0.9188,0.0642,0.0171,-2.7375,4.5233,0.2490,-1.0768,5.9026,0.0000,1,0.0812,0.0580,10.2217,0.0016
10.2901,IMM-UKF-LOS,smooth,0.500,10.00,0.050,0,0.600,1,6.5851,22.2124,15.6273,4.6334,0.3600,0.3600,0.0298,6.0000,10.2913,0.0022,2.4075,0.6180,-20.8164,-26.5645,-22.1979,-26.6186,-22.1979,-26.6186,-21.2660,-26.5825,-13.7235,-26.3090,-1.3815,-0.0542,-1.3815,-0.0542,-0.4495,-0.0181,97,0.0700,97,0,0.9188,0.0642,0.0171,-2.6829,4.3980,0.4055,-1.0597,5.9057,0.0000,1,0.0812,0.0580,10.2217,0.0016
10.3001,IMM-UKF-LOS,smooth,0.500,10.00,0.050,0,0.600,1,6.5943,22.2553,15.6610,4.6624,0.3600,0.3600,0.0299,6.0000,10.2913,0.0030,2.6108,0.6171,-20.6165,-26.5764,-22.1979,-26.6186,-22.1979,-26.6186,-21.1030,-26.6106,-13.5962,-26.5005,-1.5815,-0.0422,-1.5815,-0.0422,-0.4866,-0.0342,97,0.0800,97,0,0.9188,0.0642,0.0171,-2.6938,4.4664,0.5368,-1.0426,5.9087,0.0000,1,0.0812,0.0580,10.2217,0.0016
10.3101,IMM-UKF-LOS,smooth,0.500,10.00,0.050,0,0.600,1,6.6024,22.2878,15.6854,4.6918,0.3600,0.3600,0.0300,6.0000,10.2913,0.0038,2.8156,0.6163,-20.4169,-26.5920,-22.1979,-26.6186,-22.1979,-26.6186,-20.9422,-26.6222,-13.4618,-26.5543,-1.7810,-0.0267,-1.7810,-0.0267,-0.5253,-0.0303,97,0.0900,97,0,0.9188,0.0642,0.0171,-2.7235,4.5923,0.5207,-1.0255,5.9117,0.0000,1,0.1121,0.0410,10.2217,-0.0014
10.3201,IMM-UKF-LOS,smooth,0.500,10.00,0.050,0,0.600,1,6.6091,22.3169,15.7078,4.7214,0.3600,0.3600,0.0301,6.0000,10.2913,0.0045,3.0248,0.6156,-20.2177,-26.6076,-22.1979,-26.6186,-22.1979,-26.6186,-20.7828,-26.6257,-13.3289,-26.5544,-1.9803,-0.0111,-1.9803,-0.0111,-0.5652,-0.0181,97,0.1000,97,0,0.9188,0.0642,0.0171,-2.7500,4.7103,0.4642,-1.0083,5.9147,0.0000,1,0.1121,0.0410,10.2217,-0.0014
10.3301,IMM-UKF-LOS,smooth,0.500,10.00,0.050,0,0.600,1,6.6146,22.3435,15.7288,4.7514,0.3600,0.3600,0.0301,6.0000,10.2913,0.0051,3.2425,0.6151,-20.0186,-26.6218,-22.1979,-26.6186,-22.1979,-26.6186,-20.6249,-26.6245,-13.1973,-26.5304,-2.1793,0.0032,-2.1793,0.0032,-0.6063,-0.0027,97,0.1100,97,0,0.9188,0.0642,0.0171,-2.7740,4.8220,0.3922,-0.9910,5.9176,0.0000,1,0.1121,0.0410,10.2217,-0.0014
10.3401,IMM-UKF-LOS,smooth,0.500,10.00,0.050,0,0.600,1,6.6188,22.3676,15.7487,4.7816,0.3600,0.3600,0.0302,6.0000,10.2913,0.0056,3.4700,0.6146,-19.8197,-26.6339,-22.1979,-26.6186,-22.1979,-26.6186,-20.4683,-26.6197,-13.0669,-26.4927,-2.3782,0.0153,-2.3782,0.0153,-0.6486,0.0142,97,0.1200,97,0,0.9188,0.0642,0.0171,-2.7961,4.9292,0.3125,-0.9737,5.9205,0.0000,1,0.1121,0.0410,10.2217,-0.0014
10.3501,IMM-UKF-LOS,smooth,0.500,10.00,0.050,0,0.600,1,6.6217,22.3893,15.7676,4.8122,0.3600,0.3600,0.0303,6.0000,10.2913,0.0060,3.7076,0.6143,-19.6208,-26.6434,-22.1979,-26.6186,-22.1979,-26.6186,-20.3132,-26.6118,-12.9375,-26.4459,-2.5771,0.0248,-2.5771,0.0248,-0.6924,0.0317,97,0.1300,97,0,0.9188,0.0642,0.0171,-2.8168,5.0333,0.2286,-0.9563,5.9233,0.0000,1,0.1121,0.0410,10.2217,-0.0014
10.3601,IMM-UKF-LOS,smooth,0.500,10.00,0.050,0,0.600,1,6.6234,22.0446,15.4212,4.7430,0.3600,0.3600,0.0304,6.0000,10.2244,0.0026,1.8437,0.6142,-19.4219,-26.6501,-20.4169,-26.5920,-20.4169,-26.5920,-19.7547,-26.5699,-11.6899,-26.1984,-0.9950,0.0581,-0.9950,0.0581,-0.3328,0.0802,98,0.0500,98,0,0.9086,0.0707,0.0207,-2.8362,5.1350,0.1425,-0.9389,5.9261,0.0000,1,0.1121,0.0410,10.3087,-0.0014
10.3701,IMM-UKF-LOS,smooth,0.500,10.00,0.050,0,0.600,1,6.6238,22.0697,15.4459,4.7724,0.3600,0.3600,0.0305,6.0000,10.2244,0.0028,2.0047,0.6141,-19.2229,-26.6537,-20.4169,-26.5920,-20.4169,-26.5920,-19.5831,-26.5614,-11.5451,-26.1422,-1.1940,0.0618,-1.1940,0.0618,-0.3603,0.0923,98,0.0600,98,0,0.9086,0.0707,0.0207,-2.8547,5.2348,0.0553,-0.9214,5.9288,0.0000,1,0.1121,0.0410,10.3087,-0.0014
10.3801,IMM-UKF-LOS,smooth,0.500,10.00,0.050,0,0.600,1,6.6229,22.0924,15.4695,4.8020,0.3600,0.3600,0.0306,6.0000,10.2244,0.0029,2.1725,0.6142,-19.0237,-26.6543,-20.4169,-26.5920,-20.4169,-26.5920,-19.4130,-26.5508,-11.4010,-26.0831,-1.3932,0.0624,-1.3932,0.0624,-0.3893,0.1035,98,0.0700,98,0,0.9086,0.0707,0.0207,-2.8723,5.3333,-0.0320,-0.9038,5.9315,0.0000,1,0.1121,0.0410,10.3087,-0.0014
10.3901,IMM-UKF-LOS,smooth,0.500,10.00,0.050,0,0.600,1,6.6208,22.1129,15.4921,4.8319,0.3600,0.3600,0.0306,6.0000,10.2244,0.0028,2.3468,0.6143,-18.8242,-26.6519,-20.4169,-26.5920,-20.4169,-26.5920,-19.2442,-26.5384,-11.2575,-26.0223,-1.5927,0.0599,-1.5927,0.0599,-0.4199,0.1135,98,0.0800,98,0,0.9086,0.0707,0.0207,-2.8892,5.4308,-0.1186,-0.8862,5.9342,0.0000,1,0.1121,0.0410,10.3087,-0.0014
10.4001,IMM-UKF-LOS,smooth,0.500,10.00,0.050,0,0.600,1,6.6175,22.1312,15.5137,4.8620,0.3600,0.3600,0.0307,6.0000,10.2244,0.0027,2.5277,0.6147,-18.6245,-26.6464,-20.4169,-26.5920,-20.4169,-26.5920,-19.0767,-26.5242,-11.1147,-25.9610,-1.7924,0.0545,-1.7924,0.0545,-0.4523,0.1222,98,0.0900,98,0,0.9086,0.0707,0.0207,-2.9055,5.5279,-0.2037,-0.8686,5.9368,0.0000,1,0.1121,0.0410,10.3087,-0.0014
10.4101,IMM-UKF-LOS,smooth,0.500,10.00,0.050,0,0.600,1,6.6130,22.1472,15.5342,4.8925,0.3600,0.3600,0.0308,6.0000,10.2244,0.0026,2.7150,0.6151,-18.4243,-26.6382,-20.4169,-26.5920,-20.4169,-26.5920,-18.9107,-26.5088,-10.9723,-25.9009,-1.9925,0.0463,-1.9925,0.0463,-0.4863,0.1295,98,0.1000,98,0,0.9086,0.0707,0.0207,-2.9214,5.6250,-0.2863,-0.8509,5.9394,0.0000,1,0.1121,0.0410,10.3087,-0.0014
10.4201,IMM-UKF-LOS,smooth,0.500,10.00,0.050,0,0.600,1,6.6074,22.1610,15.5537,4.9233,0.3600,0.3600,0.0309,6.0000,10.2244,0.0026,2.9085,0.6157,-18.2238,-26.6275,-20.4169,-26.5920,-20.4169,-26.5920,-18.7460,-26.4926,-10.8304,-25.8446,-2.1931,0.0356,-2.1931,0.0356,-0.5222,0.1349,98,0.1100,98,0,0.9086,0.0707,0.0207,-2.9370,5.7228,-0.3650,-0.8332,5.9419,0.0000,1,0.1121,0.0410,10.3087,-0.0014
10.4301,IMM-UKF-LOS,smooth,0.500,10.00,0.050,0,0.600,1,6.6005,22.1727,15.5722,4.9543,0.3600,0.3600,0.0310,6.0000,10.2244,0.0026,3.1080,0.6164,-18.0228,-26.6149,-20.4169,-26.5920,-20.4169,-26.5920,-18.5827,-26.4769,-10.6887,-25.7964,-2.3941,0.0229,-2.3941,0.0229,-0.5599,0.1380,98,0.1200,98,0,0.9086,0.0707,0.0207,-2.9527,5.8223,-0.4374,-0.8154,5.9443,0.0000,1,0.1170,0.0432,10.3087,0.0007
10.4401,IMM-UKF-LOS,smooth,0.500,10.00,0.050,0,0.600,1,6.5925,22.1824,15.5899,4.9857,0.3600,0.3600,0.0310,6.0000,10.2244,0.0028,3.3123,0.6171,-17.8212,-26.6014,-20.4169,-26.5920,-20.4169,-26.5920,-18.4208,-26.4642,-10.5469,-25.7654,-2.5956,0.0094,-2.5956,0.0094,-0.5995,0.1372,98,0.1300,98,0,0.9086,0.0707,0.0207,-2.9690,5.9256,-0.4981,-0.7975,5.9468,0.0000,1,0.1170,0.0432,10.3087,0.0007
10.4501,IMM-UKF-LOS,smooth,0.500,10.00,0.050,0,0.600,1,6.5834,22.1907,15.6074,5.0174,0.3600,0.3600,0.0311,6.0000,10.2244,0.0032,3.5166,0.6180,-17.6191,-26.5896,-20.4169,-26.5920,-20.4169,-26.5920,-18.2603,-26.4615,-10.4044,-25.7800,-2.7978,-0.0024,-2.7978,-0.0024,-0.6412,0.1280,98,0.1400,98,0,0.9086,0.0707,0.0207,-2.9869,6.0360,-0.5295,-0.7796,5.9491,0.0000,1,0.1170,0.0432,10.3087,0.0007
10.4601,IMM-UKF-LOS,smooth,0.500,10.00,0.050,0,0.600,1,6.5741,22.2107,15.6367,5.0495,0.3600,0.3600,0.0312,6.0000,10.2244,0.0037,3.6978,0.6188,-17.4163,-26.5893,-20.4169,-26.5920,-20.4169,-26.5920,-18.1006,-26.5040,-10.2673,-25.9763,-3.0006,-0.0027,-3.0006,-0.0027,-0.6843,0.0853,98,0.1500,98,0,0.9086,0.0707,0.0207,-2.9959,6.1166,-0.4192,-0.7617,5.9515,0.0000,1,0.1170,0.0432,10.3087,0.0007
10.4701,IMM-UKF-LOS,smooth,0.500,10.00,0.050,0,0.600,1,6.5670,22.2691,15.7021,5.0819,0.3600,0.3600,0.0313,6.0000,10.2244,0.0042,3.9026,0.6193,-17.2118,-26.5944,-20.4169,-26.5920,-20.4169,-26.5920,-17.9368,-26.5239,-10.1700,-26.0698,-3.2051,0.0024,-3.2051,0.0024,-0.7250,0.0705,98,0.1600,98,0,0.9086,0.0707,0.0207,-2.9399,5.9600,-0.2646,-0.7437,5.9537,0.0000,1,0.1170,0.0432,10.3087,0.0007
10.4801,IMM-UKF-LOS,smooth,0.500,10.00,0.050,0,0.600,1,6.5623,21.7477,15.1854,4.8798,0.3600,0.3600,0.0314,6.0000,9.9608,0.0034,2.1743,0.6197,-17.0057,-26.6009,-18.0228,-26.6149,-18.0228,-26.6149,-17.4121,-26.5960,-9.0186,-26.3628,-1.0171,-0.0140,-1.0171,-0.0140,-0.4064,0.0049,99,0.0500,99,0,0.9245,0.0625,0.0129,-2.8753,5.7693,-0.1438,-0.7257,5.9560,0.0000,1,0.1170,0.0432,10.4308,0.0007
10.4901,IMM-UKF-LOS,smooth,0.500,10.00,0.050,0,0.600,1,6.5600,21.7857,15.2257,4.9093,0.3600,0.3600,0.0315,6.0000,9.9608,0.0036,2.3364,0.6198,-16.7980,-26.6073,-18.0228,-26.6149,-18.0228,-26.6149,-17.2346,-26.5964,-8.9153,-26.3590,-1.2248,-0.0076,-1.2248,-0.0076,-0.4366,0.0109,99,0.0600,99,0,0.9245,0.0625,0.0129,-2.8091,5.5704,-0.0372,-0.7076,5.9581,0.0000,1,0.1170,0.0432,10.4308,0.0007
10.5001,IMM-UKF-LOS,smooth,0.500,10.00,0.050,0,0.600,1,6.5600,21.8285,15.2685,4.9390,0.3600,0.3600,0.0315,6.0000,9.9608,0.0036,2.5104,0.6198,-16.5891,-26.6131,-18.0228,-26.6149,-18.0228,-26.6149,-17.0580,-26.5953,-8.8147,-26.3445,-1.4337,-0.0018,-1.4337,-0.0018,-0.4689,0.0178,99,0.0700,99,0,0.9245,0.0625,0.0129,-2.7430,5.3691,0.0619,-0.6894,5.9603,0.0000,1,0.1170,0.0432,10.4308,0.0007
10.5101,IMM-UKF-LOS,smooth,0.500,10.00,0.050,0,0.600,1,6.5625,21.8760,15.3135,4.9691,0.3600,0.3600,0.0316,6.0000,9.9608,0.0034,2.6956,0.6196,-16.3789,-26.6178,-18.0228,-26.6149,-18.0228,-26.6149,-16.8821,-26.5928,-8.7164,-26.3245,-1.6439,0.0029,-1.6439,0.0029,-0.5032,0.0250,99,0.0800,99,0,0.9245,0.0625,0.0129,-2.6775,5.1676,0.1567,-0.6712,5.9623,0.0000,1,0.1170,0.0432,10.4308,0.0007
10.5201,IMM-UKF-LOS,smooth,0.500,10.00,0.050,0,0.600,1,6.5672,21.9281,15.3608,4.9994,0.3600,0.3600,0.0317,6.0000,9.9608,0.0031,2.8912,0.6192,-16.1678,-26.6213,-18.0228,-26.6149,-18.0228,-26.6149,-16.7071,-26.5894,-8.6200,-26.3029,-1.8550,0.0064,-1.8550,0.0064,-0.5393,0.0319,99,0.0900,99,0,0.9245,0.0625,0.0129,-2.6130,4.9675,0.2497,-0.6530,5.9644,0.0000,1,0.1170,0.0432,10.4308,0.0007
10.5301,IMM-UKF-LOS,smooth,0.500,10.00,0.050,0,0.600,1,6.5743,21.9847,15.4103,5.0300,0.3600,0.3600,0.0318,6.0000,9.9608,0.0025,3.0964,0.6187,-15.9558,-26.6239,-18.0228,-26.6149,-18.0228,-26.6149,-16.5331,-26.5861,-8.5253,-26.2861,-2.0670,0.0090,-2.0670,0.0090,-0.5773,0.0379,99,0.1000,99,0,0.9245,0.0625,0.0129,-2.5502,4.7709,0.3446,-0.6347,5.9663,0.0000,1,0.1170,0.0432,10.4308,0.0007
10.5401,IMM-UKF-LOS,smooth,0.500,10.00,0.050,0,0.600,1,6.5837,22.0452,15.4616,5.0609,0.3600,0.3600,0.0319,6.0000,9.9608,0.0019,3.3092,0.6179,-15.7432,-26.6278,-18.0228,-26.6149,-18.0228,-26.6149,-16.3603,-26.5890,-8.4300,-26.3038,-2.2796,0.0129,-2.2796,0.0129,-0.6172,0.0388,99,0.1100,99,0,0.9245,0.0625,0.0129,-2.4919,4.5904,0.4581,-0.6164,5.9683,0.0000,1,0.1170,0.0432,10.4308,0.0007
10.5501,IMM-UKF-LOS,smooth,0.500,10.00,0.050,0,0.600,1,6.5917,22.0683,15.4766,5.0921,0.3600,0.3600,0.0320,6.0000,9.9608,0.0014,3.5515,0.6173,-15.5311,-26.6324,-18.0228,-26.6149,-18.0228,-26.6149,-16.1934,-26.5906,-8.2894,-26.3093,-2.4917,0.0175,-2.4917,0.0175,-0.6623,0.0418,99,0.1200,99,0,0.9245,0.0625,0.0129,-2.5081,4.7136,0.4078,-0.5980,5.9701,0.0000,1,0.0821,0.0510,10.4308,0.0002
10.5601,IMM-UKF-LOS,smooth,0.500,10.00,0.050,0,0.600,1,6.5984,22.0885,15.4901,5.1236,0.3600,0.3600,0.0321,6.0000,9.9608,0.0012,3.8027,0.6167,-15.3194,-26.6353,-18.0228,-26.6149,-18.0228,-26.6149,-16.0280,-26.5833,-8.1508,-26.2743,-2.7034,0.0204,-2.7034,0.0204,-0.7086,0.0519,99,0.1300,99,0,0.9245,0.0625,0.0129,-2.5214,4.8271,0.3321,-0.5796,5.9719,0.0000,1,0.0821,0.0510,10.4308,0.0002
10.5701,IMM-UKF-LOS,smooth,0.500,10.00,0.050,0,0.600,1,6.6039,22.1064,15.5025,5.1554,0.3600,0.3600,0.0321,6.0000,9.9608,0.0011,4.0612,0.6163,-15.1080,-26.6361,-18.0228,-26.6149,-18.0228,-26.6149,-15.8640,-26.5734,-8.0132,-26.2314,-2.9148,0.0212,-2.9148,0.0212,-0.7560,0.0627,99,0.1400,99,0,0.9245,0.0625,0.0129,-2.5335,4.9377,0.2529,-0.5612,5.9737,0.0000,1,0.0821,0.0510,10.4308,0.0002
10.5801,IMM-UKF-LOS,smooth,0.500,10.00,0.050,0,0.600,1,6.6081,22.1219,15.5138,5.1876,0.3600,0.3600,0.0322,6.0000,9.9608,0.0011,4.3266,0.6160,-14.8968,-26.6348,-18.0228,-26.6149,-18.0228,-26.6149,-15.7015,-26.5619,-7.8764,-26.1863,-3.1259,0.0199,-3.1259,0.0199,-0.8047,0.0729,99,0.1500,99,0,0.9245,0.0625,0.0129,-2.5449,5.0470,0.1737,-0.5426,5.9754,0.0000,1,0.0821,0.0510,10.4308,0.0002
10.5901,IMM-UKF-LOS,smooth,0.500,10.00,0.050,0,0.600,1,6.6110,22.1351,15.5242,5.2201,0.3600,0.3600,0.0323,6.0000,9.9608,0.0011,4.5990,0.6159,-14.6858,-26.6315,-18.0228,-26.6149,-18.0228,-26.6149,-15.5406,-26.5494,-7.7403,-26.1412,-3.3370,0.0166,-3.3370,0.0166,-0.8547,0.0821,99,0.1600,99,0,0.9245,0.0625,0.0129,-2.5556,5.1556,0.0959,-0.5241,5.9771,0.0000,1,0.0821,0.0510,10.4308,0.0002
10.6001,IMM-UKF-LOS,smooth,0.500,10.00,0.050,0,0.600,1,6.6126,22.1461,15.5335,5.2529,0.3600,0.3600,0.0324,6.0000,9.9608,0.0011,4.8782,0.6158,-14.4749,-26.6263,-18.0228,-26.6149,-18.0228,-26.6149,-15.3811,-26.5365,-7.6048,-26.0979,-3.5479,0.0114,-3.5479,0.0114,-0.9062,0.0898,99,0.1700,99,0,0.9245,0.0625,0.0129,-2.5659,5.2640,0.0204,-0.5055,5.9787,0.0000,1,0.0821,0.0510,10.4308,0.0002
10.6101,IMM-UKF-LOS,smooth,0.500,10.00,0.050,0,0.600,1,6.6130,21.7099,15.0969,5.1215,0.3600,0.3600,0.0325,6.0000,9.8303,0.0013,2.4549,0.6159,-14.2640,-26.6195,-15.5311,-26.6324,-15.5311,-26.6324,-14.7144,-26.5409,-6.1634,-25.9597,-1.2671,-0.0129,-1.2671,-0.0129,-0.4504,0.0786,100,0.0600,100,0,0.9310,0.0573,0.0117,-2.5757,5.3724,-0.0519,-0.4869,5.9802,0.0000,1,0.0821,0.0510,10.5503,0.0002
10.6201,IMM-UKF-LOS,smooth,0.500,10.00,0.050,0,0.600,1,6.6122,21.7278,15.1156,5.1520,0.3600,0.3600,0.0325,6.0000,9.8303,0.0012,2.6225,0.6161,-14.0530,-26.6114,-15.5311,-26.6324,-15.5311,-26.6324,-14.5350,-26.5314,-6.0085,-25.9248,-1.4781,-0.0210,-1.4781,-0.0210,-0.4819,0.0800,100,0.0700,100,0,0.9310,0.0573,0.0117,-2.5851,5.4812,-0.1203,-0.4682,5.9817,0.0000,1,0.0821,0.0510,10.5503,0.0002
10.6301,IMM-UKF-LOS,smooth,0.500,10.00,0.050,0,0.600,1,6.6101,21.7434,15.1333,5.1828,0.3600,0.3600,0.0326,6.0000,9.8303,0.0009,2.7979,0.6164,-13.8420,-26.6024,-15.5311,-26.6324,-15.5311,-26.6324,-14.3570,-26.5220,-5.8539,-25.8958,-1.6891,-0.0300,-1.6891,-0.0300,-0.5151,0.0804,100,0.0800,100,0,0.9310,0.0573,0.0117,-2.5942,5.5907,-0.1838,-0.4495,5.9831,0.0000,1,0.0821,0.0510,10.5503,0.0002
10.6401,IMM-UKF-LOS,smooth,0.500,10.00,0.050,0,0.600,1,6.6069,21.7569,15.1499,5.2139,0.3600,0.3600,0.0327,6.0000,9.8303,0.0007,2.9812,0.6168,-13.6307,-26.5931,-15.5311,-26.6324,-15.5311,-26.6324,-14.1806,-26.5134,-5.6995,-25.8751,-1.9004,-0.0393,-1.9004,-0.0393,-0.5499,0.0796,100,0.0900,100,0,0.9310,0.0573,0.0117,-2.6030,5.7013,-0.2408,-0.4307,5.9845,0.0000,1,0.1029,0.0455,10.5503,-0.0003
10.6501,IMM-UKF-LOS,smooth,0.500,10.00,0.050,0,0.600,1,6.6025,21.7683,15.1657,5.2452,0.3600,0.3600,0.0328,6.0000,9.8303,0.0007,3.1729,0.6173,-13.4191,-26.5841,-15.5311,-26.6324,-15.5311,-26.6324,-14.0056,-26.5067,-5.5453,-25.8667,-2.1120,-0.0483,-2.1120,-0.0483,-0.5865,0.0773,100,0.1000,100,0,0.9310,0.0573,0.0117,-2.6117,5.8134,-0.2891,-0.4119,5.9858,0.0000,1,0.1029,0.0455,10.5503,-0.0003
10.6601,IMM-UKF-LOS,smooth,0.500,10.00,0.050,0,0.600,1,6.5970,21.7778,15.1808,5.2768,0.3600,0.3600,0.0328,6.0000,9.8303,0.0010,3.3729,0.6179,-13.2072,-26.5765,-15.5311,-26.6324,-15.5311,-26.6324,-13.8321,-26.5037,-5.3911,-25.8768,-2.3239,-0.0559,-2.3239,-0.0559,-0.6249,0.0728,100,0.1100,100,0,0.9310,0.0573,0.0117,-2.6203,5.9276,-0.3250,-0.3931,5.9871,0.0000,1,0.1029,0.0455,10.5503,-0.0003
10.6701,IMM-UKF-LOS,smooth,0.500,10.00,0.050,0,0.600,1,6.5904,21.7861,15.1957,5.3087,0.3600,0.3600,0.0329,6.0000,9.8303,0.0016,3.5811,0.6185,-12.9949,-26.5720,-15.5311,-26.6324,-15.5311,-26.6324,-13.6601,-26.5073,-5.2368,-25.9171,-2.5362,-0.0604,-2.5362,-0.0604,-0.6652,0.0646,100,0.1200,100,0,0.9310,0.0573,0.0117,-2.6289,6.0440,-0.3406,-0.3742,5.9883,0.0000,1,0.1029,0.0455,10.5503,-0.0003
10.6801,IMM-UKF-LOS,smooth,0.500,10.00,0.050,0,0.600,1,6.5830,21.7947,15.2117,5.3410,0.3600,0.3600,0.0330,6.0000,9.8303,0.0022,3.7968,0.6191,-12.7821,-26.5735,-15.5311,-26.6324,-15.5311,-26.6324,-13.4895,-26.5244,-5.0832,-26.0131,-2.7490,-0.0589,-2.7490,-0.0589,-0.7073,0.0491,100,0.1300,100,0,0.9310,0.0573,0.0117,-2.6366,6.1592,-0.3175,-0.3552,5.9895,0.0000,1,0.1029,0.0455,10.5503,-0.0003
10.6901,IMM-UKF-LOS,smooth,0.500,10.00,0.050,0,0.600,1,6.5754,21.4220,14.8466,5.2122,0.3600,0.3600,0.0331,6.0000,9.6849,0.0030,1.9883,0.6197,-12.5687,-26.5866,-13.6307,-26.5931,-13.6307,-26.5931,-12.9399,-26.6025,-3.8462,-26.3691,-1.0620,-0.0065,-1.0620,-0.0065,-0.3713,-0.0159,101,0.0500,101,0,0.9240,0.0600,0.0161,-2.6371,6.2389,-0.2061,-0.3363,5.9906,0.0000,1,0.1029,0.0455,10.6398,-0.0003
10.7001,IMM-UKF-LOS,smooth,0.500,10.00,0.050,0,0.600,1,6.5695,21.4483,14.8788,5.2427,0.3600,0.3600,0.0332,6.0000,9.6849,0.0034,2.1286,0.6201,-12.3540,-26.6100,-13.6307,-26.5931,-13.6307,-26.5931,-12.7517,-26.6229,-3.7143,-26.5329,-1.2767,0.0169,-1.2767,0.0169,-0.3977,-0.0129,101,0.0600,101,0,0.9240,0.0600,0.0161,-2.6062,6.1520,-0.0257,-0.3173,5.9916,0.0000,1,0.1029,0.0455,10.6398,-0.0003
10.7101,IMM-UKF-LOS,smooth,0.500,10.00,0.050,0,0.600,1,6.5659,21.4826,14.9168,5.2735,0.3600,0.3600,0.0332,6.0000,9.6849,0.0036,2.2776,0.6202,-12.1378,-26.6361,-13.6307,-26.5931,-13.6307,-26.5931,-12.5637,-26.6330,-3.6028,-26.5755,-1.4928,0.0430,-1.4928,0.0430,-0.4259,0.0031,101,0.0700,101,0,0.9240,0.0600,0.0161,-2.5580,5.9692,0.1056,-0.2982,5.9926,0.0000,1,0.1029,0.0455,10.6398,-0.0003
10.7201,IMM-UKF-LOS,smooth,0.500,10.00,0.050,0,0.600,1,6.5647,21.5224,14.9577,5.3045,0.3600,0.3600,0.0333,6.0000,9.6849,0.0036,2.4439,0.6201,-11.9203,-26.6604,-13.6307,-26.5931,-13.6307,-26.5931,-12.3764,-26.6339,-3.4995,-26.5465,-1.7104,0.0674,-1.7104,0.0674,-0.4561,0.0266,101,0.0800,101,0,0.9240,0.0600,0.0161,-2.5051,5.7568,0.1958,-0.2791,5.9935,0.0000,1,0.1029,0.0455,10.6398,-0.0003
10.7302,IMM-UKF-LOS,smooth,0.500,10.00,0.050,0,0.600,1,6.5659,21.5667,15.0008,5.3358,0.3600,0.3600,0.0334,6.0000,9.6849,0.0034,2.6315,0.6200,-11.7014,-26.6800,-13.6307,-26.5931,-13.6307,-26.5931,-12.1897,-26.6252,-3.4012,-26.4658,-1.9293,0.0869,-1.9293,0.0869,-0.4883,0.0548,101,0.0900,101,0,0.9240,0.0600,0.0161,-2.4507,5.5319,0.2533,-0.2600,5.9944,0.0000,1,0.1029,0.0455,10.6398,-0.0003
10.7402,IMM-UKF-LOS,smooth,0.500,10.00,0.050,0,0.600,1,6.5693,21.6148,15.0455,5.3674,0.3600,0.3600,0.0335,6.0000,9.6849,0.0031,2.8427,0.6196,-11.4814,-26.6917,-13.6307,-26.5931,-13.6307,-26.5931,-12.0040,-26.6042,-3.3065,-26.3320,-2.1492,0.0987,-2.1492,0.0987,-0.5226,0.0875,101,0.1000,101,0,0.9240,0.0600,0.0161,-2.3961,5.3007,0.2748,-0.2409,5.9952,0.0000,1,0.1029,0.0455,10.6398,-0.0003
10.7502,IMM-UKF-LOS,smooth,0.500,10.00,0.050,0,0.600,1,6.5747,21.6642,15.0894,5.3992,0.3600,0.3600,0.0336,6.0000,9.6849,0.0028,3.0840,0.6192,-11.2606,-26.6911,-13.6307,-26.5931,-13.6307,-26.5931,-11.8193,-26.5635,-3.2135,-26.1187,-2.3701,0.0980,-2.3701,0.0980,-0.5587,0.1275,101,0.1100,101,0,0.9240,0.0600,0.0161,-2.3430,5.0736,0.2368,-0.2217,5.9959,0.0000,1,0.1024,0.0408,10.6398,-0.0001
10.7602,IMM-UKF-LOS,smooth,0.500,10.00,0.050,0,0.600,1,6.5806,21.6999,15.1193,5.4314,0.3600,0.3600,0.0337,6.0000,9.6849,0.0026,3.3719,0.6190,-11.0393,-26.6722,-13.6307,-26.5931,-13.6307,-26.5931,-11.6371,-26.4938,-3.1047,-25.7954,-2.5914,0.0792,-2.5914,0.0792,-0.5979,0.1784,101,0.1200,101,0,0.9240,0.0600,0.0161,-2.3070,4.9459,0.0722,-0.2025,5.9966,0.0000,1,0.1024,0.0408,10.6398,-0.0001
10.7702,IMM-UKF-LOS,smooth,0.500,10.00,0.050,0,0.600,1,6.5854,21.7153,15.1299,5.4638,0.3600,0.3600,0.0338,6.0000,9.6849,0.0025,3.6197,0.6188,-10.8183,-26.6452,-13.6307,-26.5931,-13.6307,-26.5931,-11.4593,-26.4522,-2.9620,-25.6339,-2.8124,0.0521,-2.8124,0.0521,-0.6411,0.1929,101,0.1300,101,0,0.9240,0.0600,0.0161,-2.3026,5.0135,-0.0639,-0.1832,5.9972,0.0000,1,0.1024,0.0408,10.6398,-0.0001
10.7802,IMM-UKF-LOS,smooth,0.500,10.00,0.050,0,0.600,1,6.5889,21.7268,15.1379,5.4965,0.3600,0.3600,0.0339,6.0000,9.6849,0.0025,3.8319,0.6189,-10.5976,-26.6166,-13.6307,-26.5931,-13.6307,-26.5931,-11.2839,-26.4342,-2.8118,-25.5881,-3.0330,0.0235,-3.0330,0.0235,-0.6862,0.1823,101,0.1400,101,0,0.9240,0.0600,0.0161,-2.3050,5.1260,-0.1362,-0.1639,5.9978,0.0000,1,0.1024,0.0408,10.6398,-0.0001
10.7902,IMM-UKF-LOS,smooth,0.500,10.00,0.050,0,0.600,1,6.5912,21.7369,15.1458,5.5296,0.3600,0.3600,0.0340,6.0000,9.6849,0.0026,4.0377,0.6190,-10.3773,-26.5899,-13.6307,-26.5931,-13.6307,-26.5931,-11.1102,-26.4306,-2.6601,-25.6034,-3.2534,-0.0032,-3.2534,-0.0032,-0.7329,0.1593,101,0.1500,101,0,0.9240,0.0600,0.0161,-2.3085,5.2491,-0.1705,-0.1446,5.9983,0.0000,1,0.1024,0.0408,10.6398,-0.0001
10.8002,IMM-UKF-LOS,smooth,0.500,10.00,0.050,0,0.600,1,6.5924,21.1271,14.5347,5.2670,0.3600,0.3600,0.0340,6.0000,9.3975,0.0002,2.4967,0.6191,-10.1572,-26.5673,-11.2606,-26.6911,-11.2606,-26.6911,-10.6236,-26.5576,-1.5901,-25.7914,-1.1034,-0.1238,-1.1034,-0.1238,-0.4665,0.0097,102,0.0500,102,0,0.9332,0.0544,0.0124,-2.3118,5.3744,-0.1782,-0.1252,5.9987,0.0000,1,0.1024,0.0408,10.7500,-0.0001
10.8102,IMM-UKF-LOS,smooth,0.500,10.00,0.050,0,0.600,1,6.5926,21.1432,14.5506,5.2972,0.3600,0.3600,0.0341,6.0000,9.3975,0.0002,2.6637,0.6193,-9.9372,-26.5502,-11.2606,-26.6911,-11.2606,-26.6911,-10.4349,-26.5581,-1.4230,-25.8657,-1.3234,-0.1409,-1.3234,-0.1409,-0.4977,-0.0079,102,0.0600,102,0,0.9332,0.0544,0.0124,-2.3144,5.4985,-0.1651,-0.1058,5.9991,0.0000,1,0.1024,0.0408,10.7500,-0.0001
10.8202,IMM-UKF-LOS,smooth,0.500,10.00,0.050,0,0.600,1,6.5920,21.1582,14.5662,5.3276,0.3600,0.3600,0.0342,6.0000,9.3975,0.0004,2.8423,0.6195,-9.7173,-26.5399,-11.2606,-26.6911,-11.2606,-26.6911,-10.2477,-26.5646,-1.2567,-25.9639,-1.5433,-0.1512,-1.5433,-0.1512,-0.5304,-0.0247,102,0.0700,102,0,0.9332,0.0544,0.0124,-2.3161,5.6195,-0.1349,-0.0864,5.9994,0.0000,1,0.1024,0.0408,10.7500,-0.0001
10.8302,IMM-UKF-LOS,smooth,0.500,10.00,0.050,0,0.600,1,6.5905,21.1723,14.5818,5.3582,0.3600,0.3600,0.0343,6.0000,9.3975,0.0006,3.0314,0.6197,-9.4973,-26.5374,-11.2606,-26.6911,-11.2606,-26.6911,-10.0620,-26.5776,-1.0915,-26.0829,-1.7633,-0.1537,-1.7633,-0.1537,-0.5647,-0.0402,102,0.0800,102,0,0.9332,0.0544,0.0124,-2.3166,5.7364,-0.0902,-0.0669,5.9996,0.0000,1,0.1024,0.0408,10.7500,-0.0001
10.8402,IMM-UKF-LOS,smooth,0.500,10.00,0.050,0,0.600,1,6.5884,21.1858,14.5974,5.3891,0.3600,0.3600,0.0344,6.0000,9.3975,0.0008,3.2299,0.6198,-9.2772,-26.5433,-11.2606,-26.6911,-11.2606,-26.6911,-9.8778,-26.5974,-0.9275,-26.2202,-1.9834,-0.1477,-1.9834,-0.1477,-0.6006,-0.0541,102,0.0900,102,0,0.9332,0.0544,0.0124,-2.3161,5.8485,-0.0331,-0.0474,5.9998,0.0000,1,0.1024,0.0408,10.7500,-0.0001
10.8502,IMM-UKF-LOS,smooth,0.500,10.00,0.050,0,0.600,1,6.5857,21.1990,14.6133,5.4203,0.3600,0.3600,0.0345,6.0000,9.3975,0.0010,3.4367,0.6200,-9.0568,-26.5585,-11.2606,-26.6911,-11.2606,-26.6911,-9.6950,-26.6243,-0.7649,-26.3735,-2.2038,-0.1326,-2.2038,-0.1326,-0.6382,-0.0659,102,0.1000,102,0,0.9332,0.0544,0.0124,-2.3144,5.9556,0.0344,-0.0279,5.9999,0.0000,1,0.1024,0.0408,10.7500,-0.0001
10.8602,IMM-UKF-LOS,smooth,0.500,10.00,0.050,0,0.600,1,6.5825,21.2119,14.6294,5.4518,0.3600,0.3600,0.0345,6.0000,9.3975,0.0012,3.6512,0.6201,-8.8361,-26.5832,-11.2606,-26.6911,-11.2606,-26.6911,-9.5136,-26.6583,-0.6036,-26.5405,-2.4244,-0.1078,-2.4244,-0.1078,-0.6775,-0.0751,102,0.1100,102,0,0.9332,0.0544,0.0124,-2.3116,6.0580,0.1101,-0.0083,6.0000,0.0000,1,0.1156,0.0523,10.7500,0.0007
10.8702,IMM-UKF-LOS,smooth,0.500,10.00,0.050,0,0.600,1,6.5788,21.2246,14.6458,5.4836,0.3600,0.3600,0.0346,6.0000,9.3975,0.0013,3.8725,0.6202,-8.6151,-26.6179,-11.2606,-26.6911,-11.2606,-26.6911,-9.3336,-26.6991,-0.4436,-26.7179,-2.6455,-0.0732,-2.6455,-0.0732,-0.7186,-0.0812,102,0.1200,102,0,0.9332,0.0544,0.0124,-2.3079,6.1564,0.1910,0.0113,6.0000,0.0000,1,0.1156,0.0523,10.7500,0.0007
10.8802,IMM-UKF-LOS,smooth,0.500,10.00,0.050,0,0.600,1,6.5747,21.2363,14.6616,5.5157,0.3600,0.3600,0.0347,6.0000,9.3975,0.0015,4.1001,0.6202,-8.3935,-26.6622,-11.2606,-26.6911,-11.2606,-26.6911,-9.1551,-26.7448,-0.2839,-26.8968,-2.8671,-0.0289,-2.8671,-0.0289,-0.7616,-0.0826,102,0.1300,102,0,0.9332,0.0544,0.0124,-2.3037,6.2552,0.2687,0.0309,5.9999,0.0000,1,0.1156,0.0523,10.7500,0.0007
10.8902,IMM-UKF-LOS,smooth,0.500,10.00,0.050,0,0.600,1,6.5709,21.2587,14.6877,5.5480,0.3600,0.3600,0.0348,6.0000,9.3975,0.0017,4.2939,0.6204,-8.1708,-26.6880,-11.2606,-26.6911,-11.2606,-26.6911,-8.9739,-26.6744,-0.1694,-26.5526,-3.0898,-0.0031,-3.0898,-0.0031,-0.8031,0.0136,102,0.1400,102,0,0.9332,0.0544,0.0124,-2.2743,6.1361,0.0952,0.0506,5.9998,0.0000,1,0.1156,0.0523,10.7500,0.0007
10.9002,IMM-UKF-LOS,smooth,0.500,10.00,0.050,0,0.600,1,6.5689,21.3027,14.7338,5.5807,0.3600,0.3600,0.0349,6.0000,9.3975,0.0019,4.5504,0.6205,-7.9468,-26.6988,-11.2606,-26.6911,-11.2606,-26.6911,-8.7919,-26.6090,-0.0783,-26.2681,-3.3138,0.0077,-3.3138,0.0077,-0.8451,0.0898,102,0.1500,102,0,0.9332,0.0544,0.0124,-2.2336,5.9117,0.0201,0.0702,5.9996,0.0000,1,0.1156,0.0523,10.7500,0.0007
10.9102,IMM-UKF-LOS,smooth,0.500,10.00,0.050,0,0.600,1,6.5688,21.3522,14.7834,5.6137,0.3600,0.3600,0.0350,6.0000,9.3975,0.0020,4.8456,0.6206,-7.7216,-26.6957,-11.2606,-26.6911,-11.2606,-26.6911,-8.6107,-26.5402,0.0096,-26.0006,-3.5390,0.0046,-3.5390,0.0046,-0.8891,0.1555,102,0.1600,102,0,0.9332,0.0544,0.0124,-2.1932,5.6832,-0.0383,0.0900,5.9993,0.0000,1,0.1156,0.0523,10.7500,0.0007
10.9202,IMM-UKF-LOS,smooth,0.500,10.00,0.050,0,0.600,1,6.5706,20.8575,14.2869,5.5068,0.3600,0.3600,0.0351,6.0000,9.2978,0.0009,3.0289,0.6207,-7.4953,-26.6795,-8.8361,-26.5832,-8.8361,-26.5832,-8.0314,-26.5165,1.2182,-25.5534,-1.3408,0.0963,-1.3408,0.0963,-0.5361,0.1630,103,0.0600,103,0,0.9391,0.0494,0.0115,-2.1535,5.4537,-0.0855,0.1097,5.9990,0.0000,1,0.1156,0.0523,10.8609,0.0007
10.9302,IMM-UKF-LOS,smooth,0.500,10.00,0.050,0,0.600,1,6.5743,20.8918,14.3175,5.5378,0.3600,0.3600,0.0352,6.0000,9.2978,0.0009,3.2122,0.6207,-7.2683,-26.6515,-8.8361,-26.5832,-8.8361,-26.5832,-7.8361,-26.4771,1.3179,-25.3426,-1.5678,0.0683,-1.5678,0.0683,-0.5678,0.1744,103,0.0700,103,0,0.9391,0.0494,0.0115,-2.1145,5.2230,-0.1174,0.1295,5.9986,0.0000,1,0.1156,0.0523,10.8609,0.0007
10.9402,IMM-UKF-LOS,smooth,0.500,10.00,0.050,0,0.600,1,6.5794,20.9250,14.3456,5.5691,0.3600,0.3600,0.0353,6.0000,9.2978,0.0008,3.3396,0.6204,-7.0412,-26.6353,-8.8361,-26.5832,-8.8361,-26.5832,-7.6436,-26.4891,1.4501,-25.5271,-1.7949,0.0521,-1.7949,0.0521,-0.6023,0.1462,103,0.0800,103,0,0.9391,0.0494,0.0115,-2.0934,5.1723,0.0638,0.1492,5.9981,0.0000,1,0.1156,0.0523,10.8609,0.0007
10.9502,IMM-UKF-LOS,smooth,0.500,10.00,0.050,0,0.600,1,6.5835,20.9392,14.3557,5.6006,0.3600,0.3600,0.0354,6.0000,9.2978,0.0008,3.5195,0.6202,-6.8146,-26.6233,-8.8361,-26.5832,-8.8361,-26.5832,-7.4543,-26.4868,1.6162,-25.5774,-2.0216,0.0400,-2.0216,0.0400,-0.6398,0.1364,103,0.0900,103,0,0.9391,0.0494,0.0115,-2.0888,5.2997,0.0568,0.1691,5.9976,0.0000,1,0.1156,0.0523,10.8609,0.0007
10.9602,IMM-UKF-LOS,smooth,0.500,10.00,0.050,0,0.600,1,6.5864,20.9510,14.3647,5.6324,0.3600,0.3600,0.0355,6.0000,9.2978,0.0008,3.7135,0.6202,-6.5882,-26.6146,-8.8361,-26.5832,-8.8361,-26.5832,-7.2667,-26.4847,1.7816,-25.6171,-2.2479,0.0314,-2.2479,0.0314,-0.6785,0.1299,103,0.1000,103,0,0.9391,0.0494,0.0115,-2.0836,5.4254,0.0413,0.1889,5.9970,0.0000,1,0.1156,0.0523,10.8609,0.0007
10.9702,IMM-UKF-LOS,smooth,0.500,10.00,0.050,0,0.600,1,6.5881,20.9607,14.3725,5.6645,0.3600,0.3600,0.0355,6.0000,9.2978,0.0009,3.9187,0.6201,-6.3621,-26.6091,-8.8361,-26.5832,-8.8361,-26.5832,-7.0808,-26.4837,1.9465,-25.6543,-2.4740,0.0259,-2.4740,0.0259,-0.7187,0.1254,103,0.1100,103,0,0.9391,0.0494,0.0115,-2.0776,5.5496,0.0233,0.2088,5.9964,0.0000,1,0.1156,0.0523,10.8609,0.0007
10.9802,IMM-UKF-LOS,smooth,0.500,10.00,0.050,0,0.600,1,6.5888,20.9683,14.3795,5.6969,0.3600,0.3600,0.0356,6.0000,9.2978,0.0010,4.1345,0.6201,-6.1361,-26.6067,-8.8361,-26.5832,-8.8361,-26.5832,-6.8965,-26.4842,2.1109,-25.6918,-2.7000,0.0235,-2.7000,0.0235,-0.7603,0.1225,103,0.1200,103,0,0.9391,0.0494,0.0115,-2.0711,5.6726,0.0047,0.2287,5.9956,0.0000,1,0.1136,0.0576,10.8609,0.0018
10.9902,IMM-UKF-LOS,smooth,0.500,10.00,0.050,0,0.600,1,6.5745,21.0164,14.4419,5.7295,0.3600,0.3600,0.0357,6.0000,9.2978,0.0014,4.4124,0.6208,-5.9296,-26.6696,-8.8361,-26.5832,-8.8361,-26.5832,-6.7115,-26.4358,2.1844,-25.5084,-2.9066,0.0864,-2.9066,0.0864,-0.7820,0.2338,103,0.1300,103,0,0.9391,0.0494,0.0115,-2.0275,5.4374,0.0045,0.2486,-5.9948,0.0000,1,0.1136,0.0576,10.8609,0.0018
11.0002,IMM-UKF-LOS,smooth,0.500,10.00,0.050,0,0.600,1,6.4733,21.0688,14.5955,5.7624,0.3600,0.3600,0.0485,6.0000,9.2978,0.0190,5.7944,0.6339,-5.8279,-27.1213,-8.8361,-26.5832,-8.8361,-26.5832,-6.5285,-26.3819,2.2548,-25.3242,-3.0082,0.5381,-3.0082,0.5381,-0.7006,0.7394,103,0.1400,103,0,0.9391,0.0494,0.0115,-1.9845,5.2044,0.0043,0.2286,-5.9956,0.0000,1,0.1136,0.0576,10.8609,0.0018
11.0102,IMM-UKF-LOS,smooth,0.500,10.00,0.050,0,0.600,1,6.3745,21.1252,14.7507,5.7955,0.3600,0.3600,0.0482,6.0000,9.2978,0.0237,8.2167,0.6386,-5.7240,-27.5786,-8.8361,-26.5832,-8.8361,-26.5832,-6.3474,-26.3229,2.3222,-25.1392,-3.1121,0.9954,-3.1121,0.9954,-0.6234,1.2557,103,0.1500,103,0,0.9391,0.0494,0.0115,-1.9420,4.9738,0.0042,0.2087,-5.9964,0.0000,1,0.1136,0.0576,10.8609,0.0018
11.0202,IMM-UKF-LOS,smooth,0.500,10.00,0.050,0,0.600,1,6.2782,21.1857,14.9075,5.8290,0.3600,0.3600,0.0480,6.0000,9.2978,0.0283,11.0544,0.6431,-5.6200,-28.0402,-8.8361,-26.5832,-8.8361,-26.5832,-6.1684,-26.2587,2.3867,-24.9537,-3.2162,1.4570,-3.2162,1.4570,-0.5485,1.7815,103,0.1600,103,0,0.9391,0.0494,0.0115,-1.9000,4.7455,0.0040,0.1887,-5.9970,0.0000,1,0.1136,0.0576,10.8609,0.0018
11.0302,IMM-UKF-LOS,smooth,0.500,10.00,0.050,0,0.600,1,6.1844,21.2502,15.0658,5.8628,0.3600,0.3600,0.0477,6.0000,9.2978,0.0329,14.0938,0.6474,-5.5159,-28.5059,-8.8361,-26.5832,-8.8361,-26.5832,-5.9916,-26.1897,2.4483,-24.7677,-3.3202,1.9227,-3.3202,1.9227,-0.4757,2.3162,103,0.1700,103,0,0.9391,0.0494,0.0115,-1.8586,4.5195,0.0039,0.1686,-5.9976,0.0000,1,0.1136,0.0576,10.8609,0.0018
11.0402,IMM-UKF-LOS,smooth,0.500,10.00,0.050,0,0.600,1,6.0931,20.8476,14.7546,5.6841,0.3600,0.3600,0.0475,6.0000,9.1730,0.0368,14.9746,0.6515,-5.4120,-28.9755,-6.1361,-26.6067,-6.1361,-26.6067,-5.4497,-26.4743,3.5247,-25.0927,-0.7242,2.3688,-0.7242,2.3688,-0.0378,2.5012,104,0.0600,104,0,0.9443,0.0449,0.0108,-1.8177,4.2957,0.0037,0.1486,-5.9982,0.0000,1,0.1136,0.0576,10.9819,0.0018
11.0502,IMM-UKF-LOS,smooth,0.500,10.00,0.050,0,0.600,1,6.0041,20.8930,14.8890,5.7155,0.3600,0.3600,0.0472,6.0000,9.1730,0.0411,18.0688,0.6553,-5.3082,-29.4486,-6.1361,-26.6067,-6.1361,-26.6067,-5.2577,-26.4316,3.6010,-24.9301,-0.8279,2.8419,-0.8279,2.8419,0.0506,3.0170,104,0.0700,104,0,0.9443,0.0449,0.0108,-1.7772,4.0741,0.0035,0.1285,-5.9986,0.0000,1,0.1136,0.0576,10.9819,0.0018
11.0602,IMM-UKF-LOS,smooth,0.500,10.00,0.050,0,0.600,1,5.9175,20.9424,15.0250,5.7471,0.3600,0.3600,0.0470,6.0000,9.1730,0.0451,21.2275,0.6589,-5.2048,-29.9251,-6.1361,-26.6067,-6.1361,-26.6067,-5.0678,-26.3837,3.6742,-24.7667,-0.9313,3.3184,-0.9313,3.3184,0.1370,3.5414,104,0.0800,104,0,0.9443,0.0449,0.0108,-1.7373,3.8556,0.0034,0.1084,-5.9990,0.0000,1,0.1136,0.0576,10.9819,0.0018
11.0702,IMM-UKF-LOS,smooth,0.500,10.00,0.050,0,0.600,1,5.8332,20.9956,15.1624,5.7790,0.3600,0.3600,0.0467,6.0000,9.1730,0.0489,24.4438,0.6622,-5.1019,-30.4048,-6.1361,-26.6067,-6.1361,-26.6067,-4.8802,-26.3309,3.7451,-24.6040,-1.0343,3.7981,-1.0343,3.7981,0.2217,4.0740,104,0.0900,104,0,0.9443,0.0449,0.0108,-1.6982,3.6418,0.0032,0.0883,-5.9994,0.0000,1,0.1136,0.0576,10.9819,0.0018
11.0802,IMM-UKF-LOS,smooth,0.500,10.00,0.050,0,0.600,1,5.7512,21.0525,15.3013,5.8111,0.3600,0.3600,0.0464,6.0000,9.1730,0.0525,27.7137,0.6653,-4.9995,-30.8876,-6.1361,-26.6067,-6.1361,-26.6067,-4.6949,-26.2734,3.8136,-24.4419,-1.1367,4.2809,-1.1367,4.2809,0.3046,4.6142,104,0.1000,104,0,0.9443,0.0449,0.0108,-1.6598,3.4326,0.0031,0.0681,-5.9996,0.0000,1,0.1136,0.0576,10.9819,0.0018
11.0902,IMM-UKF-LOS,smooth,0.500,10.00,0.050,0,0.600,1,5.6713,21.1128,15.4415,5.8435,0.3600,0.3600,0.0462,6.0000,9.1730,0.0560,31.0341,0.6681,-4.8978,-31.3732,-6.1361,-26.6067,-6.1361,-26.6067,-4.5119,-26.2116,3.8798,-24.2805,-1.2383,4.7665,-1.2383,4.7665,0.3859,5.1617,104,0.1100,104,0,0.9443,0.0449,0.0108,-1.6221,3.2279,0.0029,0.0479,-5.9998,0.0000,1,0.1136,0.0576,10.9819,0.0018
11.1002,IMM-UKF-LOS,smooth,0.500,10.00,0.050,0,0.600,1,5.5937,21.1767,15.5830,5.8762,0.3600,0.3600,0.0459,6.0000,9.1730,0.0592,34.4027,0.6706,-4.7970,-31.8616,-6.1361,-26.6067,-6.1361,-26.6067,-4.3315,-26.1455,3.9439,-24.1200,-1.3391,5.2549,-1.3391,5.2549,0.4656,5.7161,104,0.1200,104,0,0.9443,0.0449,0.0108,-1.5850,3.0277,0.0028,0.0277,-5.9999,0.0000,1,0.0828,0.0428,10.9819,-0.0008
11.1102,IMM-UKF-LOS,smooth,0.500,10.00,0.050,0,0.600,1,5.5181,21.2438,15.7257,5.9091,0.3600,0.3600,0.0456,6.0000,9.1730,0.0621,37.8175,0.6729,-4.6972,-32.3525,-6.1361,-26.6067,-6.1361,-26.6067,-4.1535,-26.0755,4.0057,-23.9604,-1.4389,5.7458,-1.4389,5.7458,0.5437,6.2770,104,0.1300,104,0,0.9443,0.0449,0.0108,-1.5486,2.8318,0.0026,0.0075,-6.0000,0.0000,1,0.0828,0.0428,10.9819,-0.0008
11.1202,IMM-UKF-LOS,smooth,0.500,10.00,0.050,0,0.600,1,5.4447,21.3142,15.8696,5.9423,0.3600,0.3600,0.0454,6.0000,9.1730,0.0649,41.2767,0.6749,-4.5986,-32.8457,-6.1361,-26.6067,-6.1361,-26.6067,-3.9781,-26.0017,4.0654,-23.8017,-1.5375,6.2390,-1.5375,6.2390,0.6205,6.8440,104,0.1400,104,0,0.9443,0.0449,0.0108,-1.5128,2.6400,0.0025,-0.0127,-6.0000,0.0000,1,0.0828,0.0428,10.9819,-0.0008
11.1302,IMM-UKF-LOS,smooth,0.500,10.00,0.050,0,0.600,1,5.3732,21.3877,16.0145,5.9758,0.3600,0.3600,0.0451,6.0000,9.1730,0.0674,44.7786,0.6765,-4.5013,-33.3411,-6.1361,-26.6067,-6.1361,-26.6067,-3.8053,-25.9244,4.1231,-23.6441,-1.6348,6.7344,-1.6348,6.7344,0.6960,7.4167,104,0.1500,104,0,0.9443,0.0449,0.0108,-1.4776,2.4524,0.0023,-0.0330,-5.9999,0.0000,1,0.0828,0.0428,10.9819,-0.0008
11.1402,IMM-UKF-LOS,smooth,0.500,10.00,0.050,0,0.600,1,5.3038,21.4643,16.1605,6.0096,0.3600,0.3600,0.0448,6.0000,9.1730,0.0697,48.3217,0.6780,-4.4055,-33.8385,-6.1361,-26.6067,-6.1361,-26.6067,-3.6352,-25.8437,4.1788,-23.4876,-1.7306,7.2317,-1.7306,7.2317,0.7703,7.9947,104,0.1600,104,0,0.9443,0.0449,0.0108,-1.4430,2.2687,0.0022,-0.0533,-5.9998,0.0000,1,0.0828,0.0428,10.9819,-0.0008
11.1502,IMM-UKF-LOS,smooth,0.500,10.00,0.050,0,0.600,1,5.2362,21.6427,16.4065,5.9647,0.3600,0.3600,0.0445,6.0000,18.6131,0.0134,7.8770,0.6791,-4.3115,-34.3376,-4.7970,-31.8616,-4.7970,-31.8616,-3.0594,-33.5288,8.3842,-50.7105,-0.4856,2.4760,-0.4856,2.4760,1.2520,0.8088,105,0.0500,105,0,0.0000,0.0039,0.9961,-1.4088,2.0889,0.0021,-0.0736,-5.9995,0.0000,1,0.0828,0.0428,11.0993,-0.0008
11.1602,IMM-UKF-LOS,smooth,0.500,10.00,0.050,0,0.600,1,5.1706,21.7286,16.5580,6.0037,0.3600,0.3600,0.0442,6.0000,18.6131,0.0156,8.6319,0.6799,-4.2193,-34.8382,-4.7970,-31.8616,-4.7970,-31.8616,-2.8490,-33.9424,8.5129,-50.8136,-0.5778,2.9766,-0.5778,2.9766,1.3703,0.8958,105,0.0600,105,0,0.0000,0.0039,0.9961,-1.3751,1.9130,0.0019,-0.0940,-5.9993,0.0000,1,0.0828,0.0428,11.0993,-0.0008
11.1702,IMM-UKF-LOS,smooth,0.500,10.00,0.050,0,0.600,1,5.1068,21.8185,16.7116,6.0433,0.3600,0.3600,0.0439,6.0000,18.6131,0.0176,9.4227,0.6805,-4.1292,-35.3402,-4.7970,-31.8616,-4.7970,-31.8616,-2.6398,-34.3475,8.6384,-50.9130,-0.6678,3.4786,-0.6678,3.4786,1.4894,0.9927,105,0.0700,105,0,0.0000,0.0039,0.9961,-1.3419,1.7407,0.0018,-0.1143,-5.9989,0.0000,1,0.0828,0.0428,11.0993,-0.0008
11.1802,IMM-UKF-LOS,smooth,0.500,10.00,0.050,0,0.600,1,5.0448,21.9122,16.8674,6.0836,0.3600,0.3600,0.0436,6.0000,18.6131,0.0195,10.2503,0.6807,-4.0414,-35.8433,-4.7970,-31.8616,-4.7970,-31.8616,-2.4318,-34.7441,8.7605,-51.0088,-0.7556,3.9817,-0.7556,3.9817,1.6096,1.0992,105,0.0800,105,0,0.0000,0.0039,0.9961,-1.3091,1.5721,0.0017,-0.1347,-5.9985,0.0000,1,0.0828,0.0428,11.0993,-0.0008
11.1902,IMM-UKF-LOS,smooth,0.500,10.00,0.050,0,0.600,1,4.9846,22.0097,17.0251,6.1245,0.3600,0.3600,0.0433,6.0000,18.6131,0.0214,11.1152,0.6806,-3.9562,-36.3474,-4.7970,-31.8616,-4.7970,-31.8616,-2.2253,-35.1324,8.8794,-51.1012,-0.8408,4.4858,-0.8408,4.4858,1.7309,1.2149,105,0.0900,105,0,0.0000,0.0039,0.9961,-1.2766,1.4070,0.0015,-0.1551,-5.9980,0.0000,1,0.1043,0.0594,11.0993,-0.0019
11.2002,IMM-UKF-LOS,smooth,0.500,10.00,0.050,0,0.600,1,4.9261,22.1108,17.1847,6.1661,0.3600,0.3600,0.0430,6.0000,18.6131,0.0231,12.0183,0.6803,-3.8738,-36.8521,-4.7970,-31.8616,-4.7970,-31.8616,-2.0203,-35.5125,8.9950,-51.1905,-0.9232,4.9905,-0.9232,4.9905,1.8535,1.3396,105,0.1000,105,0,0.0000,0.0039,0.9961,-1.2445,1.2454,0.0014,-0.1755,-5.9974,0.0000,1,0.1043,0.0594,11.0993,-0.0019
11.2102,IMM-UKF-LOS,smooth,0.500,10.00,0.050,0,0.600,1,4.8693,22.2154,17.3462,6.2083,0.3600,0.3600,0.0427,6.0000,18.6131,0.0248,12.9599,0.6796,-3.7944,-37.3573,-4.7970,-31.8616,-4.7970,-31.8616,-1.8168,-35.8843,9.1074,-51.2766,-1.0026,5.4957,-1.0026,5.4957,1.9776,1.4730,105,0.1100,105,0,0.0000,0.0039,0.9961,-1.2126,1.0871,0.0013,-0.1959,-5.9968,0.0000,1,0.1043,0.0594,11.0993,-0.0019
11.2202,IMM-UKF-LOS,smooth,0.500,10.00,0.050,0,0.600,1,4.8141,22.3234,17.5093,6.2512,0.3600,0.3600,0.0423,6.0000,18.6131,0.0265,13.9404,0.6787,-3.7184,-37.8627,-4.7970,-31.8616,-4.7970,-31.8616,-1.6151,-36.2481,9.2165,-51.3598,-1.0787,6.0011,-1.0787,6.0011,2.1032,1.6147,105,0.1200,105,0,0.0000,0.0039,0.9961,-1.1811,0.9322,0.0011,-0.2163,-5.9961,0.0000,1,0.1043,0.0594,11.0993,-0.0019
11.2302,IMM-UKF-LOS,smooth,0.500,10.00,0.050,0,0.600,1,4.7605,22.4345,17.6740,6.2948,0.3600,0.3600,0.0420,6.0000,18.6131,0.0282,14.9597,0.6774,-3.6459,-38.3681,-4.7970,-31.8616,-4.7970,-31.8616,-1.4152,-36.6038,9.3224,-51.4402,-1.1511,6.5066,-1.1511,6.5066,2.2307,1.7643,105,0.1300,105,0,0.0000,0.0039,0.9961,-1.1497,0.7804,0.0010,-0.2368,-5.9953,0.0000,1,0.1043,0.0594,11.0993,-0.0019
11.2402,IMM-UKF-LOS,smooth,0.500,10.00,0.050,0,0.600,1,4.7085,22.5488,17.8403,6.3390,0.3600,0.3600,0.0417,6.0000,18.6131,0.0300,16.0180,0.6759,-3.5773,-38.8734,-4.7970,-31.8616,-4.7970,-31.8616,-1.2172,-36.9518,9.4251,-51.5180,-1.2197,7.0118,-1.2197,7.0118,2.3601,1.9215,105,0.1400,105,0,0.0000,0.0039,0.9961,-1.1186,0.6318,0.0009,-0.2573,-5.9945,0.0000,1,0.1043,0.0594,11.0993,-0.0019
11.2502,IMM-UKF-LOS,smooth,0.500,10.00,0.050,0,0.600,1,4.6580,23.4280,18.7700,3.7880,0.3600,0.3600,0.0413,6.0000,18.3186,0.0145,14.8567,0.6741,-3.5130,-39.3782,-3.9562,-36.3474,-3.9562,-36.3474,-2.4870,-37.0309,4.2095,-51.1431,-0.4433,3.0308,-0.4433,3.0308,1.0259,2.3472,106,0.0600,106,0,0.0380,0.0429,0.9191,-1.0875,0.4863,0.0007,-0.2778,-5.9936,0.0000,1,0.1043,0.0594,11.1883,-0.0019
11.2602,IMM-UKF-LOS,smooth,0.500,10.00,0.050,0,0.600,1,4.6091,23.5420,18.9330,3.8334,0.3600,0.3600,0.0409,6.0000,18.3186,0.0173,15.8760,0.6720,-3.4531,-39.8822,-3.9562,-36.3474,-3.9562,-36.3474,-2.3594,-37.3718,4.2707,-51.2388,-0.5031,3.5349,-0.5031,3.5349,1.0937,2.5104,106,0.0700,106,0,0.0380,0.0429,0.9191,-1.0566,0.3437,0.0006,-0.2983,-5.9926,0.0000,1,0.1043,0.0594,11.1883,-0.0019
11.2702,IMM-UKF-LOS,smooth,0.500,10.00,0.050,0,0.600,1,4.5615,23.6590,19.0975,3.8808,0.3600,0.3600,0.0405,6.0000,18.3186,0.0204,16.9357,0.6696,-3.3982,-40.3854,-3.9562,-36.3474,-3.9562,-36.3474,-2.2335,-37.7054,4.3293,-51.3316,-0.5580,4.0380,-0.5580,4.0380,1.1648,2.6800,106,0.0800,106,0,0.0380,0.0429,0.9191,-1.0257,0.2041,0.0005,-0.3188,-5.9915,0.0000,1,0.1043,0.0594,11.1883,-0.0019
11.2802,IMM-UKF-LOS,smooth,0.500,10.00,0.050,0,0.600,1,4.5154,23.7789,19.2634,3.9301,0.3600,0.3600,0.0401,6.0000,18.3186,0.0236,18.0343,0.6669,-3.3485,-40.8874,-3.9562,-36.3474,-3.9562,-36.3474,-2.1092,-38.0317,4.3854,-51.4216,-0.6077,4.5400,-0.6077,4.5400,1.2393,2.8557,106,0.0900,106,0,0.0380,0.0429,0.9191,-0.9948,0.0673,0.0004,-0.3393,-5.9904,0.0000,1,0.1043,0.0594,11.1883,-0.0019
11.2902,IMM-UKF-LOS,smooth,0.500,10.00,0.050,0,0.600,1,4.4707,23.9015,19.4308,3.9814,0.3600,0.3600,0.0397,6.0000,18.3186,0.0270,19.1700,0.6639,-3.3045,-41.3879,-3.9562,-36.3474,-3.9562,-36.3474,-1.9868,-38.3509,4.4387,-51.5090,-0.6517,5.0406,-0.6517,5.0406,1.3177,3.0370,106,0.1000,106,0,0.0380,0.0429,0.9191,-0.9639,-0.0666,0.0002,-0.3599,-5.9892,0.0000,1,0.1043,0.0594,11.1883,-0.0019
11.3002,IMM-UKF-LOS,smooth,0.500,10.00,0.050,0,0.600,1,4.4274,24.0268,19.5995,4.0346,0.3600,0.3600,0.0393,6.0000,18.3186,0.0305,20.3413,0.6607,-3.2665,-41.8869,-3.9562,-36.3474,-3.9562,-36.3474,-1.8663,-38.6632,4.4892,-51.5940,-0.6898,5.5396,-0.6898,5.5396,1.4002,3.2237,106,0.1100,106,0,0.0380,0.0429,0.9191,-0.9329,-0.1978,0.0001,-0.3804,-5.9879,0.0000,1,0.0953,0.0587,11.1883,0.0002
11.3102,IMM-UKF-LOS,smooth,0.500,10.00,0.050,0,0.600,1,4.3853,24.1547,19.7694,4.0895,0.3600,0.3600,0.0389,6.0000,18.3186,0.0343,21.5466,0.6572,-3.2349,-42.3840,-3.9562,-36.3474,-3.9562,-36.3474,-1.7477,-38.9686,4.5370,-51.6765,-0.7213,6.0367,-0.7213,6.0367,1.4873,3.4154,106,0.1200,106,0,0.0380,0.0429,0.9191,-0.9017,-0.3263,-0.0000,-0.4010,-5.9866,0.0000,1,0.0953,0.0587,11.1883,0.0002
11.3202,IMM-UKF-LOS,smooth,0.500,10.00,0.050,0,0.600,1,4.3445,24.2850,19.9405,4.1462,0.3600,0.3600,0.0384,6.0000,18.3186,0.0383,22.7844,0.6535,-3.2103,-42.8791,-3.9562,-36.3474,-3.9562,-36.3474,-1.6311,-39.2673,4.5818,-51.7567,-0.7459,6.5317,-0.7459,6.5317,1.5792,3.6117,106,0.1300,106,0,0.0380,0.0429,0.9191,-0.8702,-0.4522,-0.0001,-0.4216,-5.9852,0.0000,1,0.0953,0.0587,11.1883,0.0002
11.3302,IMM-UKF-LOS,smooth,0.500,10.00,0.050,0,0.600,1,4.3050,24.4177,20.1127,4.2045,0.3600,0.3600,0.0379,6.0000,18.3186,0.0425,24.0525,0.6495,-3.1931,-43.3718,-3.9562,-36.3474,-3.9562,-36.3474,-1.5167,-39.5595,4.6237,-51.8348,-0.7631,7.0244,-0.7631,7.0244,1.6765,3.8122,106,0.1400,106,0,0.0380,0.0429,0.9191,-0.8386,-0.5755,-0.0003,-0.4422,-5.9837,0.0000,1,0.0953,0.0587,11.1883,0.0002
11.3402,IMM-UKF-LOS,smooth,0.500,10.00,0.050,0,0.600,1,4.2668,24.5528,20.2860,4.2645,0.3600,0.3600,0.0375,6.0000,18.3186,0.0468,25.3498,0.6452,-3.1839,-43.8619,-3.9562,-36.3474,-3.9562,-36.3474,-1.4045,-39.8453,4.6624,-51.9108,-0.7724,7.5146,-0.7724,7.5146,1.7794,4.0166,106,0.1500,106,0,0.0380,0.0429,0.9191,-0.8065,-0.6962,-0.0004,-0.4628,-5.9821,0.0000,1,0.0953,0.0587,11.1883,0.0002
11.3502,IMM-UKF-LOS,smooth,0.500,10.00,0.050,0,0.600,1,4.2297,24.6900,20.4603,4.3260,0.3600,0.3600,0.0369,6.0000,18.3186,0.0513,26.6748,0.6407,-3.1830,-44.3493,-3.9562,-36.3474,-3.9562,-36.3474,-1.2946,-40.1248,4.6980,-51.9849,-0.7732,8.0019,-0.7732,8.0019,1.8885,4.2245,106,0.1600,106,0,0.0380,0.0429,0.9191,-0.7741,-0.8145,-0.0005,-0.4834,-5.9805,0.0000,1,0.0953,0.0587,11.1883,0.0002
11.3602,IMM-UKF-LOS,smooth,0.500,10.00,0.050,0,0.600,1,4.1937,23.5259,19.3321,4.1073,0.3600,0.3600,0.0364,6.0000,21.0286,0.0272,7.7076,0.6359,-3.1912,-44.8336,-3.2665,-41.8869,-3.2665,-41.8869,-2.8395,-43.5704,-0.4000,-59.5212,-0.0753,2.9467,-0.0753,2.9467,0.3517,1.2632,107,0.0600,107,0,0.0817,0.0818,0.8365,-0.7412,-0.9303,-0.0006,-0.5040,-5.9788,0.0000,1,0.0953,0.0587,11.3004,0.0002
11.3702,IMM-UKF-LOS,smooth,0.500,10.00,0.050,0,0.600,1,4.1589,23.6541,19.4952,4.1817,0.3600,0.3600,0.0359,6.0000,21.0286,0.0323,8.2447,0.6310,-3.2089,-45.3147,-3.2665,-41.8869,-3.2665,-41.8869,-2.8012,-43.9677,-0.4150,-59.6565,-0.0575,3.4278,-0.0575,3.4278,0.4077,1.3470,107,0.0700,107,0,0.0817,0.0818,0.8365,-0.7077,-1.0437,-0.0008,-0.5246,-5.9770,0.0000,1,0.0953,0.0587,11.3004,0.0002
11.3802,IMM-UKF-LOS,smooth,0.500,10.00,0.050,0,0.600,1,4.1252,23.7850,19.6597,4.2582,0.3600,0.3600,0.0353,6.0000,21.0286,0.0378,8.8165,0.6257,-3.2369,-45.7924,-3.2665,-41.8869,-3.2665,-41.8869,-2.7650,-44.3571,-0.4338,-59.7887,-0.0295,3.9054,-0.0295,3.9054,0.4720,1.4352,107,0.0800,107,0,0.0817,0.0818,0.8365,-0.6736,-1.1547,-0.0009,-0.5453,-5.9752,0.0000,1,0.0953,0.0587,11.3004,0.0002
11.3902,IMM-UKF-LOS,smooth,0.500,10.00,0.050,0,0.600,1,4.0926,23.9184,19.8258,4.3365,0.3600,0.3600,0.0347,6.0000,21.0286,0.0434,9.4218,0.6203,-3.2758,-46.2663,-3.2665,-41.8869,-3.2665,-41.8869,-2.7308,-44.7389,-0.4564,-59.9179,0.0093,4.3794,0.0093,4.3794,0.5450,1.5275,107,0.0900,107,0,0.0817,0.0818,0.8365,-0.6387,-1.2633,-0.0010,-0.5659,-5.9733,0.0000,1,0.0953,0.0587,11.3004,0.0002
11.4002,IMM-UKF-LOS,smooth,0.500,10.00,0.050,0,0.600,1,4.0610,24.0542,19.9932,4.4167,0.3600,0.3600,0.0341,6.0000,21.0286,0.0491,10.0598,0.6147,-3.3263,-46.7364,-3.2665,-41.8869,-3.2665,-41.8869,-2.6989,-45.1130,-0.4833,-60.0442,0.0598,4.8495,0.0598,4.8495,0.6273,1.6235,107,0.1000,107,0,0.0817,0.0818,0.8365,-0.6031,-1.3695,-0.0011,-0.5865,-5.9713,0.0000,1,0.1132,0.0499,11.3004,0.0003
11.4102,IMM-UKF-LOS,smooth,0.500,10.00,0.050,0,0.600,1,4.0305,24.1924,20.1619,4.4985,0.3600,0.3600,0.0334,6.0000,21.0286,0.0551,10.7299,0.6088,-3.3891,-47.2024,-3.2665,-41.8869,-3.2665,-41.8869,-2.6695,-45.4797,-0.5145,-60.1678,0.1226,5.3155,0.1226,5.3155,0.7196,1.7228,107,0.1100,107,0,0.0817,0.0818,0.8365,-0.5665,-1.4734,-0.0013,-0.6072,-5.9692,0.0000,1,0.1132,0.0499,11.3004,0.0003
11.4202,IMM-UKF-LOS,smooth,0.500,10.00,0.050,0,0.600,1,4.0009,24.3329,20.3320,4.5820,0.3600,0.3600,0.0328,6.0000,21.0286,0.0612,11.4314,0.6027,-3.4650,-47.6641,-3.2665,-41.8869,-3.2665,-41.8869,-2.6425,-45.8390,-0.5505,-60.2889,0.1985,5.7772,0.1985,5.7772,0.8225,1.8251,107,0.1200,107,0,0.0817,0.0818,0.8365,-0.5289,-1.5750,-0.0014,-0.6279,-5.9671,0.0000,1,0.1132,0.0499,11.3004,0.0003
11.4302,IMM-UKF-LOS,smooth,0.500,10.00,0.050,0,0.600,1,3.9723,24.4755,20.5032,4.6670,0.3600,0.3600,0.0321,6.0000,21.0286,0.0675,12.1641,0.5967,-3.5551,-48.1213,-3.2665,-41.8869,-3.2665,-41.8869,-2.6183,-46.1913,-0.5915,-60.4076,0.2887,6.2344,0.2887,6.2344,0.9368,1.9301,107,0.1300,107,0,0.0817,0.0818,0.8365,-0.4903,-1.6743,-0.0015,-0.6485,-5.9648,0.0000,1,0.1132,0.0499,11.3004,0.0003
11.4402,IMM-UKF-LOS,smooth,0.500,10.00,0.050,0,0.600,1,3.9446,24.6202,20.6756,4.7534,0.3600,0.3600,0.0312,6.0000,21.0286,0.0743,12.9293,0.5917,-3.6611,-48.5739,-3.2665,-41.8869,-3.2665,-41.8869,-2.5970,-46.5366,-0.6379,-60.5241,0.3946,6.6870,0.3946,6.6870,1.0641,2.0373,107,0.1400,107,0,0.0817,0.0818,0.8365,-0.4504,-1.7711,-0.0016,-0.6692,-5.9626,0.0000,1,0.1132,0.0499,11.3004,0.0003
11.4502,IMM-UKF-LOS,smooth,0.500,10.00,0.050,0,0.600,1,3.9178,24.2780,20.3602,4.7373,0.3600,0.3600,0.0304,6.0000,23.0831,0.0326,3.4743,0.5866,-3.7829,-49.0216,-3.3263,-46.7364,-3.3263,-46.7364,-3.0384,-48.7095,-2.4243,-65.4572,0.4566,2.2851,0.4566,2.2851,0.7445,0.3121,108,0.0500,108,0,0.1499,0.1382,0.7119,-0.4091,-1.8657,-0.0018,-0.6899,-5.9602,0.0000,1,0.1132,0.0499,11.4004,0.0003
11.4602,IMM-UKF-LOS,smooth,0.500,10.00,0.050,0,0.600,1,3.8920,24.4117,20.5197,4.8284,0.3600,0.3600,0.0295,6.0000,23.0831,0.0403,3.9795,0.5815,-3.9216,-49.4642,-3.3263,-46.7364,-3.3263,-46.7364,-3.0362,-49.1338,-2.5027,-65.6205,0.5953,2.7278,0.5953,2.7278,0.8854,0.3303,108,0.0600,108,0,0.1499,0.1382,0.7119,-0.3664,-1.9578,-0.0019,-0.7105,-5.9578,0.0000,1,0.1132,0.0499,11.4004,0.0003
11.4702,IMM-UKF-LOS,smooth,0.500,10.00,0.050,0,0.600,1,3.8670,24.5478,20.6808,4.9210,0.3600,0.3600,0.0285,6.0000,23.0831,0.0483,4.5406,0.5764,-4.0781,-49.9016,-3.3263,-46.7364,-3.3263,-46.7364,-3.0372,-49.5505,-2.5886,-65.7809,0.7519,3.1651,0.7519,3.1651,1.0409,0.3511,108,0.0700,108,0,0.1499,0.1382,0.7119,-0.3221,-2.0474,-0.0020,-0.7312,-5.9553,0.0000,1,0.1132,0.0499,11.4004,0.0003
11.4802,IMM-UKF-LOS,smooth,0.500,10.00,0.050,0,0.600,1,3.8428,24.6862,20.8434,5.0151,0.3600,0.3600,0.0275,6.0000,23.0831,0.0567,5.1576,0.5711,-4.2537,-50.3336,-3.3263,-46.7364,-3.3263,-46.7364,-3.0415,-49.9596,-2.6825,-65.9387,0.9274,3.5972,0.9274,3.5972,1.2121,0.3740,108,0.0800,108,0,0.1499,0.1382,0.7119,-0.2762,-2.1346,-0.0022,-0.7519,-5.9527,0.0000,1,0.1132,0.0499,11.4004,0.0003
11.4902,IMM-UKF-LOS,smooth,0.500,10.00,0.050,0,0.600,1,3.8194,24.8269,21.0075,5.1105,0.3600,0.3600,0.0265,6.0000,23.0831,0.0657,5.8307,0.5655,-4.4494,-50.7601,-3.3263,-46.7364,-3.3263,-46.7364,-3.0495,-50.3614,-2.7850,-66.0939,1.1231,4.0237,1.1231,4.0237,1.3999,0.3988,108,0.0900,108,0,0.1499,0.1382,0.7119,-0.2284,-2.2192,-0.0023,-0.7726,-5.9501,0.0000,1,0.1132,0.0499,11.4004,0.0003
11.5002,IMM-UKF-LOS,smooth,0.500,10.00,0.050,0,0.600,1,3.7969,24.9698,21.1729,5.2071,0.3600,0.3600,0.0255,6.0000,23.0831,0.0750,6.5602,0.5600,-4.6665,-51.1810,-3.3263,-46.7364,-3.3263,-46.7364,-3.0614,-50.7559,-2.8965,-66.2469,1.3402,4.4445,1.3402,4.4445,1.6050,0.4251,108,0.1000,108,0,0.1499,0.1382,0.7119,-0.1786,-2.3011,-0.0024,-0.7933,-5.9473,0.0000,1,0.1132,0.0499,11.4004,0.0003
11.5102,IMM-UKF-LOS,smooth,0.500,10.00,0.050,0,0.600,1,3.7751,25.1146,21.3396,5.3049,0.3600,0.3600,0.0244,6.0000,23.0831,0.0845,7.3469,0.5545,-4.9062,-51.5959,-3.3263,-46.7364,-3.3263,-46.7364,-3.0776,-51.1435,-3.0177,-66.3979,1.5800,4.8595,1.5800,4.8595,1.8286,0.4524,108,0.1100,108,0,0.1499,0.1382,0.7119,-0.1268,-2.3803,-0.0025,-0.8139,-5.9445,0.0000,1,0.1132,0.0499,11.4004,0.0003
11.5202,IMM-UKF-LOS,smooth,0.500,10.00,0.050,0,0.600,1,3.7540,25.2615,21.5074,5.4038,0.3600,0.3600,0.0232,6.0000,23.0831,0.0920,8.1877,0.5472,-5.1687,-52.0048,-3.3263,-46.7364,-3.3263,-46.7364,-3.0983,-51.5242,-3.1492,-66.5470,1.8424,5.2684,1.8424,5.2684,2.0703,0.4806,108,0.1200,108,0,0.1499,0.1382,0.7119,-0.0728,-2.4565,-0.0027,-0.8346,-5.9417,0.0000,1,0.0890,0.0469,11.4004,-0.0009
11.5302,IMM-UKF-LOS,smooth,0.500,10.00,0.050,0,0.600,1,3.7337,25.4101,21.6764,5.5038,0.3600,0.3600,0.0218,6.0000,23.0831,0.0987,9.0856,0.5386,-5.4556,-52.4076,-3.3263,-46.7364,-3.3263,-46.7364,-3.1240,-51.8984,-3.2916,-66.6946,2.1294,5.6712,2.1294,5.6712,2.3316,0.5092,108,0.1300,108,0,0.1499,0.1382,0.7119,-0.0165,-2.5298,-0.0028,-0.8553,-5.9387,0.0000,1,0.0890,0.0469,11.4004,-0.0009
11.5402,IMM-UKF-LOS,smooth,0.500,10.00,0.050,0,0.600,1,3.7141,25.5606,21.8464,5.6048,0.3600,0.3600,0.0204,6.0000,23.0831,0.1056,10.0451,0.5298,-5.7693,-52.8041,-3.3263,-46.7364,-3.3263,-46.7364,-3.1549,-52.2663,-3.4455,-66.8410,2.4431,6.0677,2.4431,6.0677,2.6145,0.5378,108,0.1400,108,0,0.1499,0.1382,0.7119,0.0422,-2.5999,-0.0029,-0.8760,-5.9357,0.0000,1,0.0890,0.0469,11.4004,-0.0009
11.5502,IMM-UKF-LOS,smooth,0.500,10.00,0.050,0,0.600,1,3.6952,25.7126,22.0174,5.7067,0.3600,0.3600,0.0190,6.0000,23.0831,0.1128,11.0679,0.5209,-6.1113,-53.1943,-3.3263,-46.7364,-3.3263,-46.7364,-3.1914,-52.6281,-3.6115,-66.9864,2.7851,6.4578,2.7851,6.4578,2.9199,0.5662,108,0.1500,108,0,0.1499,0.1382,0.7119,0.1034,-2.6667,-0.0030,-0.8966,-5.9326,0.0000,1,0.0890,0.0469,11.4004,-0.0009
11.5602,IMM-UKF-LOS,smooth,0.500,10.00,0.050,0,0.600,1,3.6769,25.8662,22.1893,5.8094,0.3600,0.3600,0.0175,6.0000,23.0831,0.1203,12.1565,0.5117,-6.4832,-53.5780,-3.3263,-46.7364,-3.3263,-46.7364,-3.2339,-52.9841,-3.7902,-67.1311,3.1569,6.8415,3.1569,6.8415,3.2493,0.5939,108,0.1600,108,0,0.1499,0.1382,0.7119,0.1670,-2.7299,-0.0032,-0.9173,-5.9295,0.0000,1,0.0890,0.0469,11.4004,-0.0009
11.5702,IMM-UKF-LOS,smooth,0.500,10.00,0.050,0,0.600,1,3.6593,25.7768,22.1175,5.4529,0.3600,0.3600,0.0160,6.0000,23.0741,0.0449,6.3885,0.5023,-6.8865,-53.9550,-5.1687,-52.0048,-5.1687,-52.0048,-5.2351,-53.5234,-12.7095,-67.3636,1.7178,1.9501,1.7178,1.9501,1.6514,0.4316,109,0.0500,109,0,0.2564,0.2150,0.5286,0.2332,-2.7895,-0.0033,-0.9380,-5.9262,0.0000,1,0.0890,0.0469,11.5192,-0.0009
11.5802,IMM-UKF-LOS,smooth,0.500,10.00,0.050,0,0.600,1,3.6423,25.9259,22.2836,5.5479,0.3600,0.3600,0.0144,6.0000,23.0741,0.0545,7.3216,0.4927,-7.3230,-54.3253,-5.1687,-52.0048,-5.1687,-52.0048,-5.3778,-53.8817,-13.0173,-67.5050,2.1544,2.3205,2.1544,2.3205,1.9452,0.4436,109,0.0600,109,0,0.2564,0.2150,0.5286,0.3020,-2.8453,-0.0034,-0.9586,-5.9229,0.0000,1,0.0890,0.0469,11.5192,-0.0009
11.5902,IMM-UKF-LOS,smooth,0.500,10.00,0.050,0,0.600,1,3.6260,26.0766,22.4506,5.6440,0.3600,0.3600,0.0128,6.0000,23.0741,0.0642,8.3425,0.4829,-7.7945,-54.6888,-5.1687,-52.0048,-5.1687,-52.0048,-5.5268,-54.2339,-13.3384,-67.6449,2.6258,2.6839,2.6258,2.6839,2.2677,0.4548,109,0.0700,109,0,0.2564,0.2150,0.5286,0.3733,-2.8969,-0.0035,-0.9793,-5.9195,0.0000,1,0.0890,0.0469,11.5192,-0.0009
11.6002,IMM-UKF-LOS,smooth,0.500,10.00,0.050,0,0.600,1,3.6102,26.2288,22.6186,5.7413,0.3600,0.3600,0.0111,6.0000,23.0741,0.0742,9.4522,0.4730,-8.3025,-55.0453,-5.1687,-52.0048,-5.1687,-52.0048,-5.6824,-54.5804,-13.6730,-67.7837,3.1338,3.0405,3.1338,3.0405,2.6201,0.4648,109,0.0800,109,0,0.2564,0.2150,0.5286,0.4470,-2.9444,-0.0036,-0.9999,-5.9161,0.0000,1,0.0890,0.0469,11.5192,-0.0009
11.6102,IMM-UKF-LOS,smooth,0.500,10.00,0.050,0,0.600,1,3.5950,26.3825,22.7875,5.8397,0.3600,0.3600,0.0094,6.0000,23.0741,0.0845,10.6524,0.4627,-8.8489,-55.3947,-5.1687,-52.0048,-5.1687,-52.0048,-5.8450,-54.9214,-14.0216,-67.9216,3.6803,3.3899,3.6803,3.3899,3.0040,0.4733,109,0.0900,109,0,0.2564,0.2150,0.5286,0.5230,-2.9874,-0.0037,-1.0206,-5.9126,0.0000,1,0.0988,0.0437,11.5192,0.0016
11.6202,IMM-UKF-LOS,smooth,0.500,10.00,0.050,0,0.600,1,3.5804,26.5375,22.9571,5.9390,0.3600,0.3600,0.0077,6.0000,23.0741,0.0949,11.9448,0.4525,-9.4355,-55.7370,-5.1687,-52.0048,-5.1687,-52.0048,-6.0148,-55.2572,-14.3842,-68.0589,4.2668,3.7321,4.2668,3.7321,3.4207,0.4797,109,0.1000,109,0,0.2564,0.2150,0.5286,0.6012,-3.0260,-0.0038,-1.0412,-5.9090,0.0000,1,0.0988,0.0437,11.5192,0.0016
11.6302,IMM-UKF-LOS,smooth,0.500,10.00,0.050,0,0.600,1,3.5663,26.6937,23.1274,6.0394,0.3600,0.3600,0.0060,6.0000,23.0741,0.1055,13.3314,0.4420,-10.0638,-56.0718,-5.1687,-52.0048,-5.1687,-52.0048,-6.1921,-55.5881,-14.7610,-68.1958,4.8952,4.0670,4.8952,4.0670,3.8718,0.4837,109,0.1100,109,0,0.2564,0.2150,0.5286,0.6814,-3.0599,-0.0039,-1.0619,-5.9053,0.0000,1,0.0988,0.0437,11.5192,0.0016
11.6402,IMM-UKF-LOS,smooth,0.500,10.00,0.050,0,0.600,1,3.5527,26.8510,23.2983,6.1406,0.3600,0.3600,0.0042,6.0000,23.0741,0.1163,14.8145,0.4314,-10.7358,-56.3990,-5.1687,-52.0048,-5.1687,-52.0048,-6.3771,-55.9143,-15.1521,-68.3325,5.5671,4.3942,5.5671,4.3942,4.3586,0.4847,109,0.1200,109,0,0.2564,0.2150,0.5286,0.7634,-3.0891,-0.0040,-1.0825,-5.9015,0.0000,1,0.0988,0.0437,11.5192,0.0016
11.6502,IMM-UKF-LOS,smooth,0.500,10.00,0.050,0,0.600,1,3.5397,27.0094,23.4697,6.2427,0.3600,0.3600,0.0025,6.0000,23.0741,0.1274,16.3962,0.4207,-11.4528,-56.7184,-5.1687,-52.0048,-5.1687,-52.0048,-6.5701,-56.2361,-15.5573,-68.4691,6.2842,4.7136,6.2842,4.7136,4.8828,0.4823,109,0.1300,109,0,0.2564,0.2150,0.5286,0.8469,-3.1136,-0.0041,-1.1031,-5.8977,0.0000,1,0.0988,0.0437,11.5192,0.0016
11.6602,IMM-UKF-LOS,smooth,0.500,10.00,0.050,0,0.600,1,3.5272,25.6738,22.1466,6.0352,0.3600,0.3600,0.0008,6.0000,22.3341,0.0551,11.1531,0.4100,-12.2166,-57.0296,-8.8489,-55.3947,-8.8489,-55.3947,-8.8009,-56.9309,-25.6429,-69.1796,3.3677,1.6349,3.3677,1.6349,3.4157,0.0987,110,0.0500,110,0,0.3007,0.2795,0.4198,0.9318,-3.1333,-0.0042,-1.1237,-5.8938,0.0000,1,0.0988,0.0437,11.6118,0.0016
11.6702,IMM-UKF-LOS,smooth,0.500,10.00,0.050,0,0.600,1,3.5153,25.8114,22.2961,6.1337,0.3600,0.3600,0.0009,6.0000,22.3341,0.0669,12.6952,0.3993,-13.0286,-57.3323,-8.8489,-55.3947,-8.8489,-55.3947,-9.1041,-57.2622,-26.2239,-69.2997,4.1797,1.9376,4.1797,1.9376,3.9245,0.0702,110,0.0600,110,0,0.3007,0.2795,0.4198,1.0177,-3.1484,-0.0043,-1.1443,-5.8899,0.0000,1,0.0988,0.0437,11.6118,0.0016
11.6802,IMM-UKF-LOS,smooth,0.500,10.00,0.050,0,0.600,1,3.5038,25.9501,22.4463,6.2330,0.3600,0.3600,0.0026,6.0000,22.3341,0.0788,14.3439,0.3886,-13.8902,-57.6262,-8.8489,-55.3947,-8.8489,-55.3947,-9.4167,-57.5887,-26.8192,-69.4182,5.0413,2.2315,5.0413,2.2315,4.4735,0.0374,110,0.0700,110,0,0.3007,0.2795,0.4198,1.1045,-3.1588,-0.0043,-1.1649,-5.8858,0.0000,1,0.0988,0.0437,11.6118,0.0016
11.6902,IMM-UKF-LOS,smooth,0.500,10.00,0.050,0,0.600,1,3.4929,26.0900,22.5971,6.3332,0.3600,0.3600,0.0042,6.0000,22.3341,0.0910,16.1008,0.3781,-14.8028,-57.9107,-8.8489,-55.3947,-8.8489,-55.3947,-9.7389,-57.9107,-27.4286,-69.5353,5.9538,2.5160,5.9538,2.5160,5.0639,-0.0000,110,0.0800,110,0,0.3007,0.2795,0.4198,1.1918,-3.1648,-0.0044,-1.1855,-5.8817,0.0000,1,0.0988,0.0437,11.6118,0.0016
11.7002,IMM-UKF-LOS,smooth,0.500,10.00,0.050,0,0.600,1,3.4825,26.2309,22.7484,6.4340,0.3600,0.3600,0.0058,6.0000,22.3341,0.1035,17.9666,0.3679,-15.7673,-58.1853,-8.8489,-55.3947,-8.8489,-55.3947,-10.0708,-58.2284,-28.0517,-69.6509,6.9184,2.7905,6.9184,2.7905,5.6965,-0.0431,110,0.0900,110,0,0.3007,0.2795,0.4198,1.2794,-3.1665,-0.0045,-1.2060,-5.8775,0.0000,1,0.0988,0.0437,11.6118,0.0016
11.7102,IMM-UKF-LOS,smooth,0.500,10.00,0.050,0,0.600,1,3.4726,26.3729,22.9003,6.5357,0.3600,0.3600,0.0072,6.0000,22.3341,0.1160,19.9426,0.3580,-16.7848,-58.4492,-8.8489,-55.3947,-8.8489,-55.3947,-10.4125,-58.5418,-28.6881,-69.7650,7.9358,3.0545,7.9358,3.0545,6.3723,-0.0926,110,0.1000,110,0,0.3007,0.2795,0.4198,1.3671,-3.1640,-0.0045,-1.2266,-5.8733,0.0000,1,0.0888,0.0440,11.6118,0.0006
11.7202,IMM-UKF-LOS,smooth,0.500,10.00,0.050,0,0.600,1,3.4633,26.5159,23.0526,6.6380,0.3600,0.3600,0.0086,6.0000,22.3341,0.1288,22.0299,0.3486,-17.8561,-58.7019,-8.8489,-55.3947,-8.8489,-55.3947,-10.7642,-58.8513,-29.3373,-69.8777,9.0071,3.3071,9.0071,3.3071,7.0919,-0.1494,110,0.1100,110,0,0.3007,0.2795,0.4198,1.4548,-3.1576,-0.0045,-1.2471,-5.8690,0.0000,1,0.0888,0.0440,11.6118,0.0006
11.7302,IMM-UKF-LOS,smooth,0.500,10.00,0.050,0,0.600,1,3.4545,26.6597,23.2052,6.7409,0.3600,0.3600,0.0098,6.0000,22.3341,0.1418,24.2296,0.3397,-18.9818,-58.9425,-8.8489,-55.3947,-8.8489,-55.3947,-11.1258,-59.1569,-29.9989,-69.9889,10.1328,3.5478,10.1328,3.5478,7.8560,-0.2144,110,0.1200,110,0,0.3007,0.2795,0.4198,1.5421,-3.1475,-0.0046,-1.2677,-5.8646,0.0000,1,0.0888,0.0440,11.6118,0.0006
11.7402,IMM-UKF-LOS,smooth,0.500,10.00,0.050,0,0.600,1,3.4463,26.8044,23.3581,6.8445,0.3600,0.3600,0.0110,6.0000,22.3341,0.1496,26.5495,0.3329,-20.1646,-59.1701,-8.8489,-55.3947,-8.8489,-55.3947,-11.4974,-59.4587,-30.6725,-70.0985,11.3156,3.7754,11.3156,3.7754,8.6671,-0.2886,110,0.1300,110,0,0.3007,0.2795,0.4198,1.6291,-3.1339,-0.0046,-1.2882,-5.8601,0.0000,1,0.0888,0.0440,11.6118,0.0006
11.7502,IMM-UKF-LOS,smooth,0.500,10.00,0.050,0,0.600,1,3.4387,26.9500,23.5113,6.9486,0.3600,0.3600,0.0124,6.0000,22.3341,0.1440,29.0028,0.3302,-21.4088,-59.3837,-8.8489,-55.3947,-8.8489,-55.3947,-11.8791,-59.7569,-31.3575,-70.2064,12.5599,3.9890,12.5599,3.9890,9.5297,-0.3731,110,0.1400,110,0,0.3007,0.2795,0.4198,1.7154,-3.1170,-0.0046,-1.3087,-5.8555,0.0000,1,0.0888,0.0440,11.6118,0.0006
11.7602,IMM-UKF-LOS,smooth,0.500,10.00,0.050,0,0.600,1,3.4316,26.2568,22.8252,6.9412,0.3600,0.3600,0.0136,6.0000,22.4965,0.0325,19.4893,0.3261,-22.7074,-59.5828,-16.7848,-58.4492,-16.7848,-58.4492,-16.2768,-59.5843,-44.7311,-66.8802,5.9226,1.1335,5.9226,1.1335,6.4306,-0.0016,111,0.0500,111,0,0.2129,0.3471,0.4400,1.8011,-3.0970,-0.0046,-1.3292,-5.8509,0.0000,1,0.0888,0.0440,11.7107,0.0006
11.7702,IMM-UKF-LOS,smooth,0.500,10.00,0.050,0,0.600,1,3.4252,26.3978,22.9725,7.0445,0.3600,0.3600,0.0152,6.0000,22.4965,0.0420,21.6793,0.3164,-24.0520,-59.7657,-16.7848,-58.4492,-16.7848,-58.4492,-16.8549,-59.8334,-45.4470,-66.9030,7.2673,1.3164,7.2673,1.3164,7.1971,-0.0677,111,0.0600,111,0,0.2129,0.3471,0.4400,1.8861,-3.0741,-0.0047,-1.3496,-5.8462,0.0000,1,0.0888,0.0440,11.7107,0.0006
11.7802,IMM-UKF-LOS,smooth,0.500,10.00,0.050,0,0.600,1,3.4195,26.5398,23.1203,7.1487,0.3600,0.3600,0.0165,6.0000,22.4965,0.0538,23.9870,0.3078,-25.4501,-59.9313,-16.7848,-58.4492,-16.7848,-58.4492,-17.4430,-60.0775,-46.1659,-66.9231,8.6654,1.4820,8.6654,1.4820,8.0071,-0.1462,111,0.0700,111,0,0.2129,0.3471,0.4400,1.9702,-3.0487,-0.0047,-1.3701,-5.8415,0.0000,1,0.0888,0.0440,11.7107,0.0006
11.7902,IMM-UKF-LOS,smooth,0.500,10.00,0.050,0,0.600,1,3.4144,26.6829,23.2685,7.2536,0.3600,0.3600,0.0176,6.0000,22.4965,0.0670,26.4119,0.3006,-26.9006,-60.0783,-16.7848,-58.4492,-16.7848,-58.4492,-18.0410,-60.3167,-46.8873,-66.9405,10.1158,1.6291,10.1158,1.6291,8.8596,-0.2384,111,0.0800,111,0,0.2129,0.3471,0.4400,2.0534,-3.0207,-0.0047,-1.3905,-5.8366,0.0000,1,0.0888,0.0440,11.7107,0.0006
11.8002,IMM-UKF-LOS,smooth,0.500,10.00,0.050,0,0.600,1,3.4100,26.8271,23.4171,7.3592,0.3600,0.3600,0.0183,6.0000,22.4965,0.0808,28.9539,0.2950,-28.4019,-60.2055,-16.7848,-58.4492,-16.7848,-58.4492,-18.6488,-60.5511,-47.6106,-66.9552,11.6171,1.7563,11.6171,1.7563,9.7532,-0.3455,111,0.0900,111,0,0.2129,0.3471,0.4400,2.1356,-2.9906,-0.0047,-1.4109,-5.8317,0.0000,1,0.1094,0.0431,11.7107,0.0017
11.8102,IMM-UKF-LOS,smooth,0.500,10.00,0.050,0,0.600,1,3.4064,26.9723,23.5659,7.4655,0.3600,0.3600,0.0188,6.0000,22.4965,0.0951,31.6121,0.2912,-29.9522,-60.3117,-16.7848,-58.4492,-16.7848,-58.4492,-19.2662,-60.7806,-48.3355,-66.9671,13.1674,1.8625,13.1674,1.8625,10.6860,-0.4689,111,0.1000,111,0,0.2129,0.3471,0.4400,2.2170,-2.9584,-0.0047,-1.4313,-5.8268,0.0000,1,0.1094,0.0431,11.7107,0.0017
11.8202,IMM-UKF-LOS,smooth,0.500,10.00,0.050,0,0.600,1,3.4035,27.1186,23.7151,7.5723,0.3600,0.3600,0.0188,6.0000,22.4965,0.1097,34.3856,0.2896,-31.5490,-60.3954,-16.7848,-58.4492,-16.7848,-58.4492,-19.8932,-61.0054,-49.0616,-66.9762,14.7643,1.9462,14.7643,1.9462,11.6558,-0.6100,111,0.1100,111,0,0.2129,0.3471,0.4400,2.2973,-2.9242,-0.0047,-1.4517,-5.8217,0.0000,1,0.1094,0.0431,11.7107,0.0017
11.8302,IMM-UKF-LOS,smooth,0.500,10.00,0.050,0,0.600,1,3.4014,27.2659,23.8644,7.6798,0.3600,0.3600,0.0185,6.0000,22.4965,0.1246,37.2737,0.2902,-33.1898,-60.4555,-16.7848,-58.4492,-16.7848,-58.4492,-20.5296,-61.2254,-49.7884,-66.9825,16.4050,2.0063,16.4050,2.0063,12.6601,-0.7700,111,0.1200,111,0,0.2129,0.3471,0.4400,2.3767,-2.8884,-0.0046,-1.4721,-5.8166,0.0000,1,0.1094,0.0431,11.7107,0.0017
11.8402,IMM-UKF-LOS,smooth,0.500,10.00,0.050,0,0.600,1,3.4002,27.4142,24.0140,7.7878,0.3600,0.3600,0.0178,6.0000,22.4965,0.1396,40.2751,0.2932,-34.8713,-60.4906,-16.7848,-58.4492,-16.7848,-58.4492,-21.1754,-61.4407,-50.5156,-66.9859,18.0865,2.0414,18.0865,2.0414,13.6959,-0.9501,111,0.1300,111,0,0.2129,0.3471,0.4400,2.4551,-2.8509,-0.0046,-1.4924,-5.8114,0.0000,1,0.1094,0.0431,11.7107,0.0017
11.8502,IMM-UKF-LOS,smooth,0.500,10.00,0.050,0,0.600,1,3.3998,23.6078,20.2080,8.4001,0.3600,0.3600,0.0166,6.0000,22.8305,0.0843,22.4161,0.2987,-36.5900,-60.4996,-28.4019,-60.2055,-28.4019,-60.2055,-29.0613,-61.2751,-70.6619,-61.2056,8.1881,0.2941,8.1881,0.2941,7.5286,-0.7754,112,0.0500,112,0,0.1375,0.3063,0.5562,2.5325,-2.8120,-0.0046,-1.5128,-5.8062,0.0000,1,0.1094,0.0431,11.8019,0.0017
11.8602,IMM-UKF-LOS,smooth,0.500,10.00,0.050,0,0.600,1,3.4004,23.7136,20.3132,8.5142,0.3600,0.3600,0.0150,6.0000,22.8305,0.1018,24.6871,0.3065,-38.3419,-60.4814,-28.4019,-60.2055,-28.4019,-60.2055,-30.0768,-61.4270,-71.3764,-61.0560,9.9400,0.2758,9.9400,0.2758,8.2651,-0.9456,112,0.0600,112,0,0.1375,0.3063,0.5562,2.6089,-2.7717,-0.0046,-1.5331,-5.8008,0.0000,1,0.1094,0.0431,11.8019,0.0017
11.8702,IMM-UKF-LOS,smooth,0.500,10.00,0.050,0,0.600,1,3.4018,23.8212,20.4194,8.6288,0.3600,0.3600,0.0131,6.0000,22.8305,0.1110,27.0690,0.3143,-40.1256,-60.4348,-28.4019,-60.2055,-28.4019,-60.2055,-31.1013,-61.5700,-72.0823,-60.9036,11.7237,0.2292,11.7237,0.2292,9.0243,-1.1352,112,0.0700,112,0,0.1375,0.3063,0.5562,2.6845,-2.7303,-0.0046,-1.5533,-5.7954,0.0000,1,0.1094,0.0431,11.8019,0.0017
11.8802,IMM-UKF-LOS,smooth,0.500,10.00,0.050,0,0.600,1,3.4043,23.9308,20.5265,8.7440,0.3600,0.3600,0.0113,6.0000,22.8305,0.0913,29.5780,0.3150,-41.9435,-60.3592,-28.4019,-60.2055,-28.4019,-60.2055,-32.1343,-61.7041,-72.7795,-60.7487,13.5416,0.1537,13.5416,0.1537,9.8092,-1.3449,112,0.0800,112,0,0.1375,0.3063,0.5562,2.7591,-2.6877,-0.0045,-1.5736,-5.7900,0.0000,1,0.1094,0.0431,11.8019,0.0017
11.8902,IMM-UKF-LOS,smooth,0.500,10.00,0.050,0,0.600,1,3.4078,24.0421,20.6344,8.8596,0.3600,0.3600,0.0095,6.0000,22.8305,0.0979,32.1589,0.3213,-43.7720,-60.2540,-28.4019,-60.2055,-28.4019,-60.2055,-33.1750,-61.8293,-73.4678,-60.5913,15.3700,0.0485,15.3700,0.0485,10.5970,-1.5753,112,0.0900,112,0,0.1375,0.3063,0.5562,2.8329,-2.6440,-0.0045,-1.5938,-5.7844,0.0000,1,0.1094,0.0431,11.8019,0.0017
11.9002,IMM-UKF-LOS,smooth,0.500,10.00,0.050,0,0.600,1,3.4123,24.1554,20.7431,8.9756,0.3600,0.3600,0.0075,6.0000,22.8305,0.1165,34.8233,0.3321,-45.6106,-60.1182,-28.4019,-60.2055,-28.4019,-60.2055,-34.2227,-61.9455,-74.1473,-60.4314,17.2087,-0.0873,17.2087,-0.0873,11.3880,-1.8274,112,0.1000,112,0,0.1375,0.3063,0.5562,2.9058,-2.5995,-0.0045,-1.6141,-5.7788,0.0000,1,0.1094,0.0431,11.8019,0.0017
11.9102,IMM-UKF-LOS,smooth,0.500,10.00,0.050,0,0.600,1,3.4179,24.2705,20.8526,9.0920,0.3600,0.3600,0.0050,6.0000,22.8305,0.1353,37.5793,0.3448,-47.4585,-59.9512,-28.4019,-60.2055,-28.4019,-60.2055,-35.2766,-62.0528,-74.8178,-60.2693,19.0565,-0.2543,19.0565,-0.2543,12.1819,-2.1016,112,0.1100,112,0,0.1375,0.3063,0.5562,2.9779,-2.5541,-0.0044,-1.6343,-5.7731,0.0000,1,0.1015,0.0508,11.8019,0.0011
11.9202,IMM-UKF-LOS,smooth,0.500,10.00,0.050,0,0.600,1,3.4247,24.3875,20.9628,9.2087,0.3600,0.3600,0.0020,6.0000,22.8305,0.1542,40.4238,0.3596,-49.3102,-59.7528,-28.4019,-60.2055,-28.4019,-60.2055,-36.3361,-62.1511,-75.4794,-60.1049,20.9083,-0.4527,20.9083,-0.4527,12.9741,-2.3983,112,0.1200,112,0,0.1375,0.3063,0.5562,3.0492,-2.5079,-0.0044,-1.6544,-5.7674,0.0000,1,0.1015,0.0508,11.8019,0.0011
11.9302,IMM-UKF-LOS,smooth,0.500,10.00,0.050,0,0.600,1,3.4326,24.5064,21.0738,9.3257,0.3600,0.3600,0.0014,6.0000,22.8305,0.1733,43.3534,0.3760,-51.1606,-59.5228,-28.4019,-60.2055,-28.4019,-60.2055,-37.4003,-62.2404,-76.1321,-59.9384,22.7587,-0.6827,22.7587,-0.6827,13.7604,-2.7176,112,0.1300,112,0,0.1375,0.3063,0.5562,3.1198,-2.4610,-0.0044,-1.6746,-5.7616,0.0000,1,0.1015,0.0508,11.8019,0.0011
11.9402,IMM-UKF-LOS,smooth,0.500,10.00,0.050,0,0.600,1,3.4418,24.6271,21.1854,9.4429,0.3600,0.3600,0.0053,6.0000,22.8305,0.1924,46.3643,0.3937,-53.0046,-59.2613,-28.4019,-60.2055,-28.4019,-60.2055,-38.4684,-62.3208,-76.7758,-59.7698,24.6027,-0.9443,24.6027,-0.9443,14.5361,-3.0595,112,0.1400,112,0,0.1375,0.3063,0.5562,3.1897,-2.4134,-0.0043,-1.6947,-5.7557,0.0000,1,0.1015,0.0508,11.8019,0.0011
11.9502,IMM-UKF-LOS,smooth,0.500,10.00,0.050,0,0.600,1,3.4521,24.7498,21.2977,9.5603,0.3600,0.3600,0.0096,6.0000,22.8305,0.2115,49.4529,0.4126,-54.8373,-58.9685,-28.4019,-60.2055,-28.4019,-60.2055,-39.5398,-62.3922,-77.4106,-59.5991,26.4354,-1.2370,26.4354,-1.2370,15.2975,-3.4237,112,0.1500,112,0,0.1375,0.3063,0.5562,3.2590,-2.3653,-0.0043,-1.7148,-5.7497,0.0000,1,0.1015,0.0508,11.8019,0.0011
11.9602,IMM-UKF-LOS,smooth,0.500,10.00,0.050,0,0.600,1,3.4638,24.8744,21.4106,9.6779,0.3600,0.3600,0.0143,6.0000,22.8305,0.2307,52.6148,0.4324,-56.6539,-58.6448,-28.4019,-60.2055,-28.4019,-60.2055,-40.6135,-62.4546,-78.0364,-59.4266,28.2519,-1.5607,28.2519,-1.5607,16.0403,-3.8098,112,0.1600,112,0,0.1375,0.3063,0.5562,3.3277,-2.3165,-0.0043,-1.7348,-5.7437,0.0000,1,0.1015,0.0508,11.8019,0.0011
11.9702,IMM-UKF-LOS,smooth,0.500,10.00,0.050,0,0.600,1,3.4767,23.8711,20.3944,6.9112,0.3600,0.3600,0.0194,6.0000,27.1934,0.1211,31.2049,0.4528,-58.4499,-58.2909,-47.4585,-59.9512,-47.4585,-59.9512,-49.1345,-60.4323,-87.0334,-49.7862,10.9915,-1.6603,10.9915,-1.6603,9.3154,-2.1414,113,0.0600,113,0,0.0605,0.1262,0.8133,3.3958,-2.2673,-0.0042,-1.7549,-5.7376,0.0000,1,0.1015,0.0508,11.9112,0.0011
11.9802,IMM-UKF-LOS,smooth,0.500,10.00,0.050,0,0.600,1,3.4911,23.9921,20.5010,7.0076,0.3600,0.3600,0.0248,6.0000,27.1934,0.1392,33.4811,0.4722,-60.2226,-57.9076,-47.4585,-59.9512,-47.4585,-59.9512,-50.4075,-60.3204,-87.5042,-49.5156,12.7642,-2.0436,12.7642,-2.0436,9.8151,-2.4128,113,0.0700,113,0,0.0605,0.1262,0.8133,3.4634,-2.2175,-0.0042,-1.7749,-5.7315,0.0000,1,0.1015,0.0508,11.9112,0.0011
11.9902,IMM-UKF-LOS,smooth,0.500,10.00,0.050,0,0.600,1,3.5068,24.1162,20.6094,7.1049,0.3600,0.3600,0.0298,6.0000,27.1934,0.1372,35.8436,0.4783,-61.9767,-57.4958,-47.4585,-59.9512,-47.4585,-59.9512,-51.6663,-60.1970,-87.9665,-49.2458,14.5183,-2.4554,14.5183,-2.4554,10.3104,-2.7012,113,0.0800,113,0,0.0605,0.1262,0.8133,3.5305,-2.1673,-0.0041,-1.7949,-5.7252,0.0000,1,0.1015,0.0508,11.9112,0.0011
12.0002,IMM-UKF-LOS,smooth,0.500,10.00,0.050,0,0.600,1,3.5239,24.2434,20.7196,7.2029,0.3600,0.3600,0.0347,6.0000,27.1934,0.1494,38.2410,0.4921,-63.6922,-57.0569,-47.4585,-59.9512,-47.4585,-59.9512,-52.9100,-60.0623,-88.4205,-48.9767,16.2338,-2.8943,16.2338,-2.8943,10.7822,-3.0054,113,0.0900,113,0,0.0605,0.1262,0.8133,3.5972,-2.1167,-0.0041,-1.8148,-5.7189,0.0000,1,0.1015,0.0508,11.9112,0.0011
12.0102,IMM-UKF-LOS,smooth,0.500,10.00,0.050,0,0.600,1,3.5424,24.3739,20.8315,7.3017,0.3600,0.3600,0.0395,6.0000,27.1934,0.1691,40.6765,0.5115,-65.3687,-56.5916,-47.4585,-59.9512,-47.4585,-59.9512,-54.1378,-59.9168,-88.8664,-48.7084,17.9103,-3.3596,17.9103,-3.3596,11.2310,-3.3252,113,0.1000,113,0,0.0605,0.1262,0.8133,3.6636,-2.0657,-0.0040,-1.8348,-5.7126,0.0000,1,0.1015,0.0508,11.9112,0.0011
12.0202,IMM-UKF-LOS,smooth,0.500,10.00,0.050,0,0.600,1,3.5624,24.5074,20.9450,7.4012,0.3600,0.3600,0.0446,6.0000,27.1934,0.1888,43.1571,0.5311,-67.0083,-56.1013,-47.4585,-59.9512,-47.4585,-59.9512,-55.3488,-59.7608,-89.3044,-48.4409,19.5498,-3.8499,19.5498,-3.8499,11.6595,-3.6595,113,0.1100,113,0,0.0605,0.1262,0.8133,3.7297,-2.0143,-0.0040,-1.8547,-5.7062,0.0000,1,0.1120,0.0577,11.9112,0.0016
12.0302,IMM-UKF-LOS,smooth,0.500,10.00,0.050,0,0.600,1,3.5839,24.6442,21.0603,7.5013,0.3600,0.3600,0.0499,6.0000,27.1934,0.2084,45.6777,0.5506,-68.6088,-55.5873,-47.4585,-59.9512,-47.4585,-59.9512,-56.5425,-59.5947,-89.7346,-48.1743,21.1503,-4.3639,21.1503,-4.3639,12.0662,-4.0074,113,0.1200,113,0,0.0605,0.1262,0.8133,3.7954,-1.9626,-0.0039,-1.8745,-5.6997,0.0000,1,0.1120,0.0577,11.9112,0.0016
12.0402,IMM-UKF-LOS,smooth,0.500,10.00,0.050,0,0.600,1,3.6069,24.7841,21.1771,7.6020,0.3600,0.3600,0.0554,6.0000,27.1934,0.2276,48.2336,0.5699,-70.1688,-55.0511,-47.4585,-59.9512,-47.4585,-59.9512,-57.7183,-59.4188,-90.1573,-47.9086,22.7103,-4.9001,22.7103,-4.9001,12.4505,-4.3677,113,0.1300,113,0,0.0605,0.1262,0.8133,3.8610,-1.9105,-0.0039,-1.8944,-5.6931,0.0000,1,0.1120,0.0577,11.9112,0.0016
12.0502,IMM-UKF-LOS,smooth,0.500,10.00,0.050,0,0.600,1,3.6315,24.9271,21.2956,7.7031,0.3600,0.3600,0.0553,6.0000,27.1934,0.2656,51.0259,0.5460,-71.7648,-54.4950,-47.4585,-59.9512,-47.4585,-59.9512,-58.8756,-59.2336,-90.5726,-47.6438,24.3063,-5.4562,24.3063,-5.4562,12.8892,-4.7386,113,0.1400,113,0,0.0605,0.1262,0.8133,3.9263,-1.8580,-0.0038,-1.9142,-5.6865,0.0000,1,0.1120,0.0577,11.9112,0.0016
12.0602,IMM-UKF-LOS,smooth,0.500,10.00,0.050,0,0.600,1,3.6577,25.0734,21.4157,7.8046,0.3600,0.3600,0.0533,6.0000,27.1934,0.3764,53.7399,0.5797,-73.2841,-53.9224,-47.4585,-59.9512,-47.4585,-59.9512,-60.0140,-59.0395,-90.9807,-47.3800,25.8257,-6.0288,25.8257,-6.0288,13.2702,-5.1171,113,0.1500,113,0,0.0605,0.1262,0.8133,3.9916,-1.8053,-0.0038,-1.9340,-5.6798,0.0000,1,0.1120,0.0577,11.9112,0.0016
12.0702,IMM-UKF-LOS,smooth,0.500,10.00,0.050,0,0.600,1,3.6854,25.2227,21.5374,7.9065,0.3600,0.3600,0.0483,6.0000,27.1934,0.3695,56.3472,0.5757,-74.7133,-53.3321,-47.4585,-59.9512,-47.4585,-59.9512,-61.1331,-58.8367,-91.3817,-47.1171,27.2549,-6.6191,27.2549,-6.6191,13.5802,-5.5046,113,0.1600,113,0,0.0605,0.1262,0.8133,4.0568,-1.7522,-0.0037,-1.9537,-5.6730,0.0000,1,0.1120,0.0577,11.9112,0.0016
12.0802,IMM-UKF-LOS,smooth,0.500,10.00,0.050,0,0.600,1,3.7147,21.6949,17.9801,5.2506,0.3600,0.3600,0.0437,6.0000,28.6530,0.3909,32.3821,0.5724,-76.0985,-52.7257,-67.0083,-56.1013,-67.0083,-56.1013,-70.1636,-56.9073,-102.2838,-39.6086,9.0902,-3.3756,9.0902,-3.3756,5.9349,-4.1816,114,0.0600,114,0,0.0952,0.1770,0.7278,4.1219,-1.6989,-0.0037,-1.9734,-5.6662,0.0000,1,0.1120,0.0577,12.0218,0.0016
12.0902,IMM-UKF-LOS,smooth,0.500,10.00,0.050,0,0.600,1,3.7457,21.8174,18.0717,5.3239,0.3600,0.3600,0.0395,6.0000,28.6530,0.3827,34.1025,0.5698,-77.4396,-52.1047,-67.0083,-56.1013,-67.0083,-56.1013,-71.4000,-56.5708,-102.6333,-39.2800,10.4313,-3.9966,10.4313,-3.9966,6.0396,-4.4662,114,0.0700,114,0,0.0952,0.1770,0.7278,4.1870,-1.6452,-0.0036,-1.9931,-5.6593,0.0000,1,0.1120,0.0577,12.0218,0.0016
12.1002,IMM-UKF-LOS,smooth,0.500,10.00,0.050,0,0.600,1,3.7783,21.9443,18.1659,5.3984,0.3600,0.3600,0.0356,6.0000,28.6530,0.3742,35.8252,0.5678,-78.7370,-51.4706,-67.0083,-56.1013,-67.0083,-56.1013,-72.6074,-56.2244,-102.9758,-38.9543,11.7288,-4.6306,11.7288,-4.6306,6.1296,-4.7537,114,0.0800,114,0,0.0952,0.1770,0.7278,4.2523,-1.5912,-0.0035,-2.0127,-5.6523,0.0000,1,0.1120,0.0577,12.0218,0.0016
12.1102,IMM-UKF-LOS,smooth,0.500,10.00,0.050,0,0.600,1,3.8126,22.0754,18.2628,5.4740,0.3600,0.3600,0.0320,6.0000,28.6530,0.3667,37.5471,0.5668,-79.9916,-50.8252,-67.0083,-56.1013,-67.0083,-56.1013,-73.7857,-55.8685,-103.3115,-38.6312,12.9833,-5.2761,12.9833,-5.2761,6.2059,-5.0434,114,0.0900,114,0,0.0952,0.1770,0.7278,4.3176,-1.5370,-0.0035,-2.0323,-5.6453,0.0000,1,0.1120,0.0577,12.0218,0.0016
12.1202,IMM-UKF-LOS,smooth,0.500,10.00,0.050,0,0.600,1,3.8485,22.2108,18.3622,5.5506,0.3600,0.3600,0.0282,6.0000,28.6530,0.3821,39.2763,0.5736,-81.2095,-50.1697,-67.0083,-56.1013,-67.0083,-56.1013,-74.9350,-55.5040,-103.6406,-38.3110,14.2012,-5.9316,14.2012,-5.9316,6.2746,-5.3343,114,0.1000,114,0,0.0952,0.1770,0.7278,4.3831,-1.4824,-0.0034,-2.0519,-5.6382,0.0000,1,0.1120,0.0577,12.0218,0.0016
12.1302,IMM-UKF-LOS,smooth,0.500,10.00,0.050,0,0.600,1,3.8862,22.3505,18.4643,5.6281,0.3600,0.3600,0.0247,6.0000,28.6530,0.3958,40.9939,0.5789,-82.3852,-49.5060,-67.0083,-56.1013,-67.0083,-56.1013,-76.0555,-55.1314,-103.9632,-37.9935,15.3769,-6.5953,15.3769,-6.5953,6.3297,-5.6254,114,0.1100,114,0,0.0952,0.1770,0.7278,4.4488,-1.4275,-0.0034,-2.0715,-5.6311,0.0000,1,0.1120,0.0577,12.0218,0.0016
12.1402,IMM-UKF-LOS,smooth,0.500,10.00,0.050,0,0.600,1,3.9255,22.4944,18.5689,5.7065,0.3600,0.3600,0.0211,6.0000,28.6530,0.3921,42.6893,0.5789,-83.5155,-48.8353,-67.0083,-56.1013,-67.0083,-56.1013,-77.1475,-54.7514,-104.2795,-37.6787,16.5072,-7.2660,16.5072,-7.2660,6.3679,-5.9162,114,0.1200,114,0,0.0952,0.1770,0.7278,4.5147,-1.3723,-0.0033,-2.0910,-5.6239,0.0000,1,0.0944,0.0455,12.0218,-0.0004
12.1502,IMM-UKF-LOS,smooth,0.500,10.00,0.050,0,0.600,1,3.9665,22.6426,18.6761,5.7857,0.3600,0.3600,0.0177,6.0000,28.6530,0.3833,44.3665,0.5777,-84.6045,-48.1588,-67.0083,-56.1013,-67.0083,-56.1013,-78.2114,-54.3647,-104.5896,-37.3667,17.5962,-7.9425,17.5962,-7.9425,6.3931,-6.2059,114,0.1300,114,0,0.0952,0.1770,0.7278,4.5810,-1.3168,-0.0032,-2.1104,-5.6166,0.0000,1,0.0944,0.0455,12.0218,-0.0004
12.1602,IMM-UKF-LOS,smooth,0.500,10.00,0.050,0,0.600,1,4.0093,22.7951,18.7859,5.8656,0.3600,0.3600,0.0145,6.0000,28.6530,0.3745,46.0246,0.5770,-85.6546,-47.4778,-67.0083,-56.1013,-67.0083,-56.1013,-79.2475,-53.9717,-104.8938,-37.0574,18.6463,-8.6235,18.6463,-8.6235,6.4071,-6.4939,114,0.1400,114,0,0.0952,0.1770,0.7278,4.6476,-1.2610,-0.0032,-2.1299,-5.6092,0.0000,1,0.0944,0.0455,12.0218,-0.0004
12.1702,IMM-UKF-LOS,smooth,0.500,10.00,0.050,0,0.600,1,4.0537,22.9519,18.8982,5.9461,0.3600,0.3600,0.0117,6.0000,28.6530,0.3657,47.6611,0.5769,-86.6671,-46.7937,-67.0083,-56.1013,-67.0083,-56.1013,-80.2563,-53.5731,-105.1922,-36.7507,19.6589,-9.3076,19.6589,-9.3076,6.4108,-6.7794,114,0.1500,114,0,0.0952,0.1770,0.7278,4.7145,-1.2049,-0.0031,-2.1493,-5.6018,0.0000,1,0.0944,0.0455,12.0218,-0.0004
12.1802,IMM-UKF-LOS,smooth,0.500,10.00,0.050,0,0.600,1,4.0999,23.1130,19.0131,6.0273,0.3600,0.3600,0.0090,6.0000,28.6530,0.3570,49.2729,0.5772,-87.6431,-46.1075,-67.0083,-56.1013,-67.0083,-56.1013,-81.2383,-53.1694,-105.4849,-36.4468,20.6348,-9.9938,20.6348,-9.9938,6.4048,-7.0619,114,0.1600,114,0,0.0952,0.1770,0.7278,4.7820,-1.1484,-0.0030,-2.1686,-5.5944,0.0000,1,0.0944,0.0455,12.0218,-0.0004
12.1902,IMM-UKF-LOS,smooth,0.500,10.00,0.050,0,0.600,1,4.1478,22.0459,17.8980,4.8129,0.3600,0.3600,0.0066,6.0000,33.3693,0.0482,16.0483,0.5780,-88.5839,-45.4203,-83.5155,-48.8353,-83.5155,-48.8353,-86.3540,-47.6190,-108.3201,-25.9824,5.0684,-3.4149,5.0684,-3.4149,2.2299,-2.1987,115,0.0500,115,0,0.0331,0.1987,0.7682,4.8498,-1.0915,-0.0030,-2.1879,-5.5869,0.0000,1,0.0944,0.0455,12.1398,-0.0004
12.2002,IMM-UKF-LOS,smooth,0.500,10.00,0.050,0,0.600,1,4.1975,22.2225,18.0250,4.8965,0.3600,0.3600,0.0044,6.0000,33.3693,0.0581,16.6546,0.5792,-89.4905,-44.7333,-83.5155,-48.8353,-83.5155,-48.8353,-87.2480,-47.0365,-108.5559,-25.6667,5.9750,-4.1019,5.9750,-4.1019,2.2425,-2.3032,115,0.0600,115,0,0.0331,0.1987,0.7682,4.9183,-1.0344,-0.0029,-2.2072,-5.5793,0.0000,1,0.0944,0.0455,12.1398,-0.0004
12.2102,IMM-UKF-LOS,smooth,0.500,10.00,0.050,0,0.600,1,4.2489,22.4048,18.1559,4.9815,0.3600,0.3600,0.0023,6.0000,33.3693,0.0680,17.2495,0.5807,-90.3642,-44.0474,-83.5155,-48.8353,-83.5155,-48.8353,-88.1132,-46.4541,-108.7871,-25.3553,6.8488,-4.7878,6.8488,-4.7878,2.2510,-2.4066,115,0.0700,115,0,0.0331,0.1987,0.7682,4.9872,-0.9768,-0.0028,-2.2265,-5.5716,0.0000,1,0.0944,0.0455,12.1398,-0.0004
12.2202,IMM-UKF-LOS,smooth,0.500,10.00,0.050,0,0.600,1,4.3020,22.5927,18.2907,5.0679,0.3600,0.3600,0.0005,6.0000,33.3693,0.0777,17.8314,0.5825,-91.2062,-43.3635,-83.5155,-48.8353,-83.5155,-48.8353,-88.9507,-45.8724,-109.0140,-25.0483,7.6908,-5.4717,7.6908,-5.4717,2.2555,-2.5089,115,0.0800,115,0,0.0331,0.1987,0.7682,5.0568,-0.9189,-0.0027,-2.2457,-5.5639,0.0000,1,0.0944,0.0455,12.1398,-0.0004
12.2302,IMM-UKF-LOS,smooth,0.500,10.00,0.050,0,0.600,1,4.3569,22.7862,18.4293,5.1555,0.3600,0.3600,0.0012,6.0000,33.3693,0.0873,18.3992,0.5846,-92.0178,-42.6825,-83.5155,-48.8353,-83.5155,-48.8353,-89.7615,-45.2920,-109.2367,-24.7455,8.5024,-6.1528,8.5024,-6.1528,2.2563,-2.6095,115,0.0900,115,0,0.0331,0.1987,0.7682,5.1271,-0.8606,-0.0027,-2.2648,-5.5561,0.0000,1,0.0944,0.0455,12.1398,-0.0004
12.2402,IMM-UKF-LOS,smooth,0.500,10.00,0.050,0,0.600,1,4.4135,22.9852,18.5717,5.2443,0.3600,0.3600,0.0027,6.0000,33.3693,0.0966,18.9519,0.5868,-92.8001,-42.0050,-83.5155,-48.8353,-83.5155,-48.8353,-90.5466,-44.7134,-109.4552,-24.4469,9.2847,-6.8302,9.2847,-6.8302,2.2536,-2.7084,115,0.1000,115,0,0.0331,0.1987,0.7682,5.1980,-0.8019,-0.0026,-2.2839,-5.5483,0.0000,1,0.0935,0.0592,12.1398,0.0015
12.2502,IMM-UKF-LOS,smooth,0.500,10.00,0.050,0,0.600,1,4.4718,23.1898,18.7179,5.3341,0.3600,0.3600,0.0041,6.0000,33.3693,0.1057,19.4881,0.5891,-93.5543,-41.3319,-83.5155,-48.8353,-83.5155,-48.8353,-91.3069,-44.1371,-109.6696,-24.1524,10.0388,-7.5033,10.0388,-7.5033,2.2474,-2.8051,115,0.1100,115,0,0.0331,0.1987,0.7682,5.2697,-0.7428,-0.0025,-2.3030,-5.5404,0.0000,1,0.0935,0.0592,12.1398,0.0015
12.2602,IMM-UKF-LOS,smooth,0.500,10.00,0.050,0,0.600,1,4.5319,23.3998,18.8679,5.4248,0.3600,0.3600,0.0053,6.0000,33.3693,0.1146,20.0071,0.5915,-94.2813,-40.6638,-83.5155,-48.8353,-83.5155,-48.8353,-92.0434,-43.5635,-109.8801,-23.8619,10.7659,-8.1715,10.7659,-8.1715,2.2379,-2.8997,115,0.1200,115,0,0.0331,0.1987,0.7682,5.3421,-0.6832,-0.0024,-2.3221,-5.5325,0.0000,1,0.0935,0.0592,12.1398,0.0015
12.2702,IMM-UKF-LOS,smooth,0.500,10.00,0.050,0,0.600,1,4.5938,23.6153,19.0215,5.5164,0.3600,0.3600,0.0065,6.0000,33.3693,0.1231,20.5080,0.5939,-94.9824,-40.0013,-83.5155,-48.8353,-83.5155,-48.8353,-92.7570,-42.9930,-110.0867,-23.5754,11.4669,-8.8340,11.4669,-8.8340,2.2254,-2.9917,115,0.1300,115,0,0.0331,0.1987,0.7682,5.4154,-0.6232,-0.0023,-2.3410,-5.5244,0.0000,1,0.0935,0.0592,12.1398,0.0015
12.2802,IMM-UKF-LOS,smooth,0.500,10.00,0.050,0,0.600,1,4.6574,23.8363,19.1789,5.6088,0.3600,0.3600,0.0075,6.0000,33.3693,0.1313,20.9904,0.5963,-95.6586,-39.3449,-83.5155,-48.8353,-83.5155,-48.8353,-93.4485,-42.4261,-110.2896,-23.2927,12.1431,-9.4904,12.1431,-9.4904,2.2101,-3.0812,115,0.1400,115,0,0.0331,0.1987,0.7682,5.4895,-0.5628,-0.0022,-2.3600,-5.5164,0.0000,1,0.0935,0.0592,12.1398,0.0015
12.2902,IMM-UKF-LOS,smooth,0.500,10.00,0.050,0,0.600,1,4.7227,24.0626,19.3399,5.7019,0.3600,0.3600,0.0084,6.0000,33.3693,0.1391,21.4534,0.5986,-96.3109,-38.6950,-83.5155,-48.8353,-83.5155,-48.8353,-94.1188,-41.8629,-110.4889,-23.0139,12.7954,-10.1402,12.7954,-10.1402,2.1921,-3.1679,115,0.1500,115,0,0.0331,0.1987,0.7682,5.5645,-0.5019,-0.0021,-2.3789,-5.5082,0.0000,1,0.0935,0.0592,12.1398,0.0015
12.3002,IMM-UKF-LOS,smooth,0.500,10.00,0.050,0,0.600,1,4.7897,23.7390,18.9492,4.3157,0.3600,0.3600,0.0091,6.0000,34.7068,0.0501,8.7571,0.6009,-96.9402,-38.0522,-92.8001,-42.0050,-92.8001,-42.0050,-96.2806,-39.4225,-112.1211,-19.4365,4.1400,-3.9528,4.1400,-3.9528,0.6595,-1.3702,116,0.0600,116,0,0.0398,0.1499,0.8103,5.6404,-0.4405,-0.0020,-2.3978,-5.5001,0.0000,1,0.0935,0.0592,12.2416,0.0015
12.3102,IMM-UKF-LOS,smooth,0.500,10.00,0.050,0,0.600,1,4.8585,23.9708,19.1122,4.3989,0.3600,0.3600,0.0098,6.0000,34.7068,0.0572,8.9733,0.6029,-97.5474,-37.4169,-92.8001,-42.0050,-92.8001,-42.0050,-96.8980,-38.8269,-112.3030,-19.1633,4.7473,-4.5882,4.7473,-4.5882,0.6495,-1.4100,116,0.0700,116,0,0.0398,0.1499,0.8103,5.7173,-0.3787,-0.0019,-2.4166,-5.4918,0.0000,1,0.0935,0.0592,12.2416,0.0015
12.3202,IMM-UKF-LOS,smooth,0.500,10.00,0.050,0,0.600,1,4.9291,24.2081,19.2790,4.4839,0.3600,0.3600,0.0105,6.0000,34.7068,0.0633,9.1759,0.6048,-98.1338,-36.7892,-92.8001,-42.0050,-92.8001,-42.0050,-97.4965,-38.2371,-112.4816,-18.8941,5.3337,-5.2158,5.3337,-5.2158,0.6373,-1.4479,116,0.0800,116,0,0.0398,0.1499,0.8103,5.7953,-0.3163,-0.0018,-2.4354,-5.4835,0.0000,1,0.0935,0.0592,12.2416,0.0015
12.3302,IMM-UKF-LOS,smooth,0.500,10.00,0.050,0,0.600,1,5.0014,24.4510,19.4496,4.5705,0.3600,0.3600,0.0113,6.0000,34.7068,0.0607,9.3675,0.6072,-98.7019,-36.1696,-92.8001,-42.0050,-92.8001,-42.0050,-98.0771,-37.6534,-112.6571,-18.6289,5.9017,-5.8354,5.9017,-5.8354,0.6248,-1.4837,116,0.0900,116,0,0.0398,0.1499,0.8103,5.8742,-0.2534,-0.0017,-2.4541,-5.4752,0.0000,1,0.0935,0.0592,12.2416,0.0015
12.3402,IMM-UKF-LOS,smooth,0.500,10.00,0.050,0,0.600,1,5.0754,24.6994,19.6240,4.6585,0.3600,0.3600,0.0120,6.0000,34.7068,0.0583,9.5447,0.6092,-99.2504,-35.5583,-92.8001,-42.0050,-92.8001,-42.0050,-98.6404,-37.0759,-112.8295,-18.3676,6.4502,-6.4467,6.4502,-6.4467,0.6100,-1.5176,116,0.1000,116,0,0.0398,0.1499,0.8103,5.9543,-0.1900,-0.0016,-2.4728,-5.4667,0.0000,1,0.0826,0.0489,12.2416,-0.0000
12.3502,IMM-UKF-LOS,smooth,0.500,10.00,0.050,0,0.600,1,5.1512,24.9533,19.8022,4.7480,0.3600,0.3600,0.0126,6.0000,34.7068,0.0560,9.7075,0.6104,-99.7801,-34.9556,-92.8001,-42.0050,-92.8001,-42.0050,-99.1871,-36.5049,-112.9988,-18.1100,6.9800,-7.0495,6.9800,-7.0495,0.5930,-1.5493,116,0.1100,116,0,0.0398,0.1499,0.8103,6.0354,-0.1261,-0.0015,-2.4914,-5.4583,0.0000,1,0.0826,0.0489,12.2416,-0.0000
12.3602,IMM-UKF-LOS,smooth,0.500,10.00,0.050,0,0.600,1,5.2287,25.2127,19.9840,4.8388,0.3600,0.3600,0.0132,6.0000,34.7068,0.0537,9.8561,0.6113,-100.2919,-34.3616,-92.8001,-42.0050,-92.8001,-42.0050,-99.7177,-35.9405,-113.1652,-17.8562,7.4917,-7.6435,7.4917,-7.6435,0.5741,-1.5789,116,0.1200,116,0,0.0398,0.1499,0.8103,6.1177,-0.0615,-0.0014,-2.5100,-5.4497,0.0000,1,0.0826,0.0489,12.2416,-0.0000
12.3702,IMM-UKF-LOS,smooth,0.500,10.00,0.050,0,0.600,1,5.3079,25.4774,20.1695,4.9307,0.3600,0.3600,0.0138,6.0000,34.7068,0.0542,9.9901,0.6115,-100.7857,-33.7764,-92.8001,-42.0050,-92.8001,-42.0050,-100.2330,-35.3828,-113.3287,-17.6061,7.9855,-8.2287,7.9855,-8.2287,0.5527,-1.6064,116,0.1300,116,0,0.0398,0.1499,0.8103,6.2012,0.0036,-0.0012,-2.5286,-5.4412,0.0000,1,0.0826,0.0489,12.2416,-0.0000
12.3802,IMM-UKF-LOS,smooth,0.500,10.00,0.050,0,0.600,1,5.3889,25.7476,20.3587,5.0238,0.3600,0.3600,0.0145,6.0000,34.7068,0.0586,10.1097,0.6110,-101.2621,-33.2001,-92.8001,-42.0050,-92.8001,-42.0050,-100.7336,-34.8319,-113.4894,-17.3595,8.4619,-8.8049,8.4619,-8.8049,0.5285,-1.6318,116,0.1400,116,0,0.0398,0.1499,0.8103,6.2859,0.0693,-0.0011,-2.5471,-5.4325,0.0000,1,0.0826,0.0489,12.2416,-0.0000
12.3902,IMM-UKF-LOS,smooth,0.500,10.00,0.050,0,0.600,1,5.4716,26.2644,20.7928,4.8646,0.3600,0.3600,0.0151,6.0000,37.5493,0.0047,0.5584,0.6103,-101.7226,-32.6329,-99.2504,-35.5583,-99.2504,-35.5583,-101.6503,-32.7036,-114.0011,-13.8889,2.4723,-2.9255,2.4723,-2.9255,0.0724,-0.0707,117,0.0500,117,0,0.0747,0.1400,0.7852,6.3719,0.1356,-0.0009,-2.5655,-5.4238,0.0000,1,0.0826,0.0489,12.3401,-0.0000
12.4002,IMM-UKF-LOS,smooth,0.500,10.00,0.050,0,0.600,1,5.5560,26.5472,20.9912,4.9626,0.3600,0.3600,0.0157,6.0000,37.5493,0.0093,0.3725,0.6093,-102.1681,-32.0747,-99.2504,-35.5583,-99.2504,-35.5583,-102.1145,-32.1173,-114.1483,-13.6443,2.9178,-3.4836,2.9178,-3.4836,0.0536,-0.0426,117,0.0600,117,0,0.0747,0.1400,0.7852,6.4592,0.2025,-0.0008,-2.5840,-5.4151,0.0000,1,0.0826,0.0489,12.3401,-0.0000
12.4102,IMM-UKF-LOS,smooth,0.500,10.00,0.050,0,0.600,1,5.6422,26.8358,21.1935,5.0619,0.3600,0.3600,0.0162,6.0000,37.5493,0.0138,0.1900,0.6082,-102.5991,-31.5257,-99.2504,-35.5583,-99.2504,-35.5583,-102.5656,-31.5396,-114.2930,-13.4035,3.3487,-4.0326,3.3487,-4.0326,0.0335,-0.0139,117,0.0700,117,0,0.0747,0.1400,0.7852,6.5478,0.2701,-0.0006,-2.6023,-5.4063,0.0000,1,0.0826,0.0489,12.3401,-0.0000
12.4202,IMM-UKF-LOS,smooth,0.500,10.00,0.050,0,0.600,1,5.7302,27.1300,21.3998,5.1621,0.3600,0.3600,0.0166,6.0000,37.5493,0.0181,0.1119,0.6068,-103.0162,-30.9858,-99.2504,-35.5583,-99.2504,-35.5583,-103.0039,-30.9703,-114.4353,-13.1665,3.7658,-4.5725,3.7658,-4.5725,0.0122,0.0155,117,0.0800,117,0,0.0747,0.1400,0.7852,6.6378,0.3384,-0.0004,-2.6206,-5.3974,0.0000,1,0.0826,0.0489,12.3401,-0.0000
12.4302,IMM-UKF-LOS,smooth,0.500,10.00,0.050,0,0.600,1,5.8199,27.4299,21.6100,5.2634,0.3600,0.3600,0.0170,6.0000,37.5493,0.0223,0.2767,0.6051,-103.4199,-30.4551,-99.2504,-35.5583,-99.2504,-35.5583,-103.4300,-30.4097,-114.5752,-12.9333,4.1695,-5.1032,4.1695,-5.1032,-0.0102,0.0454,117,0.0900,117,0,0.0747,0.1400,0.7852,6.7291,0.4073,-0.0002,-2.6389,-5.3885,0.0000,1,0.0925,0.0437,12.3401,0.0018
12.4402,IMM-UKF-LOS,smooth,0.500,10.00,0.050,0,0.600,1,5.9113,27.7354,21.8240,5.3655,0.3600,0.3600,0.0174,6.0000,37.5493,0.0263,0.4867,0.6033,-103.8107,-29.9335,-99.2504,-35.5583,-99.2504,-35.5583,-103.8444,-29.8576,-114.7127,-12.7038,4.5603,-5.6248,4.5603,-5.6248,-0.0337,0.0759,117,0.1000,117,0,0.0747,0.1400,0.7852,6.8219,0.4769,-0.0000,-2.6571,-5.3796,0.0000,1,0.0925,0.0437,12.3401,0.0018
12.4502,IMM-UKF-LOS,smooth,0.500,10.00,0.050,0,0.600,1,6.0045,28.0465,22.0420,5.4684,0.3600,0.3600,0.0177,6.0000,37.5493,0.0302,0.7083,0.6012,-104.1892,-29.4210,-99.2504,-35.5583,-99.2504,-35.5583,-104.2474,-29.3140,-114.8479,-12.4778,4.9388,-6.1373,4.9388,-6.1373,-0.0582,0.1070,117,0.1100,117,0,0.0747,0.1400,0.7852,6.9161,0.5471,0.0002,-2.6753,-5.3706,0.0000,1,0.0925,0.0437,12.3401,0.0018
12.4602,IMM-UKF-LOS,smooth,0.500,10.00,0.050,0,0.600,1,6.0995,28.3630,22.2635,5.5720,0.3600,0.3600,0.0179,6.0000,37.5493,0.0340,0.9370,0.5989,-104.5557,-28.9176,-99.2504,-35.5583,-99.2504,-35.5583,-104.6394,-28.7792,-114.9809,-12.2556,5.3054,-6.6407,5.3054,-6.6407,-0.0837,0.1384,117,0.1200,117,0,0.0747,0.1400,0.7852,7.0102,0.6174,0.0005,-2.6934,-5.3615,0.0000,1,0.0925,0.0437,12.3401,0.0018
12.4702,IMM-UKF-LOS,smooth,0.500,10.00,0.050,0,0.600,1,6.1962,28.6847,22.4886,5.6763,0.3600,0.3600,0.0181,6.0000,37.5493,0.0378,1.1712,0.5963,-104.9108,-28.4234,-99.2504,-35.5583,-99.2504,-35.5583,-105.0208,-28.2533,-115.1116,-12.0374,5.6604,-7.1349,5.6604,-7.1349,-0.1100,0.1701,117,0.1300,117,0,0.0747,0.1400,0.7852,7.1033,0.6872,0.0008,-2.7114,-5.3524,0.0000,1,0.0925,0.0437,12.3401,0.0018
12.4802,IMM-UKF-LOS,smooth,0.500,10.00,0.050,0,0.600,1,6.2945,29.4585,23.1639,4.9174,0.3600,0.3600,0.0183,6.0000,37.8148,0.0202,1.0757,0.5936,-105.2548,-27.9384,-103.4199,-30.4551,-103.4199,-30.4551,-105.1999,-28.1116,-114.8241,-12.7671,1.8349,-2.5167,1.8349,-2.5167,0.0549,-0.1732,118,0.0500,118,0,0.1564,0.1757,0.6678,7.1954,0.7565,0.0011,-2.7294,-5.3432,0.0000,1,0.0925,0.0437,12.4320,0.0018
12.4902,IMM-UKF-LOS,smooth,0.500,10.00,0.050,0,0.600,1,6.3946,29.7907,23.3961,5.0101,0.3600,0.3600,0.0185,6.0000,37.8148,0.0241,1.0195,0.5906,-105.5881,-27.4627,-103.4199,-30.4551,-103.4199,-30.4551,-105.5452,-27.6288,-114.9457,-12.5649,2.1682,-2.9924,2.1682,-2.9924,0.0429,-0.1661,118,0.0600,118,0,0.1564,0.1757,0.6678,7.2864,0.8254,0.0014,-2.7474,-5.3340,0.0000,1,0.0925,0.0437,12.4320,0.0018
12.5002,IMM-UKF-LOS,smooth,0.500,10.00,0.050,0,0.600,1,6.4963,30.1277,23.6314,5.1042,0.3600,0.3600,0.0186,6.0000,37.8148,0.0281,0.9579,0.5875,-105.9110,-26.9961,-103.4199,-30.4551,-103.4199,-30.4551,-105.8817,-27.1541,-115.0654,-12.3661,2.4912,-3.4590,2.4912,-3.4590,0.0294,-0.1580,118,0.0700,118,0,0.1564,0.1757,0.6678,7.3764,0.8938,0.0019,-2.7653,-5.3248,0.0000,1,0.0925,0.0437,12.4320,0.0018
12.5102,IMM-UKF-LOS,smooth,0.500,10.00,0.050,0,0.600,1,6.5997,30.4693,23.8696,5.1997,0.3600,0.3600,0.0187,6.0000,37.8148,0.0320,0.8932,0.5842,-106.2240,-26.5387,-103.4199,-30.4551,-103.4199,-30.4551,-106.2096,-26.6875,-115.1832,-12.1706,2.8042,-3.9164,2.8042,-3.9164,0.0145,-0.1488,118,0.0800,118,0,0.1564,0.1757,0.6678,7.4654,0.9617,0.0024,-2.7832,-5.3154,0.0000,1,0.0925,0.0437,12.4320,0.0018
12.5202,IMM-UKF-LOS,smooth,0.500,10.00,0.050,0,0.600,1,6.7047,30.8155,24.1108,5.2964,0.3600,0.3600,0.0187,6.0000,37.8148,0.0360,0.8282,0.5807,-106.5274,-26.0905,-103.4199,-30.4551,-103.4199,-30.4551,-106.5292,-26.2289,-115.2993,-11.9785,3.1076,-4.3646,3.1076,-4.3646,-0.0018,-0.1384,118,0.0900,118,0,0.1564,0.1757,0.6678,7.5534,1.0291,0.0031,-2.8010,-5.3061,0.0000,1,0.0925,0.0437,12.4320,0.0018
12.5302,IMM-UKF-LOS,smooth,0.500,10.00,0.050,0,0.600,1,6.8112,31.1661,24.3549,5.3943,0.3600,0.3600,0.0187,6.0000,37.8148,0.0400,0.7672,0.5770,-106.8215,-25.6514,-103.4199,-30.4551,-103.4199,-30.4551,-106.8409,-25.7785,-115.4135,-11.7899,3.4017,-4.8037,3.4017,-4.8037,-0.0193,-0.1271,118,0.1000,118,0,0.1564,0.1757,0.6678,7.6405,1.0961,0.0042,-2.8187,-5.2967,0.0000,1,0.0970,0.0489,12.4320,0.0002
12.5402,IMM-UKF-LOS,smooth,0.500,10.00,0.050,0,0.600,1,6.9194,31.5212,24.6018,5.4933,0.3600,0.3600,0.0187,6.0000,37.8148,0.0440,0.7168,0.5732,-107.1067,-25.2214,-103.4199,-30.4551,-103.4199,-30.4551,-107.1448,-25.3362,-115.5260,-11.6052,3.6869,-5.2337,3.6869,-5.2337,-0.0380,-0.1148,118,0.1100,118,0,0.1564,0.1757,0.6678,7.7265,1.1625,0.0066,-2.8364,-5.2872,0.0000,1,0.0970,0.0489,12.4320,0.0002
12.5502,IMM-UKF-LOS,smooth,0.500,10.00,0.050,0,0.600,1,7.0260,31.8432,24.8172,5.5933,0.3600,0.3600,0.0187,6.0000,37.8148,0.0481,0.7757,0.5694,-107.3787,-24.8128,-103.4199,-30.4551,-103.4199,-30.4551,-107.4293,-24.9340,-115.6368,-11.4753,3.9588,-5.6423,3.9588,-5.6423,-0.0507,-0.1213,118,0.1200,118,0,0.1564,0.1757,0.6678,7.4923,1.0753,0.0133,-2.8541,-5.2777,0.0000,1,0.0970,0.0489,12.4320,0.0002
12.5602,IMM-UKF-LOS,smooth,0.500,10.00,0.050,0,0.600,1,7.1309,32.1626,25.0317,5.6944,0.3600,0.3600,0.0186,6.0000,37.8148,0.0521,0.7974,0.5655,-107.6384,-24.4239,-103.4199,-30.4551,-103.4199,-30.4551,-107.7059,-24.5422,-115.7467,-11.3439,4.2186,-6.0312,4.2186,-6.0312,-0.0674,-0.1183,118,0.1300,118,0,0.1564,0.1757,0.6678,7.2581,0.9879,0.0144,-2.8716,-5.2682,0.0000,1,0.0970,0.0489,12.4320,0.0002
12.5702,IMM-UKF-LOS,smooth,0.500,10.00,0.050,0,0.600,1,7.2341,32.4795,25.2454,5.7965,0.3600,0.3600,0.0186,6.0000,37.8148,0.0560,0.8029,0.5617,-107.8869,-24.0535,-103.4199,-30.4551,-103.4199,-30.4551,-107.9748,-24.1611,-115.8559,-11.2145,4.4670,-6.4016,4.4670,-6.4016,-0.0880,-0.1075,118,0.1400,118,0,0.1564,0.1757,0.6678,7.0240,0.9003,0.0148,-2.8892,-5.2586,0.0000,1,0.0970,0.0489,12.4320,0.0002
12.5802,IMM-UKF-LOS,smooth,0.500,10.00,0.050,0,0.600,1,7.3356,32.6784,25.3428,5.6796,0.3600,0.3600,0.0185,6.0000,37.7535,0.0209,0.8440,0.5579,-108.1248,-23.7007,-106.8215,-25.6514,-106.8215,-25.6514,-108.1985,-23.5768,-115.8546,-10.7325,1.3033,-1.9508,1.3033,-1.9508,-0.0737,0.1239,119,0.0500,119,0,0.2750,0.2387,0.4863,6.7916,0.8131,0.0150,-2.9067,-5.2489,0.0000,1,0.0970,0.0489,12.5304,0.0002
12.5902,IMM-UKF-LOS,smooth,0.500,10.00,0.050,0,0.600,1,7.4353,33.0115,25.5762,5.7789,0.3600,0.3600,0.0184,6.0000,37.7535,0.0250,1.1545,0.5541,-108.3529,-23.3642,-106.8215,-25.6514,-106.8215,-25.6514,-108.4527,-23.1944,-115.9583,-10.5993,1.5314,-2.2872,1.5314,-2.2872,-0.0998,0.1698,119,0.0600,119,0,0.2750,0.2387,0.4863,6.5616,0.7267,0.0151,-2.9241,-5.2392,0.0000,1,0.0970,0.0489,12.5304,0.0002
12.6002,IMM-UKF-LOS,smooth,0.500,10.00,0.050,0,0.600,1,7.5332,33.3422,25.8090,5.8790,0.3600,0.3600,0.0182,6.0000,37.7535,0.0289,1.4980,0.5503,-108.5720,-23.0432,-106.8215,-25.6514,-106.8215,-25.6514,-108.7001,-22.8224,-116.0611,-10.4680,1.7504,-2.6082,1.7504,-2.6082,-0.1282,0.2208,119,0.0700,119,0,0.2750,0.2387,0.4863,6.3340,0.6409,0.0150,-2.9415,-5.2295,0.0000,1,0.0970,0.0489,12.5304,0.0002
12.6102,IMM-UKF-LOS,smooth,0.500,10.00,0.050,0,0.600,1,7.6294,33.6705,26.0411,5.9801,0.3600,0.3600,0.0181,6.0000,37.7535,0.0328,1.8714,0.5466,-108.7825,-22.7368,-106.8215,-25.6514,-106.8215,-25.6514,-108.9411,-22.4604,-116.1631,-10.3386,1.9610,-2.9146,1.9610,-2.9146,-0.1585,0.2765,119,0.0800,119,0,0.2750,0.2387,0.4863,6.1088,0.5558,0.0149,-2.9588,-5.2197,0.0000,1,0.0970,0.0489,12.5304,0.0002
12.6202,IMM-UKF-LOS,smooth,0.500,10.00,0.050,0,0.600,1,7.7238,33.9963,26.2725,6.0821,0.3600,0.3600,0.0179,6.0000,37.7535,0.0366,2.2720,0.5430,-108.9851,-22.4442,-106.8215,-25.6514,-106.8215,-25.6514,-109.1759,-22.1080,-116.2642,-10.2112,2.1636,-3.2072,2.1636,-3.2072,-0.1907,0.3363,119,0.0900,119,0,0.2750,0.2387,0.4863,5.8858,0.4715,0.0148,-2.9760,-5.2099,0.0000,1,0.0970,0.0489,12.5304,0.0002
12.6302,IMM-UKF-LOS,smooth,0.500,10.00,0.050,0,0.600,1,7.8164,34.3197,26.5033,6.1849,0.3600,0.3600,0.0178,6.0000,37.7535,0.0403,2.6973,0.5394,-109.1804,-22.1646,-106.8215,-25.6514,-106.8215,-25.6514,-109.4049,-21.7647,-116.3645,-10.0855,2.3588,-3.4868,2.3588,-3.4868,-0.2245,0.3999,119,0.1000,119,0,0.2750,0.2387,0.4863,5.6652,0.3878,0.0146,-2.9932,-5.2001,0.0000,1,0.0933,0.0475,12.5304,0.0013
12.6402,IMM-UKF-LOS,smooth,0.500,10.00,0.050,0,0.600,1,7.9072,34.6406,26.7334,6.2885,0.3600,0.3600,0.0176,6.0000,37.7535,0.0439,3.1453,0.5359,-109.3686,-21.8973,-106.8215,-25.6514,-106.8215,-25.6514,-109.6283,-21.4302,-116.4640,-9.9616,2.5471,-3.7541,2.5471,-3.7541,-0.2597,0.4671,119,0.1100,119,0,0.2750,0.2387,0.4863,5.4469,0.3048,0.0144,-3.0104,-5.1902,0.0000,1,0.0933,0.0475,12.5304,0.0013
12.6502,IMM-UKF-LOS,smooth,0.500,10.00,0.050,0,0.600,1,7.9962,34.9590,26.9628,6.3929,0.3600,0.3600,0.0174,6.0000,37.7535,0.0475,3.6138,0.5324,-109.5503,-21.6417,-106.8215,-25.6514,-106.8215,-25.6514,-109.8465,-21.1042,-116.5627,-9.8394,2.7288,-4.0097,2.7288,-4.0097,-0.2962,0.5374,119,0.1200,119,0,0.2750,0.2387,0.4863,5.2308,0.2225,0.0142,-3.0275,-5.1802,0.0000,1,0.0933,0.0475,12.5304,0.0013
12.6602,IMM-UKF-LOS,smooth,0.500,10.00,0.050,0,0.600,1,8.0835,35.2749,27.1914,6.4980,0.3600,0.3600,0.0172,6.0000,37.7535,0.0509,4.1012,0.5291,-109.7259,-21.3971,-106.8215,-25.6514,-106.8215,-25.6514,-110.0596,-20.7863,-116.6606,-9.7189,2.9043,-4.2544,2.9043,-4.2544,-0.3337,0.6107,119,0.1300,119,0,0.2750,0.2387,0.4863,5.0170,0.1408,0.0139,-3.0445,-5.1702,0.0000,1,0.0933,0.0475,12.5304,0.0013
12.6702,IMM-UKF-LOS,smooth,0.500,10.00,0.050,0,0.600,1,8.1689,35.5883,27.4194,6.6038,0.3600,0.3600,0.0169,6.0000,37.7535,0.0543,4.6056,0.5258,-109.8957,-21.1629,-106.8215,-25.6514,-106.8215,-25.6514,-110.2680,-20.4762,-116.7579,-9.6000,3.0741,-4.4885,3.0741,-4.4885,-0.3723,0.6867,119,0.1400,119,0,0.2750,0.2387,0.4863,4.8054,0.0599,0.0137,-3.0615,-5.1602,0.0000,1,0.0933,0.0475,12.5304,0.0013
12.6802,IMM-UKF-LOS,smooth,0.500,10.00,0.050,0,0.600,1,8.2526,36.0685,27.8159,6.5962,0.3600,0.3600,0.0167,6.0000,37.2998,0.0174,2.2027,0.5226,-110.0600,-20.9387,-109.1804,-22.1646,-109.1804,-22.1646,-110.2170,-20.6011,-116.2559,-10.7240,0.8797,-1.2259,0.8797,-1.2259,-0.1570,0.3377,120,0.0500,120,0,0.4010,0.2858,0.3132,4.5959,-0.0204,0.0135,-3.0784,-5.1501,0.0000,1,0.0933,0.0475,12.6314,0.0013
12.6902,IMM-UKF-LOS,smooth,0.500,10.00,0.050,0,0.600,1,8.3345,36.4034,28.0689,6.6976,0.3600,0.3600,0.0165,6.0000,37.2998,0.0206,2.6480,0.5194,-110.2193,-20.7240,-109.1804,-22.1646,-109.1804,-22.1646,-110.4057,-20.3173,-116.3436,-10.6176,1.0389,-1.4406,1.0389,-1.4406,-0.1865,0.4067,120,0.0600,120,0,0.4010,0.2858,0.3132,4.3886,-0.1000,0.0132,-3.0952,-5.1400,0.0000,1,0.0933,0.0475,12.6314,0.0013
12.7002,IMM-UKF-LOS,smooth,0.500,10.00,0.050,0,0.600,1,8.4146,36.7355,28.3209,6.7996,0.3600,0.3600,0.0162,6.0000,37.2998,0.0238,3.1045,0.5164,-110.3737,-20.5183,-109.1804,-22.1646,-109.1804,-22.1646,-110.5903,-20.0407,-116.4307,-10.5128,1.1933,-1.6464,1.1933,-1.6464,-0.2166,0.4775,120,0.0700,120,0,0.4010,0.2858,0.3132,4.1835,-0.1790,0.0129,-3.1120,-5.1298,0.0000,1,0.0933,0.0475,12.6314,0.0013
12.7102,IMM-UKF-LOS,smooth,0.500,10.00,0.050,0,0.600,1,8.4930,37.0648,28.5719,6.9024,0.3600,0.3600,0.0159,6.0000,37.2998,0.0269,3.5713,0.5134,-110.5235,-20.3211,-109.1804,-22.1646,-109.1804,-22.1646,-110.7708,-19.7712,-116.5171,-10.4096,1.3431,-1.8435,1.3431,-1.8435,-0.2473,0.5499,120,0.0800,120,0,0.4010,0.2858,0.3132,3.9804,-0.2573,0.0127,-3.1288,-5.1197,0.0000,1,0.0933,0.0475,12.6314,0.0013
12.7202,IMM-UKF-LOS,smooth,0.500,10.00,0.050,0,0.600,1,8.5695,37.3913,28.8218,7.0059,0.3600,0.3600,0.0157,6.0000,37.2998,0.0298,4.0474,0.5105,-110.6690,-20.1321,-109.1804,-22.1646,-109.1804,-22.1646,-110.9475,-19.5084,-116.6029,-10.3079,1.4886,-2.0326,1.4886,-2.0326,-0.2786,0.6237,120,0.0900,120,0,0.4010,0.2858,0.3132,3.7795,-0.3350,0.0124,-3.1454,-5.1094,0.0000,1,0.0933,0.0475,12.6314,0.0013
12.7302,IMM-UKF-LOS,smooth,0.500,10.00,0.050,0,0.600,1,8.6444,37.7151,29.0707,7.1100,0.3600,0.3600,0.0154,6.0000,37.2998,0.0327,4.5322,0.5077,-110.8103,-19.9508,-109.1804,-22.1646,-109.1804,-22.1646,-111.1206,-19.2520,-116.6880,-10.2076,1.6300,-2.2138,1.6300,-2.2138,-0.3103,0.6989,120,0.1000,120,0,0.4010,0.2858,0.3132,3.5807,-0.4120,0.0121,-3.1621,-5.0992,0.0000,1,0.1034,0.0521,12.6314,0.0015
12.7402,IMM-UKF-LOS,smooth,0.500,10.00,0.050,0,0.600,1,8.7175,38.0360,29.3186,7.2148,0.3600,0.3600,0.0151,6.0000,37.2998,0.0356,5.0249,0.5049,-110.9478,-19.7770,-109.1804,-22.1646,-109.1804,-22.1646,-111.2902,-19.0017,-116.7726,-10.1086,1.7674,-2.3876,1.7674,-2.3876,-0.3424,0.7753,120,0.1100,120,0,0.4010,0.2858,0.3132,3.3839,-0.4884,0.0118,-3.1786,-5.0888,0.0000,1,0.1034,0.0521,12.6314,0.0015
12.7502,IMM-UKF-LOS,smooth,0.500,10.00,0.050,0,0.600,1,8.7888,38.3542,29.5654,7.3201,0.3600,0.3600,0.0148,6.0000,37.2998,0.0383,5.5250,0.5022,-111.0816,-19.6103,-109.1804,-22.1646,-109.1804,-22.1646,-111.4564,-18.7574,-116.8565,-10.0111,1.9012,-2.5543,1.9012,-2.5543,-0.3749,0.8529,120,0.1200,120,0,0.4010,0.2858,0.3132,3.1891,-0.5641,0.0115,-3.1951,-5.0785,0.0000,1,0.1034,0.0521,12.6314,0.0015
12.7602,IMM-UKF-LOS,smooth,0.500,10.00,0.050,0,0.600,1,8.8584,38.6697,29.8112,7.4261,0.3600,0.3600,0.0145,6.0000,37.2998,0.0409,6.0319,0.4997,-111.2118,-19.4504,-109.1804,-22.1646,-109.1804,-22.1646,-111.6195,-18.5189,-116.9399,-9.9149,2.0314,-2.7142,2.0314,-2.7142,-0.4077,0.9316,120,0.1300,120,0,0.4010,0.2858,0.3132,2.9963,-0.6393,0.0112,-3.2116,-5.0681,0.0000,1,0.1034,0.0521,12.6314,0.0015
12.7702,IMM-UKF-LOS,smooth,0.500,10.00,0.050,0,0.600,1,8.9264,38.9824,30.0561,7.5326,0.3600,0.3600,0.0142,6.0000,37.2998,0.0435,6.5451,0.4971,-111.3387,-19.2970,-109.1804,-22.1646,-109.1804,-22.1646,-111.7795,-18.2858,-117.0227,-9.8199,2.1583,-2.8676,2.1583,-2.8676,-0.4408,1.0112,120,0.1400,120,0,0.4010,0.2858,0.3132,2.8056,-0.7137,0.0110,-3.2279,-5.0577,0.0000,1,0.1034,0.0521,12.6314,0.0015
12.7802,IMM-UKF-LOS,smooth,0.500,10.00,0.050,0,0.600,1,8.9926,39.2925,30.2999,7.6397,0.3600,0.3600,0.0139,6.0000,37.2998,0.0460,7.0642,0.4947,-111.4624,-19.1498,-109.1804,-22.1646,-109.1804,-22.1646,-111.9365,-18.0580,-117.1049,-9.7262,2.2821,-3.0148,2.2821,-3.0148,-0.4741,1.0918,120,0.1500,120,0,0.4010,0.2858,0.3132,2.6167,-0.7876,0.0107,-3.2443,-5.0473,0.0000,1,0.1034,0.0521,12.6314,0.0015
12.7902,IMM-UKF-LOS,smooth,0.500,10.00,0.050,0,0.600,1,9.0571,39.5213,30.4642,7.5711,0.3600,0.3600,0.0135,6.0000,36.5205,0.0157,3.4783,0.4924,-111.5831,-19.0086,-110.8103,-19.9508,-110.8103,-19.9508,-111.7744,-18.4561,-116.5038,-11.1871,0.7728,-0.9422,0.7728,-0.9422,-0.1913,0.5525,121,0.0600,121,0,0.4687,0.2902,0.2411,2.4299,-0.8608,0.0104,-3.2605,-5.0368,0.0000,1,0.1034,0.0521,12.7317,0.0015
12.8002,IMM-UKF-LOS,smooth,0.500,10.00,0.050,0,0.600,1,9.1199,39.8474,30.7275,7.6756,0.3600,0.3600,0.0132,6.0000,36.5205,0.0180,3.8840,0.4901,-111.7009,-18.8731,-110.8103,-19.9508,-110.8103,-19.9508,-111.9143,-18.2562,-116.5769,-11.1083,0.8906,-1.0777,0.8906,-1.0777,-0.2135,0.6169,121,0.0700,121,0,0.4687,0.2902,0.2411,2.2450,-0.9335,0.0101,-3.2767,-5.0263,0.0000,1,0.1034,0.0521,12.7317,0.0015
12.8102,IMM-UKF-LOS,smooth,0.500,10.00,0.050,0,0.600,1,9.1811,40.1706,30.9895,7.7805,0.3600,0.3600,0.0129,6.0000,36.5205,0.0203,4.2940,0.4879,-111.8159,-18.7431,-110.8103,-19.9508,-110.8103,-19.9508,-112.0518,-18.0612,-116.6495,-11.0307,1.0056,-1.2077,1.0056,-1.2077,-0.2359,0.6820,121,0.0800,121,0,0.4687,0.2902,0.2411,2.0620,-1.0055,0.0098,-3.2928,-5.0157,0.0000,1,0.1034,0.0521,12.7317,0.0015
12.8202,IMM-UKF-LOS,smooth,0.500,10.00,0.050,0,0.600,1,9.2405,40.4908,31.2503,7.8860,0.3600,0.3600,0.0126,6.0000,36.5205,0.0222,4.7074,0.4857,-111.9286,-18.6184,-110.8103,-19.9508,-110.8103,-19.9508,-112.1867,-17.8707,-116.7216,-10.9543,1.1183,-1.3324,1.1183,-1.3324,-0.2581,0.7477,121,0.0900,121,0,0.4687,0.2902,0.2411,1.8808,-1.0769,0.0095,-3.3089,-5.0051,0.0000,1,0.1034,0.0521,12.7317,0.0015
12.8302,IMM-UKF-LOS,smooth,0.500,10.00,0.050,0,0.600,1,9.2984,40.8082,31.5098,7.9920,0.3600,0.3600,0.0123,6.0000,36.5205,0.0242,5.1246,0.4835,-112.0388,-18.4988,-110.8103,-19.9508,-110.8103,-19.9508,-112.3194,-17.6848,-116.7932,-10.8790,1.2285,-1.4521,1.2285,-1.4521,-0.2806,0.8140,121,0.1000,121,0,0.4687,0.2902,0.2411,1.7016,-1.1477,0.0092,-3.3249,-4.9945,0.0000,1,0.1034,0.0521,12.7317,0.0015
12.8402,IMM-UKF-LOS,smooth,0.500,10.00,0.050,0,0.600,1,9.3546,41.1228,31.7682,8.0985,0.3600,0.3600,0.0121,6.0000,36.5205,0.0262,5.5455,0.4814,-112.1466,-18.3840,-110.8103,-19.9508,-110.8103,-19.9508,-112.4498,-17.5031,-116.8644,-10.8048,1.3362,-1.5668,1.3362,-1.5668,-0.3032,0.8809,121,0.1100,121,0,0.4687,0.2902,0.2411,1.5242,-1.2179,0.0090,-3.3409,-4.9838,0.0000,1,0.0912,0.0481,12.7317,-0.0017
12.8502,IMM-UKF-LOS,smooth,0.500,10.00,0.050,0,0.600,1,9.4092,41.4345,32.0253,8.2054,0.3600,0.3600,0.0118,6.0000,36.5205,0.0283,5.9699,0.4794,-112.2520,-18.2740,-110.8103,-19.9508,-110.8103,-19.9508,-112.5780,-17.3256,-116.9352,-10.7317,1.4417,-1.6769,1.4417,-1.6769,-0.3259,0.9483,121,0.1200,121,0,0.4687,0.2902,0.2411,1.3486,-1.2875,0.0087,-3.3567,-4.9732,0.0000,1,0.0912,0.0481,12.7317,-0.0017
12.8602,IMM-UKF-LOS,smooth,0.500,10.00,0.050,0,0.600,1,9.4621,41.7433,32.2812,8.3128,0.3600,0.3600,0.0116,6.0000,36.5205,0.0303,6.3976,0.4775,-112.3553,-18.1684,-110.8103,-19.9508,-110.8103,-19.9508,-112.7041,-17.1521,-117.0055,-10.6596,1.5450,-1.7824,1.5450,-1.7824,-0.3488,1.0163,121,0.1300,121,0,0.4687,0.2902,0.2411,1.1748,-1.3566,0.0084,-3.3726,-4.9624,0.0000,1,0.0912,0.0481,12.7317,-0.0017
12.8702,IMM-UKF-LOS,smooth,0.500,10.00,0.050,0,0.600,1,9.5135,42.0495,32.5360,8.4207,0.3600,0.3600,0.0113,6.0000,36.5205,0.0340,6.8301,0.4740,-112.4564,-18.0676,-110.8103,-19.9508,-110.8103,-19.9508,-112.8282,-16.9825,-117.0753,-10.5885,1.6461,-1.8833,1.6461,-1.8833,-0.3718,1.0851,121,0.1400,121,0,0.4687,0.2902,0.2411,1.0028,-1.4251,0.0081,-3.3883,-4.9517,0.0000,1,0.0912,0.0481,12.7317,-0.0017
12.8802,IMM-UKF-LOS,smooth,0.500,10.00,0.050,0,0.600,1,9.5633,42.3529,32.7896,8.5290,0.3600,0.3600,0.0110,6.0000,36.5205,0.0383,7.2666,0.4698,-112.5554,-17.9710,-110.8103,-19.9508,-110.8103,-19.9508,-112.9504,-16.8165,-117.1448,-10.5184,1.7451,-1.9798,1.7451,-1.9798,-0.3950,1.1545,121,0.1500,121,0,0.4687,0.2902,0.2411,0.8326,-1.4929,0.0078,-3.4040,-4.9409,0.0000,1,0.0912,0.0481,12.7317,-0.0017
12.8902,IMM-UKF-LOS,smooth,0.500,10.00,0.050,0,0.600,1,9.6115,41.7754,32.1640,8.6389,0.3600,0.3600,0.0107,6.0000,35.1395,0.0168,3.4610,0.4658,-112.6524,-17.8786,-112.1466,-18.3840,-112.1466,-18.3840,-112.8256,-17.3241,-116.7029,-12.0443,0.5059,-0.5054,0.5059,-0.5054,-0.1732,0.5545,122,0.0500,122,0,0.4756,0.3292,0.1952,0.6642,-1.5603,0.0075,-3.4197,-4.9301,0.0000,1,0.0912,0.0481,12.8385,-0.0017
12.9002,IMM-UKF-LOS,smooth,0.500,10.00,0.050,0,0.600,1,9.6581,42.0866,32.4285,8.7471,0.3600,0.3600,0.0106,6.0000,35.1395,0.0201,3.7830,0.4621,-112.7473,-17.7900,-112.1466,-18.3840,-112.1466,-18.3840,-112.9356,-17.1837,-116.7655,-11.9890,0.6008,-0.5940,0.6008,-0.5940,-0.1883,0.6063,122,0.0600,122,0,0.4756,0.3292,0.1952,0.4975,-1.6270,0.0073,-3.4352,-4.9193,0.0000,1,0.0912,0.0481,12.8385,-0.0017
12.9102,IMM-UKF-LOS,smooth,0.500,10.00,0.050,0,0.600,1,9.7032,42.3948,32.6917,8.8556,0.3600,0.3600,0.0104,6.0000,35.1395,0.0235,4.1078,0.4585,-112.8404,-17.7053,-112.1466,-18.3840,-112.1466,-18.3840,-113.0439,-17.0467,-116.8278,-11.9346,0.6938,-0.6787,0.6938,-0.6787,-0.2036,0.6586,122,0.0700,122,0,0.4756,0.3292,0.1952,0.3325,-1.6932,0.0070,-3.4507,-4.9084,0.0000,1,0.0912,0.0481,12.8385,-0.0017
12.9202,IMM-UKF-LOS,smooth,0.500,10.00,0.050,0,0.600,1,9.7467,42.7002,32.9535,8.9646,0.3600,0.3600,0.0102,6.0000,35.1395,0.0268,4.4352,0.4550,-112.9317,-17.6242,-112.1466,-18.3840,-112.1466,-18.3840,-113.1506,-16.9129,-116.8897,-11.8811,0.7851,-0.7598,0.7851,-0.7598,-0.2189,0.7113,122,0.0800,122,0,0.4756,0.3292,0.1952,0.1693,-1.7588,0.0067,-3.4662,-4.8975,0.0000,1,0.0912,0.0481,12.8385,-0.0017
12.9302,IMM-UKF-LOS,smooth,0.500,10.00,0.050,0,0.600,1,9.7887,43.0027,33.2139,9.0740,0.3600,0.3600,0.0099,6.0000,35.1395,0.0299,4.7652,0.4518,-113.0214,-17.5466,-112.1466,-18.3840,-112.1466,-18.3840,-113.2558,-16.7823,-116.9513,-11.8285,0.8748,-0.8374,0.8748,-0.8374,-0.2344,0.7643,122,0.0900,122,0,0.4756,0.3292,0.1952,0.0077,-1.8239,0.0064,-3.4815,-4.8866,0.0000,1,0.0912,0.0481,12.8385,-0.0017
12.9402,IMM-UKF-LOS,smooth,0.500,10.00,0.050,0,0.600,1,9.8293,43.3023,33.4731,9.1838,0.3600,0.3600,0.0097,6.0000,35.1395,0.0329,5.0978,0.4487,-113.1094,-17.4725,-112.1466,-18.3840,-112.1466,-18.3840,-113.3594,-16.6547,-117.0124,-11.7768,0.9628,-0.9115,0.9628,-0.9115,-0.2500,0.8179,122,0.1000,122,0,0.4756,0.3292,0.1952,-0.1523,-1.8884,0.0062,-3.4968,-4.8757,0.0000,1,0.1039,0.0416,12.8385,-0.0002
12.9502,IMM-UKF-LOS,smooth,0.500,10.00,0.050,0,0.600,1,9.8683,43.5992,33.7310,9.2940,0.3600,0.3600,0.0095,6.0000,35.1395,0.0358,5.4331,0.4457,-113.1959,-17.4018,-112.1466,-18.3840,-112.1466,-18.3840,-113.4616,-16.5300,-117.0733,-11.7260,1.0493,-0.9822,1.0493,-0.9822,-0.2657,0.8718,122,0.1100,122,0,0.4756,0.3292,0.1952,-0.3105,-1.9524,0.0059,-3.5121,-4.8647,0.0000,1,0.1039,0.0416,12.8385,-0.0002
12.9602,IMM-UKF-LOS,smooth,0.500,10.00,0.050,0,0.600,1,9.9058,43.8934,33.9876,9.4046,0.3600,0.3600,0.0093,6.0000,35.1395,0.0386,5.7710,0.4429,-113.2809,-17.3343,-112.1466,-18.3840,-112.1466,-18.3840,-113.5623,-16.4081,-117.1338,-11.6759,1.1343,-1.0497,1.1343,-1.0497,-0.2814,0.9262,122,0.1200,122,0,0.4756,0.3292,0.1952,-0.4672,-2.0158,0.0056,-3.5273,-4.8537,0.0000,1,0.1039,0.0416,12.8385,-0.0002
12.9702,IMM-UKF-LOS,smooth,0.500,10.00,0.050,0,0.600,1,9.9418,44.1848,34.2430,9.5155,0.3600,0.3600,0.0090,6.0000,35.1395,0.0413,6.1115,0.4402,-113.3644,-17.2699,-112.1466,-18.3840,-112.1466,-18.3840,-113.6617,-16.2889,-117.1939,-11.6266,1.2178,-1.1141,1.2178,-1.1141,-0.2973,0.9810,122,0.1300,122,0,0.4756,0.3292,0.1952,-0.6222,-2.0787,0.0054,-3.5424,-4.8427,0.0000,1,0.1039,0.0416,12.8385,-0.0002
12.9802,IMM-UKF-LOS,smooth,0.500,10.00,0.050,0,0.600,1,9.9764,44.4736,34.4972,9.6268,0.3600,0.3600,0.0088,6.0000,35.1395,0.0438,6.4548,0.4376,-113.4465,-17.2086,-112.1466,-18.3840,-112.1466,-18.3840,-113.7597,-16.1723,-117.2538,-11.5782,1.2999,-1.1754,1.2999,-1.1754,-0.3132,1.0363,122,0.1400,122,0,0.4756,0.3292,0.1952,-0.7756,-2.1411,0.0051,-3.5574,-4.8316,0.0000,1,0.1039,0.0416,12.8385,-0.0002
12.9902,IMM-UKF-LOS,smooth,0.500,10.00,0.050,0,0.600,1,10.0096,43.3152,33.3057,9.6068,0.3600,0.3600,0.0086,6.0000,33.2854,0.0137,3.0372,0.4352,-113.5273,-17.1503,-113.1094,-17.4725,-113.1094,-17.4725,-113.6454,-16.6554,-116.8924,-12.9045,0.4179,-0.3222,0.4179,-0.3222,-0.1181,0.4950,123,0.0500,123,0,0.4481,0.3647,0.1872,-0.9274,-2.2030,0.0048,-3.5724,-4.8206,0.0000,1,0.1039,0.0416,12.9400,-0.0002
13.0002,IMM-UKF-LOS,smooth,0.500,10.00,0.050,0,0.600,1,10.0413,43.6020,33.5607,9.7172,0.3600,0.3600,0.0083,6.0000,33.2854,0.0161,3.2854,0.4329,-113.6067,-17.0949,-113.1094,-17.4725,-113.1094,-17.4725,-113.7340,-16.5594,-116.9471,-12.8684,0.4973,-0.3776,0.4973,-0.3776,-0.1273,0.5355,123,0.0600,123,0,0.4481,0.3647,0.1872,-1.0777,-2.2643,0.0046,-3.5873,-4.8095,0.0000,1,0.1039,0.0416,12.9400,-0.0002
13.0102,IMM-UKF-LOS,smooth,0.500,10.00,0.050,0,0.600,1,10.0716,43.8860,33.8144,9.8279,0.3600,0.3600,0.0080,6.0000,33.2854,0.0183,3.5364,0.4307,-113.6849,-17.0423,-113.1094,-17.4725,-113.1094,-17.4725,-113.8215,-16.4658,-117.0014,-12.8330,0.5755,-0.4302,0.5755,-0.4302,-0.1366,0.5765,123,0.0700,123,0,0.4481,0.3647,0.1872,-1.2264,-2.3251,0.0043,-3.6022,-4.7984,0.0000,1,0.1039,0.0416,12.9400,-0.0002
13.0202,IMM-UKF-LOS,smooth,0.500,10.00,0.050,0,0.600,1,10.1005,44.1672,34.0667,9.9390,0.3600,0.3600,0.0078,6.0000,33.2854,0.0205,3.7903,0.4286,-113.7619,-16.9925,-113.1094,-17.4725,-113.1094,-17.4725,-113.9079,-16.3745,-117.0555,-12.7984,0.6525,-0.4801,0.6525,-0.4801,-0.1460,0.6179,123,0.0800,123,0,0.4481,0.3647,0.1872,-1.3736,-2.3854,0.0041,-3.6170,-4.7872,0.0000,1,0.1039,0.0416,12.9400,-0.0002
13.0302,IMM-UKF-LOS,smooth,0.500,10.00,0.050,0,0.600,1,10.1280,44.4457,34.3178,10.0504,0.3600,0.3600,0.0075,6.0000,33.2854,0.0225,4.0471,0.4266,-113.8377,-16.9453,-113.1094,-17.4725,-113.1094,-17.4725,-113.9932,-16.2854,-117.1094,-12.7645,0.7283,-0.5273,0.7283,-0.5273,-0.1556,0.6599,123,0.0900,123,0,0.4481,0.3647,0.1872,-1.5192,-2.4452,0.0038,-3.6317,-4.7761,0.0000,1,0.1039,0.0416,12.9400,-0.0002
13.0402,IMM-UKF-LOS,smooth,0.500,10.00,0.050,0,0.600,1,10.1541,44.7216,34.5675,10.1621,0.3600,0.3600,0.0072,6.0000,33.2854,0.0244,4.3069,0.4248,-113.9123,-16.9007,-113.1094,-17.4725,-113.1094,-17.4725,-114.0775,-16.1985,-117.1629,-12.7313,0.8029,-0.5718,0.8029,-0.5718,-0.1652,0.7023,123,0.1000,123,0,0.4481,0.3647,0.1872,-1.6634,-2.5045,0.0036,-3.6464,-4.7649,0.0000,1,0.1039,0.0416,12.9400,-0.0002
13.0502,IMM-UKF-LOS,smooth,0.500,10.00,0.050,0,0.600,1,10.1788,44.9948,34.8160,10.2743,0.3600,0.3600,0.0070,6.0000,33.2854,0.0262,4.5696,0.4230,-113.9858,-16.8587,-113.1094,-17.4725,-113.1094,-17.4725,-114.1609,-16.1136,-117.2162,-12.6987,0.8764,-0.6138,0.8764,-0.6138,-0.1750,0.7451,123,0.1100,123,0,0.4481,0.3647,0.1872,-1.8060,-2.5632,0.0033,-3.6610,-4.7537,0.0000,1,0.0966,0.0550,12.9400,-0.0016
13.0602,IMM-UKF-LOS,smooth,0.500,10.00,0.050,0,0.600,1,10.2022,45.2654,35.0632,10.3867,0.3600,0.3600,0.0067,6.0000,33.2854,0.0279,4.8355,0.4214,-114.0583,-16.8193,-113.1094,-17.4725,-113.1094,-17.4725,-114.2432,-16.0307,-117.2692,-12.6669,0.9488,-0.6533,0.9488,-0.6533,-0.1850,0.7885,123,0.1200,123,0,0.4481,0.3647,0.1872,-1.9472,-2.6215,0.0031,-3.6755,-4.7425,0.0000,1,0.0966,0.0550,12.9400,-0.0016
13.0702,IMM-UKF-LOS,smooth,0.500,10.00,0.050,0,0.600,1,10.2242,45.5334,35.3092,10.4995,0.3600,0.3600,0.0064,6.0000,33.2854,0.0295,5.1044,0.4199,-114.1296,-16.7822,-113.1094,-17.4725,-113.1094,-17.4725,-114.3246,-15.9498,-117.3220,-12.6356,1.0202,-0.6903,1.0202,-0.6903,-0.1950,0.8324,123,0.1300,123,0,0.4481,0.3647,0.1872,-2.0869,-2.6793,0.0029,-3.6899,-4.7312,0.0000,1,0.0966,0.0550,12.9400,-0.0016
13.0802,IMM-UKF-LOS,smooth,0.500,10.00,0.050,0,0.600,1,10.2449,45.7989,35.5540,10.6126,0.3600,0.3600,0.0061,6.0000,33.2854,0.0310,5.3765,0.4184,-114.2000,-16.7475,-113.1094,-17.4725,-113.1094,-17.4725,-114.4051,-15.8707,-117.3745,-12.6050,1.0906,-0.7250,1.0906,-0.7250,-0.2051,0.8768,123,0.1400,123,0,0.4481,0.3647,0.1872,-2.2252,-2.7366,0.0026,-3.7043,-4.7200,0.0000,1,0.0966,0.0550,12.9400,-0.0016
13.0902,IMM-UKF-LOS,smooth,0.500,10.00,0.050,0,0.600,1,10.2643,46.0619,35.7977,10.7261,0.3600,0.3600,0.0058,6.0000,33.2854,0.0324,5.6518,0.4171,-114.2693,-16.7152,-113.1094,-17.4725,-113.1094,-17.4725,-114.4847,-15.7935,-117.4267,-12.5750,1.1599,-0.7573,1.1599,-0.7573,-0.2153,0.9218,123,0.1500,123,0,0.4481,0.3647,0.1872,-2.3620,-2.7935,0.0024,-3.7186,-4.7087,0.0000,1,0.0966,0.0550,12.9400,-0.0016
13.1002,IMM-UKF-LOS,smooth,0.500,10.00,0.050,0,0.600,1,10.2823,46.3225,36.0401,10.8399,0.3600,0.3600,0.0055,6.0000,33.2854,0.0337,5.9304,0.4158,-114.3377,-16.6852,-113.1094,-17.4725,-113.1094,-17.4725,-114.5634,-15.7180,-117.4787,-12.5455,1.2283,-0.7873,1.2283,-0.7873,-0.2257,0.9672,123,0.1600,123,0,0.4481,0.3647,0.1872,-2.4975,-2.8498,0.0021,-3.7329,-4.6974,0.0000,1,0.0966,0.0550,12.9400,-0.0016
13.1102,IMM-UKF-LOS,smooth,0.500,10.00,0.050,0,0.600,1,10.2991,45.0086,34.7095,10.8458,0.3600,0.3600,0.0052,6.0000,31.5680,0.0088,2.8266,0.4146,-114.4052,-16.6574,-113.9858,-16.8587,-113.9858,-16.8587,-114.4960,-16.1930,-117.2616,-13.7580,0.4194,-0.2013,0.4194,-0.2013,-0.0908,0.4644,124,0.0600,124,0,0.4279,0.4166,0.1555,-2.6315,-2.9057,0.0019,-3.7471,-4.6861,0.0000,1,0.0966,0.0550,13.0486,-0.0016
13.1202,IMM-UKF-LOS,smooth,0.500,10.00,0.050,0,0.600,1,10.3146,45.2662,34.9516,10.9581,0.3600,0.3600,0.0048,6.0000,31.5680,0.0099,3.0288,0.4136,-114.4717,-16.6318,-113.9858,-16.8587,-113.9858,-16.8587,-114.5687,-16.1342,-117.3102,-13.7393,0.4859,-0.2269,0.4859,-0.2269,-0.0969,0.4977,124,0.0700,124,0,0.4279,0.4166,0.1555,-2.7641,-2.9611,0.0017,-3.7612,-4.6748,0.0000,1,0.0966,0.0550,13.0486,-0.0016
13.1302,IMM-UKF-LOS,smooth,0.500,10.00,0.050,0,0.600,1,10.3288,45.5212,35.1924,11.0708,0.3600,0.3600,0.0045,6.0000,31.5680,0.0110,3.2344,0.4126,-114.5374,-16.6084,-113.9858,-16.8587,-113.9858,-16.8587,-114.6406,-16.0769,-117.3585,-13.7212,0.5516,-0.2503,0.5516,-0.2503,-0.1032,0.5315,124,0.0800,124,0,0.4279,0.4166,0.1555,-2.8954,-3.0160,0.0015,-3.7753,-4.6634,0.0000,1,0.0966,0.0550,13.0486,-0.0016
13.1402,IMM-UKF-LOS,smooth,0.500,10.00,0.050,0,0.600,1,10.3418,45.7738,35.4320,11.1838,0.3600,0.3600,0.0042,6.0000,31.5680,0.0120,3.4437,0.4117,-114.6022,-16.5871,-113.9858,-16.8587,-113.9858,-16.8587,-114.7118,-16.0212,-117.4066,-13.7037,0.6164,-0.2716,0.6164,-0.2716,-0.1096,0.5659,124,0.0900,124,0,0.4279,0.4166,0.1555,-3.0253,-3.0705,0.0012,-3.7892,-4.6521,0.0000,1,0.0966,0.0550,13.0486,-0.0016
13.1502,IMM-UKF-LOS,smooth,0.500,10.00,0.050,0,0.600,1,10.3535,46.0238,35.6703,11.2970,0.3600,0.3600,0.0039,6.0000,31.5680,0.0128,3.6565,0.4109,-114.6661,-16.5679,-113.9858,-16.8587,-113.9858,-16.8587,-114.7823,-15.9670,-117.4545,-13.6867,0.6803,-0.2908,0.6803,-0.2908,-0.1162,0.6009,124,0.1000,124,0,0.4279,0.4166,0.1555,-3.1539,-3.1245,0.0010,-3.8032,-4.6407,0.0000,1,0.1189,0.0421,13.0486,-0.0020
13.1602,IMM-UKF-LOS,smooth,0.500,10.00,0.050,0,0.600,1,10.3640,46.2715,35.9075,11.4106,0.3600,0.3600,0.0035,6.0000,31.5680,0.0137,3.8731,0.4102,-114.7292,-16.5508,-113.9858,-16.8587,-113.9858,-16.8587,-114.8521,-15.9142,-117.5022,-13.6702,0.7434,-0.3079,0.7434,-0.3079,-0.1229,0.6366,124,0.1100,124,0,0.4279,0.4166,0.1555,-3.2811,-3.1780,0.0008,-3.8170,-4.6293,0.0000,1,0.1189,0.0421,13.0486,-0.0020
13.1702,IMM-UKF-LOS,smooth,0.500,10.00,0.050,0,0.600,1,10.3732,46.5167,36.1435,11.5245,0.3600,0.3600,0.0032,6.0000,31.5680,0.0144,4.0934,0.4095,-114.7916,-16.5357,-113.9858,-16.8587,-113.9858,-16.8587,-114.9212,-15.8629,-117.5497,-13.6543,0.8058,-0.3231,0.8058,-0.3231,-0.1297,0.6728,124,0.1200,124,0,0.4279,0.4166,0.1555,-3.4071,-3.2311,0.0006,-3.8308,-4.6179,0.0000,1,0.1189,0.0421,13.0486,-0.0020
13.1802,IMM-UKF-LOS,smooth,0.500,10.00,0.050,0,0.600,1,10.3813,46.7597,36.3784,11.6386,0.3600,0.3600,0.0029,6.0000,31.5680,0.0151,4.3175,0.4089,-114.8531,-16.5226,-113.9858,-16.8587,-113.9858,-16.8587,-114.9897,-15.8129,-117.5970,-13.6389,0.8673,-0.3362,0.8673,-0.3362,-0.1366,0.7097,124,0.1300,124,0,0.4279,0.4166,0.1555,-3.5317,-3.2838,0.0004,-3.8445,-4.6065,0.0000,1,0.1189,0.0421,13.0486,-0.0020
13.1902,IMM-UKF-LOS,smooth,0.500,10.00,0.050,0,0.600,1,10.3881,47.0002,36.6121,11.7531,0.3600,0.3600,0.0025,6.0000,31.5680,0.0157,4.5456,0.4084,-114.9139,-16.5114,-113.9858,-16.8587,-113.9858,-16.8587,-115.0575,-15.7643,-117.6441,-13.6239,0.9281,-0.3473,0.9281,-0.3473,-0.1436,0.7472,124,0.1400,124,0,0.4279,0.4166,0.1555,-3.6550,-3.3360,0.0001,-3.8581,-4.5951,0.0000,1,0.1189,0.0421,13.0486,-0.0020
13.2002,IMM-UKF-LOS,smooth,0.500,10.00,0.050,0,0.600,1,10.3938,45.6691,35.2753,11.5881,0.3600,0.3600,0.0022,6.0000,30.0139,0.0035,2.4264,0.4080,-114.9739,-16.5022,-114.6661,-16.5679,-114.6661,-16.5679,-115.0381,-16.1013,-117.5428,-14.4858,0.3078,-0.0657,0.3078,-0.0657,-0.0642,0.4009,125,0.0500,125,0,0.4227,0.4485,0.1287,-3.7770,-3.3877,-0.0001,-3.8717,-4.5836,0.0000,1,0.1189,0.0421,13.1482,-0.0020
13.2102,IMM-UKF-LOS,smooth,0.500,10.00,0.050,0,0.600,1,10.3982,45.9044,35.5061,11.6992,0.3600,0.3600,0.0018,6.0000,30.0139,0.0040,2.6096,0.4077,-115.0332,-16.4949,-114.6661,-16.5679,-114.6661,-16.5679,-115.1021,-16.0637,-117.5878,-14.4782,0.3671,-0.0730,0.3671,-0.0730,-0.0689,0.4312,125,0.0600,125,0,0.4227,0.4485,0.1287,-3.8978,-3.4390,-0.0003,-3.8852,-4.5722,0.0000,1,0.1189,0.0421,13.1482,-0.0020
13.2202,IMM-UKF-LOS,smooth,0.500,10.00,0.050,0,0.600,1,10.4016,46.1373,35.7357,11.8106,0.3600,0.3600,0.0014,6.0000,30.0139,0.0044,2.7969,0.4074,-115.0918,-16.4895,-114.6661,-16.5679,-114.6661,-16.5679,-115.1655,-16.0274,-117.6327,-14.4712,0.4257,-0.0785,0.4257,-0.0785,-0.0737,0.4621,125,0.0700,125,0,0.4227,0.4485,0.1287,-4.0174,-3.4899,-0.0005,-3.8987,-4.5607,0.0000,1,0.1189,0.0421,13.1482,-0.0020
13.2302,IMM-UKF-LOS,smooth,0.500,10.00,0.050,0,0.600,1,10.4037,46.3679,35.9642,11.9223,0.3600,0.3600,0.0011,6.0000,30.0139,0.0047,2.9882,0.4073,-115.1497,-16.4859,-114.6661,-16.5679,-114.6661,-16.5679,-115.2284,-15.9922,-117.6773,-14.4646,0.4836,-0.0820,0.4836,-0.0820,-0.0788,0.4937,125,0.0800,125,0,0.4227,0.4485,0.1287,-4.1357,-3.5404,-0.0007,-3.9120,-4.5493,0.0000,1,0.1189,0.0421,13.1482,-0.0020
13.2402,IMM-UKF-LOS,smooth,0.500,10.00,0.050,0,0.600,1,10.4047,46.5962,36.1914,12.0343,0.3600,0.3600,0.0007,6.0000,30.0139,0.0051,3.1838,0.4071,-115.2069,-16.4842,-114.6661,-16.5679,-114.6661,-16.5679,-115.2908,-15.9582,-117.7218,-14.4584,0.5408,-0.0837,0.5408,-0.0837,-0.0839,0.5261,125,0.0900,125,0,0.4227,0.4485,0.1287,-4.2527,-3.5904,-0.0009,-3.9254,-4.5378,0.0000,1,0.1189,0.0421,13.1482,-0.0020
13.2502,IMM-UKF-LOS,smooth,0.500,10.00,0.050,0,0.600,1,10.4046,46.8222,36.4176,12.1465,0.3600,0.3600,0.0004,6.0000,30.0139,0.0054,3.3838,0.4071,-115.2634,-16.4844,-114.6661,-16.5679,-114.6661,-16.5679,-115.3526,-15.9253,-117.7661,-14.4527,0.5973,-0.0836,0.5973,-0.0836,-0.0892,0.5591,125,0.1000,125,0,0.4227,0.4485,0.1287,-4.3686,-3.6401,-0.0011,-3.9386,-4.5263,0.0000,1,0.1189,0.0421,13.1482,-0.0020
13.2602,IMM-UKF-LOS,smooth,0.500,10.00,0.050,0,0.600,1,10.4034,47.0461,36.6427,12.2590,0.3600,0.3600,0.0000,6.0000,30.0139,0.0056,3.5881,0.4071,-115.3193,-16.4863,-114.6661,-16.5679,-114.6661,-16.5679,-115.4140,-15.8935,-117.8103,-14.4475,0.6532,-0.0816,0.6532,-0.0816,-0.0947,0.5928,125,0.1100,125,0,0.4227,0.4485,0.1287,-4.4833,-3.6893,-0.0013,-3.9518,-4.5148,0.0000,1,0.1189,0.0421,13.1482,-0.0020
13.2702,IMM-UKF-LOS,smooth,0.500,10.00,0.050,0,0.600,1,10.4011,47.2677,36.8666,12.3718,0.3600,0.3600,0.0004,6.0000,30.0139,0.0058,3.7969,0.4073,-115.3745,-16.4900,-114.6661,-16.5679,-114.6661,-16.5679,-115.4748,-15.8627,-117.8543,-14.4427,0.7084,-0.0779,0.7084,-0.0779,-0.1003,0.6273,125,0.1200,125,0,0.4227,0.4485,0.1287,-4.5967,-3.7380,-0.0015,-3.9649,-4.5033,0.0000,1,0.1147,0.0592,13.1482,0.0013
13.2802,IMM-UKF-LOS,smooth,0.500,10.00,0.050,0,0.600,1,10.3976,47.4872,37.0895,12.4848,0.3600,0.3600,0.0008,6.0000,30.0139,0.0060,4.0103,0.4074,-115.4291,-16.4956,-114.6661,-16.5679,-114.6661,-16.5679,-115.5352,-15.8330,-117.8981,-14.4383,0.7630,-0.0724,0.7630,-0.0724,-0.1061,0.6625,125,0.1300,125,0,0.4227,0.4485,0.1287,-4.7090,-3.7864,-0.0016,-3.9779,-4.4918,0.0000,1,0.1147,0.0592,13.1482,0.0013
13.2902,IMM-UKF-LOS,smooth,0.500,10.00,0.050,0,0.600,1,10.3931,47.7045,37.3114,12.5981,0.3600,0.3600,0.0012,6.0000,30.0139,0.0061,4.2284,0.4076,-115.4831,-16.5028,-114.6661,-16.5679,-114.6661,-16.5679,-115.5950,-15.8043,-117.9418,-14.4343,0.8169,-0.0651,0.8169,-0.0651,-0.1120,0.6985,125,0.1400,125,0,0.4227,0.4485,0.1287,-4.8201,-3.8344,-0.0018,-3.9908,-4.4803,0.0000,1,0.1147,0.0592,13.1482,0.0013
13.3002,IMM-UKF-LOS,smooth,0.500,10.00,0.050,0,0.600,1,10.3875,47.9198,37.5323,12.7117,0.3600,0.3600,0.0016,6.0000,30.0139,0.0063,4.4512,0.4080,-115.5364,-16.5118,-114.6661,-16.5679,-114.6661,-16.5679,-115.6544,-15.7765,-117.9853,-14.4308,0.8703,-0.0561,0.8703,-0.0561,-0.1180,0.7353,125,0.1500,125,0,0.4227,0.4485,0.1287,-4.9301,-3.8819,-0.0020,-4.0037,-4.4688,0.0000,1,0.1147,0.0592,13.1482,0.0013
13.3102,IMM-UKF-LOS,smooth,0.500,10.00,0.050,0,0.600,1,10.3809,48.1330,37.7521,12.8256,0.3600,0.3600,0.0019,6.0000,30.0139,0.0065,4.6789,0.4084,-115.5892,-16.5226,-114.6661,-16.5679,-114.6661,-16.5679,-115.7134,-15.7497,-118.0286,-14.4276,0.9231,-0.0453,0.9231,-0.0453,-0.1242,0.7729,125,0.1600,125,0,0.4227,0.4485,0.1287,-5.0390,-3.9291,-0.0022,-4.0166,-4.4573,0.0000,1,0.1147,0.0592,13.1482,0.0013
13.3202,IMM-UKF-LOS,smooth,0.500,10.00,0.050,0,0.600,1,10.3731,48.3442,37.9710,12.9396,0.3600,0.3600,0.0023,6.0000,30.0139,0.0066,4.9115,0.4088,-115.6414,-16.5351,-114.6661,-16.5679,-114.6661,-16.5679,-115.7719,-15.7238,-118.0718,-14.4248,0.9753,-0.0329,0.9753,-0.0329,-0.1306,0.8113,125,0.1700,125,0,0.4227,0.4485,0.1287,-5.1467,-3.9758,-0.0024,-4.0293,-4.4457,0.0000,1,0.1147,0.0592,13.1482,0.0013
13.3302,IMM-UKF-LOS,smooth,0.500,10.00,0.050,0,0.600,1,10.3644,47.4188,37.0544,12.6910,0.3600,0.3600,0.0027,6.0000,28.9749,0.0030,2.3566,0.4093,-115.6930,-16.5493,-115.3745,-16.4900,-115.3745,-16.4900,-115.7194,-16.1562,-117.9031,-15.4728,0.3185,0.0593,0.3185,0.0593,-0.0265,0.3931,126,0.0600,126,0,0.4270,0.5026,0.0704,-5.2533,-4.0222,-0.0025,-4.0420,-4.4342,0.0000,1,0.1147,0.0592,13.2715,0.0013
13.3402,IMM-UKF-LOS,smooth,0.500,10.00,0.050,0,0.600,1,10.3546,47.6314,37.2768,12.8008,0.3600,0.3600,0.0031,6.0000,28.9749,0.0036,2.5357,0.4099,-115.7440,-16.5652,-115.3745,-16.4900,-115.3745,-16.4900,-115.7736,-16.1423,-117.9434,-15.4785,0.3695,0.0752,0.3695,0.0752,-0.0296,0.4229,126,0.0700,126,0,0.4270,0.5026,0.0704,-5.3588,-4.0682,-0.0027,-4.0546,-4.4227,0.0000,1,0.1147,0.0592,13.2715,0.0013
13.3502,IMM-UKF-LOS,smooth,0.500,10.00,0.050,0,0.600,1,10.3438,47.8420,37.4982,12.9107,0.3600,0.3600,0.0035,6.0000,28.9749,0.0044,2.7200,0.4106,-115.7945,-16.5828,-115.3745,-16.4900,-115.3745,-16.4900,-115.8274,-16.1293,-117.9835,-15.4846,0.4200,0.0928,0.4200,0.0928,-0.0328,0.4536,126,0.0800,126,0,0.4270,0.5026,0.0704,-5.4632,-4.1138,-0.0029,-4.0672,-4.4111,0.0000,1,0.1147,0.0592,13.2715,0.0013
13.3602,IMM-UKF-LOS,smooth,0.500,10.00,0.050,0,0.600,1,10.3320,48.0505,37.7185,13.0209,0.3600,0.3600,0.0039,6.0000,28.9749,0.0052,2.9096,0.4113,-115.8445,-16.6022,-115.3745,-16.4900,-115.3745,-16.4900,-115.8807,-16.1170,-118.0234,-15.4910,0.4700,0.1121,0.4700,0.1121,-0.0363,0.4851,126,0.0900,126,0,0.4270,0.5026,0.0704,-5.5665,-4.1590,-0.0031,-4.0797,-4.3996,0.0000,1,0.1147,0.0592,13.2715,0.0013
13.3702,IMM-UKF-LOS,smooth,0.500,10.00,0.050,0,0.600,1,10.3191,48.2570,37.9379,13.1313,0.3600,0.3600,0.0043,6.0000,28.9749,0.0060,3.1047,0.4121,-115.8938,-16.6232,-115.3745,-16.4900,-115.3745,-16.4900,-115.9338,-16.1056,-118.0633,-15.4978,0.5193,0.1331,0.5193,0.1331,-0.0399,0.5176,126,0.1000,126,0,0.4270,0.5026,0.0704,-5.6687,-4.2038,-0.0032,-4.0921,-4.3881,0.0000,1,0.1147,0.0592,13.2715,0.0013
13.3802,IMM-UKF-LOS,smooth,0.500,10.00,0.050,0,0.600,1,10.3053,48.4615,38.1562,13.2419,0.3600,0.3600,0.0048,6.0000,28.9749,0.0069,3.3054,0.4130,-115.9427,-16.6459,-115.3745,-16.4900,-115.3745,-16.4900,-115.9864,-16.0950,-118.1030,-15.5050,0.5682,0.1558,0.5682,0.1558,-0.0437,0.5509,126,0.1100,126,0,0.4270,0.5026,0.0704,-5.7699,-4.2482,-0.0034,-4.1044,-4.3765,0.0000,1,0.1147,0.0592,13.2715,0.0013
13.3902,IMM-UKF-LOS,smooth,0.500,10.00,0.050,0,0.600,1,10.2905,48.6640,38.3735,13.3528,0.3600,0.3600,0.0052,6.0000,28.9749,0.0078,3.5117,0.4139,-115.9911,-16.6703,-115.3745,-16.4900,-115.3745,-16.4900,-116.0387,-16.0851,-118.1425,-15.5125,0.6166,0.1802,0.6166,0.1802,-0.0476,0.5852,126,0.1200,126,0,0.4270,0.5026,0.0704,-5.8700,-4.2923,-0.0035,-4.1167,-4.3650,0.0000,1,0.1058,0.0504,13.2715,0.0008
13.4002,IMM-UKF-LOS,smooth,0.500,10.00,0.050,0,0.600,1,10.2747,48.8646,38.5899,13.4639,0.3600,0.3600,0.0056,6.0000,28.9749,0.0089,3.7239,0.4149,-116.0389,-16.6963,-115.3745,-16.4900,-115.3745,-16.4900,-116.0907,-16.0759,-118.1820,-15.5204,0.6644,0.2063,0.6644,0.2063,-0.0518,0.6205,126,0.1300,126,0,0.4270,0.5026,0.0704,-5.9691,-4.3360,-0.0037,-4.1289,-4.3534,0.0000,1,0.1058,0.0504,13.2715,0.0008
13.4102,IMM-UKF-LOS,smooth,0.500,10.00,0.050,0,0.600,1,10.2580,49.0634,38.8054,13.5753,0.3600,0.3600,0.0060,6.0000,28.9749,0.0100,3.9419,0.4160,-116.0862,-16.7241,-115.3745,-16.4900,-115.3745,-16.4900,-116.1423,-16.0674,-118.2213,-15.5286,0.7117,0.2341,0.7117,0.2341,-0.0561,0.6567,126,0.1400,126,0,0.4270,0.5026,0.0704,-6.0672,-4.3793,-0.0039,-4.1410,-4.3419,0.0000,1,0.1058,0.0504,13.2715,0.0008
13.4202,IMM-UKF-LOS,smooth,0.500,10.00,0.050,0,0.600,1,10.2403,49.2602,39.0199,13.6868,0.3600,0.3600,0.0064,6.0000,28.9749,0.0111,4.1659,0.4171,-116.1330,-16.7536,-115.3745,-16.4900,-115.3745,-16.4900,-116.1935,-16.0596,-118.2604,-15.5371,0.7585,0.2635,0.7585,0.2635,-0.0606,0.6939,126,0.1500,126,0,0.4270,0.5026,0.0704,-6.1642,-4.4223,-0.0040,-4.1531,-4.3303,0.0000,1,0.1058,0.0504,13.2715,0.0008
13.4302,IMM-UKF-LOS,smooth,0.500,10.00,0.050,0,0.600,1,10.2217,49.4552,39.2335,13.7986,0.3600,0.3600,0.0069,6.0000,28.9749,0.0124,4.3961,0.4184,-116.1793,-16.7847,-115.3745,-16.4900,-115.3745,-16.4900,-116.2445,-16.0525,-118.2995,-15.5459,0.8048,0.2946,0.8048,0.2946,-0.0652,0.7321,126,0.1600,126,0,0.4270,0.5026,0.0704,-6.2602,-4.4649,-0.0042,-4.1651,-4.3188,0.0000,1,0.1058,0.0504,13.2715,0.0008
13.4402,IMM-UKF-LOS,smooth,0.500,10.00,0.050,0,0.600,1,10.2021,49.6484,39.4463,13.9106,0.3600,0.3600,0.0073,6.0000,28.9749,0.0137,4.6325,0.4196,-116.2251,-16.8175,-115.3745,-16.4900,-115.3745,-16.4900,-116.2951,-16.0461,-118.3384,-15.5550,0.8506,0.3275,0.8506,0.3275,-0.0700,0.7714,126,0.1700,126,0,0.4270,0.5026,0.0704,-6.3553,-4.5071,-0.0043,-4.1770,-4.3073,0.0000,1,0.1058,0.0504,13.2715,0.0008
13.4502,IMM-UKF-LOS,smooth,0.500,10.00,0.050,0,0.600,1,10.1816,47.3537,37.1721,13.3339,0.3600,0.3600,0.0077,6.0000,26.9725,0.0074,2.9557,0.4210,-116.2704,-16.8520,-115.9911,-16.6703,-115.9911,-16.6703,-116.3415,-16.3627,-118.4210,-16.3109,0.2794,0.1817,0.2794,0.1817,-0.0711,0.4894,127,0.0600,127,0,0.4414,0.5178,0.0409,-6.4493,-4.5490,-0.0044,-4.1889,-4.2957,0.0000,1,0.1058,0.0504,13.3910,0.0008
13.4602,IMM-UKF-LOS,smooth,0.500,10.00,0.050,0,0.600,1,10.1603,47.5359,37.3756,13.4399,0.3600,0.3600,0.0081,6.0000,26.9725,0.0088,3.1662,0.4224,-116.3153,-16.8882,-115.9911,-16.6703,-115.9911,-16.6703,-116.3916,-16.3640,-118.4602,-16.3261,0.3242,0.2179,0.3242,0.2179,-0.0763,0.5242,127,0.0700,127,0,0.4414,0.5178,0.0409,-6.5424,-4.5905,-0.0046,-4.2007,-4.2842,0.0000,1,0.1058,0.0504,13.3910,0.0008
13.4702,IMM-UKF-LOS,smooth,0.500,10.00,0.050,0,0.600,1,10.1380,47.7162,37.5782,13.5461,0.3600,0.3600,0.0086,6.0000,26.9725,0.0104,3.3832,0.4239,-116.3597,-16.9261,-115.9911,-16.6703,-115.9911,-16.6703,-116.4414,-16.3661,-118.4993,-16.3417,0.3686,0.2559,0.3686,0.2559,-0.0817,0.5601,127,0.0800,127,0,0.4414,0.5178,0.0409,-6.6345,-4.6317,-0.0047,-4.2124,-4.2727,0.0000,1,0.1058,0.0504,13.3910,0.0008
13.4802,IMM-UKF-LOS,smooth,0.500,10.00,0.050,0,0.600,1,10.1148,47.8947,37.7799,13.6525,0.3600,0.3600,0.0090,6.0000,26.9725,0.0120,3.6067,0.4255,-116.4036,-16.9657,-115.9911,-16.6703,-115.9911,-16.6703,-116.4909,-16.3687,-118.5382,-16.3576,0.4125,0.2955,0.4125,0.2955,-0.0874,0.5970,127,0.0900,127,0,0.4414,0.5178,0.0409,-6.7257,-4.6725,-0.0049,-4.2240,-4.2612,0.0000,1,0.1058,0.0504,13.3910,0.0008
13.4902,IMM-UKF-LOS,smooth,0.500,10.00,0.050,0,0.600,1,10.0907,48.0714,37.9807,13.7591,0.3600,0.3600,0.0095,6.0000,26.9725,0.0136,3.8370,0.4271,-116.4470,-17.0071,-115.9911,-16.6703,-115.9911,-16.6703,-116.5402,-16.3719,-118.5771,-16.3737,0.4559,0.3368,0.4559,0.3368,-0.0932,0.6351,127,0.1000,127,0,0.4414,0.5178,0.0409,-6.8159,-4.7129,-0.0050,-4.2356,-4.2497,0.0000,1,0.1058,0.0504,13.3910,0.0008
13.5002,IMM-UKF-LOS,smooth,0.500,10.00,0.050,0,0.600,1,10.0657,48.2463,38.1806,13.8659,0.3600,0.3600,0.0099,6.0000,26.9725,0.0154,4.0742,0.4288,-116.4900,-17.0501,-115.9911,-16.6703,-115.9911,-16.6703,-116.5891,-16.3758,-118.6159,-16.3902,0.4989,0.3799,0.4989,0.3799,-0.0992,0.6744,127,0.1100,127,0,0.4414,0.5178,0.0409,-6.9052,-4.7531,-0.0051,-4.2471,-4.2381,0.0000,1,0.1182,0.0405,13.3910,-0.0005
13.5102,IMM-UKF-LOS,smooth,0.500,10.00,0.050,0,0.600,1,10.0399,48.4195,38.3796,13.9729,0.3600,0.3600,0.0103,6.0000,26.9725,0.0172,4.3183,0.4306,-116.5325,-17.0949,-115.9911,-16.6703,-115.9911,-16.6703,-116.6378,-16.3802,-118.6546,-16.4070,0.5414,0.4246,0.5414,0.4246,-0.1053,0.7147,127,0.1200,127,0,0.4414,0.5178,0.0409,-6.9935,-4.7929,-0.0052,-4.2586,-4.2266,0.0000,1,0.1182,0.0405,13.3910,-0.0005
13.5202,IMM-UKF-LOS,smooth,0.500,10.00,0.050,0,0.600,1,10.0133,48.5911,38.5778,14.0801,0.3600,0.3600,0.0108,6.0000,26.9725,0.0191,4.5697,0.4325,-116.5746,-17.1414,-115.9911,-16.6703,-115.9911,-16.6703,-116.6863,-16.3851,-118.6932,-16.4241,0.5835,0.4712,0.5835,0.4712,-0.1117,0.7563,127,0.1300,127,0,0.4414,0.5178,0.0409,-7.0810,-4.8323,-0.0054,-4.2700,-4.2151,0.0000,1,0.1182,0.0405,13.3910,-0.0005
13.5302,IMM-UKF-LOS,smooth,0.500,10.00,0.050,0,0.600,1,9.9857,48.7609,38.7751,14.1875,0.3600,0.3600,0.0112,6.0000,26.9725,0.0210,4.8283,0.4344,-116.6162,-17.1897,-115.9911,-16.6703,-115.9911,-16.6703,-116.7345,-16.3906,-118.7316,-16.4415,0.6251,0.5194,0.6251,0.5194,-0.1183,0.7991,127,0.1400,127,0,0.4414,0.5178,0.0409,-7.1675,-4.8715,-0.0055,-4.2813,-4.2037,0.0000,1,0.1182,0.0405,13.3910,-0.0005
13.5402,IMM-UKF-LOS,smooth,0.500,10.00,0.050,0,0.600,1,9.9574,48.9291,38.9717,14.2952,0.3600,0.3600,0.0117,6.0000,26.9725,0.0231,5.0945,0.4364,-116.6574,-17.2398,-115.9911,-16.6703,-115.9911,-16.6703,-116.7824,-16.3967,-118.7700,-16.4591,0.6663,0.5695,0.6663,0.5695,-0.1250,0.8431,127,0.1500,127,0,0.4414,0.5178,0.0409,-7.2531,-4.9102,-0.0056,-4.2925,-4.1922,0.0000,1,0.1182,0.0405,13.3910,-0.0005
13.5502,IMM-UKF-LOS,smooth,0.500,10.00,0.050,0,0.600,1,9.9282,51.1786,41.2504,13.2668,0.3600,0.3600,0.0121,6.0000,28.2114,0.0098,2.4653,0.4385,-116.6981,-17.2916,-116.4900,-17.0501,-116.4900,-17.0501,-116.7344,-16.8810,-118.5715,-17.5935,0.2082,0.2414,0.2082,0.2414,-0.0363,0.4106,128,0.0500,128,0,0.3073,0.6576,0.0351,-7.3378,-4.9487,-0.0057,-4.3037,-4.1807,0.0000,1,0.1182,0.0405,13.4997,-0.0005
13.5602,IMM-UKF-LOS,smooth,0.500,10.00,0.050,0,0.600,1,9.8982,51.3670,41.4688,13.3678,0.3600,0.3600,0.0126,6.0000,28.2114,0.0120,2.6739,0.4407,-116.7384,-17.3452,-116.4900,-17.0501,-116.4900,-17.0501,-116.7781,-16.8998,-118.6061,-17.6199,0.2484,0.2951,0.2484,0.2951,-0.0396,0.4454,128,0.0600,128,0,0.3073,0.6576,0.0351,-7.4217,-4.9868,-0.0058,-4.3148,-4.1693,0.0000,1,0.1182,0.0405,13.4997,-0.0005
13.5702,IMM-UKF-LOS,smooth,0.500,10.00,0.050,0,0.600,1,9.8674,51.5537,41.6864,13.4689,0.3600,0.3600,0.0130,6.0000,28.2114,0.0142,2.8910,0.4429,-116.7783,-17.4006,-116.4900,-17.0501,-116.4900,-17.0501,-116.8215,-16.9191,-118.6406,-17.6465,0.2883,0.3505,0.2883,0.3505,-0.0432,0.4815,128,0.0700,128,0,0.3073,0.6576,0.0351,-7.5047,-5.0246,-0.0059,-4.3258,-4.1578,0.0000,1,0.1182,0.0405,13.4997,-0.0005
13.5802,IMM-UKF-LOS,smooth,0.500,10.00,0.050,0,0.600,1,9.8357,51.7388,41.9031,13.5704,0.3600,0.3600,0.0135,6.0000,28.2114,0.0166,3.1165,0.4452,-116.8177,-17.4579,-116.4900,-17.0501,-116.4900,-17.0501,-116.8647,-16.9389,-118.6749,-17.6733,0.3277,0.4077,0.3277,0.4077,-0.0470,0.5190,128,0.0800,128,0,0.3073,0.6576,0.0351,-7.5868,-5.0621,-0.0061,-4.3368,-4.1464,0.0000,1,0.1182,0.0405,13.4997,-0.0005
13.5902,IMM-UKF-LOS,smooth,0.500,10.00,0.050,0,0.600,1,9.8033,51.9223,42.1190,13.6720,0.3600,0.3600,0.0139,6.0000,28.2114,0.0190,3.3507,0.4477,-116.8567,-17.5170,-116.4900,-17.0501,-116.4900,-17.0501,-116.9076,-16.9590,-118.7092,-17.7004,0.3667,0.4668,0.3667,0.4668,-0.0509,0.5580,128,0.0900,128,0,0.3073,0.6576,0.0351,-7.6681,-5.0993,-0.0062,-4.3477,-4.1349,0.0000,1,0.1182,0.0405,13.4997,-0.0005
13.6002,IMM-UKF-LOS,smooth,0.500,10.00,0.050,0,0.600,1,9.7701,52.1042,42.3341,13.7739,0.3600,0.3600,0.0144,6.0000,28.2114,0.0215,3.5938,0.4501,-116.8953,-17.5779,-116.4900,-17.0501,-116.4900,-17.0501,-116.9504,-16.9795,-118.7434,-17.7277,0.4053,0.5278,0.4053,0.5278,-0.0551,0.5984,128,0.1000,128,0,0.3073,0.6576,0.0351,-7.7485,-5.1362,-0.0063,-4.3585,-4.1235,0.0000,1,0.1182,0.0405,13.4997,-0.0005
13.6102,IMM-UKF-LOS,smooth,0.500,10.00,0.050,0,0.600,1,9.7361,52.2845,42.5484,13.8759,0.3600,0.3600,0.0149,6.0000,28.2114,0.0241,3.8458,0.4527,-116.9334,-17.6407,-116.4900,-17.0501,-116.4900,-17.0501,-116.9929,-17.0004,-118.7775,-17.7552,0.4435,0.5906,0.4435,0.5906,-0.0595,0.6403,128,0.1100,128,0,0.3073,0.6576,0.0351,-7.8281,-5.1727,-0.0064,-4.3693,-4.1121,0.0000,1,0.1182,0.0405,13.4997,-0.0005
13.6202,IMM-UKF-LOS,smooth,0.500,10.00,0.050,0,0.600,1,9.7014,52.4633,42.7619,13.9783,0.3600,0.3600,0.0153,6.0000,28.2114,0.0268,4.1071,0.4554,-116.9712,-17.7054,-116.4900,-17.0501,-116.4900,-17.0501,-117.0352,-17.0217,-118.8115,-17.7829,0.4812,0.6553,0.4812,0.6553,-0.0641,0.6838,128,0.1200,128,0,0.3073,0.6576,0.0351,-7.9069,-5.2089,-0.0065,-4.3800,-4.1007,0.0000,1,0.1142,0.0490,13.4997,0.0017
13.6302,IMM-UKF-LOS,smooth,0.500,10.00,0.050,0,0.600,1,9.6659,52.6406,42.9747,14.0808,0.3600,0.3600,0.0158,6.0000,28.2114,0.0296,4.3778,0.4581,-117.0085,-17.7721,-116.4900,-17.0501,-116.4900,-17.0501,-117.0773,-17.0433,-118.8454,-17.8108,0.5185,0.7220,0.5185,0.7220,-0.0688,0.7288,128,0.1300,128,0,0.3073,0.6576,0.0351,-7.9848,-5.2448,-0.0065,-4.3906,-4.0893,0.0000,1,0.1142,0.0490,13.4997,0.0017
13.6402,IMM-UKF-LOS,smooth,0.500,10.00,0.050,0,0.600,1,9.6296,52.8164,43.1868,14.1836,0.3600,0.3600,0.0163,6.0000,28.2114,0.0325,4.6581,0.4610,-117.0454,-17.8407,-116.4900,-17.0501,-116.4900,-17.0501,-117.1192,-17.0653,-118.8792,-17.8389,0.5554,0.7905,0.5554,0.7905,-0.0739,0.7754,128,0.1400,128,0,0.3073,0.6576,0.0351,-8.0620,-5.2804,-0.0066,-4.4011,-4.0780,0.0000,1,0.1142,0.0490,13.4997,0.0017
13.6502,IMM-UKF-LOS,smooth,0.500,10.00,0.050,0,0.600,1,9.5926,52.9907,43.3981,14.2865,0.3600,0.3600,0.0167,6.0000,28.2114,0.0354,4.9482,0.4639,-117.0818,-17.9112,-116.4900,-17.0501,-116.4900,-17.0501,-117.1609,-17.0876,-118.9129,-17.8672,0.5919,0.8611,0.5919,0.8611,-0.0791,0.8236,128,0.1500,128,0,0.3073,0.6576,0.0351,-8.1383,-5.3158,-0.0067,-4.4116,-4.0666,0.0000,1,0.1142,0.0490,13.4997,0.0017
13.6602,IMM-UKF-LOS,smooth,0.500,10.00,0.050,0,0.600,1,9.5549,53.1636,43.6087,14.3898,0.3600,0.3600,0.0172,6.0000,28.2114,0.0384,5.2483,0.4669,-117.1179,-17.9838,-116.4900,-17.0501,-116.4900,-17.0501,-117.2024,-17.1103,-118.9465,-17.8957,0.6279,0.9337,0.6279,0.9337,-0.0845,0.8735,128,0.1600,128,0,0.3073,0.6576,0.0351,-8.2138,-5.3508,-0.0068,-4.4221,-4.0553,0.0000,1,0.1142,0.0490,13.4997,0.0017
13.6702,IMM-UKF-LOS,smooth,0.500,10.00,0.050,0,0.600,1,9.5165,51.0394,41.5230,11.2145,0.3600,0.3600,0.0177,6.0000,26.8596,0.0147,3.6428,0.4700,-117.1535,-18.0584,-116.9712,-17.7054,-116.9712,-17.7054,-117.3287,-17.4727,-119.2463,-18.7051,0.1824,0.3529,0.1824,0.3529,-0.1751,0.5856,129,0.0500,129,0,0.5868,0.3521,0.0611,-8.2886,-5.3855,-0.0069,-4.4324,-4.0440,0.0000,1,0.1142,0.0490,13.6219,0.0017
13.6802,IMM-UKF-LOS,smooth,0.500,10.00,0.050,0,0.600,1,9.4773,51.2054,41.7281,11.2927,0.3600,0.3600,0.0181,6.0000,26.8596,0.0179,3.9229,0.4732,-117.1887,-18.1350,-116.9712,-17.7054,-116.9712,-17.7054,-117.3733,-17.5032,-119.2827,-18.7399,0.2176,0.4295,0.2176,0.4295,-0.1845,0.6317,129,0.0600,129,0,0.5868,0.3521,0.0611,-8.3626,-5.4199,-0.0070,-4.4427,-4.0327,0.0000,1,0.1142,0.0490,13.6219,0.0017
13.6902,IMM-UKF-LOS,smooth,0.500,10.00,0.050,0,0.600,1,9.4374,51.3699,41.9325,11.3712,0.3600,0.3600,0.0186,6.0000,26.8596,0.0213,4.2134,0.4765,-117.2235,-18.2137,-116.9712,-17.7054,-116.9712,-17.7054,-117.4176,-17.5340,-119.3191,-18.7749,0.2524,0.5082,0.2524,0.5082,-0.1941,0.6796,129,0.0700,129,0,0.5868,0.3521,0.0611,-8.4358,-5.4540,-0.0070,-4.4529,-4.0214,0.0000,1,0.1142,0.0490,13.6219,0.0017
13.7002,IMM-UKF-LOS,smooth,0.500,10.00,0.050,0,0.600,1,9.3968,51.5330,42.1362,11.4500,0.3600,0.3600,0.0191,6.0000,26.8596,0.0247,4.5149,0.4799,-117.2579,-18.2945,-116.9712,-17.7054,-116.9712,-17.7054,-117.4618,-17.5652,-119.3554,-18.8101,0.2868,0.5890,0.2868,0.5890,-0.2039,0.7293,129,0.0800,129,0,0.5868,0.3521,0.0611,-8.5083,-5.4878,-0.0071,-4.4631,-4.0101,0.0000,1,0.1142,0.0490,13.6219,0.0017
13.7102,IMM-UKF-LOS,smooth,0.500,10.00,0.050,0,0.600,1,9.3555,51.6946,42.3391,11.5290,0.3600,0.3600,0.0195,6.0000,26.8596,0.0282,4.8273,0.4835,-117.2919,-18.3774,-116.9712,-17.7054,-116.9712,-17.7054,-117.5058,-17.5966,-119.3916,-18.8455,0.3207,0.6720,0.3207,0.6720,-0.2138,0.7808,129,0.0900,129,0,0.5868,0.3521,0.0611,-8.5800,-5.5213,-0.0072,-4.4732,-3.9989,0.0000,1,0.1142,0.0490,13.6219,0.0017
13.7202,IMM-UKF-LOS,smooth,0.500,10.00,0.050,0,0.600,1,9.3136,51.8549,42.5413,11.6082,0.3600,0.3600,0.0200,6.0000,26.8596,0.0318,5.1512,0.4871,-117.3255,-18.4625,-116.9712,-17.7054,-116.9712,-17.7054,-117.5496,-17.6283,-119.4278,-18.8811,0.3543,0.7571,0.3543,0.7571,-0.2241,0.8342,129,0.1000,129,0,0.5868,0.3521,0.0611,-8.6510,-5.5546,-0.0072,-4.4832,-3.9876,0.0000,1,0.1142,0.0490,13.6219,0.0017
13.7302,IMM-UKF-LOS,smooth,0.500,10.00,0.050,0,0.600,1,9.2710,52.0138,42.7429,11.6876,0.3600,0.3600,0.0205,6.0000,26.8596,0.0356,5.4865,0.4908,-117.3586,-18.5499,-116.9712,-17.7054,-116.9712,-17.7054,-117.5932,-17.6603,-119.4638,-18.9169,0.3875,0.8444,0.3875,0.8444,-0.2345,0.8895,129,0.1100,129,0,0.5868,0.3521,0.0611,-8.7212,-5.5875,-0.0073,-4.4931,-3.9764,0.0000,1,0.1142,0.0490,13.6219,0.0017
13.7402,IMM-UKF-LOS,smooth,0.500,10.00,0.050,0,0.600,1,9.2277,52.1714,42.9437,11.7674,0.3600,0.3600,0.0209,6.0000,26.8596,0.0394,5.8336,0.4946,-117.3914,-18.6394,-116.9712,-17.7054,-116.9712,-17.7054,-117.6366,-17.6926,-119.4998,-18.9529,0.4202,0.9340,0.4202,0.9340,-0.2452,0.9468,129,0.1200,129,0,0.5868,0.3521,0.0611,-8.7907,-5.6202,-0.0073,-4.5030,-3.9652,0.0000,1,0.1129,0.0424,13.6219,0.0011
13.7502,IMM-UKF-LOS,smooth,0.500,10.00,0.050,0,0.600,1,9.1837,52.3276,43.1439,11.8473,0.3600,0.3600,0.0214,6.0000,26.8596,0.0422,6.1939,0.4974,-117.4237,-18.7315,-116.9712,-17.7054,-116.9712,-17.7054,-117.6798,-17.7252,-119.5356,-18.9890,0.4525,1.0260,0.4525,1.0260,-0.2561,1.0063,129,0.1300,129,0,0.5868,0.3521,0.0611,-8.8595,-5.6526,-0.0074,-4.5128,-3.9540,0.0000,1,0.1129,0.0424,13.6219,0.0011
13.7602,IMM-UKF-LOS,smooth,0.500,10.00,0.050,0,0.600,1,9.1391,52.4825,43.3435,11.9275,0.3600,0.3600,0.0219,6.0000,26.8596,0.0442,6.5675,0.4993,-117.4556,-18.8260,-116.9712,-17.7054,-116.9712,-17.7054,-117.7229,-17.7580,-119.5714,-19.0253,0.4844,1.1205,0.4844,1.1205,-0.2673,1.0679,129,0.1400,129,0,0.5868,0.3521,0.0611,-8.9276,-5.6847,-0.0074,-4.5226,-3.9429,0.0000,1,0.1129,0.0424,13.6219,0.0011
13.7702,IMM-UKF-LOS,smooth,0.500,10.00,0.050,0,0.600,1,9.0938,52.6362,43.5424,12.0079,0.3600,0.3600,0.0224,6.0000,26.8596,0.0462,6.9538,0.5013,-117.4871,-18.9228,-116.9712,-17.7054,-116.9712,-17.7054,-117.7658,-17.7911,-119.6072,-19.0617,0.5159,1.2174,0.5159,1.2174,-0.2787,1.1317,129,0.1500,129,0,0.5868,0.3521,0.0611,-8.9949,-5.7165,-0.0075,-4.5323,-3.9317,0.0000,1,0.1129,0.0424,13.6219,0.0011
13.7802,IMM-UKF-LOS,smooth,0.500,10.00,0.050,0,0.600,1,9.0479,52.7886,43.7407,12.0886,0.3600,0.3600,0.0228,6.0000,26.8596,0.0483,7.3531,0.5034,-117.5182,-19.0221,-116.9712,-17.7054,-116.9712,-17.7054,-117.8085,-17.8245,-119.6428,-19.0983,0.5470,1.3167,0.5470,1.3167,-0.2903,1.1977,129,0.1600,129,0,0.5868,0.3521,0.0611,-9.0616,-5.7480,-0.0075,-4.5419,-3.9206,0.0000,1,0.1129,0.0424,13.6219,0.0011
13.7902,IMM-UKF-LOS,smooth,0.500,10.00,0.050,0,0.600,1,9.0014,50.6065,41.6051,12.0656,0.3600,0.3600,0.0233,6.0000,25.2866,0.0111,3.3812,0.5054,-117.5488,-19.1239,-117.3914,-18.6394,-117.3914,-18.6394,-117.5541,-18.5587,-119.1209,-20.7171,0.1575,0.4845,0.1575,0.4845,-0.0053,0.5652,130,0.0500,130,0,0.6066,0.3399,0.0535,-9.1276,-5.7793,-0.0076,-4.5514,-3.9095,0.0000,1,0.1129,0.0424,13.7414,0.0011
13.8002,IMM-UKF-LOS,smooth,0.500,10.00,0.050,0,0.600,1,8.9543,50.7501,41.7958,12.1448,0.3600,0.3600,0.0238,6.0000,25.2866,0.0133,3.7000,0.5075,-117.5791,-19.2282,-117.3914,-18.6394,-117.3914,-18.6394,-117.5897,-18.6098,-119.1513,-20.7686,0.1877,0.5888,0.1877,0.5888,-0.0106,0.6184,130,0.0600,130,0,0.6066,0.3399,0.0535,-9.1929,-5.8103,-0.0076,-4.5609,-3.8985,0.0000,1,0.1129,0.0424,13.7414,0.0011
13.8102,IMM-UKF-LOS,smooth,0.500,10.00,0.050,0,0.600,1,8.9065,50.8925,41.9859,12.2242,0.3600,0.3600,0.0243,6.0000,25.2866,0.0155,4.0331,0.5097,-117.6089,-19.3350,-117.3914,-18.6394,-117.3914,-18.6394,-117.6251,-18.6610,-119.1816,-20.8202,0.2175,0.6956,0.2175,0.6956,-0.0162,0.6740,130,0.0700,130,0,0.6066,0.3399,0.0535,-9.2575,-5.8411,-0.0076,-4.5703,-3.8874,0.0000,1,0.1129,0.0424,13.7414,0.0011
13.8202,IMM-UKF-LOS,smooth,0.500,10.00,0.050,0,0.600,1,8.8582,51.0336,42.1754,12.3039,0.3600,0.3600,0.0247,6.0000,25.2866,0.0178,4.3808,0.5119,-117.6383,-19.4444,-117.3914,-18.6394,-117.3914,-18.6394,-117.6604,-18.7125,-119.2119,-20.8720,0.2469,0.8050,0.2469,0.8050,-0.0221,0.7319,130,0.0800,130,0,0.6066,0.3399,0.0535,-9.3214,-5.8715,-0.0077,-4.5797,-3.8764,0.0000,1,0.1129,0.0424,13.7414,0.0011
13.8302,IMM-UKF-LOS,smooth,0.500,10.00,0.050,0,0.600,1,8.8092,51.1735,42.3642,12.3838,0.3600,0.3600,0.0252,6.0000,25.2866,0.0201,4.7433,0.5141,-117.6673,-19.5565,-117.3914,-18.6394,-117.3914,-18.6394,-117.6956,-18.7641,-119.2422,-20.9239,0.2759,0.9171,0.2759,0.9171,-0.0284,0.7924,130,0.0900,130,0,0.6066,0.3399,0.0535,-9.3847,-5.9017,-0.0077,-4.5890,-3.8654,0.0000,1,0.1129,0.0424,13.7414,0.0011
13.8402,IMM-UKF-LOS,smooth,0.500,10.00,0.050,0,0.600,1,8.7597,51.3121,42.5525,12.4639,0.3600,0.3600,0.0257,6.0000,25.2866,0.0224,5.1211,0.5164,-117.6958,-19.6713,-117.3914,-18.6394,-117.3914,-18.6394,-117.7307,-18.8159,-119.2724,-20.9760,0.3044,1.0318,0.3044,1.0318,-0.0349,0.8553,130,0.1000,130,0,0.6066,0.3399,0.0535,-9.4474,-5.9317,-0.0077,-4.5982,-3.8544,0.0000,1,0.1129,0.0424,13.7414,0.0011
13.8502,IMM-UKF-LOS,smooth,0.500,10.00,0.050,0,0.600,1,8.7096,51.4496,42.7401,12.5442,0.3600,0.3600,0.0261,6.0000,25.2866,0.0244,5.5144,0.5186,-117.7241,-19.7888,-117.3914,-18.6394,-117.3914,-18.6394,-117.7657,-18.8679,-119.3025,-21.0282,0.3328,1.1494,0.3328,1.1494,-0.0416,0.9209,130,0.1100,130,0,0.6066,0.3399,0.0535,-9.5094,-5.9613,-0.0077,-4.6073,-3.8435,0.0000,1,0.1129,0.0424,13.7414,0.0011
13.8602,IMM-UKF-LOS,smooth,0.500,10.00,0.050,0,0.600,1,8.6589,51.5860,42.9271,12.6248,0.3600,0.3600,0.0265,6.0000,25.2866,0.0265,5.9238,0.5208,-117.7520,-19.9092,-117.3914,-18.6394,-117.3914,-18.6394,-117.8006,-18.9201,-119.3326,-21.0805,0.3607,1.2698,0.3607,1.2698,-0.0486,0.9890,130,0.1200,130,0,0.6066,0.3399,0.0535,-9.5707,-5.9907,-0.0077,-4.6164,-3.8326,0.0000,1,0.0984,0.0479,13.7414,0.0016
13.8702,IMM-UKF-LOS,smooth,0.500,10.00,0.050,0,0.600,1,8.6076,51.7212,43.1136,12.7056,0.3600,0.3600,0.0269,6.0000,25.2866,0.0287,6.3495,0.5230,-117.7795,-20.0325,-117.3914,-18.6394,-117.3914,-18.6394,-117.8353,-18.9725,-119.3627,-21.1330,0.3881,1.3930,0.3881,1.3930,-0.0559,1.0599,130,0.1300,130,0,0.6066,0.3399,0.0535,-9.6314,-6.0199,-0.0077,-4.6254,-3.8217,0.0000,1,0.0984,0.0479,13.7414,0.0016
13.8802,IMM-UKF-LOS,smooth,0.500,10.00,0.050,0,0.600,1,8.5558,51.8552,43.2994,12.7866,0.3600,0.3600,0.0273,6.0000,25.2866,0.0309,6.7920,0.5253,-117.8065,-20.1587,-117.3914,-18.6394,-117.3914,-18.6394,-117.8700,-19.0251,-119.3927,-21.1856,0.4151,1.5193,0.4151,1.5193,-0.0635,1.1336,130,0.1400,130,0,0.6066,0.3399,0.0535,-9.6915,-6.0488,-0.0077,-4.6344,-3.8108,0.0000,1,0.0984,0.0479,13.7414,0.0016
13.8902,IMM-UKF-LOS,smooth,0.500,10.00,0.050,0,0.600,1,8.5034,51.9882,43.4848,12.8679,0.3600,0.3600,0.0277,6.0000,25.2866,0.0331,7.2517,0.5276,-117.8331,-20.2879,-117.3914,-18.6394,-117.3914,-18.6394,-117.9045,-19.0778,-119.4226,-21.2383,0.4417,1.6485,0.4417,1.6485,-0.0715,1.2101,130,0.1500,130,0,0.6066,0.3399,0.0535,-9.7510,-6.0774,-0.0077,-4.6433,-3.8000,0.0000,1,0.0984,0.0479,13.7414,0.0016
13.9002,IMM-UKF-LOS,smooth,0.500,10.00,0.050,0,0.600,1,8.4505,52.1201,43.6696,12.9494,0.3600,0.3600,0.0281,6.0000,25.2866,0.0355,7.7289,0.5300,-117.8592,-20.4202,-117.3914,-18.6394,-117.3914,-18.6394,-117.9390,-19.1307,-119.4525,-21.2912,0.4678,1.7808,0.4678,1.7808,-0.0798,1.2895,130,0.1600,130,0,0.6066,0.3399,0.0535,-9.8099,-6.1058,-0.0077,-4.6521,-3.7892,0.0000,1,0.0984,0.0479,13.7414,0.0016
13.9102,IMM-UKF-LOS,smooth,0.500,10.00,0.050,0,0.600,1,8.3971,47.8513,39.4542,12.4334,0.3600,0.3600,0.0286,6.0000,22.5892,0.0120,4.6723,0.5324,-117.8849,-20.5557,-117.7520,-19.9092,-117.7520,-19.9092,-118.0067,-19.7831,-119.6904,-22.7867,0.1329,0.6465,0.1329,0.6465,-0.1217,0.7726,131,0.0500,131,0,0.5942,0.3512,0.0546,-9.8681,-6.1339,-0.0077,-4.6609,-3.7784,0.0000,1,0.0984,0.0479,13.8619,0.0016
13.9202,IMM-UKF-LOS,smooth,0.500,10.00,0.050,0,0.600,1,8.3432,47.9609,39.6178,12.5103,0.3600,0.3600,0.0290,6.0000,22.5892,0.0145,5.0957,0.5349,-117.9101,-20.6944,-117.7520,-19.9092,-117.7520,-19.9092,-118.0437,-19.8519,-119.7239,-22.8548,0.1581,0.7852,0.1581,0.7852,-0.1336,0.8425,131,0.0600,131,0,0.5942,0.3512,0.0546,-9.9258,-6.1618,-0.0077,-4.6696,-3.7676,0.0000,1,0.0984,0.0479,13.8619,0.0016
13.9302,IMM-UKF-LOS,smooth,0.500,10.00,0.050,0,0.600,1,8.2887,48.0695,39.7808,12.5874,0.3600,0.3600,0.0294,6.0000,22.5892,0.0170,5.5379,0.5373,-117.9349,-20.8364,-117.7520,-19.9092,-117.7520,-19.9092,-118.0807,-19.9209,-119.7573,-22.9231,0.1829,0.9272,0.1829,0.9272,-0.1458,0.9155,131,0.0700,131,0,0.5942,0.3512,0.0546,-9.9828,-6.1894,-0.0076,-4.6782,-3.7569,0.0000,1,0.0984,0.0479,13.8619,0.0016
13.9402,IMM-UKF-LOS,smooth,0.500,10.00,0.050,0,0.600,1,8.2337,48.1770,39.9433,12.6648,0.3600,0.3600,0.0298,6.0000,22.5892,0.0195,5.9995,0.5398,-117.9592,-20.9817,-117.7520,-19.9092,-117.7520,-19.9092,-118.1176,-19.9900,-119.7907,-22.9915,0.2072,1.0725,0.2072,1.0725,-0.1584,0.9917,131,0.0800,131,0,0.5942,0.3512,0.0546,-10.0393,-6.2168,-0.0076,-4.6868,-3.7462,0.0000,1,0.0984,0.0479,13.8619,0.0016
13.9502,IMM-UKF-LOS,smooth,0.500,10.00,0.050,0,0.600,1,8.1782,48.2834,40.1052,12.7424,0.3600,0.3600,0.0302,6.0000,22.5892,0.0221,6.4808,0.5423,-117.9831,-21.1306,-117.7520,-19.9092,-117.7520,-19.9092,-118.1545,-20.0593,-119.8241,-23.0601,0.2311,1.2214,0.2311,1.2214,-0.1714,1.0712,131,0.0900,131,0,0.5942,0.3512,0.0546,-10.0952,-6.2439,-0.0075,-4.6953,-3.7355,0.0000,1,0.0984,0.0479,13.8619,0.0016
13.9602,IMM-UKF-LOS,smooth,0.500,10.00,0.050,0,0.600,1,8.1222,48.3889,40.2666,12.8202,0.3600,0.3600,0.0306,6.0000,22.5892,0.0247,6.9824,0.5449,-118.0065,-21.2829,-117.7520,-19.9092,-117.7520,-19.9092,-118.1912,-20.1288,-119.8575,-23.1289,0.2545,1.3738,0.2545,1.3738,-0.1848,1.1541,131,0.1000,131,0,0.5942,0.3512,0.0546,-10.1505,-6.2708,-0.0075,-4.7037,-3.7249,0.0000,1,0.1174,0.0475,13.8619,0.0013
13.9702,IMM-UKF-LOS,smooth,0.500,10.00,0.050,0,0.600,1,8.0658,48.4933,40.4275,12.8983,0.3600,0.3600,0.0310,6.0000,22.5892,0.0273,7.5049,0.5475,-118.0294,-21.4390,-117.7520,-19.9092,-117.7520,-19.9092,-118.2279,-20.1985,-119.8909,-23.1978,0.2774,1.5298,0.2774,1.5298,-0.1985,1.2405,131,0.1100,131,0,0.5942,0.3512,0.0546,-10.2053,-6.2974,-0.0074,-4.7121,-3.7143,0.0000,1,0.1174,0.0475,13.8619,0.0013
13.9802,IMM-UKF-LOS,smooth,0.500,10.00,0.050,0,0.600,1,8.0089,48.5967,40.5879,12.9766,0.3600,0.3600,0.0314,6.0000,22.5892,0.0300,8.0491,0.5503,-118.0517,-21.5987,-117.7520,-19.9092,-117.7520,-19.9092,-118.2645,-20.2683,-119.9242,-23.2668,0.2997,1.6895,0.2997,1.6895,-0.2128,1.3304,131,0.1200,131,0,0.5942,0.3512,0.0546,-10.2595,-6.3238,-0.0074,-4.7204,-3.7037,0.0000,1,0.1174,0.0475,13.8619,0.0013
13.9902,IMM-UKF-LOS,smooth,0.500,10.00,0.050,0,0.600,1,7.9515,48.6992,40.7477,13.0552,0.3600,0.3600,0.0317,6.0000,22.5892,0.0326,8.6154,0.5531,-118.0734,-21.7623,-117.7520,-19.9092,-117.7520,-19.9092,-118.3011,-20.3383,-119.9576,-23.3360,0.3214,1.8531,0.3214,1.8531,-0.2277,1.4240,131,0.1300,131,0,0.5942,0.3512,0.0546,-10.3131,-6.3500,-0.0073,-4.7287,-3.6932,0.0000,1,0.1174,0.0475,13.8619,0.0013
14.0002,IMM-UKF-LOS,smooth,0.500,10.00,0.050,0,0.600,1,7.8936,48.8007,40.9071,13.1340,0.3600,0.3600,0.0321,6.0000,22.5892,0.0354,9.2043,0.5559,-118.0947,-21.9298,-117.7520,-19.9092,-117.7520,-19.9092,-118.3376,-20.4084,-119.9909,-23.4054,0.3427,2.0206,0.3427,2.0206,-0.2429,1.5214,131,0.1400,131,0,0.5942,0.3512,0.0546,-10.3662,-6.3759,-0.0072,-4.7369,-3.6827,0.0000,1,0.1174,0.0475,13.8619,0.0013
14.0102,IMM-UKF-LOS,smooth,0.500,10.00,0.050,0,0.600,1,7.8353,46.7086,38.8733,13.6406,0.3600,0.3600,0.0324,6.0000,21.2978,0.0141,4.6488,0.5588,-118.1154,-22.1013,-118.0065,-21.2829,-118.0065,-21.2829,-118.1460,-21.3248,-119.5388,-25.5764,0.1090,0.8184,0.1090,0.8184,-0.0306,0.7765,132,0.0500,132,0,0.5308,0.4069,0.0623,-10.4188,-6.4016,-0.0071,-4.7450,-3.6722,0.0000,1,0.1174,0.0475,13.9616,0.0013
14.0202,IMM-UKF-LOS,smooth,0.500,10.00,0.050,0,0.600,1,7.7766,46.8002,39.0236,13.7213,0.3600,0.3600,0.0328,6.0000,21.2978,0.0171,5.1315,0.5617,-118.1357,-22.2770,-118.0065,-21.2829,-118.0065,-21.2829,-118.1759,-21.4201,-119.5673,-25.6685,0.1292,0.9941,0.1292,0.9941,-0.0403,0.8569,132,0.0600,132,0,0.5308,0.4069,0.0623,-10.4708,-6.4270,-0.0070,-4.7531,-3.6618,0.0000,1,0.1174,0.0475,13.9616,0.0013
14.0302,IMM-UKF-LOS,smooth,0.500,10.00,0.050,0,0.600,1,7.7174,46.8908,39.1735,13.8021,0.3600,0.3600,0.0331,6.0000,21.2978,0.0201,5.6393,0.5647,-118.1554,-22.4569,-118.0065,-21.2829,-118.0065,-21.2829,-118.2058,-21.5155,-119.5957,-25.7609,0.1489,1.1740,0.1489,1.1740,-0.0504,0.9414,132,0.0700,132,0,0.5308,0.4069,0.0623,-10.5222,-6.4522,-0.0069,-4.7611,-3.6514,0.0000,1,0.1174,0.0475,13.9616,0.0013
14.0402,IMM-UKF-LOS,smooth,0.500,10.00,0.050,0,0.600,1,7.6578,46.9806,39.3229,13.8832,0.3600,0.3600,0.0335,6.0000,21.2978,0.0232,6.1726,0.5676,-118.1746,-22.6412,-118.0065,-21.2829,-118.0065,-21.2829,-118.2357,-21.6111,-119.6242,-25.8534,0.1681,1.3583,0.1681,1.3583,-0.0611,1.0301,132,0.0800,132,0,0.5308,0.4069,0.0623,-10.5732,-6.4772,-0.0068,-4.7690,-3.6410,0.0000,1,0.1174,0.0475,13.9616,0.0013
14.0502,IMM-UKF-LOS,smooth,0.500,10.00,0.050,0,0.600,1,7.5977,47.0695,39.4718,13.9646,0.3600,0.3600,0.0338,6.0000,21.2978,0.0264,6.7324,0.5707,-118.1933,-22.8300,-118.0065,-21.2829,-118.0065,-21.2829,-118.2655,-21.7068,-119.6526,-25.9460,0.1868,1.5471,0.1868,1.5471,-0.0723,1.1232,132,0.0900,132,0,0.5308,0.4069,0.0623,-10.6236,-6.5019,-0.0066,-4.7769,-3.6306,0.0000,1,0.1174,0.0475,13.9616,0.0013
14.0602,IMM-UKF-LOS,smooth,0.500,10.00,0.050,0,0.600,1,7.5373,47.1576,39.6203,14.0462,0.3600,0.3600,0.0342,6.0000,21.2978,0.0295,7.3194,0.5737,-118.2114,-23.0234,-118.0065,-21.2829,-118.0065,-21.2829,-118.2954,-21.8026,-119.6811,-26.0387,0.2049,1.7404,0.2049,1.7404,-0.0839,1.2208,132,0.1000,132,0,0.5308,0.4069,0.0623,-10.6736,-6.5264,-0.0065,-4.7847,-3.6203,0.0000,1,0.1174,0.0475,13.9616,0.0013
14.0702,IMM-UKF-LOS,smooth,0.500,10.00,0.050,0,0.600,1,7.4765,47.2448,39.7683,14.1281,0.3600,0.3600,0.0345,6.0000,21.2978,0.0328,7.9344,0.5769,-118.2290,-23.2215,-118.0065,-21.2829,-118.0065,-21.2829,-118.3252,-21.8985,-119.7097,-26.1316,0.2225,1.9386,0.2225,1.9386,-0.0962,1.3231,132,0.1100,132,0,0.5308,0.4069,0.0623,-10.7230,-6.5507,-0.0063,-4.7924,-3.6101,0.0000,1,0.1174,0.0475,13.9616,0.0013
14.0802,IMM-UKF-LOS,smooth,0.500,10.00,0.050,0,0.600,1,7.4153,47.3313,39.9160,14.2102,0.3600,0.3600,0.0349,6.0000,21.2978,0.0360,8.5781,0.5799,-118.2460,-23.4245,-118.0065,-21.2829,-118.0065,-21.2829,-118.3549,-21.9945,-119.7382,-26.2247,0.2396,2.1416,0.2396,2.1416,-0.1089,1.4300,132,0.1200,132,0,0.5308,0.4069,0.0623,-10.7719,-6.5748,-0.0061,-4.8001,-3.5999,0.0000,1,0.1175,0.0410,13.9616,-0.0014
14.0902,IMM-UKF-LOS,smooth,0.500,10.00,0.050,0,0.600,1,7.3537,47.4169,40.0632,14.2925,0.3600,0.3600,0.0352,6.0000,21.2978,0.0392,9.2515,0.5831,-118.2625,-23.6326,-118.0065,-21.2829,-118.0065,-21.2829,-118.3847,-22.0906,-119.7667,-26.3178,0.2560,2.3496,0.2560,2.3496,-0.1222,1.5420,132,0.1300,132,0,0.5308,0.4069,0.0623,-10.8203,-6.5986,-0.0059,-4.8077,-3.5897,0.0000,1,0.1175,0.0410,13.9616,-0.0014
14.1002,IMM-UKF-LOS,smooth,0.500,10.00,0.050,0,0.600,1,7.2917,47.5017,40.2100,14.3751,0.3600,0.3600,0.0356,6.0000,21.2978,0.0426,9.9556,0.5863,-118.2783,-23.8458,-118.0065,-21.2829,-118.0065,-21.2829,-118.4145,-22.1869,-119.7953,-26.4111,0.2718,2.5629,0.2718,2.5629,-0.1361,1.6589,132,0.1400,132,0,0.5308,0.4069,0.0623,-10.8682,-6.6222,-0.0056,-4.8153,-3.5795,0.0000,1,0.1175,0.0410,13.9616,-0.0014
14.1102,IMM-UKF-LOS,smooth,0.500,10.00,0.050,0,0.600,1,7.2294,47.5858,40.3564,14.4580,0.3600,0.3600,0.0359,6.0000,21.2978,0.0459,10.6912,0.5895,-118.2936,-24.0644,-118.0065,-21.2829,-118.0065,-21.2829,-118.4442,-22.2832,-119.8239,-26.5045,0.2871,2.7814,0.2871,2.7814,-0.1506,1.7811,132,0.1500,132,0,0.5308,0.4069,0.0623,-10.9157,-6.6455,-0.0054,-4.8228,-3.5694,0.0000,1,0.1175,0.0410,13.9616,-0.0014
14.1202,IMM-UKF-LOS,smooth,0.500,10.00,0.050,0,0.600,1,7.1667,47.6691,40.5024,14.5411,0.3600,0.3600,0.0363,6.0000,21.2978,0.0493,11.4592,0.5927,-118.3083,-24.2884,-118.0065,-21.2829,-118.0065,-21.2829,-118.4739,-22.3797,-119.8525,-26.5981,0.3018,3.0055,0.3018,3.0055,-0.1656,1.9087,132,0.1600,132,0,0.5308,0.4069,0.0623,-10.9626,-6.6687,-0.0051,-4.8302,-3.5593,0.0000,1,0.1175,0.0410,13.9616,-0.0014
14.1302,IMM-UKF-LOS,smooth,0.500,10.00,0.050,0,0.600,1,7.1037,43.5347,36.4310,12.3119,0.3600,0.3600,0.0366,6.0000,18.9149,0.0168,8.4756,0.5960,-118.3223,-24.5181,-118.2460,-23.4245,-118.2460,-23.4245,-118.6775,-23.1394,-120.4651,-28.5475,0.0763,1.0936,0.0763,1.0936,-0.3551,1.3787,133,0.0500,133,0,0.4770,0.4595,0.0635,-11.0091,-6.6916,-0.0047,-4.8376,-3.5493,0.0000,1,0.1175,0.0410,14.0789,-0.0014
14.1402,IMM-UKF-LOS,smooth,0.500,10.00,0.050,0,0.600,1,7.0403,43.5961,36.5558,12.3815,0.3600,0.3600,0.0369,6.0000,18.9149,0.0203,9.1883,0.5993,-118.3358,-24.7536,-118.2460,-23.4245,-118.2460,-23.4245,-118.7145,-23.2576,-120.5027,-28.6642,0.0897,1.3291,0.0897,1.3291,-0.3787,1.4960,133,0.0600,133,0,0.4770,0.4595,0.0635,-11.0551,-6.7142,-0.0044,-4.8449,-3.5393,0.0000,1,0.1175,0.0410,14.0789,-0.0014
14.1502,IMM-UKF-LOS,smooth,0.500,10.00,0.050,0,0.600,1,6.9767,43.6568,36.6801,12.4514,0.3600,0.3600,0.0373,6.0000,18.9149,0.0238,9.9359,0.6026,-118.3485,-24.9952,-118.2460,-23.4245,-118.2460,-23.4245,-118.7515,-23.3760,-120.5405,-28.7811,0.1025,1.5707,0.1025,1.5707,-0.4030,1.6192,133,0.0700,133,0,0.4770,0.4595,0.0635,-11.1007,-6.7367,-0.0039,-4.8522,-3.5293,0.0000,1,0.1175,0.0410,14.0789,-0.0014
14.1602,IMM-UKF-LOS,smooth,0.500,10.00,0.050,0,0.600,1,6.9127,43.7168,36.8041,12.5217,0.3600,0.3600,0.0376,6.0000,18.9149,0.0273,10.7198,0.6059,-118.3607,-25.2430,-118.2460,-23.4245,-118.2460,-23.4245,-118.7886,-23.4946,-120.5782,-28.8983,0.1146,1.8184,0.1146,1.8184,-0.4279,1.7483,133,0.0800,133,0,0.4770,0.4595,0.0635,-11.1458,-6.7589,-0.0034,-4.8594,-3.5194,0.0000,1,0.1175,0.0410,14.0789,-0.0014
14.1702,IMM-UKF-LOS,smooth,0.500,10.00,0.050,0,0.600,1,6.8484,43.7761,36.9277,12.5923,0.3600,0.3600,0.0379,6.0000,18.9149,0.0308,11.5411,0.6092,-118.3721,-25.4972,-118.2460,-23.4245,-118.2460,-23.4245,-118.8257,-23.6134,-120.6161,-29.0157,0.1261,2.0726,0.1261,2.0726,-0.4536,1.8838,133,0.0900,133,0,0.4770,0.4595,0.0635,-11.1905,-6.7810,-0.0028,-4.8665,-3.5095,0.0000,1,0.1175,0.0410,14.0789,-0.0014
14.1802,IMM-UKF-LOS,smooth,0.500,10.00,0.050,0,0.600,1,6.7838,43.8348,37.0510,12.6632,0.3600,0.3600,0.0383,6.0000,18.9149,0.0344,12.4011,0.6126,-118.3829,-25.7580,-118.2460,-23.4245,-118.2460,-23.4245,-118.8628,-23.7324,-120.6541,-29.1334,0.1368,2.3335,0.1368,2.3335,-0.4799,2.0256,133,0.1000,133,0,0.4770,0.4595,0.0635,-11.2347,-6.8028,-0.0020,-4.8736,-3.4997,0.0000,1,0.1175,0.0410,14.0789,-0.0014
14.1902,IMM-UKF-LOS,smooth,0.500,10.00,0.050,0,0.600,1,6.7190,43.8929,37.1739,12.7344,0.3600,0.3600,0.0386,6.0000,18.9149,0.0379,13.3012,0.6159,-118.3930,-26.0257,-118.2460,-23.4245,-118.2460,-23.4245,-118.8999,-23.8516,-120.6921,-29.2515,0.1469,2.6012,0.1469,2.6012,-0.5070,2.1741,133,0.1100,133,0,0.4770,0.4595,0.0635,-11.2784,-6.8243,-0.0010,-4.8806,-3.4899,0.0000,1,0.1175,0.0410,14.0789,-0.0014
14.2002,IMM-UKF-LOS,smooth,0.500,10.00,0.050,0,0.600,1,6.6539,43.9504,37.2965,12.8060,0.3600,0.3600,0.0389,6.0000,18.9149,0.0415,14.2426,0.6193,-118.4023,-26.3006,-118.2460,-23.4245,-118.2460,-23.4245,-118.9371,-23.9711,-120.7303,-29.3700,0.1562,2.8760,0.1562,2.8760,-0.5349,2.3295,133,0.1200,133,0,0.4770,0.4595,0.0635,-11.3217,-6.8457,0.0004,-4.8876,-3.4802,0.0000,1,0.1176,0.0483,14.0789,-0.0015
14.2102,IMM-UKF-LOS,smooth,0.500,10.00,0.050,0,0.600,1,6.5885,44.0073,37.4187,12.8779,0.3600,0.3600,0.0392,6.0000,18.9149,0.0451,15.2267,0.6226,-118.4109,-26.5828,-118.2460,-23.4245,-118.2460,-23.4245,-118.9743,-24.0909,-120.7685,-29.4893,0.1648,3.1583,0.1648,3.1583,-0.5635,2.4920,133,0.1300,133,0,0.4770,0.4595,0.0635,-11.3646,-6.8668,0.0029,-4.8945,-3.4704,0.0000,1,0.1176,0.0483,14.0789,-0.0015
14.2202,IMM-UKF-LOS,smooth,0.500,10.00,0.050,0,0.600,1,6.5230,44.0641,37.5411,12.9501,0.3600,0.3600,0.0396,6.0000,18.9149,0.0487,16.2517,0.6259,-118.4187,-26.8734,-118.2460,-23.4245,-118.2460,-23.4245,-119.0116,-24.2122,-120.8068,-29.6143,0.1727,3.4489,0.1727,3.4489,-0.5929,2.6612,133,0.1400,133,0,0.4770,0.4595,0.0635,-11.4068,-6.8876,0.0136,-4.9013,-3.4608,0.0000,1,0.1176,0.0483,14.0789,-0.0015
14.2302,IMM-UKF-LOS,smooth,0.500,10.00,0.050,0,0.600,1,6.4598,44.1609,37.7010,13.0226,0.3600,0.3600,0.0399,6.0000,18.9149,0.0522,17.4011,0.6292,-118.4264,-27.1600,-118.2460,-23.4245,-118.2460,-23.4245,-119.0496,-24.3086,-120.8401,-29.6192,0.1804,3.7354,0.1804,3.7354,-0.6232,2.8513,133,0.1500,133,0,0.4770,0.4595,0.0635,-11.1912,-6.7611,0.0167,-4.9081,-3.4512,0.0000,1,0.1176,0.0483,14.0789,-0.0015
14.2402,IMM-UKF-LOS,smooth,0.500,10.00,0.050,0,0.600,1,6.3991,44.2622,37.8631,13.0953,0.3600,0.3600,0.0402,6.0000,18.9149,0.0556,18.5439,0.6322,-118.4340,-27.4418,-118.2460,-23.4245,-118.2460,-23.4245,-119.0877,-24.4016,-120.8729,-29.6196,0.1880,4.0173,0.1880,4.0173,-0.6537,3.0402,133,0.1600,133,0,0.4770,0.4595,0.0635,-10.9755,-6.6347,0.0176,-4.9148,-3.4416,0.0000,1,0.1176,0.0483,14.0789,-0.0015
14.2502,IMM-UKF-LOS,smooth,0.500,10.00,0.050,0,0.600,1,6.3408,47.0844,40.7436,11.4530,0.3600,0.3600,0.0405,6.0000,21.1322,0.0173,6.4082,0.6352,-118.4415,-27.7186,-118.4023,-26.3006,-118.4023,-26.3006,-118.4106,-26.6479,-119.1517,-34.7709,0.0392,1.4180,0.0392,1.4180,0.0309,1.0707,134,0.0500,134,0,0.1136,0.7760,0.1104,-10.7599,-6.5082,0.0180,-4.9215,-3.4320,0.0000,1,0.1176,0.0483,14.1987,-0.0015
14.2602,IMM-UKF-LOS,smooth,0.500,10.00,0.050,0,0.600,1,6.2848,47.1769,40.8922,11.5216,0.3600,0.3600,0.0409,6.0000,21.1322,0.0204,7.0210,0.6380,-118.4488,-27.9897,-118.4023,-26.3006,-118.4023,-26.3006,-118.4262,-26.8165,-119.1704,-34.8296,0.0466,1.6892,0.0466,1.6892,0.0226,1.1733,134,0.0600,134,0,0.1136,0.7760,0.1104,-10.5442,-6.3818,0.0182,-4.9281,-3.4226,0.0000,1,0.1176,0.0483,14.1987,-0.0015
14.2702,IMM-UKF-LOS,smooth,0.500,10.00,0.050,0,0.600,1,6.2312,47.2744,41.0432,11.5906,0.3600,0.3600,0.0412,6.0000,21.1322,0.0234,7.6185,0.6407,-118.4560,-28.2548,-118.4023,-26.3006,-118.4023,-26.3006,-118.4421,-26.9816,-119.1892,-34.8847,0.0538,1.9542,0.0538,1.9542,0.0140,1.2732,134,0.0700,134,0,0.1136,0.7760,0.1104,-10.3285,-6.2553,0.0182,-4.9346,-3.4131,0.0000,1,0.1176,0.0483,14.1987,-0.0015
14.2802,IMM-UKF-LOS,smooth,0.500,10.00,0.050,0,0.600,1,6.1799,47.3767,41.1968,11.6600,0.3600,0.3600,0.0415,6.0000,21.1322,0.0263,8.1978,0.6432,-118.4631,-28.5133,-118.4023,-26.3006,-118.4023,-26.3006,-118.4581,-27.1433,-119.2079,-34.9360,0.0608,2.2127,0.0608,2.2127,0.0050,1.3700,134,0.0800,134,0,0.1136,0.7760,0.1104,-10.1129,-6.1289,0.0181,-4.9411,-3.4037,0.0000,1,0.1176,0.0483,14.1987,-0.0015
14.2902,IMM-UKF-LOS,smooth,0.500,10.00,0.050,0,0.600,1,6.1309,47.4838,41.3529,11.7299,0.3600,0.3600,0.0418,6.0000,21.1322,0.0290,8.7563,0.6456,-118.4700,-28.7648,-118.4023,-26.3006,-118.4023,-26.3006,-118.4744,-27.3015,-119.2267,-34.9837,0.0677,2.4643,0.0677,2.4643,-0.0044,1.4633,134,0.0900,134,0,0.1136,0.7760,0.1104,-9.8972,-6.0025,0.0179,-4.9476,-3.3944,0.0000,1,0.1176,0.0483,14.1987,-0.0015
14.3002,IMM-UKF-LOS,smooth,0.500,10.00,0.050,0,0.600,1,6.0843,47.5957,41.5114,11.8003,0.3600,0.3600,0.0421,6.0000,21.1322,0.0317,9.2915,0.6480,-118.4767,-29.0089,-118.4023,-26.3006,-118.4023,-26.3006,-118.4908,-27.4562,-119.2454,-35.0279,0.0744,2.7083,0.0744,2.7083,-0.0141,1.5527,134,0.1000,134,0,0.1136,0.7760,0.1104,-9.6815,-5.8761,0.0176,-4.9539,-3.3850,0.0000,1,0.1176,0.0483,14.1987,-0.0015
14.3102,IMM-UKF-LOS,smooth,0.500,10.00,0.050,0,0.600,1,6.0399,47.7123,41.6724,11.8711,0.3600,0.3600,0.0424,6.0000,21.1322,0.0341,9.8008,0.6501,-118.4832,-29.2451,-118.4023,-26.3006,-118.4023,-26.3006,-118.5074,-27.6074,-119.2640,-35.0686,0.0809,2.9445,0.0809,2.9445,-0.0242,1.6376,134,0.1100,134,0,0.1136,0.7760,0.1104,-9.4657,-5.7498,0.0173,-4.9603,-3.3758,0.0000,1,0.1176,0.0483,14.1987,-0.0015
14.3202,IMM-UKF-LOS,smooth,0.500,10.00,0.050,0,0.600,1,5.9978,47.8338,41.8359,11.9424,0.3600,0.3600,0.0427,6.0000,21.1322,0.0365,10.2816,0.6521,-118.4895,-29.4729,-118.4023,-26.3006,-118.4023,-26.3006,-118.5242,-27.7551,-119.2827,-35.1057,0.0872,3.1723,0.0872,3.1723,-0.0347,1.7178,134,0.1200,134,0,0.1136,0.7760,0.1104,-9.2500,-5.6234,0.0170,-4.9665,-3.3666,0.0000,1,0.0833,0.0486,14.1987,0.0011
14.3302,IMM-UKF-LOS,smooth,0.500,10.00,0.050,0,0.600,1,5.9580,47.9599,42.0019,12.0141,0.3600,0.3600,0.0431,6.0000,21.1322,0.0387,10.7313,0.6541,-118.4956,-29.6919,-118.4023,-26.3006,-118.4023,-26.3006,-118.5412,-27.8992,-119.3012,-35.1394,0.0934,3.3913,0.0934,3.3913,-0.0455,1.7927,134,0.1300,134,0,0.1136,0.7760,0.1104,-9.0343,-5.4971,0.0166,-4.9727,-3.3574,0.0000,1,0.0833,0.0486,14.1987,0.0011
14.3402,IMM-UKF-LOS,smooth,0.500,10.00,0.050,0,0.600,1,5.9205,48.0908,42.1703,12.0862,0.3600,0.3600,0.0434,6.0000,21.1322,0.0409,11.1474,0.6559,-118.5016,-29.9017,-118.4023,-26.3006,-118.4023,-26.3006,-118.5583,-28.0397,-119.3197,-35.1697,0.0993,3.6011,0.0993,3.6011,-0.0567,1.8620,134,0.1400,134,0,0.1136,0.7760,0.1104,-8.8185,-5.3708,0.0162,-4.9789,-3.3483,0.0000,1,0.0833,0.0486,14.1987,0.0011
14.3502,IMM-UKF-LOS,smooth,0.500,10.00,0.050,0,0.600,1,5.8852,48.2263,42.3411,12.1588,0.3600,0.3600,0.0437,6.0000,21.1322,0.0429,11.5276,0.6576,-118.5073,-30.1018,-118.4023,-26.3006,-118.4023,-26.3006,-118.5756,-28.1766,-119.3382,-35.1966,0.1050,3.8013,0.1050,3.8013,-0.0683,1.9252,134,0.1500,134,0,0.1136,0.7760,0.1104,-8.6028,-5.2446,0.0158,-4.9849,-3.3392,0.0000,1,0.0833,0.0486,14.1987,0.0011
14.3602,IMM-UKF-LOS,smooth,0.500,10.00,0.050,0,0.600,1,5.8522,48.3665,42.5144,12.2318,0.3600,0.3600,0.0440,6.0000,21.1322,0.0448,11.8694,0.6592,-118.5128,-30.2919,-118.4023,-26.3006,-118.4023,-26.3006,-118.5930,-28.3100,-119.3566,-35.2202,0.1105,3.9914,0.1105,3.9914,-0.0802,1.9820,134,0.1600,134,0,0.1136,0.7760,0.1104,-8.3870,-5.1183,0.0153,-4.9910,-3.3302,0.0000,1,0.0833,0.0486,14.1987,0.0011
14.3702,IMM-UKF-LOS,smooth,0.500,10.00,0.050,0,0.600,1,5.8213,44.9104,39.0891,9.4597,0.3600,0.3600,0.0443,6.0000,20.0778,0.0102,6.5856,0.6607,-118.5180,-30.4716,-118.4895,-29.4729,-118.4895,-29.4729,-119.2091,-29.5478,-121.1668,-37.9653,0.0285,0.9988,0.0285,0.9988,-0.6911,0.9238,135,0.0500,135,0,0.1839,0.6841,0.1320,-8.1712,-4.9921,0.0148,-4.9970,-3.3212,0.0000,1,0.0833,0.0486,14.3213,0.0011
14.3802,IMM-UKF-LOS,smooth,0.500,10.00,0.050,0,0.600,1,5.7927,45.0122,39.2195,9.5165,0.3600,0.3600,0.0446,6.0000,20.0778,0.0119,6.6417,0.6621,-118.5230,-30.6405,-118.4895,-29.4729,-118.4895,-29.4729,-119.2489,-29.7248,-121.2025,-38.0167,0.0335,1.1677,0.0335,1.1677,-0.7259,0.9157,135,0.0600,135,0,0.1839,0.6841,0.1320,-7.9554,-4.8659,0.0143,-5.0029,-3.3123,0.0000,1,0.0833,0.0486,14.3213,0.0011
14.3902,IMM-UKF-LOS,smooth,0.500,10.00,0.050,0,0.600,1,5.7663,45.1188,39.3526,9.5739,0.3600,0.3600,0.0449,6.0000,20.0778,0.0135,6.6683,0.6633,-118.5277,-30.7983,-118.4895,-29.4729,-118.4895,-29.4729,-119.2888,-29.8978,-121.2378,-38.0642,0.0382,1.3254,0.0382,1.3254,-0.7611,0.9004,135,0.0700,135,0,0.1839,0.6841,0.1320,-7.7395,-4.7397,0.0138,-5.0087,-3.3034,0.0000,1,0.0833,0.0486,14.3213,0.0011
14.4002,IMM-UKF-LOS,smooth,0.500,10.00,0.050,0,0.600,1,5.7420,45.2302,39.4881,9.6319,0.3600,0.3600,0.0452,6.0000,20.0778,0.0150,6.6660,0.6645,-118.5322,-30.9445,-118.4895,-29.4729,-118.4895,-29.4729,-119.3288,-30.0668,-121.2727,-38.1078,0.0428,1.4716,0.0428,1.4716,-0.7966,0.8777,135,0.0800,135,0,0.1839,0.6841,0.1320,-7.5237,-4.6136,0.0133,-5.0145,-3.2946,0.0000,1,0.0833,0.0486,14.3213,0.0011
14.4102,IMM-UKF-LOS,smooth,0.500,10.00,0.050,0,0.600,1,5.7200,45.3462,39.6262,9.6905,0.3600,0.3600,0.0455,6.0000,20.0778,0.0164,6.6367,0.6656,-118.5365,-31.0789,-118.4895,-29.4729,-118.4895,-29.4729,-119.3688,-30.2318,-121.3072,-38.1474,0.0470,1.6061,0.0470,1.6061,-0.8324,0.8472,135,0.0900,135,0,0.1839,0.6841,0.1320,-7.3078,-4.4875,0.0127,-5.0203,-3.2858,0.0000,1,0.0834,0.0491,14.3213,-0.0002
14.4202,IMM-UKF-LOS,smooth,0.500,10.00,0.050,0,0.600,1,5.7001,45.4670,39.7669,9.7497,0.3600,0.3600,0.0458,6.0000,20.0778,0.0177,6.5824,0.6666,-118.5404,-31.2013,-118.4895,-29.4729,-118.4895,-29.4729,-119.4089,-30.3927,-121.3412,-38.1832,0.0509,1.7284,0.0509,1.7284,-0.8685,0.8086,135,0.1000,135,0,0.1839,0.6841,0.1320,-7.0919,-4.3614,0.0121,-5.0260,-3.2771,0.0000,1,0.0834,0.0491,14.3213,-0.0002
14.4302,IMM-UKF-LOS,smooth,0.500,10.00,0.050,0,0.600,1,5.6824,45.5924,39.9100,9.8094,0.3600,0.3600,0.0461,6.0000,20.0778,0.0188,6.5070,0.6675,-118.5441,-31.3112,-118.4895,-29.4729,-118.4895,-29.4729,-119.4490,-30.5495,-121.3748,-38.2151,0.0546,1.8384,0.0546,1.8384,-0.9049,0.7618,135,0.1100,135,0,0.1839,0.6841,0.1320,-6.8760,-4.2354,0.0116,-5.0316,-3.2684,0.0000,1,0.0834,0.0491,14.3213,-0.0002
14.4402,IMM-UKF-LOS,smooth,0.500,10.00,0.050,0,0.600,1,5.6668,45.7225,40.0557,9.8698,0.3600,0.3600,0.0464,6.0000,20.0778,0.0199,6.4155,0.6684,-118.5474,-31.4086,-118.4895,-29.4729,-118.4895,-29.4729,-119.4891,-30.7022,-121.4079,-38.2434,0.0579,1.9357,0.0579,1.9357,-0.9417,0.7064,135,0.1200,135,0,0.1839,0.6841,0.1320,-6.6601,-4.1094,0.0110,-5.0372,-3.2598,0.0000,1,0.0834,0.0491,14.3213,-0.0002
14.4502,IMM-UKF-LOS,smooth,0.500,10.00,0.050,0,0.600,1,5.6534,45.8572,40.2038,9.9307,0.3600,0.3600,0.0467,6.0000,20.0778,0.0208,6.3141,0.6691,-118.5505,-31.4932,-118.4895,-29.4729,-118.4895,-29.4729,-119.5292,-30.8509,-121.4405,-38.2678,0.0610,2.0203,0.0610,2.0203,-0.9787,0.6423,135,0.1300,135,0,0.1839,0.6841,0.1320,-6.4442,-3.9834,0.0104,-5.0428,-3.2512,0.0000,1,0.0834,0.0491,14.3213,-0.0002
14.4602,IMM-UKF-LOS,smooth,0.500,10.00,0.050,0,0.600,1,5.6421,46.1515,40.5094,9.3522,0.3600,0.3600,0.0470,6.0000,20.9234,0.0053,2.0082,0.6698,-118.5532,-31.5648,-118.5365,-31.0789,-118.5365,-31.0789,-118.6914,-31.8793,-119.1709,-40.2970,0.0168,0.4859,0.0168,0.4859,-0.1382,-0.3144,136,0.0500,136,0,0.1807,0.6982,0.1211,-6.2304,-3.8588,0.0097,-5.0482,-3.2427,0.0000,1,0.0834,0.0491,14.4101,-0.0002
14.4702,IMM-UKF-LOS,smooth,0.500,10.00,0.050,0,0.600,1,5.6329,46.2769,40.6439,9.4101,0.3600,0.3600,0.0473,6.0000,20.9234,0.0061,2.7105,0.6704,-118.5556,-31.6236,-118.5365,-31.0789,-118.5365,-31.0789,-118.7018,-32.0594,-119.1839,-40.3474,0.0192,0.5447,0.0192,0.5447,-0.1461,-0.4358,136,0.0600,136,0,0.1807,0.6982,0.1211,-6.0190,-3.7356,0.0091,-5.0537,-3.2343,0.0000,1,0.0834,0.0491,14.4101,-0.0002
14.4802,IMM-UKF-LOS,smooth,0.500,10.00,0.050,0,0.600,1,5.6258,46.4067,40.7809,9.4687,0.3600,0.3600,0.0476,6.0000,20.9234,0.0068,3.4749,0.6709,-118.5577,-31.6696,-118.5365,-31.0789,-118.5365,-31.0789,-118.7123,-32.2354,-119.1968,-40.3949,0.0212,0.5907,0.0212,0.5907,-0.1546,-0.5659,136,0.0700,136,0,0.1807,0.6982,0.1211,-5.8099,-3.6139,0.0085,-5.0590,-3.2259,0.0000,1,0.0834,0.0491,14.4101,-0.0002
14.4902,IMM-UKF-LOS,smooth,0.500,10.00,0.050,0,0.600,1,5.6207,46.5408,40.9201,9.5278,0.3600,0.3600,0.0478,6.0000,20.9234,0.0073,4.2968,0.6713,-118.5595,-31.7027,-118.5365,-31.0789,-118.5365,-31.0789,-118.7229,-32.4074,-119.2097,-40.4397,0.0230,0.6238,0.0230,0.6238,-0.1634,-0.7048,136,0.0800,136,0,0.1807,0.6982,0.1211,-5.6030,-3.4935,0.0079,-5.0644,-3.2175,0.0000,1,0.0834,0.0491,14.4101,-0.0002
14.5002,IMM-UKF-LOS,smooth,0.500,10.00,0.050,0,0.600,1,5.6176,46.6792,41.0616,9.5876,0.3600,0.3600,0.0481,6.0000,20.9234,0.0078,5.1740,0.6717,-118.5609,-31.7230,-118.5365,-31.0789,-118.5365,-31.0789,-118.7337,-32.5754,-119.2225,-40.4817,0.0244,0.6441,0.0244,0.6441,-0.1728,-0.8524,136,0.0900,136,0,0.1807,0.6982,0.1211,-5.3984,-3.3744,0.0072,-5.0696,-3.2092,0.0000,1,0.1073,0.0515,14.4101,0.0000
14.5102,IMM-UKF-LOS,smooth,0.500,10.00,0.050,0,0.600,1,5.6165,46.8218,41.2053,9.6480,0.3600,0.3600,0.0484,6.0000,20.9234,0.0082,6.1051,0.6719,-118.5619,-31.7307,-118.5365,-31.0789,-118.5365,-31.0789,-118.7446,-32.7394,-119.2352,-40.5211,0.0254,0.6518,0.0254,0.6518,-0.1827,-1.0087,136,0.1000,136,0,0.1807,0.6982,0.1211,-5.1958,-3.2567,0.0066,-5.0748,-3.2010,0.0000,1,0.1073,0.0515,14.4101,0.0000
14.5202,IMM-UKF-LOS,smooth,0.500,10.00,0.050,0,0.600,1,5.6174,46.9684,41.3511,9.7090,0.3600,0.3600,0.0487,6.0000,20.9234,0.0085,7.0892,0.6722,-118.5625,-31.7258,-118.5365,-31.0789,-118.5365,-31.0789,-118.7557,-32.8995,-119.2478,-40.5579,0.0260,0.6469,0.0260,0.6469,-0.1931,-1.1736,136,0.1100,136,0,0.1807,0.6982,0.1211,-4.9953,-3.1402,0.0059,-5.0800,-3.1928,0.0000,1,0.1073,0.0515,14.4101,0.0000
14.5302,IMM-UKF-LOS,smooth,0.500,10.00,0.050,0,0.600,1,5.6202,47.1191,41.4989,9.7706,0.3600,0.3600,0.0489,6.0000,20.9234,0.0087,8.1252,0.6723,-118.5627,-31.7085,-118.5365,-31.0789,-118.5365,-31.0789,-118.7668,-33.0556,-119.2604,-40.5921,0.0263,0.6296,0.0263,0.6296,-0.2041,-1.3471,136,0.1200,136,0,0.1807,0.6982,0.1211,-4.7967,-3.0249,0.0053,-5.0851,-3.1846,0.0000,1,0.1073,0.0515,14.4101,0.0000
14.5402,IMM-UKF-LOS,smooth,0.500,10.00,0.050,0,0.600,1,5.6250,47.2737,41.6487,9.8328,0.3600,0.3600,0.0492,6.0000,20.9234,0.0088,9.2124,0.6724,-118.5626,-31.6790,-118.5365,-31.0789,-118.5365,-31.0789,-118.7781,-33.2079,-119.2729,-40.6237,0.0261,0.6001,0.0261,0.6001,-0.2155,-1.5289,136,0.1300,136,0,0.1807,0.6982,0.1211,-4.6000,-2.9108,0.0046,-5.0901,-3.1765,0.0000,1,0.1073,0.0515,14.4101,0.0000
14.5502,IMM-UKF-LOS,smooth,0.500,10.00,0.050,0,0.600,1,5.6316,47.4322,41.8005,9.8955,0.3600,0.3600,0.0495,6.0000,20.9234,0.0088,10.3497,0.6724,-118.5621,-31.6373,-118.5365,-31.0789,-118.5365,-31.0789,-118.7895,-33.3563,-119.2852,-40.6529,0.0256,0.5584,0.0256,0.5584,-0.2274,-1.7190,136,0.1400,136,0,0.1807,0.6982,0.1211,-4.4051,-2.7978,0.0040,-5.0951,-3.1685,0.0000,1,0.1073,0.0515,14.4101,0.0000
14.5602,IMM-UKF-LOS,smooth,0.500,10.00,0.050,0,0.600,1,5.6402,48.2588,42.6186,9.1626,0.3600,0.3600,0.0498,6.0000,20.7469,0.0008,7.4632,0.6723,-118.5611,-31.5838,-118.5609,-31.7230,-118.5609,-31.7230,-118.6716,-32.8277,-118.9121,-38.7258,0.0002,-0.1392,0.0002,-0.1392,-0.1105,-1.2439,137,0.0600,137,0,0.2182,0.6948,0.0871,-4.2119,-2.6859,0.0033,-5.1001,-3.1606,0.0000,1,0.1073,0.0515,14.5003,0.0000
14.5702,IMM-UKF-LOS,smooth,0.500,10.00,0.050,0,0.600,1,5.6507,48.4179,42.7672,9.2206,0.3600,0.3600,0.0500,6.0000,20.7469,0.0007,8.6065,0.6722,-118.5598,-31.5186,-118.5609,-31.7230,-118.5609,-31.7230,-118.6773,-32.9536,-118.9199,-38.7462,-0.0011,-0.2044,-0.0011,-0.2044,-0.1175,-1.4350,137,0.0700,137,0,0.2182,0.6948,0.0871,-4.0204,-2.5750,0.0026,-5.1050,-3.1526,0.0000,1,0.1073,0.0515,14.5003,0.0000
14.5802,IMM-UKF-LOS,smooth,0.500,10.00,0.050,0,0.600,1,5.6630,48.5808,42.9177,9.2791,0.3600,0.3600,0.0503,6.0000,20.7469,0.0004,9.7972,0.6719,-118.5580,-31.4419,-118.5609,-31.7230,-118.5609,-31.7230,-118.6831,-33.0759,-118.9276,-38.7643,-0.0029,-0.2811,-0.0029,-0.2811,-0.1251,-1.6339,137,0.0800,137,0,0.2182,0.6948,0.0871,-3.8305,-2.4652,0.0019,-5.1098,-3.1448,0.0000,1,0.1073,0.0515,14.5003,0.0000
14.5902,IMM-UKF-LOS,smooth,0.500,10.00,0.050,0,0.600,1,5.6773,48.7474,43.0702,9.3383,0.3600,0.3600,0.0505,6.0000,20.7469,0.0001,11.0342,0.6716,-118.5558,-31.3541,-118.5609,-31.7230,-118.5609,-31.7230,-118.6890,-33.1946,-118.9353,-38.7802,-0.0050,-0.3689,-0.0050,-0.3689,-0.1332,-1.8405,137,0.0900,137,0,0.2182,0.6948,0.0871,-3.6422,-2.3563,0.0012,-5.1146,-3.1370,0.0000,1,0.1073,0.0515,14.5003,0.0000
14.6002,IMM-UKF-LOS,smooth,0.500,10.00,0.050,0,0.600,1,5.6933,48.9178,43.2245,9.3980,0.3600,0.3600,0.0508,6.0000,20.7469,0.0005,12.3160,0.6712,-118.5533,-31.2553,-118.5609,-31.7230,-118.5609,-31.7230,-118.6950,-33.3098,-118.9430,-38.7937,-0.0076,-0.4677,-0.0076,-0.4677,-0.1418,-2.0545,137,0.1000,137,0,0.2182,0.6948,0.0871,-3.4553,-2.2484,0.0005,-5.1194,-3.1292,0.0000,1,0.1073,0.0515,14.5003,0.0000
14.6102,IMM-UKF-LOS,smooth,0.500,10.00,0.050,0,0.600,1,5.7112,49.0918,43.3805,9.4582,0.3600,0.3600,0.0511,6.0000,20.7469,0.0011,13.6415,0.6707,-118.5503,-31.1459,-118.5609,-31.7230,-118.5609,-31.7230,-118.7011,-33.4216,-118.9506,-38.8051,-0.0106,-0.5772,-0.0106,-0.5772,-0.1508,-2.2757,137,0.1100,137,0,0.2182,0.6948,0.0871,-3.2699,-2.1414,-0.0002,-5.1241,-3.1216,0.0000,1,0.1091,0.0546,14.5003,0.0019
14.6202,IMM-UKF-LOS,smooth,0.500,10.00,0.050,0,0.600,1,5.7310,49.2693,43.5383,9.5190,0.3600,0.3600,0.0513,6.0000,20.7469,0.0018,15.0091,0.6701,-118.5469,-31.0260,-118.5609,-31.7230,-118.5609,-31.7230,-118.7073,-33.5299,-118.9581,-38.8143,-0.0139,-0.6970,-0.0139,-0.6970,-0.1604,-2.5039,137,0.1200,137,0,0.2182,0.6948,0.0871,-3.0858,-2.0353,-0.0009,-5.1287,-3.1139,0.0000,1,0.1091,0.0546,14.5003,0.0019
14.6302,IMM-UKF-LOS,smooth,0.500,10.00,0.050,0,0.600,1,5.7526,49.4504,43.6978,9.5804,0.3600,0.3600,0.0516,6.0000,20.7469,0.0026,16.4173,0.6694,-118.5432,-30.8961,-118.5609,-31.7230,-118.5609,-31.7230,-118.7136,-33.6348,-118.9656,-38.8214,-0.0177,-0.8269,-0.0177,-0.8269,-0.1704,-2.7387,137,0.1300,137,0,0.2182,0.6948,0.0871,-2.9029,-1.9300,-0.0016,-5.1333,-3.1064,0.0000,1,0.1091,0.0546,14.5003,0.0019
14.6402,IMM-UKF-LOS,smooth,0.500,10.00,0.050,0,0.600,1,5.7760,49.6350,43.8590,9.6423,0.3600,0.3600,0.0518,6.0000,20.7469,0.0035,17.8644,0.6686,-118.5390,-30.7565,-118.5609,-31.7230,-118.5609,-31.7230,-118.7199,-33.7364,-118.9730,-38.8263,-0.0219,-0.9665,-0.0219,-0.9665,-0.1809,-2.9799,137,0.1400,137,0,0.2182,0.6948,0.0871,-2.7213,-1.8255,-0.0024,-5.1378,-3.0988,0.0000,1,0.1091,0.0546,14.5003,0.0019
14.6502,IMM-UKF-LOS,smooth,0.500,10.00,0.050,0,0.600,1,5.8012,49.8231,44.0218,9.7047,0.3600,0.3600,0.0520,6.0000,20.7469,0.0046,19.3491,0.6678,-118.5345,-30.6074,-118.5609,-31.7230,-118.5609,-31.7230,-118.7263,-33.8347,-118.9803,-38.8291,-0.0264,-1.1156,-0.0264,-1.1156,-0.1919,-3.2273,137,0.1500,137,0,0.2182,0.6948,0.0871,-2.5409,-1.7218,-0.0031,-5.1423,-3.0914,0.0000,1,0.1091,0.0546,14.5003,0.0019
14.6602,IMM-UKF-LOS,smooth,0.500,10.00,0.050,0,0.600,1,5.8283,50.0145,44.1862,9.7676,0.3600,0.3600,0.0523,6.0000,20.7469,0.0056,20.8696,0.6668,-118.5296,-30.4492,-118.5609,-31.7230,-118.5609,-31.7230,-118.7328,-33.9297,-118.9876,-38.8299,-0.0313,-1.2738,-0.0313,-1.2738,-0.2032,-3.4805,137,0.1600,137,0,0.2182,0.6948,0.0871,-2.3616,-1.6189,-0.0039,-5.1467,-3.0840,0.0000,1,0.1091,0.0546,14.5003,0.0019
14.6702,IMM-UKF-LOS,smooth,0.500,10.00,0.050,0,0.600,1,5.8572,43.5199,37.6627,9.8540,0.3600,0.3600,0.0525,6.0000,16.7166,0.0058,9.3220,0.6657,-118.5243,-30.2822,-118.5503,-31.1459,-118.5503,-31.1459,-118.4983,-31.8401,-118.3707,-32.8937,-0.0260,-0.8636,-0.0260,-0.8636,0.0259,-1.5578,138,0.0600,138,0,0.2203,0.5624,0.2173,-2.1833,-1.5166,-0.0047,-5.1511,-3.0767,0.0000,1,0.1091,0.0546,14.6121,0.0019
14.6802,IMM-UKF-LOS,smooth,0.500,10.00,0.050,0,0.600,1,5.8878,43.6763,37.7885,9.9200,0.3600,0.3600,0.0527,6.0000,16.7166,0.0071,10.4604,0.6646,-118.5186,-30.1068,-118.5503,-31.1459,-118.5503,-31.1459,-118.4959,-31.8548,-118.3724,-32.8404,-0.0316,-1.0390,-0.0316,-1.0390,0.0228,-1.7480,138,0.0700,138,0,0.2203,0.5624,0.2173,-2.0060,-1.4150,-0.0055,-5.1555,-3.0694,0.0000,1,0.1091,0.0546,14.6121,0.0019
14.6902,IMM-UKF-LOS,smooth,0.500,10.00,0.050,0,0.600,1,5.9203,43.8361,37.9158,9.9866,0.3600,0.3600,0.0530,6.0000,16.7166,0.0085,11.6302,0.6633,-118.5126,-29.9233,-118.5503,-31.1459,-118.5503,-31.1459,-118.4936,-31.8668,-118.3741,-32.7856,-0.0377,-1.2225,-0.0377,-1.2225,0.0190,-1.9434,138,0.0800,138,0,0.2203,0.5624,0.2173,-1.8296,-1.3141,-0.0063,-5.1598,-3.0622,0.0000,1,0.1091,0.0546,14.6121,0.0019
14.7002,IMM-UKF-LOS,smooth,0.500,10.00,0.050,0,0.600,1,5.9546,43.9993,38.0447,10.0538,0.3600,0.3600,0.0532,6.0000,16.7166,0.0101,12.8297,0.6620,-118.5063,-29.7321,-118.5503,-31.1459,-118.5503,-31.1459,-118.4914,-31.8758,-118.3759,-32.7291,-0.0440,-1.4138,-0.0440,-1.4138,0.0149,-2.1438,138,0.0900,138,0,0.2203,0.5624,0.2173,-1.6541,-1.2137,-0.0071,-5.1640,-3.0550,0.0000,1,0.1091,0.0546,14.6121,0.0019
14.7102,IMM-UKF-LOS,smooth,0.500,10.00,0.050,0,0.600,1,5.9908,44.1658,38.1750,10.1215,0.3600,0.3600,0.0534,6.0000,16.7166,0.0117,14.0572,0.6605,-118.4997,-29.5335,-118.5503,-31.1459,-118.5503,-31.1459,-118.4894,-31.8822,-118.3776,-32.6714,-0.0506,-1.6124,-0.0506,-1.6124,0.0103,-2.3487,138,0.1000,138,0,0.2203,0.5624,0.2173,-1.4802,-1.1143,-0.0080,-5.1682,-3.0479,0.0000,1,0.1091,0.0546,14.6121,0.0019
14.7202,IMM-UKF-LOS,smooth,0.500,10.00,0.050,0,0.600,1,6.0287,44.3354,38.3068,10.1898,0.3600,0.3600,0.0537,6.0000,16.7166,0.0135,15.3109,0.6589,-118.4927,-29.3279,-118.5503,-31.1459,-118.5503,-31.1459,-118.4875,-31.8859,-118.3794,-32.6126,-0.0575,-1.8179,-0.0575,-1.8179,0.0052,-2.5579,138,0.1100,138,0,0.2203,0.5624,0.2173,-1.3079,-1.0160,-0.0089,-5.1723,-3.0409,0.0000,1,0.1130,0.0462,14.6121,0.0015
14.7302,IMM-UKF-LOS,smooth,0.500,10.00,0.050,0,0.600,1,6.0684,44.5082,38.4399,10.2587,0.3600,0.3600,0.0539,6.0000,16.7166,0.0154,16.5888,0.6572,-118.4855,-29.1159,-118.5503,-31.1459,-118.5503,-31.1459,-118.4858,-31.8869,-118.3811,-32.5527,-0.0648,-2.0300,-0.0648,-2.0300,-0.0003,-2.7711,138,0.1200,138,0,0.2203,0.5624,0.2173,-1.1373,-0.9188,-0.0098,-5.1764,-3.0339,0.0000,1,0.1130,0.0462,14.6121,0.0015
14.7402,IMM-UKF-LOS,smooth,0.500,10.00,0.050,0,0.600,1,6.1098,44.6842,38.5743,10.3280,0.3600,0.3600,0.0541,6.0000,16.7166,0.0174,17.8888,0.6553,-118.4779,-28.8976,-118.5503,-31.1459,-118.5503,-31.1459,-118.4841,-31.8855,-118.3829,-32.4918,-0.0724,-2.2482,-0.0724,-2.2482,-0.0062,-2.9879,138,0.1300,138,0,0.2203,0.5624,0.2173,-0.9683,-0.8225,-0.0107,-5.1805,-3.0270,0.0000,1,0.1130,0.0462,14.6121,0.0015
14.7502,IMM-UKF-LOS,smooth,0.500,10.00,0.050,0,0.600,1,6.1531,44.8632,38.7101,10.3979,0.3600,0.3600,0.0543,6.0000,16.7166,0.0196,19.2092,0.6534,-118.4700,-28.6736,-118.5503,-31.1459,-118.5503,-31.1459,-118.4826,-31.8816,-118.3846,-32.4298,-0.0802,-2.4722,-0.0802,-2.4722,-0.0125,-3.2080,138,0.1400,138,0,0.2203,0.5624,0.2173,-0.8011,-0.7274,-0.0117,-5.1845,-3.0202,0.0000,1,0.1130,0.0462,14.6121,0.0015
14.7602,IMM-UKF-LOS,smooth,0.500,10.00,0.050,0,0.600,1,6.1981,45.0452,38.8470,10.4683,0.3600,0.3600,0.0545,6.0000,16.7166,0.0218,20.5479,0.6514,-118.4619,-28.4443,-118.5503,-31.1459,-118.5503,-31.1459,-118.4811,-31.8753,-118.3864,-32.3670,-0.0884,-2.7016,-0.0884,-2.7016,-0.0192,-3.4311,138,0.1500,138,0,0.2203,0.5624,0.2173,-0.6354,-0.6332,-0.0127,-5.1884,-3.0134,0.0000,1,0.1130,0.0462,14.6121,0.0015
14.7702,IMM-UKF-LOS,smooth,0.500,10.00,0.050,0,0.600,1,6.2449,36.5474,30.3025,9.6297,0.3600,0.3600,0.0547,6.0000,12.8455,0.0106,9.6636,0.6492,-118.4535,-28.2099,-118.4927,-29.3279,-118.4927,-29.3279,-118.5663,-29.8220,-118.7745,-26.9260,-0.0393,-1.1180,-0.0393,-1.1180,-0.1129,-1.6120,139,0.0500,139,0,0.2562,0.4953,0.2485,-0.4714,-0.5400,-0.0138,-5.1923,-3.0067,0.0000,1,0.1130,0.0462,14.7218,0.0015
14.7802,IMM-UKF-LOS,smooth,0.500,10.00,0.050,0,0.600,1,6.2934,36.6708,30.3774,9.6951,0.3600,0.3600,0.0549,6.0000,12.8455,0.0131,10.6456,0.6469,-118.4448,-27.9710,-118.4927,-29.3279,-118.4927,-29.3279,-118.5716,-29.7466,-118.7801,-26.8117,-0.0479,-1.3569,-0.0479,-1.3569,-0.1268,-1.7756,139,0.0600,139,0,0.2562,0.4953,0.2485,-0.3090,-0.4479,-0.0150,-5.1961,-3.0000,0.0000,1,0.1130,0.0462,14.7218,0.0015
14.7902,IMM-UKF-LOS,smooth,0.500,10.00,0.050,0,0.600,1,6.3436,36.7974,30.4537,9.7612,0.3600,0.3600,0.0551,6.0000,12.8455,0.0156,11.6392,0.6445,-118.4359,-27.7279,-118.4927,-29.3279,-118.4927,-29.3279,-118.5769,-29.6689,-118.7857,-26.6969,-0.0568,-1.6001,-0.0568,-1.6001,-0.1410,-1.9411,139,0.0700,139,0,0.2562,0.4953,0.2485,-0.1481,-0.3567,-0.0163,-5.2000,-2.9934,0.0000,1,0.1130,0.0462,14.7218,0.0015
14.8002,IMM-UKF-LOS,smooth,0.500,10.00,0.050,0,0.600,1,6.3956,36.9271,30.5315,9.8280,0.3600,0.3600,0.0553,6.0000,12.8455,0.0183,12.6429,0.6420,-118.4268,-27.4808,-118.4927,-29.3279,-118.4927,-29.3279,-118.5823,-29.5890,-118.7912,-26.5814,-0.0659,-1.8471,-0.0659,-1.8471,-0.1555,-2.1082,139,0.0800,139,0,0.2562,0.4953,0.2485,0.0111,-0.2666,-0.0178,-5.2037,-2.9869,0.0000,1,0.1130,0.0462,14.7218,0.0015
14.8102,IMM-UKF-LOS,smooth,0.500,10.00,0.050,0,0.600,1,6.4493,37.0599,30.6106,9.8955,0.3600,0.3600,0.0555,6.0000,12.8455,0.0211,13.6550,0.6394,-118.4175,-27.2303,-118.4927,-29.3279,-118.4927,-29.3279,-118.5877,-29.5069,-118.7966,-26.4654,-0.0753,-2.0976,-0.0753,-2.0976,-0.1702,-2.2766,139,0.0900,139,0,0.2562,0.4953,0.2485,0.1689,-0.1774,-0.0196,-5.2074,-2.9804,0.0000,1,0.1130,0.0462,14.7218,0.0015
14.8202,IMM-UKF-LOS,smooth,0.500,10.00,0.050,0,0.600,1,6.5047,37.1957,30.6910,9.9636,0.3600,0.3600,0.0557,6.0000,12.8455,0.0240,14.6738,0.6366,-118.4080,-26.9765,-118.4927,-29.3279,-118.4927,-29.3279,-118.5932,-29.4227,-118.8019,-26.3485,-0.0848,-2.3514,-0.0848,-2.3514,-0.1852,-2.4462,139,0.1000,139,0,0.2562,0.4953,0.2485,0.3250,-0.0891,-0.0220,-5.2111,-2.9740,0.0000,1,0.1130,0.0462,14.7218,0.0015
14.8302,IMM-UKF-LOS,smooth,0.500,10.00,0.050,0,0.600,1,6.5618,37.3345,30.7727,10.0324,0.3600,0.3600,0.0559,6.0000,12.8455,0.0270,15.6975,0.6338,-118.3982,-26.7197,-118.4927,-29.3279,-118.4927,-29.3279,-118.5987,-29.3362,-118.8071,-26.2301,-0.0945,-2.6082,-0.0945,-2.6082,-0.2004,-2.6164,139,0.1100,139,0,0.2562,0.4953,0.2485,0.4796,-0.0019,-0.0262,-5.2147,-2.9677,0.0000,1,0.1130,0.0462,14.7218,0.0015
14.8402,IMM-UKF-LOS,smooth,0.500,10.00,0.050,0,0.600,1,6.6186,37.4517,30.8331,10.1019,0.3600,0.3600,0.0561,6.0000,12.8455,0.0299,16.6855,0.6311,-118.3883,-26.4525,-118.4927,-29.3279,-118.4927,-29.3279,-118.6042,-29.2331,-118.8128,-26.0370,-0.1045,-2.8755,-0.1045,-2.8755,-0.2160,-2.7807,139,0.1200,139,0,0.2562,0.4953,0.2485,0.5086,0.0168,-0.2017,-5.2183,-2.9614,0.0000,1,0.1000,0.0431,14.7218,-0.0007
14.8502,IMM-UKF-LOS,smooth,0.500,10.00,0.050,0,0.600,1,6.6739,37.5546,30.8808,10.1720,0.3600,0.3600,0.0561,6.0000,12.8455,0.0348,17.8849,0.6279,-118.3787,-26.1971,-118.4927,-29.3279,-118.4927,-29.3279,-118.6097,-29.1774,-118.8189,-26.0527,-0.1140,-3.1308,-0.1140,-3.1308,-0.2310,-2.9802,139,0.1300,139,0,0.2562,0.4953,0.2485,0.3455,-0.0696,-0.1966,-5.2218,-2.9552,0.0000,1,0.1000,0.0431,14.7218,-0.0007
14.8602,IMM-UKF-LOS,smooth,0.500,10.00,0.050,0,0.600,1,6.7277,37.6548,30.9271,10.2427,0.3600,0.3600,0.0562,6.0000,12.8455,0.0401,19.0354,0.6247,-118.3689,-25.9533,-118.4927,-29.3279,-118.4927,-29.3279,-118.6152,-29.1249,-118.8251,-26.0713,-0.1238,-3.3746,-0.1238,-3.3746,-0.2463,-3.1715,139,0.1400,139,0,0.2562,0.4953,0.2485,0.1841,-0.1551,-0.1898,-5.2253,-2.9490,0.0000,1,0.1000,0.0431,14.7218,-0.0007
14.8702,IMM-UKF-LOS,smooth,0.500,10.00,0.050,0,0.600,1,6.7800,37.7521,30.9721,10.3141,0.3600,0.3600,0.0562,6.0000,12.8455,0.0453,20.1384,0.6216,-118.3588,-25.7206,-118.4927,-29.3279,-118.4927,-29.3279,-118.6208,-29.0754,-118.8315,-26.0918,-0.1340,-3.6073,-0.1340,-3.6073,-0.2621,-3.3548,139,0.1500,139,0,0.2562,0.4953,0.2485,0.0243,-0.2396,-0.1825,-5.2287,-2.9429,0.0000,1,0.1000,0.0431,14.7218,-0.0007
14.8802,IMM-UKF-LOS,smooth,0.500,10.00,0.050,0,0.600,1,6.8308,37.8466,31.0158,10.3861,0.3600,0.3600,0.0562,6.0000,12.8455,0.0506,21.1961,0.6186,-118.3483,-25.4985,-118.4927,-29.3279,-118.4927,-29.3279,-118.6265,-29.0289,-118.8379,-26.1140,-0.1444,-3.8294,-0.1444,-3.8294,-0.2782,-3.5304,139,0.1600,139,0,0.2562,0.4953,0.2485,-0.1340,-0.3232,-0.1750,-5.2321,-2.9369,0.0000,1,0.1000,0.0431,14.7218,-0.0007
14.8902,IMM-UKF-LOS,smooth,0.500,10.00,0.050,0,0.600,1,6.8802,35.4783,28.5981,10.8660,0.3600,0.3600,0.0562,6.0000,14.6854,0.0285,4.0301,0.6157,-118.3375,-25.2866,-118.3883,-26.4525,-118.3883,-26.4525,-118.2795,-25.9582,-117.9099,-18.5844,-0.0507,-1.1659,-0.0507,-1.1659,0.0580,-0.6716,140,0.0500,140,0,0.0996,0.5677,0.3327,-0.2907,-0.4060,-0.1675,-5.2354,-2.9310,0.0000,1,0.1000,0.0431,14.8396,-0.0007
14.9002,IMM-UKF-LOS,smooth,0.500,10.00,0.050,0,0.600,1,6.9281,35.5670,28.6389,10.9421,0.3600,0.3600,0.0562,6.0000,14.6854,0.0337,4.2799,0.6130,-118.3264,-25.0844,-118.3883,-26.4525,-118.3883,-26.4525,-118.2708,-25.7980,-117.9041,-18.5060,-0.0618,-1.3681,-0.0618,-1.3681,0.0557,-0.7136,140,0.0600,140,0,0.0996,0.5677,0.3327,-0.4459,-0.4878,-0.1600,-5.2387,-2.9251,0.0000,1,0.1000,0.0431,14.8396,-0.0007
14.9102,IMM-UKF-LOS,smooth,0.500,10.00,0.050,0,0.600,1,6.9746,35.6530,28.6784,11.0190,0.3600,0.3600,0.0562,6.0000,14.6854,0.0387,4.4940,0.6104,-118.3151,-24.8916,-118.3883,-26.4525,-118.3883,-26.4525,-118.2621,-25.6412,-117.8983,-18.4290,-0.0732,-1.5609,-0.0732,-1.5609,0.0529,-0.7497,140,0.0700,140,0,0.0996,0.5677,0.3327,-0.5995,-0.5687,-0.1525,-5.2420,-2.9192,0.0000,1,0.1000,0.0431,14.8396,-0.0007
14.9202,IMM-UKF-LOS,smooth,0.500,10.00,0.050,0,0.600,1,7.0196,35.7363,28.7167,11.0967,0.3600,0.3600,0.0563,6.0000,14.6854,0.0436,4.6740,0.6078,-118.3034,-24.7077,-118.3883,-26.4525,-118.3883,-26.4525,-118.2536,-25.4877,-117.8926,-18.3533,-0.0848,-1.7447,-0.0848,-1.7447,0.0498,-0.7800,140,0.0800,140,0,0.0996,0.5677,0.3327,-0.7517,-0.6488,-0.1450,-5.2452,-2.9135,0.0000,1,0.1000,0.0431,14.8396,-0.0007
14.9302,IMM-UKF-LOS,smooth,0.500,10.00,0.050,0,0.600,1,7.0632,35.8169,28.7537,11.1752,0.3600,0.3600,0.0563,6.0000,14.6854,0.0483,4.8214,0.6053,-118.2916,-24.5325,-118.3883,-26.4525,-118.3883,-26.4525,-118.2453,-25.3373,-117.8870,-18.2789,-0.0967,-1.9199,-0.0967,-1.9199,0.0463,-0.8048,140,0.0900,140,0,0.0996,0.5677,0.3327,-0.9023,-0.7280,-0.1377,-5.2483,-2.9078,0.0000,1,0.1000,0.0431,14.8396,-0.0007
14.9402,IMM-UKF-LOS,smooth,0.500,10.00,0.050,0,0.600,1,7.1053,35.8949,28.7896,11.2545,0.3600,0.3600,0.0563,6.0000,14.6854,0.0529,4.9376,0.6030,-118.2794,-24.3656,-118.3883,-26.4525,-118.3883,-26.4525,-118.2370,-25.1901,-117.8815,-18.2056,-0.1089,-2.0869,-0.1089,-2.0869,0.0424,-0.8244,140,0.1000,140,0,0.0996,0.5677,0.3327,-1.0515,-0.8064,-0.1304,-5.2514,-2.9022,0.0000,1,0.0976,0.0523,14.8396,0.0011
14.9502,IMM-UKF-LOS,smooth,0.500,10.00,0.050,0,0.600,1,7.1460,35.9704,28.8244,11.3346,0.3600,0.3600,0.0563,6.0000,14.6854,0.0573,5.0239,0.6007,-118.2670,-24.2067,-118.3883,-26.4525,-118.3883,-26.4525,-118.2289,-25.0457,-117.8761,-18.1336,-0.1213,-2.2458,-0.1213,-2.2458,0.0381,-0.8391,140,0.1100,140,0,0.0996,0.5677,0.3327,-1.1993,-0.8839,-0.1232,-5.2545,-2.8966,0.0000,1,0.0976,0.0523,14.8396,0.0011
14.9602,IMM-UKF-LOS,smooth,0.500,10.00,0.050,0,0.600,1,7.1853,36.0433,28.8580,11.4154,0.3600,0.3600,0.0563,6.0000,14.6854,0.0616,5.0815,0.5986,-118.2543,-24.0555,-118.3883,-26.4525,-118.3883,-26.4525,-118.2208,-24.9043,-117.8707,-18.0627,-0.1339,-2.3970,-0.1339,-2.3970,0.0335,-0.8489,140,0.1200,140,0,0.0996,0.5677,0.3327,-1.3456,-0.9605,-0.1161,-5.2575,-2.8911,0.0000,1,0.0976,0.0523,14.8396,0.0011
14.9702,IMM-UKF-LOS,smooth,0.500,10.00,0.050,0,0.600,1,7.2231,36.1136,28.8905,11.4970,0.3600,0.3600,0.0563,6.0000,14.6854,0.0657,5.1117,0.5966,-118.2414,-23.9117,-118.3883,-26.4525,-118.3883,-26.4525,-118.2130,-24.7657,-117.8655,-17.9929,-0.1468,-2.5408,-0.1468,-2.5408,0.0285,-0.8541,140,0.1300,140,0,0.0996,0.5677,0.3327,-1.4904,-1.0364,-0.1091,-5.2605,-2.8857,0.0000,1,0.0976,0.0523,14.8396,0.0011
14.9802,IMM-UKF-LOS,smooth,0.500,10.00,0.050,0,0.600,1,7.2596,36.1815,28.9219,11.5793,0.3600,0.3600,0.0563,6.0000,14.6854,0.0697,5.1155,0.5946,-118.2284,-23.7750,-118.3883,-26.4525,-118.3883,-26.4525,-118.2052,-24.6298,-117.8603,-17.9241,-0.1599,-2.6775,-0.1599,-2.6775,0.0232,-0.8548,140,0.1400,140,0,0.0996,0.5677,0.3327,-1.6339,-1.1114,-0.1022,-5.2634,-2.8803,0.0000,1,0.0976,0.0523,14.8396,0.0011
14.9902,IMM-UKF-LOS,smooth,0.500,10.00,0.050,0,0.600,1,7.2947,36.2468,28.9522,11.6624,0.3600,0.3600,0.0564,6.0000,14.6854,0.0736,5.0939,0.5927,-118.2150,-23.6453,-118.3883,-26.4525,-118.3883,-26.4525,-118.1975,-24.4966,-117.8552,-17.8565,-0.1732,-2.8072,-0.1732,-2.8072,0.0175,-0.8513,140,0.1500,140,0,0.0996,0.5677,0.3327,-1.7759,-1.1856,-0.0954,-5.2663,-2.8750,0.0000,1,0.0976,0.0523,14.8396,0.0011
15.0002,IMM-UKF-LOS,smooth,0.500,10.00,0.050,0,0.600,1,7.3283,34.0256,26.6973,10.4337,0.3600,0.3600,0.0564,6.0000,13.6877,0.0244,2.4476,0.5910,-118.2015,-23.5222,-118.2794,-24.3656,-118.2794,-24.3656,-118.4265,-23.8757,-118.5179,-16.5133,-0.0779,-0.8434,-0.0779,-0.8434,-0.2250,-0.3535,141,0.0600,141,0,0.0082,0.7282,0.2636,-1.9166,-1.2590,-0.0887,-5.2692,-2.8698,0.0000,1,0.0976,0.0523,14.9413,0.0011
15.0102,IMM-UKF-LOS,smooth,0.500,10.00,0.050,0,0.600,1,7.3606,34.0826,26.7219,10.5077,0.3600,0.3600,0.0564,6.0000,13.6877,0.0281,2.3064,0.5893,-118.1878,-23.4056,-118.2794,-24.3656,-118.2794,-24.3656,-118.4289,-23.7215,-118.5219,-16.4247,-0.0916,-0.9600,-0.0916,-0.9600,-0.2411,-0.3159,141,0.0700,141,0,0.0082,0.7282,0.2636,-2.0559,-1.3316,-0.0821,-5.2720,-2.8647,0.0000,1,0.0976,0.0523,14.9413,0.0011
15.0202,IMM-UKF-LOS,smooth,0.500,10.00,0.050,0,0.600,1,7.3916,34.1371,26.7455,10.5824,0.3600,0.3600,0.0564,6.0000,13.6877,0.0315,2.1681,0.5877,-118.1738,-23.2953,-118.2794,-24.3656,-118.2794,-24.3656,-118.4314,-23.5700,-118.5261,-16.3371,-0.1056,-1.0703,-0.1056,-1.0703,-0.2576,-0.2748,141,0.0800,141,0,0.0082,0.7282,0.2636,-2.1938,-1.4034,-0.0756,-5.2747,-2.8596,0.0000,1,0.0976,0.0523,14.9413,0.0011
15.0302,IMM-UKF-LOS,smooth,0.500,10.00,0.050,0,0.600,1,7.4211,34.1891,26.7680,10.6581,0.3600,0.3600,0.0564,6.0000,13.6877,0.0350,2.0416,0.5861,-118.1597,-23.1910,-118.2794,-24.3656,-118.2794,-24.3656,-118.4340,-23.4212,-118.5303,-16.2506,-0.1197,-1.1746,-0.1197,-1.1746,-0.2743,-0.2302,141,0.0900,141,0,0.0082,0.7282,0.2636,-2.3304,-1.4745,-0.0692,-5.2774,-2.8546,0.0000,1,0.0976,0.0523,14.9413,0.0011
15.0402,IMM-UKF-LOS,smooth,0.500,10.00,0.050,0,0.600,1,7.4493,34.2387,26.7894,10.7345,0.3600,0.3600,0.0564,6.0000,13.6877,0.0383,1.9383,0.5847,-118.1453,-23.0926,-118.2794,-24.3656,-118.2794,-24.3656,-118.4367,-23.2749,-118.5347,-16.1650,-0.1341,-1.2730,-0.1341,-1.2730,-0.2914,-0.1823,141,0.1000,141,0,0.0082,0.7282,0.2636,-2.4657,-1.5447,-0.0630,-5.2801,-2.8496,0.0000,1,0.1187,0.0415,14.9413,0.0012
15.0502,IMM-UKF-LOS,smooth,0.500,10.00,0.050,0,0.600,1,7.4762,34.2860,26.8098,10.8117,0.3600,0.3600,0.0564,6.0000,13.6877,0.0415,1.8717,0.5833,-118.1308,-22.9999,-118.2794,-24.3656,-118.2794,-24.3656,-118.4395,-23.1312,-118.5393,-16.0803,-0.1486,-1.3657,-0.1486,-1.3657,-0.3087,-0.1313,141,0.1100,141,0,0.0082,0.7282,0.2636,-2.5996,-1.6142,-0.0568,-5.2827,-2.8447,0.0000,1,0.1187,0.0415,14.9413,0.0012
15.0602,IMM-UKF-LOS,smooth,0.500,10.00,0.050,0,0.600,1,7.5017,34.3309,26.8291,10.8897,0.3600,0.3600,0.0564,6.0000,13.6877,0.0445,1.8556,0.5821,-118.1161,-22.9127,-118.2794,-24.3656,-118.2794,-24.3656,-118.4423,-22.9898,-118.5439,-15.9965,-0.1633,-1.4529,-0.1633,-1.4529,-0.3263,-0.0771,141,0.1200,141,0,0.0082,0.7282,0.2636,-2.7322,-1.6830,-0.0508,-5.2853,-2.8399,0.0000,1,0.1187,0.0415,14.9413,0.0012
15.0702,IMM-UKF-LOS,smooth,0.500,10.00,0.050,0,0.600,1,7.5260,34.3734,26.8475,10.9685,0.3600,0.3600,0.0564,6.0000,13.6877,0.0475,1.9010,0.5809,-118.1011,-22.8309,-118.2794,-24.3656,-118.2794,-24.3656,-118.4453,-22.8508,-118.5487,-15.9136,-0.1783,-1.5347,-0.1783,-1.5347,-0.3441,-0.0198,141,0.1300,141,0,0.0082,0.7282,0.2636,-2.8636,-1.7510,-0.0448,-5.2879,-2.8352,0.0000,1,0.1187,0.0415,14.9413,0.0012
15.0802,IMM-UKF-LOS,smooth,0.500,10.00,0.050,0,0.600,1,7.5489,34.4137,26.8648,11.0480,0.3600,0.3600,0.0565,6.0000,13.6877,0.0503,2.0134,0.5797,-118.0861,-22.7544,-118.2794,-24.3656,-118.2794,-24.3656,-118.4483,-22.7140,-118.5536,-15.8315,-0.1933,-1.6112,-0.1933,-1.6112,-0.3623,0.0403,141,0.1400,141,0,0.0082,0.7282,0.2636,-2.9936,-1.8183,-0.0390,-5.2904,-2.8305,0.0000,1,0.1187,0.0415,14.9413,0.0012
15.0903,IMM-UKF-LOS,smooth,0.500,10.00,0.050,0,0.600,1,7.5705,35.2046,27.6341,9.7391,0.3600,0.3600,0.0565,6.0000,14.3930,0.0147,1.8498,0.5787,-118.0708,-22.6829,-118.1453,-23.0926,-118.1453,-23.0926,-118.1163,-22.3766,-117.5652,-15.4574,-0.0745,-0.4097,-0.0745,-0.4097,-0.0455,0.3063,142,0.0500,142,0,0.0028,0.7517,0.2454,-3.1224,-1.8848,-0.0333,-5.2928,-2.8259,0.0000,1,0.1187,0.0415,15.0415,0.0012
15.1003,IMM-UKF-LOS,smooth,0.500,10.00,0.050,0,0.600,1,7.5908,35.2598,27.6690,9.8139,0.3600,0.3600,0.0565,6.0000,14.3930,0.0173,2.3209,0.5777,-118.0553,-22.6165,-118.1453,-23.0926,-118.1453,-23.0926,-118.1040,-22.2311,-117.5562,-15.3677,-0.0900,-0.4761,-0.0900,-0.4761,-0.0486,0.3853,142,0.0600,142,0,0.0028,0.7517,0.2454,-3.2500,-1.9506,-0.0277,-5.2953,-2.8214,0.0000,1,0.1187,0.0415,15.0415,0.0012
15.1103,IMM-UKF-LOS,smooth,0.500,10.00,0.050,0,0.600,1,7.6098,35.3127,27.7029,9.8895,0.3600,0.3600,0.0565,6.0000,14.3930,0.0198,2.8081,0.5767,-118.0397,-22.5548,-118.1453,-23.0926,-118.1453,-23.0926,-118.0918,-22.0879,-117.5472,-15.2789,-0.1056,-0.5378,-0.1056,-0.5378,-0.0520,0.4669,142,0.0700,142,0,0.0028,0.7517,0.2454,-3.3763,-2.0157,-0.0222,-5.2976,-2.8169,0.0000,1,0.1187,0.0415,15.0415,0.0012
15.1203,IMM-UKF-LOS,smooth,0.500,10.00,0.050,0,0.600,1,7.6276,35.3633,27.7357,9.9659,0.3600,0.3600,0.0565,6.0000,14.3930,0.0223,3.3106,0.5758,-118.0239,-22.4979,-118.1453,-23.0926,-118.1453,-23.0926,-118.0797,-21.9470,-117.5384,-15.1909,-0.1214,-0.5947,-0.1214,-0.5947,-0.0557,0.5510,142,0.0800,142,0,0.0028,0.7517,0.2454,-3.5013,-2.0801,-0.0168,-5.3000,-2.8125,0.0000,1,0.1187,0.0415,15.0415,0.0012
15.1303,IMM-UKF-LOS,smooth,0.500,10.00,0.050,0,0.600,1,7.6441,35.4117,27.7676,10.0429,0.3600,0.3600,0.0565,6.0000,14.3930,0.0247,3.8281,0.5750,-118.0080,-22.4456,-118.1453,-23.0926,-118.1453,-23.0926,-118.0677,-21.8082,-117.5295,-15.1037,-0.1373,-0.6470,-0.1373,-0.6470,-0.0597,0.6375,142,0.0900,142,0,0.0028,0.7517,0.2454,-3.6252,-2.1437,-0.0116,-5.3023,-2.8082,0.0000,1,0.1187,0.0415,15.0415,0.0012
15.1403,IMM-UKF-LOS,smooth,0.500,10.00,0.050,0,0.600,1,7.6594,35.4578,27.7985,10.1207,0.3600,0.3600,0.0565,6.0000,14.3930,0.0270,4.3604,0.5742,-117.9919,-22.3979,-118.1453,-23.0926,-118.1453,-23.0926,-118.0559,-21.6715,-117.5208,-15.0173,-0.1534,-0.6947,-0.1534,-0.6947,-0.0640,0.7264,142,0.1000,142,0,0.0028,0.7517,0.2454,-3.7478,-2.2067,-0.0064,-5.3045,-2.8040,0.0000,1,0.1187,0.0415,15.0415,0.0012
15.1503,IMM-UKF-LOS,smooth,0.500,10.00,0.050,0,0.600,1,7.6734,35.5018,27.8284,10.1993,0.3600,0.3600,0.0565,6.0000,14.3930,0.0291,4.9071,0.5735,-117.9756,-22.3545,-118.1453,-23.0926,-118.1453,-23.0926,-118.0443,-21.5368,-117.5122,-14.9316,-0.1697,-0.7381,-0.1697,-0.7381,-0.0687,0.8177,142,0.1100,142,0,0.0028,0.7517,0.2454,-3.8693,-2.2690,-0.0014,-5.3067,-2.7998,0.0000,1,0.1187,0.0415,15.0415,0.0012
15.1603,IMM-UKF-LOS,smooth,0.500,10.00,0.050,0,0.600,1,7.6862,35.5436,27.8574,10.2785,0.3600,0.3600,0.0565,6.0000,14.3930,0.0312,5.4680,0.5729,-117.9592,-22.3155,-118.1453,-23.0926,-118.1453,-23.0926,-118.0327,-21.4041,-117.5036,-14.8467,-0.1861,-0.7771,-0.1861,-0.7771,-0.0735,0.9114,142,0.1200,142,0,0.0028,0.7517,0.2454,-3.9895,-2.3306,0.0036,-5.3089,-2.7957,0.0000,1,0.1152,0.0498,15.0415,-0.0017
15.1703,IMM-UKF-LOS,smooth,0.500,10.00,0.050,0,0.600,1,7.6978,35.5833,27.8855,10.3584,0.3600,0.3600,0.0565,6.0000,14.3930,0.0333,6.0430,0.5724,-117.9426,-22.2807,-118.1453,-23.0926,-118.1453,-23.0926,-118.0213,-21.2734,-117.4952,-14.7624,-0.2027,-0.8119,-0.2027,-0.8119,-0.0787,1.0074,142,0.1300,142,0,0.0028,0.7517,0.2454,-4.1086,-2.3916,0.0084,-5.3110,-2.7916,0.0000,1,0.1152,0.0498,15.0415,-0.0017
15.1803,IMM-UKF-LOS,smooth,0.500,10.00,0.050,0,0.600,1,7.7082,35.6208,27.9127,10.4390,0.3600,0.3600,0.0565,6.0000,14.3930,0.0352,6.6319,0.5719,-117.9259,-22.2501,-118.1453,-23.0926,-118.1453,-23.0926,-118.0100,-21.1444,-117.4868,-14.6788,-0.2194,-0.8425,-0.2194,-0.8425,-0.0841,1.1057,142,0.1400,142,0,0.0028,0.7517,0.2454,-4.2266,-2.4518,0.0131,-5.3131,-2.7877,0.0000,1,0.1152,0.0498,15.0415,-0.0017
15.1903,IMM-UKF-LOS,smooth,0.500,10.00,0.050,0,0.600,1,7.7173,35.6563,27.9390,10.5203,0.3600,0.3600,0.0565,6.0000,14.3930,0.0370,7.2346,0.5714,-117.9090,-22.2236,-118.1453,-23.0926,-118.1453,-23.0926,-117.9989,-21.0173,-117.4785,-14.5958,-0.2364,-0.8690,-0.2364,-0.8690,-0.0899,1.2062,142,0.1500,142,0,0.0028,0.7517,0.2454,-4.3434,-2.5114,0.0177,-5.3151,-2.7838,0.0000,1,0.1152,0.0498,15.0415,-0.0017
15.2003,IMM-UKF-LOS,smooth,0.500,10.00,0.050,0,0.600,1,7.7253,35.6898,27.9644,10.6022,0.3600,0.3600,0.0565,6.0000,14.3930,0.0387,7.8510,0.5710,-117.8919,-22.2010,-118.1453,-23.0926,-118.1453,-23.0926,-117.9879,-20.8920,-117.4703,-14.5134,-0.2534,-0.8916,-0.2534,-0.8916,-0.0959,1.3091,142,0.1600,142,0,0.0028,0.7517,0.2454,-4.4590,-2.5704,0.0222,-5.3171,-2.7799,0.0000,1,0.1152,0.0498,15.0415,-0.0017
15.2103,IMM-UKF-LOS,smooth,0.500,10.00,0.050,0,0.600,1,7.7322,36.9021,29.1699,8.8708,0.3600,0.3600,0.0565,6.0000,14.2817,0.0092,3.2602,0.5707,-117.8747,-22.1824,-117.9592,-22.3155,-117.9592,-22.3155,-117.9410,-21.6410,-117.2110,-17.0772,-0.0844,-0.1331,-0.0844,-0.1331,-0.0663,0.5415,143,0.0500,143,0,0.0280,0.7885,0.1835,-4.5736,-2.6287,0.0265,-5.3191,-2.7762,0.0000,1,0.1152,0.0498,15.1586,-0.0017
15.2203,IMM-UKF-LOS,smooth,0.500,10.00,0.050,0,0.600,1,7.7379,36.9613,29.2235,8.9388,0.3600,0.3600,0.0565,6.0000,14.2817,0.0109,3.7365,0.5705,-117.8574,-22.1677,-117.9592,-22.3155,-117.9592,-22.3155,-117.9248,-21.5463,-117.1985,-17.0268,-0.1018,-0.1478,-0.1018,-0.1478,-0.0674,0.6214,143,0.0600,143,0,0.0280,0.7885,0.1835,-4.6870,-2.6863,0.0308,-5.3210,-2.7725,0.0000,1,0.1152,0.0498,15.1586,-0.0017
15.2303,IMM-UKF-LOS,smooth,0.500,10.00,0.050,0,0.600,1,7.7424,37.0184,29.2761,9.0076,0.3600,0.3600,0.0565,6.0000,14.2817,0.0124,4.2255,0.5703,-117.8399,-22.1569,-117.9592,-22.3155,-117.9592,-22.3155,-117.9088,-21.4535,-117.1861,-16.9773,-0.1193,-0.1586,-0.1193,-0.1586,-0.0689,0.7034,143,0.0700,143,0,0.0280,0.7885,0.1835,-4.7993,-2.7434,0.0349,-5.3229,-2.7689,0.0000,1,0.1152,0.0498,15.1586,-0.0017
15.2403,IMM-UKF-LOS,smooth,0.500,10.00,0.050,0,0.600,1,7.7458,37.0734,29.3276,9.0772,0.3600,0.3600,0.0565,6.0000,14.2817,0.0138,4.7271,0.5701,-117.8223,-22.1498,-117.9592,-22.3155,-117.9592,-22.3155,-117.8930,-21.3624,-117.1738,-16.9285,-0.1369,-0.1658,-0.1369,-0.1658,-0.0707,0.7874,143,0.0800,143,0,0.0280,0.7885,0.1835,-4.9106,-2.7998,0.0390,-5.3247,-2.7654,0.0000,1,0.1152,0.0498,15.1586,-0.0017
15.2503,IMM-UKF-LOS,smooth,0.500,10.00,0.050,0,0.600,1,7.7480,37.1263,29.3783,9.1475,0.3600,0.3600,0.0565,6.0000,14.2817,0.0151,5.2410,0.5701,-117.8045,-22.1464,-117.9592,-22.3155,-117.9592,-22.3155,-117.8773,-21.2730,-117.1615,-16.8804,-0.1547,-0.1691,-0.1547,-0.1691,-0.0727,0.8734,143,0.0900,143,0,0.0280,0.7885,0.1835,-5.0207,-2.8555,0.0429,-5.3265,-2.7619,0.0000,1,0.1152,0.0498,15.1586,-0.0017
15.2603,IMM-UKF-LOS,smooth,0.500,10.00,0.050,0,0.600,1,7.7492,37.1771,29.4279,9.2185,0.3600,0.3600,0.0565,6.0000,14.2817,0.0165,5.7673,0.5700,-117.7866,-22.1467,-117.9592,-22.3155,-117.9592,-22.3155,-117.8617,-21.1852,-117.1493,-16.8331,-0.1726,-0.1689,-0.1726,-0.1689,-0.0751,0.9614,143,0.1000,143,0,0.0280,0.7885,0.1835,-5.1298,-2.9107,0.0467,-5.3283,-2.7585,0.0000,1,0.1152,0.0498,15.1586,-0.0017
15.2703,IMM-UKF-LOS,smooth,0.500,10.00,0.050,0,0.600,1,7.7492,37.2259,29.4767,9.2903,0.3600,0.3600,0.0565,6.0000,14.2817,0.0178,6.3059,0.5701,-117.7686,-22.1506,-117.9592,-22.3155,-117.9592,-22.3155,-117.8463,-21.0991,-117.1372,-16.7864,-0.1906,-0.1649,-0.1906,-0.1649,-0.0777,1.0515,143,0.1100,143,0,0.0280,0.7885,0.1835,-5.2378,-2.9652,0.0504,-5.3300,-2.7552,0.0000,1,0.1152,0.0498,15.1586,-0.0017
15.2803,IMM-UKF-LOS,smooth,0.500,10.00,0.050,0,0.600,1,7.7482,37.2727,29.5245,9.3627,0.3600,0.3600,0.0565,6.0000,14.2817,0.0190,6.8568,0.5701,-117.7504,-22.1581,-117.9592,-22.3155,-117.9592,-22.3155,-117.8310,-21.0145,-117.1252,-16.7405,-0.2088,-0.1574,-0.2088,-0.1574,-0.0806,1.1435,143,0.1200,143,0,0.0280,0.7885,0.1835,-5.3448,-3.0192,0.0540,-5.3317,-2.7519,0.0000,1,0.0898,0.0569,15.1586,0.0001
15.2903,IMM-UKF-LOS,smooth,0.500,10.00,0.050,0,0.600,1,7.7460,37.3174,29.5714,9.4359,0.3600,0.3600,0.0565,6.0000,14.2817,0.0200,7.4199,0.5703,-117.7321,-22.1691,-117.9592,-22.3155,-117.9592,-22.3155,-117.8158,-20.9315,-117.1133,-16.6952,-0.2271,-0.1464,-0.2271,-0.1464,-0.0838,1.2376,143,0.1300,143,0,0.0280,0.7885,0.1835,-5.4508,-3.0725,0.0574,-5.3333,-2.7488,0.0000,1,0.0898,0.0569,15.1586,0.0001
15.3003,IMM-UKF-LOS,smooth,0.500,10.00,0.050,0,0.600,1,7.7428,37.3602,29.6174,9.5097,0.3600,0.3600,0.0565,6.0000,14.2817,0.0211,7.9955,0.5704,-117.7136,-22.1837,-117.9592,-22.3155,-117.9592,-22.3155,-117.8008,-20.8499,-117.1014,-16.6505,-0.2456,-0.1318,-0.2456,-0.1318,-0.0872,1.3338,143,0.1400,143,0,0.0280,0.7885,0.1835,-5.5557,-3.1253,0.0608,-5.3349,-2.7456,0.0000,1,0.0898,0.0569,15.1586,0.0001
15.3103,IMM-UKF-LOS,smooth,0.500,10.00,0.050,0,0.600,1,7.7385,37.4011,29.6626,9.5842,0.3600,0.3600,0.0565,6.0000,14.2817,0.0220,8.5835,0.5707,-117.6950,-22.2018,-117.9592,-22.3155,-117.9592,-22.3155,-117.7859,-20.7698,-117.0896,-16.6064,-0.2641,-0.1138,-0.2641,-0.1138,-0.0909,1.4320,143,0.1500,143,0,0.0280,0.7885,0.1835,-5.6596,-3.1774,0.0640,-5.3365,-2.7426,0.0000,1,0.0898,0.0569,15.1586,0.0001
15.3203,IMM-UKF-LOS,smooth,0.500,10.00,0.050,0,0.600,1,7.7332,37.4401,29.7069,9.6594,0.3600,0.3600,0.0565,6.0000,14.2817,0.0230,9.1841,0.5709,-117.6763,-22.2233,-117.9592,-22.3155,-117.9592,-22.3155,-117.7712,-20.6910,-117.0779,-16.5629,-0.2829,-0.0922,-0.2829,-0.0922,-0.0949,1.5322,143,0.1600,143,0,0.0280,0.7885,0.1835,-5.7625,-3.2290,0.0671,-5.3380,-2.7397,0.0000,1,0.0898,0.0569,15.1586,0.0001
15.3303,IMM-UKF-LOS,smooth,0.500,10.00,0.050,0,0.600,1,7.7269,37.4772,29.7503,9.7352,0.3600,0.3600,0.0565,6.0000,14.2817,0.0239,9.7972,0.5712,-117.6574,-22.2482,-117.9592,-22.3155,-117.9592,-22.3155,-117.7566,-20.6136,-117.0663,-16.5200,-0.3017,-0.0673,-0.3017,-0.0673,-0.0991,1.6346,143,0.1700,143,0,0.0280,0.7885,0.1835,-5.8644,-3.2801,0.0701,-5.3395,-2.7368,0.0000,1,0.0898,0.0569,15.1586,0.0001
15.3403,IMM-UKF-LOS,smooth,0.500,10.00,0.050,0,0.600,1,7.7195,34.4533,26.7338,8.0318,0.3600,0.3600,0.0565,6.0000,11.5876,0.0060,5.4781,0.5717,-117.6384,-22.2766,-117.7504,-22.1581,-117.7504,-22.1581,-117.5015,-21.3698,-116.2509,-18.6640,-0.1120,0.1185,-0.1120,0.1185,0.1369,0.9068,144,0.0600,144,0,0.0454,0.8480,0.1066,-5.9653,-3.3305,0.0730,-5.3409,-2.7340,0.0000,1,0.0898,0.0569,15.2803,0.0001
15.3503,IMM-UKF-LOS,smooth,0.500,10.00,0.050,0,0.600,1,7.7110,34.4812,26.7701,8.0986,0.3600,0.3600,0.0565,6.0000,11.5876,0.0067,5.9789,0.5720,-117.6193,-22.3084,-117.7504,-22.1581,-117.7504,-22.1581,-117.4750,-21.3181,-116.2270,-18.6470,-0.1311,0.1503,-0.1311,0.1503,0.1443,0.9903,144,0.0700,144,0,0.0454,0.8480,0.1066,-6.0652,-3.3804,0.0757,-5.3423,-2.7312,0.0000,1,0.0898,0.0569,15.2803,0.0001
15.3603,IMM-UKF-LOS,smooth,0.500,10.00,0.050,0,0.600,1,7.7016,34.5072,26.8055,8.1661,0.3600,0.3600,0.0565,6.0000,11.5876,0.0075,6.4912,0.5725,-117.6000,-22.3435,-117.7504,-22.1581,-117.7504,-22.1581,-117.4486,-21.2678,-116.2031,-18.6308,-0.1504,0.1854,-0.1504,0.1854,0.1514,1.0758,144,0.0800,144,0,0.0454,0.8480,0.1066,-6.1642,-3.4297,0.0784,-5.3437,-2.7285,0.0000,1,0.0898,0.0569,15.2803,0.0001
15.3703,IMM-UKF-LOS,smooth,0.500,10.00,0.050,0,0.600,1,7.6912,34.5312,26.8400,8.2343,0.3600,0.3600,0.0565,6.0000,11.5876,0.0084,7.0150,0.5730,-117.5806,-22.3820,-117.7504,-22.1581,-117.7504,-22.1581,-117.4224,-21.2188,-116.1793,-18.6154,-0.1698,0.2240,-0.1698,0.2240,0.1583,1.1632,144,0.0900,144,0,0.0454,0.8480,0.1066,-6.2622,-3.4785,0.0809,-5.3450,-2.7260,0.0000,1,0.1187,0.0432,15.2803,-0.0000
15.3803,IMM-UKF-LOS,smooth,0.500,10.00,0.050,0,0.600,1,7.6798,34.5534,26.8736,8.3031,0.3600,0.3600,0.0565,6.0000,11.5876,0.0092,7.5507,0.5737,-117.5611,-22.4239,-117.7504,-22.1581,-117.7504,-22.1581,-117.3962,-21.1713,-116.1555,-18.6006,-0.1893,0.2658,-0.1893,0.2658,0.1649,1.2526,144,0.1000,144,0,0.0454,0.8480,0.1066,-6.3592,-3.5267,0.0832,-5.3463,-2.7234,0.0000,1,0.1187,0.0432,15.2803,-0.0000
15.3903,IMM-UKF-LOS,smooth,0.500,10.00,0.050,0,0.600,1,7.6674,34.5737,26.9063,8.3726,0.3600,0.3600,0.0565,6.0000,11.5876,0.0098,8.0982,0.5742,-117.5415,-22.4691,-117.7504,-22.1581,-117.7504,-22.1581,-117.3702,-21.1251,-116.1317,-18.5865,-0.2089,0.3110,-0.2089,0.3110,0.1712,1.3440,144,0.1100,144,0,0.0454,0.8480,0.1066,-6.4554,-3.5744,0.0855,-5.3475,-2.7210,0.0000,1,0.1187,0.0432,15.2803,-0.0000
15.4003,IMM-UKF-LOS,smooth,0.500,10.00,0.050,0,0.600,1,7.6540,34.5921,26.9381,8.4427,0.3600,0.3600,0.0565,6.0000,11.5876,0.0105,8.6580,0.5749,-117.5217,-22.5177,-117.7504,-22.1581,-117.7504,-22.1581,-117.3444,-21.0801,-116.1079,-18.5731,-0.2287,0.3596,-0.2287,0.3596,0.1773,1.4375,144,0.1200,144,0,0.0454,0.8480,0.1066,-6.5506,-3.6216,0.0876,-5.3487,-2.7186,0.0000,1,0.1187,0.0432,15.2803,-0.0000
15.4103,IMM-UKF-LOS,smooth,0.500,10.00,0.050,0,0.600,1,7.6397,34.6087,26.9690,8.5134,0.3600,0.3600,0.0565,6.0000,11.5876,0.0111,9.2300,0.5755,-117.5018,-22.5695,-117.7504,-22.1581,-117.7504,-22.1581,-117.3186,-21.0365,-116.0842,-18.5604,-0.2486,0.4115,-0.2486,0.4115,0.1831,1.5331,144,0.1300,144,0,0.0454,0.8480,0.1066,-6.6448,-3.6682,0.0896,-5.3499,-2.7163,0.0000,1,0.1187,0.0432,15.2803,-0.0000
15.4203,IMM-UKF-LOS,smooth,0.500,10.00,0.050,0,0.600,1,7.6245,34.8602,27.2358,8.2016,0.3600,0.3600,0.0565,6.0000,11.1589,0.0038,2.7965,0.5763,-117.4817,-22.6248,-117.5806,-22.3820,-117.5806,-22.3820,-117.5087,-22.1580,-116.5640,-21.9741,-0.0989,0.2427,-0.0989,0.2427,-0.0270,0.4668,145,0.0500,145,0,0.0622,0.8469,0.0908,-6.7382,-3.7143,0.0914,-5.3510,-2.7141,0.0000,1,0.1187,0.0432,15.3703,-0.0000
15.4303,IMM-UKF-LOS,smooth,0.500,10.00,0.050,0,0.600,1,7.6083,34.8901,27.2818,8.2708,0.3600,0.3600,0.0565,6.0000,11.1589,0.0047,3.1455,0.5771,-117.4615,-22.6833,-117.5806,-22.3820,-117.5806,-22.3820,-117.4891,-22.1582,-116.5466,-22.0058,-0.1191,0.3013,-0.1191,0.3013,-0.0275,0.5252,145,0.0600,145,0,0.0622,0.8469,0.0908,-6.8306,-3.7599,0.0932,-5.3521,-2.7119,0.0000,1,0.1187,0.0432,15.3703,-0.0000
15.4403,IMM-UKF-LOS,smooth,0.500,10.00,0.050,0,0.600,1,7.5911,34.9181,27.3270,8.3406,0.3600,0.3600,0.0565,6.0000,11.1589,0.0055,3.5070,0.5779,-117.4413,-22.7452,-117.5806,-22.3820,-117.5806,-22.3820,-117.4696,-22.1596,-116.5292,-22.0382,-0.1394,0.3632,-0.1394,0.3632,-0.0283,0.5856,145,0.0700,145,0,0.0622,0.8469,0.0908,-6.9222,-3.8050,0.0947,-5.3532,-2.7099,0.0000,1,0.1187,0.0432,15.3703,-0.0000
15.4503,IMM-UKF-LOS,smooth,0.500,10.00,0.050,0,0.600,1,7.5731,34.9443,27.3712,8.4110,0.3600,0.3600,0.0565,6.0000,11.1589,0.0062,3.8812,0.5787,-117.4209,-22.8105,-117.5806,-22.3820,-117.5806,-22.3820,-117.4502,-22.1623,-116.5119,-22.0715,-0.1598,0.4284,-0.1598,0.4284,-0.0293,0.6482,145,0.0800,145,0,0.0622,0.8469,0.0908,-7.0129,-3.8495,0.0962,-5.3542,-2.7079,0.0000,1,0.1187,0.0432,15.3703,-0.0000
15.4603,IMM-UKF-LOS,smooth,0.500,10.00,0.050,0,0.600,1,7.5542,34.9688,27.4146,8.4820,0.3600,0.3600,0.0565,6.0000,11.1589,0.0071,4.2683,0.5796,-117.4003,-22.8791,-117.5806,-22.3820,-117.5806,-22.3820,-117.4309,-22.1662,-116.4946,-22.1056,-0.1803,0.4970,-0.1803,0.4970,-0.0306,0.7129,145,0.0900,145,0,0.0622,0.8469,0.0908,-7.1027,-3.8936,0.0974,-5.3552,-2.7059,0.0000,1,0.1187,0.0432,15.3703,-0.0000
15.4703,IMM-UKF-LOS,smooth,0.500,10.00,0.050,0,0.600,1,7.5343,34.9915,27.4571,8.5536,0.3600,0.3600,0.0565,6.0000,11.1589,0.0080,4.6685,0.5806,-117.3796,-22.9510,-117.5806,-22.3820,-117.5806,-22.3820,-117.4117,-22.1713,-116.4774,-22.1404,-0.2010,0.5690,-0.2010,0.5690,-0.0321,0.7798,145,0.1000,145,0,0.0622,0.8469,0.0908,-7.1916,-3.9371,0.0986,-5.3561,-2.7041,0.0000,1,0.1187,0.0432,15.3703,-0.0000
15.4803,IMM-UKF-LOS,smooth,0.500,10.00,0.050,0,0.600,1,7.5136,35.0124,27.4988,8.6258,0.3600,0.3600,0.0565,6.0000,11.1589,0.0089,5.0821,0.5816,-117.3588,-23.0264,-117.5806,-22.3820,-117.5806,-22.3820,-117.3927,-22.1775,-116.4602,-22.1760,-0.2218,0.6443,-0.2218,0.6443,-0.0338,0.8489,145,0.1100,145,0,0.0622,0.8469,0.0908,-7.2797,-3.9802,0.0995,-5.3570,-2.7023,0.0000,1,0.1187,0.0432,15.3703,-0.0000
15.4903,IMM-UKF-LOS,smooth,0.500,10.00,0.050,0,0.600,1,7.4920,35.0317,27.5397,8.6986,0.3600,0.3600,0.0565,6.0000,11.1589,0.0098,5.5092,0.5826,-117.3379,-23.1051,-117.5806,-22.3820,-117.5806,-22.3820,-117.3737,-22.1849,-116.4431,-22.2123,-0.2428,0.7231,-0.2428,0.7231,-0.0358,0.9202,145,0.1200,145,0,0.0622,0.8469,0.0908,-7.3670,-4.0228,0.1004,-5.3579,-2.7006,0.0000,1,0.0908,0.0443,15.3703,0.0008
15.5003,IMM-UKF-LOS,smooth,0.500,10.00,0.050,0,0.600,1,7.4696,35.0493,27.5797,8.7720,0.3600,0.3600,0.0564,6.0000,11.1589,0.0108,5.9502,0.5836,-117.3168,-23.1872,-117.5806,-22.3820,-117.5806,-22.3820,-117.3549,-22.1933,-116.4261,-22.2493,-0.2638,0.8052,-0.2638,0.8052,-0.0381,0.9939,145,0.1300,145,0,0.0622,0.8469,0.0908,-7.4533,-4.0649,0.1010,-5.3587,-2.6990,0.0000,1,0.0908,0.0443,15.3703,0.0008
15.5103,IMM-UKF-LOS,smooth,0.500,10.00,0.050,0,0.600,1,7.4462,35.0652,27.6190,8.8459,0.3600,0.3600,0.0564,6.0000,11.1589,0.0119,6.4053,0.5847,-117.2957,-23.2728,-117.5806,-22.3820,-117.5806,-22.3820,-117.3362,-22.2029,-116.4090,-22.2871,-0.2850,0.8907,-0.2850,0.8907,-0.0405,1.0699,145,0.1400,145,0,0.0622,0.8469,0.0908,-7.5389,-4.1065,0.1015,-5.3595,-2.6974,0.0000,1,0.0908,0.0443,15.3703,0.0008
15.5203,IMM-UKF-LOS,smooth,0.500,10.00,0.050,0,0.600,1,7.4221,35.0795,27.6574,8.9204,0.3600,0.3600,0.0564,6.0000,11.1589,0.0129,6.8747,0.5859,-117.2744,-23.3618,-117.5806,-22.3820,-117.5806,-22.3820,-117.3175,-22.2135,-116.3921,-22.3255,-0.3063,0.9797,-0.3063,0.9797,-0.0432,1.1483,145,0.1500,145,0,0.0622,0.8469,0.0908,-7.6236,-4.1477,0.1018,-5.3602,-2.6959,0.0000,1,0.0908,0.0443,15.3703,0.0008
15.5303,IMM-UKF-LOS,smooth,0.500,10.00,0.050,0,0.600,1,7.3971,35.0922,27.6951,8.9955,0.3600,0.3600,0.0564,6.0000,11.1589,0.0140,7.3589,0.5870,-117.2529,-23.4542,-117.5806,-22.3820,-117.5806,-22.3820,-117.2990,-22.2251,-116.3752,-22.3645,-0.3277,1.0722,-0.3277,1.0722,-0.0461,1.2292,145,0.1600,145,0,0.0622,0.8469,0.0908,-7.7075,-4.1884,0.1019,-5.3609,-2.6945,0.0000,1,0.0908,0.0443,15.3703,0.0008
15.5403,IMM-UKF-LOS,smooth,0.500,10.00,0.050,0,0.600,1,7.3713,32.2470,24.8758,7.2610,0.3600,0.3600,0.0564,6.0000,8.7703,0.0060,4.2882,0.5883,-117.2314,-23.5502,-117.3379,-23.1051,-117.3379,-23.1051,-117.1315,-22.8393,-115.8184,-24.3500,-0.1065,0.4451,-0.1065,0.4451,0.0999,0.7109,146,0.0500,146,0,0.0882,0.8826,0.0292,-7.7907,-4.2286,0.1018,-5.3616,-2.6932,0.0000,1,0.0908,0.0443,15.4911,0.0008
15.5503,IMM-UKF-LOS,smooth,0.500,10.00,0.050,0,0.600,1,7.3446,32.2458,24.9012,7.3269,0.3600,0.3600,0.0564,6.0000,8.7703,0.0073,4.6785,0.5895,-117.2098,-23.6497,-117.3379,-23.1051,-117.3379,-23.1051,-117.1056,-22.8735,-115.7920,-24.4170,-0.1281,0.5446,-0.1281,0.5446,0.1041,0.7761,146,0.0600,146,0,0.0882,0.8826,0.0292,-7.8730,-4.2683,0.1016,-5.3622,-2.6919,0.0000,1,0.0908,0.0443,15.4911,0.0008
15.5603,IMM-UKF-LOS,smooth,0.500,10.00,0.050,0,0.600,1,7.3172,32.2430,24.9258,7.3934,0.3600,0.3600,0.0564,6.0000,8.7703,0.0087,5.0827,0.5908,-117.1880,-23.7527,-117.3379,-23.1051,-117.3379,-23.1051,-117.0798,-22.9089,-115.7656,-24.4849,-0.1499,0.6476,-0.1499,0.6476,0.1082,0.8437,146,0.0700,146,0,0.0882,0.8826,0.0292,-7.9545,-4.3076,0.1011,-5.3628,-2.6907,0.0000,1,0.0908,0.0443,15.4911,0.0008
15.5703,IMM-UKF-LOS,smooth,0.500,10.00,0.050,0,0.600,1,7.2889,32.2385,24.9496,7.4605,0.3600,0.3600,0.0564,6.0000,8.7703,0.0102,5.5014,0.5921,-117.1661,-23.8592,-117.3379,-23.1051,-117.3379,-23.1051,-117.0541,-22.9455,-115.7391,-24.5536,-0.1718,0.7541,-0.1718,0.7541,0.1120,0.9138,146,0.0800,146,0,0.0882,0.8826,0.0292,-8.0352,-4.3465,0.1003,-5.3634,-2.6896,0.0000,1,0.0908,0.0443,15.4911,0.0008
15.5803,IMM-UKF-LOS,smooth,0.500,10.00,0.050,0,0.600,1,7.2599,32.2325,24.9726,7.5282,0.3600,0.3600,0.0564,6.0000,8.7703,0.0118,5.9348,0.5935,-117.1441,-23.9694,-117.3379,-23.1051,-117.3379,-23.1051,-117.0284,-22.9832,-115.7127,-24.6233,-0.1938,0.8643,-0.1938,0.8643,0.1157,0.9862,146,0.0900,146,0,0.0882,0.8826,0.0292,-8.1151,-4.3849,0.0994,-5.3639,-2.6886,0.0000,1,0.0908,0.0443,15.4911,0.0008
15.5903,IMM-UKF-LOS,smooth,0.500,10.00,0.050,0,0.600,1,7.2301,32.2250,24.9949,7.5965,0.3600,0.3600,0.0563,6.0000,8.7703,0.0134,6.3833,0.5949,-117.1219,-24.0833,-117.3379,-23.1051,-117.3379,-23.1051,-117.0028,-23.0220,-115.6861,-24.6938,-0.2160,0.9782,-0.2160,0.9782,0.1192,1.0613,146,0.1000,146,0,0.0882,0.8826,0.0292,-8.1943,-4.4229,0.0982,-5.3644,-2.6876,0.0000,1,0.0898,0.0496,15.4911,-0.0001
15.6003,IMM-UKF-LOS,smooth,0.500,10.00,0.050,0,0.600,1,7.1995,32.2159,25.0164,7.6654,0.3600,0.3600,0.0563,6.0000,8.7703,0.0151,6.8472,0.5963,-117.0996,-24.2008,-117.3379,-23.1051,-117.3379,-23.1051,-116.9772,-23.0619,-115.6596,-24.7651,-0.2383,1.0957,-0.2383,1.0957,0.1224,1.1389,146,0.1100,146,0,0.0882,0.8826,0.0292,-8.2727,-4.4604,0.0967,-5.3648,-2.6868,0.0000,1,0.0898,0.0496,15.4911,-0.0001
15.6103,IMM-UKF-LOS,smooth,0.500,10.00,0.050,0,0.600,1,7.1682,32.2053,25.0371,7.7348,0.3600,0.3600,0.0563,6.0000,8.7703,0.0169,7.3270,0.5978,-117.0772,-24.3220,-117.3379,-23.1051,-117.3379,-23.1051,-116.9517,-23.1028,-115.6331,-24.8371,-0.2606,1.2169,-0.2606,1.2169,0.1255,1.2192,146,0.1200,146,0,0.0882,0.8826,0.0292,-8.3504,-4.4975,0.0950,-5.3652,-2.6860,0.0000,1,0.0898,0.0496,15.4911,-0.0001
15.6203,IMM-UKF-LOS,smooth,0.500,10.00,0.050,0,0.600,1,7.1361,32.1932,25.0571,7.8047,0.3600,0.3600,0.0563,6.0000,8.7703,0.0186,7.8232,0.5993,-117.0547,-24.4470,-117.3379,-23.1051,-117.3379,-23.1051,-116.9263,-23.1448,-115.6065,-24.9099,-0.2831,1.3419,-0.2831,1.3419,0.1285,1.3022,146,0.1300,146,0,0.0882,0.8826,0.0292,-8.4273,-4.5342,0.0929,-5.3656,-2.6852,0.0000,1,0.0898,0.0496,15.4911,-0.0001
15.6303,IMM-UKF-LOS,smooth,0.500,10.00,0.050,0,0.600,1,7.1033,32.1797,25.0764,7.8752,0.3600,0.3600,0.0563,6.0000,8.7703,0.0205,8.3359,0.6009,-117.0321,-24.5757,-117.3379,-23.1051,-117.3379,-23.1051,-116.9009,-23.1878,-115.5798,-24.9834,-0.3058,1.4706,-0.3058,1.4706,0.1312,1.3879,146,0.1400,146,0,0.0882,0.8826,0.0292,-8.5035,-4.5705,0.0905,-5.3659,-2.6846,0.0000,1,0.0898,0.0496,15.4911,-0.0001
15.6403,IMM-UKF-LOS,smooth,0.500,10.00,0.050,0,0.600,1,7.0697,32.3992,25.3294,7.6043,0.3600,0.3600,0.0563,6.0000,8.7928,0.0093,2.4851,0.6025,-117.0094,-24.7083,-117.1219,-24.0833,-117.1219,-24.0833,-117.0441,-24.2941,-116.0057,-28.4087,-0.1126,0.6250,-0.1126,0.6250,-0.0348,0.4142,147,0.0500,147,0,0.0989,0.8654,0.0357,-8.5789,-4.6063,0.0877,-5.3662,-2.6840,0.0000,1,0.0898,0.0496,15.5902,-0.0001
15.6503,IMM-UKF-LOS,smooth,0.500,10.00,0.050,0,0.600,1,7.0354,32.3936,25.3581,7.6740,0.3600,0.3600,0.0563,6.0000,8.7928,0.0114,2.7889,0.6041,-116.9865,-24.8447,-117.1219,-24.0833,-117.1219,-24.0833,-117.0243,-24.3798,-115.9852,-28.5270,-0.1354,0.7614,-0.1354,0.7614,-0.0378,0.4649,147,0.0600,147,0,0.0989,0.8654,0.0357,-8.6536,-4.6417,0.0844,-5.3665,-2.6835,0.0000,1,0.0898,0.0496,15.5902,-0.0001
15.6603,IMM-UKF-LOS,smooth,0.500,10.00,0.050,0,0.600,1,7.0004,32.3866,25.3861,7.7442,0.3600,0.3600,0.0562,6.0000,8.7928,0.0135,3.1098,0.6057,-116.9635,-24.9850,-117.1219,-24.0833,-117.1219,-24.0833,-117.0046,-24.4665,-115.9647,-28.6461,-0.1585,0.9017,-0.1585,0.9017,-0.0411,0.5185,147,0.0700,147,0,0.0989,0.8654,0.0357,-8.7276,-4.6767,0.0807,-5.3667,-2.6830,0.0000,1,0.0898,0.0496,15.5902,-0.0001
15.6703,IMM-UKF-LOS,smooth,0.500,10.00,0.050,0,0.600,1,6.9647,32.3782,25.4134,7.8149,0.3600,0.3600,0.0562,6.0000,8.7928,0.0157,3.4483,0.6074,-116.9404,-25.1292,-117.1219,-24.0833,-117.1219,-24.0833,-116.9849,-24.5542,-115.9442,-28.7658,-0.1816,1.0459,-0.1816,1.0459,-0.0445,0.5750,147,0.0800,147,0,0.0989,0.8654,0.0357,-8.8008,-4.7113,0.0765,-5.3669,-2.6827,0.0000,1,0.0898,0.0496,15.5902,-0.0001
15.6803,IMM-UKF-LOS,smooth,0.500,10.00,0.050,0,0.600,1,6.9283,32.3684,25.4400,7.8862,0.3600,0.3600,0.0562,6.0000,8.7928,0.0180,3.8048,0.6091,-116.9171,-25.2774,-117.1219,-24.0833,-117.1219,-24.0833,-116.9653,-24.6429,-115.9237,-28.8862,-0.2048,1.1941,-0.2048,1.1941,-0.0482,0.6345,147,0.0900,147,0,0.0989,0.8654,0.0357,-8.8733,-4.7455,0.0717,-5.3670,-2.6824,0.0000,1,0.0854,0.0445,15.5902,0.0007
15.6903,IMM-UKF-LOS,smooth,0.500,10.00,0.050,0,0.600,1,6.8912,32.3572,25.4660,7.9579,0.3600,0.3600,0.0562,6.0000,8.7928,0.0205,4.1798,0.6109,-116.8937,-25.4296,-117.1219,-24.0833,-117.1219,-24.0833,-116.9457,-24.7325,-115.9032,-29.0069,-0.2282,1.3463,-0.2282,1.3463,-0.0520,0.6971,147,0.1000,147,0,0.0989,0.8654,0.0357,-8.9452,-4.7793,0.0661,-5.3671,-2.6822,0.0000,1,0.0854,0.0445,15.5902,0.0007
15.7003,IMM-UKF-LOS,smooth,0.500,10.00,0.050,0,0.600,1,6.8535,32.3447,25.4912,8.0302,0.3600,0.3600,0.0562,6.0000,8.7928,0.0229,4.5736,0.6127,-116.8703,-25.5858,-117.1219,-24.0833,-117.1219,-24.0833,-116.9262,-24.8230,-115.8827,-29.1280,-0.2517,1.5025,-0.2517,1.5025,-0.0560,0.7628,147,0.1100,147,0,0.0989,0.8654,0.0357,-9.0163,-4.8127,0.0597,-5.3672,-2.6821,0.0000,1,0.0854,0.0445,15.5902,0.0007
15.7103,IMM-UKF-LOS,smooth,0.500,10.00,0.050,0,0.600,1,6.8150,32.3308,25.5158,8.1030,0.3600,0.3600,0.0562,6.0000,8.7928,0.0254,4.9870,0.6146,-116.8467,-25.7460,-117.1219,-24.0833,-117.1219,-24.0833,-116.9068,-24.9142,-115.8622,-29.2490,-0.2752,1.6627,-0.2752,1.6627,-0.0601,0.8318,147,0.1200,147,0,0.0989,0.8654,0.0357,-9.0866,-4.8456,0.0522,-5.3672,-2.6820,0.0000,1,0.0854,0.0445,15.5902,0.0007
15.7203,IMM-UKF-LOS,smooth,0.500,10.00,0.050,0,0.600,1,6.7759,32.3155,25.5397,8.1762,0.3600,0.3600,0.0561,6.0000,8.7928,0.0281,5.4205,0.6165,-116.8229,-25.9101,-117.1219,-24.0833,-117.1219,-24.0833,-116.8874,-25.0060,-115.8417,-29.3697,-0.2990,1.8269,-0.2990,1.8269,-0.0645,0.9041,147,0.1300,147,0,0.0989,0.8654,0.0357,-9.1563,-4.8782,0.0433,-5.3672,-2.6820,0.0000,1,0.0854,0.0445,15.5902,0.0007
15.7303,IMM-UKF-LOS,smooth,0.500,10.00,0.050,0,0.600,1,6.7361,31.0339,24.2978,6.4669,0.3600,0.3600,0.0561,6.0000,7.7357,0.0129,4.3936,0.6184,-116.7991,-26.0782,-116.9171,-25.2774,-116.9171,-25.2774,-116.7090,-25.3483,-115.2040,-30.4656,-0.1180,0.8008,-0.1180,0.8008,0.0901,0.7299,148,0.0500,148,0,0.1402,0.8366,0.0232,-9.2252,-4.9104,0.0326,-5.3672,-2.6821,0.0000,1,0.0854,0.0445,15.6810,0.0007
15.7403,IMM-UKF-LOS,smooth,0.500,10.00,0.050,0,0.600,1,6.6956,31.0113,24.3157,6.5265,0.3600,0.3600,0.0561,6.0000,7.7357,0.0157,4.8115,0.6204,-116.7751,-26.2502,-116.9171,-25.2774,-116.9171,-25.2774,-116.6813,-25.4504,-115.1720,-30.5987,-0.1420,0.9727,-0.1420,0.9727,0.0939,0.7998,148,0.0600,148,0,0.1402,0.8366,0.0232,-9.2933,-4.9421,0.0193,-5.3671,-2.6823,0.0000,1,0.0854,0.0445,15.6810,0.0007
15.7503,IMM-UKF-LOS,smooth,0.500,10.00,0.050,0,0.600,1,6.6544,30.9873,24.3328,6.5868,0.3600,0.3600,0.0561,6.0000,7.7357,0.0187,5.2485,0.6224,-116.7510,-26.4257,-116.9171,-25.2774,-116.9171,-25.2774,-116.6535,-25.5528,-115.1397,-30.7289,-0.1661,1.1482,-0.1661,1.1482,0.0975,0.8729,148,0.0700,148,0,0.1402,0.8366,0.0232,-9.3604,-4.9732,0.0019,-5.3669,-2.6825,0.0000,1,0.0854,0.0445,15.6810,0.0007
15.7603,IMM-UKF-LOS,smooth,0.500,10.00,0.050,0,0.600,1,6.6126,30.9618,24.3492,6.6477,0.3600,0.3600,0.0561,6.0000,7.7357,0.0217,5.7060,0.6245,-116.7268,-26.6042,-116.9171,-25.2774,-116.9171,-25.2774,-116.6258,-25.6549,-115.1075,-30.8524,-0.1903,1.3268,-0.1903,1.3268,0.1010,0.9494,148,0.0800,148,0,0.1402,0.8366,0.0232,-9.4260,-5.0036,-0.0229,-5.3668,-2.6828,0.0000,1,0.0854,0.0445,15.6810,0.0007
15.7703,IMM-UKF-LOS,smooth,0.500,10.00,0.050,0,0.600,1,6.5700,30.9345,24.3644,6.7092,0.3600,0.3600,0.0560,6.0000,7.7357,0.0249,6.1883,0.6266,-116.7024,-26.7844,-116.9171,-25.2774,-116.9171,-25.2774,-116.5981,-25.7543,-115.0752,-30.9563,-0.2147,1.5069,-0.2147,1.5069,0.1044,1.0301,148,0.0900,148,0,0.1402,0.8366,0.0232,-9.4877,-5.0320,-0.0666,-5.3666,-2.6832,0.0000,1,0.0927,0.0450,15.6810,-0.0006
15.7803,IMM-UKF-LOS,smooth,0.500,10.00,0.050,0,0.600,1,6.5269,30.9082,24.3813,6.7713,0.3600,0.3600,0.0560,6.0000,7.7357,0.0282,6.7581,0.6289,-116.6780,-26.9543,-116.9171,-25.2774,-116.9171,-25.2774,-116.5704,-25.8289,-115.0459,-30.9051,-0.2392,1.6769,-0.2392,1.6769,0.1076,1.1254,148,0.1000,148,0,0.1402,0.8366,0.0232,-9.4767,-5.0238,-0.2195,-5.3664,-2.6837,0.0000,1,0.0927,0.0450,15.6810,-0.0006
15.7903,IMM-UKF-LOS,smooth,0.500,10.00,0.050,0,0.600,1,6.4859,30.9093,24.4234,6.8339,0.3600,0.3600,0.0560,6.0000,7.7357,0.0315,7.2941,0.6311,-116.6534,-27.1135,-116.9171,-25.2774,-116.9171,-25.2774,-116.5428,-25.8985,-115.0252,-30.8231,-0.2637,1.8361,-0.2637,1.8361,0.1106,1.2150,148,0.1100,148,0,0.1402,0.8366,0.0232,-9.2569,-4.9111,-0.2585,-5.3661,-2.6842,0.0000,1,0.0927,0.0450,15.6810,-0.0006
15.8003,IMM-UKF-LOS,smooth,0.500,10.00,0.050,0,0.600,1,6.4471,30.9162,24.4691,6.8972,0.3600,0.3600,0.0560,6.0000,7.7357,0.0350,7.7769,0.6333,-116.6286,-27.2636,-116.9171,-25.2774,-116.9171,-25.2774,-116.5152,-25.9678,-115.0052,-30.7614,-0.2885,1.9862,-0.2885,1.9862,0.1134,1.2958,148,0.1200,148,0,0.1402,0.8366,0.0232,-9.0347,-4.7973,-0.2704,-5.3658,-2.6849,0.0000,1,0.0927,0.0450,15.6810,-0.0006
15.8103,IMM-UKF-LOS,smooth,0.500,10.00,0.050,0,0.600,1,6.4106,30.9281,24.5175,6.9610,0.3600,0.3600,0.0560,6.0000,7.7357,0.0384,8.2235,0.6353,-116.6038,-27.4049,-116.9171,-25.2774,-116.9171,-25.2774,-116.4877,-26.0345,-114.9857,-30.7036,-0.3133,2.1275,-0.3133,2.1275,0.1161,1.3704,148,0.1300,148,0,0.1402,0.8366,0.0232,-8.8121,-4.6834,-0.2736,-5.3654,-2.6855,0.0000,1,0.0927,0.0450,15.6810,-0.0006
15.8203,IMM-UKF-LOS,smooth,0.500,10.00,0.050,0,0.600,1,6.3763,31.0935,24.7172,6.8732,0.3600,0.3600,0.0559,6.0000,8.2723,0.0168,1.6435,0.6372,-116.5790,-27.5376,-116.7024,-26.7844,-116.7024,-26.7844,-116.6197,-27.2652,-115.4034,-34.1670,-0.1235,0.7532,-0.1235,0.7532,-0.0407,0.2723,149,0.0500,149,0,0.1598,0.8022,0.0380,-8.5896,-4.5695,-0.2725,-5.3650,-2.6863,0.0000,1,0.0927,0.0450,15.7696,-0.0006
15.8303,IMM-UKF-LOS,smooth,0.500,10.00,0.050,0,0.600,1,6.3442,31.0953,24.7511,6.9369,0.3600,0.3600,0.0559,6.0000,8.2723,0.0203,1.6461,0.6389,-116.5541,-27.6614,-116.7024,-26.7844,-116.7024,-26.7844,-116.5976,-27.3890,-115.3863,-34.1628,-0.1484,0.8771,-0.1484,0.8771,-0.0435,0.2724,149,0.0600,149,0,0.1598,0.8022,0.0380,-8.3670,-4.4557,-0.2686,-5.3646,-2.6872,0.0000,1,0.0927,0.0450,15.7696,-0.0006
15.8403,IMM-UKF-LOS,smooth,0.500,10.00,0.050,0,0.600,1,6.3145,31.1019,24.7874,7.0012,0.3600,0.3600,0.0559,6.0000,8.2723,0.0237,1.6195,0.6405,-116.5292,-27.7765,-116.7024,-26.7844,-116.7024,-26.7844,-116.5754,-27.5089,-115.3696,-34.1554,-0.1732,0.9921,-0.1732,0.9921,-0.0462,0.2676,149,0.0700,149,0,0.1598,0.8022,0.0380,-8.1445,-4.3419,-0.2628,-5.3642,-2.6881,0.0000,1,0.0927,0.0450,15.7696,-0.0006
15.8503,IMM-UKF-LOS,smooth,0.500,10.00,0.050,0,0.600,1,6.2870,31.1131,24.8261,7.0661,0.3600,0.3600,0.0559,6.0000,8.2723,0.0271,1.5634,0.6420,-116.5045,-27.8825,-116.7024,-26.7844,-116.7024,-26.7844,-116.5534,-27.6248,-115.3533,-34.1443,-0.1980,1.0981,-0.1980,1.0981,-0.0489,0.2577,149,0.0800,149,0,0.1598,0.8022,0.0380,-7.9220,-4.2282,-0.2556,-5.3637,-2.6891,0.0000,1,0.0927,0.0450,15.7696,-0.0006
15.8603,IMM-UKF-LOS,smooth,0.500,10.00,0.050,0,0.600,1,6.2618,31.1290,24.8672,7.1315,0.3600,0.3600,0.0559,6.0000,8.2723,0.0305,1.4770,0.6435,-116.4798,-27.9794,-116.7024,-26.7844,-116.7024,-26.7844,-116.5314,-27.7367,-115.3374,-34.1293,-0.2227,1.1950,-0.2227,1.1950,-0.0516,0.2426,149,0.0900,149,0,0.1598,0.8022,0.0380,-7.6994,-4.1146,-0.2473,-5.3631,-2.6901,0.0000,1,0.0927,0.0450,15.7696,-0.0006
15.8703,IMM-UKF-LOS,smooth,0.500,10.00,0.050,0,0.600,1,6.2388,31.1495,24.9107,7.1974,0.3600,0.3600,0.0559,6.0000,8.2723,0.0338,1.3601,0.6448,-116.4553,-28.0669,-116.7024,-26.7844,-116.7024,-26.7844,-116.5095,-27.8447,-115.3219,-34.1106,-0.2471,1.2826,-0.2471,1.2826,-0.0542,0.2223,149,0.1000,149,0,0.1598,0.8022,0.0380,-7.4769,-4.0010,-0.2380,-5.3626,-2.6913,0.0000,1,0.0829,0.0514,15.7696,0.0006
15.8803,IMM-UKF-LOS,smooth,0.500,10.00,0.050,0,0.600,1,6.2181,31.1747,24.9566,7.2639,0.3600,0.3600,0.0559,6.0000,8.2723,0.0373,1.2129,0.6460,-116.4309,-28.1451,-116.7024,-26.7844,-116.7024,-26.7844,-116.4876,-27.9486,-115.3068,-34.0879,-0.2715,1.3608,-0.2715,1.3608,-0.0567,0.1965,149,0.1100,149,0,0.1598,0.8022,0.0380,-7.2544,-3.8875,-0.2279,-5.3619,-2.6925,0.0000,1,0.0829,0.0514,15.7696,0.0006
15.8903,IMM-UKF-LOS,smooth,0.500,10.00,0.050,0,0.600,1,6.1997,31.2045,25.0049,7.3309,0.3600,0.3600,0.0559,6.0000,8.2723,0.0407,1.0359,0.6471,-116.4068,-28.2138,-116.7024,-26.7844,-116.7024,-26.7844,-116.4658,-28.0486,-115.2921,-34.0613,-0.2956,1.4294,-0.2956,1.4294,-0.0590,0.1652,149,0.1200,149,0,0.1598,0.8022,0.0380,-7.0319,-3.7740,-0.2170,-5.3613,-2.6938,0.0000,1,0.0829,0.0514,15.7696,0.0006
15.9003,IMM-UKF-LOS,smooth,0.500,10.00,0.050,0,0.600,1,6.1835,31.2390,25.0555,7.3985,0.3600,0.3600,0.0559,6.0000,8.2723,0.0442,0.8322,0.6481,-116.3830,-28.2728,-116.7024,-26.7844,-116.7024,-26.7844,-116.4441,-28.1445,-115.2779,-34.0309,-0.3195,1.4884,-0.3195,1.4884,-0.0611,0.1282,149,0.1300,149,0,0.1598,0.8022,0.0380,-6.8094,-3.6606,-0.2056,-5.3606,-2.6952,0.0000,1,0.0829,0.0514,15.7696,0.0006
15.9103,IMM-UKF-LOS,smooth,0.500,10.00,0.050,0,0.600,1,6.1696,31.2781,25.1085,7.4666,0.3600,0.3600,0.0558,6.0000,8.2723,0.0476,0.6107,0.6490,-116.3594,-28.3220,-116.7024,-26.7844,-116.7024,-26.7844,-116.4225,-28.2364,-115.2640,-33.9967,-0.3430,1.5377,-0.3430,1.5377,-0.0631,0.0856,149,0.1400,149,0,0.1598,0.8022,0.0380,-6.5869,-3.5472,-0.1935,-5.3599,-2.6966,0.0000,1,0.0829,0.0514,15.7696,0.0006
15.9203,IMM-UKF-LOS,smooth,0.500,10.00,0.050,0,0.600,1,6.1579,31.3218,25.1639,7.5351,0.3600,0.3600,0.0558,6.0000,8.2723,0.0511,0.4077,0.6498,-116.3362,-28.3615,-116.7024,-26.7844,-116.7024,-26.7844,-116.4011,-28.3243,-115.2506,-33.9587,-0.3662,1.5771,-0.3662,1.5771,-0.0648,0.0373,149,0.1500,149,0,0.1598,0.8022,0.0380,-6.3644,-3.4339,-0.1809,-5.3591,-2.6981,0.0000,1,0.0829,0.0514,15.7696,0.0006
15.9303,IMM-UKF-LOS,smooth,0.500,10.00,0.050,0,0.600,1,6.1485,31.0525,24.9040,6.3614,0.3600,0.3600,0.0558,6.0000,8.1366,0.0215,1.0260,0.6506,-116.3134,-28.3911,-116.4553,-28.0669,-116.4553,-28.0669,-116.2657,-28.5574,-114.8514,-34.1432,-0.1419,0.3242,-0.1419,0.3242,0.0477,-0.1663,150,0.0600,150,0,0.2217,0.7407,0.0376,-6.1420,-3.3206,-0.1678,-5.3583,-2.6997,0.0000,1,0.0829,0.0514,15.8708,0.0006
15.9403,IMM-UKF-LOS,smooth,0.500,10.00,0.050,0,0.600,1,6.1414,31.0810,24.9396,6.4195,0.3600,0.3600,0.0558,6.0000,8.1366,0.0252,1.5045,0.6512,-116.2910,-28.4108,-116.4553,-28.0669,-116.4553,-28.0669,-116.2388,-28.6581,-114.8336,-34.1201,-0.1643,0.3439,-0.1643,0.3439,0.0522,-0.2473,150,0.0700,150,0,0.2217,0.7407,0.0376,-5.9197,-3.2075,-0.1541,-5.3575,-2.7014,0.0000,1,0.0829,0.0514,15.8708,0.0006
15.9503,IMM-UKF-LOS,smooth,0.500,10.00,0.050,0,0.600,1,6.1365,31.1139,24.9774,6.4783,0.3600,0.3600,0.0558,6.0000,8.1366,0.0288,2.0211,0.6517,-116.2690,-28.4207,-116.4553,-28.0669,-116.4553,-28.0669,-116.2120,-28.7549,-114.8163,-34.0945,-0.1863,0.3538,-0.1863,0.3538,0.0570,-0.3341,150,0.0800,150,0,0.2217,0.7407,0.0376,-5.6997,-3.0956,-0.1402,-5.3566,-2.7031,0.0000,1,0.0829,0.0514,15.8708,0.0006
15.9603,IMM-UKF-LOS,smooth,0.500,10.00,0.050,0,0.600,1,6.1338,31.1512,25.0174,6.5376,0.3600,0.3600,0.0558,6.0000,8.1366,0.0324,2.5740,0.6522,-116.2477,-28.4210,-116.4553,-28.0669,-116.4553,-28.0669,-116.1854,-28.8477,-114.7993,-34.0663,-0.2076,0.3540,-0.2076,0.3540,0.0623,-0.4268,150,0.0900,150,0,0.2217,0.7407,0.0376,-5.4818,-2.9848,-0.1258,-5.3557,-2.7049,0.0000,1,0.1088,0.0422,15.8708,-0.0013
15.9703,IMM-UKF-LOS,smooth,0.500,10.00,0.050,0,0.600,1,6.1333,31.1927,25.0594,6.5976,0.3600,0.3600,0.0558,6.0000,8.1366,0.0360,3.1618,0.6525,-116.2267,-28.4116,-116.4553,-28.0669,-116.4553,-28.0669,-116.1589,-28.9368,-114.7827,-34.0357,-0.2286,0.3447,-0.2286,0.3447,0.0678,-0.5252,150,0.1000,150,0,0.2217,0.7407,0.0376,-5.2662,-2.8752,-0.1112,-5.3547,-2.7068,0.0000,1,0.1088,0.0422,15.8708,-0.0013
15.9803,IMM-UKF-LOS,smooth,0.500,10.00,0.050,0,0.600,1,6.1350,31.2386,25.1035,6.6581,0.3600,0.3600,0.0558,6.0000,8.1366,0.0396,3.7840,0.6527,-116.2064,-28.3928,-116.4553,-28.0669,-116.4553,-28.0669,-116.1326,-29.0220,-114.7666,-34.0029,-0.2489,0.3259,-0.2489,0.3259,0.0738,-0.6292,150,0.1100,150,0,0.2217,0.7407,0.0376,-5.0528,-2.7667,-0.0962,-5.3537,-2.7088,0.0000,1,0.1088,0.0422,15.8708,-0.0013
15.9903,IMM-UKF-LOS,smooth,0.500,10.00,0.050,0,0.600,1,6.1389,31.2885,25.1497,6.7191,0.3600,0.3600,0.0558,6.0000,8.1366,0.0432,4.4396,0.6529,-116.1866,-28.3648,-116.4553,-28.0669,-116.4553,-28.0669,-116.1064,-29.1036,-114.7508,-33.9678,-0.2687,0.2978,-0.2687,0.2978,0.0802,-0.7388,150,0.1200,150,0,0.2217,0.7407,0.0376,-4.8415,-2.6594,-0.0809,-5.3527,-2.7108,0.0000,1,0.1088,0.0422,15.8708,-0.0013
16.0003,IMM-UKF-LOS,smooth,0.500,10.00,0.050,0,0.600,1,6.1448,31.3426,25.1978,6.7808,0.3600,0.3600,0.0558,6.0000,8.1366,0.0469,5.1281,0.6530,-116.1674,-28.3277,-116.4553,-28.0669,-116.4553,-28.0669,-116.0804,-29.1814,-114.7354,-33.9307,-0.2878,0.2607,-0.2878,0.2607,0.0870,-0.8538,150,0.1300,150,0,0.2217,0.7407,0.0376,-4.6323,-2.5532,-0.0652,-5.3516,-2.7129,0.0000,1,0.1088,0.0422,15.8708,-0.0013
16.0103,IMM-UKF-LOS,smooth,0.500,10.00,0.050,0,0.600,1,6.1529,30.8198,24.6669,6.5697,0.3600,0.3600,0.0559,6.0000,7.5809,0.0184,4.2187,0.6529,-116.1489,-28.2816,-116.2477,-28.4210,-116.2477,-28.4210,-116.1341,-28.9867,-115.0189,-32.9421,-0.0987,-0.1393,-0.0987,-0.1393,0.0148,-0.7051,151,0.0500,151,0,0.3048,0.6574,0.0378,-4.4253,-2.4480,-0.0493,-5.3505,-2.7151,0.0000,1,0.1088,0.0422,15.9589,-0.0013
16.0203,IMM-UKF-LOS,smooth,0.500,10.00,0.050,0,0.600,1,6.1632,30.8608,24.6976,6.6305,0.3600,0.3600,0.0559,6.0000,7.5809,0.0220,4.9756,0.6528,-116.1310,-28.2270,-116.2477,-28.4210,-116.2477,-28.4210,-116.1121,-29.0585,-115.0058,-32.9069,-0.1166,-0.1940,-0.1166,-0.1940,0.0189,-0.8315,151,0.0600,151,0,0.3048,0.6574,0.0378,-4.2203,-2.3440,-0.0329,-5.3494,-2.7174,0.0000,1,0.1088,0.0422,15.9589,-0.0013
16.0303,IMM-UKF-LOS,smooth,0.500,10.00,0.050,0,0.600,1,6.1755,30.9058,24.7304,6.6918,0.3600,0.3600,0.0559,6.0000,7.5809,0.0256,5.7614,0.6525,-116.1139,-28.1639,-116.2477,-28.4210,-116.2477,-28.4210,-116.0903,-29.1267,-114.9930,-32.8697,-0.1338,-0.2571,-0.1338,-0.2571,0.0236,-0.9628,151,0.0700,151,0,0.3048,0.6574,0.0378,-4.0175,-2.2411,-0.0161,-5.3482,-2.7197,0.0000,1,0.1088,0.0422,15.9589,-0.0013
16.0403,IMM-UKF-LOS,smooth,0.500,10.00,0.050,0,0.600,1,6.1898,30.9549,24.7650,6.7537,0.3600,0.3600,0.0559,6.0000,7.5809,0.0292,6.5751,0.6522,-116.0974,-28.0926,-116.2477,-28.4210,-116.2477,-28.4210,-116.0686,-29.1913,-114.9806,-32.8307,-0.1503,-0.3284,-0.1503,-0.3284,0.0288,-1.0987,151,0.0800,151,0,0.3048,0.6574,0.0378,-3.8167,-2.1392,0.0011,-5.3470,-2.7221,0.0000,1,0.1088,0.0422,15.9589,-0.0013
16.0503,IMM-UKF-LOS,smooth,0.500,10.00,0.050,0,0.600,1,6.2063,31.0079,24.8017,6.8161,0.3600,0.3600,0.0559,6.0000,7.5809,0.0329,7.4156,0.6518,-116.0816,-28.0134,-116.2477,-28.4210,-116.2477,-28.4210,-116.0471,-29.2525,-114.9684,-32.7900,-0.1661,-0.4076,-0.1661,-0.4076,0.0345,-1.2391,151,0.0900,151,0,0.3048,0.6574,0.0378,-3.6179,-2.0384,0.0187,-5.3457,-2.7246,0.0000,1,0.1088,0.0422,15.9589,-0.0013
16.0603,IMM-UKF-LOS,smooth,0.500,10.00,0.050,0,0.600,1,6.2247,31.0649,24.8401,6.8791,0.3600,0.3600,0.0559,6.0000,7.5809,0.0364,8.2817,0.6513,-116.0666,-27.9266,-116.2477,-28.4210,-116.2477,-28.4210,-116.0257,-29.3103,-114.9566,-32.7477,-0.1811,-0.4944,-0.1811,-0.4944,0.0408,-1.3837,151,0.1000,151,0,0.3048,0.6574,0.0378,-3.4212,-1.9387,0.0369,-5.3444,-2.7271,0.0000,1,0.1088,0.0422,15.9589,-0.0013
16.0703,IMM-UKF-LOS,smooth,0.500,10.00,0.050,0,0.600,1,6.2452,31.1257,24.8805,6.9425,0.3600,0.3600,0.0559,6.0000,7.5809,0.0401,9.1722,0.6506,-116.0522,-27.8324,-116.2477,-28.4210,-116.2477,-28.4210,-116.0046,-29.3648,-114.9450,-32.7042,-0.1954,-0.5885,-0.1954,-0.5885,0.0476,-1.5324,151,0.1100,151,0,0.3048,0.6574,0.0378,-3.2266,-1.8400,0.0557,-5.3431,-2.7298,0.0000,1,0.0965,0.0495,15.9589,0.0007
16.0803,IMM-UKF-LOS,smooth,0.500,10.00,0.050,0,0.600,1,6.2677,31.1903,24.9226,7.0065,0.3600,0.3600,0.0559,6.0000,7.5809,0.0436,10.0859,0.6499,-116.0387,-27.7313,-116.2477,-28.4210,-116.2477,-28.4210,-115.9836,-29.4162,-114.9338,-32.6595,-0.2089,-0.6897,-0.2089,-0.6897,0.0551,-1.6849,151,0.1200,151,0,0.3048,0.6574,0.0378,-3.0339,-1.7424,0.0753,-5.3417,-2.7325,0.0000,1,0.0965,0.0495,15.9589,0.0007
16.0903,IMM-UKF-LOS,smooth,0.500,10.00,0.050,0,0.600,1,6.2923,31.2588,24.9665,7.0709,0.3600,0.3600,0.0560,6.0000,7.5809,0.0472,11.0216,0.6491,-116.0259,-27.6235,-116.2477,-28.4210,-116.2477,-28.4210,-115.9629,-29.4645,-114.9229,-32.6139,-0.2217,-0.7975,-0.2217,-0.7975,0.0631,-1.8410,151,0.1300,151,0,0.3048,0.6574,0.0378,-2.8433,-1.6458,0.0956,-5.3403,-2.7352,0.0000,1,0.0965,0.0495,15.9589,0.0007
16.1003,IMM-UKF-LOS,smooth,0.500,10.00,0.050,0,0.600,1,6.3188,31.3309,25.0121,7.1359,0.3600,0.3600,0.0560,6.0000,7.5809,0.0506,11.9780,0.6481,-116.0140,-27.5094,-116.2477,-28.4210,-116.2477,-28.4210,-115.9423,-29.5100,-114.9123,-32.5677,-0.2337,-0.9116,-0.2337,-0.9116,0.0716,-2.0006,151,0.1400,151,0,0.3048,0.6574,0.0378,-2.6548,-1.5502,0.1170,-5.3388,-2.7381,0.0000,1,0.0965,0.0495,15.9589,0.0007
16.1103,IMM-UKF-LOS,smooth,0.500,10.00,0.050,0,0.600,1,6.3473,31.4068,25.0595,7.2013,0.3600,0.3600,0.0560,6.0000,7.5809,0.0541,12.9539,0.6471,-116.0028,-27.3893,-116.2477,-28.4210,-116.2477,-28.4210,-115.9220,-29.5527,-114.9019,-32.5214,-0.2449,-1.0316,-0.2449,-1.0316,0.0808,-2.1633,151,0.1500,151,0,0.3048,0.6574,0.0378,-2.4683,-1.4557,0.1398,-5.3373,-2.7410,0.0000,1,0.0965,0.0495,15.9589,0.0007
16.1203,IMM-UKF-LOS,smooth,0.500,10.00,0.050,0,0.600,1,6.3778,31.1767,24.7989,7.2437,0.3600,0.3600,0.0560,6.0000,8.0742,0.0176,5.6473,0.6459,-115.9924,-27.2638,-116.0522,-27.8324,-116.0522,-27.8324,-115.9176,-28.2054,-115.0358,-28.1969,-0.0598,-0.5686,-0.0598,-0.5686,0.0749,-0.9416,152,0.0500,152,0,0.3084,0.6345,0.0570,-2.2838,-1.3623,0.1642,-5.3358,-2.7440,0.0000,1,0.0965,0.0495,16.0709,0.0007
16.1303,IMM-UKF-LOS,smooth,0.500,10.00,0.050,0,0.600,1,6.4102,31.2447,24.8345,7.3095,0.3600,0.3600,0.0559,6.0000,8.0742,0.0175,6.3820,0.6439,-115.9836,-27.1333,-116.0522,-27.8324,-116.0522,-27.8324,-115.8988,-28.1974,-115.0267,-28.1283,-0.0687,-0.6992,-0.0687,-0.6992,0.0848,-1.0641,152,0.0600,152,0,0.3084,0.6345,0.0570,-2.1016,-1.2700,0.1909,-5.3342,-2.7471,0.0000,1,0.0965,0.0495,16.0709,0.0007
16.1403,IMM-UKF-LOS,smooth,0.500,10.00,0.050,0,0.600,1,6.4446,31.3166,24.8720,7.3758,0.3600,0.3600,0.0557,6.0000,8.0742,0.0178,7.1311,0.6418,-115.9755,-26.9983,-116.0522,-27.8324,-116.0522,-27.8324,-115.8802,-28.1872,-115.0178,-28.0620,-0.0768,-0.8342,-0.0768,-0.8342,0.0953,-1.1889,152,0.0700,152,0,0.3084,0.6345,0.0570,-1.9218,-1.1789,0.2210,-5.3326,-2.7502,0.0000,1,0.0965,0.0495,16.0709,0.0007
16.1503,IMM-UKF-LOS,smooth,0.500,10.00,0.050,0,0.600,1,6.4810,31.3923,24.9113,7.4425,0.3600,0.3600,0.0556,6.0000,8.0742,0.0182,7.8932,0.6397,-115.9682,-26.8596,-116.0522,-27.8324,-116.0522,-27.8324,-115.8619,-28.1755,-115.0092,-28.0000,-0.0841,-0.9729,-0.0841,-0.9729,0.1063,-1.3159,152,0.0800,152,0,0.3084,0.6345,0.0570,-1.7447,-1.0891,0.2565,-5.3309,-2.7534,0.0000,1,0.0965,0.0495,16.0709,0.0007
16.1603,IMM-UKF-LOS,smooth,0.500,10.00,0.050,0,0.600,1,6.5193,31.4719,24.9525,7.5097,0.3600,0.3600,0.0555,6.0000,8.0742,0.0192,8.6683,0.6373,-115.9617,-26.7184,-116.0522,-27.8324,-116.0522,-27.8324,-115.8438,-28.1633,-115.0007,-27.9475,-0.0905,-1.1141,-0.0905,-1.1141,0.1179,-1.4450,152,0.0900,152,0,0.3084,0.6345,0.0570,-1.5718,-1.0015,0.3022,-5.3292,-2.7567,0.0000,1,0.0965,0.0495,16.0709,0.0007
16.1703,IMM-UKF-LOS,smooth,0.500,10.00,0.050,0,0.600,1,6.5597,31.5555,24.9959,7.5774,0.3600,0.3600,0.0553,6.0000,8.0742,0.0204,9.4629,0.6348,-115.9559,-26.5773,-116.0522,-27.8324,-116.0522,-27.8324,-115.8259,-28.1546,-114.9923,-27.9223,-0.0963,-1.2551,-0.0963,-1.2551,0.1300,-1.5773,152,0.1000,152,0,0.3084,0.6345,0.0570,-1.4094,-0.9191,0.3743,-5.3275,-2.7601,0.0000,1,0.1156,0.0581,16.0709,0.0010
16.1803,IMM-UKF-LOS,smooth,0.500,10.00,0.050,0,0.600,1,6.6011,31.6338,25.0327,7.6456,0.3600,0.3600,0.0552,6.0000,8.0742,0.0221,10.3612,0.6321,-115.9509,-26.4505,-116.0522,-27.8324,-116.0522,-27.8324,-115.8080,-28.1774,-114.9803,-28.0589,-0.1014,-1.3819,-0.1014,-1.3819,0.1428,-1.7269,152,0.1100,152,0,0.3084,0.6345,0.0570,-1.3832,-0.9039,0.5500,-5.3257,-2.7635,0.0000,1,0.1156,0.0581,16.0709,0.0010
16.1903,IMM-UKF-LOS,smooth,0.500,10.00,0.050,0,0.600,1,6.6413,31.6865,25.0452,7.7143,0.3600,0.3600,0.0551,6.0000,8.0742,0.0240,11.1830,0.6295,-115.9463,-26.3341,-116.0522,-27.8324,-116.0522,-27.8324,-115.7899,-28.1978,-114.9635,-28.1641,-0.1059,-1.4983,-0.1059,-1.4983,0.1564,-1.8636,152,0.1200,152,0,0.3084,0.6345,0.0570,-1.5266,-0.9725,0.5854,-5.3239,-2.7670,0.0000,1,0.1156,0.0581,16.0709,0.0010
16.2003,IMM-UKF-LOS,smooth,0.500,10.00,0.050,0,0.600,1,6.6801,31.7342,25.0542,7.7835,0.3600,0.3600,0.0549,6.0000,8.0742,0.0259,11.9421,0.6269,-115.9423,-26.2254,-116.0522,-27.8324,-116.0522,-27.8324,-115.7718,-28.2152,-114.9465,-28.2435,-0.1099,-1.6070,-0.1099,-1.6070,0.1705,-1.9898,152,0.1300,152,0,0.3084,0.6345,0.0570,-1.6726,-1.0424,0.5868,-5.3220,-2.7706,0.0000,1,0.1156,0.0581,16.0709,0.0010
16.2103,IMM-UKF-LOS,smooth,0.500,10.00,0.050,0,0.600,1,6.7174,31.7786,25.0612,7.8531,0.3600,0.3600,0.0548,6.0000,8.0742,0.0280,12.6626,0.6245,-115.9389,-26.1232,-116.0522,-27.8324,-116.0522,-27.8324,-115.7537,-28.2327,-114.9293,-28.3140,-0.1134,-1.7092,-0.1134,-1.7092,0.1851,-2.1095,152,0.1400,152,0,0.3084,0.6345,0.0570,-1.8172,-1.1116,0.5765,-5.3201,-2.7742,0.0000,1,0.1156,0.0581,16.0709,0.0010
16.2203,IMM-UKF-LOS,smooth,0.500,10.00,0.050,0,0.600,1,6.7533,31.8199,25.0667,7.9231,0.3600,0.3600,0.0547,6.0000,8.0742,0.0299,13.3532,0.6221,-115.9359,-26.0268,-116.0522,-27.8324,-116.0522,-27.8324,-115.7358,-28.2509,-114.9120,-28.3804,-0.1163,-1.8057,-0.1163,-1.8057,0.2001,-2.2241,152,0.1500,152,0,0.3084,0.6345,0.0570,-1.9601,-1.1801,0.5604,-5.3182,-2.7779,0.0000,1,0.1156,0.0581,16.0709,0.0010
16.2303,IMM-UKF-LOS,smooth,0.500,10.00,0.050,0,0.600,1,6.7876,27.9456,21.1580,6.0941,0.3600,0.3600,0.0545,6.0000,5.5639,0.0155,8.8817,0.6199,-115.9335,-25.9357,-115.9559,-26.5773,-115.9559,-26.5773,-116.0140,-27.4184,-115.7737,-26.2811,-0.0224,-0.6416,-0.0224,-0.6416,-0.0805,-1.4827,153,0.0600,153,0,0.3241,0.6131,0.0628,-2.1014,-1.2478,0.5409,-5.3162,-2.7817,0.0000,1,0.1156,0.0581,16.1713,0.0010
16.2403,IMM-UKF-LOS,smooth,0.500,10.00,0.050,0,0.600,1,6.8205,27.9645,21.1440,6.1505,0.3600,0.3600,0.0544,6.0000,5.5639,0.0177,9.2967,0.6178,-115.9316,-25.8496,-115.9559,-26.5773,-115.9559,-26.5773,-116.0091,-27.4018,-115.7697,-26.3141,-0.0244,-0.7277,-0.0244,-0.7277,-0.0775,-1.5522,153,0.0700,153,0,0.3241,0.6131,0.0628,-2.2411,-1.3148,0.5193,-5.3142,-2.7856,0.0000,1,0.1156,0.0581,16.1713,0.0010
16.2503,IMM-UKF-LOS,smooth,0.500,10.00,0.050,0,0.600,1,6.8520,27.9806,21.1287,6.2075,0.3600,0.3600,0.0542,6.0000,5.5639,0.0199,9.6948,0.6157,-115.9302,-25.7682,-115.9559,-26.5773,-115.9559,-26.5773,-116.0042,-27.3871,-115.7657,-26.3467,-0.0258,-0.8091,-0.0258,-0.8091,-0.0740,-1.6189,153,0.0800,153,0,0.3241,0.6131,0.0628,-2.3793,-1.3810,0.4961,-5.3121,-2.7895,0.0000,1,0.1156,0.0581,16.1713,0.0010
16.2603,IMM-UKF-LOS,smooth,0.500,10.00,0.050,0,0.600,1,6.8819,27.9939,21.1119,6.2650,0.3600,0.3600,0.0541,6.0000,5.5639,0.0219,10.0770,0.6137,-115.9293,-25.6912,-115.9559,-26.5773,-115.9559,-26.5773,-115.9994,-27.3741,-115.7617,-26.3795,-0.0266,-0.8861,-0.0266,-0.8861,-0.0701,-1.6829,153,0.0900,153,0,0.3241,0.6131,0.0628,-2.5159,-1.4465,0.4720,-5.3100,-2.7935,0.0000,1,0.1156,0.0581,16.1713,0.0010
16.2703,IMM-UKF-LOS,smooth,0.500,10.00,0.050,0,0.600,1,6.9105,28.0043,21.0938,6.3231,0.3600,0.3600,0.0540,6.0000,5.5639,0.0238,10.4444,0.6119,-115.9289,-25.6184,-115.9559,-26.5773,-115.9559,-26.5773,-115.9946,-27.3628,-115.7576,-26.4125,-0.0270,-0.9590,-0.0270,-0.9590,-0.0657,-1.7445,153,0.1000,153,0,0.3241,0.6131,0.0628,-2.6511,-1.5113,0.4471,-5.3079,-2.7976,0.0000,1,0.1156,0.0581,16.1713,0.0010
16.2803,IMM-UKF-LOS,smooth,0.500,10.00,0.050,0,0.600,1,6.9375,28.0120,21.0744,6.3817,0.3600,0.3600,0.0538,6.0000,5.5639,0.0256,10.7979,0.6102,-115.9290,-25.5495,-115.9559,-26.5773,-115.9559,-26.5773,-115.9899,-27.3532,-115.7535,-26.4461,-0.0269,-1.0278,-0.0269,-1.0278,-0.0608,-1.8037,153,0.1100,153,0,0.3241,0.6131,0.0628,-2.7848,-1.5755,0.4217,-5.3057,-2.8017,0.0000,1,0.1156,0.0581,16.1713,0.0010
16.2903,IMM-UKF-LOS,smooth,0.500,10.00,0.050,0,0.600,1,6.9632,28.0169,21.0537,6.4409,0.3600,0.3600,0.0537,6.0000,5.5639,0.0273,11.1382,0.6085,-115.9296,-25.4846,-115.9559,-26.5773,-115.9559,-26.5773,-115.9851,-27.3452,-115.7494,-26.4803,-0.0263,-1.0928,-0.0263,-1.0928,-0.0555,-1.8607,153,0.1200,153,0,0.3241,0.6131,0.0628,-2.9171,-1.6390,0.3960,-5.3035,-2.8059,0.0000,1,0.1150,0.0462,16.1713,0.0018
16.3003,IMM-UKF-LOS,smooth,0.500,10.00,0.050,0,0.600,1,6.9875,28.0192,21.0317,6.5006,0.3600,0.3600,0.0535,6.0000,5.5639,0.0289,11.4660,0.6069,-115.9308,-25.4233,-115.9559,-26.5773,-115.9559,-26.5773,-115.9805,-27.3388,-115.7452,-26.5152,-0.0252,-1.1541,-0.0252,-1.1541,-0.0497,-1.9156,153,0.1300,153,0,0.3241,0.6131,0.0628,-3.0480,-1.7019,0.3701,-5.3012,-2.8102,0.0000,1,0.1150,0.0462,16.1713,0.0018
16.3103,IMM-UKF-LOS,smooth,0.500,10.00,0.050,0,0.600,1,7.0103,28.0188,21.0085,6.5608,0.3600,0.3600,0.0534,6.0000,5.5639,0.0304,11.7821,0.6055,-115.9324,-25.3655,-115.9559,-26.5773,-115.9559,-26.5773,-115.9758,-27.3340,-115.7410,-26.5511,-0.0236,-1.2118,-0.0236,-1.2118,-0.0435,-1.9685,153,0.1400,153,0,0.3241,0.6131,0.0628,-3.1776,-1.7642,0.3441,-5.2989,-2.8146,0.0000,1,0.1150,0.0462,16.1713,0.0018
16.3203,IMM-UKF-LOS,smooth,0.500,10.00,0.050,0,0.600,1,7.0318,28.0158,20.9841,6.6215,0.3600,0.3600,0.0533,6.0000,5.5639,0.0319,12.0870,0.6041,-115.9345,-25.3112,-115.9559,-26.5773,-115.9559,-26.5773,-115.9712,-27.3307,-115.7367,-26.5878,-0.0215,-1.2661,-0.0215,-1.2661,-0.0367,-2.0195,153,0.1500,153,0,0.3241,0.6131,0.0628,-3.3059,-1.8258,0.3180,-5.2965,-2.8190,0.0000,1,0.1150,0.0462,16.1713,0.0018
16.3303,IMM-UKF-LOS,smooth,0.500,10.00,0.050,0,0.600,1,7.0518,28.0103,20.9585,6.6828,0.3600,0.3600,0.0531,6.0000,5.5639,0.0332,12.3813,0.6029,-115.9371,-25.2602,-115.9559,-26.5773,-115.9559,-26.5773,-115.9666,-27.3289,-115.7323,-26.6255,-0.0189,-1.3172,-0.0189,-1.3172,-0.0295,-2.0687,153,0.1600,153,0,0.3241,0.6131,0.0628,-3.4328,-1.8868,0.2920,-5.2941,-2.8235,0.0000,1,0.1150,0.0462,16.1713,0.0018
16.3403,IMM-UKF-LOS,smooth,0.500,10.00,0.050,0,0.600,1,7.0705,28.3139,21.2434,6.7625,0.3600,0.3600,0.0530,6.0000,8.3270,0.0071,0.5942,0.6017,-115.9402,-25.2124,-115.9296,-25.4846,-115.9296,-25.4846,-115.8657,-25.2854,-115.5404,-21.0330,0.0105,-0.2722,0.0105,-0.2722,0.0744,-0.0730,154,0.0500,154,0,0.2132,0.7168,0.0701,-3.5584,-1.9473,0.2660,-5.2917,-2.8280,0.0000,1,0.1150,0.0462,16.2921,0.0018
16.3503,IMM-UKF-LOS,smooth,0.500,10.00,0.050,0,0.600,1,7.0879,28.3248,21.2368,6.8246,0.3600,0.3600,0.0528,6.0000,8.3270,0.0082,0.5025,0.6006,-115.9438,-25.1677,-115.9296,-25.4846,-115.9296,-25.4846,-115.8588,-25.2016,-115.5338,-20.9786,0.0141,-0.3169,0.0141,-0.3169,0.0849,-0.0339,154,0.0600,154,0,0.2132,0.7168,0.0701,-3.6827,-2.0072,0.2402,-5.2892,-2.8327,0.0000,1,0.1150,0.0462,16.2921,0.0018
16.3603,IMM-UKF-LOS,smooth,0.500,10.00,0.050,0,0.600,1,7.1039,28.3330,21.2291,6.8872,0.3600,0.3600,0.0527,6.0000,8.3270,0.0093,0.5209,0.5996,-115.9478,-25.1260,-115.9296,-25.4846,-115.9296,-25.4846,-115.8520,-25.1192,-115.5272,-20.9246,0.0182,-0.3585,0.0182,-0.3585,0.0959,0.0068,154,0.0700,154,0,0.2132,0.7168,0.0701,-3.8057,-2.0665,0.2146,-5.2867,-2.8374,0.0000,1,0.1150,0.0462,16.2921,0.0018
16.3703,IMM-UKF-LOS,smooth,0.500,10.00,0.050,0,0.600,1,7.1186,28.3388,21.2202,6.9503,0.3600,0.3600,0.0525,6.0000,8.3270,0.0102,0.6516,0.5986,-115.9524,-25.0873,-115.9296,-25.4846,-115.9296,-25.4846,-115.8451,-25.0383,-115.5204,-20.8710,0.0228,-0.3972,0.0228,-0.3972,0.1073,0.0491,154,0.0800,154,0,0.2132,0.7168,0.0701,-3.9275,-2.1252,0.1891,-5.2841,-2.8421,0.0000,1,0.1150,0.0462,16.2921,0.0018
16.3803,IMM-UKF-LOS,smooth,0.500,10.00,0.050,0,0.600,1,7.1320,28.3420,21.2100,7.0140,0.3600,0.3600,0.0524,6.0000,8.3270,0.0111,0.8527,0.5978,-115.9575,-25.0515,-115.9296,-25.4846,-115.9296,-25.4846,-115.8383,-24.9586,-115.5136,-20.8178,0.0279,-0.4330,0.0279,-0.4330,0.1193,0.0929,154,0.0900,154,0,0.2132,0.7168,0.0701,-4.0481,-2.1834,0.1639,-5.2815,-2.8470,0.0000,1,0.1150,0.0462,16.2921,0.0018
16.3903,IMM-UKF-LOS,smooth,0.500,10.00,0.050,0,0.600,1,7.1440,28.3428,21.1988,7.0781,0.3600,0.3600,0.0522,6.0000,8.3270,0.0119,1.0930,0.5970,-115.9631,-25.0186,-115.9296,-25.4846,-115.9296,-25.4846,-115.8314,-24.8803,-115.5066,-20.7651,0.0335,-0.4660,0.0335,-0.4660,0.1317,0.1383,154,0.1000,154,0,0.2132,0.7168,0.0701,-4.1674,-2.2410,0.1390,-5.2789,-2.8519,0.0000,1,0.1150,0.0462,16.2921,0.0018
16.4003,IMM-UKF-LOS,smooth,0.500,10.00,0.050,0,0.600,1,7.1548,28.3412,21.1864,7.1428,0.3600,0.3600,0.0521,6.0000,8.3270,0.0127,1.3576,0.5963,-115.9692,-24.9884,-115.9296,-25.4846,-115.9296,-25.4846,-115.8246,-24.8032,-115.4996,-20.7129,0.0396,-0.4962,0.0396,-0.4962,0.1447,0.1852,154,0.1100,154,0,0.2132,0.7168,0.0701,-4.2855,-2.2981,0.1143,-5.2762,-2.8569,0.0000,1,0.1150,0.0462,16.2921,0.0018
16.4103,IMM-UKF-LOS,smooth,0.500,10.00,0.050,0,0.600,1,7.1643,28.3371,21.1729,7.2079,0.3600,0.3600,0.0519,6.0000,8.3270,0.0133,1.6395,0.5957,-115.9758,-24.9609,-115.9296,-25.4846,-115.9296,-25.4846,-115.8177,-24.7274,-115.4925,-20.6611,0.0462,-0.5236,0.0462,-0.5236,0.1581,0.2335,154,0.1200,154,0,0.2132,0.7168,0.0701,-4.4025,-2.3547,0.0900,-5.2735,-2.8619,0.0000,1,0.0919,0.0444,16.2921,-0.0002
16.4203,IMM-UKF-LOS,smooth,0.500,10.00,0.050,0,0.600,1,7.1725,28.3308,21.1583,7.2736,0.3600,0.3600,0.0518,6.0000,8.3270,0.0138,1.9354,0.5952,-115.9829,-24.9361,-115.9296,-25.4846,-115.9296,-25.4846,-115.8109,-24.6528,-115.4852,-20.6099,0.0533,-0.5484,0.0533,-0.5484,0.1721,0.2833,154,0.1300,154,0,0.2132,0.7168,0.0701,-4.5182,-2.4108,0.0660,-5.2707,-2.8670,0.0000,1,0.0919,0.0444,16.2921,-0.0002
16.4303,IMM-UKF-LOS,smooth,0.500,10.00,0.050,0,0.600,1,7.1794,28.3221,21.1427,7.3397,0.3600,0.3600,0.0516,6.0000,8.3270,0.0143,2.2436,0.5948,-115.9906,-24.9140,-115.9296,-25.4846,-115.9296,-25.4846,-115.8040,-24.5794,-115.4778,-20.5591,0.0610,-0.5706,0.0610,-0.5706,0.1866,0.3346,154,0.1400,154,0,0.2132,0.7168,0.0701,-4.6328,-2.4663,0.0423,-5.2679,-2.8722,0.0000,1,0.0919,0.0444,16.2921,-0.0002
16.4403,IMM-UKF-LOS,smooth,0.500,10.00,0.050,0,0.600,1,7.1852,28.3112,21.1260,7.4064,0.3600,0.3600,0.0515,6.0000,8.3270,0.0147,2.5630,0.5944,-115.9988,-24.8944,-115.9296,-25.4846,-115.9296,-25.4846,-115.7971,-24.5072,-115.4703,-20.5089,0.0691,-0.5901,0.0691,-0.5901,0.2016,0.3873,154,0.1500,154,0,0.2132,0.7168,0.0701,-4.7462,-2.5214,0.0190,-5.2650,-2.8775,0.0000,1,0.0919,0.0444,16.2921,-0.0002
16.4503,IMM-UKF-LOS,smooth,0.500,10.00,0.050,0,0.600,1,7.1897,28.2980,21.1083,7.4735,0.3600,0.3600,0.0513,6.0000,8.3270,0.0150,2.8929,0.5941,-116.0075,-24.8775,-115.9296,-25.4846,-115.9296,-25.4846,-115.7902,-24.4360,-115.4627,-20.4592,0.0778,-0.6071,0.0778,-0.6071,0.2173,0.4414,154,0.1600,154,0,0.2132,0.7168,0.0701,-4.8585,-2.5759,-0.0039,-5.2621,-2.8828,0.0000,1,0.0919,0.0444,16.2921,-0.0002
16.4603,IMM-UKF-LOS,smooth,0.500,10.00,0.050,0,0.600,1,7.1929,30.1845,22.9916,5.4697,0.3600,0.3600,0.0512,6.0000,9.2326,0.0020,1.7022,0.5939,-116.0167,-24.8630,-115.9758,-24.9609,-115.9758,-24.9609,-115.9543,-24.5842,-115.9389,-21.1972,0.0409,-0.0979,0.0409,-0.0979,0.0624,0.2788,155,0.0500,155,0,0.1334,0.8118,0.0549,-4.9697,-2.6300,-0.0264,-5.2591,-2.8882,0.0000,1,0.0919,0.0444,16.4101,-0.0002
16.4703,IMM-UKF-LOS,smooth,0.500,10.00,0.050,0,0.600,1,7.1950,30.1962,23.0012,5.5211,0.3600,0.3600,0.0510,6.0000,9.2326,0.0022,2.0327,0.5938,-116.0265,-24.8511,-115.9758,-24.9609,-115.9758,-24.9609,-115.9540,-24.5178,-115.9385,-21.1560,0.0507,-0.1098,0.0507,-0.1098,0.0725,0.3333,155,0.0600,155,0,0.1334,0.8118,0.0549,-5.0797,-2.6836,-0.0485,-5.2561,-2.8936,0.0000,1,0.0919,0.0444,16.4101,-0.0002
16.4803,IMM-UKF-LOS,smooth,0.500,10.00,0.050,0,0.600,1,7.1959,30.2056,23.0098,5.5732,0.3600,0.3600,0.0509,6.0000,9.2326,0.0023,2.3715,0.5937,-116.0369,-24.8417,-115.9758,-24.9609,-115.9758,-24.9609,-115.9536,-24.4526,-115.9381,-21.1155,0.0611,-0.1192,0.0611,-0.1192,0.0832,0.3891,155,0.0700,155,0,0.1334,0.8118,0.0549,-5.1887,-2.7367,-0.0702,-5.2531,-2.8992,0.0000,1,0.0919,0.0444,16.4101,-0.0002
16.4903,IMM-UKF-LOS,smooth,0.500,10.00,0.050,0,0.600,1,7.1956,30.2128,23.0173,5.6260,0.3600,0.3600,0.0507,6.0000,9.2326,0.0023,2.7187,0.5937,-116.0478,-24.8348,-115.9758,-24.9609,-115.9758,-24.9609,-115.9533,-24.3886,-115.9376,-21.0757,0.0720,-0.1261,0.0720,-0.1261,0.0945,0.4463,155,0.0800,155,0,0.1334,0.8118,0.0549,-5.2965,-2.7894,-0.0914,-5.2500,-2.9047,0.0000,1,0.0919,0.0444,16.4101,-0.0002
16.5003,IMM-UKF-LOS,smooth,0.500,10.00,0.050,0,0.600,1,7.1941,30.2178,23.0237,5.6794,0.3600,0.3600,0.0506,6.0000,9.2326,0.0023,3.0744,0.5938,-116.0593,-24.8304,-115.9758,-24.9609,-115.9758,-24.9609,-115.9529,-24.3257,-115.9370,-21.0366,0.0835,-0.1305,0.0835,-0.1305,0.1064,0.5047,155,0.0900,155,0,0.1334,0.8118,0.0549,-5.4033,-2.8416,-0.1121,-5.2469,-2.9104,0.0000,1,0.0919,0.0444,16.4101,-0.0002
16.5103,IMM-UKF-LOS,smooth,0.500,10.00,0.050,0,0.600,1,7.1915,30.2206,23.0292,5.7335,0.3600,0.3600,0.0504,6.0000,9.2326,0.0022,3.4384,0.5939,-116.0713,-24.8285,-115.9758,-24.9609,-115.9758,-24.9609,-115.9525,-24.2640,-115.9363,-20.9984,0.0955,-0.1324,0.0955,-0.1324,0.1188,0.5645,155,0.1000,155,0,0.1334,0.8118,0.0549,-5.5090,-2.8934,-0.1324,-5.2437,-2.9161,0.0000,1,0.1142,0.0552,16.4101,-0.0002
16.5203,IMM-UKF-LOS,smooth,0.500,10.00,0.050,0,0.600,1,7.1877,30.2213,23.0336,5.7882,0.3600,0.3600,0.0503,6.0000,9.2326,0.0020,3.8111,0.5941,-116.0839,-24.8290,-115.9758,-24.9609,-115.9758,-24.9609,-115.9521,-24.2034,-115.9356,-20.9609,0.1081,-0.1319,0.1081,-0.1319,0.1318,0.6256,155,0.1100,155,0,0.1334,0.8118,0.0549,-5.6136,-2.9447,-0.1521,-5.2405,-2.9219,0.0000,1,0.1142,0.0552,16.4101,-0.0002
16.5303,IMM-UKF-LOS,smooth,0.500,10.00,0.050,0,0.600,1,7.1828,30.2199,23.0371,5.8436,0.3600,0.3600,0.0501,6.0000,9.2326,0.0018,4.1924,0.5944,-116.0972,-24.8321,-115.9758,-24.9609,-115.9758,-24.9609,-115.9517,-24.1440,-115.9347,-20.9242,0.1213,-0.1288,0.1213,-0.1288,0.1455,0.6881,155,0.1200,155,0,0.1334,0.8118,0.0549,-5.7172,-2.9956,-0.1713,-5.2372,-2.9278,0.0000,1,0.1142,0.0552,16.4101,-0.0002
16.5403,IMM-UKF-LOS,smooth,0.500,10.00,0.050,0,0.600,1,7.1768,30.2163,23.0396,5.8996,0.3600,0.3600,0.0500,6.0000,9.2326,0.0016,4.5824,0.5947,-116.1110,-24.8377,-115.9758,-24.9609,-115.9758,-24.9609,-115.9512,-24.0857,-115.9337,-20.8884,0.1351,-0.1233,0.1351,-0.1233,0.1598,0.7520,155,0.1300,155,0,0.1334,0.8118,0.0549,-5.8198,-3.0460,-0.1900,-5.2339,-2.9337,0.0000,1,0.1142,0.0552,16.4101,-0.0002
16.5503,IMM-UKF-LOS,smooth,0.500,10.00,0.050,0,0.600,1,7.1697,30.2108,23.0411,5.9562,0.3600,0.3600,0.0498,6.0000,9.2326,0.0013,4.9813,0.5951,-116.1254,-24.8457,-115.9758,-24.9609,-115.9758,-24.9609,-115.9506,-24.0285,-115.9326,-20.8535,0.1496,-0.1152,0.1496,-0.1152,0.1747,0.8173,155,0.1400,155,0,0.1334,0.8118,0.0549,-5.9213,-3.0961,-0.2081,-5.2305,-2.9397,0.0000,1,0.1142,0.0552,16.4101,-0.0002
16.5603,IMM-UKF-LOS,smooth,0.500,10.00,0.050,0,0.600,1,7.1614,30.2033,23.0418,6.0134,0.3600,0.3600,0.0497,6.0000,9.2326,0.0011,5.3892,0.5956,-116.1404,-24.8563,-115.9758,-24.9609,-115.9758,-24.9609,-115.9501,-23.9724,-115.9314,-20.8195,0.1646,-0.1046,0.1646,-0.1046,0.1904,0.8839,155,0.1500,155,0,0.1334,0.8118,0.0549,-6.0219,-3.1457,-0.2257,-5.2271,-2.9457,0.0000,1,0.1142,0.0552,16.4101,-0.0002
16.5703,IMM-UKF-LOS,smooth,0.500,10.00,0.050,0,0.600,1,7.1521,29.6792,22.5271,5.8481,0.3600,0.3600,0.0495,6.0000,8.2385,0.0023,2.6653,0.5962,-116.1561,-24.8695,-116.0713,-24.8285,-116.0713,-24.8285,-116.0497,-24.4346,-116.1737,-22.3272,0.0848,0.0410,0.0848,0.0410,0.1064,0.4349,156,0.0600,156,0,0.1899,0.7713,0.0388,-6.1214,-3.1950,-0.2426,-5.2237,-2.9518,0.0000,1,0.1142,0.0552,16.5101,-0.0002
16.5803,IMM-UKF-LOS,smooth,0.500,10.00,0.050,0,0.600,1,7.1418,29.6745,22.5328,5.9042,0.3600,0.3600,0.0493,6.0000,8.2385,0.0029,2.9967,0.5968,-116.1724,-24.8852,-116.0713,-24.8285,-116.0713,-24.8285,-116.0521,-24.3964,-116.1757,-22.3145,0.1011,0.0567,0.1011,0.0567,0.1203,0.4888,156,0.0700,156,0,0.1899,0.7713,0.0388,-6.2200,-3.2438,-0.2589,-5.2202,-2.9580,0.0000,1,0.1142,0.0552,16.5101,-0.0002
16.5903,IMM-UKF-LOS,smooth,0.500,10.00,0.050,0,0.600,1,7.1303,29.6678,22.5375,5.9608,0.3600,0.3600,0.0492,6.0000,8.2385,0.0035,3.3373,0.5975,-116.1894,-24.9035,-116.0713,-24.8285,-116.0713,-24.8285,-116.0545,-24.3593,-116.1776,-22.3030,0.1181,0.0750,0.1181,0.0750,0.1349,0.5442,156,0.0800,156,0,0.1899,0.7713,0.0388,-6.3175,-3.2922,-0.2746,-5.2166,-2.9643,0.0000,1,0.1142,0.0552,16.5101,-0.0002
16.6003,IMM-UKF-LOS,smooth,0.500,10.00,0.050,0,0.600,1,7.1179,29.6592,22.5413,6.0181,0.3600,0.3600,0.0490,6.0000,8.2385,0.0043,3.6870,0.5982,-116.2070,-24.9245,-116.0713,-24.8285,-116.0713,-24.8285,-116.0569,-24.3235,-116.1794,-22.2928,0.1357,0.0960,0.1357,0.0960,0.1501,0.6010,156,0.0900,156,0,0.1899,0.7713,0.0388,-6.4141,-3.3403,-0.2895,-5.2130,-2.9706,0.0000,1,0.1142,0.0552,16.5101,-0.0002
16.6103,IMM-UKF-LOS,smooth,0.500,10.00,0.050,0,0.600,1,7.1044,29.6485,22.5442,6.0759,0.3600,0.3600,0.0489,6.0000,8.2385,0.0051,4.0463,0.5990,-116.2253,-24.9482,-116.0713,-24.8285,-116.0713,-24.8285,-116.0592,-24.2889,-116.1810,-22.2839,0.1540,0.1197,0.1540,0.1197,0.1661,0.6593,156,0.1000,156,0,0.1899,0.7713,0.0388,-6.5098,-3.3880,-0.3037,-5.2094,-2.9769,0.0000,1,0.1142,0.0552,16.5101,-0.0002
16.6203,IMM-UKF-LOS,smooth,0.500,10.00,0.050,0,0.600,1,7.0899,29.6360,22.5461,6.1343,0.3600,0.3600,0.0487,6.0000,8.2385,0.0059,4.4153,0.5998,-116.2443,-24.9745,-116.0713,-24.8285,-116.0713,-24.8285,-116.0614,-24.2555,-116.1825,-22.2764,0.1730,0.1461,0.1730,0.1461,0.1828,0.7190,156,0.1100,156,0,0.1899,0.7713,0.0388,-6.6045,-3.4353,-0.3172,-5.2057,-2.9834,0.0000,1,0.1142,0.0552,16.5101,-0.0002
16.6303,IMM-UKF-LOS,smooth,0.500,10.00,0.050,0,0.600,1,7.0743,29.6215,22.5472,6.1932,0.3600,0.3600,0.0486,6.0000,8.2385,0.0069,4.7941,0.6007,-116.2639,-25.0037,-116.0713,-24.8285,-116.0713,-24.8285,-116.0636,-24.2234,-116.1839,-22.2704,0.1926,0.1752,0.1926,0.1752,0.2003,0.7804,156,0.1200,156,0,0.1899,0.7713,0.0388,-6.6982,-3.4823,-0.3299,-5.2020,-2.9899,0.0000,1,0.1186,0.0586,16.5101,0.0005
16.6403,IMM-UKF-LOS,smooth,0.500,10.00,0.050,0,0.600,1,7.0578,29.6053,22.5474,6.2527,0.3600,0.3600,0.0484,6.0000,8.2385,0.0078,5.1831,0.6017,-116.2843,-25.0358,-116.0713,-24.8285,-116.0713,-24.8285,-116.0658,-24.1925,-116.1852,-22.2660,0.2130,0.2073,0.2130,0.2073,0.2185,0.8432,156,0.1300,156,0,0.1899,0.7713,0.0388,-6.7911,-3.5289,-0.3417,-5.1982,-2.9964,0.0000,1,0.1186,0.0586,16.5101,0.0005
16.6503,IMM-UKF-LOS,smooth,0.500,10.00,0.050,0,0.600,1,7.0403,29.5872,22.5469,6.3128,0.3600,0.3600,0.0483,6.0000,8.2385,0.0089,5.5825,0.6027,-116.3054,-25.0707,-116.0713,-24.8285,-116.0713,-24.8285,-116.0678,-24.1630,-116.1863,-22.2633,0.2341,0.2422,0.2341,0.2422,0.2376,0.9077,156,0.1400,156,0,0.1899,0.7713,0.0388,-6.8830,-3.5751,-0.3526,-5.1944,-3.0031,0.0000,1,0.1186,0.0586,16.5101,0.0005
16.6603,IMM-UKF-LOS,smooth,0.500,10.00,0.050,0,0.600,1,7.0219,29.5673,22.5455,6.3733,0.3600,0.3600,0.0481,6.0000,8.2385,0.0100,5.9925,0.6039,-116.3273,-25.1086,-116.0713,-24.8285,-116.0713,-24.8285,-116.0698,-24.1348,-116.1872,-22.2623,0.2560,0.2802,0.2560,0.2802,0.2574,0.9739,156,0.1500,156,0,0.1899,0.7713,0.0388,-6.9740,-3.6211,-0.3625,-5.1905,-3.0098,0.0000,1,0.1186,0.0586,16.5101,0.0005
16.6703,IMM-UKF-LOS,smooth,0.500,10.00,0.050,0,0.600,1,7.0024,29.5457,22.5433,6.4345,0.3600,0.3600,0.0480,6.0000,8.2385,0.0111,6.4133,0.6050,-116.3499,-25.1496,-116.0713,-24.8285,-116.0713,-24.8285,-116.0717,-24.1080,-116.1879,-22.2632,0.2785,0.3212,0.2785,0.3212,0.2781,1.0417,156,0.1600,156,0,0.1899,0.7713,0.0388,-7.0641,-3.6666,-0.3714,-5.1866,-3.0165,0.0000,1,0.1186,0.0586,16.5101,0.0005
16.6803,IMM-UKF-LOS,smooth,0.500,10.00,0.050,0,0.600,1,6.9821,29.5225,22.5404,6.4961,0.3600,0.3600,0.0478,6.0000,8.2385,0.0124,6.8452,0.6062,-116.3732,-25.1938,-116.0713,-24.8285,-116.0713,-24.8285,-116.0735,-24.0826,-116.1885,-22.2663,0.3019,0.3653,0.3019,0.3653,0.2997,1.1112,156,0.1700,156,0,0.1899,0.7713,0.0388,-7.1533,-3.7119,-0.3792,-5.1826,-3.0233,0.0000,1,0.1186,0.0586,16.5101,0.0005
16.6903,IMM-UKF-LOS,smooth,0.500,10.00,0.050,0,0.600,1,6.9608,28.8916,21.9308,6.5877,0.3600,0.3600,0.0476,6.0000,7.1639,0.0068,2.6519,0.6075,-116.3973,-25.2412,-116.2639,-25.0037,-116.2639,-25.0037,-116.2887,-24.8090,-116.8415,-24.6882,0.1334,0.2375,0.1334,0.2375,0.1087,0.4322,157,0.0600,157,0,0.2730,0.6942,0.0329,-7.2416,-3.7568,-0.3858,-5.1786,-3.0302,0.0000,1,0.1186,0.0586,16.6308,0.0005
16.7003,IMM-UKF-LOS,smooth,0.500,10.00,0.050,0,0.600,1,6.9386,28.8734,21.9348,6.6493,0.3600,0.3600,0.0475,6.0000,7.1639,0.0081,2.9499,0.6088,-116.4223,-25.2921,-116.2639,-25.0037,-116.2639,-25.0037,-116.2993,-24.8117,-116.8524,-24.7275,0.1584,0.2883,0.1584,0.2883,0.1230,0.4804,157,0.0700,157,0,0.2730,0.6942,0.0329,-7.3291,-3.8015,-0.3911,-5.1745,-3.0371,0.0000,1,0.1186,0.0586,16.6308,0.0005
16.7103,IMM-UKF-LOS,smooth,0.500,10.00,0.050,0,0.600,1,6.9156,28.8535,21.9379,6.7114,0.3600,0.3600,0.0473,6.0000,7.1639,0.0095,3.2603,0.6101,-116.4481,-25.3464,-116.2639,-25.0037,-116.2639,-25.0037,-116.3099,-24.8160,-116.8632,-24.7697,0.1842,0.3427,0.1842,0.3427,0.1382,0.5304,157,0.0800,157,0,0.2730,0.6942,0.0329,-7.4157,-3.8458,-0.3949,-5.1704,-3.0441,0.0000,1,0.1186,0.0586,16.6308,0.0005
16.7203,IMM-UKF-LOS,smooth,0.500,10.00,0.050,0,0.600,1,6.8916,28.8319,21.9403,6.7739,0.3600,0.3600,0.0472,6.0000,7.1639,0.0109,3.5832,0.6115,-116.4747,-25.4044,-116.2639,-25.0037,-116.2639,-25.0037,-116.3205,-24.8219,-116.8739,-24.8149,0.2108,0.4007,0.2108,0.4007,0.1543,0.5824,157,0.0900,157,0,0.2730,0.6942,0.0329,-7.5014,-3.8898,-0.3970,-5.1663,-3.0512,0.0000,1,0.1186,0.0586,16.6308,0.0005
16.7303,IMM-UKF-LOS,smooth,0.500,10.00,0.050,0,0.600,1,6.8668,28.8087,21.9419,6.8370,0.3600,0.3600,0.0470,6.0000,7.1639,0.0124,3.9193,0.6130,-116.5022,-25.4662,-116.2639,-25.0037,-116.2639,-25.0037,-116.3309,-24.8297,-116.8844,-24.8634,0.2383,0.4625,0.2383,0.4625,0.1713,0.6365,157,0.1000,157,0,0.2730,0.6942,0.0329,-7.5863,-3.9335,-0.3974,-5.1620,-3.0583,0.0000,1,0.1186,0.0586,16.6308,0.0005
16.7403,IMM-UKF-LOS,smooth,0.500,10.00,0.050,0,0.600,1,6.8411,28.7840,21.9429,6.9005,0.3600,0.3600,0.0469,6.0000,7.1639,0.0140,4.2687,0.6145,-116.5306,-25.5320,-116.2639,-25.0037,-116.2639,-25.0037,-116.3413,-24.8394,-116.8948,-24.9157,0.2666,0.5283,0.2666,0.5283,0.1893,0.6927,157,0.1100,157,0,0.2730,0.6942,0.0329,-7.6703,-3.9769,-0.3956,-5.1578,-3.0655,0.0000,1,0.1186,0.0586,16.6308,0.0005
16.7503,IMM-UKF-LOS,smooth,0.500,10.00,0.050,0,0.600,1,6.8147,28.7578,21.9431,6.9645,0.3600,0.3600,0.0467,6.0000,7.1639,0.0155,4.6319,0.6161,-116.5598,-25.6021,-116.2639,-25.0037,-116.2639,-25.0037,-116.3516,-24.8511,-116.9051,-24.9723,0.2959,0.5984,0.2959,0.5984,0.2082,0.7510,157,0.1200,157,0,0.2730,0.6942,0.0329,-7.7534,-4.0200,-0.3914,-5.1535,-3.0727,0.0000,1,0.1100,0.0435,16.6308,0.0010
16.7603,IMM-UKF-LOS,smooth,0.500,10.00,0.050,0,0.600,1,6.7874,28.7302,21.9428,7.0289,0.3600,0.3600,0.0466,6.0000,7.1639,0.0172,5.0091,0.6176,-116.5900,-25.6767,-116.2639,-25.0037,-116.2639,-25.0037,-116.3618,-24.8652,-116.9152,-25.0338,0.3260,0.6730,0.3260,0.6730,0.2281,0.8114,157,0.1300,157,0,0.2730,0.6942,0.0329,-7.8355,-4.0627,-0.3842,-5.1491,-3.0800,0.0000,1,0.1100,0.0435,16.6308,0.0010
16.7703,IMM-UKF-LOS,smooth,0.500,10.00,0.050,0,0.600,1,6.7594,28.7014,21.9420,7.0938,0.3600,0.3600,0.0464,6.0000,7.1639,0.0188,5.4005,0.6193,-116.6211,-25.7561,-116.2639,-25.0037,-116.2639,-25.0037,-116.3720,-24.8820,-116.9251,-25.1012,0.3571,0.7523,0.3571,0.7523,0.2491,0.8741,157,0.1400,157,0,0.2730,0.6942,0.0329,-7.9167,-4.1051,-0.3736,-5.1447,-3.0874,0.0000,1,0.1100,0.0435,16.6308,0.0010
16.7803,IMM-UKF-LOS,smooth,0.500,10.00,0.050,0,0.600,1,6.7306,28.6714,21.9408,7.1592,0.3600,0.3600,0.0463,6.0000,7.1639,0.0205,5.8061,0.6209,-116.6532,-25.8407,-116.2639,-25.0037,-116.2639,-25.0037,-116.3820,-24.9017,-116.9349,-25.1756,0.3893,0.8369,0.3893,0.8369,0.2712,0.9390,157,0.1500,157,0,0.2730,0.6942,0.0329,-7.9969,-4.1471,-0.3585,-5.1402,-3.0948,0.0000,1,0.1100,0.0435,16.6308,0.0010
16.7903,IMM-UKF-LOS,smooth,0.500,10.00,0.050,0,0.600,1,6.7011,28.6404,21.9393,7.2250,0.3600,0.3600,0.0461,6.0000,7.1639,0.0222,6.2253,0.6226,-116.6863,-25.9309,-116.2639,-25.0037,-116.2639,-25.0037,-116.3919,-24.9250,-116.9445,-25.2589,0.4223,0.9272,0.4223,0.9272,0.2943,1.0060,157,0.1600,157,0,0.2730,0.6942,0.0329,-8.0757,-4.1886,-0.3377,-5.1357,-3.1023,0.0000,1,0.1100,0.0435,16.6308,0.0010
16.8003,IMM-UKF-LOS,smooth,0.500,10.00,0.050,0,0.600,1,6.6710,27.4155,20.7446,6.8625,0.3600,0.3600,0.0460,6.0000,5.8588,0.0084,3.4176,0.6243,-116.7203,-26.0275,-116.5598,-25.6021,-116.5598,-25.6021,-116.5428,-25.4791,-117.4403,-27.2257,0.1605,0.4254,0.1605,0.4254,0.1776,0.5484,158,0.0500,158,0,0.3079,0.6609,0.0312,-8.1528,-4.2294,-0.3090,-5.1312,-3.1098,0.0000,1,0.1100,0.0435,16.7513,0.0010
16.8103,IMM-UKF-LOS,smooth,0.500,10.00,0.050,0,0.600,1,6.6403,27.3819,20.7416,6.9249,0.3600,0.3600,0.0459,6.0000,5.8588,0.0101,3.8003,0.6260,-116.7554,-26.1314,-116.5598,-25.6021,-116.5598,-25.6021,-116.5592,-25.5212,-117.4585,-27.3548,0.1956,0.5293,0.1956,0.5293,0.1962,0.6102,158,0.0600,158,0,0.3079,0.6609,0.0312,-8.2273,-4.2689,-0.2687,-5.1266,-3.1174,0.0000,1,0.1100,0.0435,16.7513,0.0010
16.8203,IMM-UKF-LOS,smooth,0.500,10.00,0.050,0,0.600,1,6.6092,27.3481,20.7389,6.9878,0.3600,0.3600,0.0457,6.0000,5.8588,0.0119,4.2040,0.6276,-116.7917,-26.2438,-116.5598,-25.6021,-116.5598,-25.6021,-116.5756,-25.5685,-117.4767,-27.5055,0.2318,0.6417,0.2318,0.6417,0.2160,0.6753,158,0.0700,158,0,0.3079,0.6609,0.0312,-8.2962,-4.3057,-0.2094,-5.1219,-3.1251,0.0000,1,0.1100,0.0435,16.7513,0.0010
16.8303,IMM-UKF-LOS,smooth,0.500,10.00,0.050,0,0.600,1,6.5780,27.3158,20.7378,7.0511,0.3600,0.3600,0.0456,6.0000,5.8588,0.0135,4.6267,0.6292,-116.8290,-26.3671,-116.5598,-25.6021,-116.5598,-25.6021,-116.5920,-25.6237,-117.4949,-27.6909,0.2692,0.7650,0.2692,0.7650,0.2370,0.7434,158,0.0800,158,0,0.3079,0.6609,0.0312,-8.3498,-4.3346,-0.1146,-5.1172,-3.1328,0.0000,1,0.1100,0.0435,16.7513,0.0010
16.8403,IMM-UKF-LOS,smooth,0.500,10.00,0.050,0,0.600,1,6.5476,27.2916,20.7440,7.1149,0.3600,0.3600,0.0454,6.0000,5.8588,0.0150,5.0695,0.6306,-116.8676,-26.5038,-116.5598,-25.6021,-116.5598,-25.6021,-116.6087,-25.6889,-117.5136,-27.9143,0.3078,0.9017,0.3078,0.9017,0.2589,0.8148,158,0.0900,158,0,0.3079,0.6609,0.0312,-8.3395,-4.3299,0.0464,-5.1124,-3.1406,0.0000,1,0.1100,0.0435,16.7513,0.0010
16.8503,IMM-UKF-LOS,smooth,0.500,10.00,0.050,0,0.600,1,6.5196,27.2839,20.7643,7.1792,0.3600,0.3600,0.0453,6.0000,5.8588,0.0162,5.6080,0.6318,-116.9078,-26.6470,-116.5598,-25.6021,-116.5598,-25.6021,-116.6262,-25.7444,-117.5337,-28.0341,0.3480,1.0449,0.3480,1.0449,0.2816,0.9026,158,0.1000,158,0,0.3079,0.6609,0.0312,-8.1801,-4.2464,0.2040,-5.1076,-3.1484,0.0000,1,0.1100,0.0435,16.7513,0.0010
16.8603,IMM-UKF-LOS,smooth,0.500,10.00,0.050,0,0.600,1,6.4941,27.2829,20.7887,7.2438,0.3600,0.3600,0.0452,6.0000,5.8588,0.0172,6.2415,0.6327,-116.9498,-26.7890,-116.5598,-25.6021,-116.5598,-25.6021,-116.6443,-25.7824,-117.5544,-28.0366,0.3900,1.1869,0.3900,1.1869,0.3055,1.0066,158,0.1100,158,0,0.3079,0.6609,0.0312,-7.9725,-4.1372,0.2905,-5.1027,-3.1563,0.0000,1,0.1134,0.0416,16.7513,0.0009
16.8703,IMM-UKF-LOS,smooth,0.500,10.00,0.050,0,0.600,1,6.4711,27.2861,20.8150,7.3090,0.3600,0.3600,0.0450,6.0000,5.8588,0.0181,6.9085,0.6335,-116.9934,-26.9263,-116.5598,-25.6021,-116.5598,-25.6021,-116.6627,-25.8104,-117.5754,-27.9887,0.4336,1.3242,0.4336,1.3242,0.3307,1.1160,158,0.1200,158,0,0.3079,0.6609,0.0312,-7.7561,-4.0230,0.3416,-5.0978,-3.1642,0.0000,1,0.1134,0.0416,16.7513,0.0009
16.8803,IMM-UKF-LOS,smooth,0.500,10.00,0.050,0,0.600,1,6.4505,27.2935,20.8430,7.3745,0.3600,0.3600,0.0449,6.0000,5.8588,0.0187,7.5840,0.6341,-117.0387,-27.0572,-116.5598,-25.6021,-116.5598,-25.6021,-116.6814,-25.8307,-117.5965,-27.9131,0.4789,1.4551,0.4789,1.4551,0.3574,1.2264,158,0.1300,158,0,0.3079,0.6609,0.0312,-7.5368,-3.9072,0.3737,-5.0928,-3.1722,0.0000,1,0.1134,0.0416,16.7513,0.0009
16.8903,IMM-UKF-LOS,smooth,0.500,10.00,0.050,0,0.600,1,6.4321,27.3050,20.8729,7.4405,0.3600,0.3600,0.0448,6.0000,5.8588,0.0193,8.2553,0.6346,-117.0858,-27.1803,-116.5598,-25.6021,-116.5598,-25.6021,-116.7004,-25.8445,-117.6178,-27.8189,0.5260,1.5782,0.5260,1.5782,0.3854,1.3358,158,0.1400,158,0,0.3079,0.6609,0.0312,-7.3166,-3.7907,0.3938,-5.0878,-3.1803,0.0000,1,0.1134,0.0416,16.7513,0.0009
16.9003,IMM-UKF-LOS,smooth,0.500,10.00,0.050,0,0.600,1,6.4161,27.3207,20.9046,7.5069,0.3600,0.3600,0.0447,6.0000,5.8588,0.0197,8.9152,0.6350,-117.1346,-27.2948,-116.5598,-25.6021,-116.5598,-25.6021,-116.7197,-25.8519,-117.6391,-27.7104,0.5747,1.6927,0.5747,1.6927,0.4149,1.4429,158,0.1500,158,0,0.3079,0.6609,0.0312,-7.0959,-3.6737,0.4053,-5.0827,-3.1884,0.0000,1,0.1134,0.0416,16.7513,0.0009
16.9103,IMM-UKF-LOS,smooth,0.500,10.00,0.050,0,0.600,1,6.4024,28.0527,21.6503,7.1443,0.3600,0.3600,0.0445,6.0000,6.1626,0.0028,3.5426,0.6352,-117.1850,-27.4000,-116.9498,-26.7890,-116.9498,-26.7890,-117.0478,-26.8206,-118.7009,-30.5114,0.2352,0.6110,0.2352,0.6110,0.1371,0.5794,159,0.0500,159,0,0.2173,0.7439,0.0387,-6.8752,-3.5565,0.4102,-5.0776,-3.1965,0.0000,1,0.1134,0.0416,16.8612,0.0009
16.9203,IMM-UKF-LOS,smooth,0.500,10.00,0.050,0,0.600,1,6.3908,28.0585,21.6677,7.2095,0.3600,0.3600,0.0444,6.0000,6.1626,0.0030,3.7742,0.6353,-117.2370,-27.4953,-116.9498,-26.7890,-116.9498,-26.7890,-117.0800,-26.8801,-118.7313,-30.4392,0.2872,0.7063,0.2872,0.7063,0.1570,0.6152,159,0.0600,159,0,0.2173,0.7439,0.0387,-6.6545,-3.4391,0.4098,-5.0724,-3.2047,0.0000,1,0.1134,0.0416,16.8612,0.0009
16.9303,IMM-UKF-LOS,smooth,0.500,10.00,0.050,0,0.600,1,6.3815,28.0688,21.6872,7.2752,0.3600,0.3600,0.0443,6.0000,6.1626,0.0030,3.9780,0.6353,-117.2907,-27.5801,-116.9498,-26.7890,-116.9498,-26.7890,-117.1124,-26.9343,-118.7616,-30.3578,0.3409,0.7911,0.3409,0.7911,0.1783,0.6458,159,0.0700,159,0,0.2173,0.7439,0.0387,-6.4339,-3.3215,0.4049,-5.0672,-3.2130,0.0000,1,0.1134,0.0416,16.8612,0.0009
16.9403,IMM-UKF-LOS,smooth,0.500,10.00,0.050,0,0.600,1,6.3744,28.0833,21.7089,7.3414,0.3600,0.3600,0.0442,6.0000,6.1626,0.0030,4.1530,0.6353,-117.3459,-27.6540,-116.9498,-26.7890,-116.9498,-26.7890,-117.1450,-26.9831,-118.7916,-30.2678,0.3961,0.8650,0.3961,0.8650,0.2009,0.6708,159,0.0800,159,0,0.2173,0.7439,0.0387,-6.2135,-3.2038,0.3959,-5.0619,-3.2213,0.0000,1,0.1134,0.0416,16.8612,0.0009
16.9503,IMM-UKF-LOS,smooth,0.500,10.00,0.050,0,0.600,1,6.3694,28.1020,21.7326,7.4080,0.3600,0.3600,0.0441,6.0000,6.1626,0.0029,4.2987,0.6351,-117.4027,-27.7166,-116.9498,-26.7890,-116.9498,-26.7890,-117.1778,-27.0264,-118.8215,-30.1695,0.4529,0.9276,0.4529,0.9276,0.2249,0.6902,159,0.0900,159,0,0.2173,0.7439,0.0387,-5.9933,-3.0860,0.3833,-5.0566,-3.2297,0.0000,1,0.1134,0.0416,16.8612,0.0009
16.9603,IMM-UKF-LOS,smooth,0.500,10.00,0.050,0,0.600,1,6.3665,28.1247,21.7582,7.4751,0.3600,0.3600,0.0440,6.0000,6.1626,0.0027,4.4137,0.6349,-117.4609,-27.7677,-116.9498,-26.7890,-116.9498,-26.7890,-117.2108,-27.0641,-118.8513,-30.0647,0.5112,0.9787,0.5112,0.9787,0.2501,0.7035,159,0.1000,159,0,0.2173,0.7439,0.0387,-5.7757,-2.9693,0.3675,-5.0512,-3.2382,0.0000,1,0.1134,0.0416,16.8612,0.0009
16.9703,IMM-UKF-LOS,smooth,0.500,10.00,0.050,0,0.600,1,6.3657,28.1513,21.7856,7.5426,0.3600,0.3600,0.0439,6.0000,6.1626,0.0024,4.4984,0.6345,-117.5206,-27.8071,-116.9498,-26.7890,-116.9498,-26.7890,-117.2440,-27.0963,-118.8810,-29.9538,0.5709,1.0181,0.5709,1.0181,0.2766,0.7107,159,0.1100,159,0,0.2173,0.7439,0.0387,-5.5605,-2.8537,0.3486,-5.0457,-3.2466,0.0000,1,0.1134,0.0416,16.8612,0.0009
16.9803,IMM-UKF-LOS,smooth,0.500,10.00,0.050,0,0.600,1,6.3669,28.1816,21.8146,7.6106,0.3600,0.3600,0.0438,6.0000,6.1626,0.0021,4.5533,0.6341,-117.5817,-27.8345,-116.9498,-26.7890,-116.9498,-26.7890,-117.2775,-27.1229,-118.9105,-29.8369,0.6320,1.0455,0.6320,1.0455,0.3043,0.7116,159,0.1200,159,0,0.2173,0.7439,0.0387,-5.3478,-2.7392,0.3268,-5.0402,-3.2552,0.0000,1,0.0839,0.0565,16.8612,0.0011
16.9903,IMM-UKF-LOS,smooth,0.500,10.00,0.050,0,0.600,1,6.3702,28.2155,21.8453,7.6790,0.3600,0.3600,0.0437,6.0000,6.1626,0.0016,4.5796,0.6336,-117.6442,-27.8500,-116.9498,-26.7890,-116.9498,-26.7890,-117.3111,-27.1439,-118.9399,-29.7141,0.6945,1.0610,0.6945,1.0610,0.3331,0.7061,159,0.1300,159,0,0.2173,0.7439,0.0387,-5.1376,-2.6258,0.3022,-5.0347,-3.2638,0.0000,1,0.0839,0.0565,16.8612,0.0011
17.0003,IMM-UKF-LOS,smooth,0.500,10.00,0.050,0,0.600,1,6.3753,28.2530,21.8776,7.7478,0.3600,0.3600,0.0436,6.0000,6.1626,0.0013,4.5787,0.6331,-117.7080,-27.8534,-116.9498,-26.7890,-116.9498,-26.7890,-117.3449,-27.1591,-118.9692,-29.5856,0.7582,1.0643,0.7582,1.0643,0.3631,0.6943,159,0.1400,159,0,0.2173,0.7439,0.0387,-4.9300,-2.5135,0.2747,-5.0290,-3.2724,0.0000,1,0.0839,0.0565,16.8612,0.0011
17.0103,IMM-UKF-LOS,smooth,0.500,10.00,0.050,0,0.600,1,6.3824,28.2938,21.9114,7.8171,0.3600,0.3600,0.0435,6.0000,6.1626,0.0011,4.5529,0.6324,-117.7729,-27.8445,-116.9498,-26.7890,-116.9498,-26.7890,-117.3788,-27.1685,-118.9985,-29.4512,0.8232,1.0555,0.8232,1.0555,0.3941,0.6760,159,0.1500,159,0,0.2173,0.7439,0.0387,-4.7250,-2.4024,0.2443,-5.0234,-3.2811,0.0000,1,0.0839,0.0565,16.8612,0.0011
17.0203,IMM-UKF-LOS,smooth,0.500,10.00,0.050,0,0.600,1,6.3914,28.3379,21.9465,7.8867,0.3600,0.3600,0.0434,6.0000,6.1626,0.0013,4.5052,0.6318,-117.8391,-27.8233,-116.9498,-26.7890,-116.9498,-26.7890,-117.4129,-27.1721,-119.0276,-29.3110,0.8893,1.0343,0.8893,1.0343,0.4262,0.6513,159,0.1600,159,0,0.2173,0.7439,0.0387,-4.5227,-2.2925,0.2109,-5.0177,-3.2899,0.0000,1,0.0839,0.0565,16.8612,0.0011
17.0303,IMM-UKF-LOS,smooth,0.500,10.00,0.050,0,0.600,1,6.4022,28.3851,21.9829,7.9569,0.3600,0.3600,0.0433,6.0000,6.1626,0.0018,4.4395,0.6311,-117.9064,-27.7899,-116.9498,-26.7890,-116.9498,-26.7890,-117.4472,-27.1696,-119.0567,-29.1647,0.9566,1.0009,0.9566,1.0009,0.4592,0.6202,159,0.1700,159,0,0.2173,0.7439,0.0387,-4.3230,-2.1838,0.1742,-5.0119,-3.2987,0.0000,1,0.0839,0.0565,16.8612,0.0011
17.0403,IMM-UKF-LOS,smooth,0.500,10.00,0.050,0,0.600,1,6.4148,28.7407,22.3259,6.0491,0.3600,0.3600,0.0432,6.0000,6.4854,0.0040,2.2242,0.6303,-117.9747,-27.7440,-117.5817,-27.8345,-117.5817,-27.8345,-117.5582,-27.6963,-119.3018,-29.9980,0.3930,-0.0906,0.3930,-0.0906,0.4165,0.0477,160,0.0600,160,0,0.2427,0.7244,0.0329,-4.1261,-2.0764,0.1341,-5.0060,-3.3075,0.0000,1,0.0839,0.0565,16.9814,0.0011
17.0503,IMM-UKF-LOS,smooth,0.500,10.00,0.050,0,0.600,1,6.4292,28.7756,22.3464,6.1033,0.3600,0.3600,0.0431,6.0000,6.4854,0.0049,2.3936,0.6295,-118.0440,-27.6856,-117.5817,-27.8345,-117.5817,-27.8345,-117.5943,-27.7249,-119.3328,-29.8804,0.4623,-0.1490,0.4623,-0.1490,0.4497,-0.0393,160,0.0700,160,0,0.2427,0.7244,0.0329,-3.9323,-1.9704,0.0899,-5.0002,-3.3164,0.0000,1,0.0839,0.0565,16.9814,0.0011
17.0603,IMM-UKF-LOS,smooth,0.500,10.00,0.050,0,0.600,1,6.4452,28.8135,22.3683,6.1580,0.3600,0.3600,0.0430,6.0000,6.4854,0.0058,2.6829,0.6286,-118.1143,-27.6147,-117.5817,-27.8345,-117.5817,-27.8345,-117.6306,-27.7474,-119.3637,-29.7556,0.5326,-0.2199,0.5326,-0.2199,0.4837,-0.1327,160,0.0800,160,0,0.2427,0.7244,0.0329,-3.7416,-1.8659,0.0410,-4.9942,-3.3253,0.0000,1,0.0839,0.0565,16.9814,0.0011
17.0703,IMM-UKF-LOS,smooth,0.500,10.00,0.050,0,0.600,1,6.4629,28.8544,22.3915,6.2132,0.3600,0.3600,0.0429,6.0000,6.4854,0.0067,3.0795,0.6278,-118.1854,-27.5310,-117.5817,-27.8345,-117.5817,-27.8345,-117.6670,-27.7635,-119.3945,-29.6228,0.6037,-0.3035,0.6037,-0.3035,0.5185,-0.2325,160,0.0900,160,0,0.2427,0.7244,0.0329,-3.5545,-1.7631,-0.0134,-4.9882,-3.3343,0.0000,1,0.0985,0.0525,16.9814,0.0008
17.0803,IMM-UKF-LOS,smooth,0.500,10.00,0.050,0,0.600,1,6.4822,28.8977,22.4155,6.2690,0.3600,0.3600,0.0428,6.0000,6.4854,0.0078,3.5665,0.6269,-118.2573,-27.4345,-117.5817,-27.8345,-117.5817,-27.8345,-117.7035,-27.7729,-119.4252,-29.4810,0.6756,-0.4000,0.6756,-0.4000,0.5538,-0.3384,160,0.1000,160,0,0.2427,0.7244,0.0329,-3.3717,-1.6624,-0.0750,-4.9821,-3.3434,0.0000,1,0.0985,0.0525,16.9814,0.0008
17.0903,IMM-UKF-LOS,smooth,0.500,10.00,0.050,0,0.600,1,6.5029,28.9431,22.4402,6.3253,0.3600,0.3600,0.0428,6.0000,6.4854,0.0088,4.1289,0.6260,-118.3300,-27.3248,-117.5817,-27.8345,-117.5817,-27.8345,-117.7401,-27.7751,-119.4558,-29.3283,0.7482,-0.5097,0.7482,-0.5097,0.5899,-0.4503,160,0.1100,160,0,0.2427,0.7244,0.0329,-3.1943,-1.5646,-0.1462,-4.9760,-3.3525,0.0000,1,0.0985,0.0525,16.9814,0.0008
17.1003,IMM-UKF-LOS,smooth,0.500,10.00,0.050,0,0.600,1,6.5251,28.9897,22.4647,6.3821,0.3600,0.3600,0.0427,6.0000,6.4854,0.0098,4.7536,0.6250,-118.4033,-27.2014,-117.5817,-27.8345,-117.5817,-27.8345,-117.7767,-27.7692,-119.4863,-29.1620,0.8215,-0.6332,0.8215,-0.6332,0.6266,-0.5678,160,0.1200,160,0,0.2427,0.7244,0.0329,-3.0250,-1.4710,-0.2311,-4.9699,-3.3616,0.0000,1,0.0985,0.0525,16.9814,0.0008
17.1103,IMM-UKF-LOS,smooth,0.500,10.00,0.050,0,0.600,1,6.5483,29.0357,22.4874,6.4394,0.3600,0.3600,0.0426,6.0000,6.4854,0.0108,5.4304,0.6242,-118.4771,-27.0634,-117.5817,-27.8345,-117.5817,-27.8345,-117.8133,-27.7538,-119.5167,-28.9776,0.8954,-0.7712,0.8954,-0.7712,0.6638,-0.6904,160,0.1300,160,0,0.2427,0.7244,0.0329,-2.8704,-1.3856,-0.3381,-4.9636,-3.3708,0.0000,1,0.0985,0.0525,16.9814,0.0008
17.1203,IMM-UKF-LOS,smooth,0.500,10.00,0.050,0,0.600,1,6.5721,29.0764,22.5043,6.4972,0.3600,0.3600,0.0425,6.0000,6.4854,0.0117,6.1533,0.6234,-118.5515,-26.9098,-117.5817,-27.8345,-117.5817,-27.8345,-117.8496,-27.7278,-119.5468,-28.7728,0.9697,-0.9247,0.9697,-0.9247,0.7019,-0.8179,160,0.1400,160,0,0.2427,0.7244,0.0329,-2.7519,-1.3204,-0.4820,-4.9574,-3.3800,0.0000,1,0.0985,0.0525,16.9814,0.0008
17.1303,IMM-UKF-LOS,smooth,0.500,10.00,0.050,0,0.600,1,6.5953,29.3342,22.7389,6.0584,0.3600,0.3600,0.0424,6.0000,6.9978,0.0058,5.8435,0.6227,-118.6259,-26.7433,-118.1854,-27.5310,-118.1854,-27.5310,-118.3932,-27.6979,-121.1516,-28.1906,0.4405,-0.7877,0.4405,-0.7877,0.2327,-0.9546,161,0.0600,161,0,0.2566,0.7052,0.0382,-2.7388,-1.3155,-0.6564,-4.9510,-3.3893,0.0000,1,0.0985,0.0525,17.0711,0.0008
17.1403,IMM-UKF-LOS,smooth,0.500,10.00,0.050,0,0.600,1,6.6171,29.3594,22.7423,6.1143,0.3600,0.3600,0.0423,6.0000,6.9978,0.0064,6.8869,0.6222,-118.7003,-26.5747,-118.1854,-27.5310,-118.1854,-27.5310,-118.4506,-27.7042,-121.2042,-28.1639,0.5148,-0.9563,0.5148,-0.9563,0.2496,-1.1295,161,0.0700,161,0,0.2566,0.7052,0.0382,-2.8373,-1.3747,-0.7563,-4.9446,-3.3987,0.0000,1,0.0985,0.0525,17.0711,0.0008
17.1503,IMM-UKF-LOS,smooth,0.500,10.00,0.050,0,0.600,1,6.6375,29.3821,22.7446,6.1708,0.3600,0.3600,0.0422,6.0000,6.9978,0.0071,7.9662,0.6218,-118.7745,-26.4102,-118.1854,-27.5310,-118.1854,-27.5310,-118.5076,-27.7202,-121.2576,-28.2134,0.5891,-1.1209,0.5891,-1.1209,0.2669,-1.3101,161,0.0800,161,0,0.2566,0.7052,0.0382,-2.9609,-1.4484,-0.7895,-4.9382,-3.4080,0.0000,1,0.0985,0.0525,17.0711,0.0008
17.1603,IMM-UKF-LOS,smooth,0.500,10.00,0.050,0,0.600,1,6.6566,29.4030,22.7464,6.2278,0.3600,0.3600,0.0421,6.0000,6.9978,0.0076,9.0483,0.6214,-118.8487,-26.2522,-118.1854,-27.5310,-118.1854,-27.5310,-118.5642,-27.7431,-121.3112,-28.2978,0.6633,-1.2788,0.6633,-1.2788,0.2846,-1.4908,161,0.0900,161,0,0.2566,0.7052,0.0382,-3.0870,-1.5239,-0.7896,-4.9316,-3.4174,0.0000,1,0.0985,0.0525,17.0711,0.0008
17.1703,IMM-UKF-LOS,smooth,0.500,10.00,0.050,0,0.600,1,6.6746,29.4224,22.7478,6.2853,0.3600,0.3600,0.0420,6.0000,6.9978,0.0082,10.1184,0.6210,-118.9228,-26.1021,-118.1854,-27.5310,-118.1854,-27.5310,-118.6204,-27.7715,-121.3646,-28.4020,0.7374,-1.4289,0.7374,-1.4289,0.3025,-1.6694,161,0.1000,161,0,0.2566,0.7052,0.0382,-3.2116,-1.5988,-0.7714,-4.9251,-3.4269,0.0000,1,0.1016,0.0594,17.0711,-0.0017
17.1803,IMM-UKF-LOS,smooth,0.500,10.00,0.050,0,0.600,1,6.6914,29.4402,22.7488,6.3434,0.3600,0.3600,0.0419,6.0000,6.9978,0.0086,11.1695,0.6207,-118.9970,-25.9604,-118.1854,-27.5310,-118.1854,-27.5310,-118.6763,-27.8049,-121.4180,-28.5194,0.8115,-1.5706,0.8115,-1.5706,0.3207,-1.8445,161,0.1100,161,0,0.2566,0.7052,0.0382,-3.3339,-1.6727,-0.7420,-4.9184,-3.4364,0.0000,1,0.1016,0.0594,17.0711,-0.0017
17.1903,IMM-UKF-LOS,smooth,0.500,10.00,0.050,0,0.600,1,6.7072,29.4565,22.7493,6.4019,0.3600,0.3600,0.0418,6.0000,6.9978,0.0091,12.1980,0.6204,-119.0712,-25.8275,-118.1854,-27.5310,-118.1854,-27.5310,-118.7318,-27.8432,-121.4713,-28.6466,0.8857,-1.7035,0.8857,-1.7035,0.3393,-2.0157,161,0.1200,161,0,0.2566,0.7052,0.0382,-3.4540,-1.7454,-0.7051,-4.9117,-3.4460,0.0000,1,0.1016,0.0594,17.0711,-0.0017
17.2003,IMM-UKF-LOS,smooth,0.500,10.00,0.050,0,0.600,1,6.7220,29.4713,22.7493,6.4610,0.3600,0.3600,0.0417,6.0000,6.9978,0.0095,13.2014,0.6201,-119.1455,-25.7036,-118.1854,-27.5310,-118.1854,-27.5310,-118.7870,-27.8861,-121.5246,-28.7819,0.9600,-1.8274,0.9600,-1.8274,0.3584,-2.1825,161,0.1300,161,0,0.2566,0.7052,0.0382,-3.5718,-1.8171,-0.6631,-4.9050,-3.4556,0.0000,1,0.1016,0.0594,17.0711,-0.0017
17.2103,IMM-UKF-LOS,smooth,0.500,10.00,0.050,0,0.600,1,6.7357,29.4845,22.7488,6.5205,0.3600,0.3600,0.0416,6.0000,6.9978,0.0100,14.1784,0.6198,-119.2199,-25.5888,-118.1854,-27.5310,-118.1854,-27.5310,-118.8419,-27.9335,-121.5777,-28.9238,1.0345,-1.9423,1.0345,-1.9423,0.3780,-2.3447,161,0.1400,161,0,0.2566,0.7052,0.0382,-3.6876,-1.8879,-0.6173,-4.8982,-3.4652,0.0000,1,0.1016,0.0594,17.0711,-0.0017
17.2203,IMM-UKF-LOS,smooth,0.500,10.00,0.050,0,0.600,1,6.7485,29.4964,22.7479,6.5806,0.3600,0.3600,0.0415,6.0000,6.9978,0.0103,15.1281,0.6195,-119.2945,-25.4830,-118.1854,-27.5310,-118.1854,-27.5310,-118.8965,-27.9853,-121.6308,-29.0715,1.1090,-2.0481,1.1090,-2.0481,0.3980,-2.5023,161,0.1500,161,0,0.2566,0.7052,0.0382,-3.8015,-1.9578,-0.5689,-4.8913,-3.4749,0.0000,1,0.1016,0.0594,17.0711,-0.0017
17.2303,IMM-UKF-LOS,smooth,0.500,10.00,0.050,0,0.600,1,6.7604,27.7346,20.9743,6.3443,0.3600,0.3600,0.0414,6.0000,7.1822,0.0026,4.7920,0.6192,-119.3693,-25.3863,-118.9228,-26.1021,-118.9228,-26.1021,-119.1411,-26.1604,-122.1999,-23.6710,0.4465,-0.7158,0.4465,-0.7158,0.2283,-0.7742,162,0.0600,162,0,0.2809,0.6515,0.0676,-3.9136,-2.0269,-0.5185,-4.8844,-3.4846,0.0000,1,0.1016,0.0594,17.1686,-0.0017
17.2403,IMM-UKF-LOS,smooth,0.500,10.00,0.050,0,0.600,1,6.7713,27.7402,20.9689,6.4028,0.3600,0.3600,0.0413,6.0000,7.1822,0.0030,5.1139,0.6189,-119.4443,-25.2986,-118.9228,-26.1021,-118.9228,-26.1021,-119.2039,-26.1255,-122.2597,-23.7367,0.5215,-0.8035,0.5215,-0.8035,0.2404,-0.8269,162,0.0700,162,0,0.2809,0.6515,0.0676,-4.0241,-2.0953,-0.4668,-4.8774,-3.4944,0.0000,1,0.1016,0.0594,17.1686,-0.0017
17.2503,IMM-UKF-LOS,smooth,0.500,10.00,0.050,0,0.600,1,6.7813,27.7441,20.9629,6.4619,0.3600,0.3600,0.0412,6.0000,7.1822,0.0034,5.4098,0.6187,-119.5197,-25.2198,-118.9228,-26.1021,-118.9228,-26.1021,-119.2665,-26.0948,-122.3196,-23.8067,0.5968,-0.8823,0.5968,-0.8823,0.2532,-0.8750,162,0.0800,162,0,0.2809,0.6515,0.0676,-4.1330,-2.1630,-0.4142,-4.8704,-3.5042,0.0000,1,0.1016,0.0594,17.1686,-0.0017
17.2603,IMM-UKF-LOS,smooth,0.500,10.00,0.050,0,0.600,1,6.7904,27.7464,20.9561,6.5215,0.3600,0.3600,0.0411,6.0000,7.1822,0.0038,5.6798,0.6184,-119.5953,-25.1499,-118.9228,-26.1021,-118.9228,-26.1021,-119.3287,-26.0683,-122.3793,-23.8807,0.6725,-0.9522,0.6725,-0.9522,0.2666,-0.9184,162,0.0900,162,0,0.2809,0.6515,0.0676,-4.2404,-2.2301,-0.3611,-4.8633,-3.5141,0.0000,1,0.1016,0.0594,17.1686,-0.0017
17.2703,IMM-UKF-LOS,smooth,0.500,10.00,0.050,0,0.600,1,6.7985,27.7471,20.9485,6.5816,0.3600,0.3600,0.0409,6.0000,7.1822,0.0041,5.9240,0.6181,-119.6713,-25.0887,-118.9228,-26.1021,-118.9228,-26.1021,-119.3905,-26.0460,-122.4390,-23.9586,0.7484,-1.0134,0.7484,-1.0134,0.2807,-0.9573,162,0.1000,162,0,0.2809,0.6515,0.0676,-4.3464,-2.2966,-0.3078,-4.8561,-3.5240,0.0000,1,0.1016,0.0594,17.1686,-0.0017
17.2803,IMM-UKF-LOS,smooth,0.500,10.00,0.050,0,0.600,1,6.8058,27.7461,20.9403,6.6423,0.3600,0.3600,0.0408,6.0000,7.1822,0.0044,6.1430,0.6179,-119.7476,-25.0362,-118.9228,-26.1021,-118.9228,-26.1021,-119.4520,-26.0277,-122.4987,-24.0400,0.8248,-1.0659,0.8248,-1.0659,0.2956,-0.9916,162,0.1100,162,0,0.2809,0.6515,0.0676,-4.4512,-2.3626,-0.2544,-4.8489,-3.5339,0.0000,1,0.1128,0.0525,17.1686,0.0003
17.2903,IMM-UKF-LOS,smooth,0.500,10.00,0.050,0,0.600,1,6.8123,27.7435,20.9313,6.7034,0.3600,0.3600,0.0407,6.0000,7.1822,0.0047,6.3370,0.6176,-119.8244,-24.9922,-118.9228,-26.1021,-118.9228,-26.1021,-119.5132,-26.0135,-122.5582,-24.1248,0.9015,-1.1099,0.9015,-1.1099,0.3112,-1.0213,162,0.1200,162,0,0.2809,0.6515,0.0676,-4.5546,-2.4282,-0.2013,-4.8416,-3.5439,0.0000,1,0.1128,0.0525,17.1686,0.0003
17.3003,IMM-UKF-LOS,smooth,0.500,10.00,0.050,0,0.600,1,6.8178,27.7394,20.9216,6.7651,0.3600,0.3600,0.0406,6.0000,7.1822,0.0050,6.5062,0.6174,-119.9016,-24.9566,-118.9228,-26.1021,-118.9228,-26.1021,-119.5741,-26.0031,-122.6178,-24.2126,0.9787,-1.1455,0.9787,-1.1455,0.3275,-1.0465,162,0.1300,162,0,0.2809,0.6515,0.0676,-4.6569,-2.4932,-0.1486,-4.8342,-3.5539,0.0000,1,0.1128,0.0525,17.1686,0.0003
17.3103,IMM-UKF-LOS,smooth,0.500,10.00,0.050,0,0.600,1,6.8225,27.7337,20.9112,6.8273,0.3600,0.3600,0.0405,6.0000,7.1822,0.0053,6.6513,0.6171,-119.9793,-24.9293,-118.9228,-26.1021,-118.9228,-26.1021,-119.6346,-25.9966,-122.6772,-24.3034,1.0564,-1.1728,1.0564,-1.1728,0.3447,-1.0673,162,0.1400,162,0,0.2809,0.6515,0.0676,-4.7580,-2.5578,-0.0965,-4.8268,-3.5640,0.0000,1,0.1128,0.0525,17.1686,0.0003
17.3203,IMM-UKF-LOS,smooth,0.500,10.00,0.050,0,0.600,1,6.8263,27.7264,20.9001,6.8899,0.3600,0.3600,0.0404,6.0000,7.1822,0.0056,6.7725,0.6169,-120.0574,-24.9101,-118.9228,-26.1021,-118.9228,-26.1021,-119.6947,-25.9937,-122.7366,-24.3969,1.1346,-1.1920,1.1346,-1.1920,0.3627,-1.0836,162,0.1500,162,0,0.2809,0.6515,0.0676,-4.8581,-2.6221,-0.0452,-4.8194,-3.5741,0.0000,1,0.1128,0.0525,17.1686,0.0003
17.3303,IMM-UKF-LOS,smooth,0.500,10.00,0.050,0,0.600,1,6.8293,27.7176,20.8883,6.9531,0.3600,0.3600,0.0403,6.0000,7.1822,0.0058,6.8705,0.6167,-120.1362,-24.8990,-118.9228,-26.1021,-118.9228,-26.1021,-119.7546,-25.9945,-122.7959,-24.4930,1.2133,-1.2031,1.2133,-1.2031,0.3816,-1.0955,162,0.1600,162,0,0.2809,0.6515,0.0676,-4.9571,-2.6860,0.0053,-4.8118,-3.5842,0.0000,1,0.1128,0.0525,17.1686,0.0003
17.3403,IMM-UKF-LOS,smooth,0.500,10.00,0.050,0,0.600,1,6.8314,25.7956,18.9642,5.4616,0.3600,0.3600,0.0402,6.0000,6.7192,0.0016,2.9592,0.6165,-120.2155,-24.8959,-119.7476,-25.0362,-119.7476,-25.0362,-120.2040,-25.3904,-124.1550,-23.1141,0.4678,-0.1403,0.4678,-0.1403,0.0115,-0.4946,163,0.0600,163,0,0.3900,0.5544,0.0556,-5.0551,-2.7495,0.0547,-4.8042,-3.5944,0.0000,1,0.1128,0.0525,17.2806,0.0003
17.3503,IMM-UKF-LOS,smooth,0.500,10.00,0.050,0,0.600,1,6.8327,25.7779,18.9453,5.5120,0.3600,0.3600,0.0400,6.0000,6.7192,0.0019,2.7577,0.6163,-120.2953,-24.9005,-119.7476,-25.0362,-119.7476,-25.0362,-120.2818,-25.3613,-124.2375,-23.1828,0.5477,-0.1357,0.5477,-0.1357,0.0136,-0.4608,163,0.0700,163,0,0.3900,0.5544,0.0556,-5.1522,-2.8127,0.1029,-4.7966,-3.6046,0.0000,1,0.1128,0.0525,17.2806,0.0003
17.3603,IMM-UKF-LOS,smooth,0.500,10.00,0.050,0,0.600,1,6.8331,25.7586,18.9255,5.5631,0.3600,0.3600,0.0399,6.0000,6.7192,0.0021,2.5333,0.6161,-120.3759,-24.9127,-119.7476,-25.0362,-119.7476,-25.0362,-120.3593,-25.3359,-124.3201,-23.2539,0.6283,-0.1235,0.6283,-0.1235,0.0166,-0.4232,163,0.0800,163,0,0.3900,0.5544,0.0556,-5.2483,-2.8757,0.1499,-4.7889,-3.6148,0.0000,1,0.1128,0.0525,17.2806,0.0003
17.3703,IMM-UKF-LOS,smooth,0.500,10.00,0.050,0,0.600,1,6.8327,25.7377,18.9051,5.6147,0.3600,0.3600,0.0398,6.0000,6.7192,0.0023,2.2864,0.6159,-120.4570,-24.9324,-119.7476,-25.0362,-119.7476,-25.0362,-120.4366,-25.3142,-124.4029,-23.3270,0.7094,-0.1037,0.7094,-0.1037,0.0204,-0.3818,163,0.0900,163,0,0.3900,0.5544,0.0556,-5.3436,-2.9384,0.1954,-4.7811,-3.6251,0.0000,1,0.1128,0.0525,17.2806,0.0003
17.3803,IMM-UKF-LOS,smooth,0.500,10.00,0.050,0,0.600,1,6.8314,25.7152,18.8838,5.6668,0.3600,0.3600,0.0397,6.0000,6.7192,0.0025,2.0175,0.6157,-120.5389,-24.9595,-119.7476,-25.0362,-119.7476,-25.0362,-120.5137,-25.2960,-124.4860,-23.4021,0.7913,-0.0766,0.7913,-0.0766,0.0252,-0.3365,163,0.1000,163,0,0.3900,0.5544,0.0556,-5.4380,-3.0008,0.2394,-4.7732,-3.6354,0.0000,1,0.1128,0.0525,17.2806,0.0003
17.3903,IMM-UKF-LOS,smooth,0.500,10.00,0.050,0,0.600,1,6.8293,25.6911,18.8617,5.7195,0.3600,0.3600,0.0396,6.0000,6.7192,0.0026,1.7272,0.6156,-120.6215,-24.9939,-119.7476,-25.0362,-119.7476,-25.0362,-120.5905,-25.2812,-124.5692,-23.4788,0.8739,-0.0423,0.8739,-0.0423,0.0309,-0.2874,163,0.1100,163,0,0.3900,0.5544,0.0556,-5.5316,-3.0630,0.2816,-4.7653,-3.6458,0.0000,1,0.1128,0.0525,17.2806,0.0003
17.4003,IMM-UKF-LOS,smooth,0.500,10.00,0.050,0,0.600,1,6.8264,25.6653,18.8389,5.7728,0.3600,0.3600,0.0395,6.0000,6.7192,0.0028,1.4170,0.6154,-120.7048,-25.0353,-119.7476,-25.0362,-119.7476,-25.0362,-120.6672,-25.2697,-124.6526,-23.5568,0.9572,-0.0009,0.9572,-0.0009,0.0377,-0.2344,163,0.1200,163,0,0.3900,0.5544,0.0556,-5.6244,-3.1251,0.3221,-4.7574,-3.6561,0.0000,1,0.1079,0.0453,17.2806,-0.0003
17.4103,IMM-UKF-LOS,smooth,0.500,10.00,0.050,0,0.600,1,6.8226,25.6378,18.8152,5.8266,0.3600,0.3600,0.0394,6.0000,6.7192,0.0029,1.0908,0.6153,-120.7889,-25.0836,-119.7476,-25.0362,-119.7476,-25.0362,-120.7436,-25.2612,-124.7362,-23.6360,1.0413,0.0474,1.0413,0.0474,0.0454,-0.1776,163,0.1300,163,0,0.3900,0.5544,0.0556,-5.7165,-3.1869,0.3605,-4.7493,-3.6666,0.0000,1,0.1079,0.0453,17.2806,-0.0003
17.4203,IMM-UKF-LOS,smooth,0.500,10.00,0.050,0,0.600,1,6.8180,25.6087,18.7907,5.8809,0.3600,0.3600,0.0393,6.0000,6.7192,0.0030,0.7589,0.6152,-120.8739,-25.1387,-119.7476,-25.0362,-119.7476,-25.0362,-120.8197,-25.2557,-124.8200,-23.7159,1.1263,0.1025,1.1263,0.1025,0.0542,-0.1170,163,0.1400,163,0,0.3900,0.5544,0.0556,-5.8078,-3.2486,0.3968,-4.7413,-3.6770,0.0000,1,0.1079,0.0453,17.2806,-0.0003
17.4303,IMM-UKF-LOS,smooth,0.500,10.00,0.050,0,0.600,1,6.8126,25.5779,18.7653,5.9357,0.3600,0.3600,0.0392,6.0000,6.7192,0.0031,0.4677,0.6151,-120.9597,-25.2003,-119.7476,-25.0362,-119.7476,-25.0362,-120.8957,-25.2529,-124.9040,-23.7962,1.2121,0.1642,1.2121,0.1642,0.0640,-0.0525,163,0.1500,163,0,0.3900,0.5544,0.0556,-5.8984,-3.3102,0.4308,-4.7331,-3.6875,0.0000,1,0.1079,0.0453,17.2806,-0.0003
17.4403,IMM-UKF-LOS,smooth,0.500,10.00,0.050,0,0.600,1,6.8063,25.5453,18.7390,5.9911,0.3600,0.3600,0.0390,6.0000,6.7192,0.0031,0.4164,0.6150,-121.0463,-25.2684,-119.7476,-25.0362,-119.7476,-25.0362,-120.9714,-25.2526,-124.9881,-23.8766,1.2987,0.2323,1.2987,0.2323,0.0749,0.0159,163,0.1600,163,0,0.3900,0.5544,0.0556,-5.9884,-3.3716,0.4623,-4.7249,-3.6980,0.0000,1,0.1079,0.0453,17.2806,-0.0003
17.4503,IMM-UKF-LOS,smooth,0.500,10.00,0.050,0,0.600,1,6.7992,25.1456,18.3464,5.6841,0.3600,0.3600,0.0389,6.0000,6.7693,0.0005,2.7592,0.6150,-121.1339,-25.3428,-120.7048,-25.0353,-120.7048,-25.0353,-121.0064,-24.8962,-124.8906,-23.2069,0.4291,0.3075,0.4291,0.3075,0.1274,0.4465,164,0.0500,164,0,0.5761,0.3994,0.0245,-6.0777,-3.4329,0.4910,-4.7166,-3.7086,0.0000,1,0.1079,0.0453,17.4000,-0.0003
17.4603,IMM-UKF-LOS,smooth,0.500,10.00,0.050,0,0.600,1,6.7912,25.1182,18.3270,5.7343,0.3600,0.3600,0.0388,6.0000,6.7693,0.0005,3.3721,0.6149,-121.2224,-25.4231,-120.7048,-25.0353,-120.7048,-25.0353,-121.0808,-24.8742,-124.9715,-23.2589,0.5176,0.3879,0.5176,0.3879,0.1416,0.5489,164,0.0600,164,0,0.5761,0.3994,0.0245,-6.1663,-3.4941,0.5168,-4.7083,-3.7192,0.0000,1,0.1079,0.0453,17.4000,-0.0003
17.4703,IMM-UKF-LOS,smooth,0.500,10.00,0.050,0,0.600,1,6.7823,25.0891,18.3067,5.7849,0.3600,0.3600,0.0387,6.0000,6.7693,0.0006,4.0070,0.6149,-121.3119,-25.5093,-120.7048,-25.0353,-120.7048,-25.0353,-121.1550,-24.8548,-125.0526,-23.3100,0.6071,0.4741,0.6071,0.4741,0.1569,0.6546,164,0.0700,164,0,0.5761,0.3994,0.0245,-6.2544,-3.5553,0.5393,-4.6999,-3.7298,0.0000,1,0.1079,0.0453,17.4000,-0.0003
17.4803,IMM-UKF-LOS,smooth,0.500,10.00,0.050,0,0.600,1,6.7726,25.0581,18.2855,5.8360,0.3600,0.3600,0.0386,6.0000,6.7693,0.0005,4.6633,0.6150,-121.4023,-25.6011,-120.7048,-25.0353,-120.7048,-25.0353,-121.2289,-24.8376,-125.1338,-23.3595,0.6975,0.5658,0.6975,0.5658,0.1734,0.7635,164,0.0800,164,0,0.5761,0.3994,0.0245,-6.3417,-3.6163,0.5583,-4.6914,-3.7404,0.0000,1,0.1079,0.0453,17.4000,-0.0003
17.4903,IMM-UKF-LOS,smooth,0.500,10.00,0.050,0,0.600,1,6.7621,25.0254,18.2633,5.8875,0.3600,0.3600,0.0385,6.0000,6.7693,0.0006,5.3411,0.6149,-121.4939,-25.6981,-120.7048,-25.0353,-120.7048,-25.0353,-121.3026,-24.8223,-125.2152,-23.4067,0.7891,0.6629,0.7891,0.6629,0.1912,0.8758,164,0.0900,164,0,0.5761,0.3994,0.0245,-6.4285,-3.6773,0.5733,-4.6829,-3.7511,0.0000,1,0.1079,0.0453,17.4000,-0.0003
17.5003,IMM-UKF-LOS,smooth,0.500,10.00,0.050,0,0.600,1,6.7506,24.9907,18.2401,5.9395,0.3600,0.3600,0.0384,6.0000,6.7693,0.0006,6.0405,0.6150,-121.5865,-25.8002,-120.7048,-25.0353,-120.7048,-25.0353,-121.3761,-24.8087,-125.2966,-23.4506,0.8817,0.7650,0.8817,0.7650,0.2104,0.9915,164,0.1000,164,0,0.5761,0.3994,0.0245,-6.5145,-3.7381,0.5839,-4.6743,-3.7618,0.0000,1,0.1079,0.0453,17.4000,-0.0003
17.5103,IMM-UKF-LOS,smooth,0.500,10.00,0.050,0,0.600,1,6.7383,24.9541,18.2159,5.9920,0.3600,0.3600,0.0383,6.0000,6.7693,0.0006,6.7621,0.6151,-121.6802,-25.9070,-120.7048,-25.0353,-120.7048,-25.0353,-121.4493,-24.7962,-125.3782,-23.4901,0.9754,0.8717,0.9754,0.8717,0.2310,1.1107,164,0.1100,164,0,0.5761,0.3994,0.0245,-6.5998,-3.7988,0.5895,-4.6656,-3.7726,0.0000,1,0.0997,0.0513,17.4000,-0.0015
17.5203,IMM-UKF-LOS,smooth,0.500,10.00,0.050,0,0.600,1,6.7250,24.9155,18.1905,6.0449,0.3600,0.3600,0.0382,6.0000,6.7693,0.0007,7.5064,0.6153,-121.7751,-26.0180,-120.7048,-25.0353,-120.7048,-25.0353,-121.5222,-24.7844,-125.4598,-23.5237,1.0703,0.9827,1.0703,0.9827,0.2529,1.2336,164,0.1200,164,0,0.5761,0.3994,0.0245,-6.6844,-3.8594,0.5894,-4.6569,-3.7833,0.0000,1,0.0997,0.0513,17.4000,-0.0015
17.5303,IMM-UKF-LOS,smooth,0.500,10.00,0.050,0,0.600,1,6.7108,24.8748,18.1640,6.0983,0.3600,0.3600,0.0381,6.0000,6.7693,0.0008,8.2747,0.6154,-121.8712,-26.1328,-120.7048,-25.0353,-120.7048,-25.0353,-121.5949,-24.7726,-125.5415,-23.5497,1.1664,1.0975,1.1664,1.0975,0.2763,1.3602,164,0.1300,164,0,0.5761,0.3994,0.0245,-6.7679,-3.9197,0.5826,-4.6481,-3.7941,0.0000,1,0.0997,0.0513,17.4000,-0.0015
17.5403,IMM-UKF-LOS,smooth,0.500,10.00,0.050,0,0.600,1,6.6957,24.8319,18.1362,6.1522,0.3600,0.3600,0.0380,6.0000,6.7693,0.0010,9.0684,0.6157,-121.9686,-26.2508,-120.7048,-25.0353,-120.7048,-25.0353,-121.6674,-24.7600,-125.6233,-23.5655,1.2637,1.2156,1.2637,1.2156,0.3011,1.4909,164,0.1400,164,0,0.5761,0.3994,0.0245,-6.8503,-3.9795,0.5681,-4.6392,-3.8050,0.0000,1,0.0997,0.0513,17.4000,-0.0015
17.5503,IMM-UKF-LOS,smooth,0.500,10.00,0.050,0,0.600,1,6.6796,24.7867,18.1071,6.2064,0.3600,0.3600,0.0379,6.0000,6.7693,0.0013,9.8900,0.6160,-122.0672,-26.3714,-120.7048,-25.0353,-120.7048,-25.0353,-121.7397,-24.7453,-125.7050,-23.5677,1.3624,1.3361,1.3624,1.3361,0.3275,1.6261,164,0.1500,164,0,0.5761,0.3994,0.0245,-6.9311,-4.0386,0.5440,-4.6303,-3.8158,0.0000,1,0.0997,0.0513,17.4000,-0.0015
17.5603,IMM-UKF-LOS,smooth,0.500,10.00,0.050,0,0.600,1,6.6625,24.7391,18.0767,6.2612,0.3600,0.3600,0.0378,6.0000,6.7693,0.0016,10.7434,0.6163,-122.1671,-26.4935,-120.7048,-25.0353,-120.7048,-25.0353,-121.8116,-24.7271,-125.7867,-23.5513,1.4623,1.4582,1.4623,1.4582,0.3555,1.7664,164,0.1600,164,0,0.5761,0.3994,0.0245,-7.0095,-4.0965,0.5081,-4.6213,-3.8267,0.0000,1,0.0997,0.0513,17.4000,-0.0015
17.5703,IMM-UKF-LOS,smooth,0.500,10.00,0.050,0,0.600,1,6.6443,24.7863,18.1420,6.4351,0.3600,0.3600,0.0378,6.0000,6.0547,0.0020,5.3510,0.6168,-122.2684,-26.6159,-121.6802,-25.9070,-121.6802,-25.9070,-122.1154,-25.7321,-126.5331,-26.7038,0.5882,0.7089,0.5882,0.7089,0.1530,0.8838,165,0.0600,165,0,0.7060,0.2690,0.0250,-7.0840,-4.1522,0.4570,-4.6122,-3.8376,0.0000,1,0.0997,0.0513,17.5088,-0.0015
17.5803,IMM-UKF-LOS,smooth,0.500,10.00,0.050,0,0.600,1,6.6251,24.7492,18.1241,6.4888,0.3600,0.3600,0.0377,6.0000,6.0547,0.0026,5.9944,0.6173,-122.3712,-26.7366,-121.6802,-25.9070,-121.6802,-25.9070,-122.1967,-25.7470,-126.6262,-26.6866,0.6909,0.8297,0.6909,0.8297,0.1745,0.9896,165,0.0700,165,0,0.7060,0.2690,0.0250,-7.1518,-4.2037,0.3852,-4.6031,-3.8485,0.0000,1,0.0997,0.0513,17.5088,-0.0015
17.5903,IMM-UKF-LOS,smooth,0.500,10.00,0.050,0,0.600,1,6.6049,24.7102,18.1052,6.5428,0.3600,0.3600,0.0376,6.0000,6.0547,0.0033,6.6577,0.6180,-122.4754,-26.8530,-121.6802,-25.9070,-121.6802,-25.9070,-122.2779,-25.7545,-126.7182,-26.6207,0.7952,0.9461,0.7952,0.9461,0.1976,1.0985,165,0.0800,165,0,0.7060,0.2690,0.0250,-7.2062,-4.2465,0.2846,-4.5939,-3.8595,0.0000,1,0.0997,0.0513,17.5088,-0.0015
17.6003,IMM-UKF-LOS,smooth,0.500,10.00,0.050,0,0.600,1,6.5838,24.6704,18.0866,6.5973,0.3600,0.3600,0.0375,6.0000,6.0547,0.0042,7.3506,0.6188,-122.5814,-26.9606,-121.6802,-25.9070,-121.6802,-25.9070,-122.3592,-25.7484,-126.8076,-26.4768,0.9011,1.0537,0.9011,1.0537,0.2222,1.2123,165,0.0900,165,0,0.7060,0.2690,0.0250,-7.2310,-4.2697,0.1450,-4.5847,-3.8705,0.0000,1,0.0997,0.0513,17.5088,-0.0015
17.6103,IMM-UKF-LOS,smooth,0.500,10.00,0.050,0,0.600,1,6.5622,24.6341,18.0718,6.6521,0.3600,0.3600,0.0374,6.0000,6.0547,0.0052,8.0807,0.6198,-122.6891,-27.0535,-121.6802,-25.9070,-121.6802,-25.9070,-122.4410,-25.7215,-126.8911,-26.2273,1.0089,1.1466,1.0089,1.1466,0.2482,1.3321,165,0.1000,165,0,0.7060,0.2690,0.0250,-7.1936,-4.2507,-0.0315,-4.5754,-3.8815,0.0000,1,0.1118,0.0509,17.5088,-0.0001
17.6203,IMM-UKF-LOS,smooth,0.500,10.00,0.050,0,0.600,1,6.5412,24.6075,18.0663,6.7074,0.3600,0.3600,0.0374,6.0000,6.0547,0.0063,8.8108,0.6209,-122.7991,-27.1280,-121.6802,-25.9070,-121.6802,-25.9070,-122.5237,-25.6764,-126.9662,-25.9099,1.1189,1.2211,1.1189,1.2211,0.2754,1.4516,165,0.1100,165,0,0.7060,0.2690,0.0250,-7.0729,-4.1749,-0.2012,-4.5660,-3.8925,0.0000,1,0.1118,0.0509,17.5088,-0.0001
17.6303,IMM-UKF-LOS,smooth,0.500,10.00,0.050,0,0.600,1,6.5215,24.5915,18.0700,6.7630,0.3600,0.3600,0.0373,6.0000,6.0547,0.0074,9.4799,0.6220,-122.9113,-27.1848,-121.6802,-25.9070,-121.6802,-25.9070,-122.6072,-25.6242,-127.0356,-25.5981,1.2311,1.2778,1.2311,1.2778,0.3042,1.5606,165,0.1200,165,0,0.7060,0.2690,0.0250,-6.8985,-4.0620,-0.3280,-4.5565,-3.9036,0.0000,1,0.1118,0.0509,17.5088,-0.0001
17.6403,IMM-UKF-LOS,smooth,0.500,10.00,0.050,0,0.600,1,6.5034,24.5836,18.0802,6.8190,0.3600,0.3600,0.0372,6.0000,6.0547,0.0085,10.0696,0.6231,-123.0258,-27.2255,-121.6802,-25.9070,-121.6802,-25.9070,-122.6911,-25.5698,-127.1021,-25.3159,1.3456,1.3186,1.3456,1.3186,0.3347,1.6558,165,0.1300,165,0,0.7060,0.2690,0.0250,-6.7024,-3.9337,-0.4151,-4.5470,-3.9146,0.0000,1,0.1118,0.0509,17.5088,-0.0001
17.6503,IMM-UKF-LOS,smooth,0.500,10.00,0.050,0,0.600,1,6.4872,24.5821,18.0948,6.8754,0.3600,0.3600,0.0372,6.0000,6.0547,0.0096,10.5848,0.6242,-123.1426,-27.2520,-121.6802,-25.9070,-121.6802,-25.9070,-122.7754,-25.5142,-127.1670,-25.0618,1.4624,1.3451,1.4624,1.3451,0.3672,1.7379,165,0.1400,165,0,0.7060,0.2690,0.0250,-6.4994,-3.8001,-0.4738,-4.5375,-3.9258,0.0000,1,0.1118,0.0509,17.5088,-0.0001
17.6603,IMM-UKF-LOS,smooth,0.500,10.00,0.050,0,0.600,1,6.4731,24.5864,18.1133,6.9321,0.3600,0.3600,0.0371,6.0000,6.0547,0.0107,11.0363,0.6253,-123.2616,-27.2656,-121.6802,-25.9070,-121.6802,-25.9070,-122.8600,-25.4569,-127.2307,-24.8284,1.5813,1.3586,1.5813,1.3586,0.4016,1.8087,165,0.1500,165,0,0.7060,0.2690,0.0250,-6.2933,-3.6639,-0.5125,-4.5278,-3.9369,0.0000,1,0.1118,0.0509,17.5088,-0.0001
17.6703,IMM-UKF-LOS,smooth,0.500,10.00,0.050,0,0.600,1,6.4610,22.3730,15.9120,5.3313,0.3600,0.3600,0.0371,6.0000,4.4125,0.0066,7.4139,0.6263,-123.3826,-27.2671,-122.6891,-27.0535,-122.6891,-27.0535,-122.8414,-26.1263,-127.3126,-26.3220,0.6935,0.2136,0.6935,0.2136,0.5412,1.1408,166,0.0600,166,0,0.7039,0.2722,0.0239,-6.0860,-3.5263,-0.5363,-4.5181,-3.9480,0.0000,1,0.1118,0.0509,17.6102,-0.0001
17.6803,IMM-UKF-LOS,smooth,0.500,10.00,0.050,0,0.600,1,6.4512,22.3498,15.8986,5.3752,0.3600,0.3600,0.0370,6.0000,4.4125,0.0075,7.5409,0.6271,-123.5057,-27.2576,-122.6891,-27.0535,-122.6891,-27.0535,-122.9239,-26.1095,-127.3817,-26.1326,0.8165,0.2040,0.8165,0.2040,0.5818,1.1481,166,0.0700,166,0,0.7039,0.2722,0.0239,-5.8785,-3.3880,-0.5484,-4.5083,-3.9592,0.0000,1,0.1118,0.0509,17.6102,-0.0001
17.6903,IMM-UKF-LOS,smooth,0.500,10.00,0.050,0,0.600,1,6.4435,22.3312,15.8877,5.4196,0.3600,0.3600,0.0370,6.0000,4.4125,0.0083,7.6433,0.6280,-123.6306,-27.2377,-122.6891,-27.0535,-122.6891,-27.0535,-123.0068,-26.0883,-127.4500,-25.9535,0.9415,0.1841,0.9415,0.1841,0.6239,1.1493,166,0.0800,166,0,0.7039,0.2722,0.0239,-5.6728,-3.2505,-0.5505,-4.4985,-3.9704,0.0000,1,0.1118,0.0509,17.6102,-0.0001
17.7003,IMM-UKF-LOS,smooth,0.500,10.00,0.050,0,0.600,1,6.4380,22.3172,15.8792,5.4643,0.3600,0.3600,0.0369,6.0000,4.4125,0.0090,7.7237,0.6286,-123.7574,-27.2082,-122.6891,-27.0535,-122.6891,-27.0535,-123.0901,-26.0634,-127.5175,-25.7841,1.0682,0.1547,1.0682,0.1547,0.6673,1.1448,166,0.0900,166,0,0.7039,0.2722,0.0239,-5.4693,-3.1138,-0.5442,-4.4886,-3.9816,0.0000,1,0.1118,0.0509,17.6102,-0.0001
17.7103,IMM-UKF-LOS,smooth,0.500,10.00,0.050,0,0.600,1,6.4348,22.3078,15.8730,5.5094,0.3600,0.3600,0.0369,6.0000,4.4125,0.0096,7.7847,0.6292,-123.8858,-27.1698,-122.6891,-27.0535,-122.6891,-27.0535,-123.1737,-26.0353,-127.5843,-25.6238,1.1967,0.1163,1.1967,0.1163,0.7121,1.1346,166,0.1000,166,0,0.7039,0.2722,0.0239,-5.2681,-2.9784,-0.5304,-4.4786,-3.9928,0.0000,1,0.1118,0.0509,17.6102,-0.0001
17.7203,IMM-UKF-LOS,smooth,0.500,10.00,0.050,0,0.600,1,6.4338,22.3030,15.8692,5.5549,0.3600,0.3600,0.0368,6.0000,4.4125,0.0101,7.8290,0.6297,-124.0158,-27.1233,-122.6891,-27.0535,-122.6891,-27.0535,-123.2576,-26.0043,-127.6504,-25.4725,1.3266,0.0698,1.3266,0.0698,0.7582,1.1190,166,0.1100,166,0,0.7039,0.2722,0.0239,-5.0697,-2.8442,-0.5097,-4.4685,-4.0040,0.0000,1,0.1118,0.0509,17.6102,-0.0001
17.7303,IMM-UKF-LOS,smooth,0.500,10.00,0.050,0,0.600,1,6.4350,22.3027,15.8677,5.6009,0.3600,0.3600,0.0368,6.0000,4.4125,0.0103,7.8594,0.6300,-124.1472,-27.0693,-122.6891,-27.0535,-122.6891,-27.0535,-123.3419,-25.9711,-127.7157,-25.3305,1.4581,0.0158,1.4581,0.0158,0.8054,1.0982,166,0.1200,166,0,0.7039,0.2722,0.0239,-4.8740,-2.7114,-0.4824,-4.4584,-4.0153,0.0000,1,0.1087,0.0489,17.6102,-0.0012
17.7403,IMM-UKF-LOS,smooth,0.500,10.00,0.050,0,0.600,1,6.4385,22.3069,15.8684,5.6472,0.3600,0.3600,0.0368,6.0000,4.4125,0.0106,7.8784,0.6302,-124.2800,-27.0085,-122.6891,-27.0535,-122.6891,-27.0535,-123.4263,-25.9362,-127.7805,-25.1982,1.5908,-0.0450,1.5908,-0.0450,0.8536,1.0723,166,0.1300,166,0,0.7039,0.2722,0.0239,-4.6813,-2.5802,-0.4486,-4.4482,-4.0266,0.0000,1,0.1087,0.0489,17.6102,-0.0012
17.7503,IMM-UKF-LOS,smooth,0.500,10.00,0.050,0,0.600,1,6.4442,22.3156,15.8714,5.6940,0.3600,0.3600,0.0368,6.0000,4.4125,0.0106,7.8887,0.6303,-124.4139,-26.9417,-122.6891,-27.0535,-122.6891,-27.0535,-123.5110,-25.9003,-127.8447,-25.0765,1.7248,-0.1118,1.7248,-0.1118,0.9029,1.0414,166,0.1400,166,0,0.7039,0.2722,0.0239,-4.4918,-2.4507,-0.4084,-4.4380,-4.0379,0.0000,1,0.1087,0.0489,17.6102,-0.0012
17.7603,IMM-UKF-LOS,smooth,0.500,10.00,0.050,0,0.600,1,6.4522,22.3288,15.8766,5.7412,0.3600,0.3600,0.0367,6.0000,4.4125,0.0105,7.8927,0.6302,-124.5490,-26.8696,-122.6891,-27.0535,-122.6891,-27.0535,-123.5959,-25.8642,-127.9084,-24.9666,1.8598,-0.1839,1.8598,-0.1839,0.9530,1.0054,166,0.1500,166,0,0.7039,0.2722,0.0239,-4.3057,-2.3231,-0.3612,-4.4277,-4.0492,0.0000,1,0.1087,0.0489,17.6102,-0.0012
17.7703,IMM-UKF-LOS,smooth,0.500,10.00,0.050,0,0.600,1,6.4624,22.3463,15.8840,5.7887,0.3600,0.3600,0.0367,6.0000,4.4125,0.0102,7.8927,0.6299,-124.6850,-26.7931,-122.6891,-27.0535,-122.6891,-27.0535,-123.6810,-25.8287,-127.9715,-24.8703,1.9958,-0.2604,1.9958,-0.2604,1.0040,0.9644,166,0.1600,166,0,0.7039,0.2722,0.0239,-4.1235,-2.1977,-0.3065,-4.4173,-4.0605,0.0000,1,0.1087,0.0489,17.6102,-0.0012
17.7803,IMM-UKF-LOS,smooth,0.500,10.00,0.050,0,0.600,1,6.4748,22.4742,15.9994,5.7261,0.3600,0.3600,0.0367,6.0000,4.6303,0.0010,2.4317,0.6295,-124.8217,-26.7132,-124.1472,-27.0693,-124.1472,-27.0693,-124.5599,-27.0459,-130.5056,-27.9881,0.6745,-0.3561,0.6745,-0.3561,0.2619,-0.3327,167,0.0500,167,0,0.6567,0.3171,0.0262,-3.9457,-2.0750,-0.2433,-4.4068,-4.0718,0.0000,1,0.1087,0.0489,17.7291,-0.0012
17.7903,IMM-UKF-LOS,smooth,0.500,10.00,0.050,0,0.600,1,6.4895,22.4760,15.9865,5.7728,0.3600,0.3600,0.0366,6.0000,4.6303,0.0016,2.9912,0.6289,-124.9593,-26.6311,-124.1472,-27.0693,-124.1472,-27.0693,-124.6751,-27.0620,-130.5923,-27.9565,0.8120,-0.4382,0.8120,-0.4382,0.2842,-0.4310,167,0.0600,167,0,0.6567,0.3171,0.0262,-3.7733,-1.9558,-0.1700,-4.3963,-4.0832,0.0000,1,0.1087,0.0489,17.7291,-0.0012
17.8003,IMM-UKF-LOS,smooth,0.500,10.00,0.050,0,0.600,1,6.5064,22.4821,15.9757,5.8199,0.3600,0.3600,0.0366,6.0000,4.6303,0.0024,3.5756,0.6282,-125.0974,-26.5481,-124.1472,-27.0693,-124.1472,-27.0693,-124.7903,-27.0793,-130.6785,-27.9457,0.9501,-0.5212,0.9501,-0.5212,0.3070,-0.5312,167,0.0700,167,0,0.6567,0.3171,0.0262,-3.6081,-1.8412,-0.0840,-4.3857,-4.0946,0.0000,1,0.1087,0.0489,17.7291,-0.0012
17.8103,IMM-UKF-LOS,smooth,0.500,10.00,0.050,0,0.600,1,6.5254,22.4923,15.9669,5.8674,0.3600,0.3600,0.0366,6.0000,4.6303,0.0033,4.1817,0.6272,-125.2359,-26.4662,-124.1472,-27.0693,-124.1472,-27.0693,-124.9055,-27.1000,-130.7648,-27.9650,1.0887,-0.6031,1.0887,-0.6031,0.3304,-0.6337,167,0.0800,167,0,0.6567,0.3171,0.0262,-3.4532,-1.7339,0.0188,-4.3751,-4.1060,0.0000,1,0.1087,0.0489,17.7291,-0.0012
17.8203,IMM-UKF-LOS,smooth,0.500,10.00,0.050,0,0.600,1,6.5465,22.5061,15.9596,5.9152,0.3600,0.3600,0.0366,6.0000,4.6303,0.0045,4.8129,0.6261,-125.3747,-26.3882,-124.1472,-27.0693,-124.1472,-27.0693,-125.0205,-27.1279,-130.8523,-28.0304,1.2275,-0.6811,1.2275,-0.6811,0.3543,-0.7397,167,0.0900,167,0,0.6567,0.3171,0.0262,-3.3160,-1.6393,0.1447,-4.3643,-4.1174,0.0000,1,0.1087,0.0489,17.7291,-0.0012
17.8303,IMM-UKF-LOS,smooth,0.500,10.00,0.050,0,0.600,1,6.5694,22.5216,15.9522,5.9634,0.3600,0.3600,0.0365,6.0000,4.6303,0.0059,5.4815,0.6247,-125.5137,-26.3180,-124.1472,-27.0693,-124.1472,-27.0693,-125.1350,-27.1696,-130.9436,-28.1688,1.3664,-0.7513,1.3664,-0.7513,0.3787,-0.8515,167,0.1000,167,0,0.6567,0.3171,0.0262,-3.2138,-1.5707,0.3010,-4.3535,-4.1288,0.0000,1,0.1087,0.0489,17.7291,-0.0012
17.8403,IMM-UKF-LOS,smooth,0.500,10.00,0.050,0,0.600,1,6.5935,22.5332,15.9397,6.0120,0.3600,0.3600,0.0365,6.0000,4.6303,0.0075,6.1978,0.6231,-125.6524,-26.2608,-124.1472,-27.0693,-124.1472,-27.0693,-125.2483,-27.2319,-131.0441,-28.4021,1.5052,-0.8085,1.5052,-0.8085,0.4041,-0.9711,167,0.1100,167,0,0.6567,0.3171,0.0262,-3.1814,-1.5548,0.4780,-4.3427,-4.1402,0.0000,1,0.1027,0.0554,17.7291,-0.0000
17.8503,IMM-UKF-LOS,smooth,0.500,10.00,0.050,0,0.600,1,6.6176,22.5339,15.9163,6.0610,0.3600,0.3600,0.0365,6.0000,4.6303,0.0092,6.9080,0.6215,-125.7906,-26.2176,-124.1472,-27.0693,-124.1472,-27.0693,-125.3601,-27.3064,-131.1563,-28.6714,1.6434,-0.8517,1.6434,-0.8517,0.4305,-1.0888,167,0.1200,167,0,0.6567,0.3171,0.0262,-3.2323,-1.6024,0.6200,-4.3317,-4.1516,0.0000,1,0.1027,0.0554,17.7291,-0.0000
17.8603,IMM-UKF-LOS,smooth,0.500,10.00,0.050,0,0.600,1,6.6410,22.5253,15.8843,6.1103,0.3600,0.3600,0.0364,6.0000,4.6303,0.0109,7.5472,0.6197,-125.9283,-26.1857,-124.1472,-27.0693,-124.1472,-27.0693,-125.4708,-27.3792,-131.2748,-28.9054,1.7811,-0.8836,1.7811,-0.8836,0.4575,-1.1935,167,0.1300,167,0,0.6567,0.3171,0.0262,-3.3241,-1.6816,0.7029,-4.3207,-4.1631,0.0000,1,0.1027,0.0554,17.7291,-0.0000
17.8703,IMM-UKF-LOS,smooth,0.500,10.00,0.050,0,0.600,1,6.6634,22.5106,15.8473,6.1600,0.3600,0.3600,0.0364,6.0000,4.6303,0.0126,8.1156,0.6181,-126.0654,-26.1624,-124.1472,-27.0693,-124.1472,-27.0693,-125.5807,-27.4480,-131.3957,-29.1001,1.9182,-0.9069,1.9182,-0.9069,0.4847,-1.2856,167,0.1400,167,0,0.6567,0.3171,0.0262,-3.4282,-1.7707,0.7443,-4.3097,-4.1745,0.0000,1,0.1027,0.0554,17.7291,-0.0000
17.8803,IMM-UKF-LOS,smooth,0.500,10.00,0.050,0,0.600,1,6.6845,22.4918,15.8072,6.2101,0.3600,0.3600,0.0364,6.0000,4.6303,0.0143,8.6292,0.6164,-126.2020,-26.1457,-124.1472,-27.0693,-124.1472,-27.0693,-125.6900,-27.5136,-131.5176,-29.2668,2.0548,-0.9236,2.0548,-0.9236,0.5120,-1.3680,167,0.1500,167,0,0.6567,0.3171,0.0262,-3.5350,-1.8623,0.7598,-4.2985,-4.1860,0.0000,1,0.1027,0.0554,17.7291,-0.0000
17.8903,IMM-UKF-LOS,smooth,0.500,10.00,0.050,0,0.600,1,6.7045,22.4694,15.7649,6.2606,0.3600,0.3600,0.0363,6.0000,4.6303,0.0159,9.1011,0.6149,-126.3382,-26.1342,-124.1472,-27.0693,-124.1472,-27.0693,-125.7988,-27.5772,-131.6401,-29.4137,2.1909,-0.9351,2.1909,-0.9351,0.5394,-1.4430,167,0.1600,167,0,0.6567,0.3171,0.0262,-3.6416,-1.9542,0.7584,-4.2873,-4.1975,0.0000,1,0.1027,0.0554,17.7291,-0.0000
17.9003,IMM-UKF-LOS,smooth,0.500,10.00,0.050,0,0.600,1,6.7231,23.9708,17.2477,4.9771,0.3600,0.3600,0.0363,6.0000,6.2770,0.0099,3.1850,0.6134,-126.4740,-26.1270,-125.6524,-26.2608,-125.6524,-26.2608,-126.3285,-26.6432,-132.6220,-26.7591,0.8216,-0.1338,0.8216,-0.1338,0.1455,-0.5162,168,0.0600,168,0,0.6337,0.3428,0.0235,-3.7469,-2.0455,0.7453,-4.2761,-4.2089,0.0000,1,0.1027,0.0554,17.8403,-0.0000
17.9103,IMM-UKF-LOS,smooth,0.500,10.00,0.050,0,0.600,1,6.7404,23.9674,17.2270,5.0186,0.3600,0.3600,0.0362,6.0000,6.2770,0.0114,3.2906,0.6120,-126.6096,-26.1233,-125.6524,-26.2608,-125.6524,-26.2608,-126.4540,-26.6554,-132.7515,-26.8158,0.9572,-0.1375,0.9572,-0.1375,0.1556,-0.5321,168,0.0700,168,0,0.6337,0.3428,0.0235,-3.8505,-2.1360,0.7238,-4.2647,-4.2204,0.0000,1,0.1027,0.0554,17.8403,-0.0000
17.9203,IMM-UKF-LOS,smooth,0.500,10.00,0.050,0,0.600,1,6.7564,23.9614,17.2050,5.0606,0.3600,0.3600,0.0362,6.0000,6.2770,0.0127,3.3838,0.6107,-126.7449,-26.1224,-125.6524,-26.2608,-125.6524,-26.2608,-126.5789,-26.6682,-132.8812,-26.8657,1.0925,-0.1383,1.0925,-0.1383,0.1660,-0.5458,168,0.0800,168,0,0.6337,0.3428,0.0235,-3.9523,-2.2254,0.6958,-4.2533,-4.2319,0.0000,1,0.1027,0.0554,17.8403,-0.0000
17.9303,IMM-UKF-LOS,smooth,0.500,10.00,0.050,0,0.600,1,6.7711,23.9528,17.1817,5.1031,0.3600,0.3600,0.0361,6.0000,6.2770,0.0140,3.4666,0.6094,-126.8801,-26.1240,-125.6524,-26.2608,-125.6524,-26.2608,-126.7033,-26.6815,-133.0111,-26.9099,1.2277,-0.1367,1.2277,-0.1367,0.1768,-0.5574,168,0.0900,168,0,0.6337,0.3428,0.0235,-4.0523,-2.3139,0.6628,-4.2418,-4.2434,0.0000,1,0.1027,0.0554,17.8403,-0.0000
17.9403,IMM-UKF-LOS,smooth,0.500,10.00,0.050,0,0.600,1,6.7844,23.9416,17.1571,5.1460,0.3600,0.3600,0.0361,6.0000,6.2770,0.0151,3.5405,0.6083,-127.0152,-26.1277,-125.6524,-26.2608,-125.6524,-26.2608,-126.8271,-26.6950,-133.1413,-26.9495,1.3628,-0.1331,1.3628,-0.1331,0.1881,-0.5673,168,0.1000,168,0,0.6337,0.3428,0.0235,-4.1505,-2.4014,0.6258,-4.2303,-4.2550,0.0000,1,0.1027,0.0554,17.8403,-0.0000
17.9503,IMM-UKF-LOS,smooth,0.500,10.00,0.050,0,0.600,1,6.7964,23.9278,17.1314,5.1894,0.3600,0.3600,0.0360,6.0000,6.2770,0.0162,3.6068,0.6072,-127.1503,-26.1330,-125.6524,-26.2608,-125.6524,-26.2608,-126.9504,-26.7087,-133.2718,-26.9850,1.4979,-0.1278,1.4979,-0.1278,0.1999,-0.5757,168,0.1100,168,0,0.6337,0.3428,0.0235,-4.2469,-2.4880,0.5856,-4.2187,-4.2665,0.0000,1,0.0832,0.0537,17.8403,0.0010
17.9603,IMM-UKF-LOS,smooth,0.500,10.00,0.050,0,0.600,1,6.8071,23.9115,17.1044,5.2332,0.3600,0.3600,0.0360,6.0000,6.2770,0.0171,3.6667,0.6063,-127.2854,-26.1397,-125.6524,-26.2608,-125.6524,-26.2608,-127.0732,-26.7225,-133.4025,-27.0171,1.6330,-0.1210,1.6330,-0.1210,0.2122,-0.5827,168,0.1200,168,0,0.6337,0.3428,0.0235,-4.3416,-2.5736,0.5429,-4.2070,-4.2780,0.0000,1,0.0832,0.0537,17.8403,0.0010
17.9703,IMM-UKF-LOS,smooth,0.500,10.00,0.050,0,0.600,1,6.8165,23.8928,17.0763,5.2775,0.3600,0.3600,0.0359,6.0000,6.2770,0.0180,3.7214,0.6055,-127.4207,-26.1477,-125.6524,-26.2608,-125.6524,-26.2608,-127.1955,-26.7362,-133.5334,-27.0460,1.7683,-0.1131,1.7683,-0.1131,0.2252,-0.5885,168,0.1300,168,0,0.6337,0.3428,0.0235,-4.4347,-2.6584,0.4979,-4.1952,-4.2895,0.0000,1,0.0832,0.0537,17.8403,0.0010
17.9803,IMM-UKF-LOS,smooth,0.500,10.00,0.050,0,0.600,1,6.8246,23.8716,17.0471,5.3222,0.3600,0.3600,0.0358,6.0000,6.2770,0.0188,3.7719,0.6047,-127.5561,-26.1567,-125.6524,-26.2608,-125.6524,-26.2608,-127.3173,-26.7498,-133.6646,-27.0722,1.9037,-0.1041,1.9037,-0.1041,0.2388,-0.5931,168,0.1400,168,0,0.6337,0.3428,0.0235,-4.5262,-2.7423,0.4512,-4.1834,-4.3011,0.0000,1,0.0832,0.0537,17.8403,0.0010
17.9903,IMM-UKF-LOS,smooth,0.500,10.00,0.050,0,0.600,1,6.8313,23.8480,17.0167,5.3674,0.3600,0.3600,0.0358,6.0000,6.2770,0.0194,3.8190,0.6041,-127.6917,-26.1665,-125.6524,-26.2608,-125.6524,-26.2608,-127.4386,-26.7633,-133.7961,-27.0960,2.0393,-0.0943,2.0393,-0.0943,0.2531,-0.5968,168,0.1500,168,0,0.6337,0.3428,0.0235,-4.6161,-2.8254,0.4031,-4.1715,-4.3126,0.0000,1,0.0832,0.0537,17.8403,0.0010
18.0003,IMM-UKF-LOS,smooth,0.500,10.00,0.050,0,0.600,1,6.8368,23.8220,16.9852,5.4131,0.3600,0.3600,0.0357,6.0000,6.2770,0.0200,3.8637,0.6036,-127.8276,-26.1769,-125.6524,-26.2608,-125.6524,-26.2608,-127.5595,-26.7765,-133.9278,-27.1175,2.1752,-0.0839,2.1752,-0.0839,0.2681,-0.5996,168,0.1600,168,0,0.6337,0.3428,0.0235,-4.7045,-2.9078,0.3537,-4.1596,-4.3241,0.0000,1,0.0832,0.0537,17.8403,0.0010
18.0103,IMM-UKF-LOS,smooth,0.500,10.00,0.050,0,0.600,1,6.8410,22.9979,16.1569,4.7953,0.3600,0.3600,0.0357,6.0000,6.2186,0.0042,1.0912,0.6031,-127.9638,-26.1880,-127.1503,-26.1330,-127.1503,-26.1330,-127.8203,-26.3172,-134.5458,-25.8882,0.8136,0.0550,0.8136,0.0550,0.1436,-0.1292,169,0.0600,169,0,0.7251,0.2529,0.0220,-4.7915,-2.9894,0.3034,-4.1475,-4.3357,0.0000,1,0.0832,0.0537,17.9513,0.0010
18.0203,IMM-UKF-LOS,smooth,0.500,10.00,0.050,0,0.600,1,6.8440,22.9756,16.1316,4.8343,0.3600,0.3600,0.0356,6.0000,6.2186,0.0046,1.0560,0.6027,-128.1005,-26.1994,-127.1503,-26.1330,-127.1503,-26.1330,-127.9497,-26.3128,-134.6872,-25.8840,0.9502,0.0664,0.9502,0.0664,0.1508,-0.1134,169,0.0700,169,0,0.7251,0.2529,0.0220,-4.8770,-3.0702,0.2522,-4.1354,-4.3472,0.0000,1,0.0832,0.0537,17.9513,0.0010
18.0303,IMM-UKF-LOS,smooth,0.500,10.00,0.050,0,0.600,1,6.8456,22.9509,16.1053,4.8736,0.3600,0.3600,0.0356,6.0000,6.2186,0.0048,1.0321,0.6025,-128.2375,-26.2112,-127.1503,-26.1330,-127.1503,-26.1330,-128.0786,-26.3085,-134.8289,-25.8781,1.0873,0.0782,1.0873,0.0782,0.1589,-0.0972,169,0.0800,169,0,0.7251,0.2529,0.0220,-4.9612,-3.1504,0.2004,-4.1233,-4.3587,0.0000,1,0.0832,0.0537,17.9513,0.0010
18.0403,IMM-UKF-LOS,smooth,0.500,10.00,0.050,0,0.600,1,6.8461,22.9238,16.0778,4.9134,0.3600,0.3600,0.0355,6.0000,6.2186,0.0050,1.0221,0.6023,-128.3751,-26.2233,-127.1503,-26.1330,-127.1503,-26.1330,-128.2072,-26.3039,-134.9711,-25.8705,1.2248,0.0903,1.2248,0.0903,0.1680,-0.0807,169,0.0900,169,0,0.7251,0.2529,0.0220,-5.0441,-3.2300,0.1481,-4.1110,-4.3703,0.0000,1,0.1052,0.0442,17.9513,0.0007
18.0503,IMM-UKF-LOS,smooth,0.500,10.00,0.050,0,0.600,1,6.8453,22.8945,16.0492,4.9537,0.3600,0.3600,0.0354,6.0000,6.2186,0.0051,1.0278,0.6023,-128.5132,-26.2355,-127.1503,-26.1330,-127.1503,-26.1330,-128.3353,-26.2993,-135.1136,-25.8615,1.3629,0.1025,1.3629,0.1025,0.1779,-0.0637,169,0.1000,169,0,0.7251,0.2529,0.0220,-5.1256,-3.3088,0.0955,-4.0987,-4.3818,0.0000,1,0.1052,0.0442,17.9513,0.0007
18.0603,IMM-UKF-LOS,smooth,0.500,10.00,0.050,0,0.600,1,6.8432,22.8629,16.0196,4.9943,0.3600,0.3600,0.0354,6.0000,6.2186,0.0051,1.0508,0.6023,-128.6519,-26.2479,-127.1503,-26.1330,-127.1503,-26.1330,-128.4630,-26.2944,-135.2566,-25.8512,1.5016,0.1149,1.5016,0.1149,0.1889,-0.0465,169,0.1100,169,0,0.7251,0.2529,0.0220,-5.2059,-3.3871,0.0426,-4.0864,-4.3934,0.0000,1,0.1052,0.0442,17.9513,0.0007
18.0703,IMM-UKF-LOS,smooth,0.500,10.00,0.050,0,0.600,1,6.8400,22.8290,15.9890,5.0354,0.3600,0.3600,0.0353,6.0000,6.2186,0.0050,1.0914,0.6024,-128.7913,-26.2604,-127.1503,-26.1330,-127.1503,-26.1330,-128.5904,-26.2892,-135.3999,-25.8396,1.6410,0.1274,1.6410,0.1274,0.2009,-0.0289,169,0.1200,169,0,0.7251,0.2529,0.0220,-5.2849,-3.4648,-0.0104,-4.0739,-4.4049,0.0000,1,0.1052,0.0442,17.9513,0.0007
18.0803,IMM-UKF-LOS,smooth,0.500,10.00,0.050,0,0.600,1,6.8356,22.7929,15.9573,5.0769,0.3600,0.3600,0.0353,6.0000,6.2186,0.0047,1.1496,0.6026,-128.9313,-26.2728,-127.1503,-26.1330,-127.1503,-26.1330,-128.7174,-26.2839,-135.5437,-25.8269,1.7810,0.1398,1.7810,0.1398,0.2140,-0.0110,169,0.1300,169,0,0.7251,0.2529,0.0220,-5.3627,-3.5420,-0.0635,-4.0614,-4.4164,0.0000,1,0.1052,0.0442,17.9513,0.0007
18.0903,IMM-UKF-LOS,smooth,0.500,10.00,0.050,0,0.600,1,6.8299,22.3729,15.5430,4.7416,0.3600,0.3600,0.0352,6.0000,6.1334,0.0006,0.6871,0.6029,-129.0721,-26.2853,-128.3751,-26.2233,-128.3751,-26.2233,-128.9591,-26.2312,-136.0696,-25.6700,0.6970,0.0620,0.6970,0.0620,0.1130,0.0541,170,0.0500,170,0,0.8132,0.1627,0.0241,-5.4394,-3.6186,-0.1164,-4.0488,-4.4280,0.0000,1,0.1052,0.0442,18.0410,0.0007
18.1003,IMM-UKF-LOS,smooth,0.500,10.00,0.050,0,0.600,1,6.8231,22.3405,15.5174,4.7794,0.3600,0.3600,0.0352,6.0000,6.1334,0.0010,0.7860,0.6034,-129.2137,-26.2978,-128.3751,-26.2233,-128.3751,-26.2233,-129.0926,-26.2238,-136.2216,-25.6528,0.8386,0.0745,0.8386,0.0745,0.1211,0.0739,170,0.0600,170,0,0.8132,0.1627,0.0241,-5.5149,-3.6947,-0.1692,-4.0362,-4.4395,0.0000,1,0.1052,0.0442,18.0410,0.0007
18.1103,IMM-UKF-LOS,smooth,0.500,10.00,0.050,0,0.600,1,6.8151,22.3059,15.4907,4.8176,0.3600,0.3600,0.0351,6.0000,6.1334,0.0015,0.8974,0.6038,-129.3561,-26.3102,-128.3751,-26.2233,-128.3751,-26.2233,-129.2258,-26.2162,-136.3741,-25.6349,0.9810,0.0869,0.9810,0.0869,0.1304,0.0940,170,0.0700,170,0,0.8132,0.1627,0.0241,-5.5894,-3.7704,-0.2216,-4.0235,-4.4510,0.0000,1,0.1052,0.0442,18.0410,0.0007
18.1203,IMM-UKF-LOS,smooth,0.500,10.00,0.050,0,0.600,1,6.8060,22.2691,15.4631,4.8562,0.3600,0.3600,0.0351,6.0000,6.1334,0.0021,1.0187,0.6045,-129.4995,-26.3225,-128.3751,-26.2233,-128.3751,-26.2233,-129.3586,-26.2084,-136.5272,-25.6164,1.1243,0.0993,1.1243,0.0993,0.1409,0.1142,170,0.0800,170,0,0.8132,0.1627,0.0241,-5.6627,-3.8456,-0.2737,-4.0107,-4.4626,0.0000,1,0.1052,0.0442,18.0410,0.0007
18.1303,IMM-UKF-LOS,smooth,0.500,10.00,0.050,0,0.600,1,6.7957,22.2302,15.4345,4.8951,0.3600,0.3600,0.0350,6.0000,6.1334,0.0028,1.1480,0.6051,-129.6437,-26.3349,-128.3751,-26.2233,-128.3751,-26.2233,-129.4911,-26.2004,-136.6808,-25.5976,1.2686,0.1116,1.2686,0.1116,0.1526,0.1345,170,0.0900,170,0,0.8132,0.1627,0.0241,-5.7351,-3.9203,-0.3252,-3.9978,-4.4741,0.0000,1,0.1052,0.0442,18.0410,0.0007
18.1403,IMM-UKF-LOS,smooth,0.500,10.00,0.050,0,0.600,1,6.7843,22.1892,15.4049,4.9345,0.3600,0.3600,0.0349,6.0000,6.1334,0.0036,1.2843,0.6059,-129.7890,-26.3472,-128.3751,-26.2233,-128.3751,-26.2233,-129.6233,-26.1922,-136.8349,-25.5787,1.4139,0.1239,1.4139,0.1239,0.1657,0.1549,170,0.1000,170,0,0.8132,0.1627,0.0241,-5.8064,-3.9947,-0.3760,-3.9849,-4.4856,0.0000,1,0.1052,0.0442,18.0410,0.0007
18.1503,IMM-UKF-LOS,smooth,0.500,10.00,0.050,0,0.600,1,6.7718,22.1461,15.3744,4.9742,0.3600,0.3600,0.0349,6.0000,6.1334,0.0044,1.4269,0.6068,-129.9353,-26.3595,-128.3751,-26.2233,-128.3751,-26.2233,-129.7552,-26.1840,-136.9897,-25.5600,1.5602,0.1362,1.5602,0.1362,0.1801,0.1755,170,0.1100,170,0,0.8132,0.1627,0.0241,-5.8768,-4.0688,-0.4261,-3.9719,-4.4971,0.0000,1,0.0977,0.0541,18.0410,-0.0004
18.1603,IMM-UKF-LOS,smooth,0.500,10.00,0.050,0,0.600,1,6.7581,22.1011,15.3429,5.0143,0.3600,0.3600,0.0349,6.0000,6.1334,0.0054,1.5751,0.6077,-130.0827,-26.3719,-128.3751,-26.2233,-128.3751,-26.2233,-129.8868,-26.1758,-137.1450,-25.5418,1.7076,0.1486,1.7076,0.1486,0.1959,0.1961,170,0.1200,170,0,0.8132,0.1627,0.0241,-5.9464,-4.1426,-0.4751,-3.9588,-4.5086,0.0000,1,0.0977,0.0541,18.0410,-0.0004
18.1703,IMM-UKF-LOS,smooth,0.500,10.00,0.050,0,0.600,1,6.7434,22.0540,15.3106,5.0548,0.3600,0.3600,0.0348,6.0000,6.1334,0.0065,1.7288,0.6088,-130.2312,-26.3844,-128.3751,-26.2233,-128.3751,-26.2233,-130.0181,-26.1677,-137.3009,-25.5246,1.8561,0.1611,1.8561,0.1611,0.2132,0.2167,170,0.1300,170,0,0.8132,0.1627,0.0241,-6.0150,-4.2161,-0.5230,-3.9457,-4.5201,0.0000,1,0.0977,0.0541,18.0410,-0.0004
18.1803,IMM-UKF-LOS,smooth,0.500,10.00,0.050,0,0.600,1,6.7276,22.0050,15.2774,5.0956,0.3600,0.3600,0.0348,6.0000,6.1334,0.0077,1.8875,0.6099,-130.3810,-26.3971,-128.3751,-26.2233,-128.3751,-26.2233,-130.1491,-26.1598,-137.4574,-25.5090,2.0058,0.1738,2.0058,0.1738,0.2319,0.2373,170,0.1400,170,0,0.8132,0.1627,0.0241,-6.0829,-4.2894,-0.5693,-3.9325,-4.5316,0.0000,1,0.0977,0.0541,18.0410,-0.0004
18.1903,IMM-UKF-LOS,smooth,0.500,10.00,0.050,0,0.600,1,6.7107,21.9541,15.2434,5.1369,0.3600,0.3600,0.0347,6.0000,6.1334,0.0089,2.0511,0.6111,-130.5319,-26.4102,-128.3751,-26.2233,-128.3751,-26.2233,-130.2798,-26.1525,-137.6145,-25.4958,2.1568,0.1869,2.1568,0.1869,0.2522,0.2577,170,0.1500,170,0,0.8132,0.1627,0.0241,-6.1502,-4.3627,-0.6138,-3.9192,-4.5431,0.0000,1,0.0977,0.0541,18.0410,-0.0004
18.2003,IMM-UKF-LOS,smooth,0.500,10.00,0.050,0,0.600,1,6.6928,21.9014,15.2086,5.1786,0.3600,0.3600,0.0347,6.0000,6.1334,0.0102,2.2188,0.6125,-130.6842,-26.4238,-128.3751,-26.2233,-128.3751,-26.2233,-130.4102,-26.1460,-137.7723,-25.4861,2.3091,0.2006,2.3091,0.2006,0.2740,0.2778,170,0.1600,170,0,0.8132,0.1627,0.0241,-6.2168,-4.4359,-0.6559,-3.9059,-4.5546,0.0000,1,0.0977,0.0541,18.0410,-0.0004
18.2103,IMM-UKF-LOS,smooth,0.500,10.00,0.050,0,0.600,1,6.6738,21.5250,14.8512,4.9706,0.3600,0.3600,0.0346,6.0000,5.9283,0.0072,1.1374,0.6139,-130.8378,-26.4382,-129.9353,-26.3595,-129.9353,-26.3595,-130.6905,-26.3014,-138.4664,-25.9996,0.9025,0.0787,0.9025,0.0787,0.1474,0.1368,171,0.0600,171,0,0.8650,0.1172,0.0178,-6.2830,-4.5093,-0.6948,-3.8925,-4.5660,0.0000,1,0.0977,0.0541,18.1499,-0.0004
18.2203,IMM-UKF-LOS,smooth,0.500,10.00,0.050,0,0.600,1,6.6538,21.4776,14.8237,5.0091,0.3600,0.3600,0.0346,6.0000,5.9283,0.0087,1.2591,0.6153,-130.9929,-26.4538,-129.9353,-26.3595,-129.9353,-26.3595,-130.8301,-26.3020,-138.6375,-26.0091,1.0576,0.0943,1.0576,0.0943,0.1628,0.1517,171,0.0700,171,0,0.8650,0.1172,0.0178,-6.3489,-4.5830,-0.7292,-3.8790,-4.5775,0.0000,1,0.0977,0.0541,18.1499,-0.0004
18.2303,IMM-UKF-LOS,smooth,0.500,10.00,0.050,0,0.600,1,6.6329,21.4283,14.7955,5.0479,0.3600,0.3600,0.0346,6.0000,5.9283,0.0103,1.3861,0.6169,-131.1494,-26.4710,-129.9353,-26.3595,-129.9353,-26.3595,-130.9694,-26.3046,-138.8097,-26.0301,1.2141,0.1115,1.2141,0.1115,0.1799,0.1664,171,0.0800,171,0,0.8650,0.1172,0.0178,-6.4149,-4.6572,-0.7567,-3.8655,-4.5889,0.0000,1,0.0977,0.0541,18.1499,-0.0004
18.2403,IMM-UKF-LOS,smooth,0.500,10.00,0.050,0,0.600,1,6.6110,21.3776,14.7667,5.0870,0.3600,0.3600,0.0346,6.0000,5.9283,0.0119,1.5158,0.6186,-131.3074,-26.4909,-129.9353,-26.3595,-129.9353,-26.3595,-131.1086,-26.3106,-138.9830,-26.0716,1.3721,0.1314,1.3721,0.1314,0.1988,0.1802,171,0.0900,171,0,0.8650,0.1172,0.0178,-6.4813,-4.7324,-0.7723,-3.8519,-4.6003,0.0000,1,0.0977,0.0541,18.1499,-0.0004
18.2503,IMM-UKF-LOS,smooth,0.500,10.00,0.050,0,0.600,1,6.5882,21.3262,14.7380,5.1264,0.3600,0.3600,0.0345,6.0000,5.9283,0.0136,1.6392,0.6202,-131.4670,-26.5156,-129.9353,-26.3595,-129.9353,-26.3595,-131.2475,-26.3247,-139.1575,-26.1576,1.5316,0.1561,1.5316,0.1561,0.2195,0.1909,171,0.1000,171,0,0.8650,0.1172,0.0178,-6.5477,-4.8083,-0.7616,-3.8382,-4.6118,0.0000,1,0.1053,0.0592,18.1499,-0.0019
18.2603,IMM-UKF-LOS,smooth,0.500,10.00,0.050,0,0.600,1,6.5653,21.2804,14.7151,5.1662,0.3600,0.3600,0.0345,6.0000,5.9283,0.0153,1.7190,0.6218,-131.6283,-26.5511,-129.9353,-26.3595,-129.9353,-26.3595,-131.3865,-26.3622,-139.3272,-26.3740,1.6929,0.1917,1.6929,0.1917,0.2418,0.1890,171,0.1100,171,0,0.8650,0.1172,0.0178,-6.5938,-4.8655,-0.6598,-3.8245,-4.6232,0.0000,1,0.1053,0.0592,18.1499,-0.0019
18.2703,IMM-UKF-LOS,smooth,0.500,10.00,0.050,0,0.600,1,6.5446,21.2636,14.7190,5.2064,0.3600,0.3600,0.0345,6.0000,5.9283,0.0167,1.8640,0.6232,-131.7920,-26.5931,-129.9353,-26.3595,-129.9353,-26.3595,-131.5283,-26.3896,-139.4459,-26.5035,1.8567,0.2336,1.8567,0.2336,0.2637,0.2035,171,0.1200,171,0,0.8650,0.1172,0.0178,-6.4646,-4.7568,-0.4958,-3.8106,-4.6345,0.0000,1,0.1053,0.0592,18.1499,-0.0019
18.2803,IMM-UKF-LOS,smooth,0.500,10.00,0.050,0,0.600,1,6.5265,21.2548,14.7283,5.2469,0.3600,0.3600,0.0345,6.0000,5.9283,0.0178,2.1045,0.6243,-131.9583,-26.6350,-129.9353,-26.3595,-129.9353,-26.3595,-131.6712,-26.3947,-139.5507,-26.4976,2.0230,0.2755,2.0230,0.2755,0.2872,0.2402,171,0.1300,171,0,0.8650,0.1172,0.0178,-6.2950,-4.6089,-0.3869,-3.7968,-4.6459,0.0000,1,0.1053,0.0592,18.1499,-0.0019
18.2903,IMM-UKF-LOS,smooth,0.500,10.00,0.050,0,0.600,1,6.5109,21.2509,14.7401,5.2877,0.3600,0.3600,0.0345,6.0000,5.9283,0.0188,2.3855,0.6253,-132.1272,-26.6745,-129.9353,-26.3595,-129.9353,-26.3595,-131.8143,-26.3905,-139.6513,-26.4470,2.1919,0.3150,2.1919,0.3150,0.3129,0.2840,171,0.1400,171,0,0.8650,0.1172,0.0178,-6.1190,-4.4540,-0.2999,-3.7828,-4.6573,0.0000,1,0.1053,0.0592,18.1499,-0.0019
18.3003,IMM-UKF-LOS,smooth,0.500,10.00,0.050,0,0.600,1,6.4978,21.2519,14.7542,5.3290,0.3600,0.3600,0.0345,6.0000,5.9283,0.0197,2.6902,0.6261,-132.2984,-26.7107,-129.9353,-26.3595,-129.9353,-26.3595,-131.9577,-26.3801,-139.7486,-26.3737,2.3631,0.3512,2.3631,0.3512,0.3407,0.3306,171,0.1500,171,0,0.8650,0.1172,0.0178,-5.9407,-4.2962,-0.2239,-3.7688,-4.6686,0.0000,1,0.1053,0.0592,18.1499,-0.0019
18.3103,IMM-UKF-LOS,smooth,0.500,10.00,0.050,0,0.600,1,6.4871,20.7336,14.2465,5.1099,0.3600,0.3600,0.0345,6.0000,5.7902,0.0068,1.8202,0.6268,-132.4719,-26.7429,-131.4670,-26.5156,-131.4670,-26.5156,-132.2974,-26.4816,-140.6340,-26.6481,1.0049,0.2273,1.0049,0.2273,0.1745,0.2612,172,0.0600,172,0,0.8973,0.0849,0.0178,-5.7615,-4.1367,-0.1547,-3.7547,-4.6800,0.0000,1,0.1053,0.0592,18.2485,-0.0019
18.3203,IMM-UKF-LOS,smooth,0.500,10.00,0.050,0,0.600,1,6.4789,20.7170,14.2381,5.1481,0.3600,0.3600,0.0345,6.0000,5.7902,0.0072,2.0355,0.6272,-132.6474,-26.7705,-131.4670,-26.5156,-131.4670,-26.5156,-132.4506,-26.4793,-140.7429,-26.5636,1.1805,0.2549,1.1805,0.2549,0.1968,0.2912,172,0.0700,172,0,0.8973,0.0849,0.0178,-5.5833,-3.9773,-0.0907,-3.7406,-4.6913,0.0000,1,0.1053,0.0592,18.2485,-0.0019
18.3303,IMM-UKF-LOS,smooth,0.500,10.00,0.050,0,0.600,1,6.4731,20.7052,14.2320,5.1866,0.3600,0.3600,0.0345,6.0000,5.7902,0.0076,2.2495,0.6275,-132.8249,-26.7934,-131.4670,-26.5156,-131.4670,-26.5156,-132.6040,-26.4734,-140.8495,-26.4720,1.3580,0.2778,1.3580,0.2778,0.2209,0.3200,172,0.0800,172,0,0.8973,0.0849,0.0178,-5.4063,-3.8182,-0.0306,-3.7263,-4.7026,0.0000,1,0.1053,0.0592,18.2485,-0.0019
18.3403,IMM-UKF-LOS,smooth,0.500,10.00,0.050,0,0.600,1,6.4697,20.6980,14.2282,5.2253,0.3600,0.3600,0.0345,6.0000,5.7902,0.0077,2.4613,0.6277,-133.0042,-26.8112,-131.4670,-26.5156,-131.4670,-26.5156,-132.7576,-26.4639,-140.9538,-26.3746,1.5373,0.2957,1.5373,0.2957,0.2466,0.3474,172,0.0900,172,0,0.8973,0.0849,0.0178,-5.2309,-3.6598,0.0263,-3.7121,-4.7139,0.0000,1,0.1053,0.0592,18.2485,-0.0019
18.3503,IMM-UKF-LOS,smooth,0.500,10.00,0.050,0,0.600,1,6.4687,20.6953,14.2267,5.2644,0.3600,0.3600,0.0345,6.0000,5.7902,0.0077,2.6704,0.6277,-133.1852,-26.8239,-131.4670,-26.5156,-131.4670,-26.5156,-132.9112,-26.4507,-141.0559,-26.2722,1.7183,0.3083,1.7183,0.3083,0.2740,0.3732,172,0.1000,172,0,0.8973,0.0849,0.0178,-5.0571,-3.5020,0.0805,-3.6977,-4.7251,0.0000,1,0.1053,0.0592,18.2485,-0.0019
18.3603,IMM-UKF-LOS,smooth,0.500,10.00,0.050,0,0.600,1,6.4700,20.6972,14.2272,5.3039,0.3600,0.3600,0.0345,6.0000,5.7902,0.0076,2.8762,0.6275,-133.3677,-26.8312,-131.4670,-26.5156,-131.4670,-26.5156,-133.0648,-26.4339,-141.1559,-26.1654,1.9007,0.3156,1.9007,0.3156,0.3029,0.3973,172,0.1100,172,0,0.8973,0.0849,0.0178,-4.8850,-3.3451,0.1324,-3.6833,-4.7364,0.0000,1,0.0936,0.0423,18.2485,-0.0013
18.3703,IMM-UKF-LOS,smooth,0.500,10.00,0.050,0,0.600,1,6.4736,20.7036,14.2300,5.3436,0.3600,0.3600,0.0346,6.0000,5.7902,0.0072,3.0786,0.6272,-133.5515,-26.8331,-131.4670,-26.5156,-131.4670,-26.5156,-133.2183,-26.4134,-141.2539,-26.0549,2.0845,0.3175,2.0845,0.3175,0.3332,0.4196,172,0.1200,172,0,0.8973,0.0849,0.0178,-4.7148,-3.1890,0.1823,-3.6688,-4.7476,0.0000,1,0.0936,0.0423,18.2485,-0.0013
18.3803,IMM-UKF-LOS,smooth,0.500,10.00,0.050,0,0.600,1,6.4795,20.7142,14.2347,5.3836,0.3600,0.3600,0.0346,6.0000,5.7902,0.0068,3.2772,0.6268,-133.7364,-26.8294,-131.4670,-26.5156,-131.4670,-26.5156,-133.3717,-26.3893,-141.3499,-25.9410,2.2695,0.3138,2.2695,0.3138,0.3647,0.4402,172,0.1300,172,0,0.8973,0.0849,0.0178,-4.5463,-3.0338,0.2302,-3.6542,-4.7588,0.0000,1,0.0936,0.0423,18.2485,-0.0013
18.3903,IMM-UKF-LOS,smooth,0.500,10.00,0.050,0,0.600,1,6.4877,20.7292,14.2416,5.4240,0.3600,0.3600,0.0346,6.0000,5.7902,0.0062,3.4721,0.6261,-133.9224,-26.8203,-131.4670,-26.5156,-131.4670,-26.5156,-133.5249,-26.3614,-141.4440,-25.8238,2.4554,0.3047,2.4554,0.3047,0.3975,0.4588,172,0.1400,172,0,0.8973,0.0849,0.0178,-4.3796,-2.8796,0.2764,-3.6396,-4.7700,0.0000,1,0.0936,0.0423,18.2485,-0.0013
18.4003,IMM-UKF-LOS,smooth,0.500,10.00,0.050,0,0.600,1,6.4981,20.7484,14.2504,5.4647,0.3600,0.3600,0.0346,6.0000,5.7902,0.0055,3.6633,0.6254,-134.1092,-26.8055,-131.4670,-26.5156,-131.4670,-26.5156,-133.6779,-26.3300,-141.5364,-25.7037,2.6423,0.2899,2.6423,0.2899,0.4313,0.4755,172,0.1500,172,0,0.8973,0.0849,0.0178,-4.2148,-2.7262,0.3209,-3.6249,-4.7812,0.0000,1,0.0936,0.0423,18.2485,-0.0013
18.4103,IMM-UKF-LOS,smooth,0.500,10.00,0.050,0,0.600,1,6.5107,20.1035,13.5928,5.0647,0.3600,0.3600,0.0347,6.0000,5.4478,0.0030,1.6822,0.6245,-134.2968,-26.7852,-133.3677,-26.8312,-133.3677,-26.8312,-133.9906,-26.7194,-142.3563,-26.6408,0.9291,-0.0460,0.9291,-0.0460,0.3062,0.0658,173,0.0500,173,0,0.9203,0.0659,0.0137,-4.0518,-2.5738,0.3637,-3.6102,-4.7923,0.0000,1,0.0936,0.0423,18.3590,-0.0013
18.4203,IMM-UKF-LOS,smooth,0.500,10.00,0.050,0,0.600,1,6.5255,20.1032,13.5777,5.1008,0.3600,0.3600,0.0347,6.0000,5.4478,0.0041,1.7977,0.6235,-134.4848,-26.7592,-133.3677,-26.8312,-133.3677,-26.8312,-134.1526,-26.7116,-142.4621,-26.5341,1.1171,-0.0719,1.1171,-0.0719,0.3322,0.0477,173,0.0600,173,0,0.9203,0.0659,0.0137,-3.8905,-2.4222,0.4048,-3.5954,-4.8035,0.0000,1,0.0936,0.0423,18.3590,-0.0013
18.4303,IMM-UKF-LOS,smooth,0.500,10.00,0.050,0,0.600,1,6.5425,20.1072,13.5648,5.1372,0.3600,0.3600,0.0347,6.0000,5.4478,0.0052,1.9246,0.6224,-134.6733,-26.7277,-133.3677,-26.8312,-133.3677,-26.8312,-134.3145,-26.6997,-142.5657,-26.4232,1.3056,-0.1035,1.3056,-0.1035,0.3588,0.0279,173,0.0700,173,0,0.9203,0.0659,0.0137,-3.7310,-2.2714,0.4437,-3.5805,-4.8146,0.0000,1,0.0936,0.0423,18.3590,-0.0013
18.4403,IMM-UKF-LOS,smooth,0.500,10.00,0.050,0,0.600,1,6.5616,20.1154,13.5538,5.1739,0.3600,0.3600,0.0347,6.0000,5.4478,0.0065,2.0626,0.6211,-134.8619,-26.6904,-133.3677,-26.8312,-133.3677,-26.8312,-134.4761,-26.6836,-142.6673,-26.3064,1.4943,-0.1408,1.4943,-0.1408,0.3858,0.0067,173,0.0800,173,0,0.9203,0.0659,0.0137,-3.5731,-2.1214,0.4794,-3.5655,-4.8257,0.0000,1,0.0936,0.0423,18.3590,-0.0013
18.4503,IMM-UKF-LOS,smooth,0.500,10.00,0.050,0,0.600,1,6.5828,20.1276,13.5447,5.2108,0.3600,0.3600,0.0348,6.0000,5.4478,0.0079,2.2108,0.6197,-135.0507,-26.6467,-133.3677,-26.8312,-133.3677,-26.8312,-134.6375,-26.6615,-142.7665,-26.1733,1.6830,-0.1845,1.6830,-0.1845,0.4131,-0.0148,173,0.0900,173,0,0.9203,0.0659,0.0137,-3.4158,-1.9711,0.5058,-3.5505,-4.8367,0.0000,1,0.0936,0.0423,18.3590,-0.0013
18.4603,IMM-UKF-LOS,smooth,0.500,10.00,0.050,0,0.600,1,6.6026,20.1081,13.5055,5.2481,0.3600,0.3600,0.0348,6.0000,5.4478,0.0092,2.3945,0.6184,-135.2384,-26.6028,-133.3677,-26.8312,-133.3677,-26.8312,-134.7945,-26.6552,-142.9327,-26.1510,1.8707,-0.2284,1.8707,-0.2284,0.4439,-0.0524,173,0.1000,173,0,0.9203,0.0659,0.0137,-3.4965,-2.0741,0.4365,-3.5354,-4.8477,0.0000,1,0.0841,0.0564,18.3590,-0.0015
18.4703,IMM-UKF-LOS,smooth,0.500,10.00,0.050,0,0.600,1,6.6210,20.0863,13.4654,5.2857,0.3600,0.3600,0.0348,6.0000,5.4478,0.0104,2.5999,0.6173,-135.4251,-26.5602,-133.3677,-26.8312,-133.3677,-26.8312,-134.9505,-26.6539,-143.1004,-26.1582,2.0575,-0.2710,2.0575,-0.2710,0.4746,-0.0937,173,0.1100,173,0,0.9203,0.0659,0.0137,-3.5797,-2.1805,0.3842,-3.5203,-4.8588,0.0000,1,0.0841,0.0564,18.3590,-0.0015
18.4803,IMM-UKF-LOS,smooth,0.500,10.00,0.050,0,0.600,1,6.6380,20.0620,13.4241,5.3236,0.3600,0.3600,0.0348,6.0000,5.4478,0.0115,2.8219,0.6162,-135.6110,-26.5192,-133.3677,-26.8312,-133.3677,-26.8312,-135.1057,-26.6545,-143.2689,-26.1724,2.2433,-0.3120,2.2433,-0.3120,0.5053,-0.1353,173,0.1200,173,0,0.9203,0.0659,0.0137,-3.6622,-2.2868,0.3360,-3.5051,-4.8697,0.0000,1,0.0841,0.0564,18.3590,-0.0015
18.4903,IMM-UKF-LOS,smooth,0.500,10.00,0.050,0,0.600,1,6.6536,20.0353,13.3817,5.3618,0.3600,0.3600,0.0348,6.0000,5.4478,0.0125,3.0570,0.6153,-135.7961,-26.4798,-133.3677,-26.8312,-133.3677,-26.8312,-135.2600,-26.6565,-143.4381,-26.1909,2.4284,-0.3514,2.4284,-0.3514,0.5361,-0.1767,173,0.1300,173,0,0.9203,0.0659,0.0137,-3.7439,-2.3929,0.2903,-3.4898,-4.8807,0.0000,1,0.0841,0.0564,18.3590,-0.0015
18.5003,IMM-UKF-LOS,smooth,0.500,10.00,0.050,0,0.600,1,6.6679,20.0061,13.3382,5.4003,0.3600,0.3600,0.0349,6.0000,5.4478,0.0133,3.3020,0.6144,-135.9805,-26.4422,-133.3677,-26.8312,-133.3677,-26.8312,-135.4135,-26.6600,-143.6079,-26.2130,2.6128,-0.3890,2.6128,-0.3890,0.5670,-0.2178,173,0.1400,173,0,0.9203,0.0659,0.0137,-3.8246,-2.4985,0.2466,-3.4745,-4.8916,0.0000,1,0.0841,0.0564,18.3590,-0.0015
18.5103,IMM-UKF-LOS,smooth,0.500,10.00,0.050,0,0.600,1,6.6809,19.9746,13.2937,5.4392,0.3600,0.3600,0.0349,6.0000,5.4478,0.0141,3.5550,0.6137,-136.1643,-26.4064,-133.3677,-26.8312,-133.3677,-26.8312,-135.5662,-26.6650,-143.7784,-26.2384,2.7966,-0.4248,2.7966,-0.4248,0.5980,-0.2586,173,0.1500,173,0,0.9203,0.0659,0.0137,-3.9043,-2.6036,0.2046,-3.4591,-4.9025,0.0000,1,0.0841,0.0564,18.3590,-0.0015
18.5203,IMM-UKF-LOS,smooth,0.500,10.00,0.050,0,0.600,1,6.6925,20.0573,13.3647,5.3443,0.3600,0.3600,0.0349,6.0000,5.8406,0.0056,1.4531,0.6130,-136.3476,-26.3724,-135.2384,-26.6028,-135.2384,-26.6028,-136.1931,-26.5721,-145.2304,-25.9371,1.1092,-0.2304,1.1092,-0.2304,0.1545,-0.1997,174,0.0600,174,0,0.9424,0.0438,0.0137,-3.9829,-2.7083,0.1643,-3.4436,-4.9134,0.0000,1,0.0841,0.0564,18.4588,-0.0015
18.5303,IMM-UKF-LOS,smooth,0.500,10.00,0.050,0,0.600,1,6.7029,20.0337,13.3308,5.3816,0.3600,0.3600,0.0349,6.0000,5.8406,0.0062,1.6311,0.6124,-136.5304,-26.3404,-135.2384,-26.6028,-135.2384,-26.6028,-136.3660,-26.5699,-145.4230,-25.9550,1.2920,-0.2624,1.2920,-0.2624,0.1644,-0.2295,174,0.0700,174,0,0.9424,0.0438,0.0137,-4.0606,-2.8124,0.1256,-3.4281,-4.9243,0.0000,1,0.0841,0.0564,18.4588,-0.0015
18.5403,IMM-UKF-LOS,smooth,0.500,10.00,0.050,0,0.600,1,6.7120,20.0078,13.2958,5.4191,0.3600,0.3600,0.0349,6.0000,5.8406,0.0067,1.8084,0.6119,-136.7130,-26.3104,-135.2384,-26.6028,-135.2384,-26.6028,-136.5382,-26.5690,-145.6166,-25.9758,1.4745,-0.2925,1.4745,-0.2925,0.1747,-0.2587,174,0.0800,174,0,0.9424,0.0438,0.0137,-4.1371,-2.9161,0.0883,-3.4125,-4.9351,0.0000,1,0.0841,0.0564,18.4588,-0.0015
18.5503,IMM-UKF-LOS,smooth,0.500,10.00,0.050,0,0.600,1,6.7198,19.9796,13.2598,5.4568,0.3600,0.3600,0.0349,6.0000,5.8406,0.0071,1.9846,0.6115,-136.8952,-26.2823,-135.2384,-26.6028,-135.2384,-26.6028,-136.7098,-26.5695,-145.8112,-25.9995,1.6568,-0.3205,1.6568,-0.3205,0.1855,-0.2872,174,0.0900,174,0,0.9424,0.0438,0.0137,-4.2127,-3.0193,0.0526,-3.3968,-4.9459,0.0000,1,0.1176,0.0574,18.4588,0.0012
18.5603,IMM-UKF-LOS,smooth,0.500,10.00,0.050,0,0.600,1,6.7264,19.9491,13.2227,5.4948,0.3600,0.3600,0.0349,6.0000,5.8406,0.0074,2.1594,0.6112,-137.0773,-26.2564,-135.2384,-26.6028,-135.2384,-26.6028,-136.8807,-26.5715,-146.0068,-26.0263,1.8389,-0.3464,1.8389,-0.3464,0.1966,-0.3151,174,0.1000,174,0,0.9424,0.0438,0.0137,-4.2873,-3.1220,0.0185,-3.3811,-4.9566,0.0000,1,0.1176,0.0574,18.4588,0.0012
18.5703,IMM-UKF-LOS,smooth,0.500,10.00,0.050,0,0.600,1,6.7317,19.9163,13.1846,5.5331,0.3600,0.3600,0.0349,6.0000,5.8406,0.0077,2.3329,0.6110,-137.2593,-26.2326,-135.2384,-26.6028,-135.2384,-26.6028,-137.0510,-26.5751,-146.2034,-26.0564,2.0209,-0.3702,2.0209,-0.3702,0.2083,-0.3425,174,0.1100,174,0,0.9424,0.0438,0.0137,-4.3608,-3.2242,-0.0141,-3.3653,-4.9674,0.0000,1,0.1176,0.0574,18.4588,0.0012
18.5803,IMM-UKF-LOS,smooth,0.500,10.00,0.050,0,0.600,1,6.7358,19.8814,13.1456,5.5717,0.3600,0.3600,0.0349,6.0000,5.8406,0.0079,2.5052,0.6108,-137.4412,-26.2111,-135.2384,-26.6028,-135.2384,-26.6028,-137.2207,-26.5803,-146.4010,-26.0899,2.2028,-0.3918,2.2028,-0.3918,0.2205,-0.3693,174,0.1200,174,0,0.9424,0.0438,0.0137,-4.4333,-3.3259,-0.0451,-3.3494,-4.9781,0.0000,1,0.1176,0.0574,18.4588,0.0012
18.5903,IMM-UKF-LOS,smooth,0.500,10.00,0.050,0,0.600,1,6.7387,19.8443,13.1056,5.6105,0.3600,0.3600,0.0349,6.0000,5.8406,0.0079,2.6766,0.6107,-137.6232,-26.1918,-135.2384,-26.6028,-135.2384,-26.6028,-137.3899,-26.5874,-146.5997,-26.1270,2.3848,-0.4111,2.3848,-0.4111,0.2333,-0.3956,174,0.1300,174,0,0.9424,0.0438,0.0137,-4.5048,-3.4271,-0.0746,-3.3335,-4.9887,0.0000,1,0.1176,0.0574,18.4588,0.0012
18.6003,IMM-UKF-LOS,smooth,0.500,10.00,0.050,0,0.600,1,6.7404,19.8051,13.0647,5.6496,0.3600,0.3600,0.0349,6.0000,5.8406,0.0080,2.8473,0.6107,-137.8053,-26.1748,-135.2384,-26.6028,-135.2384,-26.6028,-137.5585,-26.5963,-146.7996,-26.1680,2.5669,-0.4280,2.5669,-0.4280,0.2468,-0.4215,174,0.1400,174,0,0.9424,0.0438,0.0137,-4.5753,-3.5279,-0.1023,-3.3176,-4.9994,0.0000,1,0.1176,0.0574,18.4588,0.0012
18.6103,IMM-UKF-LOS,smooth,0.500,10.00,0.050,0,0.600,1,6.7410,20.1218,13.3808,4.1959,0.3600,0.3600,0.0349,6.0000,6.0142,0.0008,2.2008,0.6108,-137.9876,-26.1603,-136.8952,-26.2823,-136.8952,-26.2823,-137.6544,-26.3749,-146.5473,-25.6118,1.0924,-0.1220,1.0924,-0.1220,0.3333,-0.2146,175,0.0600,175,0,0.9070,0.0740,0.0190,-4.6449,-3.6281,-0.1284,-3.3015,-5.0100,0.0000,1,0.1176,0.0574,18.5515,0.0012
18.6203,IMM-UKF-LOS,smooth,0.500,10.00,0.050,0,0.600,1,6.7404,20.0916,13.3512,4.2247,0.3600,0.3600,0.0349,6.0000,6.0142,0.0007,2.3000,0.6109,-138.1702,-26.1484,-136.8952,-26.2823,-136.8952,-26.2823,-137.8212,-26.3716,-146.7366,-25.6419,1.2749,-0.1340,1.2749,-0.1340,0.3490,-0.2233,175,0.0700,175,0,0.9070,0.0740,0.0190,-4.7134,-3.7280,-0.1526,-3.2854,-5.0206,0.0000,1,0.1176,0.0574,18.5515,0.0012
18.6303,IMM-UKF-LOS,smooth,0.500,10.00,0.050,0,0.600,1,6.7386,20.0594,13.3207,4.2539,0.3600,0.3600,0.0349,6.0000,6.0142,0.0005,2.4008,0.6112,-138.3530,-26.1390,-136.8952,-26.2823,-136.8952,-26.2823,-137.9874,-26.3703,-146.9268,-25.6761,1.4578,-0.1433,1.4578,-0.1433,0.3657,-0.2313,175,0.0800,175,0,0.9070,0.0740,0.0190,-4.7810,-3.8273,-0.1750,-3.2693,-5.0311,0.0000,1,0.1176,0.0574,18.5515,0.0012
18.6403,IMM-UKF-LOS,smooth,0.500,10.00,0.050,0,0.600,1,6.7358,20.0251,13.2893,4.2833,0.3600,0.3600,0.0349,6.0000,6.0142,0.0003,2.5037,0.6114,-138.5363,-26.1324,-136.8952,-26.2823,-136.8952,-26.2823,-138.1529,-26.3710,-147.1178,-25.7147,1.6411,-0.1499,1.6411,-0.1499,0.3834,-0.2385,175,0.0900,175,0,0.9070,0.0740,0.0190,-4.8476,-3.9262,-0.1955,-3.2530,-5.0416,0.0000,1,0.1176,0.0574,18.5515,0.0012
18.6503,IMM-UKF-LOS,smooth,0.500,10.00,0.050,0,0.600,1,6.7318,19.9888,13.2569,4.3132,0.3600,0.3600,0.0349,6.0000,6.0142,0.0004,2.6089,0.6118,-138.7201,-26.1287,-136.8952,-26.2823,-136.8952,-26.2823,-138.3179,-26.3738,-147.3098,-25.7582,1.8248,-0.1536,1.8248,-0.1536,0.4022,-0.2451,175,0.1000,175,0,0.9070,0.0740,0.0190,-4.9132,-4.0247,-0.2138,-3.2367,-5.0521,0.0000,1,0.1176,0.0574,18.5515,0.0012
18.6603,IMM-UKF-LOS,smooth,0.500,10.00,0.050,0,0.600,1,6.7268,19.9506,13.2238,4.3434,0.3600,0.3600,0.0348,6.0000,6.0142,0.0007,2.7172,0.6122,-138.9044,-26.1280,-136.8952,-26.2823,-136.8952,-26.2823,-138.4823,-26.3790,-147.5025,-25.8069,2.0091,-0.1544,2.0091,-0.1544,0.4221,-0.2510,175,0.1100,175,0,0.9070,0.0740,0.0190,-4.9779,-4.1227,-0.2300,-3.2204,-5.0625,0.0000,1,0.1176,0.0574,18.5515,0.0012
18.6703,IMM-UKF-LOS,smooth,0.500,10.00,0.050,0,0.600,1,6.7207,19.9105,13.1898,4.3739,0.3600,0.3600,0.0348,6.0000,6.0142,0.0011,2.8289,0.6127,-139.0892,-26.1304,-136.8952,-26.2823,-136.8952,-26.2823,-138.6461,-26.3868,-147.6962,-25.8613,2.1940,-0.1519,2.1940,-0.1519,0.4431,-0.2563,175,0.1200,175,0,0.9070,0.0740,0.0190,-5.0416,-4.2202,-0.2437,-3.2040,-5.0729,0.0000,1,0.1111,0.0515,18.5515,-0.0016
18.6803,IMM-UKF-LOS,smooth,0.500,10.00,0.050,0,0.600,1,6.7135,19.8686,13.1551,4.4048,0.3600,0.3600,0.0348,6.0000,6.0142,0.0017,2.9448,0.6132,-139.2748,-26.1362,-136.8952,-26.2823,-136.8952,-26.2823,-138.8094,-26.3973,-147.8909,-25.9222,2.3795,-0.1461,2.3795,-0.1461,0.4653,-0.2611,175,0.1300,175,0,0.9070,0.0740,0.0190,-5.1044,-4.3173,-0.2549,-3.1875,-5.0833,0.0000,1,0.1111,0.0515,18.5515,-0.0016
18.6903,IMM-UKF-LOS,smooth,0.500,10.00,0.050,0,0.600,1,6.7053,19.8250,13.1197,4.4361,0.3600,0.3600,0.0348,6.0000,6.0142,0.0023,3.0655,0.6138,-139.4611,-26.1455,-136.8952,-26.2823,-136.8952,-26.2823,-138.9722,-26.4109,-148.0864,-25.9902,2.5658,-0.1368,2.5658,-0.1368,0.4888,-0.2654,175,0.1400,175,0,0.9070,0.0740,0.0190,-5.1662,-4.4140,-0.2632,-3.1710,-5.0936,0.0000,1,0.1111,0.0515,18.5515,-0.0016
18.7003,IMM-UKF-LOS,smooth,0.500,10.00,0.050,0,0.600,1,6.6961,19.7798,13.0836,4.4678,0.3600,0.3600,0.0349,6.0000,6.0142,0.0029,3.1918,0.6145,-139.6481,-26.1586,-136.8952,-26.2823,-136.8952,-26.2823,-139.1344,-26.4280,-148.2829,-26.0662,2.7529,-0.1238,2.7529,-0.1238,0.5137,-0.2694,175,0.1500,175,0,0.9070,0.0740,0.0190,-5.2270,-4.5102,-0.2683,-3.1544,-5.1039,0.0000,1,0.1111,0.0515,18.5515,-0.0016
18.7103,IMM-UKF-LOS,smooth,0.500,10.00,0.050,0,0.600,1,6.6860,19.7330,13.0470,4.4998,0.3600,0.3600,0.0349,6.0000,6.0142,0.0036,3.3246,0.6151,-139.8361,-26.1757,-136.8952,-26.2823,-136.8952,-26.2823,-139.2962,-26.4488,-148.4803,-26.1514,2.9409,-0.1067,2.9409,-0.1067,0.5399,-0.2732,175,0.1600,175,0,0.9070,0.0740,0.0190,-5.2868,-4.6059,-0.2698,-3.1378,-5.1141,0.0000,1,0.1111,0.0515,18.5515,-0.0016
18.7203,IMM-UKF-LOS,smooth,0.500,10.00,0.050,0,0.600,1,6.6748,19.6848,13.0100,4.5323,0.3600,0.3600,0.0349,6.0000,6.0142,0.0044,3.4647,0.6159,-140.0250,-26.1971,-136.8952,-26.2823,-136.8952,-26.2823,-139.4574,-26.4740,-148.6786,-26.2471,3.1298,-0.0853,3.1298,-0.0853,0.5676,-0.2769,175,0.1700,175,0,0.9070,0.0740,0.0190,-5.3456,-4.7010,-0.2671,-3.1211,-5.1243,0.0000,1,0.1111,0.0515,18.5515,-0.0016
18.7303,IMM-UKF-LOS,smooth,0.500,10.00,0.050,0,0.600,1,6.6628,19.4757,12.8129,4.4871,0.3600,0.3600,0.0349,6.0000,6.3447,0.0041,0.6977,0.6166,-140.2149,-26.2232,-139.0892,-26.1304,-139.0892,-26.1304,-140.1078,-26.1571,-150.2175,-25.3954,1.1257,0.0927,1.1257,0.0927,0.1071,0.0661,176,0.0600,176,0,0.9264,0.0602,0.0134,-5.4033,-4.7955,-0.2595,-3.1043,-5.1345,0.0000,1,0.1111,0.0515,18.6687,-0.0016
18.7403,IMM-UKF-LOS,smooth,0.500,10.00,0.050,0,0.600,1,6.6499,19.4338,12.7839,4.5177,0.3600,0.3600,0.0349,6.0000,6.3447,0.0049,0.8292,0.6174,-140.4059,-26.2544,-139.0892,-26.1304,-139.0892,-26.1304,-140.2907,-26.1621,-150.4407,-25.4798,1.3167,0.1240,1.3167,0.1240,0.1152,0.0923,176,0.0700,176,0,0.9264,0.0602,0.0134,-5.4597,-4.8892,-0.2459,-3.0875,-5.1447,0.0000,1,0.1111,0.0515,18.6687,-0.0016
18.7503,IMM-UKF-LOS,smooth,0.500,10.00,0.050,0,0.600,1,6.6362,19.3907,12.7545,4.5486,0.3600,0.3600,0.0349,6.0000,6.3447,0.0058,0.9796,0.6183,-140.5980,-26.2914,-139.0892,-26.1304,-139.0892,-26.1304,-140.4731,-26.1719,-150.6649,-25.5801,1.5088,0.1609,1.5088,0.1609,0.1249,0.1195,176,0.0800,176,0,0.9264,0.0602,0.0134,-5.5147,-4.9818,-0.2245,-3.0706,-5.1548,0.0000,1,0.1111,0.0515,18.6687,-0.0016
18.7603,IMM-UKF-LOS,smooth,0.500,10.00,0.050,0,0.600,1,6.6217,19.3466,12.7249,4.5799,0.3600,0.3600,0.0349,6.0000,6.3447,0.0066,1.1435,0.6191,-140.7914,-26.3348,-139.0892,-26.1304,-139.0892,-26.1304,-140.6553,-26.1877,-150.8899,-25.7011,1.7021,0.2044,1.7021,0.2044,0.1361,0.1471,176,0.0900,176,0,0.9264,0.0602,0.0134,-5.5678,-5.0728,-0.1929,-3.0537,-5.1648,0.0000,1,0.1111,0.0515,18.6687,-0.0016
18.7703,IMM-UKF-LOS,smooth,0.500,10.00,0.050,0,0.600,1,6.6066,19.3021,12.6955,4.6114,0.3600,0.3600,0.0349,6.0000,6.3447,0.0075,1.3146,0.6200,-140.9860,-26.3857,-139.0892,-26.1304,-139.0892,-26.1304,-140.8371,-26.2112,-151.1151,-25.8505,1.8968,0.2553,1.8968,0.2553,0.1489,0.1745,176,0.1000,176,0,0.9264,0.0602,0.0134,-5.6180,-5.1606,-0.1462,-3.0367,-5.1748,0.0000,1,0.1111,0.0515,18.6687,-0.0016
18.7803,IMM-UKF-LOS,smooth,0.500,10.00,0.050,0,0.600,1,6.5910,19.2586,12.6675,4.6433,0.3600,0.3600,0.0349,6.0000,6.3447,0.0084,1.4838,0.6208,-141.1820,-26.4458,-139.0892,-26.1304,-139.0892,-26.1304,-141.0187,-26.2456,-151.3386,-26.0419,2.0928,0.3154,2.0928,0.3154,0.1634,0.2002,176,0.1100,176,0,0.9264,0.0602,0.0134,-5.6621,-5.2413,-0.0752,-3.0196,-5.1848,0.0000,1,0.1111,0.0515,18.6687,-0.0016
18.7903,IMM-UKF-LOS,smooth,0.500,10.00,0.050,0,0.600,1,6.5754,19.2197,12.6443,4.6755,0.3600,0.3600,0.0350,6.0000,6.3447,0.0091,1.6361,0.6215,-141.3796,-26.5175,-139.0892,-26.1304,-139.0892,-26.1304,-141.2003,-26.2961,-151.5539,-26.2975,2.2904,0.3870,2.2904,0.3870,0.1793,0.2214,176,0.1200,176,0,0.9264,0.0602,0.0134,-5.6887,-5.2995,0.0406,-3.0025,-5.1947,0.0000,1,0.0998,0.0400,18.6687,0.0003
18.8003,IMM-UKF-LOS,smooth,0.500,10.00,0.050,0,0.600,1,6.5612,19.1979,12.6368,4.7080,0.3600,0.3600,0.0350,6.0000,6.3447,0.0097,1.8010,0.6220,-141.5790,-26.6012,-139.0892,-26.1304,-139.0892,-26.1304,-141.3832,-26.3564,-151.7310,-26.5732,2.4898,0.4707,2.4898,0.4707,0.1958,0.2448,176,0.1300,176,0,0.9264,0.0602,0.0134,-5.6471,-5.2669,0.2184,-2.9853,-5.2046,0.0000,1,0.0998,0.0400,18.6687,0.0003
18.8103,IMM-UKF-LOS,smooth,0.500,10.00,0.050,0,0.600,1,6.5494,19.1950,12.6456,4.7409,0.3600,0.3600,0.0350,6.0000,6.3447,0.0100,2.1841,0.6223,-141.7808,-26.6866,-139.0892,-26.1304,-139.0892,-26.1304,-141.5683,-26.3749,-151.8537,-26.6107,2.6916,0.5562,2.6916,0.5562,0.2125,0.3117,176,0.1400,176,0,0.9264,0.0602,0.0134,-5.5134,-5.1102,0.3412,-2.9681,-5.2144,0.0000,1,0.0998,0.0400,18.6687,0.0003
18.8203,IMM-UKF-LOS,smooth,0.500,10.00,0.050,0,0.600,1,6.5400,19.1976,12.6576,4.7741,0.3600,0.3600,0.0350,6.0000,6.3447,0.0103,2.7340,0.6225,-141.9848,-26.7668,-139.0892,-26.1304,-139.0892,-26.1304,-141.7540,-26.3592,-151.9602,-26.4866,2.8956,0.6364,2.8956,0.6364,0.2309,0.4077,176,0.1500,176,0,0.9264,0.0602,0.0134,-5.3577,-4.9225,0.3961,-2.9508,-5.2242,0.0000,1,0.0998,0.0400,18.6687,0.0003
18.8303,IMM-UKF-LOS,smooth,0.500,10.00,0.050,0,0.600,1,6.5330,19.2033,12.6703,4.8076,0.3600,0.3600,0.0351,6.0000,6.3447,0.0103,3.3672,0.6225,-142.1910,-26.8387,-139.0892,-26.1304,-139.0892,-26.1304,-141.9396,-26.3227,-152.0613,-26.2864,3.1018,0.7082,3.1018,0.7082,0.2514,0.5160,176,0.1600,176,0,0.9264,0.0602,0.0134,-5.1994,-4.7298,0.4146,-2.9335,-5.2340,0.0000,1,0.0998,0.0400,18.6687,0.0003
18.8403,IMM-UKF-LOS,smooth,0.500,10.00,0.050,0,0.600,1,6.5283,18.8924,12.3642,4.4414,0.3600,0.3600,0.0351,6.0000,6.1524,0.0014,2.6946,0.6224,-142.3991,-26.9002,-141.3796,-26.5175,-141.3796,-26.5175,-142.1722,-26.4980,-152.4640,-26.6705,1.0195,0.3828,1.0195,0.3828,0.2269,0.4023,177,0.0500,177,0,0.9432,0.0455,0.0113,-5.0418,-4.5368,0.4104,-2.9161,-5.2437,0.0000,1,0.0998,0.0400,18.7906,0.0003
18.8503,IMM-UKF-LOS,smooth,0.500,10.00,0.050,0,0.600,1,6.5257,18.8771,12.3514,4.4707,0.3600,0.3600,0.0352,6.0000,6.1524,0.0013,3.0794,0.6222,-142.6089,-26.9503,-141.3796,-26.5175,-141.3796,-26.5175,-142.3630,-26.4848,-152.5818,-26.4384,1.2294,0.4328,1.2294,0.4328,0.2460,0.4655,177,0.0600,177,0,0.9432,0.0455,0.0113,-4.8866,-4.3460,0.3898,-2.8986,-5.2534,0.0000,1,0.0998,0.0400,18.7906,0.0003
18.8603,IMM-UKF-LOS,smooth,0.500,10.00,0.050,0,0.600,1,6.5251,18.8654,12.3402,4.5003,0.3600,0.3600,0.0352,6.0000,6.1524,0.0013,3.4569,0.6220,-142.8204,-26.9879,-141.3796,-26.5175,-141.3796,-26.5175,-142.5537,-26.4614,-152.6971,-26.1823,1.4408,0.4704,1.4408,0.4704,0.2667,0.5265,177,0.0700,177,0,0.9432,0.0455,0.0113,-4.7346,-4.1581,0.3559,-2.8811,-5.2630,0.0000,1,0.0998,0.0400,18.7906,0.0003
18.8703,IMM-UKF-LOS,smooth,0.500,10.00,0.050,0,0.600,1,6.5265,18.8571,12.3306,4.5302,0.3600,0.3600,0.0353,6.0000,6.1524,0.0013,3.8246,0.6217,-143.0331,-27.0122,-141.3796,-26.5175,-141.3796,-26.5175,-142.7442,-26.4274,-152.8103,-25.9048,1.6535,0.4948,1.6535,0.4948,0.2890,0.5849,177,0.0800,177,0,0.9432,0.0455,0.0113,-4.5860,-3.9738,0.3103,-2.8636,-5.2726,0.0000,1,0.0998,0.0400,18.7906,0.0003
18.8803,IMM-UKF-LOS,smooth,0.500,10.00,0.050,0,0.600,1,6.5298,18.8520,12.3222,4.5605,0.3600,0.3600,0.0353,6.0000,6.1524,0.0013,4.1808,0.6214,-143.2471,-27.0227,-141.3796,-26.5175,-141.3796,-26.5175,-142.9344,-26.3821,-152.9215,-25.6068,1.8675,0.5053,1.8675,0.5053,0.3127,0.6406,177,0.0900,177,0,0.9432,0.0455,0.0113,-4.4413,-3.7935,0.2537,-2.8459,-5.2821,0.0000,1,0.0998,0.0400,18.7906,0.0003
18.8903,IMM-UKF-LOS,smooth,0.500,10.00,0.050,0,0.600,1,6.5348,18.8496,12.3149,4.5910,0.3600,0.3600,0.0354,6.0000,6.1524,0.0014,4.5252,0.6210,-143.4619,-27.0187,-141.3796,-26.5175,-141.3796,-26.5175,-143.1243,-26.3251,-153.0313,-25.2883,2.0824,0.5012,2.0824,0.5012,0.3377,0.6936,177,0.1000,177,0,0.9432,0.0455,0.0113,-4.3009,-3.6180,0.1857,-2.8283,-5.2916,0.0000,1,0.1061,0.0493,18.7906,-0.0020
18.9003,IMM-UKF-LOS,smooth,0.500,10.00,0.050,0,0.600,1,6.5414,18.8495,12.3081,4.6218,0.3600,0.3600,0.0355,6.0000,6.1524,0.0015,4.8581,0.6207,-143.6776,-26.9996,-141.3796,-26.5175,-141.3796,-26.5175,-143.3136,-26.2556,-153.1400,-24.9481,2.2980,0.4821,2.2980,0.4821,0.3640,0.7440,177,0.1100,177,0,0.9432,0.0455,0.0113,-4.1656,-3.4486,0.1055,-2.8106,-5.3010,0.0000,1,0.1061,0.0493,18.7906,-0.0020
18.9103,IMM-UKF-LOS,smooth,0.500,10.00,0.050,0,0.600,1,6.5494,18.8508,12.3014,4.6530,0.3600,0.3600,0.0355,6.0000,6.1524,0.0016,5.1810,0.6203,-143.8938,-26.9647,-141.3796,-26.5175,-141.3796,-26.5175,-143.5024,-26.1726,-153.2487,-24.5842,2.5142,0.4472,2.5142,0.4472,0.3914,0.7921,177,0.1200,177,0,0.9432,0.0455,0.0113,-4.0368,-3.2874,0.0110,-2.7928,-5.3104,0.0000,1,0.1061,0.0493,18.7906,-0.0020
18.9203,IMM-UKF-LOS,smooth,0.500,10.00,0.050,0,0.600,1,6.5587,18.8525,12.2938,4.6845,0.3600,0.3600,0.0356,6.0000,6.1524,0.0018,5.4965,0.6200,-144.1103,-26.9133,-141.3796,-26.5175,-141.3796,-26.5175,-143.6904,-26.0750,-153.3586,-24.1930,2.7307,0.3959,2.7307,0.3959,0.4199,0.8383,177,0.1300,177,0,0.9432,0.0455,0.0113,-3.9172,-3.1383,-0.1015,-2.7750,-5.3197,0.0000,1,0.1061,0.0493,18.7906,-0.0020
18.9303,IMM-UKF-LOS,smooth,0.500,10.00,0.050,0,0.600,1,6.5689,18.8520,12.2831,4.7163,0.3600,0.3600,0.0356,6.0000,6.1524,0.0020,5.8069,0.6198,-144.3270,-26.8448,-141.3796,-26.5175,-141.3796,-26.5175,-143.8773,-25.9618,-153.4733,-23.7711,2.9474,0.3274,2.9474,0.3274,0.4497,0.8831,177,0.1400,177,0,0.9432,0.0455,0.0113,-3.8128,-3.0106,-0.2378,-2.7571,-5.3290,0.0000,1,0.1061,0.0493,18.7906,-0.0020
18.9403,IMM-UKF-LOS,smooth,0.500,10.00,0.050,0,0.600,1,6.5793,19.0988,12.5195,4.6736,0.3600,0.3600,0.0357,6.0000,6.2289,0.0014,0.6062,0.6197,-144.5435,-26.7590,-143.4619,-27.0187,-143.4619,-27.0187,-144.4543,-26.6964,-154.8292,-25.3545,1.0816,-0.2596,1.0816,-0.2596,0.0892,0.0626,178,0.0500,178,0,0.9276,0.0538,0.0186,-3.7400,-2.9288,-0.4043,-2.7391,-5.3383,0.0000,1,0.1061,0.0493,18.8884,-0.0020
18.9503,IMM-UKF-LOS,smooth,0.500,10.00,0.050,0,0.600,1,6.5890,19.0835,12.4944,4.7046,0.3600,0.3600,0.0358,6.0000,6.2289,0.0014,0.5506,0.6197,-144.7595,-26.6608,-143.4619,-27.0187,-143.4619,-27.0187,-144.6572,-26.6505,-155.0115,-25.0719,1.2976,-0.3579,1.2976,-0.3579,0.1023,0.0103,178,0.0600,178,0,0.9276,0.0538,0.0186,-3.7341,-2.9468,-0.5711,-2.7212,-5.3475,0.0000,1,0.1061,0.0493,18.8884,-0.0020
18.9603,IMM-UKF-LOS,smooth,0.500,10.00,0.050,0,0.600,1,6.5974,19.0629,12.4655,4.7359,0.3600,0.3600,0.0358,6.0000,6.2289,0.0013,0.7244,0.6199,-144.9747,-26.5613,-143.4619,-27.0187,-143.4619,-27.0187,-144.8584,-26.6234,-155.2230,-24.9999,1.5127,-0.4574,1.5127,-0.4574,0.1163,-0.0621,178,0.0700,178,0,0.9276,0.0538,0.0186,-3.7855,-3.0516,-0.6461,-2.7031,-5.3566,0.0000,1,0.1061,0.0493,18.8884,-0.0020
18.9703,IMM-UKF-LOS,smooth,0.500,10.00,0.050,0,0.600,1,6.6047,19.0413,12.4366,4.7675,0.3600,0.3600,0.0359,6.0000,6.2289,0.0012,1.1220,0.6201,-145.1891,-26.4671,-143.4619,-27.0187,-143.4619,-27.0187,-145.0585,-26.6139,-155.4408,-25.0633,1.7271,-0.5516,1.7271,-0.5516,0.1305,-0.1468,178,0.0800,178,0,0.9276,0.0538,0.0186,-3.8463,-3.1715,-0.6446,-2.6850,-5.3657,0.0000,1,0.1061,0.0493,18.8884,-0.0020
18.9803,IMM-UKF-LOS,smooth,0.500,10.00,0.050,0,0.600,1,6.6110,19.0194,12.4084,4.7994,0.3600,0.3600,0.0359,6.0000,6.2289,0.0011,1.6100,0.6203,-145.4028,-26.3810,-143.4619,-27.0187,-143.4619,-27.0187,-145.2577,-26.6167,-155.6585,-25.1913,1.9408,-0.6377,1.9408,-0.6377,0.1451,-0.2357,178,0.0900,178,0,0.9276,0.0538,0.0186,-3.9042,-3.2880,-0.6043,-2.6669,-5.3747,0.0000,1,0.1061,0.0493,18.8884,-0.0020
18.9903,IMM-UKF-LOS,smooth,0.500,10.00,0.050,0,0.600,1,6.6166,18.9974,12.3808,4.8315,0.3600,0.3600,0.0360,6.0000,6.2289,0.0010,2.1270,0.6205,-145.6159,-26.3043,-143.4619,-27.0187,-143.4619,-27.0187,-145.4560,-26.6297,-155.8755,-25.3549,2.1540,-0.7144,2.1540,-0.7144,0.1599,-0.3254,178,0.1000,178,0,0.9276,0.0538,0.0186,-3.9581,-3.3992,-0.5434,-2.6487,-5.3837,0.0000,1,0.1061,0.0493,18.8884,-0.0020
19.0003,IMM-UKF-LOS,smooth,0.500,10.00,0.050,0,0.600,1,6.6215,18.9750,12.3535,4.8639,0.3600,0.3600,0.0360,6.0000,6.2289,0.0010,2.6493,0.6207,-145.8286,-26.2376,-143.4619,-27.0187,-143.4619,-27.0187,-145.6534,-26.6518,-156.0917,-25.5414,2.3667,-0.7811,2.3667,-0.7811,0.1752,-0.4142,178,0.1100,178,0,0.9276,0.0538,0.0186,-4.0086,-3.5058,-0.4708,-2.6305,-5.3926,0.0000,1,0.0804,0.0450,18.8884,0.0014
19.0103,IMM-UKF-LOS,smooth,0.500,10.00,0.050,0,0.600,1,6.6259,18.9523,12.3264,4.8966,0.3600,0.3600,0.0361,6.0000,6.2289,0.0010,3.1662,0.6208,-146.0410,-26.1813,-143.4619,-27.0187,-143.4619,-27.0187,-145.8501,-26.6822,-156.3077,-25.7443,2.5790,-0.8374,2.5790,-0.8374,0.1909,-0.5009,178,0.1200,178,0,0.9276,0.0538,0.0186,-4.0563,-3.6090,-0.3914,-2.6122,-5.4015,0.0000,1,0.0804,0.0450,18.8884,0.0014
19.0203,IMM-UKF-LOS,smooth,0.500,10.00,0.050,0,0.600,1,6.6296,18.9291,12.2994,4.9296,0.3600,0.3600,0.0361,6.0000,6.2289,0.0011,3.6718,0.6209,-146.2530,-26.1355,-143.4619,-27.0187,-143.4619,-27.0187,-146.0459,-26.7206,-156.5236,-25.9594,2.7911,-0.8832,2.7911,-0.8832,0.2071,-0.5851,178,0.1300,178,0,0.9276,0.0538,0.0186,-4.1019,-3.7096,-0.3081,-2.5939,-5.4103,0.0000,1,0.0804,0.0450,18.8884,0.0014
19.0303,IMM-UKF-LOS,smooth,0.500,10.00,0.050,0,0.600,1,6.6329,18.9052,12.2724,4.9629,0.3600,0.3600,0.0362,6.0000,6.2289,0.0011,4.1623,0.6209,-146.4649,-26.1002,-143.4619,-27.0187,-143.4619,-27.0187,-146.2409,-26.7664,-156.7398,-26.1840,3.0029,-0.9185,3.0029,-0.9185,0.2240,-0.6662,178,0.1400,178,0,0.9276,0.0538,0.0186,-4.1458,-3.8084,-0.2231,-2.5755,-5.4191,0.0000,1,0.0804,0.0450,18.8884,0.0014
19.0403,IMM-UKF-LOS,smooth,0.500,10.00,0.050,0,0.600,1,6.6356,18.8807,12.2451,4.9965,0.3600,0.3600,0.0362,6.0000,6.2289,0.0011,4.6354,0.6209,-146.6766,-26.0753,-143.4619,-27.0187,-143.4619,-27.0187,-146.4352,-26.8194,-156.9564,-26.4162,3.2147,-0.9434,3.2147,-0.9434,0.2414,-0.7441,178,0.1500,178,0,0.9276,0.0538,0.0186,-4.1885,-3.9061,-0.1379,-2.5571,-5.4278,0.0000,1,0.0804,0.0450,18.8884,0.0014
19.0503,IMM-UKF-LOS,smooth,0.500,10.00,0.050,0,0.600,1,6.6378,19.4305,12.7927,3.8618,0.3600,0.3600,0.0362,6.0000,6.7198,0.0003,1.7757,0.6209,-146.8883,-26.0608,-145.8286,-26.2376,-145.8286,-26.2376,-146.6609,-26.2763,-156.8907,-25.2122,1.0597,-0.1768,1.0597,-0.1768,0.2274,-0.2156,179,0.0500,179,0,0.9299,0.0562,0.0139,-4.2303,-4.0031,-0.0536,-2.5386,-5.4365,0.0000,1,0.0804,0.0450,19.0018,0.0014
19.0603,IMM-UKF-LOS,smooth,0.500,10.00,0.050,0,0.600,1,6.6395,19.4135,12.7740,3.8869,0.3600,0.3600,0.0363,6.0000,6.7198,0.0002,1.8780,0.6208,-147.1000,-26.0564,-145.8286,-26.2376,-145.8286,-26.2376,-146.8582,-26.2832,-157.0976,-25.3845,1.2714,-0.1812,1.2714,-0.1812,0.2418,-0.2268,179,0.0600,179,0,0.9299,0.0562,0.0139,-4.2716,-4.1000,0.0286,-2.5201,-5.4451,0.0000,1,0.0804,0.0450,19.0018,0.0014
19.0703,IMM-UKF-LOS,smooth,0.500,10.00,0.050,0,0.600,1,6.6407,19.3954,12.7547,3.9123,0.3600,0.3600,0.0363,6.0000,6.7198,0.0001,1.9687,0.6207,-147.3118,-26.0619,-145.8286,-26.2376,-145.8286,-26.2376,-147.0544,-26.2963,-157.3052,-25.5598,1.4832,-0.1758,1.4832,-0.1758,0.2573,-0.2345,179,0.0700,179,0,0.9299,0.0562,0.0139,-4.3124,-4.1972,0.1078,-2.5015,-5.4537,0.0000,1,0.0804,0.0450,19.0018,0.0014
19.0803,IMM-UKF-LOS,smooth,0.500,10.00,0.050,0,0.600,1,6.6413,19.3761,12.7349,3.9381,0.3600,0.3600,0.0364,6.0000,6.7198,0.0001,2.0483,0.6206,-147.5237,-26.0769,-145.8286,-26.2376,-145.8286,-26.2376,-147.2498,-26.3154,-157.5135,-25.7369,1.6951,-0.1607,1.6951,-0.1607,0.2738,-0.2384,179,0.0800,179,0,0.9299,0.0562,0.0139,-4.3532,-4.2950,0.1831,-2.4829,-5.4622,0.0000,1,0.0804,0.0450,19.0018,0.0014
19.0903,IMM-UKF-LOS,smooth,0.500,10.00,0.050,0,0.600,1,6.6413,19.3556,12.7144,3.9642,0.3600,0.3600,0.0364,6.0000,6.7198,0.0003,2.1176,0.6204,-147.7358,-26.1013,-145.8286,-26.2376,-145.8286,-26.2376,-147.4443,-26.3399,-157.7228,-25.9142,1.9072,-0.1364,1.9072,-0.1364,0.2915,-0.2386,179,0.0900,179,0,0.9299,0.0562,0.0139,-4.3940,-4.3937,0.2536,-2.4642,-5.4706,0.0000,1,0.1057,0.0493,19.0018,0.0008
19.1003,IMM-UKF-LOS,smooth,0.500,10.00,0.050,0,0.600,1,6.6407,19.3337,12.6930,3.9907,0.3600,0.3600,0.0365,6.0000,6.7198,0.0005,2.1783,0.6202,-147.9483,-26.1345,-145.8286,-26.2376,-145.8286,-26.2376,-147.6379,-26.3693,-157.9331,-26.0902,2.1196,-0.1032,2.1196,-0.1032,0.3103,-0.2348,179,0.1000,179,0,0.9299,0.0562,0.0139,-4.4349,-4.4935,0.3182,-2.4455,-5.4790,0.0000,1,0.1057,0.0493,19.0018,0.0008
19.1103,IMM-UKF-LOS,smooth,0.500,10.00,0.050,0,0.600,1,6.6394,19.3102,12.6708,4.0175,0.3600,0.3600,0.0365,6.0000,6.7198,0.0007,2.2318,0.6200,-148.1610,-26.1761,-145.8286,-26.2376,-145.8286,-26.2376,-147.8307,-26.4030,-158.1447,-26.2629,2.3324,-0.0615,2.3324,-0.0615,0.3303,-0.2269,179,0.1100,179,0,0.9299,0.0562,0.0139,-4.4761,-4.5948,0.3760,-2.4267,-5.4873,0.0000,1,0.1057,0.0493,19.0018,0.0008
19.1203,IMM-UKF-LOS,smooth,0.500,10.00,0.050,0,0.600,1,6.6374,19.2848,12.6474,4.0448,0.3600,0.3600,0.0365,6.0000,6.7198,0.0009,2.2805,0.6198,-148.3742,-26.2255,-145.8286,-26.2376,-145.8286,-26.2376,-148.0226,-26.4400,-158.3575,-26.4299,2.5455,-0.0121,2.5455,-0.0121,0.3516,-0.2146,179,0.1200,179,0,0.9299,0.0562,0.0139,-4.5176,-4.6975,0.4257,-2.4079,-5.4956,0.0000,1,0.1057,0.0493,19.0018,0.0008
19.1303,IMM-UKF-LOS,smooth,0.500,10.00,0.050,0,0.600,1,6.6347,19.2575,12.6227,4.0724,0.3600,0.3600,0.0366,6.0000,6.7198,0.0011,2.3272,0.6196,-148.5878,-26.2821,-145.8286,-26.2376,-145.8286,-26.2376,-148.2136,-26.4795,-158.5717,-26.5882,2.7592,0.0445,2.7592,0.0445,0.3742,-0.1974,179,0.1300,179,0,0.9299,0.0562,0.0139,-4.5594,-4.8017,0.4659,-2.3891,-5.5038,0.0000,1,0.1057,0.0493,19.0018,0.0008
19.1403,IMM-UKF-LOS,smooth,0.500,10.00,0.050,0,0.600,1,6.6312,19.0175,12.3864,4.0052,0.3600,0.3600,0.0366,6.0000,6.8564,0.0011,0.9825,0.6194,-148.8020,-26.3451,-147.7358,-26.1013,-147.7358,-26.1013,-148.6635,-26.2376,-159.5512,-26.0346,1.0661,0.2438,1.0661,0.2438,0.1385,0.1075,180,0.0500,180,0,0.9280,0.0558,0.0162,-4.6015,-4.9072,0.4950,-2.3702,-5.5120,0.0000,1,0.1057,0.0493,19.0911,0.0008
19.1503,IMM-UKF-LOS,smooth,0.500,10.00,0.050,0,0.600,1,6.6267,18.9917,12.3650,4.0316,0.3600,0.3600,0.0367,6.0000,6.8564,0.0013,1.2483,0.6192,-149.0167,-26.4135,-147.7358,-26.1013,-147.7358,-26.1013,-148.8682,-26.2529,-159.7813,-26.1352,1.2809,0.3123,1.2809,0.3123,0.1485,0.1607,180,0.0600,180,0,0.9280,0.0558,0.0162,-4.6435,-5.0138,0.5108,-2.3513,-5.5201,0.0000,1,0.1057,0.0493,19.0911,0.0008
19.1603,IMM-UKF-LOS,smooth,0.500,10.00,0.050,0,0.600,1,6.6214,18.9638,12.3424,4.0582,0.3600,0.3600,0.0367,6.0000,6.8564,0.0015,1.5582,0.6191,-149.2322,-26.4862,-147.7358,-26.1013,-147.7358,-26.1013,-149.0721,-26.2688,-160.0127,-26.2149,1.4964,0.3850,1.4964,0.3850,0.1601,0.2174,180,0.0700,180,0,0.9280,0.0558,0.0162,-4.6851,-5.1206,0.5109,-2.3323,-5.5281,0.0000,1,0.1057,0.0493,19.0911,0.0008
19.1703,IMM-UKF-LOS,smooth,0.500,10.00,0.050,0,0.600,1,6.6149,18.9334,12.3185,4.0852,0.3600,0.3600,0.0368,6.0000,6.8564,0.0016,1.9063,0.6190,-149.4484,-26.5617,-147.7358,-26.1013,-147.7358,-26.1013,-149.2753,-26.2833,-160.2447,-26.2653,1.7126,0.4604,1.7126,0.4604,0.1731,0.2784,180,0.0800,180,0,0.9280,0.0558,0.0162,-4.7254,-5.2262,0.4919,-2.3133,-5.5361,0.0000,1,0.1057,0.0493,19.0911,0.0008
19.1803,IMM-UKF-LOS,smooth,0.500,10.00,0.050,0,0.600,1,6.6075,18.9005,12.2931,4.1125,0.3600,0.3600,0.0368,6.0000,6.8564,0.0017,2.2940,0.6190,-149.6655,-26.6379,-147.7358,-26.1013,-147.7358,-26.1013,-149.4778,-26.2932,-160.4765,-26.2748,1.9297,0.5366,1.9297,0.5366,0.1878,0.3447,180,0.0900,180,0,0.9280,0.0558,0.0162,-4.7631,-5.3281,0.4494,-2.2942,-5.5440,0.0000,1,0.1057,0.0493,19.0911,0.0008
19.1903,IMM-UKF-LOS,smooth,0.500,10.00,0.050,0,0.600,1,6.5988,18.8652,12.2663,4.1401,0.3600,0.3600,0.0369,6.0000,6.8564,0.0017,2.7285,0.6192,-149.8836,-26.7123,-147.7358,-26.1013,-147.7358,-26.1013,-149.6797,-26.2943,-160.7059,-26.2263,2.1478,0.6110,2.1478,0.6110,0.2039,0.4180,180,0.1000,180,0,0.9280,0.0558,0.0162,-4.7956,-5.4215,0.3779,-2.2751,-5.5519,0.0000,1,0.1057,0.0493,19.0911,0.0008
19.2003,IMM-UKF-LOS,smooth,0.500,10.00,0.050,0,0.600,1,6.5891,18.8279,12.2388,4.1680,0.3600,0.3600,0.0369,6.0000,6.8564,0.0018,3.2248,0.6195,-150.1027,-26.7814,-147.7358,-26.1013,-147.7358,-26.1013,-149.8811,-26.2801,-160.9290,-26.0950,2.3669,0.6801,2.3669,0.6801,0.2216,0.5013,180,0.1100,180,0,0.9280,0.0558,0.0162,-4.8177,-5.4967,0.2706,-2.2560,-5.5597,0.0000,1,0.0910,0.0453,19.0911,-0.0006
19.2103,IMM-UKF-LOS,smooth,0.500,10.00,0.050,0,0.600,1,6.5785,18.7908,12.2123,4.1963,0.3600,0.3600,0.0370,6.0000,6.8564,0.0018,3.8041,0.6199,-150.3230,-26.8403,-147.7358,-26.1013,-147.7358,-26.1013,-150.0823,-26.2420,-161.1377,-25.8499,2.5872,0.7390,2.5872,0.7390,0.2407,0.5983,180,0.1200,180,0,0.9280,0.0558,0.0162,-4.8200,-5.5358,0.1229,-2.2368,-5.5675,0.0000,1,0.0910,0.0453,19.0911,-0.0006
19.2203,IMM-UKF-LOS,smooth,0.500,10.00,0.050,0,0.600,1,6.5674,18.7586,12.1912,4.2250,0.3600,0.3600,0.0371,6.0000,6.8564,0.0020,4.4760,0.6205,-150.5447,-26.8838,-147.7358,-26.1013,-147.7358,-26.1013,-150.2839,-26.1730,-161.3195,-25.4766,2.8089,0.7826,2.8089,0.7826,0.2608,0.7108,180,0.1300,180,0,0.9280,0.0558,0.0162,-4.7881,-5.5112,-0.0549,-2.2176,-5.5751,0.0000,1,0.0910,0.0453,19.0911,-0.0006
19.2303,IMM-UKF-LOS,smooth,0.500,10.00,0.050,0,0.600,1,6.5568,18.7373,12.1805,4.2540,0.3600,0.3600,0.0371,6.0000,6.8564,0.0024,5.1917,0.6212,-150.7680,-26.9089,-147.7358,-26.1013,-147.7358,-26.1013,-150.4862,-26.0787,-161.4667,-25.0256,3.0322,0.8077,3.0322,0.8077,0.2818,0.8303,180,0.1400,180,0,0.9280,0.0558,0.0162,-4.7147,-5.4077,-0.2259,-2.1983,-5.5828,0.0000,1,0.0910,0.0453,19.0911,-0.0006
19.2403,IMM-UKF-LOS,smooth,0.500,10.00,0.050,0,0.600,1,6.5473,18.7285,12.1812,4.2834,0.3600,0.3600,0.0372,6.0000,6.8564,0.0029,5.8642,0.6220,-150.9930,-26.9161,-147.7358,-26.1013,-147.7358,-26.1013,-150.6889,-25.9745,-161.5870,-24.5821,3.2572,0.8148,3.2572,0.8148,0.3041,0.9416,180,0.1500,180,0,0.9280,0.0558,0.0162,-4.6114,-5.2459,-0.3564,-2.1791,-5.5903,0.0000,1,0.0910,0.0453,19.0911,-0.0006
19.2503,IMM-UKF-LOS,smooth,0.500,10.00,0.050,0,0.600,1,6.5395,18.4506,11.9111,4.1463,0.3600,0.3600,0.0373,6.0000,6.5302,0.0035,2.0586,0.6228,-151.2196,-26.9074,-150.1027,-26.7814,-150.1027,-26.7814,-151.0425,-26.6018,-162.3626,-25.8575,1.1169,0.1260,1.1169,0.1260,0.1771,0.3056,181,0.0500,181,0,0.9341,0.0522,0.0137,-4.4935,-5.0546,-0.4421,-2.1597,-5.5978,0.0000,1,0.0910,0.0453,19.1998,-0.0006
19.2603,IMM-UKF-LOS,smooth,0.500,10.00,0.050,0,0.600,1,6.5337,18.4375,11.9039,4.1733,0.3600,0.3600,0.0373,6.0000,6.5302,0.0042,2.1592,0.6235,-151.4477,-26.8851,-150.1027,-26.7814,-150.1027,-26.7814,-151.2552,-26.5678,-162.4836,-25.5683,1.3450,0.1038,1.3450,0.1038,0.1925,0.3174,181,0.0600,181,0,0.9341,0.0522,0.0137,-4.3702,-4.8509,-0.4908,-2.1403,-5.6053,0.0000,1,0.0910,0.0453,19.1998,-0.0006
19.2703,IMM-UKF-LOS,smooth,0.500,10.00,0.050,0,0.600,1,6.5299,18.4297,11.8997,4.2006,0.3600,0.3600,0.0374,6.0000,6.5302,0.0049,2.2279,0.6242,-151.6770,-26.8515,-150.1027,-26.7814,-150.1027,-26.7814,-151.4675,-26.5295,-162.5991,-25.3188,1.5743,0.0701,1.5743,0.0701,0.2095,0.3220,181,0.0700,181,0,0.9341,0.0522,0.0137,-4.2459,-4.6433,-0.5099,-2.1209,-5.6126,0.0000,1,0.0910,0.0453,19.1998,-0.0006
19.2803,IMM-UKF-LOS,smooth,0.500,10.00,0.050,0,0.600,1,6.5284,18.4270,11.8985,4.2283,0.3600,0.3600,0.0375,6.0000,6.5302,0.0054,2.2679,0.6247,-151.9073,-26.8084,-150.1027,-26.7814,-150.1027,-26.7814,-151.6794,-26.4887,-162.7107,-25.1067,1.8046,0.0270,1.8046,0.0270,0.2280,0.3197,181,0.0800,181,0,0.9341,0.0522,0.0137,-4.1226,-4.4360,-0.5045,-2.1015,-5.6199,0.0000,1,0.0910,0.0453,19.1998,-0.0006
19.2903,IMM-UKF-LOS,smooth,0.500,10.00,0.050,0,0.600,1,6.5292,18.4294,11.9002,4.2562,0.3600,0.3600,0.0376,6.0000,6.5302,0.0058,2.2828,0.6251,-152.1385,-26.7578,-150.1027,-26.7814,-150.1027,-26.7814,-151.8906,-26.4472,-162.8196,-24.9313,2.0359,-0.0236,2.0359,-0.0236,0.2479,0.3106,181,0.0900,181,0,0.9341,0.0522,0.0137,-4.0019,-4.2317,-0.4774,-2.0820,-5.6272,0.0000,1,0.0910,0.0453,19.1998,-0.0006
19.3003,IMM-UKF-LOS,smooth,0.500,10.00,0.050,0,0.600,1,6.5324,18.4369,11.9045,4.2845,0.3600,0.3600,0.0377,6.0000,6.5302,0.0061,2.2764,0.6254,-152.3704,-26.7015,-150.1027,-26.7814,-150.1027,-26.7814,-152.1011,-26.4070,-162.9267,-24.7944,2.2677,-0.0798,2.2677,-0.0798,0.2693,0.2945,181,0.1000,181,0,0.9341,0.0522,0.0137,-3.8847,-4.0326,-0.4295,-2.0625,-5.6344,0.0000,1,0.1129,0.0452,19.1998,0.0015
19.3103,IMM-UKF-LOS,smooth,0.500,10.00,0.050,0,0.600,1,6.5379,18.4493,11.9114,4.3131,0.3600,0.3600,0.0378,6.0000,6.5302,0.0062,2.2519,0.6255,-152.6027,-26.6418,-150.1027,-26.7814,-150.1027,-26.7814,-152.3107,-26.3708,-163.0331,-24.7009,2.5000,-0.1396,2.5000,-0.1396,0.2920,0.2710,181,0.1100,181,0,0.9341,0.0522,0.0137,-3.7723,-3.8414,-0.3602,-2.0429,-5.6415,0.0000,1,0.1129,0.0452,19.1998,0.0015
19.3203,IMM-UKF-LOS,smooth,0.500,10.00,0.050,0,0.600,1,6.5457,18.4663,11.9206,4.3421,0.3600,0.3600,0.0379,6.0000,6.5302,0.0060,2.2131,0.6254,-152.8352,-26.5810,-150.1027,-26.7814,-150.1027,-26.7814,-152.5193,-26.3425,-163.1407,-24.6604,2.7325,-0.2003,2.7325,-0.2003,0.3159,0.2385,181,0.1200,181,0,0.9341,0.0522,0.0137,-3.6667,-3.6624,-0.2669,-2.0233,-5.6486,0.0000,1,0.1129,0.0452,19.1998,0.0015
19.3303,IMM-UKF-LOS,smooth,0.500,10.00,0.050,0,0.600,1,6.5558,18.4870,11.9311,4.3714,0.3600,0.3600,0.0379,6.0000,6.5302,0.0058,2.1657,0.6251,-153.0676,-26.5225,-150.1027,-26.7814,-150.1027,-26.7814,-152.7266,-26.3281,-163.2525,-24.6904,2.9649,-0.2588,2.9649,-0.2588,0.3410,0.1945,181,0.1300,181,0,0.9341,0.0522,0.0137,-3.5719,-3.5042,-0.1449,-2.0037,-5.6555,0.0000,1,0.1129,0.0452,19.1998,0.0015
19.3403,IMM-UKF-LOS,smooth,0.500,10.00,0.050,0,0.600,1,6.5680,18.5087,11.9408,4.4010,0.3600,0.3600,0.0380,6.0000,6.5302,0.0051,2.1259,0.6245,-153.2997,-26.4707,-150.1027,-26.7814,-150.1027,-26.7814,-152.9323,-26.3367,-163.3756,-24.8183,3.1970,-0.3107,3.1970,-0.3107,0.3675,0.1340,181,0.1400,181,0,0.9341,0.0522,0.0137,-3.4966,-3.3854,0.0109,-1.9840,-5.6625,0.0000,1,0.1129,0.0452,19.1998,0.0015
19.3503,IMM-UKF-LOS,smooth,0.500,10.00,0.050,0,0.600,1,6.5815,18.1686,11.5872,4.3283,0.3600,0.3600,0.0381,6.0000,6.3802,0.0017,1.3299,0.6238,-153.5313,-26.4305,-152.3704,-26.7015,-152.3704,-26.7015,-153.3178,-26.5441,-164.2228,-25.6272,1.1608,-0.2710,1.1608,-0.2710,0.2135,-0.1136,182,0.0500,182,0,0.9337,0.0530,0.0133,-3.4567,-3.3411,0.1904,-1.9643,-5.6693,0.0000,1,0.1129,0.0452,19.3018,0.0015
19.3603,IMM-UKF-LOS,smooth,0.500,10.00,0.050,0,0.600,1,6.5953,18.1666,11.5712,4.3563,0.3600,0.3600,0.0382,6.0000,6.3802,0.0026,1.5500,0.6229,-153.7619,-26.4040,-152.3704,-26.7015,-152.3704,-26.7015,-153.5334,-26.5630,-164.4179,-25.8799,1.3915,-0.2975,1.3915,-0.2975,0.2285,-0.1590,182,0.0600,182,0,0.9337,0.0530,0.0133,-3.4601,-3.3895,0.3443,-1.9446,-5.6761,0.0000,1,0.1129,0.0452,19.3018,0.0015
19.3703,IMM-UKF-LOS,smooth,0.500,10.00,0.050,0,0.600,1,6.6087,18.1599,11.5512,4.3845,0.3600,0.3600,0.0383,6.0000,6.3802,0.0035,1.7617,0.6219,-153.9916,-26.3888,-152.3704,-26.7015,-152.3704,-26.7015,-153.7474,-26.5861,-164.6313,-26.0957,1.6212,-0.3127,1.6212,-0.3127,0.2442,-0.1973,182,0.0700,182,0,0.9337,0.0530,0.0133,-3.4879,-3.4917,0.4407,-1.9249,-5.6829,0.0000,1,0.1129,0.0452,19.3018,0.0015
19.3803,IMM-UKF-LOS,smooth,0.500,10.00,0.050,0,0.600,1,6.6213,18.1494,11.5281,4.4131,0.3600,0.3600,0.0384,6.0000,6.3802,0.0045,1.9477,0.6209,-154.2203,-26.3822,-152.3704,-26.7015,-152.3704,-26.7015,-153.9599,-26.6096,-164.8519,-26.2621,1.8499,-0.3193,1.8499,-0.3193,0.2604,-0.2274,182,0.0800,182,0,0.9337,0.0530,0.0133,-3.5239,-3.6127,0.4917,-1.9051,-5.6895,0.0000,1,0.1129,0.0452,19.3018,0.0015
19.3903,IMM-UKF-LOS,smooth,0.500,10.00,0.050,0,0.600,1,6.6329,18.1357,11.5028,4.4419,0.3600,0.3600,0.0384,6.0000,6.3802,0.0054,2.1075,0.6201,-154.4482,-26.3820,-152.3704,-26.7015,-152.3704,-26.7015,-154.1712,-26.6323,-165.0754,-26.3901,2.0777,-0.3196,2.0777,-0.3196,0.2770,-0.2503,182,0.0900,182,0,0.9337,0.0530,0.0133,-3.5617,-3.7390,0.5126,-1.8853,-5.6961,0.0000,1,0.1129,0.0452,19.3018,0.0015
19.4003,IMM-UKF-LOS,smooth,0.500,10.00,0.050,0,0.600,1,6.6434,18.1192,11.4758,4.4711,0.3600,0.3600,0.0385,6.0000,6.3802,0.0063,2.2448,0.6192,-154.6752,-26.3866,-152.3704,-26.7015,-152.3704,-26.7015,-154.3812,-26.6541,-165.3002,-26.4900,2.3048,-0.3150,2.3048,-0.3150,0.2941,-0.2675,182,0.1000,182,0,0.9337,0.0530,0.0133,-3.5992,-3.8660,0.5135,-1.8654,-5.7027,0.0000,1,0.1129,0.0452,19.3018,0.0015
19.4103,IMM-UKF-LOS,smooth,0.500,10.00,0.050,0,0.600,1,6.6527,18.1000,11.4472,4.5005,0.3600,0.3600,0.0386,6.0000,6.3802,0.0071,2.3639,0.6184,-154.9017,-26.3948,-152.3704,-26.7015,-152.3704,-26.7015,-154.5900,-26.6748,-165.5258,-26.5684,2.5312,-0.3067,2.5312,-0.3067,0.3117,-0.2800,182,0.1100,182,0,0.9337,0.0530,0.0133,-3.6357,-3.9919,0.5002,-1.8455,-5.7091,0.0000,1,0.1129,0.0452,19.3018,0.0015
19.4203,IMM-UKF-LOS,smooth,0.500,10.00,0.050,0,0.600,1,6.6608,18.0781,11.4173,4.5303,0.3600,0.3600,0.0386,6.0000,6.3802,0.0078,2.4687,0.6177,-155.1275,-26.4059,-152.3704,-26.7015,-152.3704,-26.7015,-154.7977,-26.6944,-165.7519,-26.6299,2.7571,-0.2956,2.7571,-0.2956,0.3299,-0.2885,182,0.1200,182,0,0.9337,0.0530,0.0133,-3.6709,-4.1161,0.4766,-1.8256,-5.7155,0.0000,1,0.0827,0.0403,19.3018,0.0004
19.4303,IMM-UKF-LOS,smooth,0.500,10.00,0.050,0,0.600,1,6.6678,18.0538,11.3861,4.5604,0.3600,0.3600,0.0387,6.0000,6.3802,0.0084,2.5624,0.6170,-155.3529,-26.4190,-152.3704,-26.7015,-152.3704,-26.7015,-155.0043,-26.7127,-165.9784,-26.6777,2.9825,-0.2825,2.9825,-0.2825,0.3486,-0.2937,182,0.1300,182,0,0.9337,0.0530,0.0133,-3.7047,-4.2383,0.4450,-1.8057,-5.7219,0.0000,1,0.0827,0.0403,19.3018,0.0004
19.4403,IMM-UKF-LOS,smooth,0.500,10.00,0.050,0,0.600,1,6.6735,18.0271,11.3536,4.5909,0.3600,0.3600,0.0388,6.0000,6.3802,0.0090,2.6481,0.6165,-155.5779,-26.4337,-152.3704,-26.7015,-152.3704,-26.7015,-155.2098,-26.7296,-166.2053,-26.7138,3.2075,-0.2679,3.2075,-0.2679,0.3681,-0.2959,182,0.1400,182,0,0.9337,0.0530,0.0133,-3.7371,-4.3586,0.4072,-1.7857,-5.7281,0.0000,1,0.0827,0.0403,19.3018,0.0004
19.4503,IMM-UKF-LOS,smooth,0.500,10.00,0.050,0,0.600,1,6.6780,17.9980,11.3200,4.6217,0.3600,0.3600,0.0388,6.0000,6.3802,0.0094,2.7283,0.6160,-155.8027,-26.4494,-152.3704,-26.7015,-152.3704,-26.7015,-155.4143,-26.7450,-166.4326,-26.7398,3.4323,-0.2522,3.4323,-0.2522,0.3884,-0.2956,182,0.1500,182,0,0.9337,0.0530,0.0133,-3.7681,-4.4770,0.3643,-1.7657,-5.7343,0.0000,1,0.0827,0.0403,19.3018,0.0004
19.4604,IMM-UKF-LOS,smooth,0.500,10.00,0.050,0,0.600,1,6.6813,17.9666,11.2853,4.6528,0.3600,0.3600,0.0389,6.0000,6.3802,0.0098,2.8054,0.6157,-156.0272,-26.4657,-152.3704,-26.7015,-152.3704,-26.7015,-155.6178,-26.7588,-166.6602,-26.7569,3.6568,-0.2358,3.6568,-0.2358,0.4094,-0.2931,182,0.1600,182,0,0.9337,0.0530,0.0133,-3.7978,-4.5934,0.3174,-1.7457,-5.7404,0.0000,1,0.0827,0.0403,19.3018,0.0004
19.4704,IMM-UKF-LOS,smooth,0.500,10.00,0.050,0,0.600,1,6.6834,17.9487,11.2653,4.3672,0.3600,0.3600,0.0390,6.0000,6.6211,0.0023,1.2016,0.6154,-156.2517,-26.4824,-155.1275,-26.4059,-155.1275,-26.4059,-156.0354,-26.4290,-167.3524,-25.7204,1.1241,0.0765,1.1241,0.0765,0.2163,0.0534,183,0.0500,183,0,0.9443,0.0456,0.0100,-3.8262,-4.7080,0.2672,-1.7256,-5.7465,0.0000,1,0.0827,0.0403,19.4208,0.0004
19.4804,IMM-UKF-LOS,smooth,0.500,10.00,0.050,0,0.600,1,6.6843,17.9269,11.2426,4.3948,0.3600,0.3600,0.0390,6.0000,6.6211,0.0025,1.2817,0.6152,-156.4761,-26.4991,-155.1275,-26.4059,-155.1275,-26.4059,-156.2518,-26.4243,-167.5862,-25.7014,1.3486,0.0932,1.3486,0.0932,0.2243,0.0748,183,0.0600,183,0,0.9443,0.0456,0.0100,-3.8534,-4.8209,0.2141,-1.7055,-5.7525,0.0000,1,0.0827,0.0403,19.4208,0.0004
19.4904,IMM-UKF-LOS,smooth,0.500,10.00,0.050,0,0.600,1,6.6840,17.9029,11.2189,4.4226,0.3600,0.3600,0.0391,6.0000,6.6211,0.0025,1.3771,0.6151,-156.7006,-26.5156,-155.1275,-26.4059,-155.1275,-26.4059,-156.4672,-26.4189,-167.8203,-25.6766,1.5731,0.1097,1.5731,0.1097,0.2334,0.0967,183,0.0700,183,0,0.9443,0.0456,0.0100,-3.8793,-4.9321,0.1587,-1.6854,-5.7584,0.0000,1,0.0827,0.0403,19.4208,0.0004
19.5004,IMM-UKF-LOS,smooth,0.500,10.00,0.050,0,0.600,1,6.6825,17.8766,11.1941,4.4508,0.3600,0.3600,0.0392,6.0000,6.6211,0.0025,1.4867,0.6152,-156.9252,-26.5317,-155.1275,-26.4059,-155.1275,-26.4059,-156.6816,-26.4125,-168.0549,-25.6463,1.7977,0.1258,1.7977,0.1258,0.2436,0.1192,183,0.0800,183,0,0.9443,0.0456,0.0100,-3.9041,-5.0417,0.1014,-1.6653,-5.7643,0.0000,1,0.0827,0.0403,19.4208,0.0004
19.5104,IMM-UKF-LOS,smooth,0.500,10.00,0.050,0,0.600,1,6.6799,17.8481,11.1683,4.4792,0.3600,0.3600,0.0392,6.0000,6.6211,0.0024,1.6093,0.6153,-157.1501,-26.5472,-155.1275,-26.4059,-155.1275,-26.4059,-156.8950,-26.4049,-168.2899,-25.6109,2.0225,0.1413,2.0225,0.1413,0.2551,0.1422,183,0.0900,183,0,0.9443,0.0456,0.0100,-3.9277,-5.1498,0.0425,-1.6451,-5.7701,0.0000,1,0.1005,0.0566,19.4208,-0.0000
19.5204,IMM-UKF-LOS,smooth,0.500,10.00,0.050,0,0.600,1,6.6760,17.8175,11.1415,4.5080,0.3600,0.3600,0.0393,6.0000,6.6211,0.0022,1.7435,0.6155,-157.3752,-26.5619,-155.1275,-26.4059,-155.1275,-26.4059,-157.1074,-26.3961,-168.5253,-25.5705,2.2477,0.1560,2.2477,0.1560,0.2678,0.1658,183,0.1000,183,0,0.9443,0.0456,0.0100,-3.9503,-5.2564,-0.0178,-1.6250,-5.7758,0.0000,1,0.1005,0.0566,19.4208,-0.0000
19.5304,IMM-UKF-LOS,smooth,0.500,10.00,0.050,0,0.600,1,6.6711,17.7847,11.1136,4.5371,0.3600,0.3600,0.0394,6.0000,6.6211,0.0018,1.8883,0.6159,-157.6007,-26.5758,-155.1275,-26.4059,-155.1275,-26.4059,-157.3189,-26.3860,-168.7612,-25.5255,2.4732,0.1699,2.4732,0.1699,0.2818,0.1898,183,0.1100,183,0,0.9443,0.0456,0.0100,-3.9718,-5.3616,-0.0791,-1.6048,-5.7814,0.0000,1,0.1005,0.0566,19.4208,-0.0000
19.5404,IMM-UKF-LOS,smooth,0.500,10.00,0.050,0,0.600,1,6.6649,17.7498,11.0849,4.5665,0.3600,0.3600,0.0394,6.0000,6.6211,0.0015,2.0429,0.6163,-157.8267,-26.5886,-155.1275,-26.4059,-155.1275,-26.4059,-157.5295,-26.3744,-168.9976,-25.4761,2.6992,0.1827,2.6992,0.1827,0.2972,0.2142,183,0.1200,183,0,0.9443,0.0456,0.0100,-3.9923,-5.4655,-0.1412,-1.5845,-5.7870,0.0000,1,0.1005,0.0566,19.4208,-0.0000
19.5504,IMM-UKF-LOS,smooth,0.500,10.00,0.050,0,0.600,1,6.6577,17.7128,11.0551,4.5962,0.3600,0.3600,0.0395,6.0000,6.6211,0.0011,2.2065,0.6169,-158.0531,-26.6003,-155.1275,-26.4059,-155.1275,-26.4059,-157.7392,-26.3613,-169.2345,-25.4228,2.9256,0.1944,2.9256,0.1944,0.3139,0.2389,183,0.1300,183,0,0.9443,0.0456,0.0100,-4.0118,-5.5682,-0.2039,-1.5643,-5.7925,0.0000,1,0.1005,0.0566,19.4208,-0.0000
19.5604,IMM-UKF-LOS,smooth,0.500,10.00,0.050,0,0.600,1,6.6493,17.6738,11.0245,4.6263,0.3600,0.3600,0.0396,6.0000,6.6211,0.0010,2.3785,0.6175,-158.2802,-26.6108,-155.1275,-26.4059,-155.1275,-26.4059,-157.9481,-26.3468,-169.4720,-25.3658,3.1527,0.2049,3.1527,0.2049,0.3322,0.2640,183,0.1400,183,0,0.9443,0.0456,0.0100,-4.0304,-5.6697,-0.2670,-1.5440,-5.7979,0.0000,1,0.1005,0.0566,19.4208,-0.0000
19.5704,IMM-UKF-LOS,smooth,0.500,10.00,0.050,0,0.600,1,6.6398,18.1996,11.5598,4.2013,0.3600,0.3600,0.0396,6.0000,6.9213,0.0031,0.5736,0.6183,-158.5079,-26.6201,-157.1501,-26.5472,-157.1501,-26.5472,-158.4424,-26.5442,-170.3323,-25.8988,1.3579,0.0729,1.3579,0.0729,0.0655,0.0759,184,0.0600,184,0,0.9344,0.0507,0.0149,-4.0481,-5.7702,-0.3301,-1.5237,-5.8033,0.0000,1,0.1005,0.0566,19.5103,-0.0000
19.5804,IMM-UKF-LOS,smooth,0.500,10.00,0.050,0,0.600,1,6.6291,18.1695,11.5404,4.2283,0.3600,0.3600,0.0397,6.0000,6.9213,0.0040,0.6596,0.6192,-158.7364,-26.6281,-157.1501,-26.5472,-157.1501,-26.5472,-158.6646,-26.5384,-170.5786,-25.8515,1.5863,0.0809,1.5863,0.0809,0.0718,0.0896,184,0.0700,184,0,0.9344,0.0507,0.0149,-4.0649,-5.8698,-0.3929,-1.5034,-5.8086,0.0000,1,0.1005,0.0566,19.5103,-0.0000
19.5904,IMM-UKF-LOS,smooth,0.500,10.00,0.050,0,0.600,1,6.6174,18.1375,11.5200,4.2556,0.3600,0.3600,0.0398,6.0000,6.9213,0.0050,0.7501,0.6201,-158.9656,-26.6349,-157.1501,-26.5472,-157.1501,-26.5472,-158.8859,-26.5317,-170.8256,-25.8032,1.8155,0.0877,1.8155,0.0877,0.0797,0.1032,184,0.0800,184,0,0.9344,0.0507,0.0149,-4.0810,-5.9687,-0.4550,-1.4831,-5.8138,0.0000,1,0.1005,0.0566,19.5103,-0.0000
19.6004,IMM-UKF-LOS,smooth,0.500,10.00,0.050,0,0.600,1,6.6047,18.1034,11.4988,4.2833,0.3600,0.3600,0.0399,6.0000,6.9213,0.0061,0.8441,0.6212,-159.1957,-26.6405,-157.1501,-26.5472,-157.1501,-26.5472,-159.1065,-26.5241,-171.0734,-25.7556,2.0456,0.0933,2.0456,0.0933,0.0892,0.1164,184,0.0900,184,0,0.9344,0.0507,0.0149,-4.0964,-6.0671,-0.5155,-1.4627,-5.8190,0.0000,1,0.1005,0.0566,19.5103,-0.0000
19.6104,IMM-UKF-LOS,smooth,0.500,10.00,0.050,0,0.600,1,6.5908,18.0675,11.4766,4.3112,0.3600,0.3600,0.0400,6.0000,6.9213,0.0073,0.9396,0.6224,-159.4267,-26.6452,-157.1501,-26.5472,-157.1501,-26.5472,-159.3262,-26.5164,-171.3223,-25.7123,2.2767,0.0980,2.2767,0.0980,0.1005,0.1288,184,0.1000,184,0,0.9344,0.0507,0.0149,-4.1114,-6.1657,-0.5727,-1.4423,-5.8241,0.0000,1,0.1005,0.0566,19.5103,-0.0000
19.6204,IMM-UKF-LOS,smooth,0.500,10.00,0.050,0,0.600,1,6.5759,18.0297,11.4538,4.3395,0.3600,0.3600,0.0400,6.0000,6.9213,0.0086,1.0301,0.6236,-159.6588,-26.6497,-157.1501,-26.5472,-157.1501,-26.5472,-159.5451,-26.5107,-171.5731,-25.6846,2.5087,0.1025,2.5087,0.1025,0.1137,0.1390,184,0.1100,184,0,0.9344,0.0507,0.0149,-4.1265,-6.2661,-0.6217,-1.4220,-5.8291,0.0000,1,0.0955,0.0488,19.5103,-0.0012
19.6304,IMM-UKF-LOS,smooth,0.500,10.00,0.050,0,0.600,1,6.5602,17.9919,11.4317,4.3681,0.3600,0.3600,0.0401,6.0000,6.9213,0.0100,1.0598,0.6250,-159.8918,-26.6584,-157.1501,-26.5472,-157.1501,-26.5472,-159.7632,-26.5237,-171.8283,-25.7609,2.7418,0.1112,2.7418,0.1112,0.1287,0.1347,184,0.1200,184,0,0.9344,0.0507,0.0149,-4.1435,-6.3737,-0.6188,-1.4015,-5.8340,0.0000,1,0.0955,0.0488,19.5103,-0.0012
19.6404,IMM-UKF-LOS,smooth,0.500,10.00,0.050,0,0.600,1,6.5469,17.9967,11.4498,4.3970,0.3600,0.3600,0.0402,6.0000,6.9213,0.0111,1.1673,0.6261,-160.1268,-26.6669,-157.1501,-26.5472,-157.1501,-26.5472,-159.9840,-26.5193,-171.9416,-25.7512,2.9767,0.1197,2.9767,0.1197,0.1428,0.1476,184,0.1300,184,0,0.9344,0.0507,0.0149,-4.0553,-6.1716,-0.5074,-1.3811,-5.8389,0.0000,1,0.0955,0.0488,19.5103,-0.0012
19.6504,IMM-UKF-LOS,smooth,0.500,10.00,0.050,0,0.600,1,6.5362,18.0067,11.4705,4.4262,0.3600,0.3600,0.0403,6.0000,6.9213,0.0121,1.3206,0.6270,-160.3633,-26.6732,-157.1501,-26.5472,-157.1501,-26.5472,-160.2042,-26.5044,-172.0462,-25.6927,3.2132,0.1260,3.2132,0.1260,0.1591,0.1688,184,0.1400,184,0,0.9344,0.0507,0.0149,-3.9647,-5.9596,-0.4168,-1.3607,-5.8437,0.0000,1,0.0955,0.0488,19.5103,-0.0012
19.6604,IMM-UKF-LOS,smooth,0.500,10.00,0.050,0,0.600,1,6.5280,18.0215,11.4935,4.4559,0.3600,0.3600,0.0404,6.0000,6.9213,0.0128,1.4886,0.6277,-160.6013,-26.6767,-157.1501,-26.5472,-157.1501,-26.5472,-160.4235,-26.4853,-172.1464,-25.6229,3.4512,0.1295,3.4512,0.1295,0.1778,0.1914,184,0.1500,184,0,0.9344,0.0507,0.0149,-3.8748,-5.7472,-0.3319,-1.3402,-5.8484,0.0000,1,0.0955,0.0488,19.5103,-0.0012
19.6704,IMM-UKF-LOS,smooth,0.500,10.00,0.050,0,0.600,1,6.5223,17.9304,11.4081,3.7491,0.3600,0.3600,0.0405,6.0000,6.9031,0.0048,1.5537,0.6283,-160.8405,-26.6774,-159.6588,-26.6497,-159.6588,-26.6497,-160.6618,-26.4727,-172.3047,-25.5466,1.1817,0.0277,1.1817,0.0277,0.1787,0.2047,185,0.0500,185,0,0.9471,0.0414,0.0115,-3.7861,-5.5360,-0.2494,-1.3197,-5.8531,0.0000,1,0.0955,0.0488,19.6192,-0.0012
19.6804,IMM-UKF-LOS,smooth,0.500,10.00,0.050,0,0.600,1,6.5191,17.9284,11.4093,3.7730,0.3600,0.3600,0.0406,6.0000,6.9031,0.0052,1.6682,0.6286,-161.0808,-26.6753,-159.6588,-26.6497,-159.6588,-26.6497,-160.8850,-26.4583,-172.4209,-25.4797,1.4220,0.0256,1.4220,0.0256,0.1958,0.2170,185,0.0600,185,0,0.9471,0.0414,0.0115,-3.6990,-5.3266,-0.1679,-1.2992,-5.8576,0.0000,1,0.0955,0.0488,19.6192,-0.0012
19.6904,IMM-UKF-LOS,smooth,0.500,10.00,0.050,0,0.600,1,6.5182,17.9312,11.4130,3.7972,0.3600,0.3600,0.0407,6.0000,6.9031,0.0054,1.7849,0.6288,-161.3220,-26.6704,-159.6588,-26.6497,-159.6588,-26.6497,-161.1073,-26.4420,-172.5337,-25.4142,1.6632,0.0207,1.6632,0.0207,0.2146,0.2284,185,0.0700,185,0,0.9471,0.0414,0.0115,-3.6135,-5.1194,-0.0865,-1.2787,-5.8622,0.0000,1,0.0955,0.0488,19.6192,-0.0012
19.7004,IMM-UKF-LOS,smooth,0.500,10.00,0.050,0,0.600,1,6.5198,17.9388,11.4190,3.8218,0.3600,0.3600,0.0409,6.0000,6.9031,0.0054,1.9030,0.6288,-161.5637,-26.6629,-159.6588,-26.6497,-159.6588,-26.6497,-161.3287,-26.4242,-172.6434,-25.3518,1.9050,0.0132,1.9050,0.0132,0.2350,0.2387,185,0.0800,185,0,0.9471,0.0414,0.0115,-3.5296,-4.9149,-0.0044,-1.2582,-5.8666,0.0000,1,0.0955,0.0488,19.6192,-0.0012
19.7104,IMM-UKF-LOS,smooth,0.500,10.00,0.050,0,0.600,1,6.5238,17.9510,11.4272,3.8467,0.3600,0.3600,0.0410,6.0000,6.9031,0.0052,2.0220,0.6286,-161.8059,-26.6531,-159.6588,-26.6497,-159.6588,-26.6497,-161.5490,-26.4054,-172.7503,-25.2944,2.1471,0.0034,2.1471,0.0034,0.2569,0.2478,185,0.0900,185,0,0.9471,0.0414,0.0115,-3.4476,-4.7133,0.0794,-1.2377,-5.8710,0.0000,1,0.0955,0.0488,19.6192,-0.0012
19.7204,IMM-UKF-LOS,smooth,0.500,10.00,0.050,0,0.600,1,6.5301,17.9679,11.4377,3.8719,0.3600,0.3600,0.0411,6.0000,6.9031,0.0049,2.1404,0.6283,-162.0484,-26.6414,-159.6588,-26.6497,-159.6588,-26.6497,-161.7681,-26.3862,-172.8548,-25.2450,2.3896,-0.0083,2.3896,-0.0083,0.2802,0.2552,185,0.1000,185,0,0.9471,0.0414,0.0115,-3.3676,-4.5155,0.1659,-1.2171,-5.8753,0.0000,1,0.0922,0.0474,19.6192,-0.0003
19.7304,IMM-UKF-LOS,smooth,0.500,10.00,0.050,0,0.600,1,6.5388,17.9892,11.4504,3.8975,0.3600,0.3600,0.0412,6.0000,6.9031,0.0044,2.2561,0.6277,-162.2908,-26.6285,-159.6588,-26.6497,-159.6588,-26.6497,-161.9860,-26.3681,-172.9574,-25.2082,2.6321,-0.0212,2.6321,-0.0212,0.3048,0.2604,185,0.1100,185,0,0.9471,0.0414,0.0115,-3.2900,-4.3226,0.2571,-1.1966,-5.8795,0.0000,1,0.0922,0.0474,19.6192,-0.0003
19.7404,IMM-UKF-LOS,smooth,0.500,10.00,0.050,0,0.600,1,6.5498,18.0149,11.4651,3.9235,0.3600,0.3600,0.0413,6.0000,6.9031,0.0036,2.3640,0.6270,-162.5331,-26.6152,-159.6588,-26.6497,-159.6588,-26.6497,-162.2025,-26.3533,-173.0592,-25.1930,2.8744,-0.0345,2.8744,-0.0345,0.3306,0.2619,185,0.1200,185,0,0.9471,0.0414,0.0115,-3.2154,-4.1373,0.3568,-1.1760,-5.8836,0.0000,1,0.0922,0.0474,19.6192,-0.0003
19.7504,IMM-UKF-LOS,smooth,0.500,10.00,0.050,0,0.600,1,6.5630,18.0443,11.4813,3.9498,0.3600,0.3600,0.0414,6.0000,6.9031,0.0027,2.4511,0.6260,-162.7750,-26.6036,-159.6588,-26.6497,-159.6588,-26.6497,-162.4174,-26.3479,-173.1634,-25.2230,3.1163,-0.0461,3.1163,-0.0461,0.3576,0.2557,185,0.1300,185,0,0.9471,0.0414,0.0115,-3.1462,-3.9677,0.4740,-1.1554,-5.8877,0.0000,1,0.0922,0.0474,19.6192,-0.0003
19.7604,IMM-UKF-LOS,smooth,0.500,10.00,0.050,0,0.600,1,6.5780,18.0726,11.4945,3.9766,0.3600,0.3600,0.0415,6.0000,6.9031,0.0017,2.4685,0.6248,-163.0163,-26.5999,-159.6588,-26.6497,-159.6588,-26.6497,-162.6300,-26.3746,-173.2872,-25.3881,3.3575,-0.0499,3.3575,-0.0499,0.3862,0.2253,185,0.1400,185,0,0.9471,0.0414,0.0115,-3.0957,-3.8613,0.6354,-1.1348,-5.8917,0.0000,1,0.0922,0.0474,19.6192,-0.0003
19.7704,IMM-UKF-LOS,smooth,0.500,10.00,0.050,0,0.600,1,6.5924,18.0720,11.4797,3.8876,0.3600,0.3600,0.0416,6.0000,6.9361,0.0047,0.8495,0.6236,-163.2563,-26.6053,-162.0484,-26.6414,-162.0484,-26.6414,-163.0978,-26.6144,-174.2523,-26.2223,1.2080,-0.0361,1.2080,-0.0361,0.1585,-0.0090,186,0.0500,186,0,0.9465,0.0419,0.0117,-3.1096,-3.9827,0.6982,-1.1142,-5.8956,0.0000,1,0.0922,0.0474,19.7201,-0.0003
19.7804,IMM-UKF-LOS,smooth,0.500,10.00,0.050,0,0.600,1,6.6055,18.0691,11.4637,3.9126,0.3600,0.3600,0.0418,6.0000,6.9361,0.0058,0.9282,0.6225,-163.4952,-26.6133,-162.0484,-26.6414,-162.0484,-26.6414,-163.3219,-26.6212,-174.4737,-26.2616,1.4469,-0.0282,1.4469,-0.0282,0.1733,-0.0079,186,0.0600,186,0,0.9465,0.0419,0.0117,-3.1260,-4.1150,0.6683,-1.0936,-5.8995,0.0000,1,0.0922,0.0474,19.7201,-0.0003
19.7904,IMM-UKF-LOS,smooth,0.500,10.00,0.050,0,0.600,1,6.6173,18.0634,11.4462,3.9379,0.3600,0.3600,0.0419,6.0000,6.9361,0.0068,1.0093,0.6215,-163.7332,-26.6215,-162.0484,-26.6414,-162.0484,-26.6414,-163.5444,-26.6242,-174.6937,-26.2593,1.6848,-0.0199,1.6848,-0.0199,0.1887,-0.0027,186,0.0700,186,0,0.9465,0.0419,0.0117,-3.1402,-4.2414,0.6139,-1.0730,-5.9033,0.0000,1,0.0922,0.0474,19.7201,-0.0003
19.8004,IMM-UKF-LOS,smooth,0.500,10.00,0.050,0,0.600,1,6.6278,18.0552,11.4275,3.9634,0.3600,0.3600,0.0420,6.0000,6.9361,0.0077,1.0950,0.6206,-163.9702,-26.6291,-162.0484,-26.6414,-162.0484,-26.6414,-163.7655,-26.6246,-174.9129,-26.2370,1.9219,-0.0123,1.9219,-0.0123,0.2047,0.0046,186,0.0800,186,0,0.9465,0.0419,0.0117,-3.1528,-4.3634,0.5493,-1.0524,-5.9070,0.0000,1,0.0922,0.0474,19.7201,-0.0003
19.8104,IMM-UKF-LOS,smooth,0.500,10.00,0.050,0,0.600,1,6.6370,18.0445,11.4075,3.9894,0.3600,0.3600,0.0421,6.0000,6.9361,0.0084,1.1863,0.6199,-164.2065,-26.6356,-162.0484,-26.6414,-162.0484,-26.6414,-163.9851,-26.6226,-175.1315,-26.2029,2.1581,-0.0059,2.1581,-0.0059,0.2214,0.0130,186,0.0900,186,0,0.9465,0.0419,0.0117,-3.1641,-4.4824,0.4796,-1.0317,-5.9106,0.0000,1,0.0922,0.0474,19.7201,-0.0003
19.8204,IMM-UKF-LOS,smooth,0.500,10.00,0.050,0,0.600,1,6.6449,18.0314,11.3865,4.0156,0.3600,0.3600,0.0422,6.0000,6.9361,0.0091,1.2836,0.6192,-164.4420,-26.6406,-162.0484,-26.6414,-162.0484,-26.6414,-164.2032,-26.6185,-175.3499,-26.1609,2.3936,-0.0009,2.3936,-0.0009,0.2388,0.0221,186,0.1000,186,0,0.9465,0.0419,0.0117,-3.1742,-4.5990,0.4071,-1.0111,-5.9142,0.0000,1,0.1095,0.0408,19.7201,0.0019
19.8304,IMM-UKF-LOS,smooth,0.500,10.00,0.050,0,0.600,1,6.6515,18.0159,11.3644,4.0422,0.3600,0.3600,0.0423,6.0000,6.9361,0.0096,1.3869,0.6187,-164.6769,-26.6439,-162.0484,-26.6414,-162.0484,-26.6414,-164.4200,-26.6124,-175.5682,-26.1132,2.6285,0.0024,2.6285,0.0024,0.2569,0.0315,186,0.1100,186,0,0.9465,0.0419,0.0117,-3.1834,-4.7138,0.3331,-0.9904,-5.9177,0.0000,1,0.1095,0.0408,19.7201,0.0019
19.8404,IMM-UKF-LOS,smooth,0.500,10.00,0.050,0,0.600,1,6.6569,17.9981,11.3412,4.0691,0.3600,0.3600,0.0423,6.0000,6.9361,0.0100,1.4961,0.6183,-164.9113,-26.6455,-162.0484,-26.6414,-162.0484,-26.6414,-164.6354,-26.6045,-175.7864,-26.0614,2.8630,0.0040,2.8630,0.0040,0.2760,0.0410,186,0.1200,186,0,0.9465,0.0419,0.0117,-3.1917,-4.8270,0.2586,-0.9698,-5.9211,0.0000,1,0.1095,0.0408,19.7201,0.0019
19.8504,IMM-UKF-LOS,smooth,0.500,10.00,0.050,0,0.600,1,6.6611,17.9781,11.3170,4.0965,0.3600,0.3600,0.0424,6.0000,6.9361,0.0103,1.6110,0.6180,-165.1453,-26.6453,-162.0484,-26.6414,-162.0484,-26.6414,-164.8494,-26.5950,-176.0047,-26.0067,3.0969,0.0039,3.0969,0.0039,0.2959,0.0503,186,0.1300,186,0,0.9465,0.0419,0.0117,-3.1993,-4.9390,0.1841,-0.9491,-5.9245,0.0000,1,0.1095,0.0408,19.7201,0.0019
19.8604,IMM-UKF-LOS,smooth,0.500,10.00,0.050,0,0.600,1,6.6640,17.9557,11.2917,4.1241,0.3600,0.3600,0.0425,6.0000,6.9361,0.0104,1.7313,0.6179,-165.3789,-26.6433,-162.0484,-26.6414,-162.0484,-26.6414,-165.0621,-26.5839,-176.2232,-25.9500,3.3306,0.0019,3.3306,0.0019,0.3168,0.0594,186,0.1400,186,0,0.9465,0.0419,0.0117,-3.2061,-5.0499,0.1102,-0.9285,-5.9277,0.0000,1,0.1095,0.0408,19.7201,0.0019
19.8704,IMM-UKF-LOS,smooth,0.500,10.00,0.050,0,0.600,1,6.6657,17.9021,11.2365,3.9833,0.3600,0.3600,0.0426,6.0000,6.9495,0.0014,1.1225,0.6178,-165.6123,-26.6396,-164.4420,-26.6406,-164.4420,-26.6406,-165.4149,-26.5759,-176.7872,-25.8106,1.1703,-0.0009,1.1703,-0.0009,0.1974,0.0637,187,0.0500,187,0,0.9460,0.0432,0.0108,-3.2122,-5.1599,0.0371,-0.9078,-5.9309,0.0000,1,0.1095,0.0408,19.8223,0.0019
19.8804,IMM-UKF-LOS,smooth,0.500,10.00,0.050,0,0.600,1,6.6661,17.8877,11.2215,4.0088,0.3600,0.3600,0.0427,6.0000,6.9495,0.0014,1.1865,0.6179,-165.8454,-26.6342,-164.4420,-26.6406,-164.4420,-26.6406,-165.6369,-26.5665,-177.0121,-25.7556,1.4034,-0.0063,1.4034,-0.0063,0.2085,0.0678,187,0.0600,187,0,0.9460,0.0432,0.0108,-3.2177,-5.2692,-0.0347,-0.8871,-5.9341,0.0000,1,0.1095,0.0408,19.8223,0.0019
19.8904,IMM-UKF-LOS,smooth,0.500,10.00,0.050,0,0.600,1,6.6654,17.8710,11.2055,4.0346,0.3600,0.3600,0.0428,6.0000,6.9495,0.0012,1.2556,0.6180,-166.0784,-26.6272,-164.4420,-26.6406,-164.4420,-26.6406,-165.8577,-26.5559,-177.2373,-25.7009,1.6364,-0.0133,1.6364,-0.0133,0.2207,0.0713,187,0.0700,187,0,0.9460,0.0432,0.0108,-3.2225,-5.3779,-0.1049,-0.8664,-5.9371,0.0000,1,0.1095,0.0408,19.8223,0.0019
19.9004,IMM-UKF-LOS,smooth,0.500,10.00,0.050,0,0.600,1,6.6635,17.8520,11.1885,4.0607,0.3600,0.3600,0.0429,6.0000,6.9495,0.0009,1.3301,0.6183,-166.3114,-26.6188,-164.4420,-26.6406,-164.4420,-26.6406,-166.0771,-26.5444,-177.4630,-25.6473,1.8694,-0.0218,1.8694,-0.0218,0.2343,0.0744,187,0.0800,187,0,0.9460,0.0432,0.0108,-3.2268,-5.4862,-0.1731,-0.8458,-5.9401,0.0000,1,0.1095,0.0408,19.8223,0.0019
19.9104,IMM-UKF-LOS,smooth,0.500,10.00,0.050,0,0.600,1,6.6604,17.8309,11.1705,4.0872,0.3600,0.3600,0.0430,6.0000,6.9495,0.0006,1.4100,0.6187,-166.5444,-26.6091,-164.4420,-26.6406,-164.4420,-26.6406,-166.2953,-26.5321,-177.6891,-25.5959,2.1024,-0.0315,2.1024,-0.0315,0.2491,0.0769,187,0.0900,187,0,0.9460,0.0432,0.0108,-3.2306,-5.5942,-0.2389,-0.8251,-5.9430,0.0000,1,0.1095,0.0408,19.8223,0.0019
19.9204,IMM-UKF-LOS,smooth,0.500,10.00,0.050,0,0.600,1,6.6562,17.8077,11.1515,4.1139,0.3600,0.3600,0.0431,6.0000,6.9495,0.0005,1.4954,0.6192,-166.7775,-26.5983,-164.4420,-26.6406,-164.4420,-26.6406,-166.5122,-26.5196,-177.9158,-25.5477,2.3355,-0.0423,2.3355,-0.0423,0.2653,0.0787,187,0.1000,187,0,0.9460,0.0432,0.0108,-3.2339,-5.7022,-0.3020,-0.8044,-5.9458,0.0000,1,0.1095,0.0408,19.8223,0.0019
19.9304,IMM-UKF-LOS,smooth,0.500,10.00,0.050,0,0.600,1,6.6508,17.7824,11.1316,4.1410,0.3600,0.3600,0.0432,6.0000,6.9495,0.0009,1.5865,0.6198,-167.0108,-26.5866,-164.4420,-26.6406,-164.4420,-26.6406,-166.7280,-26.5071,-178.1433,-25.5042,2.5688,-0.0539,2.5688,-0.0539,0.2828,0.0795,187,0.1100,187,0,0.9460,0.0432,0.0108,-3.2367,-5.8102,-0.3616,-0.7837,-5.9486,0.0000,1,0.1144,0.0455,19.8223,-0.0001
19.9404,IMM-UKF-LOS,smooth,0.500,10.00,0.050,0,0.600,1,6.6443,17.7550,11.1107,4.1684,0.3600,0.3600,0.0433,6.0000,6.9495,0.0015,1.6833,0.6205,-167.2443,-26.5745,-164.4420,-26.6406,-164.4420,-26.6406,-166.9425,-26.4953,-178.3715,-25.4673,2.8023,-0.0661,2.8023,-0.0661,0.3018,0.0791,187,0.1200,187,0,0.9460,0.0432,0.0108,-3.2391,-5.9185,-0.4172,-0.7631,-5.9513,0.0000,1,0.1144,0.0455,19.8223,-0.0001
19.9504,IMM-UKF-LOS,smooth,0.500,10.00,0.050,0,0.600,1,6.6367,17.7257,11.0891,4.1962,0.3600,0.3600,0.0434,6.0000,6.9495,0.0023,1.7861,0.6213,-167.4781,-26.5622,-164.4420,-26.6406,-164.4420,-26.6406,-167.1558,-26.4850,-178.6008,-25.4396,3.0361,-0.0783,3.0361,-0.0783,0.3223,0.0772,187,0.1300,187,0,0.9460,0.0432,0.0108,-3.2411,-6.0273,-0.4676,-0.7424,-5.9539,0.0000,1,0.1144,0.0455,19.8223,-0.0001
19.9604,IMM-UKF-LOS,smooth,0.500,10.00,0.050,0,0.600,1,6.6280,17.6946,11.0666,4.2244,0.3600,0.3600,0.0435,6.0000,6.9495,0.0032,1.8947,0.6222,-167.7123,-26.5504,-164.4420,-26.6406,-164.4420,-26.6406,-167.3680,-26.4772,-178.8311,-25.4247,3.2703,-0.0902,3.2703,-0.0902,0.3444,0.0732,187,0.1400,187,0,0.9460,0.0432,0.0108,-3.2428,-6.1370,-0.5115,-0.7217,-5.9564,0.0000,1,0.1144,0.0455,19.8223,-0.0001
19.9704,IMM-UKF-LOS,smooth,0.500,10.00,0.050,0,0.600,1,6.6182,17.6618,11.0436,4.2529,0.3600,0.3600,0.0436,6.0000,6.9495,0.0042,2.0096,0.6232,-167.9470,-26.5397,-164.4420,-26.6406,-164.4420,-26.6406,-167.5790,-26.4736,-179.0628,-25.4278,3.5051,-0.1009,3.5051,-0.1009,0.3681,0.0660,187,0.1500,187,0,0.9460,0.0432,0.0108,-3.2441,-6.2478,-0.5467,-0.7010,-5.9589,0.0000,1,0.1144,0.0455,19.8223,-0.0001
19.9804,IMM-UKF-LOS,smooth,0.500,10.00,0.050,0,0.600,1,6.6074,17.5882,10.9808,4.1516,0.3600,0.3600,0.0437,6.0000,6.9239,0.0045,0.9776,0.6242,-168.1823,-26.5311,-167.0108,-26.5866,-167.0108,-26.5866,-168.0019,-26.5572,-179.9113,-25.7069,1.1715,-0.0555,1.1715,-0.0555,0.1803,-0.0261,188,0.0500,188,0,0.9493,0.0410,0.0097,-3.2453,-6.3598,-0.5696,-0.6803,-5.9613,0.0000,1,0.1144,0.0455,19.9302,-0.0001
19.9904,IMM-UKF-LOS,smooth,0.500,10.00,0.050,0,0.600,1,6.5957,17.5633,10.9675,4.1780,0.3600,0.3600,0.0438,6.0000,6.9239,0.0057,1.0436,0.6253,-168.4181,-26.5262,-167.0108,-26.5866,-167.0108,-26.5866,-168.2266,-26.5592,179.8425,-25.7656,1.4073,-0.0604,1.4073,-0.0604,0.1915,-0.0330,188,0.0600,188,0,0.9493,0.0410,0.0097,-3.2460,-6.4729,-0.5736,-0.6597,-5.9636,0.0000,1,0.1144,0.0455,19.9302,-0.0001
20.0004,IMM-UKF-LOS,smooth,0.500,10.00,0.050,0,0.600,1,6.5832,17.5377,10.9544,4.2048,0.3600,0.3600,0.0439,6.0000,6.9239,0.0068,1.1235,0.6264,-168.6546,-26.5275,-167.0108,-26.5866,-167.0108,-26.5866,-168.4502,-26.5704,179.5961,-25.8828,1.6438,-0.0591,1.6438,-0.0591,0.2044,-0.0429,188,0.0700,188,0,0.9493,0.0410,0.0097,-3.2459,-6.5837,-0.5447,-0.6390,-5.9659,0.0000,1,0.1144,0.0455,19.9302,-0.0001
